"Порядковый номер";"Приоритет конкурса";"Наличие договора";"Сумма баллов";"Баллы за ВИ";"Баллы за ИД";"Статус";"Код поступающего";"Дата выбора конкурсной группы по Москве"
1;2;"—";301;"Без вступительных испытаний";3;"Участвуете в конкурсе";1610897;"04.07.2026 в 14:37"
2;2;"—";291;"Без вступительных испытаний";3;"Участвуете в конкурсе";1336204;"30.06.2026 в 15:22"
3;1;"—";290;"Без вступительных испытаний";3;"Участвуете в конкурсе";982385;"17.07.2026 в 15:46"
4;1;"—";287;"Без вступительных испытаний";0;"Участвуете в конкурсе";1506056;"08.07.2026 в 22:56"
5;1;"—";287;"Без вступительных испытаний";3;"Участвуете в конкурсе";1958877;"10.07.2026 в 19:24"
6;2;"—";286;"Без вступительных испытаний";0;"Участвуете в конкурсе";997559;"21.06.2026 в 16:04"
7;1;"Да";286;"Без вступительных испытаний";3;"Участвуете в конкурсе";1275974;"29.06.2026 в 21:57"
8;2;"—";286;"Без вступительных испытаний";3;"Участвуете в конкурсе";1580586;"03.07.2026 в 20:41"
9;2;"—";286;"Без вступительных испытаний";3;"Участвуете в конкурсе";1964050;"11.07.2026 в 00:12"
10;2;"—";285;"Без вступительных испытаний";0;"Участвуете в конкурсе";1906677;"09.07.2026 в 19:00"
11;1;"—";285;"Без вступительных испытаний";3;"Участвуете в конкурсе";1497655;"03.07.2026 в 18:38"
12;2;"—";285;"Без вступительных испытаний";3;"Участвуете в конкурсе";1521794;"03.07.2026 в 01:33"
13;2;"—";285;"Без вступительных испытаний";3;"Участвуете в конкурсе";1594818;"04.07.2026 в 10:47"
14;1;"Да";285;"Без вступительных испытаний";3;"Участвуете в конкурсе";1620003;"04.07.2026 в 18:30"
15;2;"—";284;"Без вступительных испытаний";3;"Участвуете в конкурсе";1465451;"02.07.2026 в 11:17"
16;1;"—";284;"Без вступительных испытаний";3;"Участвуете в конкурсе";1525117;"11.07.2026 в 12:11"
17;1;"—";284;"Без вступительных испытаний";3;"Участвуете в конкурсе";1572722;"28.07.2026 в 17:08"
18;2;"—";284;"Без вступительных испытаний";3;"Участвуете в конкурсе";1594381;"04.07.2026 в 10:08"
19;2;"—";283;"Без вступительных испытаний";0;"Участвуете в конкурсе";954840;"27.06.2026 в 18:45"
20;1;"—";283;"Без вступительных испытаний";3;"Участвуете в конкурсе";2353961;"22.07.2026 в 12:26"
21;1;"—";282;"Без вступительных испытаний";0;"Участвуете в конкурсе";1936799;"10.07.2026 в 12:48"
22;1;"—";281;"Без вступительных испытаний";3;"Участвуете в конкурсе";1568220;"03.07.2026 в 18:24"
23;1;"—";281;"Без вступительных испытаний";3;"Участвуете в конкурсе";1646923;"05.07.2026 в 18:33"
24;2;"—";280;"Без вступительных испытаний";0;"Участвуете в конкурсе";1261022;"29.06.2026 в 21:44"
25;2;"—";280;"Без вступительных испытаний";0;"Участвуете в конкурсе";1808030;"08.07.2026 в 09:54"
26;1;"—";280;"Без вступительных испытаний";3;"Участвуете в конкурсе";1284179;"29.06.2026 в 22:02"
27;2;"—";279;"Без вступительных испытаний";0;"Участвуете в конкурсе";1444380;"01.07.2026 в 23:47"
28;1;"—";279;"Без вступительных испытаний";0;"Участвуете в конкурсе";1836771;"08.07.2026 в 15:20"
29;2;"—";279;"Без вступительных испытаний";3;"Участвуете в конкурсе";1069956;"23.06.2026 в 17:11"
30;1;"—";279;"Без вступительных испытаний";3;"Участвуете в конкурсе";1174401;"10.07.2026 в 12:10"
31;2;"—";279;"Без вступительных испытаний";3;"Участвуете в конкурсе";1364621;"30.06.2026 в 23:02"
32;2;"—";278;"Без вступительных испытаний";0;"Участвуете в конкурсе";1928200;"10.07.2026 в 10:59"
33;2;"—";278;"Без вступительных испытаний";3;"Участвуете в конкурсе";1625117;"04.07.2026 в 21:46"
34;1;"—";277;"Без вступительных испытаний";3;"Участвуете в конкурсе";1261597;"29.06.2026 в 21:45"
35;2;"—";274;"Без вступительных испытаний";0;"Участвуете в конкурсе";1333545;"30.06.2026 в 15:19"
36;2;"—";274;"Без вступительных испытаний";0;"Участвуете в конкурсе";1350406;"02.07.2026 в 08:29"
37;1;"—";274;"Без вступительных испытаний";0;"Участвуете в конкурсе";1761482;"18.07.2026 в 19:56"
38;2;"—";274;"Без вступительных испытаний";3;"Участвуете в конкурсе";1153472;"26.06.2026 в 21:49"
39;2;"—";274;"Без вступительных испытаний";3;"Участвуете в конкурсе";1773562;"07.07.2026 в 15:17"
40;2;"—";274;"Без вступительных испытаний";3;"Участвуете в конкурсе";2337665;"21.07.2026 в 18:13"
41;1;"—";273;"Без вступительных испытаний";3;"Участвуете в конкурсе";1364936;"30.06.2026 в 23:13"
42;2;"—";272;"Без вступительных испытаний";0;"Участвуете в конкурсе";1699093;"11.07.2026 в 14:25"
43;2;"—";272;"Без вступительных испытаний";3;"Участвуете в конкурсе";1602723;"04.07.2026 в 12:16"
44;1;"—";272;"Без вступительных испытаний";3;"Участвуете в конкурсе";1904983;"09.07.2026 в 18:15"
45;2;"—";271;"Без вступительных испытаний";0;"Участвуете в конкурсе";1287544;"29.06.2026 в 22:20"
46;2;"—";271;"Без вступительных испытаний";0;"Участвуете в конкурсе";1935700;"10.07.2026 в 12:34"
47;2;"—";271;"Без вступительных испытаний";0;"Участвуете в конкурсе";2003201;"12.07.2026 в 20:52"
48;2;"—";271;"Без вступительных испытаний";3;"Участвуете в конкурсе";1252477;"29.06.2026 в 21:32"
49;2;"—";269;"Без вступительных испытаний";0;"Участвуете в конкурсе";1002321;"21.06.2026 в 20:33"
50;1;"Да";269;"Без вступительных испытаний";3;"Участвуете в конкурсе";1075658;"09.07.2026 в 13:12"
51;2;"—";269;"Без вступительных испытаний";3;"Участвуете в конкурсе";1788366;"11.07.2026 в 21:46"
52;2;"—";269;"Без вступительных испытаний";3;"Участвуете в конкурсе";1914040;"09.07.2026 в 22:54"
53;2;"—";269;"Без вступительных испытаний";3;"Участвуете в конкурсе";2138003;"15.07.2026 в 19:55"
54;2;"—";268;"Без вступительных испытаний";0;"Участвуете в конкурсе";1508878;"24.07.2026 в 13:06"
55;2;"—";268;"Без вступительных испытаний";0;"Участвуете в конкурсе";1641722;"05.07.2026 в 16:02"
56;1;"—";268;"Без вступительных испытаний";0;"Участвуете в конкурсе";1857391;"08.07.2026 в 22:43"
57;2;"—";268;"Без вступительных испытаний";3;"Участвуете в конкурсе";1186716;"28.06.2026 в 10:43"
58;1;"—";268;"Без вступительных испытаний";3;"Участвуете в конкурсе";1328984;"30.06.2026 в 14:24"
59;2;"—";268;"Без вступительных испытаний";3;"Участвуете в конкурсе";1977578;"11.07.2026 в 13:55"
60;2;"—";267;"Без вступительных испытаний";3;"Участвуете в конкурсе";1291410;"30.06.2026 в 00:14"
61;2;"—";267;"Без вступительных испытаний";3;"Участвуете в конкурсе";1640345;"05.07.2026 в 15:25"
62;1;"—";267;"Без вступительных испытаний";3;"Участвуете в конкурсе";1867859;"28.07.2026 в 21:29"
63;1;"—";266;"Без вступительных испытаний";0;"Участвуете в конкурсе";1198544;"28.06.2026 в 15:50"
64;2;"—";266;"Без вступительных испытаний";0;"Участвуете в конкурсе";2101357;"15.07.2026 в 00:35"
65;1;"—";265;"Без вступительных испытаний";0;"Участвуете в конкурсе";1561580;"03.07.2026 в 17:56"
66;2;"—";265;"Без вступительных испытаний";3;"Участвуете в конкурсе";946916;"21.06.2026 в 12:03"
67;2;"—";265;"Без вступительных испытаний";3;"Участвуете в конкурсе";2220232;"17.07.2026 в 17:28"
68;2;"—";264;"Без вступительных испытаний";0;"Участвуете в конкурсе";2133580;"25.07.2026 в 13:34"
69;1;"—";264;"Без вступительных испытаний";3;"Участвуете в конкурсе";2217228;"17.07.2026 в 16:26"
70;2;"—";262;"Без вступительных испытаний";0;"Участвуете в конкурсе";1102188;"06.07.2026 в 11:49"
71;1;"—";262;"Без вступительных испытаний";3;"Участвуете в конкурсе";2089189;"14.07.2026 в 16:37"
72;1;"—";262;"Без вступительных испытаний";3;"Участвуете в конкурсе";2142803;"16.07.2026 в 00:21"
73;1;"Да";261;"Без вступительных испытаний";3;"Участвуете в конкурсе";1002521;"21.06.2026 в 20:47"
74;2;"—";261;"Без вступительных испытаний";3;"Участвуете в конкурсе";1359565;"30.06.2026 в 21:05"
75;1;"—";261;"Без вступительных испытаний";3;"Участвуете в конкурсе";2044439;"13.07.2026 в 16:53"
76;2;"—";260;"Без вступительных испытаний";0;"Участвуете в конкурсе";1998220;"14.07.2026 в 00:14"
77;2;"—";260;"Без вступительных испытаний";0;"Участвуете в конкурсе";2174544;"16.07.2026 в 18:18"
78;2;"—";259;"Без вступительных испытаний";0;"Участвуете в конкурсе";1272777;"05.07.2026 в 22:20"
79;2;"—";259;"Без вступительных испытаний";3;"Участвуете в конкурсе";1724109;"11.07.2026 в 13:38"
80;1;"—";258;"Без вступительных испытаний";0;"Участвуете в конкурсе";1956534;"10.07.2026 в 18:02"
81;2;"—";258;"Без вступительных испытаний";0;"Участвуете в конкурсе";2230689;"18.07.2026 в 01:54"
82;1;"Да";257;"Без вступительных испытаний";0;"Участвуете в конкурсе";1061551;"23.06.2026 в 14:00"
83;1;"Да";257;"Без вступительных испытаний";0;"Участвуете в конкурсе";1283423;"29.06.2026 в 22:01"
84;2;"—";257;"Без вступительных испытаний";3;"Участвуете в конкурсе";977891;"20.06.2026 в 17:27"
85;1;"Да";257;"Без вступительных испытаний";3;"Участвуете в конкурсе";1254672;"29.06.2026 в 21:35"
86;1;"Да";257;"Без вступительных испытаний";3;"Участвуете в конкурсе";1969392;"11.07.2026 в 10:21"
87;2;"—";256;"Без вступительных испытаний";0;"Участвуете в конкурсе";1048827;"21.07.2026 в 10:59"
88;1;"—";256;"Без вступительных испытаний";3;"Участвуете в конкурсе";1147060;"12.07.2026 в 00:11"
89;2;"—";256;"Без вступительных испытаний";3;"Участвуете в конкурсе";2074743;"14.07.2026 в 12:50"
90;1;"Да";255;"Без вступительных испытаний";3;"Участвуете в конкурсе";1213572;"28.06.2026 в 22:52"
91;2;"—";255;"Без вступительных испытаний";3;"Участвуете в конкурсе";1654607;"05.07.2026 в 23:18"
92;2;"—";254;"Без вступительных испытаний";0;"Участвуете в конкурсе";1178928;"27.06.2026 в 20:46"
93;2;"—";254;"Без вступительных испытаний";0;"Участвуете в конкурсе";1948302;"25.07.2026 в 16:51"
94;1;"—";254;"Без вступительных испытаний";3;"Участвуете в конкурсе";1072545;"23.06.2026 в 18:54"
95;1;"—";254;"Без вступительных испытаний";3;"Участвуете в конкурсе";1439865;"01.07.2026 в 21:51"
96;2;"—";253;"Без вступительных испытаний";0;"Участвуете в конкурсе";1260541;"29.06.2026 в 21:43"
97;1;"—";253;"Без вступительных испытаний";0;"Участвуете в конкурсе";1798801;"08.07.2026 в 00:43"
98;2;"—";253;"Без вступительных испытаний";3;"Участвуете в конкурсе";1547850;"03.07.2026 в 16:46"
99;1;"Да";252;"Без вступительных испытаний";0;"Участвуете в конкурсе";1097029;"24.06.2026 в 15:19"
100;1;"—";251;"Без вступительных испытаний";0;"Участвуете в конкурсе";1910474;"09.07.2026 в 20:52"
101;1;"—";251;"Без вступительных испытаний";3;"Участвуете в конкурсе";1492032;"02.07.2026 в 15:21"
102;2;"—";251;"Без вступительных испытаний";3;"Участвуете в конкурсе";1611704;"10.07.2026 в 12:45"
103;1;"—";250;"Без вступительных испытаний";0;"Участвуете в конкурсе";1586617;"04.07.2026 в 00:45"
104;1;"Да";250;"Без вступительных испытаний";3;"Участвуете в конкурсе";2066440;"14.07.2026 в 10:48"
105;1;"—";249;"Без вступительных испытаний";3;"Участвуете в конкурсе";1083968;"24.06.2026 в 10:17"
106;1;"—";248;"Без вступительных испытаний";0;"Участвуете в конкурсе";1204439;"28.06.2026 в 18:20"
107;1;"—";248;"Без вступительных испытаний";0;"Участвуете в конкурсе";1366772;"01.07.2026 в 00:29"
108;1;"Да";247;"Без вступительных испытаний";3;"Участвуете в конкурсе";1104915;"24.06.2026 в 20:52"
109;2;"—";247;"Без вступительных испытаний";3;"Участвуете в конкурсе";2101148;"15.07.2026 в 00:13"
110;2;"—";246;"Без вступительных испытаний";0;"Участвуете в конкурсе";1158256;"26.06.2026 в 23:02"
111;1;"—";246;"Без вступительных испытаний";0;"Участвуете в конкурсе";1521478;"06.07.2026 в 15:23"
112;2;"—";245;"Без вступительных испытаний";0;"Участвуете в конкурсе";992451;"21.06.2026 в 12:06"
113;2;"—";244;"Без вступительных испытаний";0;"Участвуете в конкурсе";1993390;"12.07.2026 в 12:44"
114;1;"—";244;"Без вступительных испытаний";3;"Участвуете в конкурсе";1280975;"29.06.2026 в 22:00"
115;2;"—";244;"Без вступительных испытаний";3;"Участвуете в конкурсе";1917288;"10.07.2026 в 05:16"
116;1;"—";243;"Без вступительных испытаний";0;"Участвуете в конкурсе";992381;"21.06.2026 в 12:03"
117;2;"—";243;"Без вступительных испытаний";0;"Участвуете в конкурсе";2035303;"20.07.2026 в 17:27"
118;1;"Да";243;"Без вступительных испытаний";3;"Участвуете в конкурсе";1303324;"01.07.2026 в 02:08"
119;2;"—";242;"Без вступительных испытаний";0;"Участвуете в конкурсе";1043383;"02.07.2026 в 17:26"
120;2;"—";242;"Без вступительных испытаний";0;"Участвуете в конкурсе";1086653;"24.06.2026 в 11:21"
121;1;"—";241;"Без вступительных испытаний";3;"Участвуете в конкурсе";1911646;"09.07.2026 в 21:30"
122;1;"—";241;"Без вступительных испытаний";3;"Участвуете в конкурсе";2035454;"13.07.2026 в 14:37"
123;1;"—";241;"Без вступительных испытаний";3;"Участвуете в конкурсе";2193514;"17.07.2026 в 10:29"
124;1;"Да";240;"Без вступительных испытаний";0;"Участвуете в конкурсе";1153591;"26.06.2026 в 17:15"
125;1;"Да";240;"Без вступительных испытаний";3;"Участвуете в конкурсе";1066272;"23.06.2026 в 15:38"
126;2;"—";240;"Без вступительных испытаний";3;"Участвуете в конкурсе";1412769;"02.07.2026 в 15:30"
127;1;"—";240;"Без вступительных испытаний";3;"Участвуете в конкурсе";1427156;"01.07.2026 в 18:02"
128;1;"—";240;"Без вступительных испытаний";3;"Участвуете в конкурсе";1991710;"12.07.2026 в 11:09"
129;2;"—";239;"Без вступительных испытаний";3;"Участвуете в конкурсе";1352334;"30.06.2026 в 18:47"
130;2;"—";238;"Без вступительных испытаний";0;"Участвуете в конкурсе";1176479;"27.06.2026 в 18:47"
131;2;"—";238;"Без вступительных испытаний";0;"Участвуете в конкурсе";1290131;"29.06.2026 в 23:20"
132;2;"—";237;"Без вступительных испытаний";0;"Участвуете в конкурсе";1068710;"23.06.2026 в 16:40"
133;2;"—";237;"Без вступительных испытаний";0;"Участвуете в конкурсе";1155428;"26.06.2026 в 19:00"
134;1;"—";237;"Без вступительных испытаний";0;"Участвуете в конкурсе";2343206;"21.07.2026 в 22:48"
135;1;"Да";237;"Без вступительных испытаний";3;"Участвуете в конкурсе";1346157;"30.06.2026 в 17:10"
136;2;"—";237;"Без вступительных испытаний";3;"Участвуете в конкурсе";1438678;"01.07.2026 в 21:27"
137;2;"—";236;"Без вступительных испытаний";0;"Участвуете в конкурсе";958519;"21.06.2026 в 01:49"
138;1;"—";236;"Без вступительных испытаний";0;"Участвуете в конкурсе";1539121;"21.07.2026 в 10:24"
139;1;"Да";235;"Без вступительных испытаний";0;"Участвуете в конкурсе";1120458;"28.06.2026 в 17:48"
140;1;"Да";233;"Без вступительных испытаний";3;"Участвуете в конкурсе";996967;"21.06.2026 в 15:36"
141;1;"—";231;"Без вступительных испытаний";0;"Участвуете в конкурсе";1939002;"10.07.2026 в 13:18"
142;2;"—";230;"Без вступительных испытаний";0;"Участвуете в конкурсе";2073130;"14.07.2026 в 12:25"
143;2;"—";228;"Без вступительных испытаний";3;"Участвуете в конкурсе";1102468;"09.07.2026 в 15:32"
144;2;"—";226;"Без вступительных испытаний";0;"Участвуете в конкурсе";1571847;"03.07.2026 в 18:39"
145;2;"—";226;"Без вступительных испытаний";0;"Участвуете в конкурсе";1579316;"09.07.2026 в 15:38"
146;1;"—";226;"Без вступительных испытаний";0;"Участвуете в конкурсе";1974206;"11.07.2026 в 12:21"
147;2;"—";224;"Без вступительных испытаний";0;"Участвуете в конкурсе";2183246;"16.07.2026 в 23:59"
148;1;"—";219;"Без вступительных испытаний";0;"Участвуете в конкурсе";2182382;"16.07.2026 в 23:19"
149;1;"—";218;"Без вступительных испытаний";0;"Участвуете в конкурсе";1173548;"27.06.2026 в 16:45"
150;1;"—";216;"Без вступительных испытаний";3;"Участвуете в конкурсе";2263547;"19.07.2026 в 15:32"
151;1;"—";215;"Без вступительных испытаний";0;"Участвуете в конкурсе";1935728;"25.07.2026 в 00:26"
152;2;"—";211;"Без вступительных испытаний";0;"Участвуете в конкурсе";1793018;"07.07.2026 в 21:05"
153;1;"—";209;"Без вступительных испытаний";0;"Участвуете в конкурсе";1497987;"02.07.2026 в 16:23"
154;2;"—";205;"Без вступительных испытаний";0;"Участвуете в конкурсе";2181060;"17.07.2026 в 11:54"
155;2;"—";199;"Без вступительных испытаний";0;"Участвуете в конкурсе";2217958;"17.07.2026 в 16:40"
156;2;"—";197;"Без вступительных испытаний";3;"Участвуете в конкурсе";2252835;"21.07.2026 в 10:25"
157;1;"—";193;"Без вступительных испытаний";0;"Участвуете в конкурсе";1043414;"22.06.2026 в 23:13"
158;1;"Да";192;"Без вступительных испытаний";3;"Участвуете в конкурсе";1279184;"29.06.2026 в 21:59"
159;1;"—";189;"Без вступительных испытаний";3;"Участвуете в конкурсе";1640624;"10.07.2026 в 17:19"
160;1;"Да";186;"Без вступительных испытаний";3;"Участвуете в конкурсе";958257;"20.06.2026 в 11:42"
161;2;"—";186;"Без вступительных испытаний";3;"Участвуете в конкурсе";1556916;"07.07.2026 в 22:12"
162;1;"—";184;"Без вступительных испытаний";0;"Участвуете в конкурсе";2004815;"12.07.2026 в 22:29"
163;1;"—";184;"Без вступительных испытаний";3;"Участвуете в конкурсе";1063548;"23.06.2026 в 14:40"
164;1;"—";184;"Без вступительных испытаний";3;"Участвуете в конкурсе";1171459;"27.06.2026 в 15:17"
165;1;"—";183;"Без вступительных испытаний";3;"Участвуете в конкурсе";1074883;"23.07.2026 в 21:55"
166;1;"—";183;"Без вступительных испытаний";3;"Участвуете в конкурсе";1262192;"29.06.2026 в 21:46"
167;2;"—";182;"Без вступительных испытаний";3;"Участвуете в конкурсе";1090186;"24.06.2026 в 12:42"
168;1;"—";181;"Без вступительных испытаний";0;"Участвуете в конкурсе";1180474;"14.07.2026 в 15:58"
169;1;"—";181;"Без вступительных испытаний";3;"Участвуете в конкурсе";1214137;"28.06.2026 в 23:17"
170;1;"—";180;"Без вступительных испытаний";3;"Участвуете в конкурсе";1465998;"18.07.2026 в 16:18"
171;2;"—";178;"Без вступительных испытаний";3;"Участвуете в конкурсе";2394505;"24.07.2026 в 01:28"
172;2;"—";177;"Без вступительных испытаний";0;"Участвуете в конкурсе";1063295;"23.06.2026 в 14:35"
173;1;"—";177;"Без вступительных испытаний";0;"Участвуете в конкурсе";1553911;"03.07.2026 в 17:16"
174;1;"—";175;"Без вступительных испытаний";0;"Участвуете в конкурсе";1706008;"06.07.2026 в 16:27"
175;1;"—";174;"Без вступительных испытаний";0;"Участвуете в конкурсе";1882590;"09.07.2026 в 12:54"
176;1;"Да";173;"Без вступительных испытаний";0;"Участвуете в конкурсе";1119127;"25.06.2026 в 20:56"
177;1;"—";172;"Без вступительных испытаний";0;"Участвуете в конкурсе";1363316;"30.06.2026 в 22:28"
178;1;"—";172;"Без вступительных испытаний";0;"Участвуете в конкурсе";1605074;"04.07.2026 в 12:52"
179;1;"—";172;"Без вступительных испытаний";0;"Участвуете в конкурсе";2426353;"25.07.2026 в 17:24"
180;1;"—";171;"Без вступительных испытаний";3;"Участвуете в конкурсе";1913291;"21.07.2026 в 15:32"
181;1;"—";170;"Без вступительных испытаний";0;"Участвуете в конкурсе";981655;"20.06.2026 в 19:52"
182;1;"—";170;"Без вступительных испытаний";0;"Участвуете в конкурсе";1510859;"24.07.2026 в 19:23"
183;1;"—";169;"Без вступительных испытаний";3;"Участвуете в конкурсе";1562514;"03.07.2026 в 18:00"
184;1;"—";168;"Без вступительных испытаний";3;"Участвуете в конкурсе";1486200;"24.07.2026 в 18:13"
185;1;"—";167;"Без вступительных испытаний";0;"Участвуете в конкурсе";1609494;"05.07.2026 в 15:10"
186;1;"—";167;"Без вступительных испытаний";0;"Участвуете в конкурсе";2386812;"23.07.2026 в 16:32"
187;2;"—";166;"Без вступительных испытаний";3;"Участвуете в конкурсе";1688725;"06.07.2026 в 13:14"
188;2;"—";166;"Без вступительных испытаний";3;"Участвуете в конкурсе";2263869;"19.07.2026 в 15:46"
189;1;"—";166;"Без вступительных испытаний";3;"Участвуете в конкурсе";2325890;"21.07.2026 в 12:45"
190;1;"—";165;"Без вступительных испытаний";0;"Участвуете в конкурсе";2426462;"25.07.2026 в 17:37"
191;1;"Да";164;"Без вступительных испытаний";0;"Участвуете в конкурсе";1909940;"09.07.2026 в 20:36"
192;2;"—";162;"Без вступительных испытаний";0;"Участвуете в конкурсе";1097812;"24.06.2026 в 15:40"
193;1;"—";162;"Без вступительных испытаний";3;"Участвуете в конкурсе";1968387;"11.07.2026 в 09:52"
194;2;"—";161;"Без вступительных испытаний";0;"Участвуете в конкурсе";1133221;"25.06.2026 в 23:08"
195;1;"—";161;"Без вступительных испытаний";0;"Участвуете в конкурсе";1471397;"20.07.2026 в 19:39"
196;1;"—";157;"Без вступительных испытаний";3;"Участвуете в конкурсе";1917322;"10.07.2026 в 05:20"
197;1;"—";156;"Без вступительных испытаний";0;"Участвуете в конкурсе";1975998;"11.07.2026 в 13:08"
198;1;"—";154;"Без вступительных испытаний";0;"Участвуете в конкурсе";1238345;"29.06.2026 в 21:16"
199;1;"—";154;"Без вступительных испытаний";3;"Участвуете в конкурсе";999892;"21.06.2026 в 18:06"
200;1;"—";154;"Без вступительных испытаний";3;"На рассмотрении";1983154;"11.07.2026 в 17:32"
201;1;"—";154;"Без вступительных испытаний";3;"Участвуете в конкурсе";2248710;"28.07.2026 в 13:11"
202;2;"—";153;"Без вступительных испытаний";0;"Участвуете в конкурсе";1854458;"08.07.2026 в 21:08"
203;1;"Да";150;"Без вступительных испытаний";0;"Участвуете в конкурсе";1085528;"24.06.2026 в 10:55"
204;1;"Да";149;"Без вступительных испытаний";0;"Участвуете в конкурсе";1077275;"23.06.2026 в 23:08"
205;1;"—";148;"Без вступительных испытаний";0;"Участвуете в конкурсе";2394817;"24.07.2026 в 02:52"
206;1;"—";147;"Без вступительных испытаний";0;"Участвуете в конкурсе";2366109;"22.07.2026 в 19:05"
207;1;"—";142;"Без вступительных испытаний";0;"Участвуете в конкурсе";2386829;"23.07.2026 в 16:33"
208;1;"Да";138;"Без вступительных испытаний";3;"Участвуете в конкурсе";1016263;"22.06.2026 в 10:58"
209;2;"—";137;"Без вступительных испытаний";0;"Участвуете в конкурсе";1353821;"30.06.2026 в 19:14"
210;1;"—";125;"Без вступительных испытаний";0;"Участвуете в конкурсе";1002732;"21.06.2026 в 20:59"
211;2;"—";124;"Без вступительных испытаний";0;"Участвуете в конкурсе";1902109;"09.07.2026 в 17:11"
212;1;"Да";123;"Без вступительных испытаний";0;"Участвуете в конкурсе";1423162;"02.07.2026 в 15:09"
213;1;"—";94;"Без вступительных испытаний";3;"Участвуете в конкурсе";957202;"20.06.2026 в 11:30"
214;1;"Да";92;"Без вступительных испытаний";3;"Участвуете в конкурсе";961773;"20.06.2026 в 12:22"
215;1;"—";92;"Без вступительных испытаний";3;"Участвуете в конкурсе";975295;"20.06.2026 в 17:38"
216;1;"—";89;"Без вступительных испытаний";3;"Участвуете в конкурсе";1630641;"11.07.2026 в 09:34"
217;2;"—";84;"Без вступительных испытаний";3;"Участвуете в конкурсе";1090182;"24.06.2026 в 12:42"
218;1;"—";84;"Без вступительных испытаний";3;"Участвуете в конкурсе";2265092;"19.07.2026 в 16:39"
219;1;"Да";81;"Без вступительных испытаний";3;"Участвуете в конкурсе";1287635;"29.06.2026 в 22:56"
220;1;"—";81;"Без вступительных испытаний";3;"Участвуете в конкурсе";1474243;"04.07.2026 в 20:15"
221;1;"—";73;"Без вступительных испытаний";0;"Участвуете в конкурсе";1497035;"07.07.2026 в 15:54"
222;2;"—";73;"Без вступительных испытаний";0;"Участвуете в конкурсе";1516337;"02.07.2026 в 21:38"
223;1;"Да";72;"Без вступительных испытаний";0;"Участвуете в конкурсе";1215759;"29.06.2026 в 01:16"
224;1;"Да";67;"Без вступительных испытаний";3;"Участвуете в конкурсе";1585167;"03.07.2026 в 23:15"
225;1;"—";66;"Без вступительных испытаний";3;"Участвуете в конкурсе";1443021;"01.07.2026 в 23:05"
226;2;"—";306;"100 100 100";6;"Участвуете в конкурсе";2336857;"24.07.2026 в 22:59"
227;2;"—";304;"98 100 100";6;"Участвуете в конкурсе";1723409;"06.07.2026 в 20:26"
228;2;"—";301;"100 98 100";3;"Участвуете в конкурсе";1169663;"27.06.2026 в 14:40"
229;2;"—";301;"98 100 100";3;"Участвуете в конкурсе";1981115;"25.07.2026 в 12:06"
230;2;"—";301;"98 100 97";6;"Участвуете в конкурсе";1287216;"29.06.2026 в 22:19"
231;2;"—";300;"99 98 100";3;"Участвуете в конкурсе";1312784;"24.07.2026 в 13:02"
232;2;"—";298;"100 95 100";3;"Участвуете в конкурсе";1288373;"29.06.2026 в 22:30"
233;2;"—";298;"100 98 97";3;"Участвуете в конкурсе";1455709;"18.07.2026 в 11:13"
234;1;"—";298;"100 98 94";6;"Участвуете в конкурсе";1412978;"01.07.2026 в 15:15"
235;2;"—";297;"99 98 97";3;"Участвуете в конкурсе";984462;"25.07.2026 в 16:30"
236;1;"—";297;"97 100 97";3;"Участвуете в конкурсе";1489164;"02.07.2026 в 14:53"
237;2;"—";297;"100 100 94";3;"Участвуете в конкурсе";2310015;"22.07.2026 в 21:05"
238;2;"—";296;"95 98 100";3;"Участвуете в конкурсе";2041055;"19.07.2026 в 18:46"
239;2;"—";296;"95 98 100";3;"Участвуете в конкурсе";2172463;"20.07.2026 в 22:55"
240;2;"—";295;"100 98 97";0;"Участвуете в конкурсе";1275427;"11.07.2026 в 13:25"
241;2;"—";295;"100 95 97";3;"Участвуете в конкурсе";1642332;"05.07.2026 в 16:19"
242;2;"—";295;"100 98 94";3;"Участвуете в конкурсе";1732497;"14.07.2026 в 00:46"
243;2;"—";295;"100 95 97";3;"Участвуете в конкурсе";1903908;"24.07.2026 в 09:30"
244;1;"—";294;"99 95 94";6;"Участвуете в конкурсе";2035659;"13.07.2026 в 14:41"
245;2;"—";293;"96 100 94";3;"Участвуете в конкурсе";1101401;"01.07.2026 в 09:42"
246;2;"—";293;"100 90 100";3;"Участвуете в конкурсе";1189627;"28.06.2026 в 12:17"
247;2;"—";293;"98 98 94";3;"Участвуете в конкурсе";1816707;"08.07.2026 в 11:40"
248;2;"—";293;"95 98 94";6;"Участвуете в конкурсе";1603179;"13.07.2026 в 12:31"
249;2;"—";293;"92 98 97";6;"На рассмотрении";2211652;"17.07.2026 в 14:57"
250;2;"—";293;"100 93 94";6;"Участвуете в конкурсе";2235517;"18.07.2026 в 11:04"
251;2;"—";292;"100 98 94";0;"Участвуете в конкурсе";1437400;"01.07.2026 в 21:03"
252;1;"—";292;"94 98 100";0;"На рассмотрении";1443740;"01.07.2026 в 23:25"
253;2;"—";292;"97 98 97";0;"Участвуете в конкурсе";2006503;"13.07.2026 в 01:14"
254;2;"—";292;"97 98 94";3;"Участвуете в конкурсе";967638;"20.06.2026 в 13:41"
255;2;"—";292;"97 98 94";3;"Участвуете в конкурсе";1181129;"27.06.2026 в 23:01"
256;1;"Да";292;"97 95 97";3;"Участвуете в конкурсе";1237239;"29.06.2026 в 21:15"
257;1;"—";292;"100 98 91";3;"Участвуете в конкурсе";1323805;"30.06.2026 в 13:28"
258;2;"—";292;"100 100 89";3;"Участвуете в конкурсе";2246233;"18.07.2026 в 15:49"
259;2;"—";291;"99 98 94";0;"Участвуете в конкурсе";1462031;"20.07.2026 в 21:50"
260;2;"—";291;"99 95 94";3;"Участвуете в конкурсе";1075221;"23.06.2026 в 21:04"
261;2;"—";291;"96 95 97";3;"Участвуете в конкурсе";1573815;"03.07.2026 в 18:49"
262;2;"—";290;"98 98 94";0;"Участвуете в конкурсе";1708207;"06.07.2026 в 16:48"
263;2;"—";290;"100 98 89";3;"Участвуете в конкурсе";1094488;"24.06.2026 в 14:20"
264;2;"—";290;"100 93 94";3;"Участвуете в конкурсе";1180368;"27.06.2026 в 22:10"
265;2;"—";290;"98 98 91";3;"Участвуете в конкурсе";1265953;"29.06.2026 в 21:51"
266;2;"—";290;"92 98 97";3;"Участвуете в конкурсе";1362617;"30.06.2026 в 22:12"
267;1;"—";290;"95 98 94";3;"Участвуете в конкурсе";1586881;"04.07.2026 в 01:24"
268;1;"—";290;"100 90 97";3;"Участвуете в конкурсе";1619957;"04.07.2026 в 18:28"
269;2;"—";290;"97 93 97";3;"Участвуете в конкурсе";1793334;"07.07.2026 в 21:14"
270;2;"—";290;"100 95 89";6;"Участвуете в конкурсе";2181594;"16.07.2026 в 22:47"
271;1;"—";290;"94 93 97";6;"Участвуете в конкурсе";2393249;"23.07.2026 в 23:04"
272;2;"—";289;"100 95 94";0;"Участвуете в конкурсе";1105085;"05.07.2026 в 11:57"
273;2;"—";289;"99 93 97";0;"Участвуете в конкурсе";1441150;"01.07.2026 в 22:19"
274;2;"—";289;"94 98 97";0;"Участвуете в конкурсе";1514024;"02.07.2026 в 20:48"
275;2;"—";289;"99 98 89";3;"Участвуете в конкурсе";1061445;"23.06.2026 в 13:58"
276;2;"—";289;"100 95 91";3;"Участвуете в конкурсе";1235083;"15.07.2026 в 13:51"
277;1;"—";289;"96 96 94";3;"Участвуете в конкурсе";1258501;"29.06.2026 в 21:40"
278;2;"—";289;"97 95 94";3;"Участвуете в конкурсе";1362878;"30.06.2026 в 22:18"
279;2;"—";289;"100 95 91";3;"Участвуете в конкурсе";1557440;"03.07.2026 в 17:32"
280;2;"—";288;"99 95 91";3;"Участвуете в конкурсе";1190274;"25.07.2026 в 19:39"
281;2;"—";288;"96 98 91";3;"Участвуете в конкурсе";1252397;"29.06.2026 в 21:32"
282;1;"—";288;"95 93 97";3;"Участвуете в конкурсе";1477400;"02.07.2026 в 13:06"
283;2;"—";288;"100 88 94";6;"Участвуете в конкурсе";1540736;"03.07.2026 в 21:48"
284;2;"—";287;"100 98 89";0;"Участвуете в конкурсе";1698924;"14.07.2026 в 00:21"
285;2;"—";287;"100 93 91";3;"Участвуете в конкурсе";1076874;"23.06.2026 в 22:40"
286;2;"—";287;"97 98 89";3;"Участвуете в конкурсе";1174140;"27.06.2026 в 17:09"
287;2;"—";287;"92 98 94";3;"Участвуете в конкурсе";1351921;"30.06.2026 в 18:40"
288;2;"—";287;"95 98 91";3;"Участвуете в конкурсе";1600477;"04.07.2026 в 11:43"
289;2;"—";287;"94 93 97";3;"Участвуете в конкурсе";1724663;"19.07.2026 в 21:09"
290;2;"—";287;"95 98 91";3;"Участвуете в конкурсе";1876769;"09.07.2026 в 11:47"
291;2;"—";286;"100 95 91";0;"Участвуете в конкурсе";1205382;"28.06.2026 в 18:46"
292;1;"—";286;"97 95 91";3;"Участвуете в конкурсе";1213020;"28.06.2026 в 22:32"
293;2;"—";286;"96 90 97";3;"Участвуете в конкурсе";1360434;"30.06.2026 в 22:52"
294;2;"—";286;"99 93 91";3;"Участвуете в конкурсе";1650935;"08.07.2026 в 13:07"
295;2;"—";286;"99 90 94";3;"Участвуете в конкурсе";1724405;"06.07.2026 в 20:48"
296;2;"—";286;"97 86 100";3;"Участвуете в конкурсе";1725158;"06.07.2026 в 21:06"
297;2;"—";286;"90 93 97";6;"Участвуете в конкурсе";1507977;"02.07.2026 в 18:49"
298;2;"—";285;"96 100 89";0;"Участвуете в конкурсе";1202435;"28.06.2026 в 17:25"
299;2;"—";285;"98 93 91";3;"Участвуете в конкурсе";1091647;"28.06.2026 в 16:59"
300;2;"—";285;"98 95 89";3;"Участвуете в конкурсе";1130043;"25.06.2026 в 19:10"
301;2;"—";285;"100 93 89";3;"Конкурсная группа исключена";1514245;"19.07.2026 в 23:02"
302;2;"—";285;"92 93 97";3;"Конкурсная группа исключена";1707907;"06.07.2026 в 16:44"
303;2;"—";285;"96 95 91";3;"Участвуете в конкурсе";1764848;"07.07.2026 в 13:57"
304;2;"—";285;"95 98 86";6;"Конкурсная группа исключена";1621659;"04.07.2026 в 19:26"
305;2;"—";284;"92 98 94";0;"Участвуете в конкурсе";1000388;"21.06.2026 в 18:36"
306;2;"—";284;"92 95 97";0;"Участвуете в конкурсе";1543593;"03.07.2026 в 14:18"
307;2;"—";284;"100 98 86";0;"Участвуете в конкурсе";1615146;"04.07.2026 в 16:11"
308;2;"—";284;"100 93 91";0;"Участвуете в конкурсе";1697104;"25.07.2026 в 16:03"
309;2;"—";284;"94 90 100";0;"Конкурсная группа исключена";1881757;"09.07.2026 в 12:44"
310;2;"—";284;"100 90 94";0;"Участвуете в конкурсе";1963033;"10.07.2026 в 22:50"
311;2;"—";284;"86 95 100";3;"Участвуете в конкурсе";960200;"20.06.2026 в 12:04"
312;2;"—";284;"100 90 91";3;"Участвуете в конкурсе";1267404;"29.06.2026 в 21:53"
313;1;"—";284;"98 92 91";3;"Участвуете в конкурсе";1354210;"18.07.2026 в 19:13"
314;2;"—";284;"99 88 94";3;"Конкурсная группа исключена";1357786;"30.06.2026 в 20:29"
315;2;"—";284;"97 93 91";3;"Участвуете в конкурсе";1436957;"01.07.2026 в 20:54"
316;2;"—";284;"97 95 89";3;"Участвуете в конкурсе";1438245;"01.07.2026 в 21:19"
317;2;"—";284;"92 95 94";3;"Участвуете в конкурсе";1798586;"08.07.2026 в 00:25"
318;2;"—";284;"95 95 91";3;"Участвуете в конкурсе";1860744;"24.07.2026 в 19:37"
319;2;"—";283;"99 90 94";0;"Конкурсная группа исключена";1106167;"13.07.2026 в 12:13"
320;2;"—";283;"97 95 91";0;"Участвуете в конкурсе";1292162;"08.07.2026 в 17:20"
321;2;"—";283;"92 100 91";0;"Участвуете в конкурсе";1898922;"09.07.2026 в 16:17"
322;2;"—";283;"96 90 97";0;"Участвуете в конкурсе";1903789;"09.07.2026 в 17:46"
323;2;"—";283;"97 95 91";0;"Участвуете в конкурсе";2172642;"16.07.2026 в 17:25"
324;2;"—";283;"90 90 100";3;"Участвуете в конкурсе";1078973;"24.06.2026 в 04:51"
325;2;"—";283;"98 88 94";3;"Участвуете в конкурсе";1170428;"08.07.2026 в 11:28"
326;2;"—";283;"94 100 86";3;"Участвуете в конкурсе";1497568;"02.07.2026 в 16:20"
327;2;"—";283;"96 95 89";3;"Участвуете в конкурсе";1517544;"14.07.2026 в 14:24"
328;1;"—";283;"96 90 94";3;"Конкурсная группа исключена";1538710;"04.07.2026 в 18:03"
329;1;"—";283;"92 88 100";3;"Участвуете в конкурсе";1558205;"03.07.2026 в 17:37"
330;1;"—";283;"94 92 94";3;"Участвуете в конкурсе";1797011;"13.07.2026 в 23:35"
331;2;"—";283;"100 88 89";6;"Участвуете в конкурсе";1168397;"16.07.2026 в 15:51"
332;2;"—";283;"94 83 100";6;"Участвуете в конкурсе";1557687;"03.07.2026 в 17:34"
333;2;"—";282;"100 93 89";0;"Участвуете в конкурсе";1174511;"27.06.2026 в 17:24"
334;2;"—";282;"98 95 89";0;"Участвуете в конкурсе";1287112;"29.06.2026 в 22:17"
335;2;"—";282;"98 90 94";0;"Конкурсная группа исключена";1722230;"12.07.2026 в 03:05"
336;1;"—";282;"98 93 91";0;"Участвуете в конкурсе";1853877;"16.07.2026 в 00:24"
337;1;"Да";282;"98 90 91";3;"Участвуете в конкурсе";1275797;"29.06.2026 в 23:59"
338;2;"—";282;"100 88 91";3;"Участвуете в конкурсе";1516325;"02.07.2026 в 21:38"
339;1;"—";282;"97 85 97";3;"Участвуете в конкурсе";1585996;"04.07.2026 в 00:01"
340;1;"—";282;"97 93 89";3;"Участвуете в конкурсе";2048852;"13.07.2026 в 18:47"
341;1;"—";282;"95 95 89";3;"Участвуете в конкурсе";2197156;"17.07.2026 в 11:27"
342;1;"—";282;"97 90 89";6;"Участвуете в конкурсе";1842921;"08.07.2026 в 16:57"
343;1;"—";282;"98 81 97";6;"Участвуете в конкурсе";2046576;"13.07.2026 в 17:41"
344;2;"—";281;"95 95 91";0;"Участвуете в конкурсе";1188514;"28.06.2026 в 11:43"
345;2;"—";281;"95 95 91";0;"Участвуете в конкурсе";1358835;"30.06.2026 в 20:50"
346;2;"—";281;"100 95 86";0;"Участвуете в конкурсе";1403727;"01.07.2026 в 13:52"
347;1;"Да";281;"98 100 83";0;"Участвуете в конкурсе";1650055;"05.07.2026 в 20:17"
348;2;"—";281;"100 95 86";0;"Участвуете в конкурсе";1815179;"08.07.2026 в 11:23"
349;2;"—";281;"97 90 94";0;"Участвуете в конкурсе";1840564;"08.07.2026 в 16:07"
350;1;"Да";281;"96 88 97";0;"Участвуете в конкурсе";2055085;"13.07.2026 в 22:55"
351;2;"—";281;"94 90 94";3;"Участвуете в конкурсе";1214991;"29.06.2026 в 00:05"
352;2;"—";281;"96 85 97";3;"Участвуете в конкурсе";1315270;"30.06.2026 в 12:04"
353;2;"—";281;"86 98 94";3;"Участвуете в конкурсе";1336389;"11.07.2026 в 07:05"
354;2;"—";281;"97 90 91";3;"Участвуете в конкурсе";1442758;"10.07.2026 в 14:44"
355;2;"—";281;"100 95 83";3;"Участвуете в конкурсе";1444621;"01.07.2026 в 23:56"
356;2;"—";281;"94 90 94";3;"Участвуете в конкурсе";1507491;"02.07.2026 в 18:41"
357;1;"—";281;"86 92 100";3;"Участвуете в конкурсе";1910164;"09.07.2026 в 20:42"
358;2;"—";281;"96 93 89";3;"Участвуете в конкурсе";2002240;"12.07.2026 в 19:58"
359;2;"—";280;"94 100 86";0;"Участвуете в конкурсе";1180437;"27.06.2026 в 22:15"
360;1;"—";280;"96 98 86";0;"Участвуете в конкурсе";1580852;"03.07.2026 в 20:49"
361;2;"—";280;"90 93 94";3;"Участвуете в конкурсе";1040489;"22.06.2026 в 20:32"
362;1;"Да";280;"90 90 97";3;"Участвуете в конкурсе";1156274;"26.06.2026 в 20:03"
363;2;"—";280;"90 93 94";3;"Участвуете в конкурсе";1276722;"29.06.2026 в 21:58"
364;2;"—";280;"90 90 97";3;"Участвуете в конкурсе";1583458;"03.07.2026 в 22:11"
365;2;"—";280;"97 83 94";6;"Участвуете в конкурсе";1422950;"12.07.2026 в 17:11"
366;2;"—";279;"92 93 94";0;"Участвуете в конкурсе";1372961;"01.07.2026 в 08:17"
367;2;"—";279;"95 98 86";0;"Участвуете в конкурсе";1441493;"01.07.2026 в 22:39"
368;2;"—";279;"90 98 91";0;"Участвуете в конкурсе";1819874;"25.07.2026 в 13:27"
369;2;"—";279;"92 98 89";0;"Участвуете в конкурсе";2251964;"18.07.2026 в 20:18"
370;2;"—";279;"95 95 86";3;"Конкурсная группа исключена";963601;"20.06.2026 в 12:44"
371;2;"—";279;"97 90 89";3;"Участвуете в конкурсе";1173851;"27.06.2026 в 23:02"
372;2;"—";279;"97 90 89";3;"Конкурсная группа исключена";1510359;"09.07.2026 в 23:26"
373;1;"—";279;"92 90 94";3;"Конкурсная группа исключена";1608644;"23.07.2026 в 22:26"
374;1;"—";279;"95 100 81";3;"Участвуете в конкурсе";1904754;"09.07.2026 в 18:09"
375;2;"—";279;"97 93 86";3;"Участвуете в конкурсе";2314293;"20.07.2026 в 23:38"
376;1;"—";279;"86 90 97";6;"Участвуете в конкурсе";1320135;"10.07.2026 в 13:16"
377;1;"—";278;"88 90 100";0;"Участвуете в конкурсе";1359203;"30.06.2026 в 20:57"
378;2;"—";278;"88 90 100";0;"Участвуете в конкурсе";2178594;"16.07.2026 в 20:42"
379;2;"—";278;"94 95 86";3;"Участвуете в конкурсе";996095;"21.06.2026 в 14:54"
380;1;"—";278;"88 90 97";3;"Участвуете в конкурсе";1104282;"24.06.2026 в 20:13"
381;1;"—";278;"98 88 89";3;"Участвуете в конкурсе";1278333;"29.06.2026 в 22:10"
382;1;"—";278;"94 90 91";3;"Участвуете в конкурсе";1324496;"30.06.2026 в 13:36"
383;2;"—";278;"96 88 91";3;"Участвуете в конкурсе";1336781;"03.07.2026 в 14:03"
384;2;"—";278;"97 100 78";3;"Участвуете в конкурсе";1520738;"02.07.2026 в 23:40"
385;2;"—";278;"96 88 91";3;"Участвуете в конкурсе";2423829;"25.07.2026 в 14:37"
386;2;"—";277;"88 98 91";0;"Участвуете в конкурсе";1201093;"14.07.2026 в 12:48"
387;2;"—";277;"96 98 83";0;"Участвуете в конкурсе";1247218;"29.06.2026 в 21:26"
388;2;"—";277;"100 88 89";0;"Участвуете в конкурсе";1333244;"30.06.2026 в 15:18"
389;2;"—";277;"98 93 86";0;"Участвуете в конкурсе";1682834;"06.07.2026 в 12:26"
390;1;"—";277;"90 90 94";3;"Конкурсная группа исключена";1202897;"28.06.2026 в 17:37"
391;1;"—";277;"95 90 89";3;"Конкурсная группа исключена";1239517;"04.07.2026 в 12:32"
392;2;"—";277;"96 95 83";3;"Участвуете в конкурсе";1264354;"23.07.2026 в 17:15"
393;2;"—";277;"90 90 94";3;"Участвуете в конкурсе";1287196;"24.07.2026 в 18:19"
394;1;"Да";277;"90 93 91";3;"Участвуете в конкурсе";1443298;"01.07.2026 в 23:12"
395;1;"—";277;"88 95 91";3;"Участвуете в конкурсе";1492952;"25.07.2026 в 16:07"
396;2;"—";277;"94 83 97";3;"Участвуете в конкурсе";1727048;"06.07.2026 в 21:54"
397;2;"—";277;"100 88 86";3;"Участвуете в конкурсе";1851245;"25.07.2026 в 17:32"
398;2;"—";276;"100 95 81";0;"Участвуете в конкурсе";1265821;"29.06.2026 в 21:51"
399;2;"—";276;"98 95 83";0;"Участвуете в конкурсе";1522341;"03.07.2026 в 01:14"
400;1;"—";276;"95 95 86";0;"Участвуете в конкурсе";1611233;"04.07.2026 в 14:44"
401;2;"—";276;"92 95 89";0;"Участвуете в конкурсе";2223237;"25.07.2026 в 15:01"
402;2;"—";276;"92 90 94";0;"Участвуете в конкурсе";2227238;"17.07.2026 в 21:29"
403;2;"—";276;"90 83 100";3;"Участвуете в конкурсе";1070274;"23.06.2026 в 17:22"
404;2;"—";276;"92 90 91";3;"Участвуете в конкурсе";1198717;"24.07.2026 в 19:02"
405;2;"—";276;"94 85 94";3;"Участвуете в конкурсе";1252990;"29.06.2026 в 21:33"
406;2;"—";276;"95 95 83";3;"Участвуете в конкурсе";1324188;"30.06.2026 в 13:32"
407;2;"—";276;"94 90 89";3;"Участвуете в конкурсе";1366560;"01.07.2026 в 00:18"
408;1;"—";276;"90 92 91";3;"Конкурсная группа исключена";1418357;"25.07.2026 в 01:15"
409;2;"—";276;"97 95 81";3;"Участвуете в конкурсе";1482172;"11.07.2026 в 23:44"
410;1;"—";276;"94 93 86";3;"Участвуете в конкурсе";1612466;"23.07.2026 в 20:06"
411;1;"—";276;"96 88 89";3;"Конкурсная группа исключена";1792424;"15.07.2026 в 00:52"
412;2;"—";276;"86 93 94";3;"Участвуете в конкурсе";1855079;"08.07.2026 в 21:27"
413;2;"—";276;"99 80 94";3;"Участвуете в конкурсе";1940078;"10.07.2026 в 13:33"
414;2;"—";275;"96 90 89";0;"Участвуете в конкурсе";1179878;"27.06.2026 в 21:41"
415;2;"—";275;"94 90 91";0;"Участвуете в конкурсе";1214465;"28.06.2026 в 23:33"
416;1;"—";275;"94 90 91";0;"Участвуете в конкурсе";1623304;"04.07.2026 в 20:29"
417;2;"—";275;"96 93 86";0;"Участвуете в конкурсе";1729416;"06.07.2026 в 23:14"
418;2;"—";275;"94 98 83";0;"Участвуете в конкурсе";1992882;"12.07.2026 в 12:18"
419;2;"—";275;"96 93 86";0;"Участвуете в конкурсе";1997635;"12.07.2026 в 16:02"
420;2;"—";275;"84 93 98";0;"Участвуете в конкурсе";2254514;"19.07.2026 в 00:48"
421;1;"Да";275;"88 90 94";3;"Участвуете в конкурсе";948162;"20.06.2026 в 09:48"
422;1;"—";275;"98 85 89";3;"Участвуете в конкурсе";1022704;"29.06.2026 в 00:34"
423;2;"—";275;"88 90 94";3;"Участвуете в конкурсе";1288581;"29.06.2026 в 22:35"
424;1;"—";275;"88 95 89";3;"Участвуете в конкурсе";1371395;"01.07.2026 в 07:25"
425;2;"—";275;"88 93 91";3;"Участвуете в конкурсе";1482264;"08.07.2026 в 20:43"
426;1;"—";275;"88 93 91";3;"Участвуете в конкурсе";1697258;"06.07.2026 в 15:02"
427;2;"—";275;"90 93 89";3;"Участвуете в конкурсе";1828501;"08.07.2026 в 13:48"
428;1;"—";275;"96 98 78";3;"Участвуете в конкурсе";1884174;"10.07.2026 в 19:43"
429;2;"—";275;"98 88 86";3;"Участвуете в конкурсе";2181277;"16.07.2026 в 22:41"
430;1;"—";275;"96 95 78";6;"Участвуете в конкурсе";1763423;"07.07.2026 в 14:42"
431;2;"—";275;"90 98 81";6;"Участвуете в конкурсе";2209914;"19.07.2026 в 15:18"
432;2;"—";274;"98 93 83";0;"Участвуете в конкурсе";996854;"15.07.2026 в 16:37"
433;2;"—";274;"98 85 91";0;"Участвуете в конкурсе";1022441;"28.06.2026 в 00:37"
434;1;"—";274;"92 93 89";0;"Участвуете в конкурсе";1324737;"01.07.2026 в 12:34"
435;2;"—";274;"95 90 89";0;"Участвуете в конкурсе";1480743;"02.07.2026 в 13:38"
436;2;"—";274;"95 90 89";0;"Участвуете в конкурсе";1554911;"07.07.2026 в 14:52"
437;1;"—";274;"100 80 94";0;"Участвуете в конкурсе";1718285;"06.07.2026 в 18:38"
438;2;"—";274;"90 93 91";0;"Участвуете в конкурсе";1779294;"07.07.2026 в 16:24"
439;2;"—";274;"100 88 86";0;"Участвуете в конкурсе";1852639;"22.07.2026 в 16:30"
440;1;"—";274;"92 93 89";0;"Участвуете в конкурсе";2005451;"12.07.2026 в 23:15"
441;1;"—";274;"90 90 94";0;"Участвуете в конкурсе";2307592;"20.07.2026 в 18:42"
442;1;"Да";274;"86 96 89";3;"Участвуете в конкурсе";947039;"20.06.2026 в 09:31"
443;2;"—";274;"90 90 91";3;"Участвуете в конкурсе";1205774;"28.06.2026 в 18:57"
444;2;"—";274;"90 90 91";3;"Участвуете в конкурсе";1208296;"28.06.2026 в 20:06"
445;2;"—";274;"100 80 91";3;"Участвуете в конкурсе";1288822;"29.06.2026 в 22:41"
446;1;"—";274;"92 90 89";3;"Конкурсная группа исключена";1406085;"01.07.2026 в 14:14"
447;2;"—";274;"90 90 91";3;"Участвуете в конкурсе";1461657;"11.07.2026 в 14:26"
448;1;"—";274;"96 86 89";3;"Участвуете в конкурсе";1478430;"10.07.2026 в 13:27"
449;2;"—";274;"97 88 86";3;"Конкурсная группа исключена";1487858;"02.07.2026 в 14:41"
450;2;"—";274;"100 80 91";3;"Участвуете в конкурсе";1523277;"03.07.2026 в 03:55"
451;2;"—";274;"94 88 89";3;"Участвуете в конкурсе";1587316;"04.07.2026 в 02:25"
452;2;"—";274;"92 93 86";3;"Участвуете в конкурсе";1642357;"14.07.2026 в 21:49"
453;1;"—";274;"95 85 91";3;"Участвуете в конкурсе";1964697;"11.07.2026 в 02:02"
454;1;"Да";274;"84 96 91";3;"Участвуете в конкурсе";2163399;"16.07.2026 в 14:32"
455;1;"—";274;"92 98 81";3;"Участвуете в конкурсе";2224744;"17.07.2026 в 19:50"
456;1;"—";274;"94 83 94";3;"Участвуете в конкурсе";2335670;"21.07.2026 в 19:15"
457;2;"—";274;"100 85 83";6;"Участвуете в конкурсе";1158436;"26.06.2026 в 23:27"
458;2;"—";273;"99 88 86";0;"Участвуете в конкурсе";1199593;"28.06.2026 в 16:14"
459;1;"Да";273;"95 95 83";0;"Участвуете в конкурсе";1839736;"08.07.2026 в 15:56"
460;1;"—";273;"94 93 86";0;"Участвуете в конкурсе";1918463;"10.07.2026 в 07:08"
461;2;"—";273;"100 90 83";0;"Участвуете в конкурсе";2006566;"13.07.2026 в 01:28"
462;1;"—";273;"92 95 86";0;"Участвуете в конкурсе";2220563;"17.07.2026 в 17:36"
463;1;"—";273;"94 79 97";3;"Участвуете в конкурсе";973017;"20.06.2026 в 15:19"
464;2;"—";273;"99 98 73";3;"Участвуете в конкурсе";982847;"20.06.2026 в 20:42"
465;1;"—";273;"86 95 89";3;"Участвуете в конкурсе";1272550;"02.07.2026 в 20:23"
466;1;"—";273;"84 92 94";3;"Участвуете в конкурсе";1386666;"01.07.2026 в 11:19"
467;2;"—";273;"96 93 81";3;"Участвуете в конкурсе";1532743;"03.07.2026 в 10:00"
468;2;"—";273;"96 88 86";3;"Участвуете в конкурсе";1572111;"18.07.2026 в 15:52"
469;2;"—";273;"96 88 86";3;"Участвуете в конкурсе";1579526;"03.07.2026 в 20:12"
470;2;"—";273;"88 88 94";3;"Участвуете в конкурсе";1774507;"09.07.2026 в 19:02"
471;2;"—";273;"97 90 83";3;"Участвуете в конкурсе";2096392;"14.07.2026 в 20:25"
472;1;"—";273;"94 79 94";6;"Конкурсная группа исключена";1678377;"06.07.2026 в 11:39"
473;1;"—";272;"90 88 94";0;"Участвуете в конкурсе";1291026;"29.06.2026 в 23:55"
474;2;"—";272;"96 98 78";0;"Участвуете в конкурсе";1566075;"03.07.2026 в 18:14"
475;2;"—";272;"98 93 81";0;"Участвуете в конкурсе";1791564;"07.07.2026 в 20:27"
476;1;"—";272;"88 95 89";0;"Участвуете в конкурсе";1825664;"08.07.2026 в 13:19"
477;1;"—";272;"90 85 97";0;"Участвуете в конкурсе";2001194;"12.07.2026 в 19:00"
478;2;"—";272;"90 88 94";0;"Участвуете в конкурсе";2048219;"13.07.2026 в 18:26"
479;2;"—";272;"90 85 94";3;"Участвуете в конкурсе";1178549;"27.06.2026 в 20:25"
480;1;"Да";272;"90 90 89";3;"Участвуете в конкурсе";1421057;"01.07.2026 в 16:38"
481;1;"—";272;"92 80 97";3;"Участвуете в конкурсе";1519451;"24.07.2026 в 22:54"
482;1;"—";272;"88 100 81";3;"Участвуете в конкурсе";1654121;"05.07.2026 в 22:55"
483;2;"—";272;"90 85 94";3;"Участвуете в конкурсе";1724240;"06.07.2026 в 20:44"
484;2;"—";272;"95 85 89";3;"Участвуете в конкурсе";2306855;"20.07.2026 в 18:18"
485;1;"—";271;"95 85 91";0;"Участвуете в конкурсе";1307483;"21.07.2026 в 10:41"
486;1;"—";271;"90 90 91";0;"Конкурсная группа исключена";1366180;"06.07.2026 в 20:39"
487;1;"—";271;"100 85 86";0;"Участвуете в конкурсе";1560293;"03.07.2026 в 17:50"
488;1;"—";271;"95 93 83";0;"Участвуете в конкурсе";1851813;"08.07.2026 в 19:53"
489;2;"—";271;"95 93 83";0;"Участвуете в конкурсе";2215413;"17.07.2026 в 15:55"
490;2;"—";271;"94 88 86";3;"Участвуете в конкурсе";1177039;"27.06.2026 в 19:13"
491;1;"—";271;"90 95 83";3;"Участвуете в конкурсе";1266728;"30.06.2026 в 14:35"
492;2;"—";271;"92 95 81";3;"Участвуете в конкурсе";1286539;"29.06.2026 в 22:06"
493;2;"—";271;"92 98 78";3;"Участвуете в конкурсе";1324370;"30.06.2026 в 13:34"
494;2;"—";271;"92 95 81";3;"Участвуете в конкурсе";1932808;"10.07.2026 в 11:58"
495;2;"—";271;"97 88 83";3;"Участвуете в конкурсе";2219538;"17.07.2026 в 17:12"
496;2;"—";270;"88 88 94";0;"Участвуете в конкурсе";1039593;"22.06.2026 в 19:50"
497;1;"—";270;"82 94 94";0;"Конкурсная группа исключена";1776551;"25.07.2026 в 13:05"
498;2;"—";270;"86 95 89";0;"Участвуете в конкурсе";1852467;"08.07.2026 в 20:11"
499;2;"—";270;"96 93 81";0;"Участвуете в конкурсе";2226200;"17.07.2026 в 20:45"
500;2;"—";270;"88 98 81";3;"Участвуете в конкурсе";985059;"20.06.2026 в 22:33"
501;2;"—";270;"88 85 94";3;"Участвуете в конкурсе";1584455;"03.07.2026 в 22:47"
502;1;"—";270;"98 88 81";3;"Участвуете в конкурсе";1735806;"07.07.2026 в 08:10"
503;2;"—";270;"99 95 73";3;"Участвуете в конкурсе";1879758;"09.07.2026 в 12:21"
504;1;"—";270;"90 86 91";3;"Конкурсная группа исключена";1988778;"12.07.2026 в 00:00"
505;1;"—";270;"90 88 89";3;"Участвуете в конкурсе";2255453;"24.07.2026 в 00:41"
506;1;"—";269;"88 100 81";0;"Участвуете в конкурсе";1106715;"24.06.2026 в 22:58"
507;2;"—";269;"90 93 86";0;"Участвуете в конкурсе";1177870;"27.06.2026 в 19:52"
508;2;"—";269;"90 90 89";0;"Участвуете в конкурсе";1215606;"29.06.2026 в 00:58"
509;2;"—";269;"96 90 83";0;"Участвуете в конкурсе";1280590;"29.06.2026 в 22:00"
510;2;"—";269;"90 85 94";0;"Участвуете в конкурсе";1399287;"01.07.2026 в 13:23"
511;2;"—";269;"92 88 89";0;"Участвуете в конкурсе";1580192;"17.07.2026 в 14:14"
512;2;"—";269;"100 83 86";0;"Участвуете в конкурсе";1581396;"03.07.2026 в 21:05"
513;2;"—";269;"90 93 86";0;"Участвуете в конкурсе";1726203;"23.07.2026 в 15:07"
514;1;"—";269;"92 88 89";0;"Участвуете в конкурсе";1731774;"07.07.2026 в 02:51"
515;1;"—";269;"86 86 97";0;"Участвуете в конкурсе";2101168;"15.07.2026 в 00:14"
516;1;"—";269;"97 78 94";0;"Участвуете в конкурсе";2307017;"20.07.2026 в 18:23"
517;1;"—";269;"97 72 97";3;"Участвуете в конкурсе";1041300;"24.07.2026 в 16:35"
518;2;"—";269;"88 95 83";3;"Участвуете в конкурсе";1072468;"23.06.2026 в 18:50"
519;2;"—";269;"88 95 83";3;"Участвуете в конкурсе";1208859;"28.06.2026 в 20:21"
520;1;"—";269;"88 95 83";3;"Участвуете в конкурсе";1350690;"03.07.2026 в 16:14"
521;1;"—";269;"85 100 81";3;"Участвуете в конкурсе";1413240;"18.07.2026 в 06:03"
522;2;"—";269;"90 85 91";3;"Участвуете в конкурсе";1462111;"02.07.2026 в 10:46"
523;2;"—";269;"100 75 91";3;"Участвуете в конкурсе";1500149;"02.07.2026 в 16:48"
524;2;"—";269;"90 85 91";3;"Участвуете в конкурсе";1639431;"21.07.2026 в 19:49"
525;2;"—";269;"95 90 81";3;"Участвуете в конкурсе";1640606;"05.07.2026 в 15:32"
526;1;"—";269;"97 83 86";3;"Участвуете в конкурсе";1653430;"05.07.2026 в 22:26"
527;2;"—";269;"90 93 83";3;"Участвуете в конкурсе";1997669;"12.07.2026 в 16:03"
528;1;"—";269;"100 83 83";3;"Участвуете в конкурсе";2055695;"13.07.2026 в 23:33"
529;2;"—";268;"94 93 81";0;"Участвуете в конкурсе";959115;"20.06.2026 в 11:52"
530;2;"—";268;"94 88 86";0;"Участвуете в конкурсе";1175627;"01.07.2026 в 15:17"
531;2;"—";268;"86 93 89";0;"Участвуете в конкурсе";1499963;"02.07.2026 в 16:46"
532;1;"—";268;"92 93 83";0;"Участвуете в конкурсе";1899335;"09.07.2026 в 16:23"
533;1;"—";268;"94 82 89";3;"Участвуете в конкурсе";1075749;"06.07.2026 в 16:31"
534;2;"—";268;"86 90 89";3;"Участвуете в конкурсе";1278975;"13.07.2026 в 15:43"
535;2;"—";268;"84 90 91";3;"Участвуете в конкурсе";1327836;"30.06.2026 в 14:11"
536;2;"—";268;"86 85 94";3;"Участвуете в конкурсе";1398297;"04.07.2026 в 16:52"
537;2;"—";268;"86 85 94";3;"Участвуете в конкурсе";1442237;"01.07.2026 в 22:44"
538;2;"—";268;"86 85 94";3;"Участвуете в конкурсе";1627368;"27.07.2026 в 17:22"
539;2;"—";268;"100 93 72";3;"Участвуете в конкурсе";1984901;"15.07.2026 в 23:17"
540;2;"—";268;"97 95 73";3;"Участвуете в конкурсе";1984928;"11.07.2026 в 19:08"
541;1;"—";268;"94 85 86";3;"Участвуете в конкурсе";2039543;"13.07.2026 в 15:35"
542;2;"—";268;"88 83 94";3;"Участвуете в конкурсе";2141022;"15.07.2026 в 22:11"
543;2;"—";268;"86 85 94";3;"Участвуете в конкурсе";2228647;"22.07.2026 в 14:33"
544;2;"—";267;"97 95 75";0;"Участвуете в конкурсе";971765;"02.07.2026 в 23:13"
545;1;"Да";267;"94 95 78";0;"Участвуете в конкурсе";1345228;"30.06.2026 в 23:13"
546;2;"—";267;"90 88 89";0;"Участвуете в конкурсе";1431689;"01.07.2026 в 19:18"
547;2;"Да";267;"94 98 75";0;"Участвуете в конкурсе";1615769;"04.07.2026 в 16:26"
548;2;"—";267;"88 93 86";0;"Участвуете в конкурсе";2101156;"23.07.2026 в 00:25"
549;2;"—";267;"92 83 89";3;"Участвуете в конкурсе";962175;"15.07.2026 в 11:54"
550;1;"—";267;"92 83 89";3;"Участвуете в конкурсе";1048907;"23.07.2026 в 20:22"
551;2;"—";267;"88 90 86";3;"Участвуете в конкурсе";1509583;"02.07.2026 в 19:19"
552;1;"—";267;"84 83 97";3;"Конкурсная группа исключена";1585748;"03.07.2026 в 23:55"
553;2;"—";267;"90 83 91";3;"Участвуете в конкурсе";1794116;"07.07.2026 в 21:35"
554;2;"—";267;"90 88 86";3;"Участвуете в конкурсе";1826518;"08.07.2026 в 13:28"
555;1;"—";267;"95 83 86";3;"Участвуете в конкурсе";1915599;"24.07.2026 в 16:28"
556;2;"—";267;"90 80 94";3;"Участвуете в конкурсе";2227144;"17.07.2026 в 21:25"
557;2;"—";267;"82 88 94";3;"Участвуете в конкурсе";2262520;"19.07.2026 в 14:48"
558;2;"—";266;"96 86 84";0;"Участвуете в конкурсе";958562;"20.06.2026 в 11:45"
559;2;"—";266;"92 88 86";0;"Участвуете в конкурсе";1174823;"27.06.2026 в 17:36"
560;2;"—";266;"95 88 83";0;"Участвуете в конкурсе";1193713;"17.07.2026 в 10:36"
561;1;"—";266;"95 85 86";0;"Участвуете в конкурсе";1297384;"30.06.2026 в 08:11"
562;2;"—";266;"92 90 84";0;"Участвуете в конкурсе";1372791;"25.07.2026 в 22:19"
563;1;"—";266;"92 85 89";0;"Конкурсная группа исключена";1418872;"01.07.2026 в 16:13"
564;2;"—";266;"95 88 83";0;"Участвуете в конкурсе";1634019;"05.07.2026 в 12:25"
565;2;"—";266;"90 90 86";0;"Участвуете в конкурсе";1779849;"23.07.2026 в 17:54"
566;1;"—";266;"92 77 97";0;"Участвуете в конкурсе";1902536;"09.07.2026 в 17:34"
567;1;"—";266;"96 98 72";0;"Участвуете в конкурсе";1904355;"09.07.2026 в 18:00"
568;2;"—";266;"95 88 83";0;"Участвуете в конкурсе";1907635;"09.07.2026 в 19:26"
569;2;"—";266;"95 88 83";0;"Участвуете в конкурсе";2095977;"14.07.2026 в 19:55"
570;2;"—";266;"95 90 81";0;"Участвуете в конкурсе";2161511;"17.07.2026 в 21:30"
571;2;"—";266;"90 90 83";3;"Участвуете в конкурсе";1202149;"28.06.2026 в 17:21"
572;2;"—";266;"92 85 86";3;"Участвуете в конкурсе";1256430;"29.06.2026 в 21:37"
573;1;"—";266;"94 88 81";3;"Участвуете в конкурсе";1507895;"02.07.2026 в 18:48"
574;2;"—";266;"94 88 81";3;"Участвуете в конкурсе";1516350;"02.07.2026 в 21:38"
575;1;"Да";266;"92 98 73";3;"Участвуете в конкурсе";1725956;"06.07.2026 в 21:56"
576;2;"—";266;"92 93 78";3;"Участвуете в конкурсе";1977223;"11.07.2026 в 13:44"
577;1;"—";266;"86 88 89";3;"Конкурсная группа исключена";2141735;"22.07.2026 в 21:21"
578;2;"—";266;"86 88 89";3;"Участвуете в конкурсе";2259192;"19.07.2026 в 12:12"
579;2;"—";266;"98 90 72";6;"Участвуете в конкурсе";1568434;"03.07.2026 в 18:25"
580;2;"—";265;"90 83 92";0;"Участвуете в конкурсе";1175800;"27.06.2026 в 18:18"
581;2;"—";265;"86 93 86";0;"Участвуете в конкурсе";1198757;"01.07.2026 в 13:41"
582;2;"—";265;"94 93 78";0;"Участвуете в конкурсе";1273432;"13.07.2026 в 00:12"
583;1;"—";265;"86 85 94";0;"Участвуете в конкурсе";1600685;"04.07.2026 в 11:46"
584;1;"—";265;"96 80 89";0;"Участвуете в конкурсе";1603238;"04.07.2026 в 12:25"
585;2;"—";265;"94 90 81";0;"Участвуете в конкурсе";1616094;"04.07.2026 в 16:34"
586;2;"—";265;"86 98 81";0;"Участвуете в конкурсе";1698251;"06.07.2026 в 14:58"
587;1;"—";265;"99 83 83";0;"Участвуете в конкурсе";1700276;"06.07.2026 в 15:22"
588;2;"—";265;"97 90 78";0;"Участвуете в конкурсе";1724945;"06.07.2026 в 21:01"
589;2;"—";265;"92 98 75";0;"Участвуете в конкурсе";1940530;"10.07.2026 в 13:38"
590;2;"—";265;"94 88 83";0;"Конкурсная группа исключена";2032565;"13.07.2026 в 13:59"
591;1;"—";265;"84 90 91";0;"Участвуете в конкурсе";2226512;"17.07.2026 в 20:57"
592;1;"—";265;"84 95 83";3;"Участвуете в конкурсе";1203230;"28.06.2026 в 17:46"
593;2;"—";265;"95 78 89";3;"Участвуете в конкурсе";1732213;"25.07.2026 в 16:16"
594;2;"—";265;"100 90 72";3;"Участвуете в конкурсе";1770426;"07.07.2026 в 14:46"
595;1;"—";265;"88 80 94";3;"Участвуете в конкурсе";2228558;"17.07.2026 в 22:34"
596;2;"—";264;"88 93 83";0;"Участвуете в конкурсе";1257128;"29.06.2026 в 21:38"
597;2;"—";264;"88 85 91";0;"Конкурсная группа исключена";1383347;"04.07.2026 в 07:06"
598;2;"—";264;"96 93 75";0;"Участвуете в конкурсе";1582530;"03.07.2026 в 21:39"
599;2;"—";264;"90 85 89";0;"Участвуете в конкурсе";1898391;"09.07.2026 в 16:09"
600;2;"—";264;"88 85 91";0;"Конкурсная группа исключена";1956373;"24.07.2026 в 05:09"
601;2;"—";264;"88 93 83";0;"Участвуете в конкурсе";2226694;"17.07.2026 в 21:05"
602;2;"—";264;"84 88 89";3;"Участвуете в конкурсе";1618589;"05.07.2026 в 19:20"
603;2;"—";264;"92 80 89";3;"Участвуете в конкурсе";2095564;"25.07.2026 в 17:56"
604;1;"—";264;"86 81 94";3;"Участвуете в конкурсе";2273262;"19.07.2026 в 23:51"
605;2;"—";263;"94 83 86";0;"Участвуете в конкурсе";1002362;"07.07.2026 в 20:47"
606;2;"—";263;"86 88 89";0;"Участвуете в конкурсе";1098622;"24.06.2026 в 16:00"
607;2;"—";263;"99 78 86";0;"Участвуете в конкурсе";1288760;"29.06.2026 в 22:40"
608;2;"—";263;"90 90 83";0;"Участвуете в конкурсе";1357157;"01.07.2026 в 13:41"
609;2;"—";263;"82 98 83";0;"Участвуете в конкурсе";1860782;"09.07.2026 в 04:04"
610;1;"—";263;"92 85 86";0;"Участвуете в конкурсе";1909153;"19.07.2026 в 18:34"
611;2;"—";263;"100 93 70";0;"Участвуете в конкурсе";1976077;"11.07.2026 в 13:10"
612;1;"—";263;"95 93 75";0;"Участвуете в конкурсе";1982667;"11.07.2026 в 17:40"
613;1;"—";263;"84 90 89";0;"Участвуете в конкурсе";2280791;"20.07.2026 в 10:14"
614;2;"—";263;"94 88 81";0;"Участвуете в конкурсе";2309959;"20.07.2026 в 20:14"
615;1;"—";263;"86 85 89";3;"Участвуете в конкурсе";1037132;"24.06.2026 в 13:34"
616;2;"—";263;"86 83 91";3;"Участвуете в конкурсе";1175990;"29.06.2026 в 21:30"
617;1;"Да";263;"92 85 83";3;"Участвуете в конкурсе";1249903;"29.06.2026 в 21:29"
618;2;"—";263;"86 83 91";3;"Участвуете в конкурсе";1259375;"20.07.2026 в 20:05"
619;2;"—";263;"88 83 89";3;"Участвуете в конкурсе";1448215;"02.07.2026 в 05:54"
620;2;"—";263;"86 93 81";3;"Участвуете в конкурсе";1945287;"25.07.2026 в 16:26"
621;1;"Да";262;"88 88 86";0;"Участвуете в конкурсе";972865;"20.06.2026 в 15:16"
622;2;"—";262;"96 88 78";0;"Участвуете в конкурсе";1149955;"26.06.2026 в 15:11"
623;1;"—";262;"88 93 81";0;"Конкурсная группа исключена";1198554;"02.07.2026 в 12:49"
624;1;"—";262;"96 85 81";0;"Участвуете в конкурсе";1212749;"28.06.2026 в 22:22"
625;2;"—";262;"96 93 73";0;"Участвуете в конкурсе";1340714;"30.06.2026 в 16:03"
626;2;"—";262;"95 98 69";0;"Участвуете в конкурсе";2056236;"14.07.2026 в 00:15"
627;2;"—";262;"86 95 81";0;"Участвуете в конкурсе";2096116;"14.07.2026 в 20:00"
628;2;"—";262;"96 80 86";0;"Участвуете в конкурсе";2267117;"19.07.2026 в 18:09"
629;2;"Да";262;"88 85 86";3;"Участвуете в конкурсе";1194909;"28.06.2026 в 14:26"
630;1;"—";262;"80 88 91";3;"Участвуете в конкурсе";1254185;"29.06.2026 в 21:35"
631;2;"—";262;"90 80 89";3;"Участвуете в конкурсе";1357161;"30.06.2026 в 20:15"
632;3;"—";262;"90 80 89";3;"Участвуете в конкурсе";1574042;"03.07.2026 в 18:50"
633;2;"—";262;"88 88 83";3;"Участвуете в конкурсе";1638481;"05.07.2026 в 14:36"
634;2;"—";262;"86 98 75";3;"Участвуете в конкурсе";2055800;"13.07.2026 в 23:40"
635;1;"—";261;"86 94 81";0;"Участвуете в конкурсе";1182008;"28.06.2026 в 00:23"
636;1;"Да";261;"96 90 75";0;"Участвуете в конкурсе";1282081;"29.06.2026 в 22:01"
637;2;"—";261;"92 88 81";0;"Участвуете в конкурсе";1876146;"17.07.2026 в 11:11"
638;2;"—";261;"90 88 83";0;"Участвуете в конкурсе";2047107;"13.07.2026 в 19:02"
639;1;"—";261;"95 72 94";0;"Участвуете в конкурсе";2071893;"15.07.2026 в 23:28"
640;1;"—";261;"92 75 91";3;"Участвуете в конкурсе";1262031;"29.06.2026 в 21:46"
641;1;"Да";261;"92 80 86";3;"Участвуете в конкурсе";1315552;"30.06.2026 в 12:07"
642;2;"—";261;"86 83 89";3;"Участвуете в конкурсе";1351371;"30.06.2026 в 18:31"
643;1;"—";261;"90 85 83";3;"Конкурсная группа исключена";1425775;"01.07.2026 в 22:08"
644;2;"—";261;"90 90 78";3;"Участвуете в конкурсе";1793571;"07.07.2026 в 21:20"
645;2;"—";261;"84 88 86";3;"Участвуете в конкурсе";1862589;"22.07.2026 в 17:20"
646;1;"—";261;"84 85 89";3;"Участвуете в конкурсе";2001067;"12.07.2026 в 18:53"
647;2;"—";260;"99 75 86";0;"Конкурсная группа исключена";965916;"20.06.2026 в 13:14"
648;2;"—";260;"84 95 81";0;"Участвуете в конкурсе";1180169;"27.06.2026 в 23:25"
649;2;"—";260;"99 80 81";0;"Участвуете в конкурсе";1214512;"28.06.2026 в 23:36"
650;2;"—";260;"95 90 75";0;"Участвуете в конкурсе";1259014;"29.06.2026 в 21:41"
651;1;"—";260;"86 88 86";0;"Участвуете в конкурсе";1282257;"29.06.2026 в 22:01"
652;1;"—";260;"95 79 86";0;"Участвуете в конкурсе";1451146;"15.07.2026 в 10:43"
653;2;"—";260;"94 88 78";0;"Участвуете в конкурсе";1506914;"02.07.2026 в 18:30"
654;2;"—";260;"86 85 89";0;"Участвуете в конкурсе";1610460;"04.07.2026 в 14:28"
655;1;"Да";260;"92 85 83";0;"Участвуете в конкурсе";1670831;"06.07.2026 в 10:29"
656;2;"—";260;"86 93 81";0;"Участвуете в конкурсе";1774930;"07.07.2026 в 15:32"
657;1;"—";260;"90 79 91";0;"Участвуете в конкурсе";1940965;"22.07.2026 в 00:39"
658;1;"—";260;"84 93 83";0;"Участвуете в конкурсе";2144201;"17.07.2026 в 16:11"
659;2;"—";260;"96 75 89";0;"Участвуете в конкурсе";2182093;"16.07.2026 в 23:07"
660;2;"—";260;"99 78 83";0;"Участвуете в конкурсе";2221739;"17.07.2026 в 18:08"
661;2;"—";260;"86 98 73";3;"Участвуете в конкурсе";1059224;"23.06.2026 в 13:16"
662;1;"—";260;"88 86 83";3;"Участвуете в конкурсе";1200053;"28.06.2026 в 16:26"
663;2;"—";260;"92 90 75";3;"Участвуете в конкурсе";1284951;"29.06.2026 в 22:03"
664;2;"—";260;"88 80 89";3;"Участвуете в конкурсе";1320972;"30.06.2026 в 12:57"
665;2;"—";260;"86 85 86";3;"Участвуете в конкурсе";1355841;"30.06.2026 в 23:57"
666;2;"—";260;"88 83 86";3;"Участвуете в конкурсе";1495129;"02.07.2026 в 15:52"
667;1;"—";260;"86 90 81";3;"Участвуете в конкурсе";2045244;"13.07.2026 в 17:11"
668;1;"—";260;"88 80 89";3;"Участвуете в конкурсе";2312542;"20.07.2026 в 22:00"
669;1;"—";260;"88 88 78";6;"Участвуете в конкурсе";1286350;"29.06.2026 в 22:04"
670;2;"—";259;"90 83 86";0;"Участвуете в конкурсе";1316344;"30.06.2026 в 12:14"
671;2;"—";259;"94 90 75";0;"Участвуете в конкурсе";1334659;"30.06.2026 в 15:21"
672;2;"—";259;"90 88 81";0;"Участвуете в конкурсе";1346475;"30.06.2026 в 17:14"
673;2;"—";259;"86 90 83";0;"Участвуете в конкурсе";1390829;"23.07.2026 в 16:52"
674;2;"—";259;"78 90 91";0;"Конкурсная группа исключена";1445876;"14.07.2026 в 13:09"
675;2;"—";259;"78 95 86";0;"Участвуете в конкурсе";1475965;"02.07.2026 в 12:53"
676;1;"—";259;"80 90 89";0;"Конкурсная группа исключена";1482935;"02.07.2026 в 13:57"
677;2;"—";259;"94 90 75";0;"Участвуете в конкурсе";1725053;"06.07.2026 в 21:03"
678;2;"—";259;"90 83 86";0;"Участвуете в конкурсе";1730396;"07.07.2026 в 00:00"
679;1;"—";259;"82 86 91";0;"Участвуете в конкурсе";2041835;"13.07.2026 в 16:08"
680;2;"—";259;"98 72 86";3;"Участвуете в конкурсе";977872;"22.06.2026 в 17:09"
681;2;"—";259;"82 83 91";3;"Участвуете в конкурсе";1208227;"28.06.2026 в 20:04"
682;2;"—";259;"92 75 89";3;"Участвуете в конкурсе";1281343;"05.07.2026 в 23:19"
683;2;"—";259;"88 85 83";3;"Участвуете в конкурсе";1336282;"30.06.2026 в 15:22"
684;2;"—";259;"90 88 78";3;"Участвуете в конкурсе";1481201;"02.07.2026 в 13:41"
685;1;"—";259;"80 85 91";3;"Участвуете в конкурсе";1647132;"05.07.2026 в 18:39"
686;2;"—";259;"95 75 86";3;"Участвуете в конкурсе";1683495;"22.07.2026 в 10:52"
687;1;"—";259;"95 88 73";3;"Участвуете в конкурсе";1993212;"21.07.2026 в 01:09"
688;1;"—";259;"92 75 89";3;"Конкурсная группа исключена";2039551;"13.07.2026 в 15:35"
689;2;"—";259;"86 100 70";3;"Участвуете в конкурсе";2209170;"17.07.2026 в 14:21"
690;2;"—";258;"92 83 83";0;"Участвуете в конкурсе";1203945;"28.06.2026 в 18:21"
691;1;"—";258;"88 73 97";0;"Участвуете в конкурсе";1353172;"30.06.2026 в 19:02"
692;2;"—";258;"95 80 83";0;"Участвуете в конкурсе";1521988;"03.07.2026 в 18:26"
693;2;"—";258;"90 93 75";0;"Участвуете в конкурсе";1640334;"05.07.2026 в 15:25"
694;1;"—";258;"82 90 86";0;"Участвуете в конкурсе";1654616;"05.07.2026 в 23:19"
695;2;"—";258;"95 80 83";0;"Участвуете в конкурсе";1848270;"08.07.2026 в 18:24"
696;1;"—";258;"86 81 91";0;"Участвуете в конкурсе";1978257;"11.07.2026 в 14:17"
697;2;"—";258;"86 75 97";0;"Участвуете в конкурсе";1982792;"11.07.2026 в 17:15"
698;1;"—";258;"90 90 78";0;"Участвуете в конкурсе";2002732;"12.07.2026 в 20:26"
699;2;"—";258;"84 93 81";0;"Участвуете в конкурсе";2037583;"25.07.2026 в 12:35"
700;2;"—";258;"86 78 94";0;"Участвуете в конкурсе";2257686;"19.07.2026 в 10:51"
701;1;"—";258;"76 85 97";0;"Участвуете в конкурсе";2282418;"25.07.2026 в 12:24"
702;1;"—";258;"94 75 86";3;"Участвуете в конкурсе";1366762;"01.07.2026 в 00:29"
703;2;"—";258;"74 95 86";3;"Участвуете в конкурсе";1509326;"02.07.2026 в 19:15"
704;2;"—";258;"86 88 81";3;"Участвуете в конкурсе";1725125;"06.07.2026 в 21:05"
705;1;"—";258;"100 80 75";3;"Участвуете в конкурсе";1850463;"08.07.2026 в 19:17"
706;2;"—";258;"82 95 78";3;"Участвуете в конкурсе";1988485;"11.07.2026 в 23:27"
707;1;"—";258;"97 72 83";6;"Участвуете в конкурсе";1521611;"03.07.2026 в 00:21"
708;2;"—";257;"95 90 72";0;"Участвуете в конкурсе";973397;"20.06.2026 в 15:26"
709;1;"—";257;"88 75 94";0;"Участвуете в конкурсе";979408;"20.06.2026 в 18:22"
710;2;"—";257;"84 90 83";0;"Участвуете в конкурсе";1048743;"23.06.2026 в 09:25"
711;1;"Да";257;"94 90 73";0;"Участвуете в конкурсе";1180726;"27.06.2026 в 22:35"
712;2;"—";257;"84 95 78";0;"Конкурсная группа исключена";1207795;"04.07.2026 в 14:55"
713;1;"—";257;"88 88 81";0;"Участвуете в конкурсе";1213151;"28.06.2026 в 22:36"
714;2;"—";257;"97 93 67";0;"Участвуете в конкурсе";1356923;"30.06.2026 в 20:11"
715;1;"—";257;"94 77 86";0;"Участвуете в конкурсе";1428633;"01.07.2026 в 18:26"
716;2;"—";257;"86 88 83";0;"Участвуете в конкурсе";1587396;"04.07.2026 в 02:47"
717;2;"—";257;"90 100 67";0;"Участвуете в конкурсе";1629694;"22.07.2026 в 14:29"
718;1;"—";257;"94 80 83";0;"Участвуете в конкурсе";1728851;"06.07.2026 в 22:52"
719;2;"—";257;"86 93 78";0;"Участвуете в конкурсе";1797307;"07.07.2026 в 23:15"
720;2;"—";257;"88 83 86";0;"Участвуете в конкурсе";1832332;"08.07.2026 в 14:31"
721;2;"—";257;"86 80 91";0;"Участвуете в конкурсе";2171440;"16.07.2026 в 16:56"
722;2;"—";257;"90 83 81";3;"Участвуете в конкурсе";965261;"20.06.2026 в 13:05"
723;2;"—";257;"88 93 73";3;"Участвуете в конкурсе";1366855;"20.07.2026 в 14:01"
724;1;"—";257;"78 85 91";3;"Участвуете в конкурсе";1401659;"01.07.2026 в 13:33"
725;1;"—";257;"88 85 81";3;"Участвуете в конкурсе";1523519;"03.07.2026 в 04:40"
726;2;"—";257;"94 85 75";3;"Участвуете в конкурсе";1543570;"03.07.2026 в 14:17"
727;1;"—";257;"80 80 94";3;"Участвуете в конкурсе";1567017;"03.07.2026 в 18:19"
728;2;"—";256;"88 93 75";0;"Участвуете в конкурсе";1196894;"28.06.2026 в 15:13"
729;2;"—";256;"90 83 83";0;"Участвуете в конкурсе";1418707;"13.07.2026 в 19:01"
730;2;"—";256;"95 88 73";0;"Участвуете в конкурсе";1504718;"02.07.2026 в 17:53"
731;2;"—";256;"94 90 72";0;"Участвуете в конкурсе";1517699;"10.07.2026 в 10:49"
732;2;"—";256;"90 88 78";0;"Участвуете в конкурсе";1574060;"03.07.2026 в 18:55"
733;1;"—";256;"90 85 81";0;"Участвуете в конкурсе";1853306;"08.07.2026 в 20:34"
734;1;"—";256;"88 77 91";0;"Участвуете в конкурсе";1977188;"11.07.2026 в 13:43"
735;2;"—";256;"92 83 81";0;"Участвуете в конкурсе";2253594;"18.07.2026 в 22:06"
736;1;"—";256;"82 90 81";3;"Участвуете в конкурсе";1202700;"28.06.2026 в 17:32"
737;1;"—";256;"74 88 91";3;"Участвуете в конкурсе";1210668;"22.07.2026 в 22:32"
738;2;"—";256;"90 85 78";3;"Участвуете в конкурсе";1241208;"29.06.2026 в 21:19"
739;2;"—";256;"92 83 78";3;"Участвуете в конкурсе";1287613;"29.06.2026 в 22:21"
740;1;"—";256;"88 90 75";3;"Участвуете в конкурсе";1448848;"02.07.2026 в 06:34"
741;1;"Да";256;"80 90 83";3;"Участвуете в конкурсе";1580711;"17.07.2026 в 18:11"
742;1;"—";256;"92 78 83";3;"Участвуете в конкурсе";2253391;"18.07.2026 в 21:53"
743;1;"—";256;"92 80 78";6;"Конкурсная группа исключена";1103197;"23.07.2026 в 09:31"
744;2;"—";255;"95 93 67";0;"Участвуете в конкурсе";950840;"20.06.2026 в 10:22"
745;2;"—";255;"92 93 70";0;"Участвуете в конкурсе";1277114;"29.06.2026 в 21:58"
746;2;"—";255;"94 83 78";0;"Участвуете в конкурсе";1409635;"28.07.2026 в 18:58"
747;2;"—";255;"94 78 83";0;"Участвуете в конкурсе";1678214;"06.07.2026 в 11:36"
748;1;"—";255;"92 93 70";0;"На рассмотрении";1700492;"06.07.2026 в 15:24"
749;2;"—";255;"97 75 83";0;"Участвуете в конкурсе";1705552;"06.07.2026 в 16:14"
750;1;"—";255;"88 78 89";0;"Участвуете в конкурсе";2087959;"14.07.2026 в 16:11"
751;2;"—";255;"90 90 75";0;"Участвуете в конкурсе";2172575;"16.07.2026 в 17:24"
752;1;"—";255;"86 78 91";0;"Участвуете в конкурсе";2178785;"16.07.2026 в 20:49"
753;1;"—";255;"76 90 89";0;"Участвуете в конкурсе";2313346;"21.07.2026 в 00:26"
754;1;"—";255;"95 77 83";0;"Участвуете в конкурсе";2321510;"21.07.2026 в 10:51"
755;2;"—";255;"82 90 83";0;"Участвуете в конкурсе";2387245;"23.07.2026 в 16:48"
756;1;"—";255;"86 83 86";0;"Участвуете в конкурсе";2475818;"30.07.2026 в 10:28"
757;2;"—";255;"94 85 73";3;"Участвуете в конкурсе";938026;"28.06.2026 в 14:39"
758;2;"—";255;"94 85 73";3;"Участвуете в конкурсе";1332494;"15.07.2026 в 22:18"
759;1;"—";255;"92 85 75";3;"Участвуете в конкурсе";1413069;"08.07.2026 в 04:40"
760;2;"—";255;"88 83 81";3;"Участвуете в конкурсе";1614497;"04.07.2026 в 15:54"
761;2;"—";255;"92 85 75";3;"Конкурсная группа исключена";1699100;"06.07.2026 в 15:08"
762;2;"—";255;"86 88 78";3;"Участвуете в конкурсе";1984725;"15.07.2026 в 20:00"
763;1;"—";255;"88 81 83";3;"Участвуете в конкурсе";2213513;"17.07.2026 в 15:25"
764;2;"—";255;"86 83 83";3;"Участвуете в конкурсе";2305782;"20.07.2026 в 17:44"
765;1;"—";254;"78 85 91";0;"Участвуете в конкурсе";954134;"20.06.2026 в 10:56"
766;2;"—";254;"86 90 78";0;"Участвуете в конкурсе";1211745;"28.06.2026 в 21:47"
767;2;"—";254;"86 85 83";0;"Участвуете в конкурсе";1223283;"29.06.2026 в 21:04"
768;2;"—";254;"95 78 81";0;"Участвуете в конкурсе";1315674;"24.07.2026 в 23:39"
769;1;"—";254;"88 83 83";0;"Участвуете в конкурсе";1407533;"13.07.2026 в 22:11"
770;1;"—";254;"86 85 83";0;"Участвуете в конкурсе";1701025;"06.07.2026 в 15:29"
771;2;"—";254;"88 75 91";0;"Участвуете в конкурсе";1705091;"25.07.2026 в 18:48"
772;1;"Да";254;"82 81 91";0;"Участвуете в конкурсе";2034733;"13.07.2026 в 14:28"
773;1;"—";254;"86 93 75";0;"Участвуете в конкурсе";2182384;"16.07.2026 в 23:19"
774;2;"—";254;"88 93 73";0;"Конкурсная группа исключена";2209352;"17.07.2026 в 14:24"
775;2;"—";254;"86 90 78";0;"Участвуете в конкурсе";2268167;"19.07.2026 в 18:58"
776;2;"—";254;"78 90 86";0;"Участвуете в конкурсе";2310454;"20.07.2026 в 20:34"
777;2;"—";254;"90 80 81";3;"Участвуете в конкурсе";947413;"23.06.2026 в 18:00"
778;1;"—";254;"94 71 86";3;"Участвуете в конкурсе";1044211;"09.07.2026 в 12:35"
779;2;"—";254;"82 80 89";3;"Участвуете в конкурсе";1215723;"29.06.2026 в 01:11"
780;2;"—";254;"86 90 75";3;"Участвуете в конкурсе";1278882;"07.07.2026 в 14:29"
781;2;"—";254;"90 72 89";3;"Участвуете в конкурсе";1502167;"02.07.2026 в 17:15"
782;1;"—";254;"90 88 73";3;"Участвуете в конкурсе";1710316;"08.07.2026 в 11:29"
783;1;"Да";254;"84 81 86";3;"Участвуете в конкурсе";1773619;"07.07.2026 в 15:17"
784;2;"—";254;"88 80 83";3;"Участвуете в конкурсе";1795877;"07.07.2026 в 22:27"
785;2;"—";253;"80 90 83";0;"Участвуете в конкурсе";1062951;"23.06.2026 в 14:29"
786;2;"—";253;"95 80 78";0;"Участвуете в конкурсе";1214455;"28.06.2026 в 23:33"
787;2;"—";253;"95 80 78";0;"Участвуете в конкурсе";1257448;"07.07.2026 в 23:07"
788;1;"—";253;"92 83 78";0;"Участвуете в конкурсе";1425201;"01.07.2026 в 17:32"
789;1;"—";253;"82 80 91";0;"Участвуете в конкурсе";1434814;"01.07.2026 в 20:15"
790;2;"—";253;"90 88 75";0;"Участвуете в конкурсе";1493829;"02.07.2026 в 15:39"
791;2;"—";253;"84 83 86";0;"Участвуете в конкурсе";1661111;"06.07.2026 в 12:26"
792;2;"—";253;"95 85 73";0;"Участвуете в конкурсе";2052434;"21.07.2026 в 20:22"
793;1;"—";253;"84 80 89";0;"Участвуете в конкурсе";2100692;"14.07.2026 в 23:34"
794;2;"—";253;"100 75 78";0;"Участвуете в конкурсе";2101494;"20.07.2026 в 13:17"
795;2;"—";253;"92 88 73";0;"Участвуете в конкурсе";2183027;"16.07.2026 в 23:48"
796;1;"—";253;"88 90 75";0;"Участвуете в конкурсе";2243417;"18.07.2026 в 14:10"
797;2;"—";253;"90 80 83";0;"Участвуете в конкурсе";2252976;"18.07.2026 в 21:26"
798;1;"—";253;"82 90 78";3;"Конкурсная группа исключена";974748;"29.06.2026 в 21:43"
799;1;"Да";253;"84 83 83";3;"Участвуете в конкурсе";1586406;"04.07.2026 в 00:28"
800;2;"—";253;"95 85 70";3;"Конкурсная группа исключена";1680671;"19.07.2026 в 14:00"
801;2;"—";253;"86 78 86";3;"Участвуете в конкурсе";2242986;"18.07.2026 в 13:56"
802;1;"—";253;"80 70 100";3;"Участвуете в конкурсе";2339308;"21.07.2026 в 19:24"
803;2;"—";253;"86 83 81";3;"Участвуете в конкурсе";2384968;"23.07.2026 в 15:31"
804;1;"—";252;"92 90 70";0;"Участвуете в конкурсе";943048;"20.06.2026 в 14:00"
805;2;"—";252;"90 93 69";0;"Участвуете в конкурсе";1010001;"22.06.2026 в 08:40"
806;2;"—";252;"86 85 81";0;"Участвуете в конкурсе";1247207;"04.07.2026 в 19:12"
807;2;"—";252;"86 85 81";0;"Участвуете в конкурсе";1261572;"29.06.2026 в 21:45"
808;2;"—";252;"92 90 70";0;"Участвуете в конкурсе";1283054;"29.06.2026 в 22:01"
809;2;"—";252;"88 83 81";0;"Участвуете в конкурсе";1292743;"30.06.2026 в 02:32"
810;1;"—";252;"84 90 78";0;"Конкурсная группа исключена";1415815;"08.07.2026 в 06:19"
811;1;"—";252;"78 83 91";0;"Участвуете в конкурсе";1422463;"01.07.2026 в 16:55"
812;2;"—";252;"86 75 91";0;"Участвуете в конкурсе";1488726;"02.07.2026 в 14:49"
813;2;"—";252;"86 93 73";0;"Участвуете в конкурсе";1546601;"03.07.2026 в 16:37"
814;2;"—";252;"97 80 75";0;"Участвуете в конкурсе";2002208;"21.07.2026 в 20:00"
815;2;"—";252;"88 78 86";0;"Конкурсная группа исключена";2005552;"12.07.2026 в 23:22"
816;2;"—";252;"86 88 78";0;"Участвуете в конкурсе";2181950;"16.07.2026 в 23:02"
817;2;"—";252;"88 83 81";0;"Участвуете в конкурсе";2285498;"20.07.2026 в 11:39"
818;2;"—";252;"76 85 91";0;"Участвуете в конкурсе";2332217;"21.07.2026 в 15:33"
819;1;"—";252;"88 88 73";3;"Участвуете в конкурсе";1192754;"28.06.2026 в 13:35"
820;2;"—";251;"82 83 86";0;"Участвуете в конкурсе";982550;"27.06.2026 в 22:59"
821;2;"—";251;"92 83 76";0;"Участвуете в конкурсе";984931;"20.06.2026 в 22:27"
822;2;"—";251;"88 85 78";0;"Участвуете в конкурсе";1106260;"24.06.2026 в 22:23"
823;1;"—";251;"84 78 89";0;"Участвуете в конкурсе";1317952;"30.06.2026 в 12:29"
824;1;"—";251;"77 90 84";0;"Участвуете в конкурсе";1340150;"30.06.2026 в 15:56"
825;2;"—";251;"92 78 81";0;"Участвуете в конкурсе";1354860;"30.06.2026 в 19:33"
826;2;"—";251;"90 83 78";0;"Участвуете в конкурсе";1504852;"02.07.2026 в 17:55"
827;2;"—";251;"90 70 91";0;"Участвуете в конкурсе";1640732;"07.07.2026 в 20:42"
828;2;"—";251;"90 83 78";0;"Участвуете в конкурсе";1654165;"05.07.2026 в 22:57"
829;2;"—";251;"88 80 83";0;"Участвуете в конкурсе";1799796;"18.07.2026 в 16:56"
830;2;"—";251;"96 85 70";0;"Участвуете в конкурсе";2003722;"20.07.2026 в 03:25"
831;2;"—";251;"88 90 73";0;"Конкурсная группа исключена";2265291;"19.07.2026 в 16:48"
832;2;"—";251;"92 70 86";3;"Участвуете в конкурсе";1028122;"22.06.2026 в 14:29"
833;1;"—";251;"84 83 81";3;"Участвуете в конкурсе";1644648;"05.07.2026 в 17:26"
834;1;"—";251;"72 85 91";3;"Конкурсная группа исключена";2090107;"14.07.2026 в 16:54"
835;1;"—";251;"95 75 78";3;"Участвуете в конкурсе";2205003;"17.07.2026 в 13:22"
836;2;"—";250;"94 75 81";0;"Участвуете в конкурсе";1022024;"24.06.2026 в 16:50"
837;2;"—";250;"88 93 69";0;"Участвуете в конкурсе";1212580;"28.06.2026 в 22:16"
838;2;"—";250;"92 80 78";0;"Участвуете в конкурсе";1236376;"29.06.2026 в 21:14"
839;2;"—";250;"90 88 72";0;"Участвуете в конкурсе";1260425;"29.06.2026 в 21:43"
840;2;"—";250;"82 90 78";0;"Участвуете в конкурсе";1290374;"29.06.2026 в 23:29"
841;2;"—";250;"92 80 78";0;"Участвуете в конкурсе";1983273;"21.07.2026 в 18:09"
842;2;"Да";250;"76 80 94";0;"Участвуете в конкурсе";2085440;"14.07.2026 в 15:30"
843;2;"—";250;"94 78 78";0;"Участвуете в конкурсе";2099379;"20.07.2026 в 18:12"
844;1;"—";250;"84 77 86";3;"Конкурсная группа исключена";1440841;"01.07.2026 в 22:12"
845;1;"—";250;"84 77 86";3;"Участвуете в конкурсе";1720502;"06.07.2026 в 19:23"
846;2;"—";250;"86 80 81";3;"Конкурсная группа исключена";1787593;"07.07.2026 в 18:52"
847;2;"—";250;"84 85 78";3;"Участвуете в конкурсе";2048325;"13.07.2026 в 18:45"
848;2;"—";250;"76 85 86";3;"Участвуете в конкурсе";2231141;"18.07.2026 в 13:50"
849;1;"—";250;"86 88 73";3;"Участвуете в конкурсе";2336960;"21.07.2026 в 17:50"
850;2;"—";249;"86 88 75";0;"Участвуете в конкурсе";959558;"20.06.2026 в 11:57"
851;2;"—";249;"92 88 69";0;"Участвуете в конкурсе";1203306;"28.06.2026 в 18:05"
852;2;"—";249;"88 83 78";0;"Участвуете в конкурсе";1213778;"28.06.2026 в 23:00"
853;2;"—";249;"86 80 83";0;"Участвуете в конкурсе";1237983;"21.07.2026 в 19:11"
854;1;"—";249;"85 86 78";0;"Участвуете в конкурсе";1334557;"30.06.2026 в 15:20"
855;2;"—";249;"88 83 78";0;"Участвуете в конкурсе";1366429;"01.07.2026 в 00:11"
856;2;"—";249;"80 83 86";0;"Участвуете в конкурсе";1984806;"11.07.2026 в 19:01"
857;2;"—";249;"100 80 69";0;"Участвуете в конкурсе";2181476;"17.07.2026 в 22:00"
858;1;"—";249;"74 86 86";3;"Участвуете в конкурсе";1438674;"01.07.2026 в 21:27"
859;2;"—";249;"92 81 73";3;"На рассмотрении";1552456;"03.07.2026 в 17:12"
860;1;"—";249;"84 71 91";3;"Конкурсная группа исключена";1582591;"21.07.2026 в 04:04"
861;1;"—";249;"80 83 83";3;"Участвуете в конкурсе";1726266;"06.07.2026 в 21:34"
862;1;"—";249;"78 85 83";3;"Участвуете в конкурсе";2374824;"23.07.2026 в 10:15"
863;2;"—";248;"84 83 81";0;"Участвуете в конкурсе";965807;"22.06.2026 в 13:33"
864;1;"—";248;"88 85 75";0;"Участвуете в конкурсе";1205941;"28.06.2026 в 19:02"
865;2;"—";248;"74 83 91";0;"Конкурсная группа исключена";1632559;"05.07.2026 в 13:47"
866;1;"—";248;"82 80 86";0;"Участвуете в конкурсе";1647316;"05.07.2026 в 18:45"
867;1;"—";248;"84 83 81";0;"Участвуете в конкурсе";1687860;"06.07.2026 в 13:05"
868;2;"—";248;"88 85 75";0;"Участвуете в конкурсе";1819374;"24.07.2026 в 17:20"
869;1;"—";248;"84 83 81";0;"Участвуете в конкурсе";2089321;"14.07.2026 в 16:37"
870;2;"—";248;"86 98 64";0;"Участвуете в конкурсе";2207136;"17.07.2026 в 13:52"
871;1;"—";248;"86 90 72";0;"Участвуете в конкурсе";2255466;"19.07.2026 в 01:26"
872;1;"—";248;"82 88 75";3;"Участвуете в конкурсе";944205;"21.06.2026 в 13:23"
873;2;"—";248;"82 88 75";3;"Участвуете в конкурсе";1899790;"09.07.2026 в 16:30"
874;2;"—";248;"82 85 75";6;"Участвуете в конкурсе";1363421;"30.06.2026 в 22:30"
875;2;"—";247;"88 93 66";0;"Участвуете в конкурсе";990589;"21.06.2026 в 10:31"
876;2;"—";247;"84 80 83";0;"Участвуете в конкурсе";1007260;"22.06.2026 в 06:23"
877;1;"—";247;"92 85 70";0;"Участвуете в конкурсе";1200920;"22.07.2026 в 00:39"
878;2;"—";247;"88 78 81";0;"Участвуете в конкурсе";1254394;"29.06.2026 в 21:35"
879;2;"—";247;"92 83 72";0;"Участвуете в конкурсе";1349656;"10.07.2026 в 14:18"
880;2;"—";247;"88 78 81";0;"Участвуете в конкурсе";1436103;"07.07.2026 в 15:00"
881;1;"—";247;"95 83 69";0;"Конкурсная группа исключена";1522349;"03.07.2026 в 01:15"
882;2;"—";247;"84 80 83";0;"Участвуете в конкурсе";1904071;"09.07.2026 в 17:53"
883;2;"—";247;"94 83 70";0;"Участвуете в конкурсе";2001567;"12.07.2026 в 19:21"
884;1;"—";247;"88 78 81";0;"Участвуете в конкурсе";2115070;"15.07.2026 в 11:54"
885;1;"—";247;"86 80 81";0;"Участвуете в конкурсе";2163021;"16.07.2026 в 14:26"
886;2;"—";247;"76 90 81";0;"Участвуете в конкурсе";2239701;"20.07.2026 в 17:16"
887;2;"—";247;"86 75 86";0;"Участвуете в конкурсе";2267831;"19.07.2026 в 18:42"
888;1;"—";247;"80 83 81";3;"Участвуете в конкурсе";1191335;"28.06.2026 в 13:02"
889;1;"—";247;"88 70 86";3;"Участвуете в конкурсе";1557402;"10.07.2026 в 05:16"
890;2;"—";247;"80 83 81";3;"Участвуете в конкурсе";1716134;"06.07.2026 в 17:57"
891;1;"—";246;"88 83 75";0;"Участвуете в конкурсе";954001;"20.06.2026 в 10:55"
892;2;"—";246;"92 85 69";0;"Участвуете в конкурсе";1182721;"28.06.2026 в 02:42"
893;2;"—";246;"74 83 89";0;"Участвуете в конкурсе";1191350;"28.06.2026 в 13:02"
894;2;"—";246;"86 90 70";0;"Участвуете в конкурсе";1438724;"01.07.2026 в 21:28"
895;1;"—";246;"88 83 75";0;"Участвуете в конкурсе";1617548;"04.07.2026 в 17:14"
896;2;"—";246;"82 78 86";0;"Участвуете в конкурсе";2090777;"14.07.2026 в 17:09"
897;1;"—";246;"80 88 78";0;"Участвуете в конкурсе";2201916;"17.07.2026 в 12:35"
898;2;"—";246;"82 72 89";3;"Участвуете в конкурсе";2337152;"21.07.2026 в 17:55"
899;2;"—";245;"92 75 78";0;"Участвуете в конкурсе";831600;"27.06.2026 в 12:21"
900;2;"—";245;"86 78 81";0;"Участвуете в конкурсе";975399;"03.07.2026 в 18:22"
901;2;"—";245;"88 88 69";0;"Участвуете в конкурсе";1203924;"28.06.2026 в 18:06"
902;2;"—";245;"94 70 81";0;"Участвуете в конкурсе";1212565;"28.06.2026 в 22:16"
903;1;"—";245;"82 85 78";0;"Участвуете в конкурсе";1404119;"01.07.2026 в 13:55"
904;2;"—";245;"76 88 81";0;"Участвуете в конкурсе";1479599;"06.07.2026 в 14:50"
905;2;"—";245;"84 83 78";0;"Участвуете в конкурсе";1553143;"03.07.2026 в 17:14"
906;1;"—";245;"86 73 86";0;"Участвуете в конкурсе";1899670;"09.07.2026 в 16:28"
907;2;"—";245;"84 78 83";0;"Участвуете в конкурсе";2263988;"20.07.2026 в 12:08"
908;1;"—";245;"92 80 70";3;"Участвуете в конкурсе";1555144;"16.07.2026 в 19:37"
909;1;"—";245;"80 79 83";3;"Конкурсная группа исключена";1659198;"06.07.2026 в 07:03"
910;1;"—";244;"78 83 83";0;"Конкурсная группа исключена";1724580;"06.07.2026 в 20:53"
911;1;"—";244;"86 80 78";0;"Участвуете в конкурсе";2139132;"15.07.2026 в 20:42"
912;2;"—";244;"92 83 69";0;"Участвуете в конкурсе";2382038;"23.07.2026 в 14:04"
913;1;"—";244;"80 72 89";3;"Участвуете в конкурсе";1352371;"30.06.2026 в 18:48"
914;1;"—";244;"82 73 86";3;"Участвуете в конкурсе";1427624;"01.07.2026 в 18:09"
915;1;"—";244;"80 78 83";3;"Участвуете в конкурсе";2340235;"21.07.2026 в 20:06"
916;2;"—";243;"88 83 72";0;"Конкурсная группа исключена";1181704;"02.07.2026 в 15:18"
917;2;"—";243;"82 70 91";0;"Участвуете в конкурсе";1267294;"29.06.2026 в 21:52"
918;2;"—";243;"80 85 78";0;"Участвуете в конкурсе";1359006;"20.07.2026 в 13:54"
919;2;"—";243;"82 88 73";0;"Участвуете в конкурсе";1578964;"03.07.2026 в 19:56"
920;2;"—";243;"80 85 78";0;"Участвуете в конкурсе";1635276;"05.07.2026 в 13:06"
921;1;"—";243;"84 75 81";3;"Участвуете в конкурсе";1027917;"22.06.2026 в 14:25"
922;2;"—";243;"82 80 78";3;"Участвуете в конкурсе";1857022;"08.07.2026 в 22:30"
923;2;"—";243;"95 67 78";3;"На рассмотрении";1857884;"17.07.2026 в 09:10"
924;1;"—";243;"90 59 91";3;"Конкурсная группа исключена";1973995;"11.07.2026 в 12:15"
925;2;"—";243;"80 90 70";3;"Участвуете в конкурсе";2035471;"13.07.2026 в 14:38"
926;2;"—";242;"94 75 73";0;"Участвуете в конкурсе";1118490;"25.06.2026 в 12:41"
927;1;"—";242;"78 83 81";0;"Участвуете в конкурсе";1612446;"07.07.2026 в 20:57"
928;2;"—";242;"86 83 73";0;"Участвуете в конкурсе";2256174;"19.07.2026 в 06:28"
929;1;"—";242;"84 80 78";0;"Конкурсная группа исключена";2271305;"24.07.2026 в 13:03"
930;2;"—";242;"84 80 75";3;"Участвуете в конкурсе";1132771;"25.06.2026 в 22:25"
931;2;"—";242;"86 78 75";3;"Участвуете в конкурсе";1153998;"26.06.2026 в 17:32"
932;2;"—";242;"78 72 89";3;"Участвуете в конкурсе";1294489;"30.06.2026 в 06:12"
933;1;"—";242;"78 78 83";3;"Участвуете в конкурсе";1626458;"24.07.2026 в 15:50"
934;2;"—";241;"78 88 75";0;"Участвуете в конкурсе";1790985;"07.07.2026 в 20:12"
935;1;"Да";241;"80 83 78";0;"Участвуете в конкурсе";1792634;"07.07.2026 в 20:55"
936;2;"—";241;"88 62 91";0;"На рассмотрении";2176542;"16.07.2026 в 19:26"
937;2;"—";241;"92 88 61";0;"Участвуете в конкурсе";2265391;"19.07.2026 в 16:52"
938;2;"—";241;"86 85 70";0;"Участвуете в конкурсе";2270876;"19.07.2026 в 21:16"
939;1;"Да";241;"82 83 73";3;"Участвуете в конкурсе";1179056;"27.06.2026 в 20:54"
940;1;"—";241;"82 83 73";3;"Участвуете в конкурсе";1285340;"29.06.2026 в 22:03"
941;2;"—";241;"84 88 66";3;"Участвуете в конкурсе";1857222;"08.07.2026 в 22:37"
942;2;"—";241;"88 78 72";3;"Конкурсная группа исключена";1981365;"11.07.2026 в 16:13"
943;1;"—";240;"90 80 70";0;"Конкурсная группа исключена";1626545;"04.07.2026 в 22:58"
944;2;"—";240;"74 85 81";0;"Участвуете в конкурсе";2029684;"20.07.2026 в 11:33"
945;1;"—";240;"86 85 69";0;"Участвуете в конкурсе";2141004;"15.07.2026 в 22:13"
946;1;"—";240;"74 75 91";0;"Участвуете в конкурсе";2308187;"20.07.2026 в 19:05"
947;2;"—";240;"84 78 75";3;"Участвуете в конкурсе";1492822;"02.07.2026 в 15:29"
948;2;"—";240;"76 64 97";3;"На рассмотрении";1569413;"03.07.2026 в 18:29"
949;2;"—";240;"78 70 89";3;"Участвуете в конкурсе";1703041;"06.07.2026 в 15:43"
950;1;"—";239;"76 85 78";0;"Участвуете в конкурсе";1433473;"01.07.2026 в 19:51"
951;1;"—";239;"78 83 78";0;"Конкурсная группа исключена";1512852;"02.07.2026 в 20:24"
952;1;"—";239;"90 68 81";0;"На рассмотрении";1520460;"02.07.2026 в 23:30"
953;2;"—";239;"95 80 64";0;"Участвуете в конкурсе";1561283;"18.07.2026 в 22:52"
954;2;"—";239;"80 70 89";0;"Конкурсная группа исключена";1700812;"06.07.2026 в 15:28"
955;1;"—";239;"82 85 72";0;"Участвуете в конкурсе";1977864;"11.07.2026 в 14:05"
956;2;"—";239;"74 93 66";6;"Конкурсная группа исключена";995760;"21.06.2026 в 14:38"
957;1;"—";238;"82 83 73";0;"Участвуете в конкурсе";1177182;"10.07.2026 в 17:00"
958;2;"—";238;"80 83 75";0;"Участвуете в конкурсе";1440465;"01.07.2026 в 22:04"
959;2;"—";238;"84 88 66";0;"Участвуете в конкурсе";1605100;"04.07.2026 в 12:53"
960;2;"—";238;"78 90 70";0;"Конкурсная группа исключена";1633810;"05.07.2026 в 12:16"
961;2;"—";238;"78 85 75";0;"Участвуете в конкурсе";1753980;"11.07.2026 в 15:57"
962;2;"—";238;"90 75 73";0;"Участвуете в конкурсе";1791216;"07.07.2026 в 20:17"
963;2;"—";238;"82 78 78";0;"Участвуете в конкурсе";1953657;"10.07.2026 в 16:52"
964;2;"—";238;"100 80 58";0;"Конкурсная группа исключена";1963242;"10.07.2026 в 23:04"
965;2;"—";238;"80 75 83";0;"Участвуете в конкурсе";1969072;"11.07.2026 в 10:12"
966;2;"—";238;"82 83 73";0;"Участвуете в конкурсе";2000422;"23.07.2026 в 15:43"
967;1;"—";238;"86 80 72";0;"Участвуете в конкурсе";2367179;"22.07.2026 в 20:09"
968;2;"—";238;"74 78 83";3;"Участвуете в конкурсе";1176825;"04.07.2026 в 20:37"
969;1;"—";238;"80 86 69";3;"Конкурсная группа исключена";1727651;"07.07.2026 в 00:52"
970;2;"—";237;"84 80 73";0;"Участвуете в конкурсе";1186086;"30.06.2026 в 17:51"
971;2;"—";237;"82 88 67";0;"Участвуете в конкурсе";1257459;"29.06.2026 в 21:39"
972;1;"Да";237;"74 72 91";0;"Участвуете в конкурсе";1574200;"03.07.2026 в 18:51"
973;1;"—";237;"78 81 78";0;"Участвуете в конкурсе";1610530;"14.07.2026 в 22:39"
974;1;"—";237;"74 77 86";0;"Участвуете в конкурсе";1619737;"05.07.2026 в 17:46"
975;2;"—";237;"74 100 63";0;"Участвуете в конкурсе";1987812;"11.07.2026 в 22:25"
976;1;"—";237;"76 72 86";3;"Участвуете в конкурсе";1056173;"28.06.2026 в 09:44"
977;2;"—";237;"86 75 73";3;"Участвуете в конкурсе";2221962;"17.07.2026 в 18:16"
978;1;"—";237;"76 75 83";3;"Участвуете в конкурсе";2341029;"21.07.2026 в 20:46"
979;2;"—";236;"86 67 83";0;"На рассмотрении";1076278;"23.06.2026 в 22:02"
980;2;"—";236;"88 85 63";0;"Конкурсная группа исключена";1212265;"06.07.2026 в 13:43"
981;2;"—";236;"84 80 72";0;"Конкурсная группа исключена";1260674;"29.06.2026 в 21:44"
982;1;"—";236;"70 72 94";0;"Участвуете в конкурсе";1264711;"29.06.2026 в 21:49"
983;1;"—";236;"86 72 78";0;"Участвуете в конкурсе";1609832;"04.07.2026 в 14:16"
984;2;"—";236;"86 80 70";0;"Участвуете в конкурсе";2258887;"22.07.2026 в 21:18"
985;2;"—";236;"86 72 75";3;"Конкурсная группа исключена";1975631;"16.07.2026 в 11:57"
986;2;"—";235;"80 88 67";0;"Конкурсная группа исключена";2139816;"16.07.2026 в 14:05"
987;1;"—";235;"82 77 73";3;"Участвуете в конкурсе";1836349;"08.07.2026 в 15:34"
988;2;"—";234;"76 83 75";0;"Участвуете в конкурсе";1248025;"29.06.2026 в 21:27"
989;1;"—";234;"76 85 73";0;"Участвуете в конкурсе";1679030;"12.07.2026 в 14:19"
990;1;"—";234;"74 63 94";3;"Конкурсная группа исключена";1212602;"11.07.2026 в 19:41"
991;1;"—";234;"76 72 83";3;"Участвуете в конкурсе";1403672;"20.07.2026 в 13:49"
992;1;"—";234;"78 75 78";3;"Конкурсная группа исключена";1560307;"03.07.2026 в 17:50"
993;2;"—";233;"70 78 85";0;"Участвуете в конкурсе";973949;"20.06.2026 в 15:39"
994;2;"—";233;"80 78 75";0;"Участвуете в конкурсе";1211259;"28.06.2026 в 21:32"
995;2;"—";233;"78 80 75";0;"Участвуете в конкурсе";1293377;"05.07.2026 в 21:53"
996;2;"—";233;"78 85 70";0;"Участвуете в конкурсе";1760970;"07.07.2026 в 13:53"
997;1;"—";233;"80 70 83";0;"Участвуете в конкурсе";1896034;"19.07.2026 в 17:37"
998;1;"—";233;"88 81 64";0;"Участвуете в конкурсе";2182469;"16.07.2026 в 23:22"
999;1;"—";233;"78 85 70";0;"На рассмотрении";2253852;"18.07.2026 в 22:26"
1000;2;"—";233;"72 80 78";3;"Участвуете в конкурсе";1450603;"02.07.2026 в 07:46"
1001;2;"—";232;"88 80 64";0;"Конкурсная группа исключена";983564;"19.07.2026 в 15:01"
1002;2;"—";232;"82 75 75";0;"Участвуете в конкурсе";996102;"21.06.2026 в 14:55"
1003;1;"—";232;"82 84 66";0;"Участвуете в конкурсе";1266561;"13.07.2026 в 22:42"
1004;1;"—";232;"81 81 70";0;"На рассмотрении";1492936;"02.07.2026 в 15:30"
1005;1;"—";232;"78 68 86";0;"На рассмотрении";1775661;"07.07.2026 в 15:40"
1006;1;"—";232;"80 83 69";0;"Участвуете в конкурсе";2165341;"17.07.2026 в 17:59"
1007;1;"—";232;"72 85 75";0;"Участвуете в конкурсе";2332805;"21.07.2026 в 15:48"
1008;1;"—";232;"82 72 75";3;"Участвуете в конкурсе";2260794;"19.07.2026 в 13:31"
1009;2;"—";231;"84 75 72";0;"Конкурсная группа исключена";1605327;"12.07.2026 в 17:56"
1010;2;"—";231;"78 72 81";0;"Участвуете в конкурсе";2032785;"13.07.2026 в 14:02"
1011;1;"—";231;"84 78 69";0;"Участвуете в конкурсе";2085942;"14.07.2026 в 15:38"
1012;2;"—";231;"78 75 75";3;"Конкурсная группа исключена";1731696;"17.07.2026 в 00:46"
1013;1;"—";231;"82 73 73";3;"Участвуете в конкурсе";2116410;"22.07.2026 в 15:01"
1014;1;"Да";231;"70 85 73";3;"Участвуете в конкурсе";2170143;"16.07.2026 в 16:29"
1015;1;"—";230;"72 83 75";0;"Участвуете в конкурсе";1344892;"24.07.2026 в 01:25"
1016;2;"—";230;"80 78 72";0;"Участвуете в конкурсе";1945993;"10.07.2026 в 14:51"
1017;1;"—";230;"76 73 81";0;"Участвуете в конкурсе";2073221;"26.07.2026 в 14:31"
1018;2;"—";230;"86 78 66";0;"Участвуете в конкурсе";2243826;"18.07.2026 в 14:23"
1019;1;"—";230;"74 75 78";3;"Участвуете в конкурсе";1474104;"20.07.2026 в 12:19"
1020;2;"—";230;"82 67 78";3;"Конкурсная группа исключена";1916214;"10.07.2026 в 01:14"
1021;1;"—";229;"86 80 63";0;"Участвуете в конкурсе";1211132;"28.06.2026 в 21:29"
1022;1;"—";229;"82 80 67";0;"Участвуете в конкурсе";1255155;"30.06.2026 в 03:02"
1023;2;"—";229;"72 88 69";0;"Конкурсная группа исключена";1579689;"04.07.2026 в 14:09"
1024;1;"—";229;"78 78 73";0;"Участвуете в конкурсе";1780518;"07.07.2026 в 16:40"
1025;1;"—";229;"80 83 66";0;"Участвуете в конкурсе";2199472;"17.07.2026 в 12:01"
1026;1;"—";229;"76 77 73";3;"Участвуете в конкурсе";2033047;"13.07.2026 в 14:14"
1027;1;"—";228;"80 78 70";0;"Конкурсная группа исключена";950108;"27.06.2026 в 22:14"
1028;2;"—";228;"92 75 61";0;"Участвуете в конкурсе";1256914;"29.06.2026 в 21:38"
1029;2;"—";228;"78 83 67";0;"Участвуете в конкурсе";1587425;"04.07.2026 в 02:57"
1030;2;"—";228;"80 75 73";0;"Участвуете в конкурсе";1871242;"09.07.2026 в 10:39"
1031;2;"—";228;"78 56 91";3;"На рассмотрении";968198;"28.07.2026 в 15:17"
1032;2;"—";227;"80 78 69";0;"Участвуете в конкурсе";1207832;"28.06.2026 в 19:53"
1033;2;"—";227;"92 62 73";0;"На рассмотрении";1650544;"11.07.2026 в 23:26"
1034;2;"—";227;"74 78 75";0;"Конкурсная группа исключена";1689983;"10.07.2026 в 15:26"
1035;2;"—";227;"82 72 73";0;"Участвуете в конкурсе";1693558;"06.07.2026 в 14:03"
1036;1;"—";226;"82 72 72";0;"Участвуете в конкурсе";1042898;"30.06.2026 в 13:49"
1037;1;"—";226;"76 75 75";0;"Участвуете в конкурсе";1540522;"03.07.2026 в 14:00"
1038;2;"—";226;"70 75 78";3;"Участвуете в конкурсе";1035808;"22.06.2026 в 17:20"
1039;2;"—";225;"78 77 70";0;"Участвуете в конкурсе";966688;"20.06.2026 в 13:26"
1040;2;"—";225;"84 72 69";0;"Конкурсная группа исключена";980053;"21.06.2026 в 18:43"
1041;1;"—";225;"72 72 81";0;"Участвуете в конкурсе";987056;"29.06.2026 в 21:32"
1042;1;"—";225;"70 80 75";0;"Участвуете в конкурсе";1339077;"24.07.2026 в 12:27"
1043;1;"—";225;"80 70 75";0;"Участвуете в конкурсе";1610869;"04.07.2026 в 14:36"
1044;1;"—";225;"76 88 61";0;"Участвуете в конкурсе";1959985;"11.07.2026 в 22:47"
1045;2;"—";225;"80 56 89";0;"На рассмотрении";1963972;"11.07.2026 в 00:05"
1046;2;"—";225;"72 64 89";0;"На рассмотрении";1987603;"11.07.2026 в 22:09"
1047;2;"—";224;"76 78 70";0;"Конкурсная группа исключена";983736;"20.06.2026 в 21:24"
1048;1;"—";224;"84 71 69";0;"Конкурсная группа исключена";1066642;"01.07.2026 в 16:00"
1049;2;"—";224;"76 88 60";0;"Участвуете в конкурсе";1089434;"20.07.2026 в 17:59"
1050;1;"—";224;"82 78 64";0;"Конкурсная группа исключена";1122537;"25.06.2026 в 14:25"
1051;1;"—";224;"82 67 75";0;"Участвуете в конкурсе";2180095;"16.07.2026 в 21:42"
1052;2;"—";224;"78 88 58";0;"На рассмотрении";2226433;"17.07.2026 в 20:54"
1053;1;"—";224;"80 72 72";0;"Участвуете в конкурсе";2425609;"25.07.2026 в 16:31"
1054;2;"—";223;"72 90 61";0;"Участвуете в конкурсе";963416;"20.06.2026 в 12:41"
1055;2;"—";223;"80 80 63";0;"Участвуете в конкурсе";1205655;"28.06.2026 в 18:54"
1056;1;"—";223;"90 75 58";0;"Конкурсная группа исключена";1423335;"09.07.2026 в 03:40"
1057;1;"—";223;"78 67 78";0;"Конкурсная группа исключена";1981139;"24.07.2026 в 16:46"
1058;2;"—";223;"88 75 60";0;"Участвуете в конкурсе";2133115;"15.07.2026 в 17:04"
1059;1;"—";223;"76 72 75";0;"Конкурсная группа исключена";2353464;"22.07.2026 в 12:14"
1060;1;"—";223;"72 75 73";3;"Конкурсная группа исключена";1431582;"01.07.2026 в 19:17"
1061;2;"—";222;"88 70 64";0;"Конкурсная группа исключена";1063310;"23.06.2026 в 14:36"
1062;1;"—";222;"80 72 70";0;"Конкурсная группа исключена";1851398;"08.07.2026 в 19:42"
1063;1;"—";222;"78 77 67";0;"Участвуете в конкурсе";2184744;"17.07.2026 в 02:13"
1064;2;"—";222;"72 75 75";0;"Участвуете в конкурсе";2224808;"17.07.2026 в 20:47"
1065;2;"—";222;"76 70 73";3;"Конкурсная группа исключена";1275478;"04.07.2026 в 15:41"
1066;2;"—";222;"76 83 60";3;"Конкурсная группа исключена";1942868;"10.07.2026 в 14:10"
1067;1;"—";222;"84 54 81";3;"На рассмотрении";2227877;"17.07.2026 в 21:59"
1068;2;"—";221;"82 72 67";0;"Конкурсная группа исключена";1340357;"06.07.2026 в 13:48"
1069;1;"—";221;"74 80 67";0;"Участвуете в конкурсе";1355062;"30.06.2026 в 19:36"
1070;2;"—";221;"76 72 73";0;"Участвуете в конкурсе";1363282;"30.06.2026 в 22:27"
1071;1;"—";221;"84 67 70";0;"Конкурсная группа исключена";1847688;"08.07.2026 в 18:11"
1072;1;"—";221;"72 71 78";0;"Участвуете в конкурсе";2325078;"21.07.2026 в 12:21"
1073;1;"—";221;"76 70 72";3;"Участвуете в конкурсе";2004514;"12.07.2026 в 22:11"
1074;1;"—";220;"78 75 67";0;"Участвуете в конкурсе";1257628;"29.06.2026 в 21:39"
1075;2;"—";220;"76 80 64";0;"Участвуете в конкурсе";1438657;"01.07.2026 в 21:27"
1076;1;"—";220;"78 78 64";0;"Конкурсная группа исключена";1613930;"04.07.2026 в 18:27"
1077;2;"—";220;"86 40 94";0;"На рассмотрении";1720355;"25.07.2026 в 12:48"
1078;2;"—";220;"84 64 72";0;"На рассмотрении";1730567;"07.07.2026 в 00:12"
1079;2;"—";220;"76 75 69";0;"Участвуете в конкурсе";2179289;"16.07.2026 в 21:09"
1080;2;"—";220;"84 75 61";0;"Участвуете в конкурсе";2365941;"25.07.2026 в 16:03"
1081;2;"—";220;"76 78 66";0;"Участвуете в конкурсе";2420645;"25.07.2026 в 11:38"
1082;1;"—";219;"78 72 69";0;"Участвуете в конкурсе";1201110;"21.07.2026 в 22:03"
1083;1;"—";219;"80 72 67";0;"Участвуете в конкурсе";1257994;"29.06.2026 в 21:39"
1084;1;"—";219;"74 75 70";0;"Участвуете в конкурсе";1353498;"30.06.2026 в 19:09"
1085;2;"—";219;"74 72 73";0;"Конкурсная группа исключена";1574968;"22.07.2026 в 17:37"
1086;2;"—";219;"86 64 69";0;"На рассмотрении";1901988;"17.07.2026 в 22:22"
1087;1;"—";218;"96 81 41";0;"На рассмотрении";1914037;"09.07.2026 в 22:54"
1088;2;"—";218;"76 75 67";0;"Конкурсная группа исключена";2192880;"18.07.2026 в 14:36"
1089;2;"—";218;"92 72 54";0;"Участвуете в конкурсе";2213248;"17.07.2026 в 15:21"
1090;2;"—";218;"84 62 72";0;"На рассмотрении";2241011;"21.07.2026 в 18:32"
1091;1;"—";218;"70 67 78";3;"На рассмотрении";1599113;"04.07.2026 в 11:23"
1092;2;"—";218;"72 70 73";3;"Конкурсная группа исключена";2192492;"17.07.2026 в 18:13"
1093;1;"—";217;"76 71 70";0;"Конкурсная группа исключена";1190586;"28.06.2026 в 12:43"
1094;1;"—";217;"76 72 69";0;"Участвуете в конкурсе";1252795;"13.07.2026 в 16:30"
1095;2;"—";217;"78 75 64";0;"Участвуете в конкурсе";1883416;"20.07.2026 в 23:13"
1096;2;"—";216;"72 75 69";0;"Участвуете в конкурсе";1454040;"02.07.2026 в 15:53"
1097;2;"—";215;"80 72 63";0;"Конкурсная группа исключена";1043918;"23.06.2026 в 00:06"
1098;1;"—";215;"74 63 78";0;"На рассмотрении";1856283;"20.07.2026 в 13:08"
1099;1;"—";215;"70 75 70";0;"Участвуете в конкурсе";1960570;"10.07.2026 в 20:36"
1100;1;"—";215;"64 73 78";0;"Конкурсная группа исключена";2222801;"17.07.2026 в 18:43"
1101;2;"—";215;"70 75 70";0;"Участвуете в конкурсе";2349876;"22.07.2026 в 10:39"
1102;2;"—";214;"74 70 70";0;"Участвуете в конкурсе";992269;"09.07.2026 в 14:52"
1103;1;"—";214;"76 78 60";0;"Участвуете в конкурсе";1824704;"25.07.2026 в 14:56"
1104;1;"—";214;"80 70 64";0;"Конкурсная группа исключена";2270994;"22.07.2026 в 00:39"
1105;1;"—";213;"78 72 63";0;"На рассмотрении";1128133;"29.06.2026 в 21:06"
1106;2;"—";213;"58 85 70";0;"Конкурсная группа исключена";1281570;"29.06.2026 в 22:00"
1107;1;"—";213;"72 71 70";0;"Участвуете в конкурсе";1831416;"08.07.2026 в 15:00"
1108;2;"—";213;"76 70 67";0;"Участвуете в конкурсе";1912717;"09.07.2026 в 22:05"
1109;1;"—";212;"74 72 66";0;"Конкурсная группа исключена";2162330;"16.07.2026 в 14:15"
1110;2;"—";212;"80 72 60";0;"Участвуете в конкурсе";2355690;"22.07.2026 в 13:10"
1111;2;"—";211;"90 48 73";0;"На рассмотрении";1775931;"20.07.2026 в 17:51"
1112;1;"—";210;"72 68 70";0;"Конкурсная группа исключена";960566;"20.06.2026 в 12:08"
1113;1;"—";210;"76 64 70";0;"На рассмотрении";1360791;"30.06.2026 в 21:30"
1114;1;"—";210;"74 67 69";0;"На рассмотрении";1407967;"01.07.2026 в 14:30"
1115;1;"—";210;"72 75 63";0;"Участвуете в конкурсе";1684140;"06.07.2026 в 12:38"
1116;2;"—";210;"76 64 70";0;"На рассмотрении";2261114;"19.07.2026 в 15:18"
1117;1;"—";210;"64 71 72";3;"На рассмотрении";1181550;"28.06.2026 в 00:18"
1118;1;"—";209;"88 40 81";0;"На рассмотрении";1359177;"01.07.2026 в 16:29"
1119;1;"—";209;"76 64 69";0;"Конкурсная группа исключена";1655542;"07.07.2026 в 18:56"
1120;1;"—";208;"80 64 64";0;"На рассмотрении";2260100;"19.07.2026 в 12:58"
1121;2;"—";208;"74 59 75";0;"На рассмотрении";2349058;"22.07.2026 в 10:12"
1122;1;"—";208;"70 72 63";3;"Участвуете в конкурсе";1180435;"28.06.2026 в 11:27"
1123;2;"—";208;"72 70 63";3;"Участвуете в конкурсе";1206302;"08.07.2026 в 17:55"
1124;2;"—";207;"74 70 63";0;"Участвуете в конкурсе";1347437;"30.06.2026 в 17:28"
1125;1;"—";207;"70 67 70";0;"На рассмотрении";2045340;"13.07.2026 в 17:13"
1126;2;"—";207;"72 75 60";0;"Конкурсная группа исключена";2392397;"25.07.2026 в 13:55"
1127;1;"—";206;"52 76 78";0;"На рассмотрении";1428520;"05.07.2026 в 20:30"
1128;1;"—";206;"72 73 61";0;"Участвуете в конкурсе";1986656;"11.07.2026 в 20:58"
1129;1;"—";204;"70 70 64";0;"Участвуете в конкурсе";2417077;"25.07.2026 в 04:01"
1130;1;"—";203;"80 62 61";0;"Вуз отклонил выбор конкурсной группы";966594;"20.06.2026 в 13:24"
1131;2;"—";203;"82 67 54";0;"На рассмотрении";1292264;"30.06.2026 в 01:17"
1132;2;"—";203;"64 78 61";0;"На рассмотрении";1768958;"08.07.2026 в 22:20"
1133;2;"—";202;"64 72 66";0;"Конкурсная группа исключена";1694929;"06.07.2026 в 14:22"
1134;1;"—";202;"70 57 75";0;"Конкурсная группа исключена";1915585;"10.07.2026 в 00:14"
1135;1;"—";201;"58 70 70";3;"На рассмотрении";1571805;"04.07.2026 в 13:32"
1136;1;"—";196;"70 62 64";0;"Конкурсная группа исключена";1166066;"27.06.2026 в 12:08"
1137;2;"—";195;"88 48 59";0;"На рассмотрении";1366540;"18.07.2026 в 22:34"
1138;2;"—";195;"95 97";3;"На рассмотрении";1422483;"01.07.2026 в 16:55"
1139;2;"—";193;"74 56 63";0;"На рассмотрении";1281087;"25.07.2026 в 00:01"
1140;2;"—";192;"95 94";3;"На рассмотрении";1575912;"03.07.2026 в 19:00"
1141;2;"—";191;"78 59 54";0;"Конкурсная группа исключена";994959;"21.06.2026 в 14:00"
1142;1;"—";189;"95 91";3;"На рассмотрении";1795152;"19.07.2026 в 16:07"
1143;2;"—";189;"100 86";3;"На рассмотрении";1995092;"23.07.2026 в 01:56"
1144;2;"—";189;"74 48 64";3;"На рассмотрении";2181526;"16.07.2026 в 23:44"
1145;2;"—";188;"88 100";0;"На рассмотрении";1917941;"14.07.2026 в 16:39"
1146;1;"—";188;"72 46 70";0;"Конкурсная группа исключена";1988092;"11.07.2026 в 22:50"
1147;2;"—";188;"96 89";3;"На рассмотрении";1254328;"29.06.2026 в 21:35"
1148;1;"—";187;"70 59 58";0;"На рассмотрении";1133749;"26.06.2026 в 00:12"
1149;1;"—";187;"52 72 63";0;"На рассмотрении";2232888;"18.07.2026 в 08:43"
1150;2;"—";186;"92 94";0;"На рассмотрении";1518528;"02.07.2026 в 22:32"
1151;2;"—";186;"86 97";3;"Участвуете в конкурсе";1625572;"21.07.2026 в 20:28"
1152;2;"—";186;"100 83";3;"Конкурсная группа исключена";2054997;"13.07.2026 в 22:51"
1153;2;"—";186;"86 97";3;"На рассмотрении";2344658;"22.07.2026 в 20:40"
1154;2;"—";185;"69 62 54";0;"Конкурсная группа исключена";1182114;"29.06.2026 в 00:06"
1155;2;"—";185;"64 51 70";0;"Конкурсная группа исключена";1722347;"06.07.2026 в 20:02"
1156;1;"—";185;"78 67 40";0;"Конкурсная группа исключена";2137293;"15.07.2026 в 19:28"
1157;2;"—";184;"88 96";0;"На рассмотрении";1044103;"12.07.2026 в 22:26"
1158;2;"Да";184;"90 91";3;"На рассмотрении";1404398;"01.07.2026 в 13:58"
1159;1;"—";183;"58 70 55";0;"На рассмотрении";1290011;"16.07.2026 в 18:09"
1160;1;"—";183;"85 95";3;"На рассмотрении";1146076;"26.06.2026 в 13:32"
1161;2;"—";182;"58 70 54";0;"На рассмотрении";2196931;"21.07.2026 в 06:40"
1162;2;"—";180;"78 51 48";3;"Конкурсная группа исключена";1244855;"08.07.2026 в 13:34"
1163;2;"—";180;"88 89";3;"На рассмотрении";1437891;"01.07.2026 в 21:12"
1164;1;"—";178;"78 51 49";0;"На рассмотрении";996197;"08.07.2026 в 18:24"
1165;1;"—";176;"64 45 67";0;"Конкурсная группа исключена";1290801;"29.06.2026 в 23:46"
1166;2;"—";176;"92 78";6;"На рассмотрении";1518262;"02.07.2026 в 22:25"
1167;2;"—";175;"94 81";0;"На рассмотрении";1606415;"22.07.2026 в 18:09"
1168;1;"—";174;"80 94";0;"На рассмотрении";1615430;"13.07.2026 в 09:04"
1169;1;"—";173;"92 81";0;"На рассмотрении";1845172;"20.07.2026 в 17:02"
1170;2;"—";173;"97 73";3;"Конкурсная группа исключена";1514870;"02.07.2026 в 21:05"
1171;1;"—";173;"86 84";3;"На рассмотрении";2157083;"16.07.2026 в 12:45"
1172;2;"—";171;"82 86";3;"На рассмотрении";1213915;"14.07.2026 в 15:56"
1173;1;"—";169;"88 81";0;"На рассмотрении";1590820;"22.07.2026 в 10:02"
1174;1;"—";168;"46 67 55";0;"Конкурсная группа исключена";2305664;"25.07.2026 в 07:37"
1175;1;"Да";165;"95 67";3;"Конкурсная группа исключена";1060600;"23.06.2026 в 13:42"
1176;1;"—";164;"94 67";3;"На рассмотрении";1351696;"30.06.2026 в 18:37"
1177;2;"—";164;"86 75";3;"Участвуете в конкурсе";1767395;"07.07.2026 в 14:16"
1178;1;"—";163;"90 73";0;"Конкурсная группа исключена";2161331;"16.07.2026 в 13:58"
1179;1;"—";163;"82 78";3;"На рассмотрении";1241972;"29.06.2026 в 21:20"
1180;2;"—";159;"86 73";0;"На рассмотрении";1695077;"23.07.2026 в 16:51"
1181;2;"—";158;"86 72";0;"Конкурсная группа исключена";986328;"21.06.2026 в 00:05"
1182;2;"—";158;"86 72";0;"На рассмотрении";2314884;"21.07.2026 в 00:28"
1183;1;"—";157;"84 73";0;"На рассмотрении";2179475;"17.07.2026 в 20:36"
1184;1;"—";157;"46 48 63";0;"Конкурсная группа исключена";2344268;"25.07.2026 в 17:32"
1185;1;"—";157;"90 64";3;"Участвуете в конкурсе";1898184;"28.07.2026 в 11:13"
1186;2;"—";156;"86 70";0;"На рассмотрении";1471865;"02.07.2026 в 12:20"
1187;1;"—";155;"86 69";0;"Конкурсная группа исключена";1043993;"23.06.2026 в 00:18"
1188;1;"—";152;"40 40 69";3;"На рассмотрении";2234743;"18.07.2026 в 10:16"
1189;2;"—";150;"40 67 43";0;"На рассмотрении";1199244;"05.07.2026 в 21:30"
1190;2;"—";150;"86 64";0;"На рассмотрении";2097947;"14.07.2026 в 21:14"
1191;1;"—";149;"80 69";0;"Конкурсная группа исключена";1290369;"29.06.2026 в 23:29"
1192;2;"—";149;"74 75";0;"На рассмотрении";2221419;"17.07.2026 в 17:59"
1193;2;"—";149;"52 46 48";3;"На рассмотрении";1194876;"28.06.2026 в 14:25"
1194;1;"—";148;"78 70";0;"На рассмотрении";1651405;"14.07.2026 в 21:24"
1195;1;"—";146;"82 64";0;"На рассмотрении";1173547;"27.06.2026 в 16:45"
1196;2;"—";145;"70 75";0;"На рассмотрении";1832272;"08.07.2026 в 14:30"
1197;1;"—";140;"80 60";0;"На рассмотрении";2211534;"17.07.2026 в 14:55"
1198;2;"—";140;"34 46 57";3;"На рассмотрении";2126166;"15.07.2026 в 14:55"
1199;2;"—";138;"72 66";0;"Конкурсная группа исключена";1942577;"13.07.2026 в 16:17"
1200;2;"—";137;"74 60";3;"На рассмотрении";2336677;"21.07.2026 в 17:40"
1201;2;"—";136;"40 51 45";0;"На рассмотрении";1261598;"22.07.2026 в 10:24"
1202;2;"—";135;"100 35";0;"На рассмотрении";1524288;"12.07.2026 в 10:17"
1203;2;"—";128;"46 40 42";0;"На рассмотрении";2314997;"24.07.2026 в 17:04"
1204;2;"—";125;"27 27 71";0;"На рассмотрении";1003730;"21.06.2026 в 23:21"
1205;2;"—";122;"52 70";0;"На рассмотрении";955055;"26.06.2026 в 17:33"
1206;2;"—";109;"64 45";0;"На рассмотрении";1591933;"24.07.2026 в 11:26"
1207;2;"—";106;"52 54";0;"На рассмотрении";2195868;"21.07.2026 в 20:24"
1208;1;"—";81;"78";3;"Конкурсная группа исключена";1093271;"12.07.2026 в 19:53"
1209;1;"—";79;"76";3;"На рассмотрении";1556000;"03.07.2026 в 17:25"
1210;1;"—";76;"73";3;"Конкурсная группа исключена";990144;"08.07.2026 в 17:38"
1211;1;"—";68;"28 40";0;"На рассмотрении";2206479;"18.07.2026 в 19:50"
1212;1;"—";41;"41";0;"На рассмотрении";1173977;"20.07.2026 в 17:35"
1213;1;"—";3;"";3;"На рассмотрении";972866;"14.07.2026 в 16:56"
1214;1;"—";3;"";3;"На рассмотрении";1405553;"01.07.2026 в 14:09"
1215;1;"—";3;"";3;"На рассмотрении";1537401;"14.07.2026 в 16:54"
1216;1;"—";3;"";3;"На рассмотрении";1621914;"15.07.2026 в 09:05"
1217;1;"—";3;"";3;"На рассмотрении";2349089;"22.07.2026 в 10:13"
1218;2;"—";0;"";0;"На рассмотрении";1073807;"05.07.2026 в 16:20"
1219;2;"—";0;"";0;"На рассмотрении";1152322;"26.06.2026 в 16:23"
1220;1;"—";0;"";0;"Конкурсная группа исключена";1164850;"08.07.2026 в 13:16"
1221;1;"—";0;"";0;"Конкурсная группа исключена";1213328;"30.06.2026 в 14:13"
1222;1;"—";0;"";0;"Конкурсная группа исключена";1340738;"30.06.2026 в 16:03"
1223;2;"—";0;"";0;"На рассмотрении";1391692;"01.07.2026 в 12:04"
1224;2;"—";0;"";0;"На рассмотрении";1499130;"02.07.2026 в 16:36"
1225;2;"—";0;"";0;"На рассмотрении";1653569;"18.07.2026 в 19:56"
1226;2;"—";0;"";0;"Конкурсная группа исключена";1766432;"13.07.2026 в 15:58"
1227;1;"—";0;"";0;"На рассмотрении";1781863;"13.07.2026 в 15:26"
1228;1;"—";0;"";0;"На рассмотрении";1781953;"13.07.2026 в 15:41"
1229;1;"—";0;"";0;"На рассмотрении";1861402;"28.07.2026 в 18:26"
1230;1;"—";0;"";0;"На рассмотрении";1947915;"12.07.2026 в 14:13"
1231;1;"—";0;"";0;"Конкурсная группа исключена";1981177;"22.07.2026 в 13:39"
1232;2;"—";0;"";0;"На рассмотрении";2057782;"14.07.2026 в 14:53"
1233;2;"—";0;"";0;"Конкурсная группа исключена";2084371;"14.07.2026 в 15:13"
1234;1;"—";0;"";0;"На рассмотрении";2136823;"15.07.2026 в 19:11"
1235;2;"—";0;"";0;"Конкурсная группа исключена";2232929;"18.07.2026 в 08:46"
1236;1;"—";0;"";0;"Конкурсная группа исключена";2255662;"19.07.2026 в 14:43"
1237;2;"—";0;"";0;"На рассмотрении";2370721;"29.07.2026 в 02:29"
1238;1;"—";0;"";0;"Передано в вуз";2484091;"30.07.2026 в 19:58"