"Порядковый номер";"Приоритет конкурса";"Подано согласие";"Сумма баллов";"Баллы за ВИ";"Баллы за ИД";"Статус";"Код поступающего";"Дата выбора конкурсной группы по Москве"
"1";"1";"Электронное";"238.0";"80 78 80";"—";"Участвуете в конкурсе";"1695817";"—"
"2";"4";"—";"307.0";"100 97 100";"10.0";"Участвуете в конкурсе";"1259177";"—"
"3";"6";"—";"307.0";"100 97 100";"10.0";"Участвуете в конкурсе";"1175632";"—"
"4";"3";"Электронное";"304.0";"100 94 100";"10.0";"Участвуете в конкурсе";"1556583";"—"
"5";"4";"—";"303.0";"100 100 100";"3.0";"Участвуете в конкурсе";"1621605";"—"
"6";"3";"—";"302.0";"100 100 99";"3.0";"Участвуете в конкурсе";"1165441";"—"
"7";"4";"—";"302.0";"98 94 100";"10.0";"Участвуете в конкурсе";"1256319";"—"
"8";"6";"Электронное";"301.0";"98 100 100";"3.0";"Участвуете в конкурсе";"1707339";"—"
"9";"4";"—";"301.0";"98 94 99";"10.0";"Участвуете в конкурсе";"1637272";"—"
"10";"4";"—";"300.0";"100 97 100";"3.0";"Участвуете в конкурсе";"1618953";"—"
"11";"5";"Электронное";"300.0";"94 98 100";"8.0";"Участвуете в конкурсе";"1283054";"—"
"12";"3";"—";"300.0";"100 91 100";"9.0";"Участвуете в конкурсе";"1055982";"—"
"13";"5";"Электронное";"300.0";"94 97 100";"9.0";"Участвуете в конкурсе";"1304513";"—"
"14";"4";"—";"300.0";"100 91 99";"10.0";"Участвуете в конкурсе";"1941300";"—"
"15";"3";"Электронное";"299.0";"100 97 100";"2.0";"Участвуете в конкурсе";"1356722";"—"
"16";"3";"—";"299.0";"100 94 100";"5.0";"Участвуете в конкурсе";"1356802";"—"
"17";"8";"—";"299.0";"100 97 92";"10.0";"Участвуете в конкурсе";"1729269";"—"
"18";"6";"Электронное";"298.0";"98 97 100";"3.0";"Участвуете в конкурсе";"1405080";"—"
"19";"3";"—";"298.0";"98 97 100";"3.0";"Участвуете в конкурсе";"1190702";"—"
"20";"1";"—";"298.0";"96 100 97";"5.0";"Участвуете в конкурсе";"1992086";"—"
"21";"3";"—";"298.0";"100 91 98";"9.0";"Участвуете в конкурсе";"2041944";"—"
"22";"2";"—";"298.0";"100 94 95";"9.0";"Участвуете в конкурсе";"1852085";"—"
"23";"8";"—";"298.0";"95 94 100";"9.0";"Участвуете в конкурсе";"1426139";"—"
"24";"2";"—";"298.0";"100 91 97";"10.0";"Участвуете в конкурсе";"1601349";"—"
"25";"6";"—";"298.0";"98 94 96";"10.0";"Участвуете в конкурсе";"1622077";"—"
"26";"5";"—";"298.0";"95 97 96";"10.0";"Участвуете в конкурсе";"1358421";"—"
"27";"5";"—";"297.0";"100 94 100";"3.0";"Участвуете в конкурсе";"1603423";"—"
"28";"4";"—";"297.0";"100 97 97";"3.0";"Участвуете в конкурсе";"1485338";"—"
"29";"4";"Электронное";"297.0";"100 100 94";"3.0";"Участвуете в конкурсе";"1627686";"—"
"30";"4";"—";"297.0";"98 100 94";"5.0";"Участвуете в конкурсе";"1105571";"—"
"31";"6";"—";"297.0";"100 91 98";"8.0";"Участвуете в конкурсе";"1174574";"—"
"32";"5";"Электронное";"297.0";"98 91 100";"8.0";"Участвуете в конкурсе";"1655817";"—"
"33";"6";"—";"297.0";"95 94 99";"9.0";"Участвуете в конкурсе";"1684531";"—"
"34";"5";"Электронное";"297.0";"100 89 98";"10.0";"Участвуете в конкурсе";"1719001";"—"
"35";"4";"—";"297.0";"100 89 98";"10.0";"Участвуете в конкурсе";"1625117";"—"
"36";"4";"Электронное";"297.0";"100 91 96";"10.0";"Участвуете в конкурсе";"1261735";"—"
"37";"2";"—";"297.0";"100 97 90";"10.0";"Участвуете в конкурсе";"1726516";"—"
"38";"5";"Электронное";"297.0";"98 94 95";"10.0";"Участвуете в конкурсе";"1503874";"—"
"39";"5";"—";"297.0";"98 94 95";"10.0";"Участвуете в конкурсе";"1174546";"—"
"40";"5";"Электронное";"297.0";"90 97 100";"10.0";"Участвуете в конкурсе";"1176128";"—"
"41";"4";"—";"296.0";"100 94 99";"3.0";"Участвуете в конкурсе";"1356277";"—"
"42";"3";"—";"296.0";"98 97 98";"3.0";"Участвуете в конкурсе";"963158";"—"
"43";"4";"—";"296.0";"100 91 100";"5.0";"Участвуете в конкурсе";"1367768";"—"
"44";"2";"—";"296.0";"100 91 100";"5.0";"Участвуете в конкурсе";"1270421";"—"
"45";"10";"Электронное";"296.0";"100 91 100";"5.0";"Участвуете в конкурсе";"1521448";"—"
"46";"7";"—";"296.0";"100 94 97";"5.0";"Участвуете в конкурсе";"1761148";"—"
"47";"7";"—";"296.0";"98 91 99";"8.0";"Участвуете в конкурсе";"1718440";"—"
"48";"7";"Электронное";"296.0";"98 91 97";"10.0";"Участвуете в конкурсе";"1517442";"—"
"49";"8";"—";"296.0";"95 94 97";"10.0";"Участвуете в конкурсе";"1904800";"—"
"50";"5";"—";"295.0";"93 100 100";"2.0";"Участвуете в конкурсе";"1894421";"—"
"51";"3";"Электронное";"295.0";"98 94 100";"3.0";"Участвуете в конкурсе";"1713135";"—"
"52";"5";"Электронное";"295.0";"98 97 97";"3.0";"Участвуете в конкурсе";"1592497";"—"
"53";"5";"—";"295.0";"96 100 96";"3.0";"Участвуете в конкурсе";"1624612";"—"
"54";"4";"—";"295.0";"100 91 99";"5.0";"Участвуете в конкурсе";"1639884";"—"
"55";"7";"—";"295.0";"98 94 98";"5.0";"Участвуете в конкурсе";"1202951";"—"
"56";"5";"—";"295.0";"98 94 98";"5.0";"Участвуете в конкурсе";"1362286";"—"
"57";"7";"Электронное";"295.0";"98 100 92";"5.0";"Участвуете в конкурсе";"2262178";"—"
"58";"10";"—";"295.0";"93 100 97";"5.0";"Участвуете в конкурсе";"2194759";"—"
"59";"5";"—";"295.0";"100 89 98";"8.0";"Участвуете в конкурсе";"998140";"—"
"60";"6";"—";"295.0";"98 91 98";"8.0";"Участвуете в конкурсе";"1769840";"—"
"61";"4";"—";"295.0";"100 89 96";"10.0";"Участвуете в конкурсе";"954840";"—"
"62";"4";"Электронное";"295.0";"98 89 98";"10.0";"Участвуете в конкурсе";"2047416";"—"
"63";"1";"—";"295.0";"98 89 98";"10.0";"Участвуете в конкурсе";"1883321";"—"
"64";"5";"—";"295.0";"98 91 96";"10.0";"Участвуете в конкурсе";"1342346";"—"
"65";"5";"Электронное";"295.0";"98 91 96";"10.0";"Участвуете в конкурсе";"1174068";"—"
"66";"6";"—";"295.0";"96 89 100";"10.0";"Участвуете в конкурсе";"1215962";"—"
"67";"5";"—";"295.0";"94 94 97";"10.0";"Участвуете в конкурсе";"1171088";"—"
"68";"2";"—";"294.0";"100 91 100";"3.0";"Участвуете в конкурсе";"1516671";"—"
"69";"1";"—";"294.0";"100 91 100";"3.0";"Участвуете в конкурсе";"990590";"—"
"70";"4";"—";"294.0";"100 97 94";"3.0";"Участвуете в конкурсе";"1426100";"—"
"71";"4";"—";"294.0";"98 97 96";"3.0";"Участвуете в конкурсе";"1200613";"—"
"72";"1";"Электронное";"294.0";"94 97 100";"3.0";"Участвуете в конкурсе";"1993298";"—"
"73";"2";"—";"294.0";"100 89 100";"5.0";"Участвуете в конкурсе";"1753320";"—"
"74";"7";"—";"294.0";"100 89 100";"5.0";"Участвуете в конкурсе";"1786590";"—"
"75";"5";"—";"294.0";"98 91 100";"5.0";"Участвуете в конкурсе";"1348159";"—"
"76";"3";"—";"294.0";"98 94 97";"5.0";"Участвуете в конкурсе";"1787240";"—"
"77";"7";"Электронное";"294.0";"95 100 94";"5.0";"Участвуете в конкурсе";"2055152";"—"
"78";"4";"—";"294.0";"92 100 97";"5.0";"Участвуете в конкурсе";"1619023";"—"
"79";"5";"—";"294.0";"94 94 100";"6.0";"Участвуете в конкурсе";"1794739";"—"
"80";"5";"Электронное";"294.0";"96 89 100";"9.0";"Участвуете в конкурсе";"1728024";"—"
"81";"5";"Электронное";"294.0";"100 86 98";"10.0";"Участвуете в конкурсе";"1429233";"—"
"82";"6";"Электронное";"294.0";"98 89 97";"10.0";"Участвуете в конкурсе";"1076436";"—"
"83";"3";"—";"294.0";"98 89 97";"10.0";"Участвуете в конкурсе";"1174140";"—"
"84";"2";"—";"294.0";"96 94 94";"10.0";"Участвуете в конкурсе";"1430424";"—"
"85";"5";"—";"294.0";"90 97 97";"10.0";"Участвуете в конкурсе";"1651737";"—"
"86";"3";"Электронное";"293.0";"100 91 99";"3.0";"Участвуете в конкурсе";"1320557";"—"
"87";"4";"—";"293.0";"100 91 99";"3.0";"Участвуете в конкурсе";"1625595";"—"
"88";"4";"—";"293.0";"100 94 96";"3.0";"Участвуете в конкурсе";"1502440";"—"
"89";"6";"—";"293.0";"98 94 98";"3.0";"Участвуете в конкурсе";"1406993";"—"
"90";"5";"Электронное";"293.0";"98 97 95";"3.0";"Участвуете в конкурсе";"1781026";"—"
"91";"5";"—";"293.0";"98 94 96";"5.0";"Участвуете в конкурсе";"1636300";"—"
"92";"5";"—";"293.0";"94 97 97";"5.0";"Участвуете в конкурсе";"1255035";"—"
"93";"6";"—";"293.0";"100 83 100";"10.0";"Участвуете в конкурсе";"1259431";"—"
"94";"4";"—";"293.0";"100 89 94";"10.0";"Участвуете в конкурсе";"1606186";"—"
"95";"5";"—";"293.0";"88 100 95";"10.0";"Участвуете в конкурсе";"1198990";"—"
"96";"6";"Электронное";"292.0";"100 94 98";"—";"Участвуете в конкурсе";"1958025";"—"
"97";"6";"Электронное";"292.0";"98 94 100";"—";"Участвуете в конкурсе";"2085800";"—"
"98";"5";"—";"292.0";"100 89 100";"3.0";"Участвуете в конкурсе";"1936697";"—"
"99";"4";"Электронное";"292.0";"98 94 97";"3.0";"Участвуете в конкурсе";"1962221";"—"
"100";"3";"Электронное";"292.0";"95 94 100";"3.0";"Участвуете в конкурсе";"1383312";"—"
"101";"4";"—";"292.0";"92 97 100";"3.0";"Участвуете в конкурсе";"1537543";"—"
"102";"6";"—";"292.0";"100 89 98";"5.0";"Участвуете в конкурсе";"1278333";"—"
"103";"5";"—";"292.0";"100 89 98";"5.0";"Участвуете в конкурсе";"1623298";"—"
"104";"5";"—";"292.0";"100 91 96";"5.0";"Участвуете в конкурсе";"1104465";"—"
"105";"2";"—";"292.0";"98 89 100";"5.0";"Участвуете в конкурсе";"1540233";"—"
"106";"2";"—";"292.0";"93 94 100";"5.0";"Участвуете в конкурсе";"1853344";"—"
"107";"10";"—";"292.0";"93 97 97";"5.0";"Участвуете в конкурсе";"1989199";"—"
"108";"3";"Электронное";"292.0";"95 94 95";"8.0";"Участвуете в конкурсе";"1641766";"—"
"109";"6";"—";"292.0";"93 91 100";"8.0";"Участвуете в конкурсе";"1697104";"—"
"110";"5";"Электронное";"292.0";"95 89 98";"10.0";"Участвуете в конкурсе";"1655397";"—"
"111";"5";"—";"291.0";"100 91 100";"—";"Участвуете в конкурсе";"1086159";"—"
"112";"4";"Электронное";"291.0";"100 91 100";"—";"Участвуете в конкурсе";"1469331";"—"
"113";"4";"—";"291.0";"100 94 97";"—";"Участвуете в конкурсе";"1493404";"—"
"114";"4";"—";"291.0";"98 94 97";"2.0";"Участвуете в конкурсе";"2258296";"—"
"115";"6";"—";"291.0";"100 91 97";"3.0";"Участвуете в конкурсе";"1899348";"—"
"116";"4";"—";"291.0";"98 100 88";"5.0";"Участвуете в конкурсе";"1640860";"—"
"117";"4";"—";"291.0";"96 94 96";"5.0";"Участвуете в конкурсе";"1419622";"—"
"118";"5";"—";"291.0";"100 97 86";"8.0";"Участвуете в конкурсе";"1958859";"—"
"119";"5";"—";"291.0";"98 89 96";"8.0";"Участвуете в конкурсе";"985671";"—"
"120";"5";"—";"291.0";"98 89 96";"8.0";"Участвуете в конкурсе";"1398666";"—"
"121";"4";"—";"291.0";"98 91 94";"8.0";"Участвуете в конкурсе";"2231731";"—"
"122";"1";"—";"291.0";"95 94 94";"8.0";"Участвуете в конкурсе";"1795304";"—"
"123";"4";"—";"291.0";"100 81 100";"10.0";"Участвуете в конкурсе";"1160090";"—"
"124";"3";"—";"291.0";"100 89 92";"10.0";"Участвуете в конкурсе";"1570076";"—"
"125";"5";"—";"291.0";"98 83 100";"10.0";"Участвуете в конкурсе";"1855943";"—"
"126";"3";"—";"291.0";"92 91 98";"10.0";"Участвуете в конкурсе";"1265639";"—"
"127";"5";"Электронное";"290.0";"100 91 99";"—";"Участвуете в конкурсе";"1205259";"—"
"128";"5";"—";"290.0";"100 97 90";"3.0";"Участвуете в конкурсе";"1445663";"—"
"129";"5";"—";"290.0";"98 89 100";"3.0";"Участвуете в конкурсе";"2344816";"—"
"130";"4";"—";"290.0";"98 91 98";"3.0";"Участвуете в конкурсе";"1073541";"—"
"131";"4";"—";"290.0";"98 94 95";"3.0";"Участвуете в конкурсе";"1732856";"—"
"132";"6";"—";"290.0";"98 94 95";"3.0";"Участвуете в конкурсе";"1175374";"—"
"133";"3";"—";"290.0";"95 97 95";"3.0";"Участвуете в конкурсе";"2312263";"—"
"134";"4";"—";"290.0";"93 94 100";"3.0";"Участвуете в конкурсе";"1914703";"—"
"135";"6";"—";"290.0";"90 97 100";"3.0";"Участвуете в конкурсе";"1623568";"—"
"136";"5";"—";"290.0";"100 86 99";"5.0";"Участвуете в конкурсе";"1541814";"—"
"137";"5";"—";"290.0";"100 89 96";"5.0";"Участвуете в конкурсе";"1789817";"—"
"138";"4";"Электронное";"290.0";"100 97 88";"5.0";"Участвуете в конкурсе";"1901484";"—"
"139";"4";"—";"290.0";"98 91 96";"5.0";"Участвуете в конкурсе";"1776131";"—"
"140";"3";"—";"290.0";"96 94 95";"5.0";"Участвуете в конкурсе";"1133665";"—"
"141";"2";"—";"290.0";"96 97 92";"5.0";"Участвуете в конкурсе";"1123669";"—"
"142";"8";"—";"290.0";"95 94 96";"5.0";"Участвуете в конкурсе";"1395380";"—"
"143";"5";"—";"290.0";"94 91 96";"9.0";"Участвуете в конкурсе";"1456949";"—"
"144";"3";"—";"290.0";"85 100 95";"10.0";"Участвуете в конкурсе";"1208331";"—"
"145";"5";"—";"289.0";"100 89 100";"—";"Участвуете в конкурсе";"2287443";"—"
"146";"5";"—";"289.0";"100 91 98";"—";"Участвуете в конкурсе";"1601639";"—"
"147";"5";"Электронное";"289.0";"100 94 95";"—";"Участвуете в конкурсе";"1425676";"—"
"148";"2";"Электронное";"289.0";"98 91 100";"—";"Участвуете в конкурсе";"1403676";"—"
"149";"2";"—";"289.0";"98 91 100";"—";"Участвуете в конкурсе";"969017";"—"
"150";"5";"—";"289.0";"95 97 97";"—";"Участвуете в конкурсе";"1291643";"—"
"151";"8";"Электронное";"289.0";"92 97 100";"—";"Участвуете в конкурсе";"964654";"—"
"152";"5";"—";"289.0";"98 89 100";"2.0";"Участвуете в конкурсе";"1999135";"—"
"153";"5";"—";"289.0";"96 91 100";"2.0";"Участвуете в конкурсе";"1211238";"—"
"154";"5";"—";"289.0";"95 94 98";"2.0";"Участвуете в конкурсе";"1909752";"—"
"155";"2";"—";"289.0";"100 86 100";"3.0";"Участвуете в конкурсе";"1638791";"—"
"156";"3";"—";"289.0";"100 91 95";"3.0";"Участвуете в конкурсе";"2341449";"—"
"157";"5";"—";"289.0";"98 91 97";"3.0";"Участвуете в конкурсе";"1067835";"—"
"158";"1";"—";"289.0";"98 94 94";"3.0";"Участвуете в конкурсе";"1398528";"—"
"159";"5";"—";"289.0";"92 94 100";"3.0";"Участвуете в конкурсе";"1626066";"—"
"160";"8";"—";"289.0";"100 86 98";"5.0";"Участвуете в конкурсе";"1413089";"—"
"161";"5";"—";"289.0";"95 89 100";"5.0";"Участвуете в конкурсе";"2307901";"—"
"162";"3";"—";"289.0";"100 83 100";"6.0";"Участвуете в конкурсе";"1251288";"—"
"163";"3";"—";"289.0";"98 83 100";"8.0";"Участвуете в конкурсе";"1514996";"—"
"164";"5";"—";"289.0";"94 91 96";"8.0";"Участвуете в конкурсе";"1540642";"—"
"165";"4";"—";"289.0";"100 83 97";"9.0";"Участвуете в конкурсе";"1195752";"—"
"166";"2";"—";"289.0";"98 81 100";"10.0";"Участвуете в конкурсе";"2096115";"—"
"167";"3";"—";"288.0";"100 100 88";"—";"Участвуете в конкурсе";"2004182";"—"
"168";"5";"—";"288.0";"98 94 96";"—";"Участвуете в конкурсе";"1364914";"—"
"169";"4";"—";"288.0";"100 89 96";"3.0";"Участвуете в конкурсе";"1476872";"—"
"170";"5";"—";"288.0";"100 91 94";"3.0";"Участвуете в конкурсе";"1687864";"—"
"171";"4";"—";"288.0";"100 97 88";"3.0";"Участвуете в конкурсе";"1979721";"—"
"172";"9";"—";"288.0";"98 97 90";"3.0";"Участвуете в конкурсе";"1216074";"—"
"173";"4";"—";"288.0";"98 97 90";"3.0";"Участвуете в конкурсе";"1254559";"—"
"174";"1";"—";"288.0";"94 97 94";"3.0";"Участвуете в конкурсе";"1640126";"—"
"175";"6";"—";"288.0";"93 97 95";"3.0";"Участвуете в конкурсе";"1910665";"—"
"176";"5";"—";"288.0";"100 91 92";"5.0";"Участвуете в конкурсе";"1998527";"—"
"177";"6";"—";"288.0";"98 89 96";"5.0";"Участвуете в конкурсе";"1440170";"—"
"178";"3";"—";"288.0";"98 91 94";"5.0";"Участвуете в конкурсе";"1517422";"—"
"179";"4";"—";"288.0";"100 94 84";"10.0";"Участвуете в конкурсе";"1582315";"—"
"180";"4";"Электронное";"288.0";"95 89 94";"10.0";"Участвуете в конкурсе";"1935357";"—"
"181";"4";"—";"288.0";"95 91 92";"10.0";"Участвуете в конкурсе";"1984709";"—"
"182";"6";"—";"288.0";"93 91 94";"10.0";"Участвуете в конкурсе";"2370920";"—"
"183";"7";"—";"287.0";"100 91 96";"—";"Участвуете в конкурсе";"1598628";"—"
"184";"6";"—";"287.0";"93 100 94";"—";"Участвуете в конкурсе";"1963884";"—"
"185";"3";"—";"287.0";"100 86 98";"3.0";"Участвуете в конкурсе";"1043871";"—"
"186";"1";"—";"287.0";"100 89 95";"3.0";"Участвуете в конкурсе";"1421339";"—"
"187";"6";"—";"287.0";"100 89 95";"3.0";"Участвуете в конкурсе";"1197121";"—"
"188";"5";"—";"287.0";"98 86 100";"3.0";"Участвуете в конкурсе";"1625066";"—"
"189";"5";"—";"287.0";"98 89 97";"3.0";"Участвуете в конкурсе";"1366700";"—"
"190";"2";"—";"287.0";"98 91 95";"3.0";"Участвуете в конкурсе";"1601378";"—"
"191";"4";"—";"287.0";"96 94 94";"3.0";"Участвуете в конкурсе";"1364600";"—"
"192";"4";"Электронное";"287.0";"93 91 100";"3.0";"Участвуете в конкурсе";"2363361";"—"
"193";"6";"—";"287.0";"93 91 100";"3.0";"Участвуете в конкурсе";"1714180";"—"
"194";"12";"—";"287.0";"93 97 94";"3.0";"Участвуете в конкурсе";"2240018";"—"
"195";"5";"—";"287.0";"90 100 94";"3.0";"Участвуете в конкурсе";"1655126";"—"
"196";"6";"Электронное";"287.0";"100 83 99";"5.0";"Участвуете в конкурсе";"1649452";"—"
"197";"3";"Электронное";"287.0";"100 94 88";"5.0";"Участвуете в конкурсе";"1459065";"—"
"198";"2";"—";"287.0";"98 86 98";"5.0";"Участвуете в конкурсе";"2052979";"—"
"199";"5";"—";"287.0";"98 89 95";"5.0";"Участвуете в конкурсе";"1956402";"—"
"200";"4";"—";"287.0";"98 94 90";"5.0";"Участвуете в конкурсе";"1669388";"—"
"201";"6";"Электронное";"287.0";"96 94 92";"5.0";"Участвуете в конкурсе";"1201633";"—"
"202";"5";"—";"287.0";"95 91 96";"5.0";"Участвуете в конкурсе";"1506497";"—"
"203";"5";"Электронное";"287.0";"93 89 100";"5.0";"Участвуете в конкурсе";"1647800";"—"
"204";"5";"—";"287.0";"93 89 100";"5.0";"Участвуете в конкурсе";"1514245";"—"
"205";"7";"—";"287.0";"90 97 95";"5.0";"Участвуете в конкурсе";"2007177";"—"
"206";"6";"Электронное";"287.0";"90 100 92";"5.0";"Участвуете в конкурсе";"1609864";"—"
"207";"3";"—";"287.0";"96 89 96";"6.0";"Участвуете в конкурсе";"1212967";"—"
"208";"5";"—";"287.0";"98 89 92";"8.0";"Участвуете в конкурсе";"2251964";"—"
"209";"4";"Электронное";"287.0";"100 89 88";"10.0";"Участвуете в конкурсе";"1765552";"—"
"210";"6";"—";"287.0";"98 83 96";"10.0";"Участвуете в конкурсе";"1644223";"—"
"211";"2";"—";"287.0";"93 86 98";"10.0";"Участвуете в конкурсе";"1577464";"—"
"212";"9";"Электронное";"287.0";"90 97 90";"10.0";"Участвуете в конкурсе";"1583458";"—"
"213";"1";"—";"286.0";"100 86 100";"—";"Участвуете в конкурсе";"1836448";"—"
"214";"5";"—";"286.0";"98 91 97";"—";"Участвуете в конкурсе";"1789600";"—"
"215";"2";"—";"286.0";"94 97 95";"—";"Участвуете в конкурсе";"1972789";"—"
"216";"3";"Электронное";"286.0";"100 89 95";"2.0";"Участвуете в конкурсе";"1650959";"—"
"217";"1";"—";"286.0";"100 94 90";"2.0";"Участвуете в конкурсе";"1119307";"—"
"218";"6";"Электронное";"286.0";"100 86 97";"3.0";"Участвуете в конкурсе";"1605065";"—"
"219";"5";"—";"286.0";"100 89 94";"3.0";"Участвуете в конкурсе";"1389410";"—"
"220";"4";"Электронное";"286.0";"98 86 99";"3.0";"Участвуете в конкурсе";"1641827";"—"
"221";"5";"—";"286.0";"98 91 94";"3.0";"Участвуете в конкурсе";"1289446";"—"
"222";"5";"—";"286.0";"98 91 94";"3.0";"Участвуете в конкурсе";"1985181";"—"
"223";"3";"—";"286.0";"98 91 94";"3.0";"Участвуете в конкурсе";"1390177";"—"
"224";"10";"Электронное";"286.0";"94 94 95";"3.0";"Участвуете в конкурсе";"1213043";"—"
"225";"4";"—";"286.0";"92 91 100";"3.0";"Участвуете в конкурсе";"1415585";"—"
"226";"5";"—";"286.0";"100 91 90";"5.0";"Участвуете в конкурсе";"1169514";"—"
"227";"5";"—";"286.0";"100 91 90";"5.0";"Участвуете в конкурсе";"1291121";"—"
"228";"2";"—";"286.0";"98 86 97";"5.0";"Участвуете в конкурсе";"1444554";"—"
"229";"4";"—";"286.0";"98 89 94";"5.0";"Участвуете в конкурсе";"1361969";"—"
"230";"3";"—";"286.0";"95 89 97";"5.0";"Участвуете в конкурсе";"2303632";"—"
"231";"6";"—";"286.0";"93 100 88";"5.0";"Участвуете в конкурсе";"2109639";"—"
"232";"4";"—";"286.0";"90 91 100";"5.0";"Участвуете в конкурсе";"2274647";"—"
"233";"2";"—";"286.0";"90 97 94";"5.0";"Участвуете в конкурсе";"1433059";"—"
"234";"4";"—";"286.0";"98 86 94";"8.0";"Участвуете в конкурсе";"1616265";"—"
"235";"3";"Электронное";"286.0";"100 81 96";"9.0";"Участвуете в конкурсе";"1633348";"—"
"236";"6";"—";"286.0";"94 83 100";"9.0";"Участвуете в конкурсе";"1077277";"—"
"237";"5";"—";"286.0";"80 97 100";"9.0";"Участвуете в конкурсе";"1641604";"—"
"238";"3";"—";"286.0";"98 78 100";"10.0";"Участвуете в конкурсе";"1881038";"—"
"239";"4";"—";"286.0";"95 89 92";"10.0";"Участвуете в конкурсе";"1616253";"—"
"240";"7";"—";"286.0";"93 86 97";"10.0";"Участвуете в конкурсе";"1264028";"—"
"241";"6";"—";"286.0";"90 91 95";"10.0";"Участвуете в конкурсе";"1519578";"—"
"242";"2";"—";"285.0";"98 97 90";"—";"Участвуете в конкурсе";"1516569";"—"
"243";"2";"—";"285.0";"96 89 100";"—";"Участвуете в конкурсе";"1361578";"—"
"244";"5";"—";"285.0";"93 94 98";"—";"Участвуете в конкурсе";"1245535";"—"
"245";"4";"Электронное";"285.0";"98 91 94";"2.0";"Участвуете в конкурсе";"1508717";"—"
"246";"4";"Электронное";"285.0";"96 91 96";"2.0";"Участвуете в конкурсе";"1622668";"—"
"247";"6";"—";"285.0";"95 91 97";"2.0";"Участвуете в конкурсе";"1292162";"—"
"248";"7";"—";"285.0";"98 89 95";"3.0";"Участвуете в конкурсе";"1981648";"—"
"249";"4";"—";"285.0";"98 94 90";"3.0";"Участвуете в конкурсе";"1296900";"—"
"250";"5";"Электронное";"285.0";"98 94 90";"3.0";"Участвуете в конкурсе";"1610485";"—"
"251";"5";"Электронное";"285.0";"96 94 92";"3.0";"Участвуете в конкурсе";"1711537";"—"
"252";"9";"—";"285.0";"95 91 96";"3.0";"Участвуете в конкурсе";"1342148";"—"
"253";"6";"—";"285.0";"95 97 90";"3.0";"Участвуете в конкурсе";"1496698";"—"
"254";"1";"Электронное";"285.0";"94 91 97";"3.0";"Участвуете в конкурсе";"1729058";"—"
"255";"3";"Электронное";"285.0";"94 94 94";"3.0";"Участвуете в конкурсе";"1539983";"—"
"256";"5";"Электронное";"285.0";"94 100 88";"3.0";"Участвуете в конкурсе";"2128187";"—"
"257";"2";"—";"285.0";"93 89 100";"3.0";"Участвуете в конкурсе";"1289436";"—"
"258";"5";"—";"285.0";"90 97 95";"3.0";"Участвуете в конкурсе";"1412819";"—"
"259";"5";"Электронное";"285.0";"100 86 94";"5.0";"Участвуете в конкурсе";"1285786";"—"
"260";"3";"Электронное";"285.0";"98 100 82";"5.0";"Участвуете в конкурсе";"1520921";"—"
"261";"9";"—";"285.0";"95 91 94";"5.0";"Участвуете в конкурсе";"1814771";"—"
"262";"4";"Электронное";"285.0";"90 91 94";"10.0";"Участвуете в конкурсе";"1623304";"—"
"263";"2";"Электронное";"284.0";"100 100 84";"—";"Участвуете в конкурсе";"1971952";"—"
"264";"2";"Электронное";"284.0";"98 89 97";"—";"Участвуете в конкурсе";"1707490";"—"
"265";"5";"—";"284.0";"98 89 97";"—";"Участвуете в конкурсе";"1201641";"—"
"266";"7";"—";"284.0";"98 91 95";"—";"Участвуете в конкурсе";"2221866";"—"
"267";"4";"Электронное";"284.0";"96 91 97";"—";"Участвуете в конкурсе";"1215960";"—"
"268";"1";"Электронное";"284.0";"100 89 92";"3.0";"Участвуете в конкурсе";"1502756";"—"
"269";"3";"Электронное";"284.0";"98 86 97";"3.0";"Участвуете в конкурсе";"1570497";"—"
"270";"4";"—";"284.0";"98 91 92";"3.0";"Участвуете в конкурсе";"1778208";"—"
"271";"2";"—";"284.0";"98 97 86";"3.0";"Участвуете в конкурсе";"1361073";"—"
"272";"5";"—";"284.0";"96 86 99";"3.0";"Участвуете в конкурсе";"1331444";"—"
"273";"4";"Электронное";"284.0";"96 89 96";"3.0";"Участвуете в конкурсе";"1798201";"—"
"274";"3";"—";"284.0";"96 91 94";"3.0";"Участвуете в конкурсе";"1352336";"—"
"275";"4";"—";"284.0";"95 91 95";"3.0";"Участвуете в конкурсе";"1655101";"—"
"276";"3";"—";"284.0";"94 91 96";"3.0";"Участвуете в конкурсе";"2006038";"—"
"277";"3";"Электронное";"284.0";"93 91 97";"3.0";"Участвуете в конкурсе";"1493568";"—"
"278";"2";"—";"284.0";"92 89 100";"3.0";"Участвуете в конкурсе";"1842852";"—"
"279";"3";"—";"284.0";"100 89 90";"5.0";"Участвуете в конкурсе";"1521817";"—"
"280";"2";"—";"284.0";"100 91 88";"5.0";"Участвуете в конкурсе";"1788289";"—"
"281";"5";"—";"284.0";"100 91 88";"5.0";"Участвуете в конкурсе";"1197105";"—"
"282";"3";"—";"284.0";"98 86 95";"5.0";"Участвуете в конкурсе";"1778680";"—"
"283";"5";"—";"284.0";"96 83 100";"5.0";"Участвуете в конкурсе";"1174148";"—"
"284";"4";"—";"284.0";"96 91 92";"5.0";"Участвуете в конкурсе";"1177429";"—"
"285";"4";"—";"284.0";"96 91 92";"5.0";"Участвуете в конкурсе";"1623390";"—"
"286";"3";"—";"284.0";"96 91 92";"5.0";"Участвуете в конкурсе";"1860240";"—"
"287";"5";"—";"284.0";"96 97 86";"5.0";"Участвуете в конкурсе";"2344658";"—"
"288";"4";"—";"284.0";"95 94 90";"5.0";"Участвуете в конкурсе";"1836771";"—"
"289";"3";"Электронное";"284.0";"94 89 96";"5.0";"Участвуете в конкурсе";"1291311";"—"
"290";"5";"—";"284.0";"94 91 94";"5.0";"Участвуете в конкурсе";"2053306";"—"
"291";"6";"—";"284.0";"98 78 100";"8.0";"Участвуете в конкурсе";"1876705";"—"
"292";"5";"—";"284.0";"90 97 88";"9.0";"Участвуете в конкурсе";"1252676";"—"
"293";"7";"—";"284.0";"100 75 99";"10.0";"Участвуете в конкурсе";"1356280";"—"
"294";"5";"Электронное";"284.0";"100 86 88";"10.0";"Участвуете в конкурсе";"1443199";"—"
"295";"4";"—";"284.0";"95 81 98";"10.0";"Участвуете в конкурсе";"1173959";"—"
"296";"4";"—";"284.0";"95 81 98";"10.0";"Участвуете в конкурсе";"1847729";"—"
"297";"3";"—";"284.0";"93 86 95";"10.0";"Участвуете в конкурсе";"1214535";"—"
"298";"5";"—";"284.0";"90 94 90";"10.0";"Участвуете в конкурсе";"2099293";"—"
"299";"4";"—";"283.0";"98 91 94";"—";"Участвуете в конкурсе";"1357718";"—"
"300";"3";"—";"283.0";"95 89 99";"—";"Участвуете в конкурсе";"2202992";"—"
"301";"5";"—";"283.0";"100 91 90";"2.0";"Участвуете в конкурсе";"1177530";"—"
"302";"3";"—";"283.0";"98 83 100";"2.0";"Участвуете в конкурсе";"2224799";"—"
"303";"5";"—";"283.0";"98 83 100";"2.0";"Участвуете в конкурсе";"1956152";"—"
"304";"5";"—";"283.0";"100 81 99";"3.0";"Участвуете в конкурсе";"1281586";"—"
"305";"1";"—";"283.0";"100 86 94";"3.0";"Участвуете в конкурсе";"1608197";"—"
"306";"5";"—";"283.0";"100 86 94";"3.0";"Участвуете в конкурсе";"2132667";"—"
"307";"4";"—";"283.0";"95 91 94";"3.0";"Участвуете в конкурсе";"1510840";"—"
"308";"3";"—";"283.0";"94 86 100";"3.0";"Участвуете в конкурсе";"1998927";"—"
"309";"5";"—";"283.0";"94 86 100";"3.0";"Участвуете в конкурсе";"2065015";"—"
"310";"4";"—";"283.0";"94 86 100";"3.0";"Участвуете в конкурсе";"2251760";"—"
"311";"2";"—";"283.0";"94 89 97";"3.0";"Участвуете в конкурсе";"1758210";"—"
"312";"2";"—";"283.0";"94 91 95";"3.0";"Участвуете в конкурсе";"1508576";"—"
"313";"5";"—";"283.0";"94 91 95";"3.0";"Участвуете в конкурсе";"1442986";"—"
"314";"4";"—";"283.0";"94 91 95";"3.0";"Участвуете в конкурсе";"1511976";"—"
"315";"5";"—";"283.0";"93 89 98";"3.0";"Участвуете в конкурсе";"1506646";"—"
"316";"2";"Электронное";"283.0";"88 92 100";"3.0";"Участвуете в конкурсе";"1197842";"—"
"317";"5";"—";"283.0";"88 97 95";"3.0";"Участвуете в конкурсе";"2005775";"—"
"318";"2";"Электронное";"283.0";"100 83 95";"5.0";"Участвуете в конкурсе";"1794223";"—"
"319";"4";"Электронное";"283.0";"95 83 100";"5.0";"Участвуете в конкурсе";"1696877";"—"
"320";"4";"—";"283.0";"94 94 90";"5.0";"Участвуете в конкурсе";"1853628";"—"
"321";"4";"—";"283.0";"93 91 94";"5.0";"Участвуете в конкурсе";"1501884";"—"
"322";"5";"—";"283.0";"93 93 92";"5.0";"Участвуете в конкурсе";"1196486";"—"
"323";"7";"—";"283.0";"88 91 99";"5.0";"Участвуете в конкурсе";"1577390";"—"
"324";"6";"—";"283.0";"85 97 96";"5.0";"Участвуете в конкурсе";"2238966";"—"
"325";"6";"—";"283.0";"83 100 95";"5.0";"Участвуете в конкурсе";"2170713";"—"
"326";"5";"Электронное";"283.0";"90 91 94";"8.0";"Участвуете в конкурсе";"1781341";"—"
"327";"5";"—";"283.0";"90 97 88";"8.0";"Участвуете в конкурсе";"1511945";"—"
"328";"1";"—";"283.0";"94 91 88";"10.0";"Участвуете в конкурсе";"1042409";"—"
"329";"3";"Электронное";"283.0";"90 86 97";"10.0";"Участвуете в конкурсе";"2000228";"—"
"330";"1";"—";"282.0";"98 89 95";"—";"Участвуете в конкурсе";"1910325";"—"
"331";"2";"Электронное";"282.0";"100 86 94";"2.0";"Участвуете в конкурсе";"1352535";"—"
"332";"5";"—";"282.0";"100 89 90";"3.0";"Участвуете в конкурсе";"1565639";"—"
"333";"7";"Электронное";"282.0";"98 86 95";"3.0";"Участвуете в конкурсе";"1843556";"—"
"334";"5";"—";"282.0";"98 89 92";"3.0";"Участвуете в конкурсе";"1828247";"—"
"335";"4";"—";"282.0";"98 91 90";"3.0";"Участвуете в конкурсе";"1490337";"—"
"336";"2";"—";"282.0";"98 91 90";"3.0";"Участвуете в конкурсе";"1507484";"—"
"337";"4";"—";"282.0";"96 86 97";"3.0";"Участвуете в конкурсе";"1437083";"—"
"338";"5";"—";"282.0";"96 86 97";"3.0";"Участвуете в конкурсе";"1645784";"—"
"339";"3";"—";"282.0";"96 89 94";"3.0";"Участвуете в конкурсе";"1778292";"—"
"340";"5";"—";"282.0";"96 89 94";"3.0";"Участвуете в конкурсе";"1913113";"—"
"341";"5";"—";"282.0";"95 86 98";"3.0";"Участвуете в конкурсе";"1312868";"—"
"342";"5";"—";"282.0";"95 89 95";"3.0";"Участвуете в конкурсе";"1653244";"—"
"343";"4";"Электронное";"282.0";"92 97 90";"3.0";"Участвуете в конкурсе";"1215076";"—"
"344";"1";"Электронное";"282.0";"90 89 100";"3.0";"Участвуете в конкурсе";"1504165";"—"
"345";"4";"—";"282.0";"90 91 98";"3.0";"Участвуете в конкурсе";"1908820";"—"
"346";"4";"—";"282.0";"90 97 92";"3.0";"Участвуете в конкурсе";"1651267";"—"
"347";"2";"—";"282.0";"100 91 86";"5.0";"Участвуете в конкурсе";"1257559";"—"
"348";"3";"—";"282.0";"100 91 86";"5.0";"Участвуете в конкурсе";"2301832";"—"
"349";"6";"—";"282.0";"98 91 88";"5.0";"Участвуете в конкурсе";"1415546";"—"
"350";"4";"—";"282.0";"98 97 82";"5.0";"Участвуете в конкурсе";"2003244";"—"
"351";"5";"—";"282.0";"96 89 92";"5.0";"Участвуете в конкурсе";"2101488";"—"
"352";"3";"—";"282.0";"96 89 92";"5.0";"Участвуете в конкурсе";"1864467";"—"
"353";"6";"—";"282.0";"95 94 88";"5.0";"Участвуете в конкурсе";"1472830";"—"
"354";"7";"Электронное";"282.0";"95 94 88";"5.0";"Участвуете в конкурсе";"982494";"—"
"355";"5";"—";"282.0";"94 89 94";"5.0";"Участвуете в конкурсе";"1731233";"—"
"356";"1";"—";"282.0";"92 91 94";"5.0";"Участвуете в конкурсе";"1913356";"—"
"357";"5";"—";"282.0";"90 89 98";"5.0";"Участвуете в конкурсе";"1242741";"—"
"358";"5";"Электронное";"282.0";"90 91 96";"5.0";"Участвуете в конкурсе";"1515540";"—"
"359";"7";"—";"282.0";"84 97 96";"5.0";"Участвуете в конкурсе";"1003260";"—"
"360";"4";"—";"282.0";"98 78 98";"8.0";"Участвуете в конкурсе";"1407215";"—"
"361";"5";"—";"282.0";"96 94 84";"8.0";"Участвуете в конкурсе";"2170795";"—"
"362";"4";"—";"282.0";"93 89 92";"8.0";"Участвуете в конкурсе";"1635724";"—"
"363";"1";"—";"282.0";"100 73 100";"9.0";"Участвуете в конкурсе";"1712399";"—"
"364";"3";"Электронное";"282.0";"100 78 94";"10.0";"Участвуете в конкурсе";"2043124";"—"
"365";"5";"—";"282.0";"95 81 96";"10.0";"Участвуете в конкурсе";"1850783";"—"
"366";"1";"—";"281.0";"98 83 100";"—";"Участвуете в конкурсе";"1518979";"—"
"367";"5";"—";"281.0";"98 83 100";"—";"Участвуете в конкурсе";"1717299";"—"
"368";"5";"—";"281.0";"94 89 98";"—";"Участвуете в конкурсе";"1140298";"—"
"369";"7";"—";"281.0";"98 86 95";"2.0";"Участвуете в конкурсе";"2312347";"—"
"370";"6";"—";"281.0";"96 89 94";"2.0";"Участвуете в конкурсе";"1828164";"—"
"371";"3";"Электронное";"281.0";"95 89 95";"2.0";"Участвуете в конкурсе";"1712986";"—"
"372";"4";"—";"281.0";"100 81 97";"3.0";"Участвуете в конкурсе";"1743909";"—"
"373";"5";"—";"281.0";"100 83 95";"3.0";"Участвуете в конкурсе";"1978736";"—"
"374";"5";"Электронное";"281.0";"100 86 92";"3.0";"Участвуете в конкурсе";"2097295";"—"
"375";"6";"—";"281.0";"100 86 92";"3.0";"Участвуете в конкурсе";"1252477";"—"
"376";"2";"—";"281.0";"96 86 96";"3.0";"Участвуете в конкурсе";"1288576";"—"
"377";"4";"Электронное";"281.0";"96 94 88";"3.0";"Участвуете в конкурсе";"2092660";"—"
"378";"6";"—";"281.0";"95 83 100";"3.0";"Участвуете в конкурсе";"1444621";"—"
"379";"5";"—";"281.0";"95 91 92";"3.0";"Участвуете в конкурсе";"1345274";"—"
"380";"4";"—";"281.0";"93 89 96";"3.0";"Участвуете в конкурсе";"1913366";"—"
"381";"6";"—";"281.0";"93 89 96";"3.0";"Участвуете в конкурсе";"1355912";"—"
"382";"5";"Электронное";"281.0";"93 91 94";"3.0";"Участвуете в конкурсе";"1201879";"—"
"383";"5";"—";"281.0";"88 100 90";"3.0";"Участвуете в конкурсе";"1626231";"—"
"384";"7";"—";"281.0";"85 94 99";"3.0";"Участвуете в конкурсе";"1439269";"—"
"385";"1";"—";"281.0";"95 86 95";"5.0";"Участвуете в конкурсе";"2097202";"—"
"386";"5";"—";"281.0";"88 89 99";"5.0";"Участвуете в конкурсе";"1715743";"—"
"387";"4";"—";"281.0";"85 91 100";"5.0";"Участвуете в конкурсе";"1187565";"—"
"388";"9";"—";"281.0";"84 97 95";"5.0";"Участвуете в конкурсе";"1610344";"—"
"389";"5";"—";"281.0";"100 83 88";"10.0";"Участвуете в конкурсе";"1362891";"—"
"390";"5";"—";"281.0";"98 83 90";"10.0";"Участвуете в конкурсе";"1263605";"—"
"391";"5";"—";"281.0";"96 78 97";"10.0";"Участвуете в конкурсе";"1465970";"—"
"392";"4";"—";"281.0";"96 83 92";"10.0";"Участвуете в конкурсе";"1612836";"—"
"393";"6";"—";"281.0";"95 86 90";"10.0";"Участвуете в конкурсе";"2424783";"—"
"394";"6";"—";"281.0";"94 89 88";"10.0";"Участвуете в конкурсе";"1686095";"—"
"395";"6";"—";"281.0";"92 89 90";"10.0";"Участвуете в конкурсе";"1357161";"—"
"396";"5";"—";"281.0";"90 89 92";"10.0";"Участвуете в конкурсе";"1182110";"—"
"397";"7";"—";"280.0";"94 89 97";"—";"Участвуете в конкурсе";"2405419";"—"
"398";"2";"Электронное";"280.0";"90 100 90";"—";"Участвуете в конкурсе";"1154858";"—"
"399";"2";"—";"280.0";"100 94 84";"2.0";"Участвуете в конкурсе";"1614000";"—"
"400";"5";"—";"280.0";"98 86 94";"2.0";"Участвуете в конкурсе";"1170737";"—"
"401";"4";"—";"280.0";"96 83 99";"2.0";"Участвуете в конкурсе";"1339414";"—"
"402";"6";"—";"280.0";"100 83 94";"3.0";"Участвуете в конкурсе";"1730724";"—"
"403";"2";"—";"280.0";"98 81 98";"3.0";"Участвуете в конкурсе";"1618328";"—"
"404";"5";"—";"280.0";"98 89 90";"3.0";"Участвуете в конкурсе";"1630382";"—"
"405";"6";"—";"280.0";"95 86 96";"3.0";"Участвуете в конкурсе";"1652121";"—"
"406";"5";"—";"280.0";"95 94 88";"3.0";"Участвуете в конкурсе";"942482";"—"
"407";"8";"—";"280.0";"93 94 90";"3.0";"Участвуете в конкурсе";"1477537";"—"
"408";"6";"—";"280.0";"88 97 92";"3.0";"Участвуете в конкурсе";"1721840";"—"
"409";"4";"—";"280.0";"100 81 94";"5.0";"Участвуете в конкурсе";"1208769";"—"
"410";"6";"—";"280.0";"100 83 92";"5.0";"Участвуете в конкурсе";"1180537";"—"
"411";"4";"—";"280.0";"98 83 94";"5.0";"Участвуете в конкурсе";"1613407";"—"
"412";"3";"Электронное";"280.0";"98 83 94";"5.0";"Участвуете в конкурсе";"1621277";"—"
"413";"5";"—";"280.0";"98 89 88";"5.0";"Участвуете в конкурсе";"1245236";"—"
"414";"5";"—";"280.0";"95 86 94";"5.0";"Участвуете в конкурсе";"1414514";"—"
"415";"5";"—";"280.0";"92 89 94";"5.0";"Участвуете в конкурсе";"1338650";"—"
"416";"3";"Электронное";"280.0";"92 91 92";"5.0";"Участвуете в конкурсе";"1181228";"—"
"417";"5";"—";"279.0";"100 81 98";"—";"Участвуете в конкурсе";"1597379";"—"
"418";"3";"—";"279.0";"98 83 98";"—";"Участвуете в конкурсе";"2096811";"—"
"419";"2";"—";"279.0";"98 86 95";"—";"Участвуете в конкурсе";"1942072";"—"
"420";"2";"—";"279.0";"94 91 94";"—";"Участвуете в конкурсе";"1059972";"—"
"421";"6";"—";"279.0";"93 89 97";"—";"Участвуете в конкурсе";"1202453";"—"
"422";"5";"—";"279.0";"92 89 98";"—";"Участвуете в конкурсе";"1908356";"—"
"423";"3";"—";"279.0";"88 91 100";"—";"Участвуете в конкурсе";"1641164";"—"
"424";"7";"—";"279.0";"88 97 94";"—";"Участвуете в конкурсе";"1594595";"—"
"425";"3";"—";"279.0";"85 100 94";"—";"Участвуете в конкурсе";"1767419";"—"
"426";"5";"Электронное";"279.0";"100 81 96";"2.0";"Участвуете в конкурсе";"2302044";"—"
"427";"7";"—";"279.0";"96 89 92";"2.0";"Участвуете в конкурсе";"1549247";"—"
"428";"6";"—";"279.0";"96 91 90";"2.0";"Участвуете в конкурсе";"984285";"—"
"429";"6";"—";"279.0";"96 91 90";"2.0";"Участвуете в конкурсе";"1042667";"—"
"430";"4";"—";"279.0";"94 89 94";"2.0";"Участвуете в конкурсе";"1555153";"—"
"431";"3";"—";"279.0";"100 94 82";"3.0";"Участвуете в конкурсе";"1620021";"—"
"432";"4";"—";"279.0";"98 83 95";"3.0";"Участвуете в конкурсе";"1791716";"—"
"433";"4";"—";"279.0";"96 83 97";"3.0";"Участвуете в конкурсе";"1847314";"—"
"434";"4";"—";"279.0";"96 94 86";"3.0";"Участвуете в конкурсе";"2076581";"—"
"435";"2";"—";"279.0";"95 89 92";"3.0";"Участвуете в конкурсе";"1207060";"—"
"436";"5";"—";"279.0";"93 89 94";"3.0";"Участвуете в конкурсе";"2368680";"—"
"437";"4";"—";"279.0";"93 97 86";"3.0";"Участвуете в конкурсе";"1500028";"—"
"438";"5";"—";"279.0";"90 86 100";"3.0";"Участвуете в конкурсе";"1584202";"—"
"439";"1";"Электронное";"279.0";"90 91 95";"3.0";"Участвуете в конкурсе";"1580934";"—"
"440";"2";"—";"279.0";"90 94 92";"3.0";"Участвуете в конкурсе";"1360046";"—"
"441";"6";"—";"279.0";"98 81 95";"5.0";"Участвуете в конкурсе";"2262501";"—"
"442";"4";"Электронное";"279.0";"98 86 90";"5.0";"Участвуете в конкурсе";"2287762";"—"
"443";"5";"Электронное";"279.0";"98 94 82";"5.0";"Участвуете в конкурсе";"1641301";"—"
"444";"5";"—";"279.0";"96 83 95";"5.0";"Участвуете в конкурсе";"1671356";"—"
"445";"4";"—";"279.0";"95 89 90";"5.0";"Участвуете в конкурсе";"1683824";"—"
"446";"5";"—";"279.0";"93 86 95";"5.0";"Участвуете в конкурсе";"2262047";"—"
"447";"5";"—";"279.0";"93 86 95";"5.0";"Участвуете в конкурсе";"1002405";"—"
"448";"1";"Электронное";"279.0";"92 94 88";"5.0";"Участвуете в конкурсе";"1626355";"—"
"449";"5";"—";"279.0";"90 94 90";"5.0";"Участвуете в конкурсе";"2142949";"—"
"450";"1";"—";"279.0";"88 94 92";"5.0";"Участвуете в конкурсе";"1510585";"—"
"451";"6";"Электронное";"279.0";"85 89 100";"5.0";"Участвуете в конкурсе";"1418986";"—"
"452";"4";"—";"279.0";"82 94 98";"5.0";"Участвуете в конкурсе";"1848660";"—"
"453";"4";"—";"279.0";"90 83 100";"6.0";"Участвуете в конкурсе";"1656782";"—"
"454";"2";"—";"279.0";"100 83 88";"8.0";"Участвуете в конкурсе";"1523410";"—"
"455";"5";"Электронное";"279.0";"94 81 96";"8.0";"Участвуете в конкурсе";"2246402";"—"
"456";"4";"—";"279.0";"88 91 92";"8.0";"Участвуете в конкурсе";"1786326";"—"
"457";"4";"—";"279.0";"96 89 84";"10.0";"Участвуете в конкурсе";"2141747";"—"
"458";"2";"—";"279.0";"94 83 92";"10.0";"Участвуете в конкурсе";"1498389";"—"
"459";"2";"Электронное";"279.0";"94 89 86";"10.0";"Участвуете в конкурсе";"1620910";"—"
"460";"3";"—";"279.0";"84 91 94";"10.0";"Участвуете в конкурсе";"1284208";"—"
"461";"4";"—";"278.0";"100 78 100";"—";"Участвуете в конкурсе";"1988630";"—"
"462";"6";"—";"278.0";"100 81 97";"—";"Участвуете в конкурсе";"1985212";"—"
"463";"2";"—";"278.0";"93 91 94";"—";"Участвуете в конкурсе";"1560550";"—"
"464";"6";"Электронное";"278.0";"90 94 94";"—";"Участвуете в конкурсе";"1350113";"—"
"465";"5";"—";"278.0";"90 100 88";"—";"Участвуете в конкурсе";"2178594";"—"
"466";"1";"—";"278.0";"100 86 90";"2.0";"Участвуете в конкурсе";"1332183";"—"
"467";"4";"—";"278.0";"98 78 100";"2.0";"Участвуете в конкурсе";"2267693";"—"
"468";"5";"—";"278.0";"100 89 86";"3.0";"Участвуете в конкурсе";"1881418";"—"
"469";"4";"—";"278.0";"100 91 84";"3.0";"Участвуете в конкурсе";"1073166";"—"
"470";"2";"Электронное";"278.0";"98 81 96";"3.0";"Участвуете в конкурсе";"2021703";"—"
"471";"2";"—";"278.0";"98 81 96";"3.0";"Участвуете в конкурсе";"1833070";"—"
"472";"1";"Электронное";"278.0";"98 91 86";"3.0";"Участвуете в конкурсе";"2121291";"—"
"473";"4";"—";"278.0";"96 89 90";"3.0";"Участвуете в конкурсе";"1693445";"—"
"474";"7";"—";"278.0";"94 91 90";"3.0";"Участвуете в конкурсе";"1652603";"—"
"475";"2";"—";"278.0";"92 83 100";"3.0";"Участвуете в конкурсе";"2000166";"—"
"476";"1";"—";"278.0";"92 86 97";"3.0";"Участвуете в конкурсе";"1851284";"—"
"477";"4";"Электронное";"278.0";"92 91 92";"3.0";"Участвуете в конкурсе";"2001761";"—"
"478";"5";"—";"278.0";"90 91 94";"3.0";"Участвуете в конкурсе";"1510032";"—"
"479";"3";"—";"278.0";"90 97 88";"3.0";"Участвуете в конкурсе";"2181685";"—"
"480";"2";"—";"278.0";"88 91 96";"3.0";"Участвуете в конкурсе";"1909498";"—"
"481";"6";"—";"278.0";"98 83 92";"5.0";"Участвуете в конкурсе";"2099944";"—"
"482";"4";"—";"278.0";"98 89 86";"5.0";"Участвуете в конкурсе";"1956357";"—"
"483";"4";"—";"278.0";"94 97 82";"5.0";"Участвуете в конкурсе";"1188466";"—"
"484";"5";"Электронное";"278.0";"93 83 97";"5.0";"Участвуете в конкурсе";"1760858";"—"
"485";"5";"—";"278.0";"92 86 95";"5.0";"Участвуете в конкурсе";"1253444";"—"
"486";"5";"—";"278.0";"90 89 94";"5.0";"Участвуете в конкурсе";"1624300";"—"
"487";"3";"Электронное";"278.0";"82 91 100";"5.0";"Участвуете в конкурсе";"1441768";"—"
"488";"5";"—";"278.0";"88 89 95";"6.0";"Участвуете в конкурсе";"1495329";"—"
"489";"6";"—";"278.0";"100 78 92";"8.0";"Участвуете в конкурсе";"1891549";"—"
"490";"4";"—";"278.0";"100 86 84";"8.0";"Участвуете в конкурсе";"1377863";"—"
"491";"5";"—";"278.0";"100 73 95";"10.0";"Участвуете в конкурсе";"1782149";"—"
"492";"9";"Электронное";"277.0";"100 81 96";"—";"Участвуете в конкурсе";"1197479";"—"
"493";"5";"—";"277.0";"100 87 90";"—";"Участвуете в конкурсе";"1912300";"—"
"494";"3";"—";"277.0";"98 81 98";"—";"Участвуете в конкурсе";"2046137";"—"
"495";"4";"—";"277.0";"95 94 88";"—";"Участвуете в конкурсе";"1354207";"—"
"496";"1";"—";"277.0";"94 83 100";"—";"Участвуете в конкурсе";"2230496";"—"
"497";"3";"—";"277.0";"92 91 94";"—";"Участвуете в конкурсе";"1181421";"—"
"498";"4";"—";"277.0";"88 89 100";"—";"Участвуете в конкурсе";"1520240";"—"
"499";"3";"—";"277.0";"92 91 92";"2.0";"Участвуете в конкурсе";"1729816";"—"
"500";"5";"Электронное";"277.0";"86 94 95";"2.0";"Участвуете в конкурсе";"1583586";"—"
"501";"3";"—";"277.0";"100 86 88";"3.0";"Участвуете в конкурсе";"1207535";"—"
"502";"2";"—";"277.0";"100 86 88";"3.0";"Участвуете в конкурсе";"970858";"—"
"503";"5";"—";"277.0";"95 81 98";"3.0";"Участвуете в конкурсе";"995702";"—"
"504";"6";"—";"277.0";"93 81 100";"3.0";"Участвуете в конкурсе";"1497992";"—"
"505";"6";"—";"277.0";"93 89 92";"3.0";"Участвуете в конкурсе";"2391649";"—"
"506";"6";"—";"277.0";"93 89 92";"3.0";"Участвуете в конкурсе";"2315605";"—"
"507";"6";"—";"277.0";"88 94 92";"3.0";"Участвуете в конкурсе";"1549156";"—"
"508";"2";"Электронное";"277.0";"85 91 98";"3.0";"Участвуете в конкурсе";"2236183";"—"
"509";"3";"Электронное";"277.0";"98 86 88";"5.0";"Участвуете в конкурсе";"2084757";"—"
"510";"6";"—";"277.0";"95 83 94";"5.0";"Участвуете в конкурсе";"1855534";"—"
"511";"4";"—";"277.0";"94 81 97";"5.0";"Участвуете в конкурсе";"1568008";"—"
"512";"1";"Электронное";"277.0";"94 86 92";"5.0";"Участвуете в конкурсе";"1453580";"—"
"513";"6";"—";"277.0";"93 89 90";"5.0";"Участвуете в конкурсе";"1726468";"—"
"514";"2";"—";"277.0";"92 100 80";"5.0";"Участвуете в конкурсе";"1475629";"—"
"515";"4";"—";"277.0";"90 94 88";"5.0";"Участвуете в конкурсе";"2173140";"—"
"516";"7";"—";"277.0";"88 89 95";"5.0";"Участвуете в конкурсе";"1842337";"—"
"517";"5";"—";"277.0";"84 94 94";"5.0";"Участвуете в конкурсе";"1420631";"—"
"518";"6";"—";"277.0";"96 75 100";"6.0";"Участвуете в конкурсе";"1790960";"—"
"519";"1";"Электронное";"277.0";"90 91 88";"8.0";"Участвуете в конкурсе";"1640225";"—"
"520";"3";"Электронное";"277.0";"88 89 92";"8.0";"Участвуете в конкурсе";"2039712";"—"
"521";"5";"—";"277.0";"88 83 96";"10.0";"Участвуете в конкурсе";"1052767";"—"
"522";"5";"—";"277.0";"88 91 88";"10.0";"Участвуете в конкурсе";"2000372";"—"
"523";"6";"—";"276.0";"93 83 100";"—";"Участвуете в конкурсе";"1578150";"—"
"524";"5";"—";"276.0";"94 94 86";"2.0";"Участвуете в конкурсе";"1202935";"—"
"525";"5";"—";"276.0";"93 86 95";"2.0";"Участвуете в конкурсе";"1755028";"—"
"526";"6";"—";"276.0";"92 83 99";"2.0";"Участвуете в конкурсе";"2268232";"—"
"527";"1";"—";"276.0";"98 83 92";"3.0";"Участвуете в конкурсе";"1891375";"—"
"528";"3";"—";"276.0";"98 89 86";"3.0";"Участвуете в конкурсе";"2255081";"—"
"529";"4";"Электронное";"276.0";"98 97 78";"3.0";"Участвуете в конкурсе";"1587678";"—"
"530";"6";"—";"276.0";"96 83 94";"3.0";"Участвуете в конкурсе";"1768378";"—"
"531";"5";"—";"276.0";"95 86 92";"3.0";"Участвуете в конкурсе";"1443835";"—"
"532";"3";"—";"276.0";"90 89 94";"3.0";"Участвуете в конкурсе";"1243506";"—"
"533";"3";"—";"276.0";"90 89 94";"3.0";"Участвуете в конкурсе";"1432606";"—"
"534";"4";"Электронное";"276.0";"100 75 96";"5.0";"Участвуете в конкурсе";"1364581";"—"
"535";"5";"—";"276.0";"94 91 86";"5.0";"Участвуете в конкурсе";"1617812";"—"
"536";"7";"—";"276.0";"93 86 92";"5.0";"Участвуете в конкурсе";"1587619";"—"
"537";"1";"Электронное";"276.0";"90 91 90";"5.0";"Участвуете в конкурсе";"1122414";"—"
"538";"4";"—";"276.0";"86 91 94";"5.0";"Участвуете в конкурсе";"1655063";"—"
"539";"2";"—";"276.0";"85 94 92";"5.0";"Участвуете в конкурсе";"2342737";"—"
"540";"5";"Электронное";"276.0";"100 73 95";"8.0";"Участвуете в конкурсе";"1440421";"—"
"541";"5";"—";"276.0";"94 86 88";"8.0";"Участвуете в конкурсе";"1715318";"—"
"542";"3";"Электронное";"276.0";"100 75 92";"9.0";"Участвуете в конкурсе";"1363133";"—"
"543";"5";"—";"276.0";"95 83 88";"10.0";"Участвуете в конкурсе";"1835527";"—"
"544";"6";"—";"275.0";"100 81 94";"—";"Участвуете в конкурсе";"1710356";"—"
"545";"5";"—";"275.0";"96 89 90";"—";"Участвуете в конкурсе";"2163032";"—"
"546";"1";"—";"275.0";"96 91 88";"—";"Участвуете в конкурсе";"1284601";"—"
"547";"7";"—";"275.0";"93 83 99";"—";"Участвуете в конкурсе";"2180279";"—"
"548";"4";"Электронное";"275.0";"100 81 92";"2.0";"Участвуете в конкурсе";"1598440";"—"
"549";"4";"—";"275.0";"94 89 90";"2.0";"Участвуете в конкурсе";"1569922";"—"
"550";"4";"—";"275.0";"88 91 94";"2.0";"Участвуете в конкурсе";"1916259";"—"
"551";"4";"—";"275.0";"98 78 96";"3.0";"Участвуете в конкурсе";"2003306";"—"
"552";"4";"—";"275.0";"98 86 88";"3.0";"Участвуете в конкурсе";"1913042";"—"
"553";"2";"—";"275.0";"96 81 95";"3.0";"Участвуете в конкурсе";"1249854";"—"
"554";"4";"—";"275.0";"95 83 94";"3.0";"Участвуете в конкурсе";"1548957";"—"
"555";"3";"—";"275.0";"93 81 98";"3.0";"Участвуете в конкурсе";"1510645";"—"
"556";"4";"Электронное";"275.0";"93 89 88";"5.0";"Участвуете в конкурсе";"1345198";"—"
"557";"2";"—";"275.0";"85 89 96";"5.0";"Участвуете в конкурсе";"1728864";"—"
"558";"4";"—";"275.0";"83 91 96";"5.0";"Участвуете в конкурсе";"2025488";"—"
"559";"5";"—";"275.0";"100 67 100";"8.0";"Участвуете в конкурсе";"2167950";"—"
"560";"1";"—";"275.0";"94 73 100";"8.0";"Участвуете в конкурсе";"2229205";"—"
"561";"4";"—";"274.0";"100 86 88";"—";"Участвуете в конкурсе";"1985154";"—"
"562";"5";"—";"274.0";"98 81 95";"—";"Участвуете в конкурсе";"1414168";"—"
"563";"7";"—";"274.0";"98 86 90";"—";"Участвуете в конкурсе";"1248131";"—"
"564";"4";"—";"274.0";"98 94 82";"—";"Участвуете в конкурсе";"1199343";"—"
"565";"8";"—";"274.0";"95 89 90";"—";"Участвуете в конкурсе";"1567319";"—"
"566";"3";"Электронное";"274.0";"94 86 94";"—";"Участвуете в конкурсе";"1240908";"—"
"567";"5";"—";"274.0";"94 94 86";"—";"Участвуете в конкурсе";"1434959";"—"
"568";"7";"Электронное";"274.0";"93 89 92";"—";"Участвуете в конкурсе";"1314230";"—"
"569";"4";"—";"274.0";"90 86 98";"—";"Участвуете в конкурсе";"1547692";"—"
"570";"5";"—";"274.0";"90 89 95";"—";"Участвуете в конкурсе";"1876104";"—"
"571";"3";"—";"274.0";"90 94 90";"—";"Участвуете в конкурсе";"2095853";"—"
"572";"2";"—";"274.0";"100 86 86";"2.0";"Участвуете в конкурсе";"1152635";"—"
"573";"7";"Электронное";"274.0";"88 94 90";"2.0";"Участвуете в конкурсе";"1291026";"—"
"574";"1";"—";"274.0";"88 94 90";"2.0";"Участвуете в конкурсе";"1665366";"—"
"575";"1";"—";"274.0";"98 83 90";"3.0";"Участвуете в конкурсе";"1851288";"—"
"576";"5";"—";"274.0";"98 83 90";"3.0";"Участвуете в конкурсе";"1797892";"—"
"577";"5";"—";"274.0";"96 89 86";"3.0";"Участвуете в конкурсе";"1405221";"—"
"578";"7";"—";"274.0";"95 81 95";"3.0";"Участвуете в конкурсе";"2370142";"—"
"579";"10";"—";"274.0";"95 86 90";"3.0";"Участвуете в конкурсе";"1945364";"—"
"580";"1";"—";"274.0";"95 86 90";"3.0";"Участвуете в конкурсе";"2263361";"—"
"581";"1";"—";"274.0";"92 97 82";"3.0";"Участвуете в конкурсе";"1954385";"—"
"582";"4";"—";"274.0";"90 91 88";"5.0";"Участвуете в конкурсе";"1751610";"—"
"583";"5";"Электронное";"274.0";"90 91 88";"5.0";"Участвуете в конкурсе";"1797178";"—"
"584";"5";"—";"274.0";"93 83 90";"8.0";"Участвуете в конкурсе";"1510741";"—"
"585";"4";"—";"274.0";"93 83 88";"10.0";"Участвуете в конкурсе";"1783693";"—"
"586";"6";"—";"274.0";"85 89 90";"10.0";"Участвуете в конкурсе";"1905625";"—"
"587";"3";"—";"273.0";"100 75 98";"—";"Участвуете в конкурсе";"2116234";"—"
"588";"2";"—";"273.0";"100 78 95";"—";"Участвуете в конкурсе";"2150660";"—"
"589";"1";"—";"273.0";"100 81 92";"—";"Участвуете в конкурсе";"1519816";"—"
"590";"6";"—";"273.0";"95 83 95";"—";"Участвуете в конкурсе";"1988861";"—"
"591";"6";"—";"273.0";"95 86 92";"—";"Участвуете в конкурсе";"1082593";"—"
"592";"2";"Электронное";"273.0";"92 89 92";"—";"Участвуете в конкурсе";"2095794";"—"
"593";"2";"Электронное";"273.0";"88 91 94";"—";"Участвуете в конкурсе";"2002786";"—"
"594";"5";"Электронное";"273.0";"79 97 97";"—";"Участвуете в конкурсе";"1653051";"—"
"595";"3";"—";"273.0";"100 83 88";"2.0";"Участвуете в конкурсе";"1731162";"—"
"596";"4";"—";"273.0";"98 73 100";"2.0";"Участвуете в конкурсе";"1892683";"—"
"597";"5";"—";"273.0";"98 81 92";"2.0";"Участвуете в конкурсе";"2225187";"—"
"598";"1";"—";"273.0";"92 83 96";"2.0";"Участвуете в конкурсе";"1087557";"—"
"599";"1";"Электронное";"273.0";"92 91 88";"2.0";"Участвуете в конкурсе";"1363982";"—"
"600";"4";"Электронное";"273.0";"90 89 92";"2.0";"Участвуете в конкурсе";"2178036";"—"
"601";"1";"—";"273.0";"98 78 94";"3.0";"Участвуете в конкурсе";"1802418";"—"
"602";"6";"—";"273.0";"95 83 92";"3.0";"Участвуете в конкурсе";"2368745";"—"
"603";"2";"—";"273.0";"94 86 90";"3.0";"Участвуете в конкурсе";"1778963";"—"
"604";"3";"Электронное";"273.0";"90 100 80";"3.0";"Участвуете в конкурсе";"1427862";"—"
"605";"5";"Электронное";"273.0";"85 91 94";"3.0";"Участвуете в конкурсе";"1548031";"—"
"606";"1";"—";"273.0";"83 97 90";"3.0";"Участвуете в конкурсе";"2136332";"—"
"607";"6";"—";"273.0";"100 78 90";"5.0";"Участвуете в конкурсе";"1345181";"—"
"608";"5";"—";"273.0";"98 78 92";"5.0";"Участвуете в конкурсе";"2386463";"—"
"609";"6";"—";"273.0";"90 94 84";"5.0";"Участвуете в конкурсе";"1793104";"—"
"610";"2";"Электронное";"273.0";"90 94 84";"5.0";"Участвуете в конкурсе";"2193143";"—"
"611";"8";"—";"273.0";"90 94 84";"5.0";"Участвуете в конкурсе";"2041393";"—"
"612";"7";"—";"273.0";"88 86 94";"5.0";"Участвуете в конкурсе";"2247148";"—"
"613";"5";"—";"273.0";"83 91 94";"5.0";"Участвуете в конкурсе";"2035422";"—"
"614";"7";"—";"273.0";"83 97 88";"5.0";"Участвуете в конкурсе";"1503393";"—"
"615";"3";"Электронное";"272.0";"100 78 94";"—";"Участвуете в конкурсе";"1202485";"—"
"616";"10";"—";"272.0";"95 89 88";"—";"Участвуете в конкурсе";"2424028";"—"
"617";"2";"Электронное";"272.0";"94 97 81";"—";"Участвуете в конкурсе";"1198072";"—"
"618";"5";"—";"272.0";"92 94 86";"—";"Участвуете в конкурсе";"1175482";"—"
"619";"3";"—";"272.0";"85 91 96";"—";"Участвуете в конкурсе";"1909052";"—"
"620";"2";"Электронное";"272.0";"83 89 100";"—";"Участвуете в конкурсе";"1206161";"—"
"621";"4";"—";"272.0";"86 89 95";"2.0";"Участвуете в конкурсе";"1365284";"—"
"622";"1";"—";"272.0";"98 89 82";"3.0";"Участвуете в конкурсе";"1190107";"—"
"623";"5";"—";"272.0";"96 83 90";"3.0";"Участвуете в конкурсе";"1213243";"—"
"624";"1";"Электронное";"272.0";"93 94 82";"3.0";"Участвуете в конкурсе";"1694422";"—"
"625";"12";"—";"272.0";"88 91 90";"3.0";"Участвуете в конкурсе";"2060794";"—"
"626";"5";"—";"272.0";"85 100 84";"3.0";"Участвуете в конкурсе";"2424639";"—"
"627";"1";"—";"272.0";"83 96 90";"3.0";"Участвуете в конкурсе";"1943347";"—"
"628";"2";"—";"272.0";"94 91 82";"5.0";"Участвуете в конкурсе";"1262255";"—"
"629";"2";"—";"272.0";"93 94 80";"5.0";"Участвуете в конкурсе";"1582073";"—"
"630";"4";"—";"272.0";"92 83 92";"5.0";"Участвуете в конкурсе";"1635961";"—"
"631";"4";"—";"272.0";"88 89 90";"5.0";"Участвуете в конкурсе";"2133349";"—"
"632";"5";"—";"272.0";"93 83 88";"8.0";"Участвуете в конкурсе";"1257128";"—"
"633";"3";"—";"272.0";"88 86 88";"10.0";"Участвуете в конкурсе";"1690345";"—"
"634";"2";"—";"271.0";"100 81 90";"—";"Участвуете в конкурсе";"1646809";"—"
"635";"1";"—";"271.0";"98 91 82";"—";"Участвуете в конкурсе";"1484209";"—"
"636";"3";"—";"271.0";"96 78 97";"—";"Участвуете в конкурсе";"1577473";"—"
"637";"3";"—";"271.0";"90 86 95";"—";"Участвуете в конкурсе";"1526636";"—"
"638";"4";"—";"271.0";"96 83 90";"2.0";"Участвуете в конкурсе";"1020298";"—"
"639";"2";"—";"271.0";"96 83 90";"2.0";"Участвуете в конкурсе";"2048063";"—"
"640";"5";"—";"271.0";"94 75 100";"2.0";"Участвуете в конкурсе";"2182839";"—"
"641";"4";"Электронное";"271.0";"93 81 95";"2.0";"Участвуете в конкурсе";"2221783";"—"
"642";"5";"—";"271.0";"93 94 82";"2.0";"Участвуете в конкурсе";"1442300";"—"
"643";"5";"Электронное";"271.0";"93 78 97";"3.0";"Участвуете в конкурсе";"1429275";"—"
"644";"2";"—";"271.0";"93 81 94";"3.0";"Участвуете в конкурсе";"1534013";"—"
"645";"4";"—";"271.0";"93 91 84";"3.0";"Участвуете в конкурсе";"2055641";"—"
"646";"2";"—";"271.0";"92 81 95";"3.0";"Участвуете в конкурсе";"1120495";"—"
"647";"1";"—";"271.0";"90 78 100";"3.0";"Участвуете в конкурсе";"1716050";"—"
"648";"2";"—";"271.0";"90 81 97";"3.0";"Участвуете в конкурсе";"2052843";"—"
"649";"1";"—";"271.0";"90 86 92";"3.0";"Участвуете в конкурсе";"1854678";"—"
"650";"5";"—";"271.0";"90 86 92";"3.0";"Участвуете в конкурсе";"1594282";"—"
"651";"3";"Электронное";"271.0";"88 83 97";"3.0";"Участвуете в конкурсе";"2081330";"—"
"652";"2";"—";"271.0";"82 94 92";"3.0";"Участвуете в конкурсе";"2415810";"—"
"653";"5";"—";"271.0";"93 81 92";"5.0";"Участвуете в конкурсе";"1877013";"—"
"654";"2";"—";"271.0";"90 86 90";"5.0";"Участвуете в конкурсе";"2164127";"—"
"655";"5";"—";"271.0";"90 94 82";"5.0";"Участвуете в конкурсе";"1577674";"—"
"656";"1";"—";"271.0";"88 81 97";"5.0";"Участвуете в конкурсе";"1583461";"—"
"657";"4";"—";"271.0";"88 83 95";"5.0";"Участвуете в конкурсе";"2367993";"—"
"658";"2";"—";"271.0";"85 91 90";"5.0";"Участвуете в конкурсе";"1462111";"—"
"659";"5";"Электронное";"271.0";"83 91 92";"5.0";"Участвуете в конкурсе";"1177734";"—"
"660";"3";"Электронное";"270.0";"100 78 92";"—";"Участвуете в конкурсе";"1402204";"—"
"661";"5";"—";"270.0";"98 78 94";"—";"Участвуете в конкурсе";"2310651";"—"
"662";"4";"—";"270.0";"98 86 86";"—";"Участвуете в конкурсе";"2127534";"—"
"663";"4";"—";"270.0";"92 81 97";"—";"Участвуете в конкурсе";"1077663";"—"
"664";"4";"—";"270.0";"100 73 95";"2.0";"Участвуете в конкурсе";"1169066";"—"
"665";"2";"—";"270.0";"96 86 86";"2.0";"Участвуете в конкурсе";"1646593";"—"
"666";"4";"—";"270.0";"95 81 92";"2.0";"Участвуете в конкурсе";"2305603";"—"
"667";"3";"—";"270.0";"95 83 90";"2.0";"Участвуете в конкурсе";"1963149";"—"
"668";"5";"—";"270.0";"93 83 92";"2.0";"Участвуете в конкурсе";"1156056";"—"
"669";"5";"Электронное";"270.0";"88 86 94";"2.0";"Участвуете в конкурсе";"1175627";"—"
"670";"3";"—";"270.0";"86 94 88";"2.0";"Участвуете в конкурсе";"1043559";"—"
"671";"6";"—";"270.0";"94 73 100";"3.0";"Участвуете в конкурсе";"2118307";"—"
"672";"5";"Электронное";"270.0";"94 83 90";"3.0";"Участвуете в конкурсе";"2053806";"—"
"673";"1";"—";"270.0";"92 81 94";"3.0";"Участвуете в конкурсе";"1793930";"—"
"674";"4";"—";"270.0";"92 83 92";"3.0";"Участвуете в конкурсе";"1081843";"—"
"675";"5";"—";"270.0";"90 83 94";"3.0";"Участвуете в конкурсе";"1489503";"—"
"676";"1";"—";"270.0";"90 89 88";"3.0";"Участвуете в конкурсе";"1505115";"—"
"677";"5";"—";"270.0";"90 89 88";"3.0";"Участвуете в конкурсе";"1291704";"—"
"678";"6";"—";"270.0";"86 81 100";"3.0";"Участвуете в конкурсе";"1336371";"—"
"679";"2";"—";"270.0";"86 86 95";"3.0";"Участвуете в конкурсе";"1158133";"—"
"680";"3";"—";"270.0";"86 97 84";"3.0";"Участвуете в конкурсе";"1305360";"—"
"681";"3";"—";"270.0";"85 86 96";"3.0";"Участвуете в конкурсе";"2219430";"—"
"682";"5";"—";"270.0";"82 97 88";"3.0";"Участвуете в конкурсе";"2244812";"—"
"683";"2";"—";"270.0";"96 83 86";"5.0";"Участвуете в конкурсе";"2004939";"—"
"684";"3";"—";"270.0";"94 91 80";"5.0";"Участвуете в конкурсе";"1362565";"—"
"685";"6";"—";"270.0";"92 78 95";"5.0";"Участвуете в конкурсе";"1408422";"—"
"686";"1";"—";"270.0";"88 83 94";"5.0";"Участвуете в конкурсе";"1837540";"—"
"687";"4";"Электронное";"270.0";"78 89 98";"5.0";"Участвуете в конкурсе";"2353339";"—"
"688";"4";"—";"270.0";"100 60 100";"10.0";"Участвуете в конкурсе";"2005340";"—"
"689";"2";"—";"270.0";"92 78 90";"10.0";"Участвуете в конкурсе";"1889371";"—"
"690";"5";"—";"270.0";"92 86 82";"10.0";"Участвуете в конкурсе";"1156845";"—"
"691";"4";"—";"270.0";"90 78 92";"10.0";"Участвуете в конкурсе";"1176422";"—"
"692";"5";"Электронное";"269.0";"98 81 90";"—";"Участвуете в конкурсе";"1576467";"—"
"693";"1";"—";"269.0";"90 89 90";"—";"Участвуете в конкурсе";"1200884";"—"
"694";"5";"Электронное";"269.0";"88 86 95";"—";"Участвуете в конкурсе";"1907511";"—"
"695";"5";"Электронное";"269.0";"88 86 95";"—";"Участвуете в конкурсе";"1342817";"—"
"696";"5";"—";"269.0";"88 89 92";"—";"Участвуете в конкурсе";"1312515";"—"
"697";"6";"—";"269.0";"86 91 92";"—";"Участвуете в конкурсе";"1178784";"—"
"698";"1";"Электронное";"269.0";"80 94 95";"—";"Участвуете в конкурсе";"1729897";"—"
"699";"1";"Электронное";"269.0";"100 73 94";"2.0";"Участвуете в конкурсе";"1975113";"—"
"700";"4";"Электронное";"269.0";"90 89 88";"2.0";"Участвуете в конкурсе";"1158369";"—"
"701";"1";"—";"269.0";"88 89 90";"2.0";"Участвуете в конкурсе";"1431689";"—"
"702";"5";"—";"269.0";"86 91 90";"2.0";"Участвуете в конкурсе";"2143212";"—"
"703";"5";"—";"269.0";"93 78 95";"3.0";"Участвуете в конкурсе";"1286693";"—"
"704";"2";"—";"269.0";"90 78 98";"3.0";"Участвуете в конкурсе";"1415581";"—"
"705";"1";"—";"269.0";"90 86 90";"3.0";"Участвуете в конкурсе";"2165447";"—"
"706";"10";"—";"269.0";"88 81 97";"3.0";"Участвуете в конкурсе";"1511576";"—"
"707";"4";"Электронное";"269.0";"88 83 95";"3.0";"Участвуете в конкурсе";"1810227";"—"
"708";"6";"Электронное";"269.0";"88 86 92";"3.0";"Участвуете в конкурсе";"2078283";"—"
"709";"1";"—";"269.0";"78 91 97";"3.0";"Участвуете в конкурсе";"2416228";"—"
"710";"5";"Электронное";"269.0";"100 69 95";"5.0";"Участвуете в конкурсе";"1158976";"—"
"711";"2";"—";"269.0";"92 86 86";"5.0";"Участвуете в конкурсе";"2002672";"—"
"712";"7";"—";"269.0";"90 94 80";"5.0";"Участвуете в конкурсе";"1726201";"—"
"713";"4";"—";"269.0";"83 86 95";"5.0";"Участвуете в конкурсе";"1438164";"—"
"714";"7";"—";"269.0";"80 100 84";"5.0";"Участвуете в конкурсе";"1285101";"—"
"715";"1";"Электронное";"269.0";"85 94 82";"8.0";"Участвуете в конкурсе";"1415492";"—"
"716";"4";"—";"269.0";"100 75 84";"10.0";"Участвуете в конкурсе";"1181943";"—"
"717";"5";"Электронное";"269.0";"88 91 80";"10.0";"Участвуете в конкурсе";"1795431";"—"
"718";"6";"—";"269.0";"85 86 88";"10.0";"Участвуете в конкурсе";"1980708";"—"
"719";"6";"Электронное";"269.0";"79 83 97";"10.0";"Участвуете в конкурсе";"1853134";"—"
"720";"1";"—";"268.0";"98 70 100";"—";"Участвуете в конкурсе";"1963969";"—"
"721";"4";"—";"268.0";"92 86 90";"—";"Участвуете в конкурсе";"1584077";"—"
"722";"7";"—";"268.0";"90 83 95";"—";"Участвуете в конкурсе";"2126168";"—"
"723";"6";"—";"268.0";"90 86 92";"—";"Участвуете в конкурсе";"1646488";"—"
"724";"9";"—";"268.0";"88 83 97";"—";"Участвуете в конкурсе";"1914959";"—"
"725";"1";"—";"268.0";"95 83 88";"2.0";"Участвуете в конкурсе";"1617557";"—"
"726";"1";"—";"268.0";"80 94 92";"2.0";"Участвуете в конкурсе";"1302974";"—"
"727";"5";"Электронное";"268.0";"100 81 84";"3.0";"Участвуете в конкурсе";"1765560";"—"
"728";"5";"Электронное";"268.0";"98 75 92";"3.0";"Участвуете в конкурсе";"2174665";"—"
"729";"2";"—";"268.0";"98 83 84";"3.0";"Участвуете в конкурсе";"1464866";"—"
"730";"3";"—";"268.0";"94 83 88";"3.0";"Участвуете в конкурсе";"1257640";"—"
"731";"3";"—";"268.0";"92 91 82";"3.0";"Участвуете в конкурсе";"1266787";"—"
"732";"1";"Электронное";"268.0";"90 83 92";"3.0";"Участвуете в конкурсе";"1580271";"—"
"733";"1";"—";"268.0";"90 89 86";"3.0";"Участвуете в конкурсе";"1959179";"—"
"734";"2";"—";"268.0";"90 97 78";"3.0";"Участвуете в конкурсе";"1635552";"—"
"735";"2";"—";"268.0";"85 86 94";"3.0";"Участвуете в конкурсе";"1706794";"—"
"736";"2";"—";"268.0";"82 91 92";"3.0";"Участвуете в конкурсе";"1475576";"—"
"737";"3";"—";"268.0";"100 73 90";"5.0";"Участвуете в конкурсе";"1775931";"—"
"738";"6";"—";"268.0";"98 73 92";"5.0";"Участвуете в конкурсе";"1853721";"—"
"739";"2";"—";"268.0";"98 83 82";"5.0";"Участвуете в конкурсе";"1798756";"—"
"740";"3";"—";"268.0";"90 89 84";"5.0";"Участвуете в конкурсе";"2003276";"—"
"741";"3";"—";"268.0";"88 91 84";"5.0";"Участвуете в конкурсе";"2226593";"—"
"742";"1";"—";"267.0";"100 72 95";"—";"Участвуете в конкурсе";"1494228";"—"
"743";"2";"—";"267.0";"98 75 94";"—";"Участвуете в конкурсе";"1199216";"—"
"744";"2";"—";"267.0";"98 83 86";"—";"Участвуете в конкурсе";"1133330";"—"
"745";"3";"—";"267.0";"94 89 84";"—";"Участвуете в конкурсе";"2283581";"—"
"746";"6";"Электронное";"267.0";"92 75 100";"—";"Участвуете в конкурсе";"1358900";"—"
"747";"1";"—";"267.0";"92 91 84";"—";"Участвуете в конкурсе";"1387060";"—"
"748";"7";"—";"267.0";"90 81 96";"—";"Участвуете в конкурсе";"1638446";"—"
"749";"3";"—";"267.0";"90 89 88";"—";"Участвуете в конкурсе";"2265469";"—"
"750";"5";"—";"267.0";"90 91 86";"—";"Участвуете в конкурсе";"2228866";"—"
"751";"5";"—";"267.0";"88 89 90";"—";"Участвуете в конкурсе";"2085412";"—"
"752";"3";"Электронное";"267.0";"88 89 90";"—";"Участвуете в конкурсе";"1586503";"—"
"753";"4";"—";"267.0";"86 89 92";"—";"Участвуете в конкурсе";"994247";"—"
"754";"6";"—";"267.0";"90 75 100";"2.0";"Участвуете в конкурсе";"1719373";"—"
"755";"3";"—";"267.0";"90 75 100";"2.0";"Участвуете в конкурсе";"2000880";"—"
"756";"1";"—";"267.0";"79 94 92";"2.0";"Участвуете в конкурсе";"1264480";"—"
"757";"2";"—";"267.0";"96 86 82";"3.0";"Участвуете в конкурсе";"1590625";"—"
"758";"3";"Электронное";"267.0";"94 75 95";"3.0";"Участвуете в конкурсе";"1484550";"—"
"759";"3";"—";"267.0";"93 89 82";"3.0";"Участвуете в конкурсе";"1340722";"—"
"760";"4";"Электронное";"267.0";"92 86 86";"3.0";"Участвуете в конкурсе";"1686216";"—"
"761";"2";"—";"267.0";"85 83 96";"3.0";"Участвуете в конкурсе";"2366356";"—"
"762";"9";"—";"267.0";"80 94 90";"3.0";"Участвуете в конкурсе";"1072951";"—"
"763";"9";"Электронное";"267.0";"90 86 86";"5.0";"Участвуете в конкурсе";"2253778";"—"
"764";"1";"—";"267.0";"83 83 96";"5.0";"Участвуете в конкурсе";"1570201";"—"
"765";"3";"—";"267.0";"80 94 88";"5.0";"Участвуете в конкурсе";"1618888";"—"
"766";"8";"—";"267.0";"70 100 92";"5.0";"Участвуете в конкурсе";"1443705";"—"
"767";"2";"—";"267.0";"86 91 82";"8.0";"Участвуете в конкурсе";"1901276";"—"
"768";"1";"—";"267.0";"83 86 90";"8.0";"Участвуете в конкурсе";"1909789";"—"
"769";"5";"—";"267.0";"94 73 90";"10.0";"Участвуете в конкурсе";"2131241";"—"
"770";"5";"—";"267.0";"84 89 84";"10.0";"Участвуете в конкурсе";"1401968";"—"
"771";"5";"—";"266.0";"100 78 88";"—";"Участвуете в конкурсе";"2069836";"—"
"772";"1";"—";"266.0";"92 86 88";"—";"Участвуете в конкурсе";"1096123";"—"
"773";"4";"Электронное";"266.0";"90 81 95";"—";"Участвуете в конкурсе";"2176663";"—"
"774";"8";"—";"266.0";"90 94 82";"—";"Участвуете в конкурсе";"1445230";"—"
"775";"4";"—";"266.0";"88 78 100";"—";"Участвуете в конкурсе";"1998220";"—"
"776";"4";"—";"266.0";"88 94 84";"—";"Участвуете в конкурсе";"1208418";"—"
"777";"1";"—";"266.0";"83 89 94";"—";"Участвуете в конкурсе";"1194880";"—"
"778";"4";"—";"266.0";"96 73 95";"2.0";"Участвуете в конкурсе";"1253153";"—"
"779";"2";"—";"266.0";"94 75 94";"3.0";"Участвуете в конкурсе";"1958601";"—"
"780";"4";"Электронное";"266.0";"94 81 88";"3.0";"Участвуете в конкурсе";"1440181";"—"
"781";"4";"—";"266.0";"90 83 90";"3.0";"Участвуете в конкурсе";"2266362";"—"
"782";"5";"—";"266.0";"85 86 92";"3.0";"Участвуете в конкурсе";"2131255";"—"
"783";"1";"—";"266.0";"80 91 92";"3.0";"Участвуете в конкурсе";"1692532";"—"
"784";"4";"Электронное";"266.0";"88 89 84";"5.0";"Участвуете в конкурсе";"1043745";"—"
"785";"5";"Электронное";"266.0";"85 94 82";"5.0";"Участвуете в конкурсе";"1522766";"—"
"786";"5";"—";"266.0";"84 83 94";"5.0";"Участвуете в конкурсе";"1170107";"—"
"787";"1";"—";"266.0";"88 70 100";"8.0";"Участвуете в конкурсе";"1574921";"—"
"788";"4";"—";"266.0";"85 83 88";"10.0";"Участвуете в конкурсе";"1392974";"—"
"789";"1";"—";"266.0";"75 86 95";"10.0";"Участвуете в конкурсе";"1446548";"—"
"790";"2";"—";"265.0";"98 67 100";"—";"Участвуете в конкурсе";"1642679";"—"
"791";"5";"—";"265.0";"98 75 92";"—";"Участвуете в конкурсе";"1584080";"—"
"792";"4";"—";"265.0";"98 83 84";"—";"Участвуете в конкурсе";"975215";"—"
"793";"2";"—";"265.0";"94 83 88";"—";"Участвуете в конкурсе";"2162894";"—"
"794";"6";"—";"265.0";"90 75 100";"—";"Участвуете в конкурсе";"1909198";"—"
"795";"5";"—";"265.0";"90 83 92";"—";"Участвуете в конкурсе";"1626473";"—"
"796";"5";"—";"265.0";"80 91 94";"—";"Участвуете в конкурсе";"1252215";"—"
"797";"4";"Электронное";"265.0";"90 83 90";"2.0";"Участвуете в конкурсе";"1647787";"—"
"798";"8";"—";"265.0";"88 83 92";"2.0";"Участвуете в конкурсе";"2411701";"—"
"799";"5";"Электронное";"265.0";"83 94 86";"2.0";"Участвуете в конкурсе";"1178815";"—"
"800";"5";"—";"265.0";"78 97 88";"2.0";"Участвуете в конкурсе";"1444679";"—"
"801";"2";"—";"265.0";"96 78 88";"3.0";"Участвуете в конкурсе";"1097558";"—"
"802";"7";"—";"265.0";"88 86 88";"3.0";"Участвуете в конкурсе";"2174766";"—"
"803";"5";"—";"265.0";"85 83 94";"3.0";"Участвуете в конкурсе";"1853561";"—"
"804";"10";"—";"265.0";"85 83 94";"3.0";"Участвуете в конкурсе";"1505401";"—"
"805";"3";"—";"265.0";"80 86 96";"3.0";"Участвуете в конкурсе";"1718075";"—"
"806";"5";"—";"265.0";"100 78 82";"5.0";"Участвуете в конкурсе";"1345661";"—"
"807";"5";"—";"265.0";"90 94 76";"5.0";"Участвуете в конкурсе";"2119228";"—"
"808";"8";"Электронное";"265.0";"85 91 84";"5.0";"Участвуете в конкурсе";"1903365";"—"
"809";"1";"—";"265.0";"83 89 88";"5.0";"Участвуете в конкурсе";"2228394";"—"
"810";"7";"—";"265.0";"80 94 86";"5.0";"Участвуете в конкурсе";"1365877";"—"
"811";"5";"Электронное";"265.0";"90 73 94";"8.0";"Участвуете в конкурсе";"2230918";"—"
"812";"6";"—";"265.0";"88 83 84";"10.0";"Участвуете в конкурсе";"1653108";"—"
"813";"5";"—";"264.0";"98 70 96";"—";"Участвуете в конкурсе";"1482591";"—"
"814";"4";"—";"264.0";"95 89 80";"—";"Участвуете в конкурсе";"1177122";"—"
"815";"3";"—";"264.0";"94 78 92";"—";"Участвуете в конкурсе";"1591487";"—"
"816";"2";"—";"264.0";"88 81 95";"—";"Участвуете в конкурсе";"2054685";"—"
"817";"1";"Электронное";"264.0";"88 86 90";"—";"Участвуете в конкурсе";"2047693";"—"
"818";"2";"—";"264.0";"86 94 84";"—";"Участвуете в конкурсе";"1732164";"—"
"819";"3";"—";"264.0";"85 97 82";"—";"Участвуете в конкурсе";"2142594";"—"
"820";"5";"Электронное";"264.0";"83 81 100";"—";"Участвуете в конкурсе";"1745524";"—"
"821";"1";"—";"264.0";"83 89 92";"—";"Участвуете в конкурсе";"1358839";"—"
"822";"2";"—";"264.0";"100 72 90";"2.0";"Участвуете в конкурсе";"1530615";"—"
"823";"1";"—";"264.0";"95 75 92";"2.0";"Участвуете в конкурсе";"1426372";"—"
"824";"6";"—";"264.0";"93 69 100";"2.0";"Участвуете в конкурсе";"2364946";"—"
"825";"1";"—";"264.0";"88 78 96";"2.0";"Участвуете в конкурсе";"2315293";"—"
"826";"3";"—";"264.0";"100 69 92";"3.0";"Участвуете в конкурсе";"2202208";"—"
"827";"2";"—";"264.0";"94 81 86";"3.0";"Участвуете в конкурсе";"2253575";"—"
"828";"4";"—";"264.0";"94 81 86";"3.0";"Участвуете в конкурсе";"1427053";"—"
"829";"1";"—";"264.0";"92 75 94";"3.0";"Участвуете в конкурсе";"2394624";"—"
"830";"1";"—";"264.0";"90 81 90";"3.0";"Участвуете в конкурсе";"1350213";"—"
"831";"3";"—";"264.0";"90 83 88";"3.0";"Участвуете в конкурсе";"1391512";"—"
"832";"1";"—";"264.0";"90 91 80";"3.0";"Участвуете в конкурсе";"1189166";"—"
"833";"3";"—";"264.0";"86 81 94";"3.0";"Участвуете в конкурсе";"1774256";"—"
"834";"4";"—";"264.0";"85 78 98";"3.0";"Участвуете в конкурсе";"2424651";"—"
"835";"4";"—";"264.0";"84 89 88";"3.0";"Участвуете в конкурсе";"1442080";"—"
"836";"4";"Электронное";"264.0";"82 91 88";"3.0";"Участвуете в конкурсе";"1939208";"—"
"837";"2";"—";"264.0";"80 86 95";"3.0";"Участвуете в конкурсе";"1474505";"—"
"838";"1";"—";"264.0";"94 83 82";"5.0";"Участвуете в конкурсе";"2211310";"—"
"839";"5";"Электронное";"264.0";"88 83 88";"5.0";"Участвуете в конкурсе";"1541125";"—"
"840";"4";"—";"264.0";"88 85 86";"5.0";"Участвуете в конкурсе";"1963857";"—"
"841";"1";"—";"264.0";"88 89 82";"5.0";"Участвуете в конкурсе";"1651451";"—"
"842";"7";"—";"264.0";"90 86 78";"10.0";"Участвуете в конкурсе";"2271316";"—"
"843";"3";"—";"263.0";"100 75 88";"—";"Участвуете в конкурсе";"1169602";"—"
"844";"5";"Электронное";"263.0";"98 70 95";"—";"Участвуете в конкурсе";"1606658";"—"
"845";"4";"—";"263.0";"98 73 92";"—";"Участвуете в конкурсе";"1650544";"—"
"846";"2";"—";"263.0";"94 91 78";"—";"Участвуете в конкурсе";"1950909";"—"
"847";"6";"—";"263.0";"93 70 100";"—";"Участвуете в конкурсе";"1976077";"—"
"848";"5";"Электронное";"263.0";"93 78 92";"—";"Участвуете в конкурсе";"1153485";"—"
"849";"5";"—";"263.0";"90 78 95";"—";"Участвуете в конкурсе";"2055103";"—"
"850";"5";"—";"263.0";"85 94 84";"—";"Участвуете в конкурсе";"2042943";"—"
"851";"2";"—";"263.0";"83 83 97";"—";"Участвуете в конкурсе";"1342601";"—"
"852";"2";"—";"263.0";"79 100 84";"—";"Участвуете в конкурсе";"1058492";"—"
"853";"3";"—";"263.0";"78 97 88";"—";"Участвуете в конкурсе";"1487486";"—"
"854";"3";"—";"263.0";"100 75 86";"2.0";"Участвуете в конкурсе";"1499840";"—"
"855";"5";"—";"263.0";"94 75 92";"2.0";"Участвуете в конкурсе";"1771972";"—"
"856";"2";"—";"263.0";"92 89 80";"2.0";"Участвуете в конкурсе";"1700812";"—"
"857";"5";"—";"263.0";"80 89 92";"2.0";"Участвуете в конкурсе";"2408624";"—"
"858";"6";"—";"263.0";"96 78 86";"3.0";"Участвуете в конкурсе";"1198822";"—"
"859";"1";"—";"263.0";"90 86 84";"3.0";"Участвуете в конкурсе";"1513821";"—"
"860";"9";"Электронное";"263.0";"85 91 84";"3.0";"Участвуете в конкурсе";"2416292";"—"
"861";"5";"—";"263.0";"83 91 86";"3.0";"Участвуете в конкурсе";"1585307";"—"
"862";"3";"—";"263.0";"78 86 96";"3.0";"Участвуете в конкурсе";"1355209";"—"
"863";"1";"—";"263.0";"76 94 90";"3.0";"Участвуете в конкурсе";"2273990";"—"
"864";"11";"—";"263.0";"90 86 82";"5.0";"Участвуете в конкурсе";"1500822";"—"
"865";"11";"—";"263.0";"90 86 82";"5.0";"Участвуете в конкурсе";"1752272";"—"
"866";"4";"—";"263.0";"84 86 88";"5.0";"Участвуете в конкурсе";"1722806";"—"
"867";"8";"—";"263.0";"83 89 86";"5.0";"Участвуете в конкурсе";"1351371";"—"
"868";"4";"—";"263.0";"83 91 84";"5.0";"Участвуете в конкурсе";"2226333";"—"
"869";"5";"—";"263.0";"100 73 84";"6.0";"Участвуете в конкурсе";"1134821";"—"
"870";"4";"Электронное";"263.0";"100 75 80";"8.0";"Участвуете в конкурсе";"1423121";"—"
"871";"1";"—";"263.0";"86 89 78";"10.0";"Участвуете в конкурсе";"1203588";"—"
"872";"1";"—";"263.0";"80 89 84";"10.0";"Участвуете в конкурсе";"1843994";"—"
"873";"6";"—";"262.0";"98 72 92";"—";"Участвуете в конкурсе";"1361437";"—"
"874";"6";"—";"262.0";"98 78 86";"—";"Участвуете в конкурсе";"1209094";"—"
"875";"3";"—";"262.0";"86 78 98";"—";"Участвуете в конкурсе";"1834001";"—"
"876";"2";"Электронное";"262.0";"76 86 100";"—";"Участвуете в конкурсе";"2141428";"—"
"877";"2";"—";"262.0";"75 91 96";"—";"Участвуете в конкурсе";"1454430";"—"
"878";"6";"—";"262.0";"85 91 84";"2.0";"Участвуете в конкурсе";"2247256";"—"
"879";"6";"—";"262.0";"80 83 97";"2.0";"Участвуете в конкурсе";"1817751";"—"
"880";"4";"—";"262.0";"79 81 100";"2.0";"Участвуете в конкурсе";"2005893";"—"
"881";"4";"—";"262.0";"75 86 99";"2.0";"Участвуете в конкурсе";"965916";"—"
"882";"1";"—";"262.0";"98 87 74";"3.0";"Участвуете в конкурсе";"980713";"—"
"883";"6";"—";"262.0";"94 70 95";"3.0";"Участвуете в конкурсе";"1433851";"—"
"884";"2";"—";"262.0";"94 73 92";"3.0";"Участвуете в конкурсе";"1766290";"—"
"885";"1";"—";"262.0";"88 75 96";"3.0";"Участвуете в конкурсе";"2023158";"—"
"886";"4";"—";"262.0";"88 83 88";"3.0";"Участвуете в конкурсе";"2142046";"—"
"887";"4";"—";"262.0";"84 81 94";"3.0";"Участвуете в конкурсе";"1624111";"—"
"888";"5";"—";"262.0";"84 91 84";"3.0";"Участвуете в конкурсе";"1241878";"—"
"889";"4";"—";"262.0";"79 94 86";"3.0";"Участвуете в конкурсе";"986256";"—"
"890";"3";"—";"262.0";"92 83 82";"5.0";"Участвуете в конкурсе";"1261704";"—"
"891";"2";"—";"262.0";"90 91 76";"5.0";"Участвуете в конкурсе";"2217037";"—"
"892";"3";"—";"262.0";"88 81 88";"5.0";"Участвуете в конкурсе";"1855329";"—"
"893";"1";"—";"262.0";"83 94 80";"5.0";"Участвуете в конкурсе";"1580083";"—"
"894";"1";"—";"262.0";"94 78 82";"8.0";"Участвуете в конкурсе";"1242987";"—"
"895";"6";"—";"262.0";"93 73 88";"8.0";"Участвуете в конкурсе";"1366855";"—"
"896";"2";"Электронное";"262.0";"64 94 95";"9.0";"Участвуете в конкурсе";"1629594";"—"
"897";"3";"—";"262.0";"95 75 82";"10.0";"Участвуете в конкурсе";"1984905";"—"
"898";"1";"—";"262.0";"83 81 88";"10.0";"Участвуете в конкурсе";"1420859";"—"
"899";"5";"—";"261.0";"96 81 84";"—";"Участвуете в конкурсе";"2006064";"—"
"900";"1";"—";"261.0";"90 81 90";"—";"Участвуете в конкурсе";"2225948";"—"
"901";"1";"—";"261.0";"88 89 84";"—";"Участвуете в конкурсе";"2275949";"—"
"902";"6";"—";"261.0";"94 81 84";"2.0";"Участвуете в конкурсе";"1560518";"—"
"903";"5";"—";"261.0";"94 83 82";"2.0";"Участвуете в конкурсе";"2036704";"—"
"904";"4";"—";"261.0";"88 89 82";"2.0";"Участвуете в конкурсе";"1393093";"—"
"905";"9";"—";"261.0";"88 86 84";"3.0";"Участвуете в конкурсе";"1879071";"—"
"906";"3";"—";"261.0";"88 86 84";"3.0";"Участвуете в конкурсе";"2345206";"—"
"907";"5";"—";"261.0";"88 94 76";"3.0";"Участвуете в конкурсе";"1617610";"—"
"908";"7";"—";"261.0";"75 89 94";"3.0";"Участвуете в конкурсе";"1957479";"—"
"909";"6";"—";"261.0";"72 94 92";"3.0";"Участвуете в конкурсе";"1962181";"—"
"910";"1";"—";"261.0";"96 78 82";"5.0";"Участвуете в конкурсе";"1191704";"—"
"911";"3";"—";"261.0";"88 94 74";"5.0";"Участвуете в конкурсе";"1442061";"—"
"912";"4";"Электронное";"261.0";"83 91 82";"5.0";"Участвуете в конкурсе";"1724109";"—"
"913";"6";"—";"261.0";"80 86 90";"5.0";"Участвуете в конкурсе";"1231834";"—"
"914";"1";"Электронное";"261.0";"79 89 88";"5.0";"Участвуете в конкурсе";"1825896";"—"
"915";"3";"—";"261.0";"86 83 84";"8.0";"Участвуете в конкурсе";"1429216";"—"
"916";"2";"—";"261.0";"83 78 90";"10.0";"Участвуете в конкурсе";"1654165";"—"
"917";"6";"—";"261.0";"83 86 82";"10.0";"Участвуете в конкурсе";"938659";"—"
"918";"1";"—";"260.0";"90 72 98";"—";"Участвуете в конкурсе";"1348929";"—"
"919";"1";"—";"260.0";"90 75 95";"—";"Участвуете в конкурсе";"1579904";"—"
"920";"1";"—";"260.0";"90 86 84";"—";"Участвуете в конкурсе";"1173138";"—"
"921";"3";"—";"260.0";"85 83 92";"—";"Участвуете в конкурсе";"1205689";"—"
"922";"1";"—";"260.0";"85 87 88";"—";"Участвуете в конкурсе";"1147541";"—"
"923";"3";"—";"260.0";"83 87 90";"—";"Участвуете в конкурсе";"1883114";"—"
"924";"5";"—";"260.0";"83 91 86";"—";"Участвуете в конкурсе";"2186878";"—"
"925";"4";"—";"260.0";"80 81 99";"—";"Участвуете в конкурсе";"1214512";"—"
"926";"6";"—";"260.0";"80 81 99";"—";"Участвуете в конкурсе";"1040602";"—"
"927";"7";"—";"260.0";"80 94 86";"—";"Участвуете в конкурсе";"2425989";"—"
"928";"5";"—";"260.0";"80 94 86";"—";"Участвуете в конкурсе";"1721791";"—"
"929";"3";"—";"260.0";"94 72 92";"2.0";"Участвуете в конкурсе";"2184567";"—"
"930";"1";"—";"260.0";"88 86 84";"2.0";"Участвуете в конкурсе";"1040846";"—"
"931";"4";"—";"260.0";"90 81 86";"3.0";"Участвуете в конкурсе";"2019651";"—"
"932";"1";"—";"260.0";"90 89 78";"3.0";"Участвуете в конкурсе";"2400792";"—"
"933";"7";"—";"260.0";"88 83 86";"3.0";"Участвуете в конкурсе";"1988929";"—"
"934";"2";"—";"260.0";"80 91 86";"3.0";"Участвуете в конкурсе";"1175516";"—"
"935";"4";"—";"260.0";"76 91 90";"3.0";"Участвуете в конкурсе";"2247211";"—"
"936";"3";"—";"260.0";"95 78 82";"5.0";"Участвуете в конкурсе";"1430330";"—"
"937";"4";"—";"260.0";"94 81 80";"5.0";"Участвуете в конкурсе";"1722995";"—"
"938";"4";"Электронное";"260.0";"90 73 92";"5.0";"Участвуете в конкурсе";"2274244";"—"
"939";"1";"—";"260.0";"90 81 84";"5.0";"Участвуете в конкурсе";"2198999";"—"
"940";"6";"—";"260.0";"88 75 92";"5.0";"Участвуете в конкурсе";"1846747";"—"
"941";"6";"—";"260.0";"86 89 80";"5.0";"Участвуете в конкурсе";"1586622";"—"
"942";"1";"—";"259.0";"96 75 88";"—";"Участвуете в конкурсе";"2006480";"—"
"943";"1";"—";"259.0";"95 78 86";"—";"Участвуете в конкурсе";"1615606";"—"
"944";"6";"—";"259.0";"92 83 84";"—";"Участвуете в конкурсе";"1201765";"—"
"945";"2";"—";"259.0";"90 73 96";"—";"Участвуете в конкурсе";"2053054";"—"
"946";"6";"—";"259.0";"90 81 88";"—";"Участвуете в конкурсе";"1731771";"—"
"947";"1";"Электронное";"259.0";"90 91 78";"—";"Участвуете в конкурсе";"1445876";"—"
"948";"6";"—";"259.0";"88 83 88";"—";"Участвуете в конкурсе";"1586513";"—"
"949";"4";"—";"259.0";"85 78 96";"—";"Участвуете в конкурсе";"1424003";"—"
"950";"1";"—";"259.0";"85 86 88";"—";"Участвуете в конкурсе";"1114675";"—"
"951";"4";"—";"259.0";"85 86 88";"—";"Участвуете в конкурсе";"1597241";"—"
"952";"5";"—";"259.0";"95 72 90";"2.0";"Участвуете в конкурсе";"1445933";"—"
"953";"2";"—";"259.0";"88 83 86";"2.0";"Участвуете в конкурсе";"1986804";"—"
"954";"4";"—";"259.0";"100 70 86";"3.0";"Участвуете в конкурсе";"2209170";"—"
"955";"3";"Электронное";"259.0";"95 81 80";"3.0";"Участвуете в конкурсе";"1908109";"—"
"956";"4";"—";"259.0";"90 78 88";"3.0";"Участвуете в конкурсе";"2287864";"—"
"957";"5";"—";"259.0";"88 78 90";"3.0";"Участвуете в конкурсе";"1441421";"—"
"958";"7";"—";"259.0";"88 86 82";"3.0";"Участвуете в конкурсе";"1353624";"—"
"959";"3";"—";"259.0";"84 78 94";"3.0";"Участвуете в конкурсе";"1985890";"—"
"960";"2";"Электронное";"259.0";"84 78 94";"3.0";"Участвуете в конкурсе";"2289479";"—"
"961";"1";"—";"259.0";"80 94 82";"3.0";"Участвуете в конкурсе";"1105480";"—"
"962";"5";"—";"259.0";"93 75 86";"5.0";"Участвуете в конкурсе";"1600668";"—"
"963";"1";"—";"259.0";"82 86 86";"5.0";"Участвуете в конкурсе";"1881274";"—"
"964";"1";"—";"259.0";"73 89 92";"5.0";"Участвуете в конкурсе";"1857662";"—"
"965";"4";"—";"259.0";"88 83 80";"8.0";"Участвуете в конкурсе";"2270549";"—"
"966";"1";"—";"259.0";"88 83 80";"8.0";"Участвуете в конкурсе";"1286926";"—"
"967";"7";"Электронное";"259.0";"90 83 76";"10.0";"Участвуете в конкурсе";"2056989";"—"
"968";"1";"—";"259.0";"80 91 78";"10.0";"Участвуете в конкурсе";"1726973";"—"
"969";"2";"—";"259.0";"79 78 92";"10.0";"Участвуете в конкурсе";"2139984";"—"
"970";"3";"—";"259.0";"79 86 84";"10.0";"Участвуете в конкурсе";"1211043";"—"
"971";"11";"—";"258.0";"93 89 76";"—";"Участвуете в конкурсе";"2412111";"—"
"972";"3";"—";"258.0";"92 86 80";"—";"Участвуете в конкурсе";"1977830";"—"
"973";"6";"—";"258.0";"84 78 96";"—";"Участвуете в конкурсе";"1646487";"—"
"974";"1";"—";"258.0";"83 91 84";"—";"Участвуете в конкурсе";"1580461";"—"
"975";"1";"—";"258.0";"80 86 92";"—";"Участвуете в конкурсе";"1564751";"—"
"976";"1";"—";"258.0";"86 86 84";"2.0";"Участвуете в конкурсе";"1445546";"—"
"977";"7";"—";"258.0";"83 83 90";"2.0";"Участвуете в конкурсе";"1418707";"—"
"978";"3";"—";"258.0";"90 75 90";"3.0";"Участвуете в конкурсе";"1356432";"—"
"979";"2";"—";"258.0";"88 75 92";"3.0";"Участвуете в конкурсе";"1944312";"—"
"980";"1";"—";"258.0";"88 81 86";"3.0";"Участвуете в конкурсе";"2307337";"—"
"981";"6";"—";"258.0";"88 83 84";"3.0";"Участвуете в конкурсе";"2001215";"—"
"982";"7";"—";"258.0";"88 83 84";"3.0";"Участвуете в конкурсе";"1612346";"—"
"983";"8";"Электронное";"258.0";"85 94 76";"3.0";"Участвуете в конкурсе";"2089480";"—"
"984";"1";"—";"258.0";"83 78 94";"3.0";"Участвуете в конкурсе";"2048098";"—"
"985";"4";"—";"258.0";"80 91 84";"3.0";"Участвуете в конкурсе";"1177444";"—"
"986";"2";"—";"258.0";"96 69 88";"5.0";"Участвуете в конкурсе";"2253685";"—"
"987";"2";"Электронное";"258.0";"86 89 78";"5.0";"Участвуете в конкурсе";"1573533";"—"
"988";"1";"—";"258.0";"78 97 78";"5.0";"Участвуете в конкурсе";"1844373";"—"
"989";"2";"—";"258.0";"76 97 80";"5.0";"Участвуете в конкурсе";"2226527";"—"
"990";"3";"—";"258.0";"86 78 84";"10.0";"Участвуете в конкурсе";"1354958";"—"
"991";"5";"—";"258.0";"79 72 97";"10.0";"Участвуете в конкурсе";"1912445";"—"
"992";"5";"—";"257.0";"93 72 92";"—";"Участвуете в конкурсе";"1175992";"—"
"993";"5";"—";"257.0";"90 81 86";"—";"Участвуете в конкурсе";"1216324";"—"
"994";"4";"—";"257.0";"90 83 84";"—";"Участвуете в конкурсе";"1887310";"—"
"995";"11";"—";"257.0";"88 83 86";"—";"Участвуете в конкурсе";"2305315";"—"
"996";"2";"Электронное";"257.0";"86 81 90";"—";"Участвуете в конкурсе";"1843134";"—"
"997";"1";"—";"257.0";"86 91 80";"—";"Участвуете в конкурсе";"2264132";"—"
"998";"5";"Электронное";"257.0";"85 78 94";"—";"Участвуете в конкурсе";"2099907";"—"
"999";"4";"—";"257.0";"82 75 100";"—";"Участвуете в конкурсе";"2001541";"—"
"1000";"6";"—";"257.0";"88 67 100";"2.0";"Участвуете в конкурсе";"1418231";"—"
"1001";"4";"—";"257.0";"82 81 92";"2.0";"Участвуете в конкурсе";"1716439";"—"
"1002";"1";"—";"257.0";"79 86 90";"2.0";"Участвуете в конкурсе";"2246162";"—"
"1003";"8";"—";"257.0";"78 89 88";"2.0";"Участвуете в конкурсе";"2336345";"—"
"1004";"5";"—";"257.0";"86 86 82";"3.0";"Участвуете в конкурсе";"1201228";"—"
"1005";"5";"—";"257.0";"85 89 80";"3.0";"Участвуете в конкурсе";"1622566";"—"
"1006";"4";"—";"257.0";"84 86 84";"3.0";"Участвуете в конкурсе";"2272605";"—"
"1007";"2";"—";"257.0";"83 83 88";"3.0";"Участвуете в конкурсе";"1656295";"—"
"1008";"4";"—";"257.0";"78 86 90";"3.0";"Участвуете в конкурсе";"1248476";"—"
"1009";"3";"—";"257.0";"92 72 88";"5.0";"Участвуете в конкурсе";"1611704";"—"
"1010";"9";"—";"257.0";"85 73 94";"5.0";"Участвуете в конкурсе";"1434806";"—"
"1011";"6";"—";"257.0";"85 81 86";"5.0";"Участвуете в конкурсе";"2080009";"—"
"1012";"2";"—";"257.0";"84 86 82";"5.0";"Участвуете в конкурсе";"1954690";"—"
"1013";"2";"—";"257.0";"68 89 95";"5.0";"Участвуете в конкурсе";"1622877";"—"
"1014";"7";"—";"257.0";"64 91 97";"5.0";"Участвуете в конкурсе";"2099483";"—"
"1015";"4";"—";"257.0";"88 81 80";"8.0";"Участвуете в конкурсе";"1364358";"—"
"1016";"2";"—";"257.0";"84 83 82";"8.0";"Участвуете в конкурсе";"1913057";"—"
"1017";"2";"—";"257.0";"70 91 88";"8.0";"Участвуете в конкурсе";"1639666";"—"
"1018";"5";"—";"257.0";"83 78 86";"10.0";"Участвуете в конкурсе";"1998950";"—"
"1019";"1";"—";"257.0";"80 89 78";"10.0";"Участвуете в конкурсе";"1341221";"—"
"1020";"1";"—";"256.0";"94 78 84";"—";"Участвуете в конкурсе";"2040575";"—"
"1021";"2";"—";"256.0";"92 72 92";"—";"Участвуете в конкурсе";"1262110";"—"
"1022";"1";"—";"256.0";"90 70 96";"—";"Участвуете в конкурсе";"1122270";"—"
"1023";"3";"—";"256.0";"90 72 94";"—";"Участвуете в конкурсе";"1860067";"—"
"1024";"3";"—";"256.0";"88 78 90";"—";"Участвуете в конкурсе";"1105993";"—"
"1025";"2";"—";"256.0";"85 85 86";"—";"Участвуете в конкурсе";"1344186";"—"
"1026";"7";"—";"256.0";"85 89 82";"—";"Участвуете в конкурсе";"2098274";"—"
"1027";"1";"—";"256.0";"98 70 86";"2.0";"Участвуете в конкурсе";"1840428";"—"
"1028";"6";"—";"256.0";"83 89 82";"2.0";"Участвуете в конкурсе";"1730265";"—"
"1029";"2";"—";"256.0";"88 81 84";"3.0";"Участвуете в конкурсе";"1209277";"—"
"1030";"1";"—";"256.0";"88 83 82";"3.0";"Участвуете в конкурсе";"1950384";"—"
"1031";"1";"—";"256.0";"85 86 82";"3.0";"Участвуете в конкурсе";"1127149";"—"
"1032";"4";"Электронное";"256.0";"82 81 90";"3.0";"Участвуете в конкурсе";"1641011";"—"
"1033";"5";"—";"256.0";"75 86 92";"3.0";"Участвуете в конкурсе";"1278890";"—"
"1034";"4";"—";"256.0";"100 75 76";"5.0";"Участвуете в конкурсе";"1206621";"—"
"1035";"1";"—";"256.0";"94 81 76";"5.0";"Участвуете в конкурсе";"1539588";"—"
"1036";"5";"—";"256.0";"92 75 84";"5.0";"Участвуете в конкурсе";"1582045";"—"
"1037";"1";"—";"256.0";"90 81 80";"5.0";"Участвуете в конкурсе";"1333181";"—"
"1038";"6";"—";"256.0";"88 81 82";"5.0";"Участвуете в конкурсе";"1420499";"—"
"1039";"2";"Электронное";"256.0";"86 81 84";"5.0";"Участвуете в конкурсе";"2279827";"—"
"1040";"3";"Электронное";"256.0";"85 78 88";"5.0";"Участвуете в конкурсе";"1412991";"—"
"1041";"6";"—";"256.0";"85 86 80";"5.0";"Участвуете в конкурсе";"2003948";"—"
"1042";"1";"Электронное";"256.0";"84 81 86";"5.0";"Участвуете в конкурсе";"1242808";"—"
"1043";"2";"—";"256.0";"82 89 80";"5.0";"Участвуете в конкурсе";"1691125";"—"
"1044";"4";"—";"256.0";"76 89 84";"7.0";"Участвуете в конкурсе";"1123985";"—"
"1045";"6";"—";"256.0";"88 78 82";"8.0";"Участвуете в конкурсе";"1355457";"—"
"1046";"2";"Электронное";"256.0";"77 89 80";"10.0";"Участвуете в конкурсе";"2312078";"—"
"1047";"5";"—";"255.0";"98 67 90";"—";"Участвуете в конкурсе";"1177821";"—"
"1048";"1";"—";"255.0";"96 73 86";"—";"Участвуете в конкурсе";"1041396";"—"
"1049";"1";"—";"255.0";"93 72 90";"—";"Участвуете в конкурсе";"1568064";"—"
"1050";"1";"—";"255.0";"92 73 90";"—";"Участвуете в конкурсе";"2161331";"—"
"1051";"6";"—";"255.0";"90 75 90";"—";"Участвуете в конкурсе";"1775072";"—"
"1052";"4";"—";"255.0";"88 75 92";"—";"Участвуете в конкурсе";"2121378";"—"
"1053";"2";"Электронное";"255.0";"86 89 80";"—";"Участвуете в конкурсе";"1538996";"—"
"1054";"1";"—";"255.0";"78 89 88";"—";"Участвуете в конкурсе";"2087959";"—"
"1055";"1";"—";"255.0";"88 73 92";"2.0";"Участвуете в конкурсе";"1250045";"—"
"1056";"1";"—";"255.0";"80 89 84";"2.0";"Участвуете в конкурсе";"2273281";"—"
"1057";"5";"—";"255.0";"90 72 90";"3.0";"Участвуете в конкурсе";"1267837";"—"
"1058";"2";"—";"255.0";"90 78 84";"3.0";"Участвуете в конкурсе";"1435006";"—"
"1059";"4";"—";"255.0";"88 78 86";"3.0";"Участвуете в конкурсе";"1909861";"—"
"1060";"5";"—";"255.0";"83 81 88";"3.0";"Участвуете в конкурсе";"1783582";"—"
"1061";"1";"—";"255.0";"79 89 84";"3.0";"Участвуете в конкурсе";"2051429";"—"
"1062";"5";"Электронное";"255.0";"78 86 88";"3.0";"Участвуете в конкурсе";"2238459";"—"
"1063";"4";"—";"255.0";"90 72 88";"5.0";"Участвуете в конкурсе";"1477071";"—"
"1064";"5";"—";"255.0";"90 86 74";"5.0";"Участвуете в конкурсе";"1253371";"—"
"1065";"5";"—";"255.0";"84 78 88";"5.0";"Участвуете в конкурсе";"1508360";"—"
"1066";"5";"—";"255.0";"77 91 82";"5.0";"Участвуете в конкурсе";"2173159";"—"
"1067";"4";"—";"255.0";"76 94 80";"5.0";"Участвуете в конкурсе";"1131811";"—"
"1068";"1";"—";"255.0";"86 73 86";"10.0";"Участвуете в конкурсе";"1181557";"—"
"1069";"3";"—";"255.0";"80 70 95";"10.0";"Участвуете в конкурсе";"2160220";"—"
"1070";"3";"—";"255.0";"80 75 90";"10.0";"Участвуете в конкурсе";"2404550";"—"
"1071";"1";"—";"255.0";"68 97 80";"10.0";"Участвуете в конкурсе";"2212177";"—"
"1072";"2";"—";"254.0";"98 72 84";"—";"Участвуете в конкурсе";"2056900";"—"
"1073";"4";"—";"254.0";"96 70 88";"—";"Участвуете в конкурсе";"1857256";"—"
"1074";"3";"—";"254.0";"92 78 84";"—";"Участвуете в конкурсе";"2342879";"—"
"1075";"1";"Электронное";"254.0";"90 78 86";"—";"Участвуете в конкурсе";"2169570";"—"
"1076";"1";"—";"254.0";"88 82 84";"—";"Участвуете в конкурсе";"2225659";"—"
"1077";"1";"—";"254.0";"85 81 88";"—";"Участвуете в конкурсе";"1212680";"—"
"1078";"5";"Электронное";"254.0";"85 83 86";"—";"Участвуете в конкурсе";"1266323";"—"
"1079";"5";"—";"254.0";"85 91 78";"—";"Участвуете в конкурсе";"2417338";"—"
"1080";"3";"Электронное";"254.0";"83 83 88";"—";"Участвуете в конкурсе";"1117704";"—"
"1081";"5";"—";"254.0";"83 83 88";"—";"Участвуете в конкурсе";"1442731";"—"
"1082";"5";"—";"254.0";"83 83 88";"—";"Участвуете в конкурсе";"2268229";"—"
"1083";"1";"—";"254.0";"76 83 95";"—";"Участвуете в конкурсе";"1246090";"—"
"1084";"6";"—";"254.0";"75 91 88";"—";"Участвуете в конкурсе";"1615655";"—"
"1085";"1";"—";"254.0";"75 91 86";"2.0";"Участвуете в конкурсе";"2230792";"—"
"1086";"3";"Электронное";"254.0";"92 75 84";"3.0";"Участвуете в конкурсе";"1171133";"—"
"1087";"5";"—";"254.0";"85 78 88";"3.0";"Участвуете в конкурсе";"1618584";"—"
"1088";"3";"Электронное";"254.0";"82 89 80";"3.0";"Участвуете в конкурсе";"1772369";"—"
"1089";"4";"—";"254.0";"79 86 86";"3.0";"Участвуете в конкурсе";"2397727";"—"
"1090";"1";"—";"254.0";"70 91 90";"3.0";"Участвуете в конкурсе";"1500749";"—"
"1091";"2";"—";"254.0";"88 83 78";"5.0";"Участвуете в конкурсе";"2049012";"—"
"1092";"1";"—";"254.0";"80 91 78";"5.0";"Участвуете в конкурсе";"1624374";"—"
"1093";"3";"—";"254.0";"76 83 90";"5.0";"Участвуете в конкурсе";"2314111";"—"
"1094";"1";"—";"254.0";"70 97 82";"5.0";"Участвуете в конкурсе";"1171975";"—"
"1095";"2";"—";"253.0";"84 83 86";"—";"Участвуете в конкурсе";"1363181";"—"
"1096";"3";"—";"253.0";"84 83 86";"—";"Участвуете в конкурсе";"2086079";"—"
"1097";"1";"—";"253.0";"83 86 84";"—";"Участвуете в конкурсе";"1556723";"—"
"1098";"6";"Электронное";"253.0";"80 83 90";"—";"Участвуете в конкурсе";"1250342";"—"
"1099";"4";"—";"253.0";"80 83 90";"—";"Участвуете в конкурсе";"1996200";"—"
"1100";"4";"—";"253.0";"80 83 90";"—";"Участвуете в конкурсе";"1953775";"—"
"1101";"3";"—";"253.0";"100 67 84";"2.0";"Участвуете в конкурсе";"2395083";"—"
"1102";"1";"—";"253.0";"94 75 82";"2.0";"Участвуете в конкурсе";"1649257";"—"
"1103";"1";"—";"253.0";"74 91 86";"2.0";"Участвуете в конкурсе";"1364695";"—"
"1104";"3";"—";"253.0";"70 91 90";"2.0";"Участвуете в конкурсе";"1640732";"—"
"1105";"1";"—";"253.0";"93 83 74";"3.0";"Участвуете в конкурсе";"1077756";"—"
"1106";"2";"—";"253.0";"92 72 86";"3.0";"Участвуете в конкурсе";"1547526";"—"
"1107";"5";"—";"253.0";"88 72 90";"3.0";"Участвуете в конкурсе";"1655094";"—"
"1108";"4";"—";"253.0";"83 81 86";"3.0";"Участвуете в конкурсе";"1424227";"—"
"1109";"5";"—";"253.0";"80 86 84";"3.0";"Участвуете в конкурсе";"1583175";"—"
"1110";"1";"—";"253.0";"79 81 90";"3.0";"Участвуете в конкурсе";"1644924";"—"
"1111";"2";"—";"253.0";"86 78 84";"5.0";"Участвуете в конкурсе";"1636410";"—"
"1112";"1";"—";"253.0";"85 89 74";"5.0";"Участвуете в конкурсе";"1400250";"—"
"1113";"2";"—";"253.0";"82 86 80";"5.0";"Участвуете в конкурсе";"1557822";"—"
"1114";"1";"—";"253.0";"78 83 82";"10.0";"Участвуете в конкурсе";"2378477";"—"
"1115";"4";"—";"252.0";"90 72 90";"—";"Участвуете в конкурсе";"1197925";"—"
"1116";"2";"—";"252.0";"88 86 78";"—";"Участвуете в конкурсе";"2390467";"—"
"1117";"2";"—";"252.0";"86 86 80";"—";"Участвуете в конкурсе";"1786127";"—"
"1118";"3";"Электронное";"252.0";"85 67 100";"—";"Участвуете в конкурсе";"1521478";"—"
"1119";"1";"—";"252.0";"85 89 78";"—";"Участвуете в конкурсе";"2149345";"—"
"1120";"2";"—";"252.0";"83 83 86";"—";"Участвуете в конкурсе";"2013403";"—"
"1121";"1";"—";"252.0";"80 86 86";"—";"Участвуете в конкурсе";"1874512";"—"
"1122";"4";"—";"252.0";"76 100 76";"—";"Участвуете в конкурсе";"2366290";"—"
"1123";"1";"—";"252.0";"93 75 82";"2.0";"Участвуете в конкурсе";"2252388";"—"
"1124";"3";"Электронное";"252.0";"86 64 100";"2.0";"Участвуете в конкурсе";"1898184";"—"
"1125";"2";"—";"252.0";"85 81 84";"2.0";"Участвуете в конкурсе";"1940404";"—"
"1126";"1";"—";"252.0";"78 86 86";"2.0";"Участвуете в конкурсе";"2254710";"—"
"1127";"2";"—";"252.0";"90 81 78";"3.0";"Участвуете в конкурсе";"2227368";"—"
"1128";"4";"—";"252.0";"88 81 80";"3.0";"Участвуете в конкурсе";"1509805";"—"
"1129";"5";"—";"252.0";"85 78 86";"3.0";"Участвуете в конкурсе";"2214923";"—"
"1130";"8";"—";"252.0";"88 73 86";"5.0";"Участвуете в конкурсе";"1658941";"—"
"1131";"3";"—";"252.0";"86 89 72";"5.0";"Участвуете в конкурсе";"1187050";"—"
"1132";"6";"—";"252.0";"83 78 86";"5.0";"Участвуете в конкурсе";"2166059";"—"
"1133";"3";"Электронное";"252.0";"67 100 80";"5.0";"Участвуете в конкурсе";"2095442";"—"
"1134";"1";"—";"252.0";"85 69 88";"10.0";"Участвуете в конкурсе";"2098420";"—"
"1135";"2";"—";"251.0";"90 69 92";"—";"Участвуете в конкурсе";"1992851";"—"
"1136";"3";"—";"251.0";"88 75 88";"—";"Участвуете в конкурсе";"1484012";"—"
"1137";"2";"Электронное";"251.0";"88 83 80";"—";"Участвуете в конкурсе";"1445481";"—"
"1138";"4";"—";"251.0";"86 70 95";"—";"Участвуете в конкурсе";"2235249";"—"
"1139";"5";"—";"251.0";"86 73 92";"—";"Участвуете в конкурсе";"2425235";"—"
"1140";"4";"—";"251.0";"83 86 82";"—";"Участвуете в конкурсе";"1407937";"—"
"1141";"2";"—";"251.0";"82 83 86";"—";"Участвуете в конкурсе";"2273396";"—"
"1142";"4";"—";"251.0";"98 67 84";"2.0";"Участвуете в конкурсе";"1256919";"—"
"1143";"2";"—";"251.0";"92 73 84";"2.0";"Участвуете в конкурсе";"1519378";"—"
"1144";"1";"—";"251.0";"92 83 74";"2.0";"Участвуете в конкурсе";"2356498";"—"
"1145";"2";"—";"251.0";"88 69 92";"2.0";"Участвуете в конкурсе";"1258505";"—"
"1146";"1";"Электронное";"251.0";"86 83 80";"2.0";"Участвуете в конкурсе";"2161682";"—"
"1147";"4";"—";"251.0";"90 72 86";"3.0";"Участвуете в конкурсе";"2230349";"—"
"1148";"1";"—";"251.0";"88 72 88";"3.0";"Участвуете в конкурсе";"1424216";"—"
"1149";"2";"—";"251.0";"80 86 82";"3.0";"Участвуете в конкурсе";"1518378";"—"
"1150";"5";"—";"251.0";"70 86 92";"3.0";"Участвуете в конкурсе";"2272665";"—"
"1151";"2";"—";"251.0";"70 86 92";"3.0";"Участвуете в конкурсе";"1028122";"—"
"1152";"3";"—";"251.0";"67 81 100";"3.0";"Участвуете в конкурсе";"1361781";"—"
"1153";"1";"—";"251.0";"90 67 84";"10.0";"Участвуете в конкурсе";"1480767";"—"
"1154";"2";"—";"250.0";"90 78 82";"—";"Участвуете в конкурсе";"1366840";"—"
"1155";"3";"—";"250.0";"85 75 90";"—";"Участвуете в конкурсе";"1978916";"—"
"1156";"5";"—";"250.0";"85 81 84";"—";"Участвуете в конкурсе";"1489613";"—"
"1157";"2";"—";"250.0";"85 85 80";"—";"Участвуете в конкурсе";"1687176";"—"
"1158";"1";"—";"250.0";"85 89 76";"—";"Участвуете в конкурсе";"1355650";"—"
"1159";"6";"—";"250.0";"80 86 84";"—";"Участвуете в конкурсе";"1798520";"—"
"1160";"1";"—";"250.0";"78 94 78";"—";"Участвуете в конкурсе";"2055365";"—"
"1161";"3";"—";"250.0";"66 84 100";"—";"Участвуете в конкурсе";"2006243";"—"
"1162";"2";"—";"250.0";"86 86 76";"2.0";"Участвуете в конкурсе";"1597607";"—"
"1163";"1";"—";"250.0";"83 83 82";"2.0";"Участвуете в конкурсе";"1330008";"—"
"1164";"1";"—";"250.0";"75 91 82";"2.0";"Участвуете в конкурсе";"2412960";"—"
"1165";"1";"—";"250.0";"92 81 74";"3.0";"Участвуете в конкурсе";"1434477";"—"
"1166";"2";"Электронное";"250.0";"88 69 90";"3.0";"Участвуете в конкурсе";"1284721";"—"
"1167";"5";"—";"250.0";"84 81 82";"3.0";"Участвуете в конкурсе";"1619452";"—"
"1168";"3";"—";"250.0";"80 89 78";"3.0";"Участвуете в конкурсе";"955856";"—"
"1169";"5";"—";"250.0";"78 83 86";"3.0";"Участвуете в конкурсе";"2422398";"—"
"1170";"6";"—";"250.0";"90 69 86";"5.0";"Участвуете в конкурсе";"1692412";"—"
"1171";"4";"—";"250.0";"86 73 86";"5.0";"Участвуете в конкурсе";"2064927";"—"
"1172";"2";"—";"250.0";"82 81 82";"5.0";"Участвуете в конкурсе";"2262279";"—"
"1173";"4";"—";"250.0";"80 73 92";"5.0";"Участвуете в конкурсе";"1181853";"—"
"1174";"1";"—";"250.0";"72 89 84";"5.0";"Участвуете в конкурсе";"2252543";"—"
"1175";"2";"Электронное";"250.0";"72 72 100";"6.0";"Участвуете в конкурсе";"1772606";"—"
"1176";"6";"—";"250.0";"85 69 88";"8.0";"Участвуете в конкурсе";"1857371";"—"
"1177";"3";"—";"250.0";"88 72 80";"10.0";"Участвуете в конкурсе";"1518541";"—"
"1178";"2";"—";"249.0";"94 67 88";"—";"Участвуете в конкурсе";"1436460";"—"
"1179";"1";"—";"249.0";"93 70 86";"—";"Участвуете в конкурсе";"2240444";"—"
"1180";"3";"—";"249.0";"92 69 88";"—";"Участвуете в конкурсе";"1174325";"—"
"1181";"11";"Электронное";"249.0";"88 75 86";"—";"Участвуете в конкурсе";"1496424";"—"
"1182";"2";"—";"249.0";"88 75 86";"—";"Участвуете в конкурсе";"1616154";"—"
"1183";"1";"—";"249.0";"80 91 78";"—";"Участвуете в конкурсе";"2216531";"—"
"1184";"4";"—";"249.0";"77 86 86";"—";"Участвуете в конкурсе";"1911899";"—"
"1185";"1";"—";"249.0";"75 100 74";"—";"Участвуете в конкурсе";"2030505";"—"
"1186";"4";"—";"249.0";"72 78 99";"—";"Участвуете в конкурсе";"1558256";"—"
"1187";"4";"—";"249.0";"100 73 74";"2.0";"Участвуете в конкурсе";"1885977";"—"
"1188";"3";"—";"249.0";"92 73 82";"2.0";"Участвуете в конкурсе";"2045002";"—"
"1189";"1";"—";"249.0";"88 83 76";"2.0";"Участвуете в конкурсе";"1542737";"—"
"1190";"5";"—";"249.0";"86 75 86";"2.0";"Участвуете в конкурсе";"1883342";"—"
"1191";"4";"—";"249.0";"84 83 80";"2.0";"Участвуете в конкурсе";"1178303";"—"
"1192";"5";"—";"249.0";"83 70 94";"2.0";"Участвуете в конкурсе";"1644387";"—"
"1193";"1";"—";"249.0";"83 86 78";"2.0";"Участвуете в конкурсе";"1590330";"—"
"1194";"1";"Электронное";"249.0";"80 83 84";"2.0";"Участвуете в конкурсе";"1996599";"—"
"1195";"2";"—";"249.0";"79 86 82";"2.0";"Участвуете в конкурсе";"1138279";"—"
"1196";"2";"—";"249.0";"86 78 82";"3.0";"Участвуете в конкурсе";"1166806";"—"
"1197";"6";"—";"249.0";"83 83 80";"3.0";"Участвуете в конкурсе";"2173102";"—"
"1198";"1";"—";"249.0";"80 78 88";"3.0";"Участвуете в конкурсе";"1789674";"—"
"1199";"6";"—";"249.0";"83 75 86";"5.0";"Участвуете в конкурсе";"2387163";"—"
"1200";"4";"—";"249.0";"83 83 78";"5.0";"Участвуете в конкурсе";"2214194";"—"
"1201";"2";"—";"249.0";"80 78 86";"5.0";"Участвуете в конкурсе";"1322098";"—"
"1202";"3";"—";"249.0";"77 75 92";"5.0";"Участвуете в конкурсе";"2231478";"—"
"1203";"3";"—";"249.0";"77 91 76";"5.0";"Участвуете в конкурсе";"1251169";"—"
"1204";"5";"—";"249.0";"83 70 88";"8.0";"Участвуете в конкурсе";"1979480";"—"
"1205";"1";"—";"249.0";"85 70 84";"10.0";"Участвуете в конкурсе";"1367251";"—"
"1206";"5";"—";"248.0";"93 75 80";"—";"Участвуете в конкурсе";"1998832";"—"
"1207";"1";"—";"248.0";"90 72 86";"—";"Участвуете в конкурсе";"2255466";"—"
"1208";"1";"—";"248.0";"88 78 82";"—";"Участвуете в конкурсе";"1355710";"—"
"1209";"1";"—";"248.0";"83 75 90";"—";"Участвуете в конкурсе";"2095024";"—"
"1210";"2";"—";"248.0";"83 81 84";"—";"Участвуете в конкурсе";"1915870";"—"
"1211";"2";"Электронное";"248.0";"74 94 80";"—";"Участвуете в конкурсе";"1900742";"—"
"1212";"4";"—";"248.0";"92 72 82";"2.0";"Участвуете в конкурсе";"1174003";"—"
"1213";"1";"—";"248.0";"90 78 78";"2.0";"Участвуете в конкурсе";"2314291";"—"
"1214";"2";"—";"248.0";"83 78 84";"3.0";"Участвуете в конкурсе";"1444155";"—"
"1215";"6";"—";"248.0";"80 89 76";"3.0";"Участвуете в конкурсе";"1056734";"—"
"1216";"3";"—";"248.0";"80 73 90";"5.0";"Участвуете в конкурсе";"1972699";"—"
"1217";"1";"—";"248.0";"80 83 80";"5.0";"Участвуете в конкурсе";"2021393";"—"
"1218";"3";"—";"248.0";"75 86 82";"5.0";"Участвуете в конкурсе";"1644342";"—"
"1219";"1";"—";"248.0";"72 83 88";"5.0";"Участвуете в конкурсе";"2254498";"—"
"1220";"2";"Электронное";"248.0";"100 66 76";"6.0";"Участвуете в конкурсе";"1725021";"—"
"1221";"5";"—";"247.0";"93 72 82";"—";"Участвуете в конкурсе";"971312";"—"
"1222";"2";"—";"247.0";"92 69 86";"—";"Участвуете в конкурсе";"1579505";"—"
"1223";"4";"—";"247.0";"90 67 90";"—";"Участвуете в конкурсе";"971179";"—"
"1224";"2";"—";"247.0";"90 75 82";"—";"Участвуете в конкурсе";"1787876";"—"
"1225";"6";"—";"247.0";"88 75 84";"—";"Участвуете в конкурсе";"1913657";"—"
"1226";"3";"Электронное";"247.0";"88 83 76";"—";"Участвуете в конкурсе";"1332209";"—"
"1227";"5";"—";"247.0";"83 86 78";"—";"Участвуете в конкурсе";"2266398";"—"
"1228";"4";"—";"247.0";"78 89 80";"—";"Участвуете в конкурсе";"2345033";"—"
"1229";"2";"—";"247.0";"94 67 84";"2.0";"Участвуете в конкурсе";"1434247";"—"
"1230";"9";"—";"247.0";"85 72 88";"2.0";"Участвуете в конкурсе";"1853826";"—"
"1231";"4";"—";"247.0";"85 86 74";"2.0";"Участвуете в конкурсе";"2096954";"—"
"1232";"5";"—";"247.0";"83 78 84";"2.0";"Участвуете в конкурсе";"1938513";"—"
"1233";"4";"—";"247.0";"76 91 78";"2.0";"Участвуете в конкурсе";"1087888";"—"
"1234";"2";"Электронное";"247.0";"72 91 82";"2.0";"Участвуете в конкурсе";"1793022";"—"
"1235";"5";"—";"247.0";"83 75 86";"3.0";"Участвуете в конкурсе";"1606626";"—"
"1236";"4";"—";"247.0";"83 81 80";"3.0";"Участвуете в конкурсе";"1191335";"—"
"1237";"3";"—";"247.0";"80 78 86";"3.0";"Участвуете в конкурсе";"2004761";"—"
"1238";"3";"—";"247.0";"80 86 78";"3.0";"Участвуете в конкурсе";"1567354";"—"
"1239";"1";"—";"247.0";"70 94 80";"3.0";"Участвуете в конкурсе";"2158279";"—"
"1240";"3";"Электронное";"247.0";"72 86 84";"5.0";"Участвуете в конкурсе";"2336123";"—"
"1241";"4";"—";"247.0";"98 67 74";"8.0";"Участвуете в конкурсе";"2182107";"—"
"1242";"4";"—";"246.0";"88 70 88";"—";"Участвуете в конкурсе";"1193011";"—"
"1243";"5";"—";"246.0";"88 72 86";"—";"Участвуете в конкурсе";"1578668";"—"
"1244";"4";"—";"246.0";"85 81 80";"—";"Участвуете в конкурсе";"1841591";"—"
"1245";"3";"—";"246.0";"83 69 94";"—";"Участвуете в конкурсе";"1836647";"—"
"1246";"4";"Электронное";"246.0";"83 83 78";"2.0";"Участвуете в конкурсе";"2052895";"—"
"1247";"1";"—";"246.0";"80 69 95";"2.0";"Участвуете в конкурсе";"2185421";"—"
"1248";"6";"Электронное";"246.0";"72 85 87";"2.0";"Участвуете в конкурсе";"1626028";"—"
"1249";"8";"—";"246.0";"90 75 78";"3.0";"Участвуете в конкурсе";"1771502";"—"
"1250";"2";"—";"246.0";"86 83 74";"3.0";"Участвуете в конкурсе";"2169250";"—"
"1251";"1";"—";"246.0";"83 78 82";"3.0";"Участвуете в конкурсе";"1560624";"—"
"1252";"4";"Электронное";"246.0";"80 83 80";"3.0";"Участвуете в конкурсе";"1822084";"—"
"1253";"1";"—";"246.0";"80 83 80";"3.0";"Участвуете в конкурсе";"1614877";"—"
"1254";"1";"—";"246.0";"78 81 84";"3.0";"Участвуете в конкурсе";"1398902";"—"
"1255";"2";"—";"246.0";"72 89 82";"3.0";"Участвуете в конкурсе";"1182358";"—"
"1256";"2";"—";"246.0";"70 83 90";"3.0";"Участвуете в конкурсе";"1644847";"—"
"1257";"2";"—";"246.0";"90 63 88";"5.0";"Участвуете в конкурсе";"1364892";"—"
"1258";"3";"—";"246.0";"84 81 76";"5.0";"Участвуете в конкурсе";"1911421";"—"
"1259";"6";"—";"246.0";"75 86 80";"5.0";"Участвуете в конкурсе";"2290089";"—"
"1260";"1";"—";"246.0";"72 91 78";"5.0";"Участвуете в конкурсе";"1906054";"—"
"1261";"4";"—";"246.0";"70 89 82";"5.0";"Участвуете в конкурсе";"1475612";"—"
"1262";"1";"—";"246.0";"74 78 86";"8.0";"Участвуете в конкурсе";"1648424";"—"
"1263";"1";"—";"246.0";"78 78 80";"10.0";"Участвуете в конкурсе";"1633029";"—"
"1264";"1";"—";"246.0";"75 81 80";"10.0";"Участвуете в конкурсе";"2044170";"—"
"1265";"6";"—";"245.0";"88 67 90";"—";"Участвуете в конкурсе";"1548503";"—"
"1266";"5";"—";"245.0";"88 73 84";"—";"Участвуете в конкурсе";"1721429";"—"
"1267";"6";"—";"245.0";"88 81 76";"—";"Участвуете в конкурсе";"1795772";"—"
"1268";"4";"—";"245.0";"86 73 86";"—";"Участвуете в конкурсе";"2351762";"—"
"1269";"5";"Электронное";"245.0";"85 70 90";"—";"Участвуете в конкурсе";"2394553";"—"
"1270";"6";"—";"245.0";"78 83 84";"—";"Участвуете в конкурсе";"1435716";"—"
"1271";"5";"—";"245.0";"76 83 86";"—";"Участвуете в конкурсе";"1517816";"—"
"1272";"5";"—";"245.0";"72 89 84";"—";"Участвуете в конкурсе";"1727596";"—"
"1273";"2";"—";"245.0";"72 89 84";"—";"Участвуете в конкурсе";"2229014";"—"
"1274";"4";"—";"245.0";"71 86 88";"—";"Участвуете в конкурсе";"1618870";"—"
"1275";"3";"—";"245.0";"70 81 94";"—";"Участвуете в конкурсе";"2213614";"—"
"1276";"4";"—";"245.0";"80 81 82";"2.0";"Участвуете в конкурсе";"2268353";"—"
"1277";"1";"—";"245.0";"83 81 78";"3.0";"Участвуете в конкурсе";"1041731";"—"
"1278";"3";"—";"245.0";"77 81 84";"3.0";"Участвуете в конкурсе";"1362628";"—"
"1279";"2";"Электронное";"245.0";"77 89 76";"3.0";"Участвуете в конкурсе";"1150406";"—"
"1280";"3";"—";"245.0";"77 89 76";"3.0";"Участвуете в конкурсе";"1964936";"—"
"1281";"5";"—";"245.0";"75 72 95";"3.0";"Участвуете в конкурсе";"2264840";"—"
"1282";"1";"—";"245.0";"71 89 82";"3.0";"Участвуете в конкурсе";"2273991";"—"
"1283";"1";"—";"245.0";"70 94 78";"3.0";"Участвуете в конкурсе";"1295102";"—"
"1284";"2";"—";"245.0";"80 78 82";"5.0";"Участвуете в конкурсе";"1857022";"—"
"1285";"1";"—";"245.0";"78 86 76";"5.0";"Участвуете в конкурсе";"1982957";"—"
"1286";"3";"—";"244.0";"92 72 80";"—";"Участвуете в конкурсе";"2153783";"—"
"1287";"4";"—";"244.0";"90 70 84";"—";"Участвуете в конкурсе";"2272296";"—"
"1288";"5";"—";"244.0";"88 72 84";"—";"Участвуете в конкурсе";"2259888";"—"
"1289";"2";"—";"244.0";"88 78 78";"—";"Участвуете в конкурсе";"1044649";"—"
"1290";"7";"Электронное";"244.0";"83 73 88";"—";"Участвуете в конкурсе";"1429197";"—"
"1291";"3";"—";"244.0";"80 78 86";"—";"Участвуете в конкурсе";"1319629";"—"
"1292";"4";"—";"244.0";"68 86 90";"—";"Участвуете в конкурсе";"1218151";"—"
"1293";"4";"Электронное";"244.0";"90 66 86";"2.0";"Участвуете в конкурсе";"2311989";"—"
"1294";"5";"—";"244.0";"80 78 84";"2.0";"Участвуете в конкурсе";"1584870";"—"
"1295";"5";"—";"244.0";"84 81 76";"3.0";"Участвуете в конкурсе";"1982384";"—"
"1296";"2";"Электронное";"244.0";"80 83 78";"3.0";"Участвуете в конкурсе";"2230721";"—"
"1297";"1";"Электронное";"244.0";"78 87 76";"3.0";"Участвуете в конкурсе";"2404578";"—"
"1298";"3";"—";"244.0";"73 86 82";"3.0";"Участвуете в конкурсе";"2394383";"—"
"1299";"3";"—";"244.0";"83 72 84";"5.0";"Участвуете в конкурсе";"1518960";"—"
"1300";"1";"—";"244.0";"80 81 78";"5.0";"Участвуете в конкурсе";"1570322";"—"
"1301";"1";"—";"244.0";"75 86 78";"5.0";"Участвуете в конкурсе";"2307226";"—"
"1302";"2";"—";"243.0";"82 81 80";"—";"Участвуете в конкурсе";"1595416";"—"
"1303";"2";"—";"243.0";"80 75 88";"—";"Участвуете в конкурсе";"1307835";"—"
"1304";"2";"—";"243.0";"72 89 82";"—";"Участвуете в конкурсе";"2425284";"—"
"1305";"5";"—";"243.0";"86 73 82";"2.0";"Участвуете в конкурсе";"2193948";"—"
"1306";"6";"—";"243.0";"80 69 92";"2.0";"Участвуете в конкурсе";"1158031";"—"
"1307";"1";"—";"243.0";"74 83 84";"2.0";"Участвуете в конкурсе";"1881727";"—"
"1308";"6";"—";"243.0";"84 70 84";"5.0";"Участвуете в конкурсе";"1731243";"—"
"1309";"8";"—";"243.0";"78 72 88";"5.0";"Участвуете в конкурсе";"2412692";"—"
"1310";"7";"—";"243.0";"78 73 84";"8.0";"Участвуете в конкурсе";"1440334";"—"
"1311";"4";"—";"242.0";"88 66 88";"—";"Участвуете в конкурсе";"1469275";"—"
"1312";"1";"—";"242.0";"88 70 84";"—";"Участвуете в конкурсе";"1627675";"—"
"1313";"6";"—";"242.0";"85 75 82";"—";"Участвуете в конкурсе";"2424477";"—"
"1314";"4";"—";"242.0";"80 86 76";"—";"Участвуете в конкурсе";"1355321";"—"
"1315";"3";"—";"242.0";"79 83 80";"—";"Участвуете в конкурсе";"1617324";"—"
"1316";"5";"Электронное";"242.0";"78 69 95";"—";"Участвуете в конкурсе";"1107394";"—"
"1317";"1";"Электронное";"242.0";"88 72 80";"2.0";"Участвуете в конкурсе";"1356299";"—"
"1318";"4";"—";"242.0";"83 63 94";"2.0";"Участвуете в конкурсе";"1610396";"—"
"1319";"2";"—";"242.0";"88 73 78";"3.0";"Участвуете в конкурсе";"2366310";"—"
"1320";"4";"—";"242.0";"88 75 76";"3.0";"Участвуете в конкурсе";"2099576";"—"
"1321";"4";"—";"242.0";"80 81 78";"3.0";"Участвуете в конкурсе";"1835849";"—"
"1322";"1";"—";"242.0";"80 85 74";"3.0";"Участвуете в конкурсе";"2423471";"—"
"1323";"2";"—";"242.0";"71 94 74";"3.0";"Участвуете в конкурсе";"1913572";"—"
"1324";"3";"—";"242.0";"75 86 76";"5.0";"Участвуете в конкурсе";"1360319";"—"
"1325";"4";"—";"242.0";"85 75 74";"8.0";"Участвуете в конкурсе";"1963962";"—"
"1326";"1";"—";"242.0";"85 73 74";"10.0";"Участвуете в конкурсе";"1346998";"—"
"1327";"5";"—";"242.0";"83 73 76";"10.0";"Участвуете в конкурсе";"2298215";"—"
"1328";"2";"—";"241.0";"84 75 82";"—";"Участвуете в конкурсе";"1300624";"—"
"1329";"1";"—";"241.0";"83 70 88";"—";"Участвуете в конкурсе";"1492982";"—"
"1330";"1";"Электронное";"241.0";"83 78 80";"—";"Участвуете в конкурсе";"2308489";"—"
"1331";"2";"—";"241.0";"82 73 86";"—";"Участвуете в конкурсе";"1263523";"—"
"1332";"5";"—";"241.0";"80 73 88";"—";"Участвуете в конкурсе";"1849390";"—"
"1333";"1";"—";"241.0";"80 83 78";"—";"Участвуете в конкурсе";"2277172";"—"
"1334";"3";"—";"241.0";"77 86 78";"—";"Участвуете в конкурсе";"2288010";"—"
"1335";"2";"—";"241.0";"72 81 88";"—";"Участвуете в конкурсе";"2133957";"—"
"1336";"1";"—";"241.0";"71 86 82";"2.0";"Участвуете в конкурсе";"2176633";"—"
"1337";"1";"—";"241.0";"95 61 82";"3.0";"Участвуете в конкурсе";"2311730";"—"
"1338";"3";"—";"241.0";"75 73 90";"3.0";"Участвуете в конкурсе";"1940680";"—"
"1339";"2";"—";"241.0";"76 78 82";"5.0";"Участвуете в конкурсе";"1794675";"—"
"1340";"11";"Электронное";"241.0";"67 89 80";"5.0";"Участвуете в конкурсе";"2316364";"—"
"1341";"1";"—";"240.0";"83 75 82";"—";"Участвуете в конкурсе";"2419432";"—"
"1342";"3";"—";"240.0";"82 61 97";"—";"Участвуете в конкурсе";"1976896";"—"
"1343";"1";"—";"240.0";"74 78 88";"—";"Участвуете в конкурсе";"1259193";"—"
"1344";"4";"—";"240.0";"73 75 92";"—";"Участвуете в конкурсе";"2224610";"—"
"1345";"4";"—";"240.0";"72 86 82";"—";"Участвуете в конкурсе";"1290606";"—"
"1346";"1";"—";"240.0";"82 70 86";"2.0";"Участвуете в конкурсе";"2142567";"—"
"1347";"6";"—";"240.0";"80 78 80";"2.0";"Участвуете в конкурсе";"2037344";"—"
"1348";"2";"—";"240.0";"84 73 80";"3.0";"Участвуете в конкурсе";"1402580";"—"
"1349";"1";"Электронное";"240.0";"78 83 76";"3.0";"Участвуете в конкурсе";"2203699";"—"
"1350";"2";"—";"240.0";"70 83 84";"3.0";"Участвуете в конкурсе";"1073691";"—"
"1351";"1";"—";"240.0";"70 83 84";"3.0";"Участвуете в конкурсе";"1796056";"—"
"1352";"2";"—";"240.0";"84 75 76";"5.0";"Участвуете в конкурсе";"1249186";"—"
"1353";"2";"—";"239.0";"84 67 88";"—";"Участвуете в конкурсе";"1175560";"—"
"1354";"1";"—";"239.0";"72 83 84";"—";"Участвуете в конкурсе";"1429423";"—"
"1355";"7";"Электронное";"239.0";"83 72 82";"2.0";"Участвуете в конкурсе";"2230731";"—"
"1356";"4";"—";"239.0";"79 70 88";"2.0";"Участвуете в конкурсе";"1948441";"—"
"1357";"10";"—";"239.0";"85 67 84";"3.0";"Участвуете в конкурсе";"1256144";"—"
"1358";"4";"—";"239.0";"64 86 86";"3.0";"Участвуете в конкурсе";"938675";"—"
"1359";"3";"—";"239.0";"86 70 78";"5.0";"Участвуете в конкурсе";"1962763";"—"
"1360";"5";"—";"239.0";"70 86 78";"5.0";"Участвуете в конкурсе";"1043460";"—"
"1361";"7";"—";"239.0";"85 64 82";"8.0";"Участвуете в конкурсе";"1461836";"—"
"1362";"3";"—";"239.0";"76 75 80";"8.0";"Участвуете в конкурсе";"1515159";"—"
"1363";"1";"—";"239.0";"78 81 70";"10.0";"Участвуете в конкурсе";"1729763";"—"
"1364";"5";"—";"238.0";"93 73 72";"—";"Участвуете в конкурсе";"1331351";"—"
"1365";"4";"—";"238.0";"90 70 78";"—";"Участвуете в конкурсе";"1633810";"—"
"1366";"1";"—";"238.0";"88 72 78";"—";"Участвуете в конкурсе";"1445514";"—"
"1367";"5";"Электронное";"238.0";"83 73 82";"—";"Участвуете в конкурсе";"1638302";"—"
"1368";"1";"—";"238.0";"83 81 74";"—";"Участвуете в конкурсе";"1786207";"—"
"1369";"4";"—";"238.0";"79 75 84";"—";"Участвуете в конкурсе";"1859638";"—"
"1370";"5";"—";"238.0";"75 91 72";"—";"Участвуете в конкурсе";"2271257";"—"
"1371";"6";"—";"238.0";"85 69 82";"2.0";"Участвуете в конкурсе";"2313434";"—"
"1372";"4";"—";"238.0";"80 72 84";"2.0";"Участвуете в конкурсе";"2140645";"—"
"1373";"1";"—";"238.0";"80 78 78";"2.0";"Участвуете в конкурсе";"1638031";"—"
"1374";"4";"—";"238.0";"70 86 80";"2.0";"Участвуете в конкурсе";"1196318";"—"
"1375";"8";"—";"238.0";"74 87 74";"3.0";"Участвуете в конкурсе";"1400612";"—"
"1376";"2";"—";"238.0";"80 73 80";"5.0";"Участвуете в конкурсе";"2315320";"—"
"1377";"4";"—";"238.0";"78 81 74";"5.0";"Участвуете в конкурсе";"1562784";"—"
"1378";"5";"Электронное";"238.0";"72 83 78";"5.0";"Участвуете в конкурсе";"2227155";"—"
"1379";"3";"—";"238.0";"70 75 88";"5.0";"Участвуете в конкурсе";"1493508";"—"
"1380";"3";"—";"238.0";"62 83 88";"5.0";"Участвуете в конкурсе";"2121797";"—"
"1381";"8";"—";"237.0";"93 66 78";"—";"Участвуете в конкурсе";"1339553";"—"
"1382";"1";"—";"237.0";"80 75 82";"—";"Участвуете в конкурсе";"1328147";"—"
"1383";"1";"—";"237.0";"80 83 74";"—";"Участвуете в конкурсе";"1108129";"—"
"1384";"5";"—";"237.0";"72 81 84";"—";"Участвуете в конкурсе";"1330960";"—"
"1385";"1";"—";"237.0";"67 96 74";"—";"Участвуете в конкурсе";"1584568";"—"
"1386";"4";"—";"237.0";"80 73 82";"2.0";"Участвуете в конкурсе";"2003126";"—"
"1387";"1";"—";"237.0";"79 70 86";"2.0";"Участвуете в конкурсе";"1367088";"—"
"1388";"9";"—";"237.0";"80 78 76";"3.0";"Участвуете в конкурсе";"1653127";"—"
"1389";"2";"—";"237.0";"77 61 96";"3.0";"Участвуете в конкурсе";"948460";"—"
"1390";"6";"—";"237.0";"75 75 84";"3.0";"Участвуете в конкурсе";"2315315";"—"
"1391";"1";"—";"237.0";"61 89 84";"3.0";"Участвуете в конкурсе";"1510266";"—"
"1392";"4";"—";"236.0";"84 70 82";"—";"Участвуете в конкурсе";"959761";"—"
"1393";"1";"Электронное";"236.0";"79 83 74";"—";"Участвуете в конкурсе";"2305403";"—"
"1394";"5";"—";"236.0";"78 70 88";"—";"Участвуете в конкурсе";"1703706";"—"
"1395";"1";"Электронное";"236.0";"76 78 82";"—";"Участвуете в конкурсе";"2230243";"—"
"1396";"1";"—";"236.0";"72 78 86";"—";"Участвуете в конкурсе";"1219763";"—"
"1397";"5";"—";"236.0";"83 73 78";"2.0";"Участвуете в конкурсе";"2248771";"—"
"1398";"5";"Электронное";"236.0";"82 72 80";"2.0";"Участвуете в конкурсе";"1579079";"—"
"1399";"1";"—";"236.0";"64 89 78";"5.0";"Участвуете в конкурсе";"1807438";"—"
"1400";"1";"—";"235.0";"88 67 80";"—";"Участвуете в конкурсе";"2139816";"—"
"1401";"1";"—";"235.0";"82 69 84";"—";"Участвуете в конкурсе";"1610808";"—"
"1402";"5";"Электронное";"235.0";"80 69 86";"—";"Участвуете в конкурсе";"1257477";"—"
"1403";"3";"—";"235.0";"72 73 90";"—";"Участвуете в конкурсе";"1621760";"—"
"1404";"3";"—";"235.0";"71 78 84";"2.0";"Участвуете в конкурсе";"1794200";"—"
"1405";"2";"—";"235.0";"68 81 84";"2.0";"Участвуете в конкурсе";"1541227";"—"
"1406";"5";"—";"235.0";"80 66 86";"3.0";"Участвуете в конкурсе";"1644755";"—"
"1407";"3";"—";"235.0";"75 81 76";"3.0";"Участвуете в конкурсе";"2246663";"—"
"1408";"1";"—";"235.0";"82 66 82";"5.0";"Участвуете в конкурсе";"1459441";"—"
"1409";"6";"—";"235.0";"73 85 72";"5.0";"Участвуете в конкурсе";"1092947";"—"
"1410";"1";"—";"235.0";"78 67 82";"8.0";"Участвуете в конкурсе";"2083200";"—"
"1411";"5";"—";"235.0";"62 93 72";"8.0";"Участвуете в конкурсе";"1723100";"—"
"1412";"3";"—";"234.0";"78 70 86";"—";"Участвуете в конкурсе";"2148866";"—"
"1413";"1";"—";"234.0";"75 83 76";"—";"Участвуете в конкурсе";"1075999";"—"
"1414";"1";"—";"234.0";"73 89 72";"—";"Участвуете в конкурсе";"1993990";"—"
"1415";"3";"Электронное";"234.0";"73 75 84";"2.0";"Участвуете в конкурсе";"1442437";"—"
"1416";"6";"—";"234.0";"82 69 80";"3.0";"Участвуете в конкурсе";"2122611";"—"
"1417";"5";"—";"234.0";"80 73 78";"3.0";"Участвуете в конкурсе";"1716430";"—"
"1418";"1";"—";"234.0";"78 75 78";"3.0";"Участвуете в конкурсе";"1854677";"—"
"1419";"5";"—";"234.0";"76 83 72";"3.0";"Участвуете в конкурсе";"1563827";"—"
"1420";"1";"—";"234.0";"68 83 80";"3.0";"Участвуете в конкурсе";"2221553";"—"
"1421";"5";"—";"234.0";"72 75 82";"5.0";"Участвуете в конкурсе";"2221965";"—"
"1422";"4";"—";"233.0";"84 69 80";"—";"Участвуете в конкурсе";"1984682";"—"
"1423";"5";"—";"233.0";"82 69 82";"—";"Участвуете в конкурсе";"1352954";"—"
"1424";"3";"—";"233.0";"73 86 74";"—";"Участвуете в конкурсе";"1907079";"—"
"1425";"2";"—";"233.0";"72 81 80";"—";"Участвуете в конкурсе";"1337832";"—"
"1426";"2";"—";"233.0";"90 67 74";"2.0";"Участвуете в конкурсе";"1775259";"—"
"1427";"3";"—";"233.0";"70 73 88";"2.0";"Участвуете в конкурсе";"1718008";"—"
"1428";"4";"—";"233.0";"70 81 80";"2.0";"Участвуете в конкурсе";"2021229";"—"
"1429";"3";"—";"233.0";"74 78 78";"3.0";"Участвуете в конкурсе";"1605318";"—"
"1430";"5";"—";"232.0";"85 75 72";"—";"Участвуете в конкурсе";"2332805";"—"
"1431";"3";"—";"232.0";"80 72 80";"—";"Участвуете в конкурсе";"1686229";"—"
"1432";"1";"—";"232.0";"76 66 90";"—";"Участвуете в конкурсе";"2211382";"—"
"1433";"8";"—";"232.0";"75 75 82";"—";"Участвуете в конкурсе";"2056005";"—"
"1434";"3";"—";"232.0";"74 78 80";"—";"Участвуете в конкурсе";"2295953";"—"
"1435";"4";"—";"232.0";"73 86 70";"3.0";"Участвуете в конкурсе";"1445241";"—"
"1436";"1";"—";"232.0";"70 83 76";"3.0";"Участвуете в конкурсе";"1309614";"—"
"1437";"2";"—";"231.0";"79 72 80";"—";"Участвуете в конкурсе";"2416631";"—"
"1438";"5";"—";"231.0";"78 83 70";"—";"Участвуете в конкурсе";"2268534";"—"
"1439";"1";"—";"231.0";"80 69 80";"2.0";"Участвуете в конкурсе";"1763881";"—"
"1440";"1";"—";"230.0";"76 70 84";"—";"Участвуете в конкурсе";"1655424";"—"
"1441";"2";"—";"230.0";"67 81 82";"—";"Участвуете в конкурсе";"2319533";"—"
"1442";"1";"—";"230.0";"80 72 76";"2.0";"Участвуете в конкурсе";"1330839";"—"
"1443";"6";"—";"230.0";"70 86 72";"2.0";"Участвуете в конкурсе";"1798617";"—"
"1444";"3";"—";"230.0";"78 67 82";"3.0";"Участвуете в конкурсе";"1484021";"—"
"1445";"5";"—";"230.0";"76 69 80";"5.0";"Участвуете в конкурсе";"1829076";"—"
"1446";"7";"—";"229.0";"64 81 82";"2.0";"Участвуете в конкурсе";"1326927";"—"
"1447";"4";"—";"229.0";"75 70 76";"8.0";"Участвуете в конкурсе";"1332134";"—"
"1448";"5";"Электронное";"228.0";"77 73 78";"—";"Участвуете в конкурсе";"2419757";"—"
"1449";"4";"—";"228.0";"72 70 86";"—";"Участвуете в конкурсе";"1979160";"—"
"1450";"2";"Электронное";"227.0";"80 61 86";"—";"Участвуете в конкурсе";"2198969";"—"
"1451";"3";"—";"227.0";"80 61 86";"—";"Участвуете в конкурсе";"1197886";"—"
"1452";"1";"Электронное";"227.0";"70 81 76";"—";"Участвуете в конкурсе";"1840784";"—"
"1453";"1";"—";"227.0";"75 64 86";"2.0";"Участвуете в конкурсе";"1284030";"—"
"1454";"1";"—";"226.0";"85 67 74";"—";"Участвуете в конкурсе";"1515081";"—"
"1455";"4";"—";"226.0";"75 67 84";"—";"Участвуете в конкурсе";"2172336";"—"
"1456";"4";"—";"226.0";"72 70 84";"—";"Участвуете в конкурсе";"1893375";"—"
"1457";"1";"Электронное";"226.0";"72 78 76";"—";"Участвуете в конкурсе";"2230518";"—"
"1458";"4";"—";"226.0";"80 64 80";"2.0";"Участвуете в конкурсе";"1798297";"—"
"1459";"4";"Электронное";"226.0";"70 78 76";"2.0";"Участвуете в конкурсе";"1612076";"—"
"1460";"4";"—";"226.0";"68 81 74";"3.0";"Участвуете в конкурсе";"1360972";"—"
"1461";"4";"—";"225.0";"78 67 80";"—";"Участвуете в конкурсе";"1646375";"—"
"1462";"3";"—";"225.0";"76 67 82";"—";"Участвуете в конкурсе";"2055650";"—"
"1463";"3";"—";"225.0";"76 69 80";"—";"Участвуете в конкурсе";"1390792";"—"
"1464";"4";"—";"225.0";"70 69 86";"—";"Участвуете в конкурсе";"1516836";"—"
"1465";"5";"—";"225.0";"75 70 78";"2.0";"Участвуете в конкурсе";"1910016";"—"
"1466";"4";"—";"225.0";"67 73 82";"3.0";"Участвуете в конкурсе";"1597226";"—"
"1467";"1";"—";"225.0";"67 73 80";"5.0";"Участвуете в конкурсе";"1768529";"—"
"1468";"4";"—";"224.0";"83 69 72";"—";"Участвуете в конкурсе";"2423986";"—"
"1469";"4";"—";"224.0";"78 66 80";"—";"Участвуете в конкурсе";"1653643";"—"
"1470";"4";"—";"224.0";"70 70 84";"—";"Участвуете в конкурсе";"1076573";"—"
"1471";"3";"—";"223.0";"84 63 76";"—";"Участвуете в конкурсе";"2322922";"—"
"1472";"3";"—";"223.0";"76 67 80";"—";"Участвуете в конкурсе";"1137330";"—"
"1473";"6";"—";"223.0";"75 60 88";"—";"Участвуете в конкурсе";"2133115";"—"
"1474";"4";"—";"223.0";"73 72 78";"—";"Участвуете в конкурсе";"1978359";"—"
"1475";"1";"—";"223.0";"70 81 72";"—";"Участвуете в конкурсе";"2370493";"—"
"1476";"4";"—";"223.0";"75 72 74";"2.0";"Участвуете в конкурсе";"1984017";"—"
"1477";"4";"Электронное";"223.0";"73 66 82";"2.0";"Участвуете в конкурсе";"1276371";"—"
"1478";"4";"—";"223.0";"70 72 78";"3.0";"Участвуете в конкурсе";"1437718";"—"
"1479";"4";"—";"223.0";"75 63 80";"5.0";"Участвуете в конкурсе";"2246673";"—"
"1480";"3";"—";"223.0";"70 70 78";"5.0";"Участвуете в конкурсе";"2004972";"—"
"1481";"1";"—";"222.0";"80 64 78";"—";"Участвуете в конкурсе";"2243387";"—"
"1482";"5";"—";"222.0";"78 66 78";"—";"Участвуете в конкурсе";"2213927";"—"
"1483";"2";"—";"222.0";"73 75 74";"—";"Участвуете в конкурсе";"1778166";"—"
"1484";"3";"—";"222.0";"70 72 80";"—";"Участвуете в конкурсе";"1185776";"—"
"1485";"3";"—";"222.0";"72 72 76";"2.0";"Участвуете в конкурсе";"1257205";"—"
"1486";"4";"—";"222.0";"72 67 80";"3.0";"Участвуете в конкурсе";"1287561";"—"
"1487";"2";"—";"222.0";"65 72 80";"5.0";"Участвуете в конкурсе";"1518609";"—"
"1488";"1";"—";"221.0";"80 69 72";"—";"Участвуете в конкурсе";"2412375";"—"
"1489";"1";"Электронное";"221.0";"72 71 78";"—";"Участвуете в конкурсе";"2405536";"—"
"1490";"3";"—";"221.0";"62 81 78";"—";"Участвуете в конкурсе";"2165256";"—"
"1491";"1";"—";"221.0";"73 70 76";"2.0";"Участвуете в конкурсе";"1198635";"—"
"1492";"5";"—";"221.0";"72 69 78";"2.0";"Участвуете в конкурсе";"2000198";"—"
"1493";"1";"—";"221.0";"62 78 76";"5.0";"Участвуете в конкурсе";"1042112";"—"
"1494";"2";"—";"220.0";"67 75 78";"—";"Участвуете в конкурсе";"1402212";"—"
"1495";"4";"—";"219.0";"79 66 74";"—";"Участвуете в конкурсе";"1442607";"—"
"1496";"2";"—";"219.0";"74 69 76";"—";"Участвуете в конкурсе";"1786004";"—"
"1497";"6";"—";"219.0";"72 69 78";"—";"Участвуете в конкурсе";"977354";"—"
"1498";"2";"—";"219.0";"70 69 80";"—";"Участвуете в конкурсе";"1982007";"—"
"1499";"2";"—";"219.0";"70 73 76";"—";"Участвуете в конкурсе";"2269105";"—"
"1500";"4";"—";"219.0";"76 60 78";"5.0";"Участвуете в конкурсе";"1631334";"—"
"1501";"1";"—";"219.0";"62 73 74";"10.0";"Участвуете в конкурсе";"2335289";"—"
"1502";"4";"—";"218.0";"67 73 78";"—";"Участвуете в конкурсе";"2392543";"—"
"1503";"4";"—";"218.0";"70 66 80";"2.0";"Участвуете в конкурсе";"1858151";"—"
"1504";"1";"—";"218.0";"62 72 82";"2.0";"Участвуете в конкурсе";"2352623";"—"
"1505";"4";"—";"218.0";"65 78 72";"3.0";"Участвуете в конкурсе";"1686463";"—"
"1506";"2";"—";"217.0";"83 64 70";"—";"Участвуете в конкурсе";"1856451";"—"
"1507";"5";"—";"217.0";"73 72 72";"—";"Участвуете в конкурсе";"2336120";"—"
"1508";"4";"—";"217.0";"70 69 78";"—";"Участвуете в конкурсе";"2180895";"—"
"1509";"1";"—";"217.0";"67 72 78";"—";"Участвуете в конкурсе";"2052850";"—"
"1510";"2";"—";"217.0";"64 75 78";"—";"Участвуете в конкурсе";"1857066";"—"
"1511";"5";"—";"217.0";"70 72 72";"3.0";"Участвуете в конкурсе";"1940196";"—"
"1512";"2";"—";"216.0";"71 61 84";"—";"Участвуете в конкурсе";"1651745";"—"
"1513";"5";"—";"216.0";"67 73 76";"—";"Участвуете в конкурсе";"983939";"—"
"1514";"6";"—";"215.0";"75 66 74";"—";"Участвуете в конкурсе";"1070293";"—"
"1515";"5";"—";"215.0";"67 72 76";"—";"Участвуете в конкурсе";"1518676";"—"
"1516";"2";"—";"215.0";"75 66 72";"2.0";"Участвуете в конкурсе";"1791627";"—"
"1517";"2";"—";"215.0";"64 75 74";"2.0";"Участвуете в конкурсе";"1207154";"—"
"1518";"3";"—";"214.0";"80 60 74";"—";"Участвуете в конкурсе";"1415590";"—"
"1519";"2";"—";"214.0";"78 60 76";"—";"Участвуете в конкурсе";"1780037";"—"
"1520";"3";"—";"214.0";"73 63 78";"—";"Участвуете в конкурсе";"1074618";"—"
"1521";"4";"—";"214.0";"67 69 78";"—";"Участвуете в конкурсе";"1988651";"—"
"1522";"4";"Электронное";"214.0";"65 75 74";"—";"Участвуете в конкурсе";"1617131";"—"
"1523";"2";"—";"214.0";"71 63 78";"2.0";"Участвуете в конкурсе";"1486335";"—"
"1524";"4";"—";"213.0";"75 64 74";"—";"Участвуете в конкурсе";"1739680";"—"
"1525";"4";"—";"212.0";"74 64 74";"—";"Участвуете в конкурсе";"1995449";"—"
"1526";"5";"—";"212.0";"72 66 74";"—";"Участвуете в конкурсе";"1785367";"—"
"1527";"3";"Электронное";"212.0";"70 60 82";"—";"Участвуете в конкурсе";"2268792";"—"
"1528";"3";"—";"212.0";"70 72 70";"—";"Участвуете в конкурсе";"1726389";"—"
"1529";"8";"—";"212.0";"67 69 76";"—";"Участвуете в конкурсе";"2043252";"—"
"1530";"2";"—";"212.0";"64 72 74";"2.0";"Участвуете в конкурсе";"1647116";"—"
"1531";"5";"—";"212.0";"78 61 70";"3.0";"Участвуете в конкурсе";"2309380";"—"
"1532";"4";"—";"212.0";"68 66 70";"8.0";"Участвуете в конкурсе";"1697248";"—"
"1533";"5";"Электронное";"211.0";"72 60 74";"5.0";"Участвуете в конкурсе";"2028264";"—"
"1534";"1";"—";"210.0";"70 66 74";"—";"Участвуете в конкурсе";"1879922";"—"
"1535";"2";"—";"210.0";"67 63 80";"—";"Участвуете в конкурсе";"1620169";"—"
"1536";"2";"—";"210.0";"64 70 76";"—";"Участвуете в конкурсе";"2261114";"—"
"1537";"2";"—";"210.0";"62 70 76";"2.0";"Участвуете в конкурсе";"1925251";"—"
"1538";"1";"—";"209.0";"67 64 78";"—";"Участвуете в конкурсе";"2099137";"—"
"1539";"2";"—";"209.0";"64 73 72";"—";"Участвуете в конкурсе";"1615924";"—"
"1540";"4";"—";"209.0";"75 61 70";"3.0";"Участвуете в конкурсе";"1530644";"—"
"1541";"3";"—";"208.0";"72 64 72";"—";"Участвуете в конкурсе";"1520537";"—"
"1542";"4";"—";"208.0";"65 69 74";"—";"Участвуете в конкурсе";"1839210";"—"
"1543";"1";"—";"207.0";"67 60 80";"—";"Участвуете в конкурсе";"1730735";"—"
"1544";"3";"—";"203.0";"70 63 70";"—";"Участвуете в конкурсе";"1520819";"—"
"1545";"4";"Электронное";"203.0";"67 60 76";"—";"Участвуете в конкурсе";"995515";"—"
"1546";"2";"—";"203.0";"60 67 76";"—";"Участвуете в конкурсе";"2325591";"—"
"1547";"5";"Электронное";"201.0";"70 61 70";"—";"Участвуете в конкурсе";"1334058";"—"
"1548";"3";"Электронное";"201.0";"60 63 78";"—";"Участвуете в конкурсе";"1422135";"—"
"1549";"1";"—";"200.0";"64 66 70";"—";"Участвуете в конкурсе";"1214492";"—"
"1550";"1";"—";"200.0";"62 64 74";"—";"Участвуете в конкурсе";"2300911";"—"
"1551";"1";"Электронное";"198.0";"67 61 70";"—";"Участвуете в конкурсе";"1648462";"—"
"1552";"1";"—";"198.0";"61 67 70";"—";"Участвуете в конкурсе";"1257898";"—"
"1553";"1";"—";"196.0";"64 60 72";"—";"Участвуете в конкурсе";"2309485";"—"
