"Порядковый номер";"Приоритет конкурса";"Подано согласие";"Сумма баллов";"Баллы за ВИ";"Баллы за ИД";"Статус";"Код поступающего";"Дата выбора конкурсной группы по Москве"
"1";"1";"Электронное";"252.0";"86 72 94";"—";"Участвуете в конкурсе";"1303743";"—"
"2";"2";"Электронное";"272.0";"95 78 99";"—";"Участвуете в конкурсе";"1482058";"—"
"3";"1";"Электронное";"223.0";"70 69 84";"—";"Участвуете в конкурсе";"2367460";"—"
"4";"1";"Электронное";"294.0";"96 89 100";"9.0";"Участвуете в конкурсе";"1728024";"—"
"5";"2";"Электронное";"298.0";"100 89 100";"9.0";"Участвуете в конкурсе";"1911445";"—"
"6";"1";"Электронное";"258.0";"100 66 84";"8.0";"Участвуете в конкурсе";"1168590";"—"
"7";"1";"Электронное";"271.0";"95 73 95";"8.0";"Участвуете в конкурсе";"1440421";"—"
"8";"2";"Электронное";"287.0";"100 91 90";"6.0";"Участвуете в конкурсе";"1884585";"—"
"9";"1";"Электронное";"291.0";"98 91 96";"6.0";"Участвуете в конкурсе";"1292550";"—"
"10";"1";"Электронное";"289.0";"100 86 97";"6.0";"Участвуете в конкурсе";"1287544";"—"
"11";"1";"Электронное";"256.0";"76 81 94";"5.0";"Участвуете в конкурсе";"1597712";"—"
"12";"1";"—";"274.0";"86 91 94";"3.0";"Участвуете в конкурсе";"1571660";"—"
"13";"1";"Электронное";"270.0";"100 75 92";"3.0";"Участвуете в конкурсе";"1363133";"—"
"14";"1";"Электронное";"242.0";"77 70 92";"3.0";"Участвуете в конкурсе";"1693167";"—"
"15";"2";"Электронное";"266.0";"90 89 84";"3.0";"Участвуете в конкурсе";"1724537";"—"
"16";"1";"Электронное";"262.0";"90 75 95";"2.0";"Участвуете в конкурсе";"1644503";"—"
"17";"1";"Электронное";"265.0";"95 75 95";"—";"Участвуете в конкурсе";"1426011";"—"
"18";"1";"Электронное";"274.0";"86 83 100";"5.0";"Участвуете в конкурсе";"1158436";"—"
"19";"1";"Электронное";"302.0";"98 94 100";"10.0";"Участвуете в конкурсе";"1342968";"—"
"20";"1";"Электронное";"298.0";"98 94 96";"10.0";"Участвуете в конкурсе";"1177378";"—"
"21";"3";"Электронное";"301.0";"100 91 100";"10.0";"Участвуете в конкурсе";"1809459";"—"
"22";"1";"—";"284.0";"88 91 95";"10.0";"Участвуете в конкурсе";"2260538";"—"
"23";"1";"Электронное";"284.0";"88 89 97";"10.0";"Участвуете в конкурсе";"1714867";"—"
"24";"1";"Электронное";"282.0";"100 86 86";"10.0";"Участвуете в конкурсе";"1684375";"—"
"25";"1";"Электронное";"265.0";"86 83 86";"10.0";"Участвуете в конкурсе";"1674320";"—"
"26";"1";"—";"265.0";"96 75 84";"10.0";"Участвуете в конкурсе";"1174725";"—"
"27";"1";"—";"266.0";"85 75 96";"10.0";"Участвуете в конкурсе";"1782143";"—"
"28";"1";"Электронное";"274.0";"92 72 100";"10.0";"Участвуете в конкурсе";"1957951";"—"
"29";"1";"Электронное";"261.0";"98 67 86";"10.0";"Участвуете в конкурсе";"1196171";"—"
"30";"1";"Электронное";"290.0";"98 83 99";"10.0";"Участвуете в конкурсе";"992763";"—"
"31";"1";"Электронное";"282.0";"94 78 100";"10.0";"Участвуете в конкурсе";"2138003";"—"
"32";"1";"Электронное";"247.0";"80 69 88";"10.0";"Участвуете в конкурсе";"1676676";"—"
"33";"1";"Электронное";"281.0";"80 94 97";"10.0";"Участвуете в конкурсе";"1798556";"—"
"34";"1";"—";"281.0";"90 81 100";"10.0";"Участвуете в конкурсе";"1979161";"—"
"35";"1";"Электронное";"300.0";"94 97 100";"9.0";"Участвуете в конкурсе";"1304513";"—"
"36";"2";"—";"295.0";"100 89 97";"9.0";"Участвуете в конкурсе";"1204110";"—"
"37";"3";"—";"296.0";"98 89 100";"9.0";"Участвуете в конкурсе";"1516518";"—"
"38";"2";"Электронное";"273.0";"78 86 100";"9.0";"Участвуете в конкурсе";"1938453";"—"
"39";"6";"—";"287.0";"95 83 100";"9.0";"Участвуете в конкурсе";"1846579";"—"
"40";"1";"Электронное";"256.0";"80 67 100";"9.0";"Участвуете в конкурсе";"2052178";"—"
"41";"1";"Электронное";"248.0";"91 66 82";"9.0";"Участвуете в конкурсе";"1066655";"—"
"42";"1";"Электронное";"276.0";"98 81 88";"9.0";"Участвуете в конкурсе";"1211519";"—"
"43";"1";"Электронное";"281.0";"94 81 97";"9.0";"Участвуете в конкурсе";"1165895";"—"
"44";"1";"Электронное";"243.0";"78 72 84";"9.0";"Участвуете в конкурсе";"1151669";"—"
"45";"5";"Электронное";"273.0";"84 89 92";"8.0";"Участвуете в конкурсе";"1637351";"—"
"46";"1";"Электронное";"255.0";"88 75 84";"8.0";"Участвуете в конкурсе";"1234055";"—"
"47";"1";"Электронное";"257.0";"88 67 94";"8.0";"Участвуете в конкурсе";"1775222";"—"
"48";"3";"—";"281.0";"94 83 96";"8.0";"Участвуете в конкурсе";"1250447";"—"
"49";"1";"Электронное";"263.0";"85 72 98";"8.0";"Участвуете в конкурсе";"959854";"—"
"50";"1";"Электронное";"226.0";"92 48 78";"8.0";"Участвуете в конкурсе";"1546540";"—"
"51";"1";"Электронное";"287.0";"98 83 100";"6.0";"Участвуете в конкурсе";"1412089";"—"
"52";"1";"Электронное";"295.0";"98 91 100";"6.0";"Участвуете в конкурсе";"1076175";"—"
"53";"7";"Электронное";"271.0";"100 73 92";"6.0";"Участвуете в конкурсе";"1586617";"—"
"54";"1";"Электронное";"281.0";"92 83 100";"6.0";"Участвуете в конкурсе";"1582781";"—"
"55";"2";"—";"293.0";"94 94 99";"6.0";"Участвуете в конкурсе";"1353341";"—"
"56";"1";"Электронное";"299.0";"100 97 96";"6.0";"Участвуете в конкурсе";"2047808";"—"
"57";"3";"Электронное";"281.0";"90 91 94";"6.0";"Участвуете в конкурсе";"1754879";"—"
"58";"1";"—";"288.0";"96 86 100";"6.0";"Участвуете в конкурсе";"1797069";"—"
"59";"1";"Электронное";"265.0";"88 83 88";"6.0";"Участвуете в конкурсе";"1796217";"—"
"60";"5";"Электронное";"264.0";"75 83 100";"6.0";"Участвуете в конкурсе";"2053708";"—"
"61";"1";"Электронное";"251.0";"64 81 100";"6.0";"Участвуете в конкурсе";"1917201";"—"
"62";"1";"Электронное";"292.0";"90 97 100";"5.0";"Участвуете в конкурсе";"1465374";"—"
"63";"1";"Электронное";"299.0";"100 94 100";"5.0";"Участвуете в конкурсе";"1556583";"—"
"64";"1";"Электронное";"280.0";"96 89 90";"5.0";"Участвуете в конкурсе";"1267605";"—"
"65";"1";"Электронное";"259.0";"86 86 82";"5.0";"Участвуете в конкурсе";"1062656";"—"
"66";"5";"Электронное";"269.0";"95 81 88";"5.0";"Участвуете в конкурсе";"1640345";"—"
"67";"1";"Электронное";"264.0";"83 81 95";"5.0";"Участвуете в конкурсе";"1422700";"—"
"68";"1";"Электронное";"253.0";"77 81 90";"5.0";"Участвуете в конкурсе";"1729796";"—"
"69";"1";"Электронное";"219.0";"56 78 80";"5.0";"Участвуете в конкурсе";"1444941";"—"
"70";"1";"Электронное";"263.0";"94 69 95";"5.0";"Участвуете в конкурсе";"1158976";"—"
"71";"2";"—";"289.0";"92 94 98";"5.0";"Участвуете в конкурсе";"1256470";"—"
"72";"4";"—";"249.0";"75 83 86";"5.0";"Участвуете в конкурсе";"2101148";"—"
"73";"1";"Электронное";"255.0";"94 70 86";"5.0";"Участвуете в конкурсе";"1513470";"—"
"74";"1";"Электронное";"247.0";"79 70 94";"4.0";"Участвуете в конкурсе";"1121806";"—"
"75";"1";"—";"284.0";"94 91 96";"3.0";"Участвуете в конкурсе";"1456949";"—"
"76";"1";"Электронное";"249.0";"83 83 80";"3.0";"Участвуете в конкурсе";"1544491";"—"
"77";"1";"—";"247.0";"67 81 96";"3.0";"Участвуете в конкурсе";"1361781";"—"
"78";"1";"Электронное";"278.0";"92 89 94";"3.0";"Участвуете в конкурсе";"986842";"—"
"79";"1";"Электронное";"271.0";"98 73 97";"3.0";"Участвуете в конкурсе";"1717777";"—"
"80";"1";"Электронное";"263.0";"92 72 96";"3.0";"Участвуете в конкурсе";"1174353";"—"
"81";"2";"Электронное";"287.0";"98 89 97";"3.0";"Участвуете в конкурсе";"2241582";"—"
"82";"1";"—";"288.0";"96 89 100";"3.0";"Участвуете в конкурсе";"1240317";"—"
"83";"3";"—";"292.0";"98 91 100";"3.0";"Участвуете в конкурсе";"1623068";"—"
"84";"1";"Электронное";"253.0";"70 81 99";"3.0";"Участвуете в конкурсе";"2095679";"—"
"85";"3";"—";"281.0";"96 83 100";"2.0";"Участвуете в конкурсе";"2100894";"—"
"86";"1";"Электронное";"243.0";"93 66 82";"2.0";"Участвуете в конкурсе";"1578385";"—"
"87";"1";"—";"264.0";"92 78 94";"—";"Участвуете в конкурсе";"1564096";"—"
"88";"4";"Электронное";"284.0";"95 89 100";"—";"Участвуете в конкурсе";"1283336";"—"
"89";"1";"Электронное";"229.0";"70 73 86";"—";"Участвуете в конкурсе";"1146623";"—"
"90";"1";"Электронное";"266.0";"86 86 94";"—";"Участвуете в конкурсе";"1509471";"—"
"91";"1";"Электронное";"264.0";"88 86 90";"—";"Участвуете в конкурсе";"1095699";"—"
"92";"1";"Электронное";"252.0";"83 81 88";"—";"Участвуете в конкурсе";"1881177";"—"
"93";"1";"Электронное";"248.0";"94 70 84";"—";"Участвуете в конкурсе";"965042";"—"
"94";"1";"Электронное";"286.0";"100 86 100";"—";"Участвуете в конкурсе";"1605343";"—"
"95";"2";"Электронное";"273.0";"79 97 97";"—";"Участвуете в конкурсе";"1653051";"—"
"96";"1";"—";"271.0";"90 89 92";"—";"Участвуете в конкурсе";"2055541";"—"
"97";"3";"Электронное";"268.0";"83 86 99";"—";"Участвуете в конкурсе";"1264764";"—"
"98";"1";"Электронное";"279.0";"98 81 100";"—";"Участвуете в конкурсе";"2135787";"—"
"99";"1";"Электронное";"258.0";"88 78 92";"—";"Участвуете в конкурсе";"987482";"—"
"100";"1";"—";"253.0";"90 66 97";"—";"Участвуете в конкурсе";"1169559";"—"
"101";"1";"Электронное";"142.0";"84";"—";"Участвуете в конкурсе";"1577176";"—"
"102";"1";"—";"221.0";"67 55 99";"—";"Участвуете в конкурсе";"1195001";"—"
"103";"1";"—";"91.0";"91 0 0";"—";"Участвуете в конкурсе";"1073976";"—"
"104";"1";"Электронное";"228.0";"72 64 84";"8.0";"Участвуете в конкурсе";"1711981";"—"
"105";"7";"—";"274.0";"88 86 94";"6.0";"Участвуете в конкурсе";"1558752";"—"
"106";"1";"Электронное";"276.0";"85 91 97";"3.0";"Участвуете в конкурсе";"1583371";"—"
"107";"4";"—";"310.0";"100 100 100";"10.0";"Участвуете в конкурсе";"1850411";"—"
"108";"1";"Электронное";"310.0";"100 100 100";"10.0";"Участвуете в конкурсе";"1997176";"—"
"109";"5";"—";"309.0";"100 100 100";"9.0";"Участвуете в конкурсе";"1516901";"—"
"110";"3";"—";"309.0";"100 100 100";"9.0";"Участвуете в конкурсе";"1777475";"—"
"111";"4";"—";"309.0";"100 100 100";"9.0";"Участвуете в конкурсе";"1260271";"—"
"112";"6";"—";"308.0";"100 100 98";"10.0";"Участвуете в конкурсе";"1277961";"—"
"113";"5";"Электронное";"307.0";"100 97 100";"10.0";"Участвуете в конкурсе";"1962536";"—"
"114";"3";"—";"306.0";"100 97 100";"9.0";"Участвуете в конкурсе";"1289633";"—"
"115";"6";"Электронное";"306.0";"100 97 99";"10.0";"Участвуете в конкурсе";"2093082";"—"
"116";"5";"—";"305.0";"100 100 100";"5.0";"Участвуете в конкурсе";"1399975";"—"
"117";"5";"—";"305.0";"100 97 100";"8.0";"Участвуете в конкурсе";"1259900";"—"
"118";"1";"—";"305.0";"100 97 99";"9.0";"Участвуете в конкурсе";"1102589";"—"
"119";"4";"—";"305.0";"96 100 100";"9.0";"Участвуете в конкурсе";"1907735";"—"
"120";"5";"—";"305.0";"100 97 98";"10.0";"Участвуете в конкурсе";"1796286";"—"
"121";"2";"—";"305.0";"100 100 95";"10.0";"Участвуете в конкурсе";"1942733";"—"
"122";"5";"—";"305.0";"98 97 100";"10.0";"Участвуете в конкурсе";"1203209";"—"
"123";"4";"—";"305.0";"95 100 100";"10.0";"Участвуете в конкурсе";"1518346";"—"
"124";"1";"—";"304.0";"98 100 100";"6.0";"Участвуете в конкурсе";"1377111";"—"
"125";"1";"—";"304.0";"98 97 100";"9.0";"Участвуете в конкурсе";"1790385";"—"
"126";"2";"—";"304.0";"100 94 100";"10.0";"Участвуете в конкурсе";"1271815";"—"
"127";"3";"—";"304.0";"100 94 100";"10.0";"Участвуете в конкурсе";"952832";"—"
"128";"6";"—";"304.0";"100 94 100";"10.0";"Участвуете в конкурсе";"1196919";"—"
"129";"2";"—";"304.0";"100 94 100";"10.0";"Участвуете в конкурсе";"1243648";"—"
"130";"3";"—";"304.0";"100 94 100";"10.0";"Участвуете в конкурсе";"1201931";"—"
"131";"3";"Электронное";"304.0";"100 94 100";"10.0";"Участвуете в конкурсе";"1209429";"—"
"132";"6";"—";"304.0";"100 94 100";"10.0";"Участвуете в конкурсе";"1181079";"—"
"133";"3";"—";"304.0";"100 94 100";"10.0";"Участвуете в конкурсе";"1133045";"—"
"134";"3";"—";"304.0";"100 97 97";"10.0";"Участвуете в конкурсе";"1793334";"—"
"135";"3";"Электронное";"304.0";"98 97 99";"10.0";"Участвуете в конкурсе";"1482831";"—"
"136";"4";"Электронное";"304.0";"95 99 100";"10.0";"Участвуете в конкурсе";"1958312";"—"
"137";"5";"—";"303.0";"100 100 100";"3.0";"Участвуете в конкурсе";"2258184";"—"
"138";"1";"—";"303.0";"100 100 100";"3.0";"Участвуете в конкурсе";"1621605";"—"
"139";"4";"—";"303.0";"100 100 100";"3.0";"Участвуете в конкурсе";"1962977";"—"
"140";"4";"—";"303.0";"100 100 100";"3.0";"Участвуете в конкурсе";"2266530";"—"
"141";"1";"—";"303.0";"100 100 98";"5.0";"Участвуете в конкурсе";"1172257";"—"
"142";"4";"—";"303.0";"100 94 100";"9.0";"Участвуете в конкурсе";"1533512";"—"
"143";"3";"—";"303.0";"100 94 100";"9.0";"Участвуете в конкурсе";"1196279";"—"
"144";"7";"Электронное";"303.0";"100 94 100";"9.0";"Участвуете в конкурсе";"1576544";"—"
"145";"3";"—";"303.0";"100 94 100";"9.0";"Участвуете в конкурсе";"1643765";"—"
"146";"2";"Электронное";"303.0";"98 97 98";"10.0";"Участвуете в конкурсе";"1262565";"—"
"147";"3";"—";"303.0";"98 100 95";"10.0";"Участвуете в конкурсе";"1460582";"—"
"148";"5";"Электронное";"302.0";"100 97 100";"5.0";"Участвуете в конкурсе";"1287124";"—"
"149";"1";"—";"302.0";"100 97 100";"5.0";"Участвуете в конкурсе";"1829464";"—"
"150";"2";"—";"302.0";"100 96 100";"6.0";"Участвуете в конкурсе";"2341600";"—"
"151";"1";"Электронное";"302.0";"100 94 100";"8.0";"Участвуете в конкурсе";"1177646";"—"
"152";"1";"—";"302.0";"100 94 100";"8.0";"Участвуете в конкурсе";"1173676";"—"
"153";"7";"Электронное";"302.0";"100 97 97";"8.0";"Участвуете в конкурсе";"1721519";"—"
"154";"3";"Электронное";"302.0";"98 97 99";"8.0";"Участвуете в конкурсе";"1842883";"—"
"155";"2";"—";"302.0";"100 97 95";"10.0";"Участвуете в конкурсе";"1501201";"—"
"156";"7";"—";"302.0";"100 97 95";"10.0";"Участвуете в конкурсе";"1287292";"—"
"157";"2";"—";"302.0";"98 94 100";"10.0";"Участвуете в конкурсе";"1182133";"—"
"158";"3";"—";"302.0";"98 94 100";"10.0";"Участвуете в конкурсе";"1177363";"—"
"159";"3";"—";"302.0";"95 97 100";"10.0";"Участвуете в конкурсе";"1291399";"—"
"160";"2";"Электронное";"301.0";"98 100 100";"3.0";"Участвуете в конкурсе";"1707339";"—"
"161";"2";"—";"301.0";"98 100 100";"3.0";"Участвуете в конкурсе";"1564896";"—"
"162";"3";"—";"301.0";"98 100 100";"3.0";"Участвуете в конкурсе";"1730523";"—"
"163";"1";"Электронное";"301.0";"98 100 100";"3.0";"Участвуете в конкурсе";"1451248";"—"
"164";"3";"—";"301.0";"100 94 99";"8.0";"Участвуете в конкурсе";"1443240";"—"
"165";"4";"—";"301.0";"98 94 100";"9.0";"Участвуете в конкурсе";"1638171";"—"
"166";"3";"Электронное";"301.0";"98 94 100";"9.0";"Участвуете в конкурсе";"1209660";"—"
"167";"3";"—";"301.0";"100 91 100";"10.0";"Участвуете в конкурсе";"1769123";"—"
"168";"2";"—";"301.0";"100 91 100";"10.0";"Участвуете в конкурсе";"1198298";"—"
"169";"1";"—";"301.0";"100 91 100";"10.0";"Участвуете в конкурсе";"952498";"—"
"170";"1";"Электронное";"301.0";"100 91 100";"10.0";"Участвуете в конкурсе";"1646082";"—"
"171";"3";"—";"301.0";"100 94 97";"10.0";"Участвуете в конкурсе";"1196082";"—"
"172";"3";"Электронное";"300.0";"100 100 100";"—";"Участвуете в конкурсе";"1519061";"—"
"173";"2";"—";"300.0";"100 97 100";"3.0";"Участвуете в конкурсе";"1618953";"—"
"174";"1";"—";"300.0";"100 97 100";"3.0";"Участвуете в конкурсе";"1911866";"—"
"175";"2";"—";"300.0";"100 97 100";"3.0";"Участвуете в конкурсе";"2126433";"—"
"176";"4";"Электронное";"300.0";"100 100 97";"3.0";"Участвуете в конкурсе";"1175325";"—"
"177";"5";"Электронное";"300.0";"98 100 99";"3.0";"Участвуете в конкурсе";"1781001";"—"
"178";"1";"—";"300.0";"100 97 98";"5.0";"Участвуете в конкурсе";"1425239";"—"
"179";"7";"—";"300.0";"100 100 95";"5.0";"Участвуете в конкурсе";"1859833";"—"
"180";"3";"—";"300.0";"98 100 97";"5.0";"Участвуете в конкурсе";"1127181";"—"
"181";"3";"—";"300.0";"98 97 99";"6.0";"Участвуете в конкурсе";"1213718";"—"
"182";"6";"—";"300.0";"100 91 100";"9.0";"Участвуете в конкурсе";"1527892";"—"
"183";"5";"Электронное";"300.0";"100 91 99";"10.0";"Участвуете в конкурсе";"1546948";"—"
"184";"2";"—";"300.0";"100 91 99";"10.0";"Участвуете в конкурсе";"1542782";"—"
"185";"2";"—";"300.0";"100 91 99";"10.0";"Участвуете в конкурсе";"1964665";"—"
"186";"5";"Электронное";"300.0";"100 94 96";"10.0";"Участвуете в конкурсе";"1214499";"—"
"187";"6";"Электронное";"300.0";"100 100 90";"10.0";"Участвуете в конкурсе";"1605559";"—"
"188";"2";"—";"300.0";"96 94 100";"10.0";"Участвуете в конкурсе";"1404473";"—"
"189";"2";"—";"300.0";"96 94 100";"10.0";"Участвуете в конкурсе";"1367970";"—"
"190";"1";"—";"300.0";"96 97 97";"10.0";"Участвуете в конкурсе";"1430583";"—"
"191";"2";"—";"300.0";"94 100 96";"10.0";"Участвуете в конкурсе";"1725293";"—"
"192";"6";"—";"300.0";"93 97 100";"10.0";"Участвуете в конкурсе";"1438959";"—"
"193";"4";"—";"300.0";"90 100 100";"10.0";"Участвуете в конкурсе";"1609871";"—"
"194";"3";"—";"299.0";"100 97 99";"3.0";"Участвуете в конкурсе";"1695883";"—"
"195";"6";"Электронное";"299.0";"98 100 98";"3.0";"Участвуете в конкурсе";"1851493";"—"
"196";"9";"—";"299.0";"96 100 100";"3.0";"Участвуете в конкурсе";"2426078";"—"
"197";"2";"—";"299.0";"100 94 100";"5.0";"Участвуете в конкурсе";"2310015";"—"
"198";"1";"—";"299.0";"100 94 100";"5.0";"Участвуете в конкурсе";"1581241";"—"
"199";"1";"—";"299.0";"100 94 100";"5.0";"Участвуете в конкурсе";"1579327";"—"
"200";"4";"Электронное";"299.0";"100 94 100";"5.0";"Участвуете в конкурсе";"1620311";"—"
"201";"3";"—";"299.0";"100 94 100";"5.0";"Участвуете в конкурсе";"1351012";"—"
"202";"1";"—";"299.0";"98 97 99";"5.0";"Участвуете в конкурсе";"1640565";"—"
"203";"5";"—";"299.0";"100 91 100";"8.0";"Участвуете в конкурсе";"1347947";"—"
"204";"1";"—";"299.0";"100 91 100";"8.0";"Участвуете в конкурсе";"1075265";"—"
"205";"3";"—";"299.0";"100 91 100";"8.0";"Участвуете в конкурсе";"1985425";"—"
"206";"2";"Электронное";"299.0";"96 94 100";"9.0";"Участвуете в конкурсе";"2252835";"—"
"207";"5";"—";"299.0";"93 97 100";"9.0";"Участвуете в конкурсе";"2393249";"—"
"208";"3";"Электронное";"299.0";"90 100 100";"9.0";"Участвуете в конкурсе";"2056897";"—"
"209";"5";"—";"299.0";"90 100 100";"9.0";"Участвуете в конкурсе";"1380030";"—"
"210";"3";"—";"299.0";"100 89 100";"10.0";"Участвуете в конкурсе";"1239972";"—"
"211";"3";"—";"299.0";"100 89 100";"10.0";"Участвуете в конкурсе";"1766377";"—"
"212";"2";"Электронное";"299.0";"100 89 100";"10.0";"Участвуете в конкурсе";"1678696";"—"
"213";"1";"—";"299.0";"100 89 100";"10.0";"Участвуете в конкурсе";"1961245";"—"
"214";"3";"—";"299.0";"100 91 98";"10.0";"Участвуете в конкурсе";"1214352";"—"
"215";"1";"Электронное";"299.0";"100 94 95";"10.0";"Участвуете в конкурсе";"1107277";"—"
"216";"1";"Электронное";"299.0";"100 94 95";"10.0";"Участвуете в конкурсе";"1611456";"—"
"217";"1";"—";"299.0";"100 97 92";"10.0";"Участвуете в конкурсе";"1317547";"—"
"218";"2";"—";"299.0";"98 91 100";"10.0";"Участвуете в конкурсе";"1895589";"—"
"219";"1";"—";"299.0";"98 91 100";"10.0";"Участвуете в конкурсе";"1615125";"—"
"220";"4";"—";"299.0";"98 91 100";"10.0";"Участвуете в конкурсе";"1655702";"—"
"221";"2";"Электронное";"299.0";"98 91 100";"10.0";"Участвуете в конкурсе";"1765018";"—"
"222";"3";"—";"299.0";"98 91 100";"10.0";"Участвуете в конкурсе";"1566685";"—"
"223";"3";"—";"299.0";"98 91 100";"10.0";"Участвуете в конкурсе";"1521038";"—"
"224";"1";"—";"299.0";"98 94 97";"10.0";"Участвуете в конкурсе";"1818810";"—"
"225";"2";"—";"299.0";"94 100 95";"10.0";"Участвуете в конкурсе";"1859910";"—"
"226";"3";"—";"298.0";"100 98 100";"—";"Участвуете в конкурсе";"1200463";"—"
"227";"3";"Электронное";"298.0";"98 100 100";"—";"Участвуете в конкурсе";"1897203";"—"
"228";"1";"—";"298.0";"100 97 98";"3.0";"Участвуете в конкурсе";"1072496";"—"
"229";"3";"Электронное";"298.0";"100 100 95";"3.0";"Участвуете в конкурсе";"1072803";"—"
"230";"5";"Электронное";"298.0";"98 97 100";"3.0";"Участвуете в конкурсе";"1956949";"—"
"231";"6";"—";"298.0";"98 97 100";"3.0";"Участвуете в конкурсе";"1190702";"—"
"232";"3";"—";"298.0";"98 97 100";"3.0";"Участвуете в конкурсе";"2093847";"—"
"233";"6";"—";"298.0";"98 97 100";"3.0";"Участвуете в конкурсе";"1575137";"—"
"234";"1";"—";"298.0";"95 100 100";"3.0";"Участвуете в конкурсе";"1441708";"—"
"235";"3";"—";"298.0";"98 97 98";"5.0";"Участвуете в конкурсе";"1386328";"—"
"236";"2";"Электронное";"298.0";"96 97 100";"5.0";"Участвуете в конкурсе";"1429104";"—"
"237";"6";"—";"298.0";"93 100 100";"5.0";"Участвуете в конкурсе";"1472861";"—"
"238";"3";"—";"298.0";"95 97 98";"8.0";"Участвуете в конкурсе";"1952940";"—"
"239";"1";"—";"298.0";"100 89 100";"9.0";"Участвуете в конкурсе";"1171624";"—"
"240";"4";"—";"298.0";"100 89 100";"9.0";"Участвуете в конкурсе";"1168854";"—"
"241";"1";"—";"298.0";"100 89 100";"9.0";"Участвуете в конкурсе";"1219411";"—"
"242";"3";"—";"298.0";"100 89 100";"9.0";"Участвуете в конкурсе";"1790398";"—"
"243";"5";"—";"298.0";"100 89 100";"9.0";"Участвуете в конкурсе";"1415010";"—"
"244";"4";"—";"298.0";"100 89 100";"9.0";"Участвуете в конкурсе";"1433330";"—"
"245";"1";"—";"298.0";"100 94 95";"9.0";"Участвуете в конкурсе";"1852085";"—"
"246";"1";"—";"298.0";"98 91 100";"9.0";"Участвуете в конкурсе";"1611698";"—"
"247";"4";"—";"298.0";"95 94 100";"9.0";"Участвуете в конкурсе";"1426139";"—"
"248";"5";"—";"298.0";"95 94 100";"9.0";"Участвуете в конкурсе";"1508607";"—"
"249";"4";"—";"298.0";"100 89 99";"10.0";"Участвуете в конкурсе";"1200511";"—"
"250";"5";"Электронное";"298.0";"100 94 94";"10.0";"Участвуете в конкурсе";"1495729";"—"
"251";"2";"—";"298.0";"100 94 94";"10.0";"Участвуете в конкурсе";"1177330";"—"
"252";"3";"—";"298.0";"98 94 96";"10.0";"Участвуете в конкурсе";"1622077";"—"
"253";"6";"—";"298.0";"95 94 99";"10.0";"Участвуете в конкурсе";"2035659";"—"
"254";"1";"—";"298.0";"94 94 100";"10.0";"Участвуете в конкурсе";"1291365";"—"
"255";"5";"—";"297.0";"100 97 100";"—";"Участвуете в конкурсе";"1417946";"—"
"256";"2";"—";"297.0";"100 100 97";"—";"Участвуете в конкурсе";"1281272";"—"
"257";"9";"Электронное";"297.0";"100 94 100";"3.0";"Участвуете в конкурсе";"975056";"—"
"258";"1";"—";"297.0";"100 94 100";"3.0";"Участвуете в конкурсе";"1345404";"—"
"259";"3";"—";"297.0";"100 97 97";"3.0";"Участвуете в конкурсе";"1022398";"—"
"260";"2";"—";"297.0";"100 97 97";"3.0";"Участвуете в конкурсе";"1906283";"—"
"261";"4";"Электронное";"297.0";"98 97 99";"3.0";"Участвуете в конкурсе";"1907318";"—"
"262";"2";"—";"297.0";"98 97 99";"3.0";"Участвуете в конкурсе";"1914761";"—"
"263";"1";"—";"297.0";"98 100 96";"3.0";"Участвуете в конкурсе";"1575220";"—"
"264";"1";"—";"297.0";"96 100 98";"3.0";"Участвуете в конкурсе";"1254127";"—"
"265";"3";"Электронное";"297.0";"95 100 99";"3.0";"Участвуете в конкурсе";"1599106";"—"
"266";"2";"—";"297.0";"100 97 95";"5.0";"Участвуете в конкурсе";"1609526";"—"
"267";"2";"—";"297.0";"100 97 95";"5.0";"Участвуете в конкурсе";"1795387";"—"
"268";"7";"—";"297.0";"98 94 100";"5.0";"Участвуете в конкурсе";"1702070";"—"
"269";"2";"—";"297.0";"98 94 100";"5.0";"Участвуете в конкурсе";"2260144";"—"
"270";"5";"Электронное";"297.0";"98 94 100";"5.0";"Участвуете в конкурсе";"2314174";"—"
"271";"3";"—";"297.0";"98 94 100";"5.0";"Участвуете в конкурсе";"1732497";"—"
"272";"5";"Электронное";"297.0";"95 97 100";"5.0";"Участвуете в конкурсе";"1391057";"—"
"273";"4";"—";"297.0";"100 91 100";"6.0";"Участвуете в конкурсе";"2185021";"—"
"274";"2";"—";"297.0";"100 91 98";"8.0";"Участвуете в конкурсе";"1174574";"—"
"275";"1";"—";"297.0";"98 91 100";"8.0";"Участвуете в конкурсе";"1559648";"—"
"276";"1";"Электронное";"297.0";"98 91 100";"8.0";"Участвуете в конкурсе";"1655817";"—"
"277";"3";"—";"297.0";"100 94 94";"9.0";"Участвуете в конкурсе";"1504679";"—"
"278";"3";"—";"297.0";"100 94 94";"9.0";"Участвуете в конкурсе";"1175744";"—"
"279";"5";"Электронное";"297.0";"88 100 100";"9.0";"Участвуете в конкурсе";"1207597";"—"
"280";"3";"—";"297.0";"100 89 98";"10.0";"Участвуете в конкурсе";"1625117";"—"
"281";"2";"Электронное";"297.0";"100 89 98";"10.0";"Участвуете в конкурсе";"1719001";"—"
"282";"4";"—";"297.0";"100 91 96";"10.0";"Участвуете в конкурсе";"1082001";"—"
"283";"1";"—";"297.0";"98 89 100";"10.0";"Участвуете в конкурсе";"1975160";"—"
"284";"2";"—";"297.0";"98 89 100";"10.0";"Участвуете в конкурсе";"1979494";"—"
"285";"4";"Электронное";"297.0";"98 94 95";"10.0";"Участвуете в конкурсе";"1503874";"—"
"286";"2";"—";"297.0";"98 94 95";"10.0";"Участвуете в конкурсе";"1174546";"—"
"287";"5";"—";"297.0";"93 94 100";"10.0";"Участвуете в конкурсе";"1963838";"—"
"288";"2";"—";"297.0";"93 94 100";"10.0";"Участвуете в конкурсе";"1435231";"—"
"289";"4";"—";"296.0";"98 100 98";"—";"Участвуете в конкурсе";"1359860";"—"
"290";"5";"—";"296.0";"100 94 99";"3.0";"Участвуете в конкурсе";"1356277";"—"
"291";"3";"—";"296.0";"100 97 96";"3.0";"Участвуете в конкурсе";"2181404";"—"
"292";"6";"—";"296.0";"100 97 96";"3.0";"Участвуете в конкурсе";"1446051";"—"
"293";"3";"—";"296.0";"94 100 99";"3.0";"Участвуете в конкурсе";"1105994";"—"
"294";"2";"—";"296.0";"100 91 100";"5.0";"Участвуете в конкурсе";"1367768";"—"
"295";"1";"—";"296.0";"100 91 100";"5.0";"Участвуете в конкурсе";"1074449";"—"
"296";"3";"Электронное";"296.0";"100 91 100";"5.0";"Участвуете в конкурсе";"1360464";"—"
"297";"2";"Электронное";"296.0";"100 97 94";"5.0";"Участвуете в конкурсе";"1725185";"—"
"298";"2";"—";"296.0";"98 94 99";"5.0";"Участвуете в конкурсе";"2257155";"—"
"299";"5";"—";"296.0";"98 94 99";"5.0";"Участвуете в конкурсе";"1985772";"—"
"300";"1";"—";"296.0";"100 89 98";"9.0";"Участвуете в конкурсе";"1625411";"—"
"301";"1";"—";"296.0";"98 91 98";"9.0";"Участвуете в конкурсе";"1582277";"—"
"302";"5";"—";"296.0";"98 94 95";"9.0";"Участвуете в конкурсе";"1408739";"—"
"303";"2";"—";"296.0";"98 97 92";"9.0";"Участвуете в конкурсе";"1254653";"—"
"304";"4";"—";"296.0";"93 94 100";"9.0";"Участвуете в конкурсе";"1793522";"—"
"305";"2";"—";"296.0";"90 97 100";"9.0";"Участвуете в конкурсе";"1998696";"—"
"306";"3";"—";"296.0";"100 86 100";"10.0";"Участвуете в конкурсе";"1440313";"—"
"307";"5";"—";"295.0";"100 97 98";"—";"Участвуете в конкурсе";"1286565";"—"
"308";"2";"—";"295.0";"98 97 100";"—";"Участвуете в конкурсе";"1989161";"—"
"309";"5";"Электронное";"295.0";"98 97 100";"—";"Участвуете в конкурсе";"1275427";"—"
"310";"4";"Электронное";"295.0";"97 98 100";"—";"Участвуете в конкурсе";"1621870";"—"
"311";"1";"Электронное";"295.0";"98 97 98";"2.0";"Участвуете в конкурсе";"1177874";"—"
"312";"5";"—";"295.0";"100 94 98";"3.0";"Участвуете в конкурсе";"1622988";"—"
"313";"2";"—";"295.0";"100 94 98";"3.0";"Участвуете в конкурсе";"2088040";"—"
"314";"1";"Электронное";"295.0";"100 97 95";"3.0";"Участвуете в конкурсе";"1364171";"—"
"315";"5";"—";"295.0";"98 94 100";"3.0";"Участвуете в конкурсе";"1282242";"—"
"316";"4";"—";"295.0";"98 94 100";"3.0";"Участвуете в конкурсе";"1334788";"—"
"317";"2";"Электронное";"295.0";"98 94 100";"3.0";"Участвуете в конкурсе";"1713135";"—"
"318";"6";"—";"295.0";"98 94 100";"3.0";"Участвуете в конкурсе";"1633273";"—"
"319";"4";"—";"295.0";"98 94 100";"3.0";"Участвуете в конкурсе";"1428919";"—"
"320";"6";"—";"295.0";"98 97 97";"3.0";"Участвуете в конкурсе";"1570553";"—"
"321";"6";"—";"295.0";"98 97 97";"3.0";"Участвуете в конкурсе";"1352258";"—"
"322";"2";"—";"295.0";"96 100 96";"3.0";"Участвуете в конкурсе";"1624612";"—"
"323";"5";"Электронное";"295.0";"95 97 100";"3.0";"Участвуете в конкурсе";"1975552";"—"
"324";"2";"—";"295.0";"100 91 99";"5.0";"Участвуете в конкурсе";"1912428";"—"
"325";"1";"—";"295.0";"100 91 99";"5.0";"Участвуете в конкурсе";"1639884";"—"
"326";"3";"—";"295.0";"100 94 96";"5.0";"Участвуете в конкурсе";"967373";"—"
"327";"3";"—";"295.0";"98 94 98";"5.0";"Участвуете в конкурсе";"1202951";"—"
"328";"1";"Электронное";"295.0";"98 97 95";"5.0";"Участвуете в конкурсе";"1555783";"—"
"329";"2";"—";"295.0";"90 100 100";"5.0";"Участвуете в конкурсе";"1203361";"—"
"330";"1";"—";"295.0";"100 89 100";"6.0";"Участвуете в конкурсе";"1328177";"—"
"331";"2";"—";"295.0";"100 89 100";"6.0";"Участвуете в конкурсе";"1963452";"—"
"332";"4";"Электронное";"295.0";"100 94 95";"6.0";"Участвуете в конкурсе";"1156917";"—"
"333";"2";"—";"295.0";"100 89 98";"8.0";"Участвуете в конкурсе";"998140";"—"
"334";"4";"Электронное";"295.0";"98 89 100";"8.0";"Участвуете в конкурсе";"1637473";"—"
"335";"2";"—";"295.0";"98 89 100";"8.0";"Участвуете в конкурсе";"1041881";"—"
"336";"1";"—";"295.0";"98 91 98";"8.0";"Участвуете в конкурсе";"1769840";"—"
"337";"2";"—";"295.0";"100 86 100";"9.0";"Участвуете в конкурсе";"1245734";"—"
"338";"1";"—";"295.0";"100 86 100";"9.0";"Участвуете в конкурсе";"1585227";"—"
"339";"3";"—";"295.0";"100 86 100";"9.0";"Участвуете в конкурсе";"1203751";"—"
"340";"1";"—";"295.0";"100 86 100";"9.0";"Участвуете в конкурсе";"1388879";"—"
"341";"5";"—";"295.0";"100 86 100";"9.0";"Участвуете в конкурсе";"942233";"—"
"342";"4";"Электронное";"295.0";"98 89 99";"9.0";"Участвуете в конкурсе";"1184345";"—"
"343";"3";"—";"295.0";"100 89 96";"10.0";"Участвуете в конкурсе";"954840";"—"
"344";"2";"Электронное";"295.0";"98 89 98";"10.0";"Участвуете в конкурсе";"2047416";"—"
"345";"2";"—";"295.0";"98 91 96";"10.0";"Участвуете в конкурсе";"1342346";"—"
"346";"1";"—";"295.0";"96 89 100";"10.0";"Участвуете в конкурсе";"1852437";"—"
"347";"2";"—";"295.0";"96 97 92";"10.0";"Участвуете в конкурсе";"1961300";"—"
"348";"2";"—";"295.0";"94 91 100";"10.0";"Участвуете в конкурсе";"1258928";"—"
"349";"1";"—";"295.0";"94 94 97";"10.0";"Участвуете в конкурсе";"1171088";"—"
"350";"1";"—";"294.0";"100 94 100";"—";"Участвуете в конкурсе";"1980939";"—"
"351";"4";"—";"294.0";"100 94 98";"2.0";"Участвуете в конкурсе";"1784948";"—"
"352";"2";"—";"294.0";"98 94 100";"2.0";"Участвуете в конкурсе";"1063717";"—"
"353";"3";"—";"294.0";"100 91 100";"3.0";"Участвуете в конкурсе";"2105934";"—"
"354";"2";"—";"294.0";"100 91 100";"3.0";"Участвуете в конкурсе";"1650955";"—"
"355";"5";"—";"294.0";"100 91 100";"3.0";"Участвуете в конкурсе";"1517860";"—"
"356";"3";"—";"294.0";"100 91 100";"3.0";"Участвуете в конкурсе";"1362121";"—"
"357";"6";"Электронное";"294.0";"100 94 97";"3.0";"Участвуете в конкурсе";"1730665";"—"
"358";"4";"—";"294.0";"98 94 99";"3.0";"Участвуете в конкурсе";"1202077";"—"
"359";"1";"—";"294.0";"98 94 99";"3.0";"Участвуете в конкурсе";"1787559";"—"
"360";"6";"—";"294.0";"98 94 99";"3.0";"Участвуете в конкурсе";"1760731";"—"
"361";"1";"—";"294.0";"98 97 96";"3.0";"Участвуете в конкурсе";"1200613";"—"
"362";"9";"—";"294.0";"98 97 96";"3.0";"Участвуете в конкурсе";"1511270";"—"
"363";"4";"Электронное";"294.0";"98 97 96";"3.0";"Участвуете в конкурсе";"1855303";"—"
"364";"1";"—";"294.0";"98 97 96";"3.0";"Участвуете в конкурсе";"2012886";"—"
"365";"3";"Электронное";"294.0";"98 97 96";"3.0";"Участвуете в конкурсе";"1383838";"—"
"366";"2";"—";"294.0";"96 97 98";"3.0";"Участвуете в конкурсе";"1880866";"—"
"367";"5";"—";"294.0";"95 97 99";"3.0";"Участвуете в конкурсе";"2050414";"—"
"368";"3";"—";"294.0";"95 100 96";"3.0";"Участвуете в конкурсе";"1355170";"—"
"369";"2";"—";"294.0";"94 97 100";"3.0";"Участвуете в конкурсе";"2053294";"—"
"370";"1";"—";"294.0";"94 100 97";"3.0";"Участвуете в конкурсе";"1299719";"—"
"371";"3";"—";"294.0";"100 91 98";"5.0";"Участвуете в конкурсе";"1716376";"—"
"372";"2";"—";"294.0";"100 91 98";"5.0";"Участвуете в конкурсе";"1993128";"—"
"373";"1";"—";"294.0";"100 94 95";"5.0";"Участвуете в конкурсе";"1785314";"—"
"374";"1";"—";"294.0";"100 94 95";"5.0";"Участвуете в конкурсе";"1880641";"—"
"375";"4";"—";"294.0";"98 91 100";"5.0";"Участвуете в конкурсе";"1547551";"—"
"376";"2";"—";"294.0";"98 91 100";"5.0";"Участвуете в конкурсе";"2033286";"—"
"377";"9";"—";"294.0";"98 91 100";"5.0";"Участвуете в конкурсе";"1911722";"—"
"378";"2";"Электронное";"294.0";"96 94 99";"5.0";"Участвуете в конкурсе";"1898163";"—"
"379";"1";"—";"294.0";"96 97 96";"5.0";"Участвуете в конкурсе";"1370062";"—"
"380";"4";"—";"294.0";"95 94 100";"5.0";"Участвуете в конкурсе";"1554023";"—"
"381";"2";"—";"294.0";"92 100 97";"5.0";"Участвуете в конкурсе";"1619023";"—"
"382";"3";"—";"294.0";"94 94 100";"6.0";"Участвуете в конкурсе";"1794739";"—"
"383";"4";"—";"294.0";"95 97 94";"8.0";"Участвуете в конкурсе";"2222608";"—"
"384";"4";"Электронное";"294.0";"100 86 98";"10.0";"Участвуете в конкурсе";"1429233";"—"
"385";"1";"—";"294.0";"100 86 98";"10.0";"Участвуете в конкурсе";"1445668";"—"
"386";"3";"—";"294.0";"98 86 100";"10.0";"Участвуете в конкурсе";"1995092";"—"
"387";"3";"—";"294.0";"98 94 92";"10.0";"Участвуете в конкурсе";"1351921";"—"
"388";"1";"—";"294.0";"95 97 92";"10.0";"Участвуете в конкурсе";"1333982";"—"
"389";"6";"—";"294.0";"93 91 100";"10.0";"Участвуете в конкурсе";"1335466";"—"
"390";"6";"—";"294.0";"93 94 97";"10.0";"Участвуете в конкурсе";"1193759";"—"
"391";"2";"—";"294.0";"92 97 95";"10.0";"Участвуете в конкурсе";"1552761";"—"
"392";"2";"—";"294.0";"90 94 100";"10.0";"Участвуете в конкурсе";"1318696";"—"
"393";"6";"Электронное";"294.0";"90 94 100";"10.0";"Участвуете в конкурсе";"1192420";"—"
"394";"3";"—";"293.0";"100 94 99";"—";"Участвуете в конкурсе";"1835078";"—"
"395";"4";"—";"293.0";"96 97 100";"—";"Участвуете в конкурсе";"2069431";"—"
"396";"5";"—";"293.0";"93 100 100";"—";"Участвуете в конкурсе";"1723173";"—"
"397";"1";"—";"293.0";"100 91 100";"2.0";"Участвуете в конкурсе";"1333044";"—"
"398";"3";"—";"293.0";"100 91 100";"2.0";"Участвуете в конкурсе";"1180091";"—"
"399";"5";"—";"293.0";"100 91 99";"3.0";"Участвуете в конкурсе";"1625595";"—"
"400";"2";"—";"293.0";"98 94 98";"3.0";"Участвуете в конкурсе";"1947686";"—"
"401";"3";"—";"293.0";"98 94 98";"3.0";"Участвуете в конкурсе";"1785651";"—"
"402";"1";"Электронное";"293.0";"98 97 95";"3.0";"Участвуете в конкурсе";"1781026";"—"
"403";"1";"—";"293.0";"98 97 95";"3.0";"Участвуете в конкурсе";"1074690";"—"
"404";"4";"—";"293.0";"95 97 98";"3.0";"Участвуете в конкурсе";"2232633";"—"
"405";"5";"—";"293.0";"95 97 98";"3.0";"Участвуете в конкурсе";"1331541";"—"
"406";"5";"—";"293.0";"93 97 100";"3.0";"Участвуете в конкурсе";"1982562";"—"
"407";"4";"Электронное";"293.0";"92 100 98";"3.0";"Участвуете в конкурсе";"1548589";"—"
"408";"1";"—";"293.0";"100 89 99";"5.0";"Участвуете в конкурсе";"1041039";"—"
"409";"6";"—";"293.0";"100 91 97";"5.0";"Участвуете в конкурсе";"1602857";"—"
"410";"1";"—";"293.0";"100 91 97";"5.0";"Участвуете в конкурсе";"1558324";"—"
"411";"3";"—";"293.0";"100 94 94";"5.0";"Участвуете в конкурсе";"2224151";"—"
"412";"1";"—";"293.0";"100 94 94";"5.0";"Участвуете в конкурсе";"1414764";"—"
"413";"4";"—";"293.0";"98 91 99";"5.0";"Участвуете в конкурсе";"1975603";"—"
"414";"3";"—";"293.0";"98 91 99";"5.0";"Участвуете в конкурсе";"1128272";"—"
"415";"8";"—";"293.0";"98 94 96";"5.0";"Участвуете в конкурсе";"1436757";"—"
"416";"3";"Электронное";"293.0";"95 97 96";"5.0";"Участвуете в конкурсе";"1326997";"—"
"417";"2";"—";"293.0";"94 97 97";"5.0";"Участвуете в конкурсе";"1288476";"—"
"418";"6";"—";"293.0";"92 100 96";"5.0";"Участвуете в конкурсе";"1514152";"—"
"419";"1";"—";"293.0";"88 100 100";"5.0";"Участвуете в конкурсе";"1498147";"—"
"420";"3";"—";"293.0";"100 89 98";"6.0";"Участвуете в конкурсе";"1653599";"—"
"421";"5";"—";"293.0";"98 89 100";"6.0";"Участвуете в конкурсе";"1506056";"—"
"422";"2";"—";"293.0";"98 91 98";"6.0";"Участвуете в конкурсе";"1443641";"—"
"423";"5";"—";"293.0";"98 94 94";"7.0";"Участвуете в конкурсе";"1655782";"—"
"424";"3";"—";"293.0";"100 86 98";"9.0";"Участвуете в конкурсе";"1444029";"—"
"425";"1";"—";"293.0";"100 89 95";"9.0";"Участвуете в конкурсе";"1282926";"—"
"426";"3";"—";"293.0";"100 83 100";"10.0";"Участвуете в конкурсе";"1899976";"—"
"427";"6";"—";"293.0";"100 89 94";"10.0";"Участвуете в конкурсе";"1606186";"—"
"428";"3";"—";"293.0";"98 89 96";"10.0";"Участвуете в конкурсе";"1729121";"—"
"429";"2";"—";"293.0";"92 97 94";"10.0";"Участвуете в конкурсе";"1627060";"—"
"430";"4";"—";"293.0";"90 97 96";"10.0";"Участвуете в конкурсе";"1855763";"—"
"431";"3";"—";"292.0";"100 94 98";"—";"Участвуете в конкурсе";"1295980";"—"
"432";"4";"Электронное";"292.0";"100 94 98";"—";"Участвуете в конкурсе";"1958025";"—"
"433";"3";"Электронное";"292.0";"100 96 96";"—";"Участвуете в конкурсе";"1565286";"—"
"434";"4";"—";"292.0";"98 97 97";"—";"Участвуете в конкурсе";"2006503";"—"
"435";"1";"Электронное";"292.0";"96 96 100";"—";"Участвуете в конкурсе";"1790561";"—"
"436";"3";"—";"292.0";"95 97 100";"—";"Участвуете в конкурсе";"1147852";"—"
"437";"2";"—";"292.0";"95 97 100";"—";"Участвуете в конкурсе";"2168184";"—"
"438";"4";"Электронное";"292.0";"100 94 96";"2.0";"Участвуете в конкурсе";"1201342";"—"
"439";"5";"Электронное";"292.0";"98 94 98";"2.0";"Участвуете в конкурсе";"1708207";"—"
"440";"5";"—";"292.0";"93 97 100";"2.0";"Участвуете в конкурсе";"2130093";"—"
"441";"2";"—";"292.0";"100 89 100";"3.0";"Участвуете в конкурсе";"1514902";"—"
"442";"3";"—";"292.0";"100 91 98";"3.0";"Участвуете в конкурсе";"1621262";"—"
"443";"1";"—";"292.0";"100 91 98";"3.0";"Участвуете в конкурсе";"1828211";"—"
"444";"4";"—";"292.0";"100 94 95";"3.0";"Участвуете в конкурсе";"978216";"—"
"445";"2";"—";"292.0";"98 91 100";"3.0";"Участвуете в конкурсе";"1778179";"—"
"446";"2";"—";"292.0";"98 91 100";"3.0";"Участвуете в конкурсе";"1096599";"—"
"447";"8";"Электронное";"292.0";"98 94 97";"3.0";"Участвуете в конкурсе";"1497723";"—"
"448";"3";"—";"292.0";"98 94 97";"3.0";"Участвуете в конкурсе";"2099966";"—"
"449";"5";"Электронное";"292.0";"98 94 97";"3.0";"Участвуете в конкурсе";"1962221";"—"
"450";"5";"—";"292.0";"98 94 97";"3.0";"Участвуете в конкурсе";"1181129";"—"
"451";"1";"—";"292.0";"98 97 94";"3.0";"Участвуете в конкурсе";"1699881";"—"
"452";"3";"—";"292.0";"97 93 99";"3.0";"Участвуете в конкурсе";"1098664";"—"
"453";"2";"Электронное";"292.0";"96 97 96";"3.0";"Участвуете в конкурсе";"1515215";"—"
"454";"1";"—";"292.0";"96 97 96";"3.0";"Участвуете в конкурсе";"2211892";"—"
"455";"3";"—";"292.0";"96 97 96";"3.0";"Участвуете в конкурсе";"2034508";"—"
"456";"3";"—";"292.0";"95 94 100";"3.0";"Участвуете в конкурсе";"1692399";"—"
"457";"2";"—";"292.0";"95 94 100";"3.0";"Участвуете в конкурсе";"1342541";"—"
"458";"5";"—";"292.0";"95 94 100";"3.0";"Участвуете в конкурсе";"1988073";"—"
"459";"4";"—";"292.0";"94 97 98";"3.0";"Участвуете в конкурсе";"1847088";"—"
"460";"1";"—";"292.0";"92 97 100";"3.0";"Участвуете в конкурсе";"2315236";"—"
"461";"2";"Электронное";"292.0";"92 100 97";"3.0";"Участвуете в конкурсе";"1064215";"—"
"462";"3";"—";"292.0";"100 89 98";"5.0";"Участвуете в конкурсе";"1278333";"—"
"463";"2";"—";"292.0";"100 89 98";"5.0";"Участвуете в конкурсе";"1991433";"—"
"464";"3";"—";"292.0";"100 91 96";"5.0";"Участвуете в конкурсе";"2025488";"—"
"465";"3";"—";"292.0";"100 91 96";"5.0";"Участвуете в конкурсе";"1321993";"—"
"466";"1";"—";"292.0";"100 91 96";"5.0";"Участвуете в конкурсе";"1889326";"—"
"467";"1";"—";"292.0";"100 91 96";"5.0";"Участвуете в конкурсе";"1912154";"—"
"468";"3";"—";"292.0";"98 89 100";"5.0";"Участвуете в конкурсе";"1364819";"—"
"469";"1";"—";"292.0";"98 89 100";"5.0";"Участвуете в конкурсе";"1506694";"—"
"470";"2";"—";"292.0";"98 91 98";"5.0";"Участвуете в конкурсе";"1704407";"—"
"471";"3";"Электронное";"292.0";"98 94 95";"5.0";"Участвуете в конкурсе";"1603179";"—"
"472";"1";"—";"292.0";"98 94 95";"5.0";"Участвуете в конкурсе";"2158415";"—"
"473";"1";"—";"292.0";"98 94 95";"5.0";"Участвуете в конкурсе";"1599497";"—"
"474";"3";"—";"292.0";"95 94 98";"5.0";"Участвуете в конкурсе";"1184355";"—"
"475";"2";"Электронное";"292.0";"95 100 92";"5.0";"Участвуете в конкурсе";"1310411";"—"
"476";"2";"Электронное";"292.0";"90 100 97";"5.0";"Участвуете в конкурсе";"2270523";"—"
"477";"3";"—";"292.0";"100 89 97";"6.0";"Участвуете в конкурсе";"1181644";"—"
"478";"3";"—";"292.0";"93 94 99";"6.0";"Участвуете в конкурсе";"1752119";"—"
"479";"2";"—";"292.0";"98 86 100";"8.0";"Участвуете в конкурсе";"1181375";"—"
"480";"7";"Электронное";"292.0";"95 91 98";"8.0";"Участвуете в конкурсе";"1175736";"—"
"481";"4";"Электронное";"292.0";"95 94 95";"8.0";"Участвуете в конкурсе";"1641766";"—"
"482";"1";"—";"292.0";"100 83 100";"9.0";"Участвуете в конкурсе";"1040369";"—"
"483";"3";"—";"292.0";"100 83 100";"9.0";"Участвуете в конкурсе";"1313099";"—"
"484";"4";"Электронное";"292.0";"98 86 98";"10.0";"Участвуете в конкурсе";"1947965";"—"
"485";"3";"—";"292.0";"98 89 95";"10.0";"Участвуете в конкурсе";"1266579";"—"
"486";"4";"—";"292.0";"98 89 95";"10.0";"Участвуете в конкурсе";"1442290";"—"
"487";"2";"—";"292.0";"96 86 100";"10.0";"Участвуете в конкурсе";"1430504";"—"
"488";"3";"Электронное";"292.0";"96 91 95";"10.0";"Участвуете в конкурсе";"1604171";"—"
"489";"5";"Электронное";"292.0";"95 97 90";"10.0";"Участвуете в конкурсе";"1603405";"—"
"490";"2";"—";"292.0";"93 91 98";"10.0";"Участвуете в конкурсе";"2112090";"—"
"491";"3";"—";"292.0";"90 97 95";"10.0";"Участвуете в конкурсе";"1485097";"—"
"492";"5";"—";"292.0";"88 94 100";"10.0";"Участвуете в конкурсе";"1354092";"—"
"493";"1";"—";"292.0";"88 100 94";"10.0";"Участвуете в конкурсе";"2137135";"—"
"494";"2";"Электронное";"291.0";"100 91 100";"—";"Участвуете в конкурсе";"1469331";"—"
"495";"1";"—";"291.0";"100 94 97";"—";"Участвуете в конкурсе";"1493404";"—"
"496";"2";"—";"291.0";"100 94 97";"—";"Участвуете в конкурсе";"1311822";"—"
"497";"4";"Электронное";"291.0";"94 97 100";"—";"Участвуете в конкурсе";"1105868";"—"
"498";"4";"—";"291.0";"94 100 97";"—";"Участвуете в конкурсе";"1446328";"—"
"499";"4";"—";"291.0";"98 94 97";"2.0";"Участвуете в конкурсе";"1843188";"—"
"500";"2";"—";"291.0";"98 94 97";"2.0";"Участвуете в конкурсе";"2258296";"—"
"501";"4";"Электронное";"291.0";"95 94 100";"2.0";"Участвуете в конкурсе";"1352939";"—"
"502";"5";"—";"291.0";"100 89 99";"3.0";"Участвуете в конкурсе";"1504522";"—"
"503";"5";"—";"291.0";"100 91 97";"3.0";"Участвуете в конкурсе";"1601349";"—"
"504";"4";"—";"291.0";"100 94 94";"3.0";"Участвуете в конкурсе";"1803278";"—"
"505";"4";"Электронное";"291.0";"98 91 99";"3.0";"Участвуете в конкурсе";"1122299";"—"
"506";"1";"—";"291.0";"98 91 99";"3.0";"Участвуете в конкурсе";"1417573";"—"
"507";"1";"—";"291.0";"98 94 96";"3.0";"Участвуете в конкурсе";"1988304";"—"
"508";"2";"Электронное";"291.0";"98 94 96";"3.0";"Участвуете в конкурсе";"1326849";"—"
"509";"2";"Электронное";"291.0";"96 97 95";"3.0";"Участвуете в конкурсе";"2130166";"—"
"510";"2";"—";"291.0";"96 100 92";"3.0";"Участвуете в конкурсе";"1765336";"—"
"511";"3";"—";"291.0";"94 94 100";"3.0";"Участвуете в конкурсе";"1425323";"—"
"512";"1";"Электронное";"291.0";"92 100 96";"3.0";"Участвуете в конкурсе";"1773539";"—"
"513";"2";"—";"291.0";"100 91 95";"5.0";"Участвуете в конкурсе";"1240658";"—"
"514";"1";"—";"291.0";"98 91 97";"5.0";"Участвуете в конкурсе";"1326551";"—"
"515";"5";"—";"291.0";"98 91 97";"5.0";"Участвуете в конкурсе";"1409986";"—"
"516";"2";"—";"291.0";"98 91 97";"5.0";"Участвуете в конкурсе";"2108955";"—"
"517";"1";"—";"291.0";"98 94 94";"5.0";"Участвуете в конкурсе";"1419458";"—"
"518";"2";"—";"291.0";"96 94 96";"5.0";"Участвуете в конкурсе";"1419622";"—"
"519";"4";"Электронное";"291.0";"95 91 100";"5.0";"Участвуете в конкурсе";"1403574";"—"
"520";"2";"—";"291.0";"95 91 100";"5.0";"Участвуете в конкурсе";"1827785";"—"
"521";"4";"—";"291.0";"95 94 97";"5.0";"Участвуете в конкурсе";"2333339";"—"
"522";"1";"—";"291.0";"100 97 86";"8.0";"Участвуете в конкурсе";"1958859";"—"
"523";"3";"—";"291.0";"95 91 97";"8.0";"Участвуете в конкурсе";"1558593";"—"
"524";"2";"Электронное";"291.0";"100 81 100";"10.0";"Участвуете в конкурсе";"1844992";"—"
"525";"3";"—";"291.0";"100 81 100";"10.0";"Участвуете в конкурсе";"1160090";"—"
"526";"3";"Электронное";"291.0";"100 86 95";"10.0";"Участвуете в конкурсе";"1619095";"—"
"527";"1";"—";"291.0";"100 89 92";"10.0";"Участвуете в конкурсе";"1583697";"—"
"528";"1";"—";"291.0";"98 83 100";"10.0";"Участвуете в конкурсе";"1855943";"—"
"529";"3";"—";"291.0";"98 83 100";"10.0";"Участвуете в конкурсе";"940120";"—"
"530";"4";"—";"291.0";"98 89 94";"10.0";"Участвуете в конкурсе";"1241968";"—"
"531";"2";"—";"291.0";"96 89 96";"10.0";"Участвуете в конкурсе";"1347589";"—"
"532";"4";"Электронное";"291.0";"92 89 100";"10.0";"Участвуете в конкурсе";"1900815";"—"
"533";"5";"Электронное";"291.0";"90 97 94";"10.0";"Участвуете в конкурсе";"2315653";"—"
"534";"4";"Электронное";"290.0";"93 97 100";"—";"Участвуете в конкурсе";"1439824";"—"
"535";"3";"—";"290.0";"100 89 99";"2.0";"Участвуете в конкурсе";"1915393";"—"
"536";"4";"Электронное";"290.0";"100 94 94";"2.0";"Участвуете в конкурсе";"1928200";"—"
"537";"3";"Электронное";"290.0";"100 94 94";"2.0";"Участвуете в конкурсе";"1288646";"—"
"538";"3";"—";"290.0";"93 97 98";"2.0";"Участвуете в конкурсе";"1323046";"—"
"539";"5";"—";"290.0";"100 89 98";"3.0";"Участвуете в конкурсе";"1855473";"—"
"540";"1";"—";"290.0";"100 91 96";"3.0";"Участвуете в конкурсе";"1768000";"—"
"541";"1";"—";"290.0";"100 91 96";"3.0";"Участвуете в конкурсе";"1934966";"—"
"542";"1";"Электронное";"290.0";"100 91 96";"3.0";"Участвуете в конкурсе";"1358374";"—"
"543";"3";"—";"290.0";"100 97 90";"3.0";"Участвуете в конкурсе";"1445663";"—"
"544";"3";"—";"290.0";"98 89 100";"3.0";"Участвуете в конкурсе";"1992455";"—"
"545";"1";"—";"290.0";"98 89 100";"3.0";"Участвуете в конкурсе";"1200473";"—"
"546";"5";"—";"290.0";"98 94 95";"3.0";"Участвуете в конкурсе";"1361856";"—"
"547";"3";"—";"290.0";"98 94 95";"3.0";"Участвуете в конкурсе";"1732856";"—"
"548";"3";"—";"290.0";"98 97 92";"3.0";"Участвуете в конкурсе";"1534466";"—"
"549";"9";"—";"290.0";"98 97 92";"3.0";"Участвуете в конкурсе";"1899881";"—"
"550";"2";"—";"290.0";"98 97 92";"3.0";"Участвуете в конкурсе";"2268897";"—"
"551";"5";"—";"290.0";"93 97 97";"3.0";"Участвуете в конкурсе";"1265226";"—"
"552";"3";"—";"290.0";"100 91 94";"5.0";"Участвуете в конкурсе";"1182781";"—"
"553";"2";"Электронное";"290.0";"100 97 88";"5.0";"Участвуете в конкурсе";"1901484";"—"
"554";"1";"—";"290.0";"98 89 98";"5.0";"Участвуете в конкурсе";"1402226";"—"
"555";"2";"—";"290.0";"98 91 96";"5.0";"Участвуете в конкурсе";"1477548";"—"
"556";"2";"—";"290.0";"96 91 98";"5.0";"Участвуете в конкурсе";"1578955";"—"
"557";"4";"—";"290.0";"96 94 95";"5.0";"Участвуете в конкурсе";"1133665";"—"
"558";"3";"—";"290.0";"96 94 95";"5.0";"Участвуете в конкурсе";"1575912";"—"
"559";"6";"—";"290.0";"95 94 96";"5.0";"Участвуете в конкурсе";"1395380";"—"
"560";"2";"Электронное";"290.0";"90 97 98";"5.0";"Участвуете в конкурсе";"1710568";"—"
"561";"7";"Электронное";"290.0";"88 97 100";"5.0";"Участвуете в конкурсе";"2248403";"—"
"562";"3";"Электронное";"290.0";"95 89 100";"6.0";"Участвуете в конкурсе";"1599565";"—"
"563";"8";"—";"290.0";"95 91 94";"10.0";"Участвуете в конкурсе";"1751599";"—"
"564";"2";"—";"290.0";"94 86 100";"10.0";"Участвуете в конкурсе";"2121557";"—"
"565";"3";"Электронное";"290.0";"93 91 96";"10.0";"Участвуете в конкурсе";"1638550";"—"
"566";"2";"—";"290.0";"92 89 99";"10.0";"Участвуете в конкурсе";"1532242";"—"
"567";"4";"—";"289.0";"100 89 100";"—";"Участвуете в конкурсе";"2287443";"—"
"568";"4";"—";"289.0";"100 89 100";"—";"Участвуете в конкурсе";"1720224";"—"
"569";"4";"—";"289.0";"100 89 100";"—";"Участвуете в конкурсе";"1328314";"—"
"570";"4";"Электронное";"289.0";"100 89 100";"—";"Участвуете в конкурсе";"1344736";"—"
"571";"4";"—";"289.0";"100 91 98";"—";"Участвуете в конкурсе";"1215814";"—"
"572";"4";"—";"289.0";"100 91 98";"—";"Участвуете в конкурсе";"1586970";"—"
"573";"5";"Электронное";"289.0";"92 97 100";"—";"Участвуете в конкурсе";"964654";"—"
"574";"4";"—";"289.0";"98 89 100";"2.0";"Участвуете в конкурсе";"1424353";"—"
"575";"1";"—";"289.0";"98 89 100";"2.0";"Участвуете в конкурсе";"1999135";"—"
"576";"2";"—";"289.0";"96 91 100";"2.0";"Участвуете в конкурсе";"1211238";"—"
"577";"3";"—";"289.0";"94 97 96";"2.0";"Участвуете в конкурсе";"1427550";"—"
"578";"4";"Электронное";"289.0";"88 100 99";"2.0";"Участвуете в конкурсе";"1679277";"—"
"579";"1";"—";"289.0";"100 91 95";"3.0";"Участвуете в конкурсе";"2341449";"—"
"580";"2";"—";"289.0";"100 91 95";"3.0";"Участвуете в конкурсе";"2229023";"—"
"581";"3";"—";"289.0";"100 91 95";"3.0";"Участвуете в конкурсе";"1428802";"—"
"582";"2";"—";"289.0";"100 94 92";"3.0";"Участвуете в конкурсе";"1583964";"—"
"583";"2";"—";"289.0";"98 91 97";"3.0";"Участвуете в конкурсе";"1185486";"—"
"584";"1";"—";"289.0";"98 94 94";"3.0";"Участвуете в конкурсе";"1168990";"—"
"585";"2";"—";"289.0";"98 94 94";"3.0";"Участвуете в конкурсе";"1538348";"—"
"586";"4";"Электронное";"289.0";"95 91 100";"3.0";"Участвуете в конкурсе";"1798824";"—"
"587";"4";"—";"289.0";"95 97 94";"3.0";"Участвуете в конкурсе";"1707049";"—"
"588";"3";"—";"289.0";"94 97 95";"3.0";"Участвуете в конкурсе";"2425148";"—"
"589";"3";"—";"289.0";"93 93 100";"3.0";"Участвуете в конкурсе";"1175146";"—"
"590";"5";"—";"289.0";"93 94 99";"3.0";"Участвуете в конкурсе";"1196844";"—"
"591";"3";"—";"289.0";"98 89 97";"5.0";"Участвуете в конкурсе";"1730184";"—"
"592";"2";"—";"289.0";"98 91 95";"5.0";"Участвуете в конкурсе";"1122523";"—"
"593";"5";"—";"289.0";"98 94 92";"5.0";"Участвуете в конкурсе";"1119976";"—"
"594";"2";"—";"289.0";"93 91 100";"5.0";"Участвуете в конкурсе";"1876869";"—"
"595";"1";"—";"289.0";"93 91 100";"5.0";"Участвуете в конкурсе";"1993912";"—"
"596";"3";"—";"289.0";"93 94 97";"5.0";"Участвуете в конкурсе";"1215673";"—"
"597";"3";"Электронное";"289.0";"94 89 100";"6.0";"Участвуете в конкурсе";"1587000";"—"
"598";"5";"—";"289.0";"100 81 100";"8.0";"Участвуете в конкурсе";"1639844";"—"
"599";"2";"Электронное";"289.0";"94 89 98";"8.0";"Участвуете в конкурсе";"1022704";"—"
"600";"5";"—";"289.0";"100 83 97";"9.0";"Участвуете в конкурсе";"1195752";"—"
"601";"3";"—";"289.0";"94 86 100";"9.0";"Участвуете в конкурсе";"1179893";"—"
"602";"4";"—";"289.0";"98 81 100";"10.0";"Участвуете в конкурсе";"1350561";"—"
"603";"3";"—";"289.0";"98 89 92";"10.0";"Участвуете в конкурсе";"1574163";"—"
"604";"4";"—";"289.0";"96 83 100";"10.0";"Участвуете в конкурсе";"1654089";"—"
"605";"6";"—";"289.0";"93 91 95";"10.0";"Участвуете в конкурсе";"1656020";"—"
"606";"1";"—";"289.0";"83 97 99";"10.0";"Участвуете в конкурсе";"1445822";"—"
"607";"2";"—";"288.0";"98 94 96";"—";"Участвуете в конкурсе";"1364914";"—"
"608";"4";"Электронное";"288.0";"96 97 95";"—";"Участвуете в конкурсе";"1437122";"—"
"609";"1";"—";"288.0";"96 97 95";"—";"Участвуете в конкурсе";"2254042";"—"
"610";"2";"Электронное";"288.0";"93 97 96";"2.0";"Участвуете в конкурсе";"1177069";"—"
"611";"6";"—";"288.0";"100 89 96";"3.0";"Участвуете в конкурсе";"1399276";"—"
"612";"3";"—";"288.0";"100 91 94";"3.0";"Участвуете в конкурсе";"1762859";"—"
"613";"3";"—";"288.0";"100 91 94";"3.0";"Участвуете в конкурсе";"1348157";"—"
"614";"3";"—";"288.0";"100 91 94";"3.0";"Участвуете в конкурсе";"2095396";"—"
"615";"3";"—";"288.0";"98 89 98";"3.0";"Участвуете в конкурсе";"1728824";"—"
"616";"1";"—";"288.0";"98 89 98";"3.0";"Участвуете в конкурсе";"1829024";"—"
"617";"3";"—";"288.0";"98 89 98";"3.0";"Участвуете в конкурсе";"1637116";"—"
"618";"2";"—";"288.0";"98 91 96";"3.0";"Участвуете в конкурсе";"1567561";"—"
"619";"2";"—";"288.0";"98 97 90";"3.0";"Участвуете в конкурсе";"1254559";"—"
"620";"5";"—";"288.0";"96 89 100";"3.0";"Участвуете в конкурсе";"1990576";"—"
"621";"2";"—";"288.0";"96 89 100";"3.0";"Участвуете в конкурсе";"1652966";"—"
"622";"1";"—";"288.0";"96 89 100";"3.0";"Участвуете в конкурсе";"2043598";"—"
"623";"1";"—";"288.0";"96 89 100";"3.0";"Участвуете в конкурсе";"1116054";"—"
"624";"5";"Электронное";"288.0";"96 94 95";"3.0";"Участвуете в конкурсе";"2161739";"—"
"625";"3";"—";"288.0";"95 91 99";"3.0";"Участвуете в конкурсе";"1190274";"—"
"626";"1";"—";"288.0";"95 91 99";"3.0";"Участвуете в конкурсе";"1914236";"—"
"627";"1";"—";"288.0";"95 94 96";"3.0";"Участвуете в конкурсе";"1156076";"—"
"628";"3";"Электронное";"288.0";"94 97 94";"3.0";"Участвуете в конкурсе";"1581320";"—"
"629";"2";"—";"288.0";"93 97 95";"3.0";"Участвуете в конкурсе";"1477400";"—"
"630";"5";"—";"288.0";"93 97 95";"3.0";"Участвуете в конкурсе";"2336673";"—"
"631";"2";"—";"288.0";"100 91 92";"5.0";"Участвуете в конкурсе";"1829102";"—"
"632";"4";"—";"288.0";"100 91 92";"5.0";"Участвуете в конкурсе";"1998527";"—"
"633";"3";"Электронное";"288.0";"100 91 92";"5.0";"Участвуете в конкурсе";"1105441";"—"
"634";"1";"—";"288.0";"98 86 99";"5.0";"Участвуете в конкурсе";"1792632";"—"
"635";"1";"—";"288.0";"96 89 98";"5.0";"Участвуете в конкурсе";"2266577";"—"
"636";"7";"Электронное";"288.0";"96 89 98";"5.0";"Участвуете в конкурсе";"2247536";"—"
"637";"3";"—";"288.0";"95 89 99";"5.0";"Участвуете в конкурсе";"1356146";"—"
"638";"5";"—";"288.0";"95 94 94";"5.0";"Участвуете в конкурсе";"1620686";"—"
"639";"2";"—";"288.0";"94 94 95";"5.0";"Участвуете в конкурсе";"1173052";"—"
"640";"4";"—";"288.0";"94 97 92";"5.0";"Участвуете в конкурсе";"1910904";"—"
"641";"3";"—";"288.0";"90 94 99";"5.0";"Участвуете в конкурсе";"1724405";"—"
"642";"5";"—";"288.0";"90 97 96";"5.0";"Участвуете в конкурсе";"1360434";"—"
"643";"3";"—";"288.0";"100 83 97";"8.0";"Участвуете в конкурсе";"1170796";"—"
"644";"5";"Электронное";"288.0";"98 86 96";"8.0";"Участвуете в конкурсе";"1261022";"—"
"645";"4";"—";"288.0";"98 86 96";"8.0";"Участвуете в конкурсе";"1359831";"—"
"646";"4";"—";"288.0";"93 91 95";"9.0";"Участвуете в конкурсе";"1599302";"—"
"647";"4";"Электронное";"288.0";"82 97 100";"9.0";"Участвуете в конкурсе";"1785241";"—"
"648";"3";"Электронное";"288.0";"100 78 100";"10.0";"Участвуете в конкурсе";"2199115";"—"
"649";"4";"—";"288.0";"100 78 100";"10.0";"Участвуете в конкурсе";"1792525";"—"
"650";"5";"—";"288.0";"95 83 100";"10.0";"Участвуете в конкурсе";"1652950";"—"
"651";"5";"—";"288.0";"93 89 96";"10.0";"Участвуете в конкурсе";"1262362";"—"
"652";"4";"—";"288.0";"92 86 100";"10.0";"Участвуете в конкурсе";"1207490";"—"
"653";"2";"—";"288.0";"92 86 100";"10.0";"Участвуете в конкурсе";"1409748";"—"
"654";"7";"—";"288.0";"90 94 94";"10.0";"Участвуете в конкурсе";"974510";"—"
"655";"4";"Электронное";"287.0";"100 87 100";"—";"Участвуете в конкурсе";"2350303";"—"
"656";"3";"—";"287.0";"100 91 96";"—";"Участвуете в конкурсе";"1909406";"—"
"657";"2";"—";"287.0";"98 89 100";"—";"Участвуете в конкурсе";"1523047";"—"
"658";"2";"—";"287.0";"98 91 98";"—";"Участвуете в конкурсе";"1490666";"—"
"659";"5";"Электронное";"287.0";"96 95 96";"—";"Участвуете в конкурсе";"1367140";"—"
"660";"3";"—";"287.0";"100 86 99";"2.0";"Участвуете в конкурсе";"1131489";"—"
"661";"2";"—";"287.0";"100 86 98";"3.0";"Участвуете в конкурсе";"1043871";"—"
"662";"5";"—";"287.0";"100 89 95";"3.0";"Участвуете в конкурсе";"1197121";"—"
"663";"5";"—";"287.0";"100 89 95";"3.0";"Участвуете в конкурсе";"1281510";"—"
"664";"1";"—";"287.0";"98 86 100";"3.0";"Участвуете в конкурсе";"1445216";"—"
"665";"3";"—";"287.0";"98 86 100";"3.0";"Участвуете в конкурсе";"1205604";"—"
"666";"1";"—";"287.0";"98 89 97";"3.0";"Участвуете в конкурсе";"1366700";"—"
"667";"2";"—";"287.0";"98 91 95";"3.0";"Участвуете в конкурсе";"1955416";"—"
"668";"5";"—";"287.0";"98 91 95";"3.0";"Участвуете в конкурсе";"1601378";"—"
"669";"4";"—";"287.0";"98 94 92";"3.0";"Участвуете в конкурсе";"1517990";"—"
"670";"1";"—";"287.0";"96 94 94";"3.0";"Участвуете в конкурсе";"1364600";"—"
"671";"3";"—";"287.0";"95 89 100";"3.0";"Участвуете в конкурсе";"1552922";"—"
"672";"5";"—";"287.0";"95 91 98";"3.0";"Участвуете в конкурсе";"2099989";"—"
"673";"1";"Электронное";"287.0";"93 91 100";"3.0";"Участвуете в конкурсе";"2363361";"—"
"674";"1";"—";"287.0";"90 100 94";"3.0";"Участвуете в конкурсе";"1425127";"—"
"675";"9";"Электронное";"287.0";"88 97 99";"3.0";"Участвуете в конкурсе";"1770550";"—"
"676";"3";"Электронное";"287.0";"100 83 99";"5.0";"Участвуете в конкурсе";"1983938";"—"
"677";"3";"—";"287.0";"100 86 96";"5.0";"Участвуете в конкурсе";"1351819";"—"
"678";"3";"—";"287.0";"100 86 96";"5.0";"Участвуете в конкурсе";"1599330";"—"
"679";"13";"—";"287.0";"100 94 88";"5.0";"Участвуете в конкурсе";"1140703";"—"
"680";"1";"—";"287.0";"98 86 98";"5.0";"Участвуете в конкурсе";"2052979";"—"
"681";"1";"—";"287.0";"98 89 95";"5.0";"Участвуете в конкурсе";"1956402";"—"
"682";"1";"—";"287.0";"98 94 90";"5.0";"Участвуете в конкурсе";"1196634";"—"
"683";"2";"—";"287.0";"96 89 97";"5.0";"Участвуете в конкурсе";"1184951";"—"
"684";"2";"—";"287.0";"96 91 95";"5.0";"Участвуете в конкурсе";"1787705";"—"
"685";"1";"—";"287.0";"93 89 100";"5.0";"Участвуете в конкурсе";"1514245";"—"
"686";"2";"—";"287.0";"92 91 99";"5.0";"Участвуете в конкурсе";"1543573";"—"
"687";"1";"—";"287.0";"100 81 100";"6.0";"Участвуете в конкурсе";"991692";"—"
"688";"1";"—";"287.0";"100 86 95";"6.0";"Участвуете в конкурсе";"1096147";"—"
"689";"1";"—";"287.0";"98 83 100";"6.0";"Участвуете в конкурсе";"1634114";"—"
"690";"4";"—";"287.0";"98 81 100";"8.0";"Участвуете в конкурсе";"2096115";"—"
"691";"4";"—";"287.0";"98 91 90";"8.0";"Участвуете в конкурсе";"1819874";"—"
"692";"4";"—";"287.0";"100 78 100";"9.0";"Участвуете в конкурсе";"2143239";"—"
"693";"1";"—";"287.0";"100 86 92";"9.0";"Участвуете в конкурсе";"1515337";"—"
"694";"3";"—";"287.0";"96 86 96";"9.0";"Участвуете в конкурсе";"1345287";"—"
"695";"1";"—";"287.0";"83 94 100";"10.0";"Участвуете в конкурсе";"1881575";"—"
"696";"2";"—";"286.0";"100 91 95";"—";"Участвуете в конкурсе";"2097415";"—"
"697";"2";"—";"286.0";"100 94 92";"—";"Участвуете в конкурсе";"1350406";"—"
"698";"2";"—";"286.0";"98 89 99";"—";"Участвуете в конкурсе";"1797351";"—"
"699";"3";"—";"286.0";"98 91 97";"—";"Участвуете в конкурсе";"1312585";"—"
"700";"4";"—";"286.0";"94 94 98";"—";"Участвуете в конкурсе";"1414278";"—"
"701";"3";"Электронное";"286.0";"90 97 99";"—";"Участвуете в конкурсе";"1204558";"—"
"702";"4";"Электронное";"286.0";"90 100 96";"—";"Участвуете в конкурсе";"2240884";"—"
"703";"4";"—";"286.0";"88 100 98";"—";"Участвуете в конкурсе";"2343902";"—"
"704";"1";"—";"286.0";"100 86 98";"2.0";"Участвуете в конкурсе";"1519503";"—"
"705";"2";"—";"286.0";"100 89 95";"2.0";"Участвуете в конкурсе";"1354935";"—"
"706";"4";"—";"286.0";"100 83 100";"3.0";"Участвуете в конкурсе";"2255896";"—"
"707";"1";"—";"286.0";"100 89 94";"3.0";"Участвуете в конкурсе";"1389410";"—"
"708";"10";"—";"286.0";"100 89 94";"3.0";"Участвуете в конкурсе";"2134514";"—"
"709";"3";"—";"286.0";"98 89 96";"3.0";"Участвуете в конкурсе";"1618451";"—"
"710";"4";"—";"286.0";"98 91 94";"3.0";"Участвуете в конкурсе";"1362882";"—"
"711";"1";"—";"286.0";"98 91 94";"3.0";"Участвуете в конкурсе";"1985181";"—"
"712";"2";"—";"286.0";"96 91 96";"3.0";"Участвуете в конкурсе";"1631796";"—"
"713";"2";"—";"286.0";"96 91 96";"3.0";"Участвуете в конкурсе";"1514052";"—"
"714";"1";"—";"286.0";"94 89 100";"3.0";"Участвуете в конкурсе";"1713923";"—"
"715";"2";"—";"286.0";"94 94 95";"3.0";"Участвуете в конкурсе";"2130008";"—"
"716";"6";"—";"286.0";"93 91 99";"3.0";"Участвуете в конкурсе";"1650935";"—"
"717";"5";"—";"286.0";"92 91 100";"3.0";"Участвуете в конкурсе";"1415585";"—"
"718";"2";"—";"286.0";"90 97 96";"3.0";"Участвуете в конкурсе";"1651511";"—"
"719";"4";"Электронное";"286.0";"100 81 100";"5.0";"Участвуете в конкурсе";"1535558";"—"
"720";"1";"—";"286.0";"100 91 90";"5.0";"Участвуете в конкурсе";"1291121";"—"
"721";"3";"—";"286.0";"98 83 100";"5.0";"Участвуете в конкурсе";"1693326";"—"
"722";"3";"—";"286.0";"98 86 97";"5.0";"Участвуете в конкурсе";"1646815";"—"
"723";"1";"—";"286.0";"98 89 94";"5.0";"Участвуете в конкурсе";"1361969";"—"
"724";"2";"—";"286.0";"95 86 100";"5.0";"Участвуете в конкурсе";"1356298";"—"
"725";"5";"Электронное";"286.0";"95 91 95";"5.0";"Участвуете в конкурсе";"1633760";"—"
"726";"3";"—";"286.0";"94 97 90";"5.0";"Участвуете в конкурсе";"1636935";"—"
"727";"2";"—";"286.0";"92 89 100";"5.0";"Участвуете в конкурсе";"1424091";"—"
"728";"6";"—";"286.0";"90 91 100";"5.0";"Участвуете в конкурсе";"2274647";"—"
"729";"6";"Электронное";"286.0";"90 91 100";"5.0";"Участвуете в конкурсе";"2043367";"—"
"730";"3";"—";"286.0";"88 94 99";"5.0";"Участвуете в конкурсе";"1434337";"—"
"731";"4";"—";"286.0";"100 81 96";"9.0";"Участвуете в конкурсе";"1438943";"—"
"732";"3";"—";"286.0";"96 89 92";"9.0";"Участвуете в конкурсе";"1383288";"—"
"733";"4";"—";"286.0";"94 83 100";"9.0";"Участвуете в конкурсе";"1077277";"—"
"734";"6";"—";"286.0";"88 89 100";"9.0";"Участвуете в конкурсе";"1168397";"—"
"735";"2";"—";"286.0";"80 97 100";"9.0";"Участвуете в конкурсе";"1641604";"—"
"736";"2";"—";"285.0";"100 86 99";"—";"Участвуете в конкурсе";"1207229";"—"
"737";"5";"—";"285.0";"100 89 96";"—";"Участвуете в конкурсе";"1202435";"—"
"738";"4";"—";"285.0";"100 89 96";"—";"Участвуете в конкурсе";"1041297";"—"
"739";"2";"—";"285.0";"100 89 96";"—";"Участвуете в конкурсе";"1334964";"—"
"740";"2";"—";"285.0";"100 91 94";"—";"Участвуете в конкурсе";"1215907";"—"
"741";"2";"—";"285.0";"98 89 98";"—";"Участвуете в конкурсе";"1024074";"—"
"742";"5";"—";"285.0";"98 91 96";"—";"Участвуете в конкурсе";"1510973";"—"
"743";"2";"—";"285.0";"96 89 100";"—";"Участвуете в конкурсе";"1092328";"—"
"744";"3";"—";"285.0";"96 89 100";"—";"Участвуете в конкурсе";"1361578";"—"
"745";"3";"—";"285.0";"94 97 94";"—";"Участвуете в конкурсе";"1697791";"—"
"746";"5";"—";"285.0";"100 89 94";"2.0";"Участвуете в конкурсе";"1346850";"—"
"747";"5";"—";"285.0";"100 89 94";"2.0";"Участвуете в конкурсе";"1395772";"—"
"748";"3";"Электронное";"285.0";"98 91 94";"2.0";"Участвуете в конкурсе";"2128923";"—"
"749";"4";"—";"285.0";"95 91 97";"2.0";"Участвуете в конкурсе";"1292162";"—"
"750";"4";"—";"285.0";"94 89 100";"2.0";"Участвуете в конкурсе";"1940159";"—"
"751";"3";"—";"285.0";"93 94 96";"2.0";"Участвуете в конкурсе";"1441403";"—"
"752";"3";"—";"285.0";"100 86 96";"3.0";"Участвуете в конкурсе";"1779711";"—"
"753";"4";"—";"285.0";"100 86 96";"3.0";"Участвуете в конкурсе";"1442563";"—"
"754";"5";"Электронное";"285.0";"100 86 96";"3.0";"Участвуете в конкурсе";"2393348";"—"
"755";"1";"—";"285.0";"100 94 88";"3.0";"Участвуете в конкурсе";"2085910";"—"
"756";"8";"Электронное";"285.0";"99 91 92";"3.0";"Участвуете в конкурсе";"1726106";"—"
"757";"4";"—";"285.0";"98 89 95";"3.0";"Участвуете в конкурсе";"1520822";"—"
"758";"3";"Электронное";"285.0";"98 94 90";"3.0";"Участвуете в конкурсе";"1610485";"—"
"759";"1";"—";"285.0";"98 94 90";"3.0";"Участвуете в конкурсе";"1746066";"—"
"760";"4";"—";"285.0";"96 89 97";"3.0";"Участвуете в конкурсе";"1107050";"—"
"761";"4";"—";"285.0";"96 89 97";"3.0";"Участвуете в конкурсе";"1983283";"—"
"762";"1";"Электронное";"285.0";"96 94 92";"3.0";"Участвуете в конкурсе";"1711537";"—"
"763";"5";"—";"285.0";"94 89 99";"3.0";"Участвуете в конкурсе";"1582049";"—"
"764";"1";"Электронное";"285.0";"94 91 97";"3.0";"Участвуете в конкурсе";"1172302";"—"
"765";"5";"—";"285.0";"94 94 94";"3.0";"Участвуете в конкурсе";"1656211";"—"
"766";"1";"Электронное";"285.0";"94 94 94";"3.0";"Участвуете в конкурсе";"1539983";"—"
"767";"3";"—";"285.0";"93 94 95";"3.0";"Участвуете в конкурсе";"2096338";"—"
"768";"5";"—";"285.0";"93 97 92";"3.0";"Участвуете в конкурсе";"1633909";"—"
"769";"2";"—";"285.0";"100 83 97";"5.0";"Участвуете в конкурсе";"1956730";"—"
"770";"1";"—";"285.0";"98 86 96";"5.0";"Участвуете в конкурсе";"1366067";"—"
"771";"2";"Электронное";"285.0";"98 86 96";"5.0";"Участвуете в конкурсе";"1429756";"—"
"772";"2";"—";"285.0";"96 89 95";"5.0";"Участвуете в конкурсе";"1537008";"—"
"773";"4";"Электронное";"285.0";"94 86 100";"5.0";"Участвуете в конкурсе";"1941655";"—"
"774";"1";"—";"285.0";"94 89 97";"5.0";"Участвуете в конкурсе";"1647722";"—"
"775";"3";"—";"285.0";"98 81 100";"6.0";"Участвуете в конкурсе";"1351252";"—"
"776";"3";"—";"285.0";"96 83 100";"6.0";"Участвуете в конкурсе";"1058034";"—"
"777";"3";"—";"285.0";"90 89 100";"6.0";"Участвуете в конкурсе";"1955721";"—"
"778";"4";"Электронное";"285.0";"100 83 92";"10.0";"Участвуете в конкурсе";"1157041";"—"
"779";"2";"—";"285.0";"96 89 90";"10.0";"Участвуете в конкурсе";"1243607";"—"
"780";"2";"—";"285.0";"88 91 96";"10.0";"Участвуете в конкурсе";"1622179";"—"
"781";"1";"—";"284.0";"100 86 98";"—";"Участвуете в конкурсе";"1906425";"—"
"782";"2";"—";"284.0";"100 89 95";"—";"Участвуете в конкурсе";"1205514";"—"
"783";"2";"Электронное";"284.0";"98 86 100";"—";"Участвуете в конкурсе";"1842579";"—"
"784";"4";"Электронное";"284.0";"98 89 97";"—";"Участвуете в конкурсе";"1707490";"—"
"785";"3";"—";"284.0";"98 89 97";"—";"Участвуете в конкурсе";"1176943";"—"
"786";"5";"—";"284.0";"98 91 95";"—";"Участвуете в конкурсе";"1497398";"—"
"787";"1";"—";"284.0";"98 94 92";"—";"Участвуете в конкурсе";"1518528";"—"
"788";"2";"—";"284.0";"96 89 99";"—";"Участвуете в конкурсе";"1442089";"—"
"789";"5";"Электронное";"284.0";"96 91 97";"—";"Участвуете в конкурсе";"1215960";"—"
"790";"3";"—";"284.0";"96 94 94";"—";"Участвуете в конкурсе";"1331104";"—"
"791";"2";"—";"284.0";"93 91 100";"—";"Участвуете в конкурсе";"1754673";"—"
"792";"4";"—";"284.0";"90 94 100";"—";"Участвуете в конкурсе";"1963033";"—"
"793";"5";"Электронное";"284.0";"100 86 96";"2.0";"Участвуете в конкурсе";"1958628";"—"
"794";"2";"—";"284.0";"93 89 100";"2.0";"Участвуете в конкурсе";"2314492";"—"
"795";"4";"—";"284.0";"100 81 100";"3.0";"Участвуете в конкурсе";"1349678";"—"
"796";"1";"—";"284.0";"100 81 100";"3.0";"Участвуете в конкурсе";"1572882";"—"
"797";"4";"—";"284.0";"100 89 92";"3.0";"Участвуете в конкурсе";"1431881";"—"
"798";"4";"Электронное";"284.0";"100 89 92";"3.0";"Участвуете в конкурсе";"1584451";"—"
"799";"3";"—";"284.0";"98 91 92";"3.0";"Участвуете в конкурсе";"1778208";"—"
"800";"2";"—";"284.0";"96 86 99";"3.0";"Участвуете в конкурсе";"1331444";"—"
"801";"3";"—";"284.0";"95 86 100";"3.0";"Участвуете в конкурсе";"1851468";"—"
"802";"5";"—";"284.0";"95 91 95";"3.0";"Участвуете в конкурсе";"1655101";"—"
"803";"3";"—";"284.0";"95 91 95";"3.0";"Участвуете в конкурсе";"1444794";"—"
"804";"3";"—";"284.0";"95 94 92";"3.0";"Участвуете в конкурсе";"1798586";"—"
"805";"1";"Электронное";"284.0";"93 94 94";"3.0";"Участвуете в конкурсе";"2043769";"—"
"806";"3";"—";"284.0";"92 89 100";"3.0";"Участвуете в конкурсе";"1509649";"—"
"807";"5";"—";"284.0";"88 94 99";"3.0";"Участвуете в конкурсе";"1465451";"—"
"808";"1";"—";"284.0";"100 91 88";"5.0";"Участвуете в конкурсе";"1197105";"—"
"809";"5";"Электронное";"284.0";"98 86 95";"5.0";"Участвуете в конкурсе";"2208672";"—"
"810";"2";"—";"284.0";"98 89 92";"5.0";"Участвуете в конкурсе";"1247932";"—"
"811";"2";"—";"284.0";"98 91 90";"5.0";"Участвуете в конкурсе";"1392146";"—"
"812";"4";"—";"284.0";"96 89 94";"5.0";"Участвуете в конкурсе";"2005661";"—"
"813";"1";"—";"284.0";"96 91 92";"5.0";"Участвуете в конкурсе";"1999654";"—"
"814";"1";"—";"284.0";"96 91 92";"5.0";"Участвуете в конкурсе";"1623390";"—"
"815";"1";"Электронное";"284.0";"94 89 96";"5.0";"Участвуете в конкурсе";"1291311";"—"
"816";"2";"—";"284.0";"94 91 94";"5.0";"Участвуете в конкурсе";"1040066";"—"
"817";"2";"—";"284.0";"94 91 94";"5.0";"Участвуете в конкурсе";"2053306";"—"
"818";"1";"—";"284.0";"94 91 94";"5.0";"Участвуете в конкурсе";"1096716";"—"
"819";"4";"—";"284.0";"93 86 100";"5.0";"Участвуете в конкурсе";"1780528";"—"
"820";"6";"Электронное";"284.0";"93 91 95";"5.0";"Участвуете в конкурсе";"1961442";"—"
"821";"8";"—";"284.0";"90 94 95";"5.0";"Участвуете в конкурсе";"1610805";"—"
"822";"3";"—";"284.0";"88 91 100";"5.0";"Участвуете в конкурсе";"1646763";"—"
"823";"1";"—";"284.0";"100 83 95";"6.0";"Участвуете в конкурсе";"1063060";"—"
"824";"5";"—";"284.0";"92 86 100";"6.0";"Участвуете в конкурсе";"1288337";"—"
"825";"3";"—";"284.0";"88 94 94";"8.0";"Участвуете в конкурсе";"1853778";"—"
"826";"3";"—";"284.0";"100 75 100";"9.0";"Участвуете в конкурсе";"1914466";"—"
"827";"2";"—";"284.0";"94 83 98";"9.0";"Участвуете в конкурсе";"1600986";"—"
"828";"3";"—";"284.0";"90 97 88";"9.0";"Участвуете в конкурсе";"1252676";"—"
"829";"4";"—";"284.0";"93 86 95";"10.0";"Участвуете в конкурсе";"2185326";"—"
"830";"2";"—";"283.0";"100 91 92";"—";"Участвуете в конкурсе";"1898922";"—"
"831";"2";"—";"283.0";"100 91 92";"—";"Участвуете в конкурсе";"1281574";"—"
"832";"4";"—";"283.0";"96 97 90";"—";"Участвуете в конкурсе";"1626962";"—"
"833";"4";"Электронное";"283.0";"100 89 92";"2.0";"Участвуете в конкурсе";"1774973";"—"
"834";"4";"—";"283.0";"98 83 100";"2.0";"Участвуете в конкурсе";"2224799";"—"
"835";"3";"Электронное";"283.0";"95 86 100";"2.0";"Участвуете в конкурсе";"1781380";"—"
"836";"5";"—";"283.0";"95 91 95";"2.0";"Участвуете в конкурсе";"1207297";"—"
"837";"2";"—";"283.0";"95 94 92";"2.0";"Участвуете в конкурсе";"1203083";"—"
"838";"4";"—";"283.0";"100 86 94";"3.0";"Участвуете в конкурсе";"1608197";"—"
"839";"1";"Электронное";"283.0";"100 94 86";"3.0";"Участвуете в конкурсе";"1446701";"—"
"840";"2";"—";"283.0";"96 89 95";"3.0";"Участвуете в конкурсе";"1174908";"—"
"841";"1";"—";"283.0";"96 89 95";"3.0";"Участвуете в конкурсе";"1986832";"—"
"842";"1";"Электронное";"283.0";"96 94 90";"3.0";"Участвуете в конкурсе";"1707284";"—"
"843";"9";"—";"283.0";"95 91 94";"3.0";"Участвуете в конкурсе";"1634057";"—"
"844";"3";"Электронное";"283.0";"95 97 88";"3.0";"Участвуете в конкурсе";"1706819";"—"
"845";"2";"—";"283.0";"94 86 100";"3.0";"Участвуете в конкурсе";"2251760";"—"
"846";"4";"—";"283.0";"94 89 97";"3.0";"Участвуете в конкурсе";"1758210";"—"
"847";"4";"—";"283.0";"94 91 95";"3.0";"Участвуете в конкурсе";"1442986";"—"
"848";"6";"—";"283.0";"94 91 95";"3.0";"Участвуете в конкурсе";"1559828";"—"
"849";"5";"Электронное";"283.0";"100 83 95";"5.0";"Участвуете в конкурсе";"1794223";"—"
"850";"1";"—";"283.0";"100 94 84";"5.0";"Участвуете в конкурсе";"1782799";"—"
"851";"8";"—";"283.0";"98 83 97";"5.0";"Участвуете в конкурсе";"2052080";"—"
"852";"6";"—";"283.0";"98 86 94";"5.0";"Участвуете в конкурсе";"1819178";"—"
"853";"4";"—";"283.0";"96 94 88";"5.0";"Участвуете в конкурсе";"1336573";"—"
"854";"2";"—";"283.0";"95 91 92";"5.0";"Участвуете в конкурсе";"1536028";"—"
"855";"5";"—";"283.0";"94 89 95";"5.0";"Участвуете в конкурсе";"958267";"—"
"856";"4";"—";"283.0";"93 93 92";"5.0";"Участвуете в конкурсе";"1196486";"—"
"857";"2";"—";"283.0";"92 86 100";"5.0";"Участвуете в конкурсе";"1356797";"—"
"858";"3";"—";"283.0";"92 94 92";"5.0";"Участвуете в конкурсе";"1174585";"—"
"859";"3";"—";"283.0";"92 94 92";"5.0";"Участвуете в конкурсе";"1488409";"—"
"860";"1";"—";"283.0";"88 89 100";"6.0";"Участвуете в конкурсе";"2070027";"—"
"861";"3";"Электронное";"283.0";"100 83 92";"8.0";"Участвуете в конкурсе";"1263754";"—"
"862";"3";"Электронное";"283.0";"90 91 94";"8.0";"Участвуете в конкурсе";"1781341";"—"
"863";"1";"—";"283.0";"90 97 88";"8.0";"Участвуете в конкурсе";"1511945";"—"
"864";"2";"—";"283.0";"100 86 88";"9.0";"Участвуете в конкурсе";"1616112";"—"
"865";"3";"Электронное";"283.0";"98 91 84";"10.0";"Участвуете в конкурсе";"1205646";"—"
"866";"2";"Электронное";"283.0";"90 83 100";"10.0";"Участвуете в конкурсе";"1479111";"—"
"867";"1";"Электронное";"283.0";"90 86 97";"10.0";"Участвуете в конкурсе";"2000228";"—"
"868";"4";"—";"283.0";"88 91 94";"10.0";"Участвуете в конкурсе";"2044273";"—"
"869";"6";"—";"282.0";"98 86 98";"—";"Участвуете в конкурсе";"1204240";"—"
"870";"7";"—";"282.0";"98 89 95";"—";"Участвуете в конкурсе";"2308783";"—"
"871";"4";"—";"282.0";"98 89 95";"—";"Участвуете в конкурсе";"1252746";"—"
"872";"9";"—";"282.0";"90 100 92";"—";"Участвуете в конкурсе";"1912903";"—"
"873";"3";"Электронное";"282.0";"100 86 94";"2.0";"Участвуете в конкурсе";"1352535";"—"
"874";"4";"—";"282.0";"98 94 88";"2.0";"Участвуете в конкурсе";"1083048";"—"
"875";"2";"—";"282.0";"96 86 98";"2.0";"Участвуете в конкурсе";"1001694";"—"
"876";"4";"—";"282.0";"90 94 96";"2.0";"Участвуете в конкурсе";"968969";"—"
"877";"1";"—";"282.0";"100 81 98";"3.0";"Участвуете в конкурсе";"1178600";"—"
"878";"1";"—";"282.0";"100 83 96";"3.0";"Участвуете в конкурсе";"1423388";"—"
"879";"1";"—";"282.0";"100 89 90";"3.0";"Участвуете в конкурсе";"1565639";"—"
"880";"4";"—";"282.0";"100 91 88";"3.0";"Участвуете в конкурсе";"1197790";"—"
"881";"4";"—";"282.0";"100 91 88";"3.0";"Участвуете в конкурсе";"1319215";"—"
"882";"4";"—";"282.0";"98 81 100";"3.0";"Участвуете в конкурсе";"1562992";"—"
"883";"2";"—";"282.0";"98 89 92";"3.0";"Участвуете в конкурсе";"1281343";"—"
"884";"3";"—";"282.0";"96 86 97";"3.0";"Участвуете в конкурсе";"1437083";"—"
"885";"4";"—";"282.0";"96 89 94";"3.0";"Участвуете в конкурсе";"1778292";"—"
"886";"4";"—";"282.0";"95 86 98";"3.0";"Участвуете в конкурсе";"1530766";"—"
"887";"1";"—";"282.0";"92 91 96";"3.0";"Участвуете в конкурсе";"1705935";"—"
"888";"1";"Электронное";"282.0";"92 97 90";"3.0";"Участвуете в конкурсе";"1215076";"—"
"889";"4";"—";"282.0";"90 91 98";"3.0";"Участвуете в конкурсе";"2221956";"—"
"890";"2";"—";"282.0";"90 97 92";"3.0";"Участвуете в конкурсе";"2004923";"—"
"891";"4";"—";"282.0";"100 91 86";"5.0";"Участвуете в конкурсе";"1257559";"—"
"892";"4";"—";"282.0";"98 91 88";"5.0";"Участвуете в конкурсе";"1415546";"—"
"893";"2";"—";"282.0";"96 91 90";"5.0";"Участвуете в конкурсе";"1364866";"—"
"894";"3";"—";"282.0";"94 86 97";"5.0";"Участвуете в конкурсе";"1695430";"—"
"895";"5";"—";"282.0";"88 97 92";"5.0";"Участвуете в конкурсе";"1413692";"—"
"896";"4";"—";"282.0";"84 97 96";"5.0";"Участвуете в конкурсе";"1003260";"—"
"897";"2";"—";"282.0";"98 78 100";"6.0";"Участвуете в конкурсе";"1619086";"—"
"898";"1";"—";"282.0";"90 86 100";"6.0";"Участвуете в конкурсе";"1292437";"—"
"899";"3";"—";"282.0";"100 78 96";"8.0";"Участвуете в конкурсе";"1201177";"—"
"900";"7";"—";"282.0";"93 86 95";"8.0";"Участвуете в конкурсе";"1519187";"—"
"901";"1";"—";"282.0";"100 73 100";"9.0";"Участвуете в конкурсе";"1722672";"—"
"902";"2";"—";"282.0";"98 83 92";"9.0";"Участвуете в конкурсе";"1244881";"—"
"903";"3";"—";"282.0";"96 83 94";"9.0";"Участвуете в конкурсе";"2038347";"—"
"904";"5";"—";"282.0";"100 78 94";"10.0";"Участвуете в конкурсе";"2049645";"—"
"905";"4";"—";"282.0";"100 86 86";"10.0";"Участвуете в конкурсе";"2040994";"—"
"906";"1";"—";"282.0";"94 94 84";"10.0";"Участвуете в конкурсе";"1191316";"—"
"907";"5";"—";"281.0";"100 89 92";"—";"Участвуете в конкурсе";"1407200";"—"
"908";"1";"—";"281.0";"100 91 90";"—";"Участвуете в конкурсе";"1107089";"—"
"909";"4";"—";"281.0";"98 83 100";"—";"Участвуете в конкурсе";"2220980";"—"
"910";"3";"—";"281.0";"98 86 97";"—";"Участвуете в конкурсе";"1088927";"—"
"911";"4";"—";"281.0";"98 89 94";"—";"Участвуете в конкурсе";"1158589";"—"
"912";"3";"—";"281.0";"98 89 94";"—";"Участвуете в конкурсе";"1026170";"—"
"913";"4";"—";"281.0";"96 91 94";"—";"Участвуете в конкурсе";"1132251";"—"
"914";"4";"—";"281.0";"96 91 94";"—";"Участвуете в конкурсе";"2122283";"—"
"915";"3";"—";"281.0";"96 97 88";"—";"Участвуете в конкурсе";"1833182";"—"
"916";"3";"—";"281.0";"95 89 97";"—";"Участвуете в конкурсе";"1983910";"—"
"917";"4";"—";"281.0";"93 94 94";"—";"Участвуете в конкурсе";"1655469";"—"
"918";"5";"—";"281.0";"93 94 94";"—";"Участвуете в конкурсе";"2174145";"—"
"919";"3";"—";"281.0";"92 89 100";"—";"Участвуете в конкурсе";"1198210";"—"
"920";"4";"—";"281.0";"90 91 100";"—";"Участвуете в конкурсе";"1150032";"—"
"921";"2";"—";"281.0";"90 91 100";"—";"Участвуете в конкурсе";"1348930";"—"
"922";"2";"—";"281.0";"88 94 99";"—";"Участвуете в конкурсе";"1178039";"—"
"923";"4";"—";"281.0";"88 97 96";"—";"Участвуете в конкурсе";"1405565";"—"
"924";"2";"—";"281.0";"98 86 95";"2.0";"Участвуете в конкурсе";"2312347";"—"
"925";"5";"—";"281.0";"98 86 95";"2.0";"Участвуете в конкурсе";"1444380";"—"
"926";"3";"—";"281.0";"94 89 96";"2.0";"Участвуете в конкурсе";"2314350";"—"
"927";"5";"—";"281.0";"90 97 92";"2.0";"Участвуете в конкурсе";"1415733";"—"
"928";"3";"—";"281.0";"100 81 97";"3.0";"Участвуете в конкурсе";"1743909";"—"
"929";"1";"—";"281.0";"100 83 95";"3.0";"Участвуете в конкурсе";"1978736";"—"
"930";"1";"—";"281.0";"100 94 84";"3.0";"Участвуете в конкурсе";"1506243";"—"
"931";"2";"—";"281.0";"100 94 84";"3.0";"Участвуете в конкурсе";"1150068";"—"
"932";"3";"—";"281.0";"98 83 97";"3.0";"Участвуете в конкурсе";"1208738";"—"
"933";"3";"—";"281.0";"98 83 97";"3.0";"Участвуете в конкурсе";"1718527";"—"
"934";"3";"—";"281.0";"98 83 97";"3.0";"Участвуете в конкурсе";"2136976";"—"
"935";"3";"—";"281.0";"98 86 94";"3.0";"Участвуете в конкурсе";"1843610";"—"
"936";"4";"Электронное";"281.0";"98 86 94";"3.0";"Участвуете в конкурсе";"1437133";"—"
"937";"5";"—";"281.0";"98 86 94";"3.0";"Участвуете в конкурсе";"2254975";"—"
"938";"3";"—";"281.0";"96 86 96";"3.0";"Участвуете в конкурсе";"1518502";"—"
"939";"2";"—";"281.0";"96 86 96";"3.0";"Участвуете в конкурсе";"1490693";"—"
"940";"3";"—";"281.0";"96 100 82";"3.0";"Участвуете в конкурсе";"1900170";"—"
"941";"2";"—";"281.0";"95 89 94";"3.0";"Участвуете в конкурсе";"1331488";"—"
"942";"3";"—";"281.0";"94 100 84";"3.0";"Участвуете в конкурсе";"1037616";"—"
"943";"4";"—";"281.0";"93 89 96";"3.0";"Участвуете в конкурсе";"1550190";"—"
"944";"2";"—";"281.0";"90 89 99";"3.0";"Участвуете в конкурсе";"1237363";"—"
"945";"9";"Электронное";"281.0";"90 89 99";"3.0";"Участвуете в конкурсе";"1646923";"—"
"946";"2";"—";"281.0";"90 91 97";"3.0";"Участвуете в конкурсе";"1530850";"—"
"947";"7";"—";"281.0";"98 81 97";"5.0";"Участвуете в конкурсе";"2370896";"—"
"948";"2";"—";"281.0";"96 83 97";"5.0";"Участвуете в конкурсе";"1705552";"—"
"949";"4";"—";"281.0";"95 86 95";"5.0";"Участвуете в конкурсе";"1611233";"—"
"950";"1";"—";"281.0";"92 86 98";"5.0";"Участвуете в конкурсе";"1619832";"—"
"951";"3";"—";"281.0";"88 89 99";"5.0";"Участвуете в конкурсе";"1715743";"—"
"952";"5";"Электронное";"281.0";"85 97 94";"5.0";"Участвуете в конкурсе";"1624529";"—"
"953";"2";"—";"281.0";"100 78 97";"6.0";"Участвуете в конкурсе";"2122362";"—"
"954";"5";"Электронное";"281.0";"90 91 92";"8.0";"Участвуете в конкурсе";"1242861";"—"
"955";"3";"—";"281.0";"78 94 100";"9.0";"Участвуете в конкурсе";"1423417";"—"
"956";"4";"—";"281.0";"72 100 100";"9.0";"Участвуете в конкурсе";"1177853";"—"
"957";"4";"—";"281.0";"100 81 90";"10.0";"Участвуете в конкурсе";"2000866";"—"
"958";"6";"—";"281.0";"93 78 100";"10.0";"Участвуете в конкурсе";"2169501";"—"
"959";"5";"—";"280.0";"100 83 97";"—";"Участвуете в конкурсе";"1855428";"—"
"960";"5";"—";"280.0";"98 86 96";"—";"Участвуете в конкурсе";"1615565";"—"
"961";"2";"—";"280.0";"96 86 98";"—";"Участвуете в конкурсе";"1846112";"—"
"962";"4";"—";"280.0";"96 89 95";"—";"Участвуете в конкурсе";"1480743";"—"
"963";"1";"—";"280.0";"96 94 90";"—";"Участвуете в конкурсе";"1983098";"—"
"964";"1";"—";"280.0";"94 91 95";"—";"Участвуете в конкурсе";"1907930";"—"
"965";"3";"—";"280.0";"92 91 97";"—";"Участвуете в конкурсе";"1282348";"—"
"966";"4";"—";"280.0";"90 91 99";"—";"Участвуете в конкурсе";"2259249";"—"
"967";"1";"—";"280.0";"98 83 97";"2.0";"Участвуете в конкурсе";"1512611";"—"
"968";"2";"—";"280.0";"98 86 94";"2.0";"Участвуете в конкурсе";"1437697";"—"
"969";"3";"—";"280.0";"96 83 99";"2.0";"Участвуете в конкурсе";"1339414";"—"
"970";"5";"—";"280.0";"100 83 94";"3.0";"Участвуете в конкурсе";"1730724";"—"
"971";"1";"Электронное";"280.0";"100 89 88";"3.0";"Участвуете в конкурсе";"1213110";"—"
"972";"3";"—";"280.0";"98 83 96";"3.0";"Участвуете в конкурсе";"1093386";"—"
"973";"3";"—";"280.0";"98 89 90";"3.0";"Участвуете в конкурсе";"2178746";"—"
"974";"3";"Электронное";"280.0";"96 91 90";"3.0";"Участвуете в конкурсе";"2309786";"—"
"975";"3";"—";"280.0";"94 91 92";"3.0";"Участвуете в конкурсе";"1442031";"—"
"976";"4";"—";"280.0";"92 91 94";"3.0";"Участвуете в конкурсе";"1712733";"—"
"977";"2";"Электронное";"280.0";"90 91 96";"3.0";"Участвуете в конкурсе";"1848689";"—"
"978";"4";"Электронное";"280.0";"90 97 90";"3.0";"Участвуете в конкурсе";"1615432";"—"
"979";"3";"—";"280.0";"88 89 100";"3.0";"Участвуете в конкурсе";"1561044";"—"
"980";"4";"—";"280.0";"86 91 100";"3.0";"Участвуете в конкурсе";"1515955";"—"
"981";"3";"—";"280.0";"86 97 94";"3.0";"Участвуете в конкурсе";"1625355";"—"
"982";"5";"—";"280.0";"100 83 92";"5.0";"Участвуете в конкурсе";"1639150";"—"
"983";"1";"—";"280.0";"100 83 92";"5.0";"Участвуете в конкурсе";"1177787";"—"
"984";"1";"—";"280.0";"100 83 92";"5.0";"Участвуете в конкурсе";"1180537";"—"
"985";"2";"—";"280.0";"98 89 88";"5.0";"Участвуете в конкурсе";"1245236";"—"
"986";"1";"—";"280.0";"96 89 90";"5.0";"Участвуете в конкурсе";"1185957";"—"
"987";"3";"Электронное";"280.0";"95 86 94";"5.0";"Участвуете в конкурсе";"1529622";"—"
"988";"4";"—";"280.0";"92 89 94";"5.0";"Участвуете в конкурсе";"1338650";"—"
"989";"2";"—";"280.0";"83 94 98";"5.0";"Участвуете в конкурсе";"1407974";"—"
"990";"4";"—";"280.0";"96 78 100";"6.0";"Участвуете в конкурсе";"1123035";"—"
"991";"3";"Электронное";"280.0";"88 86 100";"6.0";"Участвуете в конкурсе";"1699093";"—"
"992";"3";"—";"280.0";"85 89 100";"6.0";"Участвуете в конкурсе";"1727893";"—"
"993";"5";"—";"280.0";"100 75 97";"8.0";"Участвуете в конкурсе";"1621555";"—"
"994";"4";"Электронное";"280.0";"82 89 100";"9.0";"Участвуете в конкурсе";"1367082";"—"
"995";"3";"Электронное";"280.0";"100 73 97";"10.0";"Участвуете в конкурсе";"1194205";"—"
"996";"5";"Электронное";"280.0";"100 73 97";"10.0";"Участвуете в конкурсе";"1290696";"—"
"997";"3";"Электронное";"280.0";"100 75 95";"10.0";"Участвуете в конкурсе";"1043591";"—"
"998";"3";"—";"280.0";"100 78 92";"10.0";"Участвуете в конкурсе";"1518262";"—"
"999";"6";"—";"280.0";"94 81 95";"10.0";"Участвуете в конкурсе";"1254667";"—"
"1000";"3";"Электронное";"279.0";"100 91 88";"—";"Участвуете в конкурсе";"1167971";"—"
"1001";"5";"Электронное";"279.0";"98 81 100";"—";"Участвуете в конкурсе";"2179972";"—"
"1002";"1";"—";"279.0";"98 86 95";"—";"Участвуете в конкурсе";"1441493";"—"
"1003";"4";"—";"279.0";"98 91 90";"—";"Участвуете в конкурсе";"2101327";"—"
"1004";"6";"—";"279.0";"98 91 90";"—";"Участвуете в конкурсе";"1263885";"—"
"1005";"1";"—";"279.0";"96 86 97";"—";"Участвуете в конкурсе";"1622014";"—"
"1006";"3";"—";"279.0";"96 89 94";"—";"Участвуете в конкурсе";"1262020";"—"
"1007";"3";"—";"279.0";"94 91 94";"—";"Участвуете в конкурсе";"1059972";"—"
"1008";"2";"Электронное";"279.0";"93 86 100";"—";"Участвуете в конкурсе";"1288256";"—"
"1009";"4";"—";"279.0";"88 97 94";"—";"Участвуете в конкурсе";"1327732";"—"
"1010";"4";"—";"279.0";"96 89 92";"2.0";"Участвуете в конкурсе";"1549247";"—"
"1011";"1";"—";"279.0";"96 91 90";"2.0";"Участвуете в конкурсе";"984285";"—"
"1012";"3";"—";"279.0";"88 89 100";"2.0";"Участвуете в конкурсе";"2207543";"—"
"1013";"1";"—";"279.0";"88 89 100";"2.0";"Участвуете в конкурсе";"1214575";"—"
"1014";"2";"—";"279.0";"98 83 95";"3.0";"Участвуете в конкурсе";"1570338";"—"
"1015";"1";"—";"279.0";"98 86 92";"3.0";"Участвуете в конкурсе";"1580947";"—"
"1016";"5";"—";"279.0";"96 83 97";"3.0";"Участвуете в конкурсе";"1847314";"—"
"1017";"4";"—";"279.0";"96 86 94";"3.0";"Участвуете в конкурсе";"1758918";"—"
"1018";"1";"—";"279.0";"96 94 86";"3.0";"Участвуете в конкурсе";"2076581";"—"
"1019";"4";"Электронное";"279.0";"95 81 100";"3.0";"Участвуете в конкурсе";"1198929";"—"
"1020";"3";"—";"279.0";"94 86 96";"3.0";"Участвуете в конкурсе";"2201376";"—"
"1021";"3";"—";"279.0";"93 83 100";"3.0";"Участвуете в конкурсе";"1908598";"—"
"1022";"3";"—";"279.0";"93 86 97";"3.0";"Участвуете в конкурсе";"2182568";"—"
"1023";"1";"—";"279.0";"93 97 86";"3.0";"Участвуете в конкурсе";"1500028";"—"
"1024";"1";"—";"279.0";"90 86 100";"3.0";"Участвуете в конкурсе";"1643026";"—"
"1025";"3";"—";"279.0";"90 86 100";"3.0";"Участвуете в конкурсе";"1584202";"—"
"1026";"5";"—";"279.0";"88 91 97";"3.0";"Участвуете в конкурсе";"1192188";"—"
"1027";"3";"—";"279.0";"88 94 94";"3.0";"Участвуете в конкурсе";"1487828";"—"
"1028";"6";"—";"279.0";"88 94 94";"3.0";"Участвуете в конкурсе";"1273088";"—"
"1029";"5";"—";"279.0";"85 91 100";"3.0";"Участвуете в конкурсе";"988345";"—"
"1030";"1";"—";"279.0";"96 83 95";"5.0";"Участвуете в конкурсе";"1671356";"—"
"1031";"2";"—";"279.0";"95 81 98";"5.0";"Участвуете в конкурсе";"1606569";"—"
"1032";"2";"—";"279.0";"94 86 94";"5.0";"Участвуете в конкурсе";"1092359";"—"
"1033";"3";"—";"279.0";"93 91 90";"5.0";"Участвуете в конкурсе";"1562309";"—"
"1034";"4";"Электронное";"279.0";"92 94 88";"5.0";"Участвуете в конкурсе";"1626355";"—"
"1035";"2";"—";"279.0";"88 91 95";"5.0";"Участвуете в конкурсе";"1413116";"—"
"1036";"3";"—";"279.0";"94 78 100";"7.0";"Участвуете в конкурсе";"1633769";"—"
"1037";"3";"—";"279.0";"98 72 100";"9.0";"Участвуете в конкурсе";"1132781";"—"
"1038";"1";"—";"279.0";"94 81 95";"9.0";"Участвуете в конкурсе";"1981580";"—"
"1039";"1";"—";"279.0";"100 81 88";"10.0";"Участвуете в конкурсе";"954405";"—"
"1040";"5";"Электронное";"279.0";"94 89 86";"10.0";"Участвуете в конкурсе";"1620910";"—"
"1041";"2";"Электронное";"279.0";"93 86 90";"10.0";"Участвуете в конкурсе";"1196912";"—"
"1042";"2";"—";"278.0";"100 78 100";"—";"Участвуете в конкурсе";"1424302";"—"
"1043";"2";"—";"278.0";"98 83 97";"—";"Участвуете в конкурсе";"2003420";"—"
"1044";"3";"—";"278.0";"98 86 94";"—";"Участвуете в конкурсе";"1131884";"—"
"1045";"4";"Электронное";"278.0";"93 86 99";"—";"Участвуете в конкурсе";"1182430";"—"
"1046";"1";"—";"278.0";"92 91 95";"—";"Участвуете в конкурсе";"1105684";"—"
"1047";"4";"—";"278.0";"88 94 96";"—";"Участвуете в конкурсе";"1340187";"—"
"1048";"3";"—";"278.0";"100 81 95";"2.0";"Участвуете в конкурсе";"1307452";"—"
"1049";"7";"Электронное";"278.0";"93 86 97";"2.0";"Участвуете в конкурсе";"1181705";"—"
"1050";"1";"—";"278.0";"100 75 100";"3.0";"Участвуете в конкурсе";"2253924";"—"
"1051";"3";"—";"278.0";"100 89 86";"3.0";"Участвуете в конкурсе";"1881418";"—"
"1052";"4";"—";"278.0";"100 91 84";"3.0";"Участвуете в конкурсе";"1359087";"—"
"1053";"2";"—";"278.0";"96 83 96";"3.0";"Участвуете в конкурсе";"1725242";"—"
"1054";"6";"—";"278.0";"96 89 90";"3.0";"Участвуете в конкурсе";"1255788";"—"
"1055";"4";"—";"278.0";"94 91 90";"3.0";"Участвуете в конкурсе";"1652603";"—"
"1056";"1";"Электронное";"278.0";"94 91 90";"3.0";"Участвуете в конкурсе";"946380";"—"
"1057";"3";"—";"278.0";"92 83 100";"3.0";"Участвуете в конкурсе";"1260813";"—"
"1058";"4";"—";"278.0";"90 97 88";"3.0";"Участвуете в конкурсе";"2181685";"—"
"1059";"1";"—";"278.0";"88 91 96";"3.0";"Участвуете в конкурсе";"1909498";"—"
"1060";"2";"—";"278.0";"88 97 90";"3.0";"Участвуете в конкурсе";"1630394";"—"
"1061";"4";"—";"278.0";"80 100 95";"3.0";"Участвуете в конкурсе";"1570268";"—"
"1062";"2";"—";"278.0";"96 89 88";"5.0";"Участвуете в конкурсе";"1871738";"—"
"1063";"2";"—";"278.0";"94 97 82";"5.0";"Участвуете в конкурсе";"1188466";"—"
"1064";"2";"—";"278.0";"100 78 94";"6.0";"Участвуете в конкурсе";"2220232";"—"
"1065";"3";"—";"278.0";"88 89 95";"6.0";"Участвуете в конкурсе";"1682945";"—"
"1066";"2";"—";"278.0";"93 89 88";"8.0";"Участвуете в конкурсе";"1853089";"—"
"1067";"5";"—";"278.0";"93 91 86";"8.0";"Участвуете в конкурсе";"1988757";"—"
"1068";"1";"—";"278.0";"92 81 96";"9.0";"Участвуете в конкурсе";"2075913";"—"
"1069";"1";"—";"278.0";"80 89 100";"9.0";"Участвуете в конкурсе";"1341909";"—"
"1070";"3";"—";"278.0";"75 94 100";"9.0";"Участвуете в конкурсе";"1602723";"—"
"1071";"2";"—";"278.0";"100 73 95";"10.0";"Участвуете в конкурсе";"1782149";"—"
"1072";"2";"—";"278.0";"100 78 90";"10.0";"Участвуете в конкурсе";"1471778";"—"
"1073";"4";"—";"277.0";"100 87 90";"—";"Участвуете в конкурсе";"1912300";"—"
"1074";"2";"—";"277.0";"100 91 86";"—";"Участвуете в конкурсе";"2174544";"—"
"1075";"4";"—";"277.0";"94 83 100";"—";"Участвуете в конкурсе";"2004992";"—"
"1076";"2";"—";"277.0";"94 87 96";"—";"Участвуете в конкурсе";"1490533";"—"
"1077";"5";"—";"277.0";"93 86 98";"—";"Участвуете в конкурсе";"1682834";"—"
"1078";"3";"—";"277.0";"88 89 100";"—";"Участвуете в конкурсе";"1174861";"—"
"1079";"1";"—";"277.0";"88 97 92";"—";"Участвуете в конкурсе";"1259697";"—"
"1080";"3";"—";"277.0";"86 91 100";"—";"Участвуете в конкурсе";"2218315";"—"
"1081";"2";"—";"277.0";"92 86 97";"2.0";"Участвуете в конкурсе";"1166551";"—"
"1082";"1";"—";"277.0";"92 91 92";"2.0";"Участвуете в конкурсе";"1729816";"—"
"1083";"9";"Электронное";"277.0";"88 89 98";"2.0";"Участвуете в конкурсе";"1576243";"—"
"1084";"4";"—";"277.0";"98 86 90";"3.0";"Участвуете в конкурсе";"1351098";"—"
"1085";"4";"—";"277.0";"93 89 92";"3.0";"Участвуете в конкурсе";"2315605";"—"
"1086";"1";"—";"277.0";"84 94 96";"3.0";"Участвуете в конкурсе";"1025650";"—"
"1087";"2";"—";"277.0";"98 78 96";"5.0";"Участвуете в конкурсе";"1884174";"—"
"1088";"1";"—";"277.0";"98 86 88";"5.0";"Участвуете в конкурсе";"1290916";"—"
"1089";"3";"—";"277.0";"93 83 96";"5.0";"Участвуете в конкурсе";"1329894";"—"
"1090";"2";"—";"277.0";"92 81 99";"5.0";"Участвуете в конкурсе";"1124559";"—"
"1091";"6";"—";"277.0";"90 86 96";"5.0";"Участвуете в конкурсе";"2285867";"—"
"1092";"3";"—";"277.0";"85 91 96";"5.0";"Участвуете в конкурсе";"989705";"—"
"1093";"6";"—";"277.0";"83 89 100";"5.0";"Участвуете в конкурсе";"1339054";"—"
"1094";"3";"—";"277.0";"100 75 96";"6.0";"Участвуете в конкурсе";"1578989";"—"
"1095";"4";"—";"277.0";"96 81 92";"8.0";"Участвуете в конкурсе";"2217364";"—"
"1096";"4";"—";"277.0";"86 86 97";"8.0";"Участвуете в конкурсе";"1906800";"—"
"1097";"6";"Электронное";"277.0";"100 81 86";"10.0";"Участвуете в конкурсе";"1787172";"—"
"1098";"1";"—";"277.0";"92 81 94";"10.0";"Участвуете в конкурсе";"1169474";"—"
"1099";"9";"—";"277.0";"80 91 96";"10.0";"Участвуете в конкурсе";"1909882";"—"
"1100";"4";"—";"276.0";"98 78 100";"—";"Участвуете в конкурсе";"1503528";"—"
"1101";"3";"—";"276.0";"98 86 92";"—";"Участвуете в конкурсе";"1168552";"—"
"1102";"1";"—";"276.0";"95 83 98";"—";"Участвуете в конкурсе";"1271890";"—"
"1103";"3";"—";"276.0";"95 86 95";"—";"Участвуете в конкурсе";"1832987";"—"
"1104";"3";"—";"276.0";"95 89 92";"—";"Участвуете в конкурсе";"2223237";"—"
"1105";"1";"—";"276.0";"89 87 100";"—";"Участвуете в конкурсе";"1021970";"—"
"1106";"2";"—";"276.0";"88 89 99";"—";"Участвуете в конкурсе";"1346184";"—"
"1107";"2";"—";"276.0";"85 94 97";"—";"Участвуете в конкурсе";"1776051";"—"
"1108";"3";"Электронное";"276.0";"98 86 90";"2.0";"Участвуете в конкурсе";"2329646";"—"
"1109";"3";"—";"276.0";"93 86 95";"2.0";"Участвуете в конкурсе";"2057172";"—"
"1110";"1";"—";"276.0";"92 83 99";"2.0";"Участвуете в конкурсе";"2268232";"—"
"1111";"3";"—";"276.0";"88 86 100";"2.0";"Участвуете в конкурсе";"2373150";"—"
"1112";"3";"—";"276.0";"85 89 100";"2.0";"Участвуете в конкурсе";"1158073";"—"
"1113";"2";"—";"276.0";"98 83 92";"3.0";"Участвуете в конкурсе";"1958078";"—"
"1114";"4";"—";"276.0";"98 89 86";"3.0";"Участвуете в конкурсе";"1166417";"—"
"1115";"4";"—";"276.0";"98 89 86";"3.0";"Участвуете в конкурсе";"2255081";"—"
"1116";"2";"—";"276.0";"96 83 94";"3.0";"Участвуете в конкурсе";"1768378";"—"
"1117";"3";"—";"276.0";"96 91 86";"3.0";"Участвуете в конкурсе";"1653204";"—"
"1118";"3";"—";"276.0";"94 89 90";"3.0";"Участвуете в конкурсе";"1105427";"—"
"1119";"3";"—";"276.0";"93 81 99";"3.0";"Участвуете в конкурсе";"1482855";"—"
"1120";"3";"—";"276.0";"92 83 98";"3.0";"Участвуете в конкурсе";"1839523";"—"
"1121";"4";"Электронное";"276.0";"90 83 100";"3.0";"Участвуете в конкурсе";"1755244";"—"
"1122";"3";"—";"276.0";"90 83 100";"3.0";"Участвуете в конкурсе";"1855602";"—"
"1123";"6";"—";"276.0";"88 91 94";"3.0";"Участвуете в конкурсе";"1187127";"—"
"1124";"2";"—";"276.0";"86 91 96";"3.0";"Участвуете в конкурсе";"1260590";"—"
"1125";"2";"—";"276.0";"85 91 97";"3.0";"Участвуете в конкурсе";"1845448";"—"
"1126";"1";"—";"276.0";"83 94 96";"3.0";"Участвуете в конкурсе";"1355964";"—"
"1127";"1";"—";"276.0";"82 94 97";"3.0";"Участвуете в конкурсе";"1530830";"—"
"1128";"5";"Электронное";"276.0";"100 75 96";"5.0";"Участвуете в конкурсе";"1364581";"—"
"1129";"1";"—";"276.0";"94 83 94";"5.0";"Участвуете в конкурсе";"1361705";"—"
"1130";"3";"—";"276.0";"83 94 94";"5.0";"Участвуете в конкурсе";"1182189";"—"
"1131";"4";"—";"276.0";"100 78 88";"10.0";"Участвуете в конкурсе";"2013712";"—"
"1132";"4";"—";"276.0";"90 81 95";"10.0";"Участвуете в конкурсе";"1855752";"—"
"1133";"13";"—";"275.0";"100 89 86";"—";"Участвуете в конкурсе";"2255610";"—"
"1134";"4";"—";"275.0";"98 83 94";"—";"Участвуете в конкурсе";"952574";"—"
"1135";"4";"—";"275.0";"96 91 88";"—";"Участвуете в конкурсе";"1284601";"—"
"1136";"1";"—";"275.0";"77 100 98";"—";"Участвуете в конкурсе";"2056033";"—"
"1137";"8";"—";"275.0";"90 89 94";"2.0";"Участвуете в конкурсе";"1472335";"—"
"1138";"2";"—";"275.0";"98 78 96";"3.0";"Участвуете в конкурсе";"2003306";"—"
"1139";"3";"—";"275.0";"98 86 88";"3.0";"Участвуете в конкурсе";"1477109";"—"
"1140";"4";"—";"275.0";"98 86 88";"3.0";"Участвуете в конкурсе";"1354859";"—"
"1141";"2";"—";"275.0";"96 81 95";"3.0";"Участвуете в конкурсе";"1798690";"—"
"1142";"5";"—";"275.0";"96 86 90";"3.0";"Участвуете в конкурсе";"1278953";"—"
"1143";"5";"—";"275.0";"92 94 86";"3.0";"Участвуете в конкурсе";"1268022";"—"
"1144";"1";"—";"275.0";"90 86 96";"3.0";"Участвуете в конкурсе";"1556890";"—"
"1145";"6";"—";"275.0";"83 97 92";"3.0";"Участвуете в конкурсе";"1486872";"—"
"1146";"2";"—";"275.0";"92 83 95";"5.0";"Участвуете в конкурсе";"2205485";"—"
"1147";"4";"—";"275.0";"85 97 88";"5.0";"Участвуете в конкурсе";"1522580";"—"
"1148";"3";"—";"275.0";"88 89 90";"8.0";"Участвуете в конкурсе";"1285742";"—"
"1149";"1";"—";"275.0";"84 86 97";"8.0";"Участвуете в конкурсе";"2236437";"—"
"1150";"4";"Электронное";"275.0";"88 83 94";"10.0";"Участвуете в конкурсе";"1933178";"—"
"1151";"4";"—";"274.0";"100 78 96";"—";"Участвуете в конкурсе";"1221572";"—"
"1152";"1";"—";"274.0";"98 81 95";"—";"Участвуете в конкурсе";"1414168";"—"
"1153";"2";"—";"274.0";"96 94 84";"—";"Участвуете в конкурсе";"981779";"—"
"1154";"5";"—";"274.0";"95 89 90";"—";"Участвуете в конкурсе";"1180007";"—"
"1155";"4";"—";"274.0";"93 83 98";"—";"Участвуете в конкурсе";"996854";"—"
"1156";"4";"—";"274.0";"93 93 88";"—";"Участвуете в конкурсе";"1289372";"—"
"1157";"5";"—";"274.0";"90 89 95";"—";"Участвуете в конкурсе";"2197828";"—"
"1158";"4";"—";"274.0";"85 91 98";"—";"Участвуете в конкурсе";"1244290";"—"
"1159";"3";"—";"274.0";"83 91 100";"—";"Участвуете в конкурсе";"1437242";"—"
"1160";"1";"—";"274.0";"83 92 99";"—";"Участвуете в конкурсе";"2053657";"—"
"1161";"1";"—";"274.0";"100 72 100";"2.0";"Участвуете в конкурсе";"1463618";"—"
"1162";"1";"—";"274.0";"100 81 90";"3.0";"Участвуете в конкурсе";"2052175";"—"
"1163";"2";"—";"274.0";"98 81 92";"3.0";"Участвуете в конкурсе";"1648242";"—"
"1164";"2";"—";"274.0";"96 78 97";"3.0";"Участвуете в конкурсе";"1321717";"—"
"1165";"7";"—";"274.0";"95 86 90";"3.0";"Участвуете в конкурсе";"2263361";"—"
"1166";"1";"Электронное";"274.0";"94 81 96";"3.0";"Участвуете в конкурсе";"946381";"—"
"1167";"5";"—";"274.0";"94 81 96";"3.0";"Участвуете в конкурсе";"1261511";"—"
"1168";"2";"—";"274.0";"90 81 100";"3.0";"Участвуете в конкурсе";"2101227";"—"
"1169";"2";"Электронное";"274.0";"90 89 92";"3.0";"Участвуете в конкурсе";"1708015";"—"
"1170";"3";"—";"274.0";"90 91 90";"3.0";"Участвуете в конкурсе";"1438369";"—"
"1171";"6";"—";"274.0";"88 86 97";"3.0";"Участвуете в конкурсе";"2225972";"—"
"1172";"3";"—";"274.0";"88 86 97";"3.0";"Участвуете в конкурсе";"1565486";"—"
"1173";"1";"—";"274.0";"88 89 94";"3.0";"Участвуете в конкурсе";"1982887";"—"
"1174";"6";"—";"274.0";"88 91 92";"3.0";"Участвуете в конкурсе";"1198763";"—"
"1175";"2";"Электронное";"274.0";"94 89 86";"5.0";"Участвуете в конкурсе";"2269474";"—"
"1176";"5";"—";"274.0";"90 89 90";"5.0";"Участвуете в конкурсе";"1042077";"—"
"1177";"5";"—";"274.0";"90 91 88";"5.0";"Участвуете в конкурсе";"1721749";"—"
"1178";"2";"—";"274.0";"88 83 98";"5.0";"Участвуете в конкурсе";"1859626";"—"
"1179";"8";"—";"274.0";"85 86 98";"5.0";"Участвуете в конкурсе";"1341631";"—"
"1180";"2";"Электронное";"274.0";"100 78 90";"6.0";"Участвуете в конкурсе";"1348673";"—"
"1181";"2";"—";"274.0";"98 70 100";"6.0";"Участвуете в конкурсе";"1431118";"—"
"1182";"2";"—";"274.0";"86 83 99";"6.0";"Участвуете в конкурсе";"1397733";"—"
"1183";"1";"—";"274.0";"90 86 90";"8.0";"Участвуете в конкурсе";"1249509";"—"
"1184";"3";"Электронное";"274.0";"90 75 100";"9.0";"Участвуете в конкурсе";"2142393";"—"
"1185";"2";"—";"274.0";"88 78 98";"10.0";"Участвуете в конкурсе";"1639375";"—"
"1186";"3";"Электронное";"273.0";"96 83 94";"—";"Участвуете в конкурсе";"2006435";"—"
"1187";"3";"—";"273.0";"96 91 86";"—";"Участвуете в конкурсе";"2033117";"—"
"1188";"2";"—";"273.0";"95 83 95";"—";"Участвуете в конкурсе";"1988861";"—"
"1189";"2";"—";"273.0";"95 86 92";"—";"Участвуете в конкурсе";"2094336";"—"
"1190";"3";"—";"273.0";"93 86 94";"—";"Участвуете в конкурсе";"1363875";"—"
"1191";"3";"—";"273.0";"90 83 100";"—";"Участвуете в конкурсе";"2006566";"—"
"1192";"5";"—";"273.0";"88 86 99";"—";"Участвуете в конкурсе";"2380391";"—"
"1193";"5";"—";"273.0";"88 91 94";"—";"Участвуете в конкурсе";"1613969";"—"
"1194";"3";"—";"273.0";"88 97 88";"—";"Участвуете в конкурсе";"1427479";"—"
"1195";"3";"—";"273.0";"86 89 98";"—";"Участвуете в конкурсе";"2056217";"—"
"1196";"4";"—";"273.0";"98 89 84";"2.0";"Участвуете в конкурсе";"2095482";"—"
"1197";"10";"—";"273.0";"90 89 92";"2.0";"Участвуете в конкурсе";"2255050";"—"
"1198";"1";"—";"273.0";"100 72 98";"3.0";"Участвуете в конкурсе";"1760100";"—"
"1199";"3";"—";"273.0";"95 83 92";"3.0";"Участвуете в конкурсе";"2368745";"—"
"1200";"3";"Электронное";"273.0";"93 89 88";"3.0";"Участвуете в конкурсе";"1200180";"—"
"1201";"3";"—";"273.0";"90 94 86";"3.0";"Участвуете в конкурсе";"1987919";"—"
"1202";"2";"—";"273.0";"84 86 100";"3.0";"Участвуете в конкурсе";"1510794";"—"
"1203";"3";"—";"273.0";"96 78 94";"5.0";"Участвуете в конкурсе";"2005034";"—"
"1204";"2";"—";"273.0";"92 81 95";"5.0";"Участвуете в конкурсе";"1625558";"—"
"1205";"4";"—";"273.0";"90 94 84";"5.0";"Участвуете в конкурсе";"1793104";"—"
"1206";"4";"—";"273.0";"90 94 84";"5.0";"Участвуете в конкурсе";"1577747";"—"
"1207";"4";"—";"273.0";"83 91 94";"5.0";"Участвуете в конкурсе";"2035422";"—"
"1208";"6";"—";"273.0";"83 97 88";"5.0";"Участвуете в конкурсе";"1503393";"—"
"1209";"1";"—";"273.0";"100 72 95";"6.0";"Участвуете в конкурсе";"1134075";"—"
"1210";"3";"—";"273.0";"94 73 100";"6.0";"Участвуете в конкурсе";"1185599";"—"
"1211";"2";"—";"273.0";"94 81 88";"10.0";"Участвуете в конкурсе";"2273877";"—"
"1212";"5";"—";"273.0";"92 83 88";"10.0";"Участвуете в конкурсе";"2310466";"—"
"1213";"3";"—";"273.0";"80 83 100";"10.0";"Участвуете в конкурсе";"1797360";"—"
"1214";"3";"—";"272.0";"92 94 86";"—";"Участвуете в конкурсе";"1175482";"—"
"1215";"1";"—";"272.0";"86 91 95";"—";"Участвуете в конкурсе";"1336544";"—"
"1216";"5";"—";"272.0";"100 86 84";"2.0";"Участвуете в конкурсе";"1999587";"—"
"1217";"1";"—";"272.0";"100 94 76";"2.0";"Участвуете в конкурсе";"1124838";"—"
"1218";"3";"—";"272.0";"96 86 88";"2.0";"Участвуете в конкурсе";"1160082";"—"
"1219";"3";"—";"272.0";"86 89 95";"2.0";"Участвуете в конкурсе";"1365284";"—"
"1220";"2";"—";"272.0";"78 94 98";"2.0";"Участвуете в конкурсе";"1753511";"—"
"1221";"1";"—";"272.0";"98 75 96";"3.0";"Участвуете в конкурсе";"1344443";"—"
"1222";"6";"—";"272.0";"92 78 99";"3.0";"Участвуете в конкурсе";"1636510";"—"
"1223";"2";"—";"272.0";"92 83 94";"3.0";"Участвуете в конкурсе";"1354467";"—"
"1224";"3";"Электронное";"272.0";"85 94 90";"3.0";"Участвуете в конкурсе";"1724240";"—"
"1225";"3";"Электронное";"272.0";"85 94 90";"3.0";"Участвуете в конкурсе";"1178549";"—"
"1226";"3";"—";"272.0";"80 94 95";"3.0";"Участвуете в конкурсе";"1514427";"—"
"1227";"3";"—";"272.0";"94 83 90";"5.0";"Участвуете в конкурсе";"1406131";"—"
"1228";"2";"—";"272.0";"90 83 94";"5.0";"Участвуете в конкурсе";"1438170";"—"
"1229";"3";"—";"272.0";"100 66 100";"6.0";"Участвуете в конкурсе";"1364893";"—"
"1230";"5";"—";"272.0";"95 91 80";"6.0";"Участвуете в конкурсе";"2101357";"—"
"1231";"2";"Электронное";"272.0";"75 91 100";"6.0";"Участвуете в конкурсе";"1261503";"—"
"1232";"4";"Электронное";"272.0";"85 92 85";"10.0";"Участвуете в конкурсе";"1976113";"—"
"1233";"5";"—";"271.0";"96 75 100";"—";"Участвуете в конкурсе";"1723427";"—"
"1234";"1";"—";"271.0";"94 81 96";"—";"Участвуете в конкурсе";"2217754";"—"
"1235";"6";"—";"271.0";"88 86 97";"—";"Участвуете в конкурсе";"1641417";"—"
"1236";"3";"—";"271.0";"94 78 97";"2.0";"Участвуете в конкурсе";"1722854";"—"
"1237";"2";"—";"271.0";"94 81 94";"2.0";"Участвуете в конкурсе";"2077590";"—"
"1238";"3";"—";"271.0";"86 91 92";"2.0";"Участвуете в конкурсе";"2349979";"—"
"1239";"2";"Электронное";"271.0";"83 86 100";"2.0";"Участвуете в конкурсе";"1611631";"—"
"1240";"2";"—";"271.0";"100 78 90";"3.0";"Участвуете в конкурсе";"1228453";"—"
"1241";"4";"—";"271.0";"96 73 99";"3.0";"Участвуете в конкурсе";"1838246";"—"
"1242";"5";"—";"271.0";"93 81 94";"3.0";"Участвуете в конкурсе";"987063";"—"
"1243";"3";"Электронное";"271.0";"90 81 97";"3.0";"Участвуете в конкурсе";"1721284";"—"
"1244";"4";"—";"271.0";"85 83 100";"3.0";"Участвуете в конкурсе";"1582733";"—"
"1245";"1";"—";"271.0";"93 81 92";"5.0";"Участвуете в конкурсе";"1877013";"—"
"1246";"5";"—";"271.0";"90 81 95";"5.0";"Участвуете в конкурсе";"1286034";"—"
"1247";"1";"—";"271.0";"90 86 90";"5.0";"Участвуете в конкурсе";"2164127";"—"
"1248";"5";"—";"271.0";"88 83 95";"5.0";"Участвуете в конкурсе";"1058904";"—"
"1249";"5";"Электронное";"270.0";"100 73 97";"—";"Участвуете в конкурсе";"1040014";"—"
"1250";"1";"—";"270.0";"100 78 92";"—";"Участвуете в конкурсе";"1115686";"—"
"1251";"3";"—";"270.0";"92 94 84";"—";"Участвуете в конкурсе";"1966725";"—"
"1252";"1";"—";"270.0";"90 86 94";"—";"Участвуете в конкурсе";"2142301";"—"
"1253";"2";"—";"270.0";"88 94 88";"—";"Участвуете в конкурсе";"1039593";"—"
"1254";"4";"—";"270.0";"84 89 97";"—";"Участвуете в конкурсе";"1616771";"—"
"1255";"2";"—";"270.0";"100 73 95";"2.0";"Участвуете в конкурсе";"1169066";"—"
"1256";"6";"—";"270.0";"94 86 88";"2.0";"Участвуете в конкурсе";"1517004";"—"
"1257";"4";"—";"270.0";"93 83 92";"2.0";"Участвуете в конкурсе";"1156056";"—"
"1258";"2";"Электронное";"270.0";"88 86 94";"2.0";"Участвуете в конкурсе";"1175627";"—"
"1259";"7";"—";"270.0";"85 86 97";"2.0";"Участвуете в конкурсе";"1427843";"—"
"1260";"3";"—";"270.0";"100 73 94";"3.0";"Участвуете в конкурсе";"1387565";"—"
"1261";"8";"—";"270.0";"98 81 88";"3.0";"Участвуете в конкурсе";"985059";"—"
"1262";"7";"—";"270.0";"98 81 88";"3.0";"Участвуете в конкурсе";"2134544";"—"
"1263";"3";"—";"270.0";"94 73 100";"3.0";"Участвуете в конкурсе";"2118307";"—"
"1264";"2";"—";"270.0";"93 78 96";"3.0";"Участвуете в конкурсе";"1643436";"—"
"1265";"4";"—";"270.0";"93 86 88";"3.0";"Участвуете в конкурсе";"2168721";"—"
"1266";"4";"—";"270.0";"92 83 92";"3.0";"Участвуете в конкурсе";"2187777";"—"
"1267";"2";"—";"270.0";"92 83 92";"3.0";"Участвуете в конкурсе";"1907707";"—"
"1268";"2";"—";"270.0";"90 81 96";"3.0";"Участвуете в конкурсе";"1276196";"—"
"1269";"2";"—";"270.0";"90 83 94";"3.0";"Участвуете в конкурсе";"2000263";"—"
"1270";"3";"—";"270.0";"90 89 88";"3.0";"Участвуете в конкурсе";"1291704";"—"
"1271";"4";"—";"270.0";"86 81 100";"3.0";"Участвуете в конкурсе";"1336371";"—"
"1272";"5";"—";"270.0";"86 86 95";"3.0";"Участвуете в конкурсе";"1444229";"—"
"1273";"3";"—";"270.0";"86 91 90";"3.0";"Участвуете в конкурсе";"2069703";"—"
"1274";"1";"Электронное";"270.0";"86 97 84";"3.0";"Участвуете в конкурсе";"1904570";"—"
"1275";"6";"—";"270.0";"85 86 96";"3.0";"Участвуете в конкурсе";"2219430";"—"
"1276";"3";"Электронное";"270.0";"85 86 96";"3.0";"Участвуете в конкурсе";"1159159";"—"
"1277";"2";"—";"270.0";"84 91 92";"3.0";"Участвуете в конкурсе";"1215332";"—"
"1278";"5";"Электронное";"270.0";"77 95 95";"3.0";"Участвуете в конкурсе";"1242244";"—"
"1279";"2";"—";"270.0";"90 83 92";"5.0";"Участвуете в конкурсе";"1518652";"—"
"1280";"3";"Электронное";"270.0";"88 91 86";"5.0";"Участвуете в конкурсе";"2208152";"—"
"1281";"3";"—";"270.0";"86 83 96";"5.0";"Участвуете в конкурсе";"2230308";"—"
"1282";"3";"—";"270.0";"85 94 86";"5.0";"Участвуете в конкурсе";"1361588";"—"
"1283";"5";"Электронное";"270.0";"78 89 98";"5.0";"Участвуете в конкурсе";"2353339";"—"
"1284";"2";"—";"270.0";"98 70 96";"6.0";"Участвуете в конкурсе";"1702808";"—"
"1285";"2";"—";"270.0";"80 83 100";"7.0";"Участвуете в конкурсе";"1912887";"—"
"1286";"3";"—";"270.0";"100 72 90";"8.0";"Участвуете в конкурсе";"1178896";"—"
"1287";"1";"—";"270.0";"77 89 96";"8.0";"Участвуете в конкурсе";"1032749";"—"
"1288";"1";"—";"270.0";"86 75 100";"9.0";"Участвуете в конкурсе";"1147077";"—"
"1289";"3";"—";"270.0";"100 60 100";"10.0";"Участвуете в конкурсе";"2005340";"—"
"1290";"2";"—";"270.0";"100 78 82";"10.0";"Участвуете в конкурсе";"1206045";"—"
"1291";"2";"—";"270.0";"88 78 94";"10.0";"Участвуете в конкурсе";"2118306";"—"
"1292";"3";"Электронное";"269.0";"92 83 94";"—";"Участвуете в конкурсе";"2313957";"—"
"1293";"2";"—";"269.0";"88 89 92";"—";"Участвуете в конкурсе";"1361725";"—"
"1294";"3";"—";"269.0";"88 89 92";"—";"Участвуете в конкурсе";"1731774";"—"
"1295";"2";"Электронное";"269.0";"88 91 90";"—";"Участвуете в конкурсе";"1622628";"—"
"1296";"2";"Электронное";"269.0";"86 86 97";"—";"Участвуете в конкурсе";"1979523";"—"
"1297";"5";"—";"269.0";"86 91 92";"—";"Участвуете в конкурсе";"1178784";"—"
"1298";"4";"—";"269.0";"84 91 94";"—";"Участвуете в конкурсе";"2259113";"—"
"1299";"5";"—";"269.0";"94 78 95";"2.0";"Участвуете в конкурсе";"1107668";"—"
"1300";"3";"—";"269.0";"88 89 90";"2.0";"Участвуете в конкурсе";"1431689";"—"
"1301";"5";"—";"269.0";"82 97 88";"2.0";"Участвуете в конкурсе";"1559780";"—"
"1302";"3";"—";"269.0";"100 78 88";"3.0";"Участвуете в конкурсе";"1851372";"—"
"1303";"3";"—";"269.0";"92 78 96";"3.0";"Участвуете в конкурсе";"1963941";"—"
"1304";"3";"—";"269.0";"90 78 98";"3.0";"Участвуете в конкурсе";"1169997";"—"
"1305";"2";"—";"269.0";"88 81 97";"3.0";"Участвуете в конкурсе";"1650039";"—"
"1306";"2";"—";"269.0";"88 81 97";"3.0";"Участвуете в конкурсе";"1266219";"—"
"1307";"5";"—";"269.0";"88 83 95";"3.0";"Участвуете в конкурсе";"2366780";"—"
"1308";"2";"Электронное";"269.0";"88 83 95";"3.0";"Участвуете в конкурсе";"1810227";"—"
"1309";"1";"—";"269.0";"86 86 94";"3.0";"Участвуете в конкурсе";"1996233";"—"
"1310";"6";"—";"269.0";"86 86 94";"3.0";"Участвуете в конкурсе";"982082";"—"
"1311";"3";"Электронное";"269.0";"86 86 94";"3.0";"Участвуете в конкурсе";"1107155";"—"
"1312";"3";"—";"269.0";"85 81 100";"3.0";"Участвуете в конкурсе";"1730728";"—"
"1313";"4";"—";"269.0";"83 83 100";"3.0";"Участвуете в конкурсе";"1887420";"—"
"1314";"3";"—";"269.0";"75 91 100";"3.0";"Участвуете в конкурсе";"1500149";"—"
"1315";"7";"—";"269.0";"72 97 97";"3.0";"Участвуете в конкурсе";"1041300";"—"
"1316";"7";"—";"269.0";"98 69 97";"5.0";"Участвуете в конкурсе";"1425562";"—"
"1317";"7";"Электронное";"269.0";"88 81 95";"5.0";"Участвуете в конкурсе";"1762942";"—"
"1318";"1";"—";"269.0";"88 86 90";"5.0";"Участвуете в конкурсе";"1612042";"—"
"1319";"2";"Электронное";"269.0";"83 86 95";"5.0";"Участвуете в конкурсе";"1915599";"—"
"1320";"3";"—";"269.0";"100 66 97";"6.0";"Участвуете в конкурсе";"1495127";"—"
"1321";"3";"—";"269.0";"82 89 90";"8.0";"Участвуете в конкурсе";"1731014";"—"
"1322";"2";"—";"269.0";"100 75 84";"10.0";"Участвуете в конкурсе";"1181943";"—"
"1323";"2";"—";"269.0";"96 75 88";"10.0";"Участвуете в конкурсе";"1627876";"—"
"1324";"2";"—";"268.0";"92 86 90";"—";"Участвуете в конкурсе";"1584077";"—"
"1325";"4";"—";"268.0";"90 86 92";"—";"Участвуете в конкурсе";"1646488";"—"
"1326";"3";"—";"268.0";"87 91 90";"—";"Участвуете в конкурсе";"987531";"—"
"1327";"5";"—";"268.0";"83 91 94";"—";"Участвуете в конкурсе";"1587081";"—"
"1328";"5";"—";"268.0";"95 83 88";"2.0";"Участвуете в конкурсе";"1617557";"—"
"1329";"4";"Электронное";"268.0";"90 86 90";"2.0";"Участвуете в конкурсе";"2050965";"—"
"1330";"6";"—";"268.0";"90 86 90";"2.0";"Участвуете в конкурсе";"1779849";"—"
"1331";"2";"Электронное";"268.0";"83 83 100";"2.0";"Участвуете в конкурсе";"1445053";"—"
"1332";"3";"—";"268.0";"80 94 92";"2.0";"Участвуете в конкурсе";"1302974";"—"
"1333";"4";"Электронное";"268.0";"100 81 84";"3.0";"Участвуете в конкурсе";"1765560";"—"
"1334";"3";"—";"268.0";"98 83 84";"3.0";"Участвуете в конкурсе";"1464866";"—"
"1335";"2";"—";"268.0";"92 91 82";"3.0";"Участвуете в конкурсе";"2091982";"—"
"1336";"2";"—";"268.0";"90 83 92";"3.0";"Участвуете в конкурсе";"2092007";"—"
"1337";"5";"Электронное";"268.0";"90 83 92";"3.0";"Участвуете в конкурсе";"1580271";"—"
"1338";"4";"—";"268.0";"88 81 96";"3.0";"Участвуете в конкурсе";"2209212";"—"
"1339";"3";"—";"268.0";"86 83 96";"3.0";"Участвуете в конкурсе";"1622686";"—"
"1340";"2";"—";"268.0";"84 81 100";"3.0";"Участвуете в конкурсе";"1359306";"—"
"1341";"5";"—";"268.0";"79 94 92";"3.0";"Участвуете в конкурсе";"1729783";"—"
"1342";"3";"—";"268.0";"94 89 80";"5.0";"Участвуете в конкурсе";"1117673";"—"
"1343";"1";"—";"268.0";"90 81 92";"5.0";"Участвуете в конкурсе";"1384183";"—"
"1344";"4";"—";"268.0";"90 83 90";"5.0";"Участвуете в конкурсе";"1202149";"—"
"1345";"5";"—";"268.0";"88 83 92";"5.0";"Участвуете в конкурсе";"1632313";"—"
"1346";"1";"—";"268.0";"88 91 84";"5.0";"Участвуете в конкурсе";"2278279";"—"
"1347";"2";"—";"268.0";"84 89 90";"5.0";"Участвуете в конкурсе";"1682898";"—"
"1348";"3";"—";"268.0";"78 81 100";"9.0";"Участвуете в конкурсе";"996074";"—"
"1349";"4";"Электронное";"268.0";"90 78 90";"10.0";"Участвуете в конкурсе";"1367345";"—"
"1350";"2";"—";"267.0";"100 72 95";"—";"Участвуете в конкурсе";"1494228";"—"
"1351";"2";"—";"267.0";"98 72 97";"—";"Участвуете в конкурсе";"1481142";"—"
"1352";"3";"—";"267.0";"98 75 94";"—";"Участвуете в конкурсе";"1199216";"—"
"1353";"1";"—";"267.0";"96 89 82";"—";"Участвуете в конкурсе";"1431782";"—"
"1354";"3";"—";"267.0";"94 83 90";"—";"Участвуете в конкурсе";"1329096";"—"
"1355";"2";"—";"267.0";"92 78 97";"—";"Участвуете в конкурсе";"1215337";"—"
"1356";"1";"—";"267.0";"92 81 94";"—";"Участвуете в конкурсе";"1154299";"—"
"1357";"2";"—";"267.0";"90 83 94";"—";"Участвуете в конкурсе";"1950428";"—"
"1358";"1";"—";"267.0";"86 89 92";"—";"Участвуете в конкурсе";"994247";"—"
"1359";"6";"—";"267.0";"95 86 84";"2.0";"Участвуете в конкурсе";"2245046";"—"
"1360";"2";"—";"267.0";"80 86 99";"2.0";"Участвуете в конкурсе";"1508945";"—"
"1361";"4";"—";"267.0";"96 86 82";"3.0";"Участвуете в конкурсе";"1590625";"—"
"1362";"3";"—";"267.0";"95 91 78";"3.0";"Участвуете в конкурсе";"1392282";"—"
"1363";"1";"—";"267.0";"92 86 86";"3.0";"Участвуете в конкурсе";"1207880";"—"
"1364";"2";"—";"267.0";"88 94 82";"3.0";"Участвуете в конкурсе";"1548712";"—"
"1365";"2";"—";"267.0";"86 83 95";"3.0";"Участвуете в конкурсе";"2232418";"—"
"1366";"2";"—";"267.0";"82 94 88";"3.0";"Участвуете в конкурсе";"1124290";"—"
"1367";"5";"—";"267.0";"91 85 86";"5.0";"Участвуете в конкурсе";"1096859";"—"
"1368";"1";"—";"267.0";"90 86 86";"5.0";"Участвуете в конкурсе";"1189850";"—"
"1369";"2";"—";"267.0";"86 81 95";"5.0";"Участвуете в конкурсе";"1847707";"—"
"1370";"5";"—";"267.0";"100 61 100";"6.0";"Участвуете в конкурсе";"1253895";"—"
"1371";"4";"Электронное";"267.0";"98 69 94";"6.0";"Участвуете в конкурсе";"952081";"—"
"1372";"1";"—";"267.0";"88 73 100";"6.0";"Участвуете в конкурсе";"1389088";"—"
"1373";"2";"Электронное";"267.0";"88 81 90";"8.0";"Участвуете в конкурсе";"1857960";"—"
"1374";"4";"—";"267.0";"94 73 90";"10.0";"Участвуете в конкурсе";"2131241";"—"
"1375";"9";"—";"267.0";"90 72 95";"10.0";"Участвуете в конкурсе";"1985351";"—"
"1376";"3";"—";"266.0";"100 66 100";"—";"Участвуете в конкурсе";"1621451";"—"
"1377";"2";"—";"266.0";"100 86 80";"—";"Участвуете в конкурсе";"1059165";"—"
"1378";"3";"—";"266.0";"94 73 99";"—";"Участвуете в конкурсе";"1440228";"—"
"1379";"1";"—";"266.0";"88 78 100";"—";"Участвуете в конкурсе";"1998220";"—"
"1380";"7";"—";"266.0";"88 81 97";"—";"Участвуете в конкурсе";"2269111";"—"
"1381";"2";"—";"266.0";"88 83 95";"—";"Участвуете в конкурсе";"1760224";"—"
"1382";"1";"—";"266.0";"82 89 95";"—";"Участвуете в конкурсе";"1420462";"—"
"1383";"2";"—";"266.0";"94 86 84";"2.0";"Участвуете в конкурсе";"1164203";"—"
"1384";"3";"—";"266.0";"88 94 82";"2.0";"Участвуете в конкурсе";"1132708";"—"
"1385";"6";"—";"266.0";"100 81 82";"3.0";"Участвуете в конкурсе";"1651094";"—"
"1386";"3";"—";"266.0";"96 83 84";"3.0";"Участвуете в конкурсе";"966253";"—"
"1387";"5";"—";"266.0";"93 86 84";"3.0";"Участвуете в конкурсе";"1543675";"—"
"1388";"6";"—";"266.0";"90 81 92";"3.0";"Участвуете в конкурсе";"1353696";"—"
"1389";"5";"Электронное";"266.0";"88 91 84";"3.0";"Участвуете в конкурсе";"1857437";"—"
"1390";"2";"—";"266.0";"86 89 88";"3.0";"Участвуете в конкурсе";"1083254";"—"
"1391";"2";"—";"266.0";"85 86 92";"3.0";"Участвуете в конкурсе";"2131255";"—"
"1392";"6";"—";"266.0";"78 97 88";"3.0";"Участвуете в конкурсе";"1986872";"—"
"1393";"2";"—";"266.0";"92 83 86";"5.0";"Участвуете в конкурсе";"2204443";"—"
"1394";"1";"—";"266.0";"88 83 90";"5.0";"Участвуете в конкурсе";"1536900";"—"
"1395";"2";"—";"266.0";"86 78 97";"5.0";"Участвуете в конкурсе";"1195848";"—"
"1396";"4";"—";"266.0";"86 83 92";"5.0";"Участвуете в конкурсе";"1259322";"—"
"1397";"3";"—";"266.0";"84 83 94";"5.0";"Участвуете в конкурсе";"1170107";"—"
"1398";"2";"Электронное";"266.0";"100 72 84";"10.0";"Участвуете в конкурсе";"1442296";"—"
"1399";"5";"—";"266.0";"93 73 90";"10.0";"Участвуете в конкурсе";"1180243";"—"
"1400";"3";"—";"265.0";"96 69 100";"—";"Участвуете в конкурсе";"1357821";"—"
"1401";"4";"—";"265.0";"94 83 88";"—";"Участвуете в конкурсе";"2162894";"—"
"1402";"2";"—";"265.0";"90 81 94";"—";"Участвуете в конкурсе";"1256589";"—"
"1403";"4";"—";"265.0";"90 83 92";"—";"Участвуете в конкурсе";"1626473";"—"
"1404";"2";"—";"265.0";"82 89 94";"—";"Участвуете в конкурсе";"1619276";"—"
"1405";"5";"—";"265.0";"93 75 95";"2.0";"Участвуете в конкурсе";"1996398";"—"
"1406";"2";"—";"265.0";"90 73 100";"2.0";"Участвуете в конкурсе";"969177";"—"
"1407";"3";"Электронное";"265.0";"90 83 90";"2.0";"Участвуете в конкурсе";"1647787";"—"
"1408";"3";"—";"265.0";"90 83 90";"2.0";"Участвуете в конкурсе";"1061254";"—"
"1409";"3";"—";"265.0";"88 91 84";"2.0";"Участвуете в конкурсе";"1198173";"—"
"1410";"3";"Электронное";"265.0";"85 78 100";"2.0";"Участвуете в конкурсе";"2002203";"—"
"1411";"2";"—";"265.0";"78 97 88";"2.0";"Участвуете в конкурсе";"1444679";"—"
"1412";"1";"—";"265.0";"85 83 94";"3.0";"Участвуете в конкурсе";"1853561";"—"
"1413";"1";"—";"265.0";"79 91 92";"3.0";"Участвуете в конкурсе";"1077535";"—"
"1414";"2";"—";"265.0";"94 86 80";"5.0";"Участвуете в конкурсе";"1994724";"—"
"1415";"6";"—";"265.0";"90 78 92";"5.0";"Участвуете в конкурсе";"1642536";"—"
"1416";"4";"—";"265.0";"90 86 84";"5.0";"Участвуете в конкурсе";"1606839";"—"
"1417";"1";"—";"265.0";"90 94 76";"5.0";"Участвуете в конкурсе";"2119228";"—"
"1418";"1";"—";"265.0";"77 83 100";"5.0";"Участвуете в конкурсе";"1245428";"—"
"1419";"6";"—";"265.0";"90 81 84";"10.0";"Участвуете в конкурсе";"1180207";"—"
"1420";"3";"Электронное";"265.0";"80 89 86";"10.0";"Участвуете в конкурсе";"1195430";"—"
"1421";"2";"—";"264.0";"98 69 97";"—";"Участвуете в конкурсе";"994513";"—"
"1422";"2";"—";"264.0";"95 73 96";"—";"Участвуете в конкурсе";"2383175";"—"
"1423";"1";"—";"264.0";"94 78 92";"—";"Участвуете в конкурсе";"1591487";"—"
"1424";"7";"—";"264.0";"93 75 96";"—";"Участвуете в конкурсе";"1582530";"—"
"1425";"4";"—";"264.0";"93 91 80";"—";"Участвуете в конкурсе";"1787543";"—"
"1426";"1";"—";"264.0";"92 75 97";"—";"Участвуете в конкурсе";"1052475";"—"
"1427";"1";"—";"264.0";"90 78 96";"—";"Участвуете в конкурсе";"1429430";"—"
"1428";"2";"—";"264.0";"90 78 96";"—";"Участвуете в конкурсе";"2002663";"—"
"1429";"4";"—";"264.0";"83 89 92";"—";"Участвуете в конкурсе";"1358839";"—"
"1430";"1";"—";"264.0";"94 78 90";"2.0";"Участвуете в конкурсе";"1117648";"—"
"1431";"5";"—";"264.0";"90 86 86";"2.0";"Участвуете в конкурсе";"2122267";"—"
"1432";"3";"—";"264.0";"85 89 88";"2.0";"Участвуете в конкурсе";"1075515";"—"
"1433";"5";"—";"264.0";"85 91 86";"2.0";"Участвуете в конкурсе";"1554165";"—"
"1434";"6";"—";"264.0";"84 78 100";"2.0";"Участвуете в конкурсе";"2337565";"—"
"1435";"3";"Электронное";"264.0";"92 83 86";"3.0";"Участвуете в конкурсе";"1715619";"—"
"1436";"4";"—";"264.0";"90 89 82";"3.0";"Участвуете в конкурсе";"1466394";"—"
"1437";"2";"—";"264.0";"88 81 92";"3.0";"Участвуете в конкурсе";"1954379";"—"
"1438";"3";"—";"264.0";"86 89 86";"3.0";"Участвуете в конкурсе";"1642103";"—"
"1439";"2";"—";"264.0";"96 81 82";"5.0";"Участвуете в конкурсе";"1257116";"—"
"1440";"4";"—";"264.0";"94 83 82";"5.0";"Участвуете в конкурсе";"2211310";"—"
"1441";"3";"Электронное";"264.0";"83 75 100";"6.0";"Участвуете в конкурсе";"1847621";"—"
"1442";"2";"Электронное";"263.0";"98 70 95";"—";"Участвуете в конкурсе";"1606658";"—"
"1443";"5";"—";"263.0";"98 73 92";"—";"Участвуете в конкурсе";"1650544";"—"
"1444";"1";"Электронное";"263.0";"93 78 92";"—";"Участвуете в конкурсе";"1153485";"—"
"1445";"5";"Электронное";"263.0";"93 86 84";"—";"Участвуете в конкурсе";"1362470";"—"
"1446";"6";"—";"263.0";"90 89 84";"—";"Участвуете в конкурсе";"1859160";"—"
"1447";"2";"—";"263.0";"88 81 94";"—";"Участвуете в конкурсе";"1360101";"—"
"1448";"6";"—";"263.0";"86 89 88";"—";"Участвуете в конкурсе";"2102202";"—"
"1449";"4";"—";"263.0";"85 86 92";"—";"Участвуете в конкурсе";"1388756";"—"
"1450";"4";"—";"263.0";"84 93 86";"—";"Участвуете в конкурсе";"1077745";"—"
"1451";"1";"—";"263.0";"94 75 92";"2.0";"Участвуете в конкурсе";"1771972";"—"
"1452";"3";"—";"263.0";"86 75 100";"2.0";"Участвуете в конкурсе";"1995769";"—"
"1453";"5";"—";"263.0";"96 78 86";"3.0";"Участвуете в конкурсе";"1198822";"—"
"1454";"5";"Электронное";"263.0";"90 78 92";"3.0";"Участвуете в конкурсе";"2212389";"—"
"1455";"1";"—";"263.0";"86 86 88";"3.0";"Участвуете в конкурсе";"1209052";"—"
"1456";"4";"—";"263.0";"83 91 86";"3.0";"Участвуете в конкурсе";"1585307";"—"
"1457";"4";"—";"263.0";"80 94 86";"3.0";"Участвуете в конкурсе";"1122763";"—"
"1458";"5";"—";"263.0";"90 78 90";"5.0";"Участвуете в конкурсе";"1555412";"—"
"1459";"4";"—";"263.0";"90 78 90";"5.0";"Участвуете в конкурсе";"1570955";"—"
"1460";"7";"—";"263.0";"75 97 86";"5.0";"Участвуете в конкурсе";"1699762";"—"
"1461";"2";"—";"263.0";"100 73 84";"6.0";"Участвуете в конкурсе";"1134821";"—"
"1462";"5";"Электронное";"263.0";"100 75 80";"8.0";"Участвуете в конкурсе";"1423121";"—"
"1463";"2";"—";"263.0";"88 75 92";"8.0";"Участвуете в конкурсе";"2272054";"—"
"1464";"1";"—";"263.0";"83 72 100";"8.0";"Участвуете в конкурсе";"2083864";"—"
"1465";"4";"—";"263.0";"83 75 95";"10.0";"Участвуете в конкурсе";"1913528";"—"
"1466";"3";"Электронное";"263.0";"72 81 100";"10.0";"Участвуете в конкурсе";"2328656";"—"
"1467";"2";"—";"262.0";"100 78 84";"—";"Участвуете в конкурсе";"2006270";"—"
"1468";"2";"—";"262.0";"98 78 86";"—";"Участвуете в конкурсе";"2173303";"—"
"1469";"3";"—";"262.0";"96 78 88";"—";"Участвуете в конкурсе";"1430926";"—"
"1470";"6";"—";"262.0";"93 73 96";"—";"Участвуете в конкурсе";"1340714";"—"
"1471";"3";"—";"262.0";"92 70 100";"—";"Участвуете в конкурсе";"1944461";"—"
"1472";"5";"Электронное";"262.0";"86 94 82";"—";"Участвуете в конкурсе";"1498924";"—"
"1473";"4";"—";"262.0";"83 89 90";"—";"Участвуете в конкурсе";"2092708";"—"
"1474";"2";"—";"262.0";"82 83 97";"—";"Участвуете в конкурсе";"1629080";"—"
"1475";"2";"—";"262.0";"82 94 86";"—";"Участвуете в конкурсе";"2132957";"—"
"1476";"1";"—";"262.0";"100 72 88";"2.0";"Участвуете в конкурсе";"1148167";"—"
"1477";"6";"—";"262.0";"93 81 86";"2.0";"Участвуете в конкурсе";"1192127";"—"
"1478";"3";"—";"262.0";"90 75 95";"2.0";"Участвуете в конкурсе";"2244388";"—"
"1479";"7";"—";"262.0";"75 86 99";"2.0";"Участвуете в конкурсе";"965916";"—"
"1480";"4";"—";"262.0";"94 70 95";"3.0";"Участвуете в конкурсе";"1433851";"—"
"1481";"1";"—";"262.0";"88 81 90";"3.0";"Участвуете в конкурсе";"1996100";"—"
"1482";"5";"—";"262.0";"86 81 92";"3.0";"Участвуете в конкурсе";"1661741";"—"
"1483";"3";"—";"262.0";"84 91 84";"3.0";"Участвуете в конкурсе";"1241878";"—"
"1484";"1";"—";"262.0";"100 61 96";"5.0";"Участвуете в конкурсе";"1622761";"—"
"1485";"6";"—";"262.0";"88 91 78";"5.0";"Участвуете в конкурсе";"1784607";"—"
"1486";"3";"Электронное";"262.0";"100 70 86";"6.0";"Участвуете в конкурсе";"1365080";"—"
"1487";"3";"—";"262.0";"93 73 88";"8.0";"Участвуете в конкурсе";"1366855";"—"
"1488";"4";"—";"262.0";"90 72 92";"8.0";"Участвуете в конкурсе";"1605468";"—"
"1489";"3";"—";"262.0";"88 72 94";"8.0";"Участвуете в конкурсе";"1285045";"—"
"1490";"5";"—";"262.0";"78 75 100";"9.0";"Участвуете в конкурсе";"2229746";"—"
"1491";"2";"—";"262.0";"88 70 94";"10.0";"Участвуете в конкурсе";"1777413";"—"
"1492";"4";"—";"262.0";"82 78 92";"10.0";"Участвуете в конкурсе";"1934116";"—"
"1493";"3";"—";"261.0";"95 78 88";"—";"Участвуете в конкурсе";"963433";"—"
"1494";"5";"—";"261.0";"95 81 85";"—";"Участвуете в конкурсе";"1207795";"—"
"1495";"4";"—";"261.0";"94 73 94";"—";"Участвуете в конкурсе";"1285379";"—"
"1496";"1";"—";"261.0";"94 75 92";"—";"Участвуете в конкурсе";"1630750";"—"
"1497";"3";"—";"261.0";"92 89 80";"—";"Участвуете в конкурсе";"1648760";"—"
"1498";"9";"—";"261.0";"92 91 78";"—";"Участвуете в конкурсе";"1444702";"—"
"1499";"3";"—";"261.0";"90 83 88";"—";"Участвуете в конкурсе";"1413844";"—"
"1500";"5";"—";"261.0";"88 78 95";"—";"Участвуете в конкурсе";"1785004";"—"
"1501";"3";"—";"261.0";"88 89 84";"—";"Участвуете в конкурсе";"2275949";"—"
"1502";"4";"—";"261.0";"94 83 82";"2.0";"Участвуете в конкурсе";"2036704";"—"
"1503";"3";"—";"261.0";"90 72 97";"2.0";"Участвуете в конкурсе";"1126622";"—"
"1504";"1";"—";"261.0";"88 81 90";"2.0";"Участвуете в конкурсе";"1478160";"—"
"1505";"5";"—";"261.0";"88 89 82";"2.0";"Участвуете в конкурсе";"1393093";"—"
"1506";"5";"—";"261.0";"93 75 90";"3.0";"Участвуете в конкурсе";"1193935";"—"
"1507";"5";"—";"261.0";"93 81 84";"3.0";"Участвуете в конкурсе";"1515119";"—"
"1508";"2";"—";"261.0";"90 86 82";"3.0";"Участвуете в конкурсе";"1549487";"—"
"1509";"1";"—";"261.0";"88 94 76";"3.0";"Участвуете в конкурсе";"1617610";"—"
"1510";"2";"—";"261.0";"85 83 90";"3.0";"Участвуете в конкурсе";"1344035";"—"
"1511";"2";"—";"261.0";"79 83 96";"3.0";"Участвуете в конкурсе";"1335413";"—"
"1512";"7";"Электронное";"261.0";"72 91 95";"3.0";"Участвуете в конкурсе";"1677509";"—"
"1513";"4";"—";"261.0";"96 78 82";"5.0";"Участвуете в конкурсе";"1191704";"—"
"1514";"4";"—";"261.0";"85 89 82";"5.0";"Участвуете в конкурсе";"1979305";"—"
"1515";"5";"—";"261.0";"78 83 95";"5.0";"Участвуете в конкурсе";"1997035";"—"
"1516";"5";"—";"261.0";"85 78 90";"8.0";"Участвуете в конкурсе";"2220561";"—"
"1517";"3";"—";"261.0";"84 83 84";"10.0";"Участвуете в конкурсе";"1859759";"—"
"1518";"3";"—";"261.0";"80 81 90";"10.0";"Участвуете в конкурсе";"1170099";"—"
"1519";"4";"—";"260.0";"90 72 98";"—";"Участвуете в конкурсе";"1107389";"—"
"1520";"6";"—";"260.0";"90 72 98";"—";"Участвуете в конкурсе";"1348929";"—"
"1521";"3";"—";"260.0";"90 78 92";"—";"Участвуете в конкурсе";"1147123";"—"
"1522";"8";"—";"260.0";"90 78 92";"—";"Участвуете в конкурсе";"1270384";"—"
"1523";"1";"—";"260.0";"90 86 84";"—";"Участвуете в конкурсе";"1307102";"—"
"1524";"5";"—";"260.0";"88 86 86";"—";"Участвуете в конкурсе";"1282257";"—"
"1525";"2";"—";"260.0";"85 81 94";"—";"Участвуете в конкурсе";"1214667";"—"
"1526";"4";"—";"260.0";"83 89 88";"—";"Участвуете в конкурсе";"1850906";"—"
"1527";"1";"—";"260.0";"80 94 86";"—";"Участвуете в конкурсе";"2425989";"—"
"1528";"2";"—";"260.0";"96 81 80";"3.0";"Участвуете в конкурсе";"1792568";"—"
"1529";"5";"—";"260.0";"88 83 86";"3.0";"Участвуете в конкурсе";"1527380";"—"
"1530";"1";"—";"260.0";"86 81 90";"3.0";"Участвуете в конкурсе";"1591532";"—"
"1531";"2";"—";"260.0";"84 78 95";"3.0";"Участвуете в конкурсе";"1860341";"—"
"1532";"1";"Электронное";"260.0";"84 81 92";"3.0";"Участвуете в конкурсе";"1855906";"—"
"1533";"5";"Электронное";"260.0";"84 83 90";"3.0";"Участвуете в конкурсе";"1913227";"—"
"1534";"2";"—";"260.0";"84 89 84";"3.0";"Участвуете в конкурсе";"1676767";"—"
"1535";"1";"—";"260.0";"80 91 86";"3.0";"Участвуете в конкурсе";"2367500";"—"
"1536";"3";"—";"260.0";"76 86 95";"3.0";"Участвуете в конкурсе";"1077095";"—"
"1537";"1";"—";"260.0";"76 91 90";"3.0";"Участвуете в конкурсе";"2247211";"—"
"1538";"4";"—";"260.0";"72 91 94";"3.0";"Участвуете в конкурсе";"2001046";"—"
"1539";"3";"—";"260.0";"70 89 98";"3.0";"Участвуете в конкурсе";"1825107";"—"
"1540";"3";"—";"260.0";"92 70 90";"8.0";"Участвуете в конкурсе";"1583131";"—"
"1541";"6";"—";"260.0";"88 72 90";"10.0";"Участвуете в конкурсе";"1260425";"—"
"1542";"5";"—";"260.0";"83 89 78";"10.0";"Участвуете в конкурсе";"1173912";"—"
"1543";"2";"Электронное";"260.0";"67 83 100";"10.0";"Участвуете в конкурсе";"1428693";"—"
"1544";"3";"—";"259.0";"90 73 96";"—";"Участвуете в конкурсе";"2053054";"—"
"1545";"6";"—";"259.0";"88 83 88";"—";"Участвуете в конкурсе";"1777789";"—"
"1546";"2";"—";"259.0";"88 83 88";"—";"Участвуете в конкурсе";"1586513";"—"
"1547";"6";"—";"259.0";"86 73 100";"—";"Участвуете в конкурсе";"1248892";"—"
"1548";"3";"—";"259.0";"86 89 84";"—";"Участвуете в конкурсе";"953056";"—"
"1549";"1";"—";"259.0";"82 83 94";"—";"Участвуете в конкурсе";"2392251";"—"
"1550";"2";"—";"259.0";"94 83 80";"2.0";"Участвуете в конкурсе";"1837072";"—"
"1551";"5";"—";"259.0";"88 91 78";"2.0";"Участвуете в конкурсе";"1326301";"—"
"1552";"5";"—";"259.0";"100 70 86";"3.0";"Участвуете в конкурсе";"2209170";"—"
"1553";"2";"—";"259.0";"90 78 88";"3.0";"Участвуете в конкурсе";"2287864";"—"
"1554";"2";"—";"259.0";"90 86 80";"3.0";"Участвуете в конкурсе";"1357895";"—"
"1555";"2";"—";"259.0";"82 86 88";"3.0";"Участвуете в конкурсе";"1522051";"—"
"1556";"2";"—";"259.0";"79 81 96";"3.0";"Участвуете в конкурсе";"1367119";"—"
"1557";"2";"—";"259.0";"78 81 97";"3.0";"Участвуете в конкурсе";"2157969";"—"
"1558";"2";"—";"259.0";"82 86 86";"5.0";"Участвуете в конкурсе";"1881274";"—"
"1559";"3";"—";"259.0";"73 89 92";"5.0";"Участвуете в конкурсе";"1857662";"—"
"1560";"5";"—";"259.0";"100 73 80";"6.0";"Участвуете в конкурсе";"1766382";"—"
"1561";"5";"—";"259.0";"88 83 80";"8.0";"Участвуете в конкурсе";"2270549";"—"
"1562";"3";"—";"259.0";"92 73 84";"10.0";"Участвуете в конкурсе";"1171626";"—"
"1563";"2";"—";"258.0";"96 78 84";"—";"Участвуете в конкурсе";"1291895";"—"
"1564";"7";"—";"258.0";"93 89 76";"—";"Участвуете в конкурсе";"2412111";"—"
"1565";"5";"—";"258.0";"88 86 84";"—";"Участвуете в конкурсе";"1844618";"—"
"1566";"6";"—";"258.0";"85 78 95";"—";"Участвуете в конкурсе";"1978944";"—"
"1567";"1";"—";"258.0";"84 78 96";"—";"Участвуете в конкурсе";"1646487";"—"
"1568";"1";"—";"258.0";"80 86 92";"—";"Участвуете в конкурсе";"1617918";"—"
"1569";"2";"—";"258.0";"75 83 100";"—";"Участвуете в конкурсе";"1970715";"—"
"1570";"2";"—";"258.0";"100 66 90";"2.0";"Участвуете в конкурсе";"1133482";"—"
"1571";"1";"—";"258.0";"93 75 88";"2.0";"Участвуете в конкурсе";"1505988";"—"
"1572";"2";"—";"258.0";"90 86 80";"2.0";"Участвуете в конкурсе";"2176499";"—"
"1573";"1";"—";"258.0";"90 73 92";"3.0";"Участвуете в конкурсе";"1248051";"—"
"1574";"2";"—";"258.0";"77 83 95";"3.0";"Участвуете в конкурсе";"1668078";"—"
"1575";"5";"—";"258.0";"75 86 94";"3.0";"Участвуете в конкурсе";"1366762";"—"
"1576";"11";"—";"258.0";"85 86 82";"5.0";"Участвуете в конкурсе";"1637765";"—"
"1577";"2";"—";"257.0";"100 67 90";"—";"Участвуете в конкурсе";"1155428";"—"
"1578";"1";"—";"257.0";"100 69 88";"—";"Участвуете в конкурсе";"1381846";"—"
"1579";"1";"—";"257.0";"90 81 86";"—";"Участвуете в конкурсе";"1534074";"—"
"1580";"1";"—";"257.0";"90 83 84";"—";"Участвуете в конкурсе";"1887310";"—"
"1581";"5";"—";"257.0";"88 81 88";"—";"Участвуете в конкурсе";"1964271";"—"
"1582";"1";"—";"257.0";"88 81 88";"—";"Участвуете в конкурсе";"1133306";"—"
"1583";"5";"—";"257.0";"88 81 88";"—";"Участвуете в конкурсе";"1205081";"—"
"1584";"3";"Электронное";"257.0";"85 78 94";"—";"Участвуете в конкурсе";"2099907";"—"
"1585";"4";"—";"257.0";"88 67 100";"2.0";"Участвуете в конкурсе";"1418231";"—"
"1586";"1";"—";"257.0";"82 81 92";"2.0";"Участвуете в конкурсе";"1716439";"—"
"1587";"4";"—";"257.0";"79 86 90";"2.0";"Участвуете в конкурсе";"2246162";"—"
"1588";"3";"—";"257.0";"86 86 82";"3.0";"Участвуете в конкурсе";"1201228";"—"
"1589";"7";"—";"257.0";"85 81 88";"3.0";"Участвуете в конкурсе";"1400017";"—"
"1590";"3";"—";"257.0";"84 86 84";"3.0";"Участвуете в конкурсе";"2272605";"—"
"1591";"3";"—";"257.0";"83 81 90";"3.0";"Участвуете в конкурсе";"965261";"—"
"1592";"2";"—";"257.0";"76 94 84";"3.0";"Участвуете в конкурсе";"1446611";"—"
"1593";"4";"—";"257.0";"92 72 88";"5.0";"Участвуете в конкурсе";"1611704";"—"
"1594";"6";"—";"257.0";"86 63 100";"8.0";"Участвуете в конкурсе";"1563437";"—"
"1595";"3";"—";"257.0";"83 78 86";"10.0";"Участвуете в конкурсе";"1998950";"—"
"1596";"4";"—";"256.0";"100 66 90";"—";"Участвуете в конкурсе";"1271286";"—"
"1597";"3";"—";"256.0";"96 72 88";"—";"Участвуете в конкурсе";"1075190";"—"
"1598";"6";"—";"256.0";"93 73 90";"—";"Участвуете в конкурсе";"1773041";"—"
"1599";"3";"—";"256.0";"90 78 88";"—";"Участвуете в конкурсе";"1852246";"—"
"1600";"4";"—";"256.0";"88 86 82";"—";"Участвуете в конкурсе";"1636021";"—"
"1601";"4";"—";"256.0";"85 89 82";"—";"Участвуете в конкурсе";"1185056";"—"
"1602";"1";"—";"256.0";"83 89 84";"—";"Участвуете в конкурсе";"1328148";"—"
"1603";"4";"—";"256.0";"98 66 90";"2.0";"Участвуете в конкурсе";"996296";"—"
"1604";"3";"Электронное";"256.0";"96 78 80";"2.0";"Участвуете в конкурсе";"2273226";"—"
"1605";"2";"—";"256.0";"94 78 82";"2.0";"Участвуете в конкурсе";"1713847";"—"
"1606";"2";"Электронное";"256.0";"92 86 76";"2.0";"Участвуете в конкурсе";"1133227";"—"
"1607";"1";"—";"256.0";"84 86 84";"2.0";"Участвуете в конкурсе";"1845351";"—"
"1608";"3";"—";"256.0";"94 75 84";"3.0";"Участвуете в конкурсе";"1435503";"—"
"1609";"1";"—";"256.0";"90 75 88";"3.0";"Участвуете в конкурсе";"1595770";"—"
"1610";"4";"—";"256.0";"88 83 82";"3.0";"Участвуете в конкурсе";"1950384";"—"
"1611";"1";"—";"256.0";"100 75 76";"5.0";"Участвуете в конкурсе";"1206621";"—"
"1612";"1";"—";"256.0";"92 75 84";"5.0";"Участвуете в конкурсе";"1582045";"—"
"1613";"4";"—";"256.0";"88 81 82";"5.0";"Участвуете в конкурсе";"2185036";"—"
"1614";"4";"—";"256.0";"88 89 74";"5.0";"Участвуете в конкурсе";"2175463";"—"
"1615";"5";"—";"256.0";"80 91 80";"5.0";"Участвуете в конкурсе";"2068635";"—"
"1616";"2";"Электронное";"256.0";"84 66 100";"6.0";"Участвуете в конкурсе";"1288983";"—"
"1617";"2";"—";"255.0";"96 81 78";"—";"Участвуете в конкурсе";"1622396";"—"
"1618";"2";"—";"255.0";"96 81 78";"—";"Участвуете в конкурсе";"1519916";"—"
"1619";"2";"—";"255.0";"94 75 86";"—";"Участвуете в конкурсе";"1319781";"—"
"1620";"7";"—";"255.0";"88 75 92";"—";"Участвуете в конкурсе";"1986313";"—"
"1621";"4";"—";"255.0";"86 81 88";"—";"Участвуете в конкурсе";"1132769";"—"
"1622";"4";"—";"255.0";"84 81 90";"—";"Участвуете в конкурсе";"1858690";"—"
"1623";"1";"—";"255.0";"84 75 94";"2.0";"Участвуете в конкурсе";"1506795";"—"
"1624";"2";"—";"255.0";"90 72 90";"3.0";"Участвуете в конкурсе";"1774429";"—"
"1625";"7";"—";"255.0";"85 75 92";"3.0";"Участвуете в конкурсе";"1413069";"—"
"1626";"5";"Электронное";"255.0";"85 83 84";"3.0";"Участвуете в конкурсе";"1181405";"—"
"1627";"2";"—";"255.0";"82 73 97";"3.0";"Участвуете в конкурсе";"2001377";"—"
"1628";"3";"—";"255.0";"90 78 82";"5.0";"Участвуете в конкурсе";"1717236";"—"
"1629";"4";"—";"255.0";"90 86 74";"5.0";"Участвуете в конкурсе";"1253371";"—"
"1630";"2";"—";"255.0";"79 89 82";"5.0";"Участвуете в конкурсе";"2002469";"—"
"1631";"3";"—";"255.0";"77 91 82";"5.0";"Участвуете в конкурсе";"1155574";"—"
"1632";"1";"—";"255.0";"77 91 82";"5.0";"Участвуете в конкурсе";"2173159";"—"
"1633";"4";"—";"255.0";"90 69 86";"10.0";"Участвуете в конкурсе";"984674";"—"
"1634";"6";"—";"254.0";"98 72 84";"—";"Участвуете в конкурсе";"2056900";"—"
"1635";"3";"—";"254.0";"86 78 90";"—";"Участвуете в конкурсе";"1245503";"—"
"1636";"4";"Электронное";"254.0";"85 83 86";"—";"Участвуете в конкурсе";"1266323";"—"
"1637";"2";"—";"254.0";"85 91 78";"—";"Участвуете в конкурсе";"2417338";"—"
"1638";"2";"—";"254.0";"75 91 88";"—";"Участвуете в конкурсе";"1615655";"—"
"1639";"1";"—";"254.0";"88 69 95";"2.0";"Участвуете в конкурсе";"2308332";"—"
"1640";"2";"—";"254.0";"93 66 92";"3.0";"Участвуете в конкурсе";"1256212";"—"
"1641";"5";"—";"254.0";"85 70 94";"5.0";"Участвуете в конкурсе";"2134412";"—"
"1642";"6";"—";"254.0";"100 66 82";"6.0";"Участвуете в конкурсе";"945817";"—"
"1643";"4";"Электронное";"254.0";"78 70 100";"6.0";"Участвуете в конкурсе";"1579670";"—"
"1644";"1";"—";"253.0";"96 69 88";"—";"Участвуете в конкурсе";"1757971";"—"
"1645";"3";"—";"253.0";"84 83 86";"—";"Участвуете в конкурсе";"1363181";"—"
"1646";"3";"—";"253.0";"83 73 97";"—";"Участвуете в конкурсе";"2054322";"—"
"1647";"3";"—";"253.0";"73 94 86";"—";"Участвуете в конкурсе";"1984655";"—"
"1648";"4";"—";"253.0";"94 75 82";"2.0";"Участвуете в конкурсе";"1649257";"—"
"1649";"1";"Электронное";"253.0";"90 83 78";"2.0";"Участвуете в конкурсе";"2246877";"—"
"1650";"2";"—";"253.0";"82 89 80";"2.0";"Участвуете в конкурсе";"1773597";"—"
"1651";"1";"—";"253.0";"100 66 84";"3.0";"Участвуете в конкурсе";"1784282";"—"
"1652";"3";"—";"253.0";"96 70 84";"3.0";"Участвуете в конкурсе";"1547578";"—"
"1653";"3";"—";"253.0";"88 67 95";"3.0";"Участвуете в конкурсе";"1192466";"—"
"1654";"2";"—";"253.0";"88 78 84";"3.0";"Участвуете в конкурсе";"2310217";"—"
"1655";"3";"—";"253.0";"88 78 84";"3.0";"Участвуете в конкурсе";"1196595";"—"
"1656";"2";"—";"253.0";"80 73 97";"3.0";"Участвуете в конкурсе";"2274252";"—"
"1657";"4";"—";"253.0";"80 86 84";"3.0";"Участвуете в конкурсе";"1583175";"—"
"1658";"3";"—";"253.0";"79 81 90";"3.0";"Участвуете в конкурсе";"1644924";"—"
"1659";"1";"—";"253.0";"78 78 94";"3.0";"Участвуете в конкурсе";"1731570";"—"
"1660";"2";"—";"253.0";"88 64 96";"5.0";"Участвуете в конкурсе";"2292999";"—"
"1661";"4";"—";"253.0";"80 83 80";"10.0";"Участвуете в конкурсе";"1995370";"—"
"1662";"5";"—";"252.0";"93 73 86";"—";"Участвуете в конкурсе";"1885890";"—"
"1663";"2";"—";"252.0";"90 72 90";"—";"Участвуете в конкурсе";"2220577";"—"
"1664";"2";"—";"252.0";"88 86 78";"—";"Участвуете в конкурсе";"1364254";"—"
"1665";"4";"—";"252.0";"88 86 78";"—";"Участвуете в конкурсе";"2163679";"—"
"1666";"4";"—";"252.0";"86 86 80";"—";"Участвуете в конкурсе";"1786127";"—"
"1667";"6";"—";"252.0";"85 70 97";"—";"Участвуете в конкурсе";"1409101";"—"
"1668";"4";"Электронное";"252.0";"80 86 86";"—";"Участвуете в конкурсе";"1788643";"—"
"1669";"5";"—";"252.0";"98 72 80";"2.0";"Участвуете в конкурсе";"2240663";"—"
"1670";"2";"—";"252.0";"88 78 84";"2.0";"Участвуете в конкурсе";"1738048";"—"
"1671";"2";"Электронное";"252.0";"86 64 100";"2.0";"Участвуете в конкурсе";"1898184";"—"
"1672";"5";"Электронное";"252.0";"93 86 70";"3.0";"Участвуете в конкурсе";"2204488";"—"
"1673";"3";"—";"252.0";"90 75 84";"3.0";"Участвуете в конкурсе";"1190161";"—"
"1674";"3";"—";"252.0";"88 81 80";"3.0";"Участвуете в конкурсе";"1509805";"—"
"1675";"7";"—";"252.0";"86 69 94";"3.0";"Участвуете в конкурсе";"1651035";"—"
"1676";"3";"—";"252.0";"85 78 86";"3.0";"Участвуете в конкурсе";"2214923";"—"
"1677";"2";"—";"252.0";"76 83 88";"5.0";"Участвуете в конкурсе";"2253479";"—"
"1678";"1";"—";"252.0";"80 70 96";"6.0";"Участвуете в конкурсе";"2115938";"—"
"1679";"1";"—";"252.0";"80 86 78";"8.0";"Участвуете в конкурсе";"2267649";"—"
"1680";"1";"—";"251.0";"90 75 86";"—";"Участвуете в конкурсе";"1644761";"—"
"1681";"3";"—";"251.0";"90 83 78";"—";"Участвуете в конкурсе";"1331479";"—"
"1682";"3";"—";"251.0";"84 73 94";"—";"Участвуете в конкурсе";"2041181";"—"
"1683";"3";"—";"251.0";"82 81 88";"—";"Участвуете в конкурсе";"1803521";"—"
"1684";"2";"—";"251.0";"82 81 88";"—";"Участвуете в конкурсе";"1359177";"—"
"1685";"2";"—";"251.0";"82 89 80";"—";"Участвуете в конкурсе";"1963972";"—"
"1686";"2";"—";"251.0";"80 89 82";"—";"Участвуете в конкурсе";"1882721";"—"
"1687";"6";"—";"251.0";"88 73 88";"2.0";"Участвуете в конкурсе";"1207864";"—"
"1688";"5";"Электронное";"251.0";"86 83 80";"2.0";"Участвуете в конкурсе";"2161682";"—"
"1689";"4";"—";"251.0";"85 94 70";"2.0";"Участвуете в конкурсе";"1558756";"—"
"1690";"6";"Электронное";"251.0";"70 89 90";"2.0";"Участвуете в конкурсе";"1207526";"—"
"1691";"3";"—";"251.0";"80 86 82";"3.0";"Участвуете в конкурсе";"2042579";"—"
"1692";"1";"—";"251.0";"80 86 82";"3.0";"Участвуете в конкурсе";"1518378";"—"
"1693";"2";"—";"251.0";"70 86 92";"3.0";"Участвуете в конкурсе";"2272665";"—"
"1694";"3";"—";"251.0";"80 86 80";"5.0";"Участвуете в конкурсе";"1095368";"—"
"1695";"1";"—";"251.0";"70 75 100";"6.0";"Участвуете в конкурсе";"1364782";"—"
"1696";"4";"Электронное";"251.0";"100 69 72";"10.0";"Участвуете в конкурсе";"2309834";"—"
"1697";"2";"—";"250.0";"100 70 80";"—";"Участвуете в конкурсе";"1784720";"—"
"1698";"1";"—";"250.0";"92 61 97";"—";"Участвуете в конкурсе";"1117232";"—"
"1699";"3";"Электронное";"250.0";"88 78 84";"—";"Участвуете в конкурсе";"1265901";"—"
"1700";"5";"—";"250.0";"85 81 84";"—";"Участвуете в конкурсе";"1985500";"—"
"1701";"1";"—";"250.0";"77 81 92";"—";"Участвуете в конкурсе";"1997475";"—"
"1702";"4";"—";"250.0";"85 69 94";"2.0";"Участвуете в конкурсе";"1605059";"—"
"1703";"3";"—";"250.0";"83 67 97";"3.0";"Участвуете в конкурсе";"1102011";"—"
"1704";"3";"—";"250.0";"83 86 78";"3.0";"Участвуете в конкурсе";"1187024";"—"
"1705";"2";"—";"250.0";"83 94 70";"3.0";"Участвуете в конкурсе";"1180428";"—"
"1706";"2";"—";"250.0";"82 67 96";"5.0";"Участвуете в конкурсе";"1959223";"—"
"1707";"3";"—";"250.0";"80 73 92";"5.0";"Участвуете в конкурсе";"1181853";"—"
"1708";"4";"Электронное";"250.0";"72 72 100";"6.0";"Участвуете в конкурсе";"1772606";"—"
"1709";"5";"—";"250.0";"80 70 92";"8.0";"Участвуете в конкурсе";"2251891";"—"
"1710";"4";"—";"250.0";"88 72 80";"10.0";"Участвуете в конкурсе";"1518541";"—"
"1711";"1";"—";"249.0";"94 67 88";"—";"Участвуете в конкурсе";"1436460";"—"
"1712";"3";"—";"249.0";"93 70 86";"—";"Участвуете в конкурсе";"2240444";"—"
"1713";"3";"—";"249.0";"84 83 82";"—";"Участвуете в конкурсе";"1241874";"—"
"1714";"4";"—";"249.0";"80 81 88";"—";"Участвуете в конкурсе";"2118485";"—"
"1715";"3";"—";"249.0";"78 89 82";"—";"Участвуете в конкурсе";"1995250";"—"
"1716";"2";"—";"249.0";"77 86 86";"—";"Участвуете в конкурсе";"1911899";"—"
"1717";"3";"—";"249.0";"72 78 99";"—";"Участвуете в конкурсе";"1558256";"—"
"1718";"1";"—";"249.0";"86 75 86";"2.0";"Участвуете в конкурсе";"1883342";"—"
"1719";"3";"Электронное";"249.0";"85 78 84";"2.0";"Участвуете в конкурсе";"1717843";"—"
"1720";"6";"—";"249.0";"79 86 82";"2.0";"Участвуете в конкурсе";"1138279";"—"
"1721";"9";"Электронное";"249.0";"78 78 91";"2.0";"Участвуете в конкурсе";"2041960";"—"
"1722";"3";"—";"249.0";"85 75 86";"3.0";"Участвуете в конкурсе";"1724246";"—"
"1723";"2";"—";"249.0";"82 78 86";"3.0";"Участвуете в конкурсе";"998185";"—"
"1724";"4";"—";"249.0";"80 86 80";"3.0";"Участвуете в конкурсе";"1961553";"—"
"1725";"5";"—";"249.0";"78 78 90";"3.0";"Участвуете в конкурсе";"2249156";"—"
"1726";"2";"—";"249.0";"77 91 78";"3.0";"Участвуете в конкурсе";"2251346";"—"
"1727";"3";"—";"249.0";"75 81 90";"3.0";"Участвуете в конкурсе";"1627540";"—"
"1728";"4";"—";"249.0";"79 83 82";"5.0";"Участвуете в конкурсе";"1558682";"—"
"1729";"2";"—";"249.0";"77 75 92";"5.0";"Участвуете в конкурсе";"2231478";"—"
"1730";"4";"—";"249.0";"73 91 80";"5.0";"Участвуете в конкурсе";"1255797";"—"
"1731";"2";"—";"249.0";"85 78 76";"10.0";"Участвуете в конкурсе";"1715361";"—"
"1732";"2";"—";"249.0";"82 69 88";"10.0";"Участвуете в конкурсе";"1855171";"—"
"1733";"2";"—";"248.0";"98 64 86";"—";"Участвуете в конкурсе";"1373927";"—"
"1734";"2";"—";"248.0";"80 86 82";"—";"Участвуете в конкурсе";"1104072";"—"
"1735";"2";"—";"248.0";"80 86 82";"—";"Участвуете в конкурсе";"1321210";"—"
"1736";"2";"—";"248.0";"92 72 82";"2.0";"Участвуете в конкурсе";"1174003";"—"
"1737";"2";"—";"248.0";"88 73 82";"5.0";"Участвуете в конкурсе";"1258272";"—"
"1738";"3";"—";"248.0";"88 75 80";"5.0";"Участвуете в конкурсе";"1273074";"—"
"1739";"3";"—";"248.0";"83 78 82";"5.0";"Участвуете в конкурсе";"1596873";"—"
"1740";"3";"—";"248.0";"78 83 82";"5.0";"Участвуете в конкурсе";"2006430";"—"
"1741";"2";"—";"248.0";"85 69 84";"10.0";"Участвуете в конкурсе";"1638592";"—"
"1742";"4";"—";"247.0";"92 69 86";"—";"Участвуете в конкурсе";"1579505";"—"
"1743";"5";"—";"247.0";"90 73 84";"—";"Участвуете в конкурсе";"1190354";"—"
"1744";"3";"—";"247.0";"90 75 82";"—";"Участвуете в конкурсе";"1787876";"—"
"1745";"4";"—";"247.0";"88 69 90";"—";"Участвуете в конкурсе";"1199206";"—"
"1746";"4";"—";"247.0";"88 81 78";"—";"Участвуете в конкурсе";"939433";"—"
"1747";"1";"Электронное";"247.0";"88 83 76";"—";"Участвуете в конкурсе";"1332209";"—"
"1748";"6";"—";"247.0";"84 73 90";"—";"Участвуете в конкурсе";"2127360";"—"
"1749";"6";"—";"247.0";"83 72 92";"—";"Участвуете в конкурсе";"1135911";"—"
"1750";"2";"—";"247.0";"82 83 82";"—";"Участвуете в конкурсе";"1636000";"—"
"1751";"3";"—";"247.0";"80 69 98";"—";"Участвуете в конкурсе";"1436019";"—"
"1752";"4";"—";"247.0";"80 73 94";"—";"Участвуете в конкурсе";"1730593";"—"
"1753";"4";"—";"247.0";"78 89 80";"—";"Участвуете в конкурсе";"1698974";"—"
"1754";"2";"—";"247.0";"70 81 96";"—";"Участвуете в конкурсе";"1197394";"—"
"1755";"5";"—";"247.0";"70 91 86";"—";"Участвуете в конкурсе";"1234355";"—"
"1756";"1";"—";"247.0";"86 72 86";"3.0";"Участвуете в конкурсе";"1846298";"—"
"1757";"2";"—";"247.0";"90 72 80";"5.0";"Участвуете в конкурсе";"1766260";"—"
"1758";"1";"—";"247.0";"86 64 92";"5.0";"Участвуете в конкурсе";"2003408";"—"
"1759";"4";"—";"247.0";"80 72 90";"5.0";"Участвуете в конкурсе";"1184317";"—"
"1760";"3";"Электронное";"247.0";"77 73 92";"5.0";"Участвуете в конкурсе";"1423346";"—"
"1761";"2";"—";"247.0";"88 73 78";"8.0";"Участвуете в конкурсе";"1982480";"—"
"1762";"2";"Электронное";"247.0";"83 70 86";"8.0";"Участвуете в конкурсе";"1356909";"—"
"1763";"4";"—";"247.0";"86 75 76";"10.0";"Участвуете в конкурсе";"1480891";"—"
"1764";"3";"—";"247.0";"85 72 80";"10.0";"Участвуете в конкурсе";"1287072";"—"
"1765";"2";"—";"246.0";"88 72 86";"—";"Участвуете в конкурсе";"1578668";"—"
"1766";"2";"—";"246.0";"83 67 96";"—";"Участвуете в конкурсе";"1200763";"—"
"1767";"2";"—";"246.0";"83 75 88";"—";"Участвуете в конкурсе";"1617548";"—"
"1768";"2";"—";"246.0";"82 72 92";"—";"Участвуете в конкурсе";"1333663";"—"
"1769";"5";"—";"246.0";"80 72 94";"—";"Участвуете в конкурсе";"1264424";"—"
"1770";"4";"—";"246.0";"75 89 82";"—";"Участвуете в конкурсе";"2228413";"—"
"1771";"4";"—";"246.0";"88 70 86";"2.0";"Участвуете в конкурсе";"1442464";"—"
"1772";"5";"—";"246.0";"85 75 84";"2.0";"Участвуете в конкурсе";"2219042";"—"
"1773";"5";"—";"246.0";"85 75 84";"2.0";"Участвуете в конкурсе";"1178179";"—"
"1774";"3";"—";"246.0";"82 78 84";"2.0";"Участвуете в конкурсе";"998296";"—"
"1775";"5";"—";"246.0";"80 69 95";"2.0";"Участвуете в конкурсе";"2185421";"—"
"1776";"3";"—";"246.0";"86 73 84";"3.0";"Участвуете в конкурсе";"2205079";"—"
"1777";"3";"—";"246.0";"86 75 82";"3.0";"Участвуете в конкурсе";"1840733";"—"
"1778";"3";"Электронное";"246.0";"80 83 80";"3.0";"Участвуете в конкурсе";"1822084";"—"
"1779";"4";"—";"246.0";"74 89 80";"3.0";"Участвуете в конкурсе";"1793599";"—"
"1780";"2";"—";"246.0";"85 78 78";"5.0";"Участвуете в конкурсе";"2259689";"—"
"1781";"4";"—";"246.0";"78 75 88";"5.0";"Участвуете в конкурсе";"1495224";"—"
"1782";"4";"Электронное";"246.0";"71 66 100";"9.0";"Участвуете в конкурсе";"1292257";"—"
"1783";"4";"—";"245.0";"92 67 86";"—";"Участвуете в конкурсе";"1649070";"—"
"1784";"3";"—";"245.0";"88 73 84";"—";"Участвуете в конкурсе";"1721429";"—"
"1785";"3";"—";"245.0";"88 75 82";"—";"Участвуете в конкурсе";"1276805";"—"
"1786";"2";"—";"245.0";"84 73 88";"—";"Участвуете в конкурсе";"1699749";"—"
"1787";"4";"—";"245.0";"82 73 90";"—";"Участвуете в конкурсе";"1327558";"—"
"1788";"1";"—";"245.0";"80 73 92";"—";"Участвуете в конкурсе";"1705429";"—"
"1789";"1";"—";"245.0";"80 81 84";"—";"Участвуете в конкурсе";"1992101";"—"
"1790";"3";"—";"245.0";"72 89 84";"—";"Участвуете в конкурсе";"2229014";"—"
"1791";"1";"—";"245.0";"71 86 88";"—";"Участвуете в конкурсе";"1618870";"—"
"1792";"9";"—";"245.0";"70 87 88";"—";"Участвуете в конкурсе";"2342328";"—"
"1793";"1";"—";"245.0";"80 81 82";"2.0";"Участвуете в конкурсе";"2268353";"—"
"1794";"4";"—";"245.0";"80 72 90";"3.0";"Участвуете в конкурсе";"1317546";"—"
"1795";"2";"—";"245.0";"80 72 90";"3.0";"Участвуете в конкурсе";"2269876";"—"
"1796";"1";"—";"245.0";"80 86 76";"3.0";"Участвуете в конкурсе";"1189139";"—"
"1797";"5";"—";"245.0";"79 91 72";"3.0";"Участвуете в конкурсе";"2099088";"—"
"1798";"4";"Электронное";"245.0";"77 89 76";"3.0";"Участвуете в конкурсе";"1150406";"—"
"1799";"3";"—";"245.0";"83 67 90";"5.0";"Участвуете в конкурсе";"1444432";"—"
"1800";"5";"—";"244.0";"92 72 80";"—";"Участвуете в конкурсе";"2153783";"—"
"1801";"3";"—";"244.0";"88 72 84";"—";"Участвуете в конкурсе";"2259888";"—"
"1802";"2";"—";"244.0";"83 81 80";"—";"Участвуете в конкурсе";"1426575";"—"
"1803";"3";"—";"244.0";"82 72 90";"—";"Участвуете в конкурсе";"1350295";"—"
"1804";"3";"Электронное";"244.0";"90 66 86";"2.0";"Участвуете в конкурсе";"2311989";"—"
"1805";"3";"—";"244.0";"78 69 95";"2.0";"Участвуете в конкурсе";"2259685";"—"
"1806";"2";"—";"244.0";"85 64 92";"3.0";"Участвуете в конкурсе";"1897817";"—"
"1807";"5";"—";"244.0";"74 81 86";"3.0";"Участвуете в конкурсе";"1917320";"—"
"1808";"2";"—";"244.0";"73 86 82";"3.0";"Участвуете в конкурсе";"2394383";"—"
"1809";"1";"Электронное";"244.0";"83 72 84";"5.0";"Участвуете в конкурсе";"1717973";"—"
"1810";"3";"—";"243.0";"90 67 86";"—";"Участвуете в конкурсе";"2271598";"—"
"1811";"5";"—";"243.0";"90 69 84";"—";"Участвуете в конкурсе";"1576148";"—"
"1812";"3";"—";"243.0";"82 83 78";"—";"Участвуете в конкурсе";"1772055";"—"
"1813";"4";"—";"243.0";"80 64 99";"—";"Участвуете в конкурсе";"2270264";"—"
"1814";"4";"—";"243.0";"80 75 88";"—";"Участвуете в конкурсе";"1307835";"—"
"1815";"5";"Электронное";"243.0";"70 78 95";"—";"Участвуете в конкурсе";"1939992";"—"
"1816";"1";"—";"243.0";"86 73 82";"2.0";"Участвуете в конкурсе";"2193948";"—"
"1817";"4";"—";"243.0";"85 70 86";"2.0";"Участвуете в конкурсе";"2270876";"—"
"1818";"2";"—";"243.0";"80 75 86";"2.0";"Участвуете в конкурсе";"1255861";"—"
"1819";"1";"—";"243.0";"80 83 78";"2.0";"Участвуете в конкурсе";"1755870";"—"
"1820";"2";"—";"243.0";"71 83 86";"3.0";"Участвуете в конкурсе";"1695619";"—"
"1821";"3";"—";"243.0";"76 86 76";"5.0";"Участвуете в конкурсе";"1724567";"—"
"1822";"8";"—";"243.0";"78 73 84";"8.0";"Участвуете в конкурсе";"1440334";"—"
"1823";"1";"—";"242.0";"100 64 78";"—";"Участвуете в конкурсе";"2313733";"—"
"1824";"3";"—";"242.0";"88 66 88";"—";"Участвуете в конкурсе";"1469275";"—"
"1825";"2";"—";"242.0";"88 70 84";"—";"Участвуете в конкурсе";"2030338";"—"
"1826";"3";"—";"242.0";"85 75 82";"—";"Участвуете в конкурсе";"2424477";"—"
"1827";"3";"—";"242.0";"83 81 78";"—";"Участвуете в конкурсе";"2392377";"—"
"1828";"2";"—";"242.0";"83 81 78";"—";"Участвуете в конкурсе";"1964685";"—"
"1829";"3";"Электронное";"242.0";"78 69 95";"—";"Участвуете в конкурсе";"1107394";"—"
"1830";"2";"—";"242.0";"77 75 90";"—";"Участвуете в конкурсе";"1728825";"—"
"1831";"4";"—";"242.0";"74 70 98";"—";"Участвуете в конкурсе";"1368206";"—"
"1832";"1";"—";"242.0";"83 63 94";"2.0";"Участвуете в конкурсе";"1610396";"—"
"1833";"3";"Электронное";"242.0";"80 64 96";"2.0";"Участвуете в конкурсе";"1880907";"—"
"1834";"4";"—";"242.0";"79 72 88";"3.0";"Участвуете в конкурсе";"1194844";"—"
"1835";"2";"—";"242.0";"72 89 78";"3.0";"Участвуете в конкурсе";"1454713";"—"
"1836";"8";"Электронное";"242.0";"75 78 84";"5.0";"Участвуете в конкурсе";"2313201";"—"
"1837";"8";"—";"242.0";"70 83 84";"5.0";"Участвуете в конкурсе";"2128826";"—"
"1838";"5";"—";"241.0";"88 61 92";"—";"Участвуете в конкурсе";"2265391";"—"
"1839";"4";"—";"241.0";"86 75 80";"—";"Участвуете в конкурсе";"1170446";"—"
"1840";"1";"—";"241.0";"84 75 82";"—";"Участвуете в конкурсе";"1300624";"—"
"1841";"2";"Электронное";"241.0";"83 70 88";"—";"Участвуете в конкурсе";"1796107";"—"
"1842";"3";"—";"241.0";"72 89 80";"—";"Участвуете в конкурсе";"2413958";"—"
"1843";"4";"—";"241.0";"76 83 80";"2.0";"Участвуете в конкурсе";"1952802";"—"
"1844";"3";"—";"241.0";"71 86 82";"2.0";"Участвуете в конкурсе";"2176633";"—"
"1845";"4";"—";"241.0";"95 61 82";"3.0";"Участвуете в конкурсе";"2311730";"—"
"1846";"3";"—";"241.0";"76 72 90";"3.0";"Участвуете в конкурсе";"1205527";"—"
"1847";"3";"—";"241.0";"72 78 88";"3.0";"Участвуете в конкурсе";"1790205";"—"
"1848";"3";"—";"241.0";"76 78 82";"5.0";"Участвуете в конкурсе";"1794675";"—"
"1849";"4";"—";"241.0";"75 83 78";"5.0";"Участвуете в конкурсе";"1267228";"—"
"1850";"2";"—";"241.0";"67 89 80";"5.0";"Участвуете в конкурсе";"2111828";"—"
"1851";"4";"—";"240.0";"88 78 74";"—";"Участвуете в конкурсе";"1428829";"—"
"1852";"5";"—";"240.0";"85 69 86";"—";"Участвуете в конкурсе";"1716992";"—"
"1853";"4";"—";"240.0";"82 61 97";"—";"Участвуете в конкурсе";"1976896";"—"
"1854";"3";"Электронное";"240.0";"82 72 86";"—";"Участвуете в конкурсе";"2248806";"—"
"1855";"3";"Электронное";"240.0";"80 64 96";"—";"Участвуете в конкурсе";"1212084";"—"
"1856";"1";"—";"240.0";"79 64 97";"—";"Участвуете в конкурсе";"1517389";"—"
"1857";"8";"—";"240.0";"72 86 82";"—";"Участвуете в конкурсе";"1214898";"—"
"1858";"5";"—";"240.0";"80 78 80";"2.0";"Участвуете в конкурсе";"2037344";"—"
"1859";"2";"—";"240.0";"77 83 78";"2.0";"Участвуете в конкурсе";"1655228";"—"
"1860";"4";"—";"240.0";"71 91 76";"2.0";"Участвуете в конкурсе";"1713796";"—"
"1861";"2";"—";"240.0";"82 81 74";"3.0";"Участвуете в конкурсе";"1205869";"—"
"1862";"4";"—";"240.0";"73 86 76";"5.0";"Участвуете в конкурсе";"1920162";"—"
"1863";"5";"—";"240.0";"75 75 82";"8.0";"Участвуете в конкурсе";"1165177";"—"
"1864";"5";"—";"239.0";"82 75 82";"—";"Участвуете в конкурсе";"1251403";"—"
"1865";"4";"—";"239.0";"80 75 84";"—";"Участвуете в конкурсе";"1205041";"—"
"1866";"6";"—";"239.0";"73 75 88";"3.0";"Участвуете в конкурсе";"1844473";"—"
"1867";"5";"—";"239.0";"78 70 86";"5.0";"Участвуете в конкурсе";"1932309";"—"
"1868";"3";"—";"239.0";"75 75 84";"5.0";"Участвуете в конкурсе";"1927005";"—"
"1869";"1";"—";"239.0";"70 86 78";"5.0";"Участвуете в конкурсе";"1043460";"—"
"1870";"4";"—";"239.0";"76 75 80";"8.0";"Участвуете в конкурсе";"1515159";"—"
"1871";"5";"—";"238.0";"85 75 78";"—";"Участвуете в конкурсе";"1753980";"—"
"1872";"4";"—";"238.0";"85 83 70";"—";"Участвуете в конкурсе";"2339325";"—"
"1873";"1";"—";"238.0";"71 75 92";"—";"Участвуете в конкурсе";"1131549";"—"
"1874";"4";"—";"238.0";"85 69 82";"2.0";"Участвуете в конкурсе";"2313434";"—"
"1875";"2";"—";"238.0";"70 72 86";"10.0";"Участвуете в конкурсе";"1595603";"—"
"1876";"1";"—";"237.0";"80 67 90";"—";"Участвуете в конкурсе";"1174355";"—"
"1877";"4";"—";"237.0";"76 66 95";"—";"Участвуете в конкурсе";"1695776";"—"
"1878";"3";"—";"237.0";"76 75 86";"—";"Участвуете в конкурсе";"1999674";"—"
"1879";"1";"—";"237.0";"88 63 84";"2.0";"Участвуете в конкурсе";"1429310";"—"
"1880";"3";"—";"237.0";"80 73 82";"2.0";"Участвуете в конкурсе";"2003126";"—"
"1881";"5";"—";"237.0";"79 70 86";"2.0";"Участвуете в конкурсе";"1367088";"—"
"1882";"2";"—";"237.0";"68 89 78";"2.0";"Участвуете в конкурсе";"2212235";"—"
"1883";"1";"—";"237.0";"84 72 78";"3.0";"Участвуете в конкурсе";"1278651";"—"
"1884";"1";"—";"237.0";"77 61 96";"3.0";"Участвуете в конкурсе";"948460";"—"
"1885";"3";"—";"237.0";"70 78 84";"5.0";"Участвуете в конкурсе";"2055876";"—"
"1886";"5";"—";"237.0";"70 83 74";"10.0";"Участвуете в конкурсе";"2226971";"—"
"1887";"3";"—";"236.0";"84 70 82";"—";"Участвуете в конкурсе";"959761";"—"
"1888";"6";"—";"236.0";"83 69 84";"—";"Участвуете в конкурсе";"2055782";"—"
"1889";"1";"—";"236.0";"79 67 90";"—";"Участвуете в конкурсе";"1108751";"—"
"1890";"4";"Электронное";"236.0";"79 83 74";"—";"Участвуете в конкурсе";"2305403";"—"
"1891";"1";"—";"236.0";"80 78 76";"2.0";"Участвуете в конкурсе";"1843099";"—"
"1892";"4";"—";"236.0";"79 73 82";"2.0";"Участвуете в конкурсе";"1685053";"—"
"1893";"1";"Электронное";"236.0";"68 81 84";"3.0";"Участвуете в конкурсе";"2286602";"—"
"1894";"2";"—";"235.0";"90 63 82";"—";"Участвуете в конкурсе";"1083089";"—"
"1895";"4";"—";"235.0";"80 75 80";"—";"Участвуете в конкурсе";"1984730";"—"
"1896";"2";"—";"235.0";"77 72 86";"—";"Участвуете в конкурсе";"2314884";"—"
"1897";"1";"—";"235.0";"76 73 86";"—";"Участвуете в конкурсе";"1091624";"—"
"1898";"1";"—";"235.0";"75 80 80";"—";"Участвуете в конкурсе";"1598425";"—"
"1899";"6";"Электронное";"235.0";"70 81 84";"—";"Участвуете в конкурсе";"1100965";"—"
"1900";"1";"—";"235.0";"65 86 84";"—";"Участвуете в конкурсе";"1181158";"—"
"1901";"1";"—";"235.0";"80 67 86";"2.0";"Участвуете в конкурсе";"2343508";"—"
"1902";"2";"—";"235.0";"75 75 82";"3.0";"Участвуете в конкурсе";"1514051";"—"
"1903";"2";"—";"235.0";"70 72 90";"3.0";"Участвуете в конкурсе";"1869720";"—"
"1904";"7";"—";"235.0";"68 72 92";"3.0";"Участвуете в конкурсе";"2006806";"—"
"1905";"3";"Электронное";"234.0";"100 60 74";"—";"Участвуете в конкурсе";"2162453";"—"
"1906";"3";"—";"234.0";"85 67 82";"—";"Участвуете в конкурсе";"1624554";"—"
"1907";"3";"—";"234.0";"85 73 76";"—";"Участвуете в конкурсе";"1679030";"—"
"1908";"4";"Электронное";"234.0";"83 69 82";"—";"Участвуете в конкурсе";"1901263";"—"
"1909";"3";"—";"234.0";"78 78 78";"—";"Участвуете в конкурсе";"1124330";"—"
"1910";"1";"—";"234.0";"77 75 82";"—";"Участвуете в конкурсе";"1606377";"—"
"1911";"2";"—";"234.0";"72 67 95";"—";"Участвуете в конкурсе";"2424097";"—"
"1912";"5";"—";"234.0";"74 78 80";"2.0";"Участвуете в конкурсе";"1258098";"—"
"1913";"5";"Электронное";"234.0";"73 75 84";"2.0";"Участвуете в конкурсе";"1442437";"—"
"1914";"4";"—";"234.0";"84 73 74";"3.0";"Участвуете в конкурсе";"1665081";"—"
"1915";"1";"—";"234.0";"77 72 82";"3.0";"Участвуете в конкурсе";"1027403";"—"
"1916";"3";"—";"234.0";"76 73 82";"3.0";"Участвуете в конкурсе";"1955782";"—"
"1917";"2";"—";"234.0";"76 83 72";"3.0";"Участвуете в конкурсе";"1563827";"—"
"1918";"1";"—";"234.0";"72 81 78";"3.0";"Участвуете в конкурсе";"1579157";"—"
"1919";"3";"Электронное";"234.0";"70 66 88";"10.0";"Участвуете в конкурсе";"1168537";"—"
"1920";"1";"—";"233.0";"84 69 80";"—";"Участвуете в конкурсе";"1984682";"—"
"1921";"4";"—";"233.0";"82 69 82";"—";"Участвуете в конкурсе";"1352954";"—"
"1922";"3";"—";"233.0";"80 73 80";"—";"Участвуете в конкурсе";"1399993";"—"
"1923";"2";"—";"233.0";"78 73 82";"—";"Участвуете в конкурсе";"2338212";"—"
"1924";"1";"—";"233.0";"74 73 86";"—";"Участвуете в конкурсе";"2123802";"—"
"1925";"2";"—";"233.0";"82 75 74";"2.0";"Участвуете в конкурсе";"2221419";"—"
"1926";"2";"—";"233.0";"70 81 80";"2.0";"Участвуете в конкурсе";"2021229";"—"
"1927";"1";"—";"233.0";"78 70 80";"5.0";"Участвуете в конкурсе";"1261373";"—"
"1928";"9";"—";"232.0";"75 87 70";"—";"Участвуете в конкурсе";"2425211";"—"
"1929";"4";"—";"232.0";"74 78 80";"—";"Участвуете в конкурсе";"2295953";"—"
"1930";"3";"—";"232.0";"71 67 94";"—";"Участвуете в конкурсе";"1645839";"—"
"1931";"2";"—";"232.0";"76 78 76";"2.0";"Участвуете в конкурсе";"2003009";"—"
"1932";"3";"—";"232.0";"70 81 78";"3.0";"Участвуете в конкурсе";"1243730";"—"
"1933";"1";"—";"231.0";"80 61 90";"—";"Участвуете в конкурсе";"1049654";"—"
"1934";"2";"—";"231.0";"80 69 82";"—";"Участвуете в конкурсе";"2209061";"—"
"1935";"3";"—";"231.0";"80 81 70";"—";"Участвуете в конкурсе";"1985363";"—"
"1936";"3";"—";"231.0";"76 67 88";"—";"Участвуете в конкурсе";"1995061";"—"
"1937";"5";"—";"231.0";"77 70 82";"2.0";"Участвуете в конкурсе";"1617391";"—"
"1938";"5";"Электронное";"231.0";"70 75 84";"2.0";"Участвуете в конкурсе";"1247549";"—"
"1939";"1";"—";"231.0";"71 75 82";"3.0";"Участвуете в конкурсе";"2280657";"—"
"1940";"1";"—";"231.0";"67 73 88";"3.0";"Участвуете в конкурсе";"1096073";"—"
"1941";"3";"—";"231.0";"67 91 70";"3.0";"Участвуете в конкурсе";"2230298";"—"
"1942";"1";"—";"231.0";"67 75 84";"5.0";"Участвуете в конкурсе";"2415998";"—"
"1943";"4";"—";"230.0";"76 70 84";"—";"Участвуете в конкурсе";"1655424";"—"
"1944";"1";"—";"230.0";"67 81 82";"—";"Участвуете в конкурсе";"2319533";"—"
"1945";"1";"—";"230.0";"76 69 80";"5.0";"Участвуете в конкурсе";"1829076";"—"
"1946";"5";"—";"229.0";"88 69 72";"—";"Участвуете в конкурсе";"1579689";"—"
"1947";"1";"—";"229.0";"78 69 82";"—";"Участвуете в конкурсе";"1692557";"—"
"1948";"5";"—";"229.0";"78 69 82";"—";"Участвуете в конкурсе";"1965024";"—"
"1949";"4";"—";"229.0";"78 69 82";"—";"Участвуете в конкурсе";"1977642";"—"
"1950";"3";"—";"229.0";"72 75 82";"—";"Участвуете в конкурсе";"1761860";"—"
"1951";"5";"—";"229.0";"73 78 76";"2.0";"Участвуете в конкурсе";"2361998";"—"
"1952";"2";"—";"228.0";"82 66 80";"—";"Участвуете в конкурсе";"1603618";"—"
"1953";"2";"—";"228.0";"78 72 78";"—";"Участвуете в конкурсе";"1393188";"—"
"1954";"3";"Электронное";"228.0";"77 73 78";"—";"Участвуете в конкурсе";"2419757";"—"
"1955";"1";"—";"228.0";"71 81 74";"2.0";"Участвуете в конкурсе";"1248878";"—"
"1956";"1";"—";"228.0";"67 78 78";"5.0";"Участвуете в конкурсе";"2273337";"—"
"1957";"3";"Электронное";"227.0";"80 61 86";"—";"Участвуете в конкурсе";"2198969";"—"
"1958";"4";"—";"227.0";"80 61 86";"—";"Участвуете в конкурсе";"1197886";"—"
"1959";"2";"—";"227.0";"80 75 72";"—";"Участвуете в конкурсе";"1288033";"—"
"1960";"2";"—";"227.0";"77 66 84";"—";"Участвуете в конкурсе";"1289082";"—"
"1961";"1";"—";"227.0";"70 73 84";"—";"Участвуете в конкурсе";"1287868";"—"
"1962";"1";"—";"227.0";"70 78 76";"3.0";"Участвуете в конкурсе";"1794829";"—"
"1963";"2";"—";"227.0";"67 81 76";"3.0";"Участвуете в конкурсе";"2183704";"—"
"1964";"4";"—";"226.0";"83 67 76";"—";"Участвуете в конкурсе";"1289596";"—"
"1965";"4";"—";"226.0";"83 69 74";"—";"Участвуете в конкурсе";"2065541";"—"
"1966";"3";"—";"226.0";"78 70 78";"—";"Участвуете в конкурсе";"1003671";"—"
"1967";"5";"—";"226.0";"72 70 84";"—";"Участвуете в конкурсе";"2260248";"—"
"1968";"1";"—";"226.0";"79 69 76";"2.0";"Участвуете в конкурсе";"1328917";"—"
"1969";"4";"—";"226.0";"74 60 90";"2.0";"Участвуете в конкурсе";"2099717";"—"
"1970";"2";"—";"226.0";"82 61 80";"3.0";"Участвуете в конкурсе";"1984836";"—"
"1971";"8";"—";"226.0";"78 69 76";"3.0";"Участвуете в конкурсе";"1982986";"—"
"1972";"2";"—";"226.0";"68 67 88";"3.0";"Участвуете в конкурсе";"1575521";"—"
"1973";"2";"—";"226.0";"68 81 74";"3.0";"Участвуете в конкурсе";"1360972";"—"
"1974";"2";"—";"225.0";"83 66 76";"—";"Участвуете в конкурсе";"1656829";"—"
"1975";"2";"—";"225.0";"78 75 72";"—";"Участвуете в конкурсе";"1645823";"—"
"1976";"3";"—";"225.0";"77 66 82";"—";"Участвуете в конкурсе";"2363069";"—"
"1977";"2";"—";"225.0";"76 67 82";"—";"Участвуете в конкурсе";"2055650";"—"
"1978";"1";"—";"225.0";"76 69 80";"—";"Участвуете в конкурсе";"1390792";"—"
"1979";"1";"—";"225.0";"68 73 84";"—";"Участвуете в конкурсе";"1939677";"—"
"1980";"4";"—";"225.0";"77 66 80";"2.0";"Участвуете в конкурсе";"1730239";"—"
"1981";"3";"—";"225.0";"67 72 84";"2.0";"Участвуете в конкурсе";"1964277";"—"
"1982";"4";"—";"225.0";"67 73 80";"5.0";"Участвуете в конкурсе";"1768529";"—"
"1983";"2";"—";"224.0";"84 64 76";"—";"Участвуете в конкурсе";"1350995";"—"
"1984";"5";"—";"224.0";"78 70 76";"—";"Участвуете в конкурсе";"1982508";"—"
"1985";"1";"—";"224.0";"79 73 70";"2.0";"Участвуете в конкурсе";"1677897";"—"
"1986";"4";"—";"224.0";"70 72 80";"2.0";"Участвуете в конкурсе";"2255662";"—"
"1987";"2";"Электронное";"224.0";"65 81 76";"2.0";"Участвуете в конкурсе";"2340312";"—"
"1988";"5";"Электронное";"223.0";"78 61 84";"—";"Участвуете в конкурсе";"2217531";"—"
"1989";"1";"—";"223.0";"70 67 86";"—";"Участвуете в конкурсе";"986798";"—"
"1990";"6";"—";"223.0";"70 85 68";"—";"Участвуете в конкурсе";"1050455";"—"
"1991";"1";"—";"223.0";"68 69 86";"—";"Участвуете в конкурсе";"1792192";"—"
"1992";"3";"—";"223.0";"74 69 78";"2.0";"Участвуете в конкурсе";"1164625";"—"
"1993";"3";"Электронное";"223.0";"73 66 82";"2.0";"Участвуете в конкурсе";"1276371";"—"
"1994";"2";"—";"223.0";"65 69 86";"3.0";"Участвуете в конкурсе";"2419412";"—"
"1995";"4";"—";"223.0";"71 69 78";"5.0";"Участвуете в конкурсе";"1417078";"—"
"1996";"6";"—";"223.0";"70 70 78";"5.0";"Участвуете в конкурсе";"2004972";"—"
"1997";"2";"—";"222.0";"74 64 84";"—";"Участвуете в конкурсе";"1346804";"—"
"1998";"4";"—";"222.0";"73 75 74";"—";"Участвуете в конкурсе";"1778166";"—"
"1999";"1";"—";"222.0";"67 81 74";"—";"Участвуете в конкурсе";"1033586";"—"
"2000";"3";"—";"222.0";"70 64 82";"6.0";"Участвуете в конкурсе";"1254841";"—"
"2001";"3";"—";"221.0";"85 66 70";"—";"Участвуете в конкурсе";"2297604";"—"
"2002";"2";"—";"221.0";"80 61 80";"—";"Участвуете в конкурсе";"1791720";"—"
"2003";"1";"—";"221.0";"78 69 74";"—";"Участвуете в конкурсе";"2211588";"—"
"2004";"4";"Электронное";"221.0";"72 71 78";"—";"Участвуете в конкурсе";"2405536";"—"
"2005";"2";"—";"221.0";"71 70 80";"—";"Участвуете в конкурсе";"2080433";"—"
"2006";"4";"—";"221.0";"75 60 84";"2.0";"Участвуете в конкурсе";"2300117";"—"
"2007";"3";"—";"221.0";"76 66 76";"3.0";"Участвуете в конкурсе";"1732568";"—"
"2008";"3";"—";"220.0";"78 60 82";"—";"Участвуете в конкурсе";"2271868";"—"
"2009";"2";"—";"220.0";"73 63 84";"—";"Участвуете в конкурсе";"1997575";"—"
"2010";"5";"—";"220.0";"72 70 78";"—";"Участвуете в конкурсе";"1436758";"—"
"2011";"1";"—";"220.0";"74 64 80";"2.0";"Участвуете в конкурсе";"1050931";"—"
"2012";"5";"—";"220.0";"75 66 76";"3.0";"Участвуете в конкурсе";"1891368";"—"
"2013";"3";"—";"219.0";"73 70 76";"—";"Участвуете в конкурсе";"1038155";"—"
"2014";"6";"—";"219.0";"73 70 76";"—";"Участвуете в конкурсе";"1535693";"—"
"2015";"2";"—";"219.0";"71 72 76";"—";"Участвуете в конкурсе";"1680582";"—"
"2016";"3";"—";"219.0";"70 69 80";"—";"Участвуете в конкурсе";"2169292";"—"
"2017";"6";"—";"218.0";"80 60 78";"—";"Участвуете в конкурсе";"1520084";"—"
"2018";"2";"—";"218.0";"70 72 76";"—";"Участвуете в конкурсе";"1721938";"—"
"2019";"2";"—";"218.0";"67 73 78";"—";"Участвуете в конкурсе";"2392543";"—"
"2020";"4";"—";"218.0";"65 83 70";"—";"Участвуете в конкурсе";"2233968";"—"
"2021";"5";"—";"218.0";"75 67 74";"2.0";"Участвуете в конкурсе";"1183364";"—"
"2022";"3";"—";"218.0";"77 66 72";"3.0";"Участвуете в конкурсе";"2246381";"—"
"2023";"5";"—";"218.0";"65 78 72";"3.0";"Участвуете в конкурсе";"1686463";"—"
"2024";"2";"—";"218.0";"65 78 72";"3.0";"Участвуете в конкурсе";"1938702";"—"
"2025";"1";"—";"218.0";"67 67 76";"8.0";"Участвуете в конкурсе";"1144386";"—"
"2026";"5";"—";"217.0";"83 64 70";"—";"Участвуете в конкурсе";"1856451";"—"
"2027";"4";"—";"217.0";"71 72 74";"—";"Участвуете в конкурсе";"1435288";"—"
"2028";"4";"—";"217.0";"70 69 78";"—";"Участвуете в конкурсе";"1369638";"—"
"2029";"2";"—";"217.0";"67 60 90";"—";"Участвуете в конкурсе";"2345569";"—"
"2030";"1";"—";"217.0";"74 60 78";"5.0";"Участвуете в конкурсе";"1567137";"—"
"2031";"1";"Электронное";"216.0";"71 69 74";"2.0";"Участвуете в конкурсе";"1261910";"—"
"2032";"3";"Электронное";"216.0";"72 60 74";"10.0";"Участвуете в конкурсе";"1498905";"—"
"2033";"2";"—";"215.0";"76 61 78";"—";"Участвуете в конкурсе";"2142161";"—"
"2034";"1";"—";"215.0";"72 63 80";"—";"Участвуете в конкурсе";"1043918";"—"
"2035";"1";"—";"215.0";"65 70 78";"2.0";"Участвуете в конкурсе";"1044006";"—"
"2036";"3";"—";"214.0";"67 64 80";"3.0";"Участвуете в конкурсе";"2334396";"—"
"2037";"3";"—";"213.0";"70 69 74";"—";"Участвуете в конкурсе";"1446427";"—"
"2038";"1";"—";"213.0";"78 61 72";"2.0";"Участвуете в конкурсе";"1735093";"—"
"2039";"2";"—";"213.0";"75 63 72";"3.0";"Участвуете в конкурсе";"1717883";"—"
"2040";"1";"—";"212.0";"76 64 72";"—";"Участвуете в конкурсе";"2066886";"—"
"2041";"3";"—";"212.0";"72 66 74";"—";"Участвуете в конкурсе";"1785367";"—"
"2042";"2";"—";"212.0";"70 66 76";"—";"Участвуете в конкурсе";"1982997";"—"
"2043";"5";"—";"212.0";"70 72 70";"—";"Участвуете в конкурсе";"1726389";"—"
"2044";"4";"—";"212.0";"67 69 76";"—";"Участвуете в конкурсе";"2043252";"—"
"2045";"2";"—";"212.0";"78 61 70";"3.0";"Участвуете в конкурсе";"2309380";"—"
"2046";"1";"—";"212.0";"68 66 70";"8.0";"Участвуете в конкурсе";"1697248";"—"
"2047";"2";"—";"211.0";"71 60 80";"—";"Участвуете в конкурсе";"2211534";"—"
"2048";"2";"—";"208.0";"67 67 74";"—";"Участвуете в конкурсе";"1610176";"—"
"2049";"2";"—";"208.0";"65 69 74";"—";"Участвуете в конкурсе";"1839210";"—"
"2050";"4";"—";"207.0";"67 60 80";"—";"Участвуете в конкурсе";"1730735";"—"
"2051";"4";"—";"206.0";"72 60 74";"—";"Участвуете в конкурсе";"1520466";"—"
"2052";"3";"—";"206.0";"72 60 72";"2.0";"Участвуете в конкурсе";"2170812";"—"
"2053";"2";"Электронное";"203.0";"67 60 76";"—";"Участвуете в конкурсе";"995515";"—"
