"Порядковый номер";"Приоритет конкурса";"Подано согласие";"Сумма баллов";"Баллы за ВИ";"Баллы за ИД";"Статус";"Код поступающего";"Дата выбора конкурсной группы по Москве"
"1";"1";"Электронное";"277.0";"95 81 98";"3.0";"Участвуете в конкурсе";"1258999";"—"
"2";"1";"Электронное";"236.0";"72 72 92";"—";"Участвуете в конкурсе";"1897280";"—"
"3";"1";"Электронное";"164.0";"97";"—";"Участвуете в конкурсе";"2260584";"—"
"4";"1";"Электронное";"187.0";"88";"10.0";"Участвуете в конкурсе";"1544527";"—"
"5";"1";"Электронное";"274.0";"88 86 90";"10.0";"Участвуете в конкурсе";"1291410";"—"
"6";"1";"Электронное";"150.0";"70";"10.0";"Участвуете в конкурсе";"1172099";"—"
"7";"1";"Электронное";"162.0";"86";"10.0";"Участвуете в конкурсе";"1673314";"—"
"8";"1";"Электронное";"190.0";"94";"10.0";"Участвуете в конкурсе";"1723333";"—"
"9";"1";"Электронное";"152.0";"88";"10.0";"Участвуете в конкурсе";"1807541";"—"
"10";"1";"Электронное";"290.0";"100 81 100";"9.0";"Участвуете в конкурсе";"1751620";"—"
"11";"1";"Электронное";"283.0";"93 86 98";"6.0";"Участвуете в конкурсе";"1361822";"—"
"12";"1";"Электронное";"165.0";"95";"6.0";"Участвуете в конкурсе";"1939003";"—"
"13";"1";"Электронное";"258.0";"96 75 82";"5.0";"Участвуете в конкурсе";"1013660";"—"
"14";"1";"Электронное";"251.0";"64 86 96";"5.0";"Участвуете в конкурсе";"1953857";"—"
"15";"1";"Электронное";"270.0";"86 86 95";"3.0";"Участвуете в конкурсе";"1355085";"—"
"16";"1";"Электронное";"276.0";"98 83 92";"3.0";"Участвуете в конкурсе";"1256706";"—"
"17";"1";"Электронное";"158.0";"80";"3.0";"Участвуете в конкурсе";"1721338";"—"
"18";"1";"Электронное";"179.0";"90";"3.0";"Участвуете в конкурсе";"1483457";"—"
"19";"1";"Электронное";"213.0";"65 60 88";"—";"Участвуете в конкурсе";"2034675";"—"
"20";"2";"—";"310.0";"100 100 100";"10.0";"Участвуете в конкурсе";"1846188";"—"
"21";"1";"Электронное";"310.0";"100 100 100";"10.0";"Участвуете в конкурсе";"1267414";"—"
"22";"1";"—";"309.0";"100 100 100";"9.0";"Участвуете в конкурсе";"1200852";"—"
"23";"3";"—";"309.0";"100 100 100";"9.0";"Участвуете в конкурсе";"2143239";"—"
"24";"5";"—";"309.0";"100 100 100";"9.0";"Участвуете в конкурсе";"1777475";"—"
"25";"2";"—";"308.0";"98 100 100";"10.0";"Участвуете в конкурсе";"1056458";"—"
"26";"5";"—";"308.0";"98 100 100";"10.0";"Участвуете в конкурсе";"1521038";"—"
"27";"2";"Электронное";"308.0";"100 100 98";"10.0";"Участвуете в конкурсе";"1792728";"—"
"28";"1";"—";"308.0";"100 100 98";"10.0";"Участвуете в конкурсе";"1332485";"—"
"29";"2";"—";"308.0";"100 100 98";"10.0";"Участвуете в конкурсе";"1277961";"—"
"30";"1";"—";"307.0";"100 100 98";"9.0";"Участвуете в конкурсе";"1961628";"—"
"31";"1";"Электронное";"307.0";"100 97 100";"10.0";"Участвуете в конкурсе";"1314939";"—"
"32";"3";"—";"307.0";"100 97 100";"10.0";"Участвуете в конкурсе";"1417760";"—"
"33";"2";"Электронное";"307.0";"100 97 100";"10.0";"Участвуете в конкурсе";"1757883";"—"
"34";"3";"Электронное";"306.0";"98 100 100";"8.0";"Участвуете в конкурсе";"1348718";"—"
"35";"6";"Электронное";"305.0";"100 100 100";"5.0";"Участвуете в конкурсе";"1851055";"—"
"36";"7";"—";"305.0";"100 100 100";"5.0";"Участвуете в конкурсе";"1205697";"—"
"37";"2";"—";"305.0";"100 100 100";"5.0";"Участвуете в конкурсе";"1621161";"—"
"38";"6";"Электронное";"305.0";"100 100 100";"5.0";"Участвуете в конкурсе";"1784507";"—"
"39";"4";"—";"305.0";"100 97 100";"8.0";"Участвуете в конкурсе";"1287216";"—"
"40";"3";"Электронное";"305.0";"100 97 98";"10.0";"Участвуете в конкурсе";"1331203";"—"
"41";"4";"—";"304.0";"100 100 99";"5.0";"Участвуете в конкурсе";"2096335";"—"
"42";"2";"—";"304.0";"98 97 100";"9.0";"Участвуете в конкурсе";"1338042";"—"
"43";"3";"—";"304.0";"95 100 100";"9.0";"Участвуете в конкурсе";"1846579";"—"
"44";"3";"—";"304.0";"95 100 100";"9.0";"Участвуете в конкурсе";"1892392";"—"
"45";"5";"—";"304.0";"100 94 100";"10.0";"Участвуете в конкурсе";"1181079";"—"
"46";"6";"Электронное";"304.0";"95 100 99";"10.0";"Участвуете в конкурсе";"1635938";"—"
"47";"6";"—";"303.0";"100 100 100";"3.0";"Участвуете в конкурсе";"2258184";"—"
"48";"4";"Электронное";"303.0";"100 100 100";"3.0";"Участвуете в конкурсе";"1728488";"—"
"49";"5";"—";"303.0";"100 100 100";"3.0";"Участвуете в конкурсе";"1962977";"—"
"50";"1";"—";"303.0";"100 100 100";"3.0";"Участвуете в конкурсе";"2266530";"—"
"51";"3";"—";"303.0";"98 100 100";"5.0";"Участвуете в конкурсе";"2216875";"—"
"52";"3";"—";"303.0";"98 100 100";"5.0";"Участвуете в конкурсе";"1284584";"—"
"53";"5";"Электронное";"303.0";"98 100 100";"5.0";"Участвуете в конкурсе";"1408433";"—"
"54";"3";"—";"303.0";"100 97 100";"6.0";"Участвуете в конкурсе";"984462";"—"
"55";"6";"—";"303.0";"100 94 100";"9.0";"Участвуете в конкурсе";"1533512";"—"
"56";"5";"Электронное";"303.0";"100 94 100";"9.0";"Участвуете в конкурсе";"1576544";"—"
"57";"1";"—";"303.0";"100 100 94";"9.0";"Участвуете в конкурсе";"1504679";"—"
"58";"1";"—";"303.0";"100 94 99";"10.0";"Участвуете в конкурсе";"1746443";"—"
"59";"1";"—";"302.0";"100 100 100";"2.0";"Участвуете в конкурсе";"1605854";"—"
"60";"2";"—";"302.0";"100 100 99";"3.0";"Участвуете в конкурсе";"1165441";"—"
"61";"3";"Электронное";"302.0";"100 97 100";"5.0";"Участвуете в конкурсе";"1287124";"—"
"62";"6";"Электронное";"302.0";"100 97 100";"5.0";"Участвуете в конкурсе";"2071444";"—"
"63";"4";"Электронное";"302.0";"100 97 100";"5.0";"Участвуете в конкурсе";"1962536";"—"
"64";"5";"—";"302.0";"100 97 100";"5.0";"Участвуете в конкурсе";"1950371";"—"
"65";"1";"—";"302.0";"100 97 100";"5.0";"Участвуете в конкурсе";"1909549";"—"
"66";"2";"Электронное";"302.0";"97 100 100";"5.0";"Участвуете в конкурсе";"1621870";"—"
"67";"2";"—";"302.0";"100 94 100";"8.0";"Участвуете в конкурсе";"2274027";"—"
"68";"4";"Электронное";"302.0";"98 97 99";"8.0";"Участвуете в конкурсе";"1842883";"—"
"69";"4";"Электронное";"302.0";"100 97 97";"8.0";"Участвуете в конкурсе";"1721519";"—"
"70";"1";"—";"302.0";"100 97 97";"8.0";"Участвуете в конкурсе";"987070";"—"
"71";"4";"Электронное";"302.0";"100 100 94";"8.0";"Участвуете в конкурсе";"1267994";"—"
"72";"3";"—";"302.0";"98 97 98";"9.0";"Участвуете в конкурсе";"1558839";"—"
"73";"5";"—";"302.0";"100 97 96";"9.0";"Участвуете в конкурсе";"1446051";"—"
"74";"2";"Электронное";"302.0";"98 94 100";"10.0";"Участвуете в конкурсе";"1175215";"—"
"75";"4";"—";"302.0";"95 97 100";"10.0";"Участвуете в конкурсе";"2043223";"—"
"76";"3";"—";"302.0";"95 100 97";"10.0";"Участвуете в конкурсе";"1763345";"—"
"77";"6";"—";"302.0";"100 97 95";"10.0";"Участвуете в конкурсе";"1501201";"—"
"78";"5";"—";"302.0";"100 97 95";"10.0";"Участвуете в конкурсе";"1085461";"—"
"79";"3";"—";"301.0";"98 100 100";"3.0";"Участвуете в конкурсе";"1513347";"—"
"80";"6";"—";"301.0";"98 100 100";"3.0";"Участвуете в конкурсе";"1894729";"—"
"81";"3";"—";"301.0";"100 100 98";"3.0";"Участвуете в конкурсе";"1981115";"—"
"82";"1";"—";"301.0";"96 100 100";"5.0";"Участвуете в конкурсе";"1793247";"—"
"83";"7";"—";"301.0";"100 94 99";"8.0";"Участвуете в конкурсе";"1443240";"—"
"84";"3";"—";"301.0";"98 100 95";"8.0";"Участвуете в конкурсе";"1444380";"—"
"85";"3";"—";"301.0";"100 94 98";"9.0";"Участвуете в конкурсе";"1133372";"—"
"86";"1";"—";"301.0";"100 97 95";"9.0";"Участвуете в конкурсе";"1175632";"—"
"87";"7";"Электронное";"301.0";"98 97 96";"10.0";"Участвуете в конкурсе";"2175203";"—"
"88";"3";"Электронное";"300.0";"100 100 100";"—";"Участвуете в конкурсе";"1694315";"—"
"89";"2";"—";"300.0";"100 100 100";"—";"Участвуете в конкурсе";"1255953";"—"
"90";"2";"Электронное";"300.0";"100 100 100";"—";"Участвуете в конкурсе";"1519061";"—"
"91";"3";"—";"300.0";"100 97 100";"3.0";"Участвуете в конкурсе";"1903908";"—"
"92";"3";"Электронное";"300.0";"100 97 100";"3.0";"Участвуете в конкурсе";"2101151";"—"
"93";"5";"—";"300.0";"100 97 100";"3.0";"Участвуете в конкурсе";"1259177";"—"
"94";"4";"—";"300.0";"100 97 100";"3.0";"Участвуете в конкурсе";"2126433";"—"
"95";"7";"Электронное";"300.0";"98 97 100";"5.0";"Участвуете в конкурсе";"1455709";"—"
"96";"2";"—";"300.0";"98 100 97";"5.0";"Участвуете в конкурсе";"1127181";"—"
"97";"5";"—";"300.0";"100 100 95";"5.0";"Участвуете в конкурсе";"1859833";"—"
"98";"3";"—";"300.0";"100 94 100";"6.0";"Участвуете в конкурсе";"1250385";"—"
"99";"3";"—";"300.0";"98 100 96";"6.0";"Участвуете в конкурсе";"1707727";"—"
"100";"1";"—";"300.0";"98 94 100";"8.0";"Участвуете в конкурсе";"1565992";"—"
"101";"3";"—";"300.0";"100 91 100";"9.0";"Участвуете в конкурсе";"1631512";"—"
"102";"5";"—";"300.0";"100 91 100";"9.0";"Участвуете в конкурсе";"1527892";"—"
"103";"1";"—";"300.0";"100 91 100";"9.0";"Участвуете в конкурсе";"2005175";"—"
"104";"1";"—";"300.0";"100 97 94";"9.0";"Участвуете в конкурсе";"1076888";"—"
"105";"10";"—";"300.0";"93 97 100";"10.0";"Участвуете в конкурсе";"1986433";"—"
"106";"6";"—";"300.0";"98 94 98";"10.0";"Участвуете в конкурсе";"1262250";"—"
"107";"4";"Электронное";"299.0";"100 97 100";"2.0";"Участвуете в конкурсе";"1356722";"—"
"108";"4";"—";"299.0";"100 97 99";"3.0";"Участвуете в конкурсе";"1569783";"—"
"109";"4";"—";"299.0";"100 97 99";"3.0";"Участвуете в конкурсе";"2024799";"—"
"110";"4";"Электронное";"299.0";"98 100 98";"3.0";"Участвуете в конкурсе";"1851493";"—"
"111";"2";"—";"299.0";"100 94 100";"5.0";"Участвуете в конкурсе";"1579327";"—"
"112";"1";"—";"299.0";"100 94 100";"5.0";"Участвуете в конкурсе";"1356802";"—"
"113";"8";"Электронное";"299.0";"94 100 100";"5.0";"Участвуете в конкурсе";"1455825";"—"
"114";"3";"—";"299.0";"100 91 100";"8.0";"Участвуете в конкурсе";"1347947";"—"
"115";"4";"—";"299.0";"93 97 100";"9.0";"Участвуете в конкурсе";"1473014";"—"
"116";"8";"—";"299.0";"90 100 100";"9.0";"Участвуете в конкурсе";"1380030";"—"
"117";"1";"Электронное";"299.0";"100 91 99";"9.0";"Участвуете в конкурсе";"1320557";"—"
"118";"4";"—";"299.0";"100 89 100";"10.0";"Участвуете в конкурсе";"1354814";"—"
"119";"3";"—";"299.0";"100 89 100";"10.0";"Участвуете в конкурсе";"1905198";"—"
"120";"1";"—";"299.0";"100 89 100";"10.0";"Участвуете в конкурсе";"1358087";"—"
"121";"7";"—";"299.0";"98 91 100";"10.0";"Участвуете в конкурсе";"1655702";"—"
"122";"3";"Электронное";"299.0";"98 91 100";"10.0";"Участвуете в конкурсе";"1765018";"—"
"123";"4";"—";"299.0";"95 94 100";"10.0";"Участвуете в конкурсе";"2317710";"—"
"124";"3";"Электронное";"299.0";"100 94 95";"10.0";"Участвуете в конкурсе";"1611456";"—"
"125";"2";"—";"298.0";"98 97 100";"3.0";"Участвуете в конкурсе";"1575137";"—"
"126";"7";"Электронное";"298.0";"94 99 100";"5.0";"Участвуете в конкурсе";"1704787";"—"
"127";"3";"—";"298.0";"93 100 100";"5.0";"Участвуете в конкурсе";"1472861";"—"
"128";"5";"—";"298.0";"100 94 99";"5.0";"Участвуете в конкурсе";"1357786";"—"
"129";"4";"—";"298.0";"98 97 98";"5.0";"Участвуете в конкурсе";"1386328";"—"
"130";"1";"—";"298.0";"98 97 98";"5.0";"Участвуете в конкурсе";"1043673";"—"
"131";"6";"Электронное";"298.0";"98 100 95";"5.0";"Участвуете в конкурсе";"2172463";"—"
"132";"1";"—";"298.0";"92 100 100";"6.0";"Участвуете в конкурсе";"1288337";"—"
"133";"3";"—";"298.0";"100 89 100";"9.0";"Участвуете в конкурсе";"1204110";"—"
"134";"5";"—";"298.0";"96 94 98";"10.0";"Участвуете в конкурсе";"1367970";"—"
"135";"1";"—";"298.0";"100 91 97";"10.0";"Участвуете в конкурсе";"1492899";"—"
"136";"4";"—";"298.0";"95 97 96";"10.0";"Участвуете в конкурсе";"1855072";"—"
"137";"3";"—";"297.0";"100 97 100";"—";"Участвуете в конкурсе";"1342769";"—"
"138";"1";"—";"297.0";"100 97 100";"—";"Участвуете в конкурсе";"1417946";"—"
"139";"3";"—";"297.0";"100 97 100";"—";"Участвуете в конкурсе";"1259900";"—"
"140";"2";"—";"297.0";"100 97 100";"—";"Участвуете в конкурсе";"1279358";"—"
"141";"4";"Электронное";"297.0";"98 100 99";"—";"Участвуете в конкурсе";"1336794";"—"
"142";"2";"—";"297.0";"95 100 100";"2.0";"Участвуете в конкурсе";"1359950";"—"
"143";"8";"Электронное";"297.0";"100 94 100";"3.0";"Участвуете в конкурсе";"975056";"—"
"144";"3";"—";"297.0";"100 94 100";"3.0";"Участвуете в конкурсе";"1796316";"—"
"145";"5";"—";"297.0";"100 94 100";"3.0";"Участвуете в конкурсе";"952832";"—"
"146";"4";"—";"297.0";"100 94 100";"3.0";"Участвуете в конкурсе";"1603423";"—"
"147";"8";"—";"297.0";"100 94 100";"3.0";"Участвуете в конкурсе";"1168205";"—"
"148";"3";"—";"297.0";"100 94 100";"3.0";"Участвуете в конкурсе";"1575859";"—"
"149";"6";"Электронное";"297.0";"98 97 99";"3.0";"Участвуете в конкурсе";"1907318";"—"
"150";"3";"—";"297.0";"100 97 97";"3.0";"Участвуете в конкурсе";"1485338";"—"
"151";"2";"—";"297.0";"100 97 97";"3.0";"Участвуете в конкурсе";"1022398";"—"
"152";"7";"—";"297.0";"98 100 96";"3.0";"Участвуете в конкурсе";"1729215";"—"
"153";"2";"—";"297.0";"98 94 100";"5.0";"Участвуете в конкурсе";"1651712";"—"
"154";"3";"—";"297.0";"98 94 100";"5.0";"Участвуете в конкурсе";"1721129";"—"
"155";"3";"Электронное";"297.0";"98 94 100";"5.0";"Участвуете в конкурсе";"2314174";"—"
"156";"7";"—";"297.0";"98 94 100";"5.0";"Участвуете в конкурсе";"1732497";"—"
"157";"1";"—";"297.0";"100 94 98";"5.0";"Участвуете в конкурсе";"1256470";"—"
"158";"2";"—";"297.0";"98 97 97";"5.0";"Участвуете в конкурсе";"2334878";"—"
"159";"3";"Электронное";"297.0";"98 97 97";"5.0";"Участвуете в конкурсе";"2166543";"—"
"160";"1";"—";"297.0";"100 97 95";"5.0";"Участвуете в конкурсе";"1287292";"—"
"161";"3";"Электронное";"297.0";"100 94 96";"7.0";"Участвуете в конкурсе";"1201342";"—"
"162";"8";"Электронное";"297.0";"100 89 100";"8.0";"Участвуете в конкурсе";"2340581";"—"
"163";"4";"—";"297.0";"98 91 100";"8.0";"Участвуете в конкурсе";"1559648";"—"
"164";"2";"—";"297.0";"98 89 100";"10.0";"Участвуете в конкурсе";"1975160";"—"
"165";"4";"Электронное";"297.0";"98 94 95";"10.0";"Участвуете в конкурсе";"1603179";"—"
"166";"9";"—";"296.0";"100 94 100";"2.0";"Участвуете в конкурсе";"1196919";"—"
"167";"6";"—";"296.0";"100 94 100";"2.0";"Участвуете в конкурсе";"1626623";"—"
"168";"4";"—";"296.0";"98 97 99";"2.0";"Участвуете в конкурсе";"1567682";"—"
"169";"9";"—";"296.0";"98 97 98";"3.0";"Участвуете в конкурсе";"963158";"—"
"170";"5";"—";"296.0";"95 100 98";"3.0";"Участвуете в конкурсе";"1590099";"—"
"171";"5";"—";"296.0";"100 97 96";"3.0";"Участвуете в конкурсе";"2366014";"—"
"172";"6";"—";"296.0";"98 100 95";"3.0";"Участвуете в конкурсе";"2041055";"—"
"173";"3";"—";"296.0";"98 94 99";"5.0";"Участвуете в конкурсе";"968484";"—"
"174";"2";"—";"296.0";"93 100 98";"5.0";"Участвуете в конкурсе";"1821821";"—"
"175";"6";"—";"296.0";"100 94 97";"5.0";"Участвуете в конкурсе";"1791240";"—"
"176";"2";"—";"296.0";"100 94 97";"5.0";"Участвуете в конкурсе";"1761148";"—"
"177";"6";"—";"296.0";"98 91 99";"8.0";"Участвуете в конкурсе";"1718440";"—"
"178";"2";"Электронное";"296.0";"98 94 96";"8.0";"Участвуете в конкурсе";"1721492";"—"
"179";"2";"—";"296.0";"100 86 100";"10.0";"Участвуете в конкурсе";"1211499";"—"
"180";"1";"—";"296.0";"100 91 95";"10.0";"Участвуете в конкурсе";"1920634";"—"
"181";"9";"—";"295.0";"98 97 100";"—";"Участвуете в конкурсе";"1892326";"—"
"182";"1";"—";"295.0";"100 100 95";"—";"Участвуете в конкурсе";"1267620";"—"
"183";"7";"—";"295.0";"93 100 100";"2.0";"Участвуете в конкурсе";"1894421";"—"
"184";"2";"Электронное";"295.0";"100 94 99";"2.0";"Участвуете в конкурсе";"1855416";"—"
"185";"3";"Электронное";"295.0";"98 97 98";"2.0";"Участвуете в конкурсе";"1177874";"—"
"186";"4";"—";"295.0";"98 94 100";"3.0";"Участвуете в конкурсе";"1839611";"—"
"187";"8";"—";"295.0";"98 94 100";"3.0";"Участвуете в конкурсе";"1282242";"—"
"188";"2";"—";"295.0";"98 94 100";"3.0";"Участвуете в конкурсе";"1993093";"—"
"189";"7";"Электронное";"295.0";"95 97 100";"3.0";"Участвуете в конкурсе";"1604913";"—"
"190";"3";"Электронное";"295.0";"93 100 99";"3.0";"Участвуете в конкурсе";"1396381";"—"
"191";"4";"—";"295.0";"98 97 97";"3.0";"Участвуете в конкурсе";"1570553";"—"
"192";"7";"—";"295.0";"98 97 97";"3.0";"Участвуете в конкурсе";"1352258";"—"
"193";"4";"—";"295.0";"100 100 92";"3.0";"Участвуете в конкурсе";"1638773";"—"
"194";"9";"—";"295.0";"96 94 100";"5.0";"Участвуете в конкурсе";"2025852";"—"
"195";"4";"—";"295.0";"100 91 99";"5.0";"Участвуете в конкурсе";"1912428";"—"
"196";"4";"—";"295.0";"100 91 99";"5.0";"Участвуете в конкурсе";"1728027";"—"
"197";"3";"—";"295.0";"100 91 99";"5.0";"Участвуете в конкурсе";"1639884";"—"
"198";"8";"—";"295.0";"100 91 99";"5.0";"Участвуете в конкурсе";"1964665";"—"
"199";"3";"—";"295.0";"98 94 98";"5.0";"Участвуете в конкурсе";"1362286";"—"
"200";"3";"—";"295.0";"98 94 98";"5.0";"Участвуете в конкурсе";"2202087";"—"
"201";"6";"Электронное";"295.0";"93 100 97";"5.0";"Участвуете в конкурсе";"1760858";"—"
"202";"4";"Электронное";"295.0";"100 94 96";"5.0";"Участвуете в конкурсе";"1214499";"—"
"203";"2";"Электронное";"295.0";"98 100 92";"5.0";"Участвуете в конкурсе";"2262178";"—"
"204";"3";"—";"295.0";"100 100 90";"5.0";"Участвуете в конкурсе";"1618714";"—"
"205";"6";"—";"295.0";"100 89 100";"6.0";"Участвуете в конкурсе";"1360455";"—"
"206";"5";"—";"295.0";"98 91 100";"6.0";"Участвуете в конкурсе";"2200413";"—"
"207";"3";"Электронное";"295.0";"100 94 95";"6.0";"Участвуете в конкурсе";"1156917";"—"
"208";"3";"—";"295.0";"95 100 92";"8.0";"Участвуете в конкурсе";"1501339";"—"
"209";"5";"—";"295.0";"100 97 90";"8.0";"Участвуете в конкурсе";"1726516";"—"
"210";"4";"Электронное";"295.0";"100 86 100";"9.0";"Участвуете в конкурсе";"1539461";"—"
"211";"6";"—";"295.0";"100 86 100";"9.0";"Участвуете в конкурсе";"1203751";"—"
"212";"8";"—";"295.0";"95 91 100";"9.0";"Участвуете в конкурсе";"1580586";"—"
"213";"3";"—";"295.0";"100 91 95";"9.0";"Участвуете в конкурсе";"1652447";"—"
"214";"7";"—";"295.0";"88 97 100";"10.0";"Участвуете в конкурсе";"1341860";"—"
"215";"5";"—";"295.0";"98 91 96";"10.0";"Участвуете в конкурсе";"1622248";"—"
"216";"4";"—";"294.0";"100 94 100";"—";"Участвуете в конкурсе";"1579198";"—"
"217";"3";"—";"294.0";"100 94 100";"—";"Участвуете в конкурсе";"1197066";"—"
"218";"6";"—";"294.0";"100 94 100";"—";"Участвуете в конкурсе";"1980939";"—"
"219";"3";"—";"294.0";"95 100 99";"—";"Участвуете в конкурсе";"1196549";"—"
"220";"4";"—";"294.0";"100 91 100";"3.0";"Участвуете в конкурсе";"1769123";"—"
"221";"5";"—";"294.0";"100 91 100";"3.0";"Участвуете в конкурсе";"1516671";"—"
"222";"3";"—";"294.0";"100 91 100";"3.0";"Участвуете в конкурсе";"1683687";"—"
"223";"5";"—";"294.0";"100 91 100";"3.0";"Участвуете в конкурсе";"1198298";"—"
"224";"4";"—";"294.0";"100 91 100";"3.0";"Участвуете в конкурсе";"1343899";"—"
"225";"1";"Электронное";"294.0";"94 97 100";"3.0";"Участвуете в конкурсе";"1351974";"—"
"226";"3";"—";"294.0";"98 94 99";"3.0";"Участвуете в конкурсе";"1787559";"—"
"227";"4";"Электронное";"294.0";"95 97 99";"3.0";"Участвуете в конкурсе";"2093082";"—"
"228";"4";"Электронное";"294.0";"100 94 97";"3.0";"Участвуете в конкурсе";"1730665";"—"
"229";"7";"—";"294.0";"98 97 96";"3.0";"Участвуете в конкурсе";"1401780";"—"
"230";"6";"—";"294.0";"98 97 96";"3.0";"Участвуете в конкурсе";"1902900";"—"
"231";"8";"—";"294.0";"98 97 96";"3.0";"Участвуете в конкурсе";"1692921";"—"
"232";"5";"Электронное";"294.0";"98 97 96";"3.0";"Участвуете в конкурсе";"1383838";"—"
"233";"1";"—";"294.0";"95 100 96";"3.0";"Участвуете в конкурсе";"1355170";"—"
"234";"4";"—";"294.0";"100 89 100";"5.0";"Участвуете в конкурсе";"1786590";"—"
"235";"1";"—";"294.0";"98 91 100";"5.0";"Участвуете в конкурсе";"2033286";"—"
"236";"2";"—";"294.0";"100 91 98";"5.0";"Участвуете в конкурсе";"1654126";"—"
"237";"5";"—";"294.0";"100 91 98";"5.0";"Участвуете в конкурсе";"1993128";"—"
"238";"12";"Электронное";"294.0";"95 97 97";"5.0";"Участвуете в конкурсе";"1283062";"—"
"239";"1";"—";"294.0";"98 97 94";"5.0";"Участвуете в конкурсе";"1644304";"—"
"240";"3";"—";"294.0";"93 94 98";"9.0";"Участвуете в конкурсе";"1963838";"—"
"241";"3";"—";"294.0";"98 86 100";"10.0";"Участвуете в конкурсе";"1621659";"—"
"242";"2";"—";"294.0";"98 86 100";"10.0";"Участвуете в конкурсе";"1995092";"—"
"243";"2";"—";"294.0";"93 91 100";"10.0";"Участвуете в конкурсе";"1288284";"—"
"244";"4";"—";"293.0";"100 91 100";"2.0";"Участвуете в конкурсе";"1354325";"—"
"245";"6";"Электронное";"293.0";"100 94 97";"2.0";"Участвуете в конкурсе";"2368429";"—"
"246";"1";"—";"293.0";"96 94 100";"3.0";"Участвуете в конкурсе";"1990299";"—"
"247";"1";"—";"293.0";"100 91 99";"3.0";"Участвуете в конкурсе";"1625595";"—"
"248";"3";"—";"293.0";"98 94 98";"3.0";"Участвуете в конкурсе";"1406993";"—"
"249";"5";"—";"293.0";"95 97 98";"3.0";"Участвуете в конкурсе";"1646903";"—"
"250";"6";"Электронное";"293.0";"92 100 98";"3.0";"Участвуете в конкурсе";"1548589";"—"
"251";"3";"—";"293.0";"96 97 97";"3.0";"Участвуете в конкурсе";"1360786";"—"
"252";"14";"Электронное";"293.0";"100 94 96";"3.0";"Участвуете в конкурсе";"1101401";"—"
"253";"1";"—";"293.0";"98 91 99";"5.0";"Участвуете в конкурсе";"1128272";"—"
"254";"3";"Электронное";"293.0";"98 91 99";"5.0";"Участвуете в конкурсе";"1824048";"—"
"255";"6";"—";"293.0";"100 91 97";"5.0";"Участвуете в конкурсе";"1962735";"—"
"256";"3";"—";"293.0";"94 97 97";"5.0";"Участвуете в конкурсе";"1288476";"—"
"257";"3";"—";"293.0";"98 94 96";"5.0";"Участвуете в конкурсе";"1496271";"—"
"258";"7";"—";"293.0";"98 94 96";"5.0";"Участвуете в конкурсе";"1436757";"—"
"259";"1";"—";"293.0";"95 97 96";"5.0";"Участвуете в конкурсе";"1358421";"—"
"260";"5";"—";"293.0";"96 97 95";"5.0";"Участвуете в конкурсе";"1860605";"—"
"261";"4";"—";"293.0";"100 94 94";"5.0";"Участвуете в конкурсе";"1334253";"—"
"262";"4";"—";"293.0";"98 89 100";"6.0";"Участвуете в конкурсе";"1506056";"—"
"263";"2";"—";"293.0";"98 86 100";"9.0";"Участвуете в конкурсе";"1158310";"—"
"264";"4";"—";"293.0";"93 91 100";"9.0";"Участвуете в конкурсе";"1612155";"—"
"265";"3";"Электронное";"293.0";"92 91 100";"10.0";"Участвуете в конкурсе";"1491398";"—"
"266";"2";"—";"293.0";"100 86 97";"10.0";"Участвуете в конкурсе";"1729962";"—"
"267";"4";"—";"293.0";"94 94 95";"10.0";"Участвуете в конкурсе";"1944302";"—"
"268";"5";"Электронное";"292.0";"93 99 100";"—";"Участвуете в конкурсе";"976610";"—"
"269";"5";"—";"292.0";"100 94 98";"—";"Участвуете в конкурсе";"1295980";"—"
"270";"5";"—";"292.0";"98 97 95";"2.0";"Участвуете в конкурсе";"1577397";"—"
"271";"7";"Электронное";"292.0";"100 100 90";"2.0";"Участвуете в конкурсе";"1605559";"—"
"272";"6";"—";"292.0";"100 89 100";"3.0";"Участвуете в конкурсе";"1514902";"—"
"273";"1";"—";"292.0";"100 89 100";"3.0";"Участвуете в конкурсе";"1471576";"—"
"274";"9";"—";"292.0";"100 89 100";"3.0";"Участвуете в конкурсе";"1936697";"—"
"275";"1";"—";"292.0";"98 91 100";"3.0";"Участвуете в конкурсе";"1443785";"—"
"276";"2";"—";"292.0";"98 91 100";"3.0";"Участвуете в конкурсе";"1623068";"—"
"277";"3";"—";"292.0";"95 94 100";"3.0";"Участвуете в конкурсе";"1988073";"—"
"278";"5";"—";"292.0";"92 97 100";"3.0";"Участвуете в конкурсе";"2315236";"—"
"279";"1";"—";"292.0";"92 97 100";"3.0";"Участвуете в конкурсе";"1537543";"—"
"280";"4";"—";"292.0";"97 93 99";"3.0";"Участвуете в конкурсе";"1098664";"—"
"281";"8";"—";"292.0";"93 97 99";"3.0";"Участвуете в конкурсе";"2269157";"—"
"282";"5";"—";"292.0";"100 91 98";"3.0";"Участвуете в конкурсе";"1828211";"—"
"283";"5";"—";"292.0";"98 94 97";"3.0";"Участвуете в конкурсе";"2099966";"—"
"284";"7";"—";"292.0";"98 94 97";"3.0";"Участвуете в конкурсе";"1181129";"—"
"285";"2";"—";"292.0";"100 94 95";"3.0";"Участвуете в конкурсе";"978216";"—"
"286";"2";"—";"292.0";"100 94 95";"3.0";"Участвуете в конкурсе";"2052626";"—"
"287";"5";"—";"292.0";"100 97 92";"3.0";"Участвуете в конкурсе";"1473705";"—"
"288";"3";"—";"292.0";"100 97 92";"3.0";"Участвуете в конкурсе";"1689761";"—"
"289";"5";"—";"292.0";"100 97 92";"3.0";"Участвуете в конкурсе";"1729269";"—"
"290";"4";"—";"292.0";"93 94 100";"5.0";"Участвуете в конкурсе";"1853344";"—"
"291";"6";"Электронное";"292.0";"93 94 100";"5.0";"Участвуете в конкурсе";"2229267";"—"
"292";"1";"—";"292.0";"100 89 98";"5.0";"Участвуете в конкурсе";"1623298";"—"
"293";"2";"—";"292.0";"100 89 98";"5.0";"Участвуете в конкурсе";"1796175";"—"
"294";"1";"—";"292.0";"98 91 98";"5.0";"Участвуете в конкурсе";"1704407";"—"
"295";"2";"—";"292.0";"93 97 97";"5.0";"Участвуете в конкурсе";"1989199";"—"
"296";"2";"—";"292.0";"100 91 96";"5.0";"Участвуете в конкурсе";"1889326";"—"
"297";"3";"—";"292.0";"98 94 95";"5.0";"Участвуете в конкурсе";"1927090";"—"
"298";"7";"Электронное";"292.0";"98 94 95";"5.0";"Участвуете в конкурсе";"1182829";"—"
"299";"5";"—";"292.0";"98 94 95";"5.0";"Участвуете в конкурсе";"1599497";"—"
"300";"3";"—";"292.0";"95 97 95";"5.0";"Участвуете в конкурсе";"1619415";"—"
"301";"6";"Электронное";"292.0";"100 97 90";"5.0";"Участвуете в конкурсе";"1782295";"—"
"302";"3";"—";"292.0";"100 86 100";"6.0";"Участвуете в конкурсе";"1212681";"—"
"303";"3";"—";"292.0";"98 91 95";"8.0";"Участвуете в конкурсе";"1580764";"—"
"304";"7";"—";"292.0";"98 94 92";"8.0";"Участвуете в конкурсе";"1351921";"—"
"305";"1";"—";"292.0";"100 83 100";"9.0";"Участвуете в конкурсе";"1274953";"—"
"306";"6";"—";"292.0";"93 91 98";"10.0";"Участвуете в конкурсе";"2112090";"—"
"307";"2";"—";"291.0";"100 91 100";"—";"Участвуете в конкурсе";"1086159";"—"
"308";"1";"Электронное";"291.0";"100 91 100";"—";"Участвуете в конкурсе";"1469331";"—"
"309";"5";"—";"291.0";"100 91 100";"—";"Участвуете в конкурсе";"1075265";"—"
"310";"5";"—";"291.0";"100 91 100";"—";"Участвуете в конкурсе";"1133353";"—"
"311";"5";"—";"291.0";"98 94 99";"—";"Участвуете в конкурсе";"1205324";"—"
"312";"1";"—";"291.0";"100 91 98";"2.0";"Участвуете в конкурсе";"1640524";"—"
"313";"6";"—";"291.0";"98 94 97";"2.0";"Участвуете в конкурсе";"1843188";"—"
"314";"4";"Электронное";"291.0";"98 94 97";"2.0";"Участвуете в конкурсе";"1861481";"—"
"315";"2";"—";"291.0";"94 94 100";"3.0";"Участвуете в конкурсе";"1291365";"—"
"316";"1";"—";"291.0";"100 89 99";"3.0";"Участвуете в конкурсе";"1200511";"—"
"317";"3";"—";"291.0";"100 89 99";"3.0";"Участвуете в конкурсе";"1061445";"—"
"318";"6";"—";"291.0";"100 89 99";"3.0";"Участвуете в конкурсе";"1788174";"—"
"319";"5";"—";"291.0";"98 91 99";"3.0";"Участвуете в конкурсе";"1043087";"—"
"320";"5";"—";"291.0";"95 94 99";"3.0";"Участвуете в конкурсе";"1684531";"—"
"321";"4";"Электронное";"291.0";"100 91 97";"3.0";"Участвуете в конкурсе";"1397739";"—"
"322";"1";"—";"291.0";"98 94 96";"3.0";"Участвуете в конкурсе";"1233988";"—"
"323";"5";"Электронное";"291.0";"95 97 96";"3.0";"Участвуете в конкурсе";"2204746";"—"
"324";"1";"—";"291.0";"96 97 95";"3.0";"Участвуете в конкурсе";"2130166";"—"
"325";"1";"—";"291.0";"100 94 94";"3.0";"Участвуете в конкурсе";"1803278";"—"
"326";"3";"—";"291.0";"96 100 92";"3.0";"Участвуете в конкурсе";"1765336";"—"
"327";"1";"—";"291.0";"96 100 92";"3.0";"Участвуете в конкурсе";"1484516";"—"
"328";"1";"Электронное";"291.0";"98 100 90";"3.0";"Участвуете в конкурсе";"1589723";"—"
"329";"1";"—";"291.0";"98 100 90";"3.0";"Участвуете в конкурсе";"1960374";"—"
"330";"6";"—";"291.0";"100 86 100";"5.0";"Участвуете в конкурсе";"1440313";"—"
"331";"4";"—";"291.0";"95 91 100";"5.0";"Участвуете в конкурсе";"1827785";"—"
"332";"5";"—";"291.0";"100 89 97";"5.0";"Участвуете в конкурсе";"2223456";"—"
"333";"5";"—";"291.0";"98 91 97";"5.0";"Участвуете в конкурсе";"1520302";"—"
"334";"1";"—";"291.0";"100 91 95";"5.0";"Участвуете в конкурсе";"1240658";"—"
"335";"3";"—";"291.0";"98 94 94";"5.0";"Участвуете в конкурсе";"1366688";"—"
"336";"6";"—";"291.0";"85 100 100";"6.0";"Участвуете в конкурсе";"1892127";"—"
"337";"9";"—";"291.0";"85 100 100";"6.0";"Участвуете в конкурсе";"2003201";"—"
"338";"6";"—";"291.0";"95 94 94";"8.0";"Участвуете в конкурсе";"1795304";"—"
"339";"9";"Электронное";"291.0";"88 94 100";"9.0";"Участвуете в конкурсе";"1540736";"—"
"340";"7";"—";"291.0";"90 100 92";"9.0";"Участвуете в конкурсе";"1651429";"—"
"341";"1";"Электронное";"291.0";"100 81 100";"10.0";"Участвуете в конкурсе";"1844992";"—"
"342";"3";"Электронное";"291.0";"92 89 100";"10.0";"Участвуете в конкурсе";"1900815";"—"
"343";"3";"—";"291.0";"100 83 98";"10.0";"Участвуете в конкурсе";"1636087";"—"
"344";"4";"—";"291.0";"96 89 96";"10.0";"Участвуете в конкурсе";"1347589";"—"
"345";"4";"—";"291.0";"85 100 96";"10.0";"Участвуете в конкурсе";"989705";"—"
"346";"3";"Электронное";"290.0";"93 97 100";"—";"Участвуете в конкурсе";"1439824";"—"
"347";"4";"Электронное";"290.0";"100 91 99";"—";"Участвуете в конкурсе";"1205259";"—"
"348";"3";"Электронное";"290.0";"95 97 98";"—";"Участвуете в конкурсе";"1250317";"—"
"349";"6";"—";"290.0";"100 100 90";"—";"Участвуете в конкурсе";"1912300";"—"
"350";"6";"Электронное";"290.0";"92 97 99";"2.0";"Участвуете в конкурсе";"2015688";"—"
"351";"7";"—";"290.0";"93 97 98";"2.0";"Участвуете в конкурсе";"1323046";"—"
"352";"5";"—";"290.0";"93 94 100";"3.0";"Участвуете в конкурсе";"1175568";"—"
"353";"2";"—";"290.0";"93 94 100";"3.0";"Участвуете в конкурсе";"1755841";"—"
"354";"4";"—";"290.0";"100 89 98";"3.0";"Участвуете в конкурсе";"1656452";"—"
"355";"6";"—";"290.0";"98 91 98";"3.0";"Участвуете в конкурсе";"1976491";"—"
"356";"7";"—";"290.0";"98 91 98";"3.0";"Участвуете в конкурсе";"1722523";"—"
"357";"3";"—";"290.0";"98 91 98";"3.0";"Участвуете в конкурсе";"1997125";"—"
"358";"3";"—";"290.0";"93 97 97";"3.0";"Участвуете в конкурсе";"1679141";"—"
"359";"2";"—";"290.0";"100 91 96";"3.0";"Участвуете в конкурсе";"1082001";"—"
"360";"2";"—";"290.0";"98 94 95";"3.0";"Участвуете в конкурсе";"1175374";"—"
"361";"1";"—";"290.0";"98 94 95";"3.0";"Участвуете в конкурсе";"1361856";"—"
"362";"6";"—";"290.0";"93 100 94";"3.0";"Участвуете в конкурсе";"1724689";"—"
"363";"6";"—";"290.0";"98 97 92";"3.0";"Участвуете в конкурсе";"1899881";"—"
"364";"5";"—";"290.0";"96 89 100";"5.0";"Участвуете в конкурсе";"1215962";"—"
"365";"4";"Электронное";"290.0";"88 97 100";"5.0";"Участвуете в конкурсе";"2248403";"—"
"366";"8";"—";"290.0";"100 86 99";"5.0";"Участвуете в конкурсе";"1381799";"—"
"367";"5";"Электронное";"290.0";"98 89 98";"5.0";"Участвуете в конкурсе";"2047416";"—"
"368";"3";"—";"290.0";"93 94 98";"5.0";"Участвуете в конкурсе";"1798282";"—"
"369";"1";"—";"290.0";"100 89 96";"5.0";"Участвуете в конкурсе";"1789817";"—"
"370";"3";"Электронное";"290.0";"98 91 96";"5.0";"Участвуете в конкурсе";"1174068";"—"
"371";"2";"—";"290.0";"96 94 95";"5.0";"Участвуете в конкурсе";"1580207";"—"
"372";"4";"—";"290.0";"100 91 94";"5.0";"Участвуете в конкурсе";"1182781";"—"
"373";"3";"—";"290.0";"96 97 92";"5.0";"Участвуете в конкурсе";"1123669";"—"
"374";"5";"Электронное";"290.0";"100 97 88";"5.0";"Участвуете в конкурсе";"1901484";"—"
"375";"5";"—";"290.0";"100 97 88";"5.0";"Участвуете в конкурсе";"1374023";"—"
"376";"4";"—";"290.0";"94 86 100";"10.0";"Участвуете в конкурсе";"2121557";"—"
"377";"2";"—";"290.0";"100 83 97";"10.0";"Участвуете в конкурсе";"1256161";"—"
"378";"5";"—";"290.0";"100 86 94";"10.0";"Участвуете в конкурсе";"2205954";"—"
"379";"6";"—";"289.0";"100 89 100";"—";"Участвуете в конкурсе";"1720224";"—"
"380";"5";"—";"289.0";"100 89 100";"—";"Участвуете в конкурсе";"1786523";"—"
"381";"5";"Электронное";"289.0";"100 89 100";"—";"Участвуете в конкурсе";"1344736";"—"
"382";"7";"Электронное";"289.0";"92 97 100";"—";"Участвуете в конкурсе";"964654";"—"
"383";"5";"—";"289.0";"100 91 98";"—";"Участвуете в конкурсе";"1174574";"—"
"384";"1";"—";"289.0";"100 94 95";"—";"Участвуете в конкурсе";"1870353";"—"
"385";"3";"Электронное";"289.0";"100 94 95";"—";"Участвуете в конкурсе";"1425676";"—"
"386";"3";"Электронное";"289.0";"96 91 100";"2.0";"Участвуете в конкурсе";"2252661";"—"
"387";"1";"—";"289.0";"98 91 98";"2.0";"Участвуете в конкурсе";"1096947";"—"
"388";"3";"Электронное";"289.0";"95 91 100";"3.0";"Участвуете в конкурсе";"1235083";"—"
"389";"6";"Электронное";"289.0";"95 91 100";"3.0";"Участвуете в конкурсе";"1798824";"—"
"390";"4";"—";"289.0";"93 93 100";"3.0";"Участвуете в конкурсе";"1175146";"—"
"391";"4";"—";"289.0";"98 89 99";"3.0";"Участвуете в конкурсе";"982733";"—"
"392";"6";"—";"289.0";"93 94 99";"3.0";"Участвуете в конкурсе";"1196844";"—"
"393";"2";"—";"289.0";"94 94 98";"3.0";"Участвуете в конкурсе";"1627584";"—"
"394";"4";"—";"289.0";"98 91 97";"3.0";"Участвуете в конкурсе";"1185486";"—"
"395";"2";"Электронное";"289.0";"96 93 97";"3.0";"Участвуете в конкурсе";"1846843";"—"
"396";"6";"Электронное";"289.0";"95 94 97";"3.0";"Участвуете в конкурсе";"1362878";"—"
"397";"9";"—";"289.0";"95 94 97";"3.0";"Участвуете в конкурсе";"1436901";"—"
"398";"15";"—";"289.0";"95 94 97";"3.0";"Участвуете в конкурсе";"1624934";"—"
"399";"1";"—";"289.0";"96 94 96";"3.0";"Участвуете в конкурсе";"1508938";"—"
"400";"8";"Электронное";"289.0";"93 97 96";"3.0";"Участвуете в конкурсе";"2395349";"—"
"401";"5";"—";"289.0";"90 100 96";"3.0";"Участвуете в конкурсе";"1991697";"—"
"402";"5";"—";"289.0";"98 94 94";"3.0";"Участвуете в конкурсе";"1907432";"—"
"403";"3";"—";"289.0";"98 94 94";"3.0";"Участвуете в конкурсе";"1398528";"—"
"404";"5";"—";"289.0";"95 97 94";"3.0";"Участвуете в конкурсе";"1825401";"—"
"405";"5";"—";"289.0";"95 97 94";"3.0";"Участвуете в конкурсе";"1707049";"—"
"406";"13";"—";"289.0";"98 100 88";"3.0";"Участвуете в конкурсе";"1523368";"—"
"407";"5";"—";"289.0";"93 91 100";"5.0";"Участвуете в конкурсе";"1876869";"—"
"408";"4";"—";"289.0";"93 91 100";"5.0";"Участвуете в конкурсе";"1335466";"—"
"409";"10";"—";"289.0";"93 91 100";"5.0";"Участвуете в конкурсе";"1993912";"—"
"410";"1";"Электронное";"289.0";"93 94 97";"5.0";"Участвуете в конкурсе";"1693064";"—"
"411";"7";"—";"289.0";"100 89 95";"5.0";"Участвуете в конкурсе";"1797881";"—"
"412";"4";"—";"289.0";"98 91 95";"5.0";"Участвуете в конкурсе";"1795152";"—"
"413";"3";"—";"289.0";"96 94 94";"5.0";"Участвуете в конкурсе";"1430424";"—"
"414";"7";"—";"289.0";"98 86 97";"8.0";"Участвуете в конкурсе";"1624951";"—"
"415";"7";"—";"289.0";"96 83 100";"10.0";"Участвуете в конкурсе";"1654089";"—"
"416";"3";"Электронное";"289.0";"95 89 95";"10.0";"Участвуете в конкурсе";"1895993";"—"
"417";"3";"—";"289.0";"95 94 90";"10.0";"Участвуете в конкурсе";"1551082";"—"
"418";"1";"—";"288.0";"98 94 96";"—";"Участвуете в конкурсе";"1290251";"—"
"419";"9";"—";"288.0";"100 94 94";"—";"Участвуете в конкурсе";"1642840";"—"
"420";"8";"Электронное";"288.0";"95 91 100";"2.0";"Участвуете в конкурсе";"1205382";"—"
"421";"7";"—";"288.0";"95 94 97";"2.0";"Участвуете в конкурсе";"1727059";"—"
"422";"6";"Электронное";"288.0";"98 94 94";"2.0";"Участвуете в конкурсе";"1070538";"—"
"423";"10";"—";"288.0";"95 97 94";"2.0";"Участвуете в конкурсе";"1857350";"—"
"424";"1";"—";"288.0";"96 89 100";"3.0";"Участвуете в конкурсе";"1990576";"—"
"425";"1";"—";"288.0";"96 89 100";"3.0";"Участвуете в конкурсе";"1652966";"—"
"426";"6";"—";"288.0";"98 89 98";"3.0";"Участвуете в конкурсе";"1637116";"—"
"427";"3";"Электронное";"288.0";"100 89 96";"3.0";"Участвуете в конкурсе";"1633323";"—"
"428";"5";"—";"288.0";"98 91 96";"3.0";"Участвуете в конкурсе";"1123212";"—"
"429";"5";"Электронное";"288.0";"98 91 96";"3.0";"Участвуете в конкурсе";"1252397";"—"
"430";"2";"—";"288.0";"95 94 96";"3.0";"Участвуете в конкурсе";"1883296";"—"
"431";"7";"—";"288.0";"93 97 95";"3.0";"Участвуете в конкурсе";"983646";"—"
"432";"4";"—";"288.0";"93 97 95";"3.0";"Участвуете в конкурсе";"1910665";"—"
"433";"2";"—";"288.0";"100 91 94";"3.0";"Участвуете в конкурсе";"2095396";"—"
"434";"2";"Электронное";"288.0";"94 97 94";"3.0";"Участвуете в конкурсе";"1581320";"—"
"435";"7";"—";"288.0";"93 100 92";"3.0";"Участвуете в конкурсе";"1514493";"—"
"436";"1";"—";"288.0";"98 86 99";"5.0";"Участвуете в конкурсе";"1650290";"—"
"437";"7";"—";"288.0";"95 89 99";"5.0";"Участвуете в конкурсе";"1357333";"—"
"438";"4";"—";"288.0";"96 89 98";"5.0";"Участвуете в конкурсе";"2266577";"—"
"439";"7";"—";"288.0";"98 89 96";"5.0";"Участвуете в конкурсе";"1440170";"—"
"440";"2";"—";"288.0";"98 89 96";"5.0";"Участвуете в конкурсе";"1339091";"—"
"441";"4";"—";"288.0";"98 89 96";"5.0";"Участвуете в конкурсе";"1729121";"—"
"442";"7";"—";"288.0";"90 97 96";"5.0";"Участвуете в конкурсе";"1360434";"—"
"443";"3";"—";"288.0";"100 89 94";"5.0";"Участвуете в конкурсе";"1352457";"—"
"444";"2";"—";"288.0";"100 89 94";"5.0";"Участвуете в конкурсе";"1207984";"—"
"445";"2";"—";"288.0";"98 91 94";"5.0";"Участвуете в конкурсе";"1725700";"—"
"446";"2";"—";"288.0";"95 94 94";"5.0";"Участвуете в конкурсе";"2225304";"—"
"447";"1";"—";"288.0";"100 91 92";"5.0";"Участвуете в конкурсе";"1998527";"—"
"448";"3";"—";"288.0";"94 97 92";"5.0";"Участвуете в конкурсе";"1910904";"—"
"449";"2";"—";"288.0";"98 97 88";"5.0";"Участвуете в конкурсе";"1259871";"—"
"450";"3";"—";"288.0";"95 100 88";"5.0";"Участвуете в конкурсе";"1827475";"—"
"451";"7";"Электронное";"288.0";"100 97 86";"5.0";"Участвуете в конкурсе";"1903946";"—"
"452";"7";"—";"288.0";"95 89 96";"8.0";"Участвуете в конкурсе";"1593582";"—"
"453";"6";"Электронное";"288.0";"82 97 100";"9.0";"Участвуете в конкурсе";"1785241";"—"
"454";"6";"Электронное";"288.0";"95 89 94";"10.0";"Участвуете в конкурсе";"1935357";"—"
"455";"6";"Электронное";"287.0";"98 89 100";"—";"Участвуете в конкурсе";"1637473";"—"
"456";"7";"—";"287.0";"90 97 100";"—";"Участвуете в конкурсе";"1006509";"—"
"457";"4";"Электронное";"287.0";"100 89 98";"—";"Участвуете в конкурсе";"1600716";"—"
"458";"3";"—";"287.0";"98 91 98";"—";"Участвуете в конкурсе";"1490666";"—"
"459";"1";"—";"287.0";"100 91 96";"—";"Участвуете в конкурсе";"1909406";"—"
"460";"3";"—";"287.0";"100 91 96";"—";"Участвуете в конкурсе";"1598628";"—"
"461";"3";"Электронное";"287.0";"96 95 96";"—";"Участвуете в конкурсе";"1367140";"—"
"462";"6";"—";"287.0";"93 94 98";"2.0";"Участвуете в конкурсе";"1518930";"—"
"463";"8";"—";"287.0";"95 94 96";"2.0";"Участвуете в конкурсе";"1582625";"—"
"464";"2";"—";"287.0";"98 97 90";"2.0";"Участвуете в конкурсе";"2308083";"—"
"465";"4";"—";"287.0";"98 86 100";"3.0";"Участвуете в конкурсе";"2096516";"—"
"466";"1";"—";"287.0";"98 86 100";"3.0";"Участвуете в конкурсе";"1625066";"—"
"467";"4";"—";"287.0";"93 91 100";"3.0";"Участвуете в конкурсе";"2105998";"—"
"468";"6";"—";"287.0";"100 86 98";"3.0";"Участвуете в конкурсе";"1438007";"—"
"469";"1";"—";"287.0";"95 91 98";"3.0";"Участвуете в конкурсе";"2099989";"—"
"470";"2";"Электронное";"287.0";"98 89 97";"3.0";"Участвуете в конкурсе";"1076436";"—"
"471";"2";"—";"287.0";"90 97 97";"3.0";"Участвуете в конкурсе";"1651737";"—"
"472";"5";"—";"287.0";"98 91 95";"3.0";"Участвуете в конкурсе";"1955416";"—"
"473";"1";"—";"287.0";"98 91 95";"3.0";"Участвуете в конкурсе";"1356552";"—"
"474";"5";"—";"287.0";"95 94 95";"3.0";"Участвуете в конкурсе";"1250437";"—"
"475";"3";"—";"287.0";"95 94 95";"3.0";"Участвуете в конкурсе";"1276886";"—"
"476";"3";"—";"287.0";"95 94 95";"3.0";"Участвуете в конкурсе";"2249798";"—"
"477";"11";"—";"287.0";"93 97 94";"3.0";"Участвуете в конкурсе";"2240018";"—"
"478";"4";"—";"287.0";"95 97 92";"3.0";"Участвуете в конкурсе";"2376179";"—"
"479";"3";"—";"287.0";"93 89 100";"5.0";"Участвуете в конкурсе";"1514245";"—"
"480";"4";"Электронное";"287.0";"100 83 99";"5.0";"Участвуете в конкурсе";"1649452";"—"
"481";"4";"—";"287.0";"98 86 98";"5.0";"Участвуете в конкурсе";"2052979";"—"
"482";"3";"—";"287.0";"90 94 98";"5.0";"Участвуете в конкурсе";"1170428";"—"
"483";"6";"—";"287.0";"98 89 95";"5.0";"Участвуете в конкурсе";"1357450";"—"
"484";"4";"—";"287.0";"98 89 95";"5.0";"Участвуете в конкурсе";"1956402";"—"
"485";"1";"—";"287.0";"96 91 95";"5.0";"Участвуете в конкурсе";"1787705";"—"
"486";"4";"—";"287.0";"93 94 95";"5.0";"Участвуете в конкурсе";"1789261";"—"
"487";"4";"—";"287.0";"93 94 95";"5.0";"Участвуете в конкурсе";"1207433";"—"
"488";"3";"—";"287.0";"90 97 95";"5.0";"Участвуете в конкурсе";"2007177";"—"
"489";"2";"—";"287.0";"88 100 94";"5.0";"Участвуете в конкурсе";"1558752";"—"
"490";"5";"—";"287.0";"96 94 92";"5.0";"Участвуете в конкурсе";"1649431";"—"
"491";"2";"—";"287.0";"95 97 90";"5.0";"Участвуете в конкурсе";"1459607";"—"
"492";"4";"—";"287.0";"100 81 100";"6.0";"Участвуете в конкурсе";"1427907";"—"
"493";"5";"Электронное";"287.0";"98 83 100";"6.0";"Участвуете в конкурсе";"1412089";"—"
"494";"6";"—";"287.0";"98 83 100";"6.0";"Участвуете в конкурсе";"1634114";"—"
"495";"7";"Электронное";"287.0";"90 91 100";"6.0";"Участвуете в конкурсе";"1754879";"—"
"496";"2";"—";"287.0";"100 83 96";"8.0";"Участвуете в конкурсе";"1250447";"—"
"497";"2";"—";"287.0";"98 83 97";"9.0";"Участвуете в конкурсе";"1718527";"—"
"498";"3";"—";"287.0";"93 86 98";"10.0";"Участвуете в конкурсе";"1577464";"—"
"499";"1";"—";"286.0";"98 89 99";"—";"Участвуете в конкурсе";"1797351";"—"
"500";"3";"Электронное";"286.0";"94 94 98";"—";"Участвуете в конкурсе";"1794514";"—"
"501";"2";"—";"286.0";"88 100 98";"—";"Участвуете в конкурсе";"2343902";"—"
"502";"4";"Электронное";"286.0";"98 91 97";"—";"Участвуете в конкурсе";"1471844";"—"
"503";"5";"—";"286.0";"100 91 95";"—";"Участвуете в конкурсе";"2097415";"—"
"504";"1";"—";"286.0";"100 89 95";"2.0";"Участвуете в конкурсе";"1354935";"—"
"505";"2";"—";"286.0";"100 94 90";"2.0";"Участвуете в конкурсе";"1614450";"—"
"506";"2";"—";"286.0";"100 83 100";"3.0";"Участвуете в конкурсе";"1880847";"—"
"507";"5";"—";"286.0";"100 83 100";"3.0";"Участвуете в конкурсе";"1259431";"—"
"508";"6";"—";"286.0";"100 83 100";"3.0";"Участвуете в конкурсе";"1605034";"—"
"509";"3";"Электронное";"286.0";"98 86 99";"3.0";"Участвуете в конкурсе";"1641827";"—"
"510";"1";"—";"286.0";"96 89 98";"3.0";"Участвуете в конкурсе";"1419904";"—"
"511";"2";"Электронное";"286.0";"100 86 97";"3.0";"Участвуете в конкурсе";"1605065";"—"
"512";"6";"—";"286.0";"98 89 96";"3.0";"Участвуете в конкурсе";"1618451";"—"
"513";"4";"—";"286.0";"98 89 96";"3.0";"Участвуете в конкурсе";"1259541";"—"
"514";"4";"Электронное";"286.0";"98 89 96";"3.0";"Участвуете в конкурсе";"2134980";"—"
"515";"4";"Электронное";"286.0";"93 94 96";"3.0";"Участвуете в конкурсе";"1650447";"—"
"516";"6";"—";"286.0";"90 97 96";"3.0";"Участвуете в конкурсе";"1651511";"—"
"517";"3";"Электронное";"286.0";"94 94 95";"3.0";"Участвуете в конкурсе";"1213043";"—"
"518";"9";"—";"286.0";"100 89 94";"3.0";"Участвуете в конкурсе";"2134514";"—"
"519";"2";"—";"286.0";"98 91 94";"3.0";"Участвуете в конкурсе";"1390177";"—"
"520";"4";"—";"286.0";"98 91 94";"3.0";"Участвуете в конкурсе";"1350760";"—"
"521";"4";"—";"286.0";"98 97 88";"3.0";"Участвуете в конкурсе";"1516239";"—"
"522";"5";"—";"286.0";"92 89 100";"5.0";"Участвуете в конкурсе";"1424091";"—"
"523";"2";"—";"286.0";"93 94 94";"5.0";"Участвуете в конкурсе";"1916223";"—"
"524";"2";"—";"286.0";"90 97 94";"5.0";"Участвуете в конкурсе";"1443343";"—"
"525";"5";"—";"286.0";"90 97 94";"5.0";"Участвуете в конкурсе";"1890855";"—"
"526";"3";"—";"286.0";"100 91 90";"5.0";"Участвуете в конкурсе";"1169514";"—"
"527";"5";"—";"286.0";"90 94 94";"8.0";"Участвуете в конкурсе";"974510";"—"
"528";"8";"—";"286.0";"94 83 100";"9.0";"Участвуете в конкурсе";"1476841";"—"
"529";"3";"—";"286.0";"88 89 100";"9.0";"Участвуете в конкурсе";"1168397";"—"
"530";"2";"Электронное";"286.0";"85 91 100";"10.0";"Участвуете в конкурсе";"1851312";"—"
"531";"5";"—";"286.0";"90 89 97";"10.0";"Участвуете в конкурсе";"1173851";"—"
"532";"3";"—";"285.0";"91 94 100";"—";"Участвуете в конкурсе";"1318725";"—"
"533";"5";"—";"285.0";"98 89 98";"—";"Участвуете в конкурсе";"1024074";"—"
"534";"2";"—";"285.0";"100 89 96";"—";"Участвуете в конкурсе";"1041297";"—"
"535";"3";"Электронное";"285.0";"98 97 90";"—";"Участвуете в конкурсе";"1484523";"—"
"536";"5";"—";"285.0";"94 89 100";"2.0";"Участвуете в конкурсе";"1940159";"—"
"537";"5";"—";"285.0";"95 91 97";"2.0";"Участвуете в конкурсе";"1292162";"—"
"538";"1";"Электронное";"285.0";"96 91 96";"2.0";"Участвуете в конкурсе";"1622668";"—"
"539";"4";"—";"285.0";"100 89 94";"2.0";"Участвуете в конкурсе";"1267325";"—"
"540";"5";"—";"285.0";"96 86 100";"3.0";"Участвуете в конкурсе";"2221406";"—"
"541";"6";"—";"285.0";"93 89 100";"3.0";"Участвуете в конкурсе";"2265518";"—"
"542";"2";"—";"285.0";"93 91 98";"3.0";"Участвуете в конкурсе";"1432030";"—"
"543";"3";"—";"285.0";"96 89 97";"3.0";"Участвуете в конкурсе";"1983283";"—"
"544";"5";"—";"285.0";"100 86 96";"3.0";"Участвуете в конкурсе";"1779711";"—"
"545";"1";"—";"285.0";"100 86 96";"3.0";"Участвуете в конкурсе";"1442563";"—"
"546";"2";"—";"285.0";"98 89 95";"3.0";"Участвуете в конкурсе";"1981648";"—"
"547";"3";"—";"285.0";"90 97 95";"3.0";"Участвуете в конкурсе";"1412819";"—"
"548";"6";"—";"285.0";"94 94 94";"3.0";"Участвуете в конкурсе";"1656211";"—"
"549";"5";"—";"285.0";"88 100 94";"3.0";"Участвуете в конкурсе";"1613206";"—"
"550";"4";"—";"285.0";"93 97 92";"3.0";"Участвуете в конкурсе";"1300955";"—"
"551";"4";"Электронное";"285.0";"98 94 90";"3.0";"Участвуете в конкурсе";"1610485";"—"
"552";"3";"—";"285.0";"98 94 90";"3.0";"Участвуете в конкурсе";"1296900";"—"
"553";"8";"—";"285.0";"98 94 90";"3.0";"Участвуете в конкурсе";"1632914";"—"
"554";"1";"Электронное";"285.0";"94 100 88";"3.0";"Участвуете в конкурсе";"2128187";"—"
"555";"1";"—";"285.0";"96 100 86";"3.0";"Участвуете в конкурсе";"1635550";"—"
"556";"1";"—";"285.0";"88 94 98";"5.0";"Участвуете в конкурсе";"1288171";"—"
"557";"4";"—";"285.0";"94 89 97";"5.0";"Участвуете в конкурсе";"1647722";"—"
"558";"3";"—";"285.0";"96 89 95";"5.0";"Участвуете в конкурсе";"1537008";"—"
"559";"1";"—";"285.0";"100 86 94";"5.0";"Участвуете в конкурсе";"1679780";"—"
"560";"2";"Электронное";"285.0";"100 86 94";"5.0";"Участвуете в конкурсе";"1576788";"—"
"561";"2";"—";"285.0";"96 94 90";"5.0";"Участвуете в конкурсе";"2227144";"—"
"562";"5";"—";"285.0";"93 97 90";"5.0";"Участвуете в конкурсе";"1983588";"—"
"563";"3";"—";"285.0";"90 100 90";"5.0";"Участвуете в конкурсе";"1997570";"—"
"564";"2";"Электронное";"285.0";"98 100 82";"5.0";"Участвуете в конкурсе";"1520921";"—"
"565";"5";"—";"285.0";"98 81 100";"6.0";"Участвуете в конкурсе";"1351252";"—"
"566";"4";"Электронное";"285.0";"93 86 100";"6.0";"Участвуете в конкурсе";"1198116";"—"
"567";"1";"—";"285.0";"85 97 95";"8.0";"Участвуете в конкурсе";"2314652";"—"
"568";"1";"—";"285.0";"94 81 100";"10.0";"Участвуете в конкурсе";"1412575";"—"
"569";"3";"—";"285.0";"88 91 96";"10.0";"Участвуете в конкурсе";"1622179";"—"
"570";"3";"Электронное";"284.0";"95 89 100";"—";"Участвуете в конкурсе";"1283336";"—"
"571";"4";"—";"284.0";"93 91 100";"—";"Участвуете в конкурсе";"1754673";"—"
"572";"2";"Электронное";"284.0";"100 86 98";"—";"Участвуете в конкурсе";"1717945";"—"
"573";"2";"—";"284.0";"100 86 98";"—";"Участвуете в конкурсе";"1853961";"—"
"574";"1";"—";"284.0";"100 86 98";"—";"Участвуете в конкурсе";"1521822";"—"
"575";"3";"Электронное";"284.0";"95 91 98";"—";"Участвуете в конкурсе";"1175736";"—"
"576";"3";"Электронное";"284.0";"98 89 97";"—";"Участвуете в конкурсе";"1707490";"—"
"577";"6";"—";"284.0";"98 89 97";"—";"Участвуете в конкурсе";"1176943";"—"
"578";"4";"—";"284.0";"98 91 95";"—";"Участвуете в конкурсе";"2221866";"—"
"579";"1";"—";"284.0";"96 94 94";"—";"Участвуете в конкурсе";"1331104";"—"
"580";"2";"—";"284.0";"96 94 94";"—";"Участвуете в конкурсе";"1679278";"—"
"581";"3";"—";"284.0";"98 94 92";"—";"Участвуете в конкурсе";"1835246";"—"
"582";"2";"Электронное";"284.0";"95 97 90";"2.0";"Участвуете в конкурсе";"1727119";"—"
"583";"1";"—";"284.0";"95 86 100";"3.0";"Участвуете в конкурсе";"1388667";"—"
"584";"7";"—";"284.0";"95 86 100";"3.0";"Участвуете в конкурсе";"2399948";"—"
"585";"5";"—";"284.0";"95 86 100";"3.0";"Участвуете в конкурсе";"1851468";"—"
"586";"5";"—";"284.0";"92 89 100";"3.0";"Участвуете в конкурсе";"1842852";"—"
"587";"5";"Электронное";"284.0";"88 94 99";"3.0";"Участвуете в конкурсе";"1466546";"—"
"588";"2";"—";"284.0";"88 94 99";"3.0";"Участвуете в конкурсе";"1465451";"—"
"589";"5";"Электронное";"284.0";"98 86 97";"3.0";"Участвуете в конкурсе";"1570497";"—"
"590";"4";"—";"284.0";"100 86 95";"3.0";"Участвуете в конкурсе";"1505063";"—"
"591";"3";"—";"284.0";"98 89 94";"3.0";"Участвуете в конкурсе";"1757630";"—"
"592";"2";"—";"284.0";"98 89 94";"3.0";"Участвуете в конкурсе";"1606186";"—"
"593";"3";"—";"284.0";"96 91 94";"3.0";"Участвуете в конкурсе";"1946316";"—"
"594";"4";"—";"284.0";"96 91 94";"3.0";"Участвуете в конкурсе";"1352336";"—"
"595";"3";"—";"284.0";"90 97 94";"3.0";"Участвуете в конкурсе";"1890920";"—"
"596";"5";"—";"284.0";"100 89 92";"3.0";"Участвуете в конкурсе";"1904983";"—"
"597";"4";"—";"284.0";"98 97 86";"3.0";"Участвуете в конкурсе";"1361073";"—"
"598";"1";"—";"284.0";"98 81 100";"5.0";"Участвуете в конкурсе";"1983381";"—"
"599";"1";"—";"284.0";"96 83 100";"5.0";"Участвуете в конкурсе";"1174148";"—"
"600";"7";"Электронное";"284.0";"90 89 100";"5.0";"Участвуете в конкурсе";"1939926";"—"
"601";"4";"Электронное";"284.0";"94 89 96";"5.0";"Участвуете в конкурсе";"1291311";"—"
"602";"5";"—";"284.0";"98 86 95";"5.0";"Участвуете в конкурсе";"1778680";"—"
"603";"4";"Электронное";"284.0";"93 91 95";"5.0";"Участвуете в конкурсе";"1463535";"—"
"604";"1";"—";"284.0";"98 89 92";"5.0";"Участвуете в конкурсе";"1572663";"—"
"605";"1";"—";"284.0";"96 91 92";"5.0";"Участвуете в конкурсе";"1177429";"—"
"606";"1";"—";"284.0";"96 91 92";"5.0";"Участвуете в конкурсе";"1860240";"—"
"607";"3";"—";"284.0";"100 89 90";"5.0";"Участвуете в конкурсе";"1169120";"—"
"608";"1";"—";"284.0";"98 91 90";"5.0";"Участвуете в конкурсе";"1392146";"—"
"609";"7";"Электронное";"284.0";"100 91 88";"5.0";"Участвуете в конкурсе";"1585087";"—"
"610";"7";"Электронное";"284.0";"93 100 86";"5.0";"Участвуете в конкурсе";"1964152";"—"
"611";"6";"—";"284.0";"88 100 90";"6.0";"Участвуете в конкурсе";"1105993";"—"
"612";"2";"—";"284.0";"98 78 100";"8.0";"Участвуете в конкурсе";"1876705";"—"
"613";"6";"—";"284.0";"88 94 94";"8.0";"Участвуете в конкурсе";"1853778";"—"
"614";"2";"—";"284.0";"93 86 95";"10.0";"Участвуете в конкурсе";"1780528";"—"
"615";"7";"—";"283.0";"90 94 99";"—";"Участвуете в конкурсе";"1106167";"—"
"616";"4";"—";"283.0";"94 91 98";"—";"Участвуете в конкурсе";"1905419";"—"
"617";"5";"—";"283.0";"98 91 94";"—";"Участвуете в конкурсе";"1357718";"—"
"618";"7";"—";"283.0";"96 97 90";"—";"Участвуете в конкурсе";"1626962";"—"
"619";"6";"—";"283.0";"98 83 100";"2.0";"Участвуете в конкурсе";"2224799";"—"
"620";"1";"—";"283.0";"98 91 92";"2.0";"Участвуете в конкурсе";"1578646";"—"
"621";"4";"Электронное";"283.0";"88 92 100";"3.0";"Участвуете в конкурсе";"1197842";"—"
"622";"3";"Электронное";"283.0";"98 83 99";"3.0";"Участвуете в конкурсе";"1206264";"—"
"623";"3";"Электронное";"283.0";"85 97 98";"3.0";"Участвуете в конкурсе";"1747532";"—"
"624";"2";"—";"283.0";"95 89 96";"3.0";"Участвуете в конкурсе";"2168804";"—"
"625";"3";"Электронное";"283.0";"95 89 96";"3.0";"Участвуете в конкурсе";"1260166";"—"
"626";"6";"—";"283.0";"88 97 95";"3.0";"Участвуете в конкурсе";"2005775";"—"
"627";"5";"—";"283.0";"100 86 94";"3.0";"Участвуете в конкурсе";"2054888";"—"
"628";"2";"—";"283.0";"100 86 94";"3.0";"Участвуете в конкурсе";"1608197";"—"
"629";"7";"—";"283.0";"95 91 94";"3.0";"Участвуете в конкурсе";"1440961";"—"
"630";"6";"—";"283.0";"95 91 94";"3.0";"Участвуете в конкурсе";"1510840";"—"
"631";"2";"—";"283.0";"93 97 90";"3.0";"Участвуете в конкурсе";"1577038";"—"
"632";"8";"—";"283.0";"88 91 99";"5.0";"Участвуете в конкурсе";"1577390";"—"
"633";"15";"—";"283.0";"98 83 97";"5.0";"Участвуете в конкурсе";"2052080";"—"
"634";"5";"—";"283.0";"90 91 97";"5.0";"Участвуете в конкурсе";"1602857";"—"
"635";"8";"—";"283.0";"93 89 96";"5.0";"Участвуете в конкурсе";"1262362";"—"
"636";"11";"—";"283.0";"91 91 96";"5.0";"Участвуете в конкурсе";"1955155";"—"
"637";"3";"—";"283.0";"92 91 95";"5.0";"Участвуете в конкурсе";"1514947";"—"
"638";"5";"—";"283.0";"93 91 94";"5.0";"Участвуете в конкурсе";"2370920";"—"
"639";"5";"—";"283.0";"92 94 92";"5.0";"Участвуете в конкурсе";"1488409";"—"
"640";"3";"—";"283.0";"96 94 88";"5.0";"Участвуете в конкурсе";"1336573";"—"
"641";"7";"—";"283.0";"93 83 99";"8.0";"Участвуете в конкурсе";"2215497";"—"
"642";"5";"—";"283.0";"98 83 92";"10.0";"Участвуете в конкурсе";"2099944";"—"
"643";"6";"—";"282.0";"93 89 100";"—";"Участвуете в конкурсе";"1938042";"—"
"644";"8";"—";"282.0";"98 86 98";"—";"Участвуете в конкурсе";"1204240";"—"
"645";"4";"—";"282.0";"98 86 98";"—";"Участвуете в конкурсе";"1962809";"—"
"646";"5";"—";"282.0";"95 89 98";"—";"Участвуете в конкурсе";"1287112";"—"
"647";"5";"—";"282.0";"98 89 95";"—";"Участвуете в конкурсе";"1910325";"—"
"648";"5";"—";"282.0";"95 91 94";"2.0";"Участвуете в конкурсе";"1617160";"—"
"649";"1";"—";"282.0";"98 94 88";"2.0";"Участвуете в конкурсе";"1323325";"—"
"650";"4";"—";"282.0";"98 94 88";"2.0";"Участвуете в конкурсе";"1415670";"—"
"651";"4";"Электронное";"282.0";"90 89 100";"3.0";"Участвуете в конкурсе";"1504165";"—"
"652";"3";"—";"282.0";"95 86 98";"3.0";"Участвуете в конкурсе";"1530766";"—"
"653";"2";"—";"282.0";"88 94 97";"3.0";"Участвуете в конкурсе";"1584009";"—"
"654";"4";"Электронное";"282.0";"98 86 95";"3.0";"Участвуете в конкурсе";"1843556";"—"
"655";"6";"—";"282.0";"95 89 95";"3.0";"Участвуете в конкурсе";"1653244";"—"
"656";"5";"—";"282.0";"90 94 95";"3.0";"Участвуете в конкурсе";"2087421";"—"
"657";"3";"Электронное";"282.0";"93 94 92";"3.0";"Участвуете в конкурсе";"1722912";"—"
"658";"2";"—";"282.0";"90 97 92";"3.0";"Участвуете в конкурсе";"1651267";"—"
"659";"3";"—";"282.0";"100 89 90";"3.0";"Участвуете в конкурсе";"1565639";"—"
"660";"7";"—";"282.0";"98 91 90";"3.0";"Участвуете в конкурсе";"1582374";"—"
"661";"3";"—";"282.0";"100 91 88";"3.0";"Участвуете в конкурсе";"1197790";"—"
"662";"5";"—";"282.0";"100 91 88";"3.0";"Участвуете в конкурсе";"1319215";"—"
"663";"2";"—";"282.0";"100 91 88";"3.0";"Участвуете в конкурсе";"1795346";"—"
"664";"9";"—";"282.0";"83 94 100";"5.0";"Участвуете в конкурсе";"1307030";"—"
"665";"4";"—";"282.0";"94 89 94";"5.0";"Участвуете в конкурсе";"1731233";"—"
"666";"4";"—";"282.0";"96 89 92";"5.0";"Участвуете в конкурсе";"2101488";"—"
"667";"2";"—";"282.0";"96 89 92";"5.0";"Участвуете в конкурсе";"1864467";"—"
"668";"4";"—";"282.0";"88 97 92";"5.0";"Участвуете в конкурсе";"1413692";"—"
"669";"3";"Электронное";"282.0";"98 89 90";"5.0";"Участвуете в конкурсе";"1442348";"—"
"670";"2";"—";"282.0";"93 94 90";"5.0";"Участвуете в конкурсе";"1780848";"—"
"671";"8";"Электронное";"282.0";"90 97 90";"5.0";"Участвуете в конкурсе";"1399843";"—"
"672";"6";"Электронное";"282.0";"90 97 90";"5.0";"Участвуете в конкурсе";"1583458";"—"
"673";"5";"—";"282.0";"100 89 88";"5.0";"Участвуете в конкурсе";"1564357";"—"
"674";"2";"—";"282.0";"98 91 88";"5.0";"Участвуете в конкурсе";"1415546";"—"
"675";"4";"—";"282.0";"95 94 88";"5.0";"Участвуете в конкурсе";"1472830";"—"
"676";"6";"—";"282.0";"98 86 92";"6.0";"Участвуете в конкурсе";"1181375";"—"
"677";"3";"—";"282.0";"93 83 98";"8.0";"Участвуете в конкурсе";"996854";"—"
"678";"3";"—";"282.0";"93 86 95";"8.0";"Участвуете в конкурсе";"2185326";"—"
"679";"9";"—";"282.0";"90 94 90";"8.0";"Участвуете в конкурсе";"1287196";"—"
"680";"2";"—";"282.0";"96 83 94";"9.0";"Участвуете в конкурсе";"2038347";"—"
"681";"2";"—";"281.0";"98 83 100";"—";"Участвуете в конкурсе";"2220980";"—"
"682";"6";"Электронное";"281.0";"93 89 99";"—";"Участвуете в конкурсе";"2135559";"—"
"683";"3";"—";"281.0";"94 89 98";"—";"Участвуете в конкурсе";"1140298";"—"
"684";"2";"—";"281.0";"98 91 92";"—";"Участвуете в конкурсе";"1631389";"—"
"685";"3";"—";"281.0";"100 91 90";"—";"Участвуете в конкурсе";"1107089";"—"
"686";"3";"—";"281.0";"95 86 98";"2.0";"Участвуете в конкурсе";"1666321";"—"
"687";"6";"—";"281.0";"98 86 95";"2.0";"Участвуете в конкурсе";"2312347";"—"
"688";"4";"—";"281.0";"96 89 94";"2.0";"Участвуете в конкурсе";"1828164";"—"
"689";"4";"—";"281.0";"90 97 92";"2.0";"Участвуете в конкурсе";"1415733";"—"
"690";"4";"—";"281.0";"98 91 90";"2.0";"Участвуете в конкурсе";"1443301";"—"
"691";"6";"—";"281.0";"92 86 100";"3.0";"Участвуете в конкурсе";"1207490";"—"
"692";"1";"—";"281.0";"98 83 97";"3.0";"Участвуете в конкурсе";"1208738";"—"
"693";"7";"—";"281.0";"96 86 96";"3.0";"Участвуете в конкурсе";"1518502";"—"
"694";"1";"—";"281.0";"96 86 96";"3.0";"Участвуете в конкурсе";"1387945";"—"
"695";"2";"—";"281.0";"93 89 96";"3.0";"Участвуете в конкурсе";"1550190";"—"
"696";"5";"—";"281.0";"85 97 96";"3.0";"Участвуете в конкурсе";"1831641";"—"
"697";"2";"—";"281.0";"92 91 95";"3.0";"Участвуете в конкурсе";"2117934";"—"
"698";"1";"Электронное";"281.0";"98 86 94";"3.0";"Участвуете в конкурсе";"1153941";"—"
"699";"3";"—";"281.0";"95 89 94";"3.0";"Участвуете в конкурсе";"1650607";"—"
"700";"1";"—";"281.0";"90 94 94";"3.0";"Участвуете в конкурсе";"1725406";"—"
"701";"4";"Электронное";"281.0";"100 86 92";"3.0";"Участвуете в конкурсе";"2097295";"—"
"702";"4";"—";"281.0";"95 91 92";"3.0";"Участвуете в конкурсе";"1345274";"—"
"703";"5";"—";"281.0";"93 97 88";"3.0";"Участвуете в конкурсе";"1380031";"—"
"704";"4";"—";"281.0";"88 89 99";"5.0";"Участвуете в конкурсе";"1715743";"—"
"705";"2";"Электронное";"281.0";"100 78 98";"5.0";"Участвуете в конкурсе";"2403672";"—"
"706";"2";"—";"281.0";"92 86 98";"5.0";"Участвуете в конкурсе";"1619832";"—"
"707";"8";"—";"281.0";"98 81 97";"5.0";"Участвуете в конкурсе";"2370896";"—"
"708";"7";"—";"281.0";"96 83 97";"5.0";"Участвуете в конкурсе";"1705552";"—"
"709";"3";"—";"281.0";"93 86 97";"5.0";"Участвуете в конкурсе";"1364621";"—"
"710";"7";"—";"281.0";"95 86 95";"5.0";"Участвуете в конкурсе";"2271086";"—"
"711";"3";"—";"281.0";"90 91 95";"5.0";"Участвуете в конкурсе";"1868919";"—"
"712";"3";"—";"281.0";"90 94 92";"5.0";"Участвуете в конкурсе";"1908822";"—"
"713";"4";"—";"281.0";"96 83 94";"8.0";"Участвуете в конкурсе";"1290231";"—"
"714";"3";"—";"281.0";"72 100 100";"9.0";"Участвуете в конкурсе";"1177853";"—"
"715";"2";"—";"281.0";"95 89 88";"9.0";"Участвуете в конкурсе";"1648879";"—"
"716";"1";"Электронное";"281.0";"90 91 90";"10.0";"Участвуете в конкурсе";"2043367";"—"
"717";"8";"—";"280.0";"95 86 99";"—";"Участвуете в конкурсе";"1249316";"—"
"718";"2";"—";"280.0";"100 83 97";"—";"Участвуете в конкурсе";"1855428";"—"
"719";"6";"—";"280.0";"96 89 95";"—";"Участвуете в конкурсе";"1480743";"—"
"720";"3";"—";"280.0";"94 91 95";"—";"Участвуете в конкурсе";"2267201";"—"
"721";"1";"Электронное";"280.0";"95 83 100";"2.0";"Участвуете в конкурсе";"1176343";"—"
"722";"4";"—";"280.0";"95 83 100";"2.0";"Участвуете в конкурсе";"1652950";"—"
"723";"2";"—";"280.0";"95 83 100";"2.0";"Участвуете в конкурсе";"1173904";"—"
"724";"3";"—";"280.0";"98 83 97";"2.0";"Участвуете в конкурсе";"1512611";"—"
"725";"9";"Электронное";"280.0";"93 91 94";"2.0";"Участвуете в конкурсе";"983542";"—"
"726";"5";"—";"280.0";"90 94 94";"2.0";"Участвуете в конкурсе";"1719007";"—"
"727";"2";"—";"280.0";"100 86 92";"2.0";"Участвуете в конкурсе";"1186724";"—"
"728";"4";"—";"280.0";"90 89 98";"3.0";"Участвуете в конкурсе";"2099755";"—"
"729";"9";"Электронное";"280.0";"100 81 96";"3.0";"Участвуете в конкурсе";"1633348";"—"
"730";"5";"Электронное";"280.0";"90 91 96";"3.0";"Участвуете в конкурсе";"1848689";"—"
"731";"9";"—";"280.0";"96 86 95";"3.0";"Участвуете в конкурсе";"1626898";"—"
"732";"1";"—";"280.0";"93 89 95";"3.0";"Участвуете в конкурсе";"1205333";"—"
"733";"6";"—";"280.0";"100 83 94";"3.0";"Участвуете в конкурсе";"1126649";"—"
"734";"3";"—";"280.0";"100 83 94";"3.0";"Участвуете в конкурсе";"1730724";"—"
"735";"2";"—";"280.0";"92 91 94";"3.0";"Участвуете в конкурсе";"1712733";"—"
"736";"6";"—";"280.0";"86 97 94";"3.0";"Участвуете в конкурсе";"1625355";"—"
"737";"1";"—";"280.0";"98 88 91";"3.0";"Участвуете в конкурсе";"1795969";"—"
"738";"2";"—";"280.0";"98 89 90";"3.0";"Участвуете в конкурсе";"2178746";"—"
"739";"3";"—";"280.0";"98 89 90";"3.0";"Участвуете в конкурсе";"2345021";"—"
"740";"6";"—";"280.0";"93 94 90";"3.0";"Участвуете в конкурсе";"1477537";"—"
"741";"6";"Электронное";"280.0";"100 89 88";"3.0";"Участвуете в конкурсе";"1213110";"—"
"742";"7";"—";"280.0";"100 78 97";"5.0";"Участвуете в конкурсе";"1520738";"—"
"743";"3";"—";"280.0";"93 86 96";"5.0";"Участвуете в конкурсе";"2308418";"—"
"744";"5";"Электронное";"280.0";"95 86 94";"5.0";"Участвуете в конкурсе";"1529622";"—"
"745";"4";"—";"280.0";"100 83 92";"5.0";"Участвуете в конкурсе";"1177787";"—"
"746";"1";"—";"280.0";"100 83 92";"5.0";"Участвуете в конкурсе";"1639150";"—"
"747";"2";"—";"280.0";"90 97 88";"5.0";"Участвуете в конкурсе";"1394423";"—"
"748";"6";"—";"280.0";"90 97 88";"5.0";"Участвуете в конкурсе";"1104282";"—"
"749";"7";"—";"280.0";"85 89 100";"6.0";"Участвуете в конкурсе";"1727893";"—"
"750";"7";"Электронное";"280.0";"90 92 90";"8.0";"Участвуете в конкурсе";"1618719";"—"
"751";"3";"Электронное";"280.0";"88 86 96";"10.0";"Участвуете в конкурсе";"1285047";"—"
"752";"2";"—";"280.0";"100 78 92";"10.0";"Участвуете в конкурсе";"1518262";"—"
"753";"7";"Электронное";"279.0";"98 81 100";"—";"Участвуете в конкурсе";"2179972";"—"
"754";"3";"—";"279.0";"98 81 100";"—";"Участвуете в конкурсе";"1442081";"—"
"755";"8";"Электронное";"279.0";"93 86 100";"—";"Участвуете в конкурсе";"1288256";"—"
"756";"2";"—";"279.0";"98 83 98";"—";"Участвуете в конкурсе";"2096811";"—"
"757";"7";"—";"279.0";"92 89 98";"—";"Участвуете в конкурсе";"1908356";"—"
"758";"3";"Электронное";"279.0";"93 89 97";"—";"Участвуете в конкурсе";"2143652";"—"
"759";"2";"—";"279.0";"96 89 94";"—";"Участвуете в конкурсе";"1936743";"—"
"760";"2";"—";"279.0";"88 97 94";"—";"Участвуете в конкурсе";"1327732";"—"
"761";"1";"—";"279.0";"85 100 94";"—";"Участвуете в конкурсе";"1767419";"—"
"762";"5";"—";"279.0";"90 97 92";"—";"Участвуете в конкурсе";"2333643";"—"
"763";"3";"Электронное";"279.0";"95 100 84";"—";"Участвуете в конкурсе";"1582041";"—"
"764";"2";"Электронное";"279.0";"100 81 96";"2.0";"Участвуете в конкурсе";"2302044";"—"
"765";"3";"—";"279.0";"98 83 96";"2.0";"Участвуете в конкурсе";"1644223";"—"
"766";"7";"—";"279.0";"90 91 96";"2.0";"Участвуете в конкурсе";"1256472";"—"
"767";"2";"—";"279.0";"100 83 94";"2.0";"Участвуете в конкурсе";"2092669";"—"
"768";"5";"—";"279.0";"88 97 92";"2.0";"Участвуете в конкурсе";"1280149";"—"
"769";"5";"—";"279.0";"95 81 100";"3.0";"Участвуете в конкурсе";"1550037";"—"
"770";"7";"—";"279.0";"85 91 100";"3.0";"Участвуете в конкурсе";"988345";"—"
"771";"1";"Электронное";"279.0";"97 81 98";"3.0";"Участвуете в конкурсе";"1635106";"—"
"772";"2";"—";"279.0";"96 83 97";"3.0";"Участвуете в конкурсе";"1847314";"—"
"773";"11";"—";"279.0";"93 86 97";"3.0";"Участвуете в конкурсе";"2270962";"—"
"774";"4";"Электронное";"279.0";"90 91 95";"3.0";"Участвуете в конкурсе";"1580934";"—"
"775";"4";"—";"279.0";"88 94 94";"3.0";"Участвуете в конкурсе";"1487828";"—"
"776";"4";"—";"279.0";"90 94 92";"3.0";"Участвуете в конкурсе";"1360046";"—"
"777";"9";"—";"279.0";"93 97 86";"3.0";"Участвуете в конкурсе";"1650537";"—"
"778";"3";"Электронное";"279.0";"85 89 100";"5.0";"Участвуете в конкурсе";"1418986";"—"
"779";"2";"—";"279.0";"100 75 99";"5.0";"Участвуете в конкурсе";"1356280";"—"
"780";"2";"—";"279.0";"93 86 95";"5.0";"Участвуете в конкурсе";"1002405";"—"
"781";"4";"—";"279.0";"88 91 95";"5.0";"Участвуете в конкурсе";"1413116";"—"
"782";"6";"—";"279.0";"94 86 94";"5.0";"Участвуете в конкурсе";"1092359";"—"
"783";"4";"—";"279.0";"93 89 92";"5.0";"Участвуете в конкурсе";"2204721";"—"
"784";"2";"—";"279.0";"90 94 90";"5.0";"Участвуете в конкурсе";"2142949";"—"
"785";"5";"Электронное";"279.0";"95 91 88";"5.0";"Участвуете в конкурсе";"2102230";"—"
"786";"4";"—";"279.0";"95 91 88";"5.0";"Участвуете в конкурсе";"1110766";"—"
"787";"2";"—";"279.0";"88 100 86";"5.0";"Участвуете в конкурсе";"1792880";"—"
"788";"3";"Электронное";"279.0";"98 94 82";"5.0";"Участвуете в конкурсе";"1641301";"—"
"789";"1";"—";"279.0";"94 81 98";"6.0";"Участвуете в конкурсе";"1037571";"—"
"790";"7";"—";"279.0";"98 72 100";"9.0";"Участвуете в конкурсе";"1132781";"—"
"791";"9";"—";"279.0";"90 91 88";"10.0";"Участвуете в конкурсе";"1640850";"—"
"792";"6";"—";"278.0";"88 94 96";"—";"Участвуете в конкурсе";"1340187";"—"
"793";"3";"—";"278.0";"86 97 95";"—";"Участвуете в конкурсе";"1068522";"—"
"794";"5";"—";"278.0";"98 86 94";"—";"Участвуете в конкурсе";"1616265";"—"
"795";"3";"Электронное";"278.0";"93 86 97";"2.0";"Участвуете в конкурсе";"1181705";"—"
"796";"1";"Электронное";"278.0";"92 89 95";"2.0";"Участвуете в конкурсе";"1650959";"—"
"797";"3";"—";"278.0";"100 86 90";"2.0";"Участвуете в конкурсе";"1332183";"—"
"798";"4";"—";"278.0";"92 83 100";"3.0";"Участвуете в конкурсе";"2000166";"—"
"799";"8";"—";"278.0";"96 83 96";"3.0";"Участвуете в конкурсе";"1725242";"—"
"800";"2";"—";"278.0";"80 100 95";"3.0";"Участвуете в конкурсе";"1570268";"—"
"801";"7";"—";"278.0";"98 83 94";"3.0";"Участвуете в конкурсе";"1870807";"—"
"802";"5";"Электронное";"278.0";"92 91 92";"3.0";"Участвуете в конкурсе";"2001761";"—"
"803";"5";"—";"278.0";"96 89 90";"3.0";"Участвуете в конкурсе";"1255788";"—"
"804";"8";"—";"278.0";"96 89 90";"3.0";"Участвуете в конкурсе";"2177196";"—"
"805";"1";"—";"278.0";"94 91 90";"3.0";"Участвуете в конкурсе";"1652603";"—"
"806";"3";"—";"278.0";"94 91 90";"3.0";"Участвуете в конкурсе";"1214072";"—"
"807";"4";"—";"278.0";"100 89 86";"3.0";"Участвуете в конкурсе";"1881418";"—"
"808";"2";"—";"278.0";"100 89 86";"3.0";"Участвуете в конкурсе";"1235064";"—"
"809";"2";"—";"278.0";"98 91 86";"3.0";"Участвуете в конкурсе";"948430";"—"
"810";"1";"Электронное";"278.0";"82 91 100";"5.0";"Участвуете в конкурсе";"1441768";"—"
"811";"3";"—";"278.0";"90 86 97";"5.0";"Участвуете в конкурсе";"1177512";"—"
"812";"4";"—";"278.0";"92 86 95";"5.0";"Участвуете в конкурсе";"1253444";"—"
"813";"2";"—";"278.0";"100 81 92";"5.0";"Участвуете в конкурсе";"1362877";"—"
"814";"1";"—";"278.0";"100 81 92";"5.0";"Участвуете в конкурсе";"2133857";"—"
"815";"4";"Электронное";"278.0";"93 90 90";"5.0";"Участвуете в конкурсе";"1518166";"—"
"816";"1";"—";"278.0";"98 89 86";"5.0";"Участвуете в конкурсе";"1956357";"—"
"817";"3";"—";"278.0";"93 94 86";"5.0";"Участвуете в конкурсе";"1339325";"—"
"818";"1";"—";"278.0";"88 83 97";"10.0";"Участвуете в конкурсе";"2219538";"—"
"819";"3";"Электронное";"278.0";"76 97 95";"10.0";"Участвуете в конкурсе";"1471157";"—"
"820";"3";"—";"277.0";"94 83 100";"—";"Участвуете в конкурсе";"1466918";"—"
"821";"5";"—";"277.0";"86 91 100";"—";"Участвуете в конкурсе";"1288822";"—"
"822";"6";"—";"277.0";"98 81 98";"—";"Участвуете в конкурсе";"1868933";"—"
"823";"2";"—";"277.0";"100 83 94";"—";"Участвуете в конкурсе";"1265905";"—"
"824";"4";"—";"277.0";"94 89 94";"—";"Участвуете в конкурсе";"1797169";"—"
"825";"1";"—";"277.0";"100 89 88";"—";"Участвуете в конкурсе";"1691302";"—"
"826";"6";"Электронное";"277.0";"88 89 98";"2.0";"Участвуете в конкурсе";"1576243";"—"
"827";"5";"—";"277.0";"88 97 90";"2.0";"Участвуете в конкурсе";"1916566";"—"
"828";"6";"Электронное";"277.0";"85 91 98";"3.0";"Участвуете в конкурсе";"2236183";"—"
"829";"3";"—";"277.0";"86 91 97";"3.0";"Участвуете в конкурсе";"1335539";"—"
"830";"2";"—";"277.0";"84 94 96";"3.0";"Участвуете в конкурсе";"1025650";"—"
"831";"7";"—";"277.0";"93 86 95";"3.0";"Участвуете в конкурсе";"2236286";"—"
"832";"2";"—";"277.0";"90 89 95";"3.0";"Участвуете в конкурсе";"1644718";"—"
"833";"1";"—";"277.0";"93 89 92";"3.0";"Участвуете в конкурсе";"2391649";"—"
"834";"2";"—";"277.0";"93 89 92";"3.0";"Участвуете в конкурсе";"2315605";"—"
"835";"11";"—";"277.0";"93 91 90";"3.0";"Участвуете в конкурсе";"831613";"—"
"836";"5";"—";"277.0";"90 94 90";"3.0";"Участвуете в конкурсе";"1202897";"—"
"837";"2";"—";"277.0";"100 86 88";"3.0";"Участвуете в конкурсе";"1207535";"—"
"838";"1";"—";"277.0";"93 83 96";"5.0";"Участвуете в конкурсе";"1329894";"—"
"839";"2";"—";"277.0";"90 86 96";"5.0";"Участвуете в конкурсе";"2285867";"—"
"840";"4";"—";"277.0";"88 89 95";"5.0";"Участвуете в конкурсе";"1842337";"—"
"841";"1";"—";"277.0";"88 89 95";"5.0";"Участвуете в конкурсе";"1404078";"—"
"842";"7";"—";"277.0";"100 78 94";"5.0";"Участвуете в конкурсе";"2049645";"—"
"843";"4";"—";"277.0";"95 83 94";"5.0";"Участвуете в конкурсе";"1855534";"—"
"844";"7";"—";"277.0";"84 94 94";"5.0";"Участвуете в конкурсе";"1420631";"—"
"845";"1";"—";"277.0";"88 94 90";"5.0";"Участвуете в конкурсе";"2107677";"—"
"846";"3";"—";"277.0";"98 86 88";"5.0";"Участвуете в конкурсе";"1190987";"—"
"847";"2";"—";"277.0";"98 86 88";"5.0";"Участвуете в конкурсе";"1431905";"—"
"848";"5";"—";"277.0";"95 91 86";"5.0";"Участвуете в конкурсе";"2160345";"—"
"849";"6";"—";"277.0";"86 86 97";"8.0";"Участвуете в конкурсе";"1906800";"—"
"850";"3";"Электронное";"277.0";"98 73 97";"9.0";"Участвуете в конкурсе";"1717777";"—"
"851";"7";"—";"276.0";"98 78 100";"—";"Участвуете в конкурсе";"2005263";"—"
"852";"4";"—";"276.0";"95 81 100";"—";"Участвуете в конкурсе";"1265821";"—"
"853";"6";"—";"276.0";"93 86 97";"—";"Участвуете в конкурсе";"1264028";"—"
"854";"5";"Электронное";"276.0";"90 89 97";"—";"Участвуете в конкурсе";"1331214";"—"
"855";"5";"—";"276.0";"95 89 92";"—";"Участвуете в конкурсе";"2223237";"—"
"856";"5";"—";"276.0";"85 89 100";"2.0";"Участвуете в конкурсе";"1158073";"—"
"857";"1";"—";"276.0";"95 81 98";"2.0";"Участвуете в конкурсе";"1173959";"—"
"858";"3";"—";"276.0";"98 81 95";"2.0";"Участвуете в конкурсе";"1144077";"—"
"859";"4";"—";"276.0";"96 83 95";"2.0";"Участвуете в конкурсе";"1346394";"—"
"860";"7";"—";"276.0";"85 94 95";"2.0";"Участвуете в конкурсе";"1318508";"—"
"861";"3";"—";"276.0";"95 78 100";"3.0";"Участвуете в конкурсе";"1541783";"—"
"862";"2";"—";"276.0";"93 81 99";"3.0";"Участвуете в конкурсе";"1482855";"—"
"863";"1";"—";"276.0";"94 83 96";"3.0";"Участвуете в конкурсе";"1905199";"—"
"864";"5";"—";"276.0";"95 83 95";"3.0";"Участвуете в конкурсе";"1993742";"—"
"865";"2";"—";"276.0";"90 89 94";"3.0";"Участвуете в конкурсе";"2310631";"—"
"866";"3";"—";"276.0";"100 83 90";"3.0";"Участвуете в конкурсе";"1507770";"—"
"867";"3";"—";"276.0";"94 91 88";"3.0";"Участвуете в конкурсе";"1617778";"—"
"868";"6";"—";"276.0";"96 91 86";"3.0";"Участвуете в конкурсе";"1653204";"—"
"869";"1";"Электронное";"276.0";"90 97 86";"3.0";"Участвуете в конкурсе";"991821";"—"
"870";"1";"—";"276.0";"98 91 84";"3.0";"Участвуете в конкурсе";"1711972";"—"
"871";"2";"—";"276.0";"86 91 94";"5.0";"Участвуете в конкурсе";"1655063";"—"
"872";"1";"—";"276.0";"96 83 92";"5.0";"Участвуете в конкурсе";"1576841";"—"
"873";"8";"—";"276.0";"93 86 92";"5.0";"Участвуете в конкурсе";"2300578";"—"
"874";"5";"—";"276.0";"93 86 92";"5.0";"Участвуете в конкурсе";"1587619";"—"
"875";"3";"—";"276.0";"90 89 92";"5.0";"Участвуете в конкурсе";"1713758";"—"
"876";"1";"—";"276.0";"100 83 88";"5.0";"Участвуете в конкурсе";"1362891";"—"
"877";"2";"Электронное";"276.0";"92 91 88";"5.0";"Участвуете в конкурсе";"1409480";"—"
"878";"4";"—";"276.0";"94 91 86";"5.0";"Участвуете в конкурсе";"1617812";"—"
"879";"2";"—";"276.0";"100 78 92";"6.0";"Участвуете в конкурсе";"1856407";"—"
"880";"3";"—";"276.0";"86 81 100";"9.0";"Участвуете в конкурсе";"1179257";"—"
"881";"6";"—";"276.0";"100 78 88";"10.0";"Участвуете в конкурсе";"2013712";"—"
"882";"8";"—";"275.0";"95 81 99";"—";"Участвуете в конкурсе";"1256879";"—"
"883";"1";"—";"275.0";"90 86 99";"—";"Участвуете в конкурсе";"1288760";"—"
"884";"3";"—";"275.0";"77 100 98";"—";"Участвуете в конкурсе";"2056033";"—"
"885";"1";"—";"275.0";"100 81 94";"—";"Участвуете в конкурсе";"1710356";"—"
"886";"8";"—";"275.0";"100 83 92";"—";"Участвуете в конкурсе";"2394016";"—"
"887";"3";"—";"275.0";"92 91 92";"—";"Участвуете в конкурсе";"1253097";"—"
"888";"2";"Электронное";"275.0";"94 91 90";"—";"Участвуете в конкурсе";"967168";"—"
"889";"3";"—";"275.0";"100 89 86";"—";"Участвуете в конкурсе";"2255610";"—"
"890";"1";"—";"275.0";"94 89 90";"2.0";"Участвуете в конкурсе";"1569922";"—"
"891";"1";"—";"275.0";"92 81 99";"3.0";"Участвуете в конкурсе";"1597796";"—"
"892";"8";"—";"275.0";"90 86 96";"3.0";"Участвуете в конкурсе";"1690806";"—"
"893";"3";"Электронное";"275.0";"85 92 95";"3.0";"Участвуете в конкурсе";"1126425";"—"
"894";"5";"—";"275.0";"95 83 94";"3.0";"Участвуете в конкурсе";"1548957";"—"
"895";"1";"—";"275.0";"98 86 88";"3.0";"Участвуете в конкурсе";"1477109";"—"
"896";"5";"—";"275.0";"98 86 88";"3.0";"Участвуете в конкурсе";"1913042";"—"
"897";"9";"Электронное";"275.0";"95 89 88";"3.0";"Участвуете в конкурсе";"1715955";"—"
"898";"2";"—";"275.0";"92 94 86";"3.0";"Участвуете в конкурсе";"1268022";"—"
"899";"2";"—";"275.0";"96 94 82";"3.0";"Участвуете в конкурсе";"1623836";"—"
"900";"4";"—";"275.0";"85 89 96";"5.0";"Участвуете в конкурсе";"1728864";"—"
"901";"2";"—";"275.0";"86 89 95";"5.0";"Участвуете в конкурсе";"1471984";"—"
"902";"2";"—";"275.0";"93 89 88";"5.0";"Участвуете в конкурсе";"998079";"—"
"903";"1";"—";"275.0";"100 72 97";"6.0";"Участвуете в конкурсе";"1200814";"—"
"904";"4";"—";"275.0";"86 91 92";"6.0";"Участвуете в конкурсе";"2218315";"—"
"905";"3";"—";"275.0";"83 83 100";"9.0";"Участвуете в конкурсе";"1887420";"—"
"906";"2";"Электронное";"274.0";"93 81 100";"—";"Участвуете в конкурсе";"1799783";"—"
"907";"2";"—";"274.0";"83 91 100";"—";"Участвуете в конкурсе";"1437242";"—"
"908";"2";"—";"274.0";"93 86 95";"—";"Участвуете в конкурсе";"1519187";"—"
"909";"4";"—";"274.0";"90 89 95";"—";"Участвуете в конкурсе";"2197828";"—"
"910";"4";"—";"274.0";"96 86 92";"—";"Участвуете в конкурсе";"1957100";"—"
"911";"4";"Электронное";"274.0";"93 89 92";"—";"Участвуете в конкурсе";"1314230";"—"
"912";"4";"—";"274.0";"93 89 92";"—";"Участвуете в конкурсе";"1324737";"—"
"913";"5";"—";"274.0";"98 86 90";"—";"Участвуете в конкурсе";"1248131";"—"
"914";"3";"—";"274.0";"95 89 90";"—";"Участвуете в конкурсе";"1180007";"—"
"915";"1";"—";"274.0";"100 86 88";"—";"Участвуете в конкурсе";"1985154";"—"
"916";"1";"—";"274.0";"93 93 88";"—";"Участвуете в конкурсе";"1289372";"—"
"917";"4";"—";"274.0";"88 100 86";"—";"Участвуете в конкурсе";"1956146";"—"
"918";"1";"—";"274.0";"98 94 82";"—";"Участвуете в конкурсе";"1199343";"—"
"919";"5";"—";"274.0";"93 83 96";"2.0";"Участвуете в конкурсе";"2050341";"—"
"920";"5";"Электронное";"274.0";"88 94 90";"2.0";"Участвуете в конкурсе";"1291026";"—"
"921";"6";"—";"274.0";"93 91 88";"2.0";"Участвуете в конкурсе";"2424112";"—"
"922";"5";"Электронное";"274.0";"100 94 78";"2.0";"Участвуете в конкурсе";"1215192";"—"
"923";"5";"—";"274.0";"96 78 97";"3.0";"Участвуете в конкурсе";"1321717";"—"
"924";"1";"—";"274.0";"96 78 97";"3.0";"Участвуете в конкурсе";"1331555";"—"
"925";"9";"—";"274.0";"88 86 97";"3.0";"Участвуете в конкурсе";"2225972";"—"
"926";"4";"—";"274.0";"94 81 96";"3.0";"Участвуете в конкурсе";"1261511";"—"
"927";"5";"—";"274.0";"95 81 95";"3.0";"Участвуете в конкурсе";"2370142";"—"
"928";"5";"—";"274.0";"88 91 92";"3.0";"Участвуете в конкурсе";"2054199";"—"
"929";"4";"—";"274.0";"98 83 90";"3.0";"Участвуете в конкурсе";"1797892";"—"
"930";"8";"—";"274.0";"90 91 90";"3.0";"Участвуете в конкурсе";"1438369";"—"
"931";"4";"—";"274.0";"85 86 98";"5.0";"Участвуете в конкурсе";"1341631";"—"
"932";"1";"—";"274.0";"100 72 97";"5.0";"Участвуете в конкурсе";"1196080";"—"
"933";"2";"—";"274.0";"96 83 90";"5.0";"Участвуете в конкурсе";"1245947";"—"
"934";"9";"—";"274.0";"95 86 88";"5.0";"Участвуете в конкурсе";"1847850";"—"
"935";"2";"—";"274.0";"98 89 82";"5.0";"Участвуете в конкурсе";"1711518";"—"
"936";"3";"—";"274.0";"98 70 100";"6.0";"Участвуете в конкурсе";"1431118";"—"
"937";"1";"—";"274.0";"94 86 88";"6.0";"Участвуете в конкурсе";"1715318";"—"
"938";"2";"—";"274.0";"95 83 88";"8.0";"Участвуете в конкурсе";"1835527";"—"
"939";"1";"Электронное";"273.0";"93 81 99";"—";"Участвуете в конкурсе";"1321208";"—"
"940";"3";"—";"273.0";"95 83 95";"—";"Участвуете в конкурсе";"1988861";"—"
"941";"2";"—";"273.0";"93 86 94";"—";"Участвуете в конкурсе";"1918463";"—"
"942";"3";"Электронное";"273.0";"88 91 94";"—";"Участвуете в конкурсе";"2002786";"—"
"943";"5";"—";"273.0";"95 86 92";"—";"Участвуете в конкурсе";"1082593";"—"
"944";"1";"—";"273.0";"94 91 88";"—";"Участвуете в конкурсе";"1366768";"—"
"945";"3";"—";"273.0";"98 73 100";"2.0";"Участвуете в конкурсе";"1892683";"—"
"946";"5";"—";"273.0";"93 78 100";"2.0";"Участвуете в конкурсе";"2169501";"—"
"947";"2";"—";"273.0";"88 86 97";"2.0";"Участвуете в конкурсе";"1486281";"—"
"948";"2";"—";"273.0";"96 81 94";"2.0";"Участвуете в конкурсе";"1094144";"—"
"949";"3";"—";"273.0";"80 94 96";"3.0";"Участвуете в конкурсе";"1345991";"—"
"950";"1";"—";"273.0";"90 86 94";"3.0";"Участвуете в конкурсе";"1177039";"—"
"951";"5";"—";"273.0";"94 86 90";"3.0";"Участвуете в конкурсе";"1778963";"—"
"952";"5";"—";"273.0";"95 89 86";"3.0";"Участвуете в конкурсе";"1494357";"—"
"953";"3";"—";"273.0";"94 94 82";"3.0";"Участвуете в конкурсе";"1147630";"—"
"954";"4";"Электронное";"273.0";"77 91 100";"5.0";"Участвуете в конкурсе";"1614540";"—"
"955";"7";"—";"273.0";"100 70 98";"5.0";"Участвуете в конкурсе";"1811799";"—"
"956";"6";"—";"273.0";"83 91 94";"5.0";"Участвуете в конкурсе";"2035422";"—"
"957";"3";"—";"273.0";"80 94 94";"5.0";"Участвуете в конкурсе";"2390978";"—"
"958";"3";"—";"273.0";"100 78 90";"5.0";"Участвуете в конкурсе";"1345181";"—"
"959";"7";"Электронное";"273.0";"90 94 84";"5.0";"Участвуете в конкурсе";"2193143";"—"
"960";"4";"—";"273.0";"90 94 84";"5.0";"Участвуете в конкурсе";"973500";"—"
"961";"1";"—";"273.0";"90 94 84";"5.0";"Участвуете в конкурсе";"1582315";"—"
"962";"4";"Электронное";"273.0";"78 86 100";"9.0";"Участвуете в конкурсе";"1938453";"—"
"963";"5";"—";"272.0";"93 81 98";"—";"Участвуете в конкурсе";"1791564";"—"
"964";"4";"—";"272.0";"100 75 97";"—";"Участвуете в конкурсе";"1621555";"—"
"965";"3";"—";"272.0";"91 95 86";"—";"Участвуете в конкурсе";"1409330";"—"
"966";"2";"—";"272.0";"90 100 82";"—";"Участвуете в конкурсе";"1648966";"—"
"967";"6";"Электронное";"272.0";"94 97 81";"—";"Участвуете в конкурсе";"1198072";"—"
"968";"2";"—";"272.0";"100 70 100";"2.0";"Участвуете в конкурсе";"1850245";"—"
"969";"9";"—";"272.0";"94 81 95";"2.0";"Участвуете в конкурсе";"1254667";"—"
"970";"2";"—";"272.0";"92 78 99";"3.0";"Участвуете в конкурсе";"1636510";"—"
"971";"1";"Электронное";"272.0";"86 89 94";"3.0";"Участвуете в конкурсе";"1345723";"—"
"972";"7";"Электронное";"272.0";"93 86 90";"3.0";"Участвуете в конкурсе";"1196912";"—"
"973";"11";"—";"272.0";"88 91 90";"3.0";"Участвуете в конкурсе";"2060794";"—"
"974";"3";"—";"272.0";"88 91 90";"3.0";"Участвуете в конкурсе";"1888965";"—"
"975";"2";"Электронное";"272.0";"85 94 90";"3.0";"Участвуете в конкурсе";"1178549";"—"
"976";"2";"—";"272.0";"98 89 82";"3.0";"Участвуете в конкурсе";"1190107";"—"
"977";"6";"Электронное";"272.0";"88 89 90";"5.0";"Участвуете в конкурсе";"1365607";"—"
"978";"5";"—";"272.0";"93 86 88";"5.0";"Участвуете в конкурсе";"2090544";"—"
"979";"6";"—";"272.0";"98 89 80";"5.0";"Участвуете в конкурсе";"1608335";"—"
"980";"4";"—";"272.0";"88 78 100";"6.0";"Участвуете в конкурсе";"1948524";"—"
"981";"4";"Электронное";"272.0";"93 78 95";"6.0";"Участвуете в конкурсе";"1582570";"—"
"982";"4";"—";"272.0";"95 91 80";"6.0";"Участвуете в конкурсе";"2101357";"—"
"983";"2";"—";"272.0";"100 78 84";"10.0";"Участвуете в конкурсе";"1540646";"—"
"984";"6";"—";"271.0";"96 75 100";"—";"Участвуете в конкурсе";"1723427";"—"
"985";"3";"Электронное";"271.0";"77 94 100";"—";"Участвуете в конкурсе";"1121515";"—"
"986";"1";"—";"271.0";"96 78 97";"—";"Участвуете в конкурсе";"1577473";"—"
"987";"1";"—";"271.0";"90 86 95";"—";"Участвуете в конкурсе";"1195315";"—"
"988";"6";"—";"271.0";"90 86 95";"—";"Участвуете в конкурсе";"1526636";"—"
"989";"3";"Электронное";"271.0";"100 83 88";"—";"Участвуете в конкурсе";"1366212";"—"
"990";"7";"—";"271.0";"95 78 96";"2.0";"Участвуете в конкурсе";"1521850";"—"
"991";"1";"—";"271.0";"96 89 84";"2.0";"Участвуете в конкурсе";"2141747";"—"
"992";"5";"Электронное";"271.0";"88 83 97";"3.0";"Участвуете в конкурсе";"2081330";"—"
"993";"1";"—";"271.0";"90 83 95";"3.0";"Участвуете в конкурсе";"1977851";"—"
"994";"9";"Электронное";"271.0";"80 94 94";"3.0";"Участвуете в конкурсе";"2168124";"—"
"995";"2";"—";"271.0";"90 86 92";"3.0";"Участвуете в конкурсе";"1071254";"—"
"996";"2";"—";"271.0";"85 89 92";"5.0";"Участвуете в конкурсе";"1520871";"—"
"997";"3";"Электронное";"271.0";"100 81 84";"6.0";"Участвуете в конкурсе";"1463002";"—"
"998";"5";"—";"271.0";"90 81 92";"8.0";"Участвуете в конкурсе";"1353696";"—"
"999";"5";"—";"271.0";"90 89 82";"10.0";"Участвуете в конкурсе";"2248413";"—"
"1000";"7";"Электронное";"270.0";"90 83 97";"—";"Участвуете в конкурсе";"1675328";"—"
"1001";"9";"—";"270.0";"85 89 96";"—";"Участвуете в конкурсе";"1725846";"—"
"1002";"4";"—";"270.0";"98 78 94";"—";"Участвуете в конкурсе";"2310651";"—"
"1003";"5";"—";"270.0";"94 86 88";"2.0";"Участвуете в конкурсе";"1517004";"—"
"1004";"1";"—";"270.0";"86 81 100";"3.0";"Участвуете в конкурсе";"1336371";"—"
"1005";"4";"—";"270.0";"88 83 96";"3.0";"Участвуете в конкурсе";"1052767";"—"
"1006";"3";"—";"270.0";"86 86 95";"3.0";"Участвуете в конкурсе";"1444229";"—"
"1007";"1";"Электронное";"270.0";"94 83 90";"3.0";"Участвуете в конкурсе";"2053806";"—"
"1008";"1";"—";"270.0";"86 91 90";"3.0";"Участвуете в конкурсе";"2069703";"—"
"1009";"2";"Электронное";"270.0";"80 97 90";"3.0";"Участвуете в конкурсе";"1158264";"—"
"1010";"3";"—";"270.0";"98 81 88";"3.0";"Участвуете в конкурсе";"985059";"—"
"1011";"6";"—";"270.0";"93 86 88";"3.0";"Участвуете в конкурсе";"2168721";"—"
"1012";"1";"Электронное";"270.0";"100 81 86";"3.0";"Участвуете в конкурсе";"1787172";"—"
"1013";"2";"Электронное";"270.0";"92 89 86";"3.0";"Участвуете в конкурсе";"1839585";"—"
"1014";"2";"Электронное";"270.0";"86 97 84";"3.0";"Участвуете в конкурсе";"1904570";"—"
"1015";"6";"—";"270.0";"80 86 99";"5.0";"Участвуете в конкурсе";"1278021";"—"
"1016";"4";"—";"270.0";"83 86 96";"5.0";"Участвуете в конкурсе";"2262259";"—"
"1017";"2";"—";"270.0";"92 78 95";"5.0";"Участвуете в конкурсе";"1408422";"—"
"1018";"3";"—";"270.0";"86 91 88";"5.0";"Участвуете в конкурсе";"1513396";"—"
"1019";"7";"—";"270.0";"95 75 90";"10.0";"Участвуете в конкурсе";"2255720";"—"
"1020";"6";"—";"269.0";"88 81 100";"—";"Участвуете в конкурсе";"2248907";"—"
"1021";"7";"Электронное";"269.0";"80 94 95";"—";"Участвуете в конкурсе";"1729897";"—"
"1022";"6";"Электронное";"269.0";"92 83 94";"—";"Участвуете в конкурсе";"2313957";"—"
"1023";"1";"—";"269.0";"84 91 94";"—";"Участвуете в конкурсе";"2259113";"—"
"1024";"3";"—";"269.0";"86 91 92";"—";"Участвуете в конкурсе";"1178784";"—"
"1025";"4";"—";"269.0";"90 89 90";"—";"Участвуете в конкурсе";"1215606";"—"
"1026";"11";"—";"269.0";"88 91 90";"—";"Участвуете в конкурсе";"1576216";"—"
"1027";"2";"—";"269.0";"98 83 88";"—";"Участвуете в конкурсе";"2343489";"—"
"1028";"2";"Электронное";"269.0";"98 91 80";"—";"Участвуете в конкурсе";"1182896";"—"
"1029";"4";"—";"269.0";"94 78 95";"2.0";"Участвуете в конкурсе";"1107668";"—"
"1030";"4";"—";"269.0";"92 81 94";"2.0";"Участвуете в конкурсе";"1169474";"—"
"1031";"4";"—";"269.0";"88 89 90";"2.0";"Участвуете в конкурсе";"1647682";"—"
"1032";"3";"—";"269.0";"93 86 88";"2.0";"Участвуете в конкурсе";"1579001";"—"
"1033";"2";"—";"269.0";"82 97 88";"2.0";"Участвуете в конкурсе";"1559780";"—"
"1034";"3";"—";"269.0";"90 78 98";"3.0";"Участвуете в конкурсе";"1415581";"—"
"1035";"3";"—";"269.0";"88 81 97";"3.0";"Участвуете в конкурсе";"1650039";"—"
"1036";"2";"—";"269.0";"79 91 96";"3.0";"Участвуете в конкурсе";"2055945";"—"
"1037";"1";"Электронное";"269.0";"88 83 95";"3.0";"Участвуете в конкурсе";"1810227";"—"
"1038";"2";"—";"269.0";"80 94 92";"3.0";"Участвуете в конкурсе";"1430435";"—"
"1039";"1";"—";"269.0";"90 86 90";"3.0";"Участвуете в конкурсе";"1173848";"—"
"1040";"3";"—";"269.0";"98 69 97";"5.0";"Участвуете в конкурсе";"1425562";"—"
"1041";"2";"Электронное";"269.0";"93 75 96";"5.0";"Участвуете в конкурсе";"1364581";"—"
"1042";"2";"Электронное";"269.0";"88 81 95";"5.0";"Участвуете в конкурсе";"1762942";"—"
"1043";"7";"Электронное";"269.0";"83 86 95";"5.0";"Участвуете в конкурсе";"1915599";"—"
"1044";"3";"—";"269.0";"94 86 84";"5.0";"Участвуете в конкурсе";"1681025";"—"
"1045";"6";"—";"269.0";"90 94 80";"5.0";"Участвуете в конкурсе";"1726201";"—"
"1046";"2";"—";"269.0";"100 66 97";"6.0";"Участвуете в конкурсе";"1495127";"—"
"1047";"5";"—";"269.0";"88 85 86";"10.0";"Участвуете в конкурсе";"1963857";"—"
"1048";"2";"—";"268.0";"98 70 100";"—";"Участвуете в конкурсе";"1963969";"—"
"1049";"8";"—";"268.0";"83 91 94";"—";"Участвуете в конкурсе";"1587081";"—"
"1050";"4";"—";"268.0";"98 78 92";"—";"Участвуете в конкурсе";"1655362";"—"
"1051";"8";"—";"268.0";"80 94 92";"2.0";"Участвуете в конкурсе";"1302974";"—"
"1052";"2";"Электронное";"268.0";"90 86 90";"2.0";"Участвуете в конкурсе";"2050965";"—"
"1053";"2";"—";"268.0";"90 86 90";"2.0";"Участвуете в конкурсе";"1779849";"—"
"1054";"5";"Электронное";"268.0";"83 95 88";"2.0";"Участвуете в конкурсе";"1402960";"—"
"1055";"6";"Электронное";"268.0";"98 75 92";"3.0";"Участвуете в конкурсе";"2174665";"—"
"1056";"2";"—";"268.0";"79 94 92";"3.0";"Участвуете в конкурсе";"1729783";"—"
"1057";"4";"Электронное";"268.0";"94 83 88";"3.0";"Участвуете в конкурсе";"1644021";"—"
"1058";"2";"—";"268.0";"90 78 95";"5.0";"Участвуете в конкурсе";"2055103";"—"
"1059";"3";"—";"268.0";"88 81 94";"5.0";"Участвуете в конкурсе";"2000504";"—"
"1060";"6";"—";"268.0";"88 83 92";"5.0";"Участвуете в конкурсе";"1632313";"—"
"1061";"6";"Электронное";"268.0";"83 94 86";"5.0";"Участвуете в конкурсе";"2046815";"—"
"1062";"2";"—";"268.0";"96 83 84";"5.0";"Участвуете в конкурсе";"1444164";"—"
"1063";"2";"—";"268.0";"88 91 84";"5.0";"Участвуете в конкурсе";"2226593";"—"
"1064";"4";"—";"268.0";"85 94 84";"5.0";"Участвуете в конкурсе";"1629871";"—"
"1065";"5";"—";"268.0";"80 81 99";"8.0";"Участвуете в конкурсе";"1214512";"—"
"1066";"2";"—";"268.0";"78 81 100";"9.0";"Участвуете в конкурсе";"996074";"—"
"1067";"2";"—";"267.0";"90 81 96";"—";"Участвуете в конкурсе";"1362475";"—"
"1068";"5";"—";"267.0";"90 81 96";"—";"Участвуете в конкурсе";"1638446";"—"
"1069";"6";"—";"267.0";"92 81 94";"—";"Участвуете в конкурсе";"1154299";"—"
"1070";"4";"—";"267.0";"90 83 94";"—";"Участвуете в конкурсе";"1950428";"—"
"1071";"3";"—";"267.0";"88 89 90";"—";"Участвуете в конкурсе";"1294226";"—"
"1072";"1";"—";"267.0";"96 83 88";"—";"Участвуете в конкурсе";"1523367";"—"
"1073";"2";"—";"267.0";"94 89 84";"—";"Участвуете в конкурсе";"2283581";"—"
"1074";"6";"—";"267.0";"95 78 92";"2.0";"Участвуете в конкурсе";"1035838";"—"
"1075";"2";"—";"267.0";"95 86 84";"2.0";"Участвуете в конкурсе";"2245046";"—"
"1076";"1";"Электронное";"267.0";"94 75 95";"3.0";"Участвуете в конкурсе";"1484550";"—"
"1077";"4";"—";"267.0";"88 86 90";"3.0";"Участвуете в конкурсе";"1826518";"—"
"1078";"7";"—";"267.0";"83 91 90";"3.0";"Участвуете в конкурсе";"1794116";"—"
"1079";"3";"—";"267.0";"83 91 90";"3.0";"Участвуете в конкурсе";"1446122";"—"
"1080";"8";"—";"267.0";"90 86 88";"3.0";"Участвуете в конкурсе";"2154929";"—"
"1081";"6";"Электронное";"267.0";"92 86 86";"3.0";"Участвуете в конкурсе";"1686216";"—"
"1082";"2";"—";"267.0";"92 86 86";"3.0";"Участвуете в конкурсе";"1207880";"—"
"1083";"4";"—";"267.0";"83 83 96";"5.0";"Участвуете в конкурсе";"1570201";"—"
"1084";"7";"—";"267.0";"85 89 88";"5.0";"Участвуете в конкурсе";"2097164";"—"
"1085";"2";"—";"267.0";"83 97 82";"5.0";"Участвуете в конкурсе";"1262435";"—"
"1086";"3";"—";"267.0";"78 86 94";"9.0";"Участвуете в конкурсе";"1915374";"—"
"1087";"8";"Электронное";"266.0";"88 81 97";"—";"Участвуете в конкурсе";"1881507";"—"
"1088";"2";"—";"266.0";"83 89 94";"—";"Участвуете в конкурсе";"1194880";"—"
"1089";"1";"—";"266.0";"96 78 92";"—";"Участвуете в конкурсе";"1260143";"—"
"1090";"2";"—";"266.0";"93 83 90";"—";"Участвуете в конкурсе";"1510741";"—"
"1091";"4";"—";"266.0";"92 86 88";"—";"Участвуете в конкурсе";"1725667";"—"
"1092";"7";"—";"266.0";"90 94 82";"—";"Участвуете в конкурсе";"1445230";"—"
"1093";"8";"—";"266.0";"90 86 88";"2.0";"Участвуете в конкурсе";"1982250";"—"
"1094";"3";"—";"266.0";"88 81 94";"3.0";"Участвуете в конкурсе";"1516350";"—"
"1095";"2";"—";"266.0";"80 91 92";"3.0";"Участвуете в конкурсе";"1692532";"—"
"1096";"5";"—";"266.0";"90 83 90";"3.0";"Участвуете в конкурсе";"1995262";"—"
"1097";"3";"—";"266.0";"90 83 90";"3.0";"Участвуете в конкурсе";"2266362";"—"
"1098";"1";"—";"266.0";"100 75 88";"3.0";"Участвуете в конкурсе";"1756805";"—"
"1099";"4";"—";"266.0";"78 97 88";"3.0";"Участвуете в конкурсе";"1986872";"—"
"1100";"3";"—";"266.0";"93 86 84";"3.0";"Участвуете в конкурсе";"1543675";"—"
"1101";"4";"Электронное";"266.0";"90 89 84";"3.0";"Участвуете в конкурсе";"1724537";"—"
"1102";"3";"—";"266.0";"88 78 95";"5.0";"Участвуете в конкурсе";"1619038";"—"
"1103";"2";"—";"266.0";"86 83 92";"5.0";"Участвуете в конкурсе";"1259322";"—"
"1104";"3";"—";"266.0";"90 83 88";"5.0";"Участвуете в конкурсе";"2246243";"—"
"1105";"1";"—";"266.0";"92 83 86";"5.0";"Участвуете в конкурсе";"2204443";"—"
"1106";"2";"Электронное";"266.0";"88 89 84";"5.0";"Участвуете в конкурсе";"1043745";"—"
"1107";"2";"—";"266.0";"100 70 90";"6.0";"Участвуете в конкурсе";"1803136";"—"
"1108";"6";"Электронное";"266.0";"86 73 97";"10.0";"Участвуете в конкурсе";"1040014";"—"
"1109";"2";"—";"265.0";"80 91 94";"—";"Участвуете в конкурсе";"1252215";"—"
"1110";"4";"—";"265.0";"90 89 86";"—";"Участвуете в конкурсе";"1628117";"—"
"1111";"3";"—";"265.0";"90 89 86";"—";"Участвуете в конкурсе";"1823029";"—"
"1112";"4";"—";"265.0";"93 75 95";"2.0";"Участвуете в конкурсе";"1996398";"—"
"1113";"4";"—";"265.0";"88 83 92";"2.0";"Участвуете в конкурсе";"2411701";"—"
"1114";"2";"—";"265.0";"85 86 92";"2.0";"Участвуете в конкурсе";"1291137";"—"
"1115";"1";"—";"265.0";"90 83 90";"2.0";"Участвуете в конкурсе";"1070042";"—"
"1116";"6";"Электронное";"265.0";"83 94 86";"2.0";"Участвуете в конкурсе";"1178815";"—"
"1117";"1";"—";"265.0";"80 86 96";"3.0";"Участвуете в конкурсе";"1718075";"—"
"1118";"3";"—";"265.0";"85 83 94";"3.0";"Участвуете в конкурсе";"1482986";"—"
"1119";"3";"Электронное";"265.0";"88 86 88";"3.0";"Участвуете в конкурсе";"1247946";"—"
"1120";"6";"—";"265.0";"88 86 88";"3.0";"Участвуете в конкурсе";"2174766";"—"
"1121";"6";"Электронное";"265.0";"85 92 85";"3.0";"Участвуете в конкурсе";"1976113";"—"
"1122";"6";"—";"265.0";"77 83 100";"5.0";"Участвуете в конкурсе";"1245428";"—"
"1123";"5";"—";"265.0";"90 75 95";"5.0";"Участвуете в конкурсе";"2243723";"—"
"1124";"1";"—";"265.0";"86 86 88";"5.0";"Участвуете в конкурсе";"1178885";"—"
"1125";"3";"—";"265.0";"88 86 86";"5.0";"Участвуете в конкурсе";"2302478";"—"
"1126";"2";"—";"265.0";"85 89 86";"5.0";"Участвуете в конкурсе";"2003072";"—"
"1127";"4";"—";"265.0";"83 91 86";"5.0";"Участвуете в конкурсе";"1781104";"—"
"1128";"1";"—";"265.0";"80 81 94";"10.0";"Участвуете в конкурсе";"1997973";"—"
"1129";"5";"—";"264.0";"93 75 96";"—";"Участвуете в конкурсе";"1582530";"—"
"1130";"4";"—";"264.0";"90 78 96";"—";"Участвуете в конкурсе";"1429430";"—"
"1131";"3";"—";"264.0";"90 78 96";"—";"Участвуете в конкурсе";"2002663";"—"
"1132";"3";"—";"264.0";"88 86 90";"—";"Участвуете в конкурсе";"1422924";"—"
"1133";"6";"—";"264.0";"93 83 88";"—";"Участвуете в конкурсе";"1257128";"—"
"1134";"2";"—";"264.0";"90 86 88";"—";"Участвуете в конкурсе";"1324203";"—"
"1135";"5";"—";"264.0";"85 97 82";"—";"Участвуете в конкурсе";"2142594";"—"
"1136";"3";"—";"264.0";"95 89 80";"—";"Участвуете в конкурсе";"1177122";"—"
"1137";"2";"—";"264.0";"84 78 100";"2.0";"Участвуете в конкурсе";"2337565";"—"
"1138";"1";"—";"264.0";"100 72 90";"2.0";"Участвуете в конкурсе";"1530615";"—"
"1139";"4";"—";"264.0";"90 86 86";"2.0";"Участвуете в конкурсе";"2122267";"—"
"1140";"2";"—";"264.0";"85 91 86";"2.0";"Участвуете в конкурсе";"1554165";"—"
"1141";"9";"—";"264.0";"85 78 98";"3.0";"Участвуете в конкурсе";"1284121";"—"
"1142";"3";"Электронное";"264.0";"90 75 96";"3.0";"Участвуете в конкурсе";"1283068";"—"
"1143";"6";"—";"264.0";"80 86 95";"3.0";"Участвуете в конкурсе";"1474505";"—"
"1144";"10";"Электронное";"264.0";"80 89 92";"3.0";"Участвуете в конкурсе";"2095564";"—"
"1145";"6";"—";"264.0";"88 83 90";"3.0";"Участвуете в конкурсе";"1669622";"—"
"1146";"9";"—";"264.0";"88 83 90";"3.0";"Участвуете в конкурсе";"1362977";"—"
"1147";"2";"—";"264.0";"84 89 88";"3.0";"Участвуете в конкурсе";"1442080";"—"
"1148";"5";"—";"264.0";"94 81 86";"3.0";"Участвуете в конкурсе";"2253575";"—"
"1149";"5";"Электронное";"264.0";"92 83 86";"3.0";"Участвуете в конкурсе";"1715619";"—"
"1150";"5";"—";"264.0";"86 89 86";"3.0";"Участвуете в конкурсе";"1642103";"—"
"1151";"3";"Электронное";"264.0";"94 83 84";"3.0";"Участвуете в конкурсе";"1629414";"—"
"1152";"6";"Электронное";"264.0";"86 81 92";"5.0";"Участвуете в конкурсе";"1547564";"—"
"1153";"6";"—";"264.0";"85 86 88";"5.0";"Участвуете в конкурсе";"1647363";"—"
"1154";"2";"—";"264.0";"98 89 72";"5.0";"Участвуете в конкурсе";"1964745";"—"
"1155";"4";"—";"264.0";"90 86 78";"10.0";"Участвуете в конкурсе";"2271316";"—"
"1156";"5";"—";"263.0";"93 70 100";"—";"Участвуете в конкурсе";"1976077";"—"
"1157";"7";"Электронное";"263.0";"93 73 97";"—";"Участвуете в конкурсе";"1680029";"—"
"1158";"3";"—";"263.0";"85 86 92";"—";"Участвуете в конкурсе";"1388756";"—"
"1159";"5";"—";"263.0";"86 89 88";"—";"Участвуете в конкурсе";"2102202";"—"
"1160";"1";"—";"263.0";"94 83 86";"—";"Участвуете в конкурсе";"1076278";"—"
"1161";"2";"—";"263.0";"90 89 84";"—";"Участвуете в конкурсе";"1859160";"—"
"1162";"3";"—";"263.0";"85 94 84";"—";"Участвуете в конкурсе";"2042943";"—"
"1163";"1";"—";"263.0";"94 91 78";"—";"Участвуете в конкурсе";"1950909";"—"
"1164";"7";"—";"263.0";"84 81 96";"2.0";"Участвуете в конкурсе";"1938149";"—"
"1165";"1";"—";"263.0";"100 73 88";"2.0";"Участвуете в конкурсе";"1993878";"—"
"1166";"1";"—";"263.0";"86 78 96";"3.0";"Участвуете в конкурсе";"1318850";"—"
"1167";"4";"—";"263.0";"88 78 94";"3.0";"Участвуете в конкурсе";"1240997";"—"
"1168";"6";"—";"263.0";"85 81 94";"3.0";"Участвуете в конкурсе";"1412815";"—"
"1169";"4";"Электронное";"263.0";"90 78 92";"3.0";"Участвуете в конкурсе";"2212389";"—"
"1170";"4";"Электронное";"263.0";"83 89 88";"3.0";"Участвуете в конкурсе";"1366729";"—"
"1171";"2";"—";"263.0";"96 78 86";"3.0";"Участвуете в конкурсе";"1198822";"—"
"1172";"4";"—";"263.0";"90 86 84";"3.0";"Участвуете в конкурсе";"1513821";"—"
"1173";"2";"—";"263.0";"84 86 88";"5.0";"Участвуете в конкурсе";"1722806";"—"
"1174";"6";"—";"263.0";"75 97 86";"5.0";"Участвуете в конкурсе";"1699762";"—"
"1175";"4";"—";"263.0";"80 94 84";"5.0";"Участвуете в конкурсе";"1794083";"—"
"1176";"3";"—";"263.0";"90 86 82";"5.0";"Участвуете в конкурсе";"1752272";"—"
"1177";"2";"—";"262.0";"93 73 96";"—";"Участвуете в конкурсе";"1340714";"—"
"1178";"4";"—";"262.0";"77 89 96";"—";"Участвуете в конкурсе";"1032749";"—"
"1179";"3";"—";"262.0";"75 91 96";"—";"Участвуете в конкурсе";"1454430";"—"
"1180";"4";"—";"262.0";"98 78 86";"—";"Участвуете в конкурсе";"1209094";"—"
"1181";"6";"Электронное";"262.0";"86 94 82";"—";"Участвуете в конкурсе";"1498924";"—"
"1182";"1";"—";"262.0";"93 89 80";"—";"Участвуете в конкурсе";"1862795";"—"
"1183";"1";"—";"262.0";"93 91 78";"—";"Участвуете в конкурсе";"2389783";"—"
"1184";"2";"—";"262.0";"80 83 97";"2.0";"Участвуете в конкурсе";"1817751";"—"
"1185";"6";"Электронное";"262.0";"90 75 95";"2.0";"Участвуете в конкурсе";"1644503";"—"
"1186";"6";"—";"262.0";"90 75 95";"2.0";"Участвуете в конкурсе";"2244388";"—"
"1187";"2";"—";"262.0";"84 86 90";"2.0";"Участвуете в конкурсе";"1880108";"—"
"1188";"4";"—";"262.0";"93 81 86";"2.0";"Участвуете в конкурсе";"1280282";"—"
"1189";"3";"—";"262.0";"85 91 84";"2.0";"Участвуете в конкурсе";"2247256";"—"
"1190";"7";"—";"262.0";"90 70 99";"3.0";"Участвуете в конкурсе";"1210445";"—"
"1191";"1";"—";"262.0";"94 73 92";"3.0";"Участвуете в конкурсе";"1766290";"—"
"1192";"3";"—";"262.0";"86 81 92";"3.0";"Участвуете в конкурсе";"1661741";"—"
"1193";"4";"Электронное";"262.0";"83 86 90";"3.0";"Участвуете в конкурсе";"2315090";"—"
"1194";"7";"—";"262.0";"75 94 90";"3.0";"Участвуете в конкурсе";"2346429";"—"
"1195";"7";"—";"262.0";"88 83 88";"3.0";"Участвуете в конкурсе";"2265461";"—"
"1196";"3";"—";"262.0";"85 86 88";"3.0";"Участвуете в конкурсе";"1980708";"—"
"1197";"4";"—";"262.0";"85 86 88";"3.0";"Участвуете в конкурсе";"1796856";"—"
"1198";"5";"—";"262.0";"79 94 86";"3.0";"Участвуете в конкурсе";"1339256";"—"
"1199";"4";"—";"262.0";"85 86 86";"5.0";"Участвуете в конкурсе";"1609815";"—"
"1200";"1";"—";"262.0";"100 66 90";"6.0";"Участвуете в конкурсе";"1498987";"—"
"1201";"3";"—";"262.0";"85 86 84";"7.0";"Участвуете в конкурсе";"1391168";"—"
"1202";"6";"—";"262.0";"83 81 90";"8.0";"Участвуете в конкурсе";"965261";"—"
"1203";"4";"—";"262.0";"83 81 88";"10.0";"Участвуете в конкурсе";"1420859";"—"
"1204";"3";"—";"261.0";"94 73 94";"—";"Участвуете в конкурсе";"1285379";"—"
"1205";"12";"—";"261.0";"95 81 85";"—";"Участвуете в конкурсе";"1207795";"—"
"1206";"2";"—";"261.0";"92 89 80";"—";"Участвуете в конкурсе";"1648760";"—"
"1207";"6";"Электронное";"261.0";"88 81 90";"2.0";"Участвуете в конкурсе";"1428138";"—"
"1208";"6";"—";"261.0";"88 89 82";"2.0";"Участвуете в конкурсе";"1393093";"—"
"1209";"6";"Электронное";"261.0";"72 91 95";"3.0";"Участвуете в конкурсе";"1677509";"—"
"1210";"4";"—";"261.0";"72 94 92";"3.0";"Участвуете в конкурсе";"1962181";"—"
"1211";"2";"—";"261.0";"88 73 95";"5.0";"Участвуете в конкурсе";"1993212";"—"
"1212";"3";"Электронное";"261.0";"79 89 88";"5.0";"Участвуете в конкурсе";"1825896";"—"
"1213";"2";"—";"261.0";"85 89 82";"5.0";"Участвуете в конкурсе";"1979305";"—"
"1214";"3";"—";"260.0";"90 70 100";"—";"Участвуете в конкурсе";"1690748";"—"
"1215";"5";"—";"260.0";"80 81 99";"—";"Участвуете в конкурсе";"1040602";"—"
"1216";"1";"—";"260.0";"90 72 98";"—";"Участвуете в конкурсе";"1107389";"—"
"1217";"8";"—";"260.0";"75 89 96";"—";"Участвуете в конкурсе";"2182093";"—"
"1218";"3";"—";"260.0";"90 75 95";"—";"Участвуете в конкурсе";"1579904";"—"
"1219";"3";"—";"260.0";"85 81 94";"—";"Участвуете в конкурсе";"1214667";"—"
"1220";"2";"—";"260.0";"90 78 92";"—";"Участвуете в конкурсе";"1147123";"—"
"1221";"2";"—";"260.0";"90 78 92";"—";"Участвуете в конкурсе";"1270384";"—"
"1222";"4";"—";"260.0";"98 72 90";"—";"Участвуете в конкурсе";"2191929";"—"
"1223";"1";"—";"260.0";"83 87 90";"—";"Участвуете в конкурсе";"1883114";"—"
"1224";"5";"—";"260.0";"96 78 86";"—";"Участвуете в конкурсе";"1908092";"—"
"1225";"6";"—";"260.0";"80 94 86";"—";"Участвуете в конкурсе";"2425989";"—"
"1226";"4";"—";"260.0";"95 81 84";"—";"Участвуете в конкурсе";"2172163";"—"
"1227";"8";"—";"260.0";"82 94 84";"—";"Участвуете в конкурсе";"1262118";"—"
"1228";"3";"—";"260.0";"76 91 90";"3.0";"Участвуете в конкурсе";"2247211";"—"
"1229";"10";"—";"260.0";"94 75 88";"3.0";"Участвуете в конкурсе";"2100330";"—"
"1230";"3";"—";"260.0";"78 91 88";"3.0";"Участвуете в конкурсе";"1610920";"—"
"1231";"4";"—";"260.0";"88 83 86";"3.0";"Участвуете в конкурсе";"1988929";"—"
"1232";"2";"—";"260.0";"95 78 84";"3.0";"Участвуете в конкурсе";"2307256";"—"
"1233";"3";"—";"260.0";"84 89 84";"3.0";"Участвуете в конкурсе";"1401968";"—"
"1234";"3";"—";"260.0";"90 89 78";"3.0";"Участвуете в конкурсе";"2400792";"—"
"1235";"4";"—";"260.0";"78 91 86";"5.0";"Участвуете в конкурсе";"985802";"—"
"1236";"1";"—";"259.0";"92 67 100";"—";"Участвуете в конкурсе";"1398781";"—"
"1237";"4";"—";"259.0";"100 73 86";"—";"Участвуете в конкурсе";"1885834";"—"
"1238";"1";"—";"259.0";"92 83 84";"—";"Участвуете в конкурсе";"1201765";"—"
"1239";"2";"Электронное";"259.0";"76 81 100";"2.0";"Участвуете в конкурсе";"1878236";"—"
"1240";"4";"—";"259.0";"95 72 90";"2.0";"Участвуете в конкурсе";"1445933";"—"
"1241";"2";"—";"259.0";"94 73 90";"2.0";"Участвуете в конкурсе";"1876238";"—"
"1242";"4";"Электронное";"259.0";"83 88 86";"2.0";"Участвуете в конкурсе";"1949366";"—"
"1243";"2";"—";"259.0";"90 83 84";"2.0";"Участвуете в конкурсе";"1441169";"—"
"1244";"6";"—";"259.0";"88 91 78";"2.0";"Участвуете в конкурсе";"1326301";"—"
"1245";"9";"—";"259.0";"94 70 92";"3.0";"Участвуете в конкурсе";"1522206";"—"
"1246";"6";"—";"259.0";"88 78 90";"3.0";"Участвуете в конкурсе";"1441421";"—"
"1247";"5";"—";"259.0";"90 78 88";"3.0";"Участвуете в конкурсе";"2287864";"—"
"1248";"5";"—";"259.0";"82 86 88";"3.0";"Участвуете в конкурсе";"1522051";"—"
"1249";"2";"—";"259.0";"88 86 82";"3.0";"Участвуете в конкурсе";"1353624";"—"
"1250";"8";"—";"259.0";"88 86 82";"3.0";"Участвуете в конкурсе";"1610132";"—"
"1251";"3";"—";"259.0";"85 89 82";"3.0";"Участвуете в конкурсе";"2250968";"—"
"1252";"1";"—";"259.0";"83 81 90";"5.0";"Участвуете в конкурсе";"2000866";"—"
"1253";"2";"—";"259.0";"93 75 86";"5.0";"Участвуете в конкурсе";"1600668";"—"
"1254";"2";"Электронное";"259.0";"86 86 82";"5.0";"Участвуете в конкурсе";"1062656";"—"
"1255";"2";"—";"259.0";"100 73 80";"6.0";"Участвуете в конкурсе";"1766382";"—"
"1256";"5";"—";"259.0";"88 70 94";"7.0";"Участвуете в конкурсе";"2094859";"—"
"1257";"1";"—";"259.0";"90 75 86";"8.0";"Участвуете в конкурсе";"2000880";"—"
"1258";"7";"—";"258.0";"85 78 95";"—";"Участвуете в конкурсе";"1978944";"—"
"1259";"4";"—";"258.0";"96 78 84";"—";"Участвуете в конкурсе";"1291895";"—"
"1260";"1";"—";"258.0";"93 81 84";"—";"Участвуете в конкурсе";"1897156";"—"
"1261";"4";"Электронное";"258.0";"93 81 84";"—";"Участвуете в конкурсе";"1179672";"—"
"1262";"1";"—";"258.0";"85 89 84";"—";"Участвуете в конкурсе";"1715068";"—"
"1263";"3";"—";"258.0";"88 86 82";"2.0";"Участвуете в конкурсе";"2271492";"—"
"1264";"7";"—";"258.0";"90 86 80";"2.0";"Участвуете в конкурсе";"2176499";"—"
"1265";"5";"—";"258.0";"88 83 84";"3.0";"Участвуете в конкурсе";"2001215";"—"
"1266";"3";"—";"258.0";"80 91 84";"3.0";"Участвуете в конкурсе";"1177444";"—"
"1267";"1";"—";"258.0";"88 83 82";"5.0";"Участвуете в конкурсе";"1210667";"—"
"1268";"7";"—";"258.0";"85 86 82";"5.0";"Участвуете в конкурсе";"1637765";"—"
"1269";"4";"—";"258.0";"84 89 80";"5.0";"Участвуете в конкурсе";"1124227";"—"
"1270";"5";"—";"258.0";"84 89 80";"5.0";"Участвуете в конкурсе";"1580223";"—"
"1271";"6";"—";"258.0";"78 97 78";"5.0";"Участвуете в конкурсе";"1844373";"—"
"1272";"5";"—";"257.0";"90 75 92";"—";"Участвуете в конкурсе";"1576208";"—"
"1273";"3";"—";"257.0";"88 81 88";"—";"Участвуете в конкурсе";"1964271";"—"
"1274";"3";"—";"257.0";"93 78 86";"—";"Участвуете в конкурсе";"1797307";"—"
"1275";"4";"—";"257.0";"90 81 86";"—";"Участвуете в конкурсе";"1982376";"—"
"1276";"2";"Электронное";"257.0";"77 94 86";"—";"Участвуете в конкурсе";"2199307";"—"
"1277";"3";"—";"257.0";"93 86 78";"—";"Участвуете в конкурсе";"2202440";"—"
"1278";"1";"—";"257.0";"90 89 78";"—";"Участвуете в конкурсе";"1388421";"—"
"1279";"6";"—";"257.0";"88 75 92";"2.0";"Участвуете в конкурсе";"1583075";"—"
"1280";"3";"—";"257.0";"78 89 88";"2.0";"Участвуете в конкурсе";"1949439";"—"
"1281";"7";"—";"257.0";"78 89 88";"2.0";"Участвуете в конкурсе";"2336345";"—"
"1282";"4";"—";"257.0";"90 81 84";"2.0";"Участвуете в конкурсе";"1180207";"—"
"1283";"6";"—";"257.0";"98 75 82";"2.0";"Участвуете в конкурсе";"2329441";"—"
"1284";"6";"Электронное";"257.0";"85 72 97";"3.0";"Участвуете в конкурсе";"1727530";"—"
"1285";"5";"—";"257.0";"83 83 88";"3.0";"Участвуете в конкурсе";"1656295";"—"
"1286";"1";"—";"257.0";"84 86 84";"3.0";"Участвуете в конкурсе";"2272605";"—"
"1287";"5";"—";"257.0";"76 94 84";"3.0";"Участвуете в конкурсе";"1446611";"—"
"1288";"2";"—";"257.0";"93 73 86";"5.0";"Участвуете в конкурсе";"1885890";"—"
"1289";"4";"—";"257.0";"93 73 86";"5.0";"Участвуете в конкурсе";"2252296";"—"
"1290";"5";"—";"257.0";"85 81 86";"5.0";"Участвуете в конкурсе";"2080009";"—"
"1291";"3";"Электронное";"257.0";"96 72 84";"5.0";"Участвуете в конкурсе";"1442296";"—"
"1292";"1";"—";"257.0";"82 86 84";"5.0";"Участвуете в конкурсе";"2424518";"—"
"1293";"4";"—";"257.0";"71 97 84";"5.0";"Участвуете в конкурсе";"1068066";"—"
"1294";"6";"Электронное";"257.0";"83 89 80";"5.0";"Участвуете в конкурсе";"1365815";"—"
"1295";"3";"—";"257.0";"78 83 86";"10.0";"Участвуете в конкурсе";"1189024";"—"
"1296";"1";"—";"257.0";"88 75 84";"10.0";"Участвуете в конкурсе";"1181943";"—"
"1297";"6";"—";"256.0";"86 78 92";"—";"Участвуете в конкурсе";"2207634";"—"
"1298";"2";"—";"256.0";"93 73 90";"—";"Участвуете в конкурсе";"1773041";"—"
"1299";"2";"—";"256.0";"83 83 90";"—";"Участвуете в конкурсе";"1332008";"—"
"1300";"2";"—";"256.0";"85 89 82";"—";"Участвуете в конкурсе";"2098274";"—"
"1301";"6";"—";"256.0";"85 89 82";"—";"Участвуете в конкурсе";"1185056";"—"
"1302";"5";"—";"256.0";"80 94 82";"—";"Участвуете в конкурсе";"1500644";"—"
"1303";"6";"—";"256.0";"90 72 92";"2.0";"Участвуете в конкурсе";"1178928";"—"
"1304";"7";"—";"256.0";"98 66 90";"2.0";"Участвуете в конкурсе";"996296";"—"
"1305";"4";"—";"256.0";"90 78 86";"2.0";"Участвуете в конкурсе";"1626203";"—"
"1306";"1";"—";"256.0";"92 69 92";"3.0";"Участвуете в конкурсе";"2202208";"—"
"1307";"4";"—";"256.0";"88 73 92";"3.0";"Участвуете в конкурсе";"1909601";"—"
"1308";"4";"—";"256.0";"79 86 88";"3.0";"Участвуете в конкурсе";"1346402";"—"
"1309";"3";"—";"256.0";"80 89 84";"3.0";"Участвуете в конкурсе";"1719310";"—"
"1310";"6";"—";"256.0";"78 83 90";"5.0";"Участвуете в конкурсе";"1560577";"—"
"1311";"5";"—";"256.0";"88 81 82";"5.0";"Участвуете в конкурсе";"1420499";"—"
"1312";"6";"—";"256.0";"83 86 82";"5.0";"Участвуете в конкурсе";"982550";"—"
"1313";"3";"—";"256.0";"82 89 80";"5.0";"Участвуете в конкурсе";"1691125";"—"
"1314";"2";"—";"256.0";"88 78 82";"8.0";"Участвуете в конкурсе";"1355457";"—"
"1315";"3";"Электронное";"256.0";"80 86 80";"10.0";"Участвуете в конкурсе";"969028";"—"
"1316";"5";"Электронное";"255.0";"88 72 95";"—";"Участвуете в конкурсе";"1784356";"—"
"1317";"1";"—";"255.0";"85 78 92";"—";"Участвуете в конкурсе";"1822215";"—"
"1318";"6";"—";"255.0";"98 67 90";"—";"Участвуете в конкурсе";"1177821";"—"
"1319";"5";"—";"255.0";"90 75 90";"—";"Участвуете в конкурсе";"1775072";"—"
"1320";"6";"—";"255.0";"84 81 90";"—";"Участвуете в конкурсе";"1858690";"—"
"1321";"2";"—";"255.0";"78 89 88";"—";"Участвуете в конкурсе";"1500532";"—"
"1322";"3";"—";"255.0";"94 75 86";"—";"Участвуете в конкурсе";"1319781";"—"
"1323";"2";"—";"255.0";"85 86 84";"—";"Участвуете в конкурсе";"1285354";"—"
"1324";"3";"Электронное";"255.0";"86 89 80";"—";"Участвуете в конкурсе";"1538996";"—"
"1325";"3";"—";"255.0";"83 81 88";"3.0";"Участвуете в конкурсе";"1783582";"—"
"1326";"7";"Электронное";"255.0";"78 86 88";"3.0";"Участвуете в конкурсе";"2238459";"—"
"1327";"7";"Электронное";"255.0";"85 83 84";"3.0";"Участвуете в конкурсе";"1181405";"—"
"1328";"1";"—";"255.0";"95 75 82";"3.0";"Участвуете в конкурсе";"1984905";"—"
"1329";"7";"Электронное";"255.0";"90 72 88";"5.0";"Участвуете в конкурсе";"2367148";"—"
"1330";"3";"—";"255.0";"83 81 86";"5.0";"Участвуете в конкурсе";"1578816";"—"
"1331";"10";"Электронное";"254.0";"75 89 90";"—";"Участвуете в конкурсе";"1105689";"—"
"1332";"5";"—";"254.0";"75 91 88";"—";"Участвуете в конкурсе";"1615655";"—"
"1333";"1";"—";"254.0";"85 83 86";"—";"Участвуете в конкурсе";"2303578";"—"
"1334";"3";"—";"254.0";"98 72 84";"—";"Участвуете в конкурсе";"2056900";"—"
"1335";"3";"—";"254.0";"88 82 84";"—";"Участвуете в конкурсе";"2225659";"—"
"1336";"6";"—";"254.0";"94 78 82";"—";"Участвуете в конкурсе";"1242987";"—"
"1337";"3";"—";"254.0";"85 91 78";"—";"Участвуете в конкурсе";"2417338";"—"
"1338";"1";"—";"254.0";"80 78 94";"2.0";"Участвуете в конкурсе";"2390376";"—"
"1339";"4";"Электронное";"254.0";"78 86 88";"2.0";"Участвуете в конкурсе";"1275943";"—"
"1340";"2";"—";"254.0";"83 89 80";"2.0";"Участвуете в конкурсе";"1274322";"—"
"1341";"4";"—";"254.0";"88 86 78";"2.0";"Участвуете в конкурсе";"1260676";"—"
"1342";"2";"—";"254.0";"72 89 90";"3.0";"Участвуете в конкурсе";"1502167";"—"
"1343";"5";"—";"254.0";"83 86 82";"3.0";"Участвуете в конкурсе";"938659";"—"
"1344";"4";"—";"254.0";"94 73 82";"5.0";"Участвуете в конкурсе";"1254770";"—"
"1345";"3";"—";"254.0";"88 83 78";"5.0";"Участвуете в конкурсе";"2049012";"—"
"1346";"4";"Электронное";"254.0";"90 83 76";"5.0";"Участвуете в конкурсе";"2056989";"—"
"1347";"5";"Электронное";"254.0";"78 70 100";"6.0";"Участвуете в конкурсе";"1579670";"—"
"1348";"3";"—";"254.0";"88 70 88";"8.0";"Участвуете в конкурсе";"1382329";"—"
"1349";"3";"Электронное";"254.0";"75 91 80";"8.0";"Участвуете в конкурсе";"1516310";"—"
"1350";"4";"—";"253.0";"93 70 90";"—";"Участвуете в конкурсе";"1612858";"—"
"1351";"4";"Электронное";"253.0";"80 83 90";"—";"Участвуете в конкурсе";"1250342";"—"
"1352";"2";"—";"253.0";"90 75 88";"—";"Участвуете в конкурсе";"1044195";"—"
"1353";"4";"—";"253.0";"73 94 86";"—";"Участвуете в конкурсе";"1984655";"—"
"1354";"4";"—";"253.0";"70 86 95";"2.0";"Участвуете в конкурсе";"2410107";"—"
"1355";"4";"—";"253.0";"84 83 84";"2.0";"Участвуете в конкурсе";"1859759";"—"
"1356";"3";"—";"253.0";"94 75 82";"2.0";"Участвуете в конкурсе";"1649257";"—"
"1357";"6";"—";"253.0";"88 81 82";"2.0";"Участвуете в конкурсе";"1516722";"—"
"1358";"6";"—";"253.0";"96 70 84";"3.0";"Участвуете в конкурсе";"1547578";"—"
"1359";"10";"—";"253.0";"88 78 84";"3.0";"Участвуете в конкурсе";"1196595";"—"
"1360";"2";"—";"253.0";"78 94 78";"3.0";"Участвуете в конкурсе";"1983529";"—"
"1361";"6";"—";"253.0";"88 64 96";"5.0";"Участвуете в конкурсе";"2292999";"—"
"1362";"10";"—";"253.0";"83 75 90";"5.0";"Участвуете в конкурсе";"2238422";"—"
"1363";"2";"—";"253.0";"83 75 90";"5.0";"Участвуете в конкурсе";"1643871";"—"
"1364";"4";"—";"253.0";"93 73 82";"5.0";"Участвуете в конкурсе";"2371750";"—"
"1365";"3";"—";"253.0";"98 61 88";"6.0";"Участвуете в конкурсе";"1253895";"—"
"1366";"5";"—";"252.0";"80 78 94";"—";"Участвуете в конкурсе";"2293071";"—"
"1367";"3";"Электронное";"252.0";"90 70 92";"—";"Участвуете в конкурсе";"2177520";"—"
"1368";"4";"—";"252.0";"90 72 90";"—";"Участвуете в конкурсе";"2220577";"—"
"1369";"4";"—";"252.0";"83 81 88";"—";"Участвуете в конкурсе";"1292743";"—"
"1370";"4";"—";"252.0";"83 83 86";"—";"Участвуете в конкурсе";"2013403";"—"
"1371";"5";"Электронное";"252.0";"80 86 86";"—";"Участвуете в конкурсе";"1788643";"—"
"1372";"3";"—";"252.0";"86 86 80";"—";"Участвуете в конкурсе";"1786127";"—"
"1373";"3";"—";"252.0";"75 97 80";"—";"Участвуете в конкурсе";"1366924";"—"
"1374";"4";"—";"252.0";"88 86 78";"—";"Участвуете в конкурсе";"1787066";"—"
"1375";"10";"—";"252.0";"88 86 78";"—";"Участвуете в конкурсе";"2163679";"—"
"1376";"5";"—";"252.0";"85 75 90";"2.0";"Участвуете в конкурсе";"1781614";"—"
"1377";"1";"—";"252.0";"85 81 84";"2.0";"Участвуете в конкурсе";"1940404";"—"
"1378";"4";"—";"252.0";"93 75 82";"2.0";"Участвуете в конкурсе";"2252388";"—"
"1379";"4";"—";"252.0";"83 89 78";"2.0";"Участвуете в конкурсе";"1173912";"—"
"1380";"1";"—";"252.0";"80 94 76";"2.0";"Участвуете в конкурсе";"2085440";"—"
"1381";"5";"—";"252.0";"83 78 88";"3.0";"Участвуете в конкурсе";"1578384";"—"
"1382";"10";"—";"252.0";"80 83 86";"3.0";"Участвуете в конкурсе";"1358832";"—"
"1383";"2";"—";"252.0";"74 91 84";"3.0";"Участвуете в конкурсе";"1688924";"—"
"1384";"11";"—";"252.0";"78 89 82";"3.0";"Участвуете в конкурсе";"1331069";"—"
"1385";"2";"—";"252.0";"88 81 80";"3.0";"Участвуете в конкурсе";"1509805";"—"
"1386";"2";"—";"252.0";"83 86 80";"3.0";"Участвуете в конкурсе";"2421341";"—"
"1387";"3";"—";"252.0";"80 89 80";"3.0";"Участвуете в конкурсе";"1530025";"—"
"1388";"8";"—";"252.0";"80 89 80";"3.0";"Участвуете в конкурсе";"1568032";"—"
"1389";"4";"—";"252.0";"88 73 86";"5.0";"Участвуете в конкурсе";"2343299";"—"
"1390";"2";"—";"252.0";"83 78 86";"5.0";"Участвуете в конкурсе";"2166059";"—"
"1391";"4";"—";"252.0";"77 78 90";"7.0";"Участвуете в конкурсе";"1133000";"—"
"1392";"2";"—";"251.0";"93 66 92";"—";"Участвуете в конкурсе";"1975886";"—"
"1393";"6";"—";"251.0";"90 69 92";"—";"Участвуете в конкурсе";"1728703";"—"
"1394";"3";"—";"251.0";"86 73 92";"—";"Участвуете в конкурсе";"2425235";"—"
"1395";"3";"Электронное";"251.0";"72 89 90";"—";"Участвуете в конкурсе";"2361921";"—"
"1396";"1";"—";"251.0";"90 73 88";"—";"Участвуете в конкурсе";"1412527";"—"
"1397";"1";"—";"251.0";"82 81 88";"—";"Участвуете в конкурсе";"1803521";"—"
"1398";"4";"Электронное";"251.0";"88 83 80";"—";"Участвуете в конкурсе";"1445481";"—"
"1399";"6";"—";"251.0";"88 83 80";"—";"Участвуете в конкурсе";"1286926";"—"
"1400";"1";"—";"251.0";"88 83 80";"—";"Участвуете в конкурсе";"2270549";"—"
"1401";"4";"—";"251.0";"82 91 78";"—";"Участвуете в конкурсе";"1602715";"—"
"1402";"5";"—";"251.0";"80 72 97";"2.0";"Участвуете в конкурсе";"1504492";"—"
"1403";"5";"—";"251.0";"88 69 92";"2.0";"Участвуете в конкурсе";"1258505";"—"
"1404";"4";"—";"251.0";"79 78 92";"2.0";"Участвуете в конкурсе";"2139984";"—"
"1405";"5";"—";"251.0";"83 69 96";"3.0";"Участвуете в конкурсе";"1335753";"—"
"1406";"4";"—";"251.0";"85 81 82";"3.0";"Участвуете в конкурсе";"1651094";"—"
"1407";"2";"—";"251.0";"93 75 80";"3.0";"Участвуете в конкурсе";"1211430";"—"
"1408";"4";"—";"251.0";"85 83 80";"3.0";"Участвуете в конкурсе";"1572994";"—"
"1409";"2";"—";"251.0";"83 89 76";"3.0";"Участвуете в конкурсе";"1383071";"—"
"1410";"8";"—";"251.0";"78 94 76";"3.0";"Участвуете в конкурсе";"2082842";"—"
"1411";"1";"—";"251.0";"80 63 100";"8.0";"Участвуете в конкурсе";"1350742";"—"
"1412";"2";"Электронное";"251.0";"80 75 86";"10.0";"Участвуете в конкурсе";"1989063";"—"
"1413";"3";"—";"250.0";"80 78 92";"—";"Участвуете в конкурсе";"1115686";"—"
"1414";"5";"—";"250.0";"85 75 90";"—";"Участвуете в конкурсе";"1978916";"—"
"1415";"3";"—";"250.0";"90 72 88";"—";"Участвуете в конкурсе";"1156043";"—"
"1416";"1";"Электронное";"250.0";"88 78 84";"—";"Участвуете в конкурсе";"1265901";"—"
"1417";"7";"—";"250.0";"85 81 84";"—";"Участвуете в конкурсе";"1489613";"—"
"1418";"3";"—";"250.0";"80 86 84";"—";"Участвуете в конкурсе";"1798520";"—"
"1419";"10";"—";"250.0";"95 73 82";"—";"Участвуете в конкурсе";"1652541";"—"
"1420";"3";"—";"250.0";"79 72 97";"2.0";"Участвуете в конкурсе";"1912445";"—"
"1421";"3";"—";"250.0";"85 69 94";"2.0";"Участвуете в конкурсе";"1605059";"—"
"1422";"1";"Электронное";"250.0";"86 70 92";"2.0";"Участвуете в конкурсе";"1754910";"—"
"1423";"7";"—";"250.0";"80 78 90";"2.0";"Участвуете в конкурсе";"2298674";"—"
"1424";"2";"—";"250.0";"86 78 84";"2.0";"Участвуете в конкурсе";"1354958";"—"
"1425";"4";"—";"250.0";"88 73 86";"3.0";"Участвуете в конкурсе";"1290790";"—"
"1426";"6";"—";"250.0";"80 73 92";"5.0";"Участвуете в конкурсе";"1181853";"—"
"1427";"2";"—";"250.0";"80 75 90";"5.0";"Участвуете в конкурсе";"2404550";"—"
"1428";"7";"—";"250.0";"90 69 86";"5.0";"Участвуете в конкурсе";"984674";"—"
"1429";"3";"—";"250.0";"90 69 86";"5.0";"Участвуете в конкурсе";"1692412";"—"
"1430";"2";"—";"250.0";"80 81 84";"5.0";"Участвуете в конкурсе";"1098375";"—"
"1431";"6";"—";"250.0";"88 75 82";"5.0";"Участвуете в конкурсе";"1370091";"—"
"1432";"5";"—";"250.0";"82 81 82";"5.0";"Участвуете в конкурсе";"2262279";"—"
"1433";"1";"—";"249.0";"88 67 94";"—";"Участвуете в конкурсе";"2422802";"—"
"1434";"1";"—";"249.0";"84 75 90";"—";"Участвуете в конкурсе";"1910180";"—"
"1435";"4";"—";"249.0";"95 66 88";"—";"Участвуете в конкурсе";"1690299";"—"
"1436";"1";"—";"249.0";"92 69 88";"—";"Участвуете в конкурсе";"1174325";"—"
"1437";"5";"Электронное";"249.0";"88 75 86";"—";"Участвуете в конкурсе";"1496424";"—"
"1438";"2";"—";"249.0";"90 75 84";"—";"Участвуете в конкурсе";"1795410";"—"
"1439";"7";"—";"249.0";"95 78 76";"—";"Участвуете в конкурсе";"1004569";"—"
"1440";"3";"—";"249.0";"83 70 94";"2.0";"Участвуете в конкурсе";"2001567";"—"
"1441";"2";"—";"249.0";"83 70 94";"2.0";"Участвуете в конкурсе";"1644387";"—"
"1442";"3";"—";"249.0";"79 86 82";"2.0";"Участвуете в конкурсе";"1138279";"—"
"1443";"7";"—";"249.0";"88 83 76";"2.0";"Участвуете в конкурсе";"1542737";"—"
"1444";"2";"—";"249.0";"100 73 74";"2.0";"Участвуете в конкурсе";"1885977";"—"
"1445";"4";"—";"249.0";"79 75 92";"3.0";"Участвуете в конкурсе";"1563790";"—"
"1446";"3";"—";"249.0";"78 78 90";"3.0";"Участвуете в конкурсе";"2249156";"—"
"1447";"5";"—";"249.0";"85 75 86";"3.0";"Участвуете в конкурсе";"1724246";"—"
"1448";"2";"—";"249.0";"83 83 80";"3.0";"Участвуете в конкурсе";"2173102";"—"
"1449";"1";"—";"249.0";"77 75 92";"5.0";"Участвуете в конкурсе";"2231478";"—"
"1450";"3";"—";"249.0";"83 75 86";"5.0";"Участвуете в конкурсе";"2387163";"—"
"1451";"2";"—";"249.0";"85 75 84";"5.0";"Участвуете в конкурсе";"1988267";"—"
"1452";"3";"—";"249.0";"83 83 78";"5.0";"Участвуете в конкурсе";"2214194";"—"
"1453";"2";"—";"249.0";"77 91 76";"5.0";"Участвуете в конкурсе";"1251169";"—"
"1454";"6";"—";"249.0";"83 70 88";"8.0";"Участвуете в конкурсе";"1979480";"—"
"1455";"9";"Электронное";"249.0";"70 83 86";"10.0";"Участвуете в конкурсе";"1958965";"—"
"1456";"7";"—";"248.0";"83 73 92";"—";"Участвуете в конкурсе";"2249419";"—"
"1457";"2";"—";"248.0";"83 73 92";"—";"Участвуете в конкурсе";"1607633";"—"
"1458";"5";"—";"248.0";"85 75 88";"—";"Участвуете в конкурсе";"1205941";"—"
"1459";"4";"—";"248.0";"92 72 84";"—";"Участвуете в конкурсе";"2218129";"—"
"1460";"2";"—";"248.0";"86 78 84";"—";"Участвуете в конкурсе";"1566585";"—"
"1461";"2";"—";"248.0";"93 75 80";"—";"Участвуете в конкурсе";"1998832";"—"
"1462";"1";"Электронное";"248.0";"74 94 80";"—";"Участвуете в конкурсе";"1900742";"—"
"1463";"1";"—";"248.0";"83 91 74";"—";"Участвуете в конкурсе";"1632559";"—"
"1464";"2";"—";"248.0";"73 83 90";"2.0";"Участвуете в конкурсе";"1646855";"—"
"1465";"3";"—";"248.0";"90 72 84";"2.0";"Участвуете в конкурсе";"2265069";"—"
"1466";"1";"—";"248.0";"92 72 82";"2.0";"Участвуете в конкурсе";"1174003";"—"
"1467";"2";"—";"248.0";"100 61 84";"3.0";"Участвуете в конкурсе";"986384";"—"
"1468";"3";"—";"248.0";"80 89 76";"3.0";"Участвуете в конкурсе";"1056734";"—"
"1469";"2";"—";"248.0";"88 81 74";"5.0";"Участвуете в конкурсе";"1290694";"—"
"1470";"6";"—";"248.0";"85 73 80";"10.0";"Участвуете в конкурсе";"1425540";"—"
"1471";"3";"Электронное";"247.0";"85 70 92";"—";"Участвуете в конкурсе";"1482505";"—"
"1472";"7";"—";"247.0";"78 83 86";"—";"Участвуете в конкурсе";"972114";"—"
"1473";"8";"—";"247.0";"78 83 86";"—";"Участвуете в конкурсе";"1617798";"—"
"1474";"3";"—";"247.0";"70 91 86";"—";"Участвуете в конкурсе";"2147857";"—"
"1475";"6";"—";"247.0";"90 73 84";"—";"Участвуете в конкурсе";"1190354";"—"
"1476";"2";"—";"247.0";"88 75 84";"—";"Участвуете в конкурсе";"1913657";"—"
"1477";"6";"—";"247.0";"88 81 78";"—";"Участвуете в конкурсе";"939433";"—"
"1478";"5";"—";"247.0";"80 89 78";"—";"Участвуете в конкурсе";"1964850";"—"
"1479";"8";"—";"247.0";"88 83 76";"—";"Участвуете в конкурсе";"1420872";"—"
"1480";"5";"—";"247.0";"84 73 88";"2.0";"Участвуете в конкурсе";"1709357";"—"
"1481";"2";"—";"247.0";"83 78 84";"2.0";"Участвуете в конкурсе";"1938513";"—"
"1482";"8";"—";"247.0";"83 75 86";"3.0";"Участвуете в конкурсе";"2095224";"—"
"1483";"5";"—";"247.0";"80 86 78";"3.0";"Участвуете в конкурсе";"1567354";"—"
"1484";"1";"Электронное";"247.0";"77 73 92";"5.0";"Участвуете в конкурсе";"1423346";"—"
"1485";"1";"—";"247.0";"85 73 84";"5.0";"Участвуете в конкурсе";"1726015";"—"
"1486";"3";"—";"246.0";"83 67 96";"—";"Участвуете в конкурсе";"1200763";"—"
"1487";"2";"—";"246.0";"80 72 94";"—";"Участвуете в конкурсе";"1264424";"—"
"1488";"7";"Электронное";"246.0";"72 85 87";"2.0";"Участвуете в конкурсе";"1626028";"—"
"1489";"5";"—";"246.0";"88 70 86";"2.0";"Участвуете в конкурсе";"1442464";"—"
"1490";"10";"—";"246.0";"85 75 84";"2.0";"Участвуете в конкурсе";"2219042";"—"
"1491";"3";"—";"246.0";"85 75 84";"2.0";"Участвуете в конкурсе";"1178179";"—"
"1492";"3";"—";"246.0";"72 94 78";"2.0";"Участвуете в конкурсе";"1636327";"—"
"1493";"5";"—";"246.0";"70 83 90";"3.0";"Участвуете в конкурсе";"1644847";"—"
"1494";"3";"—";"246.0";"80 81 82";"3.0";"Участвуете в конкурсе";"1991819";"—"
"1495";"7";"—";"246.0";"80 83 80";"3.0";"Участвуете в конкурсе";"1614877";"—"
"1496";"4";"—";"246.0";"85 78 78";"5.0";"Участвуете в конкурсе";"2259689";"—"
"1497";"6";"—";"246.0";"75 83 80";"8.0";"Участвуете в конкурсе";"1998138";"—"
"1498";"2";"Электронное";"246.0";"71 66 100";"9.0";"Участвуете в конкурсе";"1292257";"—"
"1499";"7";"—";"246.0";"78 78 80";"10.0";"Участвуете в конкурсе";"1633029";"—"
"1500";"2";"—";"245.0";"85 70 90";"—";"Участвуете в конкурсе";"2141419";"—"
"1501";"4";"—";"245.0";"80 75 90";"—";"Участвуете в конкурсе";"1394873";"—"
"1502";"3";"—";"245.0";"85 72 88";"—";"Участвуете в конкурсе";"2331374";"—"
"1503";"3";"—";"245.0";"76 83 86";"—";"Участвуете в конкурсе";"1517816";"—"
"1504";"4";"—";"245.0";"88 73 84";"—";"Участвуете в конкурсе";"1721429";"—"
"1505";"3";"—";"245.0";"86 75 84";"—";"Участвуете в конкурсе";"1290188";"—"
"1506";"2";"—";"245.0";"78 83 84";"—";"Участвуете в конкурсе";"1435716";"—"
"1507";"6";"—";"245.0";"72 89 84";"—";"Участвуете в конкурсе";"1727596";"—"
"1508";"12";"Электронное";"245.0";"85 78 82";"—";"Участвуете в конкурсе";"1324950";"—"
"1509";"8";"—";"245.0";"86 81 78";"—";"Участвуете в конкурсе";"1781249";"—"
"1510";"4";"—";"245.0";"88 81 76";"—";"Участвуете в конкурсе";"1795772";"—"
"1511";"2";"—";"245.0";"85 78 80";"2.0";"Участвуете в конкурсе";"2365895";"—"
"1512";"4";"—";"245.0";"85 78 80";"2.0";"Участвуете в конкурсе";"1635276";"—"
"1513";"3";"—";"245.0";"85 75 82";"3.0";"Участвуете в конкурсе";"2247000";"—"
"1514";"3";"—";"245.0";"83 81 78";"3.0";"Участвуете в конкурсе";"1041731";"—"
"1515";"3";"—";"245.0";"78 86 78";"3.0";"Участвуете в конкурсе";"1559423";"—"
"1516";"1";"—";"245.0";"80 78 82";"5.0";"Участвуете в конкурсе";"1857022";"—"
"1517";"2";"—";"245.0";"90 70 80";"5.0";"Участвуете в конкурсе";"2035471";"—"
"1518";"6";"—";"245.0";"88 72 80";"5.0";"Участвуете в конкурсе";"1518541";"—"
"1519";"4";"—";"245.0";"79 81 80";"5.0";"Участвуете в конкурсе";"1908890";"—"
"1520";"5";"—";"245.0";"78 86 76";"5.0";"Участвуете в конкурсе";"1982957";"—"
"1521";"7";"—";"245.0";"83 83 74";"5.0";"Участвуете в конкурсе";"2327213";"—"
"1522";"4";"—";"244.0";"83 75 86";"—";"Участвуете в конкурсе";"1318993";"—"
"1523";"2";"—";"244.0";"90 70 84";"—";"Участвуете в конкурсе";"2272296";"—"
"1524";"6";"—";"244.0";"76 86 82";"—";"Участвуете в конкурсе";"2162424";"—"
"1525";"4";"—";"244.0";"83 81 80";"—";"Участвуете в конкурсе";"1199171";"—"
"1526";"4";"—";"244.0";"88 78 78";"—";"Участвуете в конкурсе";"1044649";"—"
"1527";"2";"—";"244.0";"88 86 70";"—";"Участвуете в конкурсе";"2414607";"—"
"1528";"2";"—";"244.0";"85 67 90";"2.0";"Участвуете в конкурсе";"1609853";"—"
"1529";"6";"—";"244.0";"83 81 78";"2.0";"Участвуете в конкурсе";"1612446";"—"
"1530";"1";"—";"244.0";"74 81 86";"3.0";"Участвуете в конкурсе";"1917320";"—"
"1531";"5";"—";"244.0";"80 81 80";"3.0";"Участвуете в конкурсе";"1309028";"—"
"1532";"7";"Электронное";"244.0";"83 72 84";"5.0";"Участвуете в конкурсе";"1717973";"—"
"1533";"4";"—";"244.0";"85 78 76";"5.0";"Участвуете в конкурсе";"1715361";"—"
"1534";"6";"—";"243.0";"80 64 99";"—";"Участвуете в конкурсе";"2270264";"—"
"1535";"2";"Электронное";"243.0";"70 78 95";"—";"Участвуете в конкурсе";"1939992";"—"
"1536";"2";"—";"243.0";"90 67 86";"—";"Участвуете в конкурсе";"2271598";"—"
"1537";"3";"—";"243.0";"90 69 84";"—";"Участвуете в конкурсе";"1576148";"—"
"1538";"2";"—";"243.0";"85 78 80";"—";"Участвуете в конкурсе";"1115492";"—"
"1539";"3";"—";"243.0";"76 91 76";"—";"Участвуете в конкурсе";"2366290";"—"
"1540";"7";"—";"243.0";"85 70 86";"2.0";"Участвуете в конкурсе";"2270876";"—"
"1541";"3";"—";"243.0";"71 83 86";"3.0";"Участвуете в конкурсе";"1695619";"—"
"1542";"2";"—";"243.0";"83 75 82";"3.0";"Участвуете в конкурсе";"1971554";"—"
"1543";"5";"—";"243.0";"78 72 88";"5.0";"Участвуете в конкурсе";"2412692";"—"
"1544";"2";"—";"242.0";"80 67 95";"—";"Участвуете в конкурсе";"1319977";"—"
"1545";"5";"—";"242.0";"77 75 90";"—";"Участвуете в конкурсе";"1728825";"—"
"1546";"5";"—";"242.0";"85 69 88";"—";"Участвуете в конкурсе";"1857371";"—"
"1547";"4";"—";"242.0";"88 70 84";"—";"Участвуете в конкурсе";"2030338";"—"
"1548";"10";"—";"242.0";"80 78 84";"—";"Участвуете в конкурсе";"1221679";"—"
"1549";"2";"—";"242.0";"85 75 82";"—";"Участвуете в конкурсе";"2424477";"—"
"1550";"5";"—";"242.0";"83 81 78";"—";"Участвуете в конкурсе";"1964685";"—"
"1551";"2";"—";"242.0";"80 81 78";"3.0";"Участвуете в конкурсе";"1835849";"—"
"1552";"5";"—";"242.0";"72 89 78";"3.0";"Участвуете в конкурсе";"1454713";"—"
"1553";"2";"—";"242.0";"80 85 74";"3.0";"Участвуете в конкурсе";"2423471";"—"
"1554";"8";"—";"242.0";"75 78 82";"7.0";"Участвуете в конкурсе";"1364628";"—"
"1555";"1";"—";"241.0";"78 81 82";"—";"Участвуете в конкурсе";"1992826";"—"
"1556";"3";"—";"241.0";"76 83 80";"2.0";"Участвуете в конкурсе";"1952802";"—"
"1557";"1";"—";"241.0";"83 75 80";"3.0";"Участвуете в конкурсе";"1913697";"—"
"1558";"4";"—";"241.0";"76 78 82";"5.0";"Участвуете в конкурсе";"1794675";"—"
"1559";"3";"—";"240.0";"73 75 92";"—";"Участвуете в конкурсе";"2224610";"—"
"1560";"2";"—";"240.0";"83 69 88";"—";"Участвуете в конкурсе";"1266173";"—"
"1561";"4";"—";"240.0";"74 78 88";"—";"Участвуете в конкурсе";"1259193";"—"
"1562";"3";"—";"240.0";"85 69 86";"—";"Участвуете в конкурсе";"1716992";"—"
"1563";"9";"—";"240.0";"72 86 82";"—";"Участвуете в конкурсе";"1214898";"—"
"1564";"2";"—";"240.0";"90 70 80";"—";"Участвуете в конкурсе";"2292956";"—"
"1565";"3";"Электронное";"240.0";"75 91 74";"—";"Участвуете в конкурсе";"1494438";"—"
"1566";"5";"—";"240.0";"83 73 82";"2.0";"Участвуете в конкурсе";"1488217";"—"
"1567";"4";"—";"240.0";"80 78 80";"2.0";"Участвуете в конкурсе";"2037344";"—"
"1568";"3";"—";"240.0";"75 83 80";"2.0";"Участвуете в конкурсе";"2093761";"—"
"1569";"1";"—";"240.0";"70 83 84";"3.0";"Участвуете в конкурсе";"1073691";"—"
"1570";"4";"—";"240.0";"82 81 74";"3.0";"Участвуете в конкурсе";"1205869";"—"
"1571";"1";"—";"239.0";"84 67 88";"—";"Участвуете в конкурсе";"1175560";"—"
"1572";"1";"—";"239.0";"83 70 86";"—";"Участвуете в конкурсе";"1786013";"—"
"1573";"3";"—";"239.0";"80 73 86";"—";"Участвуете в конкурсе";"984518";"—"
"1574";"2";"—";"239.0";"82 75 82";"—";"Участвуете в конкурсе";"1251403";"—"
"1575";"5";"—";"239.0";"79 70 88";"2.0";"Участвуете в конкурсе";"1948441";"—"
"1576";"3";"—";"239.0";"78 73 86";"2.0";"Участвуете в конкурсе";"1565317";"—"
"1577";"5";"Электронное";"239.0";"83 72 82";"2.0";"Участвуете в конкурсе";"2230731";"—"
"1578";"5";"—";"239.0";"80 81 76";"2.0";"Участвуете в конкурсе";"1907156";"—"
"1579";"3";"—";"239.0";"70 91 76";"2.0";"Участвуете в конкурсе";"1852072";"—"
"1580";"5";"—";"239.0";"80 60 94";"5.0";"Участвуете в конкурсе";"1438678";"—"
"1581";"5";"—";"239.0";"86 70 78";"5.0";"Участвуете в конкурсе";"1962763";"—"
"1582";"1";"—";"238.0";"83 75 80";"—";"Участвуете в конкурсе";"1440465";"—"
"1583";"2";"—";"238.0";"85 75 78";"—";"Участвуете в конкурсе";"1753980";"—"
"1584";"1";"—";"238.0";"80 72 84";"2.0";"Участвуете в конкурсе";"2140645";"—"
"1585";"7";"—";"238.0";"85 69 82";"2.0";"Участвуете в конкурсе";"2313434";"—"
"1586";"3";"—";"238.0";"70 86 80";"2.0";"Участвуете в конкурсе";"1196318";"—"
"1587";"7";"—";"238.0";"80 78 78";"2.0";"Участвуете в конкурсе";"1638031";"—"
"1588";"4";"Электронное";"238.0";"72 83 78";"5.0";"Участвуете в конкурсе";"2227155";"—"
"1589";"1";"—";"237.0";"76 66 95";"—";"Участвуете в конкурсе";"1695776";"—"
"1590";"4";"—";"237.0";"83 64 90";"—";"Участвуете в конкурсе";"1175800";"—"
"1591";"1";"—";"237.0";"85 66 86";"—";"Участвуете в конкурсе";"1621451";"—"
"1592";"4";"—";"237.0";"72 81 84";"—";"Участвуете в конкурсе";"1330960";"—"
"1593";"8";"—";"237.0";"83 72 82";"—";"Участвуете в конкурсе";"1954271";"—"
"1594";"3";"—";"237.0";"75 86 76";"—";"Участвуете в конкурсе";"992490";"—"
"1595";"3";"—";"237.0";"80 69 86";"2.0";"Участвуете в конкурсе";"1995663";"—"
"1596";"1";"—";"237.0";"80 73 82";"2.0";"Участвуете в конкурсе";"2003126";"—"
"1597";"2";"—";"237.0";"77 78 80";"2.0";"Участвуете в конкурсе";"1157463";"—"
"1598";"4";"—";"237.0";"75 73 86";"3.0";"Участвуете в конкурсе";"2221962";"—"
"1599";"1";"—";"237.0";"74 78 82";"3.0";"Участвуете в конкурсе";"2132010";"—"
"1600";"1";"—";"237.0";"73 83 78";"3.0";"Участвуете в конкурсе";"2311095";"—"
"1601";"6";"—";"237.0";"80 78 76";"3.0";"Участвуете в конкурсе";"1653127";"—"
"1602";"1";"—";"237.0";"70 78 84";"5.0";"Участвуете в конкурсе";"2055876";"—"
"1603";"12";"—";"236.0";"80 66 90";"—";"Участвуете в конкурсе";"1775188";"—"
"1604";"2";"—";"236.0";"70 78 88";"—";"Участвуете в конкурсе";"2267840";"—"
"1605";"4";"—";"236.0";"72 78 86";"—";"Участвуете в конкурсе";"1219763";"—"
"1606";"4";"—";"236.0";"83 69 84";"—";"Участвуете в конкурсе";"2055782";"—"
"1607";"2";"—";"236.0";"80 78 78";"—";"Участвуете в конкурсе";"2271871";"—"
"1608";"6";"—";"236.0";"85 75 76";"—";"Участвуете в конкурсе";"1622886";"—"
"1609";"1";"—";"236.0";"79 73 82";"2.0";"Участвуете в конкурсе";"1685053";"—"
"1610";"6";"—";"236.0";"89 67 78";"2.0";"Участвуете в конкурсе";"1855119";"—"
"1611";"2";"—";"236.0";"92 66 76";"2.0";"Участвуете в конкурсе";"1326435";"—"
"1612";"2";"—";"236.0";"70 91 70";"5.0";"Участвуете в конкурсе";"2273021";"—"
"1613";"3";"Электронное";"236.0";"70 75 84";"7.0";"Участвуете в конкурсе";"1247549";"—"
"1614";"4";"Электронное";"236.0";"75 75 76";"10.0";"Участвуете в конкурсе";"1540522";"—"
"1615";"2";"—";"235.0";"79 70 86";"—";"Участвуете в конкурсе";"1503003";"—"
"1616";"6";"—";"235.0";"78 73 84";"—";"Участвуете в конкурсе";"1440334";"—"
"1617";"4";"—";"235.0";"88 67 80";"—";"Участвуете в конкурсе";"2139816";"—"
"1618";"3";"—";"235.0";"80 67 86";"2.0";"Участвуете в конкурсе";"2343508";"—"
"1619";"1";"—";"235.0";"71 78 84";"2.0";"Участвуете в конкурсе";"1794200";"—"
"1620";"5";"—";"235.0";"83 72 78";"2.0";"Участвуете в конкурсе";"1342525";"—"
"1621";"1";"—";"235.0";"80 66 86";"3.0";"Участвуете в конкурсе";"1644755";"—"
"1622";"1";"—";"235.0";"83 73 76";"3.0";"Участвуете в конкурсе";"2298215";"—"
"1623";"5";"—";"235.0";"80 70 80";"5.0";"Участвуете в конкурсе";"1984924";"—"
"1624";"3";"—";"235.0";"73 85 72";"5.0";"Участвуете в конкурсе";"1092947";"—"
"1625";"3";"—";"234.0";"75 72 84";"3.0";"Участвуете в конкурсе";"1258089";"—"
"1626";"3";"—";"234.0";"82 69 80";"3.0";"Участвуете в конкурсе";"2122611";"—"
"1627";"2";"—";"234.0";"84 73 74";"3.0";"Участвуете в конкурсе";"1665081";"—"
"1628";"3";"—";"234.0";"78 81 72";"3.0";"Участвуете в конкурсе";"1640967";"—"
"1629";"3";"—";"234.0";"76 83 72";"3.0";"Участвуете в конкурсе";"1563827";"—"
"1630";"5";"—";"234.0";"70 89 72";"3.0";"Участвуете в конкурсе";"1340742";"—"
"1631";"7";"—";"234.0";"72 75 82";"5.0";"Участвуете в конкурсе";"2221965";"—"
"1632";"2";"—";"233.0";"74 73 86";"—";"Участвуете в конкурсе";"2123802";"—"
"1633";"7";"—";"233.0";"78 73 82";"—";"Участвуете в конкурсе";"2338212";"—"
"1634";"4";"—";"233.0";"73 86 74";"—";"Участвуете в конкурсе";"1907079";"—"
"1635";"8";"—";"233.0";"80 69 82";"2.0";"Участвуете в конкурсе";"2254976";"—"
"1636";"4";"—";"233.0";"78 73 80";"2.0";"Участвуете в конкурсе";"1489223";"—"
"1637";"4";"—";"233.0";"75 78 78";"2.0";"Участвуете в конкурсе";"1779891";"—"
"1638";"4";"—";"233.0";"78 70 80";"5.0";"Участвуете в конкурсе";"1261373";"—"
"1639";"3";"—";"232.0";"83 63 86";"—";"Участвуете в конкурсе";"2424799";"—"
"1640";"4";"—";"232.0";"83 69 80";"—";"Участвуете в конкурсе";"2397835";"—"
"1641";"2";"—";"232.0";"83 69 80";"—";"Участвуете в конкурсе";"1878649";"—"
"1642";"4";"—";"232.0";"80 72 78";"2.0";"Участвуете в конкурсе";"2132661";"—"
"1643";"4";"—";"232.0";"75 70 84";"3.0";"Участвуете в конкурсе";"1730215";"—"
"1644";"5";"—";"232.0";"79 72 78";"3.0";"Участвуете в конкурсе";"1175957";"—"
"1645";"3";"—";"232.0";"84 69 76";"3.0";"Участвуете в конкурсе";"2238359";"—"
"1646";"3";"—";"232.0";"70 83 76";"3.0";"Участвуете в конкурсе";"1309614";"—"
"1647";"2";"—";"232.0";"70 83 76";"3.0";"Участвуете в конкурсе";"1958550";"—"
"1648";"5";"—";"232.0";"73 86 70";"3.0";"Участвуете в конкурсе";"1445241";"—"
"1649";"17";"—";"232.0";"78 73 76";"5.0";"Участвуете в конкурсе";"1336382";"—"
"1650";"3";"—";"232.0";"70 83 74";"5.0";"Участвуете в конкурсе";"2226971";"—"
"1651";"6";"—";"231.0";"76 67 88";"—";"Участвуете в конкурсе";"1995061";"—"
"1652";"5";"—";"231.0";"85 64 82";"—";"Участвуете в конкурсе";"1461836";"—"
"1653";"5";"—";"231.0";"80 69 82";"—";"Участвуете в конкурсе";"2209061";"—"
"1654";"1";"—";"231.0";"78 73 80";"—";"Участвуете в конкурсе";"1840325";"—"
"1655";"7";"—";"231.0";"78 81 72";"—";"Участвуете в конкурсе";"1198021";"—"
"1656";"2";"—";"231.0";"80 81 70";"—";"Участвуете в конкурсе";"1985363";"—"
"1657";"2";"—";"231.0";"77 64 88";"2.0";"Участвуете в конкурсе";"1904503";"—"
"1658";"1";"—";"231.0";"77 70 82";"2.0";"Участвуете в конкурсе";"1617391";"—"
"1659";"1";"—";"230.0";"83 63 84";"—";"Участвуете в конкурсе";"2381128";"—"
"1660";"5";"—";"230.0";"75 83 72";"—";"Участвуете в конкурсе";"1655774";"—"
"1661";"6";"—";"230.0";"78 67 82";"3.0";"Участвуете в конкурсе";"1484021";"—"
"1662";"4";"Электронное";"230.0";"80 67 80";"3.0";"Участвуете в конкурсе";"999321";"—"
"1663";"2";"—";"230.0";"72 83 72";"3.0";"Участвуете в конкурсе";"1071786";"—"
"1664";"4";"—";"230.0";"76 69 80";"5.0";"Участвуете в конкурсе";"1829076";"—"
"1665";"4";"—";"230.0";"78 75 72";"5.0";"Участвуете в конкурсе";"2303044";"—"
"1666";"3";"—";"230.0";"85 70 70";"5.0";"Участвуете в конкурсе";"1547609";"—"
"1667";"6";"—";"229.0";"70 75 84";"—";"Участвуете в конкурсе";"1994726";"—"
"1668";"3";"—";"229.0";"78 69 82";"—";"Участвуете в конкурсе";"1965024";"—"
"1669";"1";"—";"229.0";"75 72 82";"—";"Участвуете в конкурсе";"1978953";"—"
"1670";"4";"—";"229.0";"72 75 82";"—";"Участвуете в конкурсе";"1761860";"—"
"1671";"5";"—";"229.0";"80 75 74";"—";"Участвуете в конкурсе";"1983284";"—"
"1672";"4";"—";"229.0";"88 69 72";"—";"Участвуете в конкурсе";"1579689";"—"
"1673";"2";"—";"229.0";"73 78 76";"2.0";"Участвуете в конкурсе";"2361998";"—"
"1674";"8";"Электронное";"228.0";"78 70 80";"—";"Участвуете в конкурсе";"2217546";"—"
"1675";"6";"—";"228.0";"83 67 76";"2.0";"Участвуете в конкурсе";"2213832";"—"
"1676";"4";"—";"228.0";"78 75 72";"3.0";"Участвуете в конкурсе";"1644978";"—"
"1677";"9";"—";"228.0";"78 75 72";"3.0";"Участвуете в конкурсе";"1520643";"—"
"1678";"1";"—";"228.0";"71 78 74";"5.0";"Участвуете в конкурсе";"2213677";"—"
"1679";"2";"—";"227.0";"75 66 86";"—";"Участвуете в конкурсе";"1852774";"—"
"1680";"4";"—";"227.0";"75 70 82";"—";"Участвуете в конкурсе";"1077105";"—"
"1681";"2";"—";"227.0";"72 73 82";"—";"Участвуете в конкурсе";"1693558";"—"
"1682";"3";"—";"227.0";"72 70 82";"3.0";"Участвуете в конкурсе";"1996585";"—"
"1683";"6";"—";"227.0";"70 78 76";"3.0";"Участвуете в конкурсе";"1794829";"—"
"1684";"4";"—";"226.0";"75 67 84";"—";"Участвуете в конкурсе";"1287940";"—"
"1685";"2";"—";"226.0";"79 69 78";"—";"Участвуете в конкурсе";"2410659";"—"
"1686";"2";"—";"226.0";"88 64 74";"—";"Участвуете в конкурсе";"1579316";"—"
"1687";"3";"—";"226.0";"78 78 70";"—";"Участвуете в конкурсе";"1608700";"—"
"1688";"7";"—";"226.0";"72 70 82";"2.0";"Участвуете в конкурсе";"945054";"—"
"1689";"2";"—";"226.0";"80 64 80";"2.0";"Участвуете в конкурсе";"1798297";"—"
"1690";"3";"Электронное";"226.0";"70 78 76";"2.0";"Участвуете в конкурсе";"1612076";"—"
"1691";"1";"—";"226.0";"82 61 80";"3.0";"Участвуете в конкурсе";"1984836";"—"
"1692";"3";"—";"226.0";"78 69 76";"3.0";"Участвуете в конкурсе";"1982986";"—"
"1693";"5";"—";"225.0";"78 67 80";"—";"Участвуете в конкурсе";"1646375";"—"
"1694";"4";"—";"225.0";"76 69 80";"—";"Участвуете в конкурсе";"1390792";"—"
"1695";"6";"Электронное";"225.0";"78 73 74";"—";"Участвуете в конкурсе";"2385498";"—"
"1696";"1";"—";"225.0";"70 81 74";"—";"Участвуете в конкурсе";"1241740";"—"
"1697";"1";"—";"225.0";"77 66 80";"2.0";"Участвуете в конкурсе";"1730239";"—"
"1698";"5";"—";"225.0";"85 66 72";"2.0";"Участвуете в конкурсе";"1259775";"—"
"1699";"4";"—";"225.0";"80 64 78";"3.0";"Участвуете в конкурсе";"1909893";"—"
"1700";"5";"—";"224.0";"75 67 82";"—";"Участвуете в конкурсе";"1547316";"—"
"1701";"6";"—";"224.0";"83 69 72";"—";"Участвуете в конкурсе";"2423986";"—"
"1702";"1";"Электронное";"224.0";"80 60 82";"2.0";"Участвуете в конкурсе";"1260377";"—"
"1703";"2";"—";"224.0";"70 72 80";"2.0";"Участвуете в конкурсе";"2255662";"—"
"1704";"2";"—";"223.0";"75 60 88";"—";"Участвуете в конкурсе";"2133115";"—"
"1705";"4";"—";"223.0";"84 63 76";"—";"Участвуете в конкурсе";"2322922";"—"
"1706";"1";"—";"223.0";"88 63 72";"—";"Участвуете в конкурсе";"1196564";"—"
"1707";"4";"—";"223.0";"70 81 72";"—";"Участвуете в конкурсе";"1610388";"—"
"1708";"6";"—";"223.0";"74 69 78";"2.0";"Участвуете в конкурсе";"1164625";"—"
"1709";"6";"Электронное";"223.0";"80 69 72";"2.0";"Участвуете в конкурсе";"2309834";"—"
"1710";"2";"—";"223.0";"70 72 78";"3.0";"Участвуете в конкурсе";"1437718";"—"
"1711";"2";"—";"223.0";"75 63 80";"5.0";"Участвуете в конкурсе";"2246673";"—"
"1712";"1";"—";"223.0";"71 69 78";"5.0";"Участвуете в конкурсе";"1417078";"—"
"1713";"2";"—";"223.0";"70 70 78";"5.0";"Участвуете в конкурсе";"2004972";"—"
"1714";"2";"—";"222.0";"72 67 80";"3.0";"Участвуете в конкурсе";"1287561";"—"
"1715";"2";"—";"222.0";"77 70 70";"5.0";"Участвуете в конкурсе";"1710558";"—"
"1716";"4";"—";"221.0";"71 66 84";"—";"Участвуете в конкурсе";"1276321";"—"
"1717";"2";"—";"221.0";"72 67 82";"—";"Участвуете в конкурсе";"1340357";"—"
"1718";"4";"—";"221.0";"80 61 80";"—";"Участвуете в конкурсе";"1791720";"—"
"1719";"1";"—";"221.0";"75 70 76";"—";"Участвуете в конкурсе";"1332134";"—"
"1720";"4";"—";"221.0";"78 69 74";"—";"Участвуете в конкурсе";"1207152";"—"
"1721";"7";"—";"221.0";"80 69 72";"—";"Участвуете в конкурсе";"2412375";"—"
"1722";"4";"—";"221.0";"85 66 70";"—";"Участвуете в конкурсе";"2297604";"—"
"1723";"7";"—";"221.0";"75 60 84";"2.0";"Участвуете в конкурсе";"2300117";"—"
"1724";"3";"—";"221.0";"72 69 78";"2.0";"Участвуете в конкурсе";"2000198";"—"
"1725";"1";"—";"220.0";"76 60 84";"—";"Участвуете в конкурсе";"1883722";"—"
"1726";"4";"—";"220.0";"75 67 78";"—";"Участвуете в конкурсе";"2224615";"—"
"1727";"6";"—";"220.0";"75 66 76";"3.0";"Участвуете в конкурсе";"1891368";"—"
"1728";"5";"—";"219.0";"72 67 80";"—";"Участвуете в конкурсе";"1257994";"—"
"1729";"2";"—";"219.0";"80 61 78";"—";"Участвуете в конкурсе";"1433926";"—"
"1730";"3";"—";"219.0";"75 66 78";"—";"Участвуете в конкурсе";"2118861";"—"
"1731";"6";"—";"219.0";"72 73 74";"—";"Участвуете в конкурсе";"2226183";"—"
"1732";"3";"—";"219.0";"74 75 70";"—";"Участвуете в конкурсе";"1832272";"—"
"1733";"2";"—";"218.0";"80 60 78";"—";"Участвуете в конкурсе";"1520084";"—"
"1734";"2";"—";"218.0";"80 60 78";"—";"Участвуете в конкурсе";"2027770";"—"
"1735";"3";"—";"218.0";"75 67 76";"—";"Участвуете в конкурсе";"2192880";"—"
"1736";"3";"—";"218.0";"70 66 80";"2.0";"Участвуете в конкурсе";"1858151";"—"
"1737";"4";"—";"218.0";"77 66 72";"3.0";"Участвуете в конкурсе";"2246381";"—"
"1738";"5";"—";"217.0";"75 64 78";"—";"Участвуете в конкурсе";"2297633";"—"
"1739";"2";"—";"217.0";"70 69 78";"—";"Участвуете в конкурсе";"1369638";"—"
"1740";"2";"Электронное";"217.0";"83 60 74";"—";"Участвуете в конкурсе";"2162453";"—"
"1741";"1";"—";"217.0";"71 72 74";"—";"Участвуете в конкурсе";"1435288";"—"
"1742";"3";"—";"217.0";"83 64 70";"—";"Участвуете в конкурсе";"1856451";"—"
"1743";"1";"—";"217.0";"70 72 72";"3.0";"Участвуете в конкурсе";"1940196";"—"
"1744";"3";"—";"217.0";"74 60 78";"5.0";"Участвуете в конкурсе";"1567137";"—"
"1745";"1";"—";"216.0";"71 61 84";"—";"Участвуете в конкурсе";"1651745";"—"
"1746";"2";"—";"216.0";"75 67 74";"—";"Участвуете в конкурсе";"1596967";"—"
"1747";"3";"—";"216.0";"78 66 72";"—";"Участвуете в конкурсе";"1987971";"—"
"1748";"10";"—";"216.0";"72 72 72";"—";"Участвуете в конкурсе";"1977200";"—"
"1749";"4";"Электронное";"216.0";"71 69 74";"2.0";"Участвуете в конкурсе";"1261910";"—"
"1750";"3";"—";"216.0";"73 60 78";"5.0";"Участвуете в конкурсе";"1640414";"—"
"1751";"4";"Электронное";"216.0";"72 60 74";"10.0";"Участвуете в конкурсе";"1498905";"—"
"1752";"5";"—";"215.0";"72 63 80";"—";"Участвуете в конкурсе";"1043918";"—"
"1753";"7";"Электронное";"215.0";"78 61 76";"—";"Участвуете в конкурсе";"1584404";"—"
"1754";"6";"—";"215.0";"80 63 72";"—";"Участвуете в конкурсе";"1641302";"—"
"1755";"1";"—";"215.0";"75 64 74";"2.0";"Участвуете в конкурсе";"1977883";"—"
"1756";"5";"—";"215.0";"75 66 72";"2.0";"Участвуете в конкурсе";"1791627";"—"
"1757";"4";"—";"215.0";"70 70 72";"3.0";"Участвуете в конкурсе";"1806619";"—"
"1758";"6";"—";"214.0";"72 64 78";"—";"Участвуете в конкурсе";"1631128";"—"
"1759";"7";"—";"214.0";"75 63 76";"—";"Участвуете в конкурсе";"1975707";"—"
"1760";"3";"—";"214.0";"70 70 74";"—";"Участвуете в конкурсе";"1583994";"—"
"1761";"4";"—";"214.0";"71 63 78";"2.0";"Участвуете в конкурсе";"1486335";"—"
"1762";"1";"—";"212.0";"74 64 74";"—";"Участвуете в конкурсе";"1995449";"—"
"1763";"6";"—";"212.0";"72 66 74";"—";"Участвуете в конкурсе";"1785367";"—"
"1764";"4";"—";"212.0";"70 72 70";"—";"Участвуете в конкурсе";"1726389";"—"
"1765";"2";"—";"212.0";"70 72 70";"—";"Участвуете в конкурсе";"2368653";"—"
"1766";"1";"—";"211.0";"71 60 80";"—";"Участвуете в конкурсе";"2211534";"—"
"1767";"2";"Электронное";"211.0";"72 60 74";"5.0";"Участвуете в конкурсе";"2028264";"—"
"1768";"3";"—";"208.0";"70 60 78";"—";"Участвуете в конкурсе";"1757589";"—"
"1769";"5";"—";"207.0";"71 60 76";"—";"Участвуете в конкурсе";"1241043";"—"
"1770";"1";"—";"207.0";"70 63 74";"—";"Участвуете в конкурсе";"1993399";"—"
"1771";"2";"—";"207.0";"70 67 70";"—";"Участвуете в конкурсе";"1582695";"—"
"1772";"5";"—";"206.0";"72 60 74";"—";"Участвуете в конкурсе";"1520466";"—"
"1773";"3";"—";"203.0";"70 61 72";"—";"Участвуете в конкурсе";"1202290";"—"
"1774";"3";"—";"203.0";"72 61 70";"—";"Участвуете в конкурсе";"1903624";"—"
"1775";"2";"Электронное";"201.0";"70 61 70";"—";"Участвуете в конкурсе";"1334058";"—"
