"Порядковый номер";"Приоритет конкурса";"Подано согласие";"Сумма баллов";"Баллы за ВИ";"Баллы за ИД";"Статус";"Код поступающего";"Дата выбора конкурсной группы по Москве"
"1";"1";"Электронное";"299.0";"92 100 97";"10.0";"Участвуете в конкурсе";"1504161";"—"
"2";"1";"Электронное";"183.0";"90 83";"10.0";"Участвуете в конкурсе";"1725935";"—"
"3";"2";"—";"96.0";"86";"10.0";"Участвуете в конкурсе";"1488444";"—"
"4";"1";"Электронное";"177.0";"100 67";"10.0";"Участвуете в конкурсе";"1155273";"—"
"5";"1";"Электронное";"310.0";"100 100 100";"10.0";"Участвуете в конкурсе";"1424388";"—"
"6";"1";"Электронное";"282.0";"100 81 91";"10.0";"Участвуете в конкурсе";"1976149";"—"
"7";"1";"Электронное";"261.0";"82 91 78";"10.0";"Участвуете в конкурсе";"1672300";"—"
"8";"1";"Электронное";"270.0";"98 72 97";"3.0";"Участвуете в конкурсе";"1200573";"—"
"9";"1";"Электронное";"72.0";"69";"3.0";"Участвуете в конкурсе";"2349506";"—"
"10";"4";"—";"192.0";"98 91";"3.0";"Участвуете в конкурсе";"1509242";"—"
"11";"1";"Электронное";"192.0";"98 91";"3.0";"Участвуете в конкурсе";"2076842";"—"
"12";"1";"Электронное";"237.0";"86 67 84";"—";"Участвуете в конкурсе";"1751852";"—"
"13";"1";"Электронное";"274.0";"96 89 89";"—";"Участвуете в конкурсе";"1339363";"—"
"14";"1";"Электронное";"111.0";"45 66";"—";"Участвуете в конкурсе";"975512";"—"
"15";"1";"Электронное";"75.0";"75";"—";"Участвуете в конкурсе";"1102599";"—"
"16";"1";"Электронное";"96.0";"86";"10.0";"Участвуете в конкурсе";"1248091";"—"
"17";"1";"Электронное";"192.0";"98 89";"5.0";"Участвуете в конкурсе";"1287405";"—"
"18";"1";"Электронное";"310.0";"100 100 100";"10.0";"Участвуете в конкурсе";"1633733";"—"
"19";"2";"Электронное";"307.0";"98 100 100";"9.0";"Участвуете в конкурсе";"1316879";"—"
"20";"1";"—";"307.0";"100 97 100";"10.0";"Участвуете в конкурсе";"1247646";"—"
"21";"6";"—";"306.0";"100 100 97";"9.0";"Участвуете в конкурсе";"1445984";"—"
"22";"4";"—";"306.0";"100 97 100";"9.0";"Участвуете в конкурсе";"1347216";"—"
"23";"6";"—";"306.0";"96 100 100";"10.0";"Участвуете в конкурсе";"1107258";"—"
"24";"4";"Электронное";"305.0";"100 100 100";"5.0";"Участвуете в конкурсе";"1354576";"—"
"25";"5";"Электронное";"305.0";"100 96 100";"9.0";"Участвуете в конкурсе";"1438698";"—"
"26";"1";"Электронное";"304.0";"100 98 97";"9.0";"Участвуете в конкурсе";"1578823";"—"
"27";"1";"Электронное";"304.0";"98 100 97";"9.0";"Участвуете в конкурсе";"1356225";"—"
"28";"1";"—";"304.0";"100 94 100";"10.0";"Участвуете в конкурсе";"964330";"—"
"29";"2";"—";"303.0";"100 100 100";"3.0";"Участвуете в конкурсе";"1367173";"—"
"30";"3";"Электронное";"303.0";"100 98 100";"5.0";"Участвуете в конкурсе";"1291044";"—"
"31";"1";"—";"303.0";"100 98 100";"5.0";"Участвуете в конкурсе";"1520342";"—"
"32";"5";"—";"303.0";"98 100 100";"5.0";"Участвуете в конкурсе";"1368191";"—"
"33";"2";"Электронное";"303.0";"100 100 94";"9.0";"Участвуете в конкурсе";"1494192";"—"
"34";"3";"—";"303.0";"96 97 100";"10.0";"Участвуете в конкурсе";"1646429";"—"
"35";"1";"—";"303.0";"96 97 100";"10.0";"Участвуете в конкурсе";"2032322";"—"
"36";"5";"—";"302.0";"100 97 100";"5.0";"Участвуете в конкурсе";"1349292";"—"
"37";"4";"—";"302.0";"96 96 100";"10.0";"Участвуете в конкурсе";"1611175";"—"
"38";"3";"—";"301.0";"98 100 100";"3.0";"Участвуете в конкурсе";"1343953";"—"
"39";"3";"Электронное";"301.0";"96 100 100";"5.0";"Участвуете в конкурсе";"2306486";"—"
"40";"4";"—";"301.0";"96 96 100";"9.0";"Участвуете в конкурсе";"1262970";"—"
"41";"3";"Электронное";"300.0";"98 97 100";"5.0";"Участвуете в конкурсе";"963005";"—"
"42";"4";"Электронное";"300.0";"98 97 100";"5.0";"Участвуете в конкурсе";"957426";"—"
"43";"5";"—";"300.0";"100 100 94";"6.0";"Участвуете в конкурсе";"1155596";"—"
"44";"1";"—";"300.0";"100 90 100";"10.0";"Участвуете в конкурсе";"1727006";"—"
"45";"3";"—";"300.0";"96 100 94";"10.0";"Участвуете в конкурсе";"1215256";"—"
"46";"6";"Электронное";"299.0";"96 100 100";"3.0";"Участвуете в конкурсе";"1174505";"—"
"47";"1";"—";"299.0";"100 94 100";"5.0";"Участвуете в конкурсе";"1910767";"—"
"48";"1";"—";"299.0";"100 94 100";"5.0";"Участвуете в конкурсе";"1290040";"—"
"49";"1";"Электронное";"299.0";"100 100 94";"5.0";"Участвуете в конкурсе";"1626595";"—"
"50";"2";"—";"299.0";"94 100 100";"5.0";"Участвуете в конкурсе";"1509854";"—"
"51";"5";"—";"299.0";"94 100 100";"5.0";"Участвуете в конкурсе";"1642110";"—"
"52";"6";"—";"299.0";"94 100 100";"5.0";"Участвуете в конкурсе";"1285011";"—"
"53";"2";"—";"299.0";"92 97 100";"10.0";"Участвуете в конкурсе";"1520403";"—"
"54";"5";"—";"299.0";"92 100 97";"10.0";"Участвуете в конкурсе";"1494629";"—"
"55";"2";"—";"298.0";"96 100 100";"2.0";"Участвуете в конкурсе";"1214589";"—"
"56";"3";"Электронное";"298.0";"98 98 99";"3.0";"Участвуете в конкурсе";"1505150";"—"
"57";"1";"—";"298.0";"98 97 100";"3.0";"Участвуете в конкурсе";"1678275";"—"
"58";"2";"—";"298.0";"98 97 100";"3.0";"Участвуете в конкурсе";"1654503";"—"
"59";"1";"Электронное";"298.0";"98 97 100";"3.0";"Участвуете в конкурсе";"1238337";"—"
"60";"6";"Электронное";"298.0";"98 98 97";"5.0";"Участвуете в конкурсе";"1578235";"—"
"61";"3";"Электронное";"298.0";"98 98 97";"5.0";"Участвуете в конкурсе";"1235065";"—"
"62";"5";"—";"298.0";"96 100 97";"5.0";"Участвуете в конкурсе";"1983486";"—"
"63";"3";"Электронное";"298.0";"96 97 100";"5.0";"Участвуете в конкурсе";"1248092";"—"
"64";"4";"—";"298.0";"96 97 100";"5.0";"Участвуете в конкурсе";"1253657";"—"
"65";"7";"Электронное";"298.0";"96 100 97";"5.0";"Участвуете в конкурсе";"1286899";"—"
"66";"5";"Электронное";"298.0";"96 97 100";"5.0";"Участвуете в конкурсе";"1871226";"—"
"67";"4";"—";"298.0";"96 97 100";"5.0";"Участвуете в конкурсе";"1655917";"—"
"68";"1";"—";"298.0";"94 97 97";"10.0";"Участвуете в конкурсе";"1265471";"—"
"69";"3";"—";"297.0";"100 94 100";"3.0";"Участвуете в конкурсе";"1129185";"—"
"70";"3";"Электронное";"297.0";"100 94 100";"3.0";"Участвуете в конкурсе";"1199157";"—"
"71";"4";"—";"297.0";"96 98 100";"3.0";"Участвуете в конкурсе";"1432042";"—"
"72";"1";"—";"297.0";"96 98 100";"3.0";"Участвуете в конкурсе";"1650872";"—"
"73";"4";"—";"297.0";"96 98 100";"3.0";"Участвуете в конкурсе";"1611204";"—"
"74";"6";"—";"297.0";"98 97 97";"5.0";"Участвуете в конкурсе";"1654442";"—"
"75";"1";"Электронное";"297.0";"92 100 100";"5.0";"Участвуете в конкурсе";"1607613";"—"
"76";"4";"Электронное";"297.0";"92 100 100";"5.0";"Участвуете в конкурсе";"1195817";"—"
"77";"4";"Электронное";"297.0";"92 100 100";"5.0";"Участвуете в конкурсе";"1845063";"—"
"78";"1";"—";"297.0";"98 93 97";"9.0";"Участвуете в конкурсе";"1283593";"—"
"79";"4";"Электронное";"297.0";"100 87 100";"10.0";"Участвуете в конкурсе";"1696627";"—"
"80";"3";"—";"297.0";"93 100 94";"10.0";"Участвуете в конкурсе";"1206999";"—"
"81";"2";"Электронное";"297.0";"96 91 100";"10.0";"Участвуете в конкурсе";"1011309";"—"
"82";"1";"—";"297.0";"90 97 100";"10.0";"Участвуете в конкурсе";"1171519";"—"
"83";"1";"—";"296.0";"96 100 97";"3.0";"Участвуете в конкурсе";"1313867";"—"
"84";"1";"Электронное";"296.0";"96 97 100";"3.0";"Участвуете в конкурсе";"1547697";"—"
"85";"1";"—";"296.0";"100 94 97";"5.0";"Участвуете в конкурсе";"1822221";"—"
"86";"2";"—";"296.0";"94 100 97";"5.0";"Участвуете в конкурсе";"1756415";"—"
"87";"3";"—";"296.0";"94 100 97";"5.0";"Участвуете в конкурсе";"1389089";"—"
"88";"1";"—";"296.0";"100 98 89";"9.0";"Участвуете в конкурсе";"1301392";"—"
"89";"1";"—";"296.0";"98 88 100";"10.0";"Участвуете в конкурсе";"1188437";"—"
"90";"3";"—";"296.0";"92 94 100";"10.0";"Участвуете в конкурсе";"1338738";"—"
"91";"1";"—";"295.0";"100 98 94";"3.0";"Участвуете в конкурсе";"1374315";"—"
"92";"3";"—";"295.0";"92 100 100";"3.0";"Участвуете в конкурсе";"1797653";"—"
"93";"1";"Электронное";"295.0";"92 100 100";"3.0";"Участвуете в конкурсе";"1350939";"—"
"94";"1";"—";"295.0";"92 100 100";"3.0";"Участвуете в конкурсе";"967467";"—"
"95";"2";"Электронное";"295.0";"96 94 100";"5.0";"Участвуете в конкурсе";"1191856";"—"
"96";"3";"—";"295.0";"96 97 97";"5.0";"Участвуете в конкурсе";"1261263";"—"
"97";"1";"Электронное";"295.0";"96 100 94";"5.0";"Участвуете в конкурсе";"1472413";"—"
"98";"3";"—";"295.0";"96 94 100";"5.0";"Участвуете в конкурсе";"1759604";"—"
"99";"4";"—";"295.0";"96 100 94";"5.0";"Участвуете в конкурсе";"1408639";"—"
"100";"1";"—";"295.0";"96 100 94";"5.0";"Участвуете в конкурсе";"1996511";"—"
"101";"4";"—";"295.0";"100 100 89";"6.0";"Участвуете в конкурсе";"1860261";"—"
"102";"2";"—";"295.0";"92 97 100";"6.0";"Участвуете в конкурсе";"1178937";"—"
"103";"5";"—";"295.0";"92 94 100";"9.0";"Участвуете в конкурсе";"1961315";"—"
"104";"1";"—";"295.0";"86 100 100";"9.0";"Участвуете в конкурсе";"1288369";"—"
"105";"2";"—";"295.0";"98 93 94";"10.0";"Участвуете в конкурсе";"1288728";"—"
"106";"3";"—";"294.0";"98 94 100";"2.0";"Участвуете в конкурсе";"1514360";"—"
"107";"3";"Электронное";"294.0";"92 100 100";"2.0";"Участвуете в конкурсе";"1191810";"—"
"108";"2";"Электронное";"294.0";"100 97 94";"3.0";"Участвуете в конкурсе";"2185419";"—"
"109";"3";"—";"294.0";"96 95 100";"3.0";"Участвуете в конкурсе";"1360320";"—"
"110";"3";"Электронное";"294.0";"96 98 97";"3.0";"Участвуете в конкурсе";"1203929";"—"
"111";"2";"—";"294.0";"94 97 100";"3.0";"Участвуете в конкурсе";"1405390";"—"
"112";"1";"Электронное";"294.0";"94 97 100";"3.0";"Участвуете в конкурсе";"1327315";"—"
"113";"3";"—";"294.0";"94 97 100";"3.0";"Участвуете в конкурсе";"1396466";"—"
"114";"2";"—";"294.0";"100 92 97";"5.0";"Участвуете в конкурсе";"1355257";"—"
"115";"5";"Электронное";"294.0";"98 97 94";"5.0";"Участвуете в конкурсе";"1243629";"—"
"116";"1";"—";"294.0";"98 100 91";"5.0";"Участвуете в конкурсе";"1585185";"—"
"117";"10";"—";"294.0";"94 98 97";"5.0";"Участвуете в конкурсе";"1125010";"—"
"118";"1";"Электронное";"294.0";"90 94 100";"10.0";"Участвуете в конкурсе";"1635617";"—"
"119";"1";"—";"293.0";"100 93 100";"—";"Участвуете в конкурсе";"982796";"—"
"120";"6";"—";"293.0";"98 95 98";"2.0";"Участвуете в конкурсе";"1702856";"—"
"121";"3";"Электронное";"293.0";"98 95 97";"3.0";"Участвуете в конкурсе";"1267699";"—"
"122";"1";"—";"293.0";"96 94 100";"3.0";"Участвуете в конкурсе";"1281839";"—"
"123";"2";"—";"293.0";"96 97 97";"3.0";"Участвуете в конкурсе";"1240481";"—"
"124";"6";"Электронное";"293.0";"96 97 97";"3.0";"Участвуете в конкурсе";"1186639";"—"
"125";"1";"—";"293.0";"96 94 100";"3.0";"Участвуете в конкурсе";"1502418";"—"
"126";"3";"Электронное";"293.0";"90 100 100";"3.0";"Участвуете в конкурсе";"1427986";"—"
"127";"1";"Электронное";"293.0";"90 100 100";"3.0";"Участвуете в конкурсе";"2402309";"—"
"128";"3";"—";"293.0";"90 100 100";"3.0";"Участвуете в конкурсе";"1715475";"—"
"129";"4";"—";"293.0";"90 100 100";"3.0";"Участвуете в конкурсе";"1775978";"—"
"130";"1";"—";"293.0";"90 100 100";"3.0";"Участвуете в конкурсе";"1478234";"—"
"131";"2";"—";"293.0";"98 90 100";"5.0";"Участвуете в конкурсе";"1355095";"—"
"132";"3";"Электронное";"293.0";"88 100 100";"5.0";"Участвуете в конкурсе";"1189971";"—"
"133";"1";"—";"293.0";"100 90 94";"9.0";"Участвуете в конкурсе";"1353401";"—"
"134";"2";"Электронное";"293.0";"92 91 100";"10.0";"Участвуете в конкурсе";"1287064";"—"
"135";"2";"—";"292.0";"98 94 100";"—";"Участвуете в конкурсе";"1854921";"—"
"136";"2";"—";"292.0";"100 98 91";"3.0";"Участвуете в конкурсе";"1518347";"—"
"137";"1";"—";"292.0";"98 94 97";"3.0";"Участвуете в конкурсе";"1250090";"—"
"138";"1";"—";"292.0";"98 97 94";"3.0";"Участвуете в конкурсе";"1525627";"—"
"139";"5";"Электронное";"292.0";"98 98 91";"5.0";"Участвуете в конкурсе";"1652619";"—"
"140";"1";"—";"292.0";"98 100 89";"5.0";"Участвуете в конкурсе";"1853341";"—"
"141";"4";"Электронное";"292.0";"98 89 100";"5.0";"Участвуете в конкурсе";"2044788";"—"
"142";"2";"—";"292.0";"96 100 91";"5.0";"Участвуете в конкурсе";"1559287";"—"
"143";"2";"—";"292.0";"90 97 100";"5.0";"Участвуете в конкурсе";"1401088";"—"
"144";"1";"—";"292.0";"90 100 97";"5.0";"Участвуете в конкурсе";"2047854";"—"
"145";"1";"—";"292.0";"98 93 91";"10.0";"Участвуете в конкурсе";"1150996";"—"
"146";"2";"—";"291.0";"100 91 100";"—";"Участвуете в конкурсе";"1525223";"—"
"147";"1";"—";"291.0";"96 98 97";"—";"Участвуете в конкурсе";"1490315";"—"
"148";"2";"—";"291.0";"98 91 100";"2.0";"Участвуете в конкурсе";"1601858";"—"
"149";"5";"—";"291.0";"100 91 97";"3.0";"Участвуете в конкурсе";"1173028";"—"
"150";"3";"—";"291.0";"98 90 100";"3.0";"Участвуете в конкурсе";"1239148";"—"
"151";"1";"—";"291.0";"96 95 97";"3.0";"Участвуете в конкурсе";"1712994";"—"
"152";"2";"—";"291.0";"96 95 97";"3.0";"Участвуете в конкурсе";"1585191";"—"
"153";"4";"Электронное";"291.0";"96 95 97";"3.0";"Участвуете в конкурсе";"951869";"—"
"154";"3";"Электронное";"291.0";"94 94 100";"3.0";"Участвуете в конкурсе";"1343524";"—"
"155";"4";"—";"291.0";"94 94 100";"3.0";"Участвуете в конкурсе";"1645834";"—"
"156";"2";"—";"291.0";"94 94 100";"3.0";"Участвуете в конкурсе";"951298";"—"
"157";"4";"Электронное";"291.0";"92 96 100";"3.0";"Участвуете в конкурсе";"1334441";"—"
"158";"5";"Электронное";"291.0";"100 95 91";"5.0";"Участвуете в конкурсе";"1277397";"—"
"159";"1";"—";"291.0";"98 94 94";"5.0";"Участвуете в конкурсе";"1513883";"—"
"160";"1";"—";"291.0";"96 93 97";"5.0";"Участвуете в конкурсе";"1390548";"—"
"161";"4";"—";"291.0";"96 96 94";"5.0";"Участвуете в конкурсе";"1620549";"—"
"162";"5";"—";"291.0";"94 92 100";"5.0";"Участвуете в конкурсе";"1910164";"—"
"163";"2";"Электронное";"291.0";"92 94 100";"5.0";"Участвуете в конкурсе";"1435109";"—"
"164";"4";"—";"291.0";"90 96 100";"5.0";"Участвуете в конкурсе";"1860307";"—"
"165";"3";"—";"291.0";"98 89 94";"10.0";"Участвуете в конкурсе";"1348032";"—"
"166";"3";"—";"291.0";"92 95 94";"10.0";"Участвуете в конкурсе";"1495837";"—"
"167";"3";"—";"290.0";"100 96 94";"—";"Участвуете в конкурсе";"948364";"—"
"168";"6";"—";"290.0";"98 89 100";"3.0";"Участвуете в конкурсе";"1957479";"—"
"169";"2";"—";"290.0";"98 100 89";"3.0";"Участвуете в конкурсе";"1262408";"—"
"170";"1";"—";"290.0";"96 97 94";"3.0";"Участвуете в конкурсе";"1321404";"—"
"171";"1";"Электронное";"290.0";"96 97 94";"3.0";"Участвуете в конкурсе";"1189882";"—"
"172";"2";"Электронное";"290.0";"96 97 94";"3.0";"Участвуете в конкурсе";"973386";"—"
"173";"4";"—";"290.0";"96 97 94";"3.0";"Участвуете в конкурсе";"1215325";"—"
"174";"2";"—";"290.0";"96 94 97";"3.0";"Участвуете в конкурсе";"1798286";"—"
"175";"3";"—";"290.0";"96 97 94";"3.0";"Участвуете в конкурсе";"1721532";"—"
"176";"5";"Электронное";"290.0";"96 94 97";"3.0";"Участвуете в конкурсе";"1395393";"—"
"177";"2";"—";"290.0";"96 97 94";"3.0";"Участвуете в конкурсе";"1627892";"—"
"178";"3";"—";"290.0";"96 91 100";"3.0";"Участвуете в конкурсе";"1442274";"—"
"179";"6";"—";"290.0";"96 91 100";"3.0";"Участвуете в конкурсе";"1277540";"—"
"180";"1";"—";"290.0";"94 97 96";"3.0";"Участвуете в конкурсе";"966466";"—"
"181";"6";"—";"290.0";"90 97 100";"3.0";"Участвуете в конкурсе";"1182552";"—"
"182";"1";"—";"290.0";"90 97 100";"3.0";"Участвуете в конкурсе";"1460686";"—"
"183";"10";"—";"290.0";"90 100 97";"3.0";"Участвуете в конкурсе";"1264886";"—"
"184";"1";"Электронное";"290.0";"90 97 100";"3.0";"Участвуете в конкурсе";"1287313";"—"
"185";"1";"—";"290.0";"90 97 100";"3.0";"Участвуете в конкурсе";"1016380";"—"
"186";"1";"—";"290.0";"96 98 91";"5.0";"Участвуете в конкурсе";"1605783";"—"
"187";"3";"—";"290.0";"96 89 100";"5.0";"Участвуете в конкурсе";"1508559";"—"
"188";"5";"—";"290.0";"94 97 94";"5.0";"Участвуете в конкурсе";"1983484";"—"
"189";"3";"Электронное";"290.0";"94 91 100";"5.0";"Участвуете в конкурсе";"1509697";"—"
"190";"3";"—";"290.0";"94 91 100";"5.0";"Участвуете в конкурсе";"1812930";"—"
"191";"3";"—";"290.0";"88 97 100";"5.0";"Участвуете в конкурсе";"1313796";"—"
"192";"1";"—";"290.0";"96 95 89";"10.0";"Участвуете в конкурсе";"1268210";"—"
"193";"2";"—";"290.0";"94 95 91";"10.0";"Участвуете в конкурсе";"1481903";"—"
"194";"4";"Электронное";"289.0";"100 86 100";"3.0";"Участвуете в конкурсе";"1651804";"—"
"195";"1";"—";"289.0";"100 95 91";"3.0";"Участвуете в конкурсе";"1316393";"—"
"196";"5";"Электронное";"289.0";"100 95 91";"3.0";"Участвуете в конкурсе";"1872246";"—"
"197";"1";"—";"289.0";"98 88 100";"3.0";"Участвуете в конкурсе";"1826344";"—"
"198";"4";"—";"289.0";"98 88 100";"3.0";"Участвуете в конкурсе";"1575123";"—"
"199";"1";"—";"289.0";"98 94 94";"3.0";"Участвуете в конкурсе";"2000767";"—"
"200";"4";"—";"289.0";"98 94 94";"3.0";"Участвуете в конкурсе";"1859330";"—"
"201";"7";"—";"289.0";"94 98 94";"3.0";"Участвуете в конкурсе";"2000692";"—"
"202";"1";"—";"289.0";"92 94 100";"3.0";"Участвуете в конкурсе";"1211044";"—"
"203";"2";"—";"289.0";"92 100 94";"3.0";"Участвуете в конкурсе";"1584058";"—"
"204";"1";"—";"289.0";"90 96 100";"3.0";"Участвуете в конкурсе";"1460290";"—"
"205";"1";"—";"289.0";"88 98 100";"3.0";"Участвуете в конкурсе";"1798565";"—"
"206";"1";"—";"289.0";"98 97 89";"5.0";"Участвуете в конкурсе";"1436134";"—"
"207";"4";"Электронное";"289.0";"90 94 100";"5.0";"Участвуете в конкурсе";"1262778";"—"
"208";"1";"—";"289.0";"100 90 91";"8.0";"Участвуете в конкурсе";"1564566";"—"
"209";"4";"—";"289.0";"100 84 95";"10.0";"Участвуете в конкурсе";"1521899";"—"
"210";"2";"Электронное";"289.0";"98 100 81";"10.0";"Участвуете в конкурсе";"1765567";"—"
"211";"4";"—";"289.0";"82 97 100";"10.0";"Участвуете в конкурсе";"1291515";"—"
"212";"1";"—";"288.0";"98 96 94";"—";"Участвуете в конкурсе";"1501292";"—"
"213";"3";"—";"288.0";"95 95 98";"—";"Участвуете в конкурсе";"1441163";"—"
"214";"3";"—";"288.0";"94 94 100";"—";"Участвуете в конкурсе";"1180955";"—"
"215";"1";"—";"288.0";"92 94 100";"2.0";"Участвуете в конкурсе";"1212694";"—"
"216";"3";"—";"288.0";"98 90 97";"3.0";"Участвуете в конкурсе";"1241514";"—"
"217";"1";"—";"288.0";"98 90 97";"3.0";"Участвуете в конкурсе";"1206232";"—"
"218";"4";"—";"288.0";"96 95 94";"3.0";"Участвуете в конкурсе";"1267796";"—"
"219";"2";"Электронное";"288.0";"96 100 89";"3.0";"Участвуете в конкурсе";"1242867";"—"
"220";"2";"—";"288.0";"96 89 100";"3.0";"Участвуете в конкурсе";"1354076";"—"
"221";"3";"—";"288.0";"96 89 100";"3.0";"Участвуете в конкурсе";"986943";"—"
"222";"5";"Электронное";"288.0";"96 100 89";"3.0";"Участвуете в конкурсе";"1365073";"—"
"223";"5";"—";"288.0";"94 97 94";"3.0";"Участвуете в конкурсе";"1495539";"—"
"224";"1";"—";"288.0";"94 91 100";"3.0";"Участвуете в конкурсе";"1337391";"—"
"225";"5";"Электронное";"288.0";"88 97 100";"3.0";"Участвуете в конкурсе";"1443508";"—"
"226";"3";"—";"288.0";"100 92 91";"5.0";"Участвуете в конкурсе";"1262543";"—"
"227";"1";"—";"288.0";"98 94 91";"5.0";"Участвуете в конкурсе";"1428134";"—"
"228";"2";"Электронное";"288.0";"98 91 94";"5.0";"Участвуете в конкурсе";"1326335";"—"
"229";"2";"—";"288.0";"96 90 97";"5.0";"Участвуете в конкурсе";"1715732";"—"
"230";"2";"—";"288.0";"96 90 97";"5.0";"Участвуете в конкурсе";"1850914";"—"
"231";"5";"—";"288.0";"94 89 100";"5.0";"Участвуете в конкурсе";"1571160";"—"
"232";"3";"—";"288.0";"94 89 100";"5.0";"Участвуете в конкурсе";"1519750";"—"
"233";"1";"—";"288.0";"94 89 100";"5.0";"Участвуете в конкурсе";"1511572";"—"
"234";"1";"—";"288.0";"96 90 97";"5.0";"Участвуете в конкурсе";"1180430";"—"
"235";"5";"Электронное";"288.0";"86 97 100";"5.0";"Участвуете в конкурсе";"1274557";"—"
"236";"2";"Электронное";"288.0";"84 100 94";"10.0";"Участвуете в конкурсе";"1230168";"—"
"237";"4";"Электронное";"288.0";"90 91 97";"10.0";"Участвуете в конкурсе";"1492848";"—"
"238";"4";"—";"287.0";"98 90 97";"2.0";"Участвуете в конкурсе";"1777523";"—"
"239";"5";"—";"287.0";"96 92 97";"2.0";"Участвуете в конкурсе";"1501694";"—"
"240";"4";"—";"287.0";"100 90 94";"3.0";"Участвуете в конкурсе";"1739646";"—"
"241";"1";"—";"287.0";"100 90 94";"3.0";"Участвуете в конкурсе";"1001907";"—"
"242";"1";"Электронное";"287.0";"100 90 94";"3.0";"Участвуете в конкурсе";"1090163";"—"
"243";"7";"—";"287.0";"98 86 100";"3.0";"Участвуете в конкурсе";"986100";"—"
"244";"1";"—";"287.0";"96 94 94";"3.0";"Участвуете в конкурсе";"1424537";"—"
"245";"3";"—";"287.0";"96 97 91";"3.0";"Участвуете в конкурсе";"1404993";"—"
"246";"2";"—";"287.0";"94 90 100";"3.0";"Участвуете в конкурсе";"1501350";"—"
"247";"3";"Электронное";"287.0";"94 94 96";"3.0";"Участвуете в конкурсе";"1599702";"—"
"248";"3";"—";"287.0";"94 96 94";"3.0";"Участвуете в конкурсе";"1441566";"—"
"249";"1";"—";"287.0";"90 100 94";"3.0";"Участвуете в конкурсе";"2005388";"—"
"250";"2";"—";"287.0";"90 100 94";"3.0";"Участвуете в конкурсе";"1280466";"—"
"251";"3";"—";"287.0";"90 94 100";"3.0";"Участвуете в конкурсе";"1195016";"—"
"252";"2";"—";"287.0";"90 94 100";"3.0";"Участвуете в конкурсе";"1261457";"—"
"253";"4";"—";"287.0";"90 94 100";"3.0";"Участвуете в конкурсе";"1576991";"—"
"254";"3";"Электронное";"287.0";"90 94 100";"3.0";"Участвуете в конкурсе";"1913851";"—"
"255";"7";"—";"287.0";"90 94 100";"3.0";"Участвуете в конкурсе";"1483264";"—"
"256";"3";"Электронное";"287.0";"88 96 100";"3.0";"Участвуете в конкурсе";"1959051";"—"
"257";"4";"—";"287.0";"96 97 89";"5.0";"Участвуете в конкурсе";"1348042";"—"
"258";"4";"—";"287.0";"94 88 100";"5.0";"Участвуете в конкурсе";"1194398";"—"
"259";"1";"—";"287.0";"94 94 94";"5.0";"Участвуете в конкурсе";"1352176";"—"
"260";"3";"—";"287.0";"94 97 91";"5.0";"Участвуете в конкурсе";"1352506";"—"
"261";"1";"—";"287.0";"90 95 97";"5.0";"Участвуете в конкурсе";"1719320";"—"
"262";"2";"—";"287.0";"88 94 100";"5.0";"Участвуете в конкурсе";"1883671";"—"
"263";"3";"—";"286.0";"100 92 94";"—";"Участвуете в конкурсе";"1731714";"—"
"264";"1";"Электронное";"286.0";"90 94 100";"2.0";"Участвуете в конкурсе";"1911368";"—"
"265";"1";"—";"286.0";"100 92 91";"3.0";"Участвуете в конкурсе";"1636605";"—"
"266";"3";"—";"286.0";"98 91 94";"3.0";"Участвуете в конкурсе";"1209371";"—"
"267";"3";"—";"286.0";"98 94 91";"3.0";"Участвуете в конкурсе";"1445543";"—"
"268";"3";"—";"286.0";"96 90 97";"3.0";"Участвуете в конкурсе";"1510935";"—"
"269";"1";"—";"286.0";"96 90 97";"3.0";"Участвуете в конкурсе";"2365403";"—"
"270";"2";"—";"286.0";"96 93 94";"3.0";"Участвуете в конкурсе";"1125432";"—"
"271";"1";"—";"286.0";"94 95 94";"3.0";"Участвуете в конкурсе";"1337216";"—"
"272";"1";"—";"286.0";"94 89 100";"3.0";"Участвуете в конкурсе";"1540773";"—"
"273";"1";"—";"286.0";"92 97 94";"3.0";"Участвуете в конкурсе";"1772780";"—"
"274";"1";"—";"286.0";"92 97 94";"3.0";"Участвуете в конкурсе";"1363776";"—"
"275";"2";"—";"286.0";"92 97 94";"3.0";"Участвуете в конкурсе";"1191678";"—"
"276";"1";"—";"286.0";"98 92 91";"5.0";"Участвуете в конкурсе";"1516632";"—"
"277";"1";"Электронное";"286.0";"96 88 97";"5.0";"Участвуете в конкурсе";"1265895";"—"
"278";"1";"—";"286.0";"94 87 100";"5.0";"Участвуете в конкурсе";"1357407";"—"
"279";"1";"—";"286.0";"92 89 100";"5.0";"Участвуете в конкурсе";"1337842";"—"
"280";"3";"—";"286.0";"100 86 91";"9.0";"Участвуете в конкурсе";"1341580";"—"
"281";"3";"—";"286.0";"96 95 86";"9.0";"Участвуете в конкурсе";"1959767";"—"
"282";"1";"—";"286.0";"94 88 94";"10.0";"Участвуете в конкурсе";"1739366";"—"
"283";"1";"—";"285.0";"98 94 93";"—";"Участвуете в конкурсе";"1287239";"—"
"284";"2";"Электронное";"285.0";"97 94 94";"—";"Участвуете в конкурсе";"1579455";"—"
"285";"3";"—";"285.0";"96 98 91";"—";"Участвуете в конкурсе";"1364669";"—"
"286";"2";"Электронное";"285.0";"94 97 94";"—";"Участвуете в конкурсе";"1352678";"—"
"287";"3";"—";"285.0";"94 89 100";"2.0";"Участвуете в конкурсе";"1482713";"—"
"288";"2";"—";"285.0";"98 93 91";"3.0";"Участвуете в конкурсе";"1210692";"—"
"289";"6";"—";"285.0";"98 95 89";"3.0";"Участвуете в конкурсе";"1482048";"—"
"290";"2";"—";"285.0";"96 97 89";"3.0";"Участвуете в конкурсе";"1667259";"—"
"291";"1";"Электронное";"285.0";"96 97 89";"3.0";"Участвуете в конкурсе";"1446845";"—"
"292";"2";"Электронное";"285.0";"96 92 94";"3.0";"Участвуете в конкурсе";"1646860";"—"
"293";"2";"—";"285.0";"96 86 100";"3.0";"Участвуете в конкурсе";"1557668";"—"
"294";"3";"—";"285.0";"94 88 100";"3.0";"Участвуете в конкурсе";"1202256";"—"
"295";"1";"—";"285.0";"92 96 94";"3.0";"Участвуете в конкурсе";"1476498";"—"
"296";"2";"—";"285.0";"92 96 94";"3.0";"Участвуете в конкурсе";"1287188";"—"
"297";"5";"Электронное";"285.0";"88 94 100";"3.0";"Участвуете в конкурсе";"1258183";"—"
"298";"2";"—";"285.0";"88 100 94";"3.0";"Участвуете в конкурсе";"1499159";"—"
"299";"8";"Электронное";"285.0";"84 98 100";"3.0";"Участвуете в конкурсе";"1292600";"—"
"300";"4";"Электронное";"285.0";"96 87 97";"5.0";"Участвуете в конкурсе";"1431638";"—"
"301";"4";"—";"285.0";"94 97 89";"5.0";"Участвуете в конкурсе";"1809795";"—"
"302";"4";"—";"285.0";"92 94 94";"5.0";"Участвуете в конкурсе";"1614410";"—"
"303";"4";"—";"285.0";"92 94 94";"5.0";"Участвуете в конкурсе";"994227";"—"
"304";"2";"Электронное";"285.0";"80 100 100";"5.0";"Участвуете в конкурсе";"1543058";"—"
"305";"3";"—";"285.0";"92 89 94";"10.0";"Участвуете в конкурсе";"1418346";"—"
"306";"2";"—";"284.0";"88 96 100";"—";"Участвуете в конкурсе";"1434503";"—"
"307";"6";"—";"284.0";"96 95 91";"2.0";"Участвуете в конкурсе";"1350488";"—"
"308";"4";"—";"284.0";"98 92 91";"3.0";"Участвуете в конкурсе";"1420269";"—"
"309";"1";"—";"284.0";"98 100 83";"3.0";"Участвуете в конкурсе";"1384829";"—"
"310";"1";"—";"284.0";"96 88 97";"3.0";"Участвуете в конкурсе";"1444299";"—"
"311";"2";"—";"284.0";"96 88 97";"3.0";"Участвуете в конкурсе";"1213171";"—"
"312";"2";"—";"284.0";"96 91 94";"3.0";"Участвуете в конкурсе";"1722932";"—"
"313";"2";"Электронное";"284.0";"96 91 94";"3.0";"Участвуете в конкурсе";"1176872";"—"
"314";"9";"—";"284.0";"96 96 89";"3.0";"Участвуете в конкурсе";"1266157";"—"
"315";"6";"—";"284.0";"96 96 89";"3.0";"Участвуете в конкурсе";"1472812";"—"
"316";"1";"—";"284.0";"94 90 97";"3.0";"Участвуете в конкурсе";"1781919";"—"
"317";"4";"—";"284.0";"94 93 94";"3.0";"Участвуете в конкурсе";"1311768";"—"
"318";"1";"—";"284.0";"92 93 96";"3.0";"Участвуете в конкурсе";"2418962";"—"
"319";"5";"Электронное";"284.0";"90 94 97";"3.0";"Участвуете в конкурсе";"2175911";"—"
"320";"1";"—";"284.0";"90 91 100";"3.0";"Участвуете в конкурсе";"2046540";"—"
"321";"7";"—";"284.0";"90 100 91";"3.0";"Участвуете в конкурсе";"1198942";"—"
"322";"1";"—";"284.0";"90 100 91";"3.0";"Участвуете в конкурсе";"948171";"—"
"323";"5";"—";"284.0";"90 91 100";"3.0";"Участвуете в конкурсе";"2047459";"—"
"324";"2";"—";"284.0";"88 96 97";"3.0";"Участвуете в конкурсе";"1358351";"—"
"325";"2";"—";"284.0";"96 92 91";"5.0";"Участвуете в конкурсе";"1185561";"—"
"326";"1";"—";"284.0";"94 94 91";"5.0";"Участвуете в конкурсе";"1569384";"—"
"327";"1";"—";"284.0";"92 90 97";"5.0";"Участвуете в конкурсе";"1990570";"—"
"328";"5";"—";"284.0";"90 98 91";"5.0";"Участвуете в конкурсе";"1632882";"—"
"329";"4";"—";"284.0";"90 89 100";"5.0";"Участвуете в конкурсе";"1513315";"—"
"330";"5";"Электронное";"284.0";"88 91 100";"5.0";"Участвуете в конкурсе";"1100380";"—"
"331";"6";"Электронное";"284.0";"88 91 100";"5.0";"Участвуете в конкурсе";"1993493";"—"
"332";"1";"—";"284.0";"88 91 100";"5.0";"Участвуете в конкурсе";"1211273";"—"
"333";"3";"—";"284.0";"100 75 100";"9.0";"Участвуете в конкурсе";"1246288";"—"
"334";"1";"—";"284.0";"92 89 94";"9.0";"Участвуете в конкурсе";"2089881";"—"
"335";"2";"Электронное";"284.0";"94 83 97";"10.0";"Участвуете в конкурсе";"1837176";"—"
"336";"2";"Электронное";"283.0";"100 100 83";"—";"Участвуете в конкурсе";"1852822";"—"
"337";"6";"—";"283.0";"94 92 97";"—";"Участвуете в конкурсе";"2218776";"—"
"338";"2";"—";"283.0";"86 97 100";"—";"Участвуете в конкурсе";"1710808";"—"
"339";"3";"—";"283.0";"98 85 97";"3.0";"Участвуете в конкурсе";"2208198";"—"
"340";"1";"—";"283.0";"98 88 94";"3.0";"Участвуете в конкурсе";"1579853";"—"
"341";"5";"—";"283.0";"96 90 94";"3.0";"Участвуете в конкурсе";"1711767";"—"
"342";"5";"Электронное";"283.0";"96 93 91";"3.0";"Участвуете в конкурсе";"1979890";"—"
"343";"10";"—";"283.0";"94 90 96";"3.0";"Участвуете в конкурсе";"1726794";"—"
"344";"2";"—";"283.0";"94 92 94";"3.0";"Участвуете в конкурсе";"1289069";"—"
"345";"1";"—";"283.0";"94 95 91";"3.0";"Участвуете в конкурсе";"1605514";"—"
"346";"4";"Электронное";"283.0";"94 86 100";"3.0";"Участвуете в конкурсе";"1445605";"—"
"347";"4";"—";"283.0";"92 100 88";"3.0";"Участвуете в конкурсе";"959002";"—"
"348";"2";"—";"283.0";"92 94 94";"3.0";"Участвуете в конкурсе";"1519177";"—"
"349";"2";"—";"283.0";"92 94 94";"3.0";"Участвуете в конкурсе";"1429806";"—"
"350";"3";"Электронное";"283.0";"92 94 94";"3.0";"Участвуете в конкурсе";"1029416";"—"
"351";"1";"—";"283.0";"92 97 91";"3.0";"Участвуете в конкурсе";"1433626";"—"
"352";"1";"—";"283.0";"90 96 94";"3.0";"Участвуете в конкурсе";"1349608";"—"
"353";"1";"—";"283.0";"100 89 89";"5.0";"Участвуете в конкурсе";"1359159";"—"
"354";"2";"—";"283.0";"98 91 89";"5.0";"Участвуете в конкурсе";"1505156";"—"
"355";"3";"—";"283.0";"92 97 89";"5.0";"Участвуете в конкурсе";"1902704";"—"
"356";"3";"—";"283.0";"90 94 94";"5.0";"Участвуете в конкурсе";"1196883";"—"
"357";"9";"Электронное";"283.0";"90 94 94";"5.0";"Участвуете в конкурсе";"1507048";"—"
"358";"7";"—";"283.0";"90 97 91";"5.0";"Участвуете в конкурсе";"1210894";"—"
"359";"4";"—";"283.0";"90 97 91";"5.0";"Участвуете в конкурсе";"1248636";"—"
"360";"4";"—";"283.0";"84 97 97";"5.0";"Участвуете в конкурсе";"1443867";"—"
"361";"2";"—";"283.0";"84 94 100";"5.0";"Участвуете в конкурсе";"1195333";"—"
"362";"3";"—";"283.0";"81 100 97";"5.0";"Участвуете в конкурсе";"1323987";"—"
"363";"2";"—";"283.0";"100 83 94";"6.0";"Участвуете в конкурсе";"1521136";"—"
"364";"4";"—";"283.0";"96 94 84";"9.0";"Участвуете в конкурсе";"1878168";"—"
"365";"3";"—";"283.0";"100 87 86";"10.0";"Участвуете в конкурсе";"1983294";"—"
"366";"3";"—";"282.0";"96 86 100";"—";"Участвуете в конкурсе";"1582280";"—"
"367";"5";"Электронное";"282.0";"96 86 100";"—";"Участвуете в конкурсе";"1210194";"—"
"368";"3";"Электронное";"282.0";"85 100 97";"—";"Участвуете в конкурсе";"1654357";"—"
"369";"3";"—";"282.0";"98 88 94";"2.0";"Участвуете в конкурсе";"1488687";"—"
"370";"1";"—";"282.0";"98 87 94";"3.0";"Участвуете в конкурсе";"1433361";"—"
"371";"1";"—";"282.0";"98 81 100";"3.0";"Участвуете в конкурсе";"2390863";"—"
"372";"3";"—";"282.0";"96 86 97";"3.0";"Участвуете в конкурсе";"1366052";"—"
"373";"1";"—";"282.0";"94 91 94";"3.0";"Участвуете в конкурсе";"1656078";"—"
"374";"2";"—";"282.0";"94 94 91";"3.0";"Участвуете в конкурсе";"1271802";"—"
"375";"4";"—";"282.0";"94 91 94";"3.0";"Участвуете в конкурсе";"1154612";"—"
"376";"1";"—";"282.0";"92 90 97";"3.0";"Участвуете в конкурсе";"1400408";"—"
"377";"3";"—";"282.0";"92 90 97";"3.0";"Участвуете в конкурсе";"2296194";"—"
"378";"1";"—";"282.0";"90 98 91";"3.0";"Участвуете в конкурсе";"2295899";"—"
"379";"6";"—";"282.0";"90 95 94";"3.0";"Участвуете в конкурсе";"1201851";"—"
"380";"1";"—";"282.0";"90 89 100";"3.0";"Участвуете в конкурсе";"1940609";"—"
"381";"1";"—";"282.0";"88 97 94";"3.0";"Участвуете в конкурсе";"1250457";"—"
"382";"1";"—";"282.0";"88 91 100";"3.0";"Участвуете в конкурсе";"1468784";"—"
"383";"2";"—";"282.0";"86 96 97";"3.0";"Участвуете в конкурсе";"1620801";"—"
"384";"4";"Электронное";"282.0";"82 100 97";"3.0";"Участвуете в конкурсе";"1240958";"—"
"385";"1";"—";"282.0";"94 86 97";"5.0";"Участвуете в конкурсе";"1443372";"—"
"386";"6";"—";"282.0";"92 94 91";"5.0";"Участвуете в конкурсе";"1166889";"—"
"387";"3";"Электронное";"282.0";"92 96 89";"5.0";"Участвуете в конкурсе";"2044271";"—"
"388";"1";"—";"282.0";"90 87 100";"5.0";"Участвуете в конкурсе";"1619396";"—"
"389";"3";"—";"282.0";"90 90 97";"5.0";"Участвуете в конкурсе";"1239598";"—"
"390";"7";"Электронное";"282.0";"90 96 91";"5.0";"Участвуете в конкурсе";"1209188";"—"
"391";"6";"—";"282.0";"88 95 94";"5.0";"Участвуете в конкурсе";"1421149";"—"
"392";"1";"—";"282.0";"88 100 89";"5.0";"Участвуете в конкурсе";"1679680";"—"
"393";"1";"—";"282.0";"86 91 100";"5.0";"Участвуете в конкурсе";"1095343";"—"
"394";"4";"—";"282.0";"82 95 100";"5.0";"Участвуете в конкурсе";"2209527";"—"
"395";"1";"—";"282.0";"86 94 94";"8.0";"Участвуете в конкурсе";"1192149";"—"
"396";"12";"Электронное";"282.0";"82 100 91";"9.0";"Участвуете в конкурсе";"1183203";"—"
"397";"7";"—";"282.0";"91 100 81";"10.0";"Участвуете в конкурсе";"1216116";"—"
"398";"2";"Электронное";"282.0";"96 87 89";"10.0";"Участвуете в конкурсе";"1605008";"—"
"399";"5";"Электронное";"281.0";"92 100 89";"—";"Участвуете в конкурсе";"1283589";"—"
"400";"6";"—";"281.0";"90 91 100";"—";"Участвуете в конкурсе";"2287334";"—"
"401";"5";"Электронное";"281.0";"94 93 91";"3.0";"Участвуете в конкурсе";"1355246";"—"
"402";"3";"—";"281.0";"94 95 89";"3.0";"Участвуете в конкурсе";"1655462";"—"
"403";"1";"—";"281.0";"90 88 100";"3.0";"Участвуете в конкурсе";"1768985";"—"
"404";"4";"—";"281.0";"90 94 94";"3.0";"Участвуете в конкурсе";"1670066";"—"
"405";"1";"—";"281.0";"88 90 100";"3.0";"Участвуете в конкурсе";"1354708";"—"
"406";"2";"—";"281.0";"88 93 97";"3.0";"Участвуете в конкурсе";"1299310";"—"
"407";"6";"—";"281.0";"81 97 100";"3.0";"Участвуете в конкурсе";"1155025";"—"
"408";"2";"—";"281.0";"98 95 83";"5.0";"Участвуете в конкурсе";"1414444";"—"
"409";"1";"—";"281.0";"92 84 100";"5.0";"Участвуете в конкурсе";"1584021";"—"
"410";"3";"—";"281.0";"92 90 94";"5.0";"Участвуете в конкурсе";"1389904";"—"
"411";"6";"Электронное";"281.0";"92 93 91";"5.0";"Участвуете в конкурсе";"1354446";"—"
"412";"5";"—";"281.0";"92 93 91";"5.0";"Участвуете в конкурсе";"1200419";"—"
"413";"1";"—";"281.0";"90 97 89";"5.0";"Участвуете в конкурсе";"1703538";"—"
"414";"1";"—";"281.0";"90 89 97";"5.0";"Участвуете в конкурсе";"1003370";"—"
"415";"5";"—";"281.0";"90 95 91";"5.0";"Участвуете в конкурсе";"1401048";"—"
"416";"2";"—";"281.0";"88 94 94";"5.0";"Участвуете в конкурсе";"1425005";"—"
"417";"5";"—";"281.0";"82 100 94";"5.0";"Участвуете в конкурсе";"1674581";"—"
"418";"6";"—";"280.0";"94 97 89";"—";"Участвуете в конкурсе";"1266340";"—"
"419";"1";"—";"280.0";"86 94 100";"—";"Участвуете в конкурсе";"1615344";"—"
"420";"1";"—";"280.0";"100 83 94";"3.0";"Участвуете в конкурсе";"1209298";"—"
"421";"2";"—";"280.0";"98 79 100";"3.0";"Участвуете в конкурсе";"1859041";"—"
"422";"2";"Электронное";"280.0";"96 90 91";"3.0";"Участвуете в конкурсе";"1754928";"—"
"423";"9";"—";"280.0";"96 90 91";"3.0";"Участвуете в конкурсе";"1413934";"—"
"424";"1";"Электронное";"280.0";"94 94 89";"3.0";"Участвуете в конкурсе";"1595146";"—"
"425";"1";"—";"280.0";"94 92 91";"3.0";"Участвуете в конкурсе";"1983919";"—"
"426";"2";"—";"280.0";"94 89 94";"3.0";"Участвуете в конкурсе";"1901040";"—"
"427";"1";"—";"280.0";"90 98 89";"3.0";"Участвуете в конкурсе";"1463047";"—"
"428";"5";"—";"280.0";"88 98 91";"3.0";"Участвуете в конкурсе";"1340349";"—"
"429";"5";"—";"280.0";"86 97 94";"3.0";"Участвуете в конкурсе";"1617134";"—"
"430";"4";"—";"280.0";"86 100 91";"3.0";"Участвуете в конкурсе";"2369911";"—"
"431";"1";"—";"280.0";"84 93 100";"3.0";"Участвуете в конкурсе";"1571870";"—"
"432";"5";"Электронное";"280.0";"82 98 97";"3.0";"Участвуете в конкурсе";"1986072";"—"
"433";"4";"—";"280.0";"96 79 100";"5.0";"Участвуете в конкурсе";"1331058";"—"
"434";"1";"—";"280.0";"90 88 97";"5.0";"Участвуете в конкурсе";"1235635";"—"
"435";"3";"—";"280.0";"88 90 97";"5.0";"Участвуете в конкурсе";"1157774";"—"
"436";"6";"—";"280.0";"88 90 97";"5.0";"Участвуете в конкурсе";"1205576";"—"
"437";"3";"—";"280.0";"86 95 94";"5.0";"Участвуете в конкурсе";"1271869";"—"
"438";"1";"Электронное";"280.0";"86 98 91";"5.0";"Участвуете в конкурсе";"1856803";"—"
"439";"1";"—";"280.0";"86 89 100";"5.0";"Участвуете в конкурсе";"1968755";"—"
"440";"1";"—";"280.0";"84 94 97";"5.0";"Участвуете в конкурсе";"1728886";"—"
"441";"5";"Электронное";"280.0";"82 93 100";"5.0";"Участвуете в конкурсе";"1482865";"—"
"442";"4";"—";"280.0";"80 98 97";"5.0";"Участвуете в конкурсе";"1951134";"—"
"443";"3";"—";"280.0";"81 92 97";"10.0";"Участвуете в конкурсе";"1580945";"—"
"444";"9";"—";"279.0";"100 88 91";"—";"Участвуете в конкурсе";"1262665";"—"
"445";"1";"—";"279.0";"94 89 96";"—";"Участвуете в конкурсе";"2368244";"—"
"446";"7";"—";"279.0";"88 97 94";"—";"Участвуете в конкурсе";"1421485";"—"
"447";"2";"—";"279.0";"88 91 100";"—";"Участвуете в конкурсе";"1361834";"—"
"448";"4";"—";"279.0";"88 91 100";"—";"Участвуете в конкурсе";"1424766";"—"
"449";"4";"—";"279.0";"88 91 100";"—";"Участвуете в конкурсе";"1519106";"—"
"450";"3";"—";"279.0";"92 91 94";"2.0";"Участвуете в конкурсе";"1354075";"—"
"451";"5";"—";"279.0";"86 97 94";"2.0";"Участвуете в конкурсе";"1710942";"—"
"452";"3";"—";"279.0";"80 100 97";"2.0";"Участвуете в конкурсе";"1071363";"—"
"453";"3";"—";"279.0";"98 81 97";"3.0";"Участвуете в конкурсе";"1953803";"—"
"454";"3";"—";"279.0";"98 89 89";"3.0";"Участвуете в конкурсе";"1711007";"—"
"455";"2";"—";"279.0";"96 80 100";"3.0";"Участвуете в конкурсе";"1767241";"—"
"456";"2";"—";"279.0";"96 83 97";"3.0";"Участвуете в конкурсе";"1327468";"—"
"457";"1";"—";"279.0";"96 86 94";"3.0";"Участвуете в конкурсе";"1653045";"—"
"458";"8";"—";"279.0";"94 82 100";"3.0";"Участвуете в конкурсе";"2044263";"—"
"459";"2";"—";"279.0";"94 93 89";"3.0";"Участвуете в конкурсе";"1240531";"—"
"460";"2";"—";"279.0";"92 87 97";"3.0";"Участвуете в конкурсе";"1432785";"—"
"461";"1";"—";"279.0";"92 93 91";"3.0";"Участвуете в конкурсе";"1609128";"—"
"462";"1";"—";"279.0";"90 89 97";"3.0";"Участвуете в конкурсе";"1173568";"—"
"463";"2";"—";"279.0";"90 97 89";"3.0";"Участвуете в конкурсе";"1131603";"—"
"464";"1";"Электронное";"279.0";"90 86 100";"3.0";"Участвуете в конкурсе";"1654959";"—"
"465";"5";"Электронное";"279.0";"88 94 94";"3.0";"Участвуете в конкурсе";"1604696";"—"
"466";"3";"—";"279.0";"88 94 94";"3.0";"Участвуете в конкурсе";"1190823";"—"
"467";"1";"—";"279.0";"88 94 94";"3.0";"Участвуете в конкурсе";"2184382";"—"
"468";"1";"—";"279.0";"94 83 97";"5.0";"Участвуете в конкурсе";"2099371";"—"
"469";"7";"Электронное";"279.0";"94 86 94";"5.0";"Участвуете в конкурсе";"1996895";"—"
"470";"5";"Электронное";"279.0";"94 91 89";"5.0";"Участвуете в конкурсе";"1850441";"—"
"471";"7";"—";"279.0";"86 97 91";"5.0";"Участвуете в конкурсе";"1641105";"—"
"472";"3";"—";"279.0";"80 100 94";"5.0";"Участвуете в конкурсе";"1266338";"—"
"473";"1";"—";"279.0";"98 85 86";"10.0";"Участвуете в конкурсе";"1693846";"—"
"474";"8";"Электронное";"278.0";"92 89 97";"—";"Участвуете в конкурсе";"1280958";"—"
"475";"1";"—";"278.0";"90 94 94";"—";"Участвуете в конкурсе";"1399386";"—"
"476";"6";"—";"278.0";"100 87 89";"2.0";"Участвуете в конкурсе";"1961455";"—"
"477";"4";"—";"278.0";"92 98 86";"2.0";"Участвуете в конкурсе";"1196800";"—"
"478";"3";"—";"278.0";"88 94 94";"2.0";"Участвуете в конкурсе";"1174159";"—"
"479";"1";"—";"278.0";"96 85 94";"3.0";"Участвуете в конкурсе";"2223399";"—"
"480";"3";"—";"278.0";"94 90 91";"3.0";"Участвуете в конкурсе";"1363194";"—"
"481";"1";"—";"278.0";"92 86 97";"3.0";"Участвуете в конкурсе";"993570";"—"
"482";"2";"Электронное";"278.0";"92 83 100";"3.0";"Участвуете в конкурсе";"1420079";"—"
"483";"2";"—";"278.0";"90 88 97";"3.0";"Участвуете в конкурсе";"984355";"—"
"484";"2";"—";"278.0";"90 88 97";"3.0";"Участвуете в конкурсе";"1482990";"—"
"485";"4";"—";"278.0";"90 91 94";"3.0";"Участвуете в конкурсе";"1843104";"—"
"486";"9";"—";"278.0";"90 91 94";"3.0";"Участвуете в конкурсе";"2039047";"—"
"487";"5";"—";"278.0";"86 92 97";"3.0";"Участвуете в конкурсе";"1439418";"—"
"488";"1";"—";"278.0";"86 89 100";"3.0";"Участвуете в конкурсе";"1721994";"—"
"489";"3";"—";"278.0";"84 97 94";"3.0";"Участвуете в конкурсе";"1559589";"—"
"490";"4";"—";"278.0";"84 91 100";"3.0";"Участвуете в конкурсе";"2043156";"—"
"491";"1";"—";"278.0";"81 94 100";"3.0";"Участвуете в конкурсе";"1233536";"—"
"492";"1";"—";"278.0";"78 97 100";"3.0";"Участвуете в конкурсе";"1003075";"—"
"493";"9";"Электронное";"278.0";"96 88 89";"5.0";"Участвуете в конкурсе";"2184152";"—"
"494";"1";"—";"278.0";"94 85 94";"5.0";"Участвуете в конкурсе";"1471128";"—"
"495";"3";"—";"278.0";"92 90 91";"5.0";"Участвуете в конкурсе";"1192217";"—"
"496";"6";"—";"278.0";"90 89 94";"5.0";"Участвуете в конкурсе";"1559935";"—"
"497";"2";"—";"278.0";"88 94 91";"5.0";"Участвуете в конкурсе";"943418";"—"
"498";"8";"—";"278.0";"86 96 91";"5.0";"Участвуете в конкурсе";"2052517";"—"
"499";"6";"—";"278.0";"84 98 91";"5.0";"Участвуете в конкурсе";"1946140";"—"
"500";"1";"—";"278.0";"84 89 100";"5.0";"Участвуете в конкурсе";"1075673";"—"
"501";"1";"Электронное";"278.0";"79 97 97";"5.0";"Участвуете в конкурсе";"1986718";"—"
"502";"1";"—";"278.0";"79 100 94";"5.0";"Участвуете в конкурсе";"1151206";"—"
"503";"1";"—";"278.0";"79 100 94";"5.0";"Участвуете в конкурсе";"1355578";"—"
"504";"3";"—";"278.0";"82 94 94";"8.0";"Участвуете в конкурсе";"1291885";"—"
"505";"7";"Электронное";"277.0";"96 90 91";"—";"Участвуете в конкурсе";"1334791";"—"
"506";"6";"—";"277.0";"94 89 94";"—";"Участвуете в конкурсе";"1521777";"—"
"507";"6";"—";"277.0";"92 88 97";"—";"Участвуете в конкурсе";"1239708";"—"
"508";"3";"—";"277.0";"86 97 94";"—";"Участвуете в конкурсе";"943660";"—"
"509";"4";"—";"277.0";"86 92 97";"2.0";"Участвуете в конкурсе";"1428451";"—"
"510";"6";"Электронное";"277.0";"86 95 94";"2.0";"Участвуете в конкурсе";"1566499";"—"
"511";"15";"—";"277.0";"96 89 89";"3.0";"Участвуете в конкурсе";"1849952";"—"
"512";"1";"—";"277.0";"96 89 89";"3.0";"Участвуете в конкурсе";"977110";"—"
"513";"3";"—";"277.0";"94 94 86";"3.0";"Участвуете в конкурсе";"1493467";"—"
"514";"1";"—";"277.0";"94 86 94";"3.0";"Участвуете в конкурсе";"1251888";"—"
"515";"2";"—";"277.0";"90 93 91";"3.0";"Участвуете в конкурсе";"1637537";"—"
"516";"1";"—";"277.0";"88 97 89";"3.0";"Участвуете в конкурсе";"1321579";"—"
"517";"2";"Электронное";"277.0";"88 86 100";"3.0";"Участвуете в конкурсе";"966595";"—"
"518";"2";"—";"277.0";"86 94 94";"3.0";"Участвуете в конкурсе";"1517982";"—"
"519";"2";"—";"277.0";"86 94 94";"3.0";"Участвуете в конкурсе";"2304552";"—"
"520";"1";"—";"277.0";"84 90 100";"3.0";"Участвуете в конкурсе";"1888038";"—"
"521";"9";"—";"277.0";"82 95 97";"3.0";"Участвуете в конкурсе";"2150069";"—"
"522";"5";"—";"277.0";"98 88 86";"5.0";"Участвуете в конкурсе";"1265071";"—"
"523";"4";"—";"277.0";"98 91 83";"5.0";"Участвуете в конкурсе";"975505";"—"
"524";"3";"—";"277.0";"96 87 89";"5.0";"Участвуете в конкурсе";"1789410";"—"
"525";"1";"—";"277.0";"92 86 94";"5.0";"Участвуете в конкурсе";"2293027";"—"
"526";"4";"—";"277.0";"92 91 89";"5.0";"Участвуете в конкурсе";"2179149";"—"
"527";"5";"—";"277.0";"90 91 91";"5.0";"Участвуете в конкурсе";"1982218";"—"
"528";"1";"—";"277.0";"88 93 91";"5.0";"Участвуете в конкурсе";"1576782";"—"
"529";"2";"—";"277.0";"78 94 100";"5.0";"Участвуете в конкурсе";"1654852";"—"
"530";"1";"—";"277.0";"100 79 89";"9.0";"Участвуете в конкурсе";"1195582";"—"
"531";"2";"—";"277.0";"90 91 86";"10.0";"Участвуете в конкурсе";"1444092";"—"
"532";"2";"—";"276.0";"100 95 81";"—";"Участвуете в конкурсе";"2099109";"—"
"533";"2";"—";"276.0";"98 89 89";"—";"Участвуете в конкурсе";"1421683";"—"
"534";"1";"—";"276.0";"96 91 89";"—";"Участвуете в конкурсе";"1707925";"—"
"535";"4";"—";"276.0";"94 91 91";"—";"Участвуете в конкурсе";"1443239";"—"
"536";"1";"—";"276.0";"92 90 94";"—";"Участвуете в конкурсе";"1165904";"—"
"537";"6";"—";"276.0";"90 89 97";"—";"Участвуете в конкурсе";"1720456";"—"
"538";"4";"—";"276.0";"90 95 91";"—";"Участвуете в конкурсе";"1852541";"—"
"539";"1";"—";"276.0";"88 94 94";"—";"Участвуете в конкурсе";"1622132";"—"
"540";"4";"Электронное";"276.0";"96 91 86";"3.0";"Участвуете в конкурсе";"1963897";"—"
"541";"2";"—";"276.0";"96 83 94";"3.0";"Участвуете в конкурсе";"1714012";"—"
"542";"1";"—";"276.0";"94 88 91";"3.0";"Участвуете в конкурсе";"1439838";"—"
"543";"4";"—";"276.0";"94 96 83";"3.0";"Участвуете в конкурсе";"1438150";"—"
"544";"1";"—";"276.0";"92 81 100";"3.0";"Участвуете в конкурсе";"1956582";"—"
"545";"3";"Электронное";"276.0";"92 97 84";"3.0";"Участвуете в конкурсе";"1501153";"—"
"546";"6";"—";"276.0";"92 97 84";"3.0";"Участвуете в конкурсе";"1104305";"—"
"547";"1";"—";"276.0";"92 90 91";"3.0";"Участвуете в конкурсе";"1896320";"—"
"548";"3";"—";"276.0";"92 95 86";"3.0";"Участвуете в конкурсе";"1582673";"—"
"549";"2";"—";"276.0";"90 83 100";"3.0";"Участвуете в конкурсе";"1342263";"—"
"550";"3";"—";"276.0";"90 92 91";"3.0";"Участвуете в конкурсе";"1256355";"—"
"551";"2";"—";"276.0";"90 94 89";"3.0";"Участвуете в конкурсе";"2140541";"—"
"552";"3";"—";"276.0";"90 97 86";"3.0";"Участвуете в конкурсе";"1189729";"—"
"553";"3";"—";"276.0";"90 83 100";"3.0";"Участвуете в конкурсе";"1724134";"—"
"554";"1";"—";"276.0";"88 94 91";"3.0";"Участвуете в конкурсе";"1443790";"—"
"555";"3";"—";"276.0";"88 91 94";"3.0";"Участвуете в конкурсе";"1096891";"—"
"556";"1";"—";"276.0";"88 91 94";"3.0";"Участвуете в конкурсе";"1792517";"—"
"557";"4";"—";"276.0";"88 96 89";"3.0";"Участвуете в конкурсе";"1235004";"—"
"558";"3";"—";"276.0";"82 94 97";"3.0";"Участвуете в конкурсе";"1350286";"—"
"559";"5";"—";"276.0";"82 97 94";"3.0";"Участвуете в конкурсе";"2038688";"—"
"560";"1";"—";"276.0";"96 91 84";"5.0";"Участвуете в конкурсе";"1441305";"—"
"561";"11";"—";"276.0";"96 92 83";"5.0";"Участвуете в конкурсе";"1628390";"—"
"562";"4";"—";"276.0";"94 83 94";"5.0";"Участвуете в конкурсе";"1758741";"—"
"563";"5";"—";"276.0";"90 92 89";"5.0";"Участвуете в конкурсе";"1829539";"—"
"564";"1";"—";"276.0";"88 86 97";"5.0";"Участвуете в конкурсе";"1547983";"—"
"565";"4";"—";"276.0";"82 100 89";"5.0";"Участвуете в конкурсе";"2033097";"—"
"566";"3";"—";"275.0";"96 88 91";"—";"Участвуете в конкурсе";"1090122";"—"
"567";"2";"—";"275.0";"94 97 84";"—";"Участвуете в конкурсе";"1364717";"—"
"568";"3";"—";"275.0";"92 83 100";"—";"Участвуете в конкурсе";"1636584";"—"
"569";"9";"—";"275.0";"92 86 97";"—";"Участвуете в конкурсе";"1360878";"—"
"570";"1";"—";"275.0";"92 94 89";"—";"Участвуете в конкурсе";"2358140";"—"
"571";"3";"Электронное";"275.0";"92 89 94";"—";"Участвуете в конкурсе";"1206364";"—"
"572";"2";"—";"275.0";"90 88 97";"—";"Участвуете в конкурсе";"962349";"—"
"573";"7";"—";"275.0";"90 89 96";"—";"Участвуете в конкурсе";"1938589";"—"
"574";"2";"—";"275.0";"90 89 94";"2.0";"Участвуете в конкурсе";"1781056";"—"
"575";"7";"—";"275.0";"96 98 78";"3.0";"Участвуете в конкурсе";"1428298";"—"
"576";"3";"—";"275.0";"96 85 91";"3.0";"Участвуете в конкурсе";"1289184";"—"
"577";"3";"Электронное";"275.0";"92 86 94";"3.0";"Участвуете в конкурсе";"1757794";"—"
"578";"1";"—";"275.0";"92 97 83";"3.0";"Участвуете в конкурсе";"1602271";"—"
"579";"1";"—";"275.0";"90 93 89";"3.0";"Участвуете в конкурсе";"2259264";"—"
"580";"1";"—";"275.0";"88 93 91";"3.0";"Участвуете в конкурсе";"1609000";"—"
"581";"4";"Электронное";"275.0";"88 93 91";"3.0";"Участвуете в конкурсе";"1595606";"—"
"582";"2";"—";"275.0";"86 89 97";"3.0";"Участвуете в конкурсе";"1201172";"—"
"583";"1";"—";"275.0";"86 97 89";"3.0";"Участвуете в конкурсе";"1254698";"—"
"584";"4";"—";"275.0";"84 94 94";"3.0";"Участвуете в конкурсе";"1653130";"—"
"585";"1";"—";"275.0";"84 94 94";"3.0";"Участвуете в конкурсе";"2179872";"—"
"586";"5";"Электронное";"275.0";"84 97 91";"3.0";"Участвуете в конкурсе";"2004567";"—"
"587";"1";"—";"275.0";"81 94 97";"3.0";"Участвуете в конкурсе";"1107474";"—"
"588";"1";"—";"275.0";"78 94 100";"3.0";"Участвуете в конкурсе";"1260428";"—"
"589";"4";"—";"275.0";"100 79 91";"5.0";"Участвуете в конкурсе";"1551373";"—"
"590";"2";"—";"275.0";"100 86 84";"5.0";"Участвуете в конкурсе";"1365483";"—"
"591";"1";"—";"275.0";"98 91 81";"5.0";"Участвуете в конкурсе";"1485831";"—"
"592";"6";"Электронное";"275.0";"94 90 86";"5.0";"Участвуете в конкурсе";"2240838";"—"
"593";"3";"Электронное";"275.0";"92 94 84";"5.0";"Участвуете в конкурсе";"1362434";"—"
"594";"4";"—";"275.0";"92 87 91";"5.0";"Участвуете в конкурсе";"1433769";"—"
"595";"6";"—";"275.0";"90 94 86";"5.0";"Участвуете в конкурсе";"1523300";"—"
"596";"2";"—";"275.0";"88 88 94";"5.0";"Участвуете в конкурсе";"1793177";"—"
"597";"1";"—";"275.0";"88 91 91";"5.0";"Участвуете в конкурсе";"997649";"—"
"598";"3";"—";"275.0";"88 96 86";"5.0";"Участвуете в конкурсе";"2105359";"—"
"599";"11";"—";"275.0";"86 100 84";"5.0";"Участвуете в конкурсе";"2005964";"—"
"600";"5";"—";"275.0";"84 92 94";"5.0";"Участвуете в конкурсе";"1200833";"—"
"601";"5";"Электронное";"275.0";"84 86 100";"5.0";"Участвуете в конкурсе";"1704812";"—"
"602";"1";"Электронное";"275.0";"82 94 94";"5.0";"Участвуете в конкурсе";"1965355";"—"
"603";"2";"Электронное";"274.0";"96 78 100";"—";"Участвуете в конкурсе";"1267206";"—"
"604";"2";"—";"274.0";"94 91 89";"—";"Участвуете в конкурсе";"1366407";"—"
"605";"1";"—";"274.0";"84 94 96";"—";"Участвуете в конкурсе";"2057375";"—"
"606";"3";"Электронное";"274.0";"98 89 84";"3.0";"Участвуете в конкурсе";"1133804";"—"
"607";"1";"—";"274.0";"98 90 83";"3.0";"Участвуете в конкурсе";"1638490";"—"
"608";"1";"—";"274.0";"96 75 100";"3.0";"Участвуете в конкурсе";"1797768";"—"
"609";"1";"—";"274.0";"96 91 84";"3.0";"Участвуете в конкурсе";"1581490";"—"
"610";"1";"—";"274.0";"96 86 89";"3.0";"Участвуете в конкурсе";"1481092";"—"
"611";"3";"Электронное";"274.0";"94 83 94";"3.0";"Участвуете в конкурсе";"1473784";"—"
"612";"1";"—";"274.0";"92 90 89";"3.0";"Участвуете в конкурсе";"1413098";"—"
"613";"4";"Электронное";"274.0";"92 90 89";"3.0";"Участвуете в конкурсе";"1193499";"—"
"614";"1";"—";"274.0";"90 87 94";"3.0";"Участвуете в конкурсе";"1117245";"—"
"615";"1";"—";"274.0";"90 90 91";"3.0";"Участвуете в конкурсе";"1835822";"—"
"616";"3";"—";"274.0";"88 89 94";"3.0";"Участвуете в конкурсе";"1214260";"—"
"617";"3";"Электронное";"274.0";"84 90 97";"3.0";"Участвуете в конкурсе";"1218601";"—"
"618";"1";"—";"274.0";"82 89 100";"3.0";"Участвуете в конкурсе";"1648568";"—"
"619";"2";"—";"274.0";"82 89 100";"3.0";"Участвуете в конкурсе";"1694702";"—"
"620";"1";"—";"274.0";"96 82 91";"5.0";"Участвуете в конкурсе";"1550769";"—"
"621";"2";"Электронное";"274.0";"94 81 94";"5.0";"Участвуете в конкурсе";"1243838";"—"
"622";"3";"Электронное";"274.0";"80 89 100";"5.0";"Участвуете в конкурсе";"2046299";"—"
"623";"5";"—";"274.0";"100 73 91";"10.0";"Участвуете в конкурсе";"1249819";"—"
"624";"3";"—";"273.0";"96 83 94";"—";"Участвуете в конкурсе";"967981";"—"
"625";"1";"—";"273.0";"92 90 91";"—";"Участвуете в конкурсе";"1205280";"—"
"626";"2";"—";"273.0";"90 83 100";"—";"Участвуете в конкурсе";"1495546";"—"
"627";"2";"—";"273.0";"90 94 89";"—";"Участвуете в конкурсе";"1180487";"—"
"628";"6";"—";"273.0";"88 91 94";"—";"Участвуете в конкурсе";"1648461";"—"
"629";"1";"—";"273.0";"94 83 94";"2.0";"Участвуете в конкурсе";"1358960";"—"
"630";"1";"—";"273.0";"90 84 97";"2.0";"Участвуете в конкурсе";"985251";"—"
"631";"5";"—";"273.0";"88 89 94";"2.0";"Участвуете в конкурсе";"1445499";"—"
"632";"6";"—";"273.0";"100 97 73";"3.0";"Участвуете в конкурсе";"2043193";"—"
"633";"3";"Электронное";"273.0";"100 81 89";"3.0";"Участвуете в конкурсе";"1645128";"—"
"634";"7";"—";"273.0";"96 88 86";"3.0";"Участвуете в конкурсе";"2048064";"—"
"635";"1";"—";"273.0";"94 85 91";"3.0";"Участвуете в конкурсе";"1863674";"—"
"636";"2";"—";"273.0";"94 87 89";"3.0";"Участвуете в конкурсе";"1779931";"—"
"637";"4";"—";"273.0";"94 87 89";"3.0";"Участвуете в конкурсе";"1619039";"—"
"638";"3";"Электронное";"273.0";"92 89 89";"3.0";"Участвуете в конкурсе";"1788510";"—"
"639";"4";"Электронное";"273.0";"92 89 89";"3.0";"Участвуете в конкурсе";"1687252";"—"
"640";"5";"—";"273.0";"92 95 83";"3.0";"Участвуете в конкурсе";"1961243";"—"
"641";"5";"—";"273.0";"88 93 89";"3.0";"Участвуете в конкурсе";"1600512";"—"
"642";"2";"—";"273.0";"86 100 84";"3.0";"Участвуете в конкурсе";"1492446";"—"
"643";"5";"Электронное";"273.0";"86 90 94";"3.0";"Участвуете в конкурсе";"2090193";"—"
"644";"2";"—";"273.0";"86 98 86";"3.0";"Участвуете в конкурсе";"1192305";"—"
"645";"3";"Электронное";"273.0";"84 86 100";"3.0";"Участвуете в конкурсе";"1417625";"—"
"646";"2";"—";"273.0";"81 89 100";"3.0";"Участвуете в конкурсе";"1188295";"—"
"647";"8";"—";"273.0";"79 100 91";"3.0";"Участвуете в конкурсе";"1909718";"—"
"648";"7";"Электронное";"273.0";"79 91 100";"3.0";"Участвуете в конкурсе";"2049178";"—"
"649";"10";"Электронное";"273.0";"96 83 89";"5.0";"Участвуете в конкурсе";"2223693";"—"
"650";"1";"—";"273.0";"92 85 91";"5.0";"Участвуете в конкурсе";"1913992";"—"
"651";"3";"—";"273.0";"92 90 86";"5.0";"Участвуете в конкурсе";"1880919";"—"
"652";"1";"—";"273.0";"84 90 94";"5.0";"Участвуете в конкурсе";"1946407";"—"
"653";"6";"—";"273.0";"82 95 91";"5.0";"Участвуете в конкурсе";"1725663";"—"
"654";"6";"—";"273.0";"78 93 97";"5.0";"Участвуете в конкурсе";"1157736";"—"
"655";"2";"—";"272.0";"94 78 100";"—";"Участвуете в конкурсе";"1175641";"—"
"656";"2";"—";"272.0";"92 83 97";"—";"Участвуете в конкурсе";"1913989";"—"
"657";"2";"—";"272.0";"92 91 89";"—";"Участвуете в конкурсе";"1265187";"—"
"658";"3";"Электронное";"272.0";"92 97 83";"—";"Участвуете в конкурсе";"2339692";"—"
"659";"6";"Электронное";"272.0";"86 86 100";"—";"Участвуете в конкурсе";"1628610";"—"
"660";"1";"—";"272.0";"84 94 94";"—";"Участвуете в конкурсе";"1717174";"—"
"661";"5";"—";"272.0";"83 91 98";"—";"Участвуете в конкурсе";"2369770";"—"
"662";"4";"—";"272.0";"82 94 94";"2.0";"Участвуете в конкурсе";"1035309";"—"
"663";"1";"—";"272.0";"81 89 100";"2.0";"Участвуете в конкурсе";"1985137";"—"
"664";"1";"—";"272.0";"100 72 97";"3.0";"Участвуете в конкурсе";"1181874";"—"
"665";"2";"—";"272.0";"94 84 91";"3.0";"Участвуете в конкурсе";"1352348";"—"
"666";"1";"—";"272.0";"90 85 94";"3.0";"Участвуете в конкурсе";"1322455";"—"
"667";"1";"Электронное";"272.0";"88 90 91";"3.0";"Участвуете в конкурсе";"1995917";"—"
"668";"3";"—";"272.0";"88 92 89";"3.0";"Участвуете в конкурсе";"1543897";"—"
"669";"2";"—";"272.0";"88 100 81";"3.0";"Участвуете в конкурсе";"1282965";"—"
"670";"3";"—";"272.0";"86 94 89";"3.0";"Участвуете в конкурсе";"1367355";"—"
"671";"3";"—";"272.0";"86 89 94";"3.0";"Участвуете в конкурсе";"1799926";"—"
"672";"4";"—";"272.0";"86 89 94";"3.0";"Участвуете в конкурсе";"1839599";"—"
"673";"1";"—";"272.0";"84 88 97";"3.0";"Участвуете в конкурсе";"1851463";"—"
"674";"1";"—";"272.0";"84 94 91";"3.0";"Участвуете в конкурсе";"993891";"—"
"675";"2";"—";"272.0";"84 91 94";"3.0";"Участвуете в конкурсе";"1705973";"—"
"676";"3";"—";"272.0";"84 91 94";"3.0";"Участвуете в конкурсе";"1206672";"—"
"677";"2";"—";"272.0";"90 86 91";"5.0";"Участвуете в конкурсе";"2339319";"—"
"678";"3";"—";"272.0";"90 96 81";"5.0";"Участвуете в конкурсе";"1789700";"—"
"679";"4";"—";"272.0";"88 88 91";"5.0";"Участвуете в конкурсе";"1446206";"—"
"680";"3";"—";"272.0";"86 92 89";"5.0";"Участвуете в конкурсе";"1993699";"—"
"681";"12";"Электронное";"272.0";"84 86 97";"5.0";"Участвуете в конкурсе";"1193876";"—"
"682";"4";"—";"272.0";"73 94 100";"5.0";"Участвуете в конкурсе";"1248299";"—"
"683";"4";"—";"271.0";"96 91 84";"—";"Участвуете в конкурсе";"1433088";"—"
"684";"1";"—";"271.0";"92 85 94";"—";"Участвуете в конкурсе";"1555732";"—"
"685";"1";"—";"271.0";"92 85 94";"—";"Участвуете в конкурсе";"1567263";"—"
"686";"2";"Электронное";"271.0";"88 89 94";"—";"Участвуете в конкурсе";"2081597";"—"
"687";"7";"—";"271.0";"82 100 89";"—";"Участвуете в конкурсе";"1085937";"—"
"688";"3";"—";"271.0";"80 91 100";"—";"Участвуете в конкурсе";"1285952";"—"
"689";"4";"—";"271.0";"80 91 100";"—";"Участвуете в конкурсе";"1471437";"—"
"690";"1";"—";"271.0";"74 97 100";"—";"Участвуете в конкурсе";"1521421";"—"
"691";"1";"—";"271.0";"96 89 84";"2.0";"Участвуете в конкурсе";"2179101";"—"
"692";"3";"—";"271.0";"96 84 89";"2.0";"Участвуете в конкурсе";"1246333";"—"
"693";"1";"—";"271.0";"100 77 91";"3.0";"Участвуете в конкурсе";"1175428";"—"
"694";"2";"Электронное";"271.0";"94 83 91";"3.0";"Участвуете в конкурсе";"1700885";"—"
"695";"4";"Электронное";"271.0";"94 88 86";"3.0";"Участвуете в конкурсе";"1263594";"—"
"696";"3";"Электронное";"271.0";"90 81 97";"3.0";"Участвуете в конкурсе";"2184836";"—"
"697";"1";"Электронное";"271.0";"90 84 94";"3.0";"Участвуете в конкурсе";"2308638";"—"
"698";"3";"Электронное";"271.0";"90 87 91";"3.0";"Участвуете в конкурсе";"1856022";"—"
"699";"5";"Электронное";"271.0";"90 89 89";"3.0";"Участвуете в конкурсе";"1576593";"—"
"700";"1";"—";"271.0";"90 78 100";"3.0";"Участвуете в конкурсе";"1212786";"—"
"701";"6";"—";"271.0";"88 83 97";"3.0";"Участвуете в конкурсе";"1332679";"—"
"702";"3";"Электронное";"271.0";"88 86 94";"3.0";"Участвуете в конкурсе";"1835042";"—"
"703";"11";"—";"271.0";"88 94 86";"3.0";"Участвуете в конкурсе";"1624927";"—"
"704";"2";"—";"271.0";"88 94 86";"3.0";"Участвуете в конкурсе";"2034332";"—"
"705";"4";"—";"271.0";"86 96 86";"3.0";"Участвуете в конкурсе";"1361736";"—"
"706";"1";"—";"271.0";"84 87 97";"3.0";"Участвуете в конкурсе";"1462420";"—"
"707";"1";"—";"271.0";"84 90 94";"3.0";"Участвуете в конкурсе";"1353255";"—"
"708";"3";"—";"271.0";"84 90 94";"3.0";"Участвуете в конкурсе";"2006596";"—"
"709";"4";"Электронное";"271.0";"98 85 83";"5.0";"Участвуете в конкурсе";"1029158";"—"
"710";"2";"—";"271.0";"96 86 84";"5.0";"Участвуете в конкурсе";"1633607";"—"
"711";"1";"—";"271.0";"90 85 91";"5.0";"Участвуете в конкурсе";"2035829";"—"
"712";"3";"—";"271.0";"90 85 91";"5.0";"Участвуете в конкурсе";"2267692";"—"
"713";"1";"—";"271.0";"88 84 94";"5.0";"Участвуете в конкурсе";"1581732";"—"
"714";"6";"—";"271.0";"84 88 94";"5.0";"Участвуете в конкурсе";"1629422";"—"
"715";"5";"Электронное";"271.0";"78 93 95";"5.0";"Участвуете в конкурсе";"1174427";"—"
"716";"2";"Электронное";"271.0";"77 89 100";"5.0";"Участвуете в конкурсе";"1648919";"—"
"717";"3";"—";"271.0";"84 86 91";"10.0";"Участвуете в конкурсе";"1291904";"—"
"718";"1";"—";"270.0";"98 78 94";"—";"Участвуете в конкурсе";"1031536";"—"
"719";"2";"—";"270.0";"98 83 89";"—";"Участвуете в конкурсе";"1729260";"—"
"720";"4";"Электронное";"270.0";"92 94 84";"—";"Участвуете в конкурсе";"1214916";"—"
"721";"3";"—";"270.0";"90 89 91";"—";"Участвуете в конкурсе";"965393";"—"
"722";"1";"—";"270.0";"90 94 86";"—";"Участвуете в конкурсе";"1981828";"—"
"723";"3";"—";"270.0";"86 93 91";"—";"Участвуете в конкурсе";"1299048";"—"
"724";"1";"—";"270.0";"81 89 100";"—";"Участвуете в конкурсе";"1033594";"—"
"725";"3";"Электронное";"270.0";"96 83 89";"2.0";"Участвуете в конкурсе";"1198419";"—"
"726";"3";"—";"270.0";"88 83 97";"2.0";"Участвуете в конкурсе";"1513673";"—"
"727";"2";"—";"270.0";"94 89 84";"3.0";"Участвуете в конкурсе";"1503005";"—"
"728";"5";"—";"270.0";"92 91 84";"3.0";"Участвуете в конкурсе";"1343687";"—"
"729";"1";"—";"270.0";"92 89 86";"3.0";"Участвуете в конкурсе";"1199107";"—"
"730";"3";"—";"270.0";"90 88 89";"3.0";"Участвуете в конкурсе";"1242993";"—"
"731";"3";"Электронное";"270.0";"90 83 94";"3.0";"Участвуете в конкурсе";"1294337";"—"
"732";"3";"—";"270.0";"88 93 86";"3.0";"Участвуете в конкурсе";"1653480";"—"
"733";"5";"—";"270.0";"86 97 84";"3.0";"Участвуете в конкурсе";"1513321";"—"
"734";"1";"Электронное";"270.0";"84 94 89";"3.0";"Участвуете в конкурсе";"1335277";"—"
"735";"3";"Электронное";"270.0";"84 94 89";"3.0";"Участвуете в конкурсе";"1817994";"—"
"736";"7";"Электронное";"270.0";"94 90 81";"5.0";"Участвуете в конкурсе";"1192707";"—"
"737";"2";"—";"270.0";"92 89 84";"5.0";"Участвуете в конкурсе";"1445166";"—"
"738";"1";"—";"270.0";"88 94 83";"5.0";"Участвуете в конкурсе";"2411028";"—"
"739";"3";"—";"270.0";"87 87 91";"5.0";"Участвуете в конкурсе";"1443209";"—"
"740";"6";"—";"270.0";"81 100 84";"5.0";"Участвуете в конкурсе";"1639724";"—"
"741";"6";"—";"270.0";"80 91 94";"5.0";"Участвуете в конкурсе";"1779692";"—"
"742";"4";"Электронное";"270.0";"80 96 89";"5.0";"Участвуете в конкурсе";"2260586";"—"
"743";"2";"—";"270.0";"76 89 100";"5.0";"Участвуете в конкурсе";"1211999";"—"
"744";"2";"Электронное";"270.0";"92 68 100";"10.0";"Участвуете в конкурсе";"1768729";"—"
"745";"1";"—";"270.0";"84 90 86";"10.0";"Участвуете в конкурсе";"1385275";"—"
"746";"8";"Электронное";"269.0";"94 91 84";"—";"Участвуете в конкурсе";"1619607";"—"
"747";"1";"—";"269.0";"94 86 89";"—";"Участвуете в конкурсе";"1785829";"—"
"748";"1";"—";"269.0";"94 86 89";"—";"Участвуете в конкурсе";"1638818";"—"
"749";"3";"—";"269.0";"88 95 86";"—";"Участвуете в конкурсе";"2101660";"—"
"750";"1";"—";"269.0";"86 86 97";"—";"Участвуете в конкурсе";"1205429";"—"
"751";"3";"—";"269.0";"86 94 89";"—";"Участвуете в конкурсе";"1382094";"—"
"752";"2";"—";"269.0";"86 89 94";"—";"Участвуете в конкурсе";"1366232";"—"
"753";"3";"—";"269.0";"80 100 89";"—";"Участвуете в конкурсе";"1271068";"—"
"754";"4";"—";"269.0";"78 91 100";"—";"Участвуете в конкурсе";"2027309";"—"
"755";"2";"—";"269.0";"100 77 89";"3.0";"Участвуете в конкурсе";"1198404";"—"
"756";"2";"—";"269.0";"94 81 91";"3.0";"Участвуете в конкурсе";"1189936";"—"
"757";"4";"—";"269.0";"94 97 75";"3.0";"Участвуете в конкурсе";"1795595";"—"
"758";"2";"—";"269.0";"92 80 94";"3.0";"Участвуете в конкурсе";"1952293";"—"
"759";"2";"Электронное";"269.0";"92 93 81";"3.0";"Участвуете в конкурсе";"2000490";"—"
"760";"4";"Электронное";"269.0";"88 89 89";"3.0";"Участвуете в конкурсе";"1122883";"—"
"761";"4";"—";"269.0";"88 89 89";"3.0";"Участвуете в конкурсе";"1791106";"—"
"762";"1";"—";"269.0";"88 92 86";"3.0";"Участвуете в конкурсе";"1286065";"—"
"763";"2";"—";"269.0";"84 91 91";"3.0";"Участвуете в конкурсе";"1962565";"—"
"764";"3";"—";"269.0";"81 91 94";"3.0";"Участвуете в конкурсе";"1352076";"—"
"765";"1";"—";"269.0";"81 91 94";"3.0";"Участвуете в конкурсе";"1541150";"—"
"766";"6";"—";"269.0";"80 97 89";"3.0";"Участвуете в конкурсе";"1725135";"—"
"767";"3";"—";"269.0";"78 94 94";"3.0";"Участвуете в конкурсе";"1786056";"—"
"768";"5";"—";"269.0";"75 97 94";"3.0";"Участвуете в конкурсе";"2220961";"—"
"769";"7";"—";"269.0";"84 97 83";"5.0";"Участвуете в конкурсе";"1444712";"—"
"770";"2";"Электронное";"269.0";"92 94 78";"5.0";"Участвуете в конкурсе";"1601096";"—"
"771";"3";"—";"269.0";"92 86 86";"5.0";"Участвуете в конкурсе";"1882953";"—"
"772";"3";"—";"269.0";"90 93 81";"5.0";"Участвуете в конкурсе";"1519523";"—"
"773";"1";"—";"269.0";"86 84 94";"5.0";"Участвуете в конкурсе";"1178709";"—"
"774";"3";"Электронное";"269.0";"86 87 91";"5.0";"Участвуете в конкурсе";"1334280";"—"
"775";"5";"—";"269.0";"86 95 83";"5.0";"Участвуете в конкурсе";"1495916";"—"
"776";"2";"—";"269.0";"82 85 97";"5.0";"Участвуете в конкурсе";"1508397";"—"
"777";"1";"Электронное";"268.0";"98 86 84";"—";"Участвуете в конкурсе";"1022258";"—"
"778";"2";"—";"268.0";"94 88 86";"—";"Участвуете в конкурсе";"1985472";"—"
"779";"1";"—";"268.0";"92 87 89";"—";"Участвуете в конкурсе";"1148083";"—"
"780";"6";"—";"268.0";"90 92 86";"—";"Участвуете в конкурсе";"1785746";"—"
"781";"3";"Электронное";"268.0";"88 91 89";"—";"Участвуете в конкурсе";"1428755";"—"
"782";"5";"—";"268.0";"80 94 94";"—";"Участвуете в конкурсе";"1182432";"—"
"783";"2";"—";"268.0";"98 78 89";"3.0";"Участвуете в конкурсе";"1493742";"—"
"784";"3";"—";"268.0";"96 72 97";"3.0";"Участвуете в конкурсе";"1705127";"—"
"785";"1";"—";"268.0";"96 88 81";"3.0";"Участвуете в конкурсе";"1396607";"—"
"786";"1";"—";"268.0";"90 75 100";"3.0";"Участвуете в конкурсе";"1320392";"—"
"787";"3";"—";"268.0";"88 83 94";"3.0";"Участвуете в конкурсе";"1780112";"—"
"788";"2";"—";"268.0";"88 86 91";"3.0";"Участвуете в конкурсе";"1432441";"—"
"789";"3";"—";"268.0";"88 91 86";"3.0";"Участвуете в конкурсе";"1442652";"—"
"790";"7";"—";"268.0";"86 88 91";"3.0";"Участвуете в конкурсе";"1515807";"—"
"791";"1";"—";"268.0";"86 96 83";"3.0";"Участвуете в конкурсе";"1420665";"—"
"792";"1";"—";"268.0";"82 86 97";"3.0";"Участвуете в конкурсе";"1979580";"—"
"793";"1";"—";"268.0";"82 92 91";"3.0";"Участвуете в конкурсе";"1474251";"—"
"794";"4";"Электронное";"268.0";"81 95 89";"3.0";"Участвуете в конкурсе";"1073267";"—"
"795";"1";"—";"268.0";"77 94 94";"3.0";"Участвуете в конкурсе";"2203452";"—"
"796";"7";"Электронное";"268.0";"94 86 83";"5.0";"Участвуете в конкурсе";"1520455";"—"
"797";"4";"—";"268.0";"86 83 94";"5.0";"Участвуете в конкурсе";"1027964";"—"
"798";"7";"—";"268.0";"82 92 89";"5.0";"Участвуете в конкурсе";"1556821";"—"
"799";"2";"—";"268.0";"81 93 89";"5.0";"Участвуете в конкурсе";"956662";"—"
"800";"4";"—";"268.0";"80 89 94";"5.0";"Участвуете в конкурсе";"1960577";"—"
"801";"1";"—";"268.0";"98 83 78";"9.0";"Участвуете в конкурсе";"1206303";"—"
"802";"2";"—";"268.0";"71 93 94";"10.0";"Участвуете в конкурсе";"1690083";"—"
"803";"1";"—";"267.0";"100 83 84";"—";"Участвуете в конкурсе";"1618978";"—"
"804";"2";"—";"267.0";"94 82 91";"—";"Участвуете в конкурсе";"988288";"—"
"805";"3";"—";"267.0";"92 84 91";"—";"Участвуете в конкурсе";"1796710";"—"
"806";"3";"Электронное";"267.0";"92 86 89";"—";"Участвуете в конкурсе";"971217";"—"
"807";"4";"—";"267.0";"82 85 100";"—";"Участвуете в конкурсе";"1445862";"—"
"808";"4";"—";"267.0";"92 84 89";"2.0";"Участвуете в конкурсе";"1859089";"—"
"809";"3";"—";"267.0";"100 70 94";"3.0";"Участвуете в конкурсе";"1914374";"—"
"810";"1";"—";"267.0";"96 74 94";"3.0";"Участвуете в конкурсе";"1442303";"—"
"811";"8";"—";"267.0";"94 81 89";"3.0";"Участвуете в конкурсе";"1609159";"—"
"812";"2";"—";"267.0";"94 86 84";"3.0";"Участвуете в конкурсе";"1729157";"—"
"813";"1";"—";"267.0";"92 75 97";"3.0";"Участвуете в конкурсе";"1595761";"—"
"814";"1";"—";"267.0";"92 83 89";"3.0";"Участвуете в конкурсе";"1421817";"—"
"815";"4";"Электронное";"267.0";"92 83 89";"3.0";"Участвуете в конкурсе";"1341268";"—"
"816";"2";"—";"267.0";"91 95 78";"3.0";"Участвуете в конкурсе";"1128631";"—"
"817";"1";"—";"267.0";"88 79 97";"3.0";"Участвуете в конкурсе";"1793144";"—"
"818";"3";"—";"267.0";"88 90 86";"3.0";"Участвуете в конкурсе";"1043894";"—"
"819";"1";"—";"267.0";"84 83 97";"3.0";"Участвуете в конкурсе";"1626927";"—"
"820";"2";"—";"267.0";"84 91 89";"3.0";"Участвуете в конкурсе";"1640009";"—"
"821";"1";"—";"267.0";"84 86 94";"3.0";"Участвуете в конкурсе";"2142382";"—"
"822";"3";"—";"267.0";"79 88 97";"3.0";"Участвуете в конкурсе";"1245071";"—"
"823";"1";"—";"267.0";"79 91 94";"3.0";"Участвуете в конкурсе";"2162656";"—"
"824";"9";"Электронное";"267.0";"92 97 73";"5.0";"Участвуете в конкурсе";"2188848";"—"
"825";"1";"—";"267.0";"88 85 89";"5.0";"Участвуете в конкурсе";"1197322";"—"
"826";"5";"—";"267.0";"79 94 89";"5.0";"Участвуете в конкурсе";"1437687";"—"
"827";"2";"—";"267.0";"79 89 94";"5.0";"Участвуете в конкурсе";"1343872";"—"
"828";"3";"—";"267.0";"77 91 94";"5.0";"Участвуете в конкурсе";"1964486";"—"
"829";"1";"—";"267.0";"79 94 86";"8.0";"Участвуете в конкурсе";"1658719";"—"
"830";"3";"Электронное";"267.0";"100 66 91";"10.0";"Участвуете в конкурсе";"1248307";"—"
"831";"2";"—";"266.0";"96 86 84";"—";"Участвуете в конкурсе";"1726696";"—"
"832";"3";"—";"266.0";"94 83 89";"—";"Участвуете в конкурсе";"1188494";"—"
"833";"5";"Электронное";"266.0";"94 91 81";"—";"Участвуете в конкурсе";"1334488";"—"
"834";"1";"—";"266.0";"86 86 94";"—";"Участвуете в конкурсе";"1434308";"—"
"835";"1";"—";"266.0";"81 88 97";"—";"Участвуете в конкурсе";"1002800";"—"
"836";"3";"—";"266.0";"90 91 83";"2.0";"Участвуете в конкурсе";"1625551";"—"
"837";"5";"—";"266.0";"96 73 94";"3.0";"Участвуете в конкурсе";"1362499";"—"
"838";"1";"—";"266.0";"96 84 83";"3.0";"Участвуете в конкурсе";"1995358";"—"
"839";"4";"—";"266.0";"96 78 89";"3.0";"Участвуете в конкурсе";"1356241";"—"
"840";"1";"—";"266.0";"88 91 84";"3.0";"Участвуете в конкурсе";"1042945";"—"
"841";"3";"Электронное";"266.0";"81 85 97";"3.0";"Участвуете в конкурсе";"1268830";"—"
"842";"7";"Электронное";"266.0";"81 88 94";"3.0";"Участвуете в конкурсе";"2024511";"—"
"843";"3";"—";"266.0";"80 83 100";"3.0";"Участвуете в конкурсе";"1502813";"—"
"844";"5";"—";"266.0";"79 100 84";"3.0";"Участвуете в конкурсе";"1212372";"—"
"845";"2";"Электронное";"266.0";"78 91 94";"3.0";"Участвуете в конкурсе";"1610149";"—"
"846";"4";"—";"266.0";"74 89 100";"3.0";"Участвуете в конкурсе";"2122679";"—"
"847";"1";"—";"266.0";"98 72 91";"5.0";"Участвуете в конкурсе";"1260483";"—"
"848";"7";"—";"266.0";"92 72 97";"5.0";"Участвуете в конкурсе";"1517074";"—"
"849";"2";"—";"266.0";"86 81 94";"5.0";"Участвуете в конкурсе";"1558389";"—"
"850";"3";"—";"266.0";"82 88 91";"5.0";"Участвуете в конкурсе";"1256359";"—"
"851";"5";"—";"266.0";"80 87 94";"5.0";"Участвуете в конкурсе";"1845295";"—"
"852";"2";"—";"266.0";"80 95 86";"5.0";"Участвуете в конкурсе";"1607071";"—"
"853";"2";"—";"266.0";"73 94 94";"5.0";"Участвуете в конкурсе";"1548632";"—"
"854";"2";"—";"266.0";"81 91 86";"8.0";"Участвуете в конкурсе";"1389913";"—"
"855";"1";"—";"266.0";"78 93 86";"9.0";"Участвуете в конкурсе";"1913406";"—"
"856";"1";"—";"266.0";"100 67 89";"10.0";"Участвуете в конкурсе";"1512276";"—"
"857";"1";"—";"265.0";"98 78 89";"—";"Участвуете в конкурсе";"1203948";"—"
"858";"1";"—";"265.0";"94 90 81";"—";"Участвуете в конкурсе";"1904425";"—"
"859";"3";"—";"265.0";"90 86 89";"—";"Участвуете в конкурсе";"1403992";"—"
"860";"4";"—";"265.0";"86 82 97";"—";"Участвуете в конкурсе";"1642792";"—"
"861";"1";"—";"265.0";"92 79 91";"3.0";"Участвуете в конкурсе";"1445229";"—"
"862";"3";"—";"265.0";"90 83 89";"3.0";"Участвуете в конкурсе";"1648782";"—"
"863";"4";"—";"265.0";"88 88 86";"3.0";"Участвуете в конкурсе";"1356646";"—"
"864";"8";"—";"265.0";"88 91 83";"3.0";"Участвуете в конкурсе";"1576012";"—"
"865";"6";"—";"265.0";"86 82 94";"3.0";"Участвуете в конкурсе";"1651420";"—"
"866";"3";"—";"265.0";"86 95 81";"3.0";"Участвуете в конкурсе";"1858167";"—"
"867";"4";"—";"265.0";"82 89 91";"3.0";"Участвуете в конкурсе";"1703601";"—"
"868";"6";"Электронное";"265.0";"82 86 94";"3.0";"Участвуете в конкурсе";"1636252";"—"
"869";"3";"—";"265.0";"77 91 94";"3.0";"Участвуете в конкурсе";"1182530";"—"
"870";"3";"—";"265.0";"71 91 100";"3.0";"Участвуете в конкурсе";"1129706";"—"
"871";"2";"—";"265.0";"92 77 91";"5.0";"Участвуете в конкурсе";"1477445";"—"
"872";"3";"Электронное";"265.0";"84 87 89";"5.0";"Участвуете в конкурсе";"1237470";"—"
"873";"1";"—";"265.0";"84 93 83";"5.0";"Участвуете в конкурсе";"1792495";"—"
"874";"1";"—";"265.0";"77 94 89";"5.0";"Участвуете в конкурсе";"1841536";"—"
"875";"3";"—";"265.0";"76 95 89";"5.0";"Участвуете в конкурсе";"1193357";"—"
"876";"2";"Электронное";"265.0";"100 74 81";"10.0";"Участвуете в конкурсе";"1577781";"—"
"877";"1";"—";"264.0";"94 81 89";"—";"Участвуете в конкурсе";"1890071";"—"
"878";"2";"—";"264.0";"92 83 89";"—";"Участвуете в конкурсе";"1390585";"—"
"879";"3";"—";"264.0";"90 85 89";"—";"Участвуете в конкурсе";"2153287";"—"
"880";"7";"—";"264.0";"88 93 83";"—";"Участвуете в конкурсе";"1728177";"—"
"881";"1";"—";"264.0";"84 86 94";"—";"Участвуете в конкурсе";"1560160";"—"
"882";"1";"—";"264.0";"82 85 97";"—";"Участвуете в конкурсе";"1510143";"—"
"883";"6";"—";"264.0";"81 92 91";"—";"Участвуете в конкурсе";"1196644";"—"
"884";"1";"Электронное";"264.0";"81 89 94";"—";"Участвуете в конкурсе";"1403428";"—"
"885";"6";"Электронное";"264.0";"81 97 84";"2.0";"Участвуете в конкурсе";"1913807";"—"
"886";"3";"—";"264.0";"78 93 91";"2.0";"Участвуете в конкурсе";"1693781";"—"
"887";"3";"Электронное";"264.0";"92 83 86";"3.0";"Участвуете в конкурсе";"1314299";"—"
"888";"6";"—";"264.0";"90 80 91";"3.0";"Участвуете в конкурсе";"1650782";"—"
"889";"9";"—";"264.0";"90 85 86";"3.0";"Участвуете в конкурсе";"2312773";"—"
"890";"5";"—";"264.0";"88 79 94";"3.0";"Участвуете в конкурсе";"2100834";"—"
"891";"8";"Электронное";"264.0";"86 84 91";"3.0";"Участвуете в конкурсе";"1507007";"—"
"892";"5";"—";"264.0";"86 84 91";"3.0";"Участвуете в конкурсе";"1499322";"—"
"893";"3";"—";"264.0";"86 92 83";"3.0";"Участвуете в конкурсе";"2001382";"—"
"894";"11";"—";"264.0";"84 88 89";"3.0";"Участвуете в конкурсе";"1799046";"—"
"895";"2";"—";"264.0";"84 88 89";"3.0";"Участвуете в конкурсе";"2318291";"—"
"896";"4";"—";"264.0";"81 91 89";"3.0";"Участвуете в конкурсе";"1511729";"—"
"897";"7";"—";"264.0";"78 89 94";"3.0";"Участвуете в конкурсе";"1184447";"—"
"898";"1";"—";"264.0";"78 89 94";"3.0";"Участвуете в конкурсе";"996561";"—"
"899";"1";"—";"264.0";"90 86 83";"5.0";"Участвуете в конкурсе";"2413492";"—"
"900";"3";"—";"264.0";"86 84 89";"5.0";"Участвуете в конкурсе";"2098464";"—"
"901";"1";"—";"264.0";"84 91 84";"5.0";"Участвуете в конкурсе";"1582663";"—"
"902";"3";"Электронное";"264.0";"78 92 89";"5.0";"Участвуете в конкурсе";"1255718";"—"
"903";"6";"—";"264.0";"77 91 91";"5.0";"Участвуете в конкурсе";"1747493";"—"
"904";"2";"—";"264.0";"76 89 94";"5.0";"Участвуете в конкурсе";"1520021";"—"
"905";"4";"Электронное";"264.0";"76 89 94";"5.0";"Участвуете в конкурсе";"1061060";"—"
"906";"2";"Электронное";"264.0";"83 96 75";"10.0";"Участвуете в конкурсе";"1480245";"—"
"907";"4";"—";"263.0";"92 88 83";"—";"Участвуете в конкурсе";"1171790";"—"
"908";"2";"—";"263.0";"90 84 89";"—";"Участвуете в конкурсе";"1549145";"—"
"909";"4";"—";"263.0";"84 90 89";"—";"Участвуете в конкурсе";"1724392";"—"
"910";"6";"—";"263.0";"82 81 100";"—";"Участвуете в конкурсе";"978930";"—"
"911";"2";"—";"263.0";"77 95 91";"—";"Участвуете в конкурсе";"1346573";"—"
"912";"5";"—";"263.0";"94 78 89";"2.0";"Участвуете в конкурсе";"1353689";"—"
"913";"3";"—";"263.0";"86 86 89";"2.0";"Участвуете в конкурсе";"1829631";"—"
"914";"8";"—";"263.0";"76 94 91";"2.0";"Участвуете в конкурсе";"1124098";"—"
"915";"1";"—";"263.0";"96 86 78";"3.0";"Участвуете в конкурсе";"977435";"—"
"916";"1";"—";"263.0";"96 86 78";"3.0";"Участвуете в конкурсе";"1648874";"—"
"917";"1";"—";"263.0";"94 88 78";"3.0";"Участвуете в конкурсе";"1405833";"—"
"918";"1";"—";"263.0";"92 77 91";"3.0";"Участвуете в конкурсе";"1347125";"—"
"919";"1";"—";"263.0";"92 82 86";"3.0";"Участвуете в конкурсе";"2265138";"—"
"920";"2";"—";"263.0";"90 81 89";"3.0";"Участвуете в конкурсе";"1159925";"—"
"921";"1";"—";"263.0";"88 86 86";"3.0";"Участвуете в конкурсе";"1492019";"—"
"922";"6";"—";"263.0";"88 94 78";"3.0";"Участвуете в конкурсе";"1256262";"—"
"923";"2";"—";"263.0";"86 85 89";"3.0";"Участвуете в конкурсе";"1440636";"—"
"924";"1";"—";"263.0";"84 82 94";"3.0";"Участвуете в конкурсе";"1190765";"—"
"925";"2";"—";"263.0";"84 87 89";"3.0";"Участвуете в конкурсе";"1440242";"—"
"926";"3";"—";"263.0";"81 85 94";"3.0";"Участвуете в конкурсе";"1266230";"—"
"927";"3";"—";"263.0";"80 91 89";"3.0";"Участвуете в конкурсе";"2046688";"—"
"928";"3";"—";"263.0";"77 83 100";"3.0";"Участвуете в конкурсе";"1584763";"—"
"929";"2";"Электронное";"263.0";"75 91 94";"3.0";"Участвуете в конкурсе";"1210760";"—"
"930";"3";"—";"263.0";"74 95 91";"3.0";"Участвуете в конкурсе";"2226178";"—"
"931";"3";"—";"263.0";"94 81 83";"5.0";"Участвуете в конкурсе";"1577639";"—"
"932";"3";"—";"263.0";"92 80 86";"5.0";"Участвуете в конкурсе";"1430971";"—"
"933";"15";"—";"263.0";"90 77 91";"5.0";"Участвуете в конкурсе";"948923";"—"
"934";"3";"—";"263.0";"90 82 86";"5.0";"Участвуете в конкурсе";"1345331";"—"
"935";"1";"Электронное";"263.0";"86 83 89";"5.0";"Участвуете в конкурсе";"1725762";"—"
"936";"1";"—";"263.0";"86 86 86";"5.0";"Участвуете в конкурсе";"1904306";"—"
"937";"3";"—";"263.0";"86 83 89";"5.0";"Участвуете в конкурсе";"1262036";"—"
"938";"4";"—";"263.0";"86 83 89";"5.0";"Участвуете в конкурсе";"1435083";"—"
"939";"2";"—";"263.0";"84 88 86";"5.0";"Участвуете в конкурсе";"1830259";"—"
"940";"3";"—";"263.0";"80 84 94";"5.0";"Участвуете в конкурсе";"1623469";"—"
"941";"3";"Электронное";"263.0";"82 83 91";"7.0";"Участвуете в конкурсе";"1630178";"—"
"942";"1";"—";"262.0";"98 78 86";"—";"Участвуете в конкурсе";"1427642";"—"
"943";"2";"—";"262.0";"96 75 91";"—";"Участвуете в конкурсе";"1366712";"—"
"944";"3";"—";"262.0";"96 83 83";"—";"Участвуете в конкурсе";"1439310";"—"
"945";"9";"Электронное";"262.0";"92 79 91";"—";"Участвуете в конкурсе";"1940965";"—"
"946";"1";"—";"262.0";"92 87 83";"—";"Участвуете в конкурсе";"2080582";"—"
"947";"2";"Электронное";"262.0";"90 78 94";"—";"Участвуете в конкурсе";"1616343";"—"
"948";"1";"—";"262.0";"88 88 86";"—";"Участвуете в конкурсе";"1204069";"—"
"949";"1";"—";"262.0";"84 92 86";"—";"Участвуете в конкурсе";"1435485";"—"
"950";"1";"—";"262.0";"82 91 89";"—";"Участвуете в конкурсе";"2150666";"—"
"951";"2";"—";"262.0";"81 81 100";"—";"Участвуете в конкурсе";"1478239";"—"
"952";"4";"—";"262.0";"76 97 89";"—";"Участвуете в конкурсе";"1794327";"—"
"953";"1";"—";"262.0";"90 81 89";"2.0";"Участвуете в конкурсе";"1265991";"—"
"954";"1";"—";"262.0";"80 89 91";"2.0";"Участвуете в конкурсе";"1654004";"—"
"955";"2";"—";"262.0";"88 88 83";"3.0";"Участвуете в конкурсе";"1582157";"—"
"956";"1";"—";"262.0";"84 81 94";"3.0";"Участвуете в конкурсе";"1503412";"—"
"957";"2";"—";"262.0";"84 81 94";"3.0";"Участвуете в конкурсе";"1951952";"—"
"958";"1";"—";"262.0";"79 91 89";"3.0";"Участвуете в конкурсе";"1988955";"—"
"959";"3";"—";"262.0";"90 89 78";"5.0";"Участвуете в конкурсе";"1260620";"—"
"960";"1";"Электронное";"262.0";"84 79 94";"5.0";"Участвуете в конкурсе";"1423070";"—"
"961";"8";"—";"262.0";"80 86 91";"5.0";"Участвуете в конкурсе";"1650429";"—"
"962";"1";"—";"262.0";"80 83 94";"5.0";"Участвуете в конкурсе";"1826140";"—"
"963";"2";"Электронное";"262.0";"77 89 91";"5.0";"Участвуете в конкурсе";"1287024";"—"
"964";"3";"—";"262.0";"77 91 89";"5.0";"Участвуете в конкурсе";"935140";"—"
"965";"7";"Электронное";"261.0";"100 78 83";"—";"Участвуете в конкурсе";"1194627";"—"
"966";"3";"—";"261.0";"90 82 89";"—";"Участвуете в конкурсе";"1198293";"—"
"967";"3";"Электронное";"261.0";"86 81 94";"—";"Участвуете в конкурсе";"1354807";"—"
"968";"17";"—";"261.0";"83 85 93";"—";"Участвуете в конкурсе";"2003999";"—"
"969";"7";"—";"261.0";"81 91 89";"—";"Участвуете в конкурсе";"1957781";"—"
"970";"1";"—";"261.0";"76 91 94";"—";"Участвуете в конкурсе";"1483446";"—"
"971";"1";"—";"261.0";"96 84 78";"3.0";"Участвуете в конкурсе";"1501578";"—"
"972";"1";"—";"261.0";"94 81 83";"3.0";"Участвуете в конкурсе";"1605019";"—"
"973";"3";"—";"261.0";"92 75 91";"3.0";"Участвуете в конкурсе";"1490722";"—"
"974";"1";"—";"261.0";"92 75 91";"3.0";"Участвуете в конкурсе";"1940616";"—"
"975";"3";"—";"261.0";"92 85 81";"3.0";"Участвуете в конкурсе";"2051550";"—"
"976";"2";"—";"261.0";"86 89 83";"3.0";"Участвуете в конкурсе";"1587517";"—"
"977";"5";"—";"261.0";"84 88 86";"3.0";"Участвуете в конкурсе";"1519991";"—"
"978";"1";"—";"261.0";"84 91 83";"3.0";"Участвуете в конкурсе";"2331651";"—"
"979";"9";"—";"261.0";"82 79 97";"3.0";"Участвуете в конкурсе";"1228015";"—"
"980";"4";"—";"261.0";"82 82 94";"3.0";"Участвуете в конкурсе";"1443649";"—"
"981";"1";"—";"261.0";"82 87 89";"3.0";"Участвуете в конкурсе";"1208328";"—"
"982";"1";"—";"261.0";"81 88 89";"3.0";"Участвуете в конкурсе";"1422939";"—"
"983";"3";"Электронное";"261.0";"80 94 84";"3.0";"Участвуете в конкурсе";"1493029";"—"
"984";"3";"—";"261.0";"78 91 89";"3.0";"Участвуете в конкурсе";"1486277";"—"
"985";"7";"—";"261.0";"76 85 97";"3.0";"Участвуете в конкурсе";"1257254";"—"
"986";"7";"—";"261.0";"75 97 86";"3.0";"Участвуете в конкурсе";"1656412";"—"
"987";"3";"—";"261.0";"74 90 94";"3.0";"Участвуете в конкурсе";"1072911";"—"
"988";"2";"—";"261.0";"90 72 94";"5.0";"Участвуете в конкурсе";"1645555";"—"
"989";"2";"—";"261.0";"86 95 75";"5.0";"Участвуете в конкурсе";"1246921";"—"
"990";"3";"—";"261.0";"84 81 91";"5.0";"Участвуете в конкурсе";"1290554";"—"
"991";"12";"—";"261.0";"84 78 94";"5.0";"Участвуете в конкурсе";"2315655";"—"
"992";"2";"—";"261.0";"82 88 86";"5.0";"Участвуете в конкурсе";"1501725";"—"
"993";"3";"—";"261.0";"78 94 84";"5.0";"Участвуете в конкурсе";"1384743";"—"
"994";"3";"—";"261.0";"75 95 86";"5.0";"Участвуете в конкурсе";"1250297";"—"
"995";"1";"—";"261.0";"84 73 94";"10.0";"Участвуете в конкурсе";"1455133";"—"
"996";"1";"—";"261.0";"84 89 78";"10.0";"Участвуете в конкурсе";"1316801";"—"
"997";"1";"—";"260.0";"92 85 83";"—";"Участвуете в конкурсе";"1194157";"—"
"998";"1";"—";"260.0";"92 85 83";"—";"Участвуете в конкурсе";"1520976";"—"
"999";"1";"—";"260.0";"90 73 97";"—";"Участвуете в конкурсе";"1254660";"—"
"1000";"1";"—";"260.0";"90 84 86";"—";"Участвуете в конкурсе";"1200409";"—"
"1001";"11";"Электронное";"260.0";"88 89 83";"—";"Участвуете в конкурсе";"2302596";"—"
"1002";"2";"Электронное";"260.0";"86 80 94";"—";"Участвуете в конкурсе";"1354633";"—"
"1003";"2";"—";"260.0";"86 85 89";"—";"Участвуете в конкурсе";"1215539";"—"
"1004";"5";"—";"260.0";"75 91 94";"—";"Участвуете в конкурсе";"2297451";"—"
"1005";"3";"—";"260.0";"84 83 91";"2.0";"Участвуете в конкурсе";"1356526";"—"
"1006";"1";"—";"260.0";"100 71 86";"3.0";"Участвуете в конкурсе";"2225196";"—"
"1007";"1";"—";"260.0";"96 70 91";"3.0";"Участвуете в конкурсе";"993431";"—"
"1008";"5";"—";"260.0";"94 74 89";"3.0";"Участвуете в конкурсе";"1625750";"—"
"1009";"1";"—";"260.0";"94 77 86";"3.0";"Участвуете в конкурсе";"1617173";"—"
"1010";"2";"—";"260.0";"90 73 94";"3.0";"Участвуете в конкурсе";"2078169";"—"
"1011";"1";"—";"260.0";"88 75 94";"3.0";"Участвуете в конкурсе";"1461922";"—"
"1012";"1";"—";"260.0";"89 87 81";"3.0";"Участвуете в конкурсе";"1209925";"—"
"1013";"3";"—";"260.0";"84 84 89";"3.0";"Участвуете в конкурсе";"1439168";"—"
"1014";"1";"—";"260.0";"84 84 89";"3.0";"Участвуете в конкурсе";"1248688";"—"
"1015";"1";"Электронное";"260.0";"82 94 81";"3.0";"Участвуете в конкурсе";"1681860";"—"
"1016";"3";"—";"260.0";"79 89 89";"3.0";"Участвуете в конкурсе";"1963478";"—"
"1017";"4";"—";"260.0";"74 94 89";"3.0";"Участвуете в конкурсе";"1516149";"—"
"1018";"4";"—";"260.0";"71 97 89";"3.0";"Участвуете в конкурсе";"1859190";"—"
"1019";"1";"—";"260.0";"88 78 89";"5.0";"Участвуете в конкурсе";"1516429";"—"
"1020";"1";"—";"260.0";"86 86 83";"5.0";"Участвуете в конкурсе";"2296693";"—"
"1021";"2";"—";"259.0";"96 66 97";"—";"Участвуете в конкурсе";"984645";"—"
"1022";"6";"—";"259.0";"84 84 91";"—";"Участвуете в конкурсе";"1175529";"—"
"1023";"4";"—";"259.0";"84 81 94";"—";"Участвуете в конкурсе";"1437305";"—"
"1024";"2";"—";"259.0";"82 83 94";"—";"Участвуете в конкурсе";"1730482";"—"
"1025";"1";"—";"259.0";"81 89 89";"—";"Участвуете в конкурсе";"2265871";"—"
"1026";"2";"—";"259.0";"79 91 89";"—";"Участвуете в конкурсе";"2227971";"—"
"1027";"1";"Электронное";"259.0";"90 75 91";"3.0";"Участвуете в конкурсе";"1365206";"—"
"1028";"2";"—";"259.0";"90 77 89";"3.0";"Участвуете в конкурсе";"1596047";"—"
"1029";"1";"—";"259.0";"90 77 89";"3.0";"Участвуете в конкурсе";"1480663";"—"
"1030";"2";"—";"259.0";"90 93 73";"3.0";"Участвуете в конкурсе";"2380396";"—"
"1031";"3";"—";"259.0";"86 81 89";"3.0";"Участвуете в конкурсе";"1194820";"—"
"1032";"1";"—";"259.0";"84 81 91";"3.0";"Участвуете в конкурсе";"1345844";"—"
"1033";"1";"—";"259.0";"84 83 89";"3.0";"Участвуете в конкурсе";"1420039";"—"
"1034";"2";"—";"259.0";"82 83 91";"3.0";"Участвуете в конкурсе";"1430819";"—"
"1035";"3";"—";"259.0";"81 91 84";"3.0";"Участвуете в конкурсе";"1202461";"—"
"1036";"6";"—";"259.0";"81 86 89";"3.0";"Участвуете в конкурсе";"1705516";"—"
"1037";"6";"—";"259.0";"80 93 83";"3.0";"Участвуете в конкурсе";"2055195";"—"
"1038";"1";"—";"259.0";"79 83 94";"3.0";"Участвуете в конкурсе";"1906937";"—"
"1039";"4";"—";"259.0";"77 93 86";"3.0";"Участвуете в конкурсе";"1805698";"—"
"1040";"1";"—";"259.0";"76 89 91";"3.0";"Участвуете в конкурсе";"1327326";"—"
"1041";"5";"—";"259.0";"92 76 86";"5.0";"Участвуете в конкурсе";"1465850";"—"
"1042";"5";"—";"259.0";"92 79 83";"5.0";"Участвуете в конкурсе";"1361933";"—"
"1043";"5";"Электронное";"259.0";"92 78 84";"5.0";"Участвуете в конкурсе";"2141934";"—"
"1044";"2";"—";"259.0";"90 89 75";"5.0";"Участвуете в конкурсе";"2005306";"—"
"1045";"1";"—";"259.0";"88 80 86";"5.0";"Участвуете в конкурсе";"1522345";"—"
"1046";"2";"—";"258.0";"95 78 85";"—";"Участвуете в конкурсе";"2416169";"—"
"1047";"1";"—";"258.0";"94 72 92";"—";"Участвуете в конкурсе";"1256081";"—"
"1048";"1";"—";"258.0";"92 86 80";"—";"Участвуете в конкурсе";"1951335";"—"
"1049";"1";"—";"258.0";"89 87 82";"—";"Участвуете в конкурсе";"1522815";"—"
"1050";"2";"—";"258.0";"88 79 91";"—";"Участвуете в конкурсе";"1843658";"—"
"1051";"8";"—";"258.0";"86 78 94";"—";"Участвуете в конкурсе";"1518291";"—"
"1052";"4";"Электронное";"258.0";"84 83 91";"—";"Участвуете в конкурсе";"2176717";"—"
"1053";"1";"—";"258.0";"75 89 94";"—";"Участвуете в конкурсе";"1195263";"—"
"1054";"6";"—";"258.0";"96 90 70";"2.0";"Участвуете в конкурсе";"1957077";"—"
"1055";"3";"—";"258.0";"94 89 73";"2.0";"Участвуете в конкурсе";"1610713";"—"
"1056";"1";"Электронное";"258.0";"88 85 83";"2.0";"Участвуете в конкурсе";"1431712";"—"
"1057";"2";"—";"258.0";"84 78 94";"2.0";"Участвуете в конкурсе";"1129856";"—"
"1058";"7";"—";"258.0";"80 82 94";"2.0";"Участвуете в конкурсе";"1389026";"—"
"1059";"6";"—";"258.0";"70 89 97";"2.0";"Участвуете в конкурсе";"1756942";"—"
"1060";"2";"—";"258.0";"94 83 78";"3.0";"Участвуете в конкурсе";"1438688";"—"
"1061";"3";"—";"258.0";"90 87 78";"3.0";"Участвуете в конкурсе";"1075866";"—"
"1062";"5";"—";"258.0";"88 86 81";"3.0";"Участвуете в конкурсе";"1291346";"—"
"1063";"2";"Электронное";"258.0";"84 85 86";"3.0";"Участвуете в конкурсе";"1278846";"—"
"1064";"3";"—";"258.0";"94 86 73";"5.0";"Участвуете в конкурсе";"1914417";"—"
"1065";"1";"—";"258.0";"94 81 78";"5.0";"Участвуете в конкурсе";"1041952";"—"
"1066";"6";"—";"258.0";"86 89 78";"5.0";"Участвуете в конкурсе";"1440062";"—"
"1067";"1";"—";"258.0";"84 88 81";"5.0";"Участвуете в конкурсе";"2052134";"—"
"1068";"3";"—";"258.0";"81 78 94";"5.0";"Участвуете в конкурсе";"1585757";"—"
"1069";"2";"—";"258.0";"77 90 86";"5.0";"Участвуете в конкурсе";"1908614";"—"
"1070";"3";"—";"257.0";"96 89 72";"—";"Участвуете в конкурсе";"1988256";"—"
"1071";"1";"—";"257.0";"94 77 86";"—";"Участвуете в конкурсе";"973401";"—"
"1072";"1";"—";"257.0";"92 81 84";"—";"Участвуете в конкурсе";"1770022";"—"
"1073";"2";"—";"257.0";"84 95 78";"—";"Участвуете в конкурсе";"1204481";"—"
"1074";"2";"Электронное";"257.0";"84 73 100";"—";"Участвуете в конкурсе";"1393233";"—"
"1075";"4";"—";"257.0";"80 83 94";"—";"Участвуете в конкурсе";"1263667";"—"
"1076";"1";"—";"257.0";"86 75 94";"2.0";"Участвуете в конкурсе";"1214689";"—"
"1077";"1";"—";"257.0";"81 93 81";"2.0";"Участвуете в конкурсе";"1445158";"—"
"1078";"3";"—";"257.0";"78 83 94";"2.0";"Участвуете в конкурсе";"1944623";"—"
"1079";"5";"—";"257.0";"96 80 78";"3.0";"Участвуете в конкурсе";"1631765";"—"
"1080";"3";"—";"257.0";"94 74 86";"3.0";"Участвуете в конкурсе";"1653090";"—"
"1081";"1";"—";"257.0";"92 76 86";"3.0";"Участвуете в конкурсе";"1609148";"—"
"1082";"1";"—";"257.0";"90 73 91";"3.0";"Участвуете в конкурсе";"1419361";"—"
"1083";"1";"—";"257.0";"90 86 78";"3.0";"Участвуете в конкурсе";"1732057";"—"
"1084";"3";"—";"257.0";"90 78 86";"3.0";"Участвуете в конкурсе";"1176249";"—"
"1085";"1";"Электронное";"257.0";"88 83 83";"3.0";"Участвуете в конкурсе";"1527513";"—"
"1086";"3";"—";"257.0";"84 86 84";"3.0";"Участвуете в конкурсе";"1194104";"—"
"1087";"1";"—";"257.0";"84 89 81";"3.0";"Участвуете в конкурсе";"1212844";"—"
"1088";"1";"Электронное";"257.0";"84 81 89";"3.0";"Участвуете в конкурсе";"1451034";"—"
"1089";"1";"—";"257.0";"82 83 89";"3.0";"Участвуете в конкурсе";"2413706";"—"
"1090";"1";"—";"257.0";"82 83 89";"3.0";"Участвуете в конкурсе";"1346566";"—"
"1091";"1";"—";"257.0";"79 81 94";"3.0";"Участвуете в конкурсе";"1960435";"—"
"1092";"3";"—";"257.0";"79 84 91";"3.0";"Участвуете в конкурсе";"1286010";"—"
"1093";"2";"—";"257.0";"77 88 89";"3.0";"Участвуете в конкурсе";"2416090";"—"
"1094";"1";"—";"257.0";"88 75 89";"5.0";"Участвуете в конкурсе";"1201481";"—"
"1095";"1";"—";"257.0";"79 73 100";"5.0";"Участвуете в конкурсе";"1608263";"—"
"1096";"3";"—";"257.0";"78 91 83";"5.0";"Участвуете в конкурсе";"1437355";"—"
"1097";"4";"—";"257.0";"86 75 86";"10.0";"Участвуете в конкурсе";"963455";"—"
"1098";"1";"—";"256.0";"94 79 83";"—";"Участвуете в конкурсе";"1287356";"—"
"1099";"4";"—";"256.0";"92 86 78";"—";"Участвуете в конкурсе";"1628428";"—"
"1100";"2";"—";"256.0";"90 75 91";"—";"Участвуете в конкурсе";"1440777";"—"
"1101";"1";"—";"256.0";"88 90 78";"—";"Участвуете в конкурсе";"974831";"—"
"1102";"2";"—";"256.0";"86 81 89";"—";"Участвуете в конкурсе";"1520799";"—"
"1103";"3";"—";"256.0";"81 75 100";"—";"Участвуете в конкурсе";"1199246";"—"
"1104";"1";"—";"256.0";"78 92 86";"—";"Участвуете в конкурсе";"1443229";"—"
"1105";"1";"—";"256.0";"77 88 91";"—";"Участвуете в конкурсе";"1644572";"—"
"1106";"3";"Электронное";"256.0";"84 81 89";"2.0";"Участвуете в конкурсе";"1356343";"—"
"1107";"1";"Электронное";"256.0";"84 81 89";"2.0";"Участвуете в конкурсе";"1275288";"—"
"1108";"1";"—";"256.0";"94 68 91";"3.0";"Участвуете в конкурсе";"1490532";"—"
"1109";"3";"Электронное";"256.0";"94 91 68";"3.0";"Участвуете в конкурсе";"1495612";"—"
"1110";"1";"—";"256.0";"75 92 86";"3.0";"Участвуете в конкурсе";"1517894";"—"
"1111";"1";"—";"256.0";"88 90 75";"3.0";"Участвуете в конкурсе";"2402203";"—"
"1112";"4";"—";"256.0";"86 78 89";"3.0";"Участвуете в конкурсе";"1996438";"—"
"1113";"5";"—";"256.0";"84 75 94";"3.0";"Участвуете в конкурсе";"1552357";"—"
"1114";"5";"—";"256.0";"81 89 83";"3.0";"Участвуете в конкурсе";"1730294";"—"
"1115";"1";"—";"256.0";"80 90 83";"3.0";"Участвуете в конкурсе";"2081876";"—"
"1116";"10";"—";"256.0";"78 97 78";"3.0";"Участвуете в конкурсе";"2226022";"—"
"1117";"3";"—";"256.0";"77 95 81";"3.0";"Участвуете в конкурсе";"1320242";"—"
"1118";"1";"—";"256.0";"75 89 89";"3.0";"Участвуете в конкурсе";"1916218";"—"
"1119";"1";"—";"256.0";"86 71 94";"5.0";"Участвуете в конкурсе";"1131491";"—"
"1120";"3";"—";"256.0";"84 81 86";"5.0";"Участвуете в конкурсе";"1423644";"—"
"1121";"1";"—";"256.0";"84 78 89";"5.0";"Участвуете в конкурсе";"1309781";"—"
"1122";"9";"—";"256.0";"83 79 89";"5.0";"Участвуете в конкурсе";"1510278";"—"
"1123";"4";"Электронное";"256.0";"77 77 97";"5.0";"Участвуете в конкурсе";"1746626";"—"
"1124";"1";"—";"255.0";"88 78 89";"—";"Участвуете в конкурсе";"1997838";"—"
"1125";"3";"—";"255.0";"86 83 86";"—";"Участвуете в конкурсе";"1443404";"—"
"1126";"2";"—";"255.0";"78 83 94";"—";"Участвуете в конкурсе";"1214308";"—"
"1127";"2";"—";"255.0";"84 91 78";"2.0";"Участвуете в конкурсе";"1584016";"—"
"1128";"5";"—";"255.0";"84 86 83";"2.0";"Участвуете в конкурсе";"1508406";"—"
"1129";"3";"—";"255.0";"80 90 83";"2.0";"Участвуете в конкурсе";"1404928";"—"
"1130";"4";"Электронное";"255.0";"78 94 81";"2.0";"Участвуете в конкурсе";"1027626";"—"
"1131";"1";"—";"255.0";"90 73 89";"3.0";"Участвуете в конкурсе";"1532316";"—"
"1132";"6";"—";"255.0";"84 87 81";"3.0";"Участвуете в конкурсе";"1488439";"—"
"1133";"9";"—";"255.0";"80 78 94";"3.0";"Участвуете в конкурсе";"1246986";"—"
"1134";"1";"—";"255.0";"78 85 89";"3.0";"Участвуете в конкурсе";"1211026";"—"
"1135";"4";"Электронное";"255.0";"78 88 86";"3.0";"Участвуете в конкурсе";"1856842";"—"
"1136";"3";"—";"255.0";"88 84 78";"5.0";"Участвуете в конкурсе";"1344848";"—"
"1137";"3";"—";"255.0";"80 87 83";"5.0";"Участвуете в конкурсе";"1898125";"—"
"1138";"3";"—";"255.0";"78 91 81";"5.0";"Участвуете в конкурсе";"1674275";"—"
"1139";"3";"—";"255.0";"75 100 75";"5.0";"Участвуете в конкурсе";"1903363";"—"
"1140";"1";"—";"255.0";"90 71 86";"8.0";"Участвуете в конкурсе";"2292282";"—"
"1141";"5";"Электронное";"254.0";"87 78 89";"—";"Участвуете в конкурсе";"2408535";"—"
"1142";"1";"—";"254.0";"82 91 81";"—";"Участвуете в конкурсе";"1242005";"—"
"1143";"4";"—";"254.0";"82 91 81";"—";"Участвуете в конкурсе";"1619508";"—"
"1144";"2";"—";"254.0";"80 80 94";"—";"Участвуете в конкурсе";"2415383";"—"
"1145";"6";"Электронное";"254.0";"76 89 89";"—";"Участвуете в конкурсе";"1824838";"—"
"1146";"5";"—";"254.0";"98 73 81";"2.0";"Участвуете в конкурсе";"2222594";"—"
"1147";"5";"—";"254.0";"88 75 89";"2.0";"Участвуете в конкурсе";"1912633";"—"
"1148";"1";"—";"254.0";"94 63 94";"3.0";"Участвуете в конкурсе";"1956203";"—"
"1149";"3";"Электронное";"254.0";"92 87 72";"3.0";"Участвуете в конкурсе";"1413446";"—"
"1150";"6";"Электронное";"254.0";"90 75 86";"3.0";"Участвуете в конкурсе";"1216124";"—"
"1151";"4";"—";"254.0";"90 78 83";"3.0";"Участвуете в конкурсе";"1514652";"—"
"1152";"3";"—";"254.0";"84 83 84";"3.0";"Участвуете в конкурсе";"1267687";"—"
"1153";"2";"—";"254.0";"81 92 78";"3.0";"Участвуете в конкурсе";"1709427";"—"
"1154";"1";"—";"254.0";"88 78 83";"5.0";"Участвуете в конкурсе";"1541371";"—"
"1155";"2";"—";"254.0";"84 79 86";"5.0";"Участвуете в конкурсе";"1900780";"—"
"1156";"1";"—";"254.0";"82 78 89";"5.0";"Участвуете в конкурсе";"1208531";"—"
"1157";"1";"—";"254.0";"81 85 83";"5.0";"Участвуете в конкурсе";"1596790";"—"
"1158";"4";"—";"254.0";"91 80 78";"5.0";"Участвуете в конкурсе";"1828770";"—"
"1159";"2";"—";"254.0";"77 89 83";"5.0";"Участвуете в конкурсе";"1597274";"—"
"1160";"3";"—";"253.0";"90 85 78";"—";"Участвуете в конкурсе";"1656220";"—"
"1161";"2";"—";"253.0";"86 89 78";"—";"Участвуете в конкурсе";"1656870";"—"
"1162";"1";"Электронное";"253.0";"81 83 89";"—";"Участвуете в конкурсе";"1905506";"—"
"1163";"2";"—";"253.0";"84 83 84";"2.0";"Участвуете в конкурсе";"1957149";"—"
"1164";"5";"—";"253.0";"90 71 89";"3.0";"Участвуете в конкурсе";"1425119";"—"
"1165";"4";"—";"253.0";"90 85 75";"3.0";"Участвуете в конкурсе";"1765845";"—"
"1166";"2";"—";"253.0";"90 91 69";"3.0";"Участвуете в конкурсе";"1511821";"—"
"1167";"3";"—";"253.0";"88 73 89";"3.0";"Участвуете в конкурсе";"1714250";"—"
"1168";"1";"—";"253.0";"88 76 86";"3.0";"Участвуете в конкурсе";"1640285";"—"
"1169";"2";"—";"253.0";"84 80 86";"3.0";"Участвуете в конкурсе";"1358740";"—"
"1170";"1";"—";"253.0";"82 77 91";"3.0";"Участвуете в конкурсе";"1199056";"—"
"1171";"7";"—";"253.0";"75 84 91";"3.0";"Участвуете в конкурсе";"1157705";"—"
"1172";"3";"—";"253.0";"75 81 94";"3.0";"Участвуете в конкурсе";"1908912";"—"
"1173";"2";"—";"253.0";"70 86 94";"3.0";"Участвуете в конкурсе";"1716063";"—"
"1174";"4";"—";"253.0";"70 86 94";"3.0";"Участвуете в конкурсе";"1192658";"—"
"1175";"7";"—";"253.0";"92 83 73";"5.0";"Участвуете в конкурсе";"1517424";"—"
"1176";"1";"—";"253.0";"84 75 89";"5.0";"Участвуете в конкурсе";"2212009";"—"
"1177";"1";"—";"252.0";"100 77 75";"—";"Участвуете в конкурсе";"2052349";"—"
"1178";"1";"—";"252.0";"96 78 78";"—";"Участвуете в конкурсе";"1517174";"—"
"1179";"2";"—";"252.0";"90 68 94";"—";"Участвуете в конкурсе";"1711408";"—"
"1180";"6";"—";"252.0";"88 81 83";"—";"Участвуете в конкурсе";"1290457";"—"
"1181";"5";"—";"252.0";"88 81 83";"—";"Участвуете в конкурсе";"1195503";"—"
"1182";"1";"—";"252.0";"88 75 89";"—";"Участвуете в конкурсе";"1798557";"—"
"1183";"1";"—";"252.0";"86 77 89";"—";"Участвуете в конкурсе";"2133865";"—"
"1184";"8";"—";"252.0";"84 74 94";"—";"Участвуете в конкурсе";"1131991";"—"
"1185";"1";"—";"252.0";"82 86 84";"—";"Участвуете в конкурсе";"1825792";"—"
"1186";"3";"Электронное";"252.0";"82 87 83";"—";"Участвуете в конкурсе";"1385628";"—"
"1187";"6";"—";"252.0";"79 87 86";"—";"Участвуете в конкурсе";"1421583";"—"
"1188";"1";"—";"252.0";"77 92 83";"—";"Участвуете в конкурсе";"1563411";"—"
"1189";"5";"—";"252.0";"74 95 83";"—";"Участвуете в конкурсе";"2341710";"—"
"1190";"2";"—";"252.0";"96 71 83";"2.0";"Участвуете в конкурсе";"2006528";"—"
"1191";"1";"—";"252.0";"92 72 86";"2.0";"Участвуете в конкурсе";"1573847";"—"
"1192";"3";"—";"252.0";"78 83 89";"2.0";"Участвуете в конкурсе";"1370782";"—"
"1193";"2";"—";"252.0";"98 73 78";"3.0";"Участвуете в конкурсе";"1514709";"—"
"1194";"8";"Электронное";"252.0";"96 75 78";"3.0";"Участвуете в конкурсе";"1859136";"—"
"1195";"1";"—";"252.0";"92 97 60";"3.0";"Участвуете в конкурсе";"1332576";"—"
"1196";"1";"—";"252.0";"90 73 86";"3.0";"Участвуете в конкурсе";"1494455";"—"
"1197";"1";"—";"252.0";"88 80 81";"3.0";"Участвуете в конкурсе";"1651006";"—"
"1198";"3";"—";"252.0";"86 72 91";"3.0";"Участвуете в конкурсе";"1285569";"—"
"1199";"5";"—";"252.0";"76 84 89";"3.0";"Участвуете в конкурсе";"1894170";"—"
"1200";"3";"Электронное";"252.0";"76 84 89";"3.0";"Участвуете в конкурсе";"1181098";"—"
"1201";"4";"—";"252.0";"75 80 94";"3.0";"Участвуете в конкурсе";"1030868";"—"
"1202";"1";"—";"252.0";"74 91 84";"3.0";"Участвуете в конкурсе";"1252643";"—"
"1203";"1";"Электронное";"252.0";"71 87 91";"3.0";"Участвуете в конкурсе";"1739197";"—"
"1204";"7";"—";"252.0";"94 67 86";"5.0";"Участвуете в конкурсе";"996391";"—"
"1205";"9";"—";"252.0";"86 75 81";"10.0";"Участвуете в конкурсе";"1478669";"—"
"1206";"1";"—";"251.0";"92 78 81";"—";"Участвуете в конкурсе";"1573139";"—"
"1207";"4";"—";"251.0";"92 78 81";"—";"Участвуете в конкурсе";"1280294";"—"
"1208";"2";"—";"251.0";"88 72 91";"—";"Участвуете в конкурсе";"1444165";"—"
"1209";"1";"—";"251.0";"88 90 73";"—";"Участвуете в конкурсе";"1214827";"—"
"1210";"2";"Электронное";"251.0";"85 85 81";"—";"Участвуете в конкурсе";"1292591";"—"
"1211";"2";"Электронное";"251.0";"81 79 91";"—";"Участвуете в конкурсе";"1796920";"—"
"1212";"5";"—";"251.0";"80 82 89";"—";"Участвуете в конкурсе";"1846517";"—"
"1213";"3";"Электронное";"251.0";"79 78 94";"—";"Участвуете в конкурсе";"1073667";"—"
"1214";"1";"—";"251.0";"77 83 91";"—";"Участвуете в конкурсе";"1833129";"—"
"1215";"2";"—";"251.0";"88 83 78";"2.0";"Участвуете в конкурсе";"1584502";"—"
"1216";"1";"—";"251.0";"98 67 83";"3.0";"Участвуете в конкурсе";"2311951";"—"
"1217";"1";"—";"251.0";"94 85 69";"3.0";"Участвуете в конкурсе";"1549075";"—"
"1218";"1";"—";"251.0";"92 78 78";"3.0";"Участвуете в конкурсе";"1139741";"—"
"1219";"2";"—";"251.0";"88 71 89";"3.0";"Участвуете в конкурсе";"1386771";"—"
"1220";"2";"—";"251.0";"80 71 97";"3.0";"Участвуете в конкурсе";"1794016";"—"
"1221";"4";"—";"251.0";"80 87 81";"3.0";"Участвуете в конкурсе";"1158293";"—"
"1222";"2";"—";"251.0";"77 85 86";"3.0";"Участвуете в конкурсе";"1604796";"—"
"1223";"4";"—";"251.0";"76 83 89";"3.0";"Участвуете в конкурсе";"1164007";"—"
"1224";"1";"Электронное";"251.0";"94 71 81";"5.0";"Участвуете в конкурсе";"1291099";"—"
"1225";"4";"—";"251.0";"84 71 91";"5.0";"Участвуете в конкурсе";"1394681";"—"
"1226";"2";"—";"251.0";"80 75 91";"5.0";"Участвуете в конкурсе";"1521372";"—"
"1227";"1";"—";"251.0";"78 85 83";"5.0";"Участвуете в конкурсе";"1214215";"—"
"1228";"7";"Электронное";"251.0";"78 93 75";"5.0";"Участвуете в конкурсе";"1492576";"—"
"1229";"5";"Электронное";"251.0";"76 86 84";"5.0";"Участвуете в конкурсе";"1516408";"—"
"1230";"2";"—";"251.0";"100 71 70";"10.0";"Участвуете в конкурсе";"2135514";"—"
"1231";"4";"—";"251.0";"86 74 81";"10.0";"Участвуете в конкурсе";"1262776";"—"
"1232";"1";"—";"250.0";"96 68 86";"—";"Участвуете в конкурсе";"1578201";"—"
"1233";"1";"Электронное";"250.0";"82 85 83";"—";"Участвуете в конкурсе";"1443570";"—"
"1234";"4";"—";"250.0";"80 87 83";"—";"Участвуете в конкурсе";"1968391";"—"
"1235";"4";"—";"250.0";"80 81 89";"—";"Участвуете в конкурсе";"1356906";"—"
"1236";"2";"—";"250.0";"98 77 73";"2.0";"Участвуете в конкурсе";"1204984";"—"
"1237";"3";"—";"250.0";"82 77 89";"2.0";"Участвуете в конкурсе";"1396673";"—"
"1238";"5";"—";"250.0";"81 78 89";"2.0";"Участвуете в конкурсе";"1729438";"—"
"1239";"1";"—";"250.0";"94 72 81";"3.0";"Участвуете в конкурсе";"1215399";"—"
"1240";"4";"Электронное";"250.0";"92 66 89";"3.0";"Участвуете в конкурсе";"1976949";"—"
"1241";"1";"—";"250.0";"88 73 86";"3.0";"Участвуете в конкурсе";"2212164";"—"
"1242";"1";"—";"250.0";"86 78 83";"3.0";"Участвуете в конкурсе";"1914887";"—"
"1243";"5";"—";"250.0";"84 72 91";"3.0";"Участвуете в конкурсе";"1577043";"—"
"1244";"5";"—";"250.0";"81 77 89";"3.0";"Участвуете в конкурсе";"2056220";"—"
"1245";"3";"—";"250.0";"80 78 89";"3.0";"Участвуете в конкурсе";"1686740";"—"
"1246";"1";"—";"250.0";"78 75 94";"3.0";"Участвуете в конкурсе";"1362209";"—"
"1247";"1";"—";"250.0";"73 91 83";"3.0";"Участвуете в конкурсе";"1206404";"—"
"1248";"3";"—";"250.0";"84 70 91";"5.0";"Участвуете в конкурсе";"1214243";"—"
"1249";"2";"—";"250.0";"82 77 86";"5.0";"Участвуете в конкурсе";"1213671";"—"
"1250";"2";"—";"250.0";"79 77 89";"5.0";"Участвуете в конкурсе";"2252916";"—"
"1251";"1";"Электронное";"249.0";"94 66 89";"—";"Участвуете в конкурсе";"2385141";"—"
"1252";"2";"—";"249.0";"88 78 83";"—";"Участвуете в конкурсе";"1213222";"—"
"1253";"1";"—";"249.0";"88 83 78";"—";"Участвуете в конкурсе";"1077774";"—"
"1254";"6";"—";"249.0";"90 87 72";"—";"Участвуете в конкурсе";"1676247";"—"
"1255";"5";"—";"249.0";"84 84 81";"—";"Участвуете в конкурсе";"1248177";"—"
"1256";"1";"—";"249.0";"77 81 91";"—";"Участвуете в конкурсе";"2393483";"—"
"1257";"5";"—";"249.0";"71 89 89";"—";"Участвуете в конкурсе";"1516541";"—"
"1258";"1";"—";"249.0";"100 83 63";"3.0";"Участвуете в конкурсе";"1786062";"—"
"1259";"1";"—";"249.0";"90 70 86";"3.0";"Участвуете в конкурсе";"1608036";"—"
"1260";"2";"—";"249.0";"88 77 81";"3.0";"Участвуете в конкурсе";"1548263";"—"
"1261";"1";"—";"249.0";"81 72 93";"3.0";"Участвуете в конкурсе";"2415650";"—"
"1262";"5";"—";"249.0";"81 79 86";"3.0";"Участвуете в конкурсе";"1766929";"—"
"1263";"1";"—";"249.0";"79 78 89";"3.0";"Участвуете в конкурсе";"1333677";"—"
"1264";"3";"—";"249.0";"78 87 81";"3.0";"Участвуете в конкурсе";"2143115";"—"
"1265";"3";"—";"249.0";"76 76 94";"3.0";"Участвуете в конкурсе";"974846";"—"
"1266";"2";"—";"249.0";"73 90 83";"3.0";"Участвуете в конкурсе";"1173394";"—"
"1267";"4";"—";"249.0";"82 73 89";"5.0";"Участвуете в конкурсе";"1728920";"—"
"1268";"2";"—";"249.0";"81 85 78";"5.0";"Участвуете в конкурсе";"1623436";"—"
"1269";"7";"—";"249.0";"78 75 91";"5.0";"Участвуете в конкурсе";"2005743";"—"
"1270";"6";"—";"249.0";"77 86 81";"5.0";"Участвуете в конкурсе";"1394491";"—"
"1271";"6";"—";"249.0";"85 76 83";"5.0";"Участвуете в конкурсе";"1486242";"—"
"1272";"5";"—";"249.0";"70 85 86";"8.0";"Участвуете в конкурсе";"1899222";"—"
"1273";"1";"—";"248.0";"96 80 72";"—";"Участвуете в конкурсе";"2224082";"—"
"1274";"1";"—";"248.0";"94 79 75";"—";"Участвуете в конкурсе";"1961822";"—"
"1275";"1";"—";"248.0";"91 84 73";"—";"Участвуете в конкурсе";"1521967";"—"
"1276";"1";"—";"248.0";"90 86 72";"—";"Участвуете в конкурсе";"2136303";"—"
"1277";"1";"—";"248.0";"86 68 94";"—";"Участвуете в конкурсе";"1619567";"—"
"1278";"2";"—";"248.0";"81 83 84";"—";"Участвуете в конкурсе";"1796984";"—"
"1279";"1";"Электронное";"248.0";"79 83 86";"—";"Участвуете в конкурсе";"1332768";"—"
"1280";"2";"—";"248.0";"92 81 73";"2.0";"Участвуете в конкурсе";"2274295";"—"
"1281";"2";"—";"248.0";"86 82 78";"2.0";"Участвуете в конкурсе";"1993455";"—"
"1282";"1";"—";"248.0";"94 73 78";"3.0";"Участвуете в конкурсе";"1209840";"—"
"1283";"3";"—";"248.0";"90 72 83";"3.0";"Участвуете в конкурсе";"1077807";"—"
"1284";"2";"—";"248.0";"86 76 83";"3.0";"Участвуете в конкурсе";"1285767";"—"
"1285";"6";"—";"248.0";"86 86 73";"3.0";"Участвуете в конкурсе";"1639426";"—"
"1286";"1";"—";"248.0";"82 66 97";"3.0";"Участвуете в конкурсе";"1242087";"—"
"1287";"1";"—";"248.0";"81 73 91";"3.0";"Участвуете в конкурсе";"1346308";"—"
"1288";"1";"—";"248.0";"81 91 73";"3.0";"Участвуете в конкурсе";"1583825";"—"
"1289";"4";"—";"248.0";"78 73 94";"3.0";"Участвуете в конкурсе";"1731351";"—"
"1290";"3";"—";"248.0";"74 85 86";"3.0";"Участвуете в конкурсе";"1728443";"—"
"1291";"8";"—";"248.0";"76 94 73";"5.0";"Участвуете в конкурсе";"2268175";"—"
"1292";"1";"Электронное";"247.0";"90 73 84";"—";"Участвуете в конкурсе";"2405336";"—"
"1293";"10";"Электронное";"247.0";"82 71 94";"—";"Участвуете в конкурсе";"1288838";"—"
"1294";"6";"—";"247.0";"81 80 86";"—";"Участвуете в конкурсе";"1267375";"—"
"1295";"3";"—";"247.0";"80 78 89";"—";"Участвуете в конкурсе";"1496348";"—"
"1296";"2";"Электронное";"247.0";"80 73 94";"—";"Участвуете в конкурсе";"1473370";"—"
"1297";"2";"—";"247.0";"77 81 89";"—";"Участвуете в конкурсе";"1510477";"—"
"1298";"1";"—";"247.0";"74 90 83";"—";"Участвуете в конкурсе";"1015581";"—"
"1299";"1";"—";"247.0";"92 71 81";"3.0";"Участвуете в конкурсе";"2196070";"—"
"1300";"3";"—";"247.0";"81 72 91";"3.0";"Участвуете в конкурсе";"1182024";"—"
"1301";"2";"—";"247.0";"81 80 83";"3.0";"Участвуете в конкурсе";"1774840";"—"
"1302";"1";"—";"247.0";"80 83 81";"3.0";"Участвуете в конкурсе";"1256429";"—"
"1303";"1";"—";"247.0";"78 75 91";"3.0";"Участвуете в конкурсе";"1875487";"—"
"1304";"2";"—";"247.0";"77 83 84";"3.0";"Участвуете в конкурсе";"1342803";"—"
"1305";"1";"—";"247.0";"76 79 89";"3.0";"Участвуете в конкурсе";"1356653";"—"
"1306";"1";"—";"246.0";"96 89 61";"—";"Участвуете в конкурсе";"1515909";"—"
"1307";"3";"—";"246.0";"96 88 62";"—";"Участвуете в конкурсе";"1292524";"—"
"1308";"3";"Электронное";"246.0";"88 83 75";"—";"Участвуете в конкурсе";"1647853";"—"
"1309";"2";"—";"246.0";"88 69 89";"—";"Участвуете в конкурсе";"1611149";"—"
"1310";"1";"—";"246.0";"88 92 66";"—";"Участвуете в конкурсе";"1157883";"—"
"1311";"4";"—";"246.0";"84 71 91";"—";"Участвуете в конкурсе";"1360373";"—"
"1312";"2";"—";"246.0";"84 81 81";"—";"Участвуете в конкурсе";"1248792";"—"
"1313";"11";"—";"246.0";"75 85 86";"—";"Участвуете в конкурсе";"1171014";"—"
"1314";"3";"—";"246.0";"74 78 94";"—";"Участвуете в конкурсе";"2309901";"—"
"1315";"3";"Электронное";"246.0";"73 92 81";"—";"Участвуете в конкурсе";"2258710";"—"
"1316";"4";"—";"246.0";"76 85 83";"2.0";"Участвуете в конкурсе";"1984535";"—"
"1317";"1";"—";"246.0";"84 79 81";"2.0";"Участвуете в конкурсе";"2133360";"—"
"1318";"7";"—";"246.0";"94 80 69";"3.0";"Участвуете в конкурсе";"1244396";"—"
"1319";"3";"Электронное";"246.0";"92 70 81";"3.0";"Участвуете в конкурсе";"1479820";"—"
"1320";"1";"—";"246.0";"92 73 78";"3.0";"Участвуете в конкурсе";"1348008";"—"
"1321";"1";"—";"246.0";"90 62 91";"3.0";"Участвуете в конкурсе";"1478018";"—"
"1322";"2";"—";"246.0";"90 81 72";"3.0";"Участвуете в конкурсе";"1582014";"—"
"1323";"1";"—";"246.0";"84 70 89";"3.0";"Участвуете в конкурсе";"1369778";"—"
"1324";"3";"—";"246.0";"84 75 84";"3.0";"Участвуете в конкурсе";"1438359";"—"
"1325";"3";"—";"246.0";"76 76 91";"3.0";"Участвуете в конкурсе";"1894413";"—"
"1326";"4";"—";"246.0";"74 75 94";"3.0";"Участвуете в конкурсе";"961840";"—"
"1327";"2";"—";"246.0";"94 64 83";"5.0";"Участвуете в конкурсе";"1769736";"—"
"1328";"4";"Электронное";"246.0";"82 68 91";"5.0";"Участвуете в конкурсе";"1645815";"—"
"1329";"4";"—";"245.0";"95 87 63";"—";"Участвуете в конкурсе";"1205890";"—"
"1330";"1";"—";"245.0";"88 71 86";"—";"Участвуете в конкурсе";"2182353";"—"
"1331";"1";"—";"245.0";"81 78 86";"—";"Участвуете в конкурсе";"1029627";"—"
"1332";"7";"—";"245.0";"75 81 89";"—";"Участвуете в конкурсе";"1026596";"—"
"1333";"1";"—";"245.0";"70 75 100";"—";"Участвуете в конкурсе";"1241064";"—"
"1334";"1";"—";"245.0";"92 76 75";"2.0";"Участвуете в конкурсе";"1653115";"—"
"1335";"6";"—";"245.0";"88 72 83";"2.0";"Участвуете в конкурсе";"1864470";"—"
"1336";"1";"—";"245.0";"82 83 78";"2.0";"Участвуете в конкурсе";"1626388";"—"
"1337";"2";"—";"245.0";"92 89 61";"3.0";"Участвуете в конкурсе";"1836748";"—"
"1338";"8";"—";"245.0";"88 81 73";"3.0";"Участвуете в конкурсе";"1596804";"—"
"1339";"1";"—";"245.0";"86 83 73";"3.0";"Участвуете в конкурсе";"1180573";"—"
"1340";"4";"—";"245.0";"84 64 94";"3.0";"Участвуете в конкурсе";"1413278";"—"
"1341";"4";"—";"245.0";"84 77 81";"3.0";"Участвуете в конкурсе";"2166306";"—"
"1342";"1";"—";"245.0";"80 68 94";"3.0";"Участвуете в конкурсе";"2130537";"—"
"1343";"2";"—";"245.0";"80 76 86";"3.0";"Участвуете в конкурсе";"975118";"—"
"1344";"1";"—";"245.0";"78 81 83";"3.0";"Участвуете в конкурсе";"1995204";"—"
"1345";"5";"—";"245.0";"78 75 89";"3.0";"Участвуете в конкурсе";"1352177";"—"
"1346";"1";"—";"245.0";"75 78 89";"3.0";"Участвуете в конкурсе";"1732195";"—"
"1347";"4";"—";"245.0";"75 79 86";"5.0";"Участвуете в конкурсе";"1794532";"—"
"1348";"1";"—";"244.0";"92 71 81";"—";"Участвуете в конкурсе";"2368861";"—"
"1349";"1";"—";"244.0";"90 68 86";"—";"Участвуете в конкурсе";"1679719";"—"
"1350";"2";"—";"244.0";"84 79 81";"—";"Участвуете в конкурсе";"1900613";"—"
"1351";"2";"—";"244.0";"77 89 78";"—";"Участвуете в конкурсе";"1136282";"—"
"1352";"1";"—";"244.0";"77 83 84";"—";"Участвуете в конкурсе";"1501059";"—"
"1353";"4";"—";"244.0";"76 85 83";"—";"Участвуете в конкурсе";"2308758";"—"
"1354";"2";"—";"244.0";"76 93 73";"2.0";"Участвуете в конкурсе";"2250744";"—"
"1355";"4";"—";"244.0";"84 68 89";"3.0";"Участвуете в конкурсе";"1651715";"—"
"1356";"1";"—";"244.0";"82 75 84";"3.0";"Участвуете в конкурсе";"1772743";"—"
"1357";"6";"—";"244.0";"81 71 89";"3.0";"Участвуете в конкурсе";"1444622";"—"
"1358";"1";"—";"244.0";"81 74 86";"3.0";"Участвуете в конкурсе";"1185641";"—"
"1359";"5";"—";"244.0";"92 64 83";"5.0";"Участвуете в конкурсе";"1937221";"—"
"1360";"4";"—";"244.0";"78 76 81";"9.0";"Участвуете в конкурсе";"1200712";"—"
"1361";"2";"—";"243.0";"88 64 91";"—";"Участвуете в конкурсе";"2363684";"—"
"1362";"1";"—";"243.0";"79 81 83";"—";"Участвуете в конкурсе";"2002593";"—"
"1363";"3";"—";"243.0";"76 78 89";"—";"Участвуете в конкурсе";"993393";"—"
"1364";"5";"—";"243.0";"73 81 89";"—";"Участвуете в конкурсе";"1627192";"—"
"1365";"3";"—";"243.0";"71 83 89";"—";"Участвуете в конкурсе";"1496096";"—"
"1366";"2";"—";"243.0";"88 78 75";"2.0";"Участвуете в конкурсе";"1189692";"—"
"1367";"1";"—";"243.0";"77 75 89";"2.0";"Участвуете в конкурсе";"1916061";"—"
"1368";"3";"Электронное";"243.0";"88 80 72";"3.0";"Участвуете в конкурсе";"1444678";"—"
"1369";"1";"—";"243.0";"82 77 81";"3.0";"Участвуете в конкурсе";"1267830";"—"
"1370";"6";"—";"243.0";"81 76 83";"3.0";"Участвуете в конкурсе";"1425570";"—"
"1371";"1";"—";"243.0";"80 85 75";"3.0";"Участвуете в конкурсе";"1289501";"—"
"1372";"2";"Электронное";"243.0";"79 75 86";"3.0";"Участвуете в конкурсе";"1612424";"—"
"1373";"3";"—";"243.0";"78 78 84";"3.0";"Участвуете в конкурсе";"1995113";"—"
"1374";"3";"—";"243.0";"76 83 81";"3.0";"Участвуете в конкурсе";"1514570";"—"
"1375";"1";"—";"243.0";"73 89 78";"3.0";"Участвуете в конкурсе";"1721192";"—"
"1376";"2";"—";"243.0";"92 68 78";"5.0";"Участвуете в конкурсе";"1845560";"—"
"1377";"3";"—";"243.0";"82 70 86";"5.0";"Участвуете в конкурсе";"1993405";"—"
"1378";"6";"—";"243.0";"77 72 89";"5.0";"Участвуете в конкурсе";"1838331";"—"
"1379";"4";"—";"242.0";"88 76 78";"—";"Участвуете в конкурсе";"2269287";"—"
"1380";"1";"—";"242.0";"81 75 86";"—";"Участвуете в конкурсе";"1570031";"—"
"1381";"2";"—";"242.0";"79 80 83";"—";"Участвуете в конкурсе";"1211170";"—"
"1382";"4";"Электронное";"242.0";"79 82 81";"—";"Участвуете в конкурсе";"983081";"—"
"1383";"2";"—";"242.0";"78 70 94";"—";"Участвуете в конкурсе";"1366450";"—"
"1384";"2";"—";"242.0";"76 77 89";"—";"Участвуете в конкурсе";"1425532";"—"
"1385";"2";"Электронное";"242.0";"90 64 86";"2.0";"Участвуете в конкурсе";"1703482";"—"
"1386";"5";"—";"242.0";"84 81 75";"2.0";"Участвуете в конкурсе";"2028687";"—"
"1387";"4";"—";"242.0";"82 80 78";"2.0";"Участвуете в конкурсе";"1198920";"—"
"1388";"6";"—";"242.0";"80 79 81";"2.0";"Участвуете в конкурсе";"1186908";"—"
"1389";"9";"—";"242.0";"74 72 94";"2.0";"Участвуете в конкурсе";"1763813";"—"
"1390";"1";"—";"242.0";"94 70 75";"3.0";"Участвуете в конкурсе";"1792245";"—"
"1391";"1";"—";"242.0";"90 76 73";"3.0";"Участвуете в конкурсе";"1281655";"—"
"1392";"2";"—";"242.0";"86 70 83";"3.0";"Участвуете в конкурсе";"1212201";"—"
"1393";"3";"—";"242.0";"82 68 89";"3.0";"Участвуете в конкурсе";"1584518";"—"
"1394";"1";"—";"242.0";"80 81 78";"3.0";"Участвуете в конкурсе";"2085595";"—"
"1395";"5";"Электронное";"242.0";"80 81 78";"3.0";"Участвуете в конкурсе";"1847961";"—"
"1396";"2";"—";"242.0";"79 71 89";"3.0";"Участвуете в конкурсе";"1855184";"—"
"1397";"5";"—";"242.0";"75 70 94";"3.0";"Участвуете в конкурсе";"1579651";"—"
"1398";"3";"—";"242.0";"74 79 86";"3.0";"Участвуете в конкурсе";"1092483";"—"
"1399";"4";"—";"242.0";"74 81 84";"3.0";"Участвуете в конкурсе";"1613722";"—"
"1400";"2";"—";"242.0";"81 83 68";"10.0";"Участвуете в конкурсе";"1574673";"—"
"1401";"3";"—";"241.0";"96 62 83";"—";"Участвуете в конкурсе";"2268254";"—"
"1402";"7";"Электронное";"241.0";"88 67 86";"—";"Участвуете в конкурсе";"1515974";"—"
"1403";"1";"—";"241.0";"86 72 83";"—";"Участвуете в конкурсе";"2408607";"—"
"1404";"2";"—";"241.0";"86 77 78";"—";"Участвуете в конкурсе";"1354257";"—"
"1405";"1";"—";"241.0";"84 68 89";"—";"Участвуете в конкурсе";"1637656";"—"
"1406";"3";"—";"241.0";"81 87 73";"—";"Участвуете в конкурсе";"1941139";"—"
"1407";"1";"—";"241.0";"80 89 72";"—";"Участвуете в конкурсе";"1439055";"—"
"1408";"3";"—";"241.0";"79 89 73";"—";"Участвуете в конкурсе";"1844261";"—"
"1409";"5";"—";"241.0";"79 81 81";"—";"Участвуете в конкурсе";"1337665";"—"
"1410";"4";"—";"241.0";"79 73 89";"—";"Участвуете в конкурсе";"1562573";"—"
"1411";"1";"—";"241.0";"77 73 91";"—";"Участвуете в конкурсе";"1510946";"—"
"1412";"3";"—";"241.0";"75 88 78";"—";"Участвуете в конкурсе";"1725871";"—"
"1413";"1";"—";"241.0";"75 72 94";"—";"Участвуете в конкурсе";"1754759";"—"
"1414";"1";"—";"241.0";"74 81 86";"—";"Участвуете в конкурсе";"1628270";"—"
"1415";"1";"—";"241.0";"94 70 75";"2.0";"Участвуете в конкурсе";"1961987";"—"
"1416";"1";"—";"241.0";"86 67 86";"2.0";"Участвуете в конкурсе";"1312381";"—"
"1417";"2";"—";"241.0";"77 73 89";"2.0";"Участвуете в конкурсе";"1374344";"—"
"1418";"3";"—";"241.0";"96 72 70";"3.0";"Участвуете в конкурсе";"2328225";"—"
"1419";"3";"Электронное";"241.0";"92 78 68";"3.0";"Участвуете в конкурсе";"1884726";"—"
"1420";"1";"—";"241.0";"82 78 78";"3.0";"Участвуете в конкурсе";"1164292";"—"
"1421";"1";"—";"241.0";"82 78 78";"3.0";"Участвуете в конкурсе";"2088499";"—"
"1422";"6";"—";"241.0";"79 86 73";"3.0";"Участвуете в конкурсе";"2030425";"—"
"1423";"4";"—";"241.0";"78 79 81";"3.0";"Участвуете в конкурсе";"1794335";"—"
"1424";"5";"—";"241.0";"94 70 72";"5.0";"Участвуете в конкурсе";"2056643";"—"
"1425";"3";"—";"241.0";"77 86 73";"5.0";"Участвуете в конкурсе";"1963775";"—"
"1426";"5";"—";"241.0";"80 73 83";"5.0";"Участвуете в конкурсе";"1832748";"—"
"1427";"2";"—";"240.0";"84 70 86";"—";"Участвуете в конкурсе";"2313629";"—"
"1428";"3";"—";"240.0";"84 75 81";"—";"Участвуете в конкурсе";"1273428";"—"
"1429";"4";"—";"240.0";"84 72 84";"—";"Участвуете в конкурсе";"1215922";"—"
"1430";"3";"—";"240.0";"81 73 86";"—";"Участвуете в конкурсе";"1642637";"—"
"1431";"4";"—";"240.0";"75 79 86";"—";"Участвуете в конкурсе";"1644590";"—"
"1432";"4";"—";"240.0";"73 78 89";"—";"Участвуете в конкурсе";"1404947";"—"
"1433";"7";"Электронное";"240.0";"70 86 84";"—";"Участвуете в конкурсе";"1723370";"—"
"1434";"2";"—";"240.0";"76 79 83";"2.0";"Участвуете в конкурсе";"1628155";"—"
"1435";"6";"—";"240.0";"74 86 78";"2.0";"Участвуете в конкурсе";"2047104";"—"
"1436";"1";"—";"240.0";"94 68 75";"3.0";"Участвуете в конкурсе";"1484524";"—"
"1437";"3";"—";"240.0";"90 72 75";"3.0";"Участвуете в конкурсе";"1512831";"—"
"1438";"1";"—";"240.0";"81 70 86";"3.0";"Участвуете в конкурсе";"1288261";"—"
"1439";"6";"Электронное";"240.0";"80 74 83";"3.0";"Участвуете в конкурсе";"1330168";"—"
"1440";"2";"—";"240.0";"76 64 97";"3.0";"Участвуете в конкурсе";"1843175";"—"
"1441";"9";"—";"240.0";"79 73 83";"5.0";"Участвуете в конкурсе";"2148623";"—"
"1442";"7";"—";"240.0";"74 95 66";"5.0";"Участвуете в конкурсе";"1431857";"—"
"1443";"3";"—";"240.0";"70 87 78";"5.0";"Участвуете в конкурсе";"1150150";"—"
"1444";"1";"—";"239.0";"86 75 78";"—";"Участвуете в конкурсе";"1216350";"—"
"1445";"1";"—";"239.0";"85 94 60";"—";"Участвуете в конкурсе";"2416750";"—"
"1446";"1";"—";"239.0";"80 73 86";"—";"Участвуете в конкурсе";"1349572";"—"
"1447";"5";"—";"239.0";"70 88 81";"—";"Участвуете в конкурсе";"2425493";"—"
"1448";"1";"—";"239.0";"84 75 78";"2.0";"Участвуете в конкурсе";"1419390";"—"
"1449";"5";"—";"239.0";"81 84 72";"2.0";"Участвуете в конкурсе";"968636";"—"
"1450";"1";"—";"239.0";"79 67 91";"2.0";"Участвуете в конкурсе";"1517330";"—"
"1451";"2";"—";"239.0";"76 72 89";"2.0";"Участвуете в конкурсе";"1209958";"—"
"1452";"1";"—";"239.0";"71 72 94";"2.0";"Участвуете в конкурсе";"979864";"—"
"1453";"1";"—";"239.0";"92 81 63";"3.0";"Участвуете в конкурсе";"2070990";"—"
"1454";"1";"—";"239.0";"90 76 70";"3.0";"Участвуете в конкурсе";"1785729";"—"
"1455";"5";"—";"239.0";"84 74 78";"3.0";"Участвуете в конкурсе";"1241942";"—"
"1456";"2";"—";"239.0";"82 76 78";"3.0";"Участвуете в конкурсе";"1365159";"—"
"1457";"3";"Электронное";"239.0";"82 76 78";"3.0";"Участвуете в конкурсе";"1790996";"—"
"1458";"1";"—";"239.0";"81 86 69";"3.0";"Участвуете в конкурсе";"1981179";"—"
"1459";"6";"Электронное";"239.0";"74 89 73";"3.0";"Участвуете в конкурсе";"2101347";"—"
"1460";"1";"—";"239.0";"92 67 75";"5.0";"Участвуете в конкурсе";"1331715";"—"
"1461";"8";"—";"239.0";"77 79 78";"5.0";"Участвуете в конкурсе";"1489668";"—"
"1462";"3";"Электронное";"238.0";"92 71 75";"—";"Участвуете в конкурсе";"2191996";"—"
"1463";"6";"—";"238.0";"90 79 69";"—";"Участвуете в конкурсе";"1362457";"—"
"1464";"1";"—";"238.0";"86 71 81";"—";"Участвуете в конкурсе";"1494269";"—"
"1465";"6";"—";"238.0";"84 82 72";"—";"Участвуете в конкурсе";"1561378";"—"
"1466";"6";"—";"238.0";"82 75 81";"—";"Участвуете в конкурсе";"1941457";"—"
"1467";"1";"—";"238.0";"79 73 86";"—";"Участвуете в конкурсе";"1430041";"—"
"1468";"4";"—";"238.0";"74 78 84";"2.0";"Участвуете в конкурсе";"1181573";"—"
"1469";"2";"—";"238.0";"86 74 75";"3.0";"Участвуете в конкурсе";"1248873";"—"
"1470";"4";"—";"238.0";"84 68 83";"3.0";"Участвуете в конкурсе";"1284987";"—"
"1471";"2";"—";"238.0";"84 68 83";"3.0";"Участвуете в конкурсе";"1654191";"—"
"1472";"4";"—";"238.0";"79 75 81";"3.0";"Участвуете в конкурсе";"1252540";"—"
"1473";"3";"—";"238.0";"77 83 73";"5.0";"Участвуете в конкурсе";"2087752";"—"
"1474";"1";"—";"237.0";"88 66 83";"—";"Участвуете в конкурсе";"1997586";"—"
"1475";"10";"—";"237.0";"86 68 83";"—";"Участвуете в конкурсе";"1896997";"—"
"1476";"1";"—";"237.0";"84 70 83";"—";"Участвуете в конкурсе";"1241577";"—"
"1477";"3";"—";"237.0";"82 72 83";"—";"Участвуете в конкурсе";"1283858";"—"
"1478";"3";"—";"237.0";"80 68 89";"—";"Участвуете в конкурсе";"1498890";"—"
"1479";"3";"—";"237.0";"73 83 81";"—";"Участвуете в конкурсе";"1410495";"—"
"1480";"6";"—";"237.0";"78 70 89";"—";"Участвуете в конкурсе";"1296196";"—"
"1481";"3";"—";"237.0";"88 73 73";"3.0";"Участвуете в конкурсе";"1354657";"—"
"1482";"1";"—";"237.0";"81 67 86";"3.0";"Участвуете в конкурсе";"1284255";"—"
"1483";"1";"—";"237.0";"79 64 91";"3.0";"Участвуете в конкурсе";"1204672";"—"
"1484";"1";"—";"237.0";"77 79 78";"3.0";"Участвуете в конкурсе";"1772262";"—"
"1485";"8";"—";"237.0";"73 72 89";"3.0";"Участвуете в конкурсе";"1559558";"—"
"1486";"4";"Электронное";"237.0";"84 76 72";"5.0";"Участвуете в конкурсе";"1636942";"—"
"1487";"2";"—";"237.0";"81 70 81";"5.0";"Участвуете в конкурсе";"1604284";"—"
"1488";"4";"—";"237.0";"78 71 83";"5.0";"Участвуете в конкурсе";"1177027";"—"
"1489";"2";"—";"237.0";"76 72 84";"5.0";"Участвуете в конкурсе";"1728745";"—"
"1490";"1";"—";"236.0";"94 64 78";"—";"Участвуете в конкурсе";"2271524";"—"
"1491";"4";"—";"236.0";"82 70 84";"—";"Участвуете в конкурсе";"1173544";"—"
"1492";"1";"—";"236.0";"81 66 89";"—";"Участвуете в конкурсе";"1706288";"—"
"1493";"4";"—";"236.0";"80 72 84";"—";"Участвуете в конкурсе";"1263768";"—"
"1494";"3";"—";"236.0";"78 72 86";"—";"Участвуете в конкурсе";"2134714";"—"
"1495";"4";"Электронное";"236.0";"77 77 82";"—";"Участвуете в конкурсе";"978238";"—"
"1496";"6";"—";"236.0";"74 78 84";"—";"Участвуете в конкурсе";"1041573";"—"
"1497";"2";"—";"236.0";"82 74 78";"2.0";"Участвуете в конкурсе";"1207291";"—"
"1498";"3";"—";"236.0";"78 83 73";"2.0";"Участвуете в конкурсе";"1430879";"—"
"1499";"1";"—";"236.0";"76 72 86";"2.0";"Участвуете в конкурсе";"2376105";"—"
"1500";"14";"—";"236.0";"88 70 75";"3.0";"Участвуете в конкурсе";"1812960";"—"
"1501";"1";"—";"236.0";"86 66 81";"3.0";"Участвуете в конкурсе";"1409405";"—"
"1502";"2";"—";"236.0";"84 77 72";"3.0";"Участвуете в конкурсе";"1636346";"—"
"1503";"1";"—";"236.0";"82 78 73";"3.0";"Участвуете в конкурсе";"2416058";"—"
"1504";"1";"—";"236.0";"80 67 86";"3.0";"Участвуете в конкурсе";"1608523";"—"
"1505";"2";"—";"236.0";"79 86 68";"3.0";"Участвуете в конкурсе";"1784864";"—"
"1506";"2";"—";"236.0";"77 78 78";"3.0";"Участвуете в конкурсе";"1395182";"—"
"1507";"1";"Электронное";"236.0";"77 78 78";"3.0";"Участвуете в конкурсе";"1472842";"—"
"1508";"3";"—";"236.0";"77 86 68";"5.0";"Участвуете в конкурсе";"2076465";"—"
"1509";"2";"—";"235.0";"86 74 75";"—";"Участвуете в конкурсе";"2001722";"—"
"1510";"4";"—";"235.0";"75 79 81";"—";"Участвуете в конкурсе";"1524675";"—"
"1511";"1";"—";"235.0";"74 93 66";"2.0";"Участвуете в конкурсе";"1331632";"—"
"1512";"6";"—";"235.0";"73 88 72";"2.0";"Участвуете в конкурсе";"1634796";"—"
"1513";"3";"—";"235.0";"84 73 75";"3.0";"Участвуете в конкурсе";"1730146";"—"
"1514";"2";"—";"235.0";"79 62 91";"3.0";"Участвуете в конкурсе";"1267542";"—"
"1515";"2";"Электронное";"235.0";"78 71 83";"3.0";"Участвуете в конкурсе";"2224108";"—"
"1516";"1";"Электронное";"235.0";"71 75 86";"3.0";"Участвуете в конкурсе";"1209588";"—"
"1517";"1";"—";"235.0";"77 75 78";"5.0";"Участвуете в конкурсе";"1494113";"—"
"1518";"2";"—";"234.0";"81 70 83";"—";"Участвуете в конкурсе";"1209494";"—"
"1519";"6";"—";"234.0";"79 64 91";"—";"Участвуете в конкурсе";"2252541";"—"
"1520";"1";"—";"234.0";"78 70 86";"—";"Участвуете в конкурсе";"1605861";"—"
"1521";"1";"—";"234.0";"76 69 89";"—";"Участвуете в конкурсе";"1203860";"—"
"1522";"3";"—";"234.0";"75 70 89";"—";"Участвуете в конкурсе";"1897974";"—"
"1523";"2";"—";"234.0";"73 70 91";"—";"Участвуете в конкурсе";"1317241";"—"
"1524";"3";"—";"234.0";"71 69 94";"—";"Участвуете в конкурсе";"1255071";"—"
"1525";"1";"—";"234.0";"88 66 78";"2.0";"Участвуете в конкурсе";"1520766";"—"
"1526";"1";"—";"234.0";"80 66 86";"2.0";"Участвуете в конкурсе";"1596004";"—"
"1527";"3";"—";"234.0";"76 84 72";"2.0";"Участвуете в конкурсе";"1405159";"—"
"1528";"1";"Электронное";"234.0";"96 62 73";"3.0";"Участвуете в конкурсе";"1552237";"—"
"1529";"2";"—";"234.0";"86 64 81";"3.0";"Участвуете в конкурсе";"2272695";"—"
"1530";"2";"—";"234.0";"82 66 83";"3.0";"Участвуете в конкурсе";"1712185";"—"
"1531";"2";"—";"234.0";"81 80 70";"3.0";"Участвуете в конкурсе";"1198626";"—"
"1532";"5";"—";"234.0";"80 70 81";"3.0";"Участвуете в конкурсе";"1855481";"—"
"1533";"1";"—";"234.0";"78 80 73";"3.0";"Участвуете в конкурсе";"1411791";"—"
"1534";"3";"—";"234.0";"78 69 84";"3.0";"Участвуете в конкурсе";"1139207";"—"
"1535";"5";"—";"233.0";"94 67 72";"—";"Участвуете в конкурсе";"1375019";"—"
"1536";"1";"—";"233.0";"94 70 69";"—";"Участвуете в конкурсе";"1830576";"—"
"1537";"1";"—";"233.0";"92 63 78";"—";"Участвуете в конкурсе";"1342474";"—"
"1538";"1";"—";"233.0";"90 73 70";"—";"Участвуете в конкурсе";"1425015";"—"
"1539";"1";"—";"233.0";"86 66 81";"—";"Участвуете в конкурсе";"1722542";"—"
"1540";"4";"—";"233.0";"84 66 83";"—";"Участвуете в конкурсе";"1956738";"—"
"1541";"3";"—";"233.0";"80 64 89";"—";"Участвуете в конкурсе";"1963950";"—"
"1542";"1";"Электронное";"233.0";"79 71 83";"—";"Участвуете в конкурсе";"1427410";"—"
"1543";"3";"—";"233.0";"79 70 84";"—";"Участвуете в конкурсе";"1939552";"—"
"1544";"3";"—";"233.0";"74 91 68";"—";"Участвуете в конкурсе";"1386647";"—"
"1545";"5";"—";"233.0";"74 81 78";"—";"Участвуете в конкурсе";"2244792";"—"
"1546";"1";"—";"233.0";"82 71 78";"2.0";"Участвуете в конкурсе";"1445981";"—"
"1547";"5";"—";"233.0";"84 83 63";"3.0";"Участвуете в конкурсе";"1215216";"—"
"1548";"1";"—";"233.0";"78 66 86";"3.0";"Участвуете в конкурсе";"1512374";"—"
"1549";"2";"Электронное";"233.0";"76 79 75";"3.0";"Участвуете в конкурсе";"2054965";"—"
"1550";"2";"—";"233.0";"84 71 73";"5.0";"Участвуете в конкурсе";"1480228";"—"
"1551";"2";"—";"233.0";"75 78 75";"5.0";"Участвуете в конкурсе";"1850822";"—"
"1552";"1";"—";"232.0";"81 73 78";"—";"Участвуете в конкурсе";"1209446";"—"
"1553";"4";"—";"232.0";"77 80 75";"—";"Участвуете в конкурсе";"1252141";"—"
"1554";"3";"—";"232.0";"76 78 78";"—";"Участвуете в конкурсе";"1653890";"—"
"1555";"2";"—";"232.0";"73 70 89";"—";"Участвуете в конкурсе";"2326920";"—"
"1556";"3";"—";"232.0";"82 78 70";"2.0";"Участвуете в конкурсе";"1274256";"—"
"1557";"7";"—";"232.0";"79 82 69";"2.0";"Участвуете в конкурсе";"1268551";"—"
"1558";"2";"Электронное";"232.0";"77 75 78";"2.0";"Участвуете в конкурсе";"1904376";"—"
"1559";"2";"—";"232.0";"77 78 75";"2.0";"Участвуете в конкурсе";"1213077";"—"
"1560";"1";"—";"232.0";"81 70 78";"3.0";"Участвуете в конкурсе";"1514071";"—"
"1561";"1";"Электронное";"232.0";"80 66 83";"3.0";"Участвуете в конкурсе";"1324488";"—"
"1562";"1";"—";"232.0";"79 72 78";"3.0";"Участвуете в конкурсе";"1839632";"—"
"1563";"3";"—";"232.0";"79 75 75";"3.0";"Участвуете в конкурсе";"2416709";"—"
"1564";"1";"—";"232.0";"79 67 81";"5.0";"Участвуете в конкурсе";"1909448";"—"
"1565";"2";"—";"231.0";"90 66 75";"—";"Участвуете в конкурсе";"2285221";"—"
"1566";"1";"—";"231.0";"86 70 75";"—";"Участвуете в конкурсе";"1243178";"—"
"1567";"1";"Электронное";"231.0";"84 69 78";"—";"Участвуете в конкурсе";"1188274";"—"
"1568";"2";"—";"231.0";"82 68 81";"—";"Участвуете в конкурсе";"2207374";"—"
"1569";"2";"—";"231.0";"81 64 86";"—";"Участвуете в конкурсе";"1423902";"—"
"1570";"4";"Электронное";"231.0";"80 70 81";"—";"Участвуете в конкурсе";"1620113";"—"
"1571";"4";"—";"231.0";"77 68 86";"—";"Участвуете в конкурсе";"1498634";"—"
"1572";"5";"—";"231.0";"77 81 73";"—";"Участвуете в конкурсе";"1722762";"—"
"1573";"3";"Электронное";"231.0";"90 70 69";"2.0";"Участвуете в конкурсе";"2103566";"—"
"1574";"1";"—";"231.0";"77 77 75";"2.0";"Участвуете в конкурсе";"1647977";"—"
"1575";"6";"—";"231.0";"78 70 78";"5.0";"Участвуете в конкурсе";"2277603";"—"
"1576";"1";"—";"230.0";"88 70 72";"—";"Участвуете в конкурсе";"2253909";"—"
"1577";"2";"—";"230.0";"88 69 73";"—";"Участвуете в конкурсе";"1641913";"—"
"1578";"3";"—";"230.0";"86 75 69";"—";"Участвуете в конкурсе";"1078970";"—"
"1579";"7";"—";"230.0";"84 79 67";"—";"Участвуете в конкурсе";"1182417";"—"
"1580";"4";"Электронное";"230.0";"81 81 68";"—";"Участвуете в конкурсе";"1639700";"—"
"1581";"2";"—";"230.0";"81 71 78";"—";"Участвуете в конкурсе";"1133570";"—"
"1582";"2";"—";"230.0";"80 80 70";"—";"Участвуете в конкурсе";"1799454";"—"
"1583";"4";"—";"230.0";"77 89 64";"—";"Участвуете в конкурсе";"1143581";"—"
"1584";"1";"—";"230.0";"86 78 63";"3.0";"Участвуете в конкурсе";"1514828";"—"
"1585";"3";"—";"230.0";"74 64 89";"3.0";"Участвуете в конкурсе";"1903318";"—"
"1586";"5";"Электронное";"230.0";"71 84 72";"3.0";"Участвуете в конкурсе";"1596369";"—"
"1587";"2";"—";"230.0";"71 72 84";"3.0";"Участвуете в конкурсе";"1910745";"—"
"1588";"5";"—";"230.0";"70 73 84";"3.0";"Участвуете в конкурсе";"1210164";"—"
"1589";"1";"—";"230.0";"84 69 68";"9.0";"Участвуете в конкурсе";"1276252";"—"
"1590";"4";"Электронное";"229.0";"90 64 75";"—";"Участвуете в конкурсе";"1316005";"—"
"1591";"3";"—";"229.0";"86 60 83";"—";"Участвуете в конкурсе";"1342857";"—"
"1592";"3";"—";"229.0";"86 60 83";"—";"Участвуете в конкурсе";"1438653";"—"
"1593";"1";"—";"229.0";"84 72 73";"—";"Участвуете в конкурсе";"1263055";"—"
"1594";"1";"—";"229.0";"81 70 78";"—";"Участвуете в конкурсе";"1267057";"—"
"1595";"1";"—";"229.0";"79 72 78";"—";"Участвуете в конкурсе";"1640857";"—"
"1596";"2";"—";"229.0";"76 69 84";"—";"Участвуете в конкурсе";"1181569";"—"
"1597";"2";"—";"229.0";"71 72 86";"—";"Участвуете в конкурсе";"1216010";"—"
"1598";"1";"—";"229.0";"86 71 70";"2.0";"Участвуете в конкурсе";"1508509";"—"
"1599";"2";"—";"229.0";"74 75 78";"2.0";"Участвуете в конкурсе";"2214361";"—"
"1600";"1";"Электронное";"229.0";"84 72 70";"3.0";"Участвуете в конкурсе";"1195680";"—"
"1601";"9";"Электронное";"229.0";"82 81 63";"3.0";"Участвуете в конкурсе";"1441387";"—"
"1602";"3";"—";"229.0";"77 76 73";"3.0";"Участвуете в конкурсе";"1751700";"—"
"1603";"1";"—";"229.0";"76 72 78";"3.0";"Участвуете в конкурсе";"1614117";"—"
"1604";"1";"—";"229.0";"88 63 73";"5.0";"Участвуете в конкурсе";"1181903";"—"
"1605";"7";"—";"229.0";"71 87 66";"5.0";"Участвуете в конкурсе";"1039185";"—"
"1606";"1";"—";"228.0";"90 60 78";"—";"Участвуете в конкурсе";"1509344";"—"
"1607";"1";"—";"228.0";"86 72 70";"—";"Участвуете в конкурсе";"1974565";"—"
"1608";"3";"Электронное";"228.0";"82 68 78";"—";"Участвуете в конкурсе";"1983675";"—"
"1609";"1";"—";"228.0";"81 71 76";"—";"Участвуете в конкурсе";"991271";"—"
"1610";"1";"—";"228.0";"81 77 70";"—";"Участвуете в конкурсе";"2142232";"—"
"1611";"3";"—";"228.0";"80 62 86";"—";"Участвуете в конкурсе";"1196059";"—"
"1612";"2";"Электронное";"228.0";"77 70 81";"—";"Участвуете в конкурсе";"1427072";"—"
"1613";"9";"Электронное";"228.0";"76 71 81";"—";"Участвуете в конкурсе";"1888295";"—"
"1614";"6";"—";"228.0";"75 72 81";"—";"Участвуете в конкурсе";"997874";"—"
"1615";"1";"—";"228.0";"71 73 84";"—";"Участвуете в конкурсе";"1199358";"—"
"1616";"3";"—";"228.0";"84 72 70";"2.0";"Участвуете в конкурсе";"1202326";"—"
"1617";"10";"—";"228.0";"70 67 89";"2.0";"Участвуете в конкурсе";"1651738";"—"
"1618";"1";"—";"228.0";"82 73 70";"3.0";"Участвуете в конкурсе";"1971867";"—"
"1619";"1";"—";"228.0";"79 68 78";"3.0";"Участвуете в конкурсе";"1522260";"—"
"1620";"3";"Электронное";"228.0";"79 74 72";"3.0";"Участвуете в конкурсе";"1509129";"—"
"1621";"3";"—";"228.0";"75 78 70";"5.0";"Участвуете в конкурсе";"1347127";"—"
"1622";"3";"—";"227.0";"62 92 73";"—";"Участвуете в конкурсе";"1522045";"—"
"1623";"1";"—";"227.0";"84 75 68";"—";"Участвуете в конкурсе";"1334604";"—"
"1624";"1";"—";"227.0";"81 63 83";"—";"Участвуете в конкурсе";"1190289";"—"
"1625";"8";"—";"227.0";"81 68 78";"—";"Участвуете в конкурсе";"1912554";"—"
"1626";"2";"—";"227.0";"80 75 72";"—";"Участвуете в конкурсе";"1180033";"—"
"1627";"2";"Электронное";"227.0";"79 70 78";"—";"Участвуете в конкурсе";"1623577";"—"
"1628";"1";"—";"227.0";"79 74 74";"—";"Участвуете в конкурсе";"970388";"—"
"1629";"6";"Электронное";"227.0";"78 63 86";"—";"Участвуете в конкурсе";"1041445";"—"
"1630";"1";"—";"227.0";"77 75 75";"—";"Участвуете в конкурсе";"1359678";"—"
"1631";"4";"—";"227.0";"76 68 83";"—";"Участвуете в конкурсе";"1363204";"—"
"1632";"3";"—";"227.0";"71 73 83";"—";"Участвуете в конкурсе";"1289318";"—"
"1633";"1";"—";"227.0";"79 73 72";"3.0";"Участвуете в конкурсе";"1223948";"—"
"1634";"5";"—";"227.0";"73 73 78";"3.0";"Участвуете в конкурсе";"1565171";"—"
"1635";"3";"—";"227.0";"82 62 78";"5.0";"Участвуете в конкурсе";"1943643";"—"
"1636";"3";"—";"227.0";"77 72 73";"5.0";"Участвуете в конкурсе";"1629501";"—"
"1637";"1";"—";"226.0";"81 67 78";"—";"Участвуете в конкурсе";"1477943";"—"
"1638";"1";"—";"226.0";"78 67 81";"—";"Участвуете в конкурсе";"1271305";"—"
"1639";"2";"—";"226.0";"76 72 78";"—";"Участвуете в конкурсе";"1157523";"—"
"1640";"3";"—";"226.0";"70 83 73";"—";"Участвуете в конкурсе";"1464304";"—"
"1641";"1";"—";"226.0";"78 67 78";"3.0";"Участвуете в конкурсе";"1730247";"—"
"1642";"3";"—";"226.0";"73 77 73";"3.0";"Участвуете в конкурсе";"1776079";"—"
"1643";"1";"—";"226.0";"70 83 70";"3.0";"Участвуете в конкурсе";"2313777";"—"
"1644";"4";"—";"225.0";"77 75 73";"—";"Участвуете в конкурсе";"1287330";"—"
"1645";"3";"—";"225.0";"75 72 78";"—";"Участвуете в конкурсе";"1239381";"—"
"1646";"2";"—";"225.0";"70 89 66";"—";"Участвуете в конкурсе";"1697176";"—"
"1647";"3";"—";"225.0";"90 70 63";"2.0";"Участвуете в конкурсе";"1367175";"—"
"1648";"3";"—";"225.0";"81 70 72";"2.0";"Участвуете в конкурсе";"1289901";"—"
"1649";"12";"—";"225.0";"79 68 75";"3.0";"Участвуете в конкурсе";"1698352";"—"
"1650";"2";"—";"225.0";"79 70 73";"3.0";"Участвуете в конкурсе";"1395135";"—"
"1651";"1";"—";"225.0";"78 72 72";"3.0";"Участвуете в конкурсе";"1196337";"—"
"1652";"1";"—";"224.0";"84 70 70";"—";"Участвуете в конкурсе";"1598372";"—"
"1653";"5";"—";"224.0";"81 60 83";"—";"Участвуете в конкурсе";"1248798";"—"
"1654";"3";"—";"224.0";"80 63 81";"—";"Участвуете в конкурсе";"1957604";"—"
"1655";"1";"—";"224.0";"79 72 73";"—";"Участвуете в конкурсе";"2100533";"—"
"1656";"1";"—";"224.0";"75 68 81";"—";"Участвуете в конкурсе";"2415070";"—"
"1657";"5";"—";"224.0";"75 76 73";"—";"Участвуете в конкурсе";"1637436";"—"
"1658";"5";"—";"224.0";"75 80 69";"—";"Участвуете в конкурсе";"2264525";"—"
"1659";"4";"—";"224.0";"84 70 68";"2.0";"Участвуете в конкурсе";"1498081";"—"
"1660";"4";"—";"224.0";"70 66 86";"2.0";"Участвуете в конкурсе";"1579146";"—"
"1661";"5";"—";"224.0";"94 66 61";"3.0";"Участвуете в конкурсе";"1618402";"—"
"1662";"3";"—";"224.0";"86 67 68";"3.0";"Участвуете в конкурсе";"1728139";"—"
"1663";"1";"Электронное";"224.0";"82 64 75";"3.0";"Участвуете в конкурсе";"1358027";"—"
"1664";"2";"—";"224.0";"82 61 78";"3.0";"Участвуете в конкурсе";"1946103";"—"
"1665";"3";"—";"223.0";"82 72 69";"—";"Участвуете в конкурсе";"1329953";"—"
"1666";"1";"Электронное";"223.0";"81 64 78";"—";"Участвуете в конкурсе";"1198379";"—"
"1667";"1";"—";"223.0";"76 66 81";"—";"Участвуете в конкурсе";"1939609";"—"
"1668";"1";"—";"223.0";"82 64 75";"2.0";"Участвуете в конкурсе";"1518881";"—"
"1669";"2";"—";"223.0";"79 67 75";"2.0";"Участвуете в конкурсе";"1988552";"—"
"1670";"1";"—";"223.0";"77 70 73";"3.0";"Участвуете в конкурсе";"1555009";"—"
"1671";"6";"—";"223.0";"74 78 68";"3.0";"Участвуете в конкурсе";"1910921";"—"
"1672";"2";"—";"223.0";"81 62 75";"5.0";"Участвуете в конкурсе";"1426243";"—"
"1673";"1";"Электронное";"222.0";"84 66 72";"—";"Участвуете в конкурсе";"2339964";"—"
"1674";"1";"Электронное";"222.0";"82 71 69";"—";"Участвуете в конкурсе";"1438891";"—"
"1675";"1";"Электронное";"222.0";"81 66 75";"—";"Участвуете в конкурсе";"1477508";"—"
"1676";"3";"—";"222.0";"80 75 67";"—";"Участвуете в конкурсе";"1422295";"—"
"1677";"1";"—";"222.0";"78 71 73";"—";"Участвуете в конкурсе";"1468759";"—"
"1678";"3";"—";"222.0";"78 81 63";"—";"Участвуете в конкурсе";"969398";"—"
"1679";"4";"—";"222.0";"77 70 75";"—";"Участвуете в конкурсе";"1439644";"—"
"1680";"3";"—";"222.0";"77 72 73";"—";"Участвуете в конкурсе";"1423274";"—"
"1681";"6";"—";"222.0";"76 76 70";"—";"Участвуете в конкурсе";"1724716";"—"
"1682";"3";"—";"222.0";"74 70 78";"—";"Участвуете в конкурсе";"1007416";"—"
"1683";"1";"—";"222.0";"74 76 72";"—";"Участвуете в конкурсе";"2385051";"—"
"1684";"1";"—";"222.0";"70 74 78";"—";"Участвуете в конкурсе";"1060613";"—"
"1685";"1";"—";"222.0";"79 66 75";"2.0";"Участвуете в конкурсе";"1577023";"—"
"1686";"6";"—";"222.0";"77 73 70";"2.0";"Участвуете в конкурсе";"1263673";"—"
"1687";"2";"—";"222.0";"71 68 81";"2.0";"Участвуете в конкурсе";"1419623";"—"
"1688";"1";"—";"222.0";"81 68 70";"3.0";"Участвуете в конкурсе";"1798240";"—"
"1689";"12";"—";"222.0";"77 81 61";"3.0";"Участвуете в конкурсе";"955335";"—"
"1690";"1";"Электронное";"222.0";"71 60 86";"5.0";"Участвуете в конкурсе";"1242606";"—"
"1691";"3";"Электронное";"222.0";"71 80 66";"5.0";"Участвуете в конкурсе";"1767115";"—"
"1692";"1";"—";"221.0";"88 66 67";"—";"Участвуете в конкурсе";"1493765";"—"
"1693";"2";"—";"221.0";"84 64 73";"—";"Участвуете в конкурсе";"2052982";"—"
"1694";"2";"—";"221.0";"80 78 63";"—";"Участвуете в конкурсе";"1435236";"—"
"1695";"1";"—";"221.0";"76 67 78";"—";"Участвуете в конкурсе";"1095322";"—"
"1696";"1";"—";"221.0";"72 74 75";"—";"Участвуете в конкурсе";"1437216";"—"
"1697";"3";"Электронное";"221.0";"78 71 69";"3.0";"Участвуете в конкурсе";"1692310";"—"
"1698";"2";"—";"221.0";"73 61 84";"3.0";"Участвуете в конкурсе";"1618651";"—"
"1699";"3";"—";"220.0";"72 79 69";"—";"Участвуете в конкурсе";"2209437";"—"
"1700";"1";"—";"220.0";"77 73 68";"2.0";"Участвуете в конкурсе";"1433238";"—"
"1701";"1";"—";"220.0";"80 67 70";"3.0";"Участвуете в конкурсе";"1821369";"—"
"1702";"2";"—";"220.0";"75 62 78";"5.0";"Участвуете в конкурсе";"1289226";"—"
"1703";"3";"—";"219.0";"90 60 69";"—";"Участвуете в конкурсе";"2127996";"—"
"1704";"1";"—";"219.0";"81 75 63";"—";"Участвуете в конкурсе";"2149690";"—"
"1705";"1";"—";"219.0";"79 67 73";"—";"Участвуете в конкурсе";"1149898";"—"
"1706";"1";"—";"219.0";"77 81 61";"—";"Участвуете в конкурсе";"1286964";"—"
"1707";"5";"—";"219.0";"77 64 78";"—";"Участвуете в конкурсе";"1798933";"—"
"1708";"3";"—";"219.0";"75 81 63";"—";"Участвуете в конкурсе";"1621805";"—"
"1709";"3";"Электронное";"219.0";"78 75 63";"3.0";"Участвуете в конкурсе";"1911396";"—"
"1710";"4";"—";"219.0";"80 64 70";"5.0";"Участвуете в конкурсе";"1340779";"—"
"1711";"3";"—";"218.0";"86 63 69";"—";"Участвуете в конкурсе";"1439822";"—"
"1712";"1";"—";"218.0";"82 70 66";"—";"Участвуете в конкурсе";"1260871";"—"
"1713";"1";"—";"218.0";"78 70 70";"—";"Участвуете в конкурсе";"1859532";"—"
"1714";"1";"Электронное";"218.0";"77 63 78";"—";"Участвуете в конкурсе";"1729585";"—"
"1715";"3";"—";"218.0";"76 67 75";"—";"Участвуете в конкурсе";"1441512";"—"
"1716";"1";"—";"218.0";"73 72 73";"—";"Участвуете в конкурсе";"1170331";"—"
"1717";"1";"Электронное";"218.0";"71 75 72";"—";"Участвуете в конкурсе";"1214647";"—"
"1718";"5";"—";"218.0";"71 75 72";"—";"Участвуете в конкурсе";"986551";"—"
"1719";"1";"—";"218.0";"81 68 67";"2.0";"Участвуете в конкурсе";"1774304";"—"
"1720";"4";"—";"218.0";"78 66 72";"2.0";"Участвуете в конкурсе";"1851363";"—"
"1721";"1";"—";"217.0";"84 66 67";"—";"Участвуете в конкурсе";"1001341";"—"
"1722";"1";"—";"217.0";"82 72 63";"—";"Участвуете в конкурсе";"2396644";"—"
"1723";"1";"—";"217.0";"81 63 73";"—";"Участвуете в конкурсе";"2070480";"—"
"1724";"1";"—";"217.0";"79 63 75";"—";"Участвуете в конкурсе";"2394382";"—"
"1725";"1";"—";"217.0";"75 73 69";"—";"Участвуете в конкурсе";"1643051";"—"
"1726";"3";"—";"217.0";"78 66 70";"3.0";"Участвуете в конкурсе";"1623306";"—"
"1727";"4";"—";"217.0";"70 81 61";"5.0";"Участвуете в конкурсе";"1976305";"—"
"1728";"4";"—";"217.0";"70 72 70";"5.0";"Участвуете в конкурсе";"1156311";"—"
"1729";"1";"—";"216.0";"76 67 73";"—";"Участвуете в конкурсе";"1426434";"—"
"1730";"3";"—";"216.0";"70 77 69";"—";"Участвуете в конкурсе";"2265511";"—"
"1731";"2";"—";"216.0";"73 67 73";"3.0";"Участвуете в конкурсе";"1439568";"—"
"1732";"4";"—";"216.0";"73 67 73";"3.0";"Участвуете в конкурсе";"1975049";"—"
"1733";"1";"—";"216.0";"70 75 68";"3.0";"Участвуете в конкурсе";"1712941";"—"
"1734";"8";"—";"215.0";"82 66 67";"—";"Участвуете в конкурсе";"1912961";"—"
"1735";"1";"—";"215.0";"76 64 75";"—";"Участвуете в конкурсе";"2089140";"—"
"1736";"3";"—";"215.0";"70 67 78";"—";"Участвуете в конкурсе";"1436968";"—"
"1737";"5";"—";"215.0";"70 67 78";"—";"Участвуете в конкурсе";"2122085";"—"
"1738";"1";"—";"215.0";"74 63 75";"3.0";"Участвуете в конкурсе";"2225421";"—"
"1739";"1";"—";"215.0";"74 72 66";"3.0";"Участвуете в конкурсе";"1943367";"—"
"1740";"1";"Электронное";"214.0";"84 70 60";"—";"Участвуете в конкурсе";"1730416";"—"
"1741";"6";"—";"214.0";"77 62 75";"—";"Участвуете в конкурсе";"1760659";"—"
"1742";"9";"—";"214.0";"75 67 72";"—";"Участвуете в конкурсе";"1720946";"—"
"1743";"3";"Электронное";"214.0";"73 78 63";"—";"Участвуете в конкурсе";"1234496";"—"
"1744";"1";"—";"214.0";"71 68 75";"—";"Участвуете в конкурсе";"1251369";"—"
"1745";"3";"—";"214.0";"75 77 60";"2.0";"Участвуете в конкурсе";"998179";"—"
"1746";"1";"—";"214.0";"71 67 68";"8.0";"Участвуете в конкурсе";"1181761";"—"
"1747";"2";"—";"213.0";"84 63 66";"—";"Участвуете в конкурсе";"1932473";"—"
"1748";"2";"—";"213.0";"76 62 73";"2.0";"Участвуете в конкурсе";"1531430";"—"
"1749";"1";"—";"213.0";"76 62 72";"3.0";"Участвуете в конкурсе";"2340385";"—"
"1750";"6";"—";"212.0";"77 72 63";"—";"Участвуете в конкурсе";"1363478";"—"
"1751";"3";"—";"212.0";"75 73 64";"—";"Участвуете в конкурсе";"1097040";"—"
"1752";"5";"—";"212.0";"73 73 66";"—";"Участвуете в конкурсе";"950396";"—"
"1753";"9";"Электронное";"212.0";"71 72 69";"—";"Участвуете в конкурсе";"2099299";"—"
"1754";"6";"Электронное";"212.0";"73 62 75";"2.0";"Участвуете в конкурсе";"1961290";"—"
"1755";"2";"Электронное";"212.0";"73 73 63";"3.0";"Участвуете в конкурсе";"1184802";"—"
"1756";"3";"—";"211.0";"81 63 67";"—";"Участвуете в конкурсе";"1253839";"—"
"1757";"3";"—";"211.0";"77 64 70";"—";"Участвуете в конкурсе";"2087428";"—"
"1758";"4";"—";"211.0";"73 78 60";"—";"Участвуете в конкурсе";"1513609";"—"
"1759";"1";"—";"211.0";"73 71 67";"—";"Участвуете в конкурсе";"1385722";"—"
"1760";"1";"—";"211.0";"73 75 63";"—";"Участвуете в конкурсе";"1246529";"—"
"1761";"1";"—";"211.0";"77 68 64";"2.0";"Участвуете в конкурсе";"2162620";"—"
"1762";"4";"—";"211.0";"75 73 61";"2.0";"Участвуете в конкурсе";"1796045";"—"
"1763";"1";"—";"210.0";"80 67 63";"—";"Участвуете в конкурсе";"1721357";"—"
"1764";"2";"Электронное";"210.0";"80 64 66";"—";"Участвуете в конкурсе";"1986960";"—"
"1765";"4";"Электронное";"210.0";"78 68 64";"—";"Участвуете в конкурсе";"1194369";"—"
"1766";"2";"—";"210.0";"76 62 72";"—";"Участвуете в конкурсе";"1291642";"—"
"1767";"2";"—";"210.0";"73 67 70";"—";"Участвуете в конкурсе";"1392574";"—"
"1768";"3";"—";"210.0";"82 62 61";"5.0";"Участвуете в конкурсе";"1423969";"—"
"1769";"3";"Электронное";"209.0";"82 66 61";"—";"Участвуете в конкурсе";"2331458";"—"
"1770";"1";"—";"209.0";"80 60 69";"—";"Участвуете в конкурсе";"1651902";"—"
"1771";"2";"—";"209.0";"77 62 70";"—";"Участвуете в конкурсе";"1254351";"—"
"1772";"1";"—";"209.0";"75 62 72";"—";"Участвуете в конкурсе";"1172215";"—"
"1773";"3";"—";"209.0";"73 76 60";"—";"Участвуете в конкурсе";"1173450";"—"
"1774";"3";"—";"209.0";"70 72 67";"—";"Участвуете в конкурсе";"1424282";"—"
"1775";"5";"—";"209.0";"76 69 61";"3.0";"Участвуете в конкурсе";"2125019";"—"
"1776";"1";"—";"208.0";"77 64 67";"—";"Участвуете в конкурсе";"1403957";"—"
"1777";"1";"—";"207.0";"77 63 67";"—";"Участвуете в конкурсе";"2002158";"—"
"1778";"1";"—";"207.0";"77 70 60";"—";"Участвуете в конкурсе";"1263426";"—"
"1779";"4";"—";"207.0";"76 64 67";"—";"Участвуете в конкурсе";"1621876";"—"
"1780";"6";"—";"207.0";"74 72 61";"—";"Участвуете в конкурсе";"1909014";"—"
"1781";"1";"—";"207.0";"73 67 67";"—";"Участвуете в конкурсе";"2081663";"—"
"1782";"3";"—";"206.0";"75 64 67";"—";"Участвуете в конкурсе";"1366706";"—"
"1783";"1";"—";"205.0";"75 70 60";"—";"Участвуете в конкурсе";"1329156";"—"
"1784";"2";"—";"205.0";"79 63 60";"3.0";"Участвуете в конкурсе";"1796709";"—"
"1785";"1";"—";"204.0";"74 64 66";"—";"Участвуете в конкурсе";"2382775";"—"
"1786";"3";"—";"204.0";"73 62 66";"3.0";"Участвуете в конкурсе";"1165817";"—"
"1787";"2";"Электронное";"200.0";"71 66 63";"—";"Участвуете в конкурсе";"2128417";"—"
"1788";"4";"—";"195.0";"71 64 60";"—";"Участвуете в конкурсе";"1626023";"—"
"1789";"2";"—";"193.0";"71 60 60";"2.0";"Участвуете в конкурсе";"1414872";"—"
