"Порядковый номер";"Приоритет конкурса";"Подано согласие";"Сумма баллов";"Баллы за ВИ";"Баллы за ИД";"Статус";"Код поступающего";"Дата выбора конкурсной группы по Москве"
"1";"6";"—";"308000";"98 100 100";"10000";"Участвует в конкурсе";"1570635";"—"
"2";"3";"—";"304000";"94 100 100";"10000";"Участвует в конкурсе";"1944693";"—"
"3";"1";"—";"303000";"100 99 94";"10000";"Участвует в конкурсе";"1144791";"—"
"4";"4";"—";"302000";"98 100 94";"10000";"Участвует в конкурсе";"1076937";"—"
"5";"2";"—";"302000";"98 97 97";"10000";"Участвует в конкурсе";"1090748";"—"
"6";"11";"—";"301000";"100 100 91";"10000";"Участвует в конкурсе";"1469570";"—"
"7";"3";"—";"301000";"100 97 94";"10000";"Участвует в конкурсе";"1510248";"—"
"8";"6";"—";"301000";"97 100 94";"10000";"Участвует в конкурсе";"1409064";"—"
"9";"7";"—";"301000";"92 99 100";"10000";"Участвует в конкурсе";"1174595";"—"
"10";"3";"—";"300000";"96 100 94";"10000";"Участвует в конкурсе";"1463052";"—"
"11";"8";"—";"299000";"98 100 91";"10000";"Участвует в конкурсе";"1182946";"—"
"12";"9";"—";"299000";"98 97 94";"10000";"Участвует в конкурсе";"1210670";"—"
"13";"8";"—";"299000";"95 100 94";"10000";"Участвует в конкурсе";"1069145";"—"
"14";"11";"—";"299000";"95 100 94";"10000";"Участвует в конкурсе";"1719922";"—"
"15";"7";"—";"299000";"92 100 97";"10000";"Участвует в конкурсе";"1892250";"—"
"16";"6";"—";"298000";"100 99 89";"10000";"Участвует в конкурсе";"1987543";"—"
"17";"13";"Электронное";"298000";"98 99 91";"10000";"Участвует в конкурсе";"1490337";"—"
"18";"5";"Электронное";"298000";"98 99 91";"10000";"Участвует в конкурсе";"1785990";"—"
"19";"7";"—";"298000";"94 100 94";"10000";"Участвует в конкурсе";"1916073";"—"
"20";"3";"—";"297000";"98 100 89";"10000";"Участвует в конкурсе";"1575870";"—"
"21";"2";"—";"297000";"97 99 91";"10000";"Участвует в конкурсе";"1672834";"—"
"22";"5";"—";"296000";"98 91 97";"10000";"Участвует в конкурсе";"1579069";"—"
"23";"5";"—";"296000";"96 99 91";"10000";"Участвует в конкурсе";"1791552";"—"
"24";"9";"—";"296000";"95 100 91";"10000";"Участвует в конкурсе";"1125482";"—"
"25";"2";"—";"296000";"92 100 94";"10000";"Участвует в конкурсе";"1513224";"—"
"26";"11";"—";"295000";"99 97 89";"10000";"Участвует в конкурсе";"1345716";"—"
"27";"13";"—";"295000";"98 93 94";"10000";"Участвует в конкурсе";"1709631";"—"
"28";"1";"—";"295000";"94 100 91";"10000";"Участвует в конкурсе";"1424633";"—"
"29";"11";"—";"294000";"90 100 94";"10000";"Участвует в конкурсе";"1632941";"—"
"30";"9";"—";"293000";"98 99 86";"10000";"Участвует в конкурсе";"1181829";"—"
"31";"2";"—";"293000";"92 100 91";"10000";"Участвует в конкурсе";"1347375";"—"
"32";"12";"—";"293000";"86 100 97";"10000";"Участвует в конкурсе";"1770306";"—"
"33";"7";"—";"292000";"94 97 91";"10000";"Участвует в конкурсе";"1984429";"—"
"34";"12";"—";"292000";"90 95 97";"10000";"Участвует в конкурсе";"1728863";"—"
"35";"5";"—";"291000";"94 93 94";"10000";"Участвует в конкурсе";"1610635";"—"
"36";"5";"—";"290000";"97 99 91";"3000";"Участвует в конкурсе";"1574628";"—"
"37";"11";"—";"290000";"95 88 97";"10000";"Участвует в конкурсе";"1729321";"—"
"38";"10";"—";"290000";"95 88 97";"10000";"Участвует в конкурсе";"1872001";"—"
"39";"5";"—";"290000";"94 95 91";"10000";"Участвует в конкурсе";"1209417";"—"
"40";"8";"—";"290000";"92 99 89";"10000";"Участвует в конкурсе";"1386476";"—"
"41";"11";"—";"290000";"92 97 91";"10000";"Участвует в конкурсе";"1412349";"—"
"42";"6";"—";"290000";"90 99 91";"10000";"Участвует в конкурсе";"941629";"—"
"43";"4";"—";"290000";"86 100 94";"10000";"Участвует в конкурсе";"1360668";"—"
"44";"5";"—";"289000";"100 97 89";"3000";"Участвует в конкурсе";"1517278";"—"
"45";"2";"—";"289000";"94 99 86";"10000";"Участвует в конкурсе";"1199626";"—"
"46";"6";"—";"289000";"90 100 89";"10000";"Участвует в конкурсе";"1349604";"—"
"47";"5";"—";"289000";"90 100 89";"10000";"Участвует в конкурсе";"1466394";"—"
"49";"8";"—";"289000";"88 100 91";"10000";"Участвует в конкурсе";"1317427";"—"
"50";"6";"—";"289000";"88 97 94";"10000";"Участвует в конкурсе";"998448";"—"
"51";"2";"—";"289000";"82 100 97";"10000";"Участвует в конкурсе";"1321176";"—"
"52";"6";"—";"289000";"80 99 100";"10000";"Участвует в конкурсе";"1899279";"—"
"53";"11";"—";"288000";"95 100 83";"10000";"Участвует в конкурсе";"1279075";"—"
"54";"7";"—";"288000";"94 90 94";"10000";"Участвует в конкурсе";"1523676";"—"
"55";"9";"—";"288000";"92 100 86";"10000";"Участвует в конкурсе";"1156845";"—"
"57";"11";"—";"288000";"90 99 89";"10000";"Участвует в конкурсе";"1420693";"—"
"58";"1";"—";"288000";"88 99 91";"10000";"Участвует в конкурсе";"1347685";"—"
"59";"11";"—";"288000";"88 99 91";"10000";"Участвует в конкурсе";"1252095";"—"
"60";"10";"—";"288000";"88 99 91";"10000";"Участвует в конкурсе";"1476115";"—"
"61";"8";"—";"288000";"88 90 100";"10000";"Участвует в конкурсе";"1909202";"—"
"62";"5";"—";"288000";"84 100 94";"10000";"Участвует в конкурсе";"1348434";"—"
"63";"10";"—";"288000";"82 99 97";"10000";"Участвует в конкурсе";"1440526";"—"
"64";"4";"—";"287000";"96 97 94";"—";"Участвует в конкурсе";"1621159";"—"
"65";"11";"—";"287000";"99 100 78";"10000";"Участвует в конкурсе";"1259402";"—"
"66";"1";"—";"287000";"94 100 83";"10000";"Участвует в конкурсе";"1437079";"—"
"67";"7";"—";"287000";"88 100 89";"10000";"Участвует в конкурсе";"1206941";"—"
"68";"2";"—";"287000";"88 95 94";"10000";"Участвует в конкурсе";"1499179";"—"
"69";"11";"—";"287000";"86 91 100";"10000";"Участвует в конкурсе";"1205189";"—"
"70";"4";"—";"287000";"84 99 94";"10000";"Участвует в конкурсе";"1618034";"—"
"72";"6";"—";"287000";"80 97 100";"10000";"Участвует в конкурсе";"1573309";"—"
"73";"6";"—";"286000";"92 93 91";"10000";"Участвует в конкурсе";"1194646";"—"
"74";"2";"—";"286000";"90 97 89";"10000";"Участвует в конкурсе";"1254616";"—"
"75";"13";"Электронное";"286000";"88 99 89";"10000";"Участвует в конкурсе";"1402002";"—"
"76";"3";"—";"286000";"88 97 91";"10000";"Участвует в конкурсе";"1583644";"—"
"77";"8";"—";"286000";"86 99 91";"10000";"Участвует в конкурсе";"1068888";"—"
"78";"2";"—";"286000";"82 100 94";"10000";"Участвует в конкурсе";"1462698";"—"
"79";"6";"—";"286000";"82 100 94";"10000";"Участвует в конкурсе";"1969813";"—"
"80";"6";"—";"285000";"90 99 91";"5000";"Участвует в конкурсе";"1440751";"—"
"81";"5";"—";"285000";"94 95 86";"10000";"Участвует в конкурсе";"1256924";"—"
"82";"2";"—";"285000";"88 93 94";"10000";"Участвует в конкурсе";"1796868";"—"
"84";"10";"—";"284000";"98 93 83";"10000";"Участвует в конкурсе";"2166891";"—"
"85";"8";"—";"284000";"96 97 81";"10000";"Участвует в конкурсе";"1491160";"—"
"87";"7";"—";"284000";"90 95 89";"10000";"Участвует в конкурсе";"1758464";"—"
"88";"4";"—";"284000";"90 93 91";"10000";"Участвует в конкурсе";"2289328";"—"
"89";"11";"—";"284000";"86 99 89";"10000";"Участвует в конкурсе";"1362991";"—"
"90";"8";"—";"284000";"84 99 91";"10000";"Участвует в конкурсе";"1686341";"—"
"91";"4";"—";"284000";"82 95 97";"10000";"Участвует в конкурсе";"1331476";"—"
"92";"7";"Электронное";"284000";"80 100 94";"10000";"Участвует в конкурсе";"1260539";"—"
"93";"7";"—";"283000";"100 100 83";"—";"Участвует в конкурсе";"1514445";"—"
"94";"6";"—";"283000";"96 99 78";"10000";"Участвует в конкурсе";"1389568";"—"
"95";"2";"—";"283000";"88 99 86";"10000";"Участвует в конкурсе";"1749592";"—"
"96";"13";"—";"283000";"86 93 94";"10000";"Участвует в конкурсе";"2001578";"—"
"97";"11";"—";"283000";"84 100 89";"10000";"Участвует в конкурсе";"1609441";"—"
"98";"4";"—";"283000";"84 100 89";"10000";"Участвует в конкурсе";"1474420";"—"
"99";"3";"—";"283000";"84 95 94";"10000";"Участвует в конкурсе";"1233667";"—"
"100";"8";"—";"283000";"84 95 94";"10000";"Участвует в конкурсе";"1647262";"—"
"101";"5";"—";"283000";"84 95 94";"10000";"Участвует в конкурсе";"1422116";"—"
"102";"7";"—";"282000";"92 91 89";"10000";"Участвует в конкурсе";"1394658";"—"
"103";"4";"—";"282000";"90 99 83";"10000";"Участвует в конкурсе";"1520555";"—"
"104";"12";"Электронное";"282000";"86 100 86";"10000";"Участвует в конкурсе";"1985455";"—"
"106";"2";"—";"282000";"84 97 91";"10000";"Участвует в конкурсе";"1483938";"—"
"107";"6";"—";"282000";"84 97 91";"10000";"Участвует в конкурсе";"1100610";"—"
"108";"6";"Электронное";"282000";"82 99 91";"10000";"Участвует в конкурсе";"1253503";"—"
"109";"2";"—";"282000";"82 99 91";"10000";"Участвует в конкурсе";"1257102";"—"
"110";"6";"—";"281000";"90 95 86";"10000";"Участвует в конкурсе";"2135828";"—"
"111";"6";"—";"281000";"90 90 91";"10000";"Участвует в конкурсе";"1290497";"—"
"112";"4";"—";"281000";"88 100 83";"10000";"Участвует в конкурсе";"1789872";"—"
"114";"5";"—";"281000";"86 99 86";"10000";"Участвует в конкурсе";"1347973";"—"
"116";"2";"—";"281000";"82 100 89";"10000";"Участвует в конкурсе";"1912510";"—"
"117";"12";"—";"281000";"82 100 89";"10000";"Участвует в конкурсе";"2079075";"—"
"119";"11";"—";"281000";"78 99 94";"10000";"Участвует в конкурсе";"1435003";"—"
"120";"7";"—";"280000";"96 99 75";"10000";"Участвует в конкурсе";"2265446";"—"
"121";"2";"—";"280000";"96 88 86";"10000";"Участвует в конкурсе";"1243841";"—"
"122";"1";"—";"280000";"90 99 81";"10000";"Участвует в конкурсе";"831215";"—"
"123";"12";"—";"280000";"90 91 89";"10000";"Участвует в конкурсе";"1365907";"—"
"124";"11";"—";"280000";"88 99 83";"10000";"Участвует в конкурсе";"1523059";"—"
"125";"7";"—";"280000";"88 91 91";"10000";"Участвует в конкурсе";"1622991";"—"
"126";"4";"—";"280000";"84 100 86";"10000";"Участвует в конкурсе";"1622925";"—"
"127";"9";"—";"280000";"84 100 86";"10000";"Участвует в конкурсе";"1514019";"—"
"128";"6";"—";"280000";"84 95 91";"10000";"Участвует в конкурсе";"997913";"—"
"129";"8";"—";"280000";"82 97 91";"10000";"Участвует в конкурсе";"2157393";"—"
"130";"11";"—";"280000";"80 99 91";"10000";"Участвует в конкурсе";"1255797";"—"
"131";"10";"—";"280000";"80 99 91";"10000";"Участвует в конкурсе";"1435815";"—"
"132";"7";"—";"279000";"90 100 86";"3000";"Участвует в конкурсе";"1102219";"—"
"133";"6";"—";"279000";"88 100 81";"10000";"Участвует в конкурсе";"1797095";"—"
"134";"9";"—";"279000";"88 100 81";"10000";"Участвует в конкурсе";"1907590";"—"
"135";"11";"—";"279000";"86 97 86";"10000";"Участвует в конкурсе";"2054458";"—"
"136";"4";"—";"279000";"84 91 94";"10000";"Участвует в конкурсе";"1440639";"—"
"137";"6";"—";"279000";"79 99 91";"10000";"Участвует в конкурсе";"1343974";"—"
"138";"7";"—";"278000";"100 93 75";"10000";"Участвует в конкурсе";"2001541";"—"
"139";"8";"—";"278000";"88 97 83";"10000";"Участвует в конкурсе";"1509423";"—"
"140";"11";"—";"278000";"86 99 83";"10000";"Участвует в конкурсе";"1401313";"—"
"141";"12";"Электронное";"278000";"86 99 83";"10000";"Участвует в конкурсе";"1580247";"—"
"142";"3";"—";"278000";"86 99 83";"10000";"Участвует в конкурсе";"1675573";"—"
"143";"11";"—";"278000";"84 93 91";"10000";"Участвует в конкурсе";"1625672";"—"
"144";"9";"—";"278000";"82 100 86";"10000";"Участвует в конкурсе";"1714294";"—"
"145";"2";"—";"278000";"82 97 89";"10000";"Участвует в конкурсе";"1730767";"—"
"146";"4";"—";"278000";"78 90 100";"10000";"Участвует в конкурсе";"1697693";"—"
"147";"2";"—";"278000";"74 100 94";"10000";"Участвует в конкурсе";"1430549";"—"
"148";"6";"—";"278000";"74 100 94";"10000";"Участвует в конкурсе";"1415665";"—"
"149";"4";"—";"278000";"74 97 97";"10000";"Участвует в конкурсе";"2243695";"—"
"150";"5";"—";"277000";"98 93 83";"3000";"Участвует в конкурсе";"1633811";"—"
"151";"4";"Электронное";"277000";"95 91 81";"10000";"Участвует в конкурсе";"1603587";"—"
"152";"4";"—";"277000";"88 93 86";"10000";"Участвует в конкурсе";"1162960";"—"
"153";"9";"Электронное";"277000";"88 93 86";"10000";"Участвует в конкурсе";"1212927";"—"
"154";"1";"—";"277000";"86 95 86";"10000";"Участвует в конкурсе";"1423454";"—"
"155";"11";"—";"277000";"84 100 83";"10000";"Участвует в конкурсе";"1419921";"—"
"156";"4";"—";"277000";"78 100 89";"10000";"Участвует в конкурсе";"1616614";"—"
"157";"11";"—";"277000";"78 95 94";"10000";"Участвует в конкурсе";"2001394";"—"
"158";"3";"—";"276000";"96 97 83";"—";"Участвует в конкурсе";"2082865";"—"
"159";"4";"—";"276000";"90 95 91";"—";"Участвует в конкурсе";"1357486";"—"
"160";"3";"—";"276000";"86 99 91";"—";"Участвует в конкурсе";"1729272";"—"
"161";"3";"—";"276000";"99 91 83";"3000";"Участвует в конкурсе";"983065";"—"
"162";"12";"—";"276000";"95 100 78";"3000";"Участвует в конкурсе";"2026153";"—"
"164";"4";"—";"276000";"90 95 81";"10000";"Участвует в конкурсе";"1946259";"—"
"165";"4";"—";"276000";"88 95 83";"10000";"Участвует в конкурсе";"1256439";"—"
"166";"6";"—";"276000";"84 99 83";"10000";"Участвует в конкурсе";"1338321";"—"
"167";"7";"—";"276000";"84 91 91";"10000";"Участвует в конкурсе";"1355366";"—"
"168";"5";"—";"276000";"82 95 89";"10000";"Участвует в конкурсе";"1198275";"—"
"169";"3";"—";"276000";"82 95 89";"10000";"Участвует в конкурсе";"1877986";"—"
"170";"1";"—";"276000";"82 84 100";"10000";"Участвует в конкурсе";"1649937";"—"
"171";"4";"—";"276000";"80 100 86";"10000";"Участвует в конкурсе";"956362";"—"
"172";"13";"—";"276000";"80 97 89";"10000";"Участвует в конкурсе";"1904999";"—"
"173";"8";"—";"276000";"78 99 89";"10000";"Участвует в конкурсе";"1764931";"—"
"174";"3";"—";"276000";"78 88 100";"10000";"Участвует в конкурсе";"1190472";"—"
"176";"2";"—";"275000";"86 90 89";"10000";"Участвует в конкурсе";"1886975";"—"
"177";"11";"—";"275000";"84 90 91";"10000";"Участвует в конкурсе";"999918";"—"
"178";"5";"—";"275000";"82 100 83";"10000";"Участвует в конкурсе";"1210869";"—"
"179";"2";"—";"275000";"82 97 86";"10000";"Участвует в конкурсе";"1428836";"—"
"180";"9";"—";"275000";"80 99 86";"10000";"Участвует в конкурсе";"1677376";"—"
"181";"5";"—";"275000";"80 91 94";"10000";"Участвует в конкурсе";"1196320";"—"
"182";"9";"—";"275000";"76 95 94";"10000";"Участвует в конкурсе";"1683353";"—"
"183";"9";"—";"274000";"92 99 83";"—";"Участвует в конкурсе";"1291618";"—"
"185";"3";"—";"274000";"100 91 73";"10000";"Участвует в конкурсе";"1502636";"—"
"186";"12";"—";"274000";"98 91 75";"10000";"Участвует в конкурсе";"2140835";"—"
"187";"2";"—";"274000";"96 82 86";"10000";"Участвует в конкурсе";"1503436";"—"
"188";"9";"—";"274000";"92 99 73";"10000";"Участвует в конкурсе";"1895433";"—"
"189";"2";"—";"274000";"88 93 83";"10000";"Участвует в конкурсе";"1202484";"—"
"190";"13";"—";"274000";"86 100 78";"10000";"Участвует в конкурсе";"1892686";"—"
"191";"12";"—";"274000";"86 100 78";"10000";"Участвует в конкурсе";"1285884";"—"
"192";"9";"—";"274000";"84 97 83";"10000";"Участвует в конкурсе";"1271063";"—"
"193";"10";"—";"274000";"84 97 83";"10000";"Участвует в конкурсе";"1224813";"—"
"194";"13";"—";"274000";"84 97 83";"10000";"Участвует в конкурсе";"2339720";"—"
"195";"9";"—";"274000";"84 91 89";"10000";"Участвует в конкурсе";"1212328";"—"
"196";"8";"—";"274000";"82 93 89";"10000";"Участвует в конкурсе";"1446881";"—"
"197";"6";"—";"274000";"82 82 100";"10000";"Участвует в конкурсе";"1715844";"—"
"198";"9";"—";"274000";"80 93 91";"10000";"Участвует в конкурсе";"1828660";"—"
"199";"9";"Электронное";"274000";"78 97 89";"10000";"Участвует в конкурсе";"2098213";"—"
"200";"3";"—";"273000";"92 95 86";"—";"Участвует в конкурсе";"1401876";"—"
"201";"8";"Электронное";"273000";"90 97 86";"—";"Участвует в конкурсе";"1249741";"—"
"202";"10";"—";"273000";"96 70 97";"10000";"Участвует в конкурсе";"1988236";"—"
"203";"4";"—";"273000";"92 90 81";"10000";"Участвует в конкурсе";"1584686";"—"
"204";"9";"—";"273000";"90 82 91";"10000";"Участвует в конкурсе";"1361565";"—"
"206";"4";"—";"273000";"86 99 78";"10000";"Участвует в конкурсе";"1573651";"—"
"207";"5";"—";"273000";"86 99 78";"10000";"Участвует в конкурсе";"1351801";"—"
"208";"3";"—";"273000";"84 88 91";"10000";"Участвует в конкурсе";"1546136";"—"
"209";"5";"—";"273000";"82 100 81";"10000";"Участвует в конкурсе";"1732702";"—"
"210";"10";"—";"273000";"82 100 81";"10000";"Участвует в конкурсе";"1909512";"—"
"211";"4";"—";"273000";"82 90 91";"10000";"Участвует в конкурсе";"2003992";"—"
"212";"9";"Электронное";"273000";"80 97 86";"10000";"Участвует в конкурсе";"1510345";"—"
"213";"8";"—";"273000";"78 91 94";"10000";"Участвует в конкурсе";"1925689";"—"
"214";"7";"—";"273000";"74 100 89";"10000";"Участвует в конкурсе";"1460705";"—"
"215";"12";"—";"272000";"86 97 89";"—";"Участвует в конкурсе";"1509864";"—"
"216";"2";"—";"272000";"100 97 72";"3000";"Участвует в конкурсе";"1320176";"—"
"217";"6";"—";"272000";"94 86 89";"3000";"Участвует в конкурсе";"2296409";"—"
"218";"13";"—";"272000";"82 93 89";"8000";"Участвует в конкурсе";"2002207";"—"
"219";"8";"—";"272000";"92 79 91";"10000";"Участвует в конкурсе";"1360004";"—"
"220";"2";"—";"272000";"90 100 72";"10000";"Участвует в конкурсе";"1330875";"—"
"221";"2";"—";"272000";"90 91 81";"10000";"Участвует в конкурсе";"1040957";"—"
"222";"3";"—";"272000";"88 91 83";"10000";"Участвует в конкурсе";"1795766";"—"
"223";"4";"Электронное";"272000";"86 90 86";"10000";"Участвует в конкурсе";"1757798";"—"
"224";"9";"—";"272000";"86 90 86";"10000";"Участвует в конкурсе";"1725161";"—"
"225";"6";"—";"272000";"84 100 78";"10000";"Участвует в конкурсе";"1796936";"—"
"226";"8";"—";"272000";"82 91 89";"10000";"Участвует в конкурсе";"1188917";"—"
"227";"11";"—";"272000";"80 93 89";"10000";"Участвует в конкурсе";"1723297";"—"
"228";"5";"—";"272000";"78 95 89";"10000";"Участвует в конкурсе";"1326657";"—"
"229";"2";"—";"272000";"76 100 86";"10000";"Участвует в конкурсе";"1632011";"—"
"230";"4";"—";"272000";"74 97 91";"10000";"Участвует в конкурсе";"1937537";"—"
"231";"7";"—";"271000";"94 99 78";"—";"Участвует в конкурсе";"1177763";"—"
"232";"4";"—";"271000";"84 90 97";"—";"Участвует в конкурсе";"1618518";"—"
"233";"4";"—";"271000";"84 95 89";"3000";"Участвует в конкурсе";"1512095";"—"
"234";"2";"Электронное";"271000";"92 93 81";"5000";"Участвует в конкурсе";"1255525";"—"
"235";"3";"—";"271000";"92 93 78";"8000";"Участвует в конкурсе";"1444956";"—"
"236";"12";"—";"271000";"96 95 70";"10000";"Участвует в конкурсе";"2328110";"—"
"237";"12";"—";"271000";"92 86 83";"10000";"Участвует в конкурсе";"1797045";"—"
"238";"11";"—";"271000";"90 93 78";"10000";"Участвует в конкурсе";"1282051";"—"
"239";"8";"—";"271000";"88 95 78";"10000";"Участвует в конкурсе";"1032963";"—"
"241";"7";"—";"271000";"88 95 78";"10000";"Участвует в конкурсе";"2266396";"—"
"242";"7";"—";"271000";"88 90 83";"10000";"Участвует в конкурсе";"972736";"—"
"243";"7";"Электронное";"271000";"82 90 89";"10000";"Участвует в конкурсе";"950082";"—"
"244";"7";"—";"271000";"80 95 86";"10000";"Участвует в конкурсе";"1387052";"—"
"245";"7";"—";"271000";"76 88 97";"10000";"Участвует в конкурсе";"1512334";"—"
"246";"8";"—";"270000";"92 97 81";"—";"Участвует в конкурсе";"1496362";"—"
"247";"6";"—";"270000";"84 97 89";"—";"Участвует в конкурсе";"1615596";"—"
"248";"6";"Электронное";"270000";"82 99 89";"—";"Участвует в конкурсе";"1593684";"—"
"249";"7";"—";"270000";"88 99 78";"5000";"Участвует в конкурсе";"991423";"—"
"250";"7";"Электронное";"270000";"95 95 70";"10000";"Участвует в конкурсе";"1885894";"—"
"251";"2";"—";"270000";"92 95 73";"10000";"Участвует в конкурсе";"1172179";"—"
"252";"5";"—";"270000";"86 93 81";"10000";"Участвует в конкурсе";"2154625";"—"
"253";"4";"—";"270000";"86 88 86";"10000";"Участвует в конкурсе";"1579851";"—"
"254";"2";"Электронное";"270000";"80 99 81";"10000";"Участвует в конкурсе";"1205404";"—"
"255";"2";"—";"270000";"80 97 83";"10000";"Участвует в конкурсе";"1842896";"—"
"256";"7";"—";"270000";"78 93 89";"10000";"Участвует в конкурсе";"1285589";"—"
"257";"7";"—";"270000";"78 93 89";"10000";"Участвует в конкурсе";"1632201";"—"
"258";"7";"—";"270000";"78 91 91";"10000";"Участвует в конкурсе";"1876832";"—"
"259";"2";"—";"270000";"74 97 89";"10000";"Участвует в конкурсе";"992450";"—"
"260";"10";"—";"270000";"70 99 91";"10000";"Участвует в конкурсе";"1879826";"—"
"261";"2";"—";"269000";"94 86 89";"—";"Участвует в конкурсе";"1794791";"—"
"262";"3";"—";"269000";"90 93 86";"—";"Участвует в конкурсе";"1514536";"—"
"263";"3";"—";"269000";"86 100 83";"—";"Участвует в конкурсе";"1848294";"—"
"264";"5";"—";"269000";"84 99 81";"5000";"Участвует в конкурсе";"1615938";"—"
"265";"8";"—";"269000";"92 86 81";"10000";"Участвует в конкурсе";"1441444";"—"
"266";"4";"—";"269000";"92 86 81";"10000";"Участвует в конкурсе";"1575509";"—"
"267";"3";"—";"269000";"86 95 78";"10000";"Участвует в конкурсе";"2145672";"—"
"268";"8";"—";"269000";"86 90 83";"10000";"Участвует в конкурсе";"1437690";"—"
"269";"3";"Электронное";"269000";"84 100 75";"10000";"Участвует в конкурсе";"1727189";"—"
"270";"5";"—";"269000";"82 91 86";"10000";"Участвует в конкурсе";"1713724";"—"
"271";"11";"—";"269000";"82 88 89";"10000";"Участвует в конкурсе";"2178674";"—"
"272";"3";"—";"269000";"80 90 89";"10000";"Участвует в конкурсе";"1296103";"—"
"273";"2";"—";"269000";"80 90 89";"10000";"Участвует в конкурсе";"1978267";"—"
"274";"9";"—";"269000";"78 100 81";"10000";"Участвует в конкурсе";"1263536";"—"
"275";"13";"—";"269000";"78 100 81";"10000";"Участвует в конкурсе";"1518155";"—"
"276";"4";"Электронное";"268000";"86 93 89";"—";"Участвует в конкурсе";"1441780";"—"
"277";"11";"—";"268000";"84 93 91";"—";"Участвует в конкурсе";"2221707";"—"
"278";"6";"—";"268000";"82 97 89";"—";"Участвует в конкурсе";"1488943";"—"
"279";"2";"—";"268000";"82 95 91";"—";"Участвует в конкурсе";"1656473";"—"
"280";"10";"—";"268000";"80 99 89";"—";"Участвует в конкурсе";"1425135";"—"
"281";"9";"Электронное";"268000";"94 91 73";"10000";"Участвует в конкурсе";"1609868";"—"
"282";"4";"—";"268000";"88 95 75";"10000";"Участвует в конкурсе";"1844473";"—"
"283";"5";"—";"268000";"88 95 75";"10000";"Участвует в конкурсе";"973368";"—"
"284";"23";"—";"268000";"88 84 86";"10000";"Участвует в конкурсе";"2238459";"—"
"286";"8";"—";"268000";"82 95 81";"10000";"Участвует в конкурсе";"1035027";"—"
"287";"10";"—";"268000";"82 95 81";"10000";"Участвует в конкурсе";"2242255";"—"
"288";"11";"Электронное";"268000";"82 93 83";"10000";"Участвует в конкурсе";"1768686";"—"
"289";"5";"—";"268000";"82 90 86";"10000";"Участвует в конкурсе";"1969440";"—"
"290";"11";"Электронное";"268000";"80 97 81";"10000";"Участвует в конкурсе";"2133587";"—"
"291";"8";"—";"268000";"80 97 81";"10000";"Участвует в конкурсе";"1267476";"—"
"292";"9";"Электронное";"268000";"80 95 83";"10000";"Участвует в конкурсе";"1130561";"—"
"293";"5";"Электронное";"268000";"78 97 83";"10000";"Участвует в конкурсе";"1194700";"—"
"294";"7";"—";"268000";"78 86 94";"10000";"Участвует в конкурсе";"1284215";"—"
"296";"6";"—";"268000";"72 95 91";"10000";"Участвует в конкурсе";"1718376";"—"
"297";"2";"—";"267000";"95 99 73";"—";"Участвует в конкурсе";"1097162";"—"
"298";"3";"—";"267000";"82 91 94";"—";"Участвует в конкурсе";"971468";"—"
"299";"6";"—";"267000";"94 80 83";"10000";"Участвует в конкурсе";"1019506";"—"
"300";"6";"—";"267000";"84 95 78";"10000";"Участвует в конкурсе";"1365118";"—"
"301";"3";"—";"267000";"84 84 89";"10000";"Участвует в конкурсе";"1644119";"—"
"302";"1";"—";"267000";"82 86 89";"10000";"Участвует в конкурсе";"1247501";"—"
"304";"7";"Электронное";"267000";"78 90 89";"10000";"Участвует в конкурсе";"1286436";"—"
"305";"4";"—";"267000";"78 90 89";"10000";"Участвует в конкурсе";"1505617";"—"
"306";"4";"—";"267000";"78 88 91";"10000";"Участвует в конкурсе";"1442988";"—"
"307";"9";"—";"267000";"72 99 86";"10000";"Участвует в конкурсе";"1276798";"—"
"308";"3";"Электронное";"266000";"84 91 91";"—";"Участвует в конкурсе";"2222011";"—"
"309";"1";"—";"266000";"80 97 89";"—";"Участвует в конкурсе";"1179000";"—"
"310";"7";"—";"266000";"80 95 91";"—";"Участвует в конкурсе";"1561829";"—"
"311";"8";"Электронное";"266000";"88 100 75";"3000";"Участвует в конкурсе";"1913391";"—"
"312";"11";"—";"266000";"88 97 78";"3000";"Участвует в конкурсе";"1721084";"—"
"313";"9";"Электронное";"266000";"90 88 78";"10000";"Участвует в конкурсе";"2090514";"—"
"314";"6";"—";"266000";"88 93 75";"10000";"Участвует в конкурсе";"1407693";"—"
"315";"4";"—";"266000";"84 100 72";"10000";"Участвует в конкурсе";"1361691";"—"
"316";"7";"Электронное";"266000";"82 88 86";"10000";"Участвует в конкурсе";"1983467";"—"
"317";"7";"—";"266000";"82 88 86";"10000";"Участвует в конкурсе";"1849805";"—"
"318";"6";"—";"266000";"80 93 83";"10000";"Участвует в конкурсе";"1774143";"—"
"319";"10";"—";"266000";"80 90 86";"10000";"Участвует в конкурсе";"1261722";"—"
"320";"6";"Электронное";"266000";"78 100 78";"10000";"Участвует в конкурсе";"1352443";"—"
"321";"1";"—";"266000";"78 97 81";"10000";"Участвует в конкурсе";"1598635";"—"
"322";"10";"Электронное";"266000";"78 97 81";"10000";"Участвует в конкурсе";"1470078";"—"
"323";"9";"—";"265000";"84 95 86";"—";"Участвует в конкурсе";"1728512";"—"
"324";"5";"—";"265000";"82 97 86";"—";"Участвует в конкурсе";"959552";"—"
"325";"6";"—";"265000";"82 97 86";"—";"Участвует в конкурсе";"1239876";"—"
"326";"10";"—";"265000";"82 97 86";"—";"Участвует в конкурсе";"2084428";"—"
"327";"6";"—";"265000";"88 100 67";"10000";"Участвует в конкурсе";"1549528";"—"
"328";"11";"—";"265000";"88 86 81";"10000";"Участвует в конкурсе";"1230777";"—"
"329";"8";"—";"265000";"88 86 81";"10000";"Участвует в конкурсе";"2093390";"—"
"330";"4";"Электронное";"265000";"84 93 78";"10000";"Участвует в конкурсе";"1626317";"—"
"331";"3";"—";"265000";"84 90 81";"10000";"Участвует в конкурсе";"1358178";"—"
"332";"11";"—";"265000";"82 90 83";"10000";"Участвует в конкурсе";"1607571";"—"
"333";"2";"—";"265000";"78 86 91";"10000";"Участвует в конкурсе";"1982433";"—"
"334";"6";"—";"265000";"76 93 86";"10000";"Участвует в конкурсе";"1650750";"—"
"335";"9";"—";"265000";"76 90 89";"10000";"Участвует в конкурсе";"1980765";"—"
"336";"9";"Электронное";"264000";"94 97 73";"—";"Участвует в конкурсе";"1130222";"—"
"337";"5";"—";"264000";"90 93 81";"—";"Участвует в конкурсе";"2263394";"—"
"338";"1";"—";"264000";"86 95 83";"—";"Участвует в конкурсе";"1172831";"—"
"339";"3";"—";"264000";"84 91 89";"—";"Участвует в конкурсе";"2314762";"—"
"340";"8";"—";"264000";"92 86 81";"5000";"Участвует в конкурсе";"1303676";"—"
"341";"8";"—";"264000";"88 93 73";"10000";"Участвует в конкурсе";"1911276";"—"
"342";"6";"—";"264000";"88 91 75";"10000";"Участвует в конкурсе";"1912293";"—"
"343";"5";"—";"264000";"88 88 78";"10000";"Участвует в конкурсе";"1348233";"—"
"344";"10";"—";"264000";"88 80 86";"10000";"Участвует в конкурсе";"1634926";"—"
"345";"3";"—";"264000";"88 77 89";"10000";"Участвует в конкурсе";"1906096";"—"
"346";"11";"—";"264000";"86 82 86";"10000";"Участвует в конкурсе";"1515478";"—"
"347";"7";"—";"264000";"82 91 81";"10000";"Участвует в конкурсе";"1843197";"—"
"348";"6";"—";"264000";"82 91 81";"10000";"Участвует в конкурсе";"1497598";"—"
"349";"2";"—";"264000";"82 86 86";"10000";"Участвует в конкурсе";"1350207";"—"
"350";"3";"—";"264000";"80 91 83";"10000";"Участвует в конкурсе";"1124839";"—"
"351";"4";"—";"264000";"78 93 83";"10000";"Участвует в конкурсе";"1208400";"—"
"352";"11";"Электронное";"264000";"78 93 83";"10000";"Участвует в конкурсе";"1436461";"—"
"353";"2";"Электронное";"264000";"78 93 83";"10000";"Участвует в конкурсе";"1728853";"—"
"355";"3";"—";"263000";"84 93 86";"—";"Участвует в конкурсе";"1337547";"—"
"356";"2";"—";"263000";"100 90 70";"3000";"Участвует в конкурсе";"979356";"—"
"357";"2";"—";"263000";"70 99 91";"3000";"Участвует в конкурсе";"1202721";"—"
"358";"6";"—";"263000";"88 100 70";"5000";"Участвует в конкурсе";"1353667";"—"
"359";"2";"—";"263000";"90 91 72";"10000";"Участвует в конкурсе";"1893975";"—"
"360";"11";"—";"263000";"88 90 75";"10000";"Участвует в конкурсе";"1506387";"—"
"362";"9";"—";"263000";"86 86 81";"10000";"Участвует в конкурсе";"1439512";"—"
"363";"3";"—";"263000";"84 91 78";"10000";"Участвует в конкурсе";"1685617";"—"
"364";"2";"—";"263000";"84 86 83";"10000";"Участвует в конкурсе";"1633138";"—"
"365";"3";"Электронное";"263000";"82 90 81";"10000";"Участвует в конкурсе";"1525376";"—"
"366";"13";"—";"263000";"82 88 83";"10000";"Участвует в конкурсе";"1794063";"—"
"367";"11";"—";"263000";"80 95 78";"10000";"Участвует в конкурсе";"1498484";"—"
"368";"3";"—";"263000";"78 86 89";"10000";"Участвует в конкурсе";"1345300";"—"
"369";"11";"—";"263000";"78 86 89";"10000";"Участвует в конкурсе";"1750415";"—"
"370";"1";"—";"263000";"76 91 86";"10000";"Участвует в конкурсе";"1363147";"—"
"371";"7";"—";"263000";"76 88 89";"10000";"Участвует в конкурсе";"1358595";"—"
"372";"6";"—";"263000";"76 88 89";"10000";"Участвует в конкурсе";"1496507";"—"
"373";"6";"—";"263000";"74 93 86";"10000";"Участвует в конкурсе";"1281120";"—"
"374";"4";"—";"262000";"88 99 75";"—";"Участвует в конкурсе";"2095639";"—"
"375";"1";"—";"262000";"86 95 81";"—";"Участвует в конкурсе";"1594800";"—"
"376";"4";"—";"262000";"86 93 83";"—";"Участвует в конкурсе";"2230158";"—"
"377";"5";"—";"262000";"86 90 86";"—";"Участвует в конкурсе";"1601267";"—"
"378";"6";"Электронное";"262000";"84 95 83";"—";"Участвует в конкурсе";"1189580";"—"
"379";"4";"Электронное";"262000";"82 91 89";"—";"Участвует в конкурсе";"1286266";"—"
"380";"4";"—";"262000";"95 91 73";"3000";"Участвует в конкурсе";"1617854";"—"
"381";"5";"—";"262000";"84 100 75";"3000";"Участвует в конкурсе";"1180725";"—"
"382";"10";"—";"262000";"94 99 64";"5000";"Участвует в конкурсе";"1305558";"—"
"383";"4";"—";"262000";"94 86 72";"10000";"Участвует в конкурсе";"1545105";"—"
"384";"2";"Электронное";"262000";"88 95 69";"10000";"Участвует в конкурсе";"1718650";"—"
"385";"5";"—";"262000";"86 93 73";"10000";"Участвует в конкурсе";"1503915";"—"
"387";"12";"—";"262000";"78 91 83";"10000";"Участвует в конкурсе";"1263816";"—"
"388";"12";"—";"262000";"78 88 86";"10000";"Участвует в конкурсе";"1471834";"—"
"389";"11";"—";"262000";"74 95 83";"10000";"Участвует в конкурсе";"1797649";"—"
"390";"8";"—";"261000";"96 82 83";"—";"Участвует в конкурсе";"1684142";"—"
"391";"8";"—";"261000";"94 95 72";"—";"Участвует в конкурсе";"1324414";"—"
"392";"7";"—";"261000";"84 91 86";"—";"Участвует в конкурсе";"2222671";"—"
"393";"5";"—";"261000";"80 95 86";"—";"Участвует в конкурсе";"1614750";"—"
"394";"10";"—";"261000";"76 99 86";"—";"Участвует в конкурсе";"954667";"—"
"395";"8";"—";"261000";"80 100 78";"3000";"Участвует в конкурсе";"2096512";"—"
"396";"9";"—";"261000";"86 84 81";"10000";"Участвует в конкурсе";"1687915";"—"
"397";"13";"—";"261000";"86 82 83";"10000";"Участвует в конкурсе";"2210759";"—"
"398";"3";"—";"261000";"84 84 83";"10000";"Участвует в конкурсе";"1167410";"—"
"399";"5";"—";"261000";"78 95 78";"10000";"Участвует в конкурсе";"1505309";"—"
"401";"6";"—";"261000";"78 82 91";"10000";"Участвует в конкурсе";"2089746";"—"
"402";"8";"—";"261000";"76 86 89";"10000";"Участвует в конкурсе";"1721317";"—"
"403";"9";"—";"261000";"74 88 89";"10000";"Участвует в конкурсе";"1773863";"—"
"404";"3";"—";"261000";"74 86 91";"10000";"Участвует в конкурсе";"1618922";"—"
"405";"7";"—";"260000";"92 93 75";"—";"Участвует в конкурсе";"1913523";"—"
"406";"2";"—";"260000";"86 93 81";"—";"Участвует в конкурсе";"1412039";"—"
"407";"4";"—";"260000";"82 95 83";"—";"Участвует в конкурсе";"2414700";"—"
"408";"11";"—";"260000";"82 84 94";"—";"Участвует в конкурсе";"1571538";"—"
"409";"9";"—";"260000";"95 84 78";"3000";"Участвует в конкурсе";"1569136";"—"
"410";"9";"—";"260000";"88 99 70";"3000";"Участвует в конкурсе";"1838266";"—"
"412";"11";"Электронное";"260000";"82 90 83";"5000";"Участвует в конкурсе";"1988325";"—"
"413";"10";"—";"260000";"88 79 83";"10000";"Участвует в конкурсе";"1618195";"—"
"414";"10";"—";"260000";"86 91 73";"10000";"Участвует в конкурсе";"1335646";"—"
"415";"2";"—";"260000";"84 93 73";"10000";"Участвует в конкурсе";"1185554";"—"
"416";"3";"—";"260000";"84 93 73";"10000";"Участвует в конкурсе";"1245033";"—"
"417";"3";"—";"260000";"84 91 75";"10000";"Участвует в конкурсе";"1595454";"—"
"418";"7";"Электронное";"260000";"82 95 73";"10000";"Участвует в конкурсе";"1159952";"—"
"419";"9";"Электронное";"260000";"82 93 75";"10000";"Участвует в конкурсе";"1034728";"—"
"420";"11";"—";"260000";"78 99 73";"10000";"Участвует в конкурсе";"2296139";"—"
"421";"12";"—";"260000";"76 88 86";"10000";"Участвует в конкурсе";"1399216";"—"
"422";"7";"—";"260000";"74 91 85";"10000";"Участвует в конкурсе";"2425573";"—"
"423";"10";"—";"259000";"86 95 78";"—";"Участвует в конкурсе";"1214004";"—"
"424";"5";"—";"259000";"80 90 89";"—";"Участвует в конкурсе";"1506459";"—"
"425";"8";"—";"259000";"84 86 86";"3000";"Участвует в конкурсе";"1075962";"—"
"426";"11";"—";"259000";"74 88 94";"3000";"Участвует в конкурсе";"2039206";"—"
"427";"6";"—";"259000";"72 95 89";"3000";"Участвует в конкурсе";"1095692";"—"
"428";"5";"—";"259000";"88 86 75";"10000";"Участвует в конкурсе";"1813178";"—"
"429";"5";"—";"259000";"82 86 81";"10000";"Участвует в конкурсе";"1649329";"—"
"430";"9";"—";"259000";"78 93 78";"10000";"Участвует в конкурсе";"1644698";"—"
"431";"11";"—";"259000";"78 88 83";"10000";"Участвует в конкурсе";"1632410";"—"
"432";"10";"Электронное";"259000";"76 95 78";"10000";"Участвует в конкурсе";"2264007";"—"
"433";"7";"Электронное";"259000";"76 84 89";"10000";"Участвует в конкурсе";"1599490";"—"
"434";"6";"—";"259000";"74 97 78";"10000";"Участвует в конкурсе";"1481937";"—"
"435";"5";"Электронное";"259000";"72 91 86";"10000";"Участвует в конкурсе";"1200860";"—"
"436";"8";"—";"259000";"70 90 89";"10000";"Участвует в конкурсе";"1171090";"—"
"437";"2";"—";"258000";"94 91 73";"—";"Участвует в конкурсе";"2215426";"—"
"438";"4";"—";"258000";"90 90 78";"—";"Участвует в конкурсе";"1077666";"—"
"439";"7";"—";"258000";"80 95 83";"—";"Участвует в конкурсе";"1339036";"—"
"440";"7";"—";"258000";"74 93 91";"—";"Участвует в конкурсе";"1722587";"—"
"441";"9";"—";"258000";"72 86 100";"—";"Участвует в конкурсе";"2139796";"—"
"442";"9";"—";"258000";"84 100 64";"10000";"Участвует в конкурсе";"1325757";"—"
"443";"11";"—";"258000";"80 93 75";"10000";"Участвует в конкурсе";"1329513";"—"
"444";"7";"—";"258000";"78 95 75";"10000";"Участвует в конкурсе";"1316912";"—"
"445";"9";"—";"258000";"78 95 75";"10000";"Участвует в конкурсе";"968895";"—"
"446";"2";"—";"258000";"74 93 81";"10000";"Участвует в конкурсе";"2156030";"—"
"447";"7";"—";"257000";"86 93 78";"—";"Участвует в конкурсе";"1387695";"—"
"448";"6";"—";"257000";"84 100 73";"—";"Участвует в конкурсе";"1982550";"—"
"449";"10";"—";"257000";"78 93 86";"—";"Участвует в конкурсе";"1564353";"—"
"450";"2";"—";"257000";"84 97 73";"3000";"Участвует в конкурсе";"1654232";"—"
"451";"9";"Электронное";"257000";"76 97 81";"3000";"Участвует в конкурсе";"1291684";"—"
"452";"2";"—";"257000";"94 78 75";"10000";"Участвует в конкурсе";"1435503";"—"
"453";"11";"—";"257000";"82 95 70";"10000";"Участвует в конкурсе";"1640728";"—"
"454";"8";"—";"257000";"82 90 75";"10000";"Участвует в конкурсе";"1258822";"—"
"455";"3";"—";"257000";"80 78 89";"10000";"Участвует в конкурсе";"1977347";"—"
"456";"8";"—";"257000";"78 100 69";"10000";"Участвует в конкурсе";"1716529";"—"
"457";"1";"—";"257000";"78 97 72";"10000";"Участвует в конкурсе";"1289894";"—"
"458";"8";"Электронное";"257000";"78 91 78";"10000";"Участвует в конкурсе";"1995554";"—"
"459";"4";"—";"257000";"78 91 78";"10000";"Участвует в конкурсе";"1508392";"—"
"460";"10";"—";"257000";"78 80 89";"10000";"Участвует в конкурсе";"1790461";"—"
"461";"2";"—";"257000";"76 93 78";"10000";"Участвует в конкурсе";"1955734";"—"
"462";"2";"—";"257000";"76 90 81";"10000";"Участвует в конкурсе";"1721627";"—"
"463";"5";"—";"257000";"76 90 81";"10000";"Участвует в конкурсе";"1618476";"—"
"464";"7";"—";"257000";"74 95 78";"10000";"Участвует в конкурсе";"1916298";"—"
"465";"4";"—";"257000";"74 90 83";"10000";"Участвует в конкурсе";"1865359";"—"
"466";"12";"—";"257000";"70 88 89";"10000";"Участвует в конкурсе";"1356484";"—"
"467";"3";"—";"256000";"99 90 67";"—";"Участвует в конкурсе";"1619105";"—"
"468";"6";"—";"256000";"98 88 70";"—";"Участвует в конкурсе";"1368206";"—"
"469";"4";"—";"256000";"92 91 73";"—";"Участвует в конкурсе";"1547110";"—"
"470";"3";"—";"256000";"90 91 75";"—";"Участвует в конкурсе";"1791428";"—"
"471";"4";"—";"256000";"90 88 78";"—";"Участвует в конкурсе";"1857607";"—"
"472";"9";"—";"256000";"86 84 86";"—";"Участвует в конкурсе";"1576342";"—"
"473";"8";"Электронное";"256000";"84 86 86";"—";"Участвует в конкурсе";"1177377";"—"
"474";"2";"—";"256000";"82 93 81";"—";"Участвует в конкурсе";"1258781";"—"
"475";"9";"Электронное";"256000";"78 97 81";"—";"Участвует в конкурсе";"1187304";"—"
"476";"11";"Электронное";"256000";"90 91 73";"2000";"Участвует в конкурсе";"1858529";"—"
"477";"6";"Электронное";"256000";"90 90 73";"3000";"Участвует в конкурсе";"1342515";"—"
"478";"3";"—";"256000";"84 86 81";"5000";"Участвует в конкурсе";"1624444";"—"
"479";"12";"—";"256000";"88 97 61";"10000";"Участвует в конкурсе";"997459";"—"
"480";"2";"—";"256000";"88 88 70";"10000";"Участвует в конкурсе";"1112528";"—"
"481";"5";"—";"256000";"86 90 70";"10000";"Участвует в конкурсе";"1184980";"—"
"482";"13";"Электронное";"256000";"84 90 72";"10000";"Участвует в конкурсе";"1260682";"—"
"483";"2";"—";"256000";"82 86 78";"10000";"Участвует в конкурсе";"2121639";"—"
"484";"8";"—";"256000";"80 91 75";"10000";"Участвует в конкурсе";"1913943";"—"
"485";"7";"—";"256000";"78 90 78";"10000";"Участвует в конкурсе";"1654140";"—"
"486";"10";"—";"256000";"78 90 78";"10000";"Участвует в конкурсе";"1440406";"—"
"487";"6";"—";"256000";"78 90 78";"10000";"Участвует в конкурсе";"1976690";"—"
"488";"4";"—";"256000";"58 99 89";"10000";"Участвует в конкурсе";"1176334";"—"
"489";"7";"—";"255000";"92 97 66";"—";"Участвует в конкурсе";"1160881";"—"
"490";"7";"—";"255000";"92 90 73";"—";"Участвует в конкурсе";"1585160";"—"
"491";"5";"—";"255000";"86 91 78";"—";"Участвует в конкурсе";"1167144";"—"
"492";"9";"—";"255000";"84 93 78";"—";"Участвует в конкурсе";"1904537";"—"
"493";"3";"—";"255000";"84 88 83";"—";"Участвует в конкурсе";"1021270";"—"
"494";"5";"—";"255000";"82 100 73";"—";"Участвует в конкурсе";"983637";"—"
"495";"8";"—";"255000";"76 95 81";"3000";"Участвует в конкурсе";"1237382";"—"
"496";"7";"—";"255000";"74 95 83";"3000";"Участвует в конкурсе";"1259306";"—"
"497";"1";"Электронное";"255000";"64 91 97";"3000";"Участвует в конкурсе";"1285015";"—"
"498";"9";"—";"255000";"70 91 89";"5000";"Участвует в конкурсе";"1043028";"—"
"499";"11";"—";"255000";"100 78 67";"10000";"Участвует в конкурсе";"1565492";"—"
"501";"10";"—";"255000";"86 78 81";"10000";"Участвует в конкурсе";"1363779";"—"
"502";"2";"Электронное";"255000";"82 88 75";"10000";"Участвует в конкурсе";"1391363";"—"
"503";"6";"—";"255000";"80 93 72";"10000";"Участвует в конкурсе";"1173675";"—"
"504";"4";"Электронное";"255000";"80 90 75";"10000";"Участвует в конкурсе";"1754726";"—"
"505";"4";"—";"255000";"80 79 86";"10000";"Участвует в конкурсе";"1966995";"—"
"506";"5";"—";"255000";"78 78 89";"10000";"Участвует в конкурсе";"1565693";"—"
"507";"10";"—";"255000";"76 88 81";"10000";"Участвует в конкурсе";"1569703";"—"
"509";"9";"—";"255000";"74 88 83";"10000";"Участвует в конкурсе";"1960124";"—"
"510";"1";"—";"255000";"72 84 89";"10000";"Участвует в конкурсе";"1278180";"—"
"511";"7";"Электронное";"255000";"72 82 91";"10000";"Участвует в конкурсе";"1286437";"—"
"512";"10";"Электронное";"255000";"64 88 93";"10000";"Участвует в конкурсе";"1581857";"—"
"513";"7";"—";"254000";"100 84 70";"—";"Участвует в конкурсе";"1140102";"—"
"515";"1";"Электронное";"254000";"86 93 75";"—";"Участвует в конкурсе";"1627788";"—"
"516";"5";"—";"254000";"86 93 75";"—";"Участвует в конкурсе";"1776695";"—"
"517";"6";"—";"254000";"82 91 81";"—";"Участвует в конкурсе";"1205396";"—"
"518";"5";"—";"254000";"80 93 81";"—";"Участвует в конкурсе";"2369026";"—"
"520";"9";"—";"254000";"74 97 83";"—";"Участвует в конкурсе";"1262344";"—"
"521";"5";"—";"254000";"94 82 75";"3000";"Участвует в конкурсе";"1640638";"—"
"522";"5";"—";"254000";"86 93 72";"3000";"Участвует в конкурсе";"1363855";"—"
"524";"5";"—";"254000";"78 86 83";"7000";"Участвует в конкурсе";"1155844";"—"
"525";"11";"Электронное";"254000";"82 90 72";"10000";"Участвует в конкурсе";"1914069";"—"
"526";"7";"—";"254000";"82 90 72";"10000";"Участвует в конкурсе";"2265270";"—"
"527";"13";"—";"254000";"82 73 89";"10000";"Участвует в конкурсе";"2395246";"—"
"528";"4";"—";"254000";"80 78 86";"10000";"Участвует в конкурсе";"1785612";"—"
"529";"8";"Электронное";"254000";"76 93 75";"10000";"Участвует в конкурсе";"1182382";"—"
"530";"3";"—";"254000";"76 93 75";"10000";"Участвует в конкурсе";"979313";"—"
"531";"11";"Электронное";"254000";"76 90 78";"10000";"Участвует в конкурсе";"1748391";"—"
"532";"9";"—";"254000";"74 79 91";"10000";"Участвует в конкурсе";"1249385";"—"
"533";"12";"—";"254000";"72 91 81";"10000";"Участвует в конкурсе";"2225040";"—"
"534";"11";"—";"253000";"90 99 64";"—";"Участвует в конкурсе";"2006059";"—"
"535";"4";"—";"253000";"90 82 81";"—";"Участвует в конкурсе";"1581262";"—"
"536";"9";"—";"253000";"82 93 78";"—";"Участвует в конкурсе";"1207283";"—"
"537";"4";"—";"253000";"80 95 78";"—";"Участвует в конкурсе";"1095866";"—"
"538";"3";"Электронное";"253000";"80 84 86";"3000";"Участвует в конкурсе";"1168576";"—"
"539";"12";"—";"253000";"74 90 86";"3000";"Участвует в конкурсе";"997391";"—"
"540";"12";"—";"253000";"80 90 73";"10000";"Участвует в конкурсе";"1259639";"—"
"541";"7";"Электронное";"253000";"76 95 72";"10000";"Участвует в конкурсе";"1444359";"—"
"542";"13";"—";"253000";"76 78 89";"10000";"Участвует в конкурсе";"1318111";"—"
"543";"11";"—";"253000";"72 99 72";"10000";"Участвует в конкурсе";"1988673";"—"
"544";"12";"—";"253000";"72 82 89";"10000";"Участвует в конкурсе";"1287486";"—"
"545";"6";"—";"252000";"86 93 73";"—";"Участвует в конкурсе";"1518884";"—"
"546";"8";"—";"252000";"78 91 83";"—";"Участвует в конкурсе";"1601723";"—"
"547";"6";"—";"252000";"76 95 81";"—";"Участвует в конкурсе";"1257306";"—"
"549";"8";"—";"252000";"80 86 83";"3000";"Участвует в конкурсе";"1444427";"—"
"550";"4";"—";"252000";"82 95 67";"8000";"Участвует в конкурсе";"1234751";"—"
"551";"11";"—";"252000";"90 82 70";"10000";"Участвует в конкурсе";"1037070";"—"
"552";"12";"—";"252000";"88 71 83";"10000";"Участвует в конкурсе";"2227233";"—"
"553";"5";"Электронное";"252000";"84 80 78";"10000";"Участвует в конкурсе";"1396977";"—"
"554";"2";"—";"252000";"82 79 81";"10000";"Участвует в конкурсе";"1656958";"—"
"555";"1";"Электронное";"252000";"76 80 86";"10000";"Участвует в конкурсе";"1548967";"—"
"556";"3";"—";"252000";"76 80 86";"10000";"Участвует в конкурсе";"1544635";"—"
"557";"1";"—";"252000";"74 95 73";"10000";"Участвует в конкурсе";"1425757";"—"
"558";"11";"Электронное";"251000";"88 91 72";"—";"Участвует в конкурсе";"1704170";"—"
"559";"10";"—";"251000";"86 90 75";"—";"Участвует в конкурсе";"1170446";"—"
"560";"13";"—";"251000";"86 82 83";"—";"Участвует в конкурсе";"1584424";"—"
"561";"10";"—";"251000";"84 97 70";"—";"Участвует в конкурсе";"1592098";"—"
"562";"6";"—";"251000";"82 99 70";"—";"Участвует в конкурсе";"2154870";"—"
"563";"3";"—";"251000";"80 90 81";"—";"Участвует в конкурсе";"1156411";"—"
"564";"5";"Электронное";"251000";"80 88 83";"—";"Участвует в конкурсе";"1553551";"—"
"565";"9";"—";"251000";"74 91 86";"—";"Участвует в конкурсе";"2206462";"—"
"566";"10";"Электронное";"251000";"74 90 87";"—";"Участвует в конкурсе";"2128557";"—"
"567";"12";"—";"251000";"84 84 73";"10000";"Участвует в конкурсе";"1836017";"—"
"568";"1";"—";"251000";"82 78 81";"10000";"Участвует в конкурсе";"1579304";"—"
"569";"13";"—";"251000";"80 78 83";"10000";"Участвует в конкурсе";"1407643";"—"
"570";"11";"—";"251000";"78 88 75";"10000";"Участвует в конкурсе";"968313";"—"
"571";"1";"—";"251000";"78 88 75";"10000";"Участвует в конкурсе";"1261740";"—"
"572";"12";"—";"251000";"76 90 75";"10000";"Участвует в конкурсе";"1499032";"—"
"573";"9";"—";"251000";"74 78 89";"10000";"Участвует в конкурсе";"2422542";"—"
"574";"8";"—";"251000";"73 79 89";"10000";"Участвует в конкурсе";"1011849";"—"
"576";"2";"—";"251000";"70 88 83";"10000";"Участвует в конкурсе";"1264715";"—"
"578";"11";"—";"250000";"82 95 73";"—";"Участвует в конкурсе";"1614665";"—"
"579";"10";"—";"250000";"78 99 73";"—";"Участвует в конкурсе";"2055334";"—"
"580";"4";"—";"250000";"76 99 75";"—";"Участвует в конкурсе";"1547007";"—"
"583";"7";"—";"250000";"82 93 72";"3000";"Участвует в конкурсе";"1982182";"—"
"584";"10";"—";"250000";"76 93 78";"3000";"Участвует в конкурсе";"1969940";"—"
"585";"5";"Электронное";"250000";"82 88 70";"10000";"Участвует в конкурсе";"1331318";"—"
"586";"12";"—";"250000";"78 90 72";"10000";"Участвует в конкурсе";"1972465";"—"
"587";"9";"—";"250000";"78 84 78";"10000";"Участвует в конкурсе";"1793355";"—"
"588";"4";"Электронное";"250000";"76 78 86";"10000";"Участвует в конкурсе";"2311571";"—"
"589";"3";"—";"250000";"74 93 73";"10000";"Участвует в конкурсе";"1288039";"—"
"590";"7";"—";"250000";"74 91 75";"10000";"Участвует в конкурсе";"1234887";"—"
"591";"4";"—";"250000";"74 88 78";"10000";"Участвует в конкурсе";"1331898";"—"
"592";"2";"—";"250000";"64 95 81";"10000";"Участвует в конкурсе";"1330928";"—"
"593";"8";"—";"250000";"64 90 86";"10000";"Участвует в конкурсе";"2231572";"—"
"594";"9";"—";"249000";"88 86 75";"—";"Участвует в конкурсе";"2219305";"—"
"596";"7";"—";"249000";"78 90 81";"—";"Участвует в конкурсе";"1405316";"—"
"597";"11";"—";"249000";"74 93 82";"—";"Участвует в конкурсе";"2391047";"—"
"598";"10";"Электронное";"249000";"64 88 97";"—";"Участвует в конкурсе";"2164161";"—"
"599";"7";"—";"249000";"80 93 73";"3000";"Участвует в конкурсе";"1585243";"—"
"600";"1";"—";"249000";"82 99 64";"4000";"Участвует в конкурсе";"1788184";"—"
"601";"2";"—";"249000";"84 77 78";"10000";"Участвует в конкурсе";"1314579";"—"
"602";"5";"—";"249000";"82 84 73";"10000";"Участвует в конкурсе";"1260051";"—"
"603";"6";"—";"249000";"78 80 81";"10000";"Участвует в конкурсе";"1331048";"—"
"604";"7";"—";"249000";"76 82 81";"10000";"Участвует в конкурсе";"954051";"—"
"605";"9";"—";"249000";"74 82 83";"10000";"Участвует в конкурсе";"1637729";"—"
"606";"10";"—";"248000";"86 90 72";"—";"Участвует в конкурсе";"1236392";"—"
"608";"4";"—";"248000";"76 97 75";"—";"Участвует в конкурсе";"1039866";"—"
"609";"4";"—";"248000";"72 90 86";"—";"Участвует в конкурсе";"1169918";"—"
"610";"8";"Электронное";"248000";"72 90 86";"—";"Участвует в конкурсе";"1790687";"—"
"611";"13";"—";"248000";"80 90 75";"3000";"Участвует в конкурсе";"1214202";"—"
"612";"4";"—";"248000";"84 90 64";"10000";"Участвует в конкурсе";"1771627";"—"
"613";"7";"—";"248000";"84 79 75";"10000";"Участвует в конкурсе";"1822258";"—"
"614";"9";"—";"248000";"80 80 78";"10000";"Участвует в конкурсе";"1442415";"—"
"615";"7";"—";"248000";"76 84 78";"10000";"Участвует в конкурсе";"1784166";"—"
"616";"7";"—";"248000";"72 99 67";"10000";"Участвует в конкурсе";"1795425";"—"
"617";"6";"—";"247000";"88 90 69";"—";"Участвует в конкурсе";"1198957";"—"
"618";"7";"—";"247000";"86 88 73";"—";"Участвует в конкурсе";"1361841";"—"
"619";"2";"—";"247000";"86 86 75";"—";"Участвует в конкурсе";"1445574";"—"
"620";"6";"—";"247000";"86 80 81";"—";"Участвует в конкурсе";"1298265";"—"
"621";"2";"—";"247000";"82 93 72";"—";"Участвует в конкурсе";"1558578";"—"
"622";"11";"—";"247000";"76 90 81";"—";"Участвует в конкурсе";"1060693";"—"
"623";"6";"—";"247000";"74 95 78";"—";"Участвует в конкурсе";"1442123";"—"
"624";"2";"—";"247000";"74 84 89";"—";"Участвует в конкурсе";"1493369";"—"
"625";"7";"Электронное";"247000";"90 75 80";"2000";"Участвует в конкурсе";"1773660";"—"
"626";"10";"—";"247000";"78 91 75";"3000";"Участвует в конкурсе";"2206689";"—"
"627";"6";"Электронное";"247000";"86 88 67";"6000";"Участвует в конкурсе";"1326302";"—"
"628";"2";"—";"247000";"90 84 63";"10000";"Участвует в конкурсе";"1620494";"—"
"629";"11";"—";"247000";"84 70 83";"10000";"Участвует в конкурсе";"975982";"—"
"630";"1";"—";"247000";"82 88 67";"10000";"Участвует в конкурсе";"1402085";"—"
"631";"6";"—";"247000";"82 74 81";"10000";"Участвует в конкурсе";"1382680";"—"
"633";"11";"—";"247000";"78 68 91";"10000";"Участвует в конкурсе";"1175415";"—"
"634";"2";"—";"247000";"76 91 70";"10000";"Участвует в конкурсе";"1290058";"—"
"635";"10";"—";"247000";"76 88 73";"10000";"Участвует в конкурсе";"1522745";"—"
"636";"6";"—";"247000";"74 82 81";"10000";"Участвует в конкурсе";"1444148";"—"
"637";"5";"—";"247000";"74 80 83";"10000";"Участвует в конкурсе";"1198414";"—"
"638";"5";"—";"247000";"64 95 78";"10000";"Участвует в конкурсе";"1987778";"—"
"639";"5";"—";"246000";"86 77 83";"—";"Участвует в конкурсе";"1999237";"—"
"640";"7";"Электронное";"246000";"82 100 64";"—";"Участвует в конкурсе";"1962776";"—"
"641";"5";"—";"246000";"80 99 67";"—";"Участвует в конкурсе";"1743055";"—"
"642";"8";"Электронное";"246000";"78 90 78";"—";"Участвует в конкурсе";"1417133";"—"
"644";"2";"—";"246000";"72 93 81";"—";"Участвует в конкурсе";"1041475";"—"
"645";"6";"—";"246000";"70 90 86";"—";"Участвует в конкурсе";"2184232";"—"
"646";"3";"—";"246000";"70 90 86";"—";"Участвует в конкурсе";"1206708";"—"
"647";"8";"—";"246000";"82 86 75";"3000";"Участвует в конкурсе";"1125342";"—"
"648";"9";"—";"246000";"80 88 75";"3000";"Участвует в конкурсе";"1208906";"—"
"649";"4";"—";"246000";"78 95 70";"3000";"Участвует в конкурсе";"1036586";"—"
"650";"2";"—";"246000";"92 61 83";"10000";"Участвует в конкурсе";"1636834";"—"
"651";"3";"—";"246000";"84 100 52";"10000";"Участвует в конкурсе";"1233908";"—"
"652";"2";"—";"246000";"84 80 72";"10000";"Участвует в конкурсе";"1214845";"—"
"653";"12";"—";"246000";"82 93 61";"10000";"Участвует в конкурсе";"1522277";"—"
"654";"2";"—";"246000";"80 86 70";"10000";"Участвует в конкурсе";"1498788";"—"
"655";"9";"—";"246000";"76 88 72";"10000";"Участвует в конкурсе";"1215031";"—"
"656";"3";"—";"246000";"76 88 72";"10000";"Участвует в конкурсе";"2075077";"—"
"657";"3";"—";"245000";"92 86 67";"—";"Участвует в конкурсе";"1103575";"—"
"658";"5";"—";"245000";"76 91 78";"—";"Участвует в конкурсе";"1625569";"—"
"659";"30";"—";"245000";"70 86 89";"—";"Участвует в конкурсе";"2393776";"—"
"660";"6";"Электронное";"245000";"88 88 67";"2000";"Участвует в конкурсе";"1994791";"—"
"661";"10";"—";"245000";"82 78 83";"2000";"Участвует в конкурсе";"1775558";"—"
"662";"12";"Электронное";"245000";"64 90 89";"2000";"Участвует в конкурсе";"1236414";"—"
"663";"4";"—";"245000";"86 86 70";"3000";"Участвует в конкурсе";"1099257";"—"
"664";"2";"—";"245000";"78 86 78";"3000";"Участвует в конкурсе";"2212664";"—"
"665";"3";"Электронное";"245000";"84 84 67";"10000";"Участвует в конкурсе";"1648811";"—"
"666";"8";"—";"245000";"78 91 66";"10000";"Участвует в конкурсе";"2225891";"—"
"667";"13";"—";"245000";"78 84 73";"10000";"Участвует в конкурсе";"1414319";"—"
"668";"5";"—";"245000";"78 82 75";"10000";"Участвует в конкурсе";"1200129";"—"
"669";"9";"—";"245000";"76 84 75";"10000";"Участвует в конкурсе";"1150278";"—"
"670";"3";"—";"245000";"74 86 75";"10000";"Участвует в конкурсе";"1656418";"—"
"671";"8";"—";"245000";"72 82 81";"10000";"Участвует в конкурсе";"1254679";"—"
"672";"10";"—";"244000";"82 90 72";"—";"Участвует в конкурсе";"2302752";"—"
"673";"1";"—";"244000";"82 84 78";"—";"Участвует в конкурсе";"1513908";"—"
"674";"10";"—";"244000";"76 95 73";"—";"Участвует в конкурсе";"1253362";"—"
"675";"10";"—";"244000";"74 84 86";"—";"Участвует в конкурсе";"1543722";"—"
"676";"6";"—";"244000";"84 91 66";"3000";"Участвует в конкурсе";"961639";"—"
"677";"6";"Электронное";"244000";"80 86 75";"3000";"Участвует в конкурсе";"1959702";"—"
"678";"4";"—";"244000";"86 68 86";"4000";"Участвует в конкурсе";"1362355";"—"
"679";"1";"—";"244000";"82 74 78";"10000";"Участвует в конкурсе";"1775341";"—"
"680";"5";"—";"244000";"80 84 70";"10000";"Участвует в конкурсе";"1792970";"—"
"681";"8";"—";"244000";"78 75 81";"10000";"Участвует в конкурсе";"1789639";"—"
"682";"9";"—";"244000";"78 75 81";"10000";"Участвует в конкурсе";"2260924";"—"
"683";"3";"—";"244000";"74 88 72";"10000";"Участвует в конкурсе";"1857316";"—"
"684";"2";"Электронное";"244000";"74 79 81";"10000";"Участвует в конкурсе";"1979059";"—"
"685";"11";"—";"243000";"88 91 64";"—";"Участвует в конкурсе";"1364666";"—"
"686";"8";"—";"243000";"86 90 67";"—";"Участвует в конкурсе";"2206093";"—"
"687";"12";"—";"243000";"84 84 75";"—";"Участвует в конкурсе";"1155326";"—"
"688";"9";"—";"243000";"82 86 75";"—";"Участвует в конкурсе";"2230904";"—"
"689";"9";"—";"243000";"80 93 70";"—";"Участвует в конкурсе";"1264415";"—"
"690";"3";"—";"243000";"80 82 81";"—";"Участвует в конкурсе";"1348711";"—"
"691";"3";"—";"243000";"78 99 66";"—";"Участвует в конкурсе";"1154056";"—"
"693";"8";"—";"243000";"76 95 72";"—";"Участвует в конкурсе";"1791256";"—"
"694";"8";"—";"243000";"70 84 89";"—";"Участвует в конкурсе";"1798627";"—"
"695";"4";"—";"243000";"80 77 83";"3000";"Участвует в конкурсе";"1543448";"—"
"696";"8";"—";"243000";"78 90 72";"3000";"Участвует в конкурсе";"2025972";"—"
"697";"1";"Электронное";"243000";"76 95 69";"3000";"Участвует в конкурсе";"1203455";"—"
"698";"4";"—";"243000";"86 69 78";"10000";"Участвует в конкурсе";"1620552";"—"
"699";"11";"—";"243000";"82 88 63";"10000";"Участвует в конкурсе";"1122800";"—"
"700";"6";"—";"243000";"82 78 73";"10000";"Участвует в конкурсе";"1606965";"—"
"701";"13";"—";"243000";"80 75 78";"10000";"Участвует в конкурсе";"1959592";"—"
"703";"2";"—";"243000";"74 84 75";"10000";"Участвует в конкурсе";"1885522";"—"
"704";"4";"Электронное";"243000";"72 86 75";"10000";"Участвует в конкурсе";"1039136";"—"
"705";"3";"—";"243000";"70 80 83";"10000";"Участвует в конкурсе";"1313302";"—"
"708";"12";"—";"242000";"80 95 67";"—";"Участвует в конкурсе";"1205244";"—"
"709";"3";"—";"242000";"80 84 78";"—";"Участвует в конкурсе";"1286879";"—"
"710";"2";"—";"242000";"79 97 66";"—";"Участвует в конкурсе";"1439086";"—"
"711";"13";"—";"242000";"76 91 75";"—";"Участвует в конкурсе";"1652095";"—"
"712";"4";"Электронное";"242000";"76 88 78";"—";"Участвует в конкурсе";"1759581";"—"
"713";"7";"—";"242000";"90 80 69";"3000";"Участвует в конкурсе";"1196733";"—"
"714";"4";"—";"242000";"78 88 73";"3000";"Участвует в конкурсе";"1256542";"—"
"715";"8";"—";"242000";"70 86 83";"3000";"Участвует в конкурсе";"1614379";"—"
"716";"10";"—";"242000";"80 82 70";"10000";"Участвует в конкурсе";"2047933";"—"
"717";"9";"—";"242000";"80 77 75";"10000";"Участвует в конкурсе";"1797091";"—"
"718";"1";"—";"242000";"80 77 75";"10000";"Участвует в конкурсе";"1978113";"—"
"719";"13";"—";"242000";"80 74 78";"10000";"Участвует в конкурсе";"1492806";"—"
"720";"12";"—";"242000";"78 84 70";"10000";"Участвует в конкурсе";"2305636";"—"
"721";"7";"Электронное";"242000";"76 86 70";"10000";"Участвует в конкурсе";"1536974";"—"
"722";"5";"—";"242000";"72 79 81";"10000";"Участвует в конкурсе";"1264699";"—"
"723";"10";"—";"242000";"70 84 78";"10000";"Участвует в конкурсе";"969372";"—"
"724";"11";"—";"241000";"86 86 69";"—";"Участвует в конкурсе";"1232627";"—"
"725";"4";"—";"241000";"82 95 64";"—";"Участвует в конкурсе";"1728809";"—"
"726";"5";"—";"241000";"80 86 75";"—";"Участвует в конкурсе";"1176576";"—"
"727";"8";"—";"241000";"80 78 83";"—";"Участвует в конкурсе";"2343950";"—"
"728";"6";"—";"241000";"78 91 72";"—";"Участвует в конкурсе";"1332833";"—"
"729";"4";"—";"241000";"78 77 86";"—";"Участвует в конкурсе";"1036179";"—"
"731";"2";"—";"241000";"74 84 83";"—";"Участвует в конкурсе";"967322";"—"
"732";"4";"—";"241000";"74 84 83";"—";"Участвует в конкурсе";"1782250";"—"
"733";"1";"—";"241000";"74 78 89";"—";"Участвует в конкурсе";"1934735";"—"
"734";"9";"—";"241000";"64 91 86";"—";"Участвует в конкурсе";"2229049";"—"
"735";"11";"—";"241000";"72 86 81";"2000";"Участвует в конкурсе";"1979333";"—"
"736";"10";"Электронное";"241000";"70 86 83";"2000";"Участвует в конкурсе";"1790091";"—"
"737";"10";"—";"241000";"92 66 73";"10000";"Участвует в конкурсе";"2408643";"—"
"738";"5";"—";"241000";"86 78 67";"10000";"Участвует в конкурсе";"1274359";"—"
"739";"4";"Электронное";"241000";"84 66 81";"10000";"Участвует в конкурсе";"1266762";"—"
"740";"8";"—";"241000";"82 79 70";"10000";"Участвует в конкурсе";"1908582";"—"
"741";"6";"—";"241000";"78 80 73";"10000";"Участвует в конкурсе";"1515074";"—"
"742";"7";"—";"241000";"78 78 75";"10000";"Участвует в конкурсе";"981214";"—"
"744";"1";"—";"241000";"74 82 75";"10000";"Участвует в конкурсе";"1275694";"—"
"745";"5";"—";"241000";"74 79 78";"10000";"Участвует в конкурсе";"1289061";"—"
"746";"7";"—";"241000";"72 86 73";"10000";"Участвует в конкурсе";"1193478";"—"
"747";"9";"—";"241000";"72 84 75";"10000";"Участвует в конкурсе";"2253873";"—"
"748";"12";"—";"241000";"70 80 81";"10000";"Участвует в конкурсе";"1443911";"—"
"749";"6";"—";"241000";"70 75 86";"10000";"Участвует в конкурсе";"1719448";"—"
"750";"3";"—";"241000";"64 84 83";"10000";"Участвует в конкурсе";"1504009";"—"
"752";"6";"—";"240000";"82 88 70";"—";"Участвует в конкурсе";"2308674";"—"
"753";"3";"—";"240000";"74 91 75";"—";"Участвует в конкурсе";"1314572";"—"
"754";"12";"—";"240000";"72 82 86";"—";"Участвует в конкурсе";"2303364";"—"
"755";"13";"—";"240000";"64 90 83";"3000";"Участвует в конкурсе";"1442501";"—"
"756";"5";"Электронное";"240000";"76 100 55";"9000";"Участвует в конкурсе";"1707190";"—"
"757";"2";"—";"240000";"86 78 66";"10000";"Участвует в конкурсе";"1758699";"—"
"759";"3";"—";"240000";"80 56 94";"10000";"Участвует в конкурсе";"1891276";"—"
"760";"11";"—";"240000";"78 77 75";"10000";"Участвует в конкурсе";"1648490";"—"
"761";"3";"—";"240000";"76 71 83";"10000";"Участвует в конкурсе";"1416327";"—"
"763";"3";"—";"240000";"72 86 72";"10000";"Участвует в конкурсе";"2173569";"—"
"764";"8";"—";"240000";"72 75 83";"10000";"Участвует в конкурсе";"1730362";"—"
"765";"3";"Электронное";"239000";"88 70 81";"—";"Участвует в конкурсе";"1274074";"—"
"766";"8";"—";"239000";"84 88 67";"—";"Участвует в конкурсе";"1430537";"—"
"767";"8";"—";"239000";"82 93 64";"—";"Участвует в конкурсе";"1745172";"—"
"768";"8";"—";"239000";"82 88 69";"—";"Участвует в конкурсе";"1434251";"—"
"769";"11";"—";"239000";"80 84 75";"—";"Участвует в конкурсе";"1618197";"—"
"770";"4";"—";"239000";"79 90 70";"—";"Участвует в конкурсе";"992772";"—"
"771";"13";"—";"239000";"78 78 83";"—";"Участвует в конкурсе";"2324532";"—"
"772";"4";"—";"239000";"76 80 83";"—";"Участвует в конкурсе";"1581358";"—"
"774";"10";"—";"239000";"74 99 66";"—";"Участвует в конкурсе";"1624234";"—"
"775";"6";"—";"239000";"74 90 75";"—";"Участвует в конкурсе";"1478016";"—"
"776";"5";"—";"239000";"72 86 81";"—";"Участвует в конкурсе";"1202406";"—"
"777";"4";"—";"239000";"68 84 87";"—";"Участвует в конкурсе";"1628846";"—"
"778";"4";"—";"239000";"88 71 78";"2000";"Участвует в конкурсе";"1208347";"—"
"779";"4";"—";"239000";"74 90 73";"2000";"Участвует в конкурсе";"1606719";"—"
"780";"8";"Электронное";"239000";"72 86 78";"3000";"Участвует в конкурсе";"1913306";"—"
"781";"10";"Электронное";"239000";"82 84 63";"10000";"Участвует в конкурсе";"1289746";"—"
"782";"5";"Электронное";"239000";"78 90 61";"10000";"Участвует в конкурсе";"966619";"—"
"783";"8";"—";"239000";"76 80 73";"10000";"Участвует в конкурсе";"1586468";"—"
"784";"4";"—";"239000";"70 84 75";"10000";"Участвует в конкурсе";"1265906";"—"
"785";"7";"—";"238000";"84 90 64";"—";"Участвует в конкурсе";"2097111";"—"
"786";"8";"—";"238000";"84 84 70";"—";"Участвует в конкурсе";"1789838";"—"
"787";"3";"—";"238000";"76 84 78";"—";"Участвует в конкурсе";"1608112";"—"
"788";"1";"—";"238000";"76 84 78";"—";"Участвует в конкурсе";"1998373";"—"
"790";"9";"Электронное";"238000";"76 79 83";"—";"Участвует в конкурсе";"2021666";"—"
"791";"3";"—";"238000";"74 86 78";"—";"Участвует в конкурсе";"2253409";"—"
"792";"1";"—";"238000";"70 74 94";"—";"Участвует в конкурсе";"1212358";"—"
"793";"8";"Электронное";"238000";"70 91 75";"2000";"Участвует в конкурсе";"957207";"—"
"794";"3";"—";"238000";"88 80 67";"3000";"Участвует в конкурсе";"1311767";"—"
"795";"11";"—";"238000";"78 82 75";"3000";"Участвует в конкурсе";"1278843";"—"
"796";"5";"—";"238000";"74 88 70";"6000";"Участвует в конкурсе";"1607207";"—"
"797";"1";"—";"238000";"80 84 64";"10000";"Участвует в конкурсе";"1700528";"—"
"799";"4";"Электронное";"238000";"78 77 73";"10000";"Участвует в конкурсе";"1533396";"—"
"800";"6";"—";"238000";"77 82 69";"10000";"Участвует в конкурсе";"1249945";"—"
"801";"6";"—";"238000";"76 77 75";"10000";"Участвует в конкурсе";"1061392";"—"
"802";"6";"—";"238000";"76 74 78";"10000";"Участвует в конкурсе";"1285995";"—"
"803";"2";"—";"238000";"74 90 64";"10000";"Участвует в конкурсе";"1195444";"—"
"804";"8";"Электронное";"238000";"74 82 72";"10000";"Участвует в конкурсе";"1073457";"—"
"805";"11";"Электронное";"238000";"74 79 75";"10000";"Участвует в конкурсе";"1843985";"—"
"806";"8";"—";"238000";"64 91 73";"10000";"Участвует в конкурсе";"2269024";"—"
"807";"8";"—";"237000";"88 88 61";"—";"Участвует в конкурсе";"2182668";"—"
"808";"3";"—";"237000";"86 73 78";"—";"Участвует в конкурсе";"1246340";"—"
"809";"2";"—";"237000";"82 80 75";"—";"Участвует в конкурсе";"1878194";"—"
"810";"1";"—";"237000";"78 93 66";"—";"Участвует в конкурсе";"1431601";"—"
"811";"5";"Электронное";"237000";"76 88 73";"—";"Участвует в конкурсе";"2315545";"—"
"813";"4";"—";"237000";"74 80 83";"—";"Участвует в конкурсе";"1636093";"—"
"815";"13";"—";"237000";"74 78 83";"2000";"Участвует в конкурсе";"1507204";"—"
"816";"2";"—";"237000";"86 70 78";"3000";"Участвует в конкурсе";"1637426";"—"
"817";"1";"—";"237000";"82 82 70";"3000";"Участвует в конкурсе";"1650013";"—"
"818";"4";"—";"237000";"82 69 83";"3000";"Участвует в конкурсе";"1587303";"—"
"820";"2";"—";"237000";"74 82 78";"3000";"Участвует в конкурсе";"1922573";"—"
"821";"10";"—";"237000";"80 86 61";"10000";"Участвует в конкурсе";"976359";"—"
"822";"2";"—";"237000";"80 78 69";"10000";"Участвует в конкурсе";"1598328";"—"
"823";"4";"—";"237000";"78 82 67";"10000";"Участвует в конкурсе";"1177855";"—"
"824";"8";"—";"237000";"78 80 69";"10000";"Участвует в конкурсе";"1510584";"—"
"825";"12";"—";"237000";"78 77 72";"10000";"Участвует в конкурсе";"1585728";"—"
"826";"11";"—";"237000";"74 90 63";"10000";"Участвует в конкурсе";"1212498";"—"
"827";"6";"Электронное";"237000";"72 88 67";"10000";"Участвует в конкурсе";"1124016";"—"
"829";"6";"—";"236000";"88 84 64";"—";"Участвует в конкурсе";"1840182";"—"
"830";"6";"—";"236000";"84 88 64";"—";"Участвует в конкурсе";"2275378";"—"
"831";"4";"—";"236000";"84 80 72";"—";"Участвует в конкурсе";"1975601";"—"
"832";"5";"Электронное";"236000";"82 82 72";"—";"Участвует в конкурсе";"1426907";"—"
"833";"5";"—";"236000";"80 86 70";"—";"Участвует в конкурсе";"1226688";"—"
"834";"5";"—";"236000";"74 90 72";"—";"Участвует в конкурсе";"1629750";"—"
"835";"2";"—";"236000";"74 84 78";"—";"Участвует в конкурсе";"1439314";"—"
"836";"12";"—";"236000";"72 78 86";"—";"Участвует в конкурсе";"2055076";"—"
"837";"7";"—";"236000";"80 90 64";"2000";"Участвует в конкурсе";"1294194";"—"
"838";"5";"—";"236000";"74 82 78";"2000";"Участвует в конкурсе";"1432689";"—"
"839";"6";"—";"236000";"84 74 75";"3000";"Участвует в конкурсе";"1177352";"—"
"840";"5";"—";"236000";"80 78 75";"3000";"Участвует в конкурсе";"2238105";"—"
"841";"4";"—";"236000";"86 65 75";"10000";"Участвует в конкурсе";"1455644";"—"
"842";"10";"—";"236000";"80 71 75";"10000";"Участвует в конкурсе";"1858143";"—"
"843";"7";"—";"236000";"80 71 75";"10000";"Участвует в конкурсе";"2042683";"—"
"844";"11";"—";"236000";"78 70 78";"10000";"Участвует в конкурсе";"2370652";"—"
"845";"7";"—";"236000";"74 71 81";"10000";"Участвует в конкурсе";"1180280";"—"
"846";"2";"—";"236000";"70 86 70";"10000";"Участвует в конкурсе";"1396015";"—"
"847";"9";"—";"235000";"84 78 73";"—";"Участвует в конкурсе";"1977938";"—"
"848";"10";"—";"235000";"82 86 67";"—";"Участвует в конкурсе";"1829730";"—"
"849";"13";"—";"235000";"80 88 67";"—";"Участвует в конкурсе";"1446989";"—"
"850";"3";"—";"235000";"78 93 64";"—";"Участвует в конкурсе";"1355329";"—"
"851";"6";"—";"235000";"78 84 73";"—";"Участвует в конкурсе";"2144001";"—"
"852";"9";"Электронное";"235000";"78 79 78";"—";"Участвует в конкурсе";"1430977";"—"
"853";"3";"—";"235000";"70 90 75";"—";"Участвует в конкурсе";"1441746";"—"
"854";"10";"—";"235000";"70 84 81";"—";"Участвует в конкурсе";"1755822";"—"
"855";"11";"—";"235000";"82 84 67";"2000";"Участвует в конкурсе";"1210771";"—"
"856";"2";"—";"235000";"84 82 66";"3000";"Участвует в конкурсе";"1755968";"—"
"857";"2";"—";"235000";"78 74 78";"5000";"Участвует в конкурсе";"1899811";"—"
"858";"1";"—";"235000";"80 79 66";"10000";"Участвует в конкурсе";"985158";"—"
"859";"6";"—";"235000";"72 86 67";"10000";"Участвует в конкурсе";"1583926";"—"
"860";"10";"Электронное";"235000";"72 80 73";"10000";"Участвует в конкурсе";"1483089";"—"
"861";"9";"—";"235000";"72 75 78";"10000";"Участвует в конкурсе";"2087140";"—"
"862";"5";"—";"235000";"70 88 67";"10000";"Участвует в конкурсе";"2292696";"—"
"864";"5";"—";"234000";"82 88 64";"—";"Участвует в конкурсе";"2242900";"—"
"865";"7";"—";"234000";"82 80 72";"—";"Участвует в конкурсе";"1516803";"—"
"866";"7";"—";"234000";"78 84 72";"—";"Участвует в конкурсе";"1234370";"—"
"868";"2";"Электронное";"234000";"76 75 83";"—";"Участвует в конкурсе";"1579026";"—"
"869";"12";"—";"234000";"74 91 69";"—";"Участвует в конкурсе";"1651414";"—"
"870";"5";"—";"234000";"74 90 70";"—";"Участвует в конкурсе";"1870013";"—"
"871";"10";"Электронное";"234000";"72 93 69";"—";"Участвует в конкурсе";"1572135";"—"
"872";"9";"—";"234000";"72 84 78";"—";"Участвует в конкурсе";"954307";"—"
"873";"1";"—";"234000";"70 86 78";"—";"Участвует в конкурсе";"2207477";"—"
"874";"6";"—";"234000";"80 82 70";"2000";"Участвует в конкурсе";"1856717";"—"
"875";"1";"—";"234000";"72 86 73";"3000";"Участвует в конкурсе";"1649001";"—"
"876";"10";"—";"234000";"88 61 75";"10000";"Участвует в конкурсе";"2151670";"—"
"877";"4";"—";"234000";"84 70 70";"10000";"Участвует в конкурсе";"1825116";"—"
"878";"7";"—";"234000";"80 84 60";"10000";"Участвует в конкурсе";"1563223";"—"
"879";"4";"—";"234000";"80 78 66";"10000";"Участвует в конкурсе";"1307312";"—"
"880";"3";"—";"234000";"78 74 72";"10000";"Участвует в конкурсе";"1147933";"—"
"881";"10";"Электронное";"234000";"78 71 75";"10000";"Участвует в конкурсе";"2281457";"—"
"882";"5";"—";"234000";"74 75 75";"10000";"Участвует в конкурсе";"1198988";"—"
"883";"2";"—";"234000";"74 69 81";"10000";"Участвует в конкурсе";"2152538";"—"
"884";"3";"—";"234000";"72 79 73";"10000";"Участвует в конкурсе";"1632561";"—"
"885";"12";"—";"234000";"72 69 83";"10000";"Участвует в конкурсе";"2125676";"—"
"886";"5";"—";"234000";"70 90 64";"10000";"Участвует в конкурсе";"1362109";"—"
"888";"7";"Электронное";"233000";"80 80 73";"—";"Участвует в конкурсе";"1714432";"—"
"889";"4";"—";"233000";"74 90 69";"—";"Участвует в конкурсе";"1579326";"—"
"890";"9";"—";"233000";"72 91 70";"—";"Участвует в конкурсе";"1403643";"—"
"891";"3";"—";"233000";"72 86 75";"—";"Участвует в конкурсе";"2417937";"—"
"892";"3";"Электронное";"233000";"70 82 81";"—";"Участвует в конкурсе";"1026932";"—"
"893";"6";"Электронное";"233000";"64 88 81";"—";"Участвует в конкурсе";"1176556";"—"
"894";"8";"—";"233000";"78 75 78";"2000";"Участвует в конкурсе";"2249655";"—"
"895";"11";"—";"233000";"74 84 73";"2000";"Участвует в конкурсе";"2229451";"—"
"896";"8";"Электронное";"233000";"76 90 64";"3000";"Участвует в конкурсе";"1601935";"—"
"897";"8";"—";"233000";"64 91 75";"3000";"Участвует в конкурсе";"1971330";"—"
"898";"12";"—";"233000";"78 77 73";"5000";"Участвует в конкурсе";"2168837";"—"
"899";"11";"Электронное";"233000";"80 71 72";"10000";"Участвует в конкурсе";"1109669";"—"
"900";"10";"—";"233000";"76 84 63";"10000";"Участвует в конкурсе";"1173645";"—"
"901";"2";"—";"233000";"76 80 67";"10000";"Участвует в конкурсе";"2366418";"—"
"902";"4";"—";"233000";"76 75 72";"10000";"Участвует в конкурсе";"1189129";"—"
"903";"8";"Электронное";"233000";"76 66 81";"10000";"Участвует в конкурсе";"2343053";"—"
"904";"12";"Электронное";"233000";"74 49 100";"10000";"Участвует в конкурсе";"1141257";"—"
"905";"12";"—";"233000";"72 82 69";"10000";"Участвует в конкурсе";"1152888";"—"
"907";"9";"—";"233000";"70 64 89";"10000";"Участвует в конкурсе";"2222683";"—"
"908";"10";"Электронное";"233000";"64 73 86";"10000";"Участвует в конкурсе";"1580999";"—"
"909";"7";"—";"232000";"82 86 64";"—";"Участвует в конкурсе";"1683887";"—"
"910";"2";"Электронное";"232000";"80 82 70";"—";"Участвует в конкурсе";"1574775";"—"
"911";"4";"Электронное";"232000";"78 82 72";"—";"Участвует в конкурсе";"1786536";"—"
"912";"5";"—";"232000";"76 78 78";"—";"Участвует в конкурсе";"1535535";"—"
"913";"5";"—";"232000";"74 91 67";"—";"Участвует в конкурсе";"2377322";"—"
"914";"2";"—";"232000";"74 86 72";"—";"Участвует в конкурсе";"2207251";"—"
"915";"6";"Электронное";"232000";"82 78 69";"3000";"Участвует в конкурсе";"1003916";"—"
"916";"7";"—";"232000";"74 80 75";"3000";"Участвует в конкурсе";"2270630";"—"
"917";"8";"—";"232000";"72 88 69";"3000";"Участвует в конкурсе";"956707";"—"
"918";"6";"—";"232000";"70 86 73";"3000";"Участвует в конкурсе";"1350574";"—"
"919";"7";"Электронное";"232000";"80 70 72";"10000";"Участвует в конкурсе";"1248631";"—"
"920";"12";"—";"232000";"64 77 81";"10000";"Участвует в конкурсе";"1444489";"—"
"921";"1";"—";"231000";"84 69 78";"—";"Участвует в конкурсе";"1234750";"—"
"922";"6";"—";"231000";"80 70 81";"—";"Участвует в конкурсе";"1350798";"—"
"923";"8";"—";"231000";"78 80 73";"—";"Участвует в конкурсе";"1921522";"—"
"924";"6";"—";"231000";"76 95 60";"—";"Участвует в конкурсе";"1786864";"—"
"925";"8";"—";"231000";"76 74 81";"—";"Участвует в конкурсе";"2284010";"—"
"926";"3";"Электронное";"231000";"76 74 81";"—";"Участвует в конкурсе";"1858565";"—"
"927";"7";"—";"231000";"74 84 73";"—";"Участвует в конкурсе";"1825081";"—"
"928";"3";"—";"231000";"72 93 66";"—";"Участвует в конкурсе";"1330622";"—"
"929";"2";"—";"231000";"72 86 73";"—";"Участвует в конкурсе";"1853055";"—"
"930";"3";"Электронное";"231000";"70 88 73";"—";"Участвует в конкурсе";"1289043";"—"
"931";"5";"—";"231000";"80 90 58";"3000";"Участвует в конкурсе";"2096953";"—"
"932";"13";"—";"231000";"70 80 78";"3000";"Участвует в конкурсе";"1513246";"—"
"933";"9";"—";"231000";"76 70 75";"10000";"Участвует в конкурсе";"1519309";"—"
"934";"4";"—";"231000";"74 80 67";"10000";"Участвует в конкурсе";"2096326";"—"
"935";"4";"—";"231000";"74 74 73";"10000";"Участвует в конкурсе";"2267744";"—"
"936";"5";"—";"231000";"70 79 72";"10000";"Участвует в конкурсе";"1434877";"—"
"937";"2";"—";"230000";"84 77 69";"—";"Участвует в конкурсе";"1838713";"—"
"939";"9";"Электронное";"230000";"78 79 73";"—";"Участвует в конкурсе";"1363201";"—"
"940";"2";"—";"230000";"76 93 61";"—";"Участвует в конкурсе";"2305452";"—"
"941";"9";"—";"230000";"76 71 83";"—";"Участвует в конкурсе";"1510052";"—"
"942";"6";"Электронное";"230000";"74 84 72";"—";"Участвует в конкурсе";"1334265";"—"
"943";"7";"—";"230000";"78 71 78";"3000";"Участвует в конкурсе";"996604";"—"
"945";"7";"Электронное";"230000";"78 70 72";"10000";"Участвует в конкурсе";"1444162";"—"
"946";"2";"—";"230000";"74 79 67";"10000";"Участвует в конкурсе";"1898862";"—"
"947";"9";"—";"230000";"74 57 89";"10000";"Участвует в конкурсе";"1182089";"—"
"948";"11";"—";"230000";"72 75 73";"10000";"Участвует в конкурсе";"957476";"—"
"950";"8";"—";"229000";"82 66 81";"—";"Участвует в конкурсе";"1211502";"—"
"951";"1";"—";"229000";"74 64 91";"—";"Участвует в конкурсе";"972583";"—"
"953";"2";"—";"229000";"72 74 83";"—";"Участвует в конкурсе";"1190046";"—"
"954";"2";"—";"229000";"70 95 64";"—";"Участвует в конкурсе";"1637596";"—"
"955";"5";"Электронное";"229000";"70 90 69";"—";"Участвует в конкурсе";"1642564";"—"
"956";"2";"—";"229000";"70 90 69";"—";"Участвует в конкурсе";"1837911";"—"
"957";"13";"Электронное";"229000";"64 74 91";"—";"Участвует в конкурсе";"1907561";"—"
"958";"2";"—";"229000";"78 70 78";"3000";"Участвует в конкурсе";"1412380";"—"
"959";"7";"—";"229000";"70 73 83";"3000";"Участвует в конкурсе";"1248594";"—"
"960";"8";"—";"229000";"78 68 73";"10000";"Участвует в конкурсе";"1586710";"—"
"961";"2";"—";"229000";"78 66 75";"10000";"Участвует в конкурсе";"1980334";"—"
"962";"2";"—";"229000";"76 77 66";"10000";"Участвует в конкурсе";"1287342";"—"
"963";"10";"—";"229000";"52 95 72";"10000";"Участвует в конкурсе";"1183847";"—"
"964";"5";"—";"228000";"90 75 63";"—";"Участвует в конкурсе";"2170862";"—"
"965";"4";"—";"228000";"78 84 66";"—";"Участвует в конкурсе";"1954050";"—"
"966";"8";"—";"228000";"76 86 66";"—";"Участвует в конкурсе";"1055900";"—"
"967";"5";"Электронное";"228000";"76 82 70";"—";"Участвует в конкурсе";"1555506";"—"
"968";"11";"—";"228000";"74 91 63";"—";"Участвует в конкурсе";"1645209";"—"
"969";"5";"Электронное";"228000";"72 93 63";"—";"Участвует в конкурсе";"1214338";"—"
"970";"4";"—";"228000";"70 86 72";"—";"Участвует в конкурсе";"1281824";"—"
"972";"9";"Электронное";"228000";"76 75 75";"2000";"Участвует в конкурсе";"1269433";"—"
"973";"1";"—";"228000";"72 84 70";"2000";"Участвует в конкурсе";"1158010";"—"
"974";"3";"—";"228000";"78 69 78";"3000";"Участвует в конкурсе";"1064248";"—"
"975";"4";"—";"228000";"74 84 67";"3000";"Участвует в конкурсе";"1326369";"—"
"976";"4";"—";"228000";"74 78 73";"3000";"Участвует в конкурсе";"1566385";"—"
"977";"7";"—";"228000";"72 84 69";"3000";"Участвует в конкурсе";"2038673";"—"
"978";"9";"—";"228000";"76 69 75";"8000";"Участвует в конкурсе";"1038965";"—"
"979";"13";"Электронное";"228000";"82 58 78";"10000";"Участвует в конкурсе";"1428862";"—"
"980";"5";"—";"228000";"78 68 72";"10000";"Участвует в конкурсе";"2193114";"—"
"981";"8";"—";"228000";"72 80 66";"10000";"Участвует в конкурсе";"966894";"—"
"982";"1";"—";"228000";"52 88 78";"10000";"Участвует в конкурсе";"1722507";"—"
"983";"6";"—";"227000";"80 86 61";"—";"Участвует в конкурсе";"1258854";"—"
"985";"10";"—";"227000";"80 75 72";"—";"Участвует в конкурсе";"1367266";"—"
"986";"1";"—";"227000";"78 74 75";"—";"Участвует в конкурсе";"1234238";"—"
"988";"4";"—";"227000";"74 78 75";"—";"Участвует в конкурсе";"1067962";"—"
"989";"3";"—";"227000";"74 78 75";"—";"Участвует в конкурсе";"1437513";"—"
"990";"5";"—";"227000";"80 74 70";"3000";"Участвует в конкурсе";"2344262";"—"
"991";"1";"—";"227000";"78 73 73";"3000";"Участвует в конкурсе";"1181347";"—"
"992";"7";"—";"227000";"78 71 75";"3000";"Участвует в конкурсе";"1211583";"—"
"993";"2";"—";"227000";"70 90 64";"3000";"Участвует в конкурсе";"1503722";"—"
"994";"3";"—";"227000";"64 88 72";"3000";"Участвует в конкурсе";"2171884";"—"
"995";"2";"—";"227000";"78 73 69";"7000";"Участвует в конкурсе";"1284161";"—"
"996";"23";"Электронное";"227000";"84 55 78";"10000";"Участвует в конкурсе";"1416326";"—"
"997";"6";"—";"227000";"74 65 78";"10000";"Участвует в конкурсе";"2013264";"—"
"998";"10";"Электронное";"227000";"70 75 72";"10000";"Участвует в конкурсе";"2150280";"—"
"999";"3";"—";"227000";"70 74 73";"10000";"Участвует в конкурсе";"1360650";"—"
"1000";"10";"—";"226000";"88 71 67";"—";"Участвует в конкурсе";"1843584";"—"
"1001";"7";"—";"226000";"82 86 58";"—";"Участвует в конкурсе";"2323601";"—"
"1002";"8";"—";"226000";"78 70 78";"—";"Участвует в конкурсе";"1656359";"—"
"1003";"5";"Электронное";"226000";"74 80 72";"—";"Участвует в конкурсе";"975866";"—"
"1004";"3";"—";"226000";"74 80 72";"—";"Участвует в конкурсе";"2285386";"—"
"1005";"9";"—";"226000";"72 90 64";"—";"Участвует в конкурсе";"2280993";"—"
"1006";"11";"—";"226000";"72 84 70";"—";"Участвует в конкурсе";"2242928";"—"
"1007";"3";"Электронное";"226000";"72 79 75";"—";"Участвует в конкурсе";"1511126";"—"
"1008";"2";"—";"226000";"70 86 70";"—";"Участвует в конкурсе";"1464745";"—"
"1009";"4";"—";"226000";"70 86 70";"—";"Участвует в конкурсе";"2079983";"—"
"1010";"7";"—";"226000";"58 79 89";"—";"Участвует в конкурсе";"1638625";"—"
"1011";"9";"—";"226000";"80 65 78";"3000";"Участвует в конкурсе";"1104785";"—"
"1012";"4";"—";"226000";"74 77 72";"3000";"Участвует в конкурсе";"1784226";"—"
"1013";"4";"—";"226000";"71 91 61";"3000";"Участвует в конкурсе";"1725325";"—"
"1014";"4";"Электронное";"226000";"86 70 60";"10000";"Участвует в конкурсе";"2330127";"—"
"1015";"10";"—";"226000";"76 73 67";"10000";"Участвует в конкурсе";"1613614";"—"
"1016";"1";"—";"226000";"74 73 69";"10000";"Участвует в конкурсе";"1346223";"—"
"1017";"13";"—";"226000";"74 69 73";"10000";"Участвует в конкурсе";"1610732";"—"
"1018";"3";"Электронное";"226000";"64 71 81";"10000";"Участвует в конкурсе";"1454143";"—"
"1019";"5";"—";"225000";"80 70 75";"—";"Участвует в конкурсе";"2207239";"—"
"1020";"7";"—";"225000";"78 80 67";"—";"Участвует в конкурсе";"1680540";"—"
"1021";"5";"—";"225000";"76 77 72";"—";"Участвует в конкурсе";"1685933";"—"
"1022";"6";"—";"225000";"74 73 78";"—";"Участвует в конкурсе";"2216031";"—"
"1023";"2";"—";"225000";"72 78 75";"—";"Участвует в конкурсе";"1635490";"—"
"1024";"5";"—";"225000";"72 78 75";"—";"Участвует в конкурсе";"1766008";"—"
"1025";"2";"—";"225000";"72 78 75";"—";"Участвует в конкурсе";"2176901";"—"
"1026";"7";"—";"225000";"70 88 67";"—";"Участвует в конкурсе";"1290546";"—"
"1027";"8";"—";"225000";"70 88 67";"—";"Участвует в конкурсе";"2244681";"—"
"1028";"4";"—";"225000";"70 82 73";"—";"Участвует в конкурсе";"1121373";"—"
"1029";"8";"—";"225000";"70 80 75";"—";"Участвует в конкурсе";"2204857";"—"
"1031";"1";"—";"225000";"84 58 73";"10000";"Участвует в конкурсе";"2248810";"—"
"1032";"1";"—";"225000";"78 68 69";"10000";"Участвует в конкурсе";"1484025";"—"
"1033";"4";"—";"225000";"76 61 78";"10000";"Участвует в конкурсе";"991528";"—"
"1034";"11";"Электронное";"225000";"74 74 67";"10000";"Участвует в конкурсе";"1356458";"—"
"1036";"2";"—";"225000";"72 70 73";"10000";"Участвует в конкурсе";"1177300";"—"
"1037";"13";"—";"224000";"74 90 60";"—";"Участвует в конкурсе";"1985715";"—"
"1038";"10";"—";"224000";"74 78 72";"—";"Участвует в конкурсе";"1150476";"—"
"1040";"9";"—";"224000";"72 79 73";"—";"Участвует в конкурсе";"1485446";"—"
"1041";"6";"—";"224000";"72 74 78";"—";"Участвует в конкурсе";"2344865";"—"
"1042";"5";"—";"224000";"72 71 81";"—";"Участвует в конкурсе";"1715857";"—"
"1043";"1";"—";"224000";"76 86 60";"2000";"Участвует в конкурсе";"1629574";"—"
"1044";"5";"—";"224000";"72 75 75";"2000";"Участвует в конкурсе";"1337221";"—"
"1045";"11";"—";"224000";"64 82 75";"3000";"Участвует в конкурсе";"1446702";"—"
"1046";"5";"Электронное";"224000";"76 73 69";"6000";"Участвует в конкурсе";"1791940";"—"
"1047";"4";"—";"224000";"72 77 69";"6000";"Участвует в конкурсе";"1505327";"—"
"1048";"11";"Электронное";"224000";"82 66 69";"7000";"Участвует в конкурсе";"1487694";"—"
"1049";"6";"—";"224000";"70 78 66";"10000";"Участвует в конкурсе";"2054397";"—"
"1050";"1";"—";"224000";"70 77 67";"10000";"Участвует в конкурсе";"1444098";"—"
"1051";"5";"—";"224000";"70 75 69";"10000";"Участвует в конкурсе";"1564180";"—"
"1052";"4";"—";"224000";"64 75 75";"10000";"Участвует в конкурсе";"1435989";"—"
"1053";"1";"—";"223000";"88 71 64";"—";"Участвует в конкурсе";"2367864";"—"
"1054";"3";"—";"223000";"88 69 66";"—";"Участвует в конкурсе";"1281549";"—"
"1055";"1";"—";"223000";"86 71 66";"—";"Участвует в конкурсе";"2135456";"—"
"1056";"10";"—";"223000";"82 77 64";"—";"Участвует в конкурсе";"2183374";"—"
"1057";"5";"Электронное";"223000";"74 86 63";"—";"Участвует в конкурсе";"1574439";"—"
"1058";"5";"Электронное";"223000";"74 79 70";"—";"Участвует в конкурсе";"997958";"—"
"1059";"1";"—";"223000";"74 79 70";"—";"Участвует в конкурсе";"1422642";"—"
"1061";"8";"—";"223000";"74 71 78";"—";"Участвует в конкурсе";"1041183";"—"
"1063";"9";"—";"223000";"70 80 73";"—";"Участвует в конкурсе";"1773900";"—"
"1064";"6";"Электронное";"223000";"72 80 69";"2000";"Участвует в конкурсе";"1620323";"—"
"1065";"3";"Электронное";"223000";"72 84 64";"3000";"Участвует в конкурсе";"1705447";"—"
"1066";"2";"—";"223000";"74 58 81";"10000";"Участвует в конкурсе";"999829";"—"
"1067";"13";"—";"223000";"72 74 67";"10000";"Участвует в конкурсе";"1500327";"—"
"1068";"7";"—";"223000";"70 80 63";"10000";"Участвует в конкурсе";"958227";"—"
"1069";"9";"—";"223000";"70 70 73";"10000";"Участвует в конкурсе";"1969581";"—"
"1070";"4";"—";"223000";"58 82 73";"10000";"Участвует в конкурсе";"1483490";"—"
"1071";"6";"—";"222000";"80 70 72";"—";"Участвует в конкурсе";"1784345";"—"
"1072";"10";"—";"222000";"78 86 58";"—";"Участвует в конкурсе";"2251237";"—"
"1073";"8";"—";"222000";"78 74 70";"—";"Участвует в конкурсе";"1722679";"—"
"1074";"1";"—";"222000";"76 82 64";"—";"Участвует в конкурсе";"1521562";"—"
"1075";"8";"—";"222000";"74 78 70";"—";"Участвует в конкурсе";"1144671";"—"
"1076";"1";"—";"222000";"74 65 83";"—";"Участвует в конкурсе";"1202193";"—"
"1077";"2";"—";"222000";"66 78 78";"—";"Участвует в конкурсе";"2133925";"—"
"1078";"2";"Электронное";"222000";"82 61 69";"10000";"Участвует в конкурсе";"1628608";"—"
"1079";"8";"Электронное";"222000";"76 70 66";"10000";"Участвует в конкурсе";"1508275";"—"
"1080";"2";"Электронное";"222000";"72 91 49";"10000";"Участвует в конкурсе";"1308096";"—"
"1082";"4";"—";"221000";"86 66 69";"—";"Участвует в конкурсе";"1660829";"—"
"1083";"8";"Электронное";"221000";"82 79 60";"—";"Участвует в конкурсе";"1444986";"—"
"1085";"4";"—";"221000";"78 65 78";"—";"Участвует в конкурсе";"2122590";"—"
"1086";"6";"—";"221000";"76 84 61";"—";"Участвует в конкурсе";"2176914";"—"
"1087";"9";"—";"221000";"74 77 70";"—";"Участвует в конкурсе";"1521918";"—"
"1088";"4";"—";"221000";"74 77 70";"—";"Участвует в конкурсе";"2311304";"—"
"1089";"8";"—";"221000";"74 74 73";"—";"Участвует в конкурсе";"1203017";"—"
"1091";"7";"—";"221000";"70 93 58";"—";"Участвует в конкурсе";"1202672";"—"
"1092";"9";"—";"221000";"70 88 63";"—";"Участвует в конкурсе";"1444472";"—"
"1093";"9";"—";"221000";"70 84 67";"—";"Участвует в конкурсе";"1626572";"—"
"1094";"4";"—";"221000";"70 68 83";"—";"Участвует в конкурсе";"1060396";"—"
"1095";"5";"—";"221000";"64 84 73";"—";"Участвует в конкурсе";"1245709";"—"
"1096";"5";"Электронное";"221000";"58 77 86";"—";"Участвует в конкурсе";"1822157";"—"
"1097";"8";"—";"221000";"82 60 69";"10000";"Участвует в конкурсе";"1359283";"—"
"1098";"5";"Электронное";"221000";"80 61 70";"10000";"Участвует в конкурсе";"1262076";"—"
"1099";"7";"—";"221000";"78 55 78";"10000";"Участвует в конкурсе";"2395247";"—"
"1100";"2";"—";"221000";"74 71 66";"10000";"Участвует в конкурсе";"1430486";"—"
"1101";"3";"—";"221000";"72 66 73";"10000";"Участвует в конкурсе";"1734979";"—"
"1102";"8";"—";"221000";"64 80 67";"10000";"Участвует в конкурсе";"2035936";"—"
"1103";"10";"—";"221000";"64 77 70";"10000";"Участвует в конкурсе";"1263427";"—"
"1104";"3";"—";"221000";"64 74 73";"10000";"Участвует в конкурсе";"1359305";"—"
"1105";"2";"—";"221000";"52 86 73";"10000";"Участвует в конкурсе";"2259876";"—"
"1106";"12";"Электронное";"221000";"46 82 83";"10000";"Участвует в конкурсе";"1795875";"—"
"1107";"2";"—";"220000";"78 64 78";"—";"Участвует в конкурсе";"1433100";"—"
"1109";"2";"—";"220000";"76 61 83";"—";"Участвует в конкурсе";"2350512";"—"
"1110";"4";"—";"220000";"74 57 89";"—";"Участвует в конкурсе";"1309878";"—"
"1111";"6";"Электронное";"220000";"72 73 75";"—";"Участвует в конкурсе";"1843876";"—"
"1112";"5";"—";"220000";"66 75 79";"—";"Участвует в конкурсе";"2315230";"—"
"1113";"6";"—";"220000";"76 73 69";"2000";"Участвует в конкурсе";"2165847";"—"
"1114";"4";"—";"220000";"78 78 61";"3000";"Участвует в конкурсе";"1423863";"—"
"1115";"11";"—";"220000";"70 78 69";"3000";"Участвует в конкурсе";"1175426";"—"
"1117";"3";"—";"220000";"78 68 64";"10000";"Участвует в конкурсе";"1274060";"—"
"1118";"3";"Электронное";"220000";"74 64 72";"10000";"Участвует в конкурсе";"1088792";"—"
"1119";"5";"—";"219000";"88 82 49";"—";"Участвует в конкурсе";"2333407";"—"
"1120";"5";"—";"219000";"82 73 64";"—";"Участвует в конкурсе";"2182528";"—"
"1122";"7";"—";"219000";"76 74 69";"—";"Участвует в конкурсе";"1000472";"—"
"1123";"1";"—";"219000";"76 73 70";"—";"Участвует в конкурсе";"1350212";"—"
"1126";"3";"Электронное";"219000";"74 73 72";"—";"Участвует в конкурсе";"1710922";"—"
"1127";"3";"—";"219000";"74 70 75";"—";"Участвует в конкурсе";"2011825";"—"
"1128";"8";"—";"219000";"72 74 73";"—";"Участвует в конкурсе";"1206421";"—"
"1129";"3";"—";"219000";"70 80 69";"—";"Участвует в конкурсе";"1177664";"—"
"1131";"4";"—";"219000";"64 69 86";"—";"Участвует в конкурсе";"2060831";"—"
"1133";"10";"—";"219000";"82 64 63";"10000";"Участвует в конкурсе";"1272980";"—"
"1134";"2";"—";"219000";"70 73 66";"10000";"Участвует в конкурсе";"1261161";"—"
"1135";"10";"—";"219000";"70 66 73";"10000";"Участвует в конкурсе";"1438320";"—"
"1136";"6";"—";"219000";"64 70 75";"10000";"Участвует в конкурсе";"1215949";"—"
"1137";"8";"—";"218000";"82 79 57";"—";"Участвует в конкурсе";"1563330";"—"
"1138";"3";"Электронное";"218000";"80 69 69";"—";"Участвует в конкурсе";"1259443";"—"
"1139";"4";"—";"218000";"78 74 66";"—";"Участвует в конкурсе";"1789559";"—"
"1140";"2";"—";"218000";"70 79 69";"—";"Участвует в конкурсе";"1522378";"—"
"1141";"2";"Электронное";"218000";"70 75 73";"—";"Участвует в конкурсе";"1443450";"—"
"1142";"9";"Электронное";"218000";"68 80 70";"—";"Участвует в конкурсе";"2302095";"—"
"1143";"11";"Электронное";"218000";"64 84 70";"—";"Участвует в конкурсе";"1180680";"—"
"1144";"4";"Электронное";"218000";"64 82 72";"—";"Участвует в конкурсе";"1421939";"—"
"1145";"5";"—";"218000";"64 79 75";"—";"Участвует в конкурсе";"2237354";"—"
"1146";"4";"—";"218000";"74 73 69";"2000";"Участвует в конкурсе";"1619602";"—"
"1147";"3";"Электронное";"218000";"64 80 72";"2000";"Участвует в конкурсе";"1995310";"—"
"1148";"12";"Электронное";"218000";"80 57 78";"3000";"Участвует в конкурсе";"1362251";"—"
"1149";"9";"Электронное";"218000";"70 78 67";"3000";"Участвует в конкурсе";"1167570";"—"
"1150";"6";"—";"218000";"84 52 72";"10000";"Участвует в конкурсе";"1522263";"—"
"1151";"2";"—";"218000";"80 42 86";"10000";"Участвует в конкурсе";"1368657";"—"
"1152";"2";"—";"218000";"78 61 69";"10000";"Участвует в конкурсе";"1380437";"—"
"1153";"1";"—";"218000";"78 57 73";"10000";"Участвует в конкурсе";"1616193";"—"
"1154";"5";"—";"218000";"72 61 75";"10000";"Участвует в конкурсе";"896866";"—"
"1155";"5";"—";"218000";"70 66 72";"10000";"Участвует в конкурсе";"1446179";"—"
"1156";"5";"—";"218000";"52 86 70";"10000";"Участвует в конкурсе";"1624897";"—"
"1157";"10";"—";"217000";"82 66 69";"—";"Участвует в конкурсе";"2099673";"—"
"1158";"2";"—";"217000";"82 62 73";"—";"Участвует в конкурсе";"2002318";"—"
"1159";"1";"Электронное";"217000";"76 74 67";"—";"Участвует в конкурсе";"1620471";"—"
"1161";"10";"—";"217000";"74 77 66";"—";"Участвует в конкурсе";"1587620";"—"
"1162";"5";"Электронное";"217000";"74 74 69";"—";"Участвует в конкурсе";"2224445";"—"
"1163";"2";"—";"217000";"74 70 73";"—";"Участвует в конкурсе";"1576986";"—"
"1164";"3";"Электронное";"217000";"74 62 81";"—";"Участвует в конкурсе";"1643875";"—"
"1165";"13";"—";"217000";"72 78 67";"—";"Участвует в конкурсе";"1856419";"—"
"1166";"6";"—";"217000";"70 77 70";"—";"Участвует в конкурсе";"1240151";"—"
"1167";"3";"—";"217000";"68 80 69";"—";"Участвует в конкурсе";"1164300";"—"
"1168";"7";"—";"217000";"64 75 78";"—";"Участвует в конкурсе";"1127136";"—"
"1169";"7";"—";"217000";"46 82 89";"—";"Участвует в конкурсе";"1995631";"—"
"1170";"2";"Электронное";"217000";"78 68 61";"10000";"Участвует в конкурсе";"1849108";"—"
"1172";"6";"—";"217000";"72 60 75";"10000";"Участвует в конкурсе";"1616674";"—"
"1173";"5";"—";"217000";"70 62 75";"10000";"Участвует в конкурсе";"2048453";"—"
"1174";"6";"—";"217000";"64 74 69";"10000";"Участвует в конкурсе";"1633880";"—"
"1175";"6";"—";"217000";"64 73 70";"10000";"Участвует в конкурсе";"1795181";"—"
"1176";"10";"Электронное";"217000";"62 62 83";"10000";"Участвует в конкурсе";"2309791";"—"
"1177";"4";"—";"216000";"82 65 69";"—";"Участвует в конкурсе";"1197975";"—"
"1178";"9";"—";"216000";"64 66 86";"—";"Участвует в конкурсе";"1618467";"—"
"1179";"11";"Электронное";"216000";"78 70 66";"2000";"Участвует в конкурсе";"1356459";"—"
"1180";"12";"—";"216000";"84 71 58";"3000";"Участвует в конкурсе";"1569496";"—"
"1181";"2";"—";"216000";"74 70 69";"3000";"Участвует в конкурсе";"1386039";"—"
"1182";"2";"—";"216000";"70 70 73";"3000";"Участвует в конкурсе";"1641162";"—"
"1183";"1";"Электронное";"216000";"58 74 81";"3000";"Участвует в конкурсе";"1272859";"—"
"1184";"2";"—";"216000";"74 74 64";"4000";"Участвует в конкурсе";"1934222";"—"
"1185";"7";"—";"216000";"80 51 75";"10000";"Участвует в конкурсе";"2120301";"—"
"1186";"3";"Электронное";"216000";"74 68 64";"10000";"Участвует в конкурсе";"1271166";"—"
"1187";"7";"Электронное";"216000";"74 62 70";"10000";"Участвует в конкурсе";"1362910";"—"
"1189";"3";"—";"216000";"64 69 73";"10000";"Участвует в конкурсе";"1940411";"—"
"1190";"3";"—";"215000";"74 80 61";"—";"Участвует в конкурсе";"1023604";"—"
"1191";"6";"—";"215000";"72 65 78";"—";"Участвует в конкурсе";"1479455";"—"
"1192";"4";"—";"215000";"64 73 78";"—";"Участвует в конкурсе";"1216302";"—"
"1193";"4";"—";"215000";"52 82 81";"—";"Участвует в конкурсе";"1641880";"—"
"1194";"3";"—";"215000";"80 71 61";"3000";"Участвует в конкурсе";"1198704";"—"
"1195";"6";"—";"215000";"80 55 70";"10000";"Участвует в конкурсе";"2259439";"—"
"1196";"3";"—";"215000";"70 69 66";"10000";"Участвует в конкурсе";"1360095";"—"
"1197";"5";"—";"215000";"58 69 78";"10000";"Участвует в конкурсе";"1326562";"—"
"1198";"2";"Электронное";"214000";"82 62 70";"—";"Участвует в конкурсе";"2254570";"—"
"1199";"12";"Электронное";"214000";"80 71 63";"—";"Участвует в конкурсе";"1686696";"—"
"1200";"1";"—";"214000";"78 73 63";"—";"Участвует в конкурсе";"2128547";"—"
"1201";"5";"—";"214000";"78 66 70";"—";"Участвует в конкурсе";"2035320";"—"
"1202";"3";"—";"214000";"78 64 72";"—";"Участвует в конкурсе";"1428304";"—"
"1203";"7";"Электронное";"214000";"74 80 60";"—";"Участвует в конкурсе";"1246554";"—"
"1204";"2";"Электронное";"214000";"74 74 66";"—";"Участвует в конкурсе";"2237954";"—"
"1205";"4";"Электронное";"214000";"72 70 72";"—";"Участвует в конкурсе";"1617255";"—"
"1206";"6";"Электронное";"214000";"72 69 73";"—";"Участвует в конкурсе";"976269";"—"
"1207";"7";"—";"214000";"70 86 58";"—";"Участвует в конкурсе";"1215393";"—"
"1208";"4";"—";"214000";"78 74 60";"2000";"Участвует в конкурсе";"1698624";"—"
"1209";"4";"—";"214000";"72 62 78";"2000";"Участвует в конкурсе";"1641857";"—"
"1210";"10";"—";"214000";"46 90 75";"3000";"Участвует в конкурсе";"1914557";"—"
"1212";"1";"Электронное";"214000";"67 68 69";"10000";"Участвует в конкурсе";"1174761";"—"
"1213";"5";"—";"214000";"52 74 78";"10000";"Участвует в конкурсе";"1918013";"—"
"1214";"8";"Электронное";"213000";"74 88 51";"—";"Участвует в конкурсе";"938287";"—"
"1216";"5";"—";"213000";"72 69 72";"—";"Участвует в конкурсе";"1622201";"—"
"1217";"1";"Электронное";"213000";"72 68 73";"—";"Участвует в конкурсе";"1502590";"—"
"1219";"6";"—";"213000";"72 69 70";"2000";"Участвует в конкурсе";"1641864";"—"
"1220";"2";"—";"213000";"70 74 67";"2000";"Участвует в конкурсе";"1767271";"—"
"1221";"4";"—";"213000";"76 77 57";"3000";"Участвует в конкурсе";"1516029";"—"
"1223";"2";"—";"213000";"72 75 63";"3000";"Участвует в конкурсе";"1461639";"—"
"1224";"2";"Электронное";"213000";"78 65 64";"6000";"Участвует в конкурсе";"1995779";"—"
"1225";"3";"—";"213000";"64 69 73";"7000";"Участвует в конкурсе";"2259209";"—"
"1226";"8";"Электронное";"213000";"70 77 58";"8000";"Участвует в конкурсе";"1652843";"—"
"1227";"5";"—";"213000";"72 74 57";"10000";"Участвует в конкурсе";"1234618";"—"
"1228";"12";"Электронное";"213000";"70 70 63";"10000";"Участвует в конкурсе";"1644158";"—"
"1229";"9";"—";"212000";"82 75 55";"—";"Участвует в конкурсе";"1204575";"—"
"1231";"1";"—";"212000";"74 74 64";"—";"Участвует в конкурсе";"1895768";"—"
"1232";"2";"—";"212000";"72 86 54";"—";"Участвует в конкурсе";"1567983";"—"
"1233";"6";"—";"212000";"72 71 69";"—";"Участвует в конкурсе";"1105414";"—"
"1234";"6";"—";"212000";"72 68 72";"—";"Участвует в конкурсе";"1951003";"—"
"1235";"12";"—";"212000";"72 62 78";"—";"Участвует в конкурсе";"1189488";"—"
"1236";"1";"—";"212000";"70 82 60";"—";"Участвует в конкурсе";"1677728";"—"
"1237";"12";"Электронное";"212000";"70 78 64";"—";"Участвует в конкурсе";"1428263";"—"
"1238";"3";"—";"212000";"70 75 67";"—";"Участвует в конкурсе";"1476992";"—"
"1239";"2";"—";"212000";"64 75 73";"—";"Участвует в конкурсе";"1626655";"—"
"1240";"4";"—";"212000";"64 62 86";"—";"Участвует в конкурсе";"971187";"—"
"1241";"5";"—";"212000";"58 84 70";"—";"Участвует в конкурсе";"1437549";"—"
"1242";"5";"Электронное";"212000";"46 93 73";"—";"Участвует в конкурсе";"2157191";"—"
"1243";"8";"—";"212000";"76 65 69";"2000";"Участвует в конкурсе";"1839275";"—"
"1245";"5";"—";"212000";"78 70 61";"3000";"Участвует в конкурсе";"1894767";"—"
"1246";"5";"—";"212000";"74 71 64";"3000";"Участвует в конкурсе";"1596474";"—"
"1247";"9";"—";"212000";"70 64 75";"3000";"Участвует в конкурсе";"2137033";"—"
"1248";"6";"Электронное";"212000";"74 55 73";"10000";"Участвует в конкурсе";"2229260";"—"
"1250";"8";"—";"211000";"82 66 63";"—";"Участвует в конкурсе";"1593755";"—"
"1251";"3";"—";"211000";"80 64 67";"—";"Участвует в конкурсе";"1197017";"—"
"1252";"4";"—";"211000";"80 64 67";"—";"Участвует в конкурсе";"1607012";"—"
"1253";"4";"—";"211000";"80 58 73";"—";"Участвует в конкурсе";"2309037";"—"
"1254";"9";"Электронное";"211000";"78 66 67";"—";"Участвует в конкурсе";"1154848";"—"
"1255";"4";"—";"211000";"74 77 60";"—";"Участвует в конкурсе";"1231597";"—"
"1256";"4";"—";"211000";"74 68 69";"—";"Участвует в конкурсе";"1908942";"—"
"1257";"5";"—";"211000";"72 90 49";"—";"Участвует в конкурсе";"972587";"—"
"1258";"4";"—";"211000";"72 70 69";"—";"Участвует в конкурсе";"1843447";"—"
"1259";"7";"—";"211000";"72 70 69";"—";"Участвует в конкурсе";"1956726";"—"
"1260";"13";"—";"211000";"72 69 70";"—";"Участвует в конкурсе";"2322488";"—"
"1261";"3";"—";"211000";"70 78 63";"—";"Участвует в конкурсе";"1411957";"—"
"1262";"6";"—";"211000";"70 66 75";"—";"Участвует в конкурсе";"1106594";"—"
"1263";"5";"—";"211000";"64 80 67";"—";"Участвует в конкурсе";"1570689";"—"
"1264";"11";"—";"211000";"58 86 67";"—";"Участвует в конкурсе";"1537546";"—"
"1265";"7";"—";"211000";"58 84 69";"—";"Участвует в конкурсе";"1423171";"—"
"1266";"5";"—";"211000";"76 65 67";"3000";"Участвует в конкурсе";"1373604";"—"
"1267";"6";"—";"211000";"76 62 70";"3000";"Участвует в конкурсе";"1339068";"—"
"1268";"3";"—";"211000";"74 60 67";"10000";"Участвует в конкурсе";"1021440";"—"
"1269";"12";"Электронное";"211000";"72 68 61";"10000";"Участвует в конкурсе";"1260553";"—"
"1270";"4";"—";"210000";"78 69 63";"—";"Участвует в конкурсе";"2099437";"—"
"1271";"3";"—";"210000";"76 77 57";"—";"Участвует в конкурсе";"1376234";"—"
"1272";"9";"Электронное";"210000";"74 88 48";"—";"Участвует в конкурсе";"1912365";"—"
"1273";"5";"—";"210000";"74 82 54";"—";"Участвует в конкурсе";"951853";"—"
"1275";"5";"—";"210000";"74 70 66";"—";"Участвует в конкурсе";"2156407";"—"
"1276";"6";"—";"210000";"74 66 70";"—";"Участвует в конкурсе";"1762466";"—"
"1277";"10";"Электронное";"210000";"72 77 61";"—";"Участвует в конкурсе";"2176671";"—"
"1279";"9";"—";"210000";"70 80 60";"—";"Участвует в конкурсе";"1072659";"—"
"1280";"2";"—";"210000";"70 73 67";"—";"Участвует в конкурсе";"1796454";"—"
"1281";"1";"—";"210000";"70 70 70";"—";"Участвует в конкурсе";"1850017";"—"
"1282";"1";"—";"210000";"70 57 83";"—";"Участвует в конкурсе";"2363300";"—"
"1284";"5";"—";"210000";"52 80 78";"—";"Участвует в конкурсе";"1272250";"—"
"1285";"10";"—";"210000";"74 64 70";"2000";"Участвует в конкурсе";"1707046";"—"
"1286";"1";"—";"210000";"74 65 61";"10000";"Участвует в конкурсе";"1480191";"—"
"1287";"7";"—";"210000";"70 58 72";"10000";"Участвует в конкурсе";"2172823";"—"
"1288";"6";"Электронное";"210000";"70 55 75";"10000";"Участвует в конкурсе";"1263419";"—"
"1289";"9";"—";"210000";"64 73 63";"10000";"Участвует в конкурсе";"1705804";"—"
"1290";"6";"Электронное";"209000";"80 51 78";"—";"Участвует в конкурсе";"2193720";"—"
"1291";"6";"—";"209000";"74 71 64";"—";"Участвует в конкурсе";"1258464";"—"
"1292";"8";"—";"209000";"74 69 66";"—";"Участвует в конкурсе";"1408748";"—"
"1293";"2";"—";"209000";"72 65 72";"—";"Участвует в конкурсе";"1518006";"—"
"1294";"2";"—";"209000";"64 82 63";"—";"Участвует в конкурсе";"1459097";"—"
"1295";"5";"—";"209000";"64 73 72";"—";"Участвует в конкурсе";"1905094";"—"
"1297";"10";"Электронное";"209000";"78 65 63";"3000";"Участвует в конкурсе";"1426454";"—"
"1298";"2";"—";"209000";"70 56 73";"10000";"Участвует в конкурсе";"1491807";"—"
"1299";"8";"—";"209000";"64 75 60";"10000";"Участвует в конкурсе";"2316854";"—"
"1302";"2";"—";"208000";"80 77 51";"—";"Участвует в конкурсе";"1171483";"—"
"1303";"13";"—";"208000";"78 75 55";"—";"Участвует в конкурсе";"1363948";"—"
"1305";"4";"—";"208000";"74 71 63";"—";"Участвует в конкурсе";"1158319";"—"
"1306";"11";"—";"208000";"72 64 72";"—";"Участвует в конкурсе";"1424272";"—"
"1307";"2";"—";"208000";"70 75 63";"—";"Участвует в конкурсе";"1292842";"—"
"1308";"8";"—";"208000";"70 68 70";"—";"Участвует в конкурсе";"2340953";"—"
"1309";"7";"—";"208000";"58 84 66";"—";"Участвует в конкурсе";"1393621";"—"
"1310";"7";"Электронное";"208000";"78 53 75";"2000";"Участвует в конкурсе";"2171517";"—"
"1311";"7";"—";"208000";"70 78 57";"3000";"Участвует в конкурсе";"1495920";"—"
"1312";"7";"—";"208000";"70 75 60";"3000";"Участвует в конкурсе";"1791270";"—"
"1313";"3";"—";"208000";"70 69 66";"3000";"Участвует в конкурсе";"1501434";"—"
"1314";"2";"—";"208000";"76 61 61";"10000";"Участвует в конкурсе";"1413402";"—"
"1315";"5";"—";"208000";"64 61 73";"10000";"Участвует в конкурсе";"1638576";"—"
"1316";"7";"—";"207000";"84 66 57";"—";"Участвует в конкурсе";"1306360";"—"
"1317";"5";"Электронное";"207000";"80 69 58";"—";"Участвует в конкурсе";"1353773";"—"
"1318";"1";"—";"207000";"78 57 72";"—";"Участвует в конкурсе";"1510200";"—"
"1319";"7";"Электронное";"207000";"72 77 58";"—";"Участвует в конкурсе";"2169167";"—"
"1320";"7";"—";"207000";"72 60 75";"—";"Участвует в конкурсе";"1165397";"—"
"1321";"5";"—";"207000";"64 77 66";"—";"Участвует в конкурсе";"1606684";"—"
"1322";"6";"—";"207000";"64 65 78";"—";"Участвует в конкурсе";"2299713";"—"
"1324";"3";"—";"207000";"58 77 72";"—";"Участвует в конкурсе";"2305639";"—"
"1326";"5";"—";"207000";"64 77 64";"2000";"Участвует в конкурсе";"1349941";"—"
"1327";"4";"—";"207000";"70 52 75";"10000";"Участвует в конкурсе";"1156810";"—"
"1328";"5";"Электронное";"206000";"86 57 63";"—";"Участвует в конкурсе";"2227315";"—"
"1329";"7";"Электронное";"206000";"78 42 86";"—";"Участвует в конкурсе";"2288010";"—"
"1332";"3";"—";"206000";"64 73 69";"—";"Участвует в конкурсе";"1405587";"—"
"1333";"7";"—";"206000";"52 90 64";"—";"Участвует в конкурсе";"2175069";"—"
"1334";"9";"—";"206000";"72 70 61";"3000";"Участвует в конкурсе";"1212792";"—"
"1335";"4";"—";"206000";"70 66 67";"3000";"Участвует в конкурсе";"2269965";"—"
"1336";"4";"Электронное";"206000";"70 64 69";"3000";"Участвует в конкурсе";"1996666";"—"
"1337";"3";"—";"206000";"70 61 72";"3000";"Участвует в конкурсе";"1790951";"—"
"1338";"5";"—";"206000";"72 61 63";"10000";"Участвует в конкурсе";"1986673";"—"
"1339";"4";"—";"206000";"52 78 66";"10000";"Участвует в конкурсе";"1348463";"—"
"1340";"3";"Электронное";"206000";"52 61 83";"10000";"Участвует в конкурсе";"2285714";"—"
"1341";"2";"—";"206000";"46 78 72";"10000";"Участвует в конкурсе";"1344116";"—"
"1342";"6";"—";"205000";"74 73 58";"—";"Участвует в конкурсе";"1574691";"—"
"1343";"2";"—";"205000";"74 71 60";"—";"Участвует в конкурсе";"1382182";"—"
"1344";"4";"—";"205000";"74 64 67";"—";"Участвует в конкурсе";"1702469";"—"
"1345";"4";"—";"205000";"72 73 60";"—";"Участвует в конкурсе";"1853718";"—"
"1346";"11";"Электронное";"205000";"72 69 64";"—";"Участвует в конкурсе";"2341911";"—"
"1347";"4";"—";"205000";"72 60 73";"—";"Участвует в конкурсе";"2214136";"—"
"1348";"1";"—";"205000";"70 74 61";"—";"Участвует в конкурсе";"1204565";"—"
"1351";"9";"—";"205000";"70 71 61";"3000";"Участвует в конкурсе";"1580655";"—"
"1352";"6";"—";"205000";"68 70 64";"3000";"Участвует в конкурсе";"1582869";"—"
"1353";"3";"—";"205000";"72 74 54";"5000";"Участвует в конкурсе";"1180577";"—"
"1354";"8";"—";"205000";"72 65 63";"5000";"Участвует в конкурсе";"2312758";"—"
"1355";"6";"—";"205000";"56 69 70";"10000";"Участвует в конкурсе";"1093888";"—"
"1356";"1";"—";"204000";"78 62 64";"—";"Участвует в конкурсе";"1651175";"—"
"1357";"8";"—";"204000";"76 65 63";"—";"Участвует в конкурсе";"2265604";"—"
"1358";"7";"—";"204000";"76 61 67";"—";"Участвует в конкурсе";"1172978";"—"
"1359";"2";"—";"204000";"76 55 73";"—";"Участвует в конкурсе";"1284146";"—"
"1360";"6";"—";"204000";"74 66 64";"—";"Участвует в конкурсе";"1619063";"—"
"1361";"1";"—";"204000";"72 75 57";"—";"Участвует в конкурсе";"1347152";"—"
"1362";"2";"—";"204000";"72 71 61";"—";"Участвует в конкурсе";"2272780";"—"
"1363";"9";"—";"204000";"70 70 64";"—";"Участвует в конкурсе";"1477164";"—"
"1364";"5";"—";"204000";"52 74 78";"—";"Участвует в конкурсе";"1267313";"—"
"1365";"3";"—";"204000";"74 70 58";"2000";"Участвует в конкурсе";"2344739";"—"
"1366";"4";"—";"204000";"70 66 66";"2000";"Участвует в конкурсе";"1620114";"—"
"1368";"7";"—";"204000";"84 57 54";"9000";"Участвует в конкурсе";"1648178";"—"
"1370";"5";"—";"204000";"70 61 63";"10000";"Участвует в конкурсе";"2338722";"—"
"1371";"5";"—";"204000";"58 66 70";"10000";"Участвует в конкурсе";"1559507";"—"
"1372";"2";"Электронное";"203000";"78 71 54";"—";"Участвует в конкурсе";"2308661";"—"
"1374";"4";"—";"203000";"74 69 60";"—";"Участвует в конкурсе";"1204388";"—"
"1375";"6";"—";"203000";"72 73 58";"—";"Участвует в конкурсе";"1774865";"—"
"1376";"4";"—";"203000";"72 70 61";"—";"Участвует в конкурсе";"1444067";"—"
"1377";"6";"—";"203000";"70 61 72";"—";"Участвует в конкурсе";"1343612";"—"
"1378";"4";"Электронное";"203000";"74 68 58";"3000";"Участвует в конкурсе";"1349659";"—"
"1379";"5";"—";"203000";"72 64 64";"3000";"Участвует в конкурсе";"1683800";"—"
"1380";"3";"—";"203000";"64 75 61";"3000";"Участвует в конкурсе";"1582736";"—"
"1381";"5";"—";"203000";"46 84 70";"3000";"Участвует в конкурсе";"1407957";"—"
"1382";"3";"—";"203000";"72 70 54";"7000";"Участвует в конкурсе";"1137338";"—"
"1383";"4";"—";"203000";"74 58 61";"10000";"Участвует в конкурсе";"2252455";"—"
"1384";"2";"—";"202000";"80 56 66";"—";"Участвует в конкурсе";"1177402";"—"
"1385";"5";"—";"202000";"76 69 57";"—";"Участвует в конкурсе";"1267793";"—"
"1386";"2";"—";"202000";"76 69 57";"—";"Участвует в конкурсе";"2229483";"—"
"1387";"2";"Электронное";"202000";"74 71 57";"—";"Участвует в конкурсе";"1577985";"—"
"1389";"3";"Электронное";"202000";"70 74 58";"—";"Участвует в конкурсе";"2052297";"—"
"1390";"9";"—";"202000";"64 80 58";"—";"Участвует в конкурсе";"1972824";"—"
"1391";"2";"—";"202000";"64 75 63";"—";"Участвует в конкурсе";"1745871";"—"
"1392";"8";"Электронное";"202000";"64 71 67";"—";"Участвует в конкурсе";"1122095";"—"
"1393";"1";"—";"202000";"64 69 69";"—";"Участвует в конкурсе";"1584884";"—"
"1394";"7";"—";"202000";"74 53 72";"3000";"Участвует в конкурсе";"2309375";"—"
"1395";"3";"—";"202000";"70 71 58";"3000";"Участвует в конкурсе";"1325577";"—"
"1396";"4";"—";"202000";"70 65 64";"3000";"Участвует в конкурсе";"1426638";"—"
"1397";"10";"—";"202000";"64 57 78";"3000";"Участвует в конкурсе";"1953426";"—"
"1398";"3";"—";"202000";"72 53 67";"10000";"Участвует в конкурсе";"2229915";"—"
"1399";"1";"—";"202000";"70 61 61";"10000";"Участвует в конкурсе";"1608179";"—"
"1400";"1";"Электронное";"202000";"64 55 73";"10000";"Участвует в конкурсе";"1780956";"—"
"1401";"3";"—";"202000";"58 62 72";"10000";"Участвует в конкурсе";"2353155";"—"
"1402";"2";"—";"201000";"80 49 72";"—";"Участвует в конкурсе";"1570849";"—"
"1403";"11";"—";"201000";"78 62 61";"—";"Участвует в конкурсе";"2411453";"—"
"1404";"5";"—";"201000";"74 64 63";"—";"Участвует в конкурсе";"1954100";"—"
"1405";"3";"—";"201000";"74 64 63";"—";"Участвует в конкурсе";"2342159";"—"
"1406";"3";"—";"201000";"72 77 52";"—";"Участвует в конкурсе";"1180429";"—"
"1407";"3";"—";"201000";"70 74 57";"—";"Участвует в конкурсе";"1787923";"—"
"1408";"6";"—";"201000";"70 71 60";"—";"Участвует в конкурсе";"1200547";"—"
"1409";"1";"—";"201000";"70 68 63";"—";"Участвует в конкурсе";"1213288";"—"
"1410";"7";"—";"201000";"58 70 73";"—";"Участвует в конкурсе";"2001041";"—"
"1411";"4";"Электронное";"201000";"74 56 69";"2000";"Участвует в конкурсе";"1266337";"—"
"1412";"4";"Электронное";"201000";"74 52 72";"3000";"Участвует в конкурсе";"1359794";"—"
"1413";"1";"—";"201000";"52 80 66";"3000";"Участвует в конкурсе";"1692133";"—"
"1414";"10";"—";"201000";"45 79 74";"3000";"Участвует в конкурсе";"1025550";"—"
"1415";"3";"—";"201000";"70 65 57";"9000";"Участвует в конкурсе";"1446460";"—"
"1416";"3";"—";"201000";"70 55 66";"10000";"Участвует в конкурсе";"1756054";"—"
"1417";"5";"Электронное";"201000";"58 70 63";"10000";"Участвует в конкурсе";"1365244";"—"
"1419";"5";"—";"200000";"78 53 69";"—";"Участвует в конкурсе";"1882922";"—"
"1420";"2";"—";"200000";"76 69 55";"—";"Участвует в конкурсе";"998013";"—"
"1421";"1";"—";"200000";"74 56 70";"—";"Участвует в конкурсе";"1435349";"—"
"1422";"5";"—";"200000";"72 70 58";"—";"Участвует в конкурсе";"1611307";"—"
"1423";"6";"—";"200000";"72 64 64";"—";"Участвует в конкурсе";"1141562";"—"
"1424";"4";"—";"200000";"64 73 63";"—";"Участвует в конкурсе";"1174240";"—"
"1426";"1";"Электронное";"200000";"64 66 70";"—";"Участвует в конкурсе";"1355920";"—"
"1427";"8";"—";"200000";"72 71 54";"3000";"Участвует в конкурсе";"2196536";"—"
"1428";"9";"—";"200000";"70 69 58";"3000";"Участвует в конкурсе";"1982978";"—"
"1429";"4";"Электронное";"200000";"52 77 61";"10000";"Участвует в конкурсе";"1466184";"—"
"1430";"1";"—";"199000";"74 58 67";"—";"Участвует в конкурсе";"1925168";"—"
"1431";"3";"—";"199000";"72 66 61";"—";"Участвует в конкурсе";"1397455";"—"
"1432";"2";"—";"199000";"70 60 69";"—";"Участвует в конкурсе";"1389283";"—"
"1433";"8";"—";"199000";"64 68 67";"—";"Участвует в конкурсе";"1691589";"—"
"1434";"7";"—";"199000";"64 57 78";"—";"Участвует в конкурсе";"1310419";"—"
"1435";"3";"—";"199000";"58 86 55";"—";"Участвует в конкурсе";"1140242";"—"
"1436";"6";"Электронное";"199000";"58 74 67";"—";"Участвует в конкурсе";"2268916";"—"
"1437";"6";"—";"199000";"58 71 70";"—";"Участвует в конкурсе";"1350850";"—"
"1438";"7";"—";"199000";"64 75 58";"2000";"Участвует в конкурсе";"1514479";"—"
"1439";"6";"—";"199000";"58 68 70";"3000";"Участвует в конкурсе";"2217150";"—"
"1440";"5";"—";"199000";"64 65 61";"9000";"Участвует в конкурсе";"2287415";"—"
"1441";"8";"—";"199000";"74 51 64";"10000";"Участвует в конкурсе";"1252445";"—"
"1442";"5";"Электронное";"198000";"80 55 63";"—";"Участвует в конкурсе";"1401766";"—"
"1443";"3";"—";"198000";"78 62 58";"—";"Участвует в конкурсе";"1441152";"—"
"1444";"2";"—";"198000";"72 51 75";"—";"Участвует в конкурсе";"1957211";"—"
"1445";"4";"—";"198000";"70 61 67";"—";"Участвует в конкурсе";"1774013";"—"
"1446";"6";"—";"198000";"58 62 78";"—";"Участвует в конкурсе";"1848194";"—"
"1447";"7";"—";"198000";"74 57 64";"3000";"Участвует в конкурсе";"1783885";"—"
"1448";"3";"—";"198000";"64 71 60";"3000";"Участвует в конкурсе";"1174843";"—"
"1449";"4";"—";"198000";"64 61 70";"3000";"Участвует в конкурсе";"1984713";"—"
"1451";"2";"—";"198000";"58 66 64";"10000";"Участвует в конкурсе";"1994346";"—"
"1452";"10";"—";"197000";"78 55 64";"—";"Участвует в конкурсе";"1618526";"—"
"1454";"5";"—";"197000";"72 61 64";"—";"Участвует в конкурсе";"1905901";"—"
"1455";"3";"—";"197000";"72 52 73";"—";"Участвует в конкурсе";"2305083";"—"
"1456";"6";"Электронное";"197000";"58 69 70";"—";"Участвует в конкурсе";"2158980";"—"
"1457";"12";"—";"197000";"58 66 73";"—";"Участвует в конкурсе";"1974363";"—"
"1459";"5";"—";"197000";"51 79 67";"—";"Участвует в конкурсе";"1188105";"—"
"1460";"3";"Электронное";"197000";"72 56 66";"3000";"Участвует в конкурсе";"2219419";"—"
"1461";"6";"—";"197000";"70 60 64";"3000";"Участвует в конкурсе";"2227947";"—"
"1462";"4";"—";"197000";"78 64 45";"10000";"Участвует в конкурсе";"1525359";"—"
"1463";"6";"—";"196000";"72 60 64";"—";"Участвует в конкурсе";"968640";"—"
"1464";"6";"—";"196000";"70 65 61";"—";"Участвует в конкурсе";"1213978";"—"
"1465";"6";"—";"196000";"70 56 70";"—";"Участвует в конкурсе";"1542453";"—"
"1466";"2";"—";"196000";"52 77 67";"—";"Участвует в конкурсе";"1211469";"—"
"1467";"3";"—";"196000";"78 58 57";"3000";"Участвует в конкурсе";"973801";"—"
"1468";"7";"Электронное";"196000";"70 66 57";"3000";"Участвует в конкурсе";"1180503";"—"
"1469";"4";"Электронное";"195000";"78 62 55";"—";"Участвует в конкурсе";"1107217";"—"
"1470";"3";"—";"195000";"76 56 63";"—";"Участвует в конкурсе";"1209013";"—"
"1471";"5";"—";"195000";"76 52 67";"—";"Участвует в конкурсе";"2157841";"—"
"1472";"5";"—";"195000";"72 65 58";"—";"Участвует в конкурсе";"1369790";"—"
"1473";"5";"—";"195000";"72 57 66";"—";"Участвует в конкурсе";"950674";"—"
"1474";"1";"—";"195000";"70 58 67";"—";"Участвует в конкурсе";"2043767";"—"
"1475";"6";"—";"195000";"70 55 70";"—";"Участвует в конкурсе";"1246164";"—"
"1476";"7";"—";"195000";"58 65 72";"—";"Участвует в конкурсе";"2340325";"—"
"1478";"3";"—";"195000";"46 75 72";"2000";"Участвует в конкурсе";"1241753";"—"
"1479";"9";"—";"195000";"72 49 64";"10000";"Участвует в конкурсе";"2369263";"—"
"1480";"8";"—";"195000";"64 78 43";"10000";"Участвует в конкурсе";"2186384";"—"
"1481";"2";"—";"195000";"58 64 63";"10000";"Участвует в конкурсе";"1534629";"—"
"1482";"3";"—";"194000";"82 48 64";"—";"Участвует в конкурсе";"1352697";"—"
"1483";"5";"—";"194000";"74 62 58";"—";"Участвует в конкурсе";"2370737";"—"
"1484";"4";"—";"194000";"72 77 45";"—";"Участвует в конкурсе";"1845576";"—"
"1485";"1";"—";"194000";"72 58 64";"—";"Участвует в конкурсе";"1841744";"—"
"1486";"3";"—";"194000";"70 64 60";"—";"Участвует в конкурсе";"1285158";"—"
"1488";"3";"Электронное";"194000";"64 66 64";"—";"Участвует в конкурсе";"1194707";"—"
"1490";"1";"—";"194000";"78 52 61";"3000";"Участвует в конкурсе";"1514420";"—"
"1491";"7";"—";"194000";"52 75 64";"3000";"Участвует в конкурсе";"948217";"—"
"1492";"10";"Электронное";"194000";"58 55 73";"8000";"Участвует в конкурсе";"1915440";"—"
"1493";"7";"Электронное";"193000";"76 66 51";"—";"Участвует в конкурсе";"2143229";"—"
"1494";"1";"—";"193000";"74 56 63";"—";"Участвует в конкурсе";"1641818";"—"
"1495";"2";"Электронное";"193000";"70 62 61";"—";"Участвует в конкурсе";"1481179";"—"
"1496";"6";"—";"193000";"64 77 52";"—";"Участвует в конкурсе";"1310252";"—"
"1497";"2";"—";"193000";"58 77 58";"—";"Участвует в конкурсе";"944998";"—"
"1499";"6";"—";"193000";"58 66 67";"2000";"Участвует в конкурсе";"1282411";"—"
"1500";"6";"—";"193000";"58 61 72";"2000";"Участвует в конкурсе";"1453106";"—"
"1501";"3";"—";"193000";"84 52 54";"3000";"Участвует в конкурсе";"2241498";"—"
"1502";"1";"Электронное";"192000";"74 48 70";"—";"Участвует в конкурсе";"1714584";"—"
"1503";"4";"—";"192000";"74 46 72";"—";"Участвует в конкурсе";"2251350";"—"
"1504";"11";"Электронное";"192000";"70 64 58";"—";"Участвует в конкурсе";"1075943";"—"
"1505";"5";"—";"192000";"70 61 61";"—";"Участвует в конкурсе";"2224112";"—"
"1507";"2";"—";"192000";"52 77 63";"—";"Участвует в конкурсе";"1614030";"—"
"1508";"9";"Электронное";"192000";"52 71 69";"—";"Участвует в конкурсе";"1206681";"—"
"1509";"4";"—";"192000";"70 53 66";"3000";"Участвует в конкурсе";"1600912";"—"
"1510";"7";"—";"192000";"58 62 69";"3000";"Участвует в конкурсе";"2217204";"—"
"1511";"4";"—";"192000";"52 66 69";"5000";"Участвует в конкурсе";"1432021";"—"
"1512";"13";"—";"191000";"78 58 55";"—";"Участвует в конкурсе";"1984551";"—"
"1513";"1";"—";"191000";"74 56 61";"—";"Участвует в конкурсе";"1282832";"—"
"1514";"3";"—";"191000";"72 62 57";"—";"Участвует в конкурсе";"1334996";"—"
"1515";"5";"—";"191000";"72 53 66";"—";"Участвует в конкурсе";"2267757";"—"
"1516";"3";"Электронное";"191000";"52 69 70";"—";"Участвует в конкурсе";"1544748";"—"
"1517";"1";"—";"191000";"46 84 61";"—";"Участвует в конкурсе";"1351674";"—"
"1518";"5";"—";"191000";"74 47 67";"3000";"Участвует в конкурсе";"1620354";"—"
"1519";"4";"—";"191000";"58 53 70";"10000";"Участвует в конкурсе";"2168802";"—"
"1520";"3";"—";"191000";"46 62 73";"10000";"Участвует в конкурсе";"2141808";"—"
"1521";"6";"—";"190000";"70 60 60";"—";"Участвует в конкурсе";"1526834";"—"
"1522";"2";"—";"190000";"70 53 67";"—";"Участвует в конкурсе";"1712823";"—"
"1524";"3";"—";"190000";"64 60 66";"—";"Участвует в конкурсе";"2365216";"—"
"1525";"2";"—";"190000";"58 66 66";"—";"Участвует в конкурсе";"1245758";"—"
"1526";"11";"—";"190000";"58 62 70";"—";"Участвует в конкурсе";"1510080";"—"
"1527";"6";"—";"190000";"52 66 70";"2000";"Участвует в конкурсе";"2226507";"—"
"1528";"9";"Электронное";"190000";"52 58 70";"10000";"Участвует в конкурсе";"1164885";"—"
"1529";"3";"Электронное";"189000";"72 62 55";"—";"Участвует в конкурсе";"1309558";"—"
"1530";"3";"—";"189000";"70 62 57";"—";"Участвует в конкурсе";"1696172";"—"
"1531";"9";"—";"189000";"70 47 72";"—";"Участвует в конкурсе";"1858283";"—"
"1532";"11";"—";"189000";"46 70 73";"—";"Участвует в конкурсе";"1187107";"—"
"1533";"10";"—";"189000";"52 60 75";"2000";"Участвует в конкурсе";"2025516";"—"
"1534";"3";"—";"189000";"74 52 60";"3000";"Участвует в конкурсе";"2305702";"—"
"1535";"4";"—";"189000";"72 44 63";"10000";"Участвует в конкурсе";"1842168";"—"
"1536";"5";"—";"188000";"78 43 67";"—";"Участвует в конкурсе";"1502627";"—"
"1537";"2";"Электронное";"188000";"72 68 48";"—";"Участвует в конкурсе";"1894855";"—"
"1538";"1";"—";"188000";"72 55 61";"—";"Участвует в конкурсе";"1177105";"—"
"1539";"2";"—";"188000";"70 46 72";"—";"Участвует в конкурсе";"1283270";"—"
"1540";"5";"—";"188000";"64 73 51";"—";"Участвует в конкурсе";"1322215";"—"
"1541";"1";"—";"188000";"64 69 55";"—";"Участвует в конкурсе";"1108248";"—"
"1542";"6";"Электронное";"188000";"64 64 60";"—";"Участвует в конкурсе";"1204335";"—"
"1543";"3";"—";"188000";"58 64 66";"—";"Участвует в конкурсе";"1955031";"—"
"1544";"3";"—";"188000";"58 61 69";"—";"Участвует в конкурсе";"1362729";"—"
"1545";"3";"—";"188000";"52 61 75";"—";"Участвует в конкурсе";"1435927";"—"
"1546";"9";"—";"188000";"46 82 60";"—";"Участвует в конкурсе";"1292828";"—"
"1547";"7";"Электронное";"188000";"64 65 54";"5000";"Участвует в конкурсе";"1229189";"—"
"1548";"4";"—";"188000";"70 51 57";"10000";"Участвует в конкурсе";"1951189";"—"
"1549";"4";"Электронное";"188000";"46 66 66";"10000";"Участвует в конкурсе";"2039882";"—"
"1550";"6";"—";"187000";"70 56 61";"—";"Участвует в конкурсе";"2099648";"—"
"1551";"2";"—";"187000";"64 66 57";"—";"Участвует в конкурсе";"1442930";"—"
"1552";"8";"Электронное";"187000";"58 66 63";"—";"Участвует в конкурсе";"1191624";"—"
"1553";"1";"—";"187000";"58 66 63";"—";"Участвует в конкурсе";"1215965";"—"
"1554";"3";"—";"187000";"70 51 64";"2000";"Участвует в конкурсе";"1061517";"—"
"1555";"6";"Электронное";"187000";"72 60 52";"3000";"Участвует в конкурсе";"1906332";"—"
"1556";"3";"Электронное";"187000";"70 40 67";"10000";"Участвует в конкурсе";"1725019";"—"
"1557";"9";"—";"186000";"74 52 60";"—";"Участвует в конкурсе";"2133841";"—"
"1558";"10";"—";"186000";"66 47 73";"—";"Участвует в конкурсе";"964137";"—"
"1559";"2";"—";"186000";"64 55 67";"—";"Участвует в конкурсе";"963101";"—"
"1560";"3";"—";"186000";"46 77 63";"—";"Участвует в конкурсе";"1094975";"—"
"1561";"5";"—";"186000";"64 62 57";"3000";"Участвует в конкурсе";"1361187";"—"
"1562";"3";"—";"186000";"52 65 64";"5000";"Участвует в конкурсе";"1386517";"—"
"1563";"6";"—";"186000";"72 44 60";"10000";"Участвует в конкурсе";"1618962";"—"
"1564";"1";"—";"186000";"64 49 63";"10000";"Участвует в конкурсе";"2425078";"—"
"1565";"3";"—";"185000";"70 61 54";"—";"Участвует в конкурсе";"2026688";"—"
"1567";"9";"—";"185000";"64 49 72";"—";"Участвует в конкурсе";"2388121";"—"
"1568";"12";"Электронное";"185000";"54 65 66";"—";"Участвует в конкурсе";"2196302";"—"
"1569";"7";"—";"185000";"70 62 43";"10000";"Участвует в конкурсе";"2090184";"—"
"1570";"4";"—";"184000";"58 80 46";"—";"Участвует в конкурсе";"1655938";"—"
"1571";"2";"—";"184000";"64 70 48";"2000";"Участвует в конкурсе";"2283160";"—"
"1572";"11";"—";"184000";"58 61 63";"2000";"Участвует в конкурсе";"1798603";"—"
"1574";"3";"—";"184000";"52 65 64";"3000";"Участвует в конкурсе";"1837421";"—"
"1576";"10";"—";"183000";"72 42 69";"—";"Участвует в конкурсе";"2207547";"—"
"1578";"2";"—";"183000";"64 61 58";"—";"Участвует в конкурсе";"1564582";"—"
"1579";"2";"Электронное";"183000";"64 58 61";"—";"Участвует в конкурсе";"1168454";"—"
"1581";"1";"—";"183000";"58 62 63";"—";"Участвует в конкурсе";"2330239";"—"
"1582";"5";"Электронное";"183000";"50 75 58";"—";"Участвует в конкурсе";"1023283";"—"
"1583";"2";"—";"183000";"70 52 58";"3000";"Участвует в конкурсе";"1341776";"—"
"1584";"5";"—";"183000";"58 56 66";"3000";"Участвует в конкурсе";"1432395";"—"
"1585";"3";"—";"183000";"58 56 66";"3000";"Участвует в конкурсе";"1017772";"—"
"1586";"6";"—";"183000";"52 58 70";"3000";"Участвует в конкурсе";"2079977";"—"
"1587";"2";"—";"183000";"58 52 67";"6000";"Участвует в конкурсе";"1425002";"—"
"1589";"1";"Электронное";"182000";"74 47 61";"—";"Участвует в конкурсе";"2177428";"—"
"1590";"1";"—";"182000";"70 60 52";"—";"Участвует в конкурсе";"1853879";"—"
"1591";"9";"—";"182000";"70 52 60";"—";"Участвует в конкурсе";"1721936";"—"
"1593";"5";"—";"182000";"58 48 76";"—";"Участвует в конкурсе";"2091108";"—"
"1594";"8";"Электронное";"182000";"74 43 55";"10000";"Участвует в конкурсе";"2237502";"—"
"1595";"1";"Электронное";"181000";"72 49 60";"—";"Участвует в конкурсе";"1840294";"—"
"1596";"4";"—";"181000";"70 48 63";"—";"Участвует в конкурсе";"1250292";"—"
"1599";"3";"—";"180000";"52 68 60";"—";"Участвует в конкурсе";"2255519";"—"
"1600";"8";"—";"180000";"52 55 70";"3000";"Участвует в конкурсе";"1887703";"—"
"1601";"7";"—";"180000";"58 68 49";"5000";"Участвует в конкурсе";"2084954";"—"
"1602";"11";"Электронное";"179000";"70 55 54";"—";"Участвует в конкурсе";"1169926";"—"
"1603";"8";"—";"179000";"64 52 63";"—";"Участвует в конкурсе";"1158164";"—"
"1604";"2";"—";"179000";"58 58 63";"—";"Участвует в конкурсе";"1197726";"—"
"1605";"9";"—";"179000";"46 69 64";"—";"Участвует в конкурсе";"2126872";"—"
"1606";"6";"—";"179000";"70 43 61";"5000";"Участвует в конкурсе";"1610025";"—"
"1607";"8";"—";"178000";"58 65 55";"—";"Участвует в конкурсе";"1566621";"—"
"1609";"1";"—";"178000";"58 47 73";"—";"Участвует в конкурсе";"2389981";"—"
"1611";"5";"Электронное";"178000";"46 75 55";"2000";"Участвует в конкурсе";"2219340";"—"
"1612";"6";"—";"178000";"78 42 55";"3000";"Участвует в конкурсе";"1983530";"—"
"1613";"7";"—";"178000";"65 52 58";"3000";"Участвует в конкурсе";"1720947";"—"
"1614";"7";"—";"177000";"70 52 55";"—";"Участвует в конкурсе";"2177391";"—"
"1616";"5";"Электронное";"177000";"52 58 67";"—";"Участвует в конкурсе";"1277304";"—"
"1617";"8";"—";"177000";"70 46 58";"3000";"Участвует в конкурсе";"1640471";"—"
"1618";"7";"—";"177000";"40 64 63";"10000";"Участвует в конкурсе";"1954590";"—"
"1619";"2";"—";"176000";"70 55 51";"—";"Участвует в конкурсе";"2342667";"—"
"1620";"2";"—";"176000";"65 57 54";"—";"Участвует в конкурсе";"1068556";"—"
"1621";"2";"—";"176000";"64 51 61";"—";"Участвует в конкурсе";"1615423";"—"
"1622";"5";"—";"176000";"58 60 58";"—";"Участвует в конкурсе";"1593115";"—"
"1623";"4";"—";"176000";"58 40 78";"—";"Участвует в конкурсе";"1797410";"—"
"1624";"6";"—";"176000";"52 69 55";"—";"Участвует в конкурсе";"1539475";"—"
"1625";"4";"—";"176000";"58 61 54";"3000";"Участвует в конкурсе";"1458291";"—"
"1626";"2";"Электронное";"176000";"52 69 52";"3000";"Участвует в конкурсе";"1597537";"—"
"1628";"1";"—";"175000";"72 48 55";"—";"Участвует в конкурсе";"1325583";"—"
"1629";"2";"—";"175000";"72 46 57";"—";"Участвует в конкурсе";"1711555";"—"
"1630";"4";"—";"175000";"70 56 49";"—";"Участвует в конкурсе";"1178223";"—"
"1631";"1";"—";"175000";"70 44 61";"—";"Участвует в конкурсе";"2331420";"—"
"1632";"5";"—";"175000";"64 53 58";"—";"Участвует в конкурсе";"2243013";"—"
"1633";"2";"—";"175000";"58 53 64";"—";"Участвует в конкурсе";"985623";"—"
"1634";"3";"—";"175000";"52 62 61";"—";"Участвует в конкурсе";"2188561";"—"
"1635";"4";"—";"175000";"52 60 63";"—";"Участвует в конкурсе";"2225646";"—"
"1636";"3";"Электронное";"175000";"58 53 61";"3000";"Участвует в конкурсе";"1897709";"—"
"1637";"3";"—";"174000";"76 47 51";"—";"Участвует в конкурсе";"2004118";"—"
"1638";"8";"Электронное";"174000";"72 47 55";"—";"Участвует в конкурсе";"1176703";"—"
"1639";"7";"—";"174000";"58 65 51";"—";"Участвует в конкурсе";"2331537";"—"
"1640";"1";"Электронное";"174000";"58 47 69";"—";"Участвует в конкурсе";"1798309";"—"
"1642";"4";"—";"174000";"40 57 77";"—";"Участвует в конкурсе";"2037502";"—"
"1643";"5";"—";"174000";"58 55 58";"3000";"Участвует в конкурсе";"1198161";"—"
"1644";"3";"—";"173000";"58 52 63";"—";"Участвует в конкурсе";"2246458";"—"
"1645";"5";"—";"173000";"58 49 66";"—";"Участвует в конкурсе";"1959607";"—"
"1646";"2";"Электронное";"173000";"52 60 61";"—";"Участвует в конкурсе";"1475930";"—"
"1647";"8";"—";"173000";"52 46 75";"—";"Участвует в конкурсе";"2419104";"—"
"1648";"6";"—";"172000";"64 53 55";"—";"Участвует в конкурсе";"1253600";"—"
"1649";"5";"—";"172000";"64 44 64";"—";"Участвует в конкурсе";"1440728";"—"
"1650";"6";"Электронное";"172000";"58 57 57";"—";"Участвует в конкурсе";"1443537";"—"
"1651";"4";"Электронное";"172000";"58 53 61";"—";"Участвует в конкурсе";"1319375";"—"
"1652";"9";"—";"172000";"52 74 46";"—";"Участвует в конкурсе";"2216299";"—"
"1653";"2";"—";"172000";"52 53 67";"—";"Участвует в конкурсе";"1460036";"—"
"1654";"2";"Электронное";"172000";"58 60 52";"2000";"Участвует в конкурсе";"2342627";"—"
"1656";"2";"—";"171000";"70 47 54";"—";"Участвует в конкурсе";"1686112";"—"
"1657";"5";"Электронное";"171000";"40 61 70";"—";"Участвует в конкурсе";"2229574";"—"
"1658";"6";"Электронное";"171000";"64 49 55";"3000";"Участвует в конкурсе";"1414169";"—"
"1659";"2";"—";"170000";"58 64 48";"—";"Участвует в конкурсе";"1490100";"—"
"1660";"10";"—";"170000";"58 55 57";"—";"Участвует в конкурсе";"1854900";"—"
"1661";"6";"—";"170000";"58 46 66";"—";"Участвует в конкурсе";"2046886";"—"
"1663";"11";"—";"170000";"58 52 57";"3000";"Участвует в конкурсе";"1947770";"—"
"1664";"13";"—";"170000";"52 40 72";"6000";"Участвует в конкурсе";"2292284";"—"
"1665";"10";"—";"169000";"72 42 55";"—";"Участвует в конкурсе";"2353738";"—"
"1666";"8";"—";"169000";"58 47 64";"—";"Участвует в конкурсе";"2221676";"—"
"1667";"2";"—";"168000";"70 40 58";"—";"Участвует в конкурсе";"2309057";"—"
"1668";"1";"—";"168000";"52 56 60";"—";"Участвует в конкурсе";"1898296";"—"
"1669";"10";"—";"166000";"52 60 54";"—";"Участвует в конкурсе";"2294671";"—"
"1670";"4";"Электронное";"166000";"58 52 54";"2000";"Участвует в конкурсе";"1201941";"—"
"1671";"2";"—";"165000";"70 40 55";"—";"Участвует в конкурсе";"1722752";"—"
"1673";"7";"—";"165000";"58 43 64";"—";"Участвует в конкурсе";"1984226";"—"
"1674";"7";"Электронное";"165000";"52 56 57";"—";"Участвует в конкурсе";"1647358";"—"
"1675";"2";"—";"165000";"52 55 58";"—";"Участвует в конкурсе";"1312986";"—"
"1676";"7";"Электронное";"165000";"46 47 72";"—";"Участвует в конкурсе";"2178893";"—"
"1677";"11";"Электронное";"164000";"52 66 46";"—";"Участвует в конкурсе";"1242906";"—"
"1678";"7";"—";"164000";"46 57 61";"—";"Участвует в конкурсе";"1219695";"—"
"1679";"5";"—";"164000";"52 51 51";"10000";"Участвует в конкурсе";"1475249";"—"
"1680";"5";"Электронное";"163000";"64 42 57";"—";"Участвует в конкурсе";"2171562";"—"
"1681";"3";"—";"163000";"52 53 58";"—";"Участвует в конкурсе";"998915";"—"
"1682";"10";"Электронное";"163000";"64 40 58";"1000";"Участвует в конкурсе";"2227679";"—"
"1683";"3";"—";"163000";"46 58 57";"2000";"Участвует в конкурсе";"2019140";"—"
"1684";"3";"—";"162000";"52 43 67";"—";"Участвует в конкурсе";"2234341";"—"
"1685";"6";"Электронное";"162000";"46 55 61";"—";"Участвует в конкурсе";"1362041";"—"
"1686";"2";"—";"162000";"64 40 55";"3000";"Участвует в конкурсе";"2338956";"—"
"1687";"2";"—";"161000";"52 52 57";"—";"Участвует в конкурсе";"1322000";"—"
"1688";"9";"—";"161000";"52 52 57";"—";"Участвует в конкурсе";"2227046";"—"
"1689";"3";"Электронное";"161000";"46 55 57";"3000";"Участвует в конкурсе";"2216507";"—"
"1690";"1";"—";"160000";"58 56 46";"—";"Участвует в конкурсе";"1179700";"—"
"1691";"5";"—";"159000";"46 43 70";"—";"Участвует в конкурсе";"1586739";"—"
"1692";"6";"—";"158000";"52 43 60";"3000";"Участвует в конкурсе";"1409554";"—"
"1693";"1";"—";"158000";"64 42 42";"10000";"Участвует в конкурсе";"1075741";"—"
"1695";"7";"—";"156000";"58 44 54";"—";"Участвует в конкурсе";"1402849";"—"
"1696";"1";"Электронное";"156000";"52 44 57";"3000";"Участвует в конкурсе";"1337526";"—"
"1697";"9";"—";"155000";"58 42 55";"—";"Участвует в конкурсе";"1690329";"—"
"1698";"7";"Электронное";"155000";"52 57 46";"—";"Участвует в конкурсе";"1404116";"—"
"1699";"3";"—";"155000";"52 52 51";"—";"Участвует в конкурсе";"1557533";"—"
"1700";"4";"Электронное";"155000";"46 57 49";"3000";"Участвует в конкурсе";"946693";"—"
"1701";"1";"Электронное";"154000";"40 69 45";"—";"Участвует в конкурсе";"2424000";"—"
"1702";"5";"—";"154000";"58 51 42";"3000";"Участвует в конкурсе";"1117603";"—"
"1703";"3";"—";"154000";"58 48 45";"3000";"Участвует в конкурсе";"2281920";"—"
"1704";"11";"—";"154000";"46 48 57";"3000";"Участвует в конкурсе";"2249422";"—"
"1705";"1";"—";"154000";"40 51 60";"3000";"Участвует в конкурсе";"2253286";"—"
"1706";"7";"—";"153000";"46 53 54";"—";"Участвует в конкурсе";"1211650";"—"
"1707";"4";"Электронное";"153000";"46 46 58";"3000";"Участвует в конкурсе";"1264785";"—"
"1708";"1";"Электронное";"153000";"46 44 60";"3000";"Участвует в конкурсе";"1091890";"—"
"1709";"4";"—";"152000";"58 42 52";"—";"Участвует в конкурсе";"2218122";"—"
"1710";"2";"—";"152000";"52 48 52";"—";"Участвует в конкурсе";"2205755";"—"
"1711";"4";"Электронное";"152000";"49 49 51";"3000";"Участвует в конкурсе";"1169711";"—"
"1712";"3";"—";"151000";"58 53 40";"—";"Участвует в конкурсе";"2251042";"—"
"1713";"5";"—";"150000";"52 44 54";"—";"Участвует в конкурсе";"1263567";"—"
"1714";"3";"—";"147000";"46 47 54";"—";"Участвует в конкурсе";"2268707";"—"
"1715";"5";"—";"147000";"52 46 46";"3000";"Участвует в конкурсе";"1438109";"—"
"1717";"2";"Электронное";"146000";"58 43 45";"—";"Участвует в конкурсе";"2266236";"—"
"1718";"11";"Электронное";"140000";"46 51 40";"3000";"Участвует в конкурсе";"1996266";"—"
"1719";"5";"—";"139000";"46 44 49";"—";"Участвует в конкурсе";"974253";"—"
"1720";"4";"—";"139000";"40 44 55";"—";"Участвует в конкурсе";"1711196";"—"
"1721";"6";"—";"138000";"46 49 43";"—";"Участвует в конкурсе";"2251231";"—"
"1722";"5";"—";"137000";"40 43 54";"—";"Участвует в конкурсе";"1636010";"—"
"1724";"2";"—";"136000";"46 44 46";"—";"Участвует в конкурсе";"2268808";"—"
"1725";"8";"—";"134000";"40 43 49";"2000";"Участвует в конкурсе";"2184224";"—"
