"Порядковый номер";"Приоритет конкурса";"Подано согласие";"Сумма баллов";"Баллы за ВИ";"Баллы за ИД";"Статус";"Код поступающего";"Дата выбора конкурсной группы по Москве"
"1";"17";"—";"310000";"100 100 100";"10000";"Участвует в конкурсе";"1728488";"—"
"2";"4";"—";"310000";"100 100 100";"10000";"Участвует в конкурсе";"1701767";"—"
"3";"15";"—";"304000";"100 100 94";"10000";"Участвует в конкурсе";"952832";"—"
"4";"3";"—";"304000";"100 100 94";"10000";"Участвует в конкурсе";"2283919";"—"
"5";"10";"—";"304000";"98 99 97";"10000";"Участвует в конкурсе";"1914761";"—"
"6";"17";"—";"304000";"98 96 100";"10000";"Участвует в конкурсе";"1334560";"—"
"7";"7";"—";"302000";"100 92 100";"10000";"Участвует в конкурсе";"1731521";"—"
"9";"4";"—";"301000";"100 97 94";"10000";"Участвует в конкурсе";"1728529";"—"
"10";"3";"—";"301000";"100 94 97";"10000";"Участвует в конкурсе";"2246704";"—"
"11";"15";"—";"301000";"98 96 97";"10000";"Участвует в конкурсе";"1366342";"—"
"12";"9";"—";"300000";"100 99 91";"10000";"Участвует в конкурсе";"1999926";"—"
"13";"13";"—";"300000";"98 98 94";"10000";"Участвует в конкурсе";"1202951";"—"
"14";"7";"—";"300000";"98 98 94";"10000";"Участвует в конкурсе";"1268185";"—"
"15";"7";"—";"300000";"98 92 100";"10000";"Участвует в конкурсе";"1569585";"—"
"16";"13";"—";"300000";"98 92 100";"10000";"Участвует в конкурсе";"2262178";"—"
"17";"9";"—";"299000";"100 100 89";"10000";"Участвует в конкурсе";"1615185";"—"
"18";"16";"—";"299000";"100 100 89";"10000";"Участвует в конкурсе";"1797731";"—"
"19";"16";"—";"299000";"100 100 89";"10000";"Участвует в конкурсе";"1720224";"—"
"20";"22";"—";"299000";"100 98 91";"10000";"Участвует в конкурсе";"1654126";"—"
"21";"21";"—";"299000";"100 92 97";"10000";"Участвует в конкурсе";"1729269";"—"
"22";"8";"—";"299000";"98 100 91";"10000";"Участвует в конкурсе";"1572627";"—"
"23";"9";"—";"299000";"98 100 91";"10000";"Участвует в конкурсе";"1064266";"—"
"24";"1";"—";"299000";"98 97 94";"10000";"Участвует в конкурсе";"967638";"—"
"25";"10";"—";"299000";"96 96 97";"10000";"Участвует в конкурсе";"1626983";"—"
"26";"9";"—";"299000";"95 100 94";"10000";"Участвует в конкурсе";"1576662";"—"
"27";"21";"—";"299000";"95 97 97";"10000";"Участвует в конкурсе";"1772073";"—"
"28";"1";"—";"299000";"94 95 100";"10000";"Участвует в конкурсе";"1442986";"—"
"29";"4";"—";"298000";"100 94 94";"10000";"Участвует в конкурсе";"1414764";"—"
"30";"2";"—";"298000";"98 99 91";"10000";"Участвует в конкурсе";"1128272";"—"
"31";"23";"—";"298000";"98 96 94";"10000";"Участвует в конкурсе";"1436757";"—"
"32";"22";"—";"298000";"96 92 100";"10000";"Участвует в конкурсе";"1796557";"—"
"33";"3";"—";"298000";"95 96 97";"10000";"Участвует в конкурсе";"1209032";"—"
"34";"2";"—";"297000";"98 99 97";"3000";"Участвует в конкурсе";"1521257";"—"
"35";"22";"—";"297000";"100 96 91";"10000";"Участвует в конкурсе";"1261735";"—"
"36";"23";"—";"297000";"100 90 97";"10000";"Участвует в конкурсе";"1784994";"—"
"37";"2";"—";"297000";"100 90 97";"10000";"Участвует в конкурсе";"1623781";"—"
"38";"20";"—";"297000";"100 90 97";"10000";"Участвует в конкурсе";"1726516";"—"
"40";"4";"—";"297000";"98 100 89";"10000";"Участвует в конкурсе";"1653182";"—"
"41";"17";"—";"297000";"98 100 89";"10000";"Участвует в конкурсе";"1167293";"—"
"42";"18";"—";"297000";"98 98 91";"10000";"Участвует в конкурсе";"1997125";"—"
"43";"3";"—";"297000";"98 95 94";"10000";"Участвует в конкурсе";"1361856";"—"
"46";"6";"—";"297000";"95 95 97";"10000";"Участвует в конкурсе";"2312263";"—"
"47";"10";"—";"297000";"93 100 94";"10000";"Участвует в конкурсе";"1441490";"—"
"48";"5";"—";"296000";"100 95 91";"10000";"Участвует в конкурсе";"1670063";"—"
"50";"24";"—";"295000";"100 96 89";"10000";"Участвует в конкурсе";"1353381";"—"
"51";"4";"—";"295000";"98 98 89";"10000";"Участвует в конкурсе";"1728824";"—"
"52";"12";"—";"295000";"94 100 91";"10000";"Участвует в конкурсе";"1205252";"—"
"53";"3";"—";"295000";"88 97 100";"10000";"Участвует в конкурсе";"2264153";"—"
"55";"13";"—";"294000";"100 97 94";"3000";"Участвует в конкурсе";"2368429";"—"
"56";"15";"—";"294000";"98 97 89";"10000";"Участвует в конкурсе";"1076436";"—"
"57";"2";"—";"294000";"98 92 94";"10000";"Участвует в конкурсе";"1201489";"—"
"58";"16";"—";"294000";"95 100 89";"10000";"Участвует в конкурсе";"1908016";"—"
"59";"10";"—";"294000";"95 95 94";"10000";"Участвует в конкурсе";"1176975";"—"
"60";"24";"—";"294000";"95 92 97";"10000";"Участвует в конкурсе";"1333982";"—"
"62";"8";"—";"294000";"93 100 91";"10000";"Участвует в конкурсе";"1876869";"—"
"63";"20";"Электронное";"294000";"93 97 94";"10000";"Участвует в конкурсе";"1508498";"—"
"64";"25";"—";"294000";"90 97 97";"10000";"Участвует в конкурсе";"1651737";"—"
"66";"23";"—";"293000";"100 94 89";"10000";"Участвует в конкурсе";"1352457";"—"
"67";"5";"—";"293000";"100 94 89";"10000";"Участвует в конкурсе";"1207984";"—"
"68";"2";"—";"293000";"98 96 89";"10000";"Участвует в конкурсе";"1579752";"—"
"69";"4";"—";"293000";"98 96 89";"10000";"Участвует в конкурсе";"2251021";"—"
"71";"5";"—";"293000";"95 94 94";"10000";"Участвует в конкурсе";"1815828";"—"
"73";"15";"—";"292000";"98 97 97";"—";"Участвует в конкурсе";"2006503";"—"
"74";"15";"Электронное";"292000";"95 95 100";"2000";"Участвует в конкурсе";"1375485";"—"
"75";"29";"Электронное";"292000";"100 98 91";"3000";"Участвует в конкурсе";"2183839";"—"
"76";"11";"—";"292000";"98 94 97";"3000";"Участвует в конкурсе";"1481603";"—"
"77";"20";"—";"292000";"100 98 89";"5000";"Участвует в конкурсе";"1600716";"—"
"78";"7";"—";"292000";"100 100 83";"9000";"Участвует в конкурсе";"1364658";"—"
"79";"4";"—";"292000";"100 96 86";"10000";"Участвует в конкурсе";"1958628";"—"
"80";"7";"—";"292000";"98 90 94";"10000";"Участвует в конкурсе";"2367600";"—"
"81";"7";"—";"292000";"96 92 94";"10000";"Участвует в конкурсе";"1201633";"—"
"82";"21";"—";"292000";"95 98 89";"10000";"Участвует в конкурсе";"2000936";"—"
"83";"17";"—";"292000";"95 90 97";"10000";"Участвует в конкурсе";"1603405";"—"
"84";"5";"—";"292000";"94 88 100";"10000";"Участвует в конкурсе";"2128187";"—"
"86";"15";"—";"292000";"93 95 94";"10000";"Участвует в конкурсе";"1868744";"—"
"87";"3";"—";"292000";"93 92 97";"10000";"Участвует в конкурсе";"1471724";"—"
"88";"12";"—";"292000";"90 95 97";"10000";"Участвует в конкурсе";"2337542";"—"
"89";"23";"—";"292000";"88 100 94";"10000";"Участвует в конкурсе";"1901413";"—"
"90";"26";"Электронное";"292000";"88 100 94";"10000";"Участвует в конкурсе";"1619074";"—"
"91";"1";"—";"291000";"100 100 91";"—";"Участвует в конкурсе";"1469331";"—"
"92";"5";"—";"291000";"98 94 91";"8000";"Участвует в конкурсе";"1996739";"—"
"93";"2";"—";"291000";"100 95 86";"10000";"Участвует в конкурсе";"1438164";"—"
"94";"3";"—";"291000";"100 92 89";"10000";"Участвует в конкурсе";"1570076";"—"
"95";"5";"—";"291000";"100 92 89";"10000";"Участвует в конкурсе";"1431881";"—"
"97";"14";"—";"291000";"98 97 86";"10000";"Участвует в конкурсе";"1475711";"—"
"98";"20";"—";"291000";"98 92 91";"10000";"Участвует в конкурсе";"1640794";"—"
"99";"14";"—";"291000";"98 92 91";"10000";"Участвует в конкурсе";"2249276";"—"
"100";"11";"—";"291000";"95 92 94";"10000";"Участвует в конкурсе";"1042427";"—"
"101";"7";"—";"291000";"95 92 94";"10000";"Участвует в конкурсе";"1963797";"—"
"102";"4";"—";"291000";"95 92 94";"10000";"Участвует в конкурсе";"2052288";"—"
"105";"12";"—";"291000";"93 97 91";"10000";"Участвует в конкурсе";"1436957";"—"
"106";"6";"—";"291000";"90 100 91";"10000";"Участвует в конкурсе";"2274647";"—"
"107";"7";"—";"291000";"90 94 97";"10000";"Участвует в конкурсе";"1443343";"—"
"108";"2";"—";"291000";"90 94 97";"10000";"Участвует в конкурсе";"1890920";"—"
"109";"6";"—";"290000";"100 94 86";"10000";"Участвует в конкурсе";"1859882";"—"
"110";"9";"—";"290000";"100 94 86";"10000";"Участвует в конкурсе";"1285786";"—"
"111";"8";"—";"290000";"100 94 86";"10000";"Участвует в конкурсе";"2132667";"—"
"112";"4";"Электронное";"290000";"98 88 94";"10000";"Участвует в конкурсе";"1977305";"—"
"113";"7";"—";"290000";"96 95 89";"10000";"Участвует в конкурсе";"2367660";"—"
"114";"4";"—";"290000";"96 90 94";"10000";"Участвует в конкурсе";"1687503";"—"
"115";"6";"—";"290000";"95 94 91";"10000";"Участвует в конкурсе";"1546555";"—"
"117";"24";"—";"290000";"93 96 91";"10000";"Участвует в конкурсе";"1196068";"—"
"118";"1";"—";"290000";"93 96 91";"10000";"Участвует в конкурсе";"1729125";"—"
"119";"4";"Электронное";"290000";"93 96 91";"10000";"Участвует в конкурсе";"1980257";"—"
"120";"16";"—";"290000";"93 90 97";"10000";"Участвует в конкурсе";"1627151";"—"
"121";"4";"—";"290000";"90 90 100";"10000";"Участвует в конкурсе";"1202109";"—"
"122";"14";"—";"289000";"100 95 94";"—";"Участвует в конкурсе";"1425676";"—"
"124";"23";"—";"289000";"100 98 81";"10000";"Участвует в конкурсе";"1653754";"—"
"125";"11";"—";"289000";"100 82 97";"10000";"Участвует в конкурсе";"1917593";"—"
"126";"5";"—";"289000";"98 100 81";"10000";"Участвует в конкурсе";"1350561";"—"
"127";"10";"—";"289000";"98 95 86";"10000";"Участвует в конкурсе";"1291171";"—"
"128";"7";"Электронное";"289000";"98 90 91";"10000";"Участвует в конкурсе";"1424910";"—"
"129";"17";"Электронное";"289000";"98 90 91";"10000";"Участвует в конкурсе";"1582374";"—"
"130";"12";"—";"289000";"96 94 89";"10000";"Участвует в конкурсе";"2141956";"—"
"131";"13";"—";"289000";"95 84 100";"10000";"Участвует в конкурсе";"1582041";"—"
"132";"4";"Электронное";"289000";"94 96 89";"10000";"Участвует в конкурсе";"1714844";"—"
"133";"20";"—";"289000";"93 100 86";"10000";"Участвует в конкурсе";"1288256";"—"
"134";"9";"—";"289000";"93 100 86";"10000";"Участвует в конкурсе";"1198116";"—"
"135";"4";"—";"289000";"93 97 89";"10000";"Участвует в конкурсе";"2087994";"—"
"136";"21";"—";"289000";"93 95 91";"10000";"Участвует в конкурсе";"1463535";"—"
"137";"5";"—";"289000";"93 95 91";"10000";"Участвует в конкурсе";"1985522";"—"
"138";"1";"—";"289000";"93 92 94";"10000";"Участвует в конкурсе";"1617359";"—"
"139";"7";"—";"289000";"93 92 94";"10000";"Участвует в конкурсе";"1722912";"—"
"140";"21";"—";"289000";"93 92 94";"10000";"Участвует в конкурсе";"1570681";"—"
"142";"9";"—";"289000";"90 100 89";"10000";"Участвует в конкурсе";"2344911";"—"
"143";"4";"Электронное";"289000";"90 95 94";"10000";"Участвует в конкурсе";"1978080";"—"
"144";"10";"Электронное";"289000";"90 92 97";"10000";"Участвует в конкурсе";"1651267";"—"
"145";"21";"—";"289000";"88 100 91";"10000";"Участвует в конкурсе";"1516325";"—"
"146";"5";"—";"289000";"88 97 94";"10000";"Участвует в конкурсе";"1472422";"—"
"147";"4";"—";"289000";"88 94 97";"10000";"Участвует в конкурсе";"1121496";"—"
"150";"23";"—";"288000";"96 95 89";"8000";"Участвует в конкурсе";"1977029";"—"
"152";"26";"—";"288000";"98 94 86";"10000";"Участвует в конкурсе";"2254975";"—"
"153";"12";"—";"288000";"98 86 94";"10000";"Участвует в конкурсе";"1440325";"—"
"154";"2";"—";"288000";"96 96 86";"10000";"Участвует в конкурсе";"1876807";"—"
"155";"13";"—";"288000";"96 96 86";"10000";"Участвует в конкурсе";"1963734";"—"
"157";"15";"—";"288000";"95 86 97";"10000";"Участвует в конкурсе";"1979510";"—"
"158";"4";"—";"288000";"94 98 86";"10000";"Участвует в конкурсе";"1311105";"—"
"159";"24";"—";"288000";"93 96 89";"10000";"Участвует в конкурсе";"1913366";"—"
"160";"8";"—";"288000";"93 96 89";"10000";"Участвует в конкурсе";"1344235";"—"
"161";"6";"—";"288000";"93 94 91";"10000";"Участвует в конкурсе";"1583391";"—"
"162";"2";"—";"288000";"92 97 89";"10000";"Участвует в конкурсе";"1325748";"—"
"163";"7";"—";"288000";"90 97 91";"10000";"Участвует в конкурсе";"1606843";"—"
"164";"3";"—";"288000";"90 94 94";"10000";"Участвует в конкурсе";"1725406";"—"
"165";"23";"Электронное";"288000";"88 90 100";"10000";"Участвует в конкурсе";"1640316";"—"
"166";"14";"—";"288000";"85 99 94";"10000";"Участвует в конкурсе";"1439269";"—"
"167";"5";"—";"287000";"98 100 89";"—";"Участвует в конкурсе";"1430938";"—"
"168";"9";"—";"287000";"98 98 91";"—";"Участвует в конкурсе";"2126655";"—"
"169";"8";"—";"287000";"96 100 91";"—";"Участвует в конкурсе";"2310074";"—"
"170";"9";"—";"287000";"98 100 86";"3000";"Участвует в конкурсе";"1181375";"—"
"171";"15";"—";"287000";"98 98 86";"5000";"Участвует в конкурсе";"1204240";"—"
"172";"2";"—";"287000";"100 96 81";"10000";"Участвует в конкурсе";"1131621";"—"
"173";"5";"—";"287000";"100 96 81";"10000";"Участвует в конкурсе";"1277731";"—"
"175";"5";"—";"287000";"100 88 89";"10000";"Участвует в конкурсе";"2043877";"—"
"176";"15";"—";"287000";"100 88 89";"10000";"Участвует в конкурсе";"1911337";"—"
"177";"10";"—";"287000";"100 86 91";"10000";"Участвует в конкурсе";"2410611";"—"
"178";"14";"—";"287000";"98 96 83";"10000";"Участвует в конкурсе";"1622865";"—"
"179";"24";"—";"287000";"98 90 89";"10000";"Участвует в конкурсе";"2273067";"—"
"180";"9";"—";"287000";"96 100 81";"10000";"Участвует в конкурсе";"1645891";"—"
"181";"3";"—";"287000";"96 98 83";"10000";"Участвует в конкурсе";"1309855";"—"
"182";"9";"—";"287000";"96 95 86";"10000";"Участвует в конкурсе";"1215369";"—"
"183";"5";"—";"287000";"96 90 91";"10000";"Участвует в конкурсе";"2215349";"—"
"184";"2";"—";"287000";"95 99 83";"10000";"Участвует в конкурсе";"1625944";"—"
"185";"10";"—";"287000";"94 94 89";"10000";"Участвует в конкурсе";"2043412";"—"
"186";"9";"—";"287000";"94 94 89";"10000";"Участвует в конкурсе";"1731233";"—"
"187";"19";"—";"287000";"90 96 91";"10000";"Участвует в конкурсе";"1515540";"—"
"188";"10";"—";"287000";"90 96 91";"10000";"Участвует в конкурсе";"1955155";"—"
"189";"7";"—";"287000";"90 90 97";"10000";"Участвует в конкурсе";"1583458";"—"
"190";"24";"—";"287000";"90 90 97";"10000";"Участвует в конкурсе";"1493775";"—"
"191";"7";"—";"287000";"90 90 97";"10000";"Участвует в конкурсе";"1651499";"—"
"193";"11";"—";"287000";"88 100 89";"10000";"Участвует в конкурсе";"2003458";"—"
"194";"10";"—";"287000";"88 98 91";"10000";"Участвует в конкурсе";"1363192";"—"
"195";"25";"—";"287000";"86 94 97";"10000";"Участвует в конкурсе";"1625355";"—"
"196";"25";"—";"287000";"85 95 97";"10000";"Участвует в конкурсе";"2215707";"—"
"197";"18";"—";"286000";"98 94 94";"—";"Участвует в конкурсе";"1423832";"—"
"198";"3";"—";"286000";"100 90 86";"10000";"Участвует в конкурсе";"1857572";"—"
"199";"22";"—";"286000";"98 100 78";"10000";"Участвует в конкурсе";"1876705";"—"
"200";"4";"—";"286000";"98 100 78";"10000";"Участвует в конкурсе";"1881038";"—"
"201";"8";"—";"286000";"98 95 83";"10000";"Участвует в конкурсе";"1997502";"—"
"202";"7";"—";"286000";"98 92 86";"10000";"Участвует в конкурсе";"1612992";"—"
"203";"9";"Электронное";"286000";"98 84 94";"10000";"Участвует в конкурсе";"1093652";"—"
"204";"2";"—";"286000";"96 97 83";"10000";"Участвует в конкурсе";"1648646";"—"
"205";"21";"—";"286000";"95 100 81";"10000";"Участвует в конкурсе";"2391145";"—"
"206";"13";"—";"286000";"95 95 86";"10000";"Участвует в конкурсе";"2311042";"—"
"207";"21";"—";"286000";"95 92 89";"10000";"Участвует в конкурсе";"1287366";"—"
"208";"1";"Электронное";"286000";"95 92 89";"10000";"Участвует в конкурсе";"1420075";"—"
"209";"29";"—";"286000";"93 97 86";"10000";"Участвует в конкурсе";"1846843";"—"
"210";"3";"—";"286000";"90 100 86";"10000";"Участвует в конкурсе";"1546178";"—"
"211";"17";"—";"286000";"90 97 89";"10000";"Участвует в конкурсе";"1697232";"—"
"212";"3";"—";"286000";"90 95 91";"10000";"Участвует в конкурсе";"1639176";"—"
"214";"20";"—";"286000";"90 92 94";"10000";"Участвует в конкурсе";"1288026";"—"
"215";"5";"—";"286000";"90 86 100";"10000";"Участвует в конкурсе";"1206504";"—"
"216";"9";"—";"286000";"88 94 94";"10000";"Участвует в конкурсе";"1601032";"—"
"217";"19";"—";"286000";"88 94 94";"10000";"Участвует в конкурсе";"1700688";"—"
"219";"20";"Электронное";"286000";"88 94 94";"10000";"Участвует в конкурсе";"1511614";"—"
"220";"10";"—";"285000";"93 98 94";"—";"Участвует в конкурсе";"1364874";"—"
"221";"1";"—";"285000";"90 92 97";"6000";"Участвует в конкурсе";"1415733";"—"
"222";"15";"—";"285000";"100 100 75";"10000";"Участвует в конкурсе";"1419266";"—"
"223";"16";"Электронное";"285000";"98 96 81";"10000";"Участвует в конкурсе";"1569444";"—"
"224";"13";"—";"285000";"98 94 83";"10000";"Участвует в конкурсе";"2158263";"—"
"225";"4";"—";"285000";"98 94 83";"10000";"Участвует в конкурсе";"1621277";"—"
"227";"5";"—";"285000";"96 90 89";"10000";"Участвует в конкурсе";"1193250";"—"
"228";"3";"—";"285000";"95 94 86";"10000";"Участвует в конкурсе";"996095";"—"
"229";"9";"—";"285000";"95 86 94";"10000";"Участвует в конкурсе";"1481367";"—"
"230";"25";"—";"285000";"93 88 94";"10000";"Участвует в конкурсе";"2100363";"—"
"231";"3";"—";"285000";"92 100 83";"10000";"Участвует в конкурсе";"2000166";"—"
"232";"14";"—";"285000";"92 94 89";"10000";"Участвует в конкурсе";"1338650";"—"
"233";"24";"—";"285000";"90 99 86";"10000";"Участвует в конкурсе";"1795014";"—"
"234";"6";"—";"285000";"90 94 91";"10000";"Участвует в конкурсе";"1606868";"—"
"236";"9";"—";"285000";"88 96 91";"10000";"Участвует в конкурсе";"2055353";"—"
"237";"16";"—";"285000";"88 90 97";"10000";"Участвует в конкурсе";"1258699";"—"
"238";"14";"—";"285000";"88 90 97";"10000";"Участвует в конкурсе";"1385085";"—"
"239";"17";"—";"285000";"86 95 94";"10000";"Участвует в конкурсе";"1566162";"—"
"240";"11";"—";"285000";"83 98 94";"10000";"Участвует в конкурсе";"2141185";"—"
"241";"17";"—";"284000";"100 98 83";"3000";"Участвует в конкурсе";"1308681";"—"
"242";"16";"—";"284000";"95 92 94";"3000";"Участвует в конкурсе";"1203083";"—"
"243";"9";"—";"284000";"98 95 86";"5000";"Участвует в конкурсе";"1643610";"—"
"244";"30";"—";"284000";"95 100 83";"6000";"Участвует в конкурсе";"1652950";"—"
"245";"18";"—";"284000";"95 94 89";"6000";"Участвует в конкурсе";"1205757";"—"
"246";"5";"—";"284000";"94 94 89";"7000";"Участвует в конкурсе";"1797169";"—"
"247";"8";"—";"284000";"100 90 86";"8000";"Участвует в конкурсе";"1910194";"—"
"248";"13";"—";"284000";"96 99 81";"8000";"Участвует в конкурсе";"1820743";"—"
"249";"4";"—";"284000";"90 95 91";"8000";"Участвует в конкурсе";"1519578";"—"
"250";"26";"—";"284000";"100 99 75";"10000";"Участвует в конкурсе";"1356280";"—"
"251";"4";"—";"284000";"98 95 81";"10000";"Участвует в конкурсе";"2262501";"—"
"252";"14";"—";"284000";"98 90 86";"10000";"Участвует в конкурсе";"2265158";"—"
"253";"5";"—";"284000";"98 82 94";"10000";"Участвует в конкурсе";"1413135";"—"
"254";"28";"—";"284000";"96 100 78";"10000";"Участвует в конкурсе";"2096822";"—"
"255";"10";"—";"284000";"96 95 83";"10000";"Участвует в конкурсе";"960464";"—"
"256";"6";"—";"284000";"93 95 86";"10000";"Участвует в конкурсе";"1214535";"—"
"257";"15";"—";"284000";"93 95 86";"10000";"Участвует в конкурсе";"2052906";"—"
"258";"15";"—";"284000";"93 90 91";"10000";"Участвует в конкурсе";"1779294";"—"
"259";"16";"—";"284000";"93 90 91";"10000";"Участвует в конкурсе";"2184978";"—"
"260";"9";"—";"284000";"92 88 94";"10000";"Участвует в конкурсе";"2222710";"—"
"261";"3";"—";"284000";"90 95 89";"10000";"Участвует в конкурсе";"1709048";"—"
"262";"4";"—";"284000";"88 100 86";"10000";"Участвует в конкурсе";"1044296";"—"
"263";"3";"—";"284000";"88 100 86";"10000";"Участвует в конкурсе";"1699093";"—"
"264";"2";"—";"284000";"88 95 91";"10000";"Участвует в конкурсе";"1349655";"—"
"265";"30";"Электронное";"284000";"88 95 91";"10000";"Участвует в конкурсе";"2097469";"—"
"266";"24";"—";"284000";"88 95 91";"10000";"Участвует в конкурсе";"2179325";"—"
"267";"3";"Электронное";"284000";"88 95 91";"10000";"Участвует в конкурсе";"1576211";"—"
"268";"14";"—";"284000";"84 90 100";"10000";"Участвует в конкурсе";"1286855";"—"
"269";"12";"—";"284000";"83 100 91";"10000";"Участвует в конкурсе";"1724109";"—"
"270";"5";"Электронное";"283000";"100 97 86";"—";"Участвует в конкурсе";"1939319";"—"
"271";"5";"—";"283000";"90 99 94";"—";"Участвует в конкурсе";"1106167";"—"
"272";"4";"—";"283000";"98 92 91";"2000";"Участвует в конкурсе";"1223547";"—"
"273";"11";"—";"283000";"95 97 89";"2000";"Участвует в конкурсе";"2135797";"—"
"274";"15";"—";"283000";"98 97 83";"5000";"Участвует в конкурсе";"1443514";"—"
"275";"16";"—";"283000";"93 96 86";"8000";"Участвует в конкурсе";"1897359";"—"
"276";"19";"—";"283000";"100 95 78";"10000";"Участвует в конкурсе";"1636458";"—"
"278";"15";"—";"283000";"100 90 83";"10000";"Участвует в конкурсе";"1138653";"—"
"279";"22";"—";"283000";"98 92 83";"10000";"Участвует в конкурсе";"1529866";"—"
"280";"8";"—";"283000";"98 86 89";"10000";"Участвует в конкурсе";"1260513";"—"
"281";"8";"Электронное";"283000";"98 86 89";"10000";"Участвует в конкурсе";"1546562";"—"
"282";"2";"—";"283000";"98 84 91";"10000";"Участвует в конкурсе";"1822346";"—"
"283";"9";"—";"283000";"96 96 81";"10000";"Участвует в конкурсе";"1796719";"—"
"284";"22";"Электронное";"283000";"96 88 89";"10000";"Участвует в конкурсе";"1871738";"—"
"285";"3";"—";"283000";"96 88 89";"10000";"Участвует в конкурсе";"2201985";"—"
"286";"22";"—";"283000";"95 95 83";"10000";"Участвует в конкурсе";"1348946";"—"
"288";"5";"—";"283000";"94 96 83";"10000";"Участвует в конкурсе";"1170669";"—"
"289";"9";"—";"283000";"94 88 91";"10000";"Участвует в конкурсе";"1042409";"—"
"290";"22";"—";"283000";"93 99 81";"10000";"Участвует в конкурсе";"1482855";"—"
"291";"24";"Электронное";"283000";"93 97 83";"10000";"Участвует в конкурсе";"2341830";"—"
"292";"22";"—";"283000";"93 94 86";"10000";"Участвует в конкурсе";"1858535";"—"
"293";"4";"—";"283000";"93 86 94";"10000";"Участвует в конкурсе";"2053992";"—"
"294";"8";"—";"283000";"93 86 94";"10000";"Участвует в конкурсе";"2101296";"—"
"295";"8";"Электронное";"283000";"92 98 83";"10000";"Участвует в конкурсе";"2184722";"—"
"296";"2";"Электронное";"283000";"92 92 89";"10000";"Участвует в конкурсе";"2176577";"—"
"297";"12";"—";"283000";"90 100 83";"10000";"Участвует в конкурсе";"1656782";"—"
"298";"13";"—";"283000";"90 97 86";"10000";"Участвует в конкурсе";"2000228";"—"
"299";"10";"Электронное";"283000";"90 94 89";"10000";"Участвует в конкурсе";"1705022";"—"
"300";"9";"—";"283000";"90 94 89";"10000";"Участвует в конкурсе";"2344657";"—"
"301";"8";"—";"283000";"90 94 89";"10000";"Участвует в конкурсе";"1417121";"—"
"302";"21";"Электронное";"283000";"90 94 89";"10000";"Участвует в конкурсе";"1572222";"—"
"303";"16";"—";"283000";"90 86 97";"10000";"Участвует в конкурсе";"1462204";"—"
"304";"20";"Электронное";"283000";"88 96 89";"10000";"Участвует в конкурсе";"1910231";"—"
"305";"13";"—";"283000";"88 94 91";"10000";"Участвует в конкурсе";"978020";"—"
"306";"23";"—";"283000";"86 96 91";"10000";"Участвует в конкурсе";"1849628";"—"
"307";"11";"—";"282000";"95 98 89";"—";"Участвует в конкурсе";"1287112";"—"
"308";"16";"Электронное";"282000";"95 90 97";"—";"Участвует в конкурсе";"2182087";"—"
"310";"22";"—";"282000";"98 92 89";"3000";"Участвует в конкурсе";"2227396";"—"
"311";"4";"—";"282000";"98 90 91";"3000";"Участвует в конкурсе";"1195407";"—"
"312";"2";"—";"282000";"94 88 97";"3000";"Участвует в конкурсе";"2416769";"—"
"313";"13";"Электронное";"282000";"90 100 89";"3000";"Участвует в конкурсе";"1437643";"—"
"314";"3";"—";"282000";"93 96 86";"7000";"Участвует в конкурсе";"1442269";"—"
"315";"18";"—";"282000";"100 88 86";"8000";"Участвует в конкурсе";"1443199";"—"
"316";"1";"—";"282000";"97 80 97";"8000";"Участвует в конкурсе";"1848863";"—"
"317";"8";"—";"282000";"95 96 83";"8000";"Участвует в конкурсе";"1212725";"—"
"318";"2";"—";"282000";"100 94 78";"10000";"Участвует в конкурсе";"2049645";"—"
"319";"13";"—";"282000";"100 94 78";"10000";"Участвует в конкурсе";"990904";"—"
"320";"10";"—";"282000";"100 86 86";"10000";"Участвует в конкурсе";"1855545";"—"
"321";"11";"—";"282000";"100 86 86";"10000";"Участвует в конкурсе";"1635727";"—"
"322";"8";"—";"282000";"98 96 78";"10000";"Участвует в конкурсе";"1884174";"—"
"323";"27";"Электронное";"282000";"98 88 86";"10000";"Участвует в конкурсе";"2216624";"—"
"325";"2";"—";"282000";"96 90 86";"10000";"Участвует в конкурсе";"1311692";"—"
"326";"7";"—";"282000";"96 82 94";"10000";"Участвует в конкурсе";"1623836";"—"
"328";"20";"—";"282000";"95 94 83";"10000";"Участвует в конкурсе";"1268326";"—"
"329";"5";"—";"282000";"95 88 89";"10000";"Участвует в конкурсе";"1795714";"—"
"330";"4";"—";"282000";"95 86 91";"10000";"Участвует в конкурсе";"1207168";"—"
"331";"17";"Электронное";"282000";"95 86 91";"10000";"Участвует в конкурсе";"2160345";"—"
"332";"20";"—";"282000";"94 95 83";"10000";"Участвует в конкурсе";"1851856";"—"
"333";"9";"—";"282000";"94 84 94";"10000";"Участвует в конкурсе";"1441784";"—"
"334";"6";"—";"282000";"93 96 83";"10000";"Участвует в конкурсе";"2000134";"—"
"335";"12";"—";"282000";"93 90 89";"10000";"Участвует в конкурсе";"1558807";"—"
"336";"24";"Электронное";"282000";"93 88 91";"10000";"Участвует в конкурсе";"1285121";"—"
"337";"21";"—";"282000";"93 82 97";"10000";"Участвует в конкурсе";"1838980";"—"
"338";"10";"—";"282000";"92 94 86";"10000";"Участвует в конкурсе";"1233605";"—"
"339";"1";"Электронное";"282000";"92 90 90";"10000";"Участвует в конкурсе";"1398909";"—"
"340";"4";"—";"282000";"92 80 100";"10000";"Участвует в конкурсе";"1475629";"—"
"341";"28";"—";"282000";"88 95 89";"10000";"Участвует в конкурсе";"1842337";"—"
"342";"22";"—";"282000";"88 95 89";"10000";"Участвует в конкурсе";"1876491";"—"
"343";"10";"—";"282000";"88 95 89";"10000";"Участвует в конкурсе";"2342799";"—"
"344";"14";"—";"282000";"88 90 94";"10000";"Участвует в конкурсе";"1571115";"—"
"345";"6";"—";"282000";"84 94 94";"10000";"Участвует в конкурсе";"1602132";"—"
"346";"14";"—";"282000";"80 95 97";"10000";"Участвует в конкурсе";"1656860";"—"
"347";"8";"—";"281000";"94 98 89";"—";"Участвует в конкурсе";"1140298";"—"
"348";"9";"—";"281000";"90 94 97";"—";"Участвует в конкурсе";"1999009";"—"
"349";"9";"—";"281000";"95 98 86";"2000";"Участвует в конкурсе";"1666321";"—"
"350";"10";"—";"281000";"100 95 83";"3000";"Участвует в конкурсе";"1556567";"—"
"351";"4";"—";"281000";"90 94 94";"3000";"Участвует в конкурсе";"1306197";"—"
"352";"8";"Электронное";"281000";"95 95 86";"5000";"Участвует в конкурсе";"1832987";"—"
"353";"11";"—";"281000";"96 94 83";"8000";"Участвует в конкурсе";"2245359";"—"
"354";"6";"—";"281000";"94 84 94";"9000";"Участвует в конкурсе";"1191316";"—"
"355";"11";"—";"281000";"100 96 75";"10000";"Участвует в конкурсе";"1364581";"—"
"356";"17";"Электронное";"281000";"98 92 81";"10000";"Участвует в конкурсе";"1515925";"—"
"357";"4";"Электронное";"281000";"98 90 83";"10000";"Участвует в конкурсе";"1579775";"—"
"359";"2";"—";"281000";"96 97 78";"10000";"Участвует в конкурсе";"1764607";"—"
"360";"6";"Электронное";"281000";"96 92 83";"10000";"Участвует в конкурсе";"1207595";"—"
"361";"7";"—";"281000";"96 86 89";"10000";"Участвует в конкурсе";"1262491";"—"
"362";"2";"Электронное";"281000";"96 86 89";"10000";"Участвует в конкурсе";"1470362";"—"
"363";"9";"Электронное";"281000";"95 90 86";"10000";"Участвует в конкурсе";"1845725";"—"
"364";"6";"—";"281000";"95 90 86";"10000";"Участвует в конкурсе";"2263361";"—"
"366";"30";"Электронное";"281000";"95 82 94";"10000";"Участвует в конкурсе";"1788992";"—"
"368";"7";"—";"281000";"94 96 81";"10000";"Участвует в конкурсе";"2246402";"—"
"369";"5";"—";"281000";"93 92 86";"10000";"Участвует в конкурсе";"1394834";"—"
"370";"3";"—";"281000";"92 90 89";"10000";"Участвует в конкурсе";"1789641";"—"
"372";"5";"—";"281000";"90 95 86";"10000";"Участвует в конкурсе";"1959799";"—"
"373";"8";"—";"281000";"90 92 89";"10000";"Участвует в конкурсе";"1713758";"—"
"374";"16";"—";"281000";"90 90 91";"10000";"Участвует в конкурсе";"1438369";"—"
"375";"24";"—";"281000";"90 90 91";"10000";"Участвует в конкурсе";"2307655";"—"
"376";"2";"—";"281000";"88 92 91";"10000";"Участвует в конкурсе";"1198763";"—"
"377";"20";"—";"281000";"88 92 91";"10000";"Участвует в конкурсе";"2310837";"—"
"378";"1";"—";"281000";"85 95 91";"10000";"Участвует в конкурсе";"1981756";"—"
"379";"4";"Электронное";"280000";"95 88 97";"—";"Участвует в конкурсе";"1416692";"—"
"380";"10";"—";"280000";"94 95 91";"—";"Участвует в конкурсе";"1907930";"—"
"381";"2";"—";"280000";"100 99 78";"3000";"Участвует в конкурсе";"1443292";"—"
"382";"20";"—";"280000";"100 94 83";"3000";"Участвует в конкурсе";"2092669";"—"
"383";"11";"—";"280000";"92 88 97";"3000";"Участвует в конкурсе";"1374405";"—"
"384";"14";"—";"280000";"88 98 89";"5000";"Участвует в конкурсе";"1576243";"—"
"385";"10";"—";"280000";"98 90 83";"9000";"Участвует в конкурсе";"1263605";"—"
"386";"8";"—";"280000";"100 92 78";"10000";"Участвует в конкурсе";"1115686";"—"
"387";"5";"—";"280000";"98 86 86";"10000";"Участвует в конкурсе";"1916837";"—"
"389";"8";"—";"280000";"96 88 86";"10000";"Участвует в конкурсе";"1758000";"—"
"391";"16";"Электронное";"280000";"95 92 83";"10000";"Участвует в конкурсе";"1606273";"—"
"392";"6";"—";"280000";"95 92 83";"10000";"Участвует в конкурсе";"1545986";"—"
"393";"5";"—";"280000";"94 90 86";"10000";"Участвует в конкурсе";"1142550";"—"
"394";"19";"—";"280000";"92 100 78";"10000";"Участвует в конкурсе";"1178514";"—"
"395";"2";"Электронное";"280000";"92 97 81";"10000";"Участвует в конкурсе";"1501586";"—"
"396";"1";"—";"280000";"92 92 86";"10000";"Участвует в конкурсе";"1120302";"—"
"397";"11";"—";"280000";"90 97 83";"10000";"Участвует в конкурсе";"1675328";"—"
"398";"14";"—";"280000";"90 94 86";"10000";"Участвует в конкурсе";"2340872";"—"
"399";"9";"Электронное";"280000";"88 96 86";"10000";"Участвует в конкурсе";"1280884";"—"
"400";"2";"—";"280000";"88 88 94";"10000";"Участвует в конкурсе";"1244802";"—"
"401";"22";"—";"280000";"88 88 94";"10000";"Участвует в конкурсе";"1365066";"—"
"402";"12";"—";"280000";"88 88 94";"10000";"Участвует в конкурсе";"1424470";"—"
"403";"3";"Электронное";"280000";"88 88 94";"10000";"Участвует в конкурсе";"2162078";"—"
"404";"3";"—";"280000";"85 96 89";"10000";"Участвует в конкурсе";"1916171";"—"
"405";"3";"Электронное";"280000";"82 94 94";"10000";"Участвует в конкурсе";"1463773";"—"
"408";"6";"—";"279000";"96 94 89";"—";"Участвует в конкурсе";"1936743";"—"
"409";"23";"—";"279000";"95 95 89";"—";"Участвует в конкурсе";"1494321";"—"
"410";"5";"—";"279000";"93 97 89";"—";"Участвует в конкурсе";"1202453";"—"
"411";"13";"—";"279000";"93 97 89";"—";"Участвует в конкурсе";"2154111";"—"
"413";"5";"—";"279000";"92 96 91";"—";"Участвует в конкурсе";"1638160";"—"
"414";"16";"—";"279000";"98 96 83";"2000";"Участвует в конкурсе";"1247218";"—"
"415";"19";"—";"279000";"98 92 86";"3000";"Участвует в конкурсе";"2338542";"—"
"416";"7";"—";"279000";"98 92 86";"3000";"Участвует в конкурсе";"2305561";"—"
"418";"13";"—";"279000";"93 94 89";"3000";"Участвует в конкурсе";"1331761";"—"
"419";"4";"Электронное";"279000";"100 88 81";"10000";"Участвует в конкурсе";"1655953";"—"
"420";"21";"Электронное";"279000";"100 80 89";"10000";"Участвует в конкурсе";"2098844";"—"
"421";"22";"—";"279000";"98 90 81";"10000";"Участвует в конкурсе";"1512113";"—"
"422";"27";"Электронное";"279000";"98 88 83";"10000";"Участвует в конкурсе";"2219230";"—"
"423";"25";"—";"279000";"98 88 83";"10000";"Участвует в конкурсе";"2223776";"—"
"424";"19";"—";"279000";"98 88 83";"10000";"Участвует в конкурсе";"1651287";"—"
"425";"6";"—";"279000";"96 100 73";"10000";"Участвует в конкурсе";"1412829";"—"
"426";"24";"—";"279000";"95 88 86";"10000";"Участвует в конкурсе";"2170924";"—"
"427";"26";"Электронное";"279000";"95 88 86";"10000";"Участвует в конкурсе";"1443286";"—"
"428";"3";"—";"279000";"94 92 83";"10000";"Участвует в конкурсе";"1645290";"—"
"429";"20";"—";"279000";"94 92 83";"10000";"Участвует в конкурсе";"1504545";"—"
"430";"1";"—";"279000";"94 92 83";"10000";"Участвует в конкурсе";"1721525";"—"
"431";"7";"—";"279000";"94 92 83";"10000";"Участвует в конкурсе";"2064255";"—"
"432";"1";"—";"279000";"94 86 89";"10000";"Участвует в конкурсе";"1251757";"—"
"433";"9";"Электронное";"279000";"93 95 81";"10000";"Участвует в конкурсе";"2006316";"—"
"434";"22";"—";"279000";"93 95 81";"10000";"Участвует в конкурсе";"2311722";"—"
"435";"2";"—";"279000";"93 90 86";"10000";"Участвует в конкурсе";"1756527";"—"
"436";"11";"—";"279000";"93 90 86";"10000";"Участвует в конкурсе";"1196912";"—"
"437";"11";"—";"279000";"93 90 86";"10000";"Участвует в конкурсе";"1647068";"—"
"438";"15";"—";"279000";"93 90 86";"10000";"Участвует в конкурсе";"2239667";"—"
"439";"10";"—";"279000";"93 90 86";"10000";"Участвует в конкурсе";"1626037";"—"
"440";"12";"—";"279000";"93 90 86";"10000";"Участвует в конкурсе";"2071918";"—"
"441";"14";"Электронное";"279000";"93 82 94";"10000";"Участвует в конкурсе";"1213226";"—"
"442";"4";"Электронное";"279000";"92 88 89";"10000";"Участвует в конкурсе";"1251315";"—"
"443";"12";"—";"279000";"90 96 83";"10000";"Участвует в конкурсе";"1916047";"—"
"445";"8";"—";"279000";"90 90 89";"10000";"Участвует в конкурсе";"1200884";"—"
"446";"14";"—";"279000";"90 88 91";"10000";"Участвует в конкурсе";"1788034";"—"
"447";"15";"Электронное";"279000";"90 88 91";"10000";"Участвует в конкурсе";"2135144";"—"
"448";"22";"—";"279000";"88 92 89";"10000";"Участвует в конкурсе";"2260910";"—"
"450";"7";"—";"279000";"88 90 91";"10000";"Участвует в конкурсе";"1613064";"—"
"451";"4";"—";"279000";"86 100 83";"10000";"Участвует в конкурсе";"1051559";"—"
"452";"14";"Электронное";"279000";"86 92 91";"10000";"Участвует в конкурсе";"1178784";"—"
"453";"16";"—";"279000";"86 86 97";"10000";"Участвует в конкурсе";"1194454";"—"
"454";"21";"—";"279000";"85 95 89";"10000";"Участвует в конкурсе";"1562867";"—"
"455";"2";"—";"279000";"83 100 86";"10000";"Участвует в конкурсе";"2271569";"—"
"458";"14";"—";"278000";"93 94 91";"—";"Участвует в конкурсе";"1560550";"—"
"459";"7";"Электронное";"278000";"94 96 86";"2000";"Участвует в конкурсе";"2143095";"—"
"460";"7";"Электронное";"278000";"98 88 89";"3000";"Участвует в конкурсе";"1706660";"—"
"461";"13";"—";"278000";"95 86 94";"3000";"Участвует в конкурсе";"1290581";"—"
"462";"1";"—";"278000";"92 92 91";"3000";"Участвует в конкурсе";"1729816";"—"
"464";"12";"Электронное";"278000";"90 92 91";"5000";"Участвует в конкурсе";"1963654";"—"
"465";"8";"—";"278000";"100 90 78";"10000";"Участвует в конкурсе";"1345181";"—"
"466";"11";"—";"278000";"98 95 75";"10000";"Участвует в конкурсе";"2230256";"—"
"467";"12";"—";"278000";"98 92 78";"10000";"Участвует в конкурсе";"1324370";"—"
"468";"8";"Электронное";"278000";"98 92 78";"10000";"Участвует в конкурсе";"1433054";"—"
"469";"12";"—";"278000";"98 92 78";"10000";"Участвует в конкурсе";"1316199";"—"
"470";"17";"—";"278000";"98 84 86";"10000";"Участвует в конкурсе";"1708589";"—"
"471";"10";"—";"278000";"98 84 86";"10000";"Участвует в конкурсе";"2363519";"—"
"472";"2";"—";"278000";"96 94 78";"10000";"Участвует в конкурсе";"1214674";"—"
"473";"5";"—";"278000";"95 92 81";"10000";"Участвует в конкурсе";"1286539";"—"
"474";"28";"—";"278000";"95 90 83";"10000";"Участвует в конкурсе";"1909885";"—"
"475";"11";"—";"278000";"95 84 89";"10000";"Участвует в конкурсе";"1324373";"—"
"477";"22";"Электронное";"278000";"93 97 78";"10000";"Участвует в конкурсе";"2099279";"—"
"478";"6";"Электронное";"278000";"93 94 81";"10000";"Участвует в конкурсе";"1424451";"—"
"479";"16";"—";"278000";"93 84 91";"10000";"Участвует в конкурсе";"1802213";"—"
"480";"6";"—";"278000";"92 90 86";"10000";"Участвует в конкурсе";"2255614";"—"
"482";"29";"Электронное";"278000";"90 92 86";"10000";"Участвует в конкурсе";"1344678";"—"
"483";"18";"—";"278000";"90 84 94";"10000";"Участвует в конкурсе";"1794236";"—"
"484";"18";"—";"278000";"90 84 94";"10000";"Участвует в конкурсе";"2219364";"—"
"485";"6";"—";"278000";"88 94 86";"10000";"Участвует в конкурсе";"1189268";"—"
"486";"11";"—";"278000";"88 86 94";"10000";"Участвует в конкурсе";"1291845";"—"
"487";"14";"—";"278000";"88 86 94";"10000";"Участвует в конкурсе";"1754322";"—"
"488";"18";"Электронное";"278000";"88 80 100";"10000";"Участвует в конкурсе";"2116901";"—"
"489";"12";"—";"278000";"86 88 94";"10000";"Участвует в конкурсе";"1043559";"—"
"490";"21";"—";"278000";"85 92 91";"10000";"Участвует в конкурсе";"1960213";"—"
"491";"8";"—";"278000";"85 92 91";"10000";"Участвует в конкурсе";"1253485";"—"
"492";"15";"—";"278000";"85 92 91";"10000";"Участвует в конкурсе";"2141312";"—"
"493";"9";"—";"278000";"84 95 89";"10000";"Участвует в конкурсе";"1692555";"—"
"494";"18";"Электронное";"278000";"83 94 91";"10000";"Участвует в конкурсе";"2035422";"—"
"495";"2";"—";"278000";"83 88 97";"10000";"Участвует в конкурсе";"1626819";"—"
"496";"5";"—";"278000";"83 88 97";"10000";"Участвует в конкурсе";"1344784";"—"
"497";"20";"—";"278000";"83 88 97";"10000";"Участвует в конкурсе";"2095424";"—"
"498";"19";"—";"277000";"100 94 83";"—";"Участвует в конкурсе";"2310371";"—"
"500";"11";"—";"277000";"96 98 83";"—";"Участвует в конкурсе";"1247030";"—"
"501";"23";"—";"277000";"83 94 100";"—";"Участвует в конкурсе";"1821790";"—"
"502";"21";"—";"277000";"100 94 81";"2000";"Участвует в конкурсе";"1710356";"—"
"503";"15";"—";"277000";"98 95 81";"3000";"Участвует в конкурсе";"1194103";"—"
"504";"10";"—";"277000";"98 95 81";"3000";"Участвует в конкурсе";"2170290";"—"
"505";"7";"—";"277000";"95 90 89";"3000";"Участвует в конкурсе";"1792648";"—"
"506";"12";"—";"277000";"95 90 89";"3000";"Участвует в конкурсе";"1900809";"—"
"507";"8";"—";"277000";"94 86 94";"3000";"Участвует в конкурсе";"1202935";"—"
"508";"6";"—";"277000";"93 90 91";"3000";"Участвует в конкурсе";"1484657";"—"
"509";"22";"—";"277000";"100 94 73";"10000";"Участвует в конкурсе";"2220037";"—"
"510";"3";"—";"277000";"98 88 81";"10000";"Участвует в конкурсе";"977071";"—"
"512";"5";"—";"277000";"98 88 81";"10000";"Участвует в конкурсе";"2134544";"—"
"513";"6";"—";"277000";"98 86 83";"10000";"Участвует в конкурсе";"1280979";"—"
"514";"16";"—";"277000";"98 86 83";"10000";"Участвует в конкурсе";"1712360";"—"
"515";"18";"—";"277000";"95 97 75";"10000";"Участвует в конкурсе";"971765";"—"
"516";"8";"—";"277000";"94 92 81";"10000";"Участвует в конкурсе";"1116560";"—"
"517";"16";"—";"277000";"94 92 81";"10000";"Участвует в конкурсе";"1176755";"—"
"518";"10";"—";"277000";"94 90 83";"10000";"Участвует в конкурсе";"1645368";"—"
"519";"13";"Электронное";"277000";"94 90 83";"10000";"Участвует в конкурсе";"2210217";"—"
"520";"9";"—";"277000";"94 90 83";"10000";"Участвует в конкурсе";"1929758";"—"
"521";"3";"—";"277000";"93 88 86";"10000";"Участвует в конкурсе";"2090544";"—"
"523";"12";"—";"277000";"93 80 94";"10000";"Участвует в конкурсе";"1851150";"—"
"524";"11";"—";"277000";"92 92 83";"10000";"Участвует в конкурсе";"1907707";"—"
"525";"11";"Электронное";"277000";"92 92 83";"10000";"Участвует в конкурсе";"1635961";"—"
"526";"16";"—";"277000";"92 86 89";"10000";"Участвует в конкурсе";"2215471";"—"
"527";"22";"—";"277000";"90 94 83";"10000";"Участвует в конкурсе";"1285157";"—"
"528";"5";"—";"277000";"90 94 83";"10000";"Участвует в конкурсе";"2257901";"—"
"529";"24";"Электронное";"277000";"90 88 89";"10000";"Участвует в конкурсе";"1326258";"—"
"530";"3";"—";"277000";"90 88 89";"10000";"Участвует в конкурсе";"1505115";"—"
"531";"26";"—";"277000";"90 88 89";"10000";"Участвует в конкурсе";"1651845";"—"
"532";"15";"—";"277000";"90 80 97";"10000";"Участвует в конкурсе";"1389643";"—"
"533";"16";"—";"277000";"88 96 83";"10000";"Участвует в конкурсе";"1436036";"—"
"534";"12";"—";"277000";"88 96 83";"10000";"Участвует в конкурсе";"1208412";"—"
"535";"1";"—";"277000";"88 96 83";"10000";"Участвует в конкурсе";"1052767";"—"
"536";"4";"—";"277000";"88 90 89";"10000";"Участвует в конкурсе";"1578708";"—"
"537";"10";"—";"277000";"88 90 89";"10000";"Участвует в конкурсе";"1348062";"—"
"538";"3";"—";"277000";"88 90 89";"10000";"Участвует в конкурсе";"1838322";"—"
"539";"2";"Электронное";"277000";"88 90 89";"10000";"Участвует в конкурсе";"2154684";"—"
"540";"4";"—";"277000";"88 90 89";"10000";"Участвует в конкурсе";"973434";"—"
"541";"4";"—";"277000";"88 88 91";"10000";"Участвует в конкурсе";"1710949";"—"
"542";"8";"Электронное";"277000";"88 82 97";"10000";"Участвует в конкурсе";"1358409";"—"
"543";"11";"—";"277000";"86 90 91";"10000";"Участвует в конкурсе";"2033142";"—"
"544";"12";"Электронное";"277000";"85 88 94";"10000";"Участвует в конкурсе";"1422227";"—"
"546";"16";"—";"277000";"85 82 100";"10000";"Участвует в конкурсе";"1793406";"—"
"547";"10";"—";"277000";"83 95 89";"10000";"Участвует в конкурсе";"2151439";"—"
"548";"15";"Электронное";"277000";"83 90 94";"10000";"Участвует в конкурсе";"1307911";"—"
"549";"15";"—";"277000";"80 90 97";"10000";"Участвует в конкурсе";"2366608";"—"
"550";"6";"—";"276000";"98 92 86";"—";"Участвует в конкурсе";"2311797";"—"
"551";"13";"—";"276000";"95 92 89";"—";"Участвует в конкурсе";"2223237";"—"
"552";"8";"—";"276000";"88 99 89";"—";"Участвует в конкурсе";"1346184";"—"
"553";"19";"Электронное";"276000";"90 95 89";"2000";"Участвует в конкурсе";"2197828";"—"
"554";"10";"—";"276000";"96 96 81";"3000";"Участвует в конкурсе";"2113313";"—"
"555";"4";"—";"276000";"96 86 91";"3000";"Участвует в конкурсе";"1514349";"—"
"556";"4";"—";"276000";"93 94 86";"3000";"Участвует в конкурсе";"1656388";"—"
"557";"18";"—";"276000";"90 97 86";"3000";"Участвует в конкурсе";"2130633";"—"
"558";"3";"—";"276000";"90 94 89";"3000";"Участвует в конкурсе";"1472335";"—"
"559";"10";"—";"276000";"90 92 91";"3000";"Участвует в конкурсе";"2311723";"—"
"560";"5";"—";"276000";"88 99 83";"6000";"Участвует в конкурсе";"2046782";"—"
"561";"10";"Электронное";"276000";"100 94 72";"10000";"Участвует в конкурсе";"1329829";"—"
"563";"14";"Электронное";"276000";"98 82 86";"10000";"Участвует в конкурсе";"1731194";"—"
"564";"4";"—";"276000";"95 88 83";"10000";"Участвует в конкурсе";"2341817";"—"
"565";"3";"—";"276000";"95 82 89";"10000";"Участвует в конкурсе";"1256416";"—"
"567";"8";"Электронное";"276000";"93 92 81";"10000";"Участвует в конкурсе";"1518338";"—"
"568";"18";"—";"276000";"93 92 81";"10000";"Участвует в конкурсе";"2267775";"—"
"569";"15";"Электронное";"276000";"93 84 89";"10000";"Участвует в конкурсе";"2260583";"—"
"570";"7";"—";"276000";"93 84 89";"10000";"Участвует в конкурсе";"1810625";"—"
"571";"4";"Электронное";"276000";"93 82 91";"10000";"Участвует в конкурсе";"1472025";"—"
"572";"3";"—";"276000";"92 99 75";"10000";"Участвует в конкурсе";"1554693";"—"
"574";"20";"Электронное";"276000";"90 82 94";"10000";"Участвует в конкурсе";"1577674";"—"
"577";"17";"—";"276000";"88 97 81";"10000";"Участвует в конкурсе";"1881507";"—"
"578";"13";"Электронное";"276000";"88 95 83";"10000";"Участвует в конкурсе";"2181712";"—"
"579";"12";"—";"276000";"88 92 86";"10000";"Участвует в конкурсе";"2096125";"—"
"580";"7";"Электронное";"276000";"88 84 94";"10000";"Участвует в конкурсе";"1222562";"—"
"582";"3";"—";"276000";"85 90 91";"10000";"Участвует в конкурсе";"1521077";"—"
"583";"14";"—";"276000";"85 90 91";"10000";"Участвует в конкурсе";"1214072";"—"
"584";"22";"Электронное";"276000";"85 84 97";"10000";"Участвует в конкурсе";"2251653";"—"
"585";"5";"—";"276000";"83 100 83";"10000";"Участвует в конкурсе";"1544491";"—"
"586";"17";"Электронное";"276000";"83 97 86";"10000";"Участвует в конкурсе";"1310020";"—"
"587";"6";"Электронное";"276000";"83 97 86";"10000";"Участвует в конкурсе";"2224431";"—"
"588";"4";"—";"276000";"83 94 89";"10000";"Участвует в конкурсе";"1797231";"—"
"590";"16";"—";"276000";"83 92 91";"10000";"Участвует в конкурсе";"2174175";"—"
"591";"5";"—";"276000";"83 86 97";"10000";"Участвует в конкурсе";"1640419";"—"
"592";"5";"—";"276000";"80 95 91";"10000";"Участвует в конкурсе";"1214310";"—"
"593";"10";"—";"275000";"93 84 98";"—";"Участвует в конкурсе";"2254514";"—"
"594";"5";"—";"275000";"92 100 83";"—";"Участвует в конкурсе";"1747859";"—"
"595";"3";"—";"275000";"90 88 97";"—";"Участвует в конкурсе";"1513110";"—"
"596";"7";"—";"275000";"88 96 91";"—";"Участвует в конкурсе";"1622179";"—"
"597";"1";"—";"275000";"86 95 94";"—";"Участвует в конкурсе";"1443120";"—"
"598";"5";"—";"275000";"85 94 94";"2000";"Участвует в конкурсе";"1189620";"—"
"599";"10";"—";"275000";"94 100 78";"3000";"Участвует в конкурсе";"2272795";"—"
"600";"10";"—";"275000";"90 99 81";"5000";"Участвует в конкурсе";"2267131";"—"
"601";"7";"—";"275000";"96 84 89";"6000";"Участвует в конкурсе";"2141747";"—"
"602";"10";"—";"275000";"98 97 70";"10000";"Участвует в конкурсе";"1200548";"—"
"604";"12";"—";"275000";"98 78 89";"10000";"Участвует в конкурсе";"1827270";"—"
"605";"2";"—";"275000";"96 86 83";"10000";"Участвует в конкурсе";"1629732";"—"
"606";"5";"—";"275000";"96 86 83";"10000";"Участвует в конкурсе";"1100542";"—"
"607";"1";"Электронное";"275000";"96 80 89";"10000";"Участвует в конкурсе";"1482676";"—"
"608";"7";"—";"275000";"94 90 81";"10000";"Участвует в конкурсе";"1915233";"—"
"609";"9";"—";"275000";"93 97 75";"10000";"Участвует в конкурсе";"1342385";"—"
"610";"6";"—";"275000";"93 94 78";"10000";"Участвует в конкурсе";"1273432";"—"
"611";"14";"—";"275000";"93 86 86";"10000";"Участвует в конкурсе";"1992484";"—"
"612";"5";"—";"275000";"92 84 89";"10000";"Участвует в конкурсе";"1582327";"—"
"614";"2";"—";"275000";"90 84 91";"10000";"Участвует в конкурсе";"1476067";"—"
"615";"7";"—";"275000";"88 94 83";"10000";"Участвует в конкурсе";"2267574";"—"
"617";"11";"Электронное";"275000";"88 88 89";"10000";"Участвует в конкурсе";"1485691";"—"
"618";"1";"—";"275000";"88 88 89";"10000";"Участвует в конкурсе";"1424502";"—"
"619";"11";"—";"275000";"88 86 91";"10000";"Участвует в конкурсе";"1175177";"—"
"620";"15";"—";"275000";"88 86 91";"10000";"Участвует в конкурсе";"1349559";"—"
"621";"20";"Электронное";"275000";"88 86 91";"10000";"Участвует в конкурсе";"1633188";"—"
"622";"9";"—";"275000";"88 86 91";"10000";"Участвует в конкурсе";"1358894";"—"
"623";"5";"—";"275000";"86 90 89";"10000";"Участвует в конкурсе";"1513359";"—"
"624";"6";"—";"275000";"85 86 94";"10000";"Участвует в конкурсе";"1686559";"—"
"625";"8";"—";"275000";"85 86 94";"10000";"Участвует в конкурсе";"2166045";"—"
"626";"14";"—";"275000";"80 88 97";"10000";"Участвует в конкурсе";"1904193";"—"
"627";"9";"—";"275000";"80 88 97";"10000";"Участвует в конкурсе";"2228557";"—"
"628";"4";"—";"275000";"79 92 94";"10000";"Участвует в конкурсе";"1215634";"—"
"629";"1";"—";"274000";"100 88 86";"—";"Участвует в конкурсе";"1985154";"—"
"630";"10";"—";"274000";"98 82 94";"—";"Участвует в конкурсе";"2056428";"—"
"631";"2";"Электронное";"274000";"93 88 93";"—";"Участвует в конкурсе";"1289372";"—"
"633";"8";"Электронное";"274000";"88 92 94";"—";"Участвует в конкурсе";"1909981";"—"
"634";"5";"—";"274000";"96 94 81";"3000";"Участвует в конкурсе";"2138927";"—"
"635";"8";"—";"274000";"96 92 83";"3000";"Участвует в конкурсе";"2041913";"—"
"637";"7";"—";"274000";"93 92 86";"3000";"Участвует в конкурсе";"1190438";"—"
"638";"9";"Электронное";"274000";"90 92 89";"3000";"Участвует в конкурсе";"1257359";"—"
"639";"6";"—";"274000";"88 100 83";"3000";"Участвует в конкурсе";"1603624";"—"
"640";"5";"—";"274000";"98 90 81";"5000";"Участвует в конкурсе";"1565822";"—"
"641";"4";"—";"274000";"85 90 94";"5000";"Участвует в конкурсе";"1291004";"—"
"642";"18";"—";"274000";"80 100 89";"5000";"Участвует в конкурсе";"1625432";"—"
"643";"5";"Электронное";"274000";"83 90 94";"7000";"Участвует в конкурсе";"1729657";"—"
"644";"7";"—";"274000";"95 90 81";"8000";"Участвует в конкурсе";"1194676";"—"
"645";"6";"Электронное";"274000";"90 95 81";"8000";"Участвует в конкурсе";"1002670";"—"
"646";"5";"—";"274000";"84 100 81";"9000";"Участвует в конкурсе";"1249072";"—"
"647";"2";"—";"274000";"96 95 73";"10000";"Участвует в конкурсе";"1322903";"—"
"648";"15";"—";"274000";"95 88 81";"10000";"Участвует в конкурсе";"995388";"—"
"649";"12";"—";"274000";"95 86 83";"10000";"Участвует в конкурсе";"955666";"—"
"650";"15";"Электронное";"274000";"95 80 89";"10000";"Участвует в конкурсе";"2225351";"—"
"651";"15";"Электронное";"274000";"92 86 86";"10000";"Участвует в конкурсе";"1916329";"—"
"652";"22";"—";"274000";"90 96 78";"10000";"Участвует в конкурсе";"1582830";"—"
"653";"24";"—";"274000";"90 96 78";"10000";"Участвует в конкурсе";"1496412";"—"
"654";"8";"Электронное";"274000";"90 96 78";"10000";"Участвует в конкурсе";"1509744";"—"
"655";"25";"Электронное";"274000";"90 88 86";"10000";"Участвует в конкурсе";"1408384";"—"
"656";"9";"—";"274000";"90 88 86";"10000";"Участвует в конкурсе";"1713460";"—"
"657";"9";"—";"274000";"90 88 86";"10000";"Участвует в конкурсе";"1358545";"—"
"658";"21";"—";"274000";"90 88 86";"10000";"Участвует в конкурсе";"1215320";"—"
"659";"8";"Электронное";"274000";"90 80 94";"10000";"Участвует в конкурсе";"1794802";"—"
"660";"3";"—";"274000";"88 98 78";"10000";"Участвует в конкурсе";"1653311";"—"
"661";"8";"—";"274000";"88 90 86";"10000";"Участвует в конкурсе";"1529416";"—"
"662";"30";"Электронное";"274000";"88 90 86";"10000";"Участвует в конкурсе";"1429808";"—"
"663";"8";"Электронное";"274000";"88 90 86";"10000";"Участвует в конкурсе";"2394991";"—"
"664";"2";"Электронное";"274000";"85 90 89";"10000";"Участвует в конкурсе";"1205589";"—"
"665";"17";"—";"274000";"85 90 89";"10000";"Участвует в конкурсе";"1837147";"—"
"666";"26";"Электронное";"274000";"85 88 91";"10000";"Участвует в конкурсе";"1620198";"—"
"667";"22";"Электронное";"274000";"85 88 91";"10000";"Участвует в конкурсе";"1910473";"—"
"668";"11";"—";"274000";"85 88 91";"10000";"Участвует в конкурсе";"1963924";"—"
"669";"12";"—";"274000";"85 88 91";"10000";"Участвует в конкурсе";"2230701";"—"
"670";"16";"Электронное";"274000";"85 82 97";"10000";"Участвует в конкурсе";"2142594";"—"
"671";"10";"—";"274000";"84 80 100";"10000";"Участвует в конкурсе";"1575605";"—"
"672";"8";"—";"274000";"83 92 89";"10000";"Участвует в конкурсе";"1349493";"—"
"673";"10";"—";"274000";"83 92 89";"10000";"Участвует в конкурсе";"2029453";"—"
"674";"12";"—";"273000";"100 100 73";"—";"Участвует в конкурсе";"1442961";"—"
"675";"4";"—";"273000";"98 94 81";"—";"Участвует в конкурсе";"1722179";"—"
"676";"6";"Электронное";"273000";"95 97 81";"—";"Участвует в конкурсе";"1199595";"—"
"677";"8";"—";"273000";"95 92 86";"—";"Участвует в конкурсе";"2094336";"—"
"678";"25";"—";"273000";"95 84 94";"—";"Участвует в конкурсе";"2313837";"—"
"679";"13";"—";"273000";"94 90 89";"—";"Участвует в конкурсе";"1424354";"—"
"680";"12";"—";"273000";"92 92 89";"—";"Участвует в конкурсе";"2095794";"—"
"681";"9";"—";"273000";"90 92 91";"—";"Участвует в конкурсе";"1650221";"—"
"682";"6";"—";"273000";"88 94 91";"—";"Участвует в конкурсе";"1518237";"—"
"683";"8";"—";"273000";"88 94 91";"—";"Участвует в конкурсе";"1721709";"—"
"684";"2";"—";"273000";"82 97 94";"—";"Участвует в конкурсе";"1356512";"—"
"685";"14";"—";"273000";"98 95 78";"2000";"Участвует в конкурсе";"1244657";"—"
"686";"9";"—";"273000";"90 95 86";"2000";"Участвует в конкурсе";"1195315";"—"
"687";"9";"—";"273000";"95 86 89";"3000";"Участвует в конкурсе";"1519044";"—"
"689";"10";"Электронное";"273000";"88 88 94";"3000";"Участвует в конкурсе";"1191337";"—"
"690";"6";"—";"273000";"88 88 94";"3000";"Участвует в конкурсе";"2258285";"—"
"691";"20";"—";"273000";"80 90 100";"3000";"Участвует в конкурсе";"1354965";"—"
"692";"10";"—";"273000";"90 88 91";"4000";"Участвует в конкурсе";"1349628";"—"
"694";"4";"Электронное";"273000";"100 90 73";"10000";"Участвует в конкурсе";"1726358";"—"
"695";"28";"—";"273000";"100 90 73";"10000";"Участвует в конкурсе";"2260612";"—"
"696";"14";"—";"273000";"95 95 73";"10000";"Участвует в конкурсе";"1440421";"—"
"697";"8";"—";"273000";"94 94 75";"10000";"Участвует в конкурсе";"1988382";"—"
"698";"27";"—";"273000";"94 88 81";"10000";"Участвует в конкурсе";"2342695";"—"
"699";"15";"—";"273000";"93 92 78";"10000";"Участвует в конкурсе";"1426053";"—"
"700";"20";"—";"273000";"93 84 86";"10000";"Участвует в конкурсе";"1975290";"—"
"701";"4";"—";"273000";"92 88 83";"10000";"Участвует в конкурсе";"1381580";"—"
"702";"5";"—";"273000";"92 82 89";"10000";"Участвует в конкурсе";"1428365";"—"
"703";"17";"—";"273000";"90 92 81";"10000";"Участвует в конкурсе";"1991924";"—"
"704";"3";"—";"273000";"90 90 83";"10000";"Участвует в конкурсе";"1202149";"—"
"705";"12";"Электронное";"273000";"90 90 83";"10000";"Участвует в конкурсе";"1858407";"—"
"706";"20";"Электронное";"273000";"90 84 89";"10000";"Участвует в конкурсе";"1343659";"—"
"707";"20";"—";"273000";"88 94 81";"10000";"Участвует в конкурсе";"1516350";"—"
"708";"4";"—";"273000";"88 92 83";"10000";"Участвует в конкурсе";"1279866";"—"
"709";"16";"—";"273000";"88 86 89";"10000";"Участвует в конкурсе";"1941409";"—"
"710";"3";"—";"273000";"88 86 89";"10000";"Участвует в конкурсе";"2259192";"—"
"711";"8";"—";"273000";"88 84 91";"10000";"Участвует в конкурсе";"1635572";"—"
"712";"3";"—";"273000";"88 78 97";"10000";"Участвует в конкурсе";"1617478";"—"
"713";"2";"—";"273000";"86 86 91";"10000";"Участвует в конкурсе";"1719390";"—"
"715";"15";"—";"273000";"85 92 86";"10000";"Участвует в конкурсе";"1931584";"—"
"716";"19";"—";"273000";"83 86 94";"10000";"Участвует в конкурсе";"1663013";"—"
"717";"5";"—";"273000";"83 86 94";"10000";"Участвует в конкурсе";"2136311";"—"
"718";"3";"Электронное";"273000";"83 80 100";"10000";"Участвует в конкурсе";"1913697";"—"
"719";"1";"—";"273000";"80 92 91";"10000";"Участвует в конкурсе";"1040799";"—"
"720";"16";"Электронное";"273000";"78 94 91";"10000";"Участвует в конкурсе";"2161068";"—"
"721";"3";"Электронное";"273000";"78 88 97";"10000";"Участвует в конкурсе";"1501451";"—"
"722";"20";"—";"273000";"78 88 97";"10000";"Участвует в конкурсе";"1617551";"—"
"723";"7";"—";"273000";"77 86 100";"10000";"Участвует в конкурсе";"2226886";"—"
"724";"2";"—";"272000";"98 88 86";"—";"Участвует в конкурсе";"2084757";"—"
"725";"2";"—";"272000";"98 80 94";"—";"Участвует в конкурсе";"1966566";"—"
"726";"16";"—";"272000";"94 97 81";"—";"Участвует в конкурсе";"1642527";"—"
"727";"22";"—";"272000";"93 98 81";"—";"Участвует в конкурсе";"1791564";"—"
"728";"14";"—";"272000";"93 88 91";"—";"Участвует в конкурсе";"1200067";"—"
"729";"4";"Электронное";"272000";"90 90 92";"—";"Участвует в конкурсе";"1548259";"—"
"730";"23";"—";"272000";"90 82 100";"—";"Участвует в конкурсе";"1648966";"—"
"731";"13";"—";"272000";"86 90 94";"2000";"Участвует в конкурсе";"1827627";"—"
"732";"15";"—";"272000";"98 90 81";"3000";"Участвует в конкурсе";"2425102";"—"
"733";"12";"Электронное";"272000";"98 88 83";"3000";"Участвует в конкурсе";"1604006";"—"
"734";"2";"—";"272000";"96 92 81";"3000";"Участвует в конкурсе";"2217364";"—"
"735";"9";"—";"272000";"94 84 91";"3000";"Участвует в конкурсе";"2226512";"—"
"736";"17";"—";"272000";"93 82 94";"3000";"Участвует в конкурсе";"2127948";"—"
"737";"12";"—";"272000";"93 82 94";"3000";"Участвует в конкурсе";"1442300";"—"
"738";"11";"—";"272000";"92 88 89";"3000";"Участвует в конкурсе";"1640426";"—"
"740";"5";"—";"272000";"90 94 83";"5000";"Участвует в конкурсе";"1181920";"—"
"741";"28";"—";"272000";"100 90 72";"10000";"Участвует в конкурсе";"1388440";"—"
"742";"9";"Электронное";"272000";"98 92 72";"10000";"Участвует в конкурсе";"1361437";"—"
"743";"6";"—";"272000";"98 86 78";"10000";"Участвует в конкурсе";"2276482";"—"
"744";"13";"—";"272000";"95 92 75";"10000";"Участвует в конкурсе";"1998899";"—"
"745";"2";"—";"272000";"94 74 94";"10000";"Участвует в конкурсе";"1644934";"—"
"746";"13";"—";"272000";"93 94 75";"10000";"Участвует в конкурсе";"1995170";"—"
"747";"26";"—";"272000";"93 88 81";"10000";"Участвует в конкурсе";"2228657";"—"
"748";"27";"—";"272000";"93 86 83";"10000";"Участвует в конкурсе";"2297444";"—"
"749";"22";"—";"272000";"93 80 89";"10000";"Участвует в конкурсе";"1360112";"—"
"750";"22";"—";"272000";"93 80 89";"10000";"Участвует в конкурсе";"1610610";"—"
"751";"18";"—";"272000";"93 80 89";"10000";"Участвует в конкурсе";"2101004";"—"
"752";"11";"—";"272000";"92 92 78";"10000";"Участвует в конкурсе";"1181228";"—"
"753";"3";"—";"272000";"92 76 94";"10000";"Участвует в конкурсе";"2196382";"—"
"754";"13";"—";"272000";"90 94 78";"10000";"Участвует в конкурсе";"1340170";"—"
"755";"11";"Электронное";"272000";"90 94 78";"10000";"Участвует в конкурсе";"1213224";"—"
"756";"11";"—";"272000";"90 86 86";"10000";"Участвует в конкурсе";"1460249";"—"
"757";"12";"—";"272000";"90 86 86";"10000";"Участвует в конкурсе";"1986819";"—"
"758";"8";"—";"272000";"90 72 100";"10000";"Участвует в конкурсе";"1958843";"—"
"759";"11";"—";"272000";"88 88 86";"10000";"Участвует в конкурсе";"2178748";"—"
"760";"14";"Электронное";"272000";"88 80 94";"10000";"Участвует в конкурсе";"1609852";"—"
"761";"14";"—";"272000";"88 80 94";"10000";"Участвует в конкурсе";"1964525";"—"
"762";"8";"—";"272000";"88 76 98";"10000";"Участвует в конкурсе";"1930031";"—"
"763";"4";"—";"272000";"86 95 81";"10000";"Участвует в конкурсе";"2100292";"—"
"764";"13";"—";"272000";"85 96 81";"10000";"Участвует в конкурсе";"1416387";"—"
"766";"9";"—";"272000";"85 88 89";"10000";"Участвует в конкурсе";"1648406";"—"
"768";"9";"—";"272000";"85 86 91";"10000";"Участвует в конкурсе";"1910274";"—"
"770";"8";"—";"272000";"85 86 91";"10000";"Участвует в конкурсе";"1639351";"—"
"771";"17";"Электронное";"272000";"85 86 91";"10000";"Участвует в конкурсе";"1502515";"—"
"772";"10";"—";"272000";"85 86 91";"10000";"Участвует в конкурсе";"1283477";"—"
"773";"18";"—";"272000";"85 80 97";"10000";"Участвует в конкурсе";"1518719";"—"
"774";"10";"—";"272000";"84 84 94";"10000";"Участвует в конкурсе";"1174767";"—"
"775";"17";"Электронное";"272000";"83 88 91";"10000";"Участвует в конкурсе";"2211869";"—"
"776";"1";"—";"272000";"82 99 81";"10000";"Участвует в конкурсе";"2092280";"—"
"777";"4";"—";"272000";"82 86 94";"10000";"Участвует в конкурсе";"1212395";"—"
"778";"17";"—";"272000";"80 96 86";"10000";"Участвует в конкурсе";"2307046";"—"
"779";"16";"—";"272000";"80 88 94";"10000";"Участвует в конкурсе";"1618888";"—"
"780";"6";"—";"272000";"80 88 94";"10000";"Участвует в конкурсе";"2183200";"—"
"781";"3";"—";"272000";"79 94 89";"10000";"Участвует в конкурсе";"1785514";"—"
"782";"5";"Электронное";"271000";"100 88 83";"—";"Участвует в конкурсе";"2422983";"—"
"783";"3";"—";"271000";"98 92 81";"—";"Участвует в конкурсе";"2180020";"—"
"784";"3";"—";"271000";"94 94 83";"—";"Участвует в конкурсе";"971208";"—"
"785";"5";"—";"271000";"94 88 89";"—";"Участвует в конкурсе";"1622950";"—"
"786";"16";"—";"271000";"90 84 97";"—";"Участвует в конкурсе";"1720687";"—"
"787";"28";"—";"271000";"90 84 97";"—";"Участвует в конкурсе";"2340110";"—"
"789";"21";"Электронное";"271000";"85 86 100";"—";"Участвует в конкурсе";"1911837";"—"
"790";"19";"—";"271000";"80 100 91";"—";"Участвует в конкурсе";"1026107";"—"
"791";"10";"—";"271000";"80 97 94";"—";"Участвует в конкурсе";"1785289";"—"
"792";"7";"—";"271000";"96 86 86";"3000";"Участвует в конкурсе";"1646593";"—"
"793";"6";"—";"271000";"90 95 83";"3000";"Участвует в конкурсе";"1708732";"—"
"794";"13";"Электронное";"271000";"90 82 94";"5000";"Участвует в конкурсе";"1622249";"—"
"795";"8";"Электронное";"271000";"88 95 83";"5000";"Участвует в конкурсе";"2043083";"—"
"796";"27";"—";"271000";"98 94 73";"6000";"Участвует в конкурсе";"973960";"—"
"797";"4";"—";"271000";"90 82 91";"8000";"Участвует в конкурсе";"1327994";"—"
"798";"10";"Электронное";"271000";"98 88 75";"10000";"Участвует в конкурсе";"1784033";"—"
"799";"19";"Электронное";"271000";"98 82 81";"10000";"Участвует в конкурсе";"1521245";"—"
"800";"15";"—";"271000";"98 82 81";"10000";"Участвует в конкурсе";"2245999";"—"
"801";"9";"—";"271000";"96 82 83";"10000";"Участвует в конкурсе";"2099441";"—"
"802";"13";"Электронное";"271000";"95 96 70";"10000";"Участвует в конкурсе";"1169309";"—"
"803";"3";"—";"271000";"93 90 78";"10000";"Участвует в конкурсе";"1680031";"—"
"804";"1";"Электронное";"271000";"93 82 86";"10000";"Участвует в конкурсе";"1599196";"—"
"805";"10";"—";"271000";"93 82 86";"10000";"Участвует в конкурсе";"2261735";"—"
"806";"3";"—";"271000";"90 98 73";"10000";"Участвует в конкурсе";"1639180";"—"
"807";"5";"—";"271000";"90 90 81";"10000";"Участвует в конкурсе";"1883208";"—"
"808";"6";"Электронное";"271000";"90 88 83";"10000";"Участвует в конкурсе";"1698881";"—"
"809";"23";"—";"271000";"90 88 83";"10000";"Участвует в конкурсе";"1719894";"—"
"810";"13";"—";"271000";"90 88 83";"10000";"Участвует в конкурсе";"2152487";"—"
"811";"25";"—";"271000";"90 82 89";"10000";"Участвует в конкурсе";"1787711";"—"
"812";"8";"—";"271000";"90 82 89";"10000";"Участвует в конкурсе";"1985149";"—"
"813";"18";"—";"271000";"90 82 89";"10000";"Участвует в конкурсе";"1644741";"—"
"814";"1";"Электронное";"271000";"88 92 81";"10000";"Участвует в конкурсе";"1769776";"—"
"815";"24";"Электронное";"271000";"88 90 83";"10000";"Участвует в конкурсе";"1185036";"—"
"816";"10";"—";"271000";"88 90 83";"10000";"Участвует в конкурсе";"1382914";"—"
"817";"9";"Электронное";"271000";"88 84 89";"10000";"Участвует в конкурсе";"1424316";"—"
"818";"4";"—";"271000";"88 82 91";"10000";"Участвует в конкурсе";"1786790";"—"
"819";"10";"—";"271000";"88 82 91";"10000";"Участвует в конкурсе";"2135082";"—"
"822";"7";"—";"271000";"86 84 91";"10000";"Участвует в конкурсе";"1480669";"—"
"823";"11";"—";"271000";"85 98 78";"10000";"Участвует в конкурсе";"1724996";"—"
"824";"9";"—";"271000";"85 90 86";"10000";"Участвует в конкурсе";"1997143";"—"
"826";"9";"Электронное";"271000";"85 82 94";"10000";"Участвует в конкурсе";"1841315";"—"
"827";"6";"Электронное";"271000";"84 94 83";"10000";"Участвует в конкурсе";"1776674";"—"
"828";"4";"—";"271000";"83 95 83";"10000";"Участвует в конкурсе";"1845825";"—"
"829";"13";"—";"271000";"82 96 83";"10000";"Участвует в конкурсе";"1777805";"—"
"830";"3";"—";"271000";"80 84 97";"10000";"Участвует в конкурсе";"1772851";"—"
"831";"4";"—";"271000";"78 86 97";"10000";"Участвует в конкурсе";"1988242";"—"
"832";"20";"—";"271000";"77 95 89";"10000";"Участвует в конкурсе";"1617641";"—"
"834";"21";"—";"270000";"100 84 86";"—";"Участвует в конкурсе";"1205130";"—"
"835";"12";"—";"270000";"98 94 78";"—";"Участвует в конкурсе";"2085071";"—"
"836";"10";"—";"270000";"95 92 83";"—";"Участвует в конкурсе";"1236385";"—"
"837";"22";"—";"270000";"95 92 83";"—";"Участвует в конкурсе";"1981517";"—"
"838";"17";"—";"270000";"95 86 89";"—";"Участвует в конкурсе";"1854964";"—"
"839";"23";"Электронное";"270000";"95 86 89";"—";"Участвует в конкурсе";"1980340";"—"
"840";"4";"—";"270000";"93 86 91";"—";"Участвует в конкурсе";"1437832";"—"
"841";"5";"—";"270000";"90 97 83";"—";"Участвует в конкурсе";"1923148";"—"
"842";"10";"Электронное";"270000";"90 90 90";"—";"Участвует в конкурсе";"1692557";"—"
"843";"24";"Электронное";"270000";"88 100 82";"—";"Участвует в конкурсе";"1159123";"—"
"844";"22";"—";"270000";"95 92 81";"2000";"Участвует в конкурсе";"2369029";"—"
"845";"18";"—";"270000";"95 86 86";"3000";"Участвует в конкурсе";"1586681";"—"
"846";"12";"—";"270000";"94 95 78";"3000";"Участвует в конкурсе";"1107668";"—"
"847";"2";"—";"270000";"92 94 81";"3000";"Участвует в конкурсе";"1638409";"—"
"848";"2";"Электронное";"270000";"90 88 89";"3000";"Участвует в конкурсе";"1638886";"—"
"849";"17";"—";"270000";"88 88 91";"3000";"Участвует в конкурсе";"1212501";"—"
"850";"12";"—";"270000";"82 88 97";"3000";"Участвует в конкурсе";"1559780";"—"
"851";"7";"Электронное";"270000";"92 90 83";"5000";"Участвует в конкурсе";"1995393";"—"
"852";"11";"Электронное";"270000";"88 86 91";"5000";"Участвует в конкурсе";"1916071";"—"
"853";"2";"—";"270000";"83 88 94";"5000";"Участвует в конкурсе";"1622820";"—"
"854";"2";"—";"270000";"95 82 86";"7000";"Участвует в конкурсе";"1561960";"—"
"855";"3";"—";"270000";"95 86 81";"8000";"Участвует в конкурсе";"925201";"—"
"856";"1";"—";"270000";"92 92 78";"8000";"Участвует в конкурсе";"1513118";"—"
"857";"23";"—";"270000";"76 100 86";"8000";"Участвует в конкурсе";"2141428";"—"
"858";"9";"—";"270000";"100 90 70";"10000";"Участвует в конкурсе";"1394849";"—"
"859";"19";"—";"270000";"95 90 75";"10000";"Участвует в конкурсе";"2255720";"—"
"860";"12";"—";"270000";"95 90 75";"10000";"Участвует в конкурсе";"2268004";"—"
"861";"4";"Электронное";"270000";"95 84 81";"10000";"Участвует в конкурсе";"2243103";"—"
"862";"16";"—";"270000";"95 82 83";"10000";"Участвует в конкурсе";"1896423";"—"
"863";"11";"—";"270000";"94 88 78";"10000";"Участвует в конкурсе";"1469456";"—"
"864";"11";"—";"270000";"94 80 86";"10000";"Участвует в конкурсе";"1398001";"—"
"865";"10";"—";"270000";"93 92 75";"10000";"Участвует в конкурсе";"1639339";"—"
"866";"15";"Электронное";"270000";"93 92 75";"10000";"Участвует в конкурсе";"1197134";"—"
"867";"9";"Электронное";"270000";"93 86 81";"10000";"Участвует в конкурсе";"1405382";"—"
"869";"19";"—";"270000";"90 97 73";"10000";"Участвует в конкурсе";"1730696";"—"
"870";"4";"—";"270000";"90 92 78";"10000";"Участвует в конкурсе";"2212389";"—"
"871";"10";"—";"270000";"90 92 78";"10000";"Участвует в конкурсе";"1716121";"—"
"872";"16";"—";"270000";"90 92 78";"10000";"Участвует в конкурсе";"2338280";"—"
"873";"21";"—";"270000";"88 94 78";"10000";"Участвует в конкурсе";"2209562";"—"
"874";"22";"—";"270000";"88 86 86";"10000";"Участвует в конкурсе";"1578976";"—"
"875";"17";"—";"270000";"88 86 86";"10000";"Участвует в конкурсе";"1722162";"—"
"876";"22";"—";"270000";"88 86 86";"10000";"Участвует в конкурсе";"2302478";"—"
"877";"12";"—";"270000";"88 78 94";"10000";"Участвует в конкурсе";"1546836";"—"
"878";"11";"Электронное";"270000";"86 88 86";"10000";"Участвует в конкурсе";"2098786";"—"
"879";"5";"Электронное";"270000";"85 94 81";"10000";"Участвует в конкурсе";"1885780";"—"
"881";"4";"Электронное";"270000";"85 86 89";"10000";"Участвует в конкурсе";"1590814";"—"
"882";"29";"Электронное";"270000";"85 86 89";"10000";"Участвует в конкурсе";"1807070";"—"
"883";"19";"Электронное";"270000";"85 84 91";"10000";"Участвует в конкурсе";"1356295";"—"
"884";"5";"—";"270000";"85 78 97";"10000";"Участвует в конкурсе";"1354615";"—"
"885";"8";"Электронное";"270000";"83 94 83";"10000";"Участвует в конкурсе";"2049573";"—"
"886";"9";"—";"270000";"83 88 89";"10000";"Участвует в конкурсе";"2228394";"—"
"887";"2";"—";"270000";"83 86 91";"10000";"Участвует в конкурсе";"2315646";"—"
"888";"27";"Электронное";"270000";"83 86 91";"10000";"Участвует в конкурсе";"1585307";"—"
"889";"16";"—";"270000";"83 86 91";"10000";"Участвует в конкурсе";"1617196";"—"
"890";"24";"—";"270000";"82 92 86";"10000";"Участвует в конкурсе";"1169826";"—"
"891";"4";"—";"270000";"82 84 94";"10000";"Участвует в конкурсе";"1404705";"—"
"892";"13";"Электронное";"270000";"77 100 83";"10000";"Участвует в конкурсе";"1245428";"—"
"893";"7";"—";"269000";"100 94 75";"—";"Участвует в конкурсе";"1402830";"—"
"894";"17";"—";"269000";"100 94 75";"—";"Участвует в конкурсе";"2001859";"—"
"895";"13";"—";"269000";"98 96 75";"—";"Участвует в конкурсе";"2305486";"—"
"896";"15";"—";"269000";"98 80 91";"—";"Участвует в конкурсе";"1949743";"—"
"897";"16";"—";"269000";"96 84 89";"—";"Участвует в конкурсе";"1291933";"—"
"898";"9";"—";"269000";"92 99 78";"—";"Участвует в конкурсе";"1393905";"—"
"899";"12";"—";"269000";"90 96 83";"—";"Участвует в конкурсе";"1489335";"—"
"900";"13";"Электронное";"269000";"88 90 91";"—";"Участвует в конкурсе";"1941815";"—"
"902";"20";"—";"269000";"85 90 94";"—";"Участвует в конкурсе";"2307238";"—"
"903";"6";"—";"269000";"83 86 100";"—";"Участвует в конкурсе";"1631242";"—"
"904";"29";"—";"269000";"98 88 81";"2000";"Участвует в конкурсе";"1259774";"—"
"905";"8";"Электронное";"269000";"84 94 89";"2000";"Участвует в конкурсе";"1693868";"—"
"906";"28";"—";"269000";"95 90 81";"3000";"Участвует в конкурсе";"2310253";"—"
"907";"8";"—";"269000";"93 84 89";"3000";"Участвует в конкурсе";"1409106";"—"
"908";"19";"Электронное";"269000";"90 90 86";"3000";"Участвует в конкурсе";"1779849";"—"
"909";"3";"—";"269000";"90 90 86";"3000";"Участвует в конкурсе";"1985689";"—"
"910";"9";"—";"269000";"88 92 86";"3000";"Участвует в конкурсе";"1616340";"—"
"911";"5";"Электронное";"269000";"88 92 86";"3000";"Участвует в конкурсе";"1398755";"—"
"912";"12";"—";"269000";"88 92 86";"3000";"Участвует в конкурсе";"2333253";"—"
"913";"10";"Электронное";"269000";"85 92 89";"3000";"Участвует в конкурсе";"1573899";"—"
"914";"19";"—";"269000";"93 88 83";"5000";"Участвует в конкурсе";"1257128";"—"
"915";"4";"—";"269000";"98 86 75";"10000";"Участвует в конкурсе";"1948500";"—"
"916";"4";"—";"269000";"98 86 75";"10000";"Участвует в конкурсе";"2055800";"—"
"917";"1";"—";"269000";"94 90 75";"10000";"Участвует в конкурсе";"1458470";"—"
"918";"1";"—";"269000";"94 84 81";"10000";"Участвует в конкурсе";"2247410";"—"
"919";"10";"—";"269000";"94 82 83";"10000";"Участвует в конкурсе";"2211310";"—"
"922";"2";"—";"269000";"90 94 75";"10000";"Участвует в конкурсе";"2055496";"—"
"923";"5";"—";"269000";"90 88 81";"10000";"Участвует в конкурсе";"995180";"—"
"924";"20";"—";"269000";"90 88 81";"10000";"Участвует в конкурсе";"2049585";"—"
"926";"2";"—";"269000";"90 88 81";"10000";"Участвует в конкурсе";"2222250";"—"
"927";"4";"—";"269000";"90 88 81";"10000";"Участвует в конкурсе";"1343007";"—"
"928";"1";"Электронное";"269000";"90 86 83";"10000";"Участвует в конкурсе";"1616900";"—"
"929";"2";"—";"269000";"90 86 83";"10000";"Участвует в конкурсе";"1848278";"—"
"930";"4";"Электронное";"269000";"90 86 83";"10000";"Участвует в конкурсе";"2265445";"—"
"931";"13";"Электронное";"269000";"88 98 73";"10000";"Участвует в конкурсе";"2273512";"—"
"932";"10";"—";"269000";"88 90 81";"10000";"Участвует в конкурсе";"1531129";"—"
"933";"4";"—";"269000";"88 88 83";"10000";"Участвует в конкурсе";"1558075";"—"
"934";"21";"—";"269000";"88 86 85";"10000";"Участвует в конкурсе";"2403118";"—"
"935";"30";"—";"269000";"88 80 91";"10000";"Участвует в конкурсе";"1903586";"—"
"936";"1";"Электронное";"269000";"88 80 91";"10000";"Участвует в конкурсе";"1254185";"—"
"937";"7";"—";"269000";"86 95 78";"10000";"Участвует в конкурсе";"1858108";"—"
"938";"4";"—";"269000";"86 84 89";"10000";"Участвует в конкурсе";"1467071";"—"
"939";"3";"Электронное";"269000";"86 82 91";"10000";"Участвует в конкурсе";"1285400";"—"
"940";"13";"—";"269000";"85 99 75";"10000";"Участвует в конкурсе";"2272218";"—"
"941";"2";"—";"269000";"85 88 86";"10000";"Участвует в конкурсе";"1796856";"—"
"942";"12";"—";"269000";"85 88 86";"10000";"Участвует в конкурсе";"2177984";"—"
"943";"7";"—";"269000";"84 92 83";"10000";"Участвует в конкурсе";"1633009";"—"
"944";"6";"—";"269000";"84 84 91";"10000";"Участвует в конкурсе";"1979104";"—"
"945";"7";"—";"269000";"83 90 86";"10000";"Участвует в конкурсе";"2340447";"—"
"946";"3";"Электронное";"269000";"83 82 94";"10000";"Участвует в конкурсе";"1714835";"—"
"947";"2";"—";"269000";"80 90 89";"10000";"Участвует в конкурсе";"2038863";"—"
"948";"3";"—";"269000";"80 88 91";"10000";"Участвует в конкурсе";"2000090";"—"
"949";"8";"Электронное";"269000";"80 88 91";"10000";"Участвует в конкурсе";"1948907";"—"
"950";"22";"—";"269000";"78 90 91";"10000";"Участвует в конкурсе";"2134133";"—"
"951";"4";"—";"269000";"75 90 94";"10000";"Участвует в конкурсе";"2230959";"—"
"952";"15";"—";"268000";"98 84 86";"—";"Участвует в конкурсе";"1929706";"—"
"953";"6";"Электронное";"268000";"93 86 89";"—";"Участвует в конкурсе";"1325916";"—"
"954";"13";"—";"268000";"92 90 86";"—";"Участвует в конкурсе";"1584077";"—"
"955";"10";"—";"268000";"90 92 86";"—";"Участвует в конкурсе";"2192418";"—"
"956";"5";"—";"268000";"90 92 86";"—";"Участвует в конкурсе";"2244581";"—"
"959";"10";"—";"268000";"88 86 94";"—";"Участвует в конкурсе";"2242339";"—"
"960";"5";"—";"268000";"83 94 91";"—";"Участвует в конкурсе";"1489386";"—"
"961";"5";"—";"268000";"80 94 94";"—";"Участвует в конкурсе";"1720867";"—"
"962";"19";"—";"268000";"93 84 89";"2000";"Участвует в конкурсе";"1845616";"—"
"963";"18";"—";"268000";"83 92 91";"2000";"Участвует в конкурсе";"2199091";"—"
"964";"24";"—";"268000";"96 86 83";"3000";"Участвует в конкурсе";"1565862";"—"
"965";"3";"—";"268000";"93 86 86";"3000";"Участвует в конкурсе";"1414467";"—"
"966";"13";"—";"268000";"92 92 81";"3000";"Участвует в конкурсе";"1655448";"—"
"967";"14";"—";"268000";"90 92 83";"3000";"Участвует в конкурсе";"2261094";"—"
"968";"14";"—";"268000";"94 86 83";"5000";"Участвует в конкурсе";"2005818";"—"
"969";"13";"—";"268000";"85 95 83";"5000";"Участвует в конкурсе";"1712625";"—"
"970";"5";"—";"268000";"90 84 86";"8000";"Участвует в конкурсе";"1493925";"—"
"971";"1";"Электронное";"268000";"85 86 89";"8000";"Участвует в конкурсе";"1610460";"—"
"972";"1";"Электронное";"268000";"83 94 83";"8000";"Участвует в конкурсе";"1795779";"—"
"973";"8";"—";"268000";"100 80 78";"10000";"Участвует в конкурсе";"1312957";"—"
"974";"13";"—";"268000";"95 88 75";"10000";"Участвует в конкурсе";"2186864";"—"
"975";"20";"Электронное";"268000";"95 80 83";"10000";"Участвует в конкурсе";"2224892";"—"
"976";"12";"—";"268000";"95 80 83";"10000";"Участвует в конкурсе";"2028980";"—"
"977";"8";"—";"268000";"93 84 81";"10000";"Участвует в конкурсе";"1515119";"—"
"978";"2";"—";"268000";"93 84 81";"10000";"Участвует в конкурсе";"1647914";"—"
"979";"28";"Электронное";"268000";"93 82 83";"10000";"Участвует в конкурсе";"1627708";"—"
"980";"4";"—";"268000";"93 82 83";"10000";"Участвует в конкурсе";"1417048";"—"
"981";"1";"—";"268000";"92 94 72";"10000";"Участвует в конкурсе";"1426676";"—"
"982";"4";"Электронное";"268000";"90 90 78";"10000";"Участвует в конкурсе";"2302806";"—"
"983";"3";"—";"268000";"90 90 78";"10000";"Участвует в конкурсе";"1793571";"—"
"984";"11";"—";"268000";"90 90 78";"10000";"Участвует в конкурсе";"1367345";"—"
"985";"4";"—";"268000";"88 100 70";"10000";"Участвует в конкурсе";"1574921";"—"
"986";"20";"Электронное";"268000";"88 95 75";"10000";"Участвует в конкурсе";"1403507";"—"
"987";"12";"—";"268000";"88 92 78";"10000";"Участвует в конкурсе";"1379943";"—"
"988";"6";"—";"268000";"88 92 78";"10000";"Участвует в конкурсе";"1437508";"—"
"989";"12";"—";"268000";"88 92 78";"10000";"Участвует в конкурсе";"2120359";"—"
"990";"4";"—";"268000";"88 92 78";"10000";"Участвует в конкурсе";"2233966";"—"
"991";"2";"—";"268000";"88 84 86";"10000";"Участвует в конкурсе";"1852052";"—"
"992";"6";"—";"268000";"88 84 86";"10000";"Участвует в конкурсе";"1862589";"—"
"993";"19";"Электронное";"268000";"88 76 94";"10000";"Участвует в конкурсе";"1438251";"—"
"994";"7";"—";"268000";"86 86 86";"10000";"Участвует в конкурсе";"1916066";"—"
"995";"9";"—";"268000";"85 95 78";"10000";"Участвует в конкурсе";"2131118";"—"
"996";"10";"—";"268000";"85 92 81";"10000";"Участвует в конкурсе";"1944539";"—"
"997";"14";"—";"268000";"85 90 83";"10000";"Участвует в конкурсе";"2227380";"—"
"998";"18";"—";"268000";"85 84 89";"10000";"Участвует в конкурсе";"1425039";"—"
"999";"30";"Электронное";"268000";"85 84 89";"10000";"Участвует в конкурсе";"2231242";"—"
"1000";"18";"Электронное";"268000";"83 92 83";"10000";"Участвует в конкурсе";"2248502";"—"
"1001";"13";"—";"268000";"83 92 83";"10000";"Участвует в конкурсе";"2415623";"—"
"1002";"25";"Электронное";"268000";"83 84 91";"10000";"Участвует в конкурсе";"1309691";"—"
"1003";"10";"—";"268000";"83 78 97";"10000";"Участвует в конкурсе";"2100563";"—"
"1007";"19";"—";"268000";"80 97 81";"10000";"Участвует в конкурсе";"2175049";"—"
"1008";"24";"—";"268000";"80 84 94";"10000";"Участвует в конкурсе";"1794083";"—"
"1009";"12";"Электронное";"268000";"80 84 94";"10000";"Участвует в конкурсе";"2290614";"—"
"1010";"15";"—";"268000";"78 94 86";"10000";"Участвует в конкурсе";"1612154";"—"
"1011";"9";"Электронное";"268000";"78 94 86";"10000";"Участвует в конкурсе";"2259330";"—"
"1012";"28";"—";"268000";"78 94 86";"10000";"Участвует в конкурсе";"2221118";"—"
"1013";"2";"Электронное";"268000";"78 86 94";"10000";"Участвует в конкурсе";"1505355";"—"
"1014";"13";"—";"268000";"72 92 94";"10000";"Участвует в конкурсе";"1962181";"—"
"1015";"3";"—";"267000";"100 86 81";"—";"Участвует в конкурсе";"1900844";"—"
"1017";"30";"—";"267000";"95 86 86";"—";"Участвует в конкурсе";"1717834";"—"
"1018";"4";"—";"267000";"93 88 86";"—";"Участвует в конкурсе";"1913565";"—"
"1019";"9";"—";"267000";"90 96 81";"—";"Участвует в конкурсе";"1638446";"—"
"1020";"6";"—";"267000";"90 94 83";"—";"Участвует в конкурсе";"1753817";"—"
"1022";"5";"—";"267000";"90 86 91";"—";"Участвует в конкурсе";"1987841";"—"
"1023";"2";"—";"267000";"88 90 89";"—";"Участвует в конкурсе";"1604529";"—"
"1025";"5";"—";"267000";"85 96 86";"—";"Участвует в конкурсе";"1694686";"—"
"1026";"21";"Электронное";"267000";"85 82 100";"—";"Участвует в конкурсе";"1641793";"—"
"1027";"22";"—";"267000";"95 92 78";"2000";"Участвует в конкурсе";"1616213";"—"
"1028";"10";"Электронное";"267000";"94 95 75";"3000";"Участвует в конкурсе";"2000295";"—"
"1029";"2";"—";"267000";"92 100 72";"3000";"Участвует в конкурсе";"1250214";"—"
"1030";"7";"—";"267000";"90 88 86";"3000";"Участвует в конкурсе";"2339789";"—"
"1031";"2";"—";"267000";"85 96 83";"3000";"Участвует в конкурсе";"1691116";"—"
"1033";"2";"—";"267000";"100 84 78";"5000";"Участвует в конкурсе";"1670187";"—"
"1034";"2";"—";"267000";"84 92 86";"5000";"Участвует в конкурсе";"1625579";"—"
"1035";"5";"—";"267000";"93 88 78";"8000";"Участвует в конкурсе";"1097123";"—"
"1036";"2";"—";"267000";"88 96 75";"8000";"Участвует в конкурсе";"1203795";"—"
"1037";"2";"—";"267000";"88 74 97";"8000";"Участвует в конкурсе";"1647785";"—"
"1038";"14";"—";"267000";"98 86 73";"10000";"Участвует в конкурсе";"1059224";"—"
"1039";"17";"—";"267000";"98 84 75";"10000";"Участвует в конкурсе";"1650344";"—"
"1041";"4";"—";"267000";"95 84 78";"10000";"Участвует в конкурсе";"2100434";"—"
"1042";"10";"—";"267000";"90 97 70";"10000";"Участвует в конкурсе";"1983035";"—"
"1043";"7";"—";"267000";"90 94 73";"10000";"Участвует в конкурсе";"2230918";"—"
"1044";"12";"Электронное";"267000";"90 92 75";"10000";"Участвует в конкурсе";"1203194";"—"
"1045";"21";"—";"267000";"90 92 75";"10000";"Участвует в конкурсе";"2085299";"—"
"1046";"23";"—";"267000";"90 92 75";"10000";"Участвует в конкурсе";"1284951";"—"
"1047";"4";"—";"267000";"90 86 81";"10000";"Участвует в конкурсе";"1176866";"—"
"1049";"6";"—";"267000";"90 86 81";"10000";"Участвует в конкурсе";"2338051";"—"
"1050";"14";"Электронное";"267000";"90 86 81";"10000";"Участвует в конкурсе";"2413334";"—"
"1052";"4";"—";"267000";"90 78 89";"10000";"Участвует в конкурсе";"1642598";"—"
"1054";"13";"Электронное";"267000";"90 76 91";"10000";"Участвует в конкурсе";"2225944";"—"
"1056";"7";"—";"267000";"88 86 83";"10000";"Участвует в конкурсе";"1988929";"—"
"1057";"6";"—";"267000";"88 86 83";"10000";"Участвует в конкурсе";"1527380";"—"
"1058";"9";"Электронное";"267000";"88 86 83";"10000";"Участвует в конкурсе";"1515438";"—"
"1059";"5";"—";"267000";"85 97 75";"10000";"Участвует в конкурсе";"1628065";"—"
"1060";"1";"—";"267000";"85 86 86";"10000";"Участвует в конкурсе";"1594683";"—"
"1061";"10";"—";"267000";"85 86 86";"10000";"Участвует в конкурсе";"1981414";"—"
"1062";"17";"—";"267000";"85 86 86";"10000";"Участвует в конкурсе";"2056568";"—"
"1063";"2";"—";"267000";"85 86 86";"10000";"Участвует в конкурсе";"2181455";"—"
"1064";"8";"—";"267000";"85 78 94";"10000";"Участвует в конкурсе";"1361337";"—"
"1065";"6";"—";"267000";"84 82 91";"10000";"Участвует в конкурсе";"1585376";"—"
"1066";"10";"—";"267000";"84 82 91";"10000";"Участвует в конкурсе";"1956235";"—"
"1067";"10";"—";"267000";"83 88 86";"10000";"Участвует в конкурсе";"1916383";"—"
"1068";"11";"—";"267000";"83 80 94";"10000";"Участвует в конкурсе";"1282333";"—"
"1069";"11";"—";"267000";"83 80 94";"10000";"Участвует в конкурсе";"2268962";"—"
"1070";"15";"—";"267000";"82 100 75";"10000";"Участвует в конкурсе";"2001541";"—"
"1071";"11";"—";"267000";"82 94 81";"10000";"Участвует в конкурсе";"1199396";"—"
"1072";"19";"—";"267000";"80 86 91";"10000";"Участвует в конкурсе";"1777493";"—"
"1073";"6";"—";"267000";"80 86 91";"10000";"Участвует в конкурсе";"1250653";"—"
"1074";"9";"—";"267000";"80 80 97";"10000";"Участвует в конкурсе";"2282442";"—"
"1075";"5";"Электронное";"267000";"77 94 86";"10000";"Участвует в конкурсе";"2329733";"—"
"1076";"14";"Электронное";"266000";"100 88 78";"—";"Участвует в конкурсе";"2255001";"—"
"1077";"17";"—";"266000";"100 80 86";"—";"Участвует в конкурсе";"1916586";"—"
"1078";"10";"—";"266000";"96 95 75";"—";"Участвует в конкурсе";"1351916";"—"
"1079";"9";"—";"266000";"95 88 83";"—";"Участвует в конкурсе";"2093794";"—"
"1080";"4";"—";"266000";"93 88 85";"—";"Участвует в конкурсе";"1307288";"—"
"1081";"4";"—";"266000";"90 90 86";"—";"Участвует в конкурсе";"1289248";"—"
"1082";"8";"—";"266000";"90 90 86";"—";"Участвует в конкурсе";"954810";"—"
"1083";"27";"—";"266000";"90 82 94";"—";"Участвует в конкурсе";"1445230";"—"
"1084";"10";"—";"266000";"88 95 83";"—";"Участвует в конкурсе";"1907635";"—"
"1085";"5";"—";"266000";"88 92 86";"—";"Участвует в конкурсе";"2093722";"—"
"1086";"30";"—";"266000";"86 97 83";"—";"Участвует в конкурсе";"1999765";"—"
"1087";"6";"—";"266000";"85 95 86";"—";"Участвует в конкурсе";"1649453";"—"
"1088";"14";"Электронное";"266000";"80 95 91";"—";"Участвует в конкурсе";"1753966";"—"
"1089";"3";"—";"266000";"72 100 94";"—";"Участвует в конкурсе";"1595685";"—"
"1090";"28";"Электронное";"266000";"93 88 83";"2000";"Участвует в конкурсе";"2237941";"—"
"1091";"8";"—";"266000";"90 96 78";"2000";"Участвует в конкурсе";"1606453";"—"
"1093";"13";"—";"266000";"85 88 91";"2000";"Участвует в конкурсе";"2323869";"—"
"1094";"14";"—";"266000";"93 84 86";"3000";"Участвует в конкурсе";"831141";"—"
"1095";"6";"—";"266000";"93 84 86";"3000";"Участвует в конкурсе";"2214189";"—"
"1096";"10";"—";"266000";"90 92 81";"3000";"Участвует в конкурсе";"1613725";"—"
"1097";"8";"Электронное";"266000";"90 92 81";"3000";"Участвует в конкурсе";"2043413";"—"
"1098";"21";"—";"266000";"90 90 83";"3000";"Участвует в конкурсе";"1839812";"—"
"1099";"20";"Электронное";"266000";"90 82 91";"3000";"Участвует в конкурсе";"1799354";"—"
"1100";"6";"Электронное";"266000";"90 82 91";"3000";"Участвует в конкурсе";"1513780";"—"
"1101";"9";"—";"266000";"88 92 83";"3000";"Участвует в конкурсе";"2119261";"—"
"1102";"6";"—";"266000";"88 86 89";"3000";"Участвует в конкурсе";"1242355";"—"
"1103";"5";"Электронное";"266000";"93 96 72";"5000";"Участвует в конкурсе";"2221626";"—"
"1104";"17";"—";"266000";"88 82 91";"5000";"Участвует в конкурсе";"1818558";"—"
"1105";"5";"—";"266000";"100 95 61";"10000";"Участвует в конкурсе";"1789371";"—"
"1106";"10";"—";"266000";"98 88 70";"10000";"Участвует в конкурсе";"1185087";"—"
"1107";"4";"—";"266000";"96 82 78";"10000";"Участвует в конкурсе";"2392704";"—"
"1108";"8";"Электронное";"266000";"93 88 75";"10000";"Участвует в конкурсе";"1726886";"—"
"1109";"7";"—";"266000";"93 82 81";"10000";"Участвует в конкурсе";"1762116";"—"
"1110";"19";"—";"266000";"93 82 81";"10000";"Участвует в конкурсе";"2130385";"—"
"1111";"20";"Электронное";"266000";"90 88 78";"10000";"Участвует в конкурсе";"1586491";"—"
"1112";"4";"Электронное";"266000";"90 88 78";"10000";"Участвует в конкурсе";"1604891";"—"
"1113";"5";"Электронное";"266000";"90 88 78";"10000";"Участвует в конкурсе";"2287864";"—"
"1114";"27";"—";"266000";"90 80 86";"10000";"Участвует в конкурсе";"2176499";"—"
"1116";"13";"—";"266000";"88 82 86";"10000";"Участвует в конкурсе";"2308855";"—"
"1117";"20";"Электронное";"266000";"88 82 86";"10000";"Участвует в конкурсе";"1472828";"—"
"1119";"6";"—";"266000";"86 92 78";"10000";"Участвует в конкурсе";"2265957";"—"
"1120";"1";"—";"266000";"85 90 81";"10000";"Участвует в конкурсе";"1979657";"—"
"1121";"6";"—";"266000";"85 88 83";"10000";"Участвует в конкурсе";"1354526";"—"
"1122";"10";"—";"266000";"85 82 89";"10000";"Участвует в конкурсе";"1849581";"—"
"1123";"21";"Электронное";"266000";"85 80 91";"10000";"Участвует в конкурсе";"1815059";"—"
"1124";"2";"—";"266000";"85 74 97";"10000";"Участвует в конкурсе";"1290929";"—"
"1125";"1";"—";"266000";"84 86 86";"10000";"Участвует в конкурсе";"1212594";"—"
"1126";"12";"—";"266000";"83 95 78";"10000";"Участвует в конкурсе";"1790806";"—"
"1127";"26";"—";"266000";"83 92 81";"10000";"Участвует в конкурсе";"2241659";"—"
"1128";"9";"Электронное";"266000";"83 84 89";"10000";"Участвует в конкурсе";"1180260";"—"
"1129";"14";"—";"266000";"83 84 89";"10000";"Участвует в конкурсе";"1483944";"—"
"1130";"4";"—";"266000";"83 84 89";"10000";"Участвует в конкурсе";"2143138";"—"
"1131";"10";"—";"266000";"83 84 89";"10000";"Участвует в конкурсе";"1897183";"—"
"1132";"10";"—";"266000";"82 88 86";"10000";"Участвует в конкурсе";"2226612";"—"
"1133";"16";"—";"266000";"80 95 81";"10000";"Участвует в конкурсе";"1790196";"—"
"1134";"8";"Электронное";"266000";"80 82 94";"10000";"Участвует в конкурсе";"1626790";"—"
"1135";"24";"—";"266000";"79 96 81";"10000";"Участвует в конкурсе";"1367119";"—"
"1136";"2";"Электронное";"266000";"77 90 89";"10000";"Участвует в конкурсе";"2409142";"—"
"1137";"3";"—";"266000";"76 94 86";"10000";"Участвует в конкурсе";"2263494";"—"
"1138";"18";"—";"266000";"75 92 89";"10000";"Участвует в конкурсе";"1164566";"—"
"1140";"2";"—";"266000";"73 97 86";"10000";"Участвует в конкурсе";"2181230";"—"
"1141";"16";"—";"265000";"100 95 70";"—";"Участвует в конкурсе";"1715917";"—"
"1142";"22";"—";"265000";"100 82 83";"—";"Участвует в конкурсе";"1261256";"—"
"1143";"17";"Электронное";"265000";"98 92 75";"—";"Участвует в конкурсе";"1584080";"—"
"1144";"5";"—";"265000";"93 86 86";"—";"Участвует в конкурсе";"1726141";"—"
"1145";"13";"—";"265000";"90 94 81";"—";"Участвует в конкурсе";"1285331";"—"
"1146";"5";"—";"265000";"90 92 83";"—";"Участвует в конкурсе";"1399086";"—"
"1147";"16";"Электронное";"265000";"90 92 83";"—";"Участвует в конкурсе";"1757100";"—"
"1148";"10";"—";"265000";"90 92 83";"—";"Участвует в конкурсе";"1963194";"—"
"1150";"8";"—";"265000";"88 96 81";"—";"Участвует в конкурсе";"1433480";"—"
"1152";"5";"—";"265000";"88 88 89";"—";"Участвует в конкурсе";"1388465";"—"
"1153";"17";"Электронное";"265000";"85 86 94";"—";"Участвует в конкурсе";"2001224";"—"
"1154";"12";"—";"265000";"83 96 86";"—";"Участвует в конкурсе";"1991624";"—"
"1155";"10";"Электронное";"265000";"80 94 91";"—";"Участвует в конкурсе";"1627450";"—"
"1156";"3";"—";"265000";"90 92 81";"2000";"Участвует в конкурсе";"1555788";"—"
"1157";"3";"—";"265000";"88 86 89";"2000";"Участвует в конкурсе";"1441778";"—"
"1160";"23";"—";"265000";"93 100 69";"3000";"Участвует в конкурсе";"2364946";"—"
"1161";"15";"—";"265000";"93 86 83";"3000";"Участвует в конкурсе";"1795861";"—"
"1162";"2";"—";"265000";"92 92 78";"3000";"Участвует в конкурсе";"2097012";"—"
"1163";"4";"—";"265000";"90 86 86";"3000";"Участвует в конкурсе";"2122267";"—"
"1164";"12";"—";"265000";"90 86 86";"3000";"Участвует в конкурсе";"1345962";"—"
"1165";"15";"—";"265000";"88 80 94";"3000";"Участвует в конкурсе";"2322159";"—"
"1166";"6";"—";"265000";"90 84 83";"8000";"Участвует в конкурсе";"1441169";"—"
"1167";"2";"—";"265000";"96 84 75";"10000";"Участвует в конкурсе";"1492822";"—"
"1169";"2";"—";"265000";"96 84 75";"10000";"Участвует в конкурсе";"1839990";"—"
"1170";"14";"—";"265000";"93 92 70";"10000";"Участвует в конкурсе";"2194272";"—"
"1172";"15";"—";"265000";"90 92 73";"10000";"Участвует в конкурсе";"1716208";"—"
"1174";"6";"Электронное";"265000";"90 84 81";"10000";"Участвует в конкурсе";"1180207";"—"
"1175";"4";"—";"265000";"90 84 81";"10000";"Участвует в конкурсе";"1839909";"—"
"1176";"7";"—";"265000";"88 94 73";"10000";"Участвует в конкурсе";"2206641";"—"
"1178";"12";"Электронное";"265000";"88 92 75";"10000";"Участвует в конкурсе";"1719104";"—"
"1179";"21";"—";"265000";"88 86 81";"10000";"Участвует в конкурсе";"1963857";"—"
"1180";"9";"Электронное";"265000";"88 86 81";"10000";"Участвует в конкурсе";"1721636";"—"
"1181";"17";"Электронное";"265000";"88 86 81";"10000";"Участвует в конкурсе";"1985895";"—"
"1182";"15";"—";"265000";"88 86 81";"10000";"Участвует в конкурсе";"1725125";"—"
"1183";"10";"—";"265000";"88 86 81";"10000";"Участвует в конкурсе";"1043248";"—"
"1184";"7";"—";"265000";"88 86 81";"10000";"Участвует в конкурсе";"2098543";"—"
"1185";"9";"Электронное";"265000";"88 84 83";"10000";"Участвует в конкурсе";"2001215";"—"
"1186";"11";"Электронное";"265000";"88 84 83";"10000";"Участвует в конкурсе";"1282013";"—"
"1187";"8";"—";"265000";"88 84 83";"10000";"Участвует в конкурсе";"1931850";"—"
"1188";"15";"—";"265000";"88 84 83";"10000";"Участвует в конкурсе";"2265096";"—"
"1189";"4";"—";"265000";"88 78 89";"10000";"Участвует в конкурсе";"1789370";"—"
"1190";"13";"—";"265000";"86 94 75";"10000";"Участвует в конкурсе";"1551735";"—"
"1191";"20";"—";"265000";"85 92 78";"10000";"Участвует в конкурсе";"2093577";"—"
"1192";"7";"—";"265000";"85 84 86";"10000";"Участвует в конкурсе";"1281392";"—"
"1193";"6";"—";"265000";"84 90 81";"10000";"Участвует в конкурсе";"1516340";"—"
"1194";"6";"Электронное";"265000";"84 90 81";"10000";"Участвует в конкурсе";"2090262";"—"
"1195";"9";"Электронное";"265000";"83 86 86";"10000";"Участвует в конкурсе";"1653287";"—"
"1196";"25";"—";"265000";"83 86 86";"10000";"Участвует в конкурсе";"2094457";"—"
"1197";"8";"—";"265000";"83 86 86";"10000";"Участвует в конкурсе";"2180737";"—"
"1198";"6";"—";"265000";"82 82 91";"10000";"Участвует в конкурсе";"2332066";"—"
"1199";"8";"—";"265000";"80 84 91";"10000";"Участвует в конкурсе";"1210348";"—"
"1200";"11";"—";"265000";"80 84 91";"10000";"Участвует в конкурсе";"1746621";"—"
"1202";"1";"Электронное";"265000";"80 78 97";"10000";"Участвует в конкурсе";"2252781";"—"
"1203";"14";"Электронное";"265000";"78 94 83";"10000";"Участвует в конкурсе";"1184519";"—"
"1204";"5";"—";"265000";"78 86 91";"10000";"Участвует в конкурсе";"1190930";"—"
"1205";"9";"—";"265000";"76 90 89";"10000";"Участвует в конкурсе";"1179008";"—"
"1206";"22";"—";"265000";"75 86 94";"10000";"Участвует в конкурсе";"2182804";"—"
"1207";"4";"—";"265000";"72 100 83";"10000";"Участвует в конкурсе";"1347940";"—"
"1208";"20";"—";"265000";"72 94 89";"10000";"Участвует в конкурсе";"1617668";"—"
"1209";"13";"—";"264000";"93 88 83";"—";"Участвует в конкурсе";"2425742";"—"
"1210";"20";"—";"264000";"90 88 86";"—";"Участвует в конкурсе";"1192974";"—"
"1212";"11";"—";"264000";"86 95 83";"—";"Участвует в конкурсе";"1354809";"—"
"1213";"20";"—";"264000";"85 88 91";"—";"Участвует в конкурсе";"1622031";"—"
"1214";"26";"—";"264000";"83 92 89";"—";"Участвует в конкурсе";"1352729";"—"
"1215";"2";"Электронное";"264000";"83 92 89";"—";"Участвует в конкурсе";"1358839";"—"
"1216";"24";"—";"264000";"98 86 78";"2000";"Участвует в конкурсе";"1698792";"—"
"1217";"6";"—";"264000";"98 88 75";"3000";"Участвует в конкурсе";"1796106";"—"
"1218";"6";"—";"264000";"96 82 83";"3000";"Участвует в конкурсе";"2006253";"—"
"1219";"10";"—";"264000";"94 78 89";"3000";"Участвует в конкурсе";"1828697";"—"
"1220";"1";"—";"264000";"88 92 81";"3000";"Участвует в конкурсе";"1182902";"—"
"1221";"10";"—";"264000";"96 88 75";"5000";"Участвует в конкурсе";"2006480";"—"
"1222";"10";"Электронное";"264000";"93 80 86";"5000";"Участвует в конкурсе";"1506687";"—"
"1223";"7";"—";"264000";"90 86 83";"5000";"Участвует в конкурсе";"1783019";"—"
"1224";"5";"—";"264000";"93 94 70";"7000";"Участвует в конкурсе";"2227582";"—"
"1225";"3";"Электронное";"264000";"83 95 78";"8000";"Участвует в конкурсе";"1848006";"—"
"1226";"6";"—";"264000";"85 84 86";"9000";"Участвует в конкурсе";"1411606";"—"
"1227";"8";"Электронное";"264000";"94 88 72";"10000";"Участвует в конкурсе";"1181382";"—"
"1229";"4";"—";"264000";"90 100 64";"10000";"Участвует в конкурсе";"1555031";"—"
"1230";"1";"—";"264000";"90 86 78";"10000";"Участвует в конкурсе";"1446044";"—"
"1231";"5";"—";"264000";"90 78 86";"10000";"Участвует в конкурсе";"2243558";"—"
"1232";"17";"Электронное";"264000";"88 94 72";"10000";"Участвует в конкурсе";"1445600";"—"
"1233";"14";"Электронное";"264000";"88 88 78";"10000";"Участвует в конкурсе";"1655125";"—"
"1234";"9";"Электронное";"264000";"88 88 78";"10000";"Участвует в конкурсе";"1436225";"—"
"1235";"24";"—";"264000";"88 80 86";"10000";"Участвует в конкурсе";"2325670";"—"
"1236";"6";"—";"264000";"85 86 83";"10000";"Участвует в конкурсе";"1562869";"—"
"1237";"8";"Электронное";"264000";"85 80 89";"10000";"Участвует в конкурсе";"1653088";"—"
"1238";"2";"—";"264000";"84 76 94";"10000";"Участвует в конкурсе";"1767963";"—"
"1239";"26";"—";"264000";"83 90 81";"10000";"Участвует в конкурсе";"965261";"—"
"1240";"30";"—";"264000";"83 82 89";"10000";"Участвует в конкурсе";"1363973";"—"
"1241";"6";"—";"264000";"83 82 89";"10000";"Участвует в конкурсе";"1957538";"—"
"1242";"17";"—";"264000";"83 80 91";"10000";"Участвует в конкурсе";"1852073";"—"
"1243";"3";"Электронное";"264000";"83 80 91";"10000";"Участвует в конкурсе";"1325842";"—"
"1244";"16";"—";"264000";"83 80 91";"10000";"Участвует в конкурсе";"1986263";"—"
"1246";"4";"Электронное";"264000";"80 88 86";"10000";"Участвует в конкурсе";"1905219";"—"
"1247";"6";"—";"264000";"78 90 86";"10000";"Участвует в конкурсе";"1614883";"—"
"1250";"1";"—";"264000";"72 82 100";"10000";"Участвует в конкурсе";"1260579";"—"
"1251";"11";"Электронное";"263000";"98 82 83";"—";"Участвует в конкурсе";"1413445";"—"
"1252";"3";"—";"263000";"95 82 86";"—";"Участвует в конкурсе";"1573596";"—"
"1253";"7";"—";"263000";"93 100 70";"—";"Участвует в конкурсе";"1976077";"—"
"1254";"10";"—";"263000";"93 92 78";"—";"Участвует в конкурсе";"1153485";"—"
"1255";"5";"—";"263000";"90 84 89";"—";"Участвует в конкурсе";"1237757";"—"
"1256";"22";"—";"263000";"90 84 89";"—";"Участвует в конкурсе";"1517180";"—"
"1257";"22";"Электронное";"263000";"90 84 89";"—";"Участвует в конкурсе";"1859160";"—"
"1259";"12";"—";"263000";"88 97 78";"—";"Участвует в конкурсе";"2158023";"—"
"1260";"15";"—";"263000";"88 94 81";"—";"Участвует в конкурсе";"2309959";"—"
"1261";"3";"Электронное";"263000";"88 86 89";"—";"Участвует в конкурсе";"1238750";"—"
"1263";"21";"—";"263000";"88 84 91";"—";"Участвует в конкурсе";"2090660";"—"
"1264";"6";"Электронное";"263000";"84 90 89";"—";"Участвует в конкурсе";"2100582";"—"
"1266";"12";"—";"263000";"83 84 94";"2000";"Участвует в конкурсе";"1251594";"—"
"1267";"2";"Электронное";"263000";"83 84 94";"2000";"Участвует в конкурсе";"1305397";"—"
"1268";"11";"—";"263000";"80 92 89";"2000";"Участвует в конкурсе";"1308311";"—"
"1269";"3";"Электронное";"263000";"94 94 72";"3000";"Участвует в конкурсе";"1076305";"—"
"1270";"5";"—";"263000";"94 88 78";"3000";"Участвует в конкурсе";"2229584";"—"
"1271";"2";"—";"263000";"93 86 81";"3000";"Участвует в конкурсе";"1578097";"—"
"1272";"5";"—";"263000";"92 90 78";"3000";"Участвует в конкурсе";"2260502";"—"
"1273";"30";"Электронное";"263000";"90 84 86";"3000";"Участвует в конкурсе";"1833608";"—"
"1274";"14";"—";"263000";"88 86 86";"3000";"Участвует в конкурсе";"2140317";"—"
"1275";"3";"—";"263000";"86 80 94";"3000";"Участвует в конкурсе";"1456691";"—"
"1276";"22";"—";"263000";"83 88 89";"3000";"Участвует в конкурсе";"1192437";"—"
"1277";"2";"—";"263000";"78 86 94";"5000";"Участвует в конкурсе";"2257686";"—"
"1278";"12";"—";"263000";"100 86 70";"7000";"Участвует в конкурсе";"2207179";"—"
"1279";"6";"—";"263000";"85 90 81";"7000";"Участвует в конкурсе";"1994451";"—"
"1281";"8";"Электронное";"263000";"88 84 83";"8000";"Участвует в конкурсе";"1180083";"—"
"1282";"10";"Электронное";"263000";"95 86 72";"10000";"Участвует в конкурсе";"1993814";"—"
"1283";"5";"Электронное";"263000";"94 76 83";"10000";"Участвует в конкурсе";"1622941";"—"
"1284";"2";"Электронное";"263000";"93 82 78";"10000";"Участвует в конкурсе";"1340963";"—"
"1285";"3";"—";"263000";"90 90 73";"10000";"Участвует в конкурсе";"1790933";"—"
"1286";"11";"—";"263000";"90 82 81";"10000";"Участвует в конкурсе";"1725531";"—"
"1288";"10";"—";"263000";"90 82 81";"10000";"Участвует в конкурсе";"2274455";"—"
"1289";"18";"—";"263000";"90 82 81";"10000";"Участвует в конкурсе";"2228044";"—"
"1290";"7";"—";"263000";"90 80 83";"10000";"Участвует в конкурсе";"1187740";"—"
"1291";"4";"—";"263000";"90 80 83";"10000";"Участвует в конкурсе";"1617184";"—"
"1293";"2";"—";"263000";"88 84 81";"10000";"Участвует в конкурсе";"1312078";"—"
"1294";"4";"—";"263000";"88 84 81";"10000";"Участвует в конкурсе";"1355547";"—"
"1295";"2";"Электронное";"263000";"88 84 81";"10000";"Участвует в конкурсе";"1878614";"—"
"1296";"21";"—";"263000";"88 84 81";"10000";"Участвует в конкурсе";"2273883";"—"
"1297";"8";"—";"263000";"88 82 83";"10000";"Участвует в конкурсе";"1608744";"—"
"1298";"2";"Электронное";"263000";"88 82 83";"10000";"Участвует в конкурсе";"1784503";"—"
"1299";"9";"—";"263000";"88 82 83";"10000";"Участвует в конкурсе";"1984308";"—"
"1300";"4";"Электронное";"263000";"88 82 83";"10000";"Участвует в конкурсе";"1794831";"—"
"1301";"6";"—";"263000";"88 82 83";"10000";"Участвует в конкурсе";"1571028";"—"
"1302";"11";"—";"263000";"88 82 83";"10000";"Участвует в конкурсе";"1609025";"—"
"1303";"2";"—";"263000";"88 74 91";"10000";"Участвует в конкурсе";"2216924";"—"
"1306";"3";"—";"263000";"85 95 73";"10000";"Участвует в конкурсе";"2244249";"—"
"1307";"7";"—";"263000";"85 90 78";"10000";"Участвует в конкурсе";"1262237";"—"
"1308";"3";"—";"263000";"85 90 78";"10000";"Участвует в конкурсе";"1241208";"—"
"1309";"8";"Электронное";"263000";"85 82 86";"10000";"Участвует в конкурсе";"1581754";"—"
"1311";"1";"—";"263000";"85 82 86";"10000";"Участвует в конкурсе";"1258665";"—"
"1312";"18";"—";"263000";"85 82 86";"10000";"Участвует в конкурсе";"2080656";"—"
"1313";"17";"—";"263000";"85 82 86";"10000";"Участвует в конкурсе";"1255326";"—"
"1314";"1";"—";"263000";"85 74 94";"10000";"Участвует в конкурсе";"2258937";"—"
"1315";"2";"Электронное";"263000";"83 97 73";"10000";"Участвует в конкурсе";"1727764";"—"
"1316";"23";"—";"263000";"83 95 75";"10000";"Участвует в конкурсе";"1370223";"—"
"1317";"22";"—";"263000";"83 84 86";"10000";"Участвует в конкурсе";"1249017";"—"
"1318";"12";"—";"263000";"83 84 86";"10000";"Участвует в конкурсе";"1612363";"—"
"1319";"22";"Электронное";"263000";"82 82 89";"10000";"Участвует в конкурсе";"2261598";"—"
"1320";"24";"Электронное";"263000";"80 95 78";"10000";"Участвует в конкурсе";"1519238";"—"
"1321";"4";"—";"263000";"80 95 78";"10000";"Участвует в конкурсе";"2268017";"—"
"1322";"21";"—";"263000";"80 84 89";"10000";"Участвует в конкурсе";"2236605";"—"
"1323";"2";"Электронное";"263000";"80 84 89";"10000";"Участвует в конкурсе";"2100692";"—"
"1324";"7";"—";"263000";"80 82 91";"10000";"Участвует в конкурсе";"1353257";"—"
"1325";"23";"—";"263000";"80 82 91";"10000";"Участвует в конкурсе";"2388910";"—"
"1326";"5";"—";"263000";"80 76 97";"10000";"Участвует в конкурсе";"2273382";"—"
"1327";"12";"Электронное";"263000";"75 97 81";"10000";"Участвует в конкурсе";"2142251";"—"
"1328";"4";"Электронное";"263000";"75 84 94";"10000";"Участвует в конкурсе";"2124123";"—"
"1329";"9";"—";"262000";"95 94 73";"—";"Участвует в конкурсе";"2098508";"—"
"1330";"21";"Электронное";"262000";"93 94 75";"—";"Участвует в конкурсе";"2077563";"—"
"1331";"7";"—";"262000";"92 92 78";"—";"Участвует в конкурсе";"1899407";"—"
"1332";"4";"—";"262000";"90 86 86";"—";"Участвует в конкурсе";"1409754";"—"
"1333";"17";"Электронное";"262000";"90 86 86";"—";"Участвует в конкурсе";"1719830";"—"
"1334";"8";"Электронное";"262000";"90 86 86";"—";"Участвует в конкурсе";"1264484";"—"
"1336";"6";"—";"262000";"88 96 78";"—";"Участвует в конкурсе";"1096352";"—"
"1337";"20";"—";"262000";"88 88 86";"—";"Участвует в конкурсе";"1720283";"—"
"1338";"16";"—";"262000";"85 96 81";"—";"Участвует в конкурсе";"2133229";"—"
"1339";"18";"—";"262000";"85 88 89";"—";"Участвует в конкурсе";"1821642";"—"
"1341";"9";"—";"262000";"83 88 91";"—";"Участвует в конкурсе";"2288046";"—"
"1343";"13";"Электронное";"262000";"98 84 78";"2000";"Участвует в конкурсе";"2251727";"—"
"1344";"4";"Электронное";"262000";"93 92 75";"2000";"Участвует в конкурсе";"1800777";"—"
"1345";"18";"—";"262000";"88 86 86";"2000";"Участвует в конкурсе";"1353018";"—"
"1346";"10";"—";"262000";"100 86 73";"3000";"Участвует в конкурсе";"1885834";"—"
"1348";"2";"—";"262000";"92 86 81";"3000";"Участвует в конкурсе";"1418715";"—"
"1349";"14";"Электронное";"262000";"90 97 72";"3000";"Участвует в конкурсе";"1949747";"—"
"1350";"8";"—";"262000";"88 90 81";"3000";"Участвует в конкурсе";"1478160";"—"
"1351";"16";"—";"262000";"88 90 81";"3000";"Участвует в конкурсе";"1428138";"—"
"1352";"17";"—";"262000";"88 82 89";"3000";"Участвует в конкурсе";"1960824";"—"
"1353";"11";"—";"262000";"83 95 81";"3000";"Участвует в конкурсе";"1848919";"—"
"1354";"14";"—";"262000";"83 90 86";"3000";"Участвует в конкурсе";"1316344";"—"
"1355";"13";"Электронное";"262000";"93 92 72";"5000";"Участвует в конкурсе";"1832018";"—"
"1356";"12";"—";"262000";"90 92 75";"5000";"Участвует в конкурсе";"2246202";"—"
"1357";"5";"Электронное";"262000";"95 82 75";"10000";"Участвует в конкурсе";"1687874";"—"
"1358";"3";"—";"262000";"94 88 70";"10000";"Участвует в конкурсе";"1429293";"—"
"1359";"18";"—";"262000";"93 86 73";"10000";"Участвует в конкурсе";"2000615";"—"
"1360";"28";"Электронное";"262000";"93 78 81";"10000";"Участвует в конкурсе";"1619899";"—"
"1361";"13";"Электронное";"262000";"90 84 78";"10000";"Участвует в конкурсе";"2157087";"—"
"1362";"11";"—";"262000";"90 76 86";"10000";"Участвует в конкурсе";"1779507";"—"
"1363";"24";"—";"262000";"88 94 70";"10000";"Участвует в конкурсе";"1777413";"—"
"1364";"3";"—";"262000";"88 78 86";"10000";"Участвует в конкурсе";"1299049";"—"
"1365";"3";"—";"262000";"88 78 86";"10000";"Участвует в конкурсе";"1552530";"—"
"1366";"20";"—";"262000";"88 78 86";"10000";"Участвует в конкурсе";"1684713";"—"
"1367";"11";"—";"262000";"86 80 86";"10000";"Участвует в конкурсе";"1902232";"—"
"1368";"28";"—";"262000";"85 94 73";"10000";"Участвует в конкурсе";"1332494";"—"
"1369";"18";"—";"262000";"85 92 75";"10000";"Участвует в конкурсе";"2006324";"—"
"1370";"11";"—";"262000";"85 92 75";"10000";"Участвует в конкурсе";"1107821";"—"
"1371";"15";"Электронное";"262000";"85 86 81";"10000";"Участвует в конкурсе";"1629297";"—"
"1372";"5";"Электронное";"262000";"85 86 81";"10000";"Участвует в конкурсе";"2043242";"—"
"1373";"21";"—";"262000";"85 86 81";"10000";"Участвует в конкурсе";"2226913";"—"
"1374";"22";"—";"262000";"85 86 81";"10000";"Участвует в конкурсе";"1206914";"—"
"1375";"4";"—";"262000";"85 84 83";"10000";"Участвует в конкурсе";"1616690";"—"
"1376";"14";"Электронное";"262000";"85 78 89";"10000";"Участвует в конкурсе";"1985698";"—"
"1377";"3";"—";"262000";"85 76 91";"10000";"Участвует в конкурсе";"1666241";"—"
"1378";"15";"Электронное";"262000";"83 88 81";"10000";"Участвует в конкурсе";"1997022";"—"
"1379";"26";"—";"262000";"83 86 83";"10000";"Участвует в конкурсе";"2078487";"—"
"1381";"28";"—";"262000";"83 78 91";"10000";"Участвует в конкурсе";"2221902";"—"
"1382";"21";"—";"262000";"78 88 86";"10000";"Участвует в конкурсе";"2238459";"—"
"1383";"3";"—";"262000";"78 88 86";"10000";"Участвует в конкурсе";"2199039";"—"
"1384";"10";"—";"262000";"78 88 86";"10000";"Участвует в конкурсе";"1288623";"—"
"1385";"10";"—";"262000";"78 80 94";"10000";"Участвует в конкурсе";"1846179";"—"
"1386";"16";"—";"262000";"77 86 89";"10000";"Участвует в конкурсе";"2217995";"—"
"1387";"9";"—";"262000";"77 84 91";"10000";"Участвует в конкурсе";"2315089";"—"
"1390";"4";"—";"262000";"65 90 97";"10000";"Участвует в конкурсе";"1853635";"—"
"1391";"9";"Электронное";"261000";"100 78 83";"—";"Участвует в конкурсе";"1994364";"—"
"1393";"5";"—";"261000";"98 82 81";"—";"Участвует в конкурсе";"2371059";"—"
"1394";"25";"Электронное";"261000";"95 94 72";"—";"Участвует в конкурсе";"2048069";"—"
"1396";"2";"Электронное";"261000";"94 92 75";"—";"Участвует в конкурсе";"1641405";"—"
"1397";"6";"—";"261000";"94 86 81";"—";"Участвует в конкурсе";"1328447";"—"
"1398";"11";"—";"261000";"92 86 83";"—";"Участвует в конкурсе";"1788220";"—"
"1400";"4";"—";"261000";"90 88 83";"—";"Участвует в конкурсе";"1493372";"—"
"1401";"1";"Электронное";"261000";"90 80 91";"—";"Участвует в конкурсе";"2116434";"—"
"1402";"3";"—";"261000";"85 95 81";"—";"Участвует в конкурсе";"1648458";"—"
"1403";"3";"Электронное";"261000";"80 95 86";"—";"Участвует в конкурсе";"2057945";"—"
"1404";"20";"—";"261000";"78 86 97";"—";"Участвует в конкурсе";"1367168";"—"
"1405";"15";"—";"261000";"78 86 97";"—";"Участвует в конкурсе";"2415504";"—"
"1406";"12";"Электронное";"261000";"93 88 78";"2000";"Участвует в конкурсе";"2331204";"—"
"1407";"7";"—";"261000";"78 92 89";"2000";"Участвует в конкурсе";"1856516";"—"
"1408";"9";"—";"261000";"96 90 72";"3000";"Участвует в конкурсе";"1322905";"—"
"1409";"10";"—";"261000";"86 86 86";"3000";"Участвует в конкурсе";"1828663";"—"
"1410";"8";"—";"261000";"83 86 89";"3000";"Участвует в конкурсе";"2391814";"—"
"1411";"1";"—";"261000";"88 78 89";"6000";"Участвует в конкурсе";"1728127";"—"
"1412";"18";"Электронное";"261000";"90 82 81";"8000";"Участвует в конкурсе";"1619145";"—"
"1413";"5";"—";"261000";"76 86 91";"8000";"Участвует в конкурсе";"1330030";"—"
"1414";"7";"—";"261000";"93 84 75";"9000";"Участвует в конкурсе";"1784081";"—"
"1416";"7";"—";"261000";"96 80 75";"10000";"Участвует в конкурсе";"2334410";"—"
"1417";"13";"—";"261000";"93 86 72";"10000";"Участвует в конкурсе";"1396946";"—"
"1418";"18";"Электронное";"261000";"90 80 81";"10000";"Участвует в конкурсе";"1493498";"—"
"1420";"19";"Электронное";"261000";"88 82 81";"10000";"Участвует в конкурсе";"1985095";"—"
"1421";"21";"—";"261000";"88 80 83";"10000";"Участвует в конкурсе";"1736374";"—"
"1422";"4";"—";"261000";"88 80 83";"10000";"Участвует в конкурсе";"1279751";"—"
"1424";"1";"—";"261000";"88 72 91";"10000";"Участвует в конкурсе";"1643367";"—"
"1425";"7";"—";"261000";"86 92 73";"10000";"Участвует в конкурсе";"2425235";"—"
"1426";"5";"—";"261000";"86 82 83";"10000";"Участвует в конкурсе";"1611788";"—"
"1427";"8";"—";"261000";"85 88 78";"10000";"Участвует в конкурсе";"2269655";"—"
"1428";"25";"Электронное";"261000";"85 80 86";"10000";"Участвует в конкурсе";"1509700";"—"
"1429";"1";"—";"261000";"85 80 86";"10000";"Участвует в конкурсе";"1962620";"—"
"1430";"10";"Электронное";"261000";"85 80 86";"10000";"Участвует в конкурсе";"1983930";"—"
"1431";"10";"Электронное";"261000";"85 80 86";"10000";"Участвует в конкурсе";"2116175";"—"
"1432";"28";"Электронное";"261000";"85 80 86";"10000";"Участвует в конкурсе";"2251282";"—"
"1433";"12";"—";"261000";"84 84 83";"10000";"Участвует в конкурсе";"1461128";"—"
"1435";"9";"Электронное";"261000";"84 78 89";"10000";"Участвует в конкурсе";"2129676";"—"
"1436";"7";"—";"261000";"84 76 91";"10000";"Участвует в конкурсе";"1824078";"—"
"1437";"7";"—";"261000";"83 90 78";"10000";"Участвует в конкурсе";"1504852";"—"
"1438";"9";"—";"261000";"83 82 86";"10000";"Участвует в конкурсе";"2250762";"—"
"1439";"13";"—";"261000";"83 82 86";"10000";"Участвует в конкурсе";"2309849";"—"
"1440";"3";"Электронное";"261000";"82 80 89";"10000";"Участвует в конкурсе";"1488703";"—"
"1441";"14";"—";"261000";"80 90 81";"10000";"Участвует в конкурсе";"1702133";"—"
"1442";"4";"—";"261000";"80 88 83";"10000";"Участвует в конкурсе";"1491389";"—"
"1443";"3";"—";"261000";"80 88 83";"10000";"Участвует в конкурсе";"1363123";"—"
"1444";"1";"—";"261000";"80 88 83";"10000";"Участвует в конкурсе";"1799796";"—"
"1445";"8";"Электронное";"261000";"80 88 83";"10000";"Участвует в конкурсе";"1189014";"—"
"1446";"6";"—";"261000";"80 82 89";"10000";"Участвует в конкурсе";"1215723";"—"
"1447";"18";"—";"261000";"80 82 89";"10000";"Участвует в конкурсе";"2297289";"—"
"1448";"19";"—";"261000";"80 80 91";"10000";"Участвует в конкурсе";"1998829";"—"
"1449";"7";"—";"261000";"80 80 91";"10000";"Участвует в конкурсе";"2068635";"—"
"1450";"2";"—";"261000";"80 80 91";"10000";"Участвует в конкурсе";"1338807";"—"
"1451";"7";"—";"261000";"78 90 83";"10000";"Участвует в конкурсе";"1560577";"—"
"1452";"13";"Электронное";"261000";"78 90 83";"10000";"Участвует в конкурсе";"1508309";"—"
"1453";"16";"Электронное";"261000";"78 84 89";"10000";"Участвует в конкурсе";"1955853";"—"
"1454";"17";"—";"261000";"78 82 91";"10000";"Участвует в конкурсе";"1417969";"—"
"1455";"8";"Электронное";"261000";"77 88 86";"10000";"Участвует в конкурсе";"2254089";"—"
"1456";"12";"—";"261000";"76 86 89";"10000";"Участвует в конкурсе";"1440754";"—"
"1457";"3";"—";"261000";"70 84 97";"10000";"Участвует в конкурсе";"1265230";"—"
"1458";"2";"—";"260000";"98 84 78";"—";"Участвует в конкурсе";"1613527";"—"
"1460";"11";"—";"260000";"96 92 72";"—";"Участвует в конкурсе";"2253690";"—"
"1461";"17";"Электронное";"260000";"95 84 81";"—";"Участвует в конкурсе";"2171667";"—"
"1462";"2";"—";"260000";"93 94 73";"—";"Участвует в конкурсе";"1700794";"—"
"1463";"5";"—";"260000";"93 86 81";"—";"Участвует в конкурсе";"1232484";"—"
"1464";"24";"—";"260000";"93 84 83";"—";"Участвует в конкурсе";"1365312";"—"
"1466";"1";"—";"260000";"90 84 86";"—";"Участвует в конкурсе";"1650993";"—"
"1467";"16";"—";"260000";"88 97 75";"—";"Участвует в конкурсе";"1367390";"—"
"1468";"15";"Электронное";"260000";"88 86 86";"—";"Участвует в конкурсе";"2203569";"—"
"1469";"5";"—";"260000";"86 88 86";"—";"Участвует в конкурсе";"1246295";"—"
"1470";"1";"—";"260000";"85 86 89";"—";"Участвует в конкурсе";"1340399";"—"
"1471";"2";"—";"260000";"85 86 89";"—";"Участвует в конкурсе";"2088091";"—"
"1472";"3";"—";"260000";"85 84 91";"—";"Участвует в конкурсе";"1557765";"—"
"1473";"4";"Электронное";"260000";"85 84 91";"—";"Участвует в конкурсе";"1023205";"—"
"1475";"7";"—";"260000";"83 88 89";"—";"Участвует в конкурсе";"1383935";"—"
"1476";"11";"Электронное";"260000";"80 94 86";"—";"Участвует в конкурсе";"1421460";"—"
"1477";"12";"Электронное";"260000";"78 88 94";"—";"Участвует в конкурсе";"1879959";"—"
"1478";"19";"—";"260000";"95 80 83";"2000";"Участвует в конкурсе";"2229399";"—"
"1479";"2";"—";"260000";"90 96 72";"2000";"Участвует в конкурсе";"1212740";"—"
"1480";"18";"—";"260000";"88 92 78";"2000";"Участвует в конкурсе";"1860556";"—"
"1481";"21";"—";"260000";"95 90 72";"3000";"Участвует в конкурсе";"1445933";"—"
"1482";"4";"—";"260000";"92 84 81";"3000";"Участвует в конкурсе";"1853866";"—"
"1483";"4";"Электронное";"260000";"92 82 83";"3000";"Участвует в конкурсе";"1715517";"—"
"1484";"27";"—";"260000";"90 95 72";"3000";"Участвует в конкурсе";"1894549";"—"
"1485";"1";"—";"260000";"90 86 81";"3000";"Участвует в конкурсе";"1268217";"—"
"1486";"12";"Электронное";"260000";"90 84 83";"3000";"Участвует в конкурсе";"2187145";"—"
"1487";"4";"—";"260000";"88 94 75";"3000";"Участвует в конкурсе";"1908324";"—"
"1488";"5";"Электронное";"260000";"88 88 81";"3000";"Участвует в конкурсе";"1949624";"—"
"1489";"21";"—";"260000";"88 80 89";"3000";"Участвует в конкурсе";"1693515";"—"
"1490";"6";"—";"260000";"80 92 83";"5000";"Участвует в конкурсе";"1235082";"—"
"1491";"2";"—";"260000";"72 94 89";"5000";"Участвует в конкурсе";"2047526";"—"
"1492";"2";"—";"260000";"85 94 75";"6000";"Участвует в конкурсе";"2042631";"—"
"1493";"8";"Электронное";"260000";"85 86 81";"8000";"Участвует в конкурсе";"2052942";"—"
"1494";"7";"Электронное";"260000";"79 84 89";"8000";"Участвует в конкурсе";"1900781";"—"
"1495";"9";"—";"260000";"100 78 72";"10000";"Участвует в конкурсе";"1175957";"—"
"1496";"15";"—";"260000";"93 76 81";"10000";"Участвует в конкурсе";"1825794";"—"
"1497";"5";"—";"260000";"92 88 70";"10000";"Участвует в конкурсе";"1571041";"—"
"1498";"21";"—";"260000";"90 90 70";"10000";"Участвует в конкурсе";"1208019";"—"
"1499";"17";"Электронное";"260000";"90 88 72";"10000";"Участвует в конкурсе";"2271395";"—"
"1500";"9";"—";"260000";"90 82 78";"10000";"Участвует в конкурсе";"1915483";"—"
"1501";"4";"—";"260000";"88 84 78";"10000";"Участвует в конкурсе";"1391925";"—"
"1502";"16";"—";"260000";"88 84 78";"10000";"Участвует в конкурсе";"1615943";"—"
"1503";"26";"—";"260000";"88 84 78";"10000";"Участвует в конкурсе";"1878896";"—"
"1504";"1";"—";"260000";"86 78 86";"10000";"Участвует в конкурсе";"1984349";"—"
"1505";"7";"—";"260000";"85 95 70";"10000";"Участвует в конкурсе";"1680671";"—"
"1506";"10";"—";"260000";"85 90 75";"10000";"Участвует в конкурсе";"1882807";"—"
"1507";"5";"—";"260000";"85 84 81";"10000";"Участвует в конкурсе";"1583761";"—"
"1508";"12";"—";"260000";"85 84 81";"10000";"Участвует в конкурсе";"2230026";"—"
"1510";"4";"—";"260000";"85 74 91";"10000";"Участвует в конкурсе";"1348748";"—"
"1511";"20";"—";"260000";"83 94 73";"10000";"Участвует в конкурсе";"1446000";"—"
"1512";"3";"Электронное";"260000";"83 86 81";"10000";"Участвует в конкурсе";"2204361";"—"
"1513";"9";"—";"260000";"83 86 81";"10000";"Участвует в конкурсе";"1653454";"—"
"1514";"12";"—";"260000";"83 86 81";"10000";"Участвует в конкурсе";"1364740";"—"
"1515";"21";"—";"260000";"83 84 83";"10000";"Участвует в конкурсе";"1708692";"—"
"1516";"2";"—";"260000";"83 78 89";"10000";"Участвует в конкурсе";"1276943";"—"
"1517";"2";"—";"260000";"80 100 70";"10000";"Участвует в конкурсе";"1235413";"—"
"1518";"4";"—";"260000";"80 100 70";"10000";"Участвует в конкурсе";"1953260";"—"
"1519";"8";"—";"260000";"80 92 78";"10000";"Участвует в конкурсе";"1729061";"—"
"1521";"6";"—";"260000";"80 84 86";"10000";"Участвует в конкурсе";"1655677";"—"
"1522";"8";"—";"260000";"80 84 86";"10000";"Участвует в конкурсе";"1638210";"—"
"1523";"3";"—";"260000";"80 84 86";"10000";"Участвует в конкурсе";"1346717";"—"
"1524";"17";"—";"260000";"80 84 86";"10000";"Участвует в конкурсе";"1467669";"—"
"1525";"27";"—";"260000";"80 84 86";"10000";"Участвует в конкурсе";"1877644";"—"
"1526";"1";"—";"260000";"80 80 90";"10000";"Участвует в конкурсе";"938617";"—"
"1527";"16";"—";"260000";"79 82 89";"10000";"Участвует в конкурсе";"2003355";"—"
"1529";"5";"Электронное";"260000";"78 94 78";"10000";"Участвует в конкурсе";"1731570";"—"
"1530";"13";"—";"259000";"98 88 73";"—";"Участвует в конкурсе";"1583020";"—"
"1531";"8";"Электронное";"259000";"95 94 70";"—";"Участвует в конкурсе";"1384544";"—"
"1532";"6";"—";"259000";"94 82 83";"—";"Участвует в конкурсе";"2036704";"—"
"1533";"15";"—";"259000";"93 88 78";"—";"Участвует в конкурсе";"2231091";"—"
"1534";"8";"—";"259000";"93 88 78";"—";"Участвует в конкурсе";"2218292";"—"
"1535";"13";"—";"259000";"93 80 86";"—";"Участвует в конкурсе";"1999350";"—"
"1537";"9";"Электронное";"259000";"90 86 83";"—";"Участвует в конкурсе";"1775165";"—"
"1538";"9";"—";"259000";"90 86 83";"—";"Участвует в конкурсе";"1390829";"—"
"1539";"6";"—";"259000";"90 80 89";"—";"Участвует в конкурсе";"1779146";"—"
"1540";"1";"Электронное";"259000";"90 80 89";"—";"Участвует в конкурсе";"1675569";"—"
"1541";"28";"Электронное";"259000";"88 88 83";"—";"Участвует в конкурсе";"2345531";"—"
"1542";"25";"—";"259000";"88 88 83";"—";"Участвует в конкурсе";"1182784";"—"
"1544";"26";"—";"259000";"88 82 89";"—";"Участвует в конкурсе";"1600345";"—"
"1545";"4";"Электронное";"259000";"88 82 89";"—";"Участвует в конкурсе";"2056464";"—"
"1546";"16";"Электронное";"259000";"85 88 86";"—";"Участвует в конкурсе";"1114675";"—"
"1547";"14";"Электронное";"259000";"85 88 86";"—";"Участвует в конкурсе";"1181867";"—"
"1548";"11";"Электронное";"259000";"85 88 86";"—";"Участвует в конкурсе";"1712514";"—"
"1549";"11";"—";"259000";"85 88 86";"—";"Участвует в конкурсе";"1853077";"—"
"1550";"1";"Электронное";"259000";"85 88 86";"—";"Участвует в конкурсе";"1824102";"—"
"1551";"23";"—";"259000";"83 90 86";"—";"Участвует в конкурсе";"1324071";"—"
"1552";"6";"—";"259000";"83 90 86";"—";"Участвует в конкурсе";"1690637";"—"
"1554";"29";"—";"259000";"80 88 91";"—";"Участвует в конкурсе";"2049221";"—"
"1555";"12";"—";"259000";"90 84 83";"2000";"Участвует в конкурсе";"1048743";"—"
"1557";"3";"—";"259000";"96 90 70";"3000";"Участвует в конкурсе";"1690665";"—"
"1558";"9";"Электронное";"259000";"90 96 70";"3000";"Участвует в конкурсе";"2344741";"—"
"1559";"11";"Электронное";"259000";"88 95 73";"3000";"Участвует в конкурсе";"1694640";"—"
"1560";"4";"—";"259000";"88 82 86";"3000";"Участвует в конкурсе";"1619340";"—"
"1561";"14";"Электронное";"259000";"86 97 73";"3000";"Участвует в конкурсе";"2071585";"—"
"1562";"21";"Электронное";"259000";"85 88 83";"3000";"Участвует в конкурсе";"1620720";"—"
"1563";"24";"—";"259000";"85 88 83";"3000";"Участвует в конкурсе";"1687492";"—"
"1564";"29";"—";"259000";"85 82 89";"3000";"Участвует в конкурсе";"2269306";"—"
"1565";"9";"—";"259000";"85 80 91";"3000";"Участвует в конкурсе";"1199970";"—"
"1566";"6";"—";"259000";"83 84 89";"3000";"Участвует в конкурсе";"1624905";"—"
"1567";"8";"—";"259000";"83 82 91";"3000";"Участвует в конкурсе";"1621523";"—"
"1568";"24";"—";"259000";"95 84 75";"5000";"Участвует в конкурсе";"2143384";"—"
"1569";"3";"—";"259000";"94 82 78";"5000";"Участвует в конкурсе";"1242987";"—"
"1570";"17";"Электронное";"259000";"90 95 69";"5000";"Участвует в конкурсе";"1988229";"—"
"1571";"5";"Электронное";"259000";"83 90 78";"8000";"Участвует в конкурсе";"1860268";"—"
"1572";"6";"—";"259000";"83 82 86";"8000";"Участвует в конкурсе";"982550";"—"
"1573";"7";"—";"259000";"95 82 72";"10000";"Участвует в конкурсе";"2256485";"—"
"1574";"11";"—";"259000";"95 76 78";"10000";"Участвует в конкурсе";"1004569";"—"
"1576";"22";"Электронное";"259000";"93 86 70";"10000";"Участвует в конкурсе";"1212933";"—"
"1577";"18";"—";"259000";"93 84 72";"10000";"Участвует в конкурсе";"1858860";"—"
"1578";"11";"—";"259000";"92 82 75";"10000";"Участвует в конкурсе";"1385601";"—"
"1579";"4";"—";"259000";"90 84 75";"10000";"Участвует в конкурсе";"1650569";"—"
"1582";"7";"—";"259000";"90 76 83";"10000";"Участвует в конкурсе";"1937843";"—"
"1583";"8";"—";"259000";"88 92 69";"10000";"Участвует в конкурсе";"2001761";"—"
"1585";"4";"—";"259000";"88 86 75";"10000";"Участвует в конкурсе";"1309590";"—"
"1587";"20";"Электронное";"259000";"86 82 81";"10000";"Участвует в конкурсе";"2288995";"—"
"1588";"3";"—";"259000";"86 82 81";"10000";"Участвует в конкурсе";"1493888";"—"
"1589";"2";"—";"259000";"86 82 81";"10000";"Участвует в конкурсе";"1957464";"—"
"1590";"7";"—";"259000";"86 74 89";"10000";"Участвует в конкурсе";"1585530";"—"
"1591";"15";"—";"259000";"85 92 72";"10000";"Участвует в конкурсе";"1284125";"—"
"1592";"22";"—";"259000";"85 86 78";"10000";"Участвует в конкурсе";"1818675";"—"
"1593";"9";"—";"259000";"84 90 75";"10000";"Участвует в конкурсе";"1387252";"—"
"1594";"6";"—";"259000";"84 90 75";"10000";"Участвует в конкурсе";"2139704";"—"
"1595";"9";"—";"259000";"84 84 81";"10000";"Участвует в конкурсе";"2225734";"—"
"1596";"5";"—";"259000";"84 82 83";"10000";"Участвует в конкурсе";"1169994";"—"
"1597";"11";"—";"259000";"84 82 83";"10000";"Участвует в конкурсе";"2002719";"—"
"1598";"9";"—";"259000";"83 88 78";"10000";"Участвует в конкурсе";"1616589";"—"
"1599";"1";"—";"259000";"83 88 78";"10000";"Участвует в конкурсе";"1913896";"—"
"1600";"5";"Электронное";"259000";"83 88 78";"10000";"Участвует в конкурсе";"938384";"—"
"1601";"11";"—";"259000";"82 86 81";"10000";"Участвует в конкурсе";"1766231";"—"
"1602";"4";"—";"259000";"82 84 83";"10000";"Участвует в конкурсе";"2006949";"—"
"1603";"7";"—";"259000";"82 84 83";"10000";"Участвует в конкурсе";"2053556";"—"
"1604";"1";"—";"259000";"80 86 83";"10000";"Участвует в конкурсе";"1244605";"—"
"1605";"1";"—";"259000";"80 86 83";"10000";"Участвует в конкурсе";"1259912";"—"
"1606";"11";"Электронное";"259000";"80 78 91";"10000";"Участвует в конкурсе";"1726973";"—"
"1607";"14";"—";"259000";"78 82 89";"10000";"Участвует в конкурсе";"2180578";"—"
"1608";"6";"—";"259000";"78 74 97";"10000";"Участвует в конкурсе";"1839828";"—"
"1609";"13";"—";"259000";"75 80 94";"10000";"Участвует в конкурсе";"1349503";"—"
"1610";"17";"—";"259000";"75 80 94";"10000";"Участвует в конкурсе";"2228328";"—"
"1612";"5";"—";"258000";"98 82 78";"—";"Участвует в конкурсе";"1859082";"—"
"1613";"5";"—";"258000";"96 92 70";"—";"Участвует в конкурсе";"2178841";"—"
"1614";"5";"Электронное";"258000";"95 82 81";"—";"Участвует в конкурсе";"2184577";"—"
"1617";"10";"—";"258000";"93 92 73";"—";"Участвует в конкурсе";"1367590";"—"
"1618";"17";"—";"258000";"93 90 75";"—";"Участвует в конкурсе";"2358441";"—"
"1619";"10";"—";"258000";"92 96 70";"—";"Участвует в конкурсе";"2086817";"—"
"1620";"6";"—";"258000";"92 88 78";"—";"Участвует в конкурсе";"2269813";"—"
"1621";"2";"Электронное";"258000";"92 88 78";"—";"Участвует в конкурсе";"2380945";"—"
"1622";"13";"Электронное";"258000";"90 96 72";"—";"Участвует в конкурсе";"1646481";"—"
"1623";"23";"Электронное";"258000";"90 82 86";"—";"Участвует в конкурсе";"984727";"—"
"1624";"13";"—";"258000";"88 92 78";"—";"Участвует в конкурсе";"2001258";"—"
"1625";"5";"—";"258000";"88 84 86";"—";"Участвует в конкурсе";"1633920";"—"
"1626";"4";"—";"258000";"85 92 81";"—";"Участвует в конкурсе";"1259728";"—"
"1627";"24";"—";"258000";"85 92 81";"—";"Участвует в конкурсе";"1115084";"—"
"1628";"11";"Электронное";"258000";"85 84 89";"—";"Участвует в конкурсе";"1264189";"—"
"1629";"26";"Электронное";"258000";"85 84 89";"—";"Участвует в конкурсе";"1627781";"—"
"1630";"9";"—";"258000";"85 84 89";"—";"Участвует в конкурсе";"1715068";"—"
"1632";"16";"—";"258000";"83 84 91";"—";"Участвует в конкурсе";"1839719";"—"
"1633";"12";"—";"258000";"83 84 91";"—";"Участвует в конкурсе";"2084090";"—"
"1634";"13";"—";"258000";"83 84 91";"—";"Участвует в конкурсе";"1580461";"—"
"1636";"20";"—";"258000";"93 90 73";"2000";"Участвует в конкурсе";"1773041";"—"
"1637";"5";"—";"258000";"88 82 86";"2000";"Участвует в конкурсе";"2006396";"—"
"1638";"3";"—";"258000";"83 90 83";"2000";"Участвует в конкурсе";"1820448";"—"
"1639";"15";"—";"258000";"98 82 75";"3000";"Участвует в конкурсе";"2329441";"—"
"1640";"5";"—";"258000";"98 82 75";"3000";"Участвует в конкурсе";"1338747";"—"
"1641";"12";"—";"258000";"93 90 72";"3000";"Участвует в конкурсе";"2345564";"—"
"1643";"6";"—";"258000";"90 82 83";"3000";"Участвует в конкурсе";"2368656";"—"
"1644";"3";"—";"258000";"88 94 73";"3000";"Участвует в конкурсе";"1897222";"—"
"1645";"7";"—";"258000";"88 84 83";"3000";"Участвует в конкурсе";"1832048";"—"
"1646";"9";"—";"258000";"88 78 89";"3000";"Участвует в конкурсе";"2157301";"—"
"1648";"9";"—";"258000";"86 80 89";"3000";"Участвует в конкурсе";"1586622";"—"
"1649";"7";"—";"258000";"85 92 78";"3000";"Участвует в конкурсе";"1735123";"—"
"1650";"11";"—";"258000";"85 84 86";"3000";"Участвует в конкурсе";"1435458";"—"
"1652";"5";"—";"258000";"80 84 91";"3000";"Участвует в конкурсе";"1975800";"—"
"1653";"3";"—";"258000";"79 95 81";"3000";"Участвует в конкурсе";"1395846";"—"
"1654";"7";"—";"258000";"67 99 89";"3000";"Участвует в конкурсе";"2295304";"—"
"1655";"10";"—";"258000";"84 88 81";"5000";"Участвует в конкурсе";"1912982";"—"
"1656";"10";"Электронное";"258000";"83 95 75";"5000";"Участвует в конкурсе";"1651059";"—"
"1657";"17";"Электронное";"258000";"83 84 86";"5000";"Участвует в конкурсе";"2068046";"—"
"1658";"12";"—";"258000";"83 84 83";"8000";"Участвует в конкурсе";"1363725";"—"
"1659";"19";"Электронное";"258000";"95 78 75";"10000";"Участвует в конкурсе";"2307606";"—"
"1660";"20";"—";"258000";"95 72 81";"10000";"Участвует в конкурсе";"2257860";"—"
"1661";"18";"Электронное";"258000";"93 88 67";"10000";"Участвует в конкурсе";"2255401";"—"
"1662";"11";"—";"258000";"90 80 78";"10000";"Участвует в конкурсе";"1727956";"—"
"1663";"21";"—";"258000";"88 94 66";"10000";"Участвует в конкурсе";"1155507";"—"
"1664";"15";"—";"258000";"88 82 78";"10000";"Участвует в конкурсе";"1355457";"—"
"1665";"2";"—";"258000";"86 84 78";"10000";"Участвует в конкурсе";"2094410";"—"
"1666";"8";"—";"258000";"85 96 67";"10000";"Участвует в конкурсе";"1641138";"—"
"1667";"1";"—";"258000";"85 90 73";"10000";"Участвует в конкурсе";"1349593";"—"
"1668";"15";"—";"258000";"85 90 73";"10000";"Участвует в конкурсе";"1729349";"—"
"1669";"20";"—";"258000";"85 88 75";"10000";"Участвует в конкурсе";"2255808";"—"
"1670";"4";"—";"258000";"85 82 81";"10000";"Участвует в конкурсе";"1187547";"—"
"1671";"12";"—";"258000";"85 82 81";"10000";"Участвует в конкурсе";"1355377";"—"
"1672";"20";"—";"258000";"85 82 81";"10000";"Участвует в конкурсе";"1493994";"—"
"1674";"1";"—";"258000";"85 80 83";"10000";"Участвует в конкурсе";"1444746";"—"
"1675";"5";"—";"258000";"85 80 83";"10000";"Участвует в конкурсе";"1834624";"—"
"1677";"9";"—";"258000";"85 80 83";"10000";"Участвует в конкурсе";"2301670";"—"
"1678";"5";"—";"258000";"83 92 73";"10000";"Участвует в конкурсе";"1510353";"—"
"1679";"26";"Электронное";"258000";"83 92 73";"10000";"Участвует в конкурсе";"2076416";"—"
"1680";"2";"Электронное";"258000";"83 84 81";"10000";"Участвует в конкурсе";"1793405";"—"
"1681";"13";"—";"258000";"83 82 83";"10000";"Участвует в конкурсе";"1784667";"—"
"1682";"22";"Электронное";"258000";"83 82 83";"10000";"Участвует в конкурсе";"2051415";"—"
"1683";"7";"—";"258000";"83 76 89";"10000";"Участвует в конкурсе";"1914138";"—"
"1684";"2";"—";"258000";"83 74 91";"10000";"Участвует в конкурсе";"1412196";"—"
"1686";"6";"—";"258000";"82 88 78";"10000";"Участвует в конкурсе";"1341216";"—"
"1687";"23";"—";"258000";"78 84 86";"10000";"Участвует в конкурсе";"2153815";"—"
"1688";"11";"—";"258000";"78 76 94";"10000";"Участвует в конкурсе";"1515801";"—"
"1689";"10";"—";"258000";"75 90 83";"10000";"Участвует в конкурсе";"1847738";"—"
"1690";"5";"Электронное";"258000";"73 92 83";"10000";"Участвует в конкурсе";"2181096";"—"
"1691";"1";"Электронное";"258000";"72 90 86";"10000";"Участвует в конкурсе";"1620539";"—"
"1692";"3";"—";"258000";"72 82 94";"10000";"Участвует в конкурсе";"2203934";"—"
"1693";"30";"Электронное";"258000";"72 76 100";"10000";"Участвует в конкурсе";"1761508";"—"
"1694";"6";"—";"258000";"71 88 89";"10000";"Участвует в конкурсе";"1258216";"—"
"1695";"8";"—";"258000";"70 84 94";"10000";"Участвует в конкурсе";"1004086";"—"
"1696";"15";"—";"257000";"98 84 75";"—";"Участвует в конкурсе";"1574045";"—"
"1698";"12";"—";"257000";"96 86 75";"—";"Участвует в конкурсе";"2242676";"—"
"1699";"17";"—";"257000";"95 95 67";"—";"Участвует в конкурсе";"1192837";"—"
"1700";"6";"—";"257000";"95 84 78";"—";"Участвует в конкурсе";"2054886";"—"
"1701";"7";"—";"257000";"94 90 73";"—";"Участвует в конкурсе";"1616086";"—"
"1702";"7";"Электронное";"257000";"93 78 86";"—";"Участвует в конкурсе";"2079959";"—"
"1703";"12";"—";"257000";"92 96 69";"—";"Участвует в конкурсе";"2049303";"—"
"1705";"1";"—";"257000";"90 95 72";"—";"Участвует в конкурсе";"2394244";"—"
"1707";"23";"—";"257000";"90 84 83";"—";"Участвует в конкурсе";"1594692";"—"
"1708";"5";"—";"257000";"88 97 72";"—";"Участвует в конкурсе";"1441867";"—"
"1710";"7";"—";"257000";"88 88 81";"—";"Участвует в конкурсе";"2101557";"—"
"1711";"5";"—";"257000";"88 88 81";"—";"Участвует в конкурсе";"2368812";"—"
"1712";"23";"—";"257000";"88 86 83";"—";"Участвует в конкурсе";"1252370";"—"
"1713";"6";"—";"257000";"85 86 86";"—";"Участвует в конкурсе";"1939545";"—"
"1714";"5";"Электронное";"257000";"84 90 83";"—";"Участвует в конкурсе";"1567845";"—"
"1715";"14";"Электронное";"257000";"83 88 86";"—";"Участвует в конкурсе";"1156369";"—"
"1717";"20";"—";"257000";"80 86 91";"—";"Участвует в конкурсе";"1829778";"—"
"1718";"3";"Электронное";"257000";"79 78 100";"—";"Участвует в конкурсе";"1209523";"—"
"1719";"19";"Электронное";"257000";"85 84 86";"2000";"Участвует в конкурсе";"1780255";"—"
"1720";"15";"—";"257000";"98 92 64";"3000";"Участвует в конкурсе";"2230881";"—"
"1721";"16";"Электронное";"257000";"93 86 75";"3000";"Участвует в конкурсе";"2218269";"—"
"1722";"7";"Электронное";"257000";"90 86 78";"3000";"Участвует в конкурсе";"1895672";"—"
"1723";"22";"Электронное";"257000";"85 80 89";"3000";"Участвует в конкурсе";"2184431";"—"
"1724";"4";"—";"257000";"83 80 91";"3000";"Участвует в конкурсе";"1728761";"—"
"1725";"11";"—";"257000";"73 90 91";"3000";"Участвует в конкурсе";"2031964";"—"
"1726";"28";"—";"257000";"85 86 81";"5000";"Участвует в конкурсе";"1574784";"—"
"1727";"15";"Электронное";"257000";"78 78 94";"7000";"Участвует в конкурсе";"2019202";"—"
"1728";"1";"Электронное";"257000";"88 86 75";"8000";"Участвует в конкурсе";"2146597";"—"
"1729";"12";"—";"257000";"95 88 64";"10000";"Участвует в конкурсе";"2049513";"—"
"1731";"24";"—";"257000";"93 88 66";"10000";"Участвует в конкурсе";"2356199";"—"
"1732";"9";"—";"257000";"93 76 78";"10000";"Участвует в конкурсе";"1908059";"—"
"1733";"12";"—";"257000";"90 94 63";"10000";"Участвует в конкурсе";"2182937";"—"
"1734";"4";"—";"257000";"90 76 81";"10000";"Участвует в конкурсе";"1444361";"—"
"1735";"20";"Электронное";"257000";"88 86 73";"10000";"Участвует в конкурсе";"1290790";"—"
"1737";"10";"—";"257000";"88 84 75";"10000";"Участвует в конкурсе";"1955035";"—"
"1738";"7";"—";"257000";"88 84 75";"10000";"Участвует в конкурсе";"2183533";"—"
"1739";"5";"Электронное";"257000";"85 76 86";"10000";"Участвует в конкурсе";"1441939";"—"
"1740";"2";"—";"257000";"85 76 86";"10000";"Участвует в конкурсе";"2316985";"—"
"1741";"13";"—";"257000";"84 72 91";"10000";"Участвует в конкурсе";"1263708";"—"
"1742";"20";"—";"257000";"83 97 67";"10000";"Участвует в конкурсе";"1291340";"—"
"1743";"20";"—";"257000";"83 86 78";"10000";"Участвует в конкурсе";"1326816";"—"
"1744";"27";"—";"257000";"83 86 78";"10000";"Участвует в конкурсе";"2166059";"—"
"1745";"14";"—";"257000";"83 78 86";"10000";"Участвует в конкурсе";"1257168";"—"
"1746";"18";"Электронное";"257000";"83 78 86";"10000";"Участвует в конкурсе";"1129083";"—"
"1748";"25";"—";"257000";"80 78 89";"10000";"Участвует в конкурсе";"1851052";"—"
"1749";"20";"—";"257000";"80 78 89";"10000";"Участвует в конкурсе";"1341221";"—"
"1750";"3";"Электронное";"257000";"80 76 91";"10000";"Участвует в конкурсе";"2005665";"—"
"1751";"10";"—";"257000";"78 88 81";"10000";"Участвует в конкурсе";"985675";"—"
"1752";"1";"Электронное";"257000";"78 83 86";"10000";"Участвует в конкурсе";"2002995";"—"
"1753";"6";"—";"257000";"78 76 93";"10000";"Участвует в конкурсе";"1395639";"—"
"1754";"9";"—";"257000";"78 72 97";"10000";"Участвует в конкурсе";"1358006";"—"
"1755";"1";"—";"257000";"76 90 81";"10000";"Участвует в конкурсе";"1307110";"—"
"1756";"7";"—";"257000";"72 84 91";"10000";"Участвует в конкурсе";"2327823";"—"
"1758";"1";"—";"256000";"98 92 66";"—";"Участвует в конкурсе";"1994787";"—"
"1759";"16";"—";"256000";"95 92 69";"—";"Участвует в конкурсе";"1818372";"—"
"1760";"26";"—";"256000";"93 88 75";"—";"Участвует в конкурсе";"1380956";"—"
"1762";"10";"—";"256000";"93 82 81";"—";"Участвует в конкурсе";"2185076";"—"
"1763";"6";"—";"256000";"92 94 70";"—";"Участвует в конкурсе";"2080396";"—"
"1764";"7";"—";"256000";"90 94 72";"—";"Участвует в конкурсе";"1860067";"—"
"1766";"3";"—";"256000";"90 80 86";"—";"Участвует в конкурсе";"1644870";"—"
"1767";"3";"—";"256000";"86 92 78";"—";"Участвует в конкурсе";"1522160";"—"
"1768";"8";"—";"256000";"85 90 81";"—";"Участвует в конкурсе";"1715932";"—"
"1769";"21";"—";"256000";"85 90 81";"—";"Участвует в конкурсе";"2362239";"—"
"1770";"14";"—";"256000";"83 95 78";"—";"Участвует в конкурсе";"2224114";"—"
"1771";"15";"—";"256000";"83 82 91";"—";"Участвует в конкурсе";"2245288";"—"
"1772";"5";"—";"256000";"80 95 81";"—";"Участвует в конкурсе";"1616976";"—"
"1773";"18";"—";"256000";"80 82 94";"—";"Участвует в конкурсе";"2249960";"—"
"1774";"2";"—";"256000";"78 84 94";"—";"Участвует в конкурсе";"2244415";"—"
"1776";"18";"—";"256000";"90 92 72";"2000";"Участвует в конкурсе";"2389799";"—"
"1777";"14";"—";"256000";"88 80 86";"2000";"Участвует в конкурсе";"1195622";"—"
"1778";"13";"Электронное";"256000";"88 72 94";"2000";"Участвует в конкурсе";"2166589";"—"
"1779";"6";"—";"256000";"85 80 89";"2000";"Участвует в конкурсе";"2343714";"—"
"1780";"15";"—";"256000";"83 90 81";"2000";"Участвует в конкурсе";"2177425";"—"
"1781";"22";"—";"256000";"83 88 83";"2000";"Участвует в конкурсе";"1940724";"—"
"1782";"4";"—";"256000";"92 78 83";"3000";"Участвует в конкурсе";"2135551";"—"
"1783";"11";"—";"256000";"90 80 83";"3000";"Участвует в конкурсе";"1071487";"—"
"1784";"12";"Электронное";"256000";"88 92 73";"3000";"Участвует в конкурсе";"1250045";"—"
"1785";"18";"—";"256000";"88 90 75";"3000";"Участвует в конкурсе";"1609170";"—"
"1786";"5";"Электронное";"256000";"86 86 81";"3000";"Участвует в конкурсе";"1784291";"—"
"1787";"26";"—";"256000";"85 82 86";"3000";"Участвует в конкурсе";"1649307";"—"
"1788";"4";"Электронное";"256000";"85 82 86";"3000";"Участвует в конкурсе";"1581411";"—"
"1789";"8";"—";"256000";"84 94 75";"3000";"Участвует в конкурсе";"2177899";"—"
"1791";"4";"—";"256000";"93 80 78";"5000";"Участвует в конкурсе";"1581301";"—"
"1792";"19";"Электронное";"256000";"90 86 73";"7000";"Участвует в конкурсе";"1637394";"—"
"1793";"6";"—";"256000";"90 86 73";"7000";"Участвует в конкурсе";"2273792";"—"
"1794";"21";"—";"256000";"88 86 75";"7000";"Участвует в конкурсе";"1620348";"—"
"1796";"5";"—";"256000";"85 80 83";"8000";"Участвует в конкурсе";"1730236";"—"
"1797";"6";"Электронное";"256000";"78 84 86";"8000";"Участвует в конкурсе";"1577299";"—"
"1798";"2";"—";"256000";"95 78 73";"10000";"Участвует в конкурсе";"1680888";"—"
"1799";"1";"—";"256000";"93 86 67";"10000";"Участвует в конкурсе";"1255608";"—"
"1800";"14";"—";"256000";"93 78 75";"10000";"Участвует в конкурсе";"1915647";"—"
"1801";"5";"—";"256000";"92 82 72";"10000";"Участвует в конкурсе";"2262912";"—"
"1802";"12";"Электронное";"256000";"90 86 70";"10000";"Участвует в конкурсе";"1392442";"—"
"1804";"6";"—";"256000";"88 86 72";"10000";"Участвует в конкурсе";"1983777";"—"
"1805";"13";"—";"256000";"88 80 78";"10000";"Участвует в конкурсе";"982494";"—"
"1807";"14";"—";"256000";"85 88 73";"10000";"Участвует в конкурсе";"2371541";"—"
"1808";"7";"—";"256000";"85 86 75";"10000";"Участвует в конкурсе";"1640364";"—"
"1809";"3";"—";"256000";"85 80 81";"10000";"Участвует в конкурсе";"1654824";"—"
"1812";"21";"—";"256000";"85 80 81";"10000";"Участвует в конкурсе";"2251526";"—"
"1813";"4";"Электронное";"256000";"85 78 83";"10000";"Участвует в конкурсе";"1593942";"—"
"1814";"22";"—";"256000";"85 78 83";"10000";"Участвует в конкурсе";"1914573";"—"
"1815";"17";"Электронное";"256000";"85 78 83";"10000";"Участвует в конкурсе";"2118200";"—"
"1816";"8";"—";"256000";"83 90 73";"10000";"Участвует в конкурсе";"1689226";"—"
"1817";"2";"—";"256000";"83 90 73";"10000";"Участвует в конкурсе";"979782";"—"
"1818";"23";"—";"256000";"83 88 75";"10000";"Участвует в конкурсе";"1427845";"—"
"1819";"2";"—";"256000";"83 82 81";"10000";"Участвует в конкурсе";"1258346";"—"
"1820";"6";"Электронное";"256000";"83 80 83";"10000";"Участвует в конкурсе";"2114449";"—"
"1821";"10";"Электронное";"256000";"83 80 83";"10000";"Участвует в конкурсе";"2173102";"—"
"1822";"18";"—";"256000";"83 74 89";"10000";"Участвует в конкурсе";"2183591";"—"
"1823";"3";"Электронное";"256000";"82 86 78";"10000";"Участвует в конкурсе";"1882652";"—"
"1825";"16";"—";"256000";"80 88 78";"10000";"Участвует в конкурсе";"2389424";"—"
"1826";"22";"—";"256000";"80 80 86";"10000";"Участвует в конкурсе";"1255918";"—"
"1827";"6";"—";"256000";"80 80 86";"10000";"Участвует в конкурсе";"1563586";"—"
"1828";"15";"—";"256000";"78 82 86";"10000";"Участвует в конкурсе";"961383";"—"
"1829";"3";"—";"256000";"78 82 86";"10000";"Участвует в конкурсе";"2313806";"—"
"1830";"13";"Электронное";"256000";"78 82 86";"10000";"Участвует в конкурсе";"2389151";"—"
"1831";"4";"Электронное";"256000";"77 78 91";"10000";"Участвует в конкурсе";"1200216";"—"
"1832";"23";"—";"255000";"100 82 73";"—";"Участвует в конкурсе";"1484276";"—"
"1833";"9";"—";"255000";"96 98 61";"—";"Участвует в конкурсе";"2340607";"—"
"1834";"1";"—";"255000";"96 86 73";"—";"Участвует в конкурсе";"1041396";"—"
"1835";"13";"—";"255000";"96 76 83";"—";"Участвует в конкурсе";"2262539";"—"
"1836";"18";"Электронное";"255000";"95 82 78";"—";"Участвует в конкурсе";"2193827";"—"
"1837";"5";"—";"255000";"94 97 64";"—";"Участвует в конкурсе";"1548810";"—"
"1838";"2";"—";"255000";"92 88 75";"—";"Участвует в конкурсе";"2247144";"—"
"1841";"5";"—";"255000";"90 90 75";"—";"Участвует в конкурсе";"1909198";"—"
"1842";"4";"Электронное";"255000";"90 82 83";"—";"Участвует в конкурсе";"1179559";"—"
"1843";"9";"Электронное";"255000";"90 82 83";"—";"Участвует в конкурсе";"1202931";"—"
"1844";"19";"Электронное";"255000";"88 86 81";"—";"Участвует в конкурсе";"1793960";"—"
"1845";"4";"Электронное";"255000";"88 86 81";"—";"Участвует в конкурсе";"2059812";"—"
"1846";"22";"—";"255000";"88 86 81";"—";"Участвует в конкурсе";"1644012";"—"
"1847";"1";"Электронное";"255000";"88 84 83";"—";"Участвует в конкурсе";"1513435";"—"
"1848";"9";"—";"255000";"88 84 83";"—";"Участвует в конкурсе";"1830015";"—"
"1850";"3";"—";"255000";"86 88 81";"—";"Участвует в конкурсе";"1198491";"—"
"1851";"23";"—";"255000";"85 97 73";"—";"Участвует в конкурсе";"1725990";"—"
"1852";"7";"—";"255000";"85 84 86";"—";"Участвует в конкурсе";"953357";"—"
"1853";"16";"Электронное";"255000";"85 84 86";"—";"Участвует в конкурсе";"1856831";"—"
"1854";"4";"—";"255000";"84 90 81";"—";"Участвует в конкурсе";"1438569";"—"
"1855";"23";"—";"255000";"83 86 86";"—";"Участвует в конкурсе";"1280121";"—"
"1856";"2";"—";"255000";"83 86 86";"—";"Участвует в конкурсе";"1726742";"—"
"1858";"9";"—";"255000";"80 94 81";"—";"Участвует в конкурсе";"1771866";"—"
"1859";"22";"—";"255000";"80 92 83";"—";"Участвует в конкурсе";"1715180";"—"
"1860";"17";"Электронное";"255000";"80 86 89";"—";"Участвует в конкурсе";"1515932";"—"
"1862";"25";"—";"255000";"80 84 91";"—";"Участвует в конкурсе";"1240015";"—"
"1863";"11";"—";"255000";"80 84 91";"—";"Участвует в конкурсе";"2222986";"—"
"1864";"10";"Электронное";"255000";"79 82 94";"—";"Участвует в конкурсе";"1437646";"—"
"1865";"6";"Электронное";"255000";"78 88 89";"—";"Участвует в конкурсе";"1431238";"—"
"1867";"21";"—";"255000";"93 94 66";"2000";"Участвует в конкурсе";"2005528";"—"
"1868";"2";"—";"255000";"90 90 73";"2000";"Участвует в конкурсе";"1167984";"—"
"1869";"20";"Электронное";"255000";"88 84 81";"2000";"Участвует в конкурсе";"1622159";"—"
"1870";"15";"—";"255000";"85 82 86";"2000";"Участвует в конкурсе";"1899547";"—"
"1871";"16";"—";"255000";"93 86 73";"3000";"Участвует в конкурсе";"1546601";"—"
"1872";"2";"—";"255000";"93 86 73";"3000";"Участвует в конкурсе";"1254361";"—"
"1873";"8";"Электронное";"255000";"93 86 73";"3000";"Участвует в конкурсе";"2136956";"—"
"1874";"20";"Электронное";"255000";"93 84 75";"3000";"Участвует в конкурсе";"986546";"—"
"1875";"12";"—";"255000";"93 78 81";"3000";"Участвует в конкурсе";"2137842";"—"
"1876";"15";"Электронное";"255000";"90 90 72";"3000";"Участвует в конкурсе";"1438754";"—"
"1877";"2";"—";"255000";"88 86 78";"3000";"Участвует в конкурсе";"1902088";"—"
"1878";"2";"—";"255000";"85 86 81";"3000";"Участвует в конкурсе";"1247207";"—"
"1879";"4";"—";"255000";"80 78 94";"3000";"Участвует в конкурсе";"2003964";"—"
"1880";"3";"—";"255000";"79 90 83";"3000";"Участвует в конкурсе";"1104276";"—"
"1881";"15";"—";"255000";"88 84 78";"5000";"Участвует в конкурсе";"1905433";"—"
"1882";"11";"Электронное";"255000";"83 86 81";"5000";"Участвует в конкурсе";"1980858";"—"
"1883";"7";"Электронное";"255000";"82 82 86";"5000";"Участвует в конкурсе";"1795027";"—"
"1884";"6";"—";"255000";"78 86 86";"5000";"Участвует в конкурсе";"1571583";"—"
"1885";"5";"Электронное";"255000";"100 80 69";"6000";"Участвует в конкурсе";"1349618";"—"
"1886";"12";"—";"255000";"85 80 83";"7000";"Участвует в конкурсе";"1725009";"—"
"1887";"7";"—";"255000";"75 92 81";"7000";"Участвует в конкурсе";"2344024";"—"
"1888";"13";"—";"255000";"85 90 72";"8000";"Участвует в конкурсе";"1206104";"—"
"1889";"16";"Электронное";"255000";"80 86 81";"8000";"Участвует в конкурсе";"1180081";"—"
"1891";"6";"—";"255000";"90 86 69";"10000";"Участвует в конкурсе";"984674";"—"
"1892";"2";"—";"255000";"90 80 75";"10000";"Участвует в конкурсе";"1424597";"—"
"1893";"26";"Электронное";"255000";"90 80 75";"10000";"Участвует в конкурсе";"2363943";"—"
"1895";"9";"—";"255000";"88 84 73";"10000";"Участвует в конкурсе";"1199363";"—"
"1896";"3";"—";"255000";"88 84 73";"10000";"Участвует в конкурсе";"1457794";"—"
"1897";"11";"—";"255000";"88 82 75";"10000";"Участвует в конкурсе";"1186937";"—"
"1898";"3";"—";"255000";"88 82 75";"10000";"Участвует в конкурсе";"1994918";"—"
"1899";"9";"—";"255000";"88 82 75";"10000";"Участвует в конкурсе";"2207967";"—"
"1900";"16";"—";"255000";"85 88 72";"10000";"Участвует в конкурсе";"2272633";"—"
"1901";"10";"—";"255000";"83 90 72";"10000";"Участвует в конкурсе";"2004070";"—"
"1902";"2";"—";"255000";"83 84 78";"10000";"Участвует в конкурсе";"2018825";"—"
"1903";"2";"—";"255000";"82 82 81";"10000";"Участвует в конкурсе";"2217717";"—"
"1904";"3";"—";"255000";"82 80 83";"10000";"Участвует в конкурсе";"1374458";"—"
"1905";"5";"—";"255000";"80 95 70";"10000";"Участвует в конкурсе";"1785373";"—"
"1906";"2";"—";"255000";"80 92 73";"10000";"Участвует в конкурсе";"2067113";"—"
"1907";"3";"—";"255000";"80 90 75";"10000";"Участвует в конкурсе";"2340758";"—"
"1908";"6";"Электронное";"255000";"80 84 81";"10000";"Участвует в конкурсе";"1098375";"—"
"1909";"6";"—";"255000";"80 84 81";"10000";"Участвует в конкурсе";"1214439";"—"
"1910";"2";"Электронное";"255000";"80 84 81";"10000";"Участвует в конкурсе";"2141773";"—"
"1911";"9";"—";"255000";"80 84 81";"10000";"Участвует в конкурсе";"1847951";"—"
"1912";"5";"—";"255000";"80 82 83";"10000";"Участвует в конкурсе";"1964666";"—"
"1913";"1";"—";"255000";"80 82 83";"10000";"Участвует в конкурсе";"1440668";"—"
"1914";"15";"—";"255000";"80 82 83";"10000";"Участвует в конкурсе";"1290717";"—"
"1915";"1";"—";"255000";"80 82 83";"10000";"Участвует в конкурсе";"2038679";"—"
"1916";"2";"—";"255000";"80 82 83";"10000";"Участвует в конкурсе";"2416955";"—"
"1918";"5";"—";"255000";"79 88 78";"10000";"Участвует в конкурсе";"1645093";"—"
"1919";"2";"Электронное";"255000";"78 86 81";"10000";"Участвует в конкурсе";"1767161";"—"
"1920";"3";"—";"255000";"78 84 83";"10000";"Участвует в конкурсе";"2240164";"—"
"1922";"6";"—";"255000";"76 90 79";"10000";"Участвует в конкурсе";"2415323";"—"
"1923";"4";"—";"255000";"76 88 81";"10000";"Участвует в конкурсе";"1511779";"—"
"1924";"8";"—";"255000";"76 80 89";"10000";"Участвует в конкурсе";"1207107";"—"
"1925";"3";"—";"255000";"76 78 91";"10000";"Участвует в конкурсе";"2041908";"—"
"1928";"13";"—";"255000";"72 84 89";"10000";"Участвует в конкурсе";"1510432";"—"
"1930";"7";"Электронное";"254000";"90 92 72";"—";"Участвует в конкурсе";"1621064";"—"
"1931";"14";"—";"254000";"88 88 78";"—";"Участвует в конкурсе";"1515679";"—"
"1933";"21";"—";"254000";"88 88 78";"—";"Участвует в конкурсе";"1991847";"—"
"1934";"6";"—";"254000";"88 88 78";"—";"Участвует в конкурсе";"2096812";"—"
"1935";"9";"—";"254000";"88 80 86";"—";"Участвует в конкурсе";"1463685";"—"
"1936";"8";"Электронное";"254000";"85 96 73";"—";"Участвует в конкурсе";"1443236";"—"
"1937";"13";"—";"254000";"85 88 81";"—";"Участвует в конкурсе";"1581783";"—"
"1940";"22";"—";"254000";"83 96 75";"—";"Участвует в конкурсе";"2188441";"—"
"1942";"4";"—";"254000";"81 86 87";"—";"Участвует в конкурсе";"1039845";"—"
"1943";"20";"—";"254000";"80 88 86";"—";"Участвует в конкурсе";"1431159";"—"
"1944";"15";"—";"254000";"93 90 69";"2000";"Участвует в конкурсе";"1679215";"—"
"1945";"6";"—";"254000";"94 84 73";"3000";"Участвует в конкурсе";"1391509";"—"
"1946";"3";"—";"254000";"92 92 67";"3000";"Участвует в конкурсе";"1648627";"—"
"1947";"3";"—";"254000";"90 86 75";"3000";"Участвует в конкурсе";"1653683";"—"
"1948";"10";"—";"254000";"88 88 75";"3000";"Участвует в конкурсе";"2308589";"—"
"1949";"7";"Электронное";"254000";"88 82 81";"3000";"Участвует в конкурсе";"1841461";"—"
"1950";"28";"—";"254000";"88 82 81";"3000";"Участвует в конкурсе";"2343134";"—"
"1951";"3";"Электронное";"254000";"85 88 78";"3000";"Участвует в конкурсе";"1829308";"—"
"1952";"27";"—";"254000";"80 90 81";"3000";"Участвует в конкурсе";"2081321";"—"
"1953";"1";"—";"254000";"78 84 89";"3000";"Участвует в конкурсе";"1363755";"—"
"1954";"3";"—";"254000";"93 90 63";"8000";"Участвует в конкурсе";"1284812";"—"
"1955";"13";"Электронное";"254000";"90 84 72";"8000";"Участвует в конкурсе";"2265069";"—"
"1956";"1";"—";"254000";"82 86 78";"8000";"Участвует в конкурсе";"2180069";"—"
"1957";"15";"—";"254000";"92 74 78";"10000";"Участвует в конкурсе";"2040377";"—"
"1958";"5";"Электронное";"254000";"90 76 78";"10000";"Участвует в конкурсе";"1618935";"—"
"1959";"21";"—";"254000";"90 76 78";"10000";"Участвует в конкурсе";"2004014";"—"
"1960";"6";"—";"254000";"88 84 72";"10000";"Участвует в конкурсе";"1287482";"—"
"1961";"9";"Электронное";"254000";"88 84 72";"10000";"Участвует в конкурсе";"1826333";"—"
"1963";"6";"—";"254000";"88 84 72";"10000";"Участвует в конкурсе";"1855539";"—"
"1965";"30";"—";"254000";"85 95 64";"10000";"Участвует в конкурсе";"2251420";"—"
"1966";"20";"—";"254000";"85 90 69";"10000";"Участвует в конкурсе";"1755696";"—"
"1967";"24";"Электронное";"254000";"85 90 69";"10000";"Участвует в конкурсе";"1182107";"—"
"1968";"10";"Электронное";"254000";"85 86 73";"10000";"Участвует в конкурсе";"1200691";"—"
"1969";"3";"—";"254000";"85 84 75";"10000";"Участвует в конкурсе";"1258993";"—"
"1970";"2";"Электронное";"254000";"85 78 81";"10000";"Участвует в конкурсе";"1904641";"—"
"1971";"9";"—";"254000";"85 78 81";"10000";"Участвует в конкурсе";"2119027";"—"
"1972";"16";"—";"254000";"85 78 81";"10000";"Участвует в конкурсе";"2341834";"—"
"1973";"13";"—";"254000";"85 78 81";"10000";"Участвует в конкурсе";"2231417";"—"
"1974";"5";"—";"254000";"83 86 75";"10000";"Участвует в конкурсе";"1628304";"—"
"1975";"15";"—";"254000";"83 86 75";"10000";"Участвует в конкурсе";"2314319";"—"
"1976";"19";"—";"254000";"83 86 75";"10000";"Участвует в конкурсе";"2387163";"—"
"1977";"11";"—";"254000";"83 80 81";"10000";"Участвует в конкурсе";"1191335";"—"
"1978";"5";"Электронное";"254000";"83 78 83";"10000";"Участвует в конкурсе";"1722349";"—"
"1979";"6";"—";"254000";"83 78 83";"10000";"Участвует в конкурсе";"1636490";"—"
"1980";"2";"—";"254000";"82 76 86";"10000";"Участвует в конкурсе";"1702018";"—"
"1981";"18";"—";"254000";"80 86 78";"10000";"Участвует в конкурсе";"1776585";"—"
"1982";"1";"—";"254000";"80 86 78";"10000";"Участвует в конкурсе";"1778108";"—"
"1983";"11";"—";"254000";"80 78 86";"10000";"Участвует в конкурсе";"1567354";"—"
"1984";"8";"—";"254000";"78 80 86";"10000";"Участвует в конкурсе";"2367749";"—"
"1985";"1";"—";"254000";"75 88 81";"10000";"Участвует в конкурсе";"2258707";"—"
"1986";"16";"—";"254000";"75 86 83";"10000";"Участвует в конкурсе";"1590749";"—"
"1987";"3";"—";"254000";"75 80 89";"10000";"Участвует в конкурсе";"1189857";"—"
"1988";"28";"Электронное";"254000";"75 80 89";"10000";"Участвует в конкурсе";"1557768";"—"
"1989";"10";"—";"254000";"75 80 89";"10000";"Участвует в конкурсе";"1407903";"—"
"1991";"13";"—";"253000";"94 95 64";"—";"Участвует в конкурсе";"1561283";"—"
"1992";"12";"Электронное";"253000";"93 90 70";"—";"Участвует в конкурсе";"2255566";"—"
"1994";"21";"—";"253000";"90 82 81";"—";"Участвует в конкурсе";"2258085";"—"
"1996";"8";"—";"253000";"88 90 75";"—";"Участвует в конкурсе";"1440380";"—"
"1997";"1";"—";"253000";"88 90 75";"—";"Участвует в конкурсе";"2241391";"—"
"1998";"4";"—";"253000";"88 84 81";"—";"Участвует в конкурсе";"958096";"—"
"1999";"2";"—";"253000";"85 95 73";"—";"Участвует в конкурсе";"2052434";"—"
"2000";"2";"—";"253000";"85 90 78";"—";"Участвует в конкурсе";"1628146";"—"
"2001";"2";"Электронное";"253000";"84 88 81";"—";"Участвует в конкурсе";"1001016";"—"
"2002";"4";"—";"253000";"83 98 72";"—";"Участвует в конкурсе";"1723646";"—"
"2003";"1";"—";"253000";"80 90 83";"—";"Участвует в конкурсе";"1182242";"—"
"2004";"8";"—";"253000";"80 84 89";"—";"Участвует в конкурсе";"2098106";"—"
"2005";"16";"—";"253000";"78 84 91";"—";"Участвует в конкурсе";"1911026";"—"
"2006";"7";"—";"253000";"77 82 94";"—";"Участвует в конкурсе";"1363112";"—"
"2007";"9";"—";"253000";"88 82 81";"2000";"Участвует в конкурсе";"1716919";"—"
"2008";"14";"Электронное";"253000";"84 84 83";"2000";"Участвует в конкурсе";"2048108";"—"
"2009";"8";"Электронное";"253000";"80 80 91";"2000";"Участвует в конкурсе";"1360751";"—"
"2010";"6";"—";"253000";"76 86 89";"2000";"Участвует в конкурсе";"2228931";"—"
"2011";"6";"—";"253000";"88 90 72";"3000";"Участвует в конкурсе";"2240297";"—"
"2012";"6";"Электронное";"253000";"88 90 72";"3000";"Участвует в конкурсе";"1999464";"—"
"2013";"11";"—";"253000";"88 84 78";"3000";"Участвует в конкурсе";"1897734";"—"
"2014";"7";"Электронное";"253000";"85 90 75";"3000";"Участвует в конкурсе";"1781614";"—"
"2015";"16";"Электронное";"253000";"85 82 83";"3000";"Участвует в конкурсе";"1360279";"—"
"2016";"17";"—";"253000";"85 82 83";"3000";"Участвует в конкурсе";"1790760";"—"
"2018";"6";"—";"253000";"80 84 86";"3000";"Участвует в конкурсе";"1855354";"—"
"2019";"3";"—";"253000";"78 86 86";"3000";"Участвует в конкурсе";"1289341";"—"
"2020";"6";"—";"253000";"78 86 86";"3000";"Участвует в конкурсе";"2254710";"—"
"2021";"7";"—";"253000";"77 92 81";"3000";"Участвует в конкурсе";"1258603";"—"
"2022";"2";"—";"253000";"86 84 78";"5000";"Участвует в конкурсе";"1244609";"—"
"2023";"1";"Электронное";"253000";"90 82 75";"6000";"Участвует в конкурсе";"2056699";"—"
"2024";"1";"—";"253000";"94 84 67";"8000";"Участвует в конкурсе";"1434247";"—"
"2025";"25";"—";"253000";"80 82 83";"8000";"Участвует в конкурсе";"1766426";"—"
"2026";"8";"—";"253000";"80 74 91";"8000";"Участвует в конкурсе";"2363368";"—"
"2027";"1";"—";"253000";"90 80 73";"10000";"Участвует в конкурсе";"1599171";"—"
"2028";"9";"—";"253000";"90 78 75";"10000";"Участвует в конкурсе";"2225717";"—"
"2029";"4";"—";"253000";"90 78 75";"10000";"Участвует в конкурсе";"2271175";"—"
"2030";"11";"—";"253000";"88 86 69";"10000";"Участвует в конкурсе";"1570461";"—"
"2032";"2";"Электронное";"253000";"88 80 75";"10000";"Участвует в конкурсе";"1273074";"—"
"2033";"11";"—";"253000";"88 74 81";"10000";"Участвует в конкурсе";"1655472";"—"
"2034";"9";"—";"253000";"86 82 75";"10000";"Участвует в конкурсе";"1362187";"—"
"2035";"1";"—";"253000";"86 76 81";"10000";"Участвует в конкурсе";"1996512";"—"
"2036";"13";"—";"253000";"85 94 64";"10000";"Участвует в конкурсе";"1977766";"—"
"2038";"10";"—";"253000";"85 80 78";"10000";"Участвует в конкурсе";"1483805";"—"
"2039";"3";"—";"253000";"85 72 86";"10000";"Участвует в конкурсе";"1288470";"—"
"2040";"2";"—";"253000";"84 86 73";"10000";"Участвует в конкурсе";"1699510";"—"
"2041";"4";"—";"253000";"83 88 72";"10000";"Участвует в конкурсе";"1706749";"—"
"2042";"15";"—";"253000";"83 82 78";"10000";"Участвует в конкурсе";"1287148";"—"
"2043";"7";"—";"253000";"83 82 78";"10000";"Участвует в конкурсе";"1881818";"—"
"2044";"8";"Электронное";"253000";"83 74 86";"10000";"Участвует в конкурсе";"1886129";"—"
"2045";"14";"—";"253000";"82 80 81";"10000";"Участвует в конкурсе";"1896243";"—"
"2046";"4";"—";"253000";"80 90 73";"10000";"Участвует в конкурсе";"1829880";"—"
"2047";"13";"—";"253000";"80 88 75";"10000";"Участвует в конкурсе";"1240174";"—"
"2048";"7";"—";"253000";"80 82 81";"10000";"Участвует в конкурсе";"1372349";"—"
"2049";"18";"—";"253000";"80 82 81";"10000";"Участвует в конкурсе";"2233058";"—"
"2050";"9";"—";"253000";"80 82 81";"10000";"Участвует в конкурсе";"2424303";"—"
"2051";"3";"Электронное";"253000";"80 80 83";"10000";"Участвует в конкурсе";"1614877";"—"
"2052";"16";"—";"253000";"80 80 83";"10000";"Участвует в конкурсе";"2021393";"—"
"2053";"12";"—";"253000";"80 74 89";"10000";"Участвует в конкурсе";"2093454";"—"
"2054";"7";"Электронное";"253000";"78 92 73";"10000";"Участвует в конкурсе";"1798664";"—"
"2055";"14";"—";"253000";"78 84 81";"10000";"Участвует в конкурсе";"1261843";"—"
"2056";"4";"Электронное";"253000";"78 82 83";"10000";"Участвует в конкурсе";"2230254";"—"
"2057";"5";"—";"253000";"76 86 81";"10000";"Участвует в конкурсе";"1959530";"—"
"2058";"6";"—";"253000";"75 82 86";"10000";"Участвует в конкурсе";"1106047";"—"
"2059";"12";"—";"253000";"72 96 75";"10000";"Участвует в конкурсе";"950232";"—"
"2060";"5";"—";"253000";"72 88 83";"10000";"Участвует в конкурсе";"2254498";"—"
"2061";"13";"—";"253000";"72 82 89";"10000";"Участвует в конкурсе";"1958447";"—"
"2063";"5";"—";"253000";"70 84 89";"10000";"Участвует в конкурсе";"1752691";"—"
"2064";"19";"—";"253000";"70 82 91";"10000";"Участвует в конкурсе";"2366537";"—"
"2065";"11";"—";"252000";"93 78 81";"—";"Участвует в конкурсе";"1556929";"—"
"2066";"6";"—";"252000";"90 92 70";"—";"Участвует в конкурсе";"1958560";"—"
"2067";"8";"—";"252000";"88 86 78";"—";"Участвует в конкурсе";"1348280";"—"
"2068";"7";"—";"252000";"88 86 78";"—";"Участвует в конкурсе";"2178278";"—"
"2069";"10";"—";"252000";"85 97 70";"—";"Участвует в конкурсе";"1964284";"—"
"2070";"21";"Электронное";"252000";"85 86 81";"—";"Участвует в конкурсе";"1199391";"—"
"2071";"3";"—";"252000";"85 86 81";"—";"Участвует в конкурсе";"1467703";"—"
"2072";"6";"—";"252000";"85 86 81";"—";"Участвует в конкурсе";"1722955";"—"
"2073";"7";"—";"252000";"85 86 81";"—";"Участвует в конкурсе";"1783292";"—"
"2074";"22";"—";"252000";"85 84 83";"—";"Участвует в конкурсе";"993877";"—"
"2075";"5";"—";"252000";"84 96 72";"—";"Участвует в конкурсе";"2031342";"—"
"2076";"5";"—";"252000";"84 82 86";"—";"Участвует в конкурсе";"1415257";"—"
"2077";"14";"Электронное";"252000";"84 82 86";"—";"Участвует в конкурсе";"1163377";"—"
"2078";"3";"—";"252000";"83 88 81";"—";"Участвует в конкурсе";"1292743";"—"
"2079";"15";"—";"252000";"78 88 86";"—";"Участвует в конкурсе";"2342632";"—"
"2080";"18";"—";"252000";"75 86 91";"—";"Участвует в конкурсе";"1127872";"—"
"2081";"25";"—";"252000";"85 74 91";"2000";"Участвует в конкурсе";"1853060";"—"
"2082";"1";"—";"252000";"83 86 81";"2000";"Участвует в конкурсе";"1406406";"—"
"2083";"10";"—";"252000";"80 84 86";"2000";"Участвует в конкурсе";"1424822";"—"
"2084";"26";"—";"252000";"75 94 81";"2000";"Участвует в конкурсе";"1839999";"—"
"2085";"11";"—";"252000";"90 90 69";"3000";"Участвует в конкурсе";"2201512";"—"
"2086";"9";"—";"252000";"90 84 75";"3000";"Участвует в конкурсе";"2142319";"—"
"2087";"5";"Электронное";"252000";"88 72 89";"3000";"Участвует в конкурсе";"2167110";"—"
"2088";"8";"—";"252000";"86 80 83";"3000";"Участвует в конкурсе";"2161682";"—"
"2089";"4";"—";"252000";"85 95 69";"3000";"Участвует в конкурсе";"1911290";"—"
"2092";"2";"Электронное";"252000";"90 82 75";"5000";"Участвует в конкурсе";"1787876";"—"
"2093";"18";"—";"252000";"83 78 86";"5000";"Участвует в конкурсе";"1366443";"—"
"2094";"4";"—";"252000";"77 76 94";"5000";"Участвует в конкурсе";"1572110";"—"
"2095";"3";"—";"252000";"74 82 91";"5000";"Участвует в конкурсе";"2273286";"—"
"2096";"17";"—";"252000";"95 70 81";"6000";"Участвует в конкурсе";"2044262";"—"
"2097";"20";"Электронное";"252000";"93 86 67";"6000";"Участвует в конкурсе";"1551935";"—"
"2098";"15";"Электронное";"252000";"83 82 81";"6000";"Участвует в конкурсе";"2006925";"—"
"2099";"3";"Электронное";"252000";"95 80 69";"8000";"Участвует в конкурсе";"2304908";"—"
"2100";"2";"—";"252000";"83 80 81";"8000";"Участвует в конкурсе";"1127966";"—"
"2101";"11";"—";"252000";"80 86 78";"8000";"Участвует в конкурсе";"1906131";"—"
"2102";"13";"—";"252000";"90 82 70";"10000";"Участвует в конкурсе";"2343262";"—"
"2103";"12";"Электронное";"252000";"90 80 72";"10000";"Участвует в конкурсе";"1981531";"—"
"2104";"4";"—";"252000";"88 82 72";"10000";"Участвует в конкурсе";"2101382";"—"
"2105";"26";"—";"252000";"85 88 69";"10000";"Участвует в конкурсе";"1857371";"—"
"2106";"10";"—";"252000";"83 86 73";"10000";"Участвует в конкурсе";"1652608";"—"
"2107";"1";"—";"252000";"83 86 73";"10000";"Участвует в конкурсе";"2334692";"—"
"2108";"2";"—";"252000";"83 86 73";"10000";"Участвует в конкурсе";"2177101";"—"
"2110";"2";"—";"252000";"83 76 83";"10000";"Участвует в конкурсе";"1839639";"—"
"2112";"10";"—";"252000";"80 90 72";"10000";"Участвует в конкурсе";"2269876";"—"
"2113";"15";"—";"252000";"80 84 78";"10000";"Участвует в конкурсе";"1426412";"—"
"2114";"10";"—";"252000";"80 84 78";"10000";"Участвует в конкурсе";"1895594";"—"
"2115";"15";"—";"252000";"80 84 78";"10000";"Участвует в конкурсе";"1905417";"—"
"2116";"20";"—";"252000";"80 76 86";"10000";"Участвует в конкурсе";"2254107";"—"
"2117";"12";"—";"252000";"79 88 75";"10000";"Участвует в конкурсе";"2003835";"—"
"2118";"13";"Электронное";"252000";"79 88 75";"10000";"Участвует в конкурсе";"1358541";"—"
"2120";"16";"Электронное";"252000";"78 78 86";"10000";"Участвует в конкурсе";"2294801";"—"
"2121";"4";"—";"252000";"78 78 86";"10000";"Участвует в конкурсе";"2289192";"—"
"2122";"5";"—";"252000";"77 92 73";"10000";"Участвует в конкурсе";"1559510";"—"
"2123";"12";"—";"252000";"77 76 89";"10000";"Участвует в конкурсе";"1964936";"—"
"2124";"7";"—";"252000";"75 95 72";"10000";"Участвует в конкурсе";"2264840";"—"
"2125";"1";"—";"252000";"75 84 83";"10000";"Участвует в конкурсе";"1182475";"—"
"2126";"6";"—";"252000";"75 78 89";"10000";"Участвует в конкурсе";"1311069";"—"
"2127";"5";"—";"252000";"75 78 89";"10000";"Участвует в конкурсе";"1506242";"—"
"2129";"13";"Электронное";"252000";"72 84 86";"10000";"Участвует в конкурсе";"2391872";"—"
"2130";"14";"—";"252000";"67 97 78";"10000";"Участвует в конкурсе";"1425169";"—"
"2131";"14";"Электронное";"252000";"67 84 91";"10000";"Участвует в конкурсе";"2226291";"—"
"2132";"4";"—";"252000";"67 84 91";"10000";"Участвует в конкурсе";"2249670";"—"
"2133";"17";"—";"251000";"93 92 66";"—";"Участвует в конкурсе";"2252280";"—"
"2134";"1";"—";"251000";"93 86 72";"—";"Участвует в конкурсе";"1587802";"—"
"2135";"17";"Электронное";"251000";"93 80 78";"—";"Участвует в конкурсе";"1132610";"—"
"2136";"9";"Электронное";"251000";"92 86 73";"—";"Участвует в конкурсе";"2005269";"—"
"2137";"4";"Электронное";"251000";"90 88 73";"—";"Участвует в конкурсе";"1444922";"—"
"2139";"2";"—";"251000";"90 80 81";"—";"Участвует в конкурсе";"1333181";"—"
"2140";"10";"—";"251000";"90 80 81";"—";"Участвует в конкурсе";"1508989";"—"
"2141";"8";"—";"251000";"88 94 69";"—";"Участвует в конкурсе";"1339503";"—"
"2143";"6";"—";"251000";"88 88 75";"—";"Участвует в конкурсе";"1488983";"—"
"2144";"14";"—";"251000";"88 82 81";"—";"Участвует в конкурсе";"2182076";"—"
"2145";"14";"Электронное";"251000";"88 80 83";"—";"Участвует в конкурсе";"1356738";"—"
"2147";"3";"—";"251000";"88 80 83";"—";"Участвует в конкурсе";"1511144";"—"
"2148";"9";"Электронное";"251000";"88 80 83";"—";"Участвует в конкурсе";"1498848";"—"
"2149";"7";"—";"251000";"88 74 89";"—";"Участвует в конкурсе";"2253302";"—"
"2150";"8";"—";"251000";"86 95 70";"—";"Участвует в конкурсе";"2235249";"—"
"2151";"4";"—";"251000";"86 90 75";"—";"Участвует в конкурсе";"1187484";"—"
"2152";"6";"—";"251000";"85 96 70";"—";"Участвует в конкурсе";"2003722";"—"
"2153";"7";"—";"251000";"85 80 86";"—";"Участвует в конкурсе";"1716593";"—"
"2154";"1";"—";"251000";"85 80 86";"—";"Участвует в конкурсе";"2006413";"—"
"2155";"11";"—";"251000";"84 84 83";"—";"Участвует в конкурсе";"1438568";"—"
"2157";"13";"—";"251000";"83 82 86";"—";"Участвует в конкурсе";"1894701";"—"
"2159";"11";"—";"251000";"83 82 86";"—";"Участвует в конкурсе";"2218107";"—"
"2160";"3";"—";"251000";"82 86 83";"—";"Участвует в конкурсе";"1669651";"—"
"2161";"13";"—";"251000";"80 96 75";"—";"Участвует в конкурсе";"1928138";"—"
"2162";"9";"—";"251000";"80 80 91";"—";"Участвует в конкурсе";"2258030";"—"
"2163";"15";"—";"251000";"76 94 81";"—";"Участвует в конкурсе";"2252895";"—"
"2164";"25";"—";"251000";"75 82 94";"—";"Участвует в конкурсе";"1104036";"—"
"2165";"6";"—";"251000";"90 78 81";"2000";"Участвует в конкурсе";"2326310";"—"
"2166";"5";"—";"251000";"84 82 83";"2000";"Участвует в конкурсе";"2200604";"—"
"2167";"6";"—";"251000";"80 78 91";"2000";"Участвует в конкурсе";"2216531";"—"
"2168";"10";"—";"251000";"78 88 83";"2000";"Участвует в конкурсе";"1516114";"—"
"2169";"17";"—";"251000";"93 80 75";"3000";"Участвует в конкурсе";"2301332";"—"
"2170";"6";"—";"251000";"92 84 72";"3000";"Участвует в конкурсе";"1691259";"—"
"2171";"25";"—";"251000";"90 80 78";"3000";"Участвует в конкурсе";"1511008";"—"
"2172";"8";"—";"251000";"86 76 86";"3000";"Участвует в конкурсе";"1597607";"—"
"2173";"20";"Электронное";"251000";"85 90 73";"3000";"Участвует в конкурсе";"2339565";"—"
"2175";"4";"—";"251000";"85 80 83";"3000";"Участвует в конкурсе";"2342717";"—"
"2176";"5";"—";"251000";"84 86 78";"3000";"Участвует в конкурсе";"2224584";"—"
"2177";"26";"Электронное";"251000";"83 84 81";"3000";"Участвует в конкурсе";"1447180";"—"
"2178";"6";"Электронное";"251000";"83 82 83";"3000";"Участвует в конкурсе";"1330008";"—"
"2179";"14";"—";"251000";"79 97 72";"3000";"Участвует в конкурсе";"1912445";"—"
"2180";"8";"—";"251000";"75 84 89";"3000";"Участвует в конкурсе";"2093664";"—"
"2181";"24";"—";"251000";"75 82 91";"3000";"Участвует в конкурсе";"2412960";"—"
"2182";"5";"—";"251000";"73 84 91";"3000";"Участвует в конкурсе";"1043236";"—"
"2183";"21";"Электронное";"251000";"93 86 66";"6000";"Участвует в конкурсе";"1365943";"—"
"2184";"9";"—";"251000";"93 90 61";"7000";"Участвует в конкурсе";"1725287";"—"
"2185";"26";"—";"251000";"88 80 75";"8000";"Участвует в конкурсе";"2244359";"—"
"2186";"7";"—";"251000";"88 74 81";"8000";"Участвует в конкурсе";"2226911";"—"
"2187";"11";"—";"251000";"90 84 67";"10000";"Участвует в конкурсе";"1480767";"—"
"2188";"4";"—";"251000";"90 82 69";"10000";"Участвует в конкурсе";"2220361";"—"
"2189";"24";"—";"251000";"90 78 73";"10000";"Участвует в конкурсе";"1439130";"—"
"2190";"4";"—";"251000";"88 78 75";"10000";"Участвует в конкурсе";"1187147";"—"
"2191";"14";"—";"251000";"85 78 78";"10000";"Участвует в конкурсе";"1438638";"—"
"2192";"8";"—";"251000";"85 78 78";"10000";"Участвует в конкурсе";"1282514";"—"
"2193";"2";"Электронное";"251000";"84 84 73";"10000";"Участвует в конкурсе";"1727276";"—"
"2194";"9";"—";"251000";"83 88 70";"10000";"Участвует в конкурсе";"1196024";"—"
"2195";"4";"Электронное";"251000";"83 86 72";"10000";"Участвует в конкурсе";"2221990";"—"
"2197";"7";"—";"251000";"83 80 78";"10000";"Участвует в конкурсе";"1753370";"—"
"2198";"17";"—";"251000";"83 80 78";"10000";"Участвует в конкурсе";"2085594";"—"
"2199";"17";"—";"251000";"80 86 75";"10000";"Участвует в конкурсе";"2141152";"—"
"2200";"24";"—";"251000";"80 86 75";"10000";"Участвует в конкурсе";"1474245";"—"
"2201";"9";"—";"251000";"80 86 75";"10000";"Участвует в конкурсе";"1512134";"—"
"2202";"8";"—";"251000";"80 78 83";"10000";"Участвует в конкурсе";"1200594";"—"
"2203";"6";"—";"251000";"78 88 75";"10000";"Участвует в конкурсе";"1787501";"—"
"2204";"1";"—";"251000";"78 88 75";"10000";"Участвует в конкурсе";"2213852";"—"
"2205";"4";"—";"251000";"78 82 81";"10000";"Участвует в конкурсе";"1563513";"—"
"2207";"9";"—";"251000";"74 86 81";"10000";"Участвует в конкурсе";"1917320";"—"
"2208";"2";"—";"251000";"72 80 89";"10000";"Участвует в конкурсе";"2263975";"—"
"2209";"10";"—";"250000";"98 88 64";"—";"Участвует в конкурсе";"1566239";"—"
"2210";"16";"Электронное";"250000";"98 80 72";"—";"Участвует в конкурсе";"2228644";"—"
"2211";"10";"Электронное";"250000";"94 86 70";"—";"Участвует в конкурсе";"1471865";"—"
"2212";"21";"—";"250000";"93 84 73";"—";"Участвует в конкурсе";"2344974";"—"
"2213";"24";"—";"250000";"90 94 66";"—";"Участвует в конкурсе";"1261847";"—"
"2214";"3";"—";"250000";"88 92 70";"—";"Участвует в конкурсе";"2128435";"—"
"2215";"13";"—";"250000";"88 84 78";"—";"Участвует в конкурсе";"1334271";"—"
"2216";"16";"—";"250000";"86 86 78";"—";"Участвует в конкурсе";"1355963";"—"
"2217";"9";"Электронное";"250000";"85 90 75";"—";"Участвует в конкурсе";"1330356";"—"
"2218";"14";"—";"250000";"85 90 75";"—";"Участвует в конкурсе";"1181882";"—"
"2219";"14";"Электронное";"250000";"85 84 81";"—";"Участвует в конкурсе";"1489613";"—"
"2220";"3";"—";"250000";"85 84 81";"—";"Участвует в конкурсе";"2024565";"—"
"2221";"6";"—";"250000";"85 82 83";"—";"Участвует в конкурсе";"972455";"—"
"2222";"14";"Электронное";"250000";"85 82 83";"—";"Участвует в конкурсе";"2188656";"—"
"2223";"12";"—";"250000";"85 82 83";"—";"Участвует в конкурсе";"2239537";"—"
"2224";"30";"—";"250000";"83 97 70";"—";"Участвует в конкурсе";"1915064";"—"
"2225";"2";"—";"250000";"83 94 73";"—";"Участвует в конкурсе";"2056603";"—"
"2226";"8";"—";"250000";"83 92 75";"—";"Участвует в конкурсе";"1242223";"—"
"2227";"12";"—";"250000";"83 92 75";"—";"Участвует в конкурсе";"1061711";"—"
"2228";"19";"—";"250000";"83 76 91";"—";"Участвует в конкурсе";"2124279";"—"
"2229";"13";"Электронное";"250000";"80 95 75";"—";"Участвует в конкурсе";"2055456";"—"
"2230";"23";"—";"250000";"80 92 78";"—";"Участвует в конкурсе";"2017597";"—"
"2231";"1";"—";"250000";"80 92 78";"—";"Участвует в конкурсе";"1236376";"—"
"2232";"3";"—";"250000";"80 84 86";"—";"Участвует в конкурсе";"1798520";"—"
"2233";"13";"—";"250000";"80 84 86";"—";"Участвует в конкурсе";"2273586";"—"
"2234";"5";"—";"250000";"78 78 94";"—";"Участвует в конкурсе";"1701606";"—"
"2235";"3";"—";"250000";"94 76 78";"2000";"Участвует в конкурсе";"1615514";"—"
"2236";"6";"—";"250000";"93 80 75";"2000";"Участвует в конкурсе";"2412583";"—"
"2237";"10";"Электронное";"250000";"83 84 81";"2000";"Участвует в конкурсе";"2213290";"—"
"2238";"7";"—";"250000";"93 82 72";"3000";"Участвует в конкурсе";"1614190";"—"
"2239";"3";"Электронное";"250000";"90 82 75";"3000";"Участвует в конкурсе";"1561554";"—"
"2240";"8";"—";"250000";"88 78 81";"3000";"Участвует в конкурсе";"1516722";"—"
"2241";"27";"—";"250000";"88 76 83";"3000";"Участвует в конкурсе";"1542737";"—"
"2242";"7";"—";"250000";"85 95 67";"3000";"Участвует в конкурсе";"2196562";"—"
"2244";"16";"—";"250000";"84 80 83";"3000";"Участвует в конкурсе";"1178303";"—"
"2245";"9";"Электронное";"250000";"83 86 78";"3000";"Участвует в конкурсе";"1559210";"—"
"2246";"4";"—";"250000";"82 84 81";"3000";"Участвует в конкурсе";"1998290";"—"
"2247";"17";"—";"250000";"80 84 83";"3000";"Участвует в конкурсе";"1996599";"—"
"2248";"4";"—";"250000";"80 84 83";"3000";"Участвует в конкурсе";"2230476";"—"
"2249";"10";"—";"250000";"79 82 86";"3000";"Участвует в конкурсе";"1138279";"—"
"2250";"25";"—";"250000";"78 78 91";"3000";"Участвует в конкурсе";"1961801";"—"
"2251";"24";"—";"250000";"70 80 97";"3000";"Участвует в конкурсе";"1606139";"—"
"2252";"11";"—";"250000";"93 82 70";"5000";"Участвует в конкурсе";"2308131";"—"
"2253";"29";"Электронное";"250000";"90 80 72";"8000";"Участвует в конкурсе";"2344860";"—"
"2254";"5";"Электронное";"250000";"80 76 86";"8000";"Участвует в конкурсе";"2227795";"—"
"2255";"1";"—";"250000";"62 80 100";"8000";"Участвует в конкурсе";"2179644";"—"
"2256";"4";"—";"250000";"100 68 72";"10000";"Участвует в конкурсе";"2077686";"—"
"2257";"5";"Электронное";"250000";"88 80 72";"10000";"Участвует в конкурсе";"1198386";"—"
"2258";"11";"Электронное";"250000";"85 80 75";"10000";"Участвует в конкурсе";"1493633";"—"
"2259";"14";"—";"250000";"85 80 75";"10000";"Участвует в конкурсе";"1792239";"—"
"2260";"15";"—";"250000";"85 80 75";"10000";"Участвует в конкурсе";"1423613";"—"
"2261";"4";"—";"250000";"85 74 81";"10000";"Участвует в конкурсе";"1792254";"—"
"2262";"11";"—";"250000";"83 84 73";"10000";"Участвует в конкурсе";"1207623";"—"
"2263";"11";"—";"250000";"83 84 73";"10000";"Участвует в конкурсе";"1995361";"—"
"2264";"9";"Электронное";"250000";"83 82 75";"10000";"Участвует в конкурсе";"1971554";"—"
"2265";"10";"Электронное";"250000";"83 82 75";"10000";"Участвует в конкурсе";"2139848";"—"
"2266";"10";"—";"250000";"83 82 75";"10000";"Участвует в конкурсе";"1435514";"—"
"2267";"6";"—";"250000";"83 76 81";"10000";"Участвует в конкурсе";"1304531";"—"
"2268";"9";"—";"250000";"83 76 81";"10000";"Участвует в конкурсе";"2141013";"—"
"2269";"8";"—";"250000";"83 76 81";"10000";"Участвует в конкурсе";"1784334";"—"
"2270";"9";"—";"250000";"83 76 81";"10000";"Участвует в конкурсе";"1692034";"—"
"2271";"11";"—";"250000";"82 80 78";"10000";"Участвует в конкурсе";"1839169";"—"
"2273";"2";"—";"250000";"80 74 86";"10000";"Участвует в конкурсе";"1641527";"—"
"2274";"20";"—";"250000";"80 74 86";"10000";"Участвует в конкурсе";"2266847";"—"
"2275";"4";"—";"250000";"78 76 86";"10000";"Участвует в конкурсе";"2300526";"—"
"2276";"6";"—";"250000";"77 90 73";"10000";"Участвует в конкурсе";"2082511";"—"
"2277";"3";"—";"250000";"77 82 81";"10000";"Участвует в конкурсе";"2219107";"—"
"2278";"6";"—";"250000";"75 82 83";"10000";"Участвует в конкурсе";"1412838";"—"
"2279";"18";"—";"250000";"75 82 83";"10000";"Участвует в конкурсе";"2274228";"—"
"2280";"12";"—";"250000";"75 76 89";"10000";"Участвует в конкурсе";"2214640";"—"
"2281";"3";"—";"250000";"73 86 81";"10000";"Участвует в конкурсе";"1974874";"—"
"2284";"2";"—";"250000";"67 82 91";"10000";"Участвует в конкурсе";"947733";"—"
"2285";"17";"—";"250000";"64 82 94";"10000";"Участвует в конкурсе";"2365032";"—"
"2286";"7";"Электронное";"250000";"62 95 83";"10000";"Участвует в конкурсе";"1620689";"—"
"2287";"11";"Электронное";"249000";"95 88 66";"—";"Участвует в конкурсе";"1690299";"—"
"2288";"8";"Электронное";"249000";"95 82 72";"—";"Участвует в конкурсе";"1210078";"—"
"2289";"3";"—";"249000";"94 86 69";"—";"Участвует в конкурсе";"2141004";"—"
"2290";"7";"—";"249000";"90 95 64";"—";"Участвует в конкурсе";"1316982";"—"
"2291";"1";"—";"249000";"90 86 73";"—";"Участвует в конкурсе";"1121940";"—"
"2292";"18";"Электронное";"249000";"90 84 75";"—";"Участвует в конкурсе";"2142489";"—"
"2293";"5";"—";"249000";"88 92 69";"—";"Участвует в конкурсе";"1203306";"—"
"2294";"2";"—";"249000";"88 86 75";"—";"Участвует в конкурсе";"2164244";"—"
"2295";"6";"Электронное";"249000";"88 78 83";"—";"Участвует в конкурсе";"1310747";"—"
"2296";"2";"Электронное";"249000";"85 78 86";"—";"Участвует в конкурсе";"1732007";"—"
"2297";"2";"—";"249000";"84 82 83";"—";"Участвует в конкурсе";"1613263";"—"
"2299";"6";"—";"249000";"83 88 78";"—";"Участвует в конкурсе";"2310295";"—"
"2300";"12";"—";"249000";"83 88 78";"—";"Участвует в конкурсе";"2336346";"—"
"2301";"16";"—";"249000";"83 80 86";"—";"Участвует в конкурсе";"1982816";"—"
"2302";"11";"—";"249000";"82 94 73";"—";"Участвует в конкурсе";"1114346";"—"
"2303";"5";"Электронное";"249000";"80 86 83";"—";"Участвует в конкурсе";"1998165";"—"
"2304";"6";"—";"249000";"80 80 89";"—";"Участвует в конкурсе";"1217011";"—"
"2305";"9";"—";"249000";"80 80 89";"—";"Участвует в конкурсе";"1721141";"—"
"2306";"12";"—";"249000";"79 84 86";"—";"Участвует в конкурсе";"1909835";"—"
"2307";"1";"Электронное";"249000";"78 88 83";"—";"Участвует в конкурсе";"1972188";"—"
"2309";"5";"—";"249000";"88 84 75";"2000";"Участвует в конкурсе";"1648974";"—"
"2310";"5";"Электронное";"249000";"83 94 70";"2000";"Участвует в конкурсе";"1644387";"—"
"2311";"25";"—";"249000";"93 80 73";"3000";"Участвует в конкурсе";"2333034";"—"
"2312";"30";"—";"249000";"90 90 66";"3000";"Участвует в конкурсе";"2054046";"—"
"2313";"2";"—";"249000";"90 86 70";"3000";"Участвует в конкурсе";"2268322";"—"
"2314";"9";"—";"249000";"88 92 66";"3000";"Участвует в конкурсе";"2104942";"—"
"2315";"16";"—";"249000";"88 80 78";"3000";"Участвует в конкурсе";"2055730";"—"
"2316";"19";"—";"249000";"85 78 83";"3000";"Участвует в конкурсе";"1266040";"—"
"2317";"14";"—";"249000";"83 90 73";"3000";"Участвует в конкурсе";"2087656";"—"
"2318";"14";"—";"249000";"83 82 81";"3000";"Участвует в конкурсе";"1839982";"—"
"2319";"18";"—";"249000";"83 80 83";"3000";"Участвует в конкурсе";"1983286";"—"
"2320";"1";"—";"249000";"83 80 83";"3000";"Участвует в конкурсе";"1809720";"—"
"2322";"4";"—";"249000";"75 80 91";"3000";"Участвует в конкурсе";"2261807";"—"
"2323";"14";"—";"249000";"83 78 83";"5000";"Участвует в конкурсе";"2363046";"—"
"2324";"3";"Электронное";"249000";"78 80 86";"5000";"Участвует в конкурсе";"1617354";"—"
"2325";"11";"—";"249000";"75 94 75";"5000";"Участвует в конкурсе";"2390551";"—"
"2326";"8";"—";"249000";"90 84 67";"8000";"Участвует в конкурсе";"1620557";"—"
"2327";"2";"—";"249000";"90 76 73";"10000";"Участвует в конкурсе";"1517581";"—"
"2328";"2";"—";"249000";"86 78 75";"10000";"Участвует в конкурсе";"1175295";"—"
"2329";"5";"Электронное";"249000";"85 84 70";"10000";"Участвует в конкурсе";"2422203";"—"
"2330";"15";"—";"249000";"85 76 78";"10000";"Участвует в конкурсе";"1426056";"—"
"2331";"20";"—";"249000";"84 82 73";"10000";"Участвует в конкурсе";"1608599";"—"
"2332";"3";"—";"249000";"83 86 70";"10000";"Участвует в конкурсе";"1724344";"—"
"2333";"6";"—";"249000";"83 86 70";"10000";"Участвует в конкурсе";"1792209";"—"
"2334";"5";"—";"249000";"83 84 72";"10000";"Участвует в конкурсе";"1717973";"—"
"2335";"11";"—";"249000";"83 84 72";"10000";"Участвует в конкурсе";"2033672";"—"
"2336";"8";"—";"249000";"82 88 69";"10000";"Участвует в конкурсе";"1853641";"—"
"2337";"2";"—";"249000";"82 76 81";"10000";"Участвует в конкурсе";"890621";"—"
"2338";"14";"—";"249000";"82 74 83";"10000";"Участвует в конкурсе";"2313785";"—"
"2339";"3";"Электронное";"249000";"80 86 73";"10000";"Участвует в конкурсе";"1696277";"—"
"2340";"3";"—";"249000";"80 84 75";"10000";"Участвует в конкурсе";"1957727";"—"
"2341";"2";"—";"249000";"80 78 81";"10000";"Участвует в конкурсе";"1759649";"—"
"2342";"25";"—";"249000";"80 78 81";"10000";"Участвует в конкурсе";"1570322";"—"
"2343";"4";"—";"249000";"80 76 83";"10000";"Участвует в конкурсе";"1282693";"—"
"2344";"8";"—";"249000";"80 70 89";"10000";"Участвует в конкурсе";"2250517";"—"
"2345";"14";"Электронное";"249000";"78 92 69";"10000";"Участвует в конкурсе";"1858405";"—"
"2346";"7";"—";"249000";"78 86 75";"10000";"Участвует в конкурсе";"1720512";"—"
"2347";"18";"—";"249000";"78 80 81";"10000";"Участвует в конкурсе";"1628229";"—"
"2348";"6";"—";"249000";"78 80 81";"10000";"Участвует в конкурсе";"1404321";"—"
"2349";"15";"Электронное";"249000";"78 78 83";"10000";"Участвует в конкурсе";"1578596";"—"
"2350";"7";"—";"249000";"78 78 83";"10000";"Участвует в конкурсе";"2054762";"—"
"2351";"25";"—";"249000";"75 78 86";"10000";"Участвует в конкурсе";"2138780";"—"
"2352";"18";"—";"249000";"75 78 86";"10000";"Участвует в конкурсе";"2307226";"—"
"2353";"6";"—";"249000";"74 82 83";"10000";"Участвует в конкурсе";"1822260";"—"
"2354";"27";"—";"249000";"72 86 81";"10000";"Участвует в конкурсе";"2366547";"—"
"2355";"19";"—";"249000";"70 78 91";"10000";"Участвует в конкурсе";"2228335";"—"
"2356";"3";"—";"249000";"68 78 93";"10000";"Участвует в конкурсе";"987490";"—"
"2357";"10";"Электронное";"248000";"100 88 60";"—";"Участвует в конкурсе";"1281387";"—"
"2358";"8";"—";"248000";"93 82 73";"—";"Участвует в конкурсе";"1583956";"—"
"2359";"7";"Электронное";"248000";"93 82 73";"—";"Участвует в конкурсе";"2312128";"—"
"2360";"12";"—";"248000";"90 92 66";"—";"Участвует в конкурсе";"2133476";"—"
"2361";"13";"—";"248000";"90 80 78";"—";"Участвует в конкурсе";"1847634";"—"
"2362";"21";"—";"248000";"90 76 82";"—";"Участвует в конкурсе";"2417177";"—"
"2363";"14";"—";"248000";"88 90 70";"—";"Участвует в конкурсе";"1749356";"—"
"2364";"9";"—";"248000";"88 88 72";"—";"Участвует в конкурсе";"1870453";"—"
"2366";"8";"—";"248000";"88 74 86";"—";"Участвует в конкурсе";"1637950";"—"
"2367";"10";"—";"248000";"86 90 72";"—";"Участвует в конкурсе";"2313219";"—"
"2368";"12";"—";"248000";"85 90 73";"—";"Участвует в конкурсе";"2345621";"—"
"2369";"10";"—";"248000";"85 88 75";"—";"Участвует в конкурсе";"1604437";"—"
"2370";"30";"—";"248000";"85 82 81";"—";"Участвует в конкурсе";"1176423";"—"
"2371";"1";"—";"248000";"85 82 81";"—";"Участвует в конкурсе";"1552807";"—"
"2372";"18";"—";"248000";"85 80 83";"—";"Участвует в конкурсе";"1781770";"—"
"2373";"4";"—";"248000";"85 72 91";"—";"Участвует в конкурсе";"2411385";"—"
"2374";"5";"—";"248000";"83 96 69";"—";"Участвует в конкурсе";"1277403";"—"
"2375";"18";"Электронное";"248000";"83 90 75";"—";"Участвует в конкурсе";"1640389";"—"
"2376";"1";"—";"248000";"83 84 81";"—";"Участвует в конкурсе";"1249771";"—"
"2379";"21";"—";"248000";"83 82 83";"—";"Участвует в конкурсе";"1854981";"—"
"2380";"29";"Электронное";"248000";"80 96 72";"—";"Участвует в конкурсе";"1359499";"—"
"2381";"8";"—";"248000";"80 96 72";"—";"Участвует в конкурсе";"1492788";"—"
"2382";"11";"—";"248000";"80 82 86";"—";"Участвует в конкурсе";"1647316";"—"
"2384";"5";"—";"248000";"78 84 86";"—";"Участвует в конкурсе";"1578125";"—"
"2385";"8";"Электронное";"248000";"78 84 86";"—";"Участвует в конкурсе";"2180512";"—"
"2386";"1";"—";"248000";"78 84 86";"—";"Участвует в конкурсе";"1993207";"—"
"2388";"5";"—";"248000";"74 80 94";"—";"Участвует в конкурсе";"1900742";"—"
"2389";"20";"—";"248000";"85 80 81";"2000";"Участвует в конкурсе";"1678840";"—"
"2390";"23";"Электронное";"248000";"83 82 81";"2000";"Участвует в конкурсе";"1625123";"—"
"2391";"2";"—";"248000";"83 80 83";"2000";"Участвует в конкурсе";"1898791";"—"
"2392";"5";"Электронное";"248000";"90 82 73";"3000";"Участвует в конкурсе";"1391227";"—"
"2393";"15";"—";"248000";"88 88 69";"3000";"Участвует в конкурсе";"1580949";"—"
"2394";"4";"—";"248000";"88 84 73";"3000";"Участвует в конкурсе";"1699900";"—"
"2395";"21";"—";"248000";"85 82 78";"3000";"Участвует в конкурсе";"970676";"—"
"2396";"24";"—";"248000";"85 82 78";"3000";"Участвует в конкурсе";"1344061";"—"
"2397";"3";"—";"248000";"83 84 78";"3000";"Участвует в конкурсе";"2393805";"—"
"2399";"29";"—";"248000";"78 78 89";"3000";"Участвует в конкурсе";"2266822";"—"
"2400";"20";"Электронное";"248000";"73 82 89";"4000";"Участвует в конкурсе";"2225064";"—"
"2402";"8";"Электронное";"248000";"88 82 72";"6000";"Участвует в конкурсе";"1642793";"—"
"2403";"4";"—";"248000";"85 82 73";"8000";"Участвует в конкурсе";"1246030";"—"
"2404";"5";"—";"248000";"93 82 63";"10000";"Участвует в конкурсе";"2274523";"—"
"2405";"27";"—";"248000";"88 84 66";"10000";"Участвует в конкурсе";"1185442";"—"
"2406";"21";"—";"248000";"85 84 69";"10000";"Участвует в конкурсе";"2344280";"—"
"2408";"17";"—";"248000";"83 82 73";"10000";"Участвует в конкурсе";"2228042";"—"
"2409";"3";"—";"248000";"83 80 75";"10000";"Участвует в конкурсе";"2311688";"—"
"2410";"4";"Электронное";"248000";"83 74 81";"10000";"Участвует в конкурсе";"2315146";"—"
"2411";"5";"—";"248000";"80 80 78";"10000";"Участвует в конкурсе";"1725189";"—"
"2412";"6";"—";"248000";"80 72 86";"10000";"Участвует в конкурсе";"2181016";"—"
"2413";"4";"—";"248000";"80 72 86";"10000";"Участвует в конкурсе";"1833366";"—"
"2414";"8";"—";"248000";"79 76 83";"10000";"Участвует в конкурсе";"1369474";"—"
"2415";"23";"Электронное";"248000";"78 90 70";"10000";"Участвует в конкурсе";"1794189";"—"
"2416";"8";"—";"248000";"78 82 78";"10000";"Участвует в конкурсе";"1997690";"—"
"2417";"16";"—";"248000";"77 86 75";"10000";"Участвует в конкурсе";"1852289";"—"
"2418";"5";"—";"248000";"76 76 86";"10000";"Участвует в конкурсе";"1306125";"—"
"2419";"2";"—";"248000";"75 90 73";"10000";"Участвует в конкурсе";"1521983";"—"
"2420";"5";"—";"248000";"75 90 73";"10000";"Участвует в конкурсе";"1940680";"—"
"2421";"10";"—";"248000";"75 82 81";"10000";"Участвует в конкурсе";"2267345";"—"
"2422";"1";"Электронное";"248000";"75 80 83";"10000";"Участвует в конкурсе";"1642643";"—"
"2423";"7";"—";"248000";"72 80 86";"10000";"Участвует в конкурсе";"1544166";"—"
"2425";"2";"—";"248000";"67 74 97";"10000";"Участвует в конкурсе";"1190301";"—"
"2426";"12";"—";"247000";"95 86 66";"—";"Участвует в конкурсе";"1632339";"—"
"2427";"3";"—";"247000";"94 86 67";"—";"Участвует в конкурсе";"1610654";"—"
"2428";"9";"—";"247000";"93 82 72";"—";"Участвует в конкурсе";"2243305";"—"
"2431";"10";"—";"247000";"90 84 73";"—";"Участвует в конкурсе";"2259446";"—"
"2432";"6";"—";"247000";"90 84 73";"—";"Участвует в конкурсе";"1208645";"—"
"2433";"2";"—";"247000";"88 86 73";"—";"Участвует в конкурсе";"2250994";"—"
"2435";"7";"—";"247000";"88 78 81";"—";"Участвует в конкурсе";"2089313";"—"
"2436";"9";"—";"247000";"85 92 70";"—";"Участвует в конкурсе";"2225940";"—"
"2437";"6";"Электронное";"247000";"85 90 72";"—";"Участвует в конкурсе";"1067368";"—"
"2438";"10";"—";"247000";"85 84 78";"—";"Участвует в конкурсе";"1723307";"—"
"2439";"9";"—";"247000";"85 84 78";"—";"Участвует в конкурсе";"1563702";"—"
"2440";"23";"—";"247000";"83 95 69";"—";"Участвует в конкурсе";"1639079";"—"
"2441";"14";"—";"247000";"83 86 78";"—";"Участвует в конкурсе";"984644";"—"
"2442";"12";"—";"247000";"83 78 86";"—";"Участвует в конкурсе";"1354230";"—"
"2443";"14";"—";"247000";"82 84 81";"—";"Участвует в конкурсе";"1406264";"—"
"2444";"11";"Электронное";"247000";"80 86 81";"—";"Участвует в конкурсе";"2163021";"—"
"2446";"2";"—";"247000";"80 84 83";"—";"Участвует в конкурсе";"1910690";"—"
"2447";"5";"—";"247000";"80 76 91";"—";"Участвует в конкурсе";"1948356";"—"
"2448";"21";"—";"247000";"78 86 83";"—";"Участвует в конкурсе";"2294219";"—"
"2449";"14";"Электронное";"247000";"78 78 91";"—";"Участвует в конкурсе";"1397215";"—"
"2450";"9";"—";"247000";"78 78 91";"—";"Участвует в конкурсе";"2313102";"—"
"2451";"15";"—";"247000";"75 86 86";"—";"Участвует в конкурсе";"1289240";"—"
"2452";"23";"—";"247000";"75 78 94";"—";"Участвует в конкурсе";"1729897";"—"
"2453";"14";"—";"247000";"72 92 83";"—";"Участвует в конкурсе";"1800977";"—"
"2455";"5";"—";"247000";"80 92 73";"2000";"Участвует в конкурсе";"1954619";"—"
"2456";"1";"—";"247000";"80 90 75";"2000";"Участвует в конкурсе";"1961419";"—"
"2457";"6";"—";"247000";"92 86 66";"3000";"Участвует в конкурсе";"1781680";"—"
"2458";"2";"Электронное";"247000";"90 82 72";"3000";"Участвует в конкурсе";"1776765";"—"
"2459";"13";"—";"247000";"85 84 75";"3000";"Участвует в конкурсе";"2219042";"—"
"2460";"22";"—";"247000";"83 88 73";"3000";"Участвует в конкурсе";"2159073";"—"
"2461";"1";"Электронное";"247000";"83 88 73";"3000";"Участвует в конкурсе";"992313";"—"
"2462";"3";"—";"247000";"80 86 78";"3000";"Участвует в конкурсе";"1291839";"—"
"2463";"13";"—";"247000";"78 88 78";"3000";"Участвует в конкурсе";"1275943";"—"
"2464";"4";"—";"247000";"78 88 78";"3000";"Участвует в конкурсе";"1443880";"—"
"2465";"3";"—";"247000";"78 80 86";"3000";"Участвует в конкурсе";"1984861";"—"
"2466";"5";"—";"247000";"75 88 81";"3000";"Участвует в конкурсе";"2246860";"—"
"2467";"11";"Электронное";"247000";"73 90 81";"3000";"Участвует в конкурсе";"1614222";"—"
"2468";"6";"Электронное";"247000";"72 78 94";"3000";"Участвует в конкурсе";"1636327";"—"
"2470";"28";"—";"247000";"90 80 73";"4000";"Участвует в конкурсе";"1366563";"—"
"2471";"3";"—";"247000";"88 80 75";"4000";"Участвует в конкурсе";"1549101";"—"
"2472";"10";"Электронное";"247000";"75 84 83";"5000";"Участвует в конкурсе";"2114839";"—"
"2473";"16";"—";"247000";"80 86 75";"6000";"Участвует в конкурсе";"1648328";"—"
"2474";"2";"—";"247000";"98 80 61";"8000";"Участвует в конкурсе";"1947675";"—"
"2476";"4";"—";"247000";"72 76 91";"8000";"Участвует в конкурсе";"1795815";"—"
"2477";"14";"—";"247000";"88 76 73";"10000";"Участвует в конкурсе";"1799665";"—"
"2478";"9";"—";"247000";"88 74 75";"10000";"Участвует в конкурсе";"2228944";"—"
"2480";"1";"—";"247000";"84 78 75";"10000";"Участвует в конкурсе";"1775342";"—"
"2481";"24";"—";"247000";"83 84 70";"10000";"Участвует в конкурсе";"2119723";"—"
"2482";"10";"—";"247000";"83 76 78";"10000";"Участвует в конкурсе";"1907308";"—"
"2483";"5";"—";"247000";"83 76 78";"10000";"Участвует в конкурсе";"2173610";"—"
"2484";"5";"—";"247000";"82 82 73";"10000";"Участвует в конкурсе";"1327005";"—"
"2485";"14";"Электронное";"247000";"82 80 75";"10000";"Участвует в конкурсе";"2228354";"—"
"2486";"10";"Электронное";"247000";"80 82 75";"10000";"Участвует в конкурсе";"1899790";"—"
"2487";"21";"—";"247000";"80 82 75";"10000";"Участвует в конкурсе";"1548714";"—"
"2488";"16";"—";"247000";"80 76 81";"10000";"Участвует в конкурсе";"2163674";"—"
"2489";"14";"—";"247000";"80 76 81";"10000";"Участвует в конкурсе";"2227186";"—"
"2490";"29";"—";"247000";"80 76 81";"10000";"Участвует в конкурсе";"2367846";"—"
"2491";"2";"—";"247000";"80 76 81";"10000";"Участвует в конкурсе";"2140427";"—"
"2492";"1";"—";"247000";"78 84 75";"10000";"Участвует в конкурсе";"2030859";"—"
"2493";"13";"Электронное";"247000";"78 84 75";"10000";"Участвует в конкурсе";"2270992";"—"
"2495";"15";"—";"247000";"72 84 81";"10000";"Участвует в конкурсе";"2137155";"—"
"2497";"20";"Электронное";"247000";"72 74 91";"10000";"Участвует в конкурсе";"2246379";"—"
"2498";"2";"Электронное";"247000";"70 70 97";"10000";"Участвует в конкурсе";"1681465";"—"
"2499";"7";"—";"246000";"100 88 58";"—";"Участвует в конкурсе";"1077846";"—"
"2500";"13";"—";"246000";"93 80 73";"—";"Участвует в конкурсе";"2361763";"—"
"2501";"2";"—";"246000";"93 78 75";"—";"Участвует в конкурсе";"1698505";"—"
"2503";"8";"—";"246000";"90 84 72";"—";"Участвует в конкурсе";"1571939";"—"
"2507";"3";"—";"246000";"88 88 70";"—";"Участвует в конкурсе";"1835919";"—"
"2509";"6";"—";"246000";"86 90 70";"—";"Участвует в конкурсе";"1975377";"—"
"2510";"5";"—";"246000";"86 88 72";"—";"Участвует в конкурсе";"1655141";"—"
"2511";"1";"—";"246000";"86 82 78";"—";"Участвует в конкурсе";"1697573";"—"
"2512";"6";"—";"246000";"85 88 73";"—";"Участвует в конкурсе";"1650006";"—"
"2513";"4";"—";"246000";"85 80 81";"—";"Участвует в конкурсе";"2367595";"—"
"2516";"9";"—";"246000";"84 92 70";"—";"Участвует в конкурсе";"1086890";"—"
"2518";"21";"—";"246000";"83 90 73";"—";"Участвует в конкурсе";"1843695";"—"
"2519";"10";"—";"246000";"83 90 73";"—";"Участвует в конкурсе";"1199279";"—"
"2520";"27";"—";"246000";"83 80 83";"—";"Участвует в конкурсе";"2240775";"—"
"2521";"3";"—";"246000";"83 78 85";"—";"Участвует в конкурсе";"2260405";"—"
"2524";"16";"—";"246000";"80 80 86";"—";"Участвует в конкурсе";"2226823";"—"
"2525";"11";"—";"246000";"78 90 78";"—";"Участвует в конкурсе";"2259359";"—"
"2526";"3";"—";"246000";"78 82 86";"—";"Участвует в конкурсе";"1350465";"—"
"2527";"1";"—";"246000";"77 88 81";"—";"Участвует в конкурсе";"1036900";"—"
"2528";"18";"—";"246000";"75 90 81";"—";"Участвует в конкурсе";"1800703";"—"
"2529";"9";"—";"246000";"93 80 70";"3000";"Участвует в конкурсе";"1179895";"—"
"2530";"30";"—";"246000";"90 80 73";"3000";"Участвует в конкурсе";"2045213";"—"
"2532";"20";"—";"246000";"88 88 67";"3000";"Участвует в конкурсе";"1380007";"—"
"2533";"14";"—";"246000";"88 82 73";"3000";"Участвует в конкурсе";"1839893";"—"
"2534";"8";"—";"246000";"88 82 73";"3000";"Участвует в конкурсе";"1701762";"—"
"2535";"3";"—";"246000";"85 86 72";"3000";"Участвует в конкурсе";"2219836";"—"
"2536";"14";"—";"246000";"85 80 78";"3000";"Участвует в конкурсе";"2312696";"—"
"2537";"13";"—";"246000";"85 72 86";"3000";"Участвует в конкурсе";"2321755";"—"
"2539";"9";"—";"246000";"83 82 78";"3000";"Участвует в конкурсе";"1337033";"—"
"2540";"2";"—";"246000";"83 74 86";"3000";"Участвует в конкурсе";"2028759";"—"
"2541";"6";"—";"246000";"80 90 73";"3000";"Участвует в конкурсе";"1479502";"—"
"2542";"16";"—";"246000";"80 82 81";"3000";"Участвует в конкурсе";"1956143";"—"
"2543";"16";"—";"246000";"80 74 89";"3000";"Участвует в конкурсе";"1963334";"—"
"2544";"2";"—";"246000";"80 74 89";"3000";"Участвует в конкурсе";"1434780";"—"
"2545";"16";"—";"246000";"75 95 73";"3000";"Участвует в конкурсе";"1359427";"—"
"2546";"23";"—";"246000";"75 82 86";"3000";"Участвует в конкурсе";"1254708";"—"
"2547";"15";"Электронное";"246000";"75 82 86";"3000";"Участвует в конкурсе";"2169399";"—"
"2548";"4";"Электронное";"246000";"83 76 81";"6000";"Участвует в конкурсе";"1396911";"—"
"2549";"9";"—";"246000";"90 80 69";"7000";"Участвует в конкурсе";"1214968";"—"
"2550";"13";"—";"246000";"85 76 78";"7000";"Участвует в конкурсе";"1497456";"—"
"2551";"9";"—";"246000";"72 84 83";"7000";"Участвует в конкурсе";"2248944";"—"
"2552";"7";"Электронное";"246000";"88 78 72";"8000";"Участвует в конкурсе";"1584911";"—"
"2554";"1";"—";"246000";"85 82 69";"10000";"Участвует в конкурсе";"1188195";"—"
"2555";"2";"—";"246000";"85 78 73";"10000";"Участвует в конкурсе";"975598";"—"
"2556";"30";"—";"246000";"83 84 69";"10000";"Участвует в конкурсе";"1365871";"—"
"2557";"21";"—";"246000";"83 80 73";"10000";"Участвует в конкурсе";"1583160";"—"
"2559";"1";"—";"246000";"80 86 70";"10000";"Участвует в конкурсе";"1841244";"—"
"2560";"2";"—";"246000";"80 78 78";"10000";"Участвует в конкурсе";"1279933";"—"
"2561";"2";"Электронное";"246000";"80 78 78";"10000";"Участвует в конкурсе";"2246087";"—"
"2562";"23";"Электронное";"246000";"78 86 72";"10000";"Участвует в конкурсе";"1518754";"—"
"2563";"10";"—";"246000";"78 80 78";"10000";"Участвует в конкурсе";"1958656";"—"
"2565";"30";"—";"246000";"78 80 78";"10000";"Участвует в конкурсе";"2360215";"—"
"2566";"15";"Электронное";"246000";"78 72 86";"10000";"Участвует в конкурсе";"1499331";"—"
"2568";"2";"—";"246000";"77 78 81";"10000";"Участвует в конкурсе";"1494758";"—"
"2569";"27";"—";"246000";"75 78 83";"10000";"Участвует в конкурсе";"1363035";"—"
"2570";"29";"—";"246000";"72 78 86";"10000";"Участвует в конкурсе";"1712794";"—"
"2572";"1";"—";"246000";"64 86 86";"10000";"Участвует в конкурсе";"2133492";"—"
"2574";"7";"Электронное";"245000";"88 82 75";"—";"Участвует в конкурсе";"1365911";"—"
"2575";"24";"Электронное";"245000";"88 76 81";"—";"Участвует в конкурсе";"1795772";"—"
"2579";"30";"Электронное";"245000";"80 92 73";"—";"Участвует в конкурсе";"1783503";"—"
"2580";"11";"—";"245000";"80 90 75";"—";"Участвует в конкурсе";"1404029";"—"
"2582";"7";"—";"245000";"80 82 83";"—";"Участвует в конкурсе";"2177712";"—"
"2583";"26";"Электронное";"245000";"80 82 83";"—";"Участвует в конкурсе";"1176861";"—"
"2584";"1";"—";"245000";"80 78 87";"—";"Участвует в конкурсе";"2370555";"—"
"2585";"11";"—";"245000";"78 94 73";"—";"Участвует в конкурсе";"1796506";"—"
"2587";"21";"—";"245000";"78 86 81";"—";"Участвует в конкурсе";"2421624";"—"
"2588";"5";"—";"245000";"78 84 83";"—";"Участвует в конкурсе";"1413290";"—"
"2589";"23";"—";"245000";"78 84 83";"—";"Участвует в конкурсе";"1435716";"—"
"2590";"5";"Электронное";"245000";"76 94 75";"—";"Участвует в конкурсе";"1908727";"—"
"2593";"21";"Электронное";"245000";"72 84 89";"—";"Участвует в конкурсе";"1727596";"—"
"2594";"5";"Электронное";"245000";"72 82 91";"—";"Участвует в конкурсе";"1211321";"—"
"2595";"7";"—";"245000";"80 90 73";"2000";"Участвует в конкурсе";"1140702";"—"
"2596";"11";"Электронное";"245000";"80 82 81";"2000";"Участвует в конкурсе";"1284288";"—"
"2597";"3";"—";"245000";"78 90 75";"2000";"Участвует в конкурсе";"1621821";"—"
"2598";"3";"—";"245000";"72 90 81";"2000";"Участвует в конкурсе";"1190406";"—"
"2600";"13";"—";"245000";"70 84 89";"2000";"Участвует в конкурсе";"2098637";"—"
"2601";"5";"—";"245000";"95 80 67";"3000";"Участвует в конкурсе";"1902464";"—"
"2602";"2";"—";"245000";"90 80 72";"3000";"Участвует в конкурсе";"1847704";"—"
"2604";"5";"—";"245000";"83 86 73";"3000";"Участвует в конкурсе";"2155601";"—"
"2605";"15";"—";"245000";"83 86 73";"3000";"Участвует в конкурсе";"1509282";"—"
"2606";"13";"Электронное";"245000";"83 78 81";"3000";"Участвует в конкурсе";"2412870";"—"
"2609";"7";"—";"245000";"78 95 69";"3000";"Участвует в конкурсе";"2259685";"—"
"2610";"13";"—";"245000";"88 86 66";"5000";"Участвует в конкурсе";"1619582";"—"
"2611";"5";"—";"245000";"78 84 78";"5000";"Участвует в конкурсе";"1290778";"—"
"2612";"5";"Электронное";"245000";"86 84 69";"6000";"Участвует в конкурсе";"1644284";"—"
"2613";"2";"Электронное";"245000";"72 94 73";"6000";"Участвует в конкурсе";"985194";"—"
"2614";"12";"—";"245000";"88 80 69";"8000";"Участвует в конкурсе";"2178050";"—"
"2615";"12";"—";"245000";"80 84 73";"8000";"Участвует в конкурсе";"1419238";"—"
"2616";"8";"—";"245000";"78 84 75";"8000";"Участвует в конкурсе";"1437671";"—"
"2617";"10";"—";"245000";"88 78 69";"10000";"Участвует в конкурсе";"1284721";"—"
"2619";"13";"—";"245000";"88 78 69";"10000";"Участвует в конкурсе";"2171154";"—"
"2620";"29";"—";"245000";"88 72 75";"10000";"Участвует в конкурсе";"1844558";"—"
"2621";"2";"Электронное";"245000";"85 80 70";"10000";"Участвует в конкурсе";"1851448";"—"
"2622";"21";"—";"245000";"85 80 70";"10000";"Участвует в конкурсе";"2251976";"—"
"2623";"7";"—";"245000";"84 78 73";"10000";"Участвует в конкурсе";"1994580";"—"
"2624";"14";"—";"245000";"83 80 72";"10000";"Участвует в конкурсе";"2248470";"—"
"2625";"16";"Электронное";"245000";"82 78 75";"10000";"Участвует в конкурсе";"1731696";"—"
"2626";"18";"—";"245000";"82 78 75";"10000";"Участвует в конкурсе";"1706403";"—"
"2627";"7";"—";"245000";"80 88 67";"10000";"Участвует в конкурсе";"2087856";"—"
"2628";"14";"Электронное";"245000";"80 74 81";"10000";"Участвует в конкурсе";"1363329";"—"
"2629";"6";"—";"245000";"80 72 83";"10000";"Участвует в конкурсе";"1198284";"—"
"2630";"14";"—";"245000";"78 84 73";"10000";"Участвует в конкурсе";"1946698";"—"
"2631";"2";"Электронное";"245000";"78 82 75";"10000";"Участвует в конкурсе";"1263194";"—"
"2632";"3";"—";"245000";"77 80 78";"10000";"Участвует в конкурсе";"1409663";"—"
"2633";"5";"—";"245000";"76 78 81";"10000";"Участвует в конкурсе";"1992540";"—"
"2634";"22";"—";"245000";"75 88 72";"10000";"Участвует в конкурсе";"1129874";"—"
"2635";"8";"—";"245000";"75 82 78";"10000";"Участвует в конкурсе";"1977750";"—"
"2636";"10";"Электронное";"245000";"74 94 67";"10000";"Участвует в конкурсе";"2000878";"—"
"2637";"19";"Электронное";"245000";"73 84 78";"10000";"Участвует в конкурсе";"1416326";"—"
"2638";"13";"—";"245000";"72 88 75";"10000";"Участвует в конкурсе";"1422159";"—"
"2639";"21";"—";"245000";"72 80 83";"10000";"Участвует в конкурсе";"1303603";"—"
"2640";"4";"—";"245000";"71 78 86";"10000";"Участвует в конкурсе";"1551517";"—"
"2641";"13";"—";"245000";"70 84 81";"10000";"Участвует в конкурсе";"2340151";"—"
"2642";"11";"—";"245000";"67 82 86";"10000";"Участвует в конкурсе";"1365779";"—"
"2643";"7";"—";"244000";"96 78 70";"—";"Участвует в конкурсе";"1233174";"—"
"2644";"5";"—";"244000";"94 80 70";"—";"Участвует в конкурсе";"1904650";"—"
"2646";"3";"—";"244000";"90 84 70";"—";"Участвует в конкурсе";"2321356";"—"
"2647";"2";"—";"244000";"90 84 70";"—";"Участвует в конкурсе";"2272296";"—"
"2648";"7";"—";"244000";"90 82 72";"—";"Участвует в конкурсе";"1615684";"—"
"2649";"18";"—";"244000";"90 82 72";"—";"Участвует в конкурсе";"2363438";"—"
"2650";"11";"—";"244000";"85 90 69";"—";"Участвует в конкурсе";"1519689";"—"
"2652";"10";"Электронное";"244000";"85 84 75";"—";"Участвует в конкурсе";"2000341";"—"
"2653";"13";"—";"244000";"83 80 81";"—";"Участвует в конкурсе";"1998113";"—"
"2654";"11";"—";"244000";"83 80 81";"—";"Участвует в конкурсе";"1939015";"—"
"2655";"7";"—";"244000";"83 78 83";"—";"Участвует в конкурсе";"2052895";"—"
"2657";"14";"—";"244000";"80 95 69";"—";"Участвует в конкурсе";"1289786";"—"
"2659";"7";"—";"244000";"78 94 72";"—";"Участвует в конкурсе";"1718116";"—"
"2660";"2";"—";"244000";"76 82 86";"—";"Участвует в конкурсе";"1639714";"—"
"2661";"7";"—";"244000";"75 78 91";"—";"Участвует в конкурсе";"2175374";"—"
"2662";"13";"—";"244000";"84 88 70";"2000";"Участвует в конкурсе";"1252225";"—"
"2663";"25";"Электронное";"244000";"83 86 73";"2000";"Участвует в конкурсе";"1526408";"—"
"2664";"12";"—";"244000";"83 76 83";"2000";"Участвует в конкурсе";"2239491";"—"
"2665";"10";"—";"244000";"72 76 94";"2000";"Участвует в конкурсе";"1248323";"—"
"2666";"8";"—";"244000";"93 84 64";"3000";"Участвует в конкурсе";"2224708";"—"
"2667";"19";"—";"244000";"88 86 67";"3000";"Участвует в конкурсе";"1306892";"—"
"2668";"4";"—";"244000";"88 78 75";"3000";"Участвует в конкурсе";"1204752";"—"
"2669";"23";"—";"244000";"86 88 67";"3000";"Участвует в конкурсе";"2224036";"—"
"2670";"7";"—";"244000";"85 86 70";"3000";"Участвует в конкурсе";"1432660";"—"
"2671";"9";"—";"244000";"85 84 72";"3000";"Участвует в конкурсе";"1504212";"—"
"2672";"4";"—";"244000";"77 86 78";"3000";"Участвует в конкурсе";"1165554";"—"
"2673";"10";"—";"244000";"85 76 78";"5000";"Участвует в конкурсе";"1174910";"—"
"2674";"3";"Электронное";"244000";"80 80 78";"6000";"Участвует в конкурсе";"2037344";"—"
"2676";"5";"—";"244000";"80 78 78";"8000";"Участвует в конкурсе";"1833659";"—"
"2677";"14";"—";"244000";"88 86 60";"10000";"Участвует в конкурсе";"2305227";"—"
"2678";"19";"—";"244000";"88 80 66";"10000";"Участвует в конкурсе";"1185449";"—"
"2679";"22";"—";"244000";"86 78 70";"10000";"Участвует в конкурсе";"1962763";"—"
"2680";"1";"—";"244000";"85 74 75";"10000";"Участвует в конкурсе";"1244346";"—"
"2682";"11";"—";"244000";"83 64 87";"10000";"Участвует в конкурсе";"1003824";"—"
"2683";"2";"—";"244000";"80 76 78";"10000";"Участвует в конкурсе";"1653127";"—"
"2684";"19";"—";"244000";"80 76 78";"10000";"Участвует в конкурсе";"2425016";"—"
"2685";"15";"—";"244000";"79 74 81";"10000";"Участвует в конкурсе";"2185731";"—"
"2686";"5";"—";"244000";"78 86 70";"10000";"Участвует в конкурсе";"2213873";"—"
"2687";"2";"—";"244000";"77 74 83";"10000";"Участвует в конкурсе";"1093017";"—"
"2688";"12";"—";"244000";"75 84 75";"10000";"Участвует в конкурсе";"1118141";"—"
"2689";"5";"—";"244000";"75 84 75";"10000";"Участвует в конкурсе";"1286420";"—"
"2690";"7";"—";"244000";"75 84 75";"10000";"Участвует в конкурсе";"1514322";"—"
"2691";"3";"—";"244000";"73 88 73";"10000";"Участвует в конкурсе";"2340130";"—"
"2692";"4";"—";"244000";"70 78 86";"10000";"Участвует в конкурсе";"1043460";"—"
"2693";"6";"—";"243000";"90 86 67";"—";"Участвует в конкурсе";"2271598";"—"
"2694";"18";"—";"243000";"90 84 69";"—";"Участвует в конкурсе";"1576148";"—"
"2695";"11";"—";"243000";"88 88 67";"—";"Участвует в конкурсе";"994037";"—"
"2696";"23";"—";"243000";"88 86 69";"—";"Участвует в конкурсе";"2315529";"—"
"2698";"20";"Электронное";"243000";"85 88 70";"—";"Участвует в конкурсе";"1702168";"—"
"2699";"12";"—";"243000";"85 82 76";"—";"Участвует в конкурсе";"2212560";"—"
"2700";"2";"—";"243000";"85 80 78";"—";"Участвует в конкурсе";"2260738";"—"
"2701";"20";"—";"243000";"85 80 78";"—";"Участвует в конкурсе";"1115492";"—"
"2702";"6";"Электронное";"243000";"84 86 73";"—";"Участвует в конкурсе";"1549914";"—"
"2703";"11";"—";"243000";"83 82 78";"—";"Участвует в конкурсе";"1614528";"—"
"2705";"13";"—";"243000";"83 82 78";"—";"Участвует в конкурсе";"2267842";"—"
"2706";"2";"—";"243000";"83 82 78";"—";"Участвует в конкурсе";"2315630";"—"
"2707";"6";"—";"243000";"80 99 64";"—";"Участвует в конкурсе";"2270264";"—"
"2708";"2";"—";"243000";"80 80 83";"—";"Участвует в конкурсе";"2077422";"—"
"2709";"13";"—";"243000";"79 95 69";"—";"Участвует в конкурсе";"1995110";"—"
"2710";"14";"—";"243000";"78 90 75";"—";"Участвует в конкурсе";"2050573";"—"
"2711";"8";"—";"243000";"78 82 83";"—";"Участвует в конкурсе";"1654629";"—"
"2712";"26";"—";"243000";"78 82 83";"—";"Участвует в конкурсе";"2340863";"—"
"2713";"16";"—";"243000";"77 88 78";"—";"Участвует в конкурсе";"1061593";"—"
"2714";"3";"—";"243000";"72 74 97";"—";"Участвует в конкурсе";"1460553";"—"
"2715";"7";"—";"243000";"83 86 72";"2000";"Участвует в конкурсе";"1932935";"—"
"2716";"27";"—";"243000";"90 80 70";"3000";"Участвует в конкурсе";"1392643";"—"
"2717";"1";"—";"243000";"83 82 75";"3000";"Участвует в конкурсе";"1642430";"—"
"2718";"27";"—";"243000";"83 74 83";"3000";"Участвует в конкурсе";"2134878";"—"
"2719";"11";"—";"243000";"75 84 81";"3000";"Участвует в конкурсе";"2315528";"—"
"2721";"1";"Электронное";"243000";"88 78 72";"5000";"Участвует в конкурсе";"1445514";"—"
"2722";"11";"—";"243000";"80 92 66";"5000";"Участвует в конкурсе";"1842322";"—"
"2723";"2";"—";"243000";"78 88 72";"5000";"Участвует в конкурсе";"2157837";"—"
"2724";"10";"Электронное";"243000";"72 88 78";"5000";"Участвует в конкурсе";"979496";"—"
"2726";"6";"—";"243000";"88 86 60";"9000";"Участвует в конкурсе";"1438724";"—"
"2727";"11";"Электронное";"243000";"83 80 70";"10000";"Участвует в конкурсе";"1853413";"—"
"2728";"3";"—";"243000";"83 78 72";"10000";"Участвует в конкурсе";"2310573";"—"
"2729";"10";"—";"243000";"82 82 69";"10000";"Участвует в конкурсе";"1791120";"—"
"2730";"3";"—";"243000";"82 76 75";"10000";"Участвует в конкурсе";"1636207";"—"
"2731";"6";"—";"243000";"80 80 73";"10000";"Участвует в конкурсе";"1252354";"—"
"2732";"4";"—";"243000";"80 80 73";"10000";"Участвует в конкурсе";"2006131";"—"
"2733";"6";"—";"243000";"78 80 75";"10000";"Участвует в конкурсе";"1577866";"—"
"2734";"9";"—";"243000";"78 74 81";"10000";"Участвует в конкурсе";"1908473";"—"
"2735";"2";"—";"243000";"76 76 81";"10000";"Участвует в конкурсе";"2322147";"—"
"2736";"21";"—";"243000";"75 80 78";"10000";"Участвует в конкурсе";"1379850";"—"
"2737";"10";"—";"243000";"75 80 78";"10000";"Участвует в конкурсе";"2254549";"—"
"2738";"2";"—";"243000";"74 76 83";"10000";"Участвует в конкурсе";"1209621";"—"
"2739";"4";"Электронное";"243000";"72 80 81";"10000";"Участвует в конкурсе";"994393";"—"
"2741";"11";"—";"243000";"62 82 89";"10000";"Участвует в конкурсе";"2397520";"—"
"2742";"9";"—";"242000";"93 80 69";"—";"Участвует в конкурсе";"2201796";"—"
"2743";"12";"—";"242000";"88 84 70";"—";"Участвует в конкурсе";"1627675";"—"
"2744";"21";"—";"242000";"85 82 75";"—";"Участвует в конкурсе";"2136696";"—"
"2745";"6";"—";"242000";"85 82 75";"—";"Участвует в конкурсе";"2349227";"—"
"2746";"11";"—";"242000";"85 82 75";"—";"Участвует в конкурсе";"2424477";"—"
"2747";"18";"—";"242000";"83 84 75";"—";"Участвует в конкурсе";"2342730";"—"
"2748";"12";"—";"242000";"83 78 81";"—";"Участвует в конкурсе";"1504789";"—"
"2750";"14";"—";"242000";"75 100 67";"—";"Участвует в конкурсе";"2217574";"—"
"2751";"5";"—";"242000";"75 78 89";"—";"Участвует в конкурсе";"2229702";"—"
"2752";"12";"—";"242000";"85 82 73";"2000";"Участвует в конкурсе";"2121041";"—"
"2753";"9";"—";"242000";"78 84 78";"2000";"Участвует в конкурсе";"2263084";"—"
"2755";"4";"—";"242000";"88 78 73";"3000";"Участвует в конкурсе";"1905276";"—"
"2756";"11";"—";"242000";"88 78 73";"3000";"Участвует в конкурсе";"1982480";"—"
"2757";"4";"—";"242000";"86 78 75";"3000";"Участвует в конкурсе";"1637506";"—"
"2758";"9";"—";"242000";"85 84 70";"3000";"Участвует в конкурсе";"1782941";"—"
"2759";"15";"—";"242000";"83 78 78";"3000";"Участвует в конкурсе";"1586842";"—"
"2760";"9";"—";"242000";"82 82 75";"3000";"Участвует в конкурсе";"1512545";"—"
"2761";"2";"—";"242000";"70 86 83";"3000";"Участвует в конкурсе";"1686385";"—"
"2762";"15";"—";"242000";"78 86 73";"5000";"Участвует в конкурсе";"1565317";"—"
"2763";"2";"—";"242000";"80 94 61";"7000";"Участвует в конкурсе";"2303991";"—"
"2764";"8";"Электронное";"242000";"86 74 72";"10000";"Участвует в конкурсе";"2148449";"—"
"2765";"1";"—";"242000";"84 76 72";"10000";"Участвует в конкурсе";"1089792";"—"
"2766";"10";"—";"242000";"83 76 73";"10000";"Участвует в конкурсе";"2393331";"—"
"2768";"2";"—";"242000";"80 82 70";"10000";"Участвует в конкурсе";"1443455";"—"
"2769";"7";"—";"242000";"80 80 72";"10000";"Участвует в конкурсе";"1279648";"—"
"2770";"2";"—";"242000";"80 80 72";"10000";"Участвует в конкурсе";"1827751";"—"
"2771";"2";"—";"242000";"80 80 72";"10000";"Участвует в конкурсе";"2254091";"—"
"2773";"18";"—";"242000";"78 82 72";"10000";"Участвует в конкурсе";"1314216";"—"
"2774";"14";"—";"242000";"75 84 73";"10000";"Участвует в конкурсе";"1364459";"—"
"2775";"2";"Электронное";"242000";"75 76 81";"10000";"Участвует в конкурсе";"1898346";"—"
"2776";"3";"—";"242000";"75 74 83";"10000";"Участвует в конкурсе";"1400731";"—"
"2777";"20";"—";"242000";"75 70 87";"10000";"Участвует в конкурсе";"1132253";"—"
"2778";"10";"—";"242000";"74 80 78";"10000";"Участвует в конкурсе";"1583360";"—"
"2779";"8";"—";"242000";"56 82 94";"10000";"Участвует в конкурсе";"1907895";"—"
"2780";"14";"—";"241000";"90 82 69";"—";"Участвует в конкурсе";"2056207";"—"
"2781";"2";"—";"241000";"88 78 75";"—";"Участвует в конкурсе";"1512747";"—"
"2782";"13";"Электронное";"241000";"85 78 78";"—";"Участвует в конкурсе";"1857056";"—"
"2783";"7";"—";"241000";"84 82 75";"—";"Участвует в конкурсе";"1665935";"—"
"2784";"8";"—";"241000";"84 82 75";"—";"Участвует в конкурсе";"1908795";"—"
"2785";"10";"—";"241000";"83 88 70";"—";"Участвует в конкурсе";"1584681";"—"
"2787";"6";"—";"241000";"80 88 73";"—";"Участвует в конкурсе";"1849390";"—"
"2788";"13";"—";"241000";"80 88 73";"—";"Участвует в конкурсе";"2140661";"—"
"2790";"4";"—";"241000";"80 80 81";"—";"Участвует в конкурсе";"1846636";"—"
"2791";"3";"—";"241000";"80 78 83";"—";"Участвует в конкурсе";"2307546";"—"
"2792";"21";"—";"241000";"79 84 78";"—";"Участвует в конкурсе";"2098588";"—"
"2793";"4";"—";"241000";"78 82 81";"—";"Участвует в конкурсе";"1569330";"—"
"2794";"12";"—";"241000";"75 80 86";"—";"Участвует в конкурсе";"1617676";"—"
"2795";"19";"—";"241000";"72 88 81";"—";"Участвует в конкурсе";"2133957";"—"
"2796";"4";"Электронное";"241000";"88 78 72";"3000";"Участвует в конкурсе";"1239139";"—"
"2797";"2";"—";"241000";"85 86 67";"3000";"Участвует в конкурсе";"1522989";"—"
"2798";"1";"—";"241000";"85 78 75";"3000";"Участвует в конкурсе";"1290046";"—"
"2799";"4";"—";"241000";"83 74 81";"3000";"Участвует в конкурсе";"1545399";"—"
"2800";"14";"Электронное";"241000";"83 74 81";"3000";"Участвует в конкурсе";"1724191";"—"
"2801";"7";"—";"241000";"82 86 70";"3000";"Участвует в конкурсе";"2142567";"—"
"2802";"6";"—";"241000";"80 94 64";"3000";"Участвует в конкурсе";"2040343";"—"
"2803";"5";"—";"241000";"80 80 78";"3000";"Участвует в конкурсе";"1716361";"—"
"2804";"11";"—";"241000";"77 78 83";"3000";"Участвует в конкурсе";"1424077";"—"
"2806";"15";"—";"241000";"83 84 67";"7000";"Участвует в конкурсе";"1453280";"—"
"2807";"22";"—";"241000";"85 78 70";"8000";"Участвует в конкурсе";"1519144";"—"
"2808";"16";"Электронное";"241000";"88 92 51";"10000";"Участвует в конкурсе";"1932116";"—"
"2809";"8";"—";"241000";"86 70 75";"10000";"Участвует в конкурсе";"1336212";"—"
"2810";"2";"—";"241000";"85 80 66";"10000";"Участвует в конкурсе";"1613916";"—"
"2811";"1";"—";"241000";"83 76 72";"10000";"Участвует в конкурсе";"2081568";"—"
"2812";"20";"—";"241000";"83 76 72";"10000";"Участвует в конкурсе";"2303911";"—"
"2813";"4";"Электронное";"241000";"80 84 67";"10000";"Участвует в конкурсе";"1292580";"—"
"2814";"2";"—";"241000";"80 76 75";"10000";"Участвует в конкурсе";"1638422";"—"
"2815";"2";"Электронное";"241000";"78 72 81";"10000";"Участвует в конкурсе";"1640967";"—"
"2816";"2";"Электронное";"241000";"76 72 83";"10000";"Участвует в конкурсе";"1544337";"—"
"2817";"2";"—";"241000";"75 78 78";"10000";"Участвует в конкурсе";"2183312";"—"
"2818";"5";"—";"241000";"75 78 78";"10000";"Участвует в конкурсе";"2272351";"—"
"2820";"11";"—";"241000";"70 86 75";"10000";"Участвует в конкурсе";"2140738";"—"
"2821";"21";"—";"241000";"70 70 91";"10000";"Участвует в конкурсе";"2273021";"—"
"2822";"26";"—";"241000";"64 84 83";"10000";"Участвует в конкурсе";"1850307";"—"
"2823";"10";"—";"240000";"90 84 66";"—";"Участвует в конкурсе";"1842055";"—"
"2824";"5";"—";"240000";"90 80 70";"—";"Участвует в конкурсе";"2292956";"—"
"2825";"5";"—";"240000";"90 80 70";"—";"Участвует в конкурсе";"1958664";"—"
"2827";"17";"—";"240000";"85 86 69";"—";"Участвует в конкурсе";"1716992";"—"
"2829";"4";"—";"240000";"83 90 67";"—";"Участвует в конкурсе";"1573529";"—"
"2830";"1";"Электронное";"240000";"83 88 69";"—";"Участвует в конкурсе";"1266173";"—"
"2831";"7";"Электронное";"240000";"83 84 73";"—";"Участвует в конкурсе";"1581026";"—"
"2832";"3";"—";"240000";"83 82 75";"—";"Участвует в конкурсе";"1279997";"—"
"2833";"5";"—";"240000";"83 82 75";"—";"Участвует в конкурсе";"1426492";"—"
"2834";"9";"Электронное";"240000";"83 82 75";"—";"Участвует в конкурсе";"2279031";"—"
"2835";"10";"Электронное";"240000";"83 74 83";"—";"Участвует в конкурсе";"2066987";"—"
"2836";"1";"—";"240000";"82 86 72";"—";"Участвует в конкурсе";"1466588";"—"
"2837";"5";"—";"240000";"79 88 73";"—";"Участвует в конкурсе";"1966202";"—"
"2841";"8";"—";"240000";"73 92 75";"—";"Участвует в конкурсе";"2224610";"—"
"2842";"14";"—";"240000";"73 84 83";"—";"Участвует в конкурсе";"2272408";"—"
"2843";"14";"Электронное";"240000";"71 80 89";"—";"Участвует в конкурсе";"2324583";"—"
"2844";"2";"Электронное";"240000";"70 84 86";"—";"Участвует в конкурсе";"1693267";"—"
"2845";"14";"—";"240000";"83 82 73";"2000";"Участвует в конкурсе";"1209652";"—"
"2846";"10";"—";"240000";"93 78 66";"3000";"Участвует в конкурсе";"1264209";"—"
"2847";"17";"—";"240000";"90 80 67";"3000";"Участвует в конкурсе";"2049511";"—"
"2848";"12";"—";"240000";"85 80 72";"3000";"Участвует в конкурсе";"1425244";"—"
"2849";"10";"—";"240000";"83 82 72";"3000";"Участвует в конкурсе";"2230731";"—"
"2850";"10";"—";"240000";"72 84 81";"3000";"Участвует в конкурсе";"2005413";"—"
"2851";"5";"—";"240000";"80 84 72";"4000";"Участвует в конкурсе";"2140645";"—"
"2852";"1";"—";"240000";"83 84 67";"6000";"Участвует в конкурсе";"1420640";"—"
"2853";"5";"—";"240000";"95 74 61";"10000";"Участвует в конкурсе";"1853299";"—"
"2854";"21";"Электронное";"240000";"83 86 61";"10000";"Участвует в конкурсе";"2258593";"—"
"2855";"3";"—";"240000";"79 78 73";"10000";"Участвует в конкурсе";"2219205";"—"
"2856";"4";"—";"240000";"77 78 75";"10000";"Участвует в конкурсе";"1726249";"—"
"2857";"9";"—";"240000";"75 74 81";"10000";"Участвует в конкурсе";"1609942";"—"
"2858";"14";"—";"240000";"75 72 83";"10000";"Участвует в конкурсе";"1858730";"—"
"2859";"7";"Электронное";"240000";"72 74 84";"10000";"Участвует в конкурсе";"1360972";"—"
"2860";"2";"—";"240000";"62 82 86";"10000";"Участвует в конкурсе";"1621925";"—"
"2861";"12";"—";"240000";"59 82 89";"10000";"Участвует в конкурсе";"1329700";"—"
"2862";"24";"—";"239000";"90 80 69";"—";"Участвует в конкурсе";"2243345";"—"
"2863";"5";"—";"239000";"90 80 69";"—";"Участвует в конкурсе";"1731435";"—"
"2864";"25";"—";"239000";"90 80 69";"—";"Участвует в конкурсе";"2405665";"—"
"2866";"21";"—";"239000";"85 82 72";"—";"Участвует в конкурсе";"2369093";"—"
"2867";"13";"—";"239000";"84 86 69";"—";"Участвует в конкурсе";"2265189";"—"
"2868";"1";"Электронное";"239000";"83 86 70";"—";"Участвует в конкурсе";"2100904";"—"
"2869";"16";"—";"239000";"83 78 78";"—";"Участвует в конкурсе";"1893739";"—"
"2870";"9";"Электронное";"239000";"83 78 78";"—";"Участвует в конкурсе";"962544";"—"
"2871";"8";"Электронное";"239000";"80 86 73";"—";"Участвует в конкурсе";"1275946";"—"
"2872";"16";"—";"239000";"80 86 73";"—";"Участвует в конкурсе";"1728880";"—"
"2873";"15";"—";"239000";"80 84 75";"—";"Участвует в конкурсе";"1961828";"—"
"2875";"14";"—";"239000";"78 86 75";"—";"Участвует в конкурсе";"1791041";"—"
"2876";"18";"—";"239000";"78 64 97";"—";"Участвует в конкурсе";"2173682";"—"
"2877";"8";"—";"239000";"72 84 83";"—";"Участвует в конкурсе";"1429423";"—"
"2878";"18";"—";"239000";"72 78 89";"—";"Участвует в конкурсе";"2389407";"—"
"2879";"8";"—";"239000";"68 96 75";"—";"Участвует в конкурсе";"2267350";"—"
"2881";"12";"Электронное";"239000";"90 74 72";"3000";"Участвует в конкурсе";"1365302";"—"
"2883";"25";"—";"239000";"85 82 69";"3000";"Участвует в конкурсе";"2313434";"—"
"2884";"18";"—";"239000";"83 86 67";"3000";"Участвует в конкурсе";"2185184";"—"
"2885";"6";"—";"239000";"78 80 78";"3000";"Участвует в конкурсе";"1437339";"—"
"2886";"11";"—";"239000";"75 80 81";"3000";"Участвует в конкурсе";"1683188";"—"
"2888";"14";"—";"239000";"72 78 86";"3000";"Участвует в конкурсе";"1043038";"—"
"2889";"12";"—";"239000";"70 80 86";"3000";"Участвует в конкурсе";"1196318";"—"
"2890";"15";"—";"239000";"83 78 73";"5000";"Участвует в конкурсе";"1248615";"—"
"2891";"6";"—";"239000";"80 84 70";"5000";"Участвует в конкурсе";"1301457";"—"
"2892";"5";"—";"239000";"75 78 81";"5000";"Участвует в конкурсе";"1648078";"—"
"2893";"11";"Электронное";"239000";"84 80 69";"6000";"Участвует в конкурсе";"1437630";"—"
"2894";"20";"—";"239000";"83 82 67";"7000";"Участвует в конкурсе";"958562";"—"
"2895";"13";"—";"239000";"83 76 70";"10000";"Участвует в конкурсе";"1416434";"—"
"2896";"20";"—";"239000";"83 76 70";"10000";"Участвует в конкурсе";"1361236";"—"
"2898";"10";"—";"239000";"80 80 69";"10000";"Участвует в конкурсе";"1043072";"—"
"2899";"19";"Электронное";"239000";"80 74 75";"10000";"Участвует в конкурсе";"2340361";"—"
"2900";"5";"—";"239000";"79 80 70";"10000";"Участвует в конкурсе";"987159";"—"
"2901";"12";"—";"239000";"78 78 73";"10000";"Участвует в конкурсе";"1593288";"—"
"2902";"9";"—";"239000";"78 76 75";"10000";"Участвует в конкурсе";"2412559";"—"
"2903";"7";"—";"239000";"75 76 78";"10000";"Участвует в конкурсе";"2304957";"—"
"2904";"7";"—";"239000";"75 76 78";"10000";"Участвует в конкурсе";"1190243";"—"
"2905";"13";"Электронное";"239000";"72 82 75";"10000";"Участвует в конкурсе";"2221965";"—"
"2906";"4";"Электронное";"239000";"67 76 86";"10000";"Участвует в конкурсе";"1203449";"—"
"2907";"10";"—";"239000";"67 76 86";"10000";"Участвует в конкурсе";"2232806";"—"
"2908";"10";"—";"239000";"64 90 75";"10000";"Участвует в конкурсе";"2249990";"—"
"2909";"6";"—";"239000";"64 76 89";"10000";"Участвует в конкурсе";"2311425";"—"
"2910";"11";"—";"239000";"64 74 91";"10000";"Участвует в конкурсе";"1355588";"—"
"2911";"1";"—";"238000";"100 72 66";"—";"Участвует в конкурсе";"1221961";"—"
"2912";"18";"—";"238000";"93 84 61";"—";"Участвует в конкурсе";"2183753";"—"
"2913";"18";"—";"238000";"90 84 64";"—";"Участвует в конкурсе";"2339399";"—"
"2914";"5";"—";"238000";"88 84 66";"—";"Участвует в конкурсе";"1401356";"—"
"2915";"2";"Электронное";"238000";"88 84 66";"—";"Участвует в конкурсе";"2312139";"—"
"2916";"3";"—";"238000";"88 78 72";"—";"Участвует в конкурсе";"1394741";"—"
"2917";"7";"—";"238000";"86 74 78";"—";"Участвует в конкурсе";"1959949";"—"
"2918";"18";"—";"238000";"85 84 69";"—";"Участвует в конкурсе";"1649222";"—"
"2919";"24";"—";"238000";"85 80 73";"—";"Участвует в конкурсе";"986183";"—"
"2920";"1";"—";"238000";"85 72 81";"—";"Участвует в конкурсе";"1963464";"—"
"2921";"3";"—";"238000";"85 66 87";"—";"Участвует в конкурсе";"1105214";"—"
"2922";"4";"Электронное";"238000";"83 88 67";"—";"Участвует в конкурсе";"2127870";"—"
"2923";"11";"—";"238000";"83 80 75";"—";"Участвует в конкурсе";"2154191";"—"
"2924";"8";"—";"238000";"83 80 75";"—";"Участвует в конкурсе";"2183030";"—"
"2925";"8";"Электронное";"238000";"83 80 75";"—";"Участвует в конкурсе";"2316254";"—"
"2926";"3";"—";"238000";"82 78 78";"—";"Участвует в конкурсе";"1088989";"—"
"2928";"19";"—";"238000";"80 80 78";"—";"Участвует в конкурсе";"1826645";"—"
"2929";"10";"—";"238000";"80 72 86";"—";"Участвует в конкурсе";"2371393";"—"
"2930";"12";"—";"238000";"78 90 70";"—";"Участвует в конкурсе";"1356246";"—"
"2931";"5";"—";"238000";"78 88 72";"—";"Участвует в конкурсе";"2423575";"—"
"2932";"5";"Электронное";"238000";"78 82 78";"—";"Участвует в конкурсе";"1911965";"—"
"2934";"15";"—";"238000";"78 74 86";"—";"Участвует в конкурсе";"1644082";"—"
"2935";"7";"Электронное";"238000";"75 88 75";"—";"Участвует в конкурсе";"2259100";"—"
"2936";"20";"Электронное";"238000";"75 82 81";"—";"Участвует в конкурсе";"2253678";"—"
"2937";"7";"—";"238000";"75 80 83";"—";"Участвует в конкурсе";"1432529";"—"
"2938";"9";"—";"238000";"75 80 83";"—";"Участвует в конкурсе";"2205728";"—"
"2939";"6";"—";"238000";"70 82 86";"—";"Участвует в конкурсе";"1821472";"—"
"2940";"3";"Электронное";"238000";"64 80 94";"—";"Участвует в конкурсе";"2266108";"—"
"2941";"14";"—";"238000";"64 86 86";"2000";"Участвует в конкурсе";"2369608";"—"
"2942";"6";"—";"238000";"86 76 73";"3000";"Участвует в конкурсе";"2083947";"—"
"2945";"21";"—";"238000";"80 72 83";"3000";"Участвует в конкурсе";"2015603";"—"
"2946";"6";"—";"238000";"78 76 81";"3000";"Участвует в конкурсе";"1961364";"—"
"2947";"1";"—";"238000";"78 76 81";"3000";"Участвует в конкурсе";"2243133";"—"
"2948";"6";"—";"238000";"74 86 75";"3000";"Участвует в конкурсе";"2368802";"—"
"2949";"8";"—";"238000";"83 78 72";"5000";"Участвует в конкурсе";"1121254";"—"
"2950";"9";"Электронное";"238000";"73 74 86";"5000";"Участвует в конкурсе";"1907079";"—"
"2951";"10";"Электронное";"238000";"85 80 63";"10000";"Участвует в конкурсе";"2273104";"—"
"2952";"22";"—";"238000";"80 78 70";"10000";"Участвует в конкурсе";"1209256";"—"
"2953";"4";"—";"238000";"80 76 72";"10000";"Участвует в конкурсе";"1345671";"—"
"2954";"3";"—";"238000";"79 76 73";"10000";"Участвует в конкурсе";"1182605";"—"
"2956";"2";"—";"238000";"72 78 78";"10000";"Участвует в конкурсе";"2096782";"—"
"2957";"4";"—";"238000";"70 80 78";"10000";"Участвует в конкурсе";"1432407";"—"
"2958";"4";"Электронное";"238000";"70 80 78";"10000";"Участвует в конкурсе";"2364660";"—"
"2959";"25";"—";"238000";"67 70 91";"10000";"Участвует в конкурсе";"2230298";"—"
"2960";"2";"—";"237000";"100 74 63";"—";"Участвует в конкурсе";"1291304";"—"
"2961";"5";"—";"237000";"93 78 66";"—";"Участвует в конкурсе";"1339553";"—"
"2962";"5";"—";"237000";"90 72 75";"—";"Участвует в конкурсе";"2023867";"—"
"2963";"14";"—";"237000";"88 88 61";"—";"Участвует в конкурсе";"1747799";"—"
"2964";"4";"—";"237000";"88 80 69";"—";"Участвует в конкурсе";"2250993";"—"
"2965";"10";"—";"237000";"88 76 73";"—";"Участвует в конкурсе";"1785655";"—"
"2966";"13";"—";"237000";"88 74 75";"—";"Участвует в конкурсе";"1903533";"—"
"2967";"4";"Электронное";"237000";"85 82 70";"—";"Участвует в конкурсе";"1957408";"—"
"2968";"17";"—";"237000";"83 88 66";"—";"Участвует в конкурсе";"1507154";"—"
"2969";"11";"—";"237000";"83 82 72";"—";"Участвует в конкурсе";"2370785";"—"
"2970";"24";"—";"237000";"83 82 72";"—";"Участвует в конкурсе";"2199351";"—"
"2971";"2";"—";"237000";"83 76 78";"—";"Участвует в конкурсе";"1442071";"—"
"2972";"9";"—";"237000";"83 76 78";"—";"Участвует в конкурсе";"1913033";"—"
"2973";"17";"Электронное";"237000";"80 84 73";"—";"Участвует в конкурсе";"1682412";"—"
"2974";"1";"—";"237000";"80 76 81";"—";"Участвует в конкурсе";"988086";"—"
"2975";"7";"—";"237000";"80 76 81";"—";"Участвует в конкурсе";"1907156";"—"
"2976";"19";"—";"237000";"80 74 83";"—";"Участвует в конкурсе";"1108129";"—"
"2977";"3";"—";"237000";"78 78 81";"—";"Участвует в конкурсе";"1565597";"—"
"2978";"2";"Электронное";"237000";"72 82 83";"—";"Участвует в конкурсе";"1557837";"—"
"2979";"18";"—";"237000";"80 80 75";"2000";"Участвует в конкурсе";"1909043";"—"
"2980";"7";"—";"237000";"83 78 73";"3000";"Участвует в конкурсе";"1396859";"—"
"2981";"9";"—";"237000";"83 78 73";"3000";"Участвует в конкурсе";"2403238";"—"
"2982";"23";"—";"237000";"83 76 75";"3000";"Участвует в конкурсе";"1540515";"—"
"2983";"6";"Электронное";"237000";"80 84 70";"3000";"Участвует в конкурсе";"1899756";"—"
"2984";"10";"Электронное";"237000";"80 82 72";"3000";"Участвует в конкурсе";"981989";"—"
"2985";"8";"—";"237000";"80 82 72";"3000";"Участвует в конкурсе";"1330985";"—"
"2986";"18";"Электронное";"237000";"80 82 72";"3000";"Участвует в конкурсе";"1898463";"—"
"2987";"9";"—";"237000";"79 82 73";"3000";"Участвует в конкурсе";"1568035";"—"
"2988";"13";"—";"237000";"75 76 83";"3000";"Участвует в конкурсе";"1207596";"—"
"2989";"1";"—";"237000";"74 88 72";"3000";"Участвует в конкурсе";"2216400";"—"
"2990";"3";"—";"237000";"72 84 78";"3000";"Участвует в конкурсе";"2162098";"—"
"2991";"5";"Электронное";"237000";"64 92 78";"3000";"Участвует в конкурсе";"2342203";"—"
"2992";"18";"Электронное";"237000";"85 82 64";"6000";"Участвует в конкурсе";"1461836";"—"
"2993";"4";"—";"237000";"85 76 66";"10000";"Участвует в конкурсе";"2134574";"—"
"2995";"3";"—";"237000";"80 74 73";"10000";"Участвует в конкурсе";"1913061";"—"
"2997";"1";"—";"237000";"77 80 70";"10000";"Участвует в конкурсе";"1651074";"—"
"2998";"4";"—";"237000";"76 82 69";"10000";"Участвует в конкурсе";"1205098";"—"
"2999";"15";"—";"237000";"76 76 75";"10000";"Участвует в конкурсе";"1792362";"—"
"3000";"6";"—";"237000";"74 80 73";"10000";"Участвует в конкурсе";"2395514";"—"
"3001";"6";"—";"237000";"74 70 83";"10000";"Участвует в конкурсе";"1791114";"—"
"3002";"6";"—";"237000";"70 74 83";"10000";"Участвует в конкурсе";"1988237";"—"
"3003";"6";"—";"237000";"68 84 75";"10000";"Участвует в конкурсе";"1707219";"—"
"3004";"8";"—";"237000";"67 82 78";"10000";"Участвует в конкурсе";"1262634";"—"
"3005";"6";"—";"237000";"65 95 67";"10000";"Участвует в конкурсе";"2338166";"—"
"3006";"30";"—";"236000";"93 88 55";"—";"Участвует в конкурсе";"1906103";"—"
"3007";"3";"—";"236000";"85 82 69";"—";"Участвует в конкурсе";"2038226";"—"
"3008";"13";"—";"236000";"85 78 73";"—";"Участвует в конкурсе";"2346140";"—"
"3009";"18";"—";"236000";"85 76 75";"—";"Участвует в конкурсе";"1209249";"—"
"3010";"2";"—";"236000";"84 92 60";"—";"Участвует в конкурсе";"1612683";"—"
"3011";"6";"—";"236000";"84 82 70";"—";"Участвует в конкурсе";"959761";"—"
"3012";"25";"—";"236000";"83 86 67";"—";"Участвует в конкурсе";"2207268";"—"
"3013";"16";"—";"236000";"83 80 73";"—";"Участвует в конкурсе";"1517242";"—"
"3014";"15";"—";"236000";"83 78 75";"—";"Участвует в конкурсе";"2389135";"—"
"3015";"21";"—";"236000";"83 72 81";"—";"Участвует в конкурсе";"1620755";"—"
"3016";"7";"—";"236000";"80 92 64";"—";"Участвует в конкурсе";"1462626";"—"
"3018";"2";"—";"236000";"80 78 78";"—";"Участвует в конкурсе";"1699920";"—"
"3019";"4";"—";"236000";"80 78 78";"—";"Участвует в конкурсе";"1635188";"—"
"3021";"22";"—";"236000";"75 78 83";"—";"Участвует в конкурсе";"2312375";"—"
"3022";"18";"—";"236000";"75 70 91";"—";"Участвует в конкурсе";"1156192";"—"
"3023";"7";"Электронное";"236000";"71 84 81";"—";"Участвует в конкурсе";"2311177";"—"
"3024";"4";"—";"236000";"71 84 81";"—";"Участвует в конкурсе";"2301638";"—"
"3025";"3";"—";"236000";"67 86 83";"—";"Участвует в конкурсе";"2003167";"—"
"3026";"8";"—";"236000";"80 76 78";"2000";"Участвует в конкурсе";"1962801";"—"
"3027";"18";"Электронное";"236000";"88 78 67";"3000";"Участвует в конкурсе";"2099062";"—"
"3028";"14";"—";"236000";"85 84 64";"3000";"Участвует в конкурсе";"1287679";"—"
"3029";"4";"—";"236000";"83 84 66";"3000";"Участвует в конкурсе";"2182361";"—"
"3030";"29";"—";"236000";"80 72 81";"3000";"Участвует в конкурсе";"1984702";"—"
"3031";"11";"—";"236000";"80 72 81";"3000";"Участвует в конкурсе";"2169147";"—"
"3032";"1";"—";"236000";"77 84 72";"3000";"Участвует в конкурсе";"1574930";"—"
"3033";"4";"—";"236000";"70 90 73";"3000";"Участвует в конкурсе";"1958876";"—"
"3034";"9";"—";"236000";"78 80 73";"5000";"Участвует в конкурсе";"1122739";"—"
"3035";"4";"—";"236000";"71 82 78";"5000";"Участвует в конкурсе";"1984685";"—"
"3036";"6";"Электронное";"236000";"78 72 78";"8000";"Участвует в конкурсе";"2306828";"—"
"3038";"5";"—";"236000";"83 70 73";"10000";"Участвует в конкурсе";"1481515";"—"
"3039";"9";"—";"236000";"82 58 86";"10000";"Участвует в конкурсе";"2250069";"—"
"3040";"18";"Электронное";"236000";"80 82 64";"10000";"Участвует в конкурсе";"1635506";"—"
"3041";"10";"Электронное";"236000";"80 76 70";"10000";"Участвует в конкурсе";"1553644";"—"
"3042";"22";"—";"236000";"80 76 70";"10000";"Участвует в конкурсе";"2403195";"—"
"3043";"13";"—";"236000";"78 76 72";"10000";"Участвует в конкурсе";"2339492";"—"
"3044";"7";"—";"236000";"75 78 73";"10000";"Участвует в конкурсе";"2316371";"—"
"3045";"2";"—";"236000";"68 80 78";"10000";"Участвует в конкурсе";"1686881";"—"
"3046";"3";"—";"236000";"67 70 89";"10000";"Участвует в конкурсе";"1316206";"—"
"3047";"2";"—";"236000";"65 72 89";"10000";"Участвует в конкурсе";"2212525";"—"
"3048";"1";"—";"236000";"64 84 78";"10000";"Участвует в конкурсе";"1916109";"—"
"3049";"2";"—";"236000";"56 84 86";"10000";"Участвует в конкурсе";"1375838";"—"
"3051";"14";"—";"235000";"85 92 58";"—";"Участвует в конкурсе";"1581084";"—"
"3052";"17";"—";"235000";"85 86 64";"—";"Участвует в конкурсе";"1339109";"—"
"3053";"27";"—";"235000";"83 74 78";"—";"Участвует в конкурсе";"1915908";"—"
"3055";"3";"—";"235000";"80 86 69";"—";"Участвует в конкурсе";"1913939";"—"
"3057";"5";"Электронное";"235000";"80 82 73";"—";"Участвует в конкурсе";"2240697";"—"
"3058";"4";"—";"235000";"80 80 75";"—";"Участвует в конкурсе";"2203437";"—"
"3059";"6";"—";"235000";"80 72 83";"—";"Участвует в конкурсе";"1334867";"—"
"3060";"15";"—";"235000";"78 82 75";"—";"Участвует в конкурсе";"1999167";"—"
"3061";"15";"Электронное";"235000";"78 82 75";"—";"Участвует в конкурсе";"2003542";"—"
"3062";"8";"Электронное";"235000";"78 76 81";"—";"Участвует в конкурсе";"1796213";"—"
"3064";"13";"—";"235000";"75 82 78";"—";"Участвует в конкурсе";"1847359";"—"
"3065";"11";"—";"235000";"75 74 86";"—";"Участвует в конкурсе";"2234418";"—"
"3066";"8";"Электронное";"235000";"75 74 86";"—";"Участвует в конкурсе";"2345257";"—"
"3067";"8";"—";"235000";"70 82 83";"—";"Участвует в конкурсе";"1040810";"—"
"3068";"12";"—";"235000";"70 76 89";"—";"Участвует в конкурсе";"1285029";"—"
"3069";"11";"—";"235000";"68 84 83";"—";"Участвует в конкурсе";"1857826";"—"
"3070";"5";"—";"235000";"67 82 86";"—";"Участвует в конкурсе";"1181194";"—"
"3072";"10";"—";"235000";"83 72 78";"2000";"Участвует в конкурсе";"1909159";"—"
"3073";"3";"—";"235000";"82 76 75";"2000";"Участвует в конкурсе";"1620176";"—"
"3074";"9";"Электронное";"235000";"80 84 69";"2000";"Участвует в конкурсе";"959429";"—"
"3075";"17";"—";"235000";"85 80 67";"3000";"Участвует в конкурсе";"1066897";"—"
"3076";"19";"—";"235000";"83 80 69";"3000";"Участвует в конкурсе";"2344939";"—"
"3077";"7";"—";"235000";"83 76 73";"3000";"Участвует в конкурсе";"2234846";"—"
"3078";"1";"Электронное";"235000";"83 74 75";"3000";"Участвует в конкурсе";"1652848";"—"
"3079";"9";"—";"235000";"78 84 70";"3000";"Участвует в конкурсе";"1410481";"—"
"3080";"13";"—";"235000";"75 84 73";"3000";"Участвует в конкурсе";"1785140";"—"
"3081";"7";"Электронное";"235000";"75 84 73";"3000";"Участвует в конкурсе";"1610774";"—"
"3082";"8";"—";"235000";"75 82 75";"3000";"Участвует в конкурсе";"1723101";"—"
"3083";"19";"—";"235000";"85 82 63";"5000";"Участвует в конкурсе";"1134387";"—"
"3084";"10";"—";"235000";"74 84 72";"5000";"Участвует в конкурсе";"1434231";"—"
"3085";"8";"—";"235000";"83 84 61";"7000";"Участвует в конкурсе";"1078521";"—"
"3086";"21";"—";"235000";"85 70 70";"10000";"Участвует в конкурсе";"1547609";"—"
"3087";"2";"Электронное";"235000";"80 82 63";"10000";"Участвует в конкурсе";"1616995";"—"
"3088";"1";"—";"235000";"75 84 66";"10000";"Участвует в конкурсе";"1948533";"—"
"3089";"5";"Электронное";"235000";"72 80 73";"10000";"Участвует в конкурсе";"1478417";"—"
"3090";"2";"—";"235000";"72 78 75";"10000";"Участвует в конкурсе";"1983644";"—"
"3091";"18";"—";"235000";"70 80 75";"10000";"Участвует в конкурсе";"1570407";"—"
"3092";"3";"—";"235000";"70 80 75";"10000";"Участвует в конкурсе";"1215595";"—"
"3093";"2";"Электронное";"235000";"67 64 94";"10000";"Участвует в конкурсе";"1936106";"—"
"3094";"8";"—";"235000";"62 82 81";"10000";"Участвует в конкурсе";"2054317";"—"
"3095";"6";"—";"235000";"54 80 91";"10000";"Участвует в конкурсе";"1357147";"—"
"3096";"10";"—";"234000";"83 88 63";"—";"Участвует в конкурсе";"2251948";"—"
"3097";"19";"—";"234000";"83 84 67";"—";"Участвует в конкурсе";"2051436";"—"
"3098";"8";"—";"234000";"83 82 69";"—";"Участвует в конкурсе";"2178817";"—"
"3099";"9";"Электронное";"234000";"83 82 69";"—";"Участвует в конкурсе";"1624334";"—"
"3100";"1";"Электронное";"234000";"83 78 73";"—";"Участвует в конкурсе";"1910864";"—"
"3101";"7";"—";"234000";"83 78 73";"—";"Участвует в конкурсе";"1938352";"—"
"3102";"10";"—";"234000";"83 76 75";"—";"Участвует в конкурсе";"1795955";"—"
"3103";"19";"Электронное";"234000";"83 76 75";"—";"Участвует в конкурсе";"1618982";"—"
"3104";"15";"—";"234000";"83 76 75";"—";"Участвует в конкурсе";"1989058";"—"
"3105";"16";"—";"234000";"80 76 78";"—";"Участвует в конкурсе";"1515098";"—"
"3106";"5";"—";"234000";"80 76 78";"—";"Участвует в конкурсе";"1522963";"—"
"3107";"17";"—";"234000";"78 86 70";"—";"Участвует в конкурсе";"2053394";"—"
"3108";"7";"—";"234000";"78 84 72";"—";"Участвует в конкурсе";"2031547";"—"
"3110";"10";"—";"234000";"75 78 81";"—";"Участвует в конкурсе";"2180833";"—"
"3111";"5";"—";"234000";"83 80 69";"2000";"Участвует в конкурсе";"1342003";"—"
"3112";"3";"—";"234000";"80 80 72";"2000";"Участвует в конкурсе";"2002578";"—"
"3113";"12";"—";"234000";"85 82 64";"3000";"Участвует в конкурсе";"1856490";"—"
"3114";"8";"—";"234000";"85 74 72";"3000";"Участвует в конкурсе";"1261172";"—"
"3115";"7";"—";"234000";"84 78 69";"3000";"Участвует в конкурсе";"2004641";"—"
"3116";"27";"Электронное";"234000";"83 70 78";"3000";"Участвует в конкурсе";"2100401";"—"
"3117";"17";"—";"234000";"80 76 75";"3000";"Участвует в конкурсе";"953890";"—"
"3119";"14";"—";"234000";"78 86 67";"3000";"Участвует в конкурсе";"1175679";"—"
"3120";"9";"—";"234000";"78 84 69";"3000";"Участвует в конкурсе";"1915960";"—"
"3122";"17";"—";"234000";"75 78 78";"3000";"Участвует в конкурсе";"1642161";"—"
"3123";"11";"Электронное";"234000";"67 94 70";"3000";"Участвует в конкурсе";"2269546";"—"
"3124";"19";"—";"234000";"75 78 75";"6000";"Участвует в конкурсе";"1586526";"—"
"3125";"3";"—";"234000";"70 78 78";"8000";"Участвует в конкурсе";"2273469";"—"
"3126";"18";"—";"234000";"80 74 70";"10000";"Участвует в конкурсе";"2247353";"—"
"3127";"4";"—";"234000";"78 76 70";"10000";"Участвует в конкурсе";"983736";"—"
"3128";"3";"—";"234000";"76 82 66";"10000";"Участвует в конкурсе";"1322386";"—"
"3130";"7";"Электронное";"234000";"75 58 91";"10000";"Участвует в конкурсе";"1290697";"—"
"3131";"3";"—";"234000";"74 80 70";"10000";"Участвует в конкурсе";"1377701";"—"
"3132";"7";"—";"234000";"72 82 70";"10000";"Участвует в конкурсе";"1205929";"—"
"3133";"7";"—";"234000";"72 80 72";"10000";"Участвует в конкурсе";"1884193";"—"
"3134";"30";"—";"234000";"70 90 64";"10000";"Участвует в конкурсе";"2263375";"—"
"3135";"4";"—";"233000";"88 72 73";"—";"Участвует в конкурсе";"1004950";"—"
"3136";"13";"—";"233000";"85 84 64";"—";"Участвует в конкурсе";"2368460";"—"
"3137";"13";"—";"233000";"85 78 70";"—";"Участвует в конкурсе";"1416540";"—"
"3138";"6";"—";"233000";"83 84 66";"—";"Участвует в конкурсе";"2181196";"—"
"3140";"15";"—";"233000";"83 72 78";"—";"Участвует в конкурсе";"1627783";"—"
"3141";"17";"—";"233000";"83 72 78";"—";"Участвует в конкурсе";"2272490";"—"
"3142";"6";"—";"233000";"82 82 69";"—";"Участвует в конкурсе";"1352954";"—"
"3143";"18";"Электронное";"233000";"80 84 69";"—";"Участвует в конкурсе";"1987417";"—"
"3145";"12";"—";"233000";"78 82 73";"—";"Участвует в конкурсе";"1859347";"—"
"3146";"3";"—";"233000";"78 80 75";"—";"Участвует в конкурсе";"1652883";"—"
"3147";"22";"—";"233000";"78 74 81";"—";"Участвует в конкурсе";"2294012";"—"
"3149";"9";"—";"233000";"70 82 81";"—";"Участвует в конкурсе";"2410463";"—"
"3150";"22";"—";"233000";"83 78 70";"2000";"Участвует в конкурсе";"1841278";"—"
"3152";"25";"—";"233000";"78 80 73";"2000";"Участвует в конкурсе";"1620522";"—"
"3153";"23";"—";"233000";"85 76 69";"3000";"Участвует в конкурсе";"1986305";"—"
"3154";"2";"—";"233000";"84 80 66";"3000";"Участвует в конкурсе";"1107021";"—"
"3155";"4";"—";"233000";"83 74 73";"3000";"Участвует в конкурсе";"2191595";"—"
"3156";"23";"Электронное";"233000";"80 80 70";"3000";"Участвует в конкурсе";"1255880";"—"
"3157";"12";"—";"233000";"76 76 78";"3000";"Участвует в конкурсе";"2211383";"—"
"3158";"5";"—";"233000";"75 92 63";"3000";"Участвует в конкурсе";"2251936";"—"
"3160";"8";"—";"233000";"78 72 78";"5000";"Участвует в конкурсе";"2384036";"—"
"3161";"25";"—";"233000";"77 80 67";"9000";"Участвует в конкурсе";"1133255";"—"
"3162";"6";"—";"233000";"83 76 64";"10000";"Участвует в конкурсе";"2137807";"—"
"3163";"4";"—";"233000";"82 74 67";"10000";"Участвует в конкурсе";"1285922";"—"
"3164";"1";"Электронное";"233000";"80 80 63";"10000";"Участвует в конкурсе";"1311696";"—"
"3166";"4";"Электронное";"233000";"75 76 72";"10000";"Участвует в конкурсе";"1253197";"—"
"3167";"19";"Электронное";"233000";"75 76 72";"10000";"Участвует в конкурсе";"2225243";"—"
"3168";"2";"Электронное";"233000";"72 82 69";"10000";"Участвует в конкурсе";"1857511";"—"
"3169";"3";"—";"233000";"72 78 73";"10000";"Участвует в конкурсе";"1960930";"—"
"3170";"11";"Электронное";"233000";"72 76 75";"10000";"Участвует в конкурсе";"1338346";"—"
"3171";"15";"—";"233000";"72 76 75";"10000";"Участвует в конкурсе";"2313852";"—"
"3172";"4";"—";"233000";"70 80 73";"10000";"Участвует в конкурсе";"2370010";"—"
"3173";"2";"—";"233000";"67 78 78";"10000";"Участвует в конкурсе";"1669250";"—"
"3174";"11";"—";"233000";"67 78 78";"10000";"Участвует в конкурсе";"1510884";"—"
"3175";"13";"—";"233000";"62 78 83";"10000";"Участвует в конкурсе";"1686374";"—"
"3176";"22";"Электронное";"232000";"88 74 70";"—";"Участвует в конкурсе";"1336504";"—"
"3177";"11";"—";"232000";"88 74 70";"—";"Участвует в конкурсе";"1293994";"—"
"3178";"15";"—";"232000";"85 80 67";"—";"Участвует в конкурсе";"1467121";"—"
"3179";"21";"Электронное";"232000";"85 78 69";"—";"Участвует в конкурсе";"1729459";"—"
"3180";"10";"—";"232000";"83 82 67";"—";"Участвует в конкурсе";"1500499";"—"
"3182";"6";"—";"232000";"83 74 75";"—";"Участвует в конкурсе";"1653908";"—"
"3183";"1";"—";"232000";"80 86 66";"—";"Участвует в конкурсе";"1363497";"—"
"3184";"1";"—";"232000";"79 84 69";"—";"Участвует в конкурсе";"1315465";"—"
"3185";"10";"—";"232000";"78 82 72";"—";"Участвует в конкурсе";"1490909";"—"
"3186";"4";"—";"232000";"75 90 67";"—";"Участвует в конкурсе";"2309983";"—"
"3187";"8";"—";"232000";"75 84 73";"—";"Участвует в конкурсе";"1262118";"—"
"3188";"21";"Электронное";"232000";"75 66 91";"—";"Участвует в конкурсе";"1074547";"—"
"3189";"9";"—";"232000";"70 84 78";"—";"Участвует в конкурсе";"1442939";"—"
"3190";"14";"—";"232000";"85 76 69";"2000";"Участвует в конкурсе";"2253765";"—"
"3191";"14";"—";"232000";"83 74 73";"2000";"Участвует в конкурсе";"2184023";"—"
"3192";"6";"Электронное";"232000";"74 84 72";"2000";"Участвует в конкурсе";"1358398";"—"
"3193";"27";"—";"232000";"85 78 66";"3000";"Участвует в конкурсе";"1181412";"—"
"3194";"12";"—";"232000";"80 80 69";"3000";"Участвует в конкурсе";"1763881";"—"
"3195";"27";"—";"232000";"80 74 75";"3000";"Участвует в конкурсе";"1503182";"—"
"3196";"7";"—";"232000";"80 74 75";"3000";"Участвует в конкурсе";"1329934";"—"
"3197";"14";"—";"232000";"79 78 72";"3000";"Участвует в конкурсе";"1943328";"—"
"3198";"7";"—";"232000";"78 82 69";"3000";"Участвует в конкурсе";"2305719";"—"
"3199";"10";"—";"232000";"78 82 69";"3000";"Участвует в конкурсе";"1636190";"—"
"3200";"5";"—";"232000";"77 74 78";"3000";"Участвует в конкурсе";"1797544";"—"
"3201";"5";"—";"232000";"72 88 69";"3000";"Участвует в конкурсе";"1515737";"—"
"3202";"1";"—";"232000";"70 84 75";"3000";"Участвует в конкурсе";"1247549";"—"
"3203";"22";"—";"232000";"85 84 58";"5000";"Участвует в конкурсе";"2180787";"—"
"3204";"6";"—";"232000";"78 78 66";"10000";"Участвует в конкурсе";"1280027";"—"
"3205";"19";"—";"232000";"78 74 70";"10000";"Участвует в конкурсе";"1474917";"—"
"3206";"8";"—";"232000";"77 72 73";"10000";"Участвует в конкурсе";"1886924";"—"
"3207";"11";"—";"232000";"76 74 72";"10000";"Участвует в конкурсе";"2086584";"—"
"3208";"13";"—";"232000";"75 78 69";"10000";"Участвует в конкурсе";"1633463";"—"
"3209";"2";"—";"232000";"71 78 73";"10000";"Участвует в конкурсе";"1634093";"—"
"3210";"4";"—";"232000";"70 74 78";"10000";"Участвует в конкурсе";"1444106";"—"
"3211";"12";"—";"232000";"67 74 81";"10000";"Участвует в конкурсе";"1567115";"—"
"3213";"8";"—";"232000";"64 72 86";"10000";"Участвует в конкурсе";"1441108";"—"
"3214";"8";"—";"232000";"54 74 94";"10000";"Участвует в конкурсе";"1195519";"—"
"3215";"10";"—";"231000";"93 90 48";"—";"Участвует в конкурсе";"1791516";"—"
"3216";"6";"—";"231000";"90 70 71";"—";"Участвует в конкурсе";"1620335";"—"
"3218";"4";"—";"231000";"85 80 66";"—";"Участвует в конкурсе";"1799452";"—"
"3219";"9";"—";"231000";"83 84 64";"—";"Участвует в конкурсе";"1648603";"—"
"3220";"4";"—";"231000";"83 82 66";"—";"Участвует в конкурсе";"1985461";"—"
"3221";"24";"—";"231000";"83 78 70";"—";"Участвует в конкурсе";"2251206";"—"
"3222";"29";"—";"231000";"83 78 70";"—";"Участвует в конкурсе";"1195924";"—"
"3223";"22";"—";"231000";"83 76 72";"—";"Участвует в конкурсе";"1556469";"—"
"3224";"9";"—";"231000";"83 76 72";"—";"Участвует в конкурсе";"1654967";"—"
"3225";"28";"—";"231000";"83 76 72";"—";"Участвует в конкурсе";"2359041";"—"
"3226";"2";"—";"231000";"82 76 73";"—";"Участвует в конкурсе";"1584229";"—"
"3228";"13";"Электронное";"231000";"78 80 73";"—";"Участвует в конкурсе";"1210027";"—"
"3229";"3";"—";"231000";"78 80 73";"—";"Участвует в конкурсе";"2422017";"—"
"3230";"21";"—";"231000";"75 84 72";"—";"Участвует в конкурсе";"2261374";"—"
"3231";"11";"Электронное";"231000";"75 78 78";"—";"Участвует в конкурсе";"1729299";"—"
"3232";"3";"—";"231000";"75 70 86";"—";"Участвует в конкурсе";"1795160";"—"
"3233";"4";"—";"231000";"74 84 73";"—";"Участвует в конкурсе";"984749";"—"
"3234";"17";"Электронное";"231000";"72 86 73";"—";"Участвует в конкурсе";"1514753";"—"
"3235";"26";"—";"231000";"72 78 81";"—";"Участвует в конкурсе";"1698703";"—"
"3236";"10";"Электронное";"231000";"70 86 75";"—";"Участвует в конкурсе";"1901477";"—"
"3239";"3";"—";"231000";"67 78 86";"—";"Участвует в конкурсе";"2282843";"—"
"3240";"3";"—";"231000";"67 88 75";"1000";"Участвует в конкурсе";"1585794";"—"
"3241";"16";"—";"231000";"85 78 66";"2000";"Участвует в конкурсе";"1783649";"—"
"3242";"9";"—";"231000";"75 76 78";"2000";"Участвует в конкурсе";"1636009";"—"
"3243";"5";"—";"231000";"72 82 75";"2000";"Участвует в конкурсе";"1247183";"—"
"3244";"1";"—";"231000";"90 74 64";"3000";"Участвует в конкурсе";"1508176";"—"
"3245";"12";"—";"231000";"84 72 72";"3000";"Участвует в конкурсе";"1979924";"—"
"3246";"3";"—";"231000";"83 82 63";"3000";"Участвует в конкурсе";"1726658";"—"
"3247";"3";"Электронное";"231000";"79 74 75";"3000";"Участвует в конкурсе";"2249347";"—"
"3248";"4";"Электронное";"231000";"78 84 66";"3000";"Участвует в конкурсе";"1915692";"—"
"3250";"16";"—";"231000";"80 72 69";"10000";"Участвует в конкурсе";"2309834";"—"
"3251";"13";"—";"231000";"80 58 83";"10000";"Участвует в конкурсе";"2362575";"—"
"3252";"25";"—";"231000";"78 76 67";"10000";"Участвует в конкурсе";"1857462";"—"
"3255";"20";"—";"231000";"72 86 63";"10000";"Участвует в конкурсе";"2227804";"—"
"3256";"3";"—";"231000";"72 80 69";"10000";"Участвует в конкурсе";"2121098";"—"
"3257";"7";"—";"231000";"72 74 75";"10000";"Участвует в конкурсе";"1842249";"—"
"3258";"4";"—";"231000";"72 74 75";"10000";"Участвует в конкурсе";"1657377";"—"
"3260";"30";"Электронное";"231000";"70 76 75";"10000";"Участвует в конкурсе";"1981865";"—"
"3261";"10";"—";"231000";"64 76 81";"10000";"Участвует в конкурсе";"1938005";"—"
"3262";"1";"—";"230000";"83 84 63";"—";"Участвует в конкурсе";"1270080";"—"
"3263";"2";"Электронное";"230000";"83 78 69";"—";"Участвует в конкурсе";"1365894";"—"
"3264";"14";"—";"230000";"83 74 73";"—";"Участвует в конкурсе";"1846962";"—"
"3265";"10";"Электронное";"230000";"80 84 66";"—";"Участвует в конкурсе";"1353477";"—"
"3266";"12";"Электронное";"230000";"80 80 70";"—";"Участвует в конкурсе";"1518584";"—"
"3267";"5";"Электронное";"230000";"80 78 72";"—";"Участвует в конкурсе";"2043595";"—"
"3268";"2";"Электронное";"230000";"78 80 72";"—";"Участвует в конкурсе";"1345118";"—"
"3269";"13";"—";"230000";"78 74 78";"—";"Участвует в конкурсе";"1898689";"—"
"3270";"17";"—";"230000";"72 80 78";"—";"Участвует в конкурсе";"1282542";"—"
"3271";"6";"—";"230000";"70 74 86";"—";"Участвует в конкурсе";"1124303";"—"
"3272";"23";"—";"230000";"72 70 86";"2000";"Участвует в конкурсе";"1355771";"—"
"3273";"4";"—";"230000";"83 84 60";"3000";"Участвует в конкурсе";"1485834";"—"
"3275";"13";"—";"230000";"80 78 69";"3000";"Участвует в конкурсе";"1958178";"—"
"3276";"28";"—";"230000";"80 74 73";"3000";"Участвует в конкурсе";"1912315";"—"
"3277";"7";"Электронное";"230000";"78 82 67";"3000";"Участвует в конкурсе";"2055109";"—"
"3278";"2";"—";"230000";"78 82 67";"3000";"Участвует в конкурсе";"2243760";"—"
"3279";"26";"—";"230000";"78 74 75";"3000";"Участвует в конкурсе";"1556614";"—"
"3280";"3";"—";"230000";"77 78 72";"3000";"Участвует в конкурсе";"1434912";"—"
"3281";"4";"Электронное";"230000";"72 86 69";"3000";"Участвует в конкурсе";"2227892";"—"
"3282";"4";"—";"230000";"59 82 86";"3000";"Участвует в конкурсе";"1311415";"—"
"3283";"5";"—";"230000";"80 78 67";"5000";"Участвует в конкурсе";"1638463";"—"
"3285";"11";"—";"230000";"80 70 70";"10000";"Участвует в конкурсе";"1570992";"—"
"3286";"5";"Электронное";"230000";"78 82 60";"10000";"Участвует в конкурсе";"2271868";"—"
"3287";"4";"—";"230000";"78 70 72";"10000";"Участвует в конкурсе";"1205475";"—"
"3288";"8";"—";"230000";"77 76 67";"10000";"Участвует в конкурсе";"1515357";"—"
"3289";"27";"—";"230000";"67 84 69";"10000";"Участвует в конкурсе";"1721711";"—"
"3290";"2";"—";"230000";"67 80 73";"10000";"Участвует в конкурсе";"2162158";"—"
"3291";"6";"—";"230000";"67 72 81";"10000";"Участвует в конкурсе";"1877084";"—"
"3292";"22";"—";"230000";"67 72 81";"10000";"Участвует в конкурсе";"1719296";"—"
"3293";"2";"—";"230000";"64 84 72";"10000";"Участвует в конкурсе";"983863";"—"
"3294";"14";"—";"230000";"62 80 78";"10000";"Участвует в конкурсе";"2371771";"—"
"3295";"14";"—";"230000";"59 80 81";"10000";"Участвует в конкурсе";"1596961";"—"
"3297";"2";"—";"229000";"83 86 60";"—";"Участвует в конкурсе";"1502869";"—"
"3298";"7";"—";"229000";"83 80 66";"—";"Участвует в конкурсе";"1997522";"—"
"3299";"20";"Электронное";"229000";"80 80 69";"—";"Участвует в конкурсе";"1885014";"—"
"3300";"3";"Электронное";"229000";"80 76 73";"—";"Участвует в конкурсе";"1196304";"—"
"3301";"5";"—";"229000";"78 84 67";"—";"Участвует в конкурсе";"1840308";"—"
"3302";"10";"—";"229000";"78 82 69";"—";"Участвует в конкурсе";"1299868";"—"
"3303";"5";"—";"229000";"78 82 69";"—";"Участвует в конкурсе";"1965024";"—"
"3304";"9";"—";"229000";"78 70 81";"—";"Участвует в конкурсе";"2052301";"—"
"3305";"10";"—";"229000";"75 82 72";"—";"Участвует в конкурсе";"1654237";"—"
"3307";"22";"Электронное";"229000";"70 84 75";"—";"Участвует в конкурсе";"2393980";"—"
"3309";"13";"—";"229000";"83 76 67";"3000";"Участвует в конкурсе";"2133396";"—"
"3310";"7";"Электронное";"229000";"83 74 69";"3000";"Участвует в конкурсе";"2113424";"—"
"3311";"8";"—";"229000";"80 88 58";"3000";"Участвует в конкурсе";"1983363";"—"
"3312";"10";"Электронное";"229000";"75 84 67";"3000";"Участвует в конкурсе";"1719927";"—"
"3313";"12";"—";"229000";"75 84 67";"3000";"Участвует в конкурсе";"2241797";"—"
"3314";"4";"—";"229000";"74 82 70";"3000";"Участвует в конкурсе";"2224310";"—"
"3315";"6";"—";"229000";"74 74 78";"3000";"Участвует в конкурсе";"1383909";"—"
"3316";"19";"—";"229000";"72 82 72";"3000";"Участвует в конкурсе";"2054810";"—"
"3317";"5";"—";"229000";"71 82 73";"3000";"Участвует в конкурсе";"970028";"—"
"3318";"8";"Электронное";"229000";"75 76 72";"6000";"Участвует в конкурсе";"1953322";"—"
"3319";"1";"Электронное";"229000";"72 78 72";"7000";"Участвует в конкурсе";"2019839";"—"
"3320";"3";"—";"229000";"80 70 69";"10000";"Участвует в конкурсе";"1772035";"—"
"3321";"10";"—";"229000";"75 72 72";"10000";"Участвует в конкурсе";"1982574";"—"
"3323";"4";"—";"229000";"72 74 73";"10000";"Участвует в конкурсе";"1246261";"—"
"3325";"1";"—";"229000";"67 82 70";"10000";"Участвует в конкурсе";"1782967";"—"
"3326";"10";"Электронное";"229000";"67 74 78";"10000";"Участвует в конкурсе";"1166861";"—"
"3327";"3";"Электронное";"229000";"64 80 75";"10000";"Участвует в конкурсе";"1857295";"—"
"3329";"2";"—";"228000";"85 80 63";"—";"Участвует в конкурсе";"1721663";"—"
"3330";"10";"Электронное";"228000";"85 74 69";"—";"Участвует в конкурсе";"981973";"—"
"3332";"6";"—";"228000";"83 78 67";"—";"Участвует в конкурсе";"1853239";"—"
"3333";"27";"Электронное";"228000";"82 82 64";"—";"Участвует в конкурсе";"1476172";"—"
"3334";"18";"Электронное";"228000";"78 86 64";"—";"Участвует в конкурсе";"1431631";"—"
"3335";"17";"—";"228000";"78 84 66";"—";"Участвует в конкурсе";"1651803";"—"
"3337";"10";"—";"228000";"78 78 72";"—";"Участвует в конкурсе";"2410797";"—"
"3338";"10";"—";"228000";"78 72 78";"—";"Участвует в конкурсе";"2313210";"—"
"3339";"27";"—";"228000";"75 80 73";"—";"Участвует в конкурсе";"1333549";"—"
"3340";"6";"—";"228000";"73 88 67";"—";"Участвует в конкурсе";"2343848";"—"
"3341";"15";"Электронное";"228000";"73 80 75";"—";"Участвует в конкурсе";"1617445";"—"
"3342";"6";"—";"228000";"73 72 83";"—";"Участвует в конкурсе";"2285406";"—"
"3343";"14";"—";"228000";"68 82 78";"—";"Участвует в конкурсе";"2173780";"—"
"3344";"8";"—";"228000";"67 80 81";"—";"Участвует в конкурсе";"2139028";"—"
"3346";"4";"—";"228000";"71 80 75";"2000";"Участвует в конкурсе";"953960";"—"
"3347";"6";"—";"228000";"80 76 69";"3000";"Участвует в конкурсе";"1853602";"—"
"3348";"12";"—";"228000";"79 76 70";"3000";"Участвует в конкурсе";"2089913";"—"
"3349";"12";"—";"228000";"75 78 72";"3000";"Участвует в конкурсе";"1196478";"—"
"3350";"11";"—";"228000";"67 88 70";"3000";"Участвует в конкурсе";"2004238";"—"
"3351";"4";"Электронное";"228000";"80 76 67";"5000";"Участвует в конкурсе";"1616436";"—"
"3353";"11";"—";"228000";"72 84 64";"8000";"Участвует в конкурсе";"1710384";"—"
"3354";"10";"—";"228000";"80 52 86";"10000";"Участвует в конкурсе";"2222701";"—"
"3355";"25";"—";"228000";"75 80 63";"10000";"Участвует в конкурсе";"1860412";"—"
"3356";"4";"—";"228000";"73 82 63";"10000";"Участвует в конкурсе";"1680216";"—"
"3357";"4";"—";"228000";"73 64 81";"10000";"Участвует в конкурсе";"2001935";"—"
"3359";"16";"Электронное";"228000";"70 78 70";"10000";"Участвует в конкурсе";"2004972";"—"
"3360";"7";"—";"228000";"70 78 70";"10000";"Участвует в конкурсе";"2301119";"—"
"3361";"3";"—";"228000";"51 78 89";"10000";"Участвует в конкурсе";"1188999";"—"
"3362";"29";"—";"227000";"83 74 70";"—";"Участвует в конкурсе";"1539208";"—"
"3364";"17";"—";"227000";"80 80 67";"—";"Участвует в конкурсе";"1466489";"—"
"3366";"7";"—";"227000";"78 92 57";"—";"Участвует в конкурсе";"1860324";"—"
"3367";"5";"—";"227000";"78 80 69";"—";"Участвует в конкурсе";"1573576";"—"
"3368";"9";"—";"227000";"78 80 69";"—";"Участвует в конкурсе";"2385515";"—"
"3370";"14";"—";"227000";"78 74 75";"—";"Участвует в конкурсе";"994571";"—"
"3371";"1";"Электронное";"227000";"75 80 72";"—";"Участвует в конкурсе";"1247157";"—"
"3372";"24";"—";"227000";"72 82 73";"—";"Участвует в конкурсе";"2214673";"—"
"3375";"20";"—";"227000";"70 70 87";"—";"Участвует в конкурсе";"1899885";"—"
"3376";"6";"—";"227000";"68 86 73";"—";"Участвует в конкурсе";"1144382";"—"
"3377";"17";"Электронное";"227000";"67 88 72";"—";"Участвует в конкурсе";"1655253";"—"
"3378";"9";"—";"227000";"80 94 51";"2000";"Участвует в конкурсе";"1996651";"—"
"3379";"3";"—";"227000";"80 82 63";"2000";"Участвует в конкурсе";"1288071";"—"
"3380";"3";"Электронное";"227000";"80 80 64";"3000";"Участвует в конкурсе";"1732410";"—"
"3381";"18";"—";"227000";"78 74 72";"3000";"Участвует в конкурсе";"1651349";"—"
"3382";"3";"—";"227000";"78 74 72";"3000";"Участвует в конкурсе";"1599639";"—"
"3383";"5";"Электронное";"227000";"75 76 73";"3000";"Участвует в конкурсе";"1881320";"—"
"3384";"1";"—";"227000";"72 80 72";"3000";"Участвует в конкурсе";"1702768";"—"
"3385";"7";"—";"227000";"64 90 70";"3000";"Участвует в конкурсе";"1999455";"—"
"3386";"7";"Электронное";"227000";"71 78 73";"5000";"Участвует в конкурсе";"2335647";"—"
"3387";"10";"—";"227000";"77 76 67";"7000";"Участвует в конкурсе";"2314706";"—"
"3388";"8";"—";"227000";"80 76 61";"10000";"Участвует в конкурсе";"1435987";"—"
"3389";"18";"—";"227000";"78 78 61";"10000";"Участвует в конкурсе";"1988344";"—"
"3390";"12";"Электронное";"227000";"78 76 63";"10000";"Участвует в конкурсе";"1975071";"—"
"3392";"20";"Электронное";"227000";"70 78 69";"10000";"Участвует в конкурсе";"2387974";"—"
"3393";"10";"—";"227000";"67 72 78";"10000";"Участвует в конкурсе";"1040407";"—"
"3394";"8";"—";"227000";"54 82 81";"10000";"Участвует в конкурсе";"1647681";"—"
"3395";"17";"Электронное";"226000";"85 74 67";"—";"Участвует в конкурсе";"1638106";"—"
"3397";"6";"—";"226000";"83 74 69";"—";"Участвует в конкурсе";"2312963";"—"
"3398";"12";"—";"226000";"82 80 64";"—";"Участвует в конкурсе";"2417150";"—"
"3400";"18";"Электронное";"226000";"80 74 72";"—";"Участвует в конкурсе";"1203631";"—"
"3401";"3";"—";"226000";"78 76 72";"—";"Участвует в конкурсе";"2417218";"—"
"3402";"5";"—";"226000";"75 76 75";"—";"Участвует в конкурсе";"1292389";"—"
"3403";"9";"—";"226000";"75 70 81";"—";"Участвует в конкурсе";"2425685";"—"
"3405";"6";"—";"226000";"71 88 67";"—";"Участвует в конкурсе";"1396807";"—"
"3406";"8";"—";"226000";"70 86 70";"—";"Участвует в конкурсе";"2099183";"—"
"3407";"9";"—";"226000";"70 86 70";"—";"Участвует в конкурсе";"2315122";"—"
"3408";"7";"—";"226000";"65 72 89";"—";"Участвует в конкурсе";"1773733";"—"
"3410";"12";"—";"226000";"83 80 60";"3000";"Участвует в конкурсе";"1764782";"—"
"3411";"7";"—";"226000";"76 80 67";"3000";"Участвует в конкурсе";"1137330";"—"
"3412";"10";"—";"226000";"70 78 75";"3000";"Участвует в конкурсе";"1481464";"—"
"3413";"4";"—";"226000";"80 72 66";"8000";"Участвует в конкурсе";"1578807";"—"
"3414";"4";"Электронное";"226000";"75 74 67";"10000";"Участвует в конкурсе";"1288897";"—"
"3415";"8";"—";"226000";"74 76 66";"10000";"Участвует в конкурсе";"2416247";"—"
"3416";"4";"Электронное";"226000";"72 80 64";"10000";"Участвует в конкурсе";"1558179";"—"
"3418";"7";"—";"226000";"59 82 75";"10000";"Участвует в конкурсе";"1915182";"—"
"3419";"14";"—";"225000";"85 82 58";"—";"Участвует в конкурсе";"1543960";"—"
"3421";"17";"—";"225000";"83 76 66";"—";"Участвует в конкурсе";"1656829";"—"
"3423";"6";"—";"225000";"76 76 73";"—";"Участвует в конкурсе";"1616403";"—"
"3424";"3";"—";"225000";"74 76 75";"—";"Участвует в конкурсе";"1256899";"—"
"3425";"11";"—";"225000";"72 80 73";"—";"Участвует в конкурсе";"1999134";"—"
"3426";"15";"Электронное";"225000";"72 78 75";"—";"Участвует в конкурсе";"1444529";"—"
"3427";"8";"—";"225000";"72 78 75";"—";"Участвует в конкурсе";"2341062";"—"
"3429";"6";"Электронное";"225000";"70 86 69";"—";"Участвует в конкурсе";"1516836";"—"
"3430";"18";"—";"225000";"70 68 87";"—";"Участвует в конкурсе";"1290112";"—"
"3431";"14";"—";"225000";"67 72 86";"—";"Участвует в конкурсе";"1840531";"—"
"3432";"18";"—";"225000";"64 72 89";"—";"Участвует в конкурсе";"1689321";"—"
"3433";"2";"—";"225000";"72 82 69";"2000";"Участвует в конкурсе";"1389005";"—"
"3434";"2";"—";"225000";"67 84 72";"2000";"Участвует в конкурсе";"1911529";"—"
"3435";"10";"—";"225000";"88 74 60";"3000";"Участвует в конкурсе";"1586262";"—"
"3436";"8";"—";"225000";"79 70 73";"3000";"Участвует в конкурсе";"1496833";"—"
"3437";"17";"Электронное";"225000";"72 86 64";"3000";"Участвует в конкурсе";"1517868";"—"
"3439";"4";"—";"225000";"72 78 70";"5000";"Участвует в конкурсе";"1041073";"—"
"3440";"29";"—";"225000";"72 74 72";"7000";"Участвует в конкурсе";"2365526";"—"
"3441";"16";"—";"225000";"80 72 63";"10000";"Участвует в конкурсе";"1788408";"—"
"3442";"11";"—";"225000";"75 70 70";"10000";"Участвует в конкурсе";"2309676";"—"
"3443";"10";"—";"225000";"73 76 66";"10000";"Участвует в конкурсе";"2085377";"—"
"3445";"5";"—";"225000";"64 78 73";"10000";"Участвует в конкурсе";"2082278";"—"
"3446";"9";"Электронное";"224000";"83 78 63";"—";"Участвует в конкурсе";"1704507";"—"
"3447";"9";"—";"224000";"82 82 60";"—";"Участвует в конкурсе";"2342616";"—"
"3448";"9";"—";"224000";"80 80 64";"—";"Участвует в конкурсе";"1798297";"—"
"3449";"16";"Электронное";"224000";"80 80 64";"—";"Участвует в конкурсе";"1813701";"—"
"3450";"8";"—";"224000";"80 80 64";"—";"Участвует в конкурсе";"2270140";"—"
"3452";"2";"Электронное";"224000";"79 82 63";"—";"Участвует в конкурсе";"1241686";"—"
"3453";"7";"—";"224000";"78 76 70";"—";"Участвует в конкурсе";"1954008";"—"
"3454";"13";"—";"224000";"77 72 75";"—";"Участвует в конкурсе";"2313005";"—"
"3455";"10";"—";"224000";"76 76 72";"—";"Участвует в конкурсе";"1282302";"—"
"3456";"11";"Электронное";"224000";"75 82 67";"—";"Участвует в конкурсе";"1547316";"—"
"3457";"5";"—";"224000";"75 82 67";"—";"Участвует в конкурсе";"1337622";"—"
"3458";"9";"—";"224000";"74 80 70";"—";"Участвует в конкурсе";"2143337";"—"
"3459";"1";"—";"224000";"73 78 73";"—";"Участвует в конкурсе";"2357481";"—"
"3460";"4";"—";"224000";"68 78 78";"—";"Участвует в конкурсе";"1257066";"—"
"3461";"6";"Электронное";"224000";"68 70 86";"—";"Участвует в конкурсе";"1278366";"—"
"3463";"4";"—";"224000";"59 82 83";"—";"Участвует в конкурсе";"1690442";"—"
"3464";"8";"—";"224000";"78 78 66";"2000";"Участвует в конкурсе";"1420853";"—"
"3465";"9";"—";"224000";"75 74 73";"2000";"Участвует в конкурсе";"1704283";"—"
"3466";"4";"—";"224000";"59 100 63";"2000";"Участвует в конкурсе";"1634572";"—"
"3467";"5";"—";"224000";"83 78 60";"3000";"Участвует в конкурсе";"1643068";"—"
"3468";"9";"—";"224000";"83 78 60";"3000";"Участвует в конкурсе";"2217265";"—"
"3469";"13";"—";"224000";"83 72 66";"3000";"Участвует в конкурсе";"2002061";"—"
"3470";"1";"—";"224000";"80 74 67";"3000";"Участвует в конкурсе";"1855243";"—"
"3472";"9";"—";"224000";"75 80 66";"3000";"Участвует в конкурсе";"2182775";"—"
"3473";"4";"—";"224000";"72 76 73";"3000";"Участвует в конкурсе";"1245522";"—"
"3474";"16";"—";"224000";"62 76 81";"5000";"Участвует в конкурсе";"2135494";"—"
"3475";"15";"Электронное";"224000";"70 78 69";"7000";"Участвует в конкурсе";"2039582";"—"
"3476";"24";"—";"224000";"78 74 64";"8000";"Участвует в конкурсе";"1614178";"—"
"3477";"4";"Электронное";"224000";"72 58 86";"8000";"Участвует в конкурсе";"1493589";"—"
"3479";"28";"—";"224000";"65 88 61";"10000";"Участвует в конкурсе";"2412738";"—"
"3480";"29";"—";"224000";"64 80 70";"10000";"Участвует в конкурсе";"2391325";"—"
"3481";"8";"—";"224000";"53 78 83";"10000";"Участвует в конкурсе";"1317288";"—"
"3482";"19";"—";"223000";"85 74 64";"—";"Участвует в конкурсе";"1284748";"—"
"3484";"9";"—";"223000";"78 78 67";"—";"Участвует в конкурсе";"1337348";"—"
"3486";"12";"Электронное";"223000";"75 76 72";"—";"Участвует в конкурсе";"1440273";"—"
"3487";"12";"Электронное";"223000";"75 76 72";"—";"Участвует в конкурсе";"1981352";"—"
"3488";"19";"—";"223000";"75 70 78";"—";"Участвует в конкурсе";"1545980";"—"
"3489";"9";"—";"223000";"72 82 69";"—";"Участвует в конкурсе";"1712259";"—"
"3490";"11";"—";"223000";"72 78 73";"—";"Участвует в конкурсе";"1581602";"—"
"3491";"2";"—";"223000";"72 70 81";"—";"Участвует в конкурсе";"1674252";"—"
"3492";"19";"—";"223000";"70 72 81";"—";"Участвует в конкурсе";"2370493";"—"
"3493";"12";"—";"223000";"67 86 70";"—";"Участвует в конкурсе";"2090702";"—"
"3494";"28";"—";"223000";"64 70 89";"—";"Участвует в конкурсе";"2393776";"—"
"3495";"27";"—";"223000";"62 70 91";"—";"Участвует в конкурсе";"1628547";"—"
"3497";"1";"Электронное";"223000";"76 84 60";"3000";"Участвует в конкурсе";"1883722";"—"
"3498";"4";"—";"223000";"67 84 69";"3000";"Участвует в конкурсе";"1329027";"—"
"3499";"6";"—";"223000";"64 78 78";"3000";"Участвует в конкурсе";"2173429";"—"
"3501";"2";"Электронное";"223000";"75 74 69";"5000";"Участвует в конкурсе";"983245";"—"
"3502";"5";"—";"223000";"75 74 69";"5000";"Участвует в конкурсе";"2315057";"—"
"3503";"4";"—";"223000";"78 72 66";"7000";"Участвует в конкурсе";"1987971";"—"
"3504";"9";"—";"223000";"74 72 67";"10000";"Участвует в конкурсе";"1094901";"—"
"3505";"5";"—";"223000";"72 80 61";"10000";"Участвует в конкурсе";"2315980";"—"
"3506";"12";"—";"223000";"71 64 78";"10000";"Участвует в конкурсе";"2265958";"—"
"3508";"20";"—";"222000";"78 80 64";"—";"Участвует в конкурсе";"2221736";"—"
"3510";"5";"—";"222000";"78 74 70";"—";"Участвует в конкурсе";"1329431";"—"
"3511";"4";"—";"222000";"77 82 63";"—";"Участвует в конкурсе";"1436450";"—"
"3512";"7";"—";"222000";"75 84 63";"—";"Участвует в конкурсе";"2196169";"—"
"3513";"26";"Электронное";"222000";"75 78 69";"—";"Участвует в конкурсе";"2133320";"—"
"3514";"1";"—";"222000";"72 84 66";"—";"Участвует в конкурсе";"1839179";"—"
"3515";"11";"Электронное";"222000";"72 80 70";"—";"Участвует в конкурсе";"1199126";"—"
"3516";"8";"—";"222000";"72 72 78";"—";"Участвует в конкурсе";"1075759";"—"
"3517";"15";"—";"222000";"70 82 70";"—";"Участвует в конкурсе";"2074621";"—"
"3518";"9";"—";"222000";"70 80 72";"—";"Участвует в конкурсе";"1510264";"—"
"3519";"30";"—";"222000";"70 74 78";"—";"Участвует в конкурсе";"1957170";"—"
"3520";"29";"Электронное";"222000";"67 80 75";"—";"Участвует в конкурсе";"1624157";"—"
"3521";"21";"—";"222000";"67 74 81";"—";"Участвует в конкурсе";"2394387";"—"
"3522";"2";"—";"222000";"67 64 91";"—";"Участвует в конкурсе";"1195634";"—"
"3523";"16";"—";"222000";"65 88 69";"—";"Участвует в конкурсе";"1723255";"—"
"3524";"5";"—";"222000";"67 78 75";"2000";"Участвует в конкурсе";"2096623";"—"
"3525";"1";"—";"222000";"84 74 61";"3000";"Участвует в конкурсе";"1724033";"—"
"3526";"16";"—";"222000";"78 78 63";"3000";"Участвует в конкурсе";"1912737";"—"
"3527";"2";"—";"222000";"78 74 67";"3000";"Участвует в конкурсе";"1787513";"—"
"3530";"10";"Электронное";"222000";"59 74 86";"3000";"Участвует в конкурсе";"2228833";"—"
"3531";"13";"Электронное";"222000";"67 72 78";"5000";"Участвует в конкурсе";"1858952";"—"
"3532";"5";"—";"222000";"67 64 86";"5000";"Участвует в конкурсе";"2293327";"—"
"3533";"6";"—";"222000";"56 78 83";"5000";"Участвует в конкурсе";"2140693";"—"
"3534";"27";"—";"222000";"88 64 60";"10000";"Участвует в конкурсе";"2344278";"—"
"3535";"8";"Электронное";"222000";"82 70 60";"10000";"Участвует в конкурсе";"1976900";"—"
"3536";"16";"—";"222000";"80 72 60";"10000";"Участвует в конкурсе";"2255536";"—"
"3537";"1";"Электронное";"222000";"75 74 63";"10000";"Участвует в конкурсе";"1310580";"—"
"3539";"11";"Электронное";"222000";"74 74 64";"10000";"Участвует в конкурсе";"2181526";"—"
"3540";"6";"—";"222000";"72 80 60";"10000";"Участвует в конкурсе";"1557802";"—"
"3541";"4";"—";"222000";"70 76 66";"10000";"Участвует в конкурсе";"1853644";"—"
"3542";"4";"Электронное";"222000";"70 70 72";"10000";"Участвует в конкурсе";"2024472";"—"
"3543";"22";"Электронное";"222000";"67 84 61";"10000";"Участвует в конкурсе";"1439452";"—"
"3544";"8";"—";"222000";"67 70 75";"10000";"Участвует в конкурсе";"1693599";"—"
"3545";"9";"—";"221000";"88 82 51";"—";"Участвует в конкурсе";"1244800";"—"
"3546";"10";"—";"221000";"84 74 63";"—";"Участвует в конкурсе";"1520463";"—"
"3547";"3";"—";"221000";"83 74 64";"—";"Участвует в конкурсе";"1340286";"—"
"3548";"3";"—";"221000";"83 72 66";"—";"Участвует в конкурсе";"2052081";"—"
"3550";"19";"—";"221000";"80 74 67";"—";"Участвует в конкурсе";"2314956";"—"
"3552";"2";"—";"221000";"78 82 61";"—";"Участвует в конкурсе";"1294633";"—"
"3553";"10";"—";"221000";"78 74 69";"—";"Участвует в конкурсе";"1980461";"—"
"3554";"15";"Электронное";"221000";"75 80 66";"—";"Участвует в конкурсе";"1176243";"—"
"3555";"12";"—";"221000";"75 76 70";"—";"Участвует в конкурсе";"2159522";"—"
"3556";"15";"—";"221000";"75 76 70";"—";"Участвует в конкурсе";"1948830";"—"
"3557";"16";"—";"221000";"72 76 73";"—";"Участвует в конкурсе";"1388832";"—"
"3558";"1";"—";"221000";"70 78 73";"—";"Участвует в конкурсе";"2042150";"—"
"3559";"25";"—";"221000";"70 78 73";"—";"Участвует в конкурсе";"2092963";"—"
"3560";"5";"—";"221000";"67 84 70";"—";"Участвует в конкурсе";"2091217";"—"
"3561";"7";"Электронное";"221000";"56 82 83";"—";"Участвует в конкурсе";"2219298";"—"
"3562";"17";"—";"221000";"72 74 73";"2000";"Участвует в конкурсе";"2226183";"—"
"3564";"3";"—";"221000";"70 76 73";"2000";"Участвует в конкурсе";"2269105";"—"
"3565";"4";"—";"221000";"82 58 78";"3000";"Участвует в конкурсе";"1258196";"—"
"3566";"23";"Электронное";"221000";"78 70 70";"3000";"Участвует в конкурсе";"1437085";"—"
"3567";"5";"Электронное";"221000";"70 76 67";"8000";"Участвует в конкурсе";"1712466";"—"
"3568";"6";"Электронное";"221000";"73 78 60";"10000";"Участвует в конкурсе";"1640414";"—"
"3569";"7";"—";"221000";"67 80 64";"10000";"Участвует в конкурсе";"2334396";"—"
"3570";"21";"—";"221000";"62 80 69";"10000";"Участвует в конкурсе";"2305430";"—"
"3571";"13";"Электронное";"221000";"62 74 75";"10000";"Участвует в конкурсе";"1313126";"—"
"3572";"1";"—";"220000";"83 74 63";"—";"Участвует в конкурсе";"1609483";"—"
"3574";"9";"—";"220000";"80 80 60";"—";"Участвует в конкурсе";"1358467";"—"
"3575";"5";"—";"220000";"78 72 70";"—";"Участвует в конкурсе";"2215984";"—"
"3576";"11";"Электронное";"220000";"78 70 72";"—";"Участвует в конкурсе";"1516907";"—"
"3577";"10";"—";"220000";"75 78 67";"—";"Участвует в конкурсе";"2266616";"—"
"3578";"3";"Электронное";"220000";"75 76 69";"—";"Участвует в конкурсе";"2179289";"—"
"3579";"5";"—";"220000";"75 70 75";"—";"Участвует в конкурсе";"1641355";"—"
"3580";"1";"—";"220000";"74 80 66";"—";"Участвует в конкурсе";"1998094";"—"
"3582";"4";"Электронное";"220000";"72 78 70";"—";"Участвует в конкурсе";"2005003";"—"
"3583";"9";"—";"220000";"70 86 64";"—";"Участвует в конкурсе";"2176225";"—"
"3584";"1";"—";"220000";"70 78 72";"—";"Участвует в конкурсе";"2049876";"—"
"3585";"4";"—";"220000";"70 78 72";"—";"Участвует в конкурсе";"1206283";"—"
"3586";"11";"—";"220000";"67 86 67";"—";"Участвует в конкурсе";"2231013";"—"
"3587";"26";"—";"220000";"64 84 72";"—";"Участвует в конкурсе";"2406635";"—"
"3588";"9";"—";"220000";"80 70 67";"3000";"Участвует в конкурсе";"1583987";"—"
"3589";"7";"Электронное";"220000";"70 74 73";"3000";"Участвует в конкурсе";"2107745";"—"
"3590";"12";"—";"220000";"67 78 72";"3000";"Участвует в конкурсе";"2262703";"—"
"3591";"8";"—";"220000";"67 78 72";"3000";"Участвует в конкурсе";"2254145";"—"
"3592";"3";"Электронное";"220000";"67 72 78";"3000";"Участвует в конкурсе";"1258295";"—"
"3593";"9";"—";"220000";"85 74 54";"7000";"Участвует в конкурсе";"1643953";"—"
"3594";"2";"—";"220000";"75 72 66";"7000";"Участвует в конкурсе";"1605303";"—"
"3595";"3";"—";"220000";"68 72 73";"7000";"Участвует в конкурсе";"1698373";"—"
"3596";"10";"Электронное";"220000";"70 70 72";"8000";"Участвует в конкурсе";"2368653";"—"
"3597";"5";"—";"220000";"64 84 64";"8000";"Участвует в конкурсе";"1267880";"—"
"3599";"12";"—";"220000";"64 80 66";"10000";"Участвует в конкурсе";"1625459";"—"
"3600";"1";"—";"220000";"64 74 72";"10000";"Участвует в конкурсе";"1722513";"—"
"3601";"7";"—";"220000";"62 78 70";"10000";"Участвует в конкурсе";"1808579";"—"
"3602";"3";"—";"220000";"59 82 69";"10000";"Участвует в конкурсе";"2159885";"—"
"3603";"6";"—";"220000";"59 76 75";"10000";"Участвует в конкурсе";"2222051";"—"
"3604";"6";"—";"219000";"80 70 69";"—";"Участвует в конкурсе";"2315437";"—"
"3605";"8";"Электронное";"219000";"78 80 61";"—";"Участвует в конкурсе";"1961908";"—"
"3606";"2";"Электронное";"219000";"78 78 63";"—";"Участвует в конкурсе";"1119857";"—"
"3607";"14";"—";"219000";"78 74 67";"—";"Участвует в конкурсе";"1618692";"—"
"3608";"7";"—";"219000";"78 74 67";"—";"Участвует в конкурсе";"1258043";"—"
"3609";"3";"Электронное";"219000";"75 78 66";"—";"Участвует в конкурсе";"2118861";"—"
"3610";"1";"—";"219000";"75 74 70";"—";"Участвует в конкурсе";"1248154";"—"
"3611";"12";"—";"219000";"75 74 70";"—";"Участвует в конкурсе";"1720832";"—"
"3612";"10";"—";"219000";"75 74 70";"—";"Участвует в конкурсе";"2144528";"—"
"3613";"9";"—";"219000";"73 76 70";"—";"Участвует в конкурсе";"1069131";"—"
"3615";"10";"Электронное";"219000";"72 78 69";"—";"Участвует в конкурсе";"1350362";"—"
"3616";"17";"—";"219000";"72 78 69";"—";"Участвует в конкурсе";"1459246";"—"
"3617";"8";"Электронное";"219000";"72 74 73";"—";"Участвует в конкурсе";"1643109";"—"
"3620";"5";"—";"219000";"70 74 75";"—";"Участвует в конкурсе";"2267575";"—"
"3621";"24";"—";"219000";"67 88 64";"—";"Участвует в конкурсе";"2219503";"—"
"3622";"22";"—";"219000";"64 82 73";"—";"Участвует в конкурсе";"1655501";"—"
"3623";"3";"—";"219000";"62 76 81";"—";"Участвует в конкурсе";"1642617";"—"
"3624";"16";"Электронное";"219000";"75 78 64";"2000";"Участвует в конкурсе";"1985629";"—"
"3625";"9";"—";"219000";"72 78 67";"2000";"Участвует в конкурсе";"2184454";"—"
"3626";"2";"—";"219000";"72 72 73";"2000";"Участвует в конкурсе";"2094650";"—"
"3627";"23";"Электронное";"219000";"72 72 73";"2000";"Участвует в конкурсе";"2185929";"—"
"3628";"30";"—";"219000";"78 78 60";"3000";"Участвует в конкурсе";"1909084";"—"
"3629";"6";"Электронное";"219000";"76 76 64";"3000";"Участвует в конкурсе";"1725101";"—"
"3630";"11";"—";"219000";"76 76 64";"3000";"Участвует в конкурсе";"1213331";"—"
"3633";"4";"—";"219000";"67 76 73";"3000";"Участвует в конкурсе";"2304382";"—"
"3634";"8";"—";"219000";"64 74 78";"3000";"Участвует в конкурсе";"2005065";"—"
"3635";"1";"—";"219000";"78 82 54";"5000";"Участвует в конкурсе";"1512973";"—"
"3636";"8";"Электронное";"219000";"78 70 61";"10000";"Участвует в конкурсе";"2309380";"—"
"3637";"6";"—";"219000";"78 58 73";"10000";"Участвует в конкурсе";"1188994";"—"
"3638";"15";"—";"219000";"73 72 64";"10000";"Участвует в конкурсе";"1914135";"—"
"3639";"3";"—";"219000";"70 78 61";"10000";"Участвует в конкурсе";"1171959";"—"
"3640";"2";"Электронное";"219000";"67 70 72";"10000";"Участвует в конкурсе";"1626506";"—"
"3642";"4";"—";"218000";"79 76 63";"—";"Участвует в конкурсе";"1628228";"—"
"3643";"5";"—";"218000";"75 76 67";"—";"Участвует в конкурсе";"2192880";"—"
"3644";"8";"—";"218000";"73 76 69";"—";"Участвует в конкурсе";"2225668";"—"
"3647";"7";"—";"218000";"70 82 66";"—";"Участвует в конкурсе";"1395261";"—"
"3648";"6";"Электронное";"218000";"70 76 72";"—";"Участвует в конкурсе";"1365522";"—"
"3650";"7";"—";"218000";"70 76 72";"—";"Участвует в конкурсе";"2003136";"—"
"3651";"5";"—";"218000";"70 70 78";"—";"Участвует в конкурсе";"2313514";"—"
"3653";"4";"—";"218000";"62 78 78";"—";"Участвует в конкурсе";"2049032";"—"
"3655";"7";"—";"218000";"51 84 83";"—";"Участвует в конкурсе";"1910789";"—"
"3656";"15";"—";"218000";"80 82 54";"2000";"Участвует в конкурсе";"1202206";"—"
"3657";"15";"—";"218000";"70 82 64";"2000";"Участвует в конкурсе";"1364135";"—"
"3658";"8";"—";"218000";"83 74 58";"3000";"Участвует в конкурсе";"1646433";"—"
"3659";"16";"—";"218000";"70 78 67";"3000";"Участвует в конкурсе";"1432402";"—"
"3660";"3";"Электронное";"218000";"67 84 64";"3000";"Участвует в конкурсе";"1860791";"—"
"3661";"19";"—";"218000";"62 74 78";"4000";"Участвует в конкурсе";"2364146";"—"
"3662";"20";"—";"218000";"67 76 70";"5000";"Участвует в конкурсе";"2135607";"—"
"3663";"4";"—";"218000";"62 76 70";"10000";"Участвует в конкурсе";"1787963";"—"
"3664";"1";"Электронное";"218000";"59 80 69";"10000";"Участвует в конкурсе";"1401514";"—"
"3665";"5";"—";"217000";"80 76 61";"—";"Участвует в конкурсе";"1573051";"—"
"3667";"4";"—";"217000";"76 80 61";"—";"Участвует в конкурсе";"1430950";"—"
"3668";"2";"—";"217000";"75 84 58";"—";"Участвует в конкурсе";"2302756";"—"
"3669";"20";"—";"217000";"75 64 78";"—";"Участвует в конкурсе";"1438536";"—"
"3670";"6";"—";"217000";"73 86 58";"—";"Участвует в конкурсе";"1289888";"—"
"3673";"2";"Электронное";"217000";"72 76 69";"—";"Участвует в конкурсе";"1000153";"—"
"3674";"15";"Электронное";"217000";"72 72 73";"—";"Участвует в конкурсе";"1362584";"—"
"3675";"5";"—";"217000";"71 74 72";"—";"Участвует в конкурсе";"1435288";"—"
"3676";"11";"—";"217000";"70 86 61";"—";"Участвует в конкурсе";"2415819";"—"
"3678";"5";"—";"217000";"70 78 69";"—";"Участвует в конкурсе";"2180895";"—"
"3679";"5";"—";"217000";"70 72 75";"—";"Участвует в конкурсе";"2046710";"—"
"3680";"2";"—";"217000";"64 76 77";"—";"Участвует в конкурсе";"2312940";"—"
"3681";"10";"—";"217000";"61 84 72";"—";"Участвует в конкурсе";"1350994";"—"
"3682";"3";"—";"217000";"54 74 89";"—";"Участвует в конкурсе";"1993891";"—"
"3684";"11";"—";"217000";"75 76 63";"3000";"Участвует в конкурсе";"1975518";"—"
"3685";"2";"—";"217000";"75 70 69";"3000";"Участвует в конкурсе";"1689441";"—"
"3686";"3";"—";"217000";"70 86 58";"3000";"Участвует в конкурсе";"1279170";"—"
"3687";"6";"—";"217000";"70 84 60";"3000";"Участвует в конкурсе";"1385534";"—"
"3689";"6";"—";"217000";"67 84 63";"3000";"Участвует в конкурсе";"2050554";"—"
"3690";"2";"—";"217000";"67 72 75";"3000";"Участвует в конкурсе";"1094576";"—"
"3691";"17";"—";"217000";"62 86 66";"3000";"Участвует в конкурсе";"1366547";"—"
"3692";"3";"—";"217000";"65 64 83";"5000";"Участвует в конкурсе";"2182311";"—"
"3693";"13";"Электронное";"217000";"62 74 73";"8000";"Участвует в конкурсе";"2335289";"—"
"3694";"12";"—";"217000";"76 76 55";"10000";"Участвует в конкурсе";"1213972";"—"
"3695";"7";"—";"217000";"59 76 72";"10000";"Участвует в конкурсе";"1616476";"—"
"3697";"22";"—";"217000";"54 80 73";"10000";"Участвует в конкурсе";"937948";"—"
"3698";"1";"Электронное";"217000";"51 78 78";"10000";"Участвует в конкурсе";"2003243";"—"
"3700";"13";"—";"216000";"80 70 66";"—";"Участвует в конкурсе";"936904";"—"
"3701";"7";"—";"216000";"78 72 66";"—";"Участвует в конкурсе";"2052337";"—"
"3702";"1";"Электронное";"216000";"78 72 66";"—";"Участвует в конкурсе";"2055667";"—"
"3704";"10";"—";"216000";"75 74 67";"—";"Участвует в конкурсе";"1596967";"—"
"3706";"9";"—";"216000";"75 72 69";"—";"Участвует в конкурсе";"1493935";"—"
"3707";"11";"Электронное";"216000";"74 72 70";"—";"Участвует в конкурсе";"1416819";"—"
"3708";"13";"—";"216000";"72 78 66";"—";"Участвует в конкурсе";"2243821";"—"
"3709";"4";"—";"216000";"72 74 70";"—";"Участвует в конкурсе";"1992523";"—"
"3710";"8";"Электронное";"216000";"59 76 81";"—";"Участвует в конкурсе";"999910";"—"
"3714";"15";"Электронное";"216000";"83 78 52";"3000";"Участвует в конкурсе";"1431012";"—"
"3715";"5";"—";"216000";"83 64 66";"3000";"Участвует в конкурсе";"1243750";"—"
"3717";"6";"Электронное";"216000";"70 74 69";"3000";"Участвует в конкурсе";"1640709";"—"
"3718";"9";"—";"216000";"67 74 70";"5000";"Участвует в конкурсе";"1326017";"—"
"3719";"6";"—";"216000";"46 82 78";"10000";"Участвует в конкурсе";"1712739";"—"
"3721";"2";"Электронное";"215000";"83 78 54";"—";"Участвует в конкурсе";"980614";"—"
"3723";"4";"—";"215000";"80 72 63";"—";"Участвует в конкурсе";"1587083";"—"
"3724";"10";"—";"215000";"80 72 63";"—";"Участвует в конкурсе";"2393785";"—"
"3725";"9";"—";"215000";"78 86 51";"—";"Участвует в конкурсе";"1956372";"—"
"3726";"4";"Электронное";"215000";"78 76 61";"—";"Участвует в конкурсе";"2229794";"—"
"3727";"12";"—";"215000";"78 76 61";"—";"Участвует в конкурсе";"2264237";"—"
"3728";"4";"—";"215000";"78 76 61";"—";"Участвует в конкурсе";"1584404";"—"
"3729";"9";"—";"215000";"75 80 60";"—";"Участвует в конкурсе";"1357459";"—"
"3730";"16";"Электронное";"215000";"75 74 66";"—";"Участвует в конкурсе";"1935259";"—"
"3731";"6";"—";"215000";"75 70 70";"—";"Участвует в конкурсе";"1262536";"—"
"3733";"2";"Электронное";"215000";"72 74 69";"—";"Участвует в конкурсе";"1317375";"—"
"3734";"14";"Электронное";"215000";"70 82 63";"—";"Участвует в конкурсе";"1406849";"—"
"3735";"12";"—";"215000";"67 84 64";"—";"Участвует в конкурсе";"1275065";"—"
"3736";"9";"Электронное";"215000";"67 78 70";"—";"Участвует в конкурсе";"1606309";"—"
"3737";"14";"—";"215000";"64 78 73";"—";"Участвует в конкурсе";"2422896";"—"
"3738";"14";"—";"215000";"62 78 75";"—";"Участвует в конкурсе";"1890965";"—"
"3739";"5";"—";"215000";"62 72 81";"—";"Участвует в конкурсе";"2270003";"—"
"3740";"8";"—";"215000";"62 72 81";"—";"Участвует в конкурсе";"1208158";"—"
"3741";"3";"—";"215000";"62 70 83";"—";"Участвует в конкурсе";"1617602";"—"
"3742";"8";"—";"215000";"79 86 48";"2000";"Участвует в конкурсе";"2313072";"—"
"3743";"3";"—";"215000";"70 70 73";"2000";"Участвует в конкурсе";"1511481";"—"
"3744";"2";"—";"215000";"64 76 73";"2000";"Участвует в конкурсе";"2301495";"—"
"3745";"5";"—";"215000";"78 76 58";"3000";"Участвует в конкурсе";"973827";"—"
"3746";"6";"—";"215000";"75 82 55";"3000";"Участвует в конкурсе";"2246321";"—"
"3747";"15";"—";"215000";"73 72 67";"3000";"Участвует в конкурсе";"2369376";"—"
"3748";"1";"—";"215000";"71 78 63";"3000";"Участвует в конкурсе";"1486335";"—"
"3749";"2";"—";"215000";"71 74 67";"3000";"Участвует в конкурсе";"1670473";"—"
"3750";"5";"—";"215000";"70 76 66";"3000";"Участвует в конкурсе";"1559529";"—"
"3751";"20";"Электронное";"215000";"70 72 70";"3000";"Участвует в конкурсе";"2305696";"—"
"3752";"18";"—";"215000";"67 78 67";"3000";"Участвует в конкурсе";"1200618";"—"
"3753";"8";"—";"215000";"72 70 63";"10000";"Участвует в конкурсе";"1180435";"—"
"3754";"2";"Электронное";"215000";"51 76 78";"10000";"Участвует в конкурсе";"1200277";"—"
"3755";"3";"Электронное";"214000";"80 76 58";"—";"Участвует в конкурсе";"1584330";"—"
"3756";"10";"Электронное";"214000";"78 72 64";"—";"Участвует в конкурсе";"2175411";"—"
"3757";"23";"—";"214000";"75 76 63";"—";"Участвует в конкурсе";"1975707";"—"
"3758";"5";"—";"214000";"75 72 67";"—";"Участвует в конкурсе";"1616688";"—"
"3759";"12";"—";"214000";"75 64 75";"—";"Участвует в конкурсе";"1751473";"—"
"3761";"10";"—";"214000";"72 76 66";"—";"Участвует в конкурсе";"1849517";"—"
"3762";"9";"Электронное";"214000";"72 76 66";"—";"Участвует в конкурсе";"1955816";"—"
"3763";"2";"Электронное";"214000";"70 72 72";"—";"Участвует в конкурсе";"1477092";"—"
"3764";"8";"Электронное";"214000";"67 78 69";"—";"Участвует в конкурсе";"1988651";"—"
"3765";"6";"Электронное";"214000";"67 74 73";"—";"Участвует в конкурсе";"1354963";"—"
"3766";"9";"—";"214000";"67 74 73";"—";"Участвует в конкурсе";"1607325";"—"
"3767";"9";"—";"214000";"65 76 73";"—";"Участвует в конкурсе";"1610692";"—"
"3768";"10";"—";"214000";"64 78 72";"—";"Участвует в конкурсе";"1729257";"—"
"3769";"8";"Электронное";"214000";"75 82 55";"2000";"Участвует в конкурсе";"1906817";"—"
"3770";"16";"—";"214000";"62 72 78";"2000";"Участвует в конкурсе";"2287180";"—"
"3771";"3";"—";"214000";"78 72 61";"3000";"Участвует в конкурсе";"1964735";"—"
"3772";"12";"—";"214000";"75 82 54";"3000";"Участвует в конкурсе";"2275342";"—"
"3773";"1";"—";"214000";"75 58 78";"3000";"Участвует в конкурсе";"2225776";"—"
"3774";"8";"Электронное";"214000";"72 70 69";"3000";"Участвует в конкурсе";"1256171";"—"
"3775";"7";"—";"214000";"67 80 64";"3000";"Участвует в конкурсе";"1509601";"—"
"3777";"13";"Электронное";"214000";"67 76 63";"8000";"Участвует в конкурсе";"1605082";"—"
"3778";"4";"Электронное";"213000";"85 74 54";"—";"Участвует в конкурсе";"2378143";"—"
"3779";"2";"—";"213000";"78 72 63";"—";"Участвует в конкурсе";"1471085";"—"
"3780";"5";"—";"213000";"75 74 64";"—";"Участвует в конкурсе";"1354682";"—"
"3781";"3";"—";"213000";"75 72 66";"—";"Участвует в конкурсе";"1498564";"—"
"3783";"2";"—";"213000";"73 76 64";"—";"Участвует в конкурсе";"1505349";"—"
"3784";"23";"Электронное";"213000";"72 74 67";"—";"Участвует в конкурсе";"1354885";"—"
"3785";"5";"—";"213000";"72 72 69";"—";"Участвует в конкурсе";"1960935";"—"
"3786";"9";"Электронное";"213000";"72 72 69";"—";"Участвует в конкурсе";"2125708";"—"
"3787";"18";"—";"213000";"70 82 61";"—";"Участвует в конкурсе";"2178713";"—"
"3788";"12";"—";"213000";"70 74 69";"—";"Участвует в конкурсе";"1820625";"—"
"3789";"16";"—";"213000";"68 88 57";"—";"Участвует в конкурсе";"2289347";"—"
"3791";"13";"—";"213000";"68 76 69";"—";"Участвует в конкурсе";"1927811";"—"
"3793";"3";"—";"213000";"67 74 72";"—";"Участвует в конкурсе";"1826620";"—"
"3794";"1";"—";"213000";"64 82 67";"—";"Участвует в конкурсе";"1788979";"—"
"3795";"12";"—";"213000";"64 80 69";"—";"Участвует в конкурсе";"2181784";"—"
"3796";"18";"Электронное";"213000";"64 74 75";"—";"Участвует в конкурсе";"1880265";"—"
"3797";"10";"—";"213000";"72 70 69";"2000";"Участвует в конкурсе";"1636548";"—"
"3798";"5";"—";"213000";"72 78 60";"3000";"Участвует в конкурсе";"1508300";"—"
"3799";"4";"—";"213000";"67 76 67";"3000";"Участвует в конкурсе";"1587136";"—"
"3800";"14";"—";"213000";"67 76 67";"3000";"Участвует в конкурсе";"2135764";"—"
"3801";"11";"Электронное";"213000";"67 74 69";"3000";"Участвует в конкурсе";"2401924";"—"
"3802";"13";"Электронное";"213000";"67 70 73";"3000";"Участвует в конкурсе";"2254377";"—"
"3803";"3";"—";"213000";"62 82 66";"3000";"Участвует в конкурсе";"1627552";"—"
"3804";"12";"—";"213000";"72 78 58";"5000";"Участвует в конкурсе";"1201610";"—"
"3805";"9";"—";"213000";"54 82 72";"5000";"Участвует в конкурсе";"2221883";"—"
"3806";"13";"—";"213000";"59 72 75";"7000";"Участвует в конкурсе";"1586588";"—"
"3807";"2";"Электронное";"213000";"80 72 51";"10000";"Участвует в конкурсе";"1254354";"—"
"3808";"1";"—";"213000";"70 70 63";"10000";"Участвует в конкурсе";"1256166";"—"
"3809";"3";"—";"213000";"68 74 61";"10000";"Участвует в конкурсе";"1580191";"—"
"3810";"3";"—";"213000";"68 74 61";"10000";"Участвует в конкурсе";"1322663";"—"
"3811";"29";"Электронное";"212000";"80 80 52";"—";"Участвует в конкурсе";"1280854";"—"
"3812";"8";"—";"212000";"78 82 52";"—";"Участвует в конкурсе";"1207176";"—"
"3813";"13";"—";"212000";"78 74 60";"—";"Участвует в конкурсе";"1189029";"—"
"3814";"2";"—";"212000";"77 80 55";"—";"Участвует в конкурсе";"1772948";"—"
"3815";"7";"Электронное";"212000";"75 80 57";"—";"Участвует в конкурсе";"2081384";"—"
"3816";"17";"Электронное";"212000";"75 74 63";"—";"Участвует в конкурсе";"1894290";"—"
"3817";"9";"—";"212000";"75 64 73";"—";"Участвует в конкурсе";"1794080";"—"
"3818";"6";"Электронное";"212000";"72 80 60";"—";"Участвует в конкурсе";"1511663";"—"
"3819";"10";"—";"212000";"72 80 60";"—";"Участвует в конкурсе";"2355690";"—"
"3820";"7";"—";"212000";"72 74 66";"—";"Участвует в конкурсе";"1399974";"—"
"3821";"3";"—";"212000";"71 74 67";"—";"Участвует в конкурсе";"2143260";"—"
"3822";"16";"—";"212000";"70 82 60";"—";"Участвует в конкурсе";"2056410";"—"
"3823";"4";"Электронное";"212000";"70 82 60";"—";"Участвует в конкурсе";"2246437";"—"
"3824";"10";"—";"212000";"70 72 70";"—";"Участвует в конкурсе";"1640946";"—"
"3825";"8";"—";"212000";"67 76 69";"—";"Участвует в конкурсе";"2043252";"—"
"3826";"14";"—";"212000";"67 76 69";"—";"Участвует в конкурсе";"2255119";"—"
"3827";"2";"—";"212000";"67 72 73";"—";"Участвует в конкурсе";"2361914";"—"
"3828";"1";"—";"212000";"64 78 70";"—";"Участвует в конкурсе";"1482474";"—"
"3829";"19";"—";"212000";"64 78 70";"—";"Участвует в конкурсе";"1825326";"—"
"3830";"14";"Электронное";"212000";"73 74 63";"2000";"Участвует в конкурсе";"1363512";"—"
"3831";"10";"—";"212000";"75 74 60";"3000";"Участвует в конкурсе";"1510647";"—"
"3832";"12";"—";"212000";"70 78 61";"3000";"Участвует в конкурсе";"1785844";"—"
"3833";"18";"—";"212000";"70 76 63";"3000";"Участвует в конкурсе";"1978901";"—"
"3834";"10";"—";"212000";"70 76 63";"3000";"Участвует в конкурсе";"2113319";"—"
"3835";"18";"—";"212000";"70 72 67";"3000";"Участвует в конкурсе";"2087647";"—"
"3836";"6";"—";"212000";"68 80 61";"3000";"Участвует в конкурсе";"1854571";"—"
"3839";"2";"—";"212000";"58 72 72";"10000";"Участвует в конкурсе";"2236577";"—"
"3841";"20";"Электронное";"211000";"78 72 61";"—";"Участвует в конкурсе";"1857107";"—"
"3842";"5";"Электронное";"211000";"77 82 52";"—";"Участвует в конкурсе";"1625156";"—"
"3843";"15";"Электронное";"211000";"72 76 63";"—";"Участвует в конкурсе";"1549176";"—"
"3844";"3";"—";"211000";"70 80 61";"—";"Участвует в конкурсе";"1553182";"—"
"3845";"20";"—";"211000";"70 74 67";"—";"Участвует в конкурсе";"2192748";"—"
"3847";"3";"—";"211000";"67 72 72";"—";"Участвует в конкурсе";"1316730";"—"
"3848";"11";"—";"211000";"64 78 69";"—";"Участвует в конкурсе";"2342035";"—"
"3849";"6";"—";"211000";"62 82 67";"—";"Участвует в конкурсе";"2416693";"—"
"3850";"19";"Электронное";"211000";"56 88 67";"—";"Участвует в конкурсе";"2338985";"—"
"3851";"7";"—";"211000";"56 74 81";"—";"Участвует в конкурсе";"1612814";"—"
"3852";"1";"—";"211000";"56 68 87";"—";"Участвует в конкурсе";"1130766";"—"
"3853";"8";"—";"211000";"71 76 61";"3000";"Участвует в конкурсе";"1603011";"—"
"3854";"7";"—";"211000";"70 74 64";"3000";"Участвует в конкурсе";"2354261";"—"
"3855";"11";"—";"211000";"67 74 67";"3000";"Участвует в конкурсе";"1675693";"—"
"3856";"4";"—";"211000";"67 74 67";"3000";"Участвует в конкурсе";"2372378";"—"
"3857";"21";"Электронное";"211000";"65 82 61";"3000";"Участвует в конкурсе";"2266482";"—"
"3858";"1";"Электронное";"211000";"65 74 69";"3000";"Участвует в конкурсе";"1212143";"—"
"3859";"6";"—";"211000";"62 74 72";"3000";"Участвует в конкурсе";"2229672";"—"
"3860";"3";"—";"211000";"72 74 60";"5000";"Участвует в конкурсе";"1364690";"—"
"3861";"5";"Электронное";"211000";"72 64 67";"8000";"Участвует в конкурсе";"1212701";"—"
"3862";"1";"Электронное";"210000";"85 52 73";"—";"Участвует в конкурсе";"1512935";"—"
"3863";"5";"—";"210000";"83 70 57";"—";"Участвует в конкурсе";"1334540";"—"
"3864";"15";"Электронное";"210000";"78 74 58";"—";"Участвует в конкурсе";"1963210";"—"
"3865";"3";"—";"210000";"74 76 60";"—";"Участвует в конкурсе";"2306149";"—"
"3866";"6";"—";"210000";"72 74 64";"—";"Участвует в конкурсе";"1705478";"—"
"3867";"3";"—";"210000";"70 76 64";"—";"Участвует в конкурсе";"2229805";"—"
"3868";"2";"—";"210000";"70 76 64";"—";"Участвует в конкурсе";"1203594";"—"
"3869";"4";"—";"210000";"70 74 66";"—";"Участвует в конкурсе";"2184058";"—"
"3870";"3";"—";"210000";"70 74 66";"—";"Участвует в конкурсе";"2330903";"—"
"3872";"9";"—";"210000";"68 70 72";"—";"Участвует в конкурсе";"1607177";"—"
"3874";"10";"—";"210000";"67 70 73";"—";"Участвует в конкурсе";"1646526";"—"
"3875";"6";"Электронное";"210000";"64 82 64";"—";"Участвует в конкурсе";"1284736";"—"
"3876";"4";"—";"210000";"64 76 70";"—";"Участвует в конкурсе";"2261114";"—"
"3877";"17";"Электронное";"210000";"62 78 70";"—";"Участвует в конкурсе";"2070430";"—"
"3878";"6";"Электронное";"210000";"54 86 70";"—";"Участвует в конкурсе";"1925185";"—"
"3879";"8";"—";"210000";"80 74 54";"2000";"Участвует в конкурсе";"2247424";"—"
"3880";"3";"—";"210000";"75 64 69";"2000";"Участвует в конкурсе";"2001577";"—"
"3881";"4";"Электронное";"210000";"72 74 61";"3000";"Участвует в конкурсе";"1402740";"—"
"3882";"5";"Электронное";"210000";"70 76 61";"3000";"Участвует в конкурсе";"2053519";"—"
"3883";"5";"—";"210000";"67 74 66";"3000";"Участвует в конкурсе";"1997412";"—"
"3884";"11";"—";"210000";"65 78 64";"3000";"Участвует в конкурсе";"2225485";"—"
"3885";"11";"—";"210000";"62 82 63";"3000";"Участвует в конкурсе";"1516713";"—"
"3886";"2";"—";"210000";"70 76 57";"7000";"Участвует в конкурсе";"1258930";"—"
"3887";"3";"—";"210000";"68 46 86";"10000";"Участвует в конкурсе";"2254133";"—"
"3888";"18";"Электронное";"210000";"67 72 61";"10000";"Участвует в конкурсе";"2140065";"—"
"3889";"15";"Электронное";"209000";"78 74 57";"—";"Участвует в конкурсе";"1913902";"—"
"3890";"12";"—";"209000";"77 74 58";"—";"Участвует в конкурсе";"2252964";"—"
"3892";"4";"—";"209000";"70 78 61";"—";"Участвует в конкурсе";"1037362";"—"
"3893";"10";"—";"209000";"70 72 67";"—";"Участвует в конкурсе";"1650449";"—"
"3894";"10";"—";"209000";"70 70 69";"—";"Участвует в конкурсе";"2158139";"—"
"3895";"5";"Электронное";"209000";"70 64 75";"—";"Участвует в конкурсе";"1179158";"—"
"3896";"3";"—";"209000";"67 76 66";"—";"Участвует в конкурсе";"1198549";"—"
"3897";"11";"—";"209000";"67 76 66";"—";"Участвует в конкурсе";"2373616";"—"
"3898";"3";"—";"209000";"65 72 72";"—";"Участвует в конкурсе";"2253861";"—"
"3899";"4";"Электронное";"209000";"64 64 81";"—";"Участвует в конкурсе";"1729803";"—"
"3900";"17";"—";"209000";"54 84 69";"2000";"Участвует в конкурсе";"1416600";"—"
"3901";"1";"Электронное";"209000";"72 82 52";"3000";"Участвует в конкурсе";"1980225";"—"
"3902";"7";"—";"209000";"70 70 66";"3000";"Участвует в конкурсе";"1595159";"—"
"3903";"4";"—";"209000";"67 72 67";"3000";"Участвует в конкурсе";"1506907";"—"
"3904";"5";"—";"209000";"65 80 61";"3000";"Участвует в конкурсе";"1321520";"—"
"3905";"18";"—";"209000";"59 78 69";"3000";"Участвует в конкурсе";"1509516";"—"
"3906";"5";"—";"209000";"56 78 70";"5000";"Участвует в конкурсе";"1939547";"—"
"3907";"6";"—";"209000";"75 64 60";"10000";"Участвует в конкурсе";"2260455";"—"
"3908";"1";"—";"209000";"56 80 63";"10000";"Участвует в конкурсе";"1290619";"—"
"3909";"3";"—";"209000";"51 70 78";"10000";"Участвует в конкурсе";"1858833";"—"
"3910";"19";"—";"208000";"80 70 58";"—";"Участвует в конкурсе";"2341323";"—"
"3911";"4";"Электронное";"208000";"79 72 57";"—";"Участвует в конкурсе";"1187269";"—"
"3912";"8";"Электронное";"208000";"72 70 66";"—";"Участвует в конкурсе";"1901444";"—"
"3913";"15";"Электронное";"208000";"70 78 60";"—";"Участвует в конкурсе";"1757589";"—"
"3915";"26";"—";"208000";"67 74 67";"—";"Участвует в конкурсе";"2251615";"—"
"3916";"1";"Электронное";"208000";"65 74 69";"—";"Участвует в конкурсе";"1648195";"—"
"3917";"2";"Электронное";"208000";"62 74 72";"—";"Участвует в конкурсе";"1204953";"—"
"3918";"6";"—";"208000";"64 76 66";"2000";"Участвует в конкурсе";"1516740";"—"
"3919";"8";"—";"208000";"78 72 55";"3000";"Участвует в конкурсе";"2177363";"—"
"3920";"4";"—";"208000";"75 76 54";"3000";"Участвует в конкурсе";"1022745";"—"
"3921";"6";"—";"208000";"70 74 61";"3000";"Участвует в конкурсе";"1053667";"—"
"3922";"2";"—";"208000";"68 70 67";"3000";"Участвует в конкурсе";"2307808";"—"
"3923";"2";"—";"208000";"68 70 67";"3000";"Участвует в конкурсе";"2199001";"—"
"3924";"4";"—";"208000";"67 72 66";"3000";"Участвует в конкурсе";"2142700";"—"
"3925";"23";"—";"208000";"67 72 64";"5000";"Участвует в конкурсе";"1446034";"—"
"3926";"7";"—";"208000";"62 72 69";"5000";"Участвует в конкурсе";"2265587";"—"
"3927";"4";"—";"208000";"70 70 58";"10000";"Участвует в конкурсе";"2238965";"—"
"3928";"3";"—";"208000";"58 70 70";"10000";"Участвует в конкурсе";"1650779";"—"
"3929";"4";"Электронное";"208000";"51 78 69";"10000";"Участвует в конкурсе";"1078155";"—"
"3931";"1";"Электронное";"207000";"80 70 57";"—";"Участвует в конкурсе";"2031845";"—"
"3934";"7";"Электронное";"207000";"72 72 63";"—";"Участвует в конкурсе";"1359316";"—"
"3935";"11";"—";"207000";"70 82 55";"—";"Участвует в конкурсе";"2131990";"—"
"3936";"8";"Электронное";"207000";"70 76 61";"—";"Участвует в конкурсе";"1244858";"—"
"3937";"1";"—";"207000";"70 70 67";"—";"Участвует в конкурсе";"2270680";"—"
"3938";"4";"—";"207000";"70 64 73";"—";"Участвует в конкурсе";"1489960";"—"
"3940";"5";"—";"207000";"79 70 55";"3000";"Участвует в конкурсе";"1343034";"—"
"3941";"2";"—";"207000";"75 72 57";"3000";"Участвует в конкурсе";"1626138";"—"
"3942";"4";"—";"207000";"70 70 64";"3000";"Участвует в конкурсе";"1182386";"—"
"3943";"18";"—";"207000";"62 70 72";"3000";"Участвует в конкурсе";"1978976";"—"
"3944";"16";"—";"207000";"75 65 57";"10000";"Участвует в конкурсе";"1446418";"—"
"3945";"4";"—";"207000";"56 78 63";"10000";"Участвует в конкурсе";"2242104";"—"
"3946";"10";"—";"207000";"54 70 73";"10000";"Участвует в конкурсе";"2246732";"—"
"3947";"5";"Электронное";"207000";"51 74 72";"10000";"Участвует в конкурсе";"1666163";"—"
"3948";"1";"—";"206000";"75 76 55";"—";"Участвует в конкурсе";"1555326";"—"
"3949";"6";"Электронное";"206000";"75 64 67";"—";"Участвует в конкурсе";"1330012";"—"
"3950";"2";"—";"206000";"72 86 48";"—";"Участвует в конкурсе";"1215774";"—"
"3951";"5";"Электронное";"206000";"72 76 58";"—";"Участвует в конкурсе";"1603124";"—"
"3952";"5";"—";"206000";"70 78 58";"—";"Участвует в конкурсе";"1607324";"—"
"3953";"8";"Электронное";"206000";"70 70 66";"—";"Участвует в конкурсе";"2054803";"—"
"3954";"6";"—";"206000";"67 76 63";"—";"Участвует в конкурсе";"1625348";"—"
"3956";"8";"—";"206000";"59 80 67";"—";"Участвует в конкурсе";"1610413";"—"
"3957";"3";"—";"206000";"48 86 72";"—";"Участвует в конкурсе";"2055197";"—"
"3958";"4";"—";"206000";"72 70 61";"3000";"Участвует в конкурсе";"1240770";"—"
"3959";"5";"—";"206000";"72 64 67";"3000";"Участвует в конкурсе";"2389625";"—"
"3960";"3";"—";"206000";"70 78 55";"3000";"Участвует в конкурсе";"1251845";"—"
"3961";"3";"—";"206000";"64 74 61";"7000";"Участвует в конкурсе";"1395753";"—"
"3962";"7";"—";"206000";"64 74 58";"10000";"Участвует в конкурсе";"2259916";"—"
"3963";"3";"—";"206000";"62 70 64";"10000";"Участвует в конкурсе";"1723889";"—"
"3964";"9";"—";"205000";"83 52 70";"—";"Участвует в конкурсе";"2344887";"—"
"3965";"9";"—";"205000";"75 78 52";"—";"Участвует в конкурсе";"2092284";"—"
"3966";"10";"Электронное";"205000";"75 70 60";"—";"Участвует в конкурсе";"2362249";"—"
"3967";"8";"—";"205000";"75 70 60";"—";"Участвует в конкурсе";"1292198";"—"
"3968";"2";"—";"205000";"73 74 58";"—";"Участвует в конкурсе";"1192023";"—"
"3969";"7";"—";"205000";"72 78 55";"—";"Участвует в конкурсе";"1727167";"—"
"3970";"7";"Электронное";"205000";"72 70 63";"—";"Участвует в конкурсе";"1614599";"—"
"3971";"13";"—";"205000";"67 78 60";"—";"Участвует в конкурсе";"2229590";"—"
"3972";"8";"—";"205000";"67 78 60";"—";"Участвует в конкурсе";"2390056";"—"
"3974";"10";"—";"205000";"65 76 64";"—";"Участвует в конкурсе";"1403929";"—"
"3975";"15";"—";"205000";"64 78 63";"—";"Участвует в конкурсе";"2174812";"—"
"3976";"20";"—";"205000";"64 74 67";"—";"Участвует в конкурсе";"1569590";"—"
"3977";"1";"—";"205000";"64 74 67";"—";"Участвует в конкурсе";"1477125";"—"
"3978";"7";"Электронное";"205000";"64 74 67";"—";"Участвует в конкурсе";"1606783";"—"
"3979";"15";"—";"205000";"62 76 67";"—";"Участвует в конкурсе";"2407804";"—"
"3980";"6";"—";"205000";"62 74 69";"—";"Участвует в конкурсе";"1622428";"—"
"3981";"1";"—";"205000";"59 80 66";"—";"Участвует в конкурсе";"1353634";"—"
"3982";"4";"—";"205000";"56 82 67";"—";"Участвует в конкурсе";"2178942";"—"
"3983";"3";"—";"205000";"56 80 69";"—";"Участвует в конкурсе";"1366430";"—"
"3984";"4";"—";"205000";"51 84 70";"—";"Участвует в конкурсе";"2079705";"—"
"3985";"3";"Электронное";"205000";"67 72 64";"2000";"Участвует в конкурсе";"1786527";"—"
"3986";"14";"—";"205000";"64 76 63";"2000";"Участвует в конкурсе";"2262762";"—"
"3987";"3";"Электронное";"205000";"72 72 58";"3000";"Участвует в конкурсе";"1488757";"—"
"3988";"2";"Электронное";"205000";"72 70 60";"3000";"Участвует в конкурсе";"1210371";"—"
"3989";"2";"—";"205000";"71 74 57";"3000";"Участвует в конкурсе";"1950830";"—"
"3990";"4";"Электронное";"205000";"67 72 61";"5000";"Участвует в конкурсе";"2312120";"—"
"3991";"7";"—";"205000";"62 70 63";"10000";"Участвует в конкурсе";"1179327";"—"
"3992";"16";"—";"205000";"62 64 69";"10000";"Участвует в конкурсе";"1655481";"—"
"3993";"8";"—";"205000";"58 70 67";"10000";"Участвует в конкурсе";"1860562";"—"
"3994";"2";"—";"205000";"48 78 69";"10000";"Участвует в конкурсе";"1351467";"—"
"3995";"1";"—";"204000";"85 58 61";"—";"Участвует в конкурсе";"1266703";"—"
"3996";"18";"—";"204000";"83 58 63";"—";"Участвует в конкурсе";"1210366";"—"
"3997";"3";"—";"204000";"80 70 54";"—";"Участвует в конкурсе";"1656844";"—"
"3999";"1";"—";"204000";"72 74 58";"—";"Участвует в конкурсе";"2055894";"—"
"4000";"27";"Электронное";"204000";"70 76 58";"—";"Участвует в конкурсе";"2271750";"—"
"4001";"11";"Электронное";"204000";"68 70 66";"—";"Участвует в конкурсе";"1697248";"—"
"4002";"7";"—";"204000";"67 76 61";"—";"Участвует в конкурсе";"1519013";"—"
"4003";"14";"—";"204000";"67 74 63";"—";"Участвует в конкурсе";"1345744";"—"
"4004";"3";"—";"204000";"67 74 63";"—";"Участвует в конкурсе";"1408646";"—"
"4005";"17";"—";"204000";"64 70 70";"—";"Участвует в конкурсе";"1608517";"—"
"4006";"11";"—";"204000";"62 78 64";"—";"Участвует в конкурсе";"1860163";"—"
"4007";"10";"Электронное";"204000";"59 78 67";"—";"Участвует в конкурсе";"1794108";"—"
"4008";"3";"Электронное";"204000";"59 76 69";"—";"Участвует в конкурсе";"2349103";"—"
"4009";"2";"Электронное";"204000";"55 66 83";"—";"Участвует в конкурсе";"2259288";"—"
"4010";"12";"Электронное";"204000";"70 74 57";"3000";"Участвует в конкурсе";"1609646";"—"
"4011";"12";"—";"204000";"70 74 57";"3000";"Участвует в конкурсе";"2231015";"—"
"4012";"5";"Электронное";"204000";"67 76 58";"3000";"Участвует в конкурсе";"2229434";"—"
"4014";"16";"—";"204000";"64 74 63";"3000";"Участвует в конкурсе";"1133656";"—"
"4015";"5";"—";"204000";"62 70 69";"3000";"Участвует в конкурсе";"2269182";"—"
"4016";"2";"—";"204000";"72 78 46";"8000";"Участвует в конкурсе";"1439345";"—"
"4017";"13";"Электронное";"204000";"64 70 60";"10000";"Участвует в конкурсе";"984571";"—"
"4019";"3";"—";"204000";"61 58 75";"10000";"Участвует в конкурсе";"1465879";"—"
"4020";"11";"Электронное";"204000";"58 76 60";"10000";"Участвует в конкурсе";"2211364";"—"
"4021";"8";"—";"203000";"78 76 49";"—";"Участвует в конкурсе";"1578629";"—"
"4022";"27";"—";"203000";"78 74 51";"—";"Участвует в конкурсе";"1277797";"—"
"4023";"5";"—";"203000";"70 72 61";"—";"Участвует в конкурсе";"1364428";"—"
"4024";"17";"—";"203000";"70 72 61";"—";"Участвует в конкурсе";"1958696";"—"
"4025";"14";"Электронное";"203000";"70 70 63";"—";"Участвует в конкурсе";"1260503";"—"
"4026";"4";"—";"203000";"67 70 66";"—";"Участвует в конкурсе";"1295747";"—"
"4027";"7";"—";"203000";"67 58 78";"—";"Участвует в конкурсе";"2313626";"—"
"4029";"10";"—";"203000";"64 72 67";"—";"Участвует в конкурсе";"1944449";"—"
"4030";"8";"—";"203000";"62 78 63";"—";"Участвует в конкурсе";"1724245";"—"
"4031";"4";"Электронное";"203000";"62 74 67";"—";"Участвует в конкурсе";"1128919";"—"
"4033";"10";"—";"203000";"60 76 67";"—";"Участвует в конкурсе";"2325591";"—"
"4034";"14";"—";"203000";"59 72 72";"—";"Участвует в конкурсе";"1421096";"—"
"4035";"9";"—";"203000";"58 76 69";"—";"Участвует в конкурсе";"1895511";"—"
"4036";"1";"—";"203000";"56 78 69";"—";"Участвует в конкурсе";"1550795";"—"
"4037";"16";"—";"203000";"56 72 75";"—";"Участвует в конкурсе";"2273040";"—"
"4038";"5";"—";"203000";"51 80 72";"—";"Участвует в конкурсе";"1835057";"—"
"4039";"15";"—";"203000";"75 64 61";"3000";"Участвует в конкурсе";"1546278";"—"
"4040";"2";"—";"203000";"67 70 63";"3000";"Участвует в конкурсе";"1583188";"—"
"4042";"3";"—";"203000";"62 74 64";"3000";"Участвует в конкурсе";"1651782";"—"
"4043";"7";"Электронное";"203000";"80 46 72";"5000";"Участвует в конкурсе";"2249661";"—"
"4044";"2";"Электронное";"203000";"74 58 61";"10000";"Участвует в конкурсе";"2329515";"—"
"4045";"15";"Электронное";"203000";"62 64 67";"10000";"Участвует в конкурсе";"1974069";"—"
"4046";"7";"—";"203000";"54 64 75";"10000";"Участвует в конкурсе";"1534400";"—"
"4047";"2";"Электронное";"203000";"49 70 74";"10000";"Участвует в конкурсе";"1069480";"—"
"4048";"4";"Электронное";"202000";"83 58 61";"—";"Участвует в конкурсе";"1728835";"—"
"4049";"1";"—";"202000";"80 70 52";"—";"Участвует в конкурсе";"1542885";"—"
"4050";"8";"—";"202000";"72 78 52";"—";"Участвует в конкурсе";"2096857";"—"
"4052";"17";"—";"202000";"72 64 66";"—";"Участвует в конкурсе";"1916626";"—"
"4053";"15";"Электронное";"202000";"72 64 66";"—";"Участвует в конкурсе";"1611480";"—"
"4054";"2";"Электронное";"202000";"72 58 72";"—";"Участвует в конкурсе";"1426172";"—"
"4055";"8";"—";"202000";"71 74 57";"—";"Участвует в конкурсе";"1768922";"—"
"4056";"3";"—";"202000";"68 70 64";"—";"Участвует в конкурсе";"1853161";"—"
"4057";"13";"—";"202000";"67 72 63";"—";"Участвует в конкурсе";"1614866";"—"
"4058";"6";"—";"202000";"65 76 61";"—";"Участвует в конкурсе";"1289931";"—"
"4059";"4";"—";"202000";"64 74 64";"—";"Участвует в конкурсе";"2390525";"—"
"4060";"7";"—";"202000";"62 80 60";"—";"Участвует в конкурсе";"1578947";"—"
"4061";"2";"—";"202000";"61 72 69";"—";"Участвует в конкурсе";"2251740";"—"
"4062";"6";"—";"202000";"56 82 64";"—";"Участвует в конкурсе";"2281178";"—"
"4063";"7";"—";"202000";"56 74 72";"—";"Участвует в конкурсе";"1963195";"—"
"4065";"14";"Электронное";"202000";"67 72 60";"3000";"Участвует в конкурсе";"1519920";"—"
"4066";"7";"Электронное";"202000";"62 76 61";"3000";"Участвует в конкурсе";"1199116";"—"
"4067";"8";"—";"202000";"62 74 63";"3000";"Участвует в конкурсе";"1988458";"—"
"4068";"14";"Электронное";"202000";"67 84 46";"5000";"Участвует в конкурсе";"1859837";"—"
"4069";"17";"—";"202000";"64 70 63";"5000";"Участвует в конкурсе";"1957035";"—"
"4070";"4";"Электронное";"202000";"62 74 58";"8000";"Участвует в конкурсе";"983345";"—"
"4071";"2";"Электронное";"202000";"70 58 64";"10000";"Участвует в конкурсе";"1845906";"—"
"4072";"2";"—";"202000";"46 74 72";"10000";"Участвует в конкурсе";"1780560";"—"
"4073";"3";"—";"201000";"78 78 45";"—";"Участвует в конкурсе";"1307113";"—"
"4074";"1";"Электронное";"201000";"71 72 58";"—";"Участвует в конкурсе";"1434922";"—"
"4075";"5";"—";"201000";"71 72 58";"—";"Участвует в конкурсе";"1170874";"—"
"4076";"10";"Электронное";"201000";"70 74 57";"—";"Участвует в конкурсе";"2371133";"—"
"4077";"10";"—";"201000";"70 70 61";"—";"Участвует в конкурсе";"1914869";"—"
"4079";"14";"—";"201000";"67 64 70";"—";"Участвует в конкурсе";"2348346";"—"
"4080";"10";"—";"201000";"64 76 61";"—";"Участвует в конкурсе";"1619497";"—"
"4081";"8";"—";"201000";"64 74 63";"—";"Участвует в конкурсе";"1340292";"—"
"4082";"21";"—";"201000";"64 70 67";"—";"Участвует в конкурсе";"1284940";"—"
"4085";"5";"Электронное";"201000";"59 76 66";"—";"Участвует в конкурсе";"1163570";"—"
"4087";"7";"—";"201000";"54 74 73";"—";"Участвует в конкурсе";"1347091";"—"
"4088";"13";"Электронное";"201000";"72 76 51";"2000";"Участвует в конкурсе";"1523197";"—"
"4089";"5";"—";"201000";"72 72 55";"2000";"Участвует в конкурсе";"1902038";"—"
"4090";"1";"Электронное";"201000";"74 64 60";"3000";"Участвует в конкурсе";"1950334";"—"
"4091";"7";"—";"201000";"68 64 66";"3000";"Участвует в конкурсе";"1173418";"—"
"4092";"4";"—";"201000";"67 74 57";"3000";"Участвует в конкурсе";"1311526";"—"
"4093";"1";"—";"201000";"62 70 66";"3000";"Участвует в конкурсе";"2222697";"—"
"4094";"2";"—";"201000";"59 72 67";"3000";"Участвует в конкурсе";"1199613";"—"
"4095";"3";"—";"201000";"56 84 58";"3000";"Участвует в конкурсе";"1987920";"—"
"4098";"13";"Электронное";"201000";"48 70 73";"10000";"Участвует в конкурсе";"2225435";"—"
"4099";"21";"Электронное";"200000";"78 64 58";"—";"Участвует в конкурсе";"1833108";"—"
"4100";"3";"—";"200000";"75 76 49";"—";"Участвует в конкурсе";"1984060";"—"
"4101";"19";"—";"200000";"72 74 54";"—";"Участвует в конкурсе";"2228894";"—"
"4102";"12";"—";"200000";"67 70 63";"—";"Участвует в конкурсе";"2263777";"—"
"4103";"16";"—";"200000";"67 70 63";"—";"Участвует в конкурсе";"2312115";"—"
"4104";"7";"—";"200000";"67 58 75";"—";"Участвует в конкурсе";"2177724";"—"
"4105";"8";"—";"200000";"64 78 58";"—";"Участвует в конкурсе";"2344094";"—"
"4106";"11";"—";"200000";"64 72 64";"—";"Участвует в конкурсе";"1367972";"—"
"4107";"11";"—";"200000";"64 72 64";"—";"Участвует в конкурсе";"1198013";"—"
"4108";"20";"—";"200000";"62 72 66";"—";"Участвует в конкурсе";"2214968";"—"
"4109";"3";"—";"200000";"55 68 77";"—";"Участвует в конкурсе";"2231189";"—"
"4110";"4";"Электронное";"200000";"59 58 81";"2000";"Участвует в конкурсе";"2363620";"—"
"4111";"10";"—";"200000";"79 72 46";"3000";"Участвует в конкурсе";"1446520";"—"
"4112";"15";"—";"200000";"70 72 55";"3000";"Участвует в конкурсе";"1728736";"—"
"4113";"4";"—";"200000";"64 70 63";"3000";"Участвует в конкурсе";"1751032";"—"
"4114";"4";"—";"200000";"56 72 69";"3000";"Участвует в конкурсе";"1366437";"—"
"4115";"15";"Электронное";"200000";"72 46 72";"10000";"Участвует в конкурсе";"2316029";"—"
"4116";"5";"—";"200000";"56 70 64";"10000";"Участвует в конкурсе";"1981784";"—"
"4117";"1";"—";"200000";"56 64 70";"10000";"Участвует в конкурсе";"1399094";"—"
"4118";"21";"—";"200000";"54 72 64";"10000";"Участвует в конкурсе";"1913064";"—"
"4119";"20";"—";"199000";"78 64 57";"—";"Участвует в конкурсе";"2123820";"—"
"4122";"6";"Электронное";"199000";"72 70 57";"—";"Участвует в конкурсе";"1248953";"—"
"4123";"2";"—";"199000";"71 64 64";"—";"Участвует в конкурсе";"2336784";"—"
"4124";"9";"Электронное";"199000";"70 74 55";"—";"Участвует в конкурсе";"2222861";"—"
"4125";"10";"Электронное";"199000";"64 74 61";"—";"Участвует в конкурсе";"1649454";"—"
"4126";"8";"—";"199000";"64 72 63";"—";"Участвует в конкурсе";"1200386";"—"
"4127";"6";"—";"199000";"64 72 63";"—";"Участвует в конкурсе";"2053540";"—"
"4128";"6";"—";"199000";"62 64 73";"—";"Участвует в конкурсе";"2142586";"—"
"4129";"8";"Электронное";"199000";"59 76 64";"—";"Участвует в конкурсе";"2415188";"—"
"4130";"15";"—";"199000";"56 76 67";"—";"Участвует в конкурсе";"2244371";"—"
"4131";"5";"—";"199000";"52 70 77";"—";"Участвует в конкурсе";"2308549";"—"
"4132";"10";"—";"199000";"62 78 57";"2000";"Участвует в конкурсе";"2363469";"—"
"4133";"6";"—";"199000";"72 64 60";"3000";"Участвует в конкурсе";"1557297";"—"
"4134";"10";"—";"199000";"70 72 54";"3000";"Участвует в конкурсе";"2051404";"—"
"4135";"15";"—";"199000";"62 80 54";"3000";"Участвует в конкурсе";"1512719";"—"
"4136";"11";"Электронное";"199000";"59 76 61";"3000";"Участвует в конкурсе";"1396542";"—"
"4137";"2";"—";"199000";"48 70 78";"3000";"Участвует в конкурсе";"2242857";"—"
"4138";"7";"—";"199000";"56 72 61";"10000";"Участвует в конкурсе";"2195730";"—"
"4139";"14";"Электронное";"198000";"70 70 58";"—";"Участвует в конкурсе";"1517973";"—"
"4140";"6";"Электронное";"198000";"67 70 61";"—";"Участвует в конкурсе";"2214473";"—"
"4141";"8";"—";"198000";"64 74 60";"—";"Участвует в конкурсе";"1916529";"—"
"4142";"13";"—";"198000";"62 64 72";"—";"Участвует в конкурсе";"1622626";"—"
"4143";"3";"—";"198000";"62 58 78";"—";"Участвует в конкурсе";"2299319";"—"
"4144";"6";"—";"198000";"59 78 61";"—";"Участвует в конкурсе";"1617899";"—"
"4145";"6";"—";"198000";"59 70 69";"—";"Участвует в конкурсе";"981959";"—"
"4146";"9";"—";"198000";"59 64 75";"—";"Участвует в конкурсе";"2210617";"—"
"4147";"1";"—";"198000";"56 70 72";"—";"Участвует в конкурсе";"2211731";"—"
"4148";"9";"—";"198000";"65 76 54";"3000";"Участвует в конкурсе";"1306825";"—"
"4149";"7";"—";"198000";"64 64 67";"3000";"Участвует в конкурсе";"1366766";"—"
"4151";"11";"Электронное";"198000";"64 46 78";"10000";"Участвует в конкурсе";"1932648";"—"
"4153";"11";"—";"197000";"75 58 64";"—";"Участвует в конкурсе";"1987124";"—"
"4154";"4";"Электронное";"197000";"73 64 60";"—";"Участвует в конкурсе";"1726925";"—"
"4155";"8";"Электронное";"197000";"72 74 51";"—";"Участвует в конкурсе";"2004394";"—"
"4156";"5";"—";"197000";"72 70 55";"—";"Участвует в конкурсе";"1761520";"—"
"4157";"17";"Электронное";"197000";"70 70 57";"—";"Участвует в конкурсе";"1437512";"—"
"4158";"10";"Электронное";"197000";"67 70 60";"—";"Участвует в конкурсе";"1827974";"—"
"4159";"8";"—";"197000";"67 58 72";"—";"Участвует в конкурсе";"2223858";"—"
"4160";"7";"—";"197000";"62 72 63";"—";"Участвует в конкурсе";"1390936";"—"
"4161";"2";"—";"197000";"62 72 63";"—";"Участвует в конкурсе";"1460427";"—"
"4162";"11";"Электронное";"197000";"61 70 66";"—";"Участвует в конкурсе";"1969834";"—"
"4163";"4";"Электронное";"197000";"59 78 60";"—";"Участвует в конкурсе";"1202199";"—"
"4164";"10";"—";"197000";"59 74 64";"—";"Участвует в конкурсе";"2273609";"—"
"4165";"10";"—";"197000";"67 58 70";"2000";"Участвует в конкурсе";"2203915";"—"
"4166";"11";"—";"197000";"59 82 54";"2000";"Участвует в конкурсе";"2273768";"—"
"4167";"8";"—";"197000";"64 70 60";"3000";"Участвует в конкурсе";"1772235";"—"
"4168";"11";"—";"197000";"64 64 66";"3000";"Участвует в конкурсе";"1857073";"—"
"4169";"2";"—";"197000";"59 70 64";"4000";"Участвует в конкурсе";"2286072";"—"
"4170";"12";"—";"197000";"77 58 55";"7000";"Участвует в конкурсе";"1957401";"—"
"4171";"8";"Электронное";"197000";"48 72 70";"7000";"Участвует в конкурсе";"2116279";"—"
"4172";"15";"—";"197000";"62 64 61";"10000";"Участвует в конкурсе";"2248575";"—"
"4173";"1";"Электронное";"197000";"48 70 69";"10000";"Участвует в конкурсе";"1173452";"—"
"4174";"8";"Электронное";"196000";"80 52 64";"—";"Участвует в конкурсе";"2385975";"—"
"4175";"20";"—";"196000";"75 70 51";"—";"Участвует в конкурсе";"1339730";"—"
"4176";"3";"—";"196000";"75 64 57";"—";"Участвует в конкурсе";"1979282";"—"
"4177";"5";"—";"196000";"75 46 75";"—";"Участвует в конкурсе";"1557682";"—"
"4178";"7";"—";"196000";"67 74 55";"—";"Участвует в конкурсе";"1417758";"—"
"4179";"8";"—";"196000";"64 72 60";"—";"Участвует в конкурсе";"1794359";"—"
"4180";"18";"Электронное";"196000";"62 70 64";"—";"Участвует в конкурсе";"1650438";"—"
"4181";"1";"Электронное";"196000";"59 74 63";"—";"Участвует в конкурсе";"1289602";"—"
"4182";"2";"—";"196000";"59 74 63";"—";"Участвует в конкурсе";"1284722";"—"
"4183";"22";"Электронное";"196000";"59 70 67";"—";"Участвует в конкурсе";"2055928";"—"
"4184";"8";"Электронное";"196000";"59 70 67";"—";"Участвует в конкурсе";"2302989";"—"
"4185";"4";"—";"196000";"58 72 66";"—";"Участвует в конкурсе";"2227782";"—"
"4186";"17";"—";"196000";"51 64 81";"—";"Участвует в конкурсе";"1513186";"—"
"4187";"1";"—";"196000";"70 74 49";"3000";"Участвует в конкурсе";"1433595";"—"
"4188";"8";"Электронное";"196000";"62 64 67";"3000";"Участвует в конкурсе";"1341328";"—"
"4189";"15";"Электронное";"196000";"59 74 60";"3000";"Участвует в конкурсе";"1075821";"—"
"4190";"3";"Электронное";"196000";"56 76 61";"3000";"Участвует в конкурсе";"1515111";"—"
"4191";"4";"—";"196000";"64 74 52";"6000";"Участвует в конкурсе";"2055122";"—"
"4192";"4";"Электронное";"196000";"48 74 67";"7000";"Участвует в конкурсе";"1203345";"—"
"4193";"6";"—";"195000";"76 58 61";"—";"Участвует в конкурсе";"1394776";"—"
"4194";"30";"Электронное";"195000";"70 74 51";"—";"Участвует в конкурсе";"1706720";"—"
"4195";"4";"—";"195000";"68 64 63";"—";"Участвует в конкурсе";"1597619";"—"
"4196";"14";"—";"195000";"67 74 54";"—";"Участвует в конкурсе";"2005357";"—"
"4197";"19";"—";"195000";"67 74 54";"—";"Участвует в конкурсе";"2269787";"—"
"4198";"28";"—";"195000";"67 64 64";"—";"Участвует в конкурсе";"1542797";"—"
"4199";"15";"Электронное";"195000";"67 58 70";"—";"Участвует в конкурсе";"2167652";"—"
"4200";"6";"Электронное";"195000";"62 72 61";"—";"Участвует в конкурсе";"1431521";"—"
"4201";"19";"Электронное";"195000";"62 64 69";"—";"Участвует в конкурсе";"2181524";"—"
"4202";"3";"—";"195000";"56 72 67";"—";"Участвует в конкурсе";"1055784";"—"
"4203";"2";"Электронное";"195000";"56 70 69";"—";"Участвует в конкурсе";"1987614";"—"
"4204";"2";"Электронное";"195000";"51 78 66";"—";"Участвует в конкурсе";"1970133";"—"
"4205";"16";"—";"195000";"51 74 70";"—";"Участвует в конкурсе";"2291838";"—"
"4206";"6";"—";"195000";"54 78 61";"2000";"Участвует в конкурсе";"1262087";"—"
"4207";"1";"—";"195000";"67 70 55";"3000";"Участвует в конкурсе";"992927";"—"
"4208";"7";"—";"195000";"62 76 54";"3000";"Участвует в конкурсе";"2199398";"—"
"4209";"6";"—";"195000";"59 70 61";"5000";"Участвует в конкурсе";"1908101";"—"
"4210";"9";"—";"195000";"70 64 55";"6000";"Участвует в конкурсе";"2017005";"—"
"4211";"4";"Электронное";"194000";"78 58 58";"—";"Участвует в конкурсе";"1182179";"—"
"4213";"5";"—";"194000";"72 74 48";"—";"Участвует в конкурсе";"1182285";"—"
"4214";"27";"Электронное";"194000";"70 72 52";"—";"Участвует в конкурсе";"1153418";"—"
"4215";"3";"—";"194000";"67 82 45";"—";"Участвует в конкурсе";"2366870";"—"
"4216";"3";"—";"194000";"67 64 63";"—";"Участвует в конкурсе";"1152069";"—"
"4218";"4";"—";"194000";"64 64 66";"—";"Участвует в конкурсе";"1502461";"—"
"4219";"4";"—";"194000";"64 58 72";"—";"Участвует в конкурсе";"1710711";"—"
"4220";"15";"—";"194000";"62 74 58";"—";"Участвует в конкурсе";"1685180";"—"
"4221";"9";"—";"194000";"62 74 58";"—";"Участвует в конкурсе";"2388616";"—"
"4222";"15";"—";"194000";"59 74 61";"—";"Участвует в конкурсе";"2257177";"—"
"4223";"4";"—";"194000";"56 72 66";"—";"Участвует в конкурсе";"1558821";"—"
"4224";"16";"Электронное";"194000";"55 70 69";"—";"Участвует в конкурсе";"1494639";"—"
"4225";"5";"Электронное";"194000";"68 70 54";"2000";"Участвует в конкурсе";"1850083";"—"
"4226";"3";"—";"194000";"56 82 54";"2000";"Участвует в конкурсе";"2182163";"—"
"4227";"5";"—";"194000";"67 70 54";"3000";"Участвует в конкурсе";"1104399";"—"
"4228";"11";"—";"194000";"64 76 51";"3000";"Участвует в конкурсе";"1157585";"—"
"4229";"17";"Электронное";"194000";"62 74 55";"3000";"Участвует в конкурсе";"1980868";"—"
"4230";"6";"—";"194000";"59 78 54";"3000";"Участвует в конкурсе";"2280589";"—"
"4231";"2";"Электронное";"194000";"62 64 60";"8000";"Участвует в конкурсе";"1704365";"—"
"4232";"16";"—";"194000";"51 70 63";"10000";"Участвует в конкурсе";"1784524";"—"
"4233";"2";"Электронное";"193000";"74 58 61";"—";"Участвует в конкурсе";"1267845";"—"
"4234";"6";"Электронное";"193000";"72 58 63";"—";"Участвует в конкурсе";"2098799";"—"
"4235";"13";"Электронное";"193000";"64 78 51";"—";"Участвует в конкурсе";"1654999";"—"
"4236";"3";"—";"193000";"62 70 61";"—";"Участвует в конкурсе";"1308072";"—"
"4237";"9";"—";"193000";"59 70 64";"—";"Участвует в конкурсе";"1996819";"—"
"4238";"12";"—";"193000";"59 70 64";"—";"Участвует в конкурсе";"1262169";"—"
"4239";"3";"—";"193000";"56 70 67";"—";"Участвует в конкурсе";"1583450";"—"
"4240";"13";"—";"193000";"56 70 67";"—";"Участвует в конкурсе";"1892648";"—"
"4241";"7";"—";"193000";"54 72 67";"—";"Участвует в конкурсе";"2056954";"—"
"4242";"4";"—";"193000";"54 64 75";"—";"Участвует в конкурсе";"1211146";"—"
"4245";"4";"—";"193000";"72 58 60";"3000";"Участвует в конкурсе";"1323823";"—"
"4246";"3";"—";"193000";"65 52 73";"3000";"Участвует в конкурсе";"1026804";"—"
"4247";"3";"—";"193000";"59 70 61";"3000";"Участвует в конкурсе";"1796226";"—"
"4248";"15";"—";"193000";"51 72 67";"3000";"Участвует в конкурсе";"2323430";"—"
"4249";"2";"—";"193000";"64 70 54";"5000";"Участвует в конкурсе";"1645458";"—"
"4250";"5";"Электронное";"193000";"56 74 55";"8000";"Участвует в конкурсе";"1243870";"—"
"4251";"10";"Электронное";"193000";"54 64 67";"8000";"Участвует в конкурсе";"2344188";"—"
"4252";"3";"Электронное";"193000";"65 46 72";"10000";"Участвует в конкурсе";"1374714";"—"
"4253";"9";"—";"193000";"64 58 61";"10000";"Участвует в конкурсе";"2217955";"—"
"4255";"16";"Электронное";"192000";"70 64 58";"—";"Участвует в конкурсе";"2217549";"—"
"4256";"8";"—";"192000";"70 58 64";"—";"Участвует в конкурсе";"1634235";"—"
"4257";"6";"—";"192000";"70 58 64";"—";"Участвует в конкурсе";"2245991";"—"
"4258";"6";"Электронное";"192000";"64 64 64";"—";"Участвует в конкурсе";"1443188";"—"
"4259";"12";"—";"192000";"62 72 58";"—";"Участвует в конкурсе";"2101160";"—"
"4260";"1";"Электронное";"192000";"62 70 60";"—";"Участвует в конкурсе";"1520242";"—"
"4261";"5";"—";"192000";"62 70 60";"—";"Участвует в конкурсе";"2314911";"—"
"4262";"6";"Электронное";"192000";"62 70 60";"—";"Участвует в конкурсе";"2328522";"—"
"4264";"3";"Электронное";"192000";"62 58 72";"—";"Участвует в конкурсе";"2303778";"—"
"4265";"5";"Электронное";"192000";"59 76 57";"—";"Участвует в конкурсе";"2370230";"—"
"4267";"5";"—";"192000";"48 78 66";"—";"Участвует в конкурсе";"2426005";"—"
"4268";"3";"—";"192000";"46 76 67";"3000";"Участвует в конкурсе";"1584176";"—"
"4269";"5";"Электронное";"191000";"70 58 63";"—";"Участвует в конкурсе";"2390383";"—"
"4270";"12";"Электронное";"191000";"70 58 63";"—";"Участвует в конкурсе";"2099618";"—"
"4271";"8";"Электронное";"191000";"67 72 52";"—";"Участвует в конкурсе";"2307963";"—"
"4272";"17";"—";"191000";"64 76 51";"—";"Участвует в конкурсе";"1327711";"—"
"4274";"18";"Электронное";"191000";"64 70 57";"—";"Участвует в конкурсе";"1482169";"—"
"4276";"10";"—";"191000";"64 64 63";"—";"Участвует в конкурсе";"1979221";"—"
"4277";"6";"—";"191000";"64 58 69";"—";"Участвует в конкурсе";"1290653";"—"
"4278";"6";"—";"191000";"59 80 52";"—";"Участвует в конкурсе";"2297710";"—"
"4279";"11";"—";"191000";"59 72 60";"—";"Участвует в конкурсе";"1330225";"—"
"4280";"11";"—";"191000";"56 52 83";"—";"Участвует в конкурсе";"1370244";"—"
"4281";"11";"—";"191000";"53 52 86";"—";"Участвует в конкурсе";"1385627";"—"
"4282";"5";"Электронное";"191000";"64 64 60";"3000";"Участвует в конкурсе";"1180542";"—"
"4283";"20";"Электронное";"191000";"51 74 63";"3000";"Участвует в конкурсе";"1333594";"—"
"4284";"5";"—";"190000";"61 80 49";"—";"Участвует в конкурсе";"1946437";"—"
"4285";"13";"—";"190000";"59 70 61";"—";"Участвует в конкурсе";"1359517";"—"
"4286";"3";"—";"190000";"54 76 60";"—";"Участвует в конкурсе";"1205146";"—"
"4287";"13";"Электронное";"190000";"46 74 70";"—";"Участвует в конкурсе";"2239032";"—"
"4289";"3";"—";"190000";"62 70 55";"3000";"Участвует в конкурсе";"1350222";"—"
"4290";"6";"—";"190000";"59 70 54";"7000";"Участвует в конкурсе";"2268635";"—"
"4291";"2";"—";"190000";"62 58 60";"10000";"Участвует в конкурсе";"1352831";"—"
"4292";"3";"—";"189000";"71 52 66";"—";"Участвует в конкурсе";"1339229";"—"
"4293";"2";"—";"189000";"70 70 49";"—";"Участвует в конкурсе";"1198072";"—"
"4295";"20";"—";"189000";"67 70 52";"—";"Участвует в конкурсе";"1560173";"—"
"4296";"18";"Электронное";"189000";"67 64 58";"—";"Участвует в конкурсе";"1258287";"—"
"4297";"8";"—";"189000";"64 74 51";"—";"Участвует в конкурсе";"1283997";"—"
"4298";"3";"Электронное";"189000";"64 64 61";"—";"Участвует в конкурсе";"1364851";"—"
"4300";"2";"—";"189000";"64 52 73";"—";"Участвует в конкурсе";"2421563";"—"
"4301";"17";"—";"189000";"62 70 57";"—";"Участвует в конкурсе";"2329798";"—"
"4302";"1";"Электронное";"189000";"61 58 70";"—";"Участвует в конкурсе";"2415937";"—"
"4303";"1";"—";"189000";"59 76 54";"—";"Участвует в конкурсе";"2053208";"—"
"4304";"2";"—";"189000";"58 74 57";"—";"Участвует в конкурсе";"2348482";"—"
"4305";"5";"—";"189000";"56 70 63";"—";"Участвует в конкурсе";"1985622";"—"
"4306";"6";"—";"189000";"51 78 60";"—";"Участвует в конкурсе";"1155409";"—"
"4308";"13";"Электронное";"189000";"62 72 52";"3000";"Участвует в конкурсе";"1099618";"—"
"4309";"2";"Электронное";"189000";"54 74 58";"3000";"Участвует в конкурсе";"1323755";"—"
"4310";"10";"—";"189000";"48 78 60";"3000";"Участвует в конкурсе";"2417182";"—"
"4311";"9";"—";"189000";"46 70 70";"3000";"Участвует в конкурсе";"1189097";"—"
"4312";"5";"—";"189000";"59 76 49";"5000";"Участвует в конкурсе";"2171942";"—"
"4313";"12";"—";"189000";"48 64 67";"10000";"Участвует в конкурсе";"2184626";"—"
"4315";"13";"—";"188000";"72 52 64";"—";"Участвует в конкурсе";"2170782";"—"
"4316";"7";"Электронное";"188000";"72 52 64";"—";"Участвует в конкурсе";"2270961";"—"
"4317";"3";"—";"188000";"67 72 49";"—";"Участвует в конкурсе";"1717562";"—"
"4318";"3";"Электронное";"188000";"64 70 54";"—";"Участвует в конкурсе";"1501371";"—"
"4319";"18";"—";"188000";"62 72 54";"—";"Участвует в конкурсе";"2184646";"—"
"4320";"22";"—";"188000";"62 72 54";"—";"Участвует в конкурсе";"2299247";"—"
"4321";"3";"—";"188000";"61 64 63";"—";"Участвует в конкурсе";"1869761";"—"
"4322";"12";"—";"188000";"59 72 57";"—";"Участвует в конкурсе";"1521574";"—"
"4323";"5";"Электронное";"188000";"59 72 57";"—";"Участвует в конкурсе";"1788095";"—"
"4324";"2";"Электронное";"188000";"59 72 57";"—";"Участвует в конкурсе";"1178692";"—"
"4325";"5";"Электронное";"188000";"51 70 67";"—";"Участвует в конкурсе";"1255344";"—"
"4326";"4";"—";"188000";"65 70 51";"2000";"Участвует в конкурсе";"1103903";"—"
"4327";"5";"—";"188000";"56 64 66";"2000";"Участвует в конкурсе";"1705137";"—"
"4328";"21";"Электронное";"188000";"56 64 66";"2000";"Участвует в конкурсе";"2315176";"—"
"4329";"5";"Электронное";"188000";"75 52 58";"3000";"Участвует в конкурсе";"2311842";"—"
"4330";"8";"—";"188000";"64 64 57";"3000";"Участвует в конкурсе";"956668";"—"
"4331";"11";"Электронное";"188000";"64 64 57";"3000";"Участвует в конкурсе";"1317981";"—"
"4332";"4";"—";"188000";"54 74 57";"3000";"Участвует в конкурсе";"1653151";"—"
"4333";"4";"—";"188000";"54 74 57";"3000";"Участвует в конкурсе";"1043469";"—"
"4334";"6";"Электронное";"188000";"53 72 60";"3000";"Участвует в конкурсе";"1619149";"—"
"4335";"13";"—";"188000";"62 70 51";"5000";"Участвует в конкурсе";"1558698";"—"
"4336";"5";"Электронное";"188000";"72 58 48";"10000";"Участвует в конкурсе";"1466775";"—"
"4337";"7";"—";"188000";"54 64 60";"10000";"Участвует в конкурсе";"1005064";"—"
"4338";"1";"—";"187000";"68 64 55";"—";"Участвует в конкурсе";"1214743";"—"
"4339";"18";"Электронное";"187000";"68 64 55";"—";"Участвует в конкурсе";"1473795";"—"
"4340";"1";"—";"187000";"64 72 51";"—";"Участвует в конкурсе";"2100445";"—"
"4341";"21";"—";"187000";"64 72 51";"—";"Участвует в конкурсе";"2218344";"—"
"4343";"9";"—";"187000";"62 64 61";"—";"Участвует в конкурсе";"1346021";"—"
"4344";"3";"—";"187000";"59 74 54";"—";"Участвует в конкурсе";"1522121";"—"
"4345";"13";"Электронное";"187000";"59 70 58";"—";"Участвует в конкурсе";"1470878";"—"
"4346";"20";"Электронное";"187000";"59 70 58";"—";"Участвует в конкурсе";"2173671";"—"
"4347";"3";"—";"187000";"59 64 64";"—";"Участвует в конкурсе";"2394893";"—"
"4349";"1";"—";"187000";"54 76 57";"—";"Участвует в конкурсе";"2239361";"—"
"4351";"7";"—";"187000";"53 64 70";"—";"Участвует в конкурсе";"2416385";"—"
"4352";"3";"Электронное";"187000";"48 64 75";"—";"Участвует в конкурсе";"1726586";"—"
"4354";"3";"—";"187000";"51 74 60";"2000";"Участвует в конкурсе";"2179135";"—"
"4355";"16";"—";"187000";"75 58 51";"3000";"Участвует в конкурсе";"1441556";"—"
"4356";"4";"Электронное";"187000";"49 78 57";"3000";"Участвует в конкурсе";"2085328";"—"
"4357";"3";"—";"187000";"51 70 58";"8000";"Участвует в конкурсе";"1825727";"—"
"4358";"13";"Электронное";"186000";"70 58 58";"—";"Участвует в конкурсе";"1675084";"—"
"4359";"11";"—";"186000";"67 70 49";"—";"Участвует в конкурсе";"1417397";"—"
"4360";"5";"—";"186000";"64 74 48";"—";"Участвует в конкурсе";"1198944";"—"
"4361";"18";"—";"186000";"62 64 60";"—";"Участвует в конкурсе";"2344549";"—"
"4362";"3";"—";"186000";"61 70 55";"—";"Участвует в конкурсе";"2410498";"—"
"4363";"11";"Электронное";"186000";"58 76 52";"—";"Участвует в конкурсе";"2098534";"—"
"4364";"4";"Электронное";"186000";"56 72 58";"—";"Участвует в конкурсе";"1069356";"—"
"4366";"6";"Электронное";"186000";"56 70 60";"—";"Участвует в конкурсе";"1242081";"—"
"4367";"2";"Электронное";"186000";"54 74 58";"—";"Участвует в конкурсе";"1854228";"—"
"4368";"2";"—";"186000";"52 52 82";"—";"Участвует в конкурсе";"1854473";"—"
"4370";"5";"Электронное";"186000";"64 64 55";"3000";"Участвует в конкурсе";"1507011";"—"
"4372";"5";"Электронное";"186000";"62 64 57";"3000";"Участвует в конкурсе";"1980402";"—"
"4373";"12";"—";"186000";"59 72 52";"3000";"Участвует в конкурсе";"1621357";"—"
"4374";"1";"—";"186000";"59 70 54";"3000";"Участвует в конкурсе";"2149081";"—"
"4375";"8";"—";"186000";"54 78 51";"3000";"Участвует в конкурсе";"1696864";"—"
"4376";"1";"Электронное";"186000";"46 70 63";"7000";"Участвует в конкурсе";"1791472";"—"
"4377";"13";"—";"185000";"75 58 52";"—";"Участвует в конкурсе";"1638727";"—"
"4378";"1";"Электронное";"185000";"72 70 43";"—";"Участвует в конкурсе";"2392230";"—"
"4379";"18";"—";"185000";"59 74 52";"—";"Участвует в конкурсе";"2421447";"—"
"4380";"22";"—";"185000";"59 72 54";"—";"Участвует в конкурсе";"2238869";"—"
"4381";"8";"—";"185000";"58 64 63";"—";"Участвует в конкурсе";"1817956";"—"
"4382";"9";"Электронное";"185000";"56 78 51";"—";"Участвует в конкурсе";"2141159";"—"
"4383";"7";"—";"185000";"54 80 51";"—";"Участвует в конкурсе";"1287347";"—"
"4384";"10";"—";"185000";"67 58 58";"2000";"Участвует в конкурсе";"1055473";"—"
"4385";"1";"Электронное";"185000";"59 58 66";"2000";"Участвует в конкурсе";"2161054";"—"
"4386";"19";"—";"185000";"62 52 61";"10000";"Участвует в конкурсе";"2054883";"—"
"4387";"4";"Электронное";"184000";"62 76 46";"—";"Участвует в конкурсе";"2170401";"—"
"4390";"9";"—";"184000";"62 70 52";"—";"Участвует в конкурсе";"1627653";"—"
"4391";"5";"—";"184000";"62 64 58";"—";"Участвует в конкурсе";"1426662";"—"
"4392";"8";"Электронное";"184000";"59 74 51";"—";"Участвует в конкурсе";"1003551";"—"
"4393";"6";"—";"184000";"59 70 55";"—";"Участвует в конкурсе";"1211228";"—"
"4394";"8";"—";"184000";"59 58 67";"—";"Участвует в конкурсе";"1440783";"—"
"4395";"3";"—";"184000";"56 58 70";"—";"Участвует в конкурсе";"1326112";"—"
"4396";"5";"—";"184000";"54 72 58";"—";"Участвует в конкурсе";"1833980";"—"
"4397";"7";"Электронное";"184000";"51 72 61";"—";"Участвует в конкурсе";"1120958";"—"
"4398";"6";"—";"184000";"46 72 66";"—";"Участвует в конкурсе";"2166745";"—"
"4399";"9";"—";"184000";"70 52 60";"2000";"Участвует в конкурсе";"2371460";"—"
"4400";"12";"—";"184000";"59 74 49";"2000";"Участвует в конкурсе";"1983961";"—"
"4401";"9";"Электронное";"184000";"56 70 55";"3000";"Участвует в конкурсе";"1173225";"—"
"4402";"3";"—";"184000";"54 58 69";"3000";"Участвует в конкурсе";"1712743";"—"
"4404";"4";"Электронное";"184000";"46 64 64";"10000";"Участвует в конкурсе";"1128317";"—"
"4405";"5";"—";"183000";"83 52 48";"—";"Участвует в конкурсе";"220275";"—"
"4406";"4";"Электронное";"183000";"70 64 49";"—";"Участвует в конкурсе";"1599448";"—"
"4407";"4";"—";"183000";"68 64 51";"—";"Участвует в конкурсе";"2313702";"—"
"4409";"11";"—";"183000";"67 70 46";"—";"Участвует в конкурсе";"2392965";"—"
"4410";"17";"—";"183000";"67 58 58";"—";"Участвует в конкурсе";"2335987";"—"
"4411";"5";"—";"183000";"62 72 49";"—";"Участвует в конкурсе";"1444483";"—"
"4412";"8";"—";"183000";"62 72 49";"—";"Участвует в конкурсе";"2287104";"—"
"4413";"18";"—";"183000";"59 72 52";"—";"Участвует в конкурсе";"1782030";"—"
"4414";"10";"Электронное";"183000";"59 52 72";"—";"Участвует в конкурсе";"1699253";"—"
"4415";"14";"—";"183000";"48 72 63";"—";"Участвует в конкурсе";"1186089";"—"
"4416";"4";"Электронное";"183000";"46 76 61";"—";"Участвует в конкурсе";"1257815";"—"
"4418";"20";"—";"183000";"70 58 52";"3000";"Участвует в конкурсе";"2255620";"—"
"4419";"3";"Электронное";"183000";"59 64 57";"3000";"Участвует в конкурсе";"1616839";"—"
"4420";"6";"—";"183000";"56 58 66";"3000";"Участвует в конкурсе";"1796895";"—"
"4421";"9";"—";"183000";"56 58 64";"5000";"Участвует в конкурсе";"1953272";"—"
"4422";"2";"—";"182000";"84 46 52";"—";"Участвует в конкурсе";"2142576";"—"
"4423";"20";"Электронное";"182000";"67 64 51";"—";"Участвует в конкурсе";"1425140";"—"
"4424";"5";"—";"182000";"67 52 63";"—";"Участвует в конкурсе";"1207696";"—"
"4425";"13";"—";"182000";"64 72 46";"—";"Участвует в конкурсе";"2321452";"—"
"4426";"5";"—";"182000";"64 64 54";"—";"Участвует в конкурсе";"1818341";"—"
"4427";"13";"—";"182000";"64 64 54";"—";"Участвует в конкурсе";"1002450";"—"
"4428";"4";"—";"182000";"59 72 51";"—";"Участвует в конкурсе";"1438104";"—"
"4429";"6";"—";"182000";"54 74 54";"—";"Участвует в конкурсе";"2393517";"—"
"4430";"2";"—";"182000";"54 70 58";"—";"Участвует в конкурсе";"1365226";"—"
"4431";"1";"—";"182000";"54 64 64";"—";"Участвует в конкурсе";"1614366";"—"
"4433";"8";"Электронное";"182000";"54 64 64";"—";"Участвует в конкурсе";"2250878";"—"
"4434";"8";"Электронное";"182000";"54 64 64";"—";"Участвует в конкурсе";"2221547";"—"
"4435";"20";"Электронное";"182000";"51 74 57";"—";"Участвует в конкурсе";"2340644";"—"
"4436";"8";"—";"182000";"51 70 61";"—";"Участвует в конкурсе";"1707667";"—"
"4437";"12";"—";"182000";"48 70 64";"—";"Участвует в конкурсе";"1215418";"—"
"4438";"14";"—";"182000";"67 52 61";"2000";"Участвует в конкурсе";"1647504";"—"
"4439";"7";"Электронное";"182000";"64 58 57";"3000";"Участвует в конкурсе";"1760297";"—"
"4440";"3";"—";"182000";"54 58 67";"3000";"Участвует в конкурсе";"1255434";"—"
"4441";"10";"Электронное";"182000";"48 58 73";"3000";"Участвует в конкурсе";"1915716";"—"
"4442";"12";"Электронное";"182000";"59 58 60";"5000";"Участвует в конкурсе";"2176621";"—"
"4443";"1";"Электронное";"182000";"51 74 49";"8000";"Участвует в конкурсе";"2219374";"—"
"4444";"6";"—";"181000";"78 58 45";"—";"Участвует в конкурсе";"1489214";"—"
"4445";"3";"Электронное";"181000";"67 72 42";"—";"Участвует в конкурсе";"1264373";"—"
"4446";"11";"Электронное";"181000";"62 64 55";"—";"Участвует в конкурсе";"1640379";"—"
"4447";"8";"Электронное";"181000";"59 70 52";"—";"Участвует в конкурсе";"1261651";"—"
"4448";"5";"—";"181000";"59 70 52";"—";"Участвует в конкурсе";"1793011";"—"
"4450";"5";"Электронное";"181000";"56 64 61";"—";"Участвует в конкурсе";"2214714";"—"
"4452";"6";"—";"181000";"54 72 55";"—";"Участвует в конкурсе";"1246551";"—"
"4453";"14";"—";"181000";"54 58 69";"—";"Участвует в конкурсе";"1798024";"—"
"4454";"4";"Электронное";"181000";"54 52 75";"—";"Участвует в конкурсе";"2241622";"—"
"4455";"4";"—";"181000";"53 64 64";"—";"Участвует в конкурсе";"2387870";"—"
"4456";"12";"—";"181000";"51 70 60";"—";"Участвует в конкурсе";"1893212";"—"
"4457";"4";"—";"181000";"51 64 66";"—";"Участвует в конкурсе";"1342652";"—"
"4458";"1";"Электронное";"181000";"48 70 63";"—";"Участвует в конкурсе";"1954072";"—"
"4459";"12";"—";"181000";"48 70 63";"—";"Участвует в конкурсе";"2364846";"—"
"4461";"2";"—";"181000";"48 64 67";"2000";"Участвует в конкурсе";"1798587";"—"
"4463";"1";"Электронное";"181000";"54 64 60";"3000";"Участвует в конкурсе";"1215845";"—"
"4464";"12";"Электронное";"181000";"70 64 42";"5000";"Участвует в конкурсе";"1656246";"—"
"4466";"8";"—";"181000";"59 58 54";"10000";"Участвует в конкурсе";"2419132";"—"
"4467";"6";"—";"181000";"56 40 75";"10000";"Участвует в конкурсе";"2176364";"—"
"4469";"23";"—";"180000";"70 52 58";"—";"Участвует в конкурсе";"1750470";"—"
"4470";"9";"—";"180000";"67 64 49";"—";"Участвует в конкурсе";"1302908";"—"
"4471";"3";"Электронное";"180000";"64 74 42";"—";"Участвует в конкурсе";"2093769";"—"
"4472";"1";"—";"180000";"64 58 58";"—";"Участвует в конкурсе";"1163069";"—"
"4473";"4";"Электронное";"180000";"61 70 49";"—";"Участвует в конкурсе";"1934620";"—"
"4474";"18";"—";"180000";"59 64 57";"—";"Участвует в конкурсе";"1627752";"—"
"4475";"5";"—";"180000";"58 64 58";"—";"Участвует в конкурсе";"2166049";"—"
"4476";"2";"—";"180000";"56 52 72";"—";"Участвует в конкурсе";"1576379";"—"
"4477";"4";"—";"180000";"51 74 55";"—";"Участвует в конкурсе";"2197275";"—"
"4478";"4";"Электронное";"180000";"59 64 55";"2000";"Участвует в конкурсе";"2370122";"—"
"4479";"3";"—";"180000";"59 58 60";"3000";"Участвует в конкурсе";"2036322";"—"
"4480";"2";"Электронное";"180000";"49 58 70";"3000";"Участвует в конкурсе";"2213017";"—"
"4481";"4";"—";"180000";"56 70 49";"5000";"Участвует в конкурсе";"2243600";"—"
"4482";"6";"—";"180000";"56 58 58";"8000";"Участвует в конкурсе";"1998642";"—"
"4485";"9";"—";"179000";"54 64 61";"—";"Участвует в конкурсе";"2018646";"—"
"4486";"14";"—";"179000";"54 64 61";"—";"Участвует в конкурсе";"2233572";"—"
"4487";"1";"—";"179000";"51 70 58";"—";"Участвует в конкурсе";"2171121";"—"
"4488";"12";"—";"179000";"51 64 64";"—";"Участвует в конкурсе";"1655261";"—"
"4489";"2";"Электронное";"179000";"48 64 67";"—";"Участвует в конкурсе";"1732309";"—"
"4490";"9";"—";"179000";"46 64 69";"—";"Участвует в конкурсе";"2287745";"—"
"4491";"2";"—";"179000";"43 70 66";"—";"Участвует в конкурсе";"1771055";"—"
"4492";"3";"—";"179000";"48 58 70";"3000";"Участвует в конкурсе";"1276189";"—"
"4495";"10";"—";"178000";"59 70 49";"—";"Участвует в конкурсе";"1603215";"—"
"4496";"1";"Электронное";"178000";"59 58 61";"—";"Участвует в конкурсе";"1291163";"—"
"4497";"5";"—";"178000";"56 70 52";"—";"Участвует в конкурсе";"1253238";"—"
"4498";"1";"—";"178000";"56 58 64";"—";"Участвует в конкурсе";"1286204";"—"
"4499";"9";"—";"178000";"54 58 66";"—";"Участвует в конкурсе";"2274693";"—"
"4500";"5";"Электронное";"178000";"54 52 72";"—";"Участвует в конкурсе";"1727639";"—"
"4501";"4";"—";"178000";"54 52 72";"—";"Участвует в конкурсе";"2350640";"—"
"4502";"4";"Электронное";"178000";"46 72 60";"—";"Участвует в конкурсе";"1987484";"—"
"4503";"9";"—";"178000";"64 64 48";"2000";"Участвует в конкурсе";"1575508";"—"
"4504";"10";"—";"178000";"54 58 63";"3000";"Участвует в конкурсе";"2302537";"—"
"4505";"2";"—";"178000";"41 64 63";"10000";"Участвует в конкурсе";"1832303";"—"
"4506";"7";"—";"177000";"74 58 45";"—";"Участвует в конкурсе";"2273931";"—"
"4507";"9";"—";"177000";"70 52 55";"—";"Участвует в конкурсе";"1273616";"—"
"4508";"8";"Электронное";"177000";"65 52 60";"—";"Участвует в конкурсе";"1639194";"—"
"4509";"9";"—";"177000";"65 52 60";"—";"Участвует в конкурсе";"2273348";"—"
"4512";"5";"Электронное";"177000";"59 64 54";"—";"Участвует в конкурсе";"1257045";"—"
"4513";"8";"—";"177000";"54 72 51";"—";"Участвует в конкурсе";"1251366";"—"
"4515";"7";"—";"177000";"48 72 57";"—";"Участвует в конкурсе";"1940569";"—"
"4516";"9";"—";"177000";"46 76 55";"—";"Участвует в конкурсе";"2310934";"—"
"4517";"3";"Электронное";"177000";"46 74 57";"—";"Участвует в конкурсе";"1623394";"—"
"4519";"9";"Электронное";"177000";"59 70 46";"2000";"Участвует в конкурсе";"1171050";"—"
"4520";"8";"—";"177000";"62 58 54";"3000";"Участвует в конкурсе";"1695698";"—"
"4521";"15";"—";"177000";"59 64 51";"3000";"Участвует в конкурсе";"1259115";"—"
"4522";"3";"Электронное";"177000";"49 58 67";"3000";"Участвует в конкурсе";"1648779";"—"
"4523";"2";"Электронное";"177000";"48 72 54";"3000";"Участвует в конкурсе";"1000907";"—"
"4524";"8";"Электронное";"176000";"64 70 42";"—";"Участвует в конкурсе";"1430446";"—"
"4525";"3";"—";"176000";"54 70 52";"—";"Участвует в конкурсе";"2229058";"—"
"4526";"7";"Электронное";"176000";"54 64 58";"—";"Участвует в конкурсе";"1292054";"—"
"4528";"1";"—";"176000";"51 74 51";"—";"Участвует в конкурсе";"2307336";"—"
"4529";"8";"—";"176000";"51 70 55";"—";"Участвует в конкурсе";"1114622";"—"
"4530";"12";"—";"176000";"51 64 61";"—";"Участвует в конкурсе";"1645425";"—"
"4531";"3";"Электронное";"176000";"46 64 66";"—";"Участвует в конкурсе";"1215798";"—"
"4532";"7";"—";"176000";"56 64 54";"2000";"Участвует в конкурсе";"2197633";"—"
"4533";"8";"—";"176000";"54 58 61";"3000";"Участвует в конкурсе";"2341532";"—"
"4534";"2";"—";"176000";"48 64 57";"7000";"Участвует в конкурсе";"986916";"—"
"4535";"11";"—";"175000";"62 52 61";"—";"Участвует в конкурсе";"1178805";"—"
"4536";"14";"—";"175000";"59 64 52";"—";"Участвует в конкурсе";"1652760";"—"
"4537";"2";"—";"175000";"56 64 55";"—";"Участвует в конкурсе";"2000264";"—"
"4539";"6";"—";"175000";"46 52 77";"—";"Участвует в конкурсе";"2424538";"—"
"4540";"14";"—";"175000";"64 58 51";"2000";"Участвует в конкурсе";"1792336";"—"
"4541";"13";"Электронное";"175000";"62 52 58";"3000";"Участвует в конкурсе";"2214788";"—"
"4542";"5";"—";"175000";"51 70 51";"3000";"Участвует в конкурсе";"1248596";"—"
"4544";"8";"—";"175000";"56 58 51";"10000";"Участвует в конкурсе";"2160882";"—"
"4546";"3";"Электронное";"174000";"62 70 42";"—";"Участвует в конкурсе";"1617912";"—"
"4547";"3";"—";"174000";"62 70 42";"—";"Участвует в конкурсе";"2402191";"—"
"4548";"3";"—";"174000";"62 64 48";"—";"Участвует в конкурсе";"2369563";"—"
"4549";"26";"—";"174000";"59 64 51";"—";"Участвует в конкурсе";"1080048";"—"
"4550";"7";"Электронное";"174000";"56 70 48";"—";"Участвует в конкурсе";"1347040";"—"
"4551";"2";"Электронное";"174000";"56 58 60";"—";"Участвует в конкурсе";"1723435";"—"
"4552";"9";"—";"174000";"56 58 60";"—";"Участвует в конкурсе";"2381287";"—"
"4553";"6";"—";"174000";"56 52 66";"—";"Участвует в конкурсе";"1366654";"—"
"4554";"6";"—";"174000";"72 58 42";"2000";"Участвует в конкурсе";"1513025";"—"
"4555";"5";"—";"174000";"59 52 60";"3000";"Участвует в конкурсе";"1580135";"—"
"4558";"13";"—";"173000";"64 58 51";"—";"Участвует в конкурсе";"2176844";"—"
"4559";"1";"Электронное";"173000";"64 58 51";"—";"Участвует в конкурсе";"1195269";"—"
"4560";"1";"Электронное";"173000";"58 58 57";"—";"Участвует в конкурсе";"2248690";"—"
"4561";"12";"—";"173000";"54 58 61";"—";"Участвует в конкурсе";"1882656";"—"
"4563";"4";"Электронное";"173000";"46 58 69";"—";"Участвует в конкурсе";"2257789";"—"
"4564";"5";"—";"173000";"67 40 64";"2000";"Участвует в конкурсе";"2247434";"—"
"4565";"22";"Электронное";"172000";"62 58 52";"—";"Участвует в конкурсе";"1851972";"—"
"4566";"11";"Электронное";"172000";"62 58 52";"—";"Участвует в конкурсе";"1329672";"—"
"4567";"5";"Электронное";"172000";"62 58 52";"—";"Участвует в конкурсе";"1260841";"—"
"4568";"13";"—";"172000";"51 72 49";"—";"Участвует в конкурсе";"2254547";"—"
"4569";"10";"—";"172000";"51 64 57";"—";"Участвует в конкурсе";"1353932";"—"
"4570";"3";"Электронное";"172000";"41 64 67";"—";"Участвует в конкурсе";"1074904";"—"
"4571";"6";"Электронное";"172000";"64 46 60";"2000";"Участвует в конкурсе";"1443862";"—"
"4572";"6";"—";"171000";"65 58 48";"—";"Участвует в конкурсе";"1930213";"—"
"4573";"3";"Электронное";"171000";"59 64 48";"—";"Участвует в конкурсе";"2180302";"—"
"4574";"2";"—";"171000";"59 64 48";"—";"Участвует в конкурсе";"2416459";"—"
"4575";"2";"Электронное";"171000";"59 58 54";"—";"Участвует в конкурсе";"1910723";"—"
"4576";"7";"—";"171000";"53 52 66";"—";"Участвует в конкурсе";"1873196";"—"
"4577";"3";"Электронное";"171000";"46 64 61";"—";"Участвует в конкурсе";"1288267";"—"
"4578";"3";"—";"171000";"46 64 61";"—";"Участвует в конкурсе";"2054106";"—"
"4579";"3";"Электронное";"171000";"46 64 61";"—";"Участвует в конкурсе";"2270124";"—"
"4580";"1";"Электронное";"171000";"62 58 49";"2000";"Участвует в конкурсе";"1692146";"—"
"4582";"12";"Электронное";"171000";"67 58 43";"3000";"Участвует в конкурсе";"2220723";"—"
"4583";"5";"—";"171000";"46 58 64";"3000";"Участвует в конкурсе";"2257732";"—"
"4584";"1";"—";"170000";"67 52 51";"—";"Участвует в конкурсе";"2065742";"—"
"4585";"8";"—";"170000";"64 58 48";"—";"Участвует в конкурсе";"1561719";"—"
"4586";"1";"—";"170000";"48 58 64";"—";"Участвует в конкурсе";"2090392";"—"
"4588";"2";"—";"170000";"51 64 52";"3000";"Участвует в конкурсе";"2310186";"—"
"4589";"1";"—";"170000";"48 64 55";"3000";"Участвует в конкурсе";"1560757";"—"
"4590";"15";"—";"170000";"51 52 63";"4000";"Участвует в конкурсе";"1614707";"—"
"4591";"3";"—";"170000";"54 52 54";"10000";"Участвует в конкурсе";"1926054";"—"
"4592";"7";"—";"170000";"48 52 60";"10000";"Участвует в конкурсе";"949966";"—"
"4593";"8";"—";"169000";"68 58 43";"—";"Участвует в конкурсе";"1187901";"—"
"4594";"3";"Электронное";"169000";"59 52 58";"—";"Участвует в конкурсе";"1360368";"—"
"4595";"9";"—";"169000";"56 64 49";"—";"Участвует в конкурсе";"2098299";"—"
"4596";"3";"Электронное";"169000";"56 46 67";"—";"Участвует в конкурсе";"1611326";"—"
"4597";"1";"—";"169000";"54 64 51";"—";"Участвует в конкурсе";"1468287";"—"
"4598";"2";"—";"169000";"54 58 57";"—";"Участвует в конкурсе";"1651530";"—"
"4599";"7";"—";"169000";"48 70 51";"—";"Участвует в конкурсе";"2303305";"—"
"4600";"9";"Электронное";"169000";"48 52 69";"—";"Участвует в конкурсе";"1244809";"—"
"4601";"5";"—";"169000";"54 52 60";"3000";"Участвует в конкурсе";"2273601";"—"
"4602";"5";"—";"169000";"51 52 63";"3000";"Участвует в конкурсе";"2095749";"—"
"4603";"9";"Электронное";"169000";"48 64 54";"3000";"Участвует в конкурсе";"2302507";"—"
"4604";"1";"Электронное";"169000";"46 64 54";"5000";"Участвует в конкурсе";"1949419";"—"
"4605";"4";"Электронное";"169000";"59 46 54";"10000";"Участвует в конкурсе";"2212649";"—"
"4606";"2";"—";"168000";"62 58 48";"—";"Участвует в конкурсе";"1175423";"—"
"4607";"1";"—";"168000";"62 40 66";"—";"Участвует в конкурсе";"1831352";"—"
"4608";"2";"—";"168000";"56 64 48";"—";"Участвует в конкурсе";"2202788";"—"
"4609";"4";"Электронное";"168000";"56 52 60";"—";"Участвует в конкурсе";"1713393";"—"
"4610";"7";"—";"168000";"56 52 60";"—";"Участвует в конкурсе";"1098447";"—"
"4612";"2";"—";"167000";"54 70 43";"—";"Участвует в конкурсе";"1401661";"—"
"4613";"5";"—";"167000";"54 64 49";"—";"Участвует в конкурсе";"2180247";"—"
"4614";"4";"Электронное";"167000";"46 64 57";"—";"Участвует в конкурсе";"2244016";"—"
"4615";"2";"Электронное";"167000";"59 58 42";"8000";"Участвует в конкурсе";"1562526";"—"
"4616";"3";"—";"166000";"65 52 49";"—";"Участвует в конкурсе";"1366346";"—"
"4617";"13";"—";"166000";"59 58 49";"—";"Участвует в конкурсе";"831396";"—"
"4618";"1";"—";"166000";"59 52 55";"—";"Участвует в конкурсе";"1287075";"—"
"4619";"6";"—";"166000";"59 52 55";"—";"Участвует в конкурсе";"1153736";"—"
"4620";"5";"Электронное";"166000";"54 64 48";"—";"Участвует в конкурсе";"2004709";"—"
"4621";"1";"—";"166000";"53 64 49";"—";"Участвует в конкурсе";"1204502";"—"
"4622";"2";"Электронное";"166000";"51 64 51";"—";"Участвует в конкурсе";"1181860";"—"
"4623";"9";"—";"166000";"51 64 51";"—";"Участвует в конкурсе";"2100989";"—"
"4624";"2";"—";"166000";"51 64 51";"—";"Участвует в конкурсе";"2180142";"—"
"4625";"13";"—";"166000";"46 74 46";"—";"Участвует в конкурсе";"1535574";"—"
"4626";"11";"—";"166000";"59 52 48";"7000";"Участвует в конкурсе";"1547846";"—"
"4628";"8";"—";"165000";"56 58 51";"—";"Участвует в конкурсе";"1974876";"—"
"4629";"7";"—";"165000";"46 58 61";"—";"Участвует в конкурсе";"1673583";"—"
"4630";"7";"—";"165000";"56 64 42";"3000";"Участвует в конкурсе";"1359423";"—"
"4631";"8";"—";"165000";"44 64 54";"3000";"Участвует в конкурсе";"1387885";"—"
"4632";"8";"—";"165000";"41 72 49";"3000";"Участвует в конкурсе";"1039830";"—"
"4634";"11";"—";"164000";"72 52 40";"—";"Участвует в конкурсе";"2366851";"—"
"4635";"4";"—";"164000";"54 52 58";"—";"Участвует в конкурсе";"2127860";"—"
"4636";"1";"—";"164000";"51 52 61";"—";"Участвует в конкурсе";"2165881";"—"
"4637";"4";"Электронное";"164000";"48 64 52";"—";"Участвует в конкурсе";"1985904";"—"
"4638";"8";"—";"164000";"48 64 52";"—";"Участвует в конкурсе";"1269614";"—"
"4639";"4";"—";"164000";"48 58 58";"—";"Участвует в конкурсе";"1383453";"—"
"4640";"4";"Электронное";"164000";"48 58 58";"—";"Участвует в конкурсе";"1229963";"—"
"4641";"2";"—";"164000";"46 52 66";"—";"Участвует в конкурсе";"2314272";"—"
"4643";"14";"Электронное";"163000";"62 58 43";"—";"Участвует в конкурсе";"1795155";"—"
"4644";"6";"Электронное";"163000";"62 40 61";"—";"Участвует в конкурсе";"1361721";"—"
"4645";"22";"—";"163000";"54 52 57";"—";"Участвует в конкурсе";"2246710";"—"
"4646";"8";"—";"163000";"54 52 57";"—";"Участвует в конкурсе";"2314759";"—"
"4647";"2";"—";"163000";"53 46 64";"—";"Участвует в конкурсе";"964554";"—"
"4648";"8";"Электронное";"163000";"51 58 54";"—";"Участвует в конкурсе";"1039665";"—"
"4649";"4";"—";"163000";"48 70 45";"—";"Участвует в конкурсе";"2396167";"—"
"4650";"1";"—";"163000";"46 46 67";"4000";"Участвует в конкурсе";"1488827";"—"
"4651";"5";"—";"162000";"62 46 54";"—";"Участвует в конкурсе";"1067512";"—"
"4652";"5";"Электронное";"162000";"56 46 60";"—";"Участвует в конкурсе";"1407298";"—"
"4653";"10";"—";"161000";"46 58 57";"—";"Участвует в конкурсе";"1287741";"—"
"4654";"8";"—";"161000";"70 46 43";"2000";"Участвует в конкурсе";"2092061";"—"
"4655";"2";"—";"160000";"62 52 46";"—";"Участвует в конкурсе";"1692001";"—"
"4656";"5";"Электронное";"160000";"53 58 49";"—";"Участвует в конкурсе";"2109254";"—"
"4657";"13";"Электронное";"160000";"48 46 66";"—";"Участвует в конкурсе";"1719613";"—"
"4658";"1";"Электронное";"160000";"46 72 42";"—";"Участвует в конкурсе";"1498677";"—"
"4659";"4";"—";"160000";"44 64 52";"—";"Участвует в конкурсе";"1625547";"—"
"4660";"8";"—";"160000";"64 40 46";"10000";"Участвует в конкурсе";"1441065";"—"
"4662";"3";"—";"159000";"46 64 49";"—";"Участвует в конкурсе";"1200970";"—"
"4663";"4";"Электронное";"159000";"46 64 49";"—";"Участвует в конкурсе";"1627072";"—"
"4664";"15";"Электронное";"159000";"46 52 61";"—";"Участвует в конкурсе";"1843206";"—"
"4665";"15";"—";"159000";"59 46 49";"5000";"Участвует в конкурсе";"1542157";"—"
"4666";"4";"—";"159000";"54 52 43";"10000";"Участвует в конкурсе";"2253931";"—"
"4667";"20";"Электронное";"158000";"54 52 52";"—";"Участвует в конкурсе";"1882010";"—"
"4668";"4";"—";"158000";"48 58 52";"—";"Участвует в конкурсе";"2369992";"—"
"4669";"1";"Электронное";"158000";"46 70 42";"—";"Участвует в конкурсе";"1463226";"—"
"4670";"6";"—";"158000";"46 64 48";"—";"Участвует в конкурсе";"1325396";"—"
"4671";"7";"Электронное";"158000";"46 64 48";"—";"Участвует в конкурсе";"2269202";"—"
"4672";"5";"—";"158000";"46 52 60";"—";"Участвует в конкурсе";"2356065";"—"
"4673";"6";"—";"158000";"41 58 57";"2000";"Участвует в конкурсе";"1425910";"—"
"4675";"1";"—";"158000";"49 52 54";"3000";"Участвует в конкурсе";"2303149";"—"
"4676";"8";"—";"157000";"62 46 49";"—";"Участвует в конкурсе";"1896147";"—"
"4677";"5";"Электронное";"157000";"56 46 55";"—";"Участвует в конкурсе";"2098823";"—"
"4678";"2";"Электронное";"157000";"54 52 51";"—";"Участвует в конкурсе";"1436712";"—"
"4679";"8";"—";"157000";"54 46 57";"—";"Участвует в конкурсе";"1078275";"—"
"4680";"1";"—";"157000";"53 52 52";"—";"Участвует в конкурсе";"1269871";"—"
"4681";"7";"Электронное";"157000";"54 40 61";"2000";"Участвует в конкурсе";"2264793";"—"
"4682";"4";"—";"157000";"51 46 55";"5000";"Участвует в конкурсе";"1361777";"—"
"4683";"1";"Электронное";"157000";"41 60 46";"10000";"Участвует в конкурсе";"1400126";"—"
"4684";"1";"Электронное";"156000";"67 40 49";"—";"Участвует в конкурсе";"2340798";"—"
"4685";"8";"Электронное";"156000";"49 58 49";"—";"Участвует в конкурсе";"1122783";"—"
"4686";"12";"—";"156000";"46 58 52";"—";"Участвует в конкурсе";"2224644";"—"
"4687";"5";"—";"156000";"44 70 42";"—";"Участвует в конкурсе";"2052251";"—"
"4688";"2";"Электронное";"156000";"59 52 40";"5000";"Участвует в конкурсе";"1706148";"—"
"4689";"3";"Электронное";"156000";"48 52 51";"5000";"Участвует в конкурсе";"2345012";"—"
"4690";"8";"Электронное";"155000";"67 46 42";"—";"Участвует в конкурсе";"1381329";"—"
"4691";"6";"—";"155000";"64 46 45";"—";"Участвует в конкурсе";"2390706";"—"
"4692";"2";"Электронное";"155000";"54 58 43";"—";"Участвует в конкурсе";"1221069";"—"
"4693";"6";"Электронное";"155000";"46 52 57";"—";"Участвует в конкурсе";"2177322";"—"
"4694";"8";"—";"155000";"46 52 57";"—";"Участвует в конкурсе";"2314989";"—"
"4695";"1";"—";"155000";"46 46 63";"—";"Участвует в конкурсе";"1179017";"—"
"4696";"10";"Электронное";"155000";"46 46 63";"—";"Участвует в конкурсе";"2308597";"—"
"4697";"1";"Электронное";"155000";"43 58 51";"3000";"Участвует в конкурсе";"1913410";"—"
"4698";"5";"—";"154000";"59 46 49";"—";"Участвует в конкурсе";"1904679";"—"
"4699";"2";"Электронное";"154000";"56 46 52";"—";"Участвует в конкурсе";"1291931";"—"
"4700";"1";"Электронное";"154000";"51 52 51";"—";"Участвует в конкурсе";"1394878";"—"
"4701";"9";"Электронное";"154000";"51 52 51";"—";"Участвует в конкурсе";"2241018";"—"
"4702";"8";"Электронное";"154000";"51 46 57";"—";"Участвует в конкурсе";"1617615";"—"
"4703";"1";"—";"154000";"48 52 54";"—";"Участвует в конкурсе";"2000616";"—"
"4704";"3";"Электронное";"154000";"41 65 48";"—";"Участвует в конкурсе";"1398026";"—"
"4705";"4";"—";"154000";"56 52 43";"3000";"Участвует в конкурсе";"1195359";"—"
"4706";"2";"—";"153000";"61 40 52";"—";"Участвует в конкурсе";"2313574";"—"
"4707";"14";"—";"153000";"56 52 45";"—";"Участвует в конкурсе";"1259436";"—"
"4708";"2";"—";"152000";"51 52 49";"—";"Участвует в конкурсе";"2184275";"—"
"4709";"10";"—";"152000";"48 46 58";"—";"Участвует в конкурсе";"2303196";"—"
"4710";"2";"—";"152000";"59 40 51";"2000";"Участвует в конкурсе";"1035907";"—"
"4711";"11";"Электронное";"152000";"61 46 40";"5000";"Участвует в конкурсе";"1519547";"—"
"4712";"5";"—";"152000";"56 40 51";"5000";"Участвует в конкурсе";"952260";"—"
"4714";"1";"Электронное";"151000";"56 40 55";"—";"Участвует в конкурсе";"2312717";"—"
"4715";"9";"Электронное";"151000";"48 58 45";"—";"Участвует в конкурсе";"2389803";"—"
"4716";"2";"—";"151000";"48 52 51";"—";"Участвует в конкурсе";"1633541";"—"
"4717";"2";"Электронное";"151000";"41 60 50";"—";"Участвует в конкурсе";"1955003";"—"
"4718";"3";"Электронное";"151000";"41 40 70";"—";"Участвует в конкурсе";"1397551";"—"
"4723";"7";"—";"149000";"51 52 46";"—";"Участвует в конкурсе";"2264041";"—"
"4724";"2";"—";"149000";"48 46 55";"—";"Участвует в конкурсе";"1329741";"—"
"4725";"1";"—";"149000";"46 58 45";"—";"Участвует в конкурсе";"2242537";"—"
"4726";"1";"Электронное";"149000";"46 52 51";"—";"Участвует в конкурсе";"1634589";"—"
"4728";"8";"—";"148000";"53 40 55";"—";"Участвует в конкурсе";"1724082";"—"
"4729";"3";"—";"148000";"51 46 51";"—";"Участвует в конкурсе";"1603095";"—"
"4730";"1";"Электронное";"148000";"51 46 51";"—";"Участвует в конкурсе";"1951946";"—"
"4731";"1";"—";"148000";"48 52 48";"—";"Участвует в конкурсе";"1703425";"—"
"4733";"5";"—";"147000";"49 58 40";"—";"Участвует в конкурсе";"2272295";"—"
"4735";"7";"—";"146000";"51 40 55";"—";"Участвует в конкурсе";"1172239";"—"
"4736";"7";"—";"146000";"48 46 52";"—";"Участвует в конкурсе";"2405078";"—"
"4737";"6";"Электронное";"146000";"46 52 48";"—";"Участвует в конкурсе";"1311714";"—"
"4738";"5";"Электронное";"146000";"46 52 48";"—";"Участвует в конкурсе";"1194876";"—"
"4739";"6";"Электронное";"146000";"46 52 48";"—";"Участвует в конкурсе";"2314654";"—"
"4740";"4";"Электронное";"145000";"51 40 54";"—";"Участвует в конкурсе";"1794581";"—"
"4741";"5";"—";"145000";"48 52 45";"—";"Участвует в конкурсе";"2124069";"—"
"4742";"2";"Электронное";"145000";"44 46 55";"—";"Участвует в конкурсе";"1422782";"—"
"4743";"2";"—";"145000";"54 40 49";"2000";"Участвует в конкурсе";"1698402";"—"
"4744";"3";"Электронное";"145000";"54 46 42";"3000";"Участвует в конкурсе";"1204813";"—"
"4745";"5";"—";"144000";"46 58 40";"—";"Участвует в конкурсе";"1515433";"—"
"4746";"6";"—";"144000";"46 46 52";"—";"Участвует в конкурсе";"1761346";"—"
"4748";"5";"Электронное";"144000";"46 40 58";"—";"Участвует в конкурсе";"2239076";"—"
"4752";"8";"Электронное";"143000";"51 46 46";"—";"Участвует в конкурсе";"2303993";"—"
"4753";"2";"Электронное";"143000";"48 40 55";"—";"Участвует в конкурсе";"1261046";"—"
"4754";"3";"—";"142000";"62 40 40";"—";"Участвует в конкурсе";"2308073";"—"
"4755";"9";"—";"142000";"54 46 42";"—";"Участвует в конкурсе";"1960792";"—"
"4756";"7";"—";"142000";"53 46 43";"—";"Участвует в конкурсе";"2380279";"—"
"4757";"6";"—";"142000";"51 46 45";"—";"Участвует в конкурсе";"1691015";"—"
"4758";"3";"—";"141000";"46 46 49";"—";"Участвует в конкурсе";"2273288";"—"
"4759";"13";"—";"141000";"44 46 48";"3000";"Участвует в конкурсе";"1784294";"—"
"4760";"3";"Электронное";"140000";"48 52 40";"—";"Участвует в конкурсе";"1950635";"—"
"4762";"2";"Электронное";"139000";"48 46 45";"—";"Участвует в конкурсе";"1336327";"—"
"4763";"1";"Электронное";"138000";"46 46 46";"—";"Участвует в конкурсе";"2158946";"—"
"4764";"3";"—";"138000";"46 46 46";"—";"Участвует в конкурсе";"2229314";"—"
"4765";"6";"—";"138000";"44 46 48";"—";"Участвует в конкурсе";"1572936";"—"
"4766";"8";"Электронное";"138000";"44 40 54";"—";"Участвует в конкурсе";"1983724";"—"
"4768";"5";"—";"137000";"43 40 54";"—";"Участвует в конкурсе";"2257736";"—"
"4769";"7";"—";"137000";"46 46 42";"3000";"Участвует в конкурсе";"2329720";"—"
"4770";"10";"—";"136000";"54 40 42";"—";"Участвует в конкурсе";"2262550";"—"
"4771";"7";"Электронное";"136000";"51 40 45";"—";"Участвует в конкурсе";"2179375";"—"
"4773";"1";"—";"134000";"48 46 40";"—";"Участвует в конкурсе";"1107283";"—"
"4774";"4";"—";"134000";"48 46 40";"—";"Участвует в конкурсе";"1915803";"—"
"4775";"1";"Электронное";"134000";"46 40 48";"—";"Участвует в конкурсе";"2227956";"—"
"4776";"7";"—";"134000";"48 40 43";"3000";"Участвует в конкурсе";"2208126";"—"
"4777";"2";"Электронное";"131000";"48 40 40";"3000";"Участвует в конкурсе";"2290035";"—"
"4778";"2";"—";"129000";"43 40 46";"—";"Участвует в конкурсе";"2121820";"—"
