"Порядковый номер";"Приоритет конкурса";"Наличие договора";"Сумма баллов";"Баллы за ВИ";"Баллы за ИД";"Статус";"Код поступающего";"Дата выбора конкурсной группы по Москве"
"1";"1";"—";"289000";"88 94 97";"10000";"Участвует в конкурсе";"1789411";"—"
"2";"2";"—";"287000";"86 94 97";"10000";"Участвует в конкурсе";"2269778";"—"
"3";"3";"—";"283000";"90 92 91";"10000";"Участвует в конкурсе";"1418357";"—"
"4";"2";"—";"282000";"90 85 97";"10000";"Участвует в конкурсе";"1383206";"—"
"6";"2";"—";"282000";"80 92 100";"10000";"Участвует в конкурсе";"1201714";"—"
"7";"2";"—";"281000";"88 94 89";"10000";"Участвует в конкурсе";"1211050";"—"
"8";"3";"—";"280000";"84 86 100";"10000";"Участвует в конкурсе";"2224741";"—"
"9";"1";"—";"280000";"82 94 94";"10000";"Участвует в конкурсе";"1776551";"—"
"10";"3";"—";"277000";"98 88 81";"10000";"Участвует в конкурсе";"1735806";"—"
"12";"3";"—";"276000";"90 94 92";"—";"Участвует в конкурсе";"1281003";"—"
"13";"2";"—";"276000";"82 90 94";"10000";"Участвует в конкурсе";"1407309";"—"
"14";"2";"—";"275000";"92 84 89";"10000";"Участвует в конкурсе";"1605881";"—"
"15";"4";"—";"273000";"94 88 81";"10000";"Участвует в конкурсе";"1895911";"—"
"16";"4";"—";"272000";"90 86 86";"10000";"Участвует в конкурсе";"987472";"—"
"17";"3";"—";"272000";"88 80 94";"10000";"Участвует в конкурсе";"1983072";"—"
"18";"1";"Электронное";"272000";"88 77 97";"10000";"Участвует в конкурсе";"1515015";"—"
"19";"1";"—";"272000";"80 85 97";"10000";"Участвует в конкурсе";"1616109";"—"
"20";"3";"—";"271000";"92 90 89";"—";"Участвует в конкурсе";"1499975";"—"
"21";"2";"—";"271000";"94 85 89";"3000";"Участвует в конкурсе";"1464641";"—"
"22";"7";"—";"271000";"90 85 86";"10000";"Участвует в конкурсе";"1282950";"—"
"24";"5";"—";"270000";"90 92 86";"2000";"Участвует в конкурсе";"1853726";"—"
"25";"1";"—";"269000";"88 88 83";"10000";"Участвует в конкурсе";"1519139";"—"
"27";"2";"—";"269000";"70 100 89";"10000";"Участвует в конкурсе";"1359274";"—"
"29";"4";"—";"268000";"82 93 83";"10000";"Участвует в конкурсе";"1354535";"—"
"30";"1";"—";"268000";"78 94 86";"10000";"Участвует в конкурсе";"2232485";"—"
"32";"2";"—";"267000";"82 81 94";"10000";"Участвует в конкурсе";"1387376";"—"
"34";"2";"—";"266000";"82 88 86";"10000";"Участвует в конкурсе";"1556815";"—"
"35";"4";"—";"266000";"80 90 86";"10000";"Участвует в конкурсе";"2312773";"—"
"36";"3";"—";"266000";"80 90 86";"10000";"Участвует в конкурсе";"2096924";"—"
"37";"1";"—";"266000";"76 86 94";"10000";"Участвует в конкурсе";"1784239";"—"
"38";"6";"—";"265000";"84 88 91";"2000";"Участвует в конкурсе";"2181076";"—"
"40";"2";"—";"265000";"84 90 81";"10000";"Участвует в конкурсе";"1365674";"—"
"41";"3";"—";"265000";"84 90 81";"10000";"Участвует в конкурсе";"1752323";"—"
"42";"5";"—";"265000";"82 90 83";"10000";"Участвует в конкурсе";"1649041";"—"
"43";"2";"—";"265000";"80 86 89";"10000";"Участвует в конкурсе";"1417431";"—"
"44";"5";"—";"265000";"78 94 83";"10000";"Участвует в конкурсе";"1702221";"—"
"46";"3";"—";"265000";"74 90 91";"10000";"Участвует в конкурсе";"1383207";"—"
"47";"1";"—";"264000";"78 92 94";"—";"Участвует в конкурсе";"1857395";"—"
"48";"3";"—";"264000";"74 96 89";"5000";"Участвует в конкурсе";"1489268";"—"
"49";"8";"—";"264000";"84 79 91";"10000";"Участвует в конкурсе";"1826415";"—"
"50";"5";"—";"264000";"82 81 91";"10000";"Участвует в конкурсе";"1431895";"—"
"51";"2";"—";"264000";"80 88 86";"10000";"Участвует в конкурсе";"1561529";"—"
"52";"3";"—";"263000";"84 88 91";"—";"Участвует в конкурсе";"1518483";"—"
"53";"4";"—";"263000";"82 92 89";"—";"Участвует в конкурсе";"1779494";"—"
"54";"3";"Электронное";"263000";"90 84 81";"8000";"Участвует в конкурсе";"1822547";"—"
"55";"3";"—";"263000";"88 90 75";"10000";"Участвует в конкурсе";"1448848";"—"
"56";"1";"Электронное";"263000";"84 83 86";"10000";"Участвует в конкурсе";"1837361";"—"
"57";"2";"—";"263000";"80 90 83";"10000";"Участвует в конкурсе";"1435183";"—"
"58";"2";"—";"262000";"100 90 72";"—";"Участвует в конкурсе";"1213818";"—"
"59";"2";"—";"262000";"82 86 94";"—";"Участвует в конкурсе";"1260892";"—"
"60";"1";"—";"262000";"74 94 94";"—";"Участвует в конкурсе";"2272641";"—"
"61";"1";"—";"262000";"86 80 86";"10000";"Участвует в конкурсе";"1363276";"—"
"62";"3";"—";"262000";"82 81 89";"10000";"Участвует в конкурсе";"2299391";"—"
"64";"2";"—";"262000";"76 90 86";"10000";"Участвует в конкурсе";"2305804";"—"
"65";"3";"—";"262000";"72 94 86";"10000";"Участвует в конкурсе";"1507984";"—"
"66";"3";"—";"261000";"84 80 97";"—";"Участвует в конкурсе";"1959120";"—"
"67";"3";"—";"261000";"84 86 81";"10000";"Участвует в конкурсе";"1035095";"—"
"68";"2";"—";"261000";"80 88 83";"10000";"Участвует в конкурсе";"1383029";"—"
"69";"2";"—";"261000";"80 88 83";"10000";"Участвует в конкурсе";"1608969";"—"
"70";"3";"—";"261000";"78 92 81";"10000";"Участвует в конкурсе";"1446675";"—"
"71";"1";"—";"261000";"74 94 83";"10000";"Участвует в конкурсе";"1725136";"—"
"73";"1";"—";"260000";"76 90 94";"—";"Участвует в конкурсе";"2132782";"—"
"74";"7";"—";"260000";"86 81 91";"2000";"Участвует в конкурсе";"1978257";"—"
"75";"2";"—";"260000";"82 94 81";"3000";"Участвует в конкурсе";"1994230";"—"
"76";"2";"—";"260000";"88 79 83";"10000";"Участвует в конкурсе";"1518877";"—"
"77";"11";"—";"260000";"84 83 83";"10000";"Участвует в конкурсе";"2213184";"—"
"78";"1";"—";"260000";"82 71 97";"10000";"Участвует в конкурсе";"1584878";"—"
"79";"2";"—";"259000";"92 81 86";"—";"Участвует в конкурсе";"1564898";"—"
"80";"1";"—";"259000";"90 83 83";"3000";"Участвует в конкурсе";"973247";"—"
"81";"3";"—";"259000";"82 85 89";"3000";"Сданы ВИ";"1569507";"—"
"82";"3";"—";"259000";"82 81 91";"5000";"Участвует в конкурсе";"1615921";"—"
"83";"1";"—";"258000";"84 80 91";"3000";"Участвует в конкурсе";"1655029";"—"
"84";"4";"—";"258000";"84 75 89";"10000";"Участвует в конкурсе";"2263737";"—"
"85";"2";"—";"258000";"78 81 89";"10000";"Участвует в конкурсе";"2415531";"—"
"86";"4";"—";"258000";"78 79 91";"10000";"Участвует в конкурсе";"1988318";"—"
"87";"2";"—";"258000";"76 86 86";"10000";"Участвует в конкурсе";"2001161";"—"
"88";"1";"—";"257000";"94 80 83";"—";"Участвует в конкурсе";"1728851";"—"
"89";"1";"—";"257000";"84 84 89";"—";"Участвует в конкурсе";"1442065";"—"
"91";"2";"—";"257000";"88 81 86";"2000";"Участвует в конкурсе";"2273882";"—"
"92";"4";"—";"257000";"76 81 97";"3000";"Участвует в конкурсе";"1616925";"—"
"93";"3";"—";"257000";"84 85 78";"10000";"Участвует в конкурсе";"1591345";"—"
"94";"8";"—";"257000";"84 72 91";"10000";"Участвует в конкурсе";"1385229";"—"
"95";"1";"—";"257000";"82 74 91";"10000";"Участвует в конкурсе";"2253127";"—"
"96";"4";"—";"257000";"78 83 86";"10000";"Участвует в конкурсе";"1645901";"—"
"97";"1";"—";"256000";"88 82 86";"—";"Участвует в конкурсе";"1727317";"—"
"98";"3";"—";"256000";"80 87 89";"—";"Участвует в конкурсе";"1425651";"—"
"99";"1";"—";"256000";"76 84 91";"5000";"Участвует в конкурсе";"2176717";"—"
"100";"2";"—";"256000";"92 76 78";"10000";"Участвует в конкурсе";"1763035";"—"
"101";"2";"—";"256000";"82 83 81";"10000";"Участвует в конкурсе";"1913461";"—"
"102";"2";"—";"256000";"82 70 94";"10000";"Участвует в конкурсе";"2139160";"—"
"103";"1";"—";"256000";"80 88 78";"10000";"Участвует в конкурсе";"1988432";"—"
"104";"3";"—";"256000";"80 75 91";"10000";"Участвует в конкурсе";"1554907";"—"
"105";"2";"—";"256000";"78 85 83";"10000";"Участвует в конкурсе";"1782109";"—"
"106";"3";"—";"256000";"78 79 89";"10000";"Участвует в конкурсе";"2225693";"—"
"107";"4";"—";"256000";"74 75 97";"10000";"Участвует в конкурсе";"1996142";"—"
"108";"3";"Электронное";"256000";"72 80 94";"10000";"Участвует в конкурсе";"1555411";"—"
"109";"3";"—";"255000";"88 84 83";"—";"Участвует в конкурсе";"1615485";"—"
"110";"3";"—";"255000";"82 92 81";"—";"Участвует в конкурсе";"1013498";"—"
"111";"1";"—";"255000";"86 81 78";"10000";"Участвует в конкурсе";"2137987";"—"
"112";"2";"—";"255000";"84 72 89";"10000";"Участвует в конкурсе";"2182326";"—"
"114";"5";"—";"255000";"76 83 86";"10000";"Участвует в конкурсе";"1521448";"—"
"115";"2";"—";"255000";"74 82 89";"10000";"Участвует в конкурсе";"1214772";"—"
"116";"3";"—";"255000";"72 90 83";"10000";"Участвует в конкурсе";"2053104";"—"
"117";"3";"—";"254000";"86 80 83";"5000";"Участвует в конкурсе";"1583780";"—"
"119";"5";"—";"254000";"80 83 81";"10000";"Участвует в конкурсе";"1838357";"—"
"120";"1";"—";"254000";"78 85 81";"10000";"Участвует в конкурсе";"1245625";"—"
"121";"3";"—";"254000";"70 83 91";"10000";"Участвует в конкурсе";"1410245";"—"
"122";"2";"—";"253000";"88 79 86";"—";"Участвует в конкурсе";"1475483";"—"
"124";"6";"—";"253000";"84 83 86";"—";"Участвует в конкурсе";"2052502";"—"
"125";"1";"—";"253000";"82 88 83";"—";"Участвует в конкурсе";"2091358";"—"
"126";"4";"—";"253000";"74 98 81";"—";"Участвует в конкурсе";"1910736";"—"
"127";"2";"—";"253000";"72 90 91";"—";"Участвует в конкурсе";"1623678";"—"
"128";"3";"—";"253000";"86 90 75";"2000";"Участвует в конкурсе";"1431262";"—"
"129";"1";"—";"253000";"94 81 75";"3000";"Участвует в конкурсе";"1888631";"—"
"130";"4";"—";"253000";"84 77 89";"3000";"Участвует в конкурсе";"1127077";"—"
"131";"2";"—";"253000";"76 85 89";"3000";"Участвует в конкурсе";"1893667";"—"
"132";"2";"—";"253000";"80 85 78";"10000";"Участвует в конкурсе";"1426190";"—"
"133";"1";"Электронное";"253000";"80 82 81";"10000";"Участвует в конкурсе";"1379707";"—"
"134";"3";"—";"253000";"80 80 83";"10000";"Участвует в конкурсе";"1856304";"—"
"135";"1";"—";"253000";"76 81 86";"10000";"Участвует в конкурсе";"1486147";"—"
"136";"2";"—";"253000";"72 77 94";"10000";"Участвует в конкурсе";"1620727";"—"
"137";"5";"—";"252000";"90 85 75";"2000";"Участвует в конкурсе";"1390652";"—"
"138";"4";"—";"252000";"88 88 73";"3000";"Участвует в конкурсе";"1612754";"—"
"139";"1";"—";"252000";"70 88 91";"3000";"Участвует в конкурсе";"1188864";"—"
"140";"3";"—";"252000";"84 83 75";"10000";"Участвует в конкурсе";"1613272";"—"
"141";"3";"—";"252000";"78 86 78";"10000";"Участвует в конкурсе";"1795584";"—"
"143";"1";"—";"252000";"76 88 78";"10000";"Участвует в конкурсе";"1333087";"—"
"144";"3";"—";"252000";"76 85 81";"10000";"Участвует в конкурсе";"2420325";"—"
"145";"2";"—";"252000";"72 73 97";"10000";"Участвует в конкурсе";"1091174";"—"
"146";"2";"—";"251000";"82 88 81";"—";"Участвует в конкурсе";"1849097";"—"
"147";"2";"—";"251000";"78 84 89";"—";"Участвует в конкурсе";"1304255";"—"
"148";"2";"—";"251000";"76 92 83";"—";"Участвует в конкурсе";"1846467";"—"
"149";"2";"—";"251000";"86 84 78";"3000";"Участвует в конкурсе";"2272770";"—"
"150";"1";"—";"251000";"88 72 81";"10000";"Участвует в конкурсе";"1514717";"—"
"151";"3";"—";"251000";"86 72 83";"10000";"Участвует в конкурсе";"1611717";"—"
"152";"3";"—";"251000";"80 83 78";"10000";"Участвует в конкурсе";"1305488";"—"
"153";"3";"—";"251000";"70 88 83";"10000";"Участвует в конкурсе";"1728138";"—"
"154";"5";"—";"250000";"86 81 83";"—";"Участвует в конкурсе";"1425454";"—"
"155";"3";"—";"250000";"78 94 78";"—";"Участвует в конкурсе";"1730631";"—"
"156";"2";"—";"250000";"74 98 78";"—";"Участвует в конкурсе";"1972799";"—"
"157";"3";"—";"250000";"74 82 94";"—";"Участвует в конкурсе";"1466640";"—"
"158";"1";"—";"250000";"80 92 75";"3000";"Участвует в конкурсе";"2297882";"—"
"159";"3";"—";"250000";"92 76 72";"10000";"Участвует в конкурсе";"2006806";"—"
"160";"2";"—";"250000";"84 83 73";"10000";"Участвует в конкурсе";"1583091";"—"
"161";"2";"—";"250000";"82 77 81";"10000";"Участвует в конкурсе";"1186873";"—"
"162";"8";"—";"250000";"82 72 86";"10000";"Участвует в конкурсе";"2251355";"—"
"163";"4";"—";"250000";"80 79 81";"10000";"Участвует в конкурсе";"1167318";"—"
"164";"5";"—";"250000";"80 77 83";"10000";"Участвует в конкурсе";"1981975";"—"
"165";"7";"—";"250000";"80 71 89";"10000";"Участвует в конкурсе";"1516418";"—"
"166";"1";"—";"250000";"78 81 81";"10000";"Участвует в конкурсе";"1702188";"—"
"167";"1";"—";"250000";"76 86 78";"10000";"Участвует в конкурсе";"2178153";"—"
"168";"2";"—";"250000";"76 86 78";"10000";"Участвует в конкурсе";"1688673";"—"
"170";"4";"Электронное";"249000";"78 77 94";"—";"Участвует в конкурсе";"1857939";"—"
"171";"1";"—";"249000";"80 85 81";"3000";"Участвует в конкурсе";"1583962";"—"
"172";"2";"—";"249000";"82 79 83";"5000";"Участвует в конкурсе";"1681883";"—"
"173";"3";"—";"249000";"80 71 91";"7000";"Участвует в конкурсе";"1636317";"—"
"174";"3";"—";"249000";"82 82 75";"10000";"Участвует в конкурсе";"1397584";"—"
"175";"3";"—";"249000";"82 68 89";"10000";"Участвует в конкурсе";"2159771";"—"
"176";"2";"—";"249000";"78 70 91";"10000";"Участвует в конкурсе";"1640041";"—"
"177";"5";"—";"249000";"76 66 97";"10000";"Участвует в конкурсе";"1517176";"—"
"179";"3";"—";"249000";"70 86 83";"10000";"Участвует в конкурсе";"1289753";"—"
"180";"2";"—";"248000";"92 78 78";"—";"Участвует в конкурсе";"2222959";"—"
"181";"2";"—";"248000";"86 96 66";"—";"Участвует в конкурсе";"1268259";"—"
"182";"1";"Электронное";"248000";"86 81 81";"—";"Участвует в конкурсе";"1258284";"—"
"183";"2";"—";"248000";"82 75 91";"—";"Участвует в конкурсе";"1797525";"—"
"184";"1";"—";"248000";"80 90 78";"—";"Участвует в конкурсе";"1245589";"—"
"185";"3";"—";"248000";"80 79 89";"—";"Участвует в конкурсе";"1999330";"—"
"186";"1";"—";"248000";"84 78 83";"3000";"Участвует в конкурсе";"2006450";"—"
"187";"2";"—";"248000";"76 91 75";"6000";"Участвует в конкурсе";"2229370";"—"
"188";"1";"—";"248000";"84 73 81";"10000";"Участвует в конкурсе";"1337232";"—"
"189";"4";"—";"248000";"78 79 81";"10000";"Участвует в конкурсе";"1436872";"—"
"190";"4";"—";"248000";"74 83 81";"10000";"Участвует в конкурсе";"2313421";"—"
"191";"3";"—";"248000";"70 77 91";"10000";"Участвует в конкурсе";"2055529";"—"
"192";"3";"—";"248000";"64 88 86";"10000";"Участвует в конкурсе";"2353739";"—"
"193";"2";"—";"247000";"88 81 78";"—";"Участвует в конкурсе";"1620813";"—"
"194";"3";"—";"247000";"84 85 78";"—";"Участвует в конкурсе";"1741076";"—"
"196";"2";"—";"247000";"86 73 86";"2000";"Участвует в конкурсе";"1414019";"—"
"197";"1";"—";"247000";"90 76 78";"3000";"Участвует в конкурсе";"1487216";"—"
"198";"4";"—";"247000";"80 81 81";"5000";"Участвует в конкурсе";"1343113";"—"
"199";"3";"—";"247000";"78 86 75";"8000";"Участвует в конкурсе";"1697138";"—"
"200";"1";"—";"247000";"84 80 73";"10000";"Участвует в конкурсе";"2085566";"—"
"201";"2";"—";"247000";"82 72 83";"10000";"Участвует в конкурсе";"1212963";"—"
"202";"3";"—";"247000";"82 66 89";"10000";"Участвует в конкурсе";"1553778";"—"
"203";"3";"—";"247000";"80 82 75";"10000";"Участвует в конкурсе";"1250615";"—"
"204";"7";"—";"247000";"78 70 89";"10000";"Участвует в конкурсе";"2140028";"—"
"206";"2";"—";"246000";"84 71 91";"—";"Участвует в конкурсе";"1158992";"—"
"207";"3";"—";"246000";"80 83 83";"—";"Участвует в конкурсе";"2309060";"—"
"209";"8";"—";"246000";"76 79 91";"—";"Участвует в конкурсе";"971573";"—"
"210";"3";"—";"246000";"72 85 89";"—";"Участвует в конкурсе";"1854511";"—"
"211";"1";"Электронное";"246000";"90 76 78";"2000";"Участвует в конкурсе";"2162652";"—"
"212";"1";"—";"246000";"74 88 81";"3000";"Участвует в конкурсе";"1690574";"—"
"213";"3";"—";"246000";"86 78 72";"10000";"Участвует в конкурсе";"1517685";"—"
"214";"2";"—";"246000";"86 75 75";"10000";"Участвует в конкурсе";"1418393";"—"
"215";"3";"—";"246000";"84 82 70";"10000";"Участвует в конкурсе";"2406647";"—"
"216";"2";"—";"246000";"82 73 81";"10000";"Участвует в конкурсе";"1509227";"—"
"217";"3";"—";"246000";"80 70 86";"10000";"Участвует в конкурсе";"1287299";"—"
"218";"5";"—";"246000";"78 77 81";"10000";"Участвует в конкурсе";"1731346";"—"
"220";"2";"—";"246000";"78 75 83";"10000";"Участвует в конкурсе";"1963261";"—"
"221";"2";"—";"246000";"76 77 83";"10000";"Участвует в конкурсе";"2222748";"—"
"222";"1";"—";"246000";"74 79 83";"10000";"Участвует в конкурсе";"1181281";"—"
"223";"3";"—";"246000";"74 76 86";"10000";"Участвует в конкурсе";"1938872";"—"
"224";"2";"—";"246000";"72 83 81";"10000";"Участвует в конкурсе";"2069896";"—"
"225";"1";"Электронное";"245000";"90 74 81";"—";"Участвует в конкурсе";"1285586";"—"
"226";"3";"—";"245000";"90 74 81";"—";"Участвует в конкурсе";"1522167";"—"
"229";"2";"—";"245000";"78 86 81";"—";"Участвует в конкурсе";"2173820";"—"
"230";"1";"Электронное";"245000";"84 77 81";"3000";"Участвует в конкурсе";"1701221";"—"
"231";"3";"—";"245000";"78 94 70";"3000";"Участвует в конкурсе";"1860728";"—"
"232";"2";"—";"245000";"78 81 83";"3000";"Участвует в конкурсе";"1263624";"—"
"233";"3";"—";"245000";"84 81 70";"10000";"Участвует в конкурсе";"1781211";"—"
"234";"1";"Электронное";"245000";"84 68 83";"10000";"Участвует в конкурсе";"1307289";"—"
"235";"1";"—";"245000";"78 82 75";"10000";"Участвует в конкурсе";"1987819";"—"
"236";"1";"—";"245000";"76 78 81";"10000";"Участвует в конкурсе";"1961273";"—"
"237";"2";"—";"245000";"76 76 83";"10000";"Участвует в конкурсе";"1798264";"—"
"238";"1";"—";"245000";"74 80 81";"10000";"Участвует в конкурсе";"1797130";"—"
"239";"1";"—";"245000";"70 84 81";"10000";"Участвует в конкурсе";"1340018";"—"
"240";"4";"—";"244000";"80 78 86";"—";"Участвует в конкурсе";"1982242";"—"
"241";"1";"—";"244000";"78 88 78";"—";"Участвует в конкурсе";"1886151";"—"
"242";"3";"—";"244000";"78 75 91";"—";"Участвует в конкурсе";"2405049";"—"
"243";"3";"—";"244000";"74 92 78";"—";"Участвует в конкурсе";"1514297";"—"
"245";"2";"—";"244000";"80 86 73";"5000";"Участвует в конкурсе";"1975174";"—"
"246";"4";"—";"244000";"88 85 61";"10000";"Участвует в конкурсе";"1648902";"—"
"247";"4";"—";"244000";"86 75 73";"10000";"Участвует в конкурсе";"1361728";"—"
"248";"1";"—";"244000";"80 73 81";"10000";"Участвует в конкурсе";"1242386";"—"
"249";"2";"—";"244000";"78 86 70";"10000";"Участвует в конкурсе";"1312885";"—"
"250";"5";"—";"244000";"78 73 83";"10000";"Участвует в конкурсе";"1872223";"—"
"251";"2";"—";"244000";"76 75 83";"10000";"Участвует в конкурсе";"2155469";"—"
"252";"2";"—";"243000";"86 79 78";"—";"Участвует в конкурсе";"1129449";"—"
"253";"3";"—";"243000";"82 88 73";"—";"Участвует в конкурсе";"1545652";"—"
"255";"3";"—";"243000";"76 81 86";"—";"Участвует в конкурсе";"1423902";"—"
"256";"1";"—";"243000";"74 88 81";"—";"Участвует в конкурсе";"2099586";"—"
"257";"4";"—";"243000";"72 88 83";"—";"Участвует в конкурсе";"1646561";"—"
"258";"4";"—";"243000";"72 85 86";"—";"Участвует в конкурсе";"1245460";"—"
"259";"2";"—";"243000";"90 78 72";"3000";"Участвует в конкурсе";"1612509";"—"
"260";"2";"—";"243000";"82 78 78";"5000";"Участвует в конкурсе";"1623731";"—"
"261";"4";"—";"243000";"86 80 67";"10000";"Участвует в конкурсе";"2223755";"—"
"262";"3";"—";"243000";"84 71 78";"10000";"Участвует в конкурсе";"1520767";"—"
"263";"2";"—";"243000";"82 88 63";"10000";"Участвует в конкурсе";"1570051";"—"
"264";"1";"Электронное";"243000";"78 80 75";"10000";"Участвует в конкурсе";"1530453";"—"
"265";"3";"—";"243000";"78 77 78";"10000";"Участвует в конкурсе";"1250500";"—"
"266";"1";"—";"243000";"76 79 78";"10000";"Участвует в конкурсе";"2265436";"—"
"267";"1";"—";"243000";"74 76 83";"10000";"Участвует в конкурсе";"1442589";"—"
"268";"3";"—";"243000";"72 75 86";"10000";"Участвует в конкурсе";"1613437";"—"
"269";"2";"—";"242000";"90 77 75";"—";"Участвует в конкурсе";"2171599";"—"
"270";"3";"—";"242000";"88 72 82";"—";"Участвует в конкурсе";"1976874";"—"
"271";"6";"—";"242000";"82 71 89";"—";"Участвует в конкурсе";"1257344";"—"
"272";"2";"—";"242000";"70 78 94";"—";"Участвует в конкурсе";"1707710";"—"
"273";"5";"—";"242000";"84 72 83";"3000";"Участвует в конкурсе";"1169996";"—"
"274";"2";"—";"242000";"88 72 72";"10000";"Участвует в конкурсе";"1794255";"—"
"275";"3";"—";"242000";"82 77 73";"10000";"Участвует в конкурсе";"2408751";"—"
"276";"1";"—";"242000";"80 79 73";"10000";"Сданы ВИ";"959251";"—"
"278";"3";"—";"242000";"76 83 73";"10000";"Участвует в конкурсе";"1437637";"—"
"279";"2";"—";"241000";"80 80 81";"—";"Участвует в конкурсе";"1799185";"—"
"280";"4";"—";"241000";"78 80 83";"—";"Участвует в конкурсе";"1836048";"—"
"281";"2";"—";"241000";"78 77 86";"—";"Участвует в конкурсе";"2313451";"—"
"282";"2";"—";"241000";"76 79 86";"—";"Участвует в конкурсе";"1209233";"—"
"283";"1";"Электронное";"241000";"74 86 81";"—";"Участвует в конкурсе";"1201448";"—"
"284";"2";"—";"241000";"82 87 70";"2000";"Участвует в конкурсе";"1637000";"—"
"285";"2";"—";"241000";"88 83 67";"3000";"Участвует в конкурсе";"1670527";"—"
"286";"2";"Электронное";"241000";"86 82 70";"3000";"Участвует в конкурсе";"2197704";"—"
"287";"4";"—";"241000";"80 80 78";"3000";"Участвует в конкурсе";"1205112";"—"
"288";"7";"—";"241000";"82 66 83";"10000";"Участвует в конкурсе";"1327334";"—"
"289";"5";"—";"241000";"80 73 78";"10000";"Участвует в конкурсе";"1397922";"—"
"290";"3";"—";"241000";"76 77 78";"10000";"Участвует в конкурсе";"1789819";"—"
"291";"3";"—";"241000";"72 78 81";"10000";"Участвует в конкурсе";"1429805";"—"
"292";"2";"—";"241000";"70 88 73";"10000";"Участвует в конкурсе";"2252302";"—"
"294";"3";"—";"240000";"82 75 83";"—";"Участвует в конкурсе";"2133284";"—"
"295";"2";"—";"240000";"80 90 70";"—";"Участвует в конкурсе";"1719662";"—"
"296";"4";"—";"240000";"74 85 81";"—";"Участвует в конкурсе";"2029684";"—"
"297";"2";"—";"240000";"74 83 83";"—";"Участвует в конкурсе";"1036386";"—"
"298";"1";"—";"240000";"80 79 78";"3000";"Участвует в конкурсе";"1576383";"—"
"299";"3";"—";"240000";"76 83 78";"3000";"Участвует в конкурсе";"2200621";"—"
"300";"5";"—";"240000";"74 77 86";"3000";"Участвует в конкурсе";"1583152";"—"
"301";"1";"—";"240000";"80 78 75";"7000";"Участвует в конкурсе";"2230469";"—"
"302";"1";"—";"240000";"90 70 70";"10000";"Участвует в конкурсе";"2243504";"—"
"303";"5";"—";"240000";"82 75 73";"10000";"Участвует в конкурсе";"1174352";"—"
"304";"2";"—";"240000";"80 64 86";"10000";"Участвует в конкурсе";"1224623";"—"
"305";"2";"—";"240000";"78 83 69";"10000";"Участвует в конкурсе";"1173605";"—"
"306";"2";"—";"240000";"78 77 75";"10000";"Участвует в конкурсе";"1653464";"—"
"307";"2";"—";"240000";"78 66 86";"10000";"Участвует в конкурсе";"1405944";"—"
"308";"5";"—";"240000";"72 88 70";"10000";"Участвует в конкурсе";"1689448";"—"
"309";"2";"—";"240000";"72 86 72";"10000";"Участвует в конкурсе";"1281292";"—"
"311";"7";"—";"239000";"80 81 78";"—";"Участвует в конкурсе";"1204215";"—"
"312";"1";"—";"239000";"78 75 86";"—";"Участвует в конкурсе";"1713352";"—"
"313";"1";"—";"239000";"78 75 86";"—";"Участвует в конкурсе";"1470597";"—"
"315";"1";"—";"239000";"76 90 73";"—";"Участвует в конкурсе";"1244586";"—"
"316";"3";"—";"239000";"72 86 81";"—";"Участвует в конкурсе";"1229337";"—"
"318";"1";"—";"239000";"72 81 86";"—";"Участвует в конкурсе";"2220243";"—"
"319";"6";"—";"239000";"86 78 72";"3000";"Участвует в конкурсе";"1345908";"—"
"320";"1";"Электронное";"239000";"78 75 83";"3000";"Участвует в конкурсе";"1720779";"—"
"321";"1";"—";"239000";"74 79 83";"3000";"Участвует в конкурсе";"977483";"—"
"322";"2";"—";"239000";"70 86 78";"5000";"Участвует в конкурсе";"1470706";"—"
"323";"4";"—";"239000";"82 75 72";"10000";"Участвует в конкурсе";"1817349";"—"
"324";"3";"—";"239000";"74 72 83";"10000";"Участвует в конкурсе";"1467680";"—"
"325";"3";"—";"239000";"74 72 83";"10000";"Участвует в конкурсе";"2004947";"—"
"326";"1";"—";"238000";"94 75 69";"—";"Участвует в конкурсе";"1075934";"—"
"327";"3";"—";"238000";"90 67 81";"—";"Участвует в конкурсе";"2343952";"—"
"328";"2";"—";"238000";"80 80 78";"—";"Участвует в конкурсе";"1514761";"—"
"329";"2";"—";"238000";"78 82 78";"—";"Участвует в конкурсе";"1648637";"—"
"330";"3";"—";"238000";"76 81 81";"—";"Участвует в конкурсе";"962978";"—"
"332";"1";"—";"238000";"76 74 86";"2000";"Участвует в конкурсе";"2328357";"—"
"333";"1";"—";"238000";"74 81 81";"2000";"Участвует в конкурсе";"2141163";"—"
"334";"1";"—";"238000";"80 86 69";"3000";"Участвует в конкурсе";"1395841";"—"
"335";"5";"—";"238000";"74 88 73";"3000";"Участвует в конкурсе";"1275552";"—"
"336";"3";"—";"238000";"74 80 81";"3000";"Участвует в конкурсе";"1746175";"—"
"337";"2";"—";"238000";"64 88 81";"5000";"Участвует в конкурсе";"2182263";"—"
"338";"5";"—";"238000";"80 81 70";"7000";"Участвует в конкурсе";"2329619";"—"
"339";"3";"—";"238000";"88 73 67";"10000";"Участвует в конкурсе";"1204663";"—"
"340";"3";"—";"238000";"80 75 73";"10000";"Участвует в конкурсе";"1882036";"—"
"341";"2";"—";"238000";"80 73 75";"10000";"Участвует в конкурсе";"1197449";"—"
"342";"7";"—";"238000";"76 83 69";"10000";"Участвует в конкурсе";"1130426";"—"
"343";"4";"—";"238000";"76 71 81";"10000";"Участвует в конкурсе";"1729557";"—"
"344";"2";"—";"238000";"74 79 75";"10000";"Участвует в конкурсе";"2371241";"—"
"345";"4";"—";"238000";"74 73 81";"10000";"Участвует в конкурсе";"2200428";"—"
"346";"2";"—";"238000";"72 75 81";"10000";"Участвует в конкурсе";"2093273";"—"
"347";"3";"—";"238000";"70 85 73";"10000";"Участвует в конкурсе";"2170143";"—"
"348";"2";"—";"237000";"86 91 60";"—";"Участвует в конкурсе";"2150040";"—"
"349";"2";"—";"237000";"78 78 81";"—";"Участвует в конкурсе";"1037923";"—"
"350";"3";"—";"237000";"78 70 89";"—";"Участвует в конкурсе";"1173131";"—"
"351";"5";"—";"237000";"76 86 75";"—";"Участвует в конкурсе";"1420447";"—"
"352";"1";"—";"237000";"74 77 86";"—";"Участвует в конкурсе";"1782188";"—"
"353";"2";"—";"237000";"64 96 75";"2000";"Участвует в конкурсе";"2285039";"—"
"355";"2";"—";"236000";"86 72 78";"—";"Участвует в конкурсе";"1240901";"—"
"356";"3";"—";"236000";"82 79 75";"—";"Участвует в конкурсе";"1611951";"—"
"357";"3";"—";"236000";"80 78 78";"—";"Участвует в конкурсе";"1504696";"—"
"358";"3";"—";"236000";"78 75 83";"—";"Участвует в конкурсе";"1189704";"—"
"359";"2";"—";"236000";"76 77 83";"—";"Участвует в конкурсе";"1193983";"—"
"360";"1";"—";"236000";"74 90 72";"—";"Участвует в конкурсе";"1534465";"—"
"361";"3";"—";"236000";"70 94 72";"—";"Участвует в конкурсе";"1548717";"—"
"362";"2";"—";"236000";"86 76 72";"2000";"Участвует в конкурсе";"1159227";"—"
"363";"4";"—";"236000";"84 71 78";"3000";"Участвует в конкурсе";"1077572";"—"
"364";"5";"—";"236000";"78 82 73";"3000";"Участвует в конкурсе";"1789694";"—"
"365";"2";"—";"236000";"72 80 81";"3000";"Участвует в конкурсе";"1692356";"—"
"366";"4";"—";"236000";"70 85 78";"3000";"Участвует в конкурсе";"1440077";"—"
"367";"2";"—";"236000";"74 79 78";"5000";"Участвует в конкурсе";"1431102";"—"
"368";"5";"—";"236000";"86 73 67";"10000";"Участвует в конкурсе";"1944192";"—"
"369";"1";"Электронное";"236000";"76 64 86";"10000";"Участвует в конкурсе";"1910036";"—"
"371";"2";"—";"236000";"74 79 73";"10000";"Участвует в конкурсе";"1961862";"—"
"372";"5";"—";"236000";"72 73 81";"10000";"Участвует в конкурсе";"1826962";"—"
"373";"1";"—";"236000";"72 73 81";"10000";"Участвует в конкурсе";"1580367";"—"
"374";"1";"—";"236000";"70 83 73";"10000";"Участвует в конкурсе";"2000784";"—"
"375";"3";"—";"236000";"70 78 78";"10000";"Участвует в конкурсе";"1790077";"—"
"376";"2";"—";"235000";"88 80 67";"—";"Участвует в конкурсе";"2109377";"—"
"377";"2";"—";"235000";"78 85 72";"—";"Участвует в конкурсе";"1181702";"—"
"378";"1";"—";"235000";"78 85 70";"2000";"Участвует в конкурсе";"1602873";"—"
"379";"3";"—";"235000";"84 70 78";"3000";"Участвует в конкурсе";"2095206";"—"
"380";"2";"—";"235000";"80 77 75";"3000";"Участвует в конкурсе";"1803340";"—"
"381";"3";"—";"235000";"76 73 83";"3000";"Участвует в конкурсе";"1200679";"—"
"382";"3";"—";"235000";"74 75 83";"3000";"Участвует в конкурсе";"1569081";"—"
"383";"1";"—";"235000";"72 88 72";"3000";"Участвует в конкурсе";"1573157";"—"
"384";"2";"—";"235000";"72 77 83";"3000";"Участвует в конкурсе";"1167817";"—"
"385";"2";"—";"235000";"70 76 86";"3000";"Участвует в конкурсе";"2416564";"—"
"386";"2";"—";"235000";"80 72 78";"5000";"Участвует в конкурсе";"1499660";"—"
"387";"4";"—";"235000";"78 67 83";"7000";"Участвует в конкурсе";"1623307";"—"
"388";"2";"—";"235000";"82 73 70";"10000";"Участвует в конкурсе";"1289568";"—"
"389";"2";"—";"235000";"78 77 70";"10000";"Участвует в конкурсе";"2271670";"—"
"390";"5";"—";"235000";"76 71 78";"10000";"Участвует в конкурсе";"1269115";"—"
"391";"7";"—";"235000";"72 70 83";"10000";"Участвует в конкурсе";"2179886";"—"
"392";"3";"—";"235000";"72 64 89";"10000";"Участвует в конкурсе";"1508395";"—"
"393";"1";"—";"235000";"70 77 78";"10000";"Участвует в конкурсе";"1728527";"—"
"394";"2";"—";"234000";"84 75 75";"—";"Участвует в конкурсе";"1202734";"—"
"395";"2";"—";"234000";"84 75 75";"—";"Участвует в конкурсе";"2056281";"—"
"396";"1";"—";"234000";"82 80 72";"—";"Участвует в конкурсе";"2127728";"—"
"397";"1";"—";"234000";"82 77 75";"—";"Участвует в конкурсе";"1191499";"—"
"398";"1";"—";"234000";"80 82 72";"—";"Участвует в конкурсе";"2121008";"—"
"399";"3";"—";"234000";"76 86 72";"—";"Участвует в конкурсе";"2291938";"—"
"400";"2";"—";"234000";"76 67 91";"—";"Участвует в конкурсе";"2155275";"—"
"401";"5";"—";"234000";"74 93 67";"—";"Участвует в конкурсе";"2083047";"—"
"402";"4";"—";"234000";"74 77 83";"—";"Участвует в конкурсе";"1907047";"—"
"403";"4";"—";"234000";"70 81 81";"2000";"Участвует в конкурсе";"1516089";"—"
"404";"7";"—";"234000";"82 82 67";"3000";"Участвует в конкурсе";"1690255";"—"
"405";"1";"Электронное";"234000";"82 77 72";"3000";"Участвует в конкурсе";"1992180";"—"
"406";"1";"—";"234000";"74 71 86";"3000";"Участвует в конкурсе";"1212763";"—"
"407";"1";"Электронное";"234000";"74 71 86";"3000";"Участвует в конкурсе";"1307469";"—"
"408";"2";"—";"234000";"72 92 67";"3000";"Участвует в конкурсе";"2093958";"—"
"409";"5";"—";"234000";"64 84 83";"3000";"Участвует в конкурсе";"1717601";"—"
"410";"2";"—";"234000";"72 79 78";"5000";"Участвует в конкурсе";"1214051";"—"
"411";"3";"—";"234000";"86 67 73";"8000";"Участвует в конкурсе";"1214693";"—"
"412";"5";"—";"234000";"80 78 66";"10000";"Участвует в конкурсе";"1600321";"—"
"413";"3";"—";"234000";"80 63 81";"10000";"Участвует в конкурсе";"1516055";"—"
"414";"2";"—";"234000";"76 79 69";"10000";"Участвует в конкурсе";"1811595";"—"
"415";"2";"—";"234000";"74 77 73";"10000";"Участвует в конкурсе";"1520795";"—"
"416";"3";"—";"234000";"70 82 72";"10000";"Участвует в конкурсе";"1042446";"—"
"417";"5";"—";"234000";"70 73 81";"10000";"Участвует в конкурсе";"1969994";"—"
"418";"2";"—";"234000";"70 68 86";"10000";"Участвует в конкурсе";"2266485";"—"
"419";"3";"—";"233000";"84 74 75";"—";"Участвует в конкурсе";"831197";"—"
"420";"3";"—";"233000";"78 77 78";"—";"Участвует в конкурсе";"1252734";"—"
"421";"2";"—";"233000";"74 73 86";"—";"Участвует в конкурсе";"1609118";"—"
"422";"1";"—";"233000";"70 77 86";"—";"Участвует в конкурсе";"1011280";"—"
"423";"3";"—";"233000";"70 77 86";"—";"Участвует в конкурсе";"1971480";"—"
"425";"3";"—";"233000";"78 71 81";"3000";"Участвует в конкурсе";"1633444";"—"
"426";"1";"—";"233000";"74 78 78";"3000";"Участвует в конкурсе";"1778288";"—"
"427";"8";"—";"233000";"70 76 81";"6000";"Участвует в конкурсе";"995774";"—"
"428";"1";"—";"233000";"80 73 70";"10000";"Участвует в конкурсе";"2005637";"—"
"429";"2";"—";"233000";"80 60 83";"10000";"Участвует в конкурсе";"1773115";"—"
"430";"6";"—";"233000";"74 77 72";"10000";"Участвует в конкурсе";"1102893";"—"
"431";"1";"—";"233000";"72 76 75";"10000";"Участвует в конкурсе";"1287612";"—"
"432";"2";"—";"233000";"72 73 78";"10000";"Участвует в конкурсе";"2097805";"—"
"433";"3";"—";"233000";"70 90 63";"10000";"Участвует в конкурсе";"1760303";"—"
"434";"5";"—";"233000";"70 78 75";"10000";"Участвует в конкурсе";"1725388";"—"
"435";"3";"—";"233000";"70 75 78";"10000";"Участвует в конкурсе";"1365966";"—"
"436";"2";"—";"233000";"70 72 81";"10000";"Участвует в конкурсе";"2230099";"—"
"437";"1";"—";"233000";"70 62 91";"10000";"Участвует в конкурсе";"1402952";"—"
"438";"2";"—";"233000";"64 73 86";"10000";"Участвует в конкурсе";"1789069";"—"
"439";"3";"—";"232000";"84 82 66";"—";"Участвует в конкурсе";"1419841";"—"
"440";"5";"—";"232000";"82 64 86";"—";"Участвует в конкурсе";"1443097";"—"
"442";"4";"—";"232000";"78 79 75";"—";"Участвует в конкурсе";"1398085";"—"
"443";"1";"—";"232000";"74 80 78";"—";"Участвует в конкурсе";"830965";"—"
"444";"3";"—";"232000";"74 77 81";"—";"Участвует в конкурсе";"1643339";"—"
"445";"5";"—";"232000";"72 71 89";"—";"Участвует в конкурсе";"1597595";"—"
"446";"1";"—";"232000";"70 92 70";"—";"Участвует в конкурсе";"1484144";"—"
"447";"3";"—";"232000";"82 78 70";"2000";"Участвует в конкурсе";"1376049";"—"
"448";"1";"—";"232000";"80 80 69";"3000";"Участвует в конкурсе";"1268763";"—"
"449";"3";"—";"232000";"80 71 78";"3000";"Участвует в конкурсе";"1944307";"—"
"450";"3";"—";"232000";"74 77 78";"3000";"Участвует в конкурсе";"1648043";"—"
"451";"1";"—";"232000";"90 64 73";"5000";"Участвует в конкурсе";"1237464";"—"
"452";"1";"Электронное";"232000";"78 66 78";"10000";"Участвует в конкурсе";"1898185";"—"
"453";"3";"—";"232000";"76 73 73";"10000";"Участвует в конкурсе";"1399840";"—"
"454";"7";"—";"232000";"74 75 73";"10000";"Участвует в конкурсе";"1984133";"—"
"456";"1";"—";"232000";"74 73 75";"10000";"Участвует в конкурсе";"2251099";"—"
"457";"3";"—";"232000";"74 70 78";"10000";"Участвует в конкурсе";"2049164";"—"
"458";"2";"—";"232000";"70 63 89";"10000";"Участвует в конкурсе";"1159732";"—"
"459";"6";"—";"231000";"86 73 72";"—";"Участвует в конкурсе";"1068226";"—"
"460";"4";"—";"231000";"84 75 72";"—";"Участвует в конкурсе";"1961871";"—"
"461";"1";"Электронное";"231000";"82 68 81";"—";"Участвует в конкурсе";"2324766";"—"
"463";"3";"—";"231000";"74 68 89";"—";"Участвует в конкурсе";"1626552";"—"
"464";"2";"—";"231000";"80 78 70";"3000";"Участвует в конкурсе";"1363193";"—"
"465";"2";"—";"231000";"72 75 81";"3000";"Участвует в конкурсе";"960125";"—"
"466";"4";"—";"231000";"74 71 81";"5000";"Участвует в конкурсе";"1122465";"—"
"467";"2";"—";"231000";"84 64 73";"10000";"Участвует в конкурсе";"1233529";"—"
"468";"2";"—";"231000";"76 73 72";"10000";"Участвует в конкурсе";"1786335";"—"
"469";"4";"—";"231000";"74 78 69";"10000";"Участвует в конкурсе";"1494077";"—"
"470";"3";"—";"231000";"74 66 81";"10000";"Участвует в конкурсе";"1215019";"—"
"471";"6";"—";"231000";"72 71 78";"10000";"Участвует в конкурсе";"1883289";"—"
"472";"3";"—";"231000";"72 71 78";"10000";"Участвует в конкурсе";"2253454";"—"
"473";"1";"—";"231000";"70 68 83";"10000";"Участвует в конкурсе";"1555470";"—"
"474";"3";"—";"231000";"64 79 78";"10000";"Участвует в конкурсе";"1553380";"—"
"476";"2";"—";"230000";"80 80 70";"—";"Участвует в конкурсе";"1935969";"—"
"477";"1";"—";"230000";"78 79 73";"—";"Участвует в конкурсе";"2043563";"—"
"478";"1";"—";"230000";"76 76 78";"—";"Участвует в конкурсе";"1291335";"—"
"479";"5";"—";"230000";"74 70 86";"—";"Участвует в конкурсе";"1215471";"—"
"480";"7";"—";"230000";"72 72 86";"—";"Участвует в конкурсе";"1633185";"—"
"481";"2";"—";"230000";"70 79 81";"—";"Участвует в конкурсе";"1649822";"—"
"483";"2";"—";"230000";"70 72 86";"2000";"Участвует в конкурсе";"1210131";"—"
"484";"3";"—";"230000";"76 70 81";"3000";"Участвует в конкурсе";"1364772";"—"
"485";"4";"—";"230000";"78 72 70";"10000";"Участвует в конкурсе";"1850279";"—"
"486";"3";"—";"230000";"72 75 73";"10000";"Участвует в конкурсе";"1431582";"—"
"487";"5";"—";"230000";"72 70 78";"10000";"Участвует в конкурсе";"2143388";"—"
"488";"3";"—";"230000";"70 81 69";"10000";"Участвует в конкурсе";"2358402";"—"
"489";"1";"—";"229000";"86 80 63";"—";"Участвует в конкурсе";"1858202";"—"
"491";"2";"—";"229000";"80 77 72";"—";"Участвует в конкурсе";"2093633";"—"
"492";"4";"—";"229000";"78 76 75";"—";"Участвует в конкурсе";"1638724";"—"
"494";"5";"—";"229000";"76 72 81";"—";"Участвует в конкурсе";"1859885";"—"
"495";"1";"—";"229000";"70 78 81";"—";"Участвует в конкурсе";"1409652";"—"
"496";"6";"—";"229000";"74 78 75";"2000";"Участвует в конкурсе";"1912612";"—"
"497";"2";"—";"229000";"76 80 70";"3000";"Участвует в конкурсе";"1444527";"—"
"498";"3";"—";"229000";"76 72 78";"3000";"Участвует в конкурсе";"2182069";"—"
"499";"2";"—";"229000";"72 82 72";"3000";"Участвует в конкурсе";"1549992";"—"
"500";"5";"—";"229000";"72 60 94";"3000";"Участвует в конкурсе";"1564086";"—"
"501";"10";"—";"229000";"78 80 66";"5000";"Участвует в конкурсе";"1266493";"—"
"502";"3";"—";"229000";"76 79 64";"10000";"Участвует в конкурсе";"1262787";"—"
"503";"6";"—";"229000";"76 70 73";"10000";"Участвует в конкурсе";"1577161";"—"
"504";"2";"—";"229000";"76 60 83";"10000";"Участвует в конкурсе";"2366449";"—"
"505";"2";"—";"229000";"74 78 67";"10000";"Участвует в конкурсе";"2237222";"—"
"506";"6";"—";"229000";"74 73 72";"10000";"Участвует в конкурсе";"1445128";"—"
"507";"1";"Электронное";"229000";"74 59 86";"10000";"Участвует в конкурсе";"1855364";"—"
"508";"6";"—";"229000";"64 80 75";"10000";"Участвует в конкурсе";"2314772";"—"
"509";"3";"—";"229000";"64 77 78";"10000";"Участвует в конкурсе";"2234166";"—"
"510";"2";"—";"228000";"84 63 81";"—";"Участвует в конкурсе";"2219071";"—"
"511";"1";"—";"228000";"82 80 66";"—";"Участвует в конкурсе";"2046690";"—"
"512";"2";"—";"228000";"82 60 86";"—";"Участвует в конкурсе";"2371497";"—"
"513";"2";"—";"228000";"78 75 75";"—";"Участвует в конкурсе";"1438509";"—"
"514";"2";"—";"228000";"74 85 69";"—";"Участвует в конкурсе";"1614996";"—"
"515";"3";"—";"228000";"74 79 75";"—";"Участвует в конкурсе";"1365737";"—"
"516";"1";"—";"228000";"74 79 75";"—";"Участвует в конкурсе";"1656147";"—"
"517";"2";"—";"228000";"72 84 72";"—";"Участвует в конкурсе";"1205423";"—"
"518";"1";"—";"228000";"70 85 73";"—";"Участвует в конкурсе";"1637631";"—"
"519";"3";"—";"228000";"70 67 91";"—";"Участвует в конкурсе";"1363991";"—"
"520";"3";"—";"228000";"80 76 69";"3000";"Участвует в конкурсе";"1571335";"—"
"521";"2";"—";"228000";"84 72 67";"5000";"Участвует в конкурсе";"1276998";"—"
"522";"2";"—";"228000";"78 75 69";"6000";"Участвует в конкурсе";"1651519";"—"
"523";"3";"—";"228000";"78 79 63";"8000";"Участвует в конкурсе";"2134787";"—"
"524";"4";"—";"228000";"76 59 83";"10000";"Участвует в конкурсе";"1253228";"—"
"525";"2";"—";"228000";"74 75 69";"10000";"Участвует в конкурсе";"2223856";"—"
"526";"3";"—";"228000";"72 73 73";"10000";"Участвует в конкурсе";"1699711";"—"
"527";"5";"—";"228000";"72 68 78";"10000";"Участвует в конкурсе";"1230466";"—"
"529";"6";"—";"227000";"86 78 63";"—";"Участвует в конкурсе";"1689505";"—"
"530";"6";"—";"227000";"78 79 70";"—";"Участвует в конкурсе";"1341224";"—"
"531";"1";"—";"227000";"76 82 69";"—";"Участвует в конкурсе";"2372858";"—"
"533";"2";"—";"227000";"76 68 83";"—";"Участвует в конкурсе";"1506036";"—"
"534";"3";"—";"227000";"74 81 72";"—";"Участвует в конкурсе";"1643397";"—"
"535";"3";"—";"227000";"74 80 73";"—";"Участвует в конкурсе";"1248525";"—"
"536";"2";"—";"227000";"74 75 78";"—";"Участвует в конкурсе";"1652680";"—"
"537";"3";"—";"227000";"72 72 83";"—";"Участвует в конкурсе";"1441501";"—"
"538";"2";"—";"227000";"82 83 60";"2000";"Участвует в конкурсе";"1557515";"—"
"539";"2";"—";"227000";"70 86 69";"2000";"Участвует в конкурсе";"1307438";"—"
"540";"2";"—";"227000";"82 70 72";"3000";"Участвует в конкурсе";"1103738";"—"
"541";"1";"Электронное";"227000";"78 60 86";"3000";"Участвует в конкурсе";"1207048";"—"
"542";"1";"—";"227000";"76 76 72";"3000";"Участвует в конкурсе";"1346006";"—"
"543";"7";"—";"227000";"76 70 78";"3000";"Участвует в конкурсе";"2314918";"—"
"544";"1";"—";"227000";"74 78 72";"3000";"Участвует в конкурсе";"1192999";"—"
"545";"5";"—";"227000";"78 64 75";"10000";"Участвует в конкурсе";"1486811";"—"
"546";"8";"—";"227000";"76 68 73";"10000";"Участвует в конкурсе";"1349306";"—"
"547";"3";"—";"227000";"74 71 72";"10000";"Участвует в конкурсе";"2191245";"—"
"548";"2";"Электронное";"227000";"72 70 75";"10000";"Участвует в конкурсе";"1192753";"—"
"549";"5";"—";"227000";"70 81 66";"10000";"Участвует в конкурсе";"1815475";"—"
"550";"2";"—";"227000";"70 75 72";"10000";"Участвует в конкурсе";"1384516";"—"
"551";"2";"—";"227000";"70 74 73";"10000";"Участвует в конкурсе";"1941901";"—"
"552";"5";"—";"227000";"58 73 86";"10000";"Участвует в конкурсе";"2267508";"—"
"553";"2";"—";"226000";"84 73 69";"—";"Участвует в конкурсе";"1607521";"—"
"554";"3";"—";"226000";"82 75 69";"—";"Участвует в конкурсе";"1265830";"—"
"555";"3";"—";"226000";"80 71 75";"—";"Участвует в конкурсе";"1334017";"—"
"556";"5";"—";"226000";"78 78 70";"—";"Участвует в конкурсе";"1429955";"—"
"558";"3";"—";"226000";"76 72 78";"—";"Участвует в конкурсе";"2224822";"—"
"559";"2";"—";"226000";"76 67 83";"—";"Участвует в конкурсе";"2307971";"—"
"560";"5";"—";"226000";"74 71 81";"—";"Участвует в конкурсе";"1280938";"—"
"561";"6";"—";"226000";"72 82 72";"—";"Участвует в конкурсе";"1654025";"—"
"562";"2";"—";"226000";"72 81 73";"—";"Участвует в конкурсе";"2227699";"—"
"563";"1";"—";"226000";"70 86 70";"—";"Участвует в конкурсе";"1521290";"—"
"565";"5";"—";"226000";"64 73 89";"—";"Участвует в конкурсе";"1729370";"—"
"566";"2";"—";"226000";"86 64 73";"3000";"Участвует в конкурсе";"1427028";"—"
"567";"1";"—";"226000";"72 81 70";"3000";"Участвует в конкурсе";"1689810";"—"
"568";"2";"—";"226000";"70 83 70";"3000";"Участвует в конкурсе";"2271281";"—"
"569";"2";"—";"226000";"70 75 78";"3000";"Участвует в конкурсе";"1326295";"—"
"570";"4";"—";"226000";"78 71 72";"5000";"Участвует в конкурсе";"1798903";"—"
"571";"3";"—";"226000";"74 77 70";"5000";"Участвует в конкурсе";"1617977";"—"
"572";"1";"—";"226000";"80 75 61";"10000";"Участвует в конкурсе";"2246026";"—"
"573";"3";"—";"226000";"80 72 64";"10000";"Участвует в конкурсе";"1358908";"—"
"574";"1";"Электронное";"226000";"78 66 72";"10000";"Участвует в конкурсе";"1357387";"—"
"575";"4";"—";"226000";"74 73 69";"10000";"Участвует в конкурсе";"2097990";"—"
"576";"3";"—";"226000";"72 74 70";"10000";"Участвует в конкурсе";"1961178";"—"
"577";"1";"—";"225000";"82 70 73";"—";"Участвует в конкурсе";"2051668";"—"
"578";"2";"—";"225000";"80 75 70";"—";"Участвует в конкурсе";"2017214";"—"
"579";"2";"—";"225000";"80 70 75";"—";"Участвует в конкурсе";"1977945";"—"
"580";"2";"—";"225000";"76 77 72";"—";"Участвует в конкурсе";"1638374";"—"
"581";"2";"—";"225000";"76 71 78";"—";"Участвует в конкурсе";"2052903";"—"
"582";"3";"—";"225000";"72 92 61";"—";"Участвует в конкурсе";"1578421";"—"
"583";"2";"—";"225000";"72 81 72";"—";"Участвует в конкурсе";"1784036";"—"
"584";"4";"—";"225000";"70 80 75";"—";"Участвует в конкурсе";"1339077";"—"
"585";"2";"—";"225000";"64 78 83";"—";"Участвует в конкурсе";"1194045";"—"
"586";"3";"—";"225000";"64 78 83";"—";"Участвует в конкурсе";"1984807";"—"
"587";"2";"—";"225000";"84 78 60";"3000";"Участвует в конкурсе";"1394108";"—"
"588";"2";"—";"225000";"82 76 64";"3000";"Участвует в конкурсе";"1181619";"—"
"589";"1";"—";"225000";"82 71 69";"3000";"Участвует в конкурсе";"1822488";"—"
"590";"4";"—";"225000";"80 78 64";"3000";"Участвует в конкурсе";"1988160";"—"
"591";"2";"—";"225000";"80 73 69";"3000";"Участвует в конкурсе";"831378";"—"
"592";"5";"—";"225000";"74 78 70";"3000";"Участвует в конкурсе";"1581720";"—"
"593";"1";"—";"225000";"74 75 73";"3000";"Участвует в конкурсе";"1402913";"—"
"594";"2";"—";"225000";"74 75 73";"3000";"Участвует в конкурсе";"2265812";"—"
"595";"2";"—";"225000";"74 73 75";"3000";"Участвует в конкурсе";"1310043";"—"
"596";"3";"—";"225000";"70 79 73";"3000";"Участвует в конкурсе";"1201011";"—"
"597";"2";"—";"225000";"72 79 69";"5000";"Участвует в конкурсе";"2179695";"—"
"598";"1";"—";"225000";"70 81 66";"8000";"Участвует в конкурсе";"1640319";"—"
"599";"1";"—";"225000";"80 66 69";"10000";"Участвует в конкурсе";"1302921";"—"
"600";"8";"—";"225000";"80 63 72";"10000";"Участвует в конкурсе";"1179033";"—"
"601";"6";"—";"225000";"80 63 72";"10000";"Участвует в конкурсе";"1275863";"—"
"602";"1";"—";"225000";"78 64 73";"10000";"Участвует в конкурсе";"1653096";"—"
"603";"6";"—";"225000";"74 72 69";"10000";"Участвует в конкурсе";"2133446";"—"
"604";"1";"—";"225000";"72 73 70";"10000";"Участвует в конкурсе";"1167574";"—"
"605";"3";"—";"225000";"72 73 70";"10000";"Участвует в конкурсе";"1463916";"—"
"606";"3";"—";"224000";"82 72 70";"—";"Участвует в конкурсе";"1285810";"—"
"607";"2";"—";"224000";"82 64 78";"—";"Участвует в конкурсе";"1896091";"—"
"608";"4";"—";"224000";"78 68 78";"—";"Участвует в конкурсе";"1626030";"—"
"609";"5";"—";"224000";"76 76 72";"—";"Участвует в конкурсе";"1209006";"—"
"610";"4";"—";"224000";"74 77 73";"—";"Участвует в конкурсе";"1646384";"—"
"611";"1";"—";"224000";"70 73 81";"—";"Участвует в конкурсе";"2183153";"—"
"612";"3";"—";"224000";"64 77 83";"—";"Участвует в конкурсе";"2371503";"—"
"613";"3";"—";"224000";"78 83 61";"2000";"Участвует в конкурсе";"1350335";"—"
"614";"6";"—";"224000";"76 77 69";"2000";"Участвует в конкурсе";"1440704";"—"
"615";"1";"—";"224000";"74 70 78";"2000";"Участвует в конкурсе";"1212296";"—"
"616";"1";"—";"224000";"86 68 67";"3000";"Участвует в конкурсе";"2229844";"—"
"617";"2";"—";"224000";"84 80 57";"3000";"Участвует в конкурсе";"1956932";"—"
"618";"2";"—";"224000";"72 74 75";"3000";"Участвует в конкурсе";"1698855";"—"
"619";"3";"—";"224000";"70 81 70";"3000";"Участвует в конкурсе";"1200707";"—"
"620";"2";"—";"224000";"80 65 69";"10000";"Участвует в конкурсе";"1753215";"—"
"621";"1";"—";"224000";"76 63 75";"10000";"Участвует в конкурсе";"1333250";"—"
"622";"2";"—";"224000";"72 69 73";"10000";"Участвует в конкурсе";"980023";"—"
"623";"4";"—";"223000";"90 75 58";"—";"Участвует в конкурсе";"1423335";"—"
"624";"4";"—";"223000";"86 70 67";"—";"Участвует в конкурсе";"1287565";"—"
"625";"1";"—";"223000";"78 79 66";"—";"Участвует в конкурсе";"1501085";"—"
"626";"5";"—";"223000";"78 56 89";"—";"Участвует в конкурсе";"1577377";"—"
"627";"3";"—";"223000";"76 84 63";"—";"Участвует в конкурсе";"1241580";"—"
"628";"1";"—";"223000";"76 75 72";"—";"Участвует в конкурсе";"2388815";"—"
"629";"1";"—";"223000";"74 83 66";"—";"Участвует в конкурсе";"1077787";"—"
"630";"1";"—";"223000";"72 82 69";"—";"Участвует в конкурсе";"1393787";"—"
"631";"2";"—";"223000";"72 68 83";"—";"Участвует в конкурсе";"1776374";"—"
"632";"2";"—";"223000";"66 70 87";"—";"Участвует в конкурсе";"1183788";"—"
"633";"3";"—";"223000";"64 78 81";"—";"Участвует в конкурсе";"2062682";"—"
"634";"5";"—";"223000";"78 71 72";"2000";"Участвует в конкурсе";"1679893";"—"
"635";"5";"—";"223000";"74 63 83";"3000";"Участвует в конкурсе";"1417036";"—"
"636";"3";"—";"223000";"72 78 70";"3000";"Участвует в конкурсе";"1252471";"—"
"637";"5";"—";"223000";"72 76 72";"3000";"Участвует в конкурсе";"1052809";"—"
"638";"3";"—";"223000";"72 70 78";"3000";"Участвует в конкурсе";"2127308";"—"
"639";"3";"—";"223000";"70 81 69";"3000";"Участвует в конкурсе";"1180640";"—"
"640";"4";"—";"223000";"70 81 69";"3000";"Участвует в конкурсе";"1977194";"—"
"641";"1";"—";"223000";"64 81 73";"5000";"Участвует в конкурсе";"1794765";"—"
"642";"2";"—";"223000";"58 90 70";"5000";"Участвует в конкурсе";"1262366";"—"
"643";"1";"—";"223000";"78 71 64";"10000";"Участвует в конкурсе";"1844599";"—"
"644";"1";"Электронное";"223000";"78 68 67";"10000";"Участвует в конкурсе";"1721349";"—"
"646";"2";"—";"223000";"70 73 70";"10000";"Участвует в конкурсе";"1644856";"—"
"647";"2";"—";"223000";"64 77 72";"10000";"Участвует в конкурсе";"1154185";"—"
"648";"1";"—";"222000";"84 78 60";"—";"Участвует в конкурсе";"1840940";"—"
"649";"4";"—";"222000";"84 63 75";"—";"Участвует в конкурсе";"2057077";"—"
"650";"1";"Электронное";"222000";"80 67 75";"—";"Участвует в конкурсе";"1216420";"—"
"651";"2";"—";"222000";"78 83 61";"—";"Участвует в конкурсе";"1652309";"—"
"652";"3";"—";"222000";"78 72 72";"—";"Участвует в конкурсе";"2075006";"—"
"653";"2";"—";"222000";"76 71 75";"—";"Участвует в конкурсе";"1782826";"—"
"654";"2";"—";"222000";"74 75 73";"—";"Участвует в конкурсе";"1286981";"—"
"655";"3";"—";"222000";"74 67 81";"—";"Участвует в конкурсе";"1910998";"—"
"656";"2";"—";"222000";"72 78 72";"—";"Участвует в конкурсе";"1574376";"—"
"657";"1";"—";"222000";"70 63 89";"—";"Участвует в конкурсе";"1282423";"—"
"658";"1";"—";"222000";"64 80 78";"—";"Участвует в конкурсе";"2128610";"—"
"659";"3";"—";"222000";"64 80 78";"—";"Участвует в конкурсе";"2297734";"—"
"660";"1";"—";"222000";"86 62 72";"2000";"Участвует в конкурсе";"2255022";"—"
"661";"3";"—";"222000";"76 84 60";"2000";"Участвует в конкурсе";"2352002";"—"
"662";"2";"—";"222000";"82 73 64";"3000";"Участвует в конкурсе";"1268878";"—"
"663";"9";"—";"222000";"82 62 75";"3000";"Участвует в конкурсе";"1365633";"—"
"664";"3";"—";"222000";"74 73 72";"3000";"Участвует в конкурсе";"1766403";"—"
"665";"2";"—";"222000";"74 70 75";"3000";"Участвует в конкурсе";"1213039";"—"
"666";"5";"—";"222000";"70 79 70";"3000";"Участвует в конкурсе";"1778566";"—"
"667";"3";"—";"222000";"70 59 89";"4000";"Участвует в конкурсе";"1974759";"—"
"668";"2";"—";"222000";"76 71 70";"5000";"Участвует в конкурсе";"1766901";"—"
"669";"3";"—";"222000";"82 70 60";"10000";"Участвует в конкурсе";"2228777";"—"
"670";"4";"—";"222000";"78 67 67";"10000";"Участвует в конкурсе";"1585680";"—"
"671";"3";"—";"221000";"82 70 69";"—";"Участвует в конкурсе";"1474913";"—"
"672";"2";"—";"221000";"80 81 60";"—";"Участвует в конкурсе";"1946757";"—"
"673";"1";"—";"221000";"78 73 70";"—";"Участвует в конкурсе";"1232146";"—"
"674";"2";"—";"221000";"76 72 73";"—";"Участвует в конкурсе";"1043100";"—"
"675";"4";"—";"221000";"74 72 75";"—";"Участвует в конкурсе";"964894";"—"
"676";"1";"—";"221000";"74 66 81";"—";"Участвует в конкурсе";"1794773";"—"
"677";"2";"—";"221000";"70 81 70";"—";"Участвует в конкурсе";"2368730";"—"
"678";"5";"—";"221000";"70 79 72";"—";"Участвует в конкурсе";"2051367";"—"
"679";"1";"—";"221000";"58 77 86";"—";"Участвует в конкурсе";"2238170";"—"
"680";"1";"Электронное";"221000";"82 70 66";"3000";"Участвует в конкурсе";"1576509";"—"
"681";"3";"—";"221000";"80 74 64";"3000";"Участвует в конкурсе";"2425040";"—"
"682";"2";"—";"221000";"78 67 73";"3000";"Участвует в конкурсе";"1550508";"—"
"683";"2";"—";"221000";"70 73 75";"3000";"Участвует в конкурсе";"1848021";"—"
"684";"1";"—";"221000";"70 54 94";"3000";"Участвует в конкурсе";"1611488";"—"
"685";"11";"—";"221000";"58 83 75";"5000";"Участвует в конкурсе";"2089927";"—"
"686";"3";"—";"221000";"70 73 72";"6000";"Участвует в конкурсе";"1633722";"—"
"687";"3";"—";"221000";"78 64 69";"10000";"Участвует в конкурсе";"1962446";"—"
"688";"1";"—";"221000";"74 56 81";"10000";"Участвует в конкурсе";"2253845";"—"
"689";"6";"—";"221000";"72 75 64";"10000";"Участвует в конкурсе";"1577460";"—"
"690";"3";"—";"221000";"70 66 75";"10000";"Участвует в конкурсе";"1489756";"—"
"693";"5";"—";"220000";"78 72 70";"—";"Участвует в конкурсе";"1522094";"—"
"694";"2";"—";"220000";"72 84 64";"—";"Участвует в конкурсе";"1574372";"—"
"695";"2";"—";"220000";"72 81 67";"—";"Участвует в конкурсе";"969748";"—"
"696";"2";"—";"220000";"72 73 75";"—";"Участвует в конкурсе";"2227538";"—"
"697";"4";"—";"220000";"72 62 86";"—";"Участвует в конкурсе";"1263505";"—"
"699";"2";"—";"220000";"70 72 78";"—";"Участвует в конкурсе";"1071673";"—"
"700";"1";"—";"220000";"64 75 81";"—";"Участвует в конкурсе";"2423465";"—"
"701";"1";"Электронное";"220000";"64 73 83";"—";"Участвует в конкурсе";"1626084";"—"
"702";"1";"Электронное";"220000";"82 72 64";"2000";"Участвует в конкурсе";"1688274";"—"
"703";"6";"—";"220000";"80 63 67";"10000";"Участвует в конкурсе";"1326437";"—"
"704";"3";"—";"220000";"78 63 69";"10000";"Участвует в конкурсе";"1198208";"—"
"706";"5";"—";"220000";"70 67 73";"10000";"Участвует в конкурсе";"2230064";"—"
"707";"1";"—";"220000";"58 79 73";"10000";"Участвует в конкурсе";"1436352";"—"
"708";"4";"—";"219000";"84 66 69";"—";"Участвует в конкурсе";"1848347";"—"
"709";"5";"—";"219000";"80 78 61";"—";"Участвует в конкурсе";"1288662";"—"
"710";"3";"—";"219000";"78 77 64";"—";"Участвует в конкурсе";"2043338";"—"
"711";"2";"—";"219000";"78 75 66";"—";"Участвует в конкурсе";"1639895";"—"
"712";"1";"—";"219000";"76 70 73";"—";"Участвует в конкурсе";"1620460";"—"
"713";"3";"—";"219000";"76 68 75";"—";"Участвует в конкурсе";"1859448";"—"
"714";"1";"—";"219000";"76 62 81";"—";"Участвует в конкурсе";"1642617";"—"
"715";"8";"—";"219000";"74 75 70";"—";"Участвует в конкурсе";"1248154";"—"
"716";"2";"—";"219000";"72 81 66";"—";"Участвует в конкурсе";"2165252";"—"
"717";"1";"—";"219000";"72 78 69";"—";"Участвует в конкурсе";"1335642";"—"
"718";"1";"Электронное";"219000";"72 69 78";"—";"Участвует в конкурсе";"1606701";"—"
"719";"2";"—";"219000";"58 80 81";"—";"Участвует в конкурсе";"1792253";"—"
"720";"3";"—";"219000";"74 74 69";"2000";"Участвует в конкурсе";"1778955";"—"
"721";"1";"—";"219000";"82 64 70";"3000";"Участвует в конкурсе";"1359512";"—"
"722";"2";"—";"219000";"78 72 66";"3000";"Участвует в конкурсе";"1323740";"—"
"723";"3";"—";"219000";"74 70 70";"5000";"Участвует в конкурсе";"1784377";"—"
"724";"2";"—";"219000";"64 68 81";"6000";"Участвует в конкурсе";"1515197";"—"
"725";"4";"—";"219000";"82 62 67";"8000";"Участвует в конкурсе";"1207466";"—"
"726";"2";"—";"219000";"76 64 69";"10000";"Участвует в конкурсе";"2133592";"—"
"727";"3";"—";"219000";"70 75 64";"10000";"Участвует в конкурсе";"1682545";"—"
"728";"1";"Электронное";"219000";"70 73 66";"10000";"Участвует в конкурсе";"1198103";"—"
"729";"2";"—";"219000";"70 64 75";"10000";"Участвует в конкурсе";"2180605";"—"
"731";"2";"—";"218000";"82 66 70";"—";"Участвует в конкурсе";"1290217";"—"
"732";"2";"—";"218000";"82 66 70";"—";"Участвует в конкурсе";"1064165";"—"
"733";"2";"—";"218000";"80 71 67";"—";"Участвует в конкурсе";"1105806";"—"
"734";"2";"—";"218000";"80 68 70";"—";"Участвует в конкурсе";"1906652";"—"
"735";"2";"—";"218000";"78 67 73";"—";"Участвует в конкурсе";"1249536";"—"
"736";"2";"—";"218000";"74 75 69";"—";"Участвует в конкурсе";"1609697";"—"
"737";"3";"—";"218000";"70 62 86";"—";"Участвует в конкурсе";"1369826";"—"
"738";"1";"—";"218000";"64 71 83";"—";"Участвует в конкурсе";"1188725";"—"
"739";"6";"—";"218000";"58 90 70";"—";"Участвует в конкурсе";"1506800";"—"
"740";"1";"Электронное";"218000";"58 88 72";"—";"Участвует в конкурсе";"1723068";"—"
"741";"1";"Электронное";"218000";"84 64 67";"3000";"Участвует в конкурсе";"1719459";"—"
"742";"2";"—";"218000";"80 74 61";"3000";"Участвует в конкурсе";"2389372";"—"
"743";"1";"—";"218000";"74 77 64";"3000";"Участвует в конкурсе";"1497927";"—"
"744";"2";"—";"218000";"74 68 73";"3000";"Участвует в конкурсе";"1671855";"—"
"745";"2";"—";"218000";"72 74 69";"3000";"Участвует в конкурсе";"1793321";"—"
"746";"1";"—";"218000";"64 70 81";"3000";"Участвует в конкурсе";"2269470";"—"
"747";"4";"—";"218000";"78 72 63";"5000";"Участвует в конкурсе";"957601";"—"
"748";"5";"—";"218000";"70 80 63";"5000";"Участвует в конкурсе";"1717882";"—"
"749";"1";"—";"218000";"64 75 72";"7000";"Участвует в конкурсе";"1628230";"—"
"750";"4";"—";"218000";"78 62 70";"8000";"Участвует в конкурсе";"1790927";"—"
"751";"2";"—";"218000";"78 63 67";"10000";"Участвует в конкурсе";"1381698";"—"
"752";"2";"—";"218000";"78 60 70";"10000";"Участвует в конкурсе";"1187178";"—"
"753";"5";"—";"218000";"78 55 75";"10000";"Участвует в конкурсе";"1975728";"—"
"754";"2";"—";"218000";"64 77 67";"10000";"Участвует в конкурсе";"2093868";"—"
"755";"1";"—";"217000";"80 70 67";"—";"Участвует в конкурсе";"2340063";"—"
"756";"2";"—";"217000";"78 64 75";"—";"Участвует в конкурсе";"2212721";"—"
"757";"2";"—";"217000";"76 75 66";"—";"Участвует в конкурсе";"1344501";"—"
"758";"2";"—";"217000";"74 77 66";"—";"Участвует в конкурсе";"1885638";"—"
"759";"2";"—";"217000";"74 73 70";"—";"Участвует в конкурсе";"1422652";"—"
"760";"2";"—";"217000";"74 70 73";"—";"Участвует в конкурсе";"2051887";"—"
"761";"1";"—";"217000";"74 70 73";"—";"Участвует в конкурсе";"2102982";"—"
"762";"2";"—";"217000";"74 70 73";"—";"Участвует в конкурсе";"1502499";"—"
"763";"3";"—";"217000";"72 76 69";"—";"Участвует в конкурсе";"2219431";"—"
"764";"3";"—";"217000";"72 67 78";"—";"Участвует в конкурсе";"1182827";"—"
"766";"1";"—";"217000";"70 81 66";"—";"Участвует в конкурсе";"1215346";"—"
"767";"3";"—";"217000";"70 77 70";"—";"Участвует в конкурсе";"1304713";"—"
"768";"4";"—";"217000";"70 72 75";"—";"Участвует в конкурсе";"1156376";"—"
"769";"2";"Электронное";"217000";"78 81 55";"3000";"Участвует в конкурсе";"1618445";"—"
"770";"2";"—";"217000";"74 77 63";"3000";"Участвует в конкурсе";"1970177";"—"
"772";"2";"—";"217000";"74 64 72";"7000";"Участвует в конкурсе";"1505858";"—"
"773";"2";"—";"217000";"76 63 70";"8000";"Участвует в конкурсе";"1381386";"—"
"774";"1";"—";"217000";"74 67 66";"10000";"Участвует в конкурсе";"1390307";"—"
"775";"3";"—";"217000";"74 63 70";"10000";"Участвует в конкурсе";"1913674";"—"
"776";"1";"—";"217000";"70 77 60";"10000";"Участвует в конкурсе";"1353101";"—"
"777";"2";"—";"217000";"58 68 81";"10000";"Участвует в конкурсе";"1987974";"—"
"778";"3";"—";"216000";"82 64 70";"—";"Участвует в конкурсе";"2345313";"—"
"779";"1";"—";"216000";"82 56 78";"—";"Участвует в конкурсе";"1767244";"—"
"780";"4";"—";"216000";"76 70 70";"—";"Участвует в конкурсе";"1797712";"—"
"781";"2";"—";"216000";"76 65 75";"—";"Участвует в конкурсе";"1250688";"—"
"782";"2";"—";"216000";"74 78 64";"—";"Участвует в конкурсе";"1487750";"—"
"783";"3";"—";"216000";"74 75 67";"—";"Участвует в конкурсе";"1555020";"—"
"784";"2";"—";"216000";"74 73 69";"—";"Участвует в конкурсе";"1915304";"—"
"785";"4";"—";"216000";"74 72 70";"—";"Участвует в конкурсе";"1856984";"—"
"786";"3";"—";"216000";"74 70 72";"—";"Участвует в конкурсе";"1517615";"—"
"787";"1";"—";"216000";"74 70 72";"—";"Участвует в конкурсе";"1553276";"—"
"788";"2";"—";"216000";"72 81 63";"—";"Участвует в конкурсе";"1726421";"—"
"789";"1";"—";"216000";"72 78 66";"—";"Участвует в конкурсе";"1423441";"—"
"790";"1";"Электронное";"216000";"72 74 70";"—";"Участвует в конкурсе";"1646549";"—"
"791";"3";"—";"216000";"72 72 72";"—";"Участвует в конкурсе";"1128141";"—"
"793";"4";"—";"216000";"78 72 63";"3000";"Участвует в конкурсе";"1650319";"—"
"794";"3";"—";"216000";"78 57 78";"3000";"Участвует в конкурсе";"1957347";"—"
"795";"2";"—";"216000";"74 64 75";"3000";"Участвует в конкурсе";"1551150";"—"
"796";"1";"—";"216000";"58 82 73";"3000";"Участвует в конкурсе";"1256965";"—"
"797";"4";"—";"216000";"70 77 64";"5000";"Участвует в конкурсе";"1909075";"—"
"798";"2";"—";"216000";"78 64 64";"10000";"Участвует в конкурсе";"1562142";"—"
"799";"2";"—";"216000";"74 71 61";"10000";"Участвует в конкурсе";"2134409";"—"
"800";"2";"—";"216000";"70 75 61";"10000";"Участвует в конкурсе";"1414964";"—"
"801";"2";"—";"216000";"70 70 66";"10000";"Участвует в конкурсе";"1655708";"—"
"802";"2";"—";"216000";"64 67 75";"10000";"Участвует в конкурсе";"1213187";"—"
"803";"2";"—";"215000";"78 67 70";"—";"Участвует в конкурсе";"2141051";"—"
"804";"3";"—";"215000";"78 59 78";"—";"Участвует в конкурсе";"1269818";"—"
"805";"5";"—";"215000";"76 67 72";"—";"Участвует в конкурсе";"1354634";"—"
"806";"2";"—";"215000";"74 71 70";"—";"Участвует в конкурсе";"1724003";"—"
"807";"2";"—";"215000";"72 77 66";"—";"Участвует в конкурсе";"1845651";"—"
"808";"2";"—";"215000";"70 79 66";"—";"Участвует в конкурсе";"1964559";"—"
"809";"1";"—";"215000";"70 79 66";"—";"Участвует в конкурсе";"1987327";"—"
"810";"2";"—";"215000";"70 75 70";"—";"Участвует в конкурсе";"1559449";"—"
"811";"2";"—";"215000";"64 81 70";"—";"Участвует в конкурсе";"1325238";"—"
"812";"6";"—";"215000";"64 78 73";"—";"Участвует в конкурсе";"2068503";"—"
"813";"1";"—";"215000";"64 73 78";"—";"Участвует в конкурсе";"1784051";"—"
"814";"4";"—";"215000";"64 73 78";"—";"Участвует в конкурсе";"1386846";"—"
"815";"1";"—";"215000";"64 68 83";"—";"Участвует в конкурсе";"1944603";"—"
"816";"2";"—";"215000";"58 85 72";"—";"Участвует в конкурсе";"2039343";"—"
"817";"2";"—";"215000";"82 60 70";"3000";"Участвует в конкурсе";"982859";"—"
"819";"5";"—";"215000";"72 67 73";"3000";"Участвует в конкурсе";"2181810";"—"
"820";"5";"—";"215000";"70 79 63";"3000";"Участвует в конкурсе";"1518864";"—"
"821";"1";"—";"215000";"64 70 78";"3000";"Участвует в конкурсе";"1984468";"—"
"822";"3";"—";"215000";"70 68 73";"4000";"Участвует в конкурсе";"1424032";"—"
"824";"4";"—";"215000";"72 60 73";"10000";"Участвует в конкурсе";"1098856";"—"
"825";"2";"—";"215000";"72 52 81";"10000";"Участвует в конкурсе";"1985377";"—"
"826";"3";"—";"215000";"52 75 78";"10000";"Участвует в конкурсе";"1265087";"—"
"827";"5";"—";"214000";"82 68 64";"—";"Участвует в конкурсе";"1646110";"—"
"828";"2";"—";"214000";"82 62 70";"—";"Участвует в конкурсе";"962013";"—"
"829";"1";"—";"214000";"78 64 72";"—";"Участвует в конкурсе";"1587273";"—"
"830";"3";"—";"214000";"76 68 70";"—";"Участвует в конкурсе";"1197837";"—"
"831";"4";"—";"214000";"76 52 86";"—";"Участвует в конкурсе";"1149230";"—"
"832";"3";"—";"214000";"74 62 78";"—";"Участвует в конкурсе";"1319494";"—"
"833";"3";"—";"214000";"74 62 78";"—";"Участвует в конкурсе";"1793240";"—"
"834";"5";"—";"214000";"72 70 72";"—";"Участвует в конкурсе";"1497870";"—"
"835";"2";"—";"214000";"72 69 73";"—";"Участвует в конкурсе";"1181718";"—"
"836";"3";"—";"214000";"70 72 72";"—";"Участвует в конкурсе";"1596116";"—"
"837";"1";"—";"214000";"70 71 73";"—";"Участвует в конкурсе";"1005625";"—"
"838";"2";"—";"214000";"70 71 73";"—";"Участвует в конкурсе";"1286371";"—"
"839";"1";"Электронное";"214000";"70 63 81";"—";"Участвует в конкурсе";"1366617";"—"
"840";"1";"Электронное";"214000";"64 86 64";"—";"Участвует в конкурсе";"1429190";"—"
"841";"2";"—";"214000";"64 81 67";"2000";"Участвует в конкурсе";"1845575";"—"
"842";"3";"—";"214000";"84 72 55";"3000";"Участвует в конкурсе";"1691040";"—"
"843";"6";"—";"214000";"76 72 63";"3000";"Участвует в конкурсе";"1476680";"—"
"844";"2";"—";"214000";"76 65 70";"3000";"Участвует в конкурсе";"1443974";"—"
"845";"2";"—";"214000";"74 71 66";"3000";"Участвует в конкурсе";"1727293";"—"
"846";"2";"—";"214000";"74 68 69";"3000";"Участвует в конкурсе";"1043349";"—"
"847";"5";"—";"214000";"64 66 81";"3000";"Участвует в конкурсе";"1635457";"—"
"848";"1";"—";"214000";"80 52 78";"4000";"Участвует в конкурсе";"1941537";"—"
"849";"3";"—";"214000";"70 75 63";"6000";"Участвует в конкурсе";"1166315";"—"
"850";"2";"—";"214000";"70 64 73";"7000";"Участвует в конкурсе";"1503460";"—"
"851";"2";"—";"214000";"82 49 73";"10000";"Участвует в конкурсе";"1632632";"—"
"852";"1";"—";"214000";"76 62 66";"10000";"Участвует в конкурсе";"1903945";"—"
"853";"2";"—";"214000";"74 63 67";"10000";"Участвует в конкурсе";"1333858";"—"
"854";"4";"—";"214000";"70 76 58";"10000";"Участвует в конкурсе";"2305677";"—"
"855";"4";"—";"214000";"70 67 67";"10000";"Участвует в конкурсе";"1650486";"—"
"856";"2";"—";"214000";"70 62 72";"10000";"Участвует в конкурсе";"1493449";"—"
"857";"1";"—";"214000";"64 73 67";"10000";"Участвует в конкурсе";"1328109";"—"
"858";"1";"—";"213000";"82 71 60";"—";"Участвует в конкурсе";"1788440";"—"
"859";"2";"—";"213000";"82 64 67";"—";"Участвует в конкурсе";"2099449";"—"
"860";"3";"—";"213000";"80 64 69";"—";"Участвует в конкурсе";"1176671";"—"
"861";"2";"—";"213000";"78 72 63";"—";"Участвует в конкурсе";"1581651";"—"
"862";"6";"—";"213000";"74 72 67";"—";"Участвует в конкурсе";"1809705";"—"
"863";"1";"—";"213000";"74 67 72";"—";"Участвует в конкурсе";"1548581";"—"
"865";"1";"Электронное";"213000";"72 75 66";"—";"Участвует в конкурсе";"1202582";"—"
"866";"2";"—";"213000";"72 74 67";"—";"Участвует в конкурсе";"1619716";"—"
"868";"1";"—";"213000";"70 80 63";"—";"Участвует в конкурсе";"1500697";"—"
"869";"2";"—";"213000";"70 70 73";"—";"Участвует в конкурсе";"2248091";"—"
"870";"1";"—";"213000";"70 65 78";"—";"Участвует в конкурсе";"1199315";"—"
"871";"3";"—";"213000";"64 79 70";"—";"Участвует в конкурсе";"1978561";"—"
"872";"3";"—";"213000";"64 76 73";"—";"Участвует в конкурсе";"1359369";"—"
"874";"2";"—";"213000";"80 64 66";"3000";"Участвует в конкурсе";"2177859";"—"
"875";"1";"—";"213000";"80 49 81";"3000";"Участвует в конкурсе";"1850990";"—"
"876";"3";"—";"213000";"74 72 64";"3000";"Участвует в конкурсе";"1565407";"—"
"877";"3";"—";"213000";"74 72 64";"3000";"Участвует в конкурсе";"2054441";"—"
"878";"2";"—";"213000";"72 77 61";"3000";"Участвует в конкурсе";"2143084";"—"
"879";"1";"—";"213000";"70 71 69";"3000";"Участвует в конкурсе";"1645629";"—"
"880";"5";"—";"213000";"70 62 78";"3000";"Участвует в конкурсе";"1328821";"—"
"881";"1";"—";"213000";"64 77 69";"3000";"Участвует в конкурсе";"1549934";"—"
"883";"3";"—";"213000";"74 63 66";"10000";"Участвует в конкурсе";"1553161";"—"
"884";"2";"—";"213000";"70 67 66";"10000";"Участвует в конкурсе";"1555513";"—"
"885";"2";"—";"213000";"70 66 67";"10000";"Участвует в конкурсе";"1481674";"—"
"886";"2";"—";"213000";"70 63 70";"10000";"Участвует в конкурсе";"1352726";"—"
"887";"2";"—";"213000";"64 67 72";"10000";"Участвует в конкурсе";"1214487";"—"
"888";"3";"—";"212000";"78 64 70";"—";"Участвует в конкурсе";"1350793";"—"
"889";"5";"—";"212000";"78 64 70";"—";"Участвует в конкурсе";"1720122";"—"
"890";"2";"—";"212000";"78 62 72";"—";"Участвует в конкурсе";"1408082";"—"
"891";"2";"—";"212000";"76 70 66";"—";"Участвует в конкурсе";"1398983";"—"
"892";"5";"—";"212000";"76 67 69";"—";"Участвует в конкурсе";"1410135";"—"
"893";"2";"—";"212000";"76 64 72";"—";"Участвует в конкурсе";"1425929";"—"
"894";"5";"—";"212000";"76 64 72";"—";"Участвует в конкурсе";"1439673";"—"
"895";"2";"—";"212000";"74 81 57";"—";"Участвует в конкурсе";"1212964";"—"
"896";"4";"—";"212000";"74 72 66";"—";"Участвует в конкурсе";"2097646";"—"
"897";"1";"—";"212000";"74 66 72";"—";"Участвует в конкурсе";"1256080";"—"
"898";"5";"—";"212000";"74 66 72";"—";"Участвует в конкурсе";"1197412";"—"
"900";"3";"—";"212000";"72 70 70";"—";"Участвует в конкурсе";"1284957";"—"
"901";"3";"—";"212000";"70 75 67";"—";"Участвует в конкурсе";"2168546";"—"
"902";"2";"—";"212000";"70 72 70";"—";"Участвует в конкурсе";"2174452";"—"
"903";"2";"—";"212000";"70 72 70";"—";"Участвует в конкурсе";"2135734";"—"
"904";"3";"—";"212000";"70 70 72";"—";"Участвует в конкурсе";"2129918";"—"
"905";"8";"—";"212000";"70 67 75";"—";"Участвует в конкурсе";"1042924";"—"
"906";"1";"—";"212000";"64 75 73";"—";"Участвует в конкурсе";"1504169";"—"
"907";"1";"—";"212000";"58 81 73";"—";"Участвует в конкурсе";"1622110";"—"
"908";"2";"—";"212000";"72 80 58";"2000";"Участвует в конкурсе";"2271662";"—"
"909";"2";"—";"212000";"74 68 67";"3000";"Участвует в конкурсе";"1759246";"—"
"910";"1";"—";"212000";"72 79 58";"3000";"Участвует в конкурсе";"971602";"—"
"911";"2";"—";"212000";"72 79 58";"3000";"Участвует в конкурсе";"2340963";"—"
"912";"4";"—";"212000";"72 67 70";"3000";"Участвует в конкурсе";"1253265";"—"
"913";"1";"—";"212000";"70 66 73";"3000";"Участвует в конкурсе";"1260281";"—"
"915";"1";"Электронное";"212000";"64 75 70";"3000";"Участвует в конкурсе";"1101579";"—"
"916";"2";"—";"212000";"72 64 69";"7000";"Участвует в конкурсе";"1842163";"—"
"917";"2";"—";"212000";"72 66 64";"10000";"Участвует в конкурсе";"1206564";"—"
"919";"2";"—";"212000";"64 68 70";"10000";"Участвует в конкурсе";"1584184";"—"
"920";"5";"—";"211000";"82 63 66";"—";"Участвует в конкурсе";"1609778";"—"
"921";"2";"—";"211000";"80 62 69";"—";"Участвует в конкурсе";"1251660";"—"
"922";"4";"—";"211000";"80 59 72";"—";"Участвует в конкурсе";"1387619";"—"
"923";"3";"—";"211000";"78 66 67";"—";"Участвует в конкурсе";"1178680";"—"
"924";"1";"—";"211000";"74 79 58";"—";"Участвует в конкурсе";"2096831";"—"
"925";"3";"—";"211000";"74 74 63";"—";"Участвует в конкурсе";"2224392";"—"
"926";"6";"—";"211000";"74 70 67";"—";"Участвует в конкурсе";"1267818";"—"
"927";"2";"—";"211000";"74 70 67";"—";"Участвует в конкурсе";"1440416";"—"
"928";"1";"Электронное";"211000";"74 59 78";"—";"Участвует в конкурсе";"1203704";"—"
"929";"3";"Электронное";"211000";"72 61 78";"—";"Участвует в конкурсе";"1322767";"—"
"930";"2";"—";"211000";"70 75 66";"—";"Участвует в конкурсе";"1728961";"—"
"931";"1";"Электронное";"211000";"64 77 70";"—";"Участвует в конкурсе";"1270058";"—"
"932";"3";"—";"211000";"80 56 73";"2000";"Участвует в конкурсе";"1641756";"—"
"933";"2";"—";"211000";"82 62 64";"3000";"Участвует в конкурсе";"1625674";"—"
"934";"1";"Электронное";"211000";"74 59 75";"3000";"Участвует в конкурсе";"2092643";"—"
"935";"2";"—";"211000";"72 66 70";"3000";"Участвует в конкурсе";"1198427";"—"
"936";"1";"Электронное";"211000";"70 75 63";"3000";"Участвует в конкурсе";"1616859";"—"
"937";"1";"—";"211000";"74 63 69";"5000";"Участвует в конкурсе";"1383089";"—"
"938";"3";"—";"211000";"70 67 69";"5000";"Участвует в конкурсе";"1624508";"—"
"939";"1";"Электронное";"211000";"58 81 67";"5000";"Участвует в конкурсе";"1506375";"—"
"940";"3";"—";"211000";"74 63 64";"10000";"Участвует в конкурсе";"1715771";"—"
"942";"4";"—";"211000";"70 56 75";"10000";"Участвует в конкурсе";"2253596";"—"
"943";"2";"—";"211000";"64 70 67";"10000";"Участвует в конкурсе";"1514309";"—"
"944";"2";"—";"211000";"52 68 81";"10000";"Участвует в конкурсе";"2304241";"—"
"945";"1";"—";"210000";"80 69 61";"—";"Участвует в конкурсе";"1909206";"—"
"946";"1";"—";"210000";"78 60 72";"—";"Участвует в конкурсе";"2251909";"—"
"947";"1";"—";"210000";"76 71 63";"—";"Участвует в конкурсе";"1982211";"—"
"948";"3";"—";"210000";"76 70 64";"—";"Участвует в конкурсе";"1637994";"—"
"949";"2";"—";"210000";"76 67 67";"—";"Участвует в конкурсе";"1290673";"—"
"950";"2";"—";"210000";"76 62 72";"—";"Участвует в конкурсе";"1555052";"—"
"951";"1";"Электронное";"210000";"74 82 54";"—";"Участвует в конкурсе";"1522392";"—"
"952";"2";"—";"210000";"74 73 63";"—";"Участвует в конкурсе";"1902720";"—"
"953";"1";"—";"210000";"74 73 63";"—";"Участвует в конкурсе";"1996355";"—"
"954";"2";"—";"210000";"72 71 67";"—";"Участвует в конкурсе";"1612043";"—"
"955";"1";"—";"210000";"72 68 70";"—";"Участвует в конкурсе";"1166505";"—"
"956";"7";"—";"210000";"72 63 75";"—";"Участвует в конкурсе";"1238130";"—"
"958";"3";"—";"210000";"70 67 73";"—";"Участвует в конкурсе";"1757661";"—"
"959";"3";"Электронное";"210000";"70 62 78";"—";"Участвует в конкурсе";"1699669";"—"
"960";"1";"—";"210000";"64 77 69";"—";"Участвует в конкурсе";"1390532";"—"
"961";"3";"—";"210000";"64 65 81";"—";"Участвует в конкурсе";"1503427";"—"
"962";"3";"—";"210000";"58 80 72";"—";"Участвует в конкурсе";"1611784";"—"
"963";"1";"—";"210000";"58 77 75";"—";"Участвует в конкурсе";"2254595";"—"
"964";"2";"—";"210000";"72 75 61";"2000";"Участвует в конкурсе";"1467513";"—"
"965";"2";"—";"210000";"70 72 66";"2000";"Участвует в конкурсе";"1168093";"—"
"966";"5";"—";"210000";"78 60 69";"3000";"Участвует в конкурсе";"1626773";"—"
"967";"1";"—";"210000";"76 67 64";"3000";"Участвует в конкурсе";"2243494";"—"
"968";"2";"—";"210000";"76 59 72";"3000";"Участвует в конкурсе";"2167293";"—"
"969";"6";"—";"210000";"74 70 63";"3000";"Участвует в конкурсе";"1201411";"—"
"970";"5";"—";"210000";"74 67 66";"3000";"Участвует в конкурсе";"1004128";"—"
"971";"2";"—";"210000";"74 66 67";"3000";"Участвует в конкурсе";"1508500";"—"
"972";"2";"—";"210000";"72 75 60";"3000";"Участвует в конкурсе";"1361516";"—"
"973";"2";"—";"210000";"72 74 61";"3000";"Участвует в конкурсе";"1586334";"—"
"974";"8";"—";"210000";"64 71 72";"3000";"Участвует в конкурсе";"1446065";"—"
"975";"1";"—";"210000";"64 70 73";"3000";"Участвует в конкурсе";"1824402";"—"
"976";"2";"—";"210000";"58 68 81";"3000";"Участвует в конкурсе";"1999001";"—"
"977";"1";"—";"210000";"52 88 67";"3000";"Участвует в конкурсе";"2243395";"—"
"978";"1";"—";"210000";"70 72 63";"5000";"Участвует в конкурсе";"1536770";"—"
"979";"5";"—";"210000";"76 59 69";"6000";"Участвует в конкурсе";"1606848";"—"
"980";"2";"—";"210000";"72 67 61";"10000";"Участвует в конкурсе";"1555632";"—"
"981";"4";"—";"210000";"64 64 72";"10000";"Участвует в конкурсе";"1567400";"—"
"983";"2";"—";"209000";"84 62 63";"—";"Участвует в конкурсе";"1912031";"—"
"984";"5";"—";"209000";"78 67 64";"—";"Участвует в конкурсе";"1104933";"—"
"985";"3";"—";"209000";"78 64 67";"—";"Участвует в конкурсе";"1641479";"—"
"986";"5";"—";"209000";"78 64 67";"—";"Участвует в конкурсе";"1384656";"—"
"987";"3";"—";"209000";"78 62 69";"—";"Участвует в конкурсе";"1277900";"—"
"988";"1";"Электронное";"209000";"76 63 70";"—";"Участвует в конкурсе";"1402981";"—"
"989";"5";"—";"209000";"74 75 60";"—";"Участвует в конкурсе";"1353393";"—"
"990";"3";"—";"209000";"74 63 72";"—";"Участвует в конкурсе";"1374872";"—"
"991";"1";"—";"209000";"74 63 72";"—";"Участвует в конкурсе";"2091286";"—"
"992";"4";"—";"209000";"74 62 73";"—";"Участвует в конкурсе";"1988479";"—"
"993";"1";"Электронное";"209000";"72 77 60";"—";"Участвует в конкурсе";"1717896";"—"
"994";"1";"Электронное";"209000";"72 71 66";"—";"Участвует в конкурсе";"1514662";"—"
"995";"3";"—";"209000";"72 70 67";"—";"Участвует в конкурсе";"1772945";"—"
"998";"2";"—";"209000";"70 70 69";"—";"Участвует в конкурсе";"1432991";"—"
"999";"1";"—";"209000";"70 61 78";"—";"Участвует в конкурсе";"1844725";"—"
"1000";"1";"—";"209000";"64 76 69";"—";"Участвует в конкурсе";"1267100";"—"
"1001";"2";"—";"209000";"58 81 70";"—";"Участвует в конкурсе";"1563605";"—"
"1002";"2";"—";"209000";"58 70 81";"—";"Участвует в конкурсе";"1509055";"—"
"1003";"2";"—";"209000";"70 64 73";"2000";"Участвует в конкурсе";"1465109";"—"
"1004";"4";"—";"209000";"80 53 73";"3000";"Участвует в конкурсе";"1795449";"—"
"1005";"2";"—";"209000";"74 74 58";"3000";"Участвует в конкурсе";"2039907";"—"
"1006";"3";"—";"209000";"74 63 69";"3000";"Участвует в конкурсе";"2139933";"—"
"1007";"5";"—";"209000";"70 70 66";"3000";"Участвует в конкурсе";"1750612";"—"
"1008";"2";"—";"209000";"70 53 81";"5000";"Участвует в конкурсе";"1824861";"—"
"1009";"4";"—";"209000";"78 66 58";"7000";"Участвует в конкурсе";"1096674";"—"
"1010";"8";"—";"209000";"74 59 66";"10000";"Участвует в конкурсе";"1940671";"—"
"1011";"4";"—";"209000";"70 62 67";"10000";"Участвует в конкурсе";"2220651";"—"
"1012";"2";"—";"209000";"58 68 73";"10000";"Участвует в конкурсе";"1390143";"—"
"1013";"4";"—";"209000";"58 66 75";"10000";"Участвует в конкурсе";"1632553";"—"
"1014";"2";"—";"208000";"82 63 63";"—";"Участвует в конкурсе";"1291503";"—"
"1015";"2";"—";"208000";"76 60 72";"—";"Участвует в конкурсе";"1519762";"—"
"1016";"2";"—";"208000";"76 59 73";"—";"Участвует в конкурсе";"2303446";"—"
"1017";"4";"—";"208000";"72 70 66";"—";"Участвует в конкурсе";"1205032";"—"
"1018";"2";"—";"208000";"72 63 73";"—";"Участвует в конкурсе";"1713032";"—"
"1019";"4";"—";"208000";"72 55 81";"—";"Участвует в конкурсе";"2099396";"—"
"1020";"2";"—";"208000";"70 78 60";"—";"Участвует в конкурсе";"2347899";"—"
"1021";"2";"—";"208000";"70 75 63";"—";"Участвует в конкурсе";"1077970";"—"
"1023";"3";"—";"208000";"70 68 70";"—";"Участвует в конкурсе";"1272906";"—"
"1024";"2";"—";"208000";"70 60 78";"—";"Участвует в конкурсе";"2411921";"—"
"1025";"4";"—";"208000";"64 72 72";"—";"Участвует в конкурсе";"1350237";"—"
"1026";"1";"—";"208000";"58 77 73";"—";"Участвует в конкурсе";"1346951";"—"
"1027";"2";"—";"208000";"58 67 83";"—";"Участвует в конкурсе";"1751527";"—"
"1028";"1";"—";"208000";"52 83 73";"—";"Участвует в конкурсе";"1651496";"—"
"1030";"2";"—";"208000";"46 76 86";"—";"Участвует в конкурсе";"1583582";"—"
"1031";"2";"—";"208000";"78 66 61";"3000";"Участвует в конкурсе";"2264435";"—"
"1032";"3";"—";"208000";"76 75 54";"3000";"Участвует в конкурсе";"1593430";"—"
"1033";"4";"—";"208000";"76 62 67";"3000";"Участвует в конкурсе";"1586466";"—"
"1034";"4";"—";"208000";"74 64 67";"3000";"Участвует в конкурсе";"1578575";"—"
"1035";"8";"—";"208000";"74 62 69";"3000";"Участвует в конкурсе";"1843132";"—"
"1036";"4";"—";"208000";"74 62 69";"3000";"Участвует в конкурсе";"1560311";"—"
"1038";"3";"—";"208000";"72 60 73";"3000";"Участвует в конкурсе";"1788905";"—"
"1039";"2";"—";"208000";"78 55 70";"5000";"Участвует в конкурсе";"1531621";"—"
"1040";"4";"—";"208000";"70 66 67";"5000";"Участвует в конкурсе";"2289823";"—"
"1042";"3";"—";"208000";"58 67 75";"8000";"Участвует в конкурсе";"1119080";"—"
"1043";"2";"—";"208000";"74 55 69";"10000";"Участвует в конкурсе";"1997859";"—"
"1044";"2";"—";"208000";"72 62 64";"10000";"Участвует в конкурсе";"2305961";"—"
"1045";"5";"—";"208000";"70 59 69";"10000";"Участвует в конкурсе";"1310833";"—"
"1046";"1";"—";"207000";"80 63 64";"—";"Участвует в конкурсе";"2247140";"—"
"1047";"4";"—";"207000";"78 66 63";"—";"Участвует в конкурсе";"1585646";"—"
"1048";"2";"—";"207000";"74 69 64";"—";"Участвует в конкурсе";"1898827";"—"
"1049";"5";"—";"207000";"72 71 64";"—";"Участвует в конкурсе";"1409290";"—"
"1050";"2";"—";"207000";"72 71 64";"—";"Участвует в конкурсе";"1980128";"—"
"1051";"4";"—";"207000";"72 66 69";"—";"Участвует в конкурсе";"2264904";"—"
"1052";"2";"—";"207000";"72 62 73";"—";"Участвует в конкурсе";"1789017";"—"
"1053";"1";"—";"207000";"70 70 67";"—";"Участвует в конкурсе";"1365036";"—"
"1054";"1";"—";"207000";"70 68 69";"—";"Участвует в конкурсе";"1330680";"—"
"1055";"4";"—";"207000";"70 64 73";"—";"Участвует в конкурсе";"1497022";"—"
"1056";"3";"—";"207000";"70 59 78";"—";"Участвует в конкурсе";"2003782";"—"
"1057";"3";"—";"207000";"64 74 69";"—";"Участвует в конкурсе";"1027784";"—"
"1058";"1";"Электронное";"207000";"64 73 70";"—";"Участвует в конкурсе";"1835449";"—"
"1059";"3";"—";"207000";"64 62 81";"—";"Участвует в конкурсе";"1641648";"—"
"1060";"1";"—";"207000";"58 88 61";"—";"Участвует в конкурсе";"1560680";"—"
"1061";"6";"—";"207000";"78 57 70";"2000";"Участвует в конкурсе";"1611848";"—"
"1062";"2";"—";"207000";"76 59 70";"2000";"Участвует в конкурсе";"1363386";"—"
"1063";"2";"—";"207000";"74 59 72";"2000";"Участвует в конкурсе";"1437317";"—"
"1064";"1";"—";"207000";"72 78 55";"2000";"Участвует в конкурсе";"1551495";"—"
"1065";"4";"—";"207000";"72 63 69";"3000";"Участвует в конкурсе";"2090498";"—"
"1066";"1";"—";"207000";"72 62 70";"3000";"Участвует в конкурсе";"1511289";"—"
"1067";"2";"—";"207000";"72 60 72";"3000";"Участвует в конкурсе";"1403246";"—"
"1068";"3";"—";"207000";"70 80 54";"3000";"Участвует в конкурсе";"2416915";"—"
"1069";"4";"—";"207000";"70 68 66";"3000";"Участвует в конкурсе";"1246285";"—"
"1070";"3";"—";"207000";"70 67 67";"3000";"Участвует в конкурсе";"1255121";"—"
"1071";"4";"—";"207000";"70 65 69";"3000";"Участвует в конкурсе";"1563131";"—"
"1072";"6";"—";"207000";"70 64 70";"3000";"Участвует в конкурсе";"2090234";"—"
"1073";"1";"—";"207000";"70 62 72";"3000";"Участвует в конкурсе";"1728972";"—"
"1074";"2";"—";"207000";"64 71 69";"3000";"Участвует в конкурсе";"1232037";"—"
"1075";"1";"—";"207000";"64 67 73";"3000";"Участвует в конкурсе";"1519826";"—"
"1076";"4";"—";"207000";"52 86 66";"3000";"Участвует в конкурсе";"2386423";"—"
"1077";"2";"—";"207000";"74 57 70";"6000";"Участвует в конкурсе";"1515066";"—"
"1078";"1";"—";"207000";"74 57 66";"10000";"Участвует в конкурсе";"1892469";"—"
"1079";"4";"—";"207000";"64 60 73";"10000";"Участвует в конкурсе";"1489282";"—"
"1080";"2";"—";"206000";"84 59 63";"—";"Участвует в конкурсе";"1902997";"—"
"1081";"4";"—";"206000";"78 59 69";"—";"Участвует в конкурсе";"2016807";"—"
"1082";"4";"—";"206000";"76 60 70";"—";"Участвует в конкурсе";"1911937";"—"
"1083";"4";"—";"206000";"74 60 72";"—";"Участвует в конкурсе";"2099037";"—"
"1084";"4";"—";"206000";"74 59 73";"—";"Участвует в конкурсе";"1443803";"—"
"1085";"2";"—";"206000";"72 70 64";"—";"Сданы ВИ";"1250110";"—"
"1086";"2";"—";"206000";"72 70 64";"—";"Участвует в конкурсе";"2174211";"—"
"1087";"4";"—";"206000";"72 68 66";"—";"Участвует в конкурсе";"2245483";"—"
"1089";"1";"—";"206000";"72 56 78";"—";"Участвует в конкурсе";"1076488";"—"
"1090";"1";"—";"206000";"70 75 61";"—";"Участвует в конкурсе";"1563885";"—"
"1091";"6";"—";"206000";"70 72 64";"—";"Участвует в конкурсе";"1340845";"—"
"1092";"2";"—";"206000";"70 70 66";"—";"Участвует в конкурсе";"1654146";"—"
"1093";"3";"—";"206000";"70 63 73";"—";"Участвует в конкурсе";"1651164";"—"
"1095";"2";"—";"206000";"64 76 66";"—";"Участвует в конкурсе";"1214891";"—"
"1096";"3";"—";"206000";"64 72 70";"—";"Участвует в конкурсе";"2006299";"—"
"1098";"5";"—";"206000";"64 64 78";"—";"Участвует в конкурсе";"1714798";"—"
"1099";"3";"—";"206000";"58 79 69";"—";"Участвует в конкурсе";"1287002";"—"
"1100";"1";"—";"206000";"58 75 73";"—";"Участвует в конкурсе";"1345913";"—"
"1102";"1";"—";"206000";"52 71 83";"—";"Сданы ВИ";"1489908";"—"
"1103";"3";"—";"206000";"70 67 67";"2000";"Участвует в конкурсе";"1641934";"—"
"1104";"3";"—";"206000";"70 64 70";"2000";"Участвует в конкурсе";"1260291";"—"
"1105";"2";"—";"206000";"64 71 69";"2000";"Участвует в конкурсе";"1340229";"—"
"1106";"1";"Электронное";"206000";"74 80 49";"3000";"Участвует в конкурсе";"1526908";"—"
"1107";"1";"—";"206000";"72 70 61";"3000";"Участвует в конкурсе";"2372048";"—"
"1108";"2";"—";"206000";"70 62 69";"5000";"Участвует в конкурсе";"1512534";"—"
"1109";"3";"—";"206000";"58 77 66";"5000";"Участвует в конкурсе";"2275400";"—"
"1110";"2";"—";"206000";"72 60 64";"10000";"Участвует в конкурсе";"1441538";"—"
"1111";"1";"—";"206000";"70 51 75";"10000";"Участвует в конкурсе";"1245279";"—"
"1112";"1";"—";"206000";"64 59 73";"10000";"Участвует в конкурсе";"1239262";"—"
"1113";"2";"—";"206000";"46 84 66";"10000";"Участвует в конкурсе";"1506179";"—"
"1114";"5";"—";"205000";"82 60 63";"—";"Участвует в конкурсе";"1835362";"—"
"1115";"3";"—";"205000";"80 55 70";"—";"Участвует в конкурсе";"1580283";"—"
"1116";"3";"—";"205000";"78 64 63";"—";"Участвует в конкурсе";"1796398";"—"
"1117";"5";"—";"205000";"78 63 64";"—";"Участвует в конкурсе";"1915127";"—"
"1118";"3";"—";"205000";"76 68 61";"—";"Участвует в конкурсе";"1356221";"—"
"1119";"1";"—";"205000";"76 59 70";"—";"Участвует в конкурсе";"1698821";"—"
"1120";"2";"—";"205000";"76 54 75";"—";"Участвует в конкурсе";"1289153";"—"
"1121";"3";"—";"205000";"74 67 64";"—";"Участвует в конкурсе";"1712695";"—"
"1122";"3";"—";"205000";"74 59 72";"—";"Участвует в конкурсе";"2177111";"—"
"1123";"2";"—";"205000";"72 72 61";"—";"Участвует в конкурсе";"1205900";"—"
"1124";"3";"—";"205000";"72 67 66";"—";"Участвует в конкурсе";"1713807";"—"
"1125";"4";"—";"205000";"72 66 67";"—";"Участвует в конкурсе";"1567566";"—"
"1126";"2";"—";"205000";"70 72 63";"—";"Участвует в конкурсе";"1446489";"—"
"1127";"1";"—";"205000";"70 71 64";"—";"Участвует в конкурсе";"1555686";"—"
"1128";"3";"—";"205000";"70 68 67";"—";"Участвует в конкурсе";"1297185";"—"
"1129";"1";"Электронное";"205000";"70 63 72";"—";"Участвует в конкурсе";"1040921";"—"
"1130";"2";"—";"205000";"70 63 72";"—";"Участвует в конкурсе";"1712475";"—"
"1131";"4";"—";"205000";"64 74 67";"—";"Участвует в конкурсе";"1893355";"—"
"1132";"2";"—";"205000";"64 71 70";"—";"Участвует в конкурсе";"1240696";"—"
"1133";"3";"—";"205000";"70 64 69";"2000";"Участвует в конкурсе";"1519449";"—"
"1134";"1";"—";"205000";"70 64 69";"2000";"Участвует в конкурсе";"2049233";"—"
"1135";"1";"Электронное";"205000";"58 73 72";"2000";"Участвует в конкурсе";"1610556";"—"
"1136";"1";"—";"205000";"76 59 67";"3000";"Участвует в конкурсе";"1291113";"—"
"1137";"1";"—";"205000";"74 56 72";"3000";"Участвует в конкурсе";"1931119";"—"
"1138";"3";"—";"205000";"70 68 64";"3000";"Участвует в конкурсе";"1190034";"—"
"1139";"2";"—";"205000";"70 59 73";"3000";"Участвует в конкурсе";"2416616";"—"
"1140";"1";"—";"205000";"52 86 64";"3000";"Участвует в конкурсе";"1598446";"—"
"1141";"1";"—";"205000";"70 69 61";"5000";"Участвует в конкурсе";"1612561";"—"
"1142";"2";"—";"205000";"64 58 73";"10000";"Участвует в конкурсе";"1332062";"—"
"1143";"1";"—";"204000";"92 49 63";"—";"Участвует в конкурсе";"1783158";"—"
"1144";"2";"—";"204000";"90 51 63";"—";"Участвует в конкурсе";"1129974";"—"
"1146";"1";"—";"204000";"76 70 58";"—";"Участвует в конкурсе";"2043611";"—"
"1147";"2";"—";"204000";"76 59 69";"—";"Участвует в конкурсе";"1600017";"—"
"1148";"5";"—";"204000";"74 72 58";"—";"Участвует в конкурсе";"1038138";"—"
"1149";"3";"—";"204000";"74 60 70";"—";"Участвует в конкурсе";"1404912";"—"
"1150";"4";"—";"204000";"72 71 61";"—";"Участвует в конкурсе";"2182264";"—"
"1151";"2";"—";"204000";"72 63 69";"—";"Участвует в конкурсе";"2261648";"—"
"1152";"4";"—";"204000";"72 62 70";"—";"Участвует в конкурсе";"1868295";"—"
"1153";"3";"—";"204000";"72 60 72";"—";"Участвует в конкурсе";"1163568";"—"
"1154";"1";"Электронное";"204000";"70 80 54";"—";"Участвует в конкурсе";"1197467";"—"
"1155";"3";"—";"204000";"70 74 60";"—";"Участвует в конкурсе";"1648175";"—"
"1156";"2";"—";"204000";"70 67 67";"—";"Участвует в конкурсе";"1090961";"—"
"1157";"1";"—";"204000";"64 71 69";"—";"Участвует в конкурсе";"1487800";"—"
"1158";"2";"—";"204000";"70 62 70";"2000";"Участвует в конкурсе";"2047705";"—"
"1159";"1";"—";"204000";"64 66 72";"2000";"Участвует в конкурсе";"1599083";"—"
"1160";"5";"—";"204000";"80 52 69";"3000";"Участвует в конкурсе";"1305738";"—"
"1161";"1";"—";"204000";"80 51 70";"3000";"Участвует в конкурсе";"1914176";"—"
"1162";"3";"—";"204000";"74 64 63";"3000";"Участвует в конкурсе";"2092556";"—"
"1163";"6";"—";"204000";"72 66 63";"3000";"Участвует в конкурсе";"1197226";"—"
"1164";"4";"—";"204000";"70 64 67";"3000";"Участвует в конкурсе";"1279186";"—"
"1165";"7";"—";"204000";"70 64 67";"3000";"Участвует в конкурсе";"1167671";"—"
"1166";"3";"—";"204000";"64 71 66";"3000";"Участвует в конкурсе";"1398045";"—"
"1167";"6";"—";"204000";"72 66 58";"8000";"Участвует в конкурсе";"2090134";"—"
"1168";"2";"—";"204000";"64 57 75";"8000";"Участвует в конкурсе";"1203016";"—"
"1169";"6";"—";"204000";"58 66 70";"10000";"Участвует в конкурсе";"1557514";"—"
"1170";"2";"—";"203000";"80 45 78";"—";"Участвует в конкурсе";"1171262";"—"
"1171";"2";"—";"203000";"78 70 55";"—";"Участвует в конкурсе";"2182378";"—"
"1172";"3";"—";"203000";"78 64 61";"—";"Участвует в конкурсе";"1355307";"—"
"1173";"2";"—";"203000";"78 62 63";"—";"Участвует в конкурсе";"1433064";"—"
"1174";"4";"—";"203000";"74 63 66";"—";"Участвует в конкурсе";"1787168";"—"
"1175";"1";"Электронное";"203000";"72 71 60";"—";"Участвует в конкурсе";"1290061";"—"
"1176";"6";"—";"203000";"72 70 61";"—";"Участвует в конкурсе";"1557232";"—"
"1177";"4";"—";"203000";"72 56 75";"—";"Участвует в конкурсе";"1585879";"—"
"1178";"2";"—";"203000";"70 76 57";"—";"Участвует в конкурсе";"1906884";"—"
"1179";"1";"—";"203000";"70 70 63";"—";"Участвует в конкурсе";"1567960";"—"
"1180";"6";"—";"203000";"70 70 63";"—";"Участвует в конкурсе";"2131489";"—"
"1181";"3";"—";"203000";"70 67 66";"—";"Участвует в конкурсе";"1999409";"—"
"1182";"2";"—";"203000";"70 63 70";"—";"Участвует в конкурсе";"1410078";"—"
"1183";"2";"—";"203000";"70 63 70";"—";"Участвует в конкурсе";"2266208";"—"
"1184";"2";"—";"203000";"64 81 58";"—";"Участвует в конкурсе";"1715207";"—"
"1185";"2";"—";"203000";"64 75 64";"—";"Участвует в конкурсе";"1427117";"—"
"1186";"3";"—";"203000";"58 75 70";"—";"Участвует в конкурсе";"1368007";"—"
"1187";"3";"—";"203000";"58 64 81";"—";"Участвует в конкурсе";"2361354";"—"
"1188";"2";"—";"203000";"76 60 64";"3000";"Участвует в конкурсе";"1470778";"—"
"1189";"1";"Электронное";"203000";"74 63 63";"3000";"Участвует в конкурсе";"1290571";"—"
"1190";"3";"—";"203000";"70 72 58";"3000";"Участвует в конкурсе";"1948634";"—"
"1191";"4";"—";"203000";"70 60 70";"3000";"Участвует в конкурсе";"1200146";"—"
"1192";"3";"—";"203000";"74 47 72";"10000";"Участвует в конкурсе";"1033838";"—"
"1193";"2";"—";"203000";"70 63 60";"10000";"Участвует в конкурсе";"1991945";"—"
"1195";"3";"—";"203000";"64 59 70";"10000";"Участвует в конкурсе";"2126012";"—"
"1196";"6";"—";"203000";"58 68 67";"10000";"Участвует в конкурсе";"1392832";"—"
"1197";"2";"—";"203000";"58 62 73";"10000";"Участвует в конкурсе";"1091522";"—"
"1198";"3";"—";"203000";"46 80 67";"10000";"Участвует в конкурсе";"2261999";"—"
"1199";"2";"—";"202000";"80 55 67";"—";"Участвует в конкурсе";"1767887";"—"
"1200";"2";"—";"202000";"76 59 67";"—";"Участвует в конкурсе";"1650078";"—"
"1201";"3";"—";"202000";"74 71 57";"—";"Участвует в конкурсе";"1963966";"—"
"1202";"6";"—";"202000";"74 68 60";"—";"Участвует в конкурсе";"1204292";"—"
"1203";"2";"—";"202000";"74 67 61";"—";"Участвует в конкурсе";"2248857";"—"
"1204";"2";"—";"202000";"74 64 64";"—";"Участвует в конкурсе";"1265857";"—"
"1205";"2";"—";"202000";"74 62 66";"—";"Участвует в конкурсе";"1621475";"—"
"1206";"2";"—";"202000";"74 62 66";"—";"Участвует в конкурсе";"1748083";"—"
"1207";"1";"—";"202000";"74 59 69";"—";"Участвует в конкурсе";"1419124";"—"
"1208";"2";"—";"202000";"74 56 72";"—";"Участвует в конкурсе";"1916265";"—"
"1209";"2";"—";"202000";"72 70 60";"—";"Участвует в конкурсе";"1617702";"—"
"1210";"6";"—";"202000";"72 67 63";"—";"Участвует в конкурсе";"1577336";"—"
"1211";"1";"—";"202000";"72 63 67";"—";"Участвует в конкурсе";"1977592";"—"
"1212";"3";"—";"202000";"70 75 57";"—";"Участвует в конкурсе";"1176592";"—"
"1213";"4";"—";"202000";"70 75 57";"—";"Участвует в конкурсе";"1198508";"—"
"1214";"2";"—";"202000";"70 69 63";"—";"Участвует в конкурсе";"1197864";"—"
"1215";"1";"—";"202000";"70 66 66";"—";"Участвует в конкурсе";"1622270";"—"
"1216";"1";"—";"202000";"70 59 73";"—";"Участвует в конкурсе";"1251827";"—"
"1217";"1";"—";"202000";"64 71 67";"—";"Участвует в конкурсе";"2400815";"—"
"1218";"4";"—";"202000";"64 68 70";"—";"Участвует в конкурсе";"1257803";"—"
"1219";"1";"—";"202000";"64 63 75";"—";"Участвует в конкурсе";"2048758";"—"
"1220";"1";"—";"202000";"52 78 72";"—";"Участвует в конкурсе";"1435036";"—"
"1221";"2";"—";"202000";"52 75 75";"—";"Участвует в конкурсе";"2390794";"—"
"1222";"3";"—";"202000";"64 76 60";"2000";"Участвует в конкурсе";"1443812";"—"
"1223";"2";"—";"202000";"58 81 61";"2000";"Участвует в конкурсе";"1438944";"—"
"1224";"2";"—";"202000";"72 64 63";"3000";"Участвует в конкурсе";"1714046";"—"
"1225";"3";"—";"202000";"70 60 69";"3000";"Участвует в конкурсе";"1349944";"—"
"1226";"1";"—";"202000";"70 60 69";"3000";"Участвует в конкурсе";"1834615";"—"
"1227";"3";"—";"202000";"70 59 70";"3000";"Участвует в конкурсе";"1601135";"—"
"1228";"4";"—";"202000";"74 51 72";"5000";"Участвует в конкурсе";"2040117";"—"
"1229";"5";"—";"202000";"78 51 63";"10000";"Участвует в конкурсе";"2255586";"—"
"1230";"6";"—";"202000";"72 66 54";"10000";"Участвует в конкурсе";"1577829";"—"
"1231";"3";"—";"202000";"64 55 73";"10000";"Участвует в конкурсе";"1326694";"—"
"1232";"6";"—";"202000";"58 64 70";"10000";"Участвует в конкурсе";"1578535";"—"
"1233";"1";"—";"202000";"46 79 67";"10000";"Участвует в конкурсе";"1521155";"—"
"1234";"3";"—";"201000";"78 66 57";"—";"Участвует в конкурсе";"2345053";"—"
"1235";"3";"—";"201000";"78 57 66";"—";"Участвует в конкурсе";"2085872";"—"
"1236";"2";"—";"201000";"76 64 61";"—";"Участвует в конкурсе";"2246489";"—"
"1237";"3";"—";"201000";"74 63 64";"—";"Участвует в конкурсе";"1086080";"—"
"1238";"5";"—";"201000";"72 72 57";"—";"Участвует в конкурсе";"1841755";"—"
"1239";"1";"—";"201000";"72 66 63";"—";"Участвует в конкурсе";"1265123";"—"
"1240";"1";"—";"201000";"72 62 67";"—";"Участвует в конкурсе";"1226585";"—"
"1241";"1";"Электронное";"201000";"70 58 73";"—";"Участвует в конкурсе";"1896824";"—"
"1242";"2";"—";"201000";"64 68 69";"—";"Участвует в конкурсе";"1606863";"—"
"1243";"1";"Электронное";"201000";"64 64 73";"—";"Участвует в конкурсе";"1058834";"—"
"1244";"2";"—";"201000";"64 64 73";"—";"Участвует в конкурсе";"1430293";"—"
"1245";"6";"—";"201000";"64 59 78";"—";"Участвует в конкурсе";"1066339";"—"
"1246";"2";"—";"201000";"64 51 86";"—";"Участвует в конкурсе";"2361028";"—"
"1247";"5";"—";"201000";"58 89 54";"—";"Участвует в конкурсе";"961180";"—"
"1248";"2";"—";"201000";"58 86 57";"—";"Участвует в конкурсе";"1904492";"—"
"1249";"1";"—";"201000";"72 66 61";"2000";"Участвует в конкурсе";"1212733";"—"
"1250";"6";"—";"201000";"72 64 63";"2000";"Участвует в конкурсе";"2254771";"—"
"1251";"3";"Электронное";"201000";"76 52 70";"3000";"Участвует в конкурсе";"1181153";"—"
"1252";"5";"—";"201000";"74 57 67";"3000";"Участвует в конкурсе";"1575918";"—"
"1253";"1";"—";"201000";"72 68 58";"3000";"Участвует в конкурсе";"831111";"—"
"1254";"1";"—";"201000";"70 67 61";"3000";"Участвует в конкурсе";"1325108";"—"
"1255";"2";"—";"201000";"70 64 64";"3000";"Участвует в конкурсе";"1190311";"—"
"1256";"2";"—";"201000";"70 62 66";"3000";"Участвует в конкурсе";"2222697";"—"
"1257";"2";"—";"201000";"64 67 67";"3000";"Участвует в конкурсе";"1625470";"—"
"1258";"2";"—";"201000";"58 71 69";"3000";"Участвует в конкурсе";"1171298";"—"
"1259";"1";"—";"201000";"58 71 69";"3000";"Участвует в конкурсе";"1457452";"—"
"1260";"2";"—";"201000";"58 70 70";"3000";"Участвует в конкурсе";"1383035";"—"
"1261";"3";"—";"201000";"74 59 63";"5000";"Участвует в конкурсе";"1386021";"—"
"1262";"2";"—";"201000";"64 62 67";"8000";"Участвует в конкурсе";"1879857";"—"
"1263";"2";"—";"201000";"70 48 73";"10000";"Участвует в конкурсе";"1105147";"—"
"1264";"3";"—";"201000";"64 64 63";"10000";"Участвует в конкурсе";"2246776";"—"
"1265";"2";"—";"201000";"64 60 67";"10000";"Участвует в конкурсе";"1124222";"—"
"1266";"1";"Электронное";"201000";"64 58 69";"10000";"Участвует в конкурсе";"2174772";"—"
"1267";"1";"—";"201000";"58 67 66";"10000";"Участвует в конкурсе";"1573931";"—"
"1268";"1";"—";"201000";"52 70 69";"10000";"Участвует в конкурсе";"1024491";"—"
"1269";"5";"—";"200000";"80 57 63";"—";"Участвует в конкурсе";"1904040";"—"
"1270";"6";"—";"200000";"78 56 66";"—";"Участвует в конкурсе";"1986603";"—"
"1271";"1";"Электронное";"200000";"78 55 67";"—";"Участвует в конкурсе";"1840860";"—"
"1272";"1";"—";"200000";"76 61 63";"—";"Участвует в конкурсе";"1337047";"—"
"1273";"2";"—";"200000";"76 57 67";"—";"Участвует в конкурсе";"1560428";"—"
"1274";"5";"—";"200000";"74 71 55";"—";"Участвует в конкурсе";"1243554";"—"
"1275";"6";"—";"200000";"74 63 63";"—";"Участвует в конкурсе";"2037151";"—"
"1276";"2";"—";"200000";"74 60 66";"—";"Участвует в конкурсе";"1039786";"—"
"1277";"5";"—";"200000";"74 56 70";"—";"Участвует в конкурсе";"2076677";"—"
"1278";"3";"—";"200000";"74 56 70";"—";"Участвует в конкурсе";"2273684";"—"
"1279";"2";"—";"200000";"72 64 64";"—";"Участвует в конкурсе";"2043829";"—"
"1280";"7";"—";"200000";"72 59 69";"—";"Участвует в конкурсе";"1797532";"—"
"1281";"2";"—";"200000";"72 45 83";"—";"Участвует в конкурсе";"2139982";"—"
"1282";"3";"—";"200000";"70 67 63";"—";"Участвует в конкурсе";"1258311";"—"
"1283";"1";"—";"200000";"70 64 66";"—";"Участвует в конкурсе";"1434691";"—"
"1284";"3";"—";"200000";"70 63 67";"—";"Участвует в конкурсе";"1204583";"—"
"1285";"3";"—";"200000";"70 61 69";"—";"Участвует в конкурсе";"1387777";"—"
"1286";"5";"—";"200000";"70 57 73";"—";"Участвует в конкурсе";"1702917";"—"
"1287";"3";"—";"200000";"64 78 58";"—";"Участвует в конкурсе";"1348855";"—"
"1288";"5";"—";"200000";"64 66 70";"—";"Участвует в конкурсе";"1399435";"—"
"1289";"2";"—";"200000";"64 63 73";"—";"Участвует в конкурсе";"2007097";"—"
"1290";"1";"—";"200000";"58 72 70";"—";"Участвует в конкурсе";"1566747";"—"
"1291";"1";"—";"200000";"58 64 78";"—";"Участвует в конкурсе";"1476340";"—"
"1292";"3";"—";"200000";"78 64 55";"3000";"Участвует в конкурсе";"1936480";"—"
"1293";"1";"—";"200000";"72 67 58";"3000";"Участвует в конкурсе";"1436403";"—"
"1294";"3";"—";"200000";"72 62 63";"3000";"Участвует в конкурсе";"1191909";"—"
"1295";"3";"—";"200000";"64 73 60";"3000";"Участвует в конкурсе";"2084930";"—"
"1296";"2";"—";"200000";"64 63 70";"3000";"Участвует в конкурсе";"1123543";"—"
"1297";"6";"—";"200000";"64 63 70";"3000";"Участвует в конкурсе";"1462700";"—"
"1298";"3";"—";"200000";"64 61 72";"3000";"Участвует в конкурсе";"1620029";"—"
"1299";"3";"—";"200000";"58 64 75";"3000";"Участвует в конкурсе";"2222656";"—"
"1300";"3";"—";"200000";"70 66 55";"9000";"Участвует в конкурсе";"1195780";"—"
"1302";"2";"—";"200000";"64 65 61";"10000";"Участвует в конкурсе";"1367998";"—"
"1303";"5";"—";"200000";"58 62 70";"10000";"Участвует в конкурсе";"1632868";"—"
"1304";"2";"—";"200000";"52 72 66";"10000";"Участвует в конкурсе";"2227683";"—"
"1305";"2";"—";"200000";"46 72 72";"10000";"Участвует в конкурсе";"1586805";"—"
"1306";"2";"—";"199000";"78 57 64";"—";"Участвует в конкурсе";"1986389";"—"
"1308";"2";"—";"199000";"74 68 57";"—";"Участвует в конкурсе";"2097332";"—"
"1309";"2";"—";"199000";"74 64 61";"—";"Участвует в конкурсе";"1366645";"—"
"1312";"1";"—";"199000";"74 53 72";"—";"Участвует в конкурсе";"2267377";"—"
"1314";"1";"—";"199000";"72 63 64";"—";"Участвует в конкурсе";"1251048";"—"
"1315";"1";"—";"199000";"70 63 66";"—";"Участвует в конкурсе";"1090626";"—"
"1316";"2";"—";"199000";"70 62 67";"—";"Участвует в конкурсе";"1627633";"—"
"1317";"1";"—";"199000";"70 60 69";"—";"Участвует в конкурсе";"2265052";"—"
"1318";"2";"—";"199000";"70 59 70";"—";"Участвует в конкурсе";"971753";"—"
"1319";"2";"—";"199000";"64 74 61";"—";"Участвует в конкурсе";"2212501";"—"
"1320";"5";"—";"199000";"64 66 69";"—";"Участвует в конкурсе";"1632727";"—"
"1321";"3";"—";"199000";"58 72 69";"—";"Участвует в конкурсе";"1909067";"—"
"1322";"1";"—";"199000";"52 84 63";"—";"Участвует в конкурсе";"1483770";"—"
"1323";"1";"—";"199000";"76 63 58";"2000";"Участвует в конкурсе";"1970841";"—"
"1324";"2";"—";"199000";"78 55 63";"3000";"Участвует в конкурсе";"1307156";"—"
"1325";"2";"—";"199000";"72 57 67";"3000";"Участвует в конкурсе";"2257406";"—"
"1326";"3";"—";"199000";"70 57 69";"3000";"Участвует в конкурсе";"1520718";"—"
"1327";"7";"—";"199000";"70 48 78";"3000";"Участвует в конкурсе";"2242857";"—"
"1328";"2";"—";"199000";"64 71 61";"3000";"Участвует в конкурсе";"1798896";"—"
"1329";"6";"—";"199000";"64 62 70";"3000";"Участвует в конкурсе";"1347471";"—"
"1330";"1";"Электронное";"199000";"64 60 72";"3000";"Участвует в конкурсе";"1180336";"—"
"1331";"2";"—";"199000";"52 63 81";"3000";"Участвует в конкурсе";"1316799";"—"
"1332";"1";"Электронное";"199000";"72 56 66";"5000";"Участвует в конкурсе";"2176133";"—"
"1333";"7";"—";"199000";"74 51 64";"10000";"Участвует в конкурсе";"1730690";"—"
"1334";"2";"—";"199000";"74 48 67";"10000";"Участвует в конкурсе";"1969008";"—"
"1335";"3";"—";"199000";"72 54 63";"10000";"Участвует в конкурсе";"2172386";"—"
"1336";"3";"—";"199000";"70 56 63";"10000";"Участвует в конкурсе";"1253655";"—"
"1337";"3";"—";"199000";"58 67 64";"10000";"Участвует в конкурсе";"1416046";"—"
"1338";"3";"—";"199000";"58 67 64";"10000";"Участвует в конкурсе";"1566390";"—"
"1339";"2";"—";"199000";"46 70 73";"10000";"Участвует в конкурсе";"1283434";"—"
"1340";"3";"—";"198000";"78 59 61";"—";"Участвует в конкурсе";"1911302";"—"
"1341";"1";"—";"198000";"76 70 52";"—";"Участвует в конкурсе";"1871676";"—"
"1343";"7";"—";"198000";"76 62 60";"—";"Участвует в конкурсе";"1426192";"—"
"1344";"3";"—";"198000";"74 64 60";"—";"Участвует в конкурсе";"1767058";"—"
"1345";"6";"—";"198000";"74 52 72";"—";"Участвует в конкурсе";"2184327";"—"
"1346";"4";"—";"198000";"72 63 63";"—";"Участвует в конкурсе";"1893252";"—"
"1347";"1";"—";"198000";"72 60 66";"—";"Участвует в конкурсе";"1427013";"—"
"1348";"2";"—";"198000";"70 67 61";"—";"Участвует в конкурсе";"1198671";"—"
"1349";"5";"—";"198000";"70 67 61";"—";"Участвует в конкурсе";"2180686";"—"
"1350";"2";"—";"198000";"70 64 64";"—";"Участвует в конкурсе";"2001585";"—"
"1351";"3";"—";"198000";"64 71 63";"—";"Участвует в конкурсе";"1176300";"—"
"1352";"4";"—";"198000";"64 65 69";"—";"Участвует в конкурсе";"997327";"—"
"1353";"2";"—";"198000";"64 65 69";"—";"Участвует в конкурсе";"1233795";"—"
"1355";"8";"—";"198000";"64 61 73";"—";"Участвует в конкурсе";"1721662";"—"
"1356";"1";"—";"198000";"58 82 58";"—";"Участвует в конкурсе";"1497312";"—"
"1358";"2";"—";"198000";"58 59 81";"—";"Участвует в конкурсе";"2001910";"—"
"1359";"2";"—";"198000";"76 59 61";"2000";"Участвует в конкурсе";"1653173";"—"
"1360";"1";"Электронное";"198000";"82 52 61";"3000";"Участвует в конкурсе";"1729648";"—"
"1361";"3";"—";"198000";"72 59 64";"3000";"Участвует в конкурсе";"2101316";"—"
"1362";"1";"—";"198000";"70 62 63";"3000";"Участвует в конкурсе";"1358538";"—"
"1363";"2";"—";"198000";"64 68 63";"3000";"Участвует в конкурсе";"1252851";"—"
"1364";"2";"—";"198000";"64 68 63";"3000";"Участвует в конкурсе";"1636631";"—"
"1365";"5";"—";"198000";"64 62 69";"3000";"Участвует в конкурсе";"1464399";"—"
"1366";"4";"—";"198000";"76 64 52";"6000";"Участвует в конкурсе";"1207480";"—"
"1367";"2";"—";"198000";"74 48 67";"9000";"Участвует в конкурсе";"2316891";"—"
"1368";"1";"—";"198000";"70 48 70";"10000";"Участвует в конкурсе";"1261701";"—"
"1369";"4";"—";"197000";"78 70 49";"—";"Участвует в конкурсе";"1912823";"—"
"1370";"3";"—";"197000";"78 49 70";"—";"Участвует в конкурсе";"1182607";"—"
"1371";"1";"—";"197000";"76 57 64";"—";"Участвует в конкурсе";"2044051";"—"
"1372";"6";"—";"197000";"74 75 48";"—";"Участвует в конкурсе";"1648866";"—"
"1373";"5";"—";"197000";"74 68 55";"—";"Участвует в конкурсе";"1519886";"—"
"1374";"3";"—";"197000";"74 62 61";"—";"Участвует в конкурсе";"2100694";"—"
"1375";"2";"—";"197000";"74 56 67";"—";"Участвует в конкурсе";"1855459";"—"
"1376";"2";"—";"197000";"74 54 69";"—";"Участвует в конкурсе";"1519664";"—"
"1377";"1";"—";"197000";"72 67 58";"—";"Участвует в конкурсе";"1207133";"—"
"1378";"4";"—";"197000";"72 62 63";"—";"Участвует в конкурсе";"959387";"—"
"1379";"4";"—";"197000";"72 61 64";"—";"Участвует в конкурсе";"2255105";"—"
"1381";"2";"—";"197000";"70 64 63";"—";"Участвует в конкурсе";"1816595";"—"
"1382";"2";"—";"197000";"70 63 64";"—";"Участвует в конкурсе";"1432617";"—"
"1383";"5";"—";"197000";"70 61 66";"—";"Участвует в конкурсе";"1167119";"—"
"1384";"1";"—";"197000";"70 55 72";"—";"Участвует в конкурсе";"1242724";"—"
"1385";"1";"Электронное";"197000";"70 54 73";"—";"Участвует в конкурсе";"1642814";"—"
"1386";"3";"—";"197000";"70 52 75";"—";"Участвует в конкурсе";"1605934";"—"
"1387";"4";"—";"197000";"64 75 58";"—";"Участвует в конкурсе";"1205408";"—"
"1388";"1";"—";"197000";"64 70 63";"—";"Участвует в конкурсе";"1641575";"—"
"1389";"1";"—";"197000";"64 63 70";"—";"Участвует в конкурсе";"1179571";"—"
"1390";"2";"—";"197000";"64 61 72";"—";"Участвует в конкурсе";"1320786";"—"
"1391";"3";"—";"197000";"64 55 78";"—";"Участвует в конкурсе";"1165814";"—"
"1392";"1";"—";"197000";"58 67 72";"—";"Участвует в конкурсе";"1509895";"—"
"1393";"2";"—";"197000";"40 76 81";"—";"Участвует в конкурсе";"2312210";"—"
"1395";"1";"—";"197000";"72 57 66";"2000";"Участвует в конкурсе";"1205331";"—"
"1396";"4";"—";"197000";"70 59 66";"2000";"Участвует в конкурсе";"1618641";"—"
"1397";"4";"—";"197000";"80 45 69";"3000";"Участвует в конкурсе";"2197772";"—"
"1398";"2";"—";"197000";"74 59 61";"3000";"Участвует в конкурсе";"1446116";"—"
"1399";"2";"—";"197000";"70 54 70";"3000";"Участвует в конкурсе";"1493719";"—"
"1400";"1";"—";"197000";"64 55 75";"3000";"Участвует в конкурсе";"1199519";"—"
"1401";"3";"—";"197000";"74 54 64";"5000";"Участвует в конкурсе";"1886881";"—"
"1402";"2";"—";"197000";"70 51 66";"10000";"Участвует в конкурсе";"2230538";"—"
"1403";"2";"—";"197000";"58 63 66";"10000";"Участвует в конкурсе";"1617818";"—"
"1404";"3";"—";"196000";"78 60 58";"—";"Участвует в конкурсе";"959335";"—"
"1405";"2";"—";"196000";"78 55 63";"—";"Участвует в конкурсе";"1694286";"—"
"1406";"2";"—";"196000";"76 60 60";"—";"Участвует в конкурсе";"2096602";"—"
"1407";"2";"—";"196000";"76 56 64";"—";"Участвует в конкурсе";"1830591";"—"
"1408";"1";"—";"196000";"74 59 63";"—";"Участвует в конкурсе";"1292806";"—"
"1409";"2";"—";"196000";"74 56 66";"—";"Участвует в конкурсе";"1433702";"—"
"1410";"3";"—";"196000";"72 67 57";"—";"Участвует в конкурсе";"1321274";"—"
"1411";"2";"—";"196000";"72 64 60";"—";"Участвует в конкурсе";"1278718";"—"
"1412";"6";"—";"196000";"72 63 61";"—";"Участвует в конкурсе";"1613362";"—"
"1413";"3";"—";"196000";"72 55 69";"—";"Участвует в конкурсе";"2224805";"—"
"1414";"5";"—";"196000";"70 71 55";"—";"Участвует в конкурсе";"1356927";"—"
"1415";"5";"—";"196000";"70 68 58";"—";"Участвует в конкурсе";"1176465";"—"
"1416";"3";"—";"196000";"70 63 63";"—";"Участвует в конкурсе";"1643523";"—"
"1417";"2";"—";"196000";"70 63 63";"—";"Участвует в конкурсе";"1649699";"—"
"1418";"1";"Электронное";"196000";"70 56 70";"—";"Участвует в конкурсе";"2314505";"—"
"1419";"2";"—";"196000";"70 48 78";"—";"Участвует в конкурсе";"2288318";"—"
"1420";"1";"—";"196000";"64 75 57";"—";"Участвует в конкурсе";"1358910";"—"
"1421";"2";"—";"196000";"64 75 57";"—";"Участвует в конкурсе";"1269010";"—"
"1422";"1";"—";"196000";"64 66 66";"—";"Участвует в конкурсе";"1158555";"—"
"1423";"4";"—";"196000";"64 63 69";"—";"Участвует в конкурсе";"1594618";"—"
"1424";"2";"—";"196000";"64 59 73";"—";"Участвует в конкурсе";"2227481";"—"
"1425";"1";"—";"196000";"58 74 64";"—";"Участвует в конкурсе";"1609514";"—"
"1427";"2";"—";"196000";"46 86 64";"—";"Участвует в конкурсе";"1201728";"—"
"1428";"2";"—";"196000";"74 62 57";"3000";"Участвует в конкурсе";"1634250";"—"
"1429";"3";"—";"196000";"74 56 63";"3000";"Участвует в конкурсе";"1681001";"—"
"1430";"3";"—";"196000";"72 63 58";"3000";"Участвует в конкурсе";"2143034";"—"
"1431";"2";"—";"196000";"72 57 64";"3000";"Участвует в конкурсе";"1262391";"—"
"1432";"2";"—";"196000";"74 59 58";"5000";"Участвует в конкурсе";"1849139";"—"
"1433";"3";"—";"196000";"58 64 64";"10000";"Участвует в конкурсе";"2254210";"—"
"1434";"3";"—";"196000";"58 55 73";"10000";"Участвует в конкурсе";"958896";"—"
"1435";"3";"—";"195000";"78 59 58";"—";"Участвует в конкурсе";"1279308";"—"
"1436";"1";"—";"195000";"78 51 66";"—";"Участвует в конкурсе";"1951199";"—"
"1437";"2";"—";"195000";"74 60 61";"—";"Участвует в конкурсе";"1646141";"—"
"1438";"2";"—";"195000";"74 60 61";"—";"Участвует в конкурсе";"2411733";"—"
"1439";"4";"—";"195000";"74 55 66";"—";"Участвует в конкурсе";"2198400";"—"
"1440";"2";"—";"195000";"72 63 60";"—";"Участвует в конкурсе";"2057364";"—"
"1441";"3";"—";"195000";"72 57 66";"—";"Участвует в конкурсе";"1069239";"—"
"1443";"2";"—";"195000";"72 48 75";"—";"Участвует в конкурсе";"1480201";"—"
"1444";"2";"—";"195000";"70 68 57";"—";"Участвует в конкурсе";"2263686";"—"
"1446";"2";"—";"195000";"70 59 66";"—";"Участвует в конкурсе";"1690630";"—"
"1447";"2";"—";"195000";"64 74 57";"—";"Участвует в конкурсе";"1287724";"—"
"1448";"1";"—";"195000";"64 62 69";"—";"Участвует в конкурсе";"1504719";"—"
"1449";"1";"—";"195000";"64 59 72";"—";"Участвует в конкурсе";"1283945";"—"
"1450";"6";"—";"195000";"64 48 83";"—";"Участвует в конкурсе";"2312733";"—"
"1451";"4";"—";"195000";"58 80 57";"—";"Участвует в конкурсе";"1439036";"—"
"1452";"5";"—";"195000";"58 71 66";"—";"Участвует в конкурсе";"1385634";"—"
"1453";"2";"—";"195000";"58 68 69";"—";"Участвует в конкурсе";"1763282";"—"
"1454";"1";"—";"195000";"58 68 69";"—";"Участвует в конкурсе";"1842195";"—"
"1455";"2";"—";"195000";"58 64 73";"—";"Участвует в конкурсе";"2249953";"—"
"1456";"1";"—";"195000";"58 62 75";"—";"Участвует в конкурсе";"1198908";"—"
"1457";"2";"—";"195000";"52 65 78";"—";"Участвует в конкурсе";"1771285";"—"
"1458";"2";"—";"195000";"40 77 78";"—";"Участвует в конкурсе";"1978603";"—"
"1460";"2";"—";"195000";"78 56 58";"3000";"Участвует в конкурсе";"1879104";"—"
"1461";"1";"—";"195000";"76 56 60";"3000";"Участвует в конкурсе";"2406486";"—"
"1462";"2";"—";"195000";"72 56 64";"3000";"Участвует в конкурсе";"1213695";"—"
"1463";"3";"—";"195000";"72 53 67";"3000";"Участвует в конкурсе";"966481";"—"
"1464";"3";"—";"195000";"70 58 64";"3000";"Участвует в конкурсе";"1205030";"—"
"1465";"3";"—";"195000";"64 64 64";"3000";"Участвует в конкурсе";"1618241";"—"
"1466";"2";"—";"195000";"64 62 66";"3000";"Участвует в конкурсе";"1322363";"—"
"1467";"5";"—";"195000";"72 57 61";"5000";"Участвует в конкурсе";"2169868";"—"
"1468";"2";"—";"195000";"58 62 70";"5000";"Участвует в конкурсе";"1076353";"—"
"1469";"2";"—";"195000";"74 55 57";"9000";"Участвует в конкурсе";"2241550";"—"
"1470";"1";"—";"194000";"80 62 52";"—";"Участвует в конкурсе";"2267926";"—"
"1471";"2";"—";"194000";"78 59 57";"—";"Участвует в конкурсе";"1553900";"—"
"1472";"3";"—";"194000";"78 55 61";"—";"Участвует в конкурсе";"1440609";"—"
"1473";"5";"—";"194000";"76 60 58";"—";"Участвует в конкурсе";"1072171";"—"
"1474";"1";"—";"194000";"76 60 58";"—";"Участвует в конкурсе";"1573072";"—"
"1475";"2";"—";"194000";"76 55 63";"—";"Участвует в конкурсе";"1850949";"—"
"1476";"3";"—";"194000";"74 63 57";"—";"Участвует в конкурсе";"1244562";"—"
"1477";"3";"—";"194000";"74 62 58";"—";"Участвует в конкурсе";"1263126";"—"
"1478";"3";"—";"194000";"74 57 63";"—";"Участвует в конкурсе";"1732846";"—"
"1479";"5";"—";"194000";"74 56 64";"—";"Участвует в конкурсе";"1672935";"—"
"1480";"2";"—";"194000";"74 51 69";"—";"Участвует в конкурсе";"2143562";"—"
"1481";"2";"—";"194000";"74 51 69";"—";"Участвует в конкурсе";"1207649";"—"
"1482";"1";"—";"194000";"72 67 55";"—";"Участвует в конкурсе";"1215614";"—"
"1483";"2";"—";"194000";"72 64 58";"—";"Участвует в конкурсе";"1177479";"—"
"1484";"2";"—";"194000";"70 67 57";"—";"Участвует в конкурсе";"1719043";"—"
"1485";"3";"—";"194000";"70 57 67";"—";"Участвует в конкурсе";"2088559";"—"
"1486";"2";"—";"194000";"70 54 70";"—";"Участвует в конкурсе";"1289967";"—"
"1487";"1";"—";"194000";"64 70 60";"—";"Участвует в конкурсе";"1265753";"—"
"1488";"3";"—";"194000";"64 69 61";"—";"Участвует в конкурсе";"1728636";"—"
"1489";"2";"Электронное";"194000";"64 67 63";"—";"Участвует в конкурсе";"2180108";"—"
"1490";"2";"—";"194000";"64 64 66";"—";"Участвует в конкурсе";"1327045";"—"
"1491";"3";"—";"194000";"64 60 70";"—";"Участвует в конкурсе";"1397006";"—"
"1492";"2";"—";"194000";"58 67 69";"—";"Участвует в конкурсе";"1595853";"—"
"1493";"1";"Электронное";"194000";"52 75 67";"—";"Участвует в конкурсе";"1504122";"—"
"1495";"1";"—";"194000";"72 59 60";"3000";"Участвует в конкурсе";"1776559";"—"
"1496";"2";"—";"194000";"70 64 57";"3000";"Участвует в конкурсе";"2183729";"—"
"1497";"3";"—";"194000";"70 63 58";"3000";"Участвует в конкурсе";"1834318";"—"
"1498";"2";"—";"194000";"52 66 73";"3000";"Участвует в конкурсе";"1707779";"—"
"1499";"2";"—";"194000";"74 51 61";"8000";"Участвует в конкурсе";"1799241";"—"
"1500";"3";"—";"194000";"72 48 64";"10000";"Участвует в конкурсе";"1620636";"—"
"1501";"6";"—";"194000";"70 51 63";"10000";"Участвует в конкурсе";"1781847";"—"
"1503";"1";"—";"193000";"76 68 49";"—";"Участвует в конкурсе";"1100308";"—"
"1504";"2";"Электронное";"193000";"76 48 69";"—";"Участвует в конкурсе";"1692943";"—"
"1505";"2";"—";"193000";"74 58 61";"—";"Участвует в конкурсе";"2271184";"—"
"1506";"2";"—";"193000";"74 56 63";"—";"Участвует в конкурсе";"1430732";"—"
"1507";"3";"—";"193000";"74 56 63";"—";"Участвует в конкурсе";"1585529";"—"
"1508";"1";"—";"193000";"72 57 64";"—";"Участвует в конкурсе";"1790883";"—"
"1509";"3";"—";"193000";"72 51 70";"—";"Участвует в конкурсе";"1406779";"—"
"1510";"3";"—";"193000";"70 62 61";"—";"Участвует в конкурсе";"1608527";"—"
"1511";"2";"—";"193000";"70 60 63";"—";"Участвует в конкурсе";"1273585";"—"
"1512";"1";"Электронное";"193000";"70 56 67";"—";"Участвует в конкурсе";"1287666";"—"
"1513";"2";"—";"193000";"64 66 63";"—";"Участвует в конкурсе";"1539337";"—"
"1514";"5";"—";"193000";"64 57 72";"—";"Участвует в конкурсе";"1849151";"—"
"1515";"1";"—";"193000";"58 75 60";"—";"Участвует в конкурсе";"1449344";"—"
"1516";"2";"—";"193000";"58 63 72";"—";"Участвует в конкурсе";"1122557";"—"
"1517";"3";"—";"193000";"58 60 75";"—";"Участвует в конкурсе";"1486512";"—"
"1518";"4";"—";"193000";"58 52 83";"—";"Участвует в конкурсе";"1207629";"—"
"1519";"6";"—";"193000";"52 72 69";"—";"Участвует в конкурсе";"1550916";"—"
"1520";"3";"—";"193000";"40 80 73";"—";"Участвует в конкурсе";"1908907";"—"
"1521";"6";"—";"193000";"70 60 61";"2000";"Участвует в конкурсе";"1895198";"—"
"1522";"3";"—";"193000";"70 58 63";"2000";"Участвует в конкурсе";"1249246";"—"
"1523";"2";"—";"193000";"58 55 78";"2000";"Участвует в конкурсе";"1643734";"—"
"1524";"3";"—";"193000";"74 55 61";"3000";"Участвует в конкурсе";"982191";"—"
"1525";"3";"—";"193000";"72 52 66";"3000";"Участвует в конкурсе";"1291601";"—"
"1526";"2";"—";"193000";"70 68 52";"3000";"Участвует в конкурсе";"1429027";"—"
"1527";"2";"—";"193000";"70 62 58";"3000";"Участвует в конкурсе";"1438765";"—"
"1528";"6";"—";"193000";"70 57 63";"3000";"Участвует в конкурсе";"1485409";"—"
"1529";"2";"—";"193000";"70 56 64";"3000";"Участвует в конкурсе";"1182415";"—"
"1530";"5";"—";"193000";"70 57 61";"5000";"Участвует в конкурсе";"1284539";"—"
"1531";"2";"—";"193000";"74 54 57";"8000";"Участвует в конкурсе";"2235941";"—"
"1532";"2";"—";"193000";"52 62 69";"10000";"Участвует в конкурсе";"1617748";"—"
"1533";"5";"—";"192000";"80 64 48";"—";"Участвует в конкурсе";"1781112";"—"
"1534";"4";"—";"192000";"74 67 51";"—";"Участвует в конкурсе";"1580127";"—"
"1535";"1";"—";"192000";"74 60 58";"—";"Участвует в конкурсе";"1567877";"—"
"1536";"3";"—";"192000";"74 57 61";"—";"Участвует в конкурсе";"1753709";"—"
"1537";"2";"—";"192000";"72 62 58";"—";"Участвует в конкурсе";"1299435";"—"
"1538";"3";"—";"192000";"72 60 60";"—";"Участвует в конкурсе";"1175870";"—"
"1539";"2";"—";"192000";"72 56 64";"—";"Участвует в конкурсе";"2394621";"—"
"1540";"1";"—";"192000";"70 64 58";"—";"Участвует в конкурсе";"1362184";"—"
"1541";"1";"—";"192000";"70 62 60";"—";"Участвует в конкурсе";"2432386";"—"
"1542";"2";"—";"192000";"70 55 67";"—";"Участвует в конкурсе";"1981117";"—"
"1543";"1";"—";"192000";"70 53 69";"—";"Участвует в конкурсе";"1518798";"—"
"1544";"5";"—";"192000";"64 73 55";"—";"Участвует в конкурсе";"1199516";"—"
"1545";"4";"—";"192000";"64 71 57";"—";"Участвует в конкурсе";"1178029";"—"
"1546";"2";"—";"192000";"64 70 58";"—";"Участвует в конкурсе";"1835830";"—"
"1547";"4";"—";"192000";"64 68 60";"—";"Участвует в конкурсе";"2224763";"—"
"1548";"5";"—";"192000";"64 67 61";"—";"Участвует в конкурсе";"1979123";"—"
"1549";"4";"—";"192000";"64 65 63";"—";"Участвует в конкурсе";"1245955";"—"
"1550";"5";"—";"192000";"64 64 64";"—";"Участвует в конкурсе";"2309202";"—"
"1551";"3";"—";"192000";"64 62 66";"—";"Участвует в конкурсе";"1852559";"—"
"1552";"2";"—";"192000";"64 56 72";"—";"Участвует в конкурсе";"1761793";"—"
"1553";"1";"—";"192000";"58 77 57";"—";"Участвует в конкурсе";"1816213";"—"
"1554";"5";"—";"192000";"58 67 67";"—";"Участвует в конкурсе";"1313334";"—"
"1555";"2";"—";"192000";"58 62 72";"—";"Участвует в конкурсе";"2302189";"—"
"1556";"1";"—";"192000";"46 79 67";"—";"Участвует в конкурсе";"1414772";"—"
"1557";"2";"—";"192000";"46 77 69";"—";"Участвует в конкурсе";"1786180";"—"
"1558";"2";"—";"192000";"78 53 58";"3000";"Участвует в конкурсе";"1650140";"—"
"1559";"3";"—";"192000";"70 55 64";"3000";"Участвует в конкурсе";"1361000";"—"
"1560";"4";"—";"192000";"64 67 58";"3000";"Участвует в конкурсе";"1786863";"—"
"1561";"4";"—";"192000";"64 56 69";"3000";"Участвует в конкурсе";"1240480";"—"
"1562";"2";"—";"192000";"64 59 64";"5000";"Участвует в конкурсе";"1392192";"—"
"1563";"12";"—";"192000";"52 72 60";"8000";"Участвует в конкурсе";"1343061";"—"
"1564";"1";"—";"192000";"64 48 70";"10000";"Участвует в конкурсе";"1594686";"—"
"1565";"7";"—";"191000";"78 64 49";"—";"Участвует в конкурсе";"2056566";"—"
"1566";"1";"—";"191000";"78 55 58";"—";"Участвует в конкурсе";"1692081";"—"
"1567";"1";"—";"191000";"76 55 60";"—";"Участвует в конкурсе";"2236414";"—"
"1568";"2";"—";"191000";"74 62 55";"—";"Участвует в конкурсе";"1966480";"—"
"1570";"4";"—";"191000";"74 57 60";"—";"Участвует в конкурсе";"1624664";"—"
"1571";"5";"—";"191000";"72 62 57";"—";"Участвует в конкурсе";"1747582";"—"
"1572";"6";"—";"191000";"72 62 57";"—";"Участвует в конкурсе";"2250250";"—"
"1573";"5";"—";"191000";"72 59 60";"—";"Участвует в конкурсе";"1999911";"—"
"1574";"1";"—";"191000";"72 59 60";"—";"Участвует в конкурсе";"2038895";"—"
"1575";"1";"—";"191000";"70 63 58";"—";"Участвует в конкурсе";"1654536";"—"
"1576";"2";"—";"191000";"70 63 58";"—";"Участвует в конкурсе";"1240409";"—"
"1577";"1";"—";"191000";"70 60 61";"—";"Участвует в конкурсе";"1042638";"—"
"1578";"2";"—";"191000";"70 57 64";"—";"Участвует в конкурсе";"1849003";"—"
"1579";"5";"—";"191000";"70 55 66";"—";"Участвует в конкурсе";"2184097";"—"
"1580";"5";"—";"191000";"70 54 67";"—";"Участвует в конкурсе";"1367830";"—"
"1581";"2";"—";"191000";"70 48 73";"—";"Участвует в конкурсе";"1501969";"—"
"1582";"2";"—";"191000";"64 73 54";"—";"Участвует в конкурсе";"1607591";"—"
"1583";"2";"—";"191000";"64 64 63";"—";"Участвует в конкурсе";"1234983";"—"
"1584";"5";"—";"191000";"64 64 63";"—";"Участвует в конкурсе";"1441174";"—"
"1585";"3";"—";"191000";"64 63 64";"—";"Участвует в конкурсе";"2297206";"—"
"1586";"2";"—";"191000";"58 67 66";"—";"Участвует в конкурсе";"1194489";"—"
"1587";"8";"—";"191000";"58 66 67";"—";"Участвует в конкурсе";"1247026";"—"
"1588";"2";"—";"191000";"58 60 73";"—";"Участвует в конкурсе";"1612726";"—"
"1589";"2";"—";"191000";"74 51 64";"2000";"Участвует в конкурсе";"962660";"—"
"1590";"1";"—";"191000";"64 64 61";"2000";"Участвует в конкурсе";"1040709";"—"
"1591";"2";"—";"191000";"64 64 61";"2000";"Участвует в конкурсе";"1332130";"—"
"1592";"1";"—";"191000";"58 71 60";"2000";"Участвует в конкурсе";"2202370";"—"
"1593";"2";"—";"191000";"52 77 60";"2000";"Участвует в конкурсе";"2087312";"—"
"1594";"8";"—";"191000";"74 60 54";"3000";"Участвует в конкурсе";"1227966";"—"
"1595";"3";"—";"191000";"70 72 46";"3000";"Участвует в конкурсе";"1848602";"—"
"1596";"1";"—";"191000";"64 66 58";"3000";"Участвует в конкурсе";"1950560";"—"
"1597";"5";"—";"191000";"64 64 60";"3000";"Участвует в конкурсе";"1747165";"—"
"1598";"1";"—";"191000";"64 60 64";"3000";"Участвует в конкурсе";"1827568";"—"
"1599";"2";"—";"191000";"58 60 70";"3000";"Участвует в конкурсе";"2200858";"—"
"1600";"3";"—";"191000";"52 73 63";"3000";"Участвует в конкурсе";"1987759";"—"
"1601";"3";"—";"191000";"78 54 55";"4000";"Участвует в конкурсе";"1199986";"—"
"1602";"3";"—";"191000";"52 73 61";"5000";"Участвует в конкурсе";"1493376";"—"
"1603";"2";"—";"191000";"58 60 67";"6000";"Участвует в конкурсе";"1285472";"—"
"1604";"2";"—";"191000";"64 59 60";"8000";"Участвует в конкурсе";"1556079";"—"
"1605";"3";"—";"191000";"64 57 60";"10000";"Участвует в конкурсе";"1754947";"—"
"1606";"2";"—";"191000";"52 56 73";"10000";"Участвует в конкурсе";"1397834";"—"
"1607";"2";"—";"190000";"80 41 69";"—";"Участвует в конкурсе";"2013504";"—"
"1608";"1";"Электронное";"190000";"72 58 60";"—";"Участвует в конкурсе";"1291299";"—"
"1609";"4";"—";"190000";"72 52 66";"—";"Участвует в конкурсе";"2389080";"—"
"1610";"1";"Электронное";"190000";"72 48 70";"—";"Участвует в конкурсе";"1785378";"—"
"1611";"1";"—";"190000";"70 66 54";"—";"Участвует в конкурсе";"1416601";"—"
"1612";"2";"—";"190000";"70 60 60";"—";"Участвует в конкурсе";"2414197";"—"
"1614";"4";"—";"190000";"64 72 54";"—";"Участвует в конкурсе";"1779102";"—"
"1615";"2";"—";"190000";"64 66 60";"—";"Участвует в конкурсе";"2053372";"—"
"1616";"3";"—";"190000";"64 59 67";"—";"Участвует в конкурсе";"1058370";"—"
"1617";"1";"—";"190000";"58 63 69";"—";"Участвует в конкурсе";"1276213";"—"
"1618";"3";"—";"190000";"58 51 81";"—";"Участвует в конкурсе";"1205865";"—"
"1619";"2";"—";"190000";"52 63 75";"—";"Участвует в конкурсе";"1955395";"—"
"1620";"1";"—";"190000";"70 67 51";"2000";"Участвует в конкурсе";"1860630";"—"
"1621";"1";"Электронное";"190000";"72 63 52";"3000";"Участвует в конкурсе";"2046633";"—"
"1623";"2";"—";"190000";"64 60 63";"3000";"Участвует в конкурсе";"1275748";"—"
"1624";"1";"Электронное";"190000";"58 66 63";"3000";"Участвует в конкурсе";"1417170";"—"
"1625";"2";"—";"190000";"52 75 60";"3000";"Участвует в конкурсе";"1442761";"—"
"1626";"1";"Электронное";"190000";"74 56 55";"5000";"Участвует в конкурсе";"1388704";"—"
"1627";"3";"—";"190000";"46 64 73";"7000";"Участвует в конкурсе";"2311624";"—"
"1628";"2";"—";"190000";"74 40 66";"10000";"Участвует в конкурсе";"1438078";"—"
"1629";"1";"—";"189000";"80 49 60";"—";"Участвует в конкурсе";"1256745";"—"
"1630";"7";"—";"189000";"74 48 67";"—";"Участвует в конкурсе";"2273448";"—"
"1631";"2";"—";"189000";"72 66 51";"—";"Участвует в конкурсе";"1418307";"—"
"1632";"8";"—";"189000";"72 63 54";"—";"Участвует в конкурсе";"1427494";"—"
"1633";"5";"—";"189000";"72 59 58";"—";"Участвует в конкурсе";"1797162";"—"
"1634";"5";"—";"189000";"72 57 60";"—";"Участвует в конкурсе";"1486470";"—"
"1635";"2";"—";"189000";"72 53 64";"—";"Участвует в конкурсе";"2163170";"—"
"1636";"1";"—";"189000";"72 51 66";"—";"Участвует в конкурсе";"1515669";"—"
"1637";"2";"—";"189000";"70 64 55";"—";"Участвует в конкурсе";"1071372";"—"
"1638";"7";"—";"189000";"70 56 63";"—";"Участвует в конкурсе";"1910320";"—"
"1639";"2";"Электронное";"189000";"70 55 64";"—";"Участвует в конкурсе";"2167093";"—"
"1640";"2";"—";"189000";"70 55 64";"—";"Участвует в конкурсе";"1688490";"—"
"1641";"5";"—";"189000";"64 67 58";"—";"Участвует в конкурсе";"2161181";"—"
"1642";"2";"—";"189000";"64 64 61";"—";"Участвует в конкурсе";"2340131";"—"
"1643";"1";"—";"189000";"64 62 63";"—";"Участвует в конкурсе";"1391791";"—"
"1644";"1";"—";"189000";"64 59 66";"—";"Участвует в конкурсе";"1195068";"—"
"1645";"2";"—";"189000";"64 59 66";"—";"Участвует в конкурсе";"1989396";"—"
"1646";"1";"—";"189000";"64 53 72";"—";"Участвует в конкурсе";"1234250";"—"
"1647";"1";"—";"189000";"58 73 58";"—";"Участвует в конкурсе";"1943700";"—"
"1648";"3";"—";"189000";"58 64 67";"—";"Участвует в конкурсе";"1278585";"—"
"1649";"1";"—";"189000";"58 56 75";"—";"Участвует в конкурсе";"2246973";"—"
"1651";"2";"—";"189000";"52 68 69";"—";"Участвует в конкурсе";"2193536";"—"
"1652";"4";"—";"189000";"52 67 70";"—";"Участвует в конкурсе";"1203305";"—"
"1653";"4";"—";"189000";"46 52 91";"—";"Участвует в конкурсе";"2132793";"—"
"1654";"5";"—";"189000";"72 67 48";"2000";"Участвует в конкурсе";"1174001";"—"
"1655";"3";"—";"189000";"70 59 58";"2000";"Участвует в конкурсе";"1094888";"—"
"1656";"3";"—";"189000";"64 62 61";"2000";"Участвует в конкурсе";"2262928";"—"
"1657";"1";"—";"189000";"58 63 66";"2000";"Участвует в конкурсе";"2257906";"—"
"1658";"5";"—";"189000";"58 59 70";"2000";"Участвует в конкурсе";"1071020";"—"
"1659";"1";"—";"189000";"74 55 57";"3000";"Участвует в конкурсе";"1283156";"—"
"1660";"2";"—";"189000";"70 59 57";"3000";"Участвует в конкурсе";"2313736";"—"
"1661";"6";"—";"189000";"70 55 61";"3000";"Участвует в конкурсе";"1181326";"—"
"1662";"1";"—";"189000";"64 55 67";"3000";"Участвует в конкурсе";"1252082";"—"
"1663";"2";"—";"189000";"58 68 60";"3000";"Участвует в конкурсе";"1443193";"—"
"1664";"4";"—";"189000";"58 65 63";"3000";"Участвует в конкурсе";"1472691";"—"
"1665";"1";"—";"189000";"58 60 61";"10000";"Участвует в конкурсе";"1771206";"—"
"1666";"3";"—";"189000";"46 63 70";"10000";"Участвует в конкурсе";"1459773";"—"
"1667";"2";"—";"188000";"80 60 48";"—";"Участвует в конкурсе";"2034987";"—"
"1668";"3";"—";"188000";"80 48 60";"—";"Участвует в конкурсе";"1349376";"—"
"1669";"2";"—";"188000";"78 55 55";"—";"Участвует в конкурсе";"1138808";"—"
"1670";"5";"—";"188000";"74 66 48";"—";"Участвует в конкурсе";"1357521";"—"
"1671";"5";"—";"188000";"74 62 52";"—";"Участвует в конкурсе";"2268673";"—"
"1673";"2";"—";"188000";"72 55 61";"—";"Участвует в конкурсе";"2395035";"—"
"1674";"1";"—";"188000";"70 58 60";"—";"Участвует в конкурсе";"1469829";"—"
"1675";"4";"—";"188000";"64 60 64";"—";"Участвует в конкурсе";"1495254";"—"
"1676";"1";"Электронное";"188000";"64 57 67";"—";"Участвует в конкурсе";"1435857";"—"
"1677";"3";"—";"188000";"64 52 72";"—";"Участвует в конкурсе";"1727484";"—"
"1678";"3";"—";"188000";"64 52 72";"—";"Участвует в конкурсе";"1362294";"—"
"1679";"14";"—";"188000";"58 70 60";"—";"Участвует в конкурсе";"1607127";"—"
"1680";"3";"—";"188000";"58 64 66";"—";"Участвует в конкурсе";"2090260";"—"
"1681";"1";"—";"188000";"58 57 73";"—";"Участвует в конкурсе";"1908235";"—"
"1682";"3";"—";"188000";"58 57 73";"—";"Участвует в конкурсе";"1340973";"—"
"1683";"1";"—";"188000";"58 55 75";"—";"Участвует в конкурсе";"1040937";"—"
"1684";"6";"—";"188000";"52 75 61";"—";"Участвует в конкурсе";"2247772";"—"
"1685";"1";"—";"188000";"52 67 69";"—";"Участвует в конкурсе";"1168647";"—"
"1686";"4";"—";"188000";"52 63 73";"—";"Участвует в конкурсе";"1890166";"—"
"1687";"5";"—";"188000";"78 52 55";"3000";"Участвует в конкурсе";"1913253";"—"
"1688";"2";"—";"188000";"76 46 63";"3000";"Участвует в конкурсе";"2190750";"—"
"1689";"2";"—";"188000";"70 64 51";"3000";"Участвует в конкурсе";"1961875";"—"
"1690";"3";"—";"188000";"70 49 66";"3000";"Участвует в конкурсе";"1598574";"—"
"1691";"1";"Электронное";"188000";"64 57 64";"3000";"Участвует в конкурсе";"1275348";"—"
"1692";"3";"—";"188000";"64 55 66";"3000";"Участвует в конкурсе";"1043734";"—"
"1694";"3";"—";"188000";"58 55 72";"3000";"Участвует в конкурсе";"2004683";"—"
"1695";"3";"—";"188000";"52 70 63";"3000";"Участвует в конкурсе";"1106812";"—"
"1696";"2";"—";"188000";"74 52 54";"8000";"Участвует в конкурсе";"1721648";"—"
"1697";"1";"Электронное";"187000";"78 57 52";"—";"Участвует в конкурсе";"1157366";"—"
"1698";"1";"Электронное";"187000";"74 43 70";"—";"Участвует в конкурсе";"1933743";"—"
"1699";"3";"—";"187000";"72 60 55";"—";"Участвует в конкурсе";"1396562";"—"
"1700";"2";"—";"187000";"70 63 54";"—";"Участвует в конкурсе";"2124418";"—"
"1701";"3";"—";"187000";"70 60 57";"—";"Участвует в конкурсе";"1195610";"—"
"1702";"3";"—";"187000";"70 60 57";"—";"Участвует в конкурсе";"1474470";"—"
"1703";"1";"—";"187000";"70 59 58";"—";"Участвует в конкурсе";"2225924";"—"
"1704";"1";"—";"187000";"70 57 60";"—";"Участвует в конкурсе";"2204021";"—"
"1705";"2";"—";"187000";"64 62 61";"—";"Участвует в конкурсе";"1654422";"—"
"1706";"1";"—";"187000";"64 60 63";"—";"Участвует в конкурсе";"1506523";"—"
"1707";"4";"—";"187000";"64 59 64";"—";"Участвует в конкурсе";"1181924";"—"
"1708";"3";"—";"187000";"64 57 66";"—";"Участвует в конкурсе";"1093235";"—"
"1709";"2";"—";"187000";"46 78 63";"—";"Участвует в конкурсе";"2409138";"—"
"1710";"2";"—";"187000";"40 75 72";"—";"Участвует в конкурсе";"1400900";"—"
"1711";"2";"—";"187000";"70 51 64";"2000";"Участвует в конкурсе";"1856011";"—"
"1712";"3";"—";"187000";"58 66 61";"2000";"Участвует в конкурсе";"1441176";"—"
"1713";"4";"—";"187000";"52 67 66";"2000";"Участвует в конкурсе";"1322219";"—"
"1714";"4";"—";"187000";"46 70 69";"2000";"Участвует в конкурсе";"1190179";"—"
"1715";"8";"—";"187000";"76 48 60";"3000";"Участвует в конкурсе";"1395678";"—"
"1716";"4";"—";"187000";"64 66 54";"3000";"Участвует в конкурсе";"1890628";"—"
"1717";"2";"Электронное";"187000";"64 65 55";"3000";"Участвует в конкурсе";"1251193";"—"
"1718";"1";"—";"187000";"64 60 60";"3000";"Участвует в конкурсе";"1715205";"—"
"1719";"4";"—";"187000";"58 71 55";"3000";"Участвует в конкурсе";"2298303";"—"
"1720";"2";"—";"187000";"58 68 58";"3000";"Участвует в конкурсе";"1699615";"—"
"1721";"3";"—";"187000";"58 59 67";"3000";"Участвует в конкурсе";"1796306";"—"
"1722";"2";"—";"187000";"70 63 46";"8000";"Участвует в конкурсе";"1403716";"—"
"1723";"5";"—";"186000";"76 52 58";"—";"Участвует в конкурсе";"1486738";"—"
"1724";"4";"—";"186000";"74 57 55";"—";"Участвует в конкурсе";"1643165";"—"
"1725";"1";"—";"186000";"74 57 55";"—";"Участвует в конкурсе";"2337652";"—"
"1726";"1";"Электронное";"186000";"74 55 57";"—";"Участвует в конкурсе";"1345608";"—"
"1727";"6";"—";"186000";"72 62 52";"—";"Участвует в конкурсе";"1246744";"—"
"1729";"3";"—";"186000";"72 50 64";"—";"Участвует в конкурсе";"1362135";"—"
"1730";"4";"—";"186000";"72 48 66";"—";"Участвует в конкурсе";"1262062";"—"
"1731";"2";"—";"186000";"70 67 49";"—";"Участвует в конкурсе";"1617937";"—"
"1732";"2";"—";"186000";"70 56 60";"—";"Участвует в конкурсе";"1306286";"—"
"1733";"1";"—";"186000";"70 52 64";"—";"Участвует в конкурсе";"2274488";"—"
"1734";"2";"—";"186000";"64 71 51";"—";"Участвует в конкурсе";"1759023";"—"
"1735";"3";"—";"186000";"64 62 60";"—";"Участвует в конкурсе";"1438928";"—"
"1736";"5";"—";"186000";"64 62 60";"—";"Участвует в конкурсе";"2217817";"—"
"1737";"5";"—";"186000";"64 62 60";"—";"Участвует в конкурсе";"2254717";"—"
"1738";"7";"—";"186000";"64 59 63";"—";"Участвует в конкурсе";"1599964";"—"
"1739";"3";"—";"186000";"52 70 64";"—";"Участвует в конкурсе";"1248302";"—"
"1740";"2";"—";"186000";"52 65 69";"—";"Участвует в конкурсе";"1609677";"—"
"1741";"3";"—";"186000";"52 62 72";"—";"Участвует в конкурсе";"1241197";"—"
"1743";"1";"Электронное";"186000";"78 48 57";"3000";"Участвует в конкурсе";"2085328";"—"
"1744";"2";"—";"186000";"70 64 49";"3000";"Участвует в конкурсе";"1093673";"—"
"1745";"3";"—";"186000";"64 62 57";"3000";"Участвует в конкурсе";"1655518";"—"
"1746";"3";"—";"186000";"64 56 63";"3000";"Участвует в конкурсе";"1655201";"—"
"1747";"3";"—";"186000";"58 62 63";"3000";"Участвует в конкурсе";"1701913";"—"
"1748";"6";"—";"186000";"58 62 63";"3000";"Участвует в конкурсе";"1207380";"—"
"1749";"1";"—";"186000";"46 68 69";"3000";"Участвует в конкурсе";"2412170";"—"
"1750";"4";"—";"186000";"64 68 49";"5000";"Участвует в конкурсе";"1366177";"—"
"1751";"2";"—";"186000";"64 63 54";"5000";"Участвует в конкурсе";"1460177";"—"
"1752";"3";"—";"186000";"74 48 54";"10000";"Участвует в конкурсе";"1168872";"—"
"1753";"1";"—";"186000";"46 67 63";"10000";"Участвует в конкурсе";"2374141";"—"
"1754";"5";"—";"185000";"80 54 51";"—";"Участвует в конкурсе";"1628227";"—"
"1755";"3";"—";"185000";"76 51 58";"—";"Участвует в конкурсе";"1205482";"—"
"1756";"2";"—";"185000";"74 63 48";"—";"Участвует в конкурсе";"1900379";"—"
"1757";"6";"—";"185000";"74 60 51";"—";"Участвует в конкурсе";"1175890";"—"
"1759";"3";"—";"185000";"72 61 52";"—";"Участвует в конкурсе";"2254099";"—"
"1760";"2";"—";"185000";"72 53 60";"—";"Участвует в конкурсе";"1627683";"—"
"1761";"4";"—";"185000";"70 60 55";"—";"Участвует в конкурсе";"1169425";"—"
"1762";"1";"—";"185000";"70 52 63";"—";"Участвует в конкурсе";"1699024";"—"
"1763";"2";"—";"185000";"70 52 63";"—";"Участвует в конкурсе";"2155826";"—"
"1764";"5";"—";"185000";"70 51 64";"—";"Участвует в конкурсе";"1182557";"—"
"1765";"2";"—";"185000";"70 51 64";"—";"Участвует в конкурсе";"1776316";"—"
"1766";"2";"—";"185000";"70 43 72";"—";"Участвует в конкурсе";"2416980";"—"
"1767";"2";"—";"185000";"64 57 64";"—";"Участвует в конкурсе";"1915509";"—"
"1768";"2";"—";"185000";"64 55 66";"—";"Участвует в конкурсе";"1425681";"—"
"1769";"3";"—";"185000";"64 55 66";"—";"Участвует в конкурсе";"1431728";"—"
"1770";"2";"—";"185000";"64 55 66";"—";"Участвует в конкурсе";"1724830";"—"
"1772";"3";"—";"185000";"58 72 55";"—";"Участвует в конкурсе";"2158240";"—"
"1773";"2";"—";"185000";"58 64 63";"—";"Участвует в конкурсе";"2175853";"—"
"1774";"1";"—";"185000";"52 70 63";"—";"Участвует в конкурсе";"2050923";"—"
"1775";"2";"—";"185000";"46 67 72";"—";"Участвует в конкурсе";"1770183";"—"
"1776";"1";"Электронное";"185000";"64 53 66";"2000";"Участвует в конкурсе";"1621730";"—"
"1777";"5";"—";"185000";"58 67 58";"2000";"Участвует в конкурсе";"1173774";"—"
"1778";"1";"—";"185000";"58 55 70";"2000";"Участвует в конкурсе";"1068415";"—"
"1779";"3";"—";"185000";"76 46 60";"3000";"Участвует в конкурсе";"1606636";"—"
"1780";"2";"—";"185000";"70 64 48";"3000";"Участвует в конкурсе";"1532928";"—"
"1781";"2";"—";"185000";"64 67 51";"3000";"Участвует в конкурсе";"1286562";"—"
"1782";"1";"—";"185000";"52 67 63";"3000";"Участвует в конкурсе";"1415442";"—"
"1783";"3";"—";"185000";"76 55 49";"5000";"Участвует в конкурсе";"1180614";"—"
"1784";"2";"—";"185000";"64 56 60";"5000";"Участвует в конкурсе";"2193291";"—"
"1785";"3";"—";"185000";"58 72 48";"7000";"Участвует в конкурсе";"1434895";"—"
"1786";"1";"—";"185000";"58 67 52";"8000";"Участвует в конкурсе";"1163758";"—"
"1787";"2";"—";"185000";"52 51 72";"10000";"Участвует в конкурсе";"1180567";"—"
"1788";"1";"—";"185000";"40 63 72";"10000";"Участвует в конкурсе";"2356892";"—"
"1789";"3";"—";"184000";"76 66 42";"—";"Участвует в конкурсе";"2172076";"—"
"1790";"7";"—";"184000";"74 62 48";"—";"Участвует в конкурсе";"2341919";"—"
"1791";"2";"—";"184000";"74 47 63";"—";"Участвует в конкурсе";"1562951";"—"
"1792";"2";"—";"184000";"74 47 63";"—";"Участвует в конкурсе";"1910563";"—"
"1793";"3";"—";"184000";"72 52 60";"—";"Участвует в конкурсе";"1306139";"—"
"1794";"5";"—";"184000";"72 48 64";"—";"Участвует в конкурсе";"2273174";"—"
"1795";"1";"—";"184000";"70 62 52";"—";"Участвует в конкурсе";"1462487";"—"
"1797";"2";"—";"184000";"70 53 61";"—";"Участвует в конкурсе";"2274687";"—"
"1798";"1";"Электронное";"184000";"64 62 58";"—";"Участвует в конкурсе";"1477015";"—"
"1799";"2";"—";"184000";"64 62 58";"—";"Участвует в конкурсе";"1210858";"—"
"1800";"1";"—";"184000";"64 60 60";"—";"Участвует в конкурсе";"1747512";"—"
"1801";"2";"—";"184000";"64 59 61";"—";"Участвует в конкурсе";"1503698";"—"
"1802";"2";"—";"184000";"64 57 63";"—";"Участвует в конкурсе";"1314616";"—"
"1804";"5";"—";"184000";"64 53 67";"—";"Участвует в конкурсе";"2132856";"—"
"1805";"3";"—";"184000";"58 63 63";"—";"Участвует в конкурсе";"2273203";"—"
"1806";"2";"—";"184000";"58 62 64";"—";"Участвует в конкурсе";"1402601";"—"
"1807";"5";"—";"184000";"58 62 64";"—";"Участвует в конкурсе";"1104076";"—"
"1808";"1";"—";"184000";"58 57 69";"—";"Участвует в конкурсе";"1788503";"—"
"1809";"1";"—";"184000";"52 75 57";"—";"Участвует в конкурсе";"1818708";"—"
"1810";"1";"Электронное";"184000";"52 66 66";"—";"Участвует в конкурсе";"1694313";"—"
"1811";"2";"—";"184000";"52 65 67";"—";"Участвует в конкурсе";"1465296";"—"
"1812";"1";"—";"184000";"40 75 69";"—";"Участвует в конкурсе";"1854638";"—"
"1813";"4";"—";"184000";"72 57 52";"3000";"Участвует в конкурсе";"1359584";"—"
"1814";"3";"—";"184000";"70 48 63";"3000";"Участвует в конкурсе";"1792289";"—"
"1815";"1";"—";"184000";"64 71 46";"3000";"Участвует в конкурсе";"1433880";"—"
"1816";"2";"—";"184000";"46 78 57";"3000";"Участвует в конкурсе";"2220215";"—"
"1817";"1";"—";"184000";"52 68 58";"6000";"Участвует в конкурсе";"1077658";"—"
"1818";"2";"—";"183000";"78 48 57";"—";"Участвует в конкурсе";"1129051";"—"
"1819";"5";"—";"183000";"70 62 51";"—";"Участвует в конкурсе";"1208061";"—"
"1820";"2";"—";"183000";"70 59 54";"—";"Участвует в конкурсе";"2296208";"—"
"1821";"4";"—";"183000";"70 56 57";"—";"Участвует в конкурсе";"2170536";"—"
"1822";"1";"Электронное";"183000";"64 59 60";"—";"Участвует в конкурсе";"2266966";"—"
"1823";"3";"—";"183000";"64 56 63";"—";"Участвует в конкурсе";"2132445";"—"
"1825";"5";"—";"183000";"64 53 66";"—";"Участвует в конкурсе";"2268295";"—"
"1826";"3";"—";"183000";"58 62 63";"—";"Участвует в конкурсе";"1433248";"—"
"1827";"3";"—";"183000";"58 56 69";"—";"Участвует в конкурсе";"1242782";"—"
"1828";"1";"—";"183000";"58 52 73";"—";"Участвует в конкурсе";"1162810";"—"
"1829";"3";"—";"183000";"58 52 73";"—";"Участвует в конкурсе";"2219463";"—"
"1830";"2";"—";"183000";"52 67 64";"—";"Участвует в конкурсе";"1557011";"—"
"1831";"2";"—";"183000";"46 64 73";"—";"Участвует в конкурсе";"1654252";"—"
"1832";"2";"—";"183000";"46 59 78";"—";"Участвует в конкурсе";"2181228";"—"
"1833";"3";"—";"183000";"74 53 54";"2000";"Участвует в конкурсе";"1401860";"—"
"1834";"2";"—";"183000";"72 48 60";"3000";"Участвует в конкурсе";"1412751";"—"
"1836";"3";"—";"183000";"64 55 61";"3000";"Участвует в конкурсе";"1367506";"—"
"1837";"2";"—";"183000";"64 52 64";"3000";"Участвует в конкурсе";"1616741";"—"
"1838";"3";"—";"183000";"58 64 58";"3000";"Участвует в конкурсе";"1474217";"—"
"1839";"6";"—";"183000";"58 52 70";"3000";"Участвует в конкурсе";"2143094";"—"
"1840";"3";"—";"183000";"52 67 61";"3000";"Участвует в конкурсе";"1987858";"—"
"1841";"1";"—";"183000";"52 59 69";"3000";"Участвует в конкурсе";"1175670";"—"
"1842";"1";"—";"183000";"46 67 67";"3000";"Участвует в конкурсе";"1339289";"—"
"1843";"3";"—";"183000";"58 61 54";"10000";"Участвует в конкурсе";"1512161";"—"
"1844";"2";"—";"182000";"74 53 55";"—";"Участвует в конкурсе";"1958733";"—"
"1845";"4";"—";"182000";"74 47 61";"—";"Участвует в конкурсе";"1249617";"—"
"1846";"2";"—";"182000";"74 45 63";"—";"Участвует в конкурсе";"2172855";"—"
"1848";"1";"—";"182000";"72 49 61";"—";"Участвует в конкурсе";"1909025";"—"
"1849";"1";"Электронное";"182000";"70 55 57";"—";"Участвует в конкурсе";"1907669";"—"
"1850";"4";"—";"182000";"70 52 60";"—";"Участвует в конкурсе";"1326844";"—"
"1851";"2";"—";"182000";"70 51 61";"—";"Участвует в конкурсе";"1959873";"—"
"1852";"3";"—";"182000";"70 51 61";"—";"Участвует в конкурсе";"1628586";"—"
"1853";"2";"—";"182000";"70 49 63";"—";"Участвует в конкурсе";"2167671";"—"
"1854";"2";"—";"182000";"64 57 61";"—";"Участвует в конкурсе";"2368204";"—"
"1855";"1";"—";"182000";"64 51 67";"—";"Участвует в конкурсе";"2325229";"—"
"1856";"6";"—";"182000";"58 67 57";"—";"Участвует в конкурсе";"2307742";"—"
"1857";"1";"—";"182000";"58 51 73";"—";"Участвует в конкурсе";"1914631";"—"
"1858";"1";"Электронное";"182000";"52 67 63";"—";"Участвует в конкурсе";"1493004";"—"
"1859";"1";"—";"182000";"52 58 72";"—";"Участвует в конкурсе";"1954210";"—"
"1860";"2";"—";"182000";"52 52 78";"—";"Участвует в конкурсе";"2161203";"—"
"1861";"2";"—";"182000";"64 64 52";"2000";"Участвует в конкурсе";"1244116";"—"
"1862";"3";"—";"182000";"74 56 49";"3000";"Участвует в конкурсе";"1627870";"—"
"1863";"1";"Электронное";"182000";"70 54 55";"3000";"Участвует в конкурсе";"1565755";"—"
"1864";"5";"—";"182000";"64 60 55";"3000";"Участвует в конкурсе";"2269222";"—"
"1865";"4";"—";"182000";"64 60 55";"3000";"Участвует в конкурсе";"2313546";"—"
"1866";"2";"—";"182000";"76 50 46";"10000";"Участвует в конкурсе";"2308028";"—"
"1867";"2";"—";"182000";"64 48 60";"10000";"Участвует в конкурсе";"2226128";"—"
"1868";"3";"—";"181000";"74 52 55";"—";"Участвует в конкурсе";"1767568";"—"
"1869";"4";"—";"181000";"72 57 52";"—";"Участвует в конкурсе";"1494423";"—"
"1870";"3";"—";"181000";"72 48 61";"—";"Участвует в конкурсе";"1614806";"—"
"1871";"5";"—";"181000";"70 56 55";"—";"Участвует в конкурсе";"1618245";"—"
"1872";"1";"Электронное";"181000";"70 54 57";"—";"Участвует в конкурсе";"1585116";"—"
"1874";"1";"Электронное";"181000";"70 48 63";"—";"Участвует в конкурсе";"1463679";"—"
"1875";"1";"Электронное";"181000";"64 69 48";"—";"Участвует в конкурсе";"1313084";"—"
"1876";"5";"—";"181000";"64 68 49";"—";"Участвует в конкурсе";"1321554";"—"
"1877";"1";"—";"181000";"64 68 49";"—";"Участвует в конкурсе";"2306745";"—"
"1878";"2";"—";"181000";"64 66 51";"—";"Участвует в конкурсе";"1396112";"—"
"1879";"6";"—";"181000";"64 63 54";"—";"Участвует в конкурсе";"1637876";"—"
"1880";"1";"—";"181000";"64 62 55";"—";"Участвует в конкурсе";"1227535";"—"
"1881";"3";"—";"181000";"64 62 55";"—";"Участвует в конкурсе";"1291153";"—"
"1882";"2";"—";"181000";"64 56 61";"—";"Участвует в конкурсе";"1290966";"—"
"1883";"3";"—";"181000";"64 56 61";"—";"Участвует в конкурсе";"2366415";"—"
"1884";"3";"—";"181000";"64 56 61";"—";"Участвует в конкурсе";"2212472";"—"
"1885";"4";"—";"181000";"64 51 66";"—";"Участвует в конкурсе";"1999201";"—"
"1886";"4";"—";"181000";"64 48 69";"—";"Участвует в конкурсе";"1105013";"—"
"1887";"1";"Электронное";"181000";"58 63 60";"—";"Участвует в конкурсе";"1165951";"—"
"1888";"3";"—";"181000";"58 62 61";"—";"Участвует в конкурсе";"846082";"—"
"1889";"7";"—";"181000";"58 62 61";"—";"Участвует в конкурсе";"1095169";"—"
"1891";"1";"—";"181000";"58 59 64";"—";"Участвует в конкурсе";"2098090";"—"
"1892";"3";"—";"181000";"58 59 64";"—";"Участвует в конкурсе";"1313817";"—"
"1893";"1";"—";"181000";"58 56 67";"—";"Участвует в конкурсе";"1636199";"—"
"1894";"2";"—";"181000";"58 56 67";"—";"Участвует в конкурсе";"1614305";"—"
"1895";"4";"—";"181000";"52 71 58";"—";"Участвует в конкурсе";"1477829";"—"
"1896";"1";"—";"181000";"52 71 58";"—";"Участвует в конкурсе";"2432923";"—"
"1897";"2";"—";"181000";"52 66 63";"—";"Участвует в конкурсе";"1784054";"—"
"1898";"1";"—";"181000";"52 66 63";"—";"Участвует в конкурсе";"2252796";"—"
"1899";"2";"—";"181000";"46 77 58";"—";"Участвует в конкурсе";"1581676";"—"
"1900";"1";"—";"181000";"46 69 66";"—";"Участвует в конкурсе";"2299523";"—"
"1901";"1";"—";"181000";"70 48 61";"2000";"Участвует в конкурсе";"1794060";"—"
"1902";"3";"—";"181000";"64 57 58";"2000";"Участвует в конкурсе";"1519109";"—"
"1903";"1";"—";"181000";"40 72 67";"2000";"Участвует в конкурсе";"1273479";"—"
"1904";"2";"—";"181000";"70 53 55";"3000";"Участвует в конкурсе";"1431006";"—"
"1905";"6";"—";"181000";"70 48 60";"3000";"Участвует в конкурсе";"1791590";"—"
"1906";"3";"—";"181000";"64 63 51";"3000";"Участвует в конкурсе";"2140291";"—"
"1907";"3";"—";"181000";"64 60 54";"3000";"Участвует в конкурсе";"1951752";"—"
"1908";"1";"—";"181000";"64 53 61";"3000";"Участвует в конкурсе";"1246555";"—"
"1909";"2";"—";"181000";"58 63 57";"3000";"Участвует в конкурсе";"2288917";"—"
"1910";"3";"—";"181000";"46 59 73";"3000";"Участвует в конкурсе";"1270672";"—"
"1911";"3";"—";"181000";"58 67 46";"10000";"Участвует в конкурсе";"1396531";"—"
"1912";"1";"—";"180000";"74 51 55";"—";"Участвует в конкурсе";"2356868";"—"
"1913";"2";"—";"180000";"74 49 57";"—";"Участвует в конкурсе";"2273915";"—"
"1914";"3";"—";"180000";"74 48 58";"—";"Участвует в конкурсе";"2142295";"—"
"1915";"1";"—";"180000";"72 57 51";"—";"Участвует в конкурсе";"1177422";"—"
"1916";"1";"—";"180000";"72 53 55";"—";"Участвует в конкурсе";"1783461";"—"
"1917";"5";"—";"180000";"70 64 46";"—";"Участвует в конкурсе";"1380626";"—"
"1918";"1";"Электронное";"180000";"70 61 49";"—";"Участвует в конкурсе";"1208533";"—"
"1919";"3";"—";"180000";"70 56 54";"—";"Сданы ВИ";"1557636";"—"
"1920";"9";"—";"180000";"64 67 49";"—";"Участвует в конкурсе";"1617845";"—"
"1921";"2";"—";"180000";"64 59 57";"—";"Участвует в конкурсе";"1986557";"—"
"1923";"4";"—";"180000";"64 55 61";"—";"Участвует в конкурсе";"1498850";"—"
"1924";"7";"—";"180000";"64 53 63";"—";"Участвует в конкурсе";"1636701";"—"
"1925";"2";"—";"180000";"64 52 64";"—";"Участвует в конкурсе";"1174473";"—"
"1927";"3";"—";"180000";"58 71 51";"—";"Участвует в конкурсе";"1202601";"—"
"1928";"5";"—";"180000";"58 64 58";"—";"Участвует в конкурсе";"1634172";"—"
"1929";"2";"—";"180000";"58 52 70";"—";"Участвует в конкурсе";"1618094";"—"
"1930";"5";"—";"180000";"52 67 61";"—";"Участвует в конкурсе";"1263973";"—"
"1931";"1";"Электронное";"180000";"46 67 67";"—";"Участвует в конкурсе";"2024526";"—"
"1933";"1";"—";"180000";"40 74 66";"—";"Участвует в конкурсе";"2089114";"—"
"1934";"4";"—";"180000";"64 59 54";"3000";"Участвует в конкурсе";"1214479";"—"
"1935";"1";"—";"180000";"64 59 54";"3000";"Участвует в конкурсе";"1883433";"—"
"1936";"2";"—";"180000";"64 59 54";"3000";"Участвует в конкурсе";"1709893";"—"
"1937";"3";"—";"180000";"64 56 57";"3000";"Участвует в конкурсе";"1750049";"—"
"1938";"3";"—";"180000";"40 70 67";"3000";"Участвует в конкурсе";"1364072";"—"
"1939";"3";"—";"180000";"52 55 67";"6000";"Участвует в конкурсе";"1630327";"—"
"1940";"4";"—";"180000";"40 64 66";"10000";"Участвует в конкурсе";"2050693";"—"
"1941";"1";"—";"179000";"74 54 51";"—";"Участвует в конкурсе";"1881243";"—"
"1942";"2";"—";"179000";"72 52 55";"—";"Участвует в конкурсе";"1361861";"—"
"1943";"1";"—";"179000";"70 63 46";"—";"Участвует в конкурсе";"1841719";"—"
"1944";"3";"—";"179000";"70 55 54";"—";"Участвует в конкурсе";"1172045";"—"
"1945";"2";"—";"179000";"70 54 55";"—";"Участвует в конкурсе";"2025479";"—"
"1946";"1";"—";"179000";"70 52 57";"—";"Участвует в конкурсе";"1344281";"—"
"1947";"3";"—";"179000";"70 48 61";"—";"Участвует в конкурсе";"1299798";"—"
"1948";"1";"—";"179000";"64 57 58";"—";"Участвует в конкурсе";"1283979";"—"
"1949";"3";"Электронное";"179000";"64 55 60";"—";"Участвует в конкурсе";"1074486";"—"
"1950";"4";"—";"179000";"64 54 61";"—";"Участвует в конкурсе";"2267648";"—"
"1951";"1";"Электронное";"179000";"64 52 63";"—";"Участвует в конкурсе";"1499312";"—"
"1952";"3";"—";"179000";"64 51 64";"—";"Участвует в конкурсе";"1705966";"—"
"1953";"4";"—";"179000";"64 51 64";"—";"Участвует в конкурсе";"2135707";"—"
"1954";"1";"—";"179000";"58 57 64";"—";"Участвует в конкурсе";"1190562";"—"
"1955";"1";"—";"179000";"58 55 66";"—";"Участвует в конкурсе";"1338946";"—"
"1956";"4";"—";"179000";"58 51 70";"—";"Участвует в конкурсе";"1182846";"—"
"1957";"2";"—";"179000";"52 67 60";"—";"Участвует в конкурсе";"1303996";"—"
"1959";"1";"—";"179000";"52 60 67";"—";"Участвует в конкурсе";"1599839";"—"
"1960";"1";"—";"179000";"46 63 70";"—";"Участвует в конкурсе";"2260867";"—"
"1961";"2";"—";"179000";"46 60 73";"—";"Участвует в конкурсе";"1101515";"—"
"1962";"4";"—";"179000";"46 60 73";"—";"Участвует в конкурсе";"1364686";"—"
"1963";"4";"—";"179000";"74 49 54";"2000";"Участвует в конкурсе";"1062557";"—"
"1964";"2";"—";"179000";"72 59 45";"3000";"Участвует в конкурсе";"2273450";"—"
"1965";"1";"—";"179000";"70 51 55";"3000";"Участвует в конкурсе";"1522024";"—"
"1966";"2";"—";"179000";"64 52 60";"3000";"Участвует в конкурсе";"1762497";"—"
"1969";"1";"Электронное";"179000";"70 51 54";"4000";"Участвует в конкурсе";"1943430";"—"
"1970";"4";"—";"179000";"58 59 57";"5000";"Участвует в конкурсе";"1603789";"—"
"1971";"3";"—";"179000";"64 53 55";"7000";"Участвует в конкурсе";"1814251";"—"
"1973";"1";"—";"178000";"72 55 51";"—";"Участвует в конкурсе";"2411266";"—"
"1974";"1";"—";"178000";"72 51 55";"—";"Участвует в конкурсе";"1165672";"—"
"1975";"2";"—";"178000";"72 51 55";"—";"Участвует в конкурсе";"2286314";"—"
"1976";"2";"—";"178000";"72 46 60";"—";"Участвует в конкурсе";"2291108";"—"
"1977";"1";"—";"178000";"70 63 45";"—";"Участвует в конкурсе";"1168413";"—"
"1978";"4";"—";"178000";"70 62 46";"—";"Участвует в конкурсе";"1794350";"—"
"1979";"3";"—";"178000";"70 56 52";"—";"Участвует в конкурсе";"1292770";"—"
"1980";"3";"—";"178000";"70 56 52";"—";"Участвует в конкурсе";"2143097";"—"
"1981";"2";"—";"178000";"70 54 54";"—";"Участвует в конкурсе";"1976853";"—"
"1982";"3";"—";"178000";"70 45 63";"—";"Участвует в конкурсе";"1796681";"—"
"1983";"6";"—";"178000";"64 60 54";"—";"Участвует в конкурсе";"1502424";"—"
"1984";"2";"Электронное";"178000";"64 59 55";"—";"Участвует в конкурсе";"1264691";"—"
"1985";"1";"—";"178000";"64 57 57";"—";"Участвует в конкурсе";"1503396";"—"
"1986";"2";"—";"178000";"64 57 57";"—";"Участвует в конкурсе";"1710623";"—"
"1987";"2";"—";"178000";"64 57 57";"—";"Участвует в конкурсе";"1496403";"—"
"1988";"3";"—";"178000";"64 54 60";"—";"Участвует в конкурсе";"1318003";"—"
"1989";"1";"Электронное";"178000";"64 53 61";"—";"Участвует в конкурсе";"1610574";"—"
"1990";"2";"—";"178000";"64 49 65";"—";"Участвует в конкурсе";"2473342";"—"
"1991";"2";"—";"178000";"64 48 66";"—";"Участвует в конкурсе";"1243881";"—"
"1992";"3";"—";"178000";"64 47 67";"—";"Участвует в конкурсе";"1628271";"—"
"1993";"3";"—";"178000";"64 45 69";"—";"Участвует в конкурсе";"1550036";"—"
"1994";"3";"—";"178000";"64 45 69";"—";"Участвует в конкурсе";"1232726";"—"
"1995";"3";"—";"178000";"58 53 67";"—";"Участвует в конкурсе";"1366854";"—"
"1996";"4";"—";"178000";"58 51 69";"—";"Участвует в конкурсе";"1153775";"—"
"1997";"2";"—";"178000";"58 51 69";"—";"Участвует в конкурсе";"1512580";"—"
"1998";"4";"—";"178000";"70 54 51";"3000";"Участвует в конкурсе";"2332309";"—"
"1999";"3";"Электронное";"178000";"64 53 58";"3000";"Участвует в конкурсе";"964809";"—"
"2000";"5";"—";"178000";"64 51 60";"3000";"Участвует в конкурсе";"2257857";"—"
"2001";"1";"—";"178000";"64 47 64";"3000";"Участвует в конкурсе";"1556509";"—"
"2002";"8";"—";"178000";"58 62 55";"3000";"Участвует в конкурсе";"1611176";"—"
"2003";"3";"—";"178000";"58 57 60";"3000";"Участвует в конкурсе";"1938512";"—"
"2004";"6";"—";"178000";"58 51 66";"3000";"Участвует в конкурсе";"1839297";"—"
"2005";"6";"—";"178000";"52 62 61";"3000";"Участвует в конкурсе";"1909136";"—"
"2006";"6";"—";"178000";"52 59 64";"3000";"Участвует в конкурсе";"1929558";"—"
"2007";"3";"—";"178000";"46 62 67";"3000";"Участвует в конкурсе";"1736617";"—"
"2008";"3";"—";"178000";"52 67 54";"5000";"Участвует в конкурсе";"2004132";"—"
"2009";"1";"—";"177000";"84 41 52";"—";"Участвует в конкурсе";"2182978";"—"
"2012";"2";"—";"177000";"72 42 63";"—";"Участвует в конкурсе";"1479606";"—"
"2013";"1";"—";"177000";"70 59 48";"—";"Участвует в конкурсе";"1182672";"—"
"2014";"1";"—";"177000";"70 56 51";"—";"Участвует в конкурсе";"1387233";"—"
"2015";"6";"—";"177000";"70 52 55";"—";"Участвует в конкурсе";"2116064";"—"
"2016";"3";"—";"177000";"70 52 55";"—";"Участвует в конкурсе";"2248243";"—"
"2017";"2";"—";"177000";"70 52 55";"—";"Участвует в конкурсе";"1980077";"—"
"2018";"1";"—";"177000";"64 67 46";"—";"Участвует в конкурсе";"1154377";"—"
"2019";"2";"—";"177000";"64 59 54";"—";"Участвует в конкурсе";"1181907";"—"
"2020";"2";"—";"177000";"64 55 58";"—";"Участвует в конкурсе";"1290654";"—"
"2021";"4";"—";"177000";"64 53 60";"—";"Участвует в конкурсе";"1541237";"—"
"2022";"1";"—";"177000";"64 52 61";"—";"Участвует в конкурсе";"1520229";"—"
"2023";"3";"—";"177000";"64 49 64";"—";"Участвует в конкурсе";"1282082";"—"
"2024";"3";"—";"177000";"58 64 55";"—";"Участвует в конкурсе";"1203668";"—"
"2025";"3";"—";"177000";"58 62 57";"—";"Участвует в конкурсе";"1073872";"—"
"2026";"1";"Электронное";"177000";"58 59 60";"—";"Участвует в конкурсе";"1886180";"—"
"2027";"1";"—";"177000";"52 73 52";"—";"Участвует в конкурсе";"1508648";"—"
"2028";"1";"—";"177000";"52 67 58";"—";"Участвует в конкурсе";"1308751";"—"
"2029";"4";"—";"177000";"52 56 69";"—";"Участвует в конкурсе";"1652927";"—"
"2030";"4";"—";"177000";"46 68 63";"—";"Участвует в конкурсе";"1852124";"—"
"2031";"4";"—";"177000";"76 47 51";"3000";"Участвует в конкурсе";"1602159";"—"
"2032";"2";"—";"177000";"72 48 54";"3000";"Участвует в конкурсе";"2218429";"—"
"2033";"1";"Электронное";"177000";"64 59 51";"3000";"Участвует в конкурсе";"1634731";"—"
"2034";"7";"—";"177000";"64 56 54";"3000";"Участвует в конкурсе";"2330302";"—"
"2035";"2";"—";"177000";"64 53 57";"3000";"Участвует в конкурсе";"1234840";"—"
"2036";"2";"—";"177000";"58 68 48";"3000";"Участвует в конкурсе";"1907913";"—"
"2037";"3";"—";"177000";"52 64 58";"3000";"Участвует в конкурсе";"1437176";"—"
"2038";"7";"—";"176000";"70 55 51";"—";"Участвует в конкурсе";"2031128";"—"
"2039";"3";"—";"176000";"70 54 52";"—";"Участвует в конкурсе";"1981298";"—"
"2040";"1";"—";"176000";"70 52 54";"—";"Участвует в конкурсе";"1265342";"—"
"2041";"1";"Электронное";"176000";"70 51 55";"—";"Участвует в конкурсе";"1492713";"—"
"2042";"4";"—";"176000";"70 49 57";"—";"Участвует в конкурсе";"2415417";"—"
"2043";"2";"—";"176000";"70 48 58";"—";"Участвует в конкурсе";"1842505";"—"
"2044";"1";"Электронное";"176000";"64 60 52";"—";"Участвует в конкурсе";"2215837";"—"
"2045";"8";"—";"176000";"64 51 61";"—";"Участвует в конкурсе";"1914947";"—"
"2046";"3";"—";"176000";"64 51 61";"—";"Участвует в конкурсе";"1797309";"—"
"2047";"3";"—";"176000";"64 51 61";"—";"Участвует в конкурсе";"1645963";"—"
"2048";"2";"—";"176000";"64 48 64";"—";"Участвует в конкурсе";"2080104";"—"
"2049";"1";"—";"176000";"58 66 52";"—";"Участвует в конкурсе";"1725804";"—"
"2050";"1";"—";"176000";"58 61 57";"—";"Участвует в конкурсе";"1706553";"—"
"2051";"1";"Электронное";"176000";"58 60 58";"—";"Участвует в конкурсе";"1273945";"—"
"2052";"2";"—";"176000";"58 55 63";"—";"Участвует в конкурсе";"2401261";"—"
"2053";"3";"—";"176000";"58 51 67";"—";"Участвует в конкурсе";"2413497";"—"
"2054";"3";"—";"176000";"52 70 54";"—";"Участвует в конкурсе";"1856467";"—"
"2055";"2";"—";"176000";"52 60 64";"—";"Участвует в конкурсе";"2384497";"—"
"2057";"1";"Электронное";"176000";"46 57 73";"—";"Участвует в конкурсе";"1626101";"—"
"2058";"2";"—";"176000";"40 64 72";"—";"Участвует в конкурсе";"1979519";"—"
"2059";"6";"—";"176000";"40 55 81";"—";"Участвует в конкурсе";"1119674";"—"
"2060";"3";"—";"176000";"58 55 60";"3000";"Участвует в конкурсе";"1608318";"—"
"2061";"4";"—";"176000";"58 54 61";"3000";"Участвует в конкурсе";"1954103";"—"
"2062";"5";"—";"176000";"52 57 64";"3000";"Участвует в конкурсе";"2027489";"—"
"2063";"1";"Электронное";"176000";"52 64 54";"6000";"Участвует в конкурсе";"1436529";"—"
"2064";"1";"—";"175000";"74 55 46";"—";"Участвует в конкурсе";"2307572";"—"
"2065";"1";"—";"175000";"74 44 57";"—";"Участвует в конкурсе";"1839984";"—"
"2066";"3";"—";"175000";"72 57 46";"—";"Участвует в конкурсе";"1913690";"—"
"2067";"6";"—";"175000";"70 57 48";"—";"Участвует в конкурсе";"2244047";"—"
"2068";"3";"—";"175000";"70 56 49";"—";"Участвует в конкурсе";"2205506";"—"
"2069";"2";"—";"175000";"64 57 54";"—";"Участвует в конкурсе";"2171024";"—"
"2070";"1";"—";"175000";"64 51 60";"—";"Участвует в конкурсе";"1964302";"—"
"2071";"2";"—";"175000";"64 48 63";"—";"Участвует в конкурсе";"2412836";"—"
"2072";"3";"—";"175000";"64 47 64";"—";"Участвует в конкурсе";"2343878";"—"
"2073";"1";"—";"175000";"58 63 54";"—";"Участвует в конкурсе";"2091128";"—"
"2074";"1";"—";"175000";"58 57 60";"—";"Участвует в конкурсе";"2246269";"—"
"2075";"1";"Электронное";"175000";"58 56 61";"—";"Участвует в конкурсе";"1567127";"—"
"2076";"5";"—";"175000";"58 54 63";"—";"Участвует в конкурсе";"1106913";"—"
"2077";"3";"—";"175000";"58 51 66";"—";"Участвует в конкурсе";"2044950";"—"
"2078";"3";"—";"175000";"58 51 66";"—";"Участвует в конкурсе";"1975476";"—"
"2079";"7";"—";"175000";"58 51 66";"—";"Участвует в конкурсе";"1706961";"—"
"2080";"5";"—";"175000";"58 48 69";"—";"Участвует в конкурсе";"2098525";"—"
"2081";"2";"—";"175000";"58 47 70";"—";"Участвует в конкурсе";"1366803";"—"
"2082";"3";"—";"175000";"52 57 66";"—";"Участвует в конкурсе";"1305639";"—"
"2083";"3";"—";"175000";"52 54 69";"—";"Участвует в конкурсе";"2401677";"—"
"2084";"1";"—";"175000";"46 72 57";"—";"Участвует в конкурсе";"1462887";"—"
"2085";"2";"—";"175000";"46 71 58";"—";"Участвует в конкурсе";"1356912";"—"
"2086";"2";"—";"175000";"72 52 49";"2000";"Участвует в конкурсе";"1183127";"—"
"2087";"1";"Электронное";"175000";"72 52 48";"3000";"Участвует в конкурсе";"1997488";"—"
"2088";"4";"—";"175000";"58 59 55";"3000";"Участвует в конкурсе";"1956200";"—"
"2089";"2";"—";"174000";"74 39 61";"—";"Выбыл из конкурса";"2238519";"—"
"2090";"1";"—";"174000";"72 59 43";"—";"Участвует в конкурсе";"2391669";"—"
"2091";"7";"—";"174000";"70 55 49";"—";"Участвует в конкурсе";"970431";"—"
"2092";"3";"—";"174000";"70 47 57";"—";"Участвует в конкурсе";"1314327";"—"
"2093";"3";"—";"174000";"70 47 57";"—";"Участвует в конкурсе";"2179150";"—"
"2094";"1";"Электронное";"174000";"64 55 55";"—";"Участвует в конкурсе";"1194688";"—"
"2095";"1";"—";"174000";"64 55 55";"—";"Участвует в конкурсе";"951837";"—"
"2096";"5";"—";"174000";"64 55 55";"—";"Участвует в конкурсе";"1515564";"—"
"2097";"4";"—";"174000";"58 67 49";"—";"Участвует в конкурсе";"1291598";"—"
"2098";"2";"—";"174000";"58 59 57";"—";"Участвует в конкурсе";"2271694";"—"
"2099";"5";"—";"174000";"58 52 64";"—";"Участвует в конкурсе";"1483825";"—"
"2100";"2";"—";"174000";"58 49 67";"—";"Участвует в конкурсе";"2169259";"—"
"2102";"5";"—";"174000";"52 64 58";"—";"Участвует в конкурсе";"1202408";"—"
"2103";"6";"—";"174000";"52 62 60";"—";"Участвует в конкурсе";"1524414";"—"
"2104";"2";"—";"174000";"52 59 63";"—";"Участвует в конкурсе";"2242195";"—"
"2105";"3";"—";"174000";"52 56 66";"—";"Участвует в конкурсе";"2332607";"—"
"2106";"3";"—";"174000";"52 55 67";"—";"Участвует в конкурсе";"1061637";"—"
"2107";"3";"—";"174000";"52 49 73";"—";"Участвует в конкурсе";"1816283";"—"
"2108";"2";"—";"174000";"46 64 64";"—";"Участвует в конкурсе";"1283373";"—"
"2109";"1";"—";"174000";"46 56 72";"—";"Участвует в конкурсе";"1077778";"—"
"2110";"5";"—";"174000";"46 53 75";"—";"Участвует в конкурсе";"1425165";"—"
"2111";"1";"—";"174000";"70 49 52";"3000";"Участвует в конкурсе";"2100274";"—"
"2112";"2";"—";"174000";"58 64 49";"3000";"Участвует в конкурсе";"1422589";"—"
"2113";"2";"—";"174000";"58 59 54";"3000";"Участвует в конкурсе";"2252253";"—"
"2115";"3";"—";"174000";"58 53 60";"3000";"Участвует в конкурсе";"1714754";"—"
"2116";"1";"—";"174000";"52 59 60";"3000";"Участвует в конкурсе";"1107894";"—"
"2117";"2";"—";"174000";"52 56 63";"3000";"Участвует в конкурсе";"1304023";"—"
"2118";"4";"—";"174000";"52 51 61";"10000";"Участвует в конкурсе";"1039797";"—"
"2119";"2";"—";"173000";"70 60 43";"—";"Участвует в конкурсе";"1106106";"—"
"2120";"1";"Электронное";"173000";"70 52 51";"—";"Участвует в конкурсе";"963422";"—"
"2121";"1";"—";"173000";"70 51 52";"—";"Участвует в конкурсе";"2182740";"—"
"2122";"1";"—";"173000";"70 48 55";"—";"Участвует в конкурсе";"1399958";"—"
"2123";"5";"—";"173000";"70 46 57";"—";"Участвует в конкурсе";"1772020";"—"
"2124";"3";"—";"173000";"58 67 48";"—";"Участвует в конкурсе";"1425598";"—"
"2125";"2";"—";"173000";"58 57 58";"—";"Участвует в конкурсе";"2418714";"—"
"2126";"1";"Электронное";"173000";"58 52 63";"—";"Участвует в конкурсе";"2102064";"—"
"2128";"1";"—";"173000";"58 48 67";"—";"Участвует в конкурсе";"2241972";"—"
"2129";"2";"Электронное";"173000";"52 67 54";"—";"Участвует в конкурсе";"1432959";"—"
"2130";"2";"—";"173000";"52 60 61";"—";"Участвует в конкурсе";"2078455";"—"
"2131";"1";"—";"173000";"52 58 63";"—";"Участвует в конкурсе";"1145301";"—"
"2132";"4";"—";"173000";"46 75 52";"—";"Участвует в конкурсе";"2431765";"—"
"2133";"1";"—";"173000";"46 70 57";"—";"Участвует в конкурсе";"2354460";"—"
"2134";"2";"—";"173000";"46 60 67";"—";"Участвует в конкурсе";"1521628";"—"
"2135";"1";"—";"173000";"46 60 67";"—";"Участвует в конкурсе";"1512056";"—"
"2136";"1";"Электронное";"173000";"46 57 70";"—";"Участвует в конкурсе";"1569630";"—"
"2137";"5";"—";"173000";"64 55 52";"2000";"Участвует в конкурсе";"1653873";"—"
"2138";"1";"—";"173000";"64 40 67";"2000";"Выбыл из конкурса";"953791";"—"
"2139";"6";"—";"173000";"64 49 57";"3000";"Участвует в конкурсе";"1962629";"—"
"2140";"3";"—";"173000";"64 48 58";"3000";"Участвует в конкурсе";"1030324";"—"
"2141";"4";"—";"173000";"58 60 52";"3000";"Участвует в конкурсе";"2310732";"—"
"2142";"1";"—";"173000";"58 57 55";"3000";"Участвует в конкурсе";"1473643";"—"
"2143";"4";"—";"173000";"64 49 54";"6000";"Участвует в конкурсе";"1606338";"—"
"2144";"4";"—";"172000";"76 56 40";"—";"Участвует в конкурсе";"2431511";"—"
"2145";"1";"—";"172000";"74 47 51";"—";"Участвует в конкурсе";"2384722";"—"
"2146";"2";"—";"172000";"70 56 46";"—";"Участвует в конкурсе";"1964814";"—"
"2147";"5";"—";"172000";"70 53 49";"—";"Участвует в конкурсе";"1399712";"—"
"2148";"1";"Электронное";"172000";"70 51 51";"—";"Участвует в конкурсе";"2290078";"—"
"2149";"2";"—";"172000";"70 48 54";"—";"Участвует в конкурсе";"1797787";"—"
"2150";"1";"—";"172000";"64 60 48";"—";"Участвует в конкурсе";"2299000";"—"
"2151";"3";"—";"172000";"64 59 49";"—";"Участвует в конкурсе";"1405048";"—"
"2152";"3";"—";"172000";"64 54 54";"—";"Участвует в конкурсе";"1888584";"—"
"2153";"1";"—";"172000";"64 53 55";"—";"Участвует в конкурсе";"1953712";"—"
"2154";"5";"—";"172000";"64 51 57";"—";"Участвует в конкурсе";"1501255";"—"
"2155";"9";"—";"172000";"64 48 60";"—";"Участвует в конкурсе";"2178244";"—"
"2156";"2";"—";"172000";"64 47 61";"—";"Участвует в конкурсе";"1518209";"—"
"2157";"1";"Электронное";"172000";"64 47 61";"—";"Участвует в конкурсе";"1879972";"—"
"2158";"1";"—";"172000";"64 47 61";"—";"Участвует в конкурсе";"1571859";"—"
"2159";"2";"—";"172000";"64 45 63";"—";"Участвует в конкурсе";"1896566";"—"
"2160";"3";"—";"172000";"58 62 52";"—";"Участвует в конкурсе";"2218154";"—"
"2161";"5";"—";"172000";"58 59 55";"—";"Участвует в конкурсе";"956684";"—"
"2162";"3";"—";"172000";"58 57 57";"—";"Участвует в конкурсе";"2139693";"—"
"2163";"1";"—";"172000";"58 53 61";"—";"Участвует в конкурсе";"1611299";"—"
"2164";"11";"—";"172000";"58 51 63";"—";"Участвует в конкурсе";"1393767";"—"
"2165";"3";"—";"172000";"58 51 63";"—";"Участвует в конкурсе";"1959892";"—"
"2166";"2";"—";"172000";"58 51 63";"—";"Участвует в конкурсе";"2107435";"—"
"2167";"5";"—";"172000";"52 63 57";"—";"Участвует в конкурсе";"1583153";"—"
"2168";"1";"—";"172000";"52 63 57";"—";"Участвует в конкурсе";"2267971";"—"
"2169";"3";"—";"172000";"52 60 60";"—";"Участвует в конкурсе";"1986353";"—"
"2170";"4";"—";"172000";"52 59 61";"—";"Участвует в конкурсе";"1077706";"—"
"2171";"2";"—";"172000";"52 56 64";"—";"Участвует в конкурсе";"1367211";"—"
"2173";"2";"—";"172000";"46 71 55";"—";"Участвует в конкурсе";"1354732";"—"
"2175";"2";"—";"172000";"40 68 64";"—";"Участвует в конкурсе";"2335398";"—"
"2176";"2";"—";"172000";"52 55 63";"2000";"Участвует в конкурсе";"1953145";"—"
"2177";"3";"—";"172000";"64 57 48";"3000";"Участвует в конкурсе";"1628357";"—"
"2178";"2";"—";"172000";"58 51 60";"3000";"Участвует в конкурсе";"1211287";"—"
"2179";"1";"Электронное";"172000";"58 48 63";"3000";"Участвует в конкурсе";"1359288";"—"
"2180";"2";"—";"172000";"52 60 57";"3000";"Участвует в конкурсе";"1245007";"—"
"2181";"4";"—";"172000";"52 53 64";"3000";"Участвует в конкурсе";"2274290";"—"
"2182";"2";"—";"172000";"52 51 66";"3000";"Участвует в конкурсе";"1163873";"—"
"2183";"2";"—";"172000";"40 48 81";"3000";"Участвует в конкурсе";"2421586";"—"
"2184";"1";"—";"172000";"52 56 58";"6000";"Участвует в конкурсе";"1983876";"—"
"2185";"3";"—";"171000";"76 49 46";"—";"Участвует в конкурсе";"1617048";"—"
"2186";"6";"—";"171000";"74 45 52";"—";"Участвует в конкурсе";"1963397";"—"
"2187";"8";"—";"171000";"72 54 45";"—";"Участвует в конкурсе";"2206878";"—"
"2189";"3";"—";"171000";"70 49 52";"—";"Участвует в конкурсе";"2355885";"—"
"2190";"7";"—";"171000";"70 46 55";"—";"Участвует в конкурсе";"1336545";"—"
"2191";"1";"Электронное";"171000";"70 46 55";"—";"Участвует в конкурсе";"1943390";"—"
"2192";"3";"—";"171000";"64 56 51";"—";"Участвует в конкурсе";"1153379";"—"
"2193";"2";"—";"171000";"64 53 54";"—";"Участвует в конкурсе";"1946852";"—"
"2194";"1";"—";"171000";"64 52 55";"—";"Участвует в конкурсе";"1250886";"—"
"2195";"1";"—";"171000";"64 52 55";"—";"Участвует в конкурсе";"1986904";"—"
"2196";"7";"—";"171000";"64 52 55";"—";"Участвует в конкурсе";"1232446";"—"
"2197";"4";"—";"171000";"64 50 57";"—";"Участвует в конкурсе";"1651165";"—"
"2198";"5";"Электронное";"171000";"64 46 61";"—";"Участвует в конкурсе";"1638355";"—"
"2199";"2";"—";"171000";"58 64 49";"—";"Участвует в конкурсе";"1607161";"—"
"2200";"2";"—";"171000";"58 62 51";"—";"Участвует в конкурсе";"1778951";"—"
"2201";"2";"—";"171000";"58 59 54";"—";"Участвует в конкурсе";"1641067";"—"
"2202";"1";"—";"171000";"58 56 57";"—";"Участвует в конкурсе";"2350562";"—"
"2203";"3";"—";"171000";"58 52 61";"—";"Участвует в конкурсе";"1402702";"—"
"2204";"6";"—";"171000";"58 46 67";"—";"Участвует в конкурсе";"2199248";"—"
"2205";"1";"—";"171000";"52 67 52";"—";"Участвует в конкурсе";"1656142";"—"
"2206";"1";"—";"171000";"52 62 57";"—";"Участвует в конкурсе";"1182149";"—"
"2207";"6";"—";"171000";"52 59 60";"—";"Участвует в конкурсе";"1725182";"—"
"2208";"4";"—";"171000";"52 55 64";"—";"Участвует в конкурсе";"2051484";"—"
"2209";"1";"Электронное";"171000";"46 67 58";"—";"Участвует в конкурсе";"1959044";"—"
"2210";"1";"—";"171000";"46 59 66";"—";"Участвует в конкурсе";"1520789";"—"
"2211";"1";"—";"171000";"46 56 67";"2000";"Участвует в конкурсе";"1658977";"—"
"2212";"2";"—";"171000";"64 53 51";"3000";"Участвует в конкурсе";"2175671";"—"
"2213";"1";"—";"171000";"58 64 46";"3000";"Участвует в конкурсе";"973132";"—"
"2214";"2";"—";"171000";"58 59 51";"3000";"Участвует в конкурсе";"1053083";"—"
"2215";"3";"—";"171000";"58 56 54";"3000";"Участвует в конкурсе";"1944486";"—"
"2216";"3";"—";"171000";"52 67 49";"3000";"Участвует в конкурсе";"1499487";"—"
"2218";"1";"—";"171000";"52 59 57";"3000";"Участвует в конкурсе";"2080411";"—"
"2219";"1";"—";"170000";"64 48 58";"—";"Участвует в конкурсе";"2308102";"—"
"2220";"2";"—";"170000";"64 45 61";"—";"Участвует в конкурсе";"991992";"—"
"2221";"3";"—";"170000";"58 60 52";"—";"Участвует в конкурсе";"1714164";"—"
"2222";"8";"—";"170000";"58 54 58";"—";"Участвует в конкурсе";"1000022";"—"
"2223";"8";"—";"170000";"58 54 58";"—";"Участвует в конкурсе";"1353277";"—"
"2224";"1";"—";"170000";"58 48 64";"—";"Участвует в конкурсе";"1617760";"—"
"2225";"4";"—";"170000";"52 64 54";"—";"Участвует в конкурсе";"2368361";"—"
"2226";"4";"—";"170000";"46 72 52";"—";"Участвует в конкурсе";"1948435";"—"
"2227";"3";"—";"170000";"40 75 55";"—";"Участвует в конкурсе";"2224657";"—"
"2228";"3";"—";"170000";"40 63 67";"—";"Участвует в конкурсе";"2260771";"—"
"2229";"4";"—";"170000";"58 62 48";"2000";"Участвует в конкурсе";"1837282";"—"
"2230";"2";"—";"170000";"72 52 43";"3000";"Участвует в конкурсе";"1855051";"—"
"2231";"3";"—";"170000";"64 51 52";"3000";"Участвует в конкурсе";"2310186";"—"
"2232";"5";"—";"170000";"64 49 54";"3000";"Участвует в конкурсе";"2132615";"—"
"2233";"2";"—";"170000";"58 49 60";"3000";"Участвует в конкурсе";"1565475";"—"
"2234";"1";"Электронное";"170000";"58 49 60";"3000";"Участвует в конкурсе";"2116417";"—"
"2235";"3";"—";"170000";"52 59 55";"4000";"Участвует в конкурсе";"2234423";"—"
"2236";"1";"—";"170000";"46 56 61";"7000";"Участвует в конкурсе";"1158595";"—"
"2237";"1";"—";"169000";"78 45 46";"—";"Участвует в конкурсе";"2003917";"—"
"2238";"1";"—";"169000";"72 45 52";"—";"Участвует в конкурсе";"1840732";"—"
"2239";"3";"—";"169000";"70 51 48";"—";"Участвует в конкурсе";"2142129";"—"
"2240";"2";"—";"169000";"70 48 51";"—";"Участвует в конкурсе";"2339902";"—"
"2241";"2";"—";"169000";"70 48 51";"—";"Участвует в конкурсе";"1959268";"—"
"2242";"1";"—";"169000";"70 47 52";"—";"Участвует в конкурсе";"1708949";"—"
"2243";"4";"—";"169000";"64 62 43";"—";"Участвует в конкурсе";"1979484";"—"
"2244";"3";"—";"169000";"64 54 51";"—";"Участвует в конкурсе";"1308943";"—"
"2245";"2";"—";"169000";"64 51 54";"—";"Участвует в конкурсе";"1158292";"—"
"2246";"2";"—";"169000";"64 50 55";"—";"Участвует в конкурсе";"1854381";"—"
"2247";"3";"—";"169000";"64 48 57";"—";"Участвует в конкурсе";"1289605";"—"
"2248";"2";"—";"169000";"64 48 57";"—";"Участвует в конкурсе";"1279087";"—"
"2249";"2";"—";"169000";"64 48 57";"—";"Участвует в конкурсе";"1655609";"—"
"2250";"3";"—";"169000";"58 56 55";"—";"Участвует в конкурсе";"1041630";"—"
"2251";"2";"—";"169000";"58 53 58";"—";"Участвует в конкурсе";"1839892";"—"
"2252";"1";"—";"169000";"58 51 60";"—";"Участвует в конкурсе";"2230374";"—"
"2253";"1";"—";"169000";"58 48 63";"—";"Участвует в конкурсе";"1282960";"—"
"2254";"3";"—";"169000";"58 47 64";"—";"Участвует в конкурсе";"1353398";"—"
"2255";"1";"—";"169000";"52 62 55";"—";"Участвует в конкурсе";"1549239";"—"
"2256";"1";"Электронное";"169000";"52 60 57";"—";"Участвует в конкурсе";"1267492";"—"
"2257";"1";"—";"169000";"52 59 58";"—";"Участвует в конкурсе";"2310156";"—"
"2259";"2";"—";"169000";"46 68 55";"—";"Участвует в конкурсе";"2309081";"—"
"2260";"3";"—";"169000";"46 65 58";"—";"Участвует в конкурсе";"1628584";"—"
"2261";"1";"Электронное";"169000";"46 56 67";"—";"Участвует в конкурсе";"1335280";"—"
"2262";"3";"—";"169000";"40 65 64";"—";"Участвует в конкурсе";"1304615";"—"
"2263";"3";"—";"169000";"70 45 52";"2000";"Участвует в конкурсе";"1860175";"—"
"2264";"4";"—";"169000";"58 60 49";"2000";"Участвует в конкурсе";"1208174";"—"
"2265";"4";"—";"169000";"64 48 54";"3000";"Участвует в конкурсе";"1341843";"—"
"2266";"2";"—";"169000";"64 48 54";"3000";"Участвует в конкурсе";"2302507";"—"
"2267";"4";"—";"169000";"52 62 52";"3000";"Участвует в конкурсе";"1159143";"—"
"2268";"2";"—";"169000";"52 59 55";"3000";"Участвует в конкурсе";"1960144";"—"
"2269";"2";"—";"169000";"52 53 61";"3000";"Участвует в конкурсе";"1270677";"—"
"2270";"2";"—";"169000";"46 50 70";"3000";"Участвует в конкурсе";"1316121";"—"
"2271";"6";"—";"169000";"40 62 61";"6000";"Участвует в конкурсе";"2254875";"—"
"2272";"1";"Электронное";"169000";"46 56 60";"7000";"Участвует в конкурсе";"2003927";"—"
"2273";"2";"—";"168000";"74 48 46";"—";"Участвует в конкурсе";"2305853";"—"
"2274";"1";"—";"168000";"72 48 48";"—";"Участвует в конкурсе";"1041411";"—"
"2275";"2";"Электронное";"168000";"70 49 49";"—";"Участвует в конкурсе";"2308075";"—"
"2276";"3";"—";"168000";"64 61 43";"—";"Участвует в конкурсе";"1596876";"—"
"2277";"3";"—";"168000";"64 55 49";"—";"Участвует в конкурсе";"2006401";"—"
"2278";"3";"—";"168000";"64 52 52";"—";"Участвует в конкурсе";"1347739";"—"
"2279";"2";"—";"168000";"64 49 55";"—";"Участвует в конкурсе";"2177136";"—"
"2280";"1";"Электронное";"168000";"64 47 57";"—";"Участвует в конкурсе";"1360325";"—"
"2281";"2";"—";"168000";"64 44 60";"—";"Выбыл из конкурса";"1140807";"—"
"2282";"1";"—";"168000";"58 59 51";"—";"Участвует в конкурсе";"1556987";"—"
"2283";"1";"Электронное";"168000";"58 56 54";"—";"Участвует в конкурсе";"1260626";"—"
"2285";"3";"—";"168000";"58 55 55";"—";"Участвует в конкурсе";"2091349";"—"
"2286";"1";"—";"168000";"58 49 61";"—";"Участвует в конкурсе";"1043659";"—"
"2287";"4";"—";"168000";"58 49 61";"—";"Участвует в конкурсе";"1564481";"—"
"2288";"2";"—";"168000";"52 59 57";"—";"Участвует в конкурсе";"1730587";"—"
"2289";"4";"—";"168000";"52 53 63";"—";"Участвует в конкурсе";"1602134";"—"
"2290";"1";"—";"168000";"46 67 55";"—";"Участвует в конкурсе";"1434080";"—"
"2291";"3";"—";"168000";"46 65 57";"—";"Участвует в конкурсе";"1416979";"—"
"2292";"2";"—";"168000";"46 64 58";"—";"Участвует в конкурсе";"1281777";"—"
"2293";"2";"—";"168000";"40 68 60";"—";"Участвует в конкурсе";"1444371";"—"
"2294";"1";"—";"168000";"40 71 55";"2000";"Участвует в конкурсе";"1561973";"—"
"2295";"2";"—";"168000";"64 55 46";"3000";"Участвует в конкурсе";"2054573";"—"
"2296";"2";"—";"168000";"58 58 49";"3000";"Участвует в конкурсе";"2001628";"—"
"2297";"2";"—";"168000";"52 53 60";"3000";"Участвует в конкурсе";"1834264";"—"
"2298";"5";"—";"168000";"40 64 61";"3000";"Участвует в конкурсе";"1719818";"—"
"2299";"1";"—";"167000";"74 48 45";"—";"Участвует в конкурсе";"1602298";"—"
"2300";"3";"—";"167000";"70 49 48";"—";"Участвует в конкурсе";"1179719";"—"
"2301";"3";"—";"167000";"70 48 49";"—";"Участвует в конкурсе";"1761258";"—"
"2302";"2";"—";"167000";"64 60 43";"—";"Участвует в конкурсе";"1787690";"—"
"2303";"3";"—";"167000";"64 57 46";"—";"Участвует в конкурсе";"2338679";"—"
"2304";"6";"—";"167000";"64 55 48";"—";"Участвует в конкурсе";"1577798";"—"
"2305";"1";"—";"167000";"64 54 49";"—";"Участвует в конкурсе";"2215535";"—"
"2306";"2";"—";"167000";"64 51 52";"—";"Участвует в конкурсе";"1612107";"—"
"2310";"3";"—";"167000";"64 43 60";"—";"Выбыл из конкурса";"1365031";"—"
"2311";"2";"—";"167000";"58 64 45";"—";"Участвует в конкурсе";"1320851";"—"
"2312";"1";"—";"167000";"58 55 54";"—";"Участвует в конкурсе";"1910288";"—"
"2313";"3";"—";"167000";"58 55 54";"—";"Участвует в конкурсе";"2133234";"—"
"2315";"4";"—";"167000";"58 52 57";"—";"Участвует в конкурсе";"1914175";"—"
"2316";"2";"—";"167000";"58 42 67";"—";"Участвует в конкурсе";"1444556";"—"
"2317";"1";"Электронное";"167000";"52 57 58";"—";"Участвует в конкурсе";"1381128";"—"
"2318";"4";"—";"167000";"52 52 63";"—";"Участвует в конкурсе";"1013588";"—"
"2319";"5";"—";"167000";"52 45 70";"—";"Участвует в конкурсе";"1640272";"—"
"2320";"1";"—";"167000";"46 70 51";"—";"Участвует в конкурсе";"2210733";"—"
"2321";"2";"—";"167000";"46 55 66";"—";"Участвует в конкурсе";"2362718";"—"
"2322";"7";"—";"167000";"46 51 70";"—";"Участвует в конкурсе";"1872726";"—"
"2324";"3";"—";"167000";"40 66 61";"—";"Участвует в конкурсе";"2337769";"—"
"2325";"2";"—";"167000";"64 53 48";"2000";"Участвует в конкурсе";"1695755";"—"
"2326";"2";"—";"167000";"70 45 49";"3000";"Участвует в конкурсе";"1794336";"—"
"2327";"6";"—";"167000";"64 49 51";"3000";"Участвует в конкурсе";"2336105";"—"
"2328";"3";"—";"167000";"58 52 54";"3000";"Участвует в конкурсе";"1235899";"—"
"2329";"5";"—";"167000";"58 49 57";"3000";"Участвует в конкурсе";"1158291";"—"
"2330";"2";"—";"167000";"58 48 58";"3000";"Участвует в конкурсе";"2050209";"—"
"2331";"1";"—";"167000";"52 60 52";"3000";"Участвует в конкурсе";"1604958";"—"
"2332";"2";"—";"167000";"52 55 57";"3000";"Участвует в конкурсе";"2249595";"—"
"2333";"6";"—";"167000";"52 51 61";"3000";"Участвует в конкурсе";"2334982";"—"
"2334";"2";"—";"167000";"46 70 48";"3000";"Участвует в конкурсе";"2269221";"—"
"2335";"3";"—";"167000";"46 66 52";"3000";"Участвует в конкурсе";"1726940";"—"
"2336";"4";"—";"167000";"0 83 81";"3000";"Выбыл из конкурса";"1132494";"—"
"2337";"1";"—";"167000";"58 41 63";"5000";"Участвует в конкурсе";"1564733";"—"
"2338";"1";"Электронное";"166000";"76 45 45";"—";"Участвует в конкурсе";"2228099";"—"
"2339";"2";"—";"166000";"70 51 45";"—";"Участвует в конкурсе";"1064066";"—"
"2340";"1";"—";"166000";"64 47 55";"—";"Участвует в конкурсе";"1791352";"—"
"2341";"3";"—";"166000";"58 60 48";"—";"Участвует в конкурсе";"1253756";"—"
"2342";"1";"—";"166000";"58 59 49";"—";"Участвует в конкурсе";"2159814";"—"
"2343";"3";"—";"166000";"58 57 51";"—";"Участвует в конкурсе";"1255909";"—"
"2344";"1";"—";"166000";"58 57 51";"—";"Участвует в конкурсе";"1963095";"—"
"2345";"6";"—";"166000";"58 56 52";"—";"Участвует в конкурсе";"1159672";"—"
"2346";"2";"—";"166000";"58 56 52";"—";"Участвует в конкурсе";"1104749";"—"
"2347";"2";"—";"166000";"58 53 55";"—";"Участвует в конкурсе";"1781879";"—"
"2348";"1";"Электронное";"166000";"58 53 55";"—";"Участвует в конкурсе";"1687434";"—"
"2349";"3";"Электронное";"166000";"58 51 57";"—";"Участвует в конкурсе";"2191641";"—"
"2350";"3";"—";"166000";"58 51 57";"—";"Участвует в конкурсе";"1610644";"—"
"2351";"1";"—";"166000";"58 48 60";"—";"Участвует в конкурсе";"1960080";"—"
"2352";"2";"—";"166000";"46 60 60";"—";"Участвует в конкурсе";"1042168";"—"
"2353";"1";"—";"166000";"46 60 60";"—";"Сданы ВИ";"2409676";"—"
"2354";"5";"—";"166000";"40 63 63";"—";"Участвует в конкурсе";"2367267";"—"
"2355";"8";"—";"166000";"40 55 69";"2000";"Участвует в конкурсе";"1612861";"—"
"2356";"2";"—";"166000";"70 47 46";"3000";"Участвует в конкурсе";"2180778";"—"
"2357";"3";"—";"166000";"58 60 45";"3000";"Участвует в конкурсе";"1635096";"—"
"2358";"3";"—";"166000";"58 59 46";"3000";"Участвует в конкурсе";"1290045";"—"
"2359";"1";"Электронное";"166000";"58 57 48";"3000";"Участвует в конкурсе";"1710843";"—"
"2360";"3";"—";"166000";"58 48 57";"3000";"Участвует в конкурсе";"2241607";"—"
"2361";"4";"—";"166000";"58 45 60";"3000";"Участвует в конкурсе";"1999033";"—"
"2362";"2";"—";"166000";"46 56 61";"3000";"Участвует в конкурсе";"1413571";"—"
"2363";"1";"—";"166000";"40 60 63";"3000";"Участвует в конкурсе";"1258123";"—"
"2364";"1";"—";"166000";"46 55 55";"10000";"Участвует в конкурсе";"1518913";"—"
"2365";"2";"—";"165000";"72 47 46";"—";"Участвует в конкурсе";"1089532";"—"
"2366";"2";"—";"165000";"72 45 48";"—";"Участвует в конкурсе";"1061051";"—"
"2367";"2";"—";"165000";"70 53 42";"—";"Участвует в конкурсе";"2250639";"—"
"2368";"4";"—";"165000";"70 53 42";"—";"Участвует в конкурсе";"1176718";"—"
"2369";"1";"—";"165000";"64 53 48";"—";"Участвует в конкурсе";"1264097";"—"
"2370";"2";"—";"165000";"64 47 54";"—";"Участвует в конкурсе";"2227675";"—"
"2371";"3";"—";"165000";"64 47 54";"—";"Участвует в конкурсе";"2225006";"—"
"2372";"1";"—";"165000";"58 59 48";"—";"Участвует в конкурсе";"1615937";"—"
"2373";"2";"—";"165000";"58 53 54";"—";"Участвует в конкурсе";"1367796";"—"
"2374";"3";"—";"165000";"58 53 54";"—";"Участвует в конкурсе";"2140045";"—"
"2375";"2";"—";"165000";"58 52 55";"—";"Участвует в конкурсе";"1382560";"—"
"2376";"1";"—";"165000";"58 49 58";"—";"Участвует в конкурсе";"1043877";"—"
"2377";"1";"Электронное";"165000";"58 46 61";"—";"Участвует в конкурсе";"2234982";"—"
"2378";"2";"Электронное";"165000";"58 43 64";"—";"Участвует в конкурсе";"1567029";"—"
"2379";"2";"—";"165000";"52 62 51";"—";"Участвует в конкурсе";"1858038";"—"
"2381";"2";"—";"165000";"52 56 57";"—";"Участвует в конкурсе";"2252451";"—"
"2382";"5";"—";"165000";"52 55 58";"—";"Участвует в конкурсе";"1090567";"—"
"2383";"1";"—";"165000";"52 55 58";"—";"Участвует в конкурсе";"1407970";"—"
"2384";"7";"—";"165000";"52 53 60";"—";"Сданы ВИ";"1255083";"—"
"2385";"1";"—";"165000";"52 49 64";"—";"Участвует в конкурсе";"1797632";"—"
"2386";"5";"—";"165000";"46 64 55";"—";"Участвует в конкурсе";"1253823";"—"
"2387";"2";"—";"165000";"46 53 66";"—";"Участвует в конкурсе";"1290030";"—"
"2388";"3";"—";"165000";"46 52 67";"—";"Участвует в конкурсе";"1825567";"—"
"2389";"1";"—";"165000";"40 67 58";"—";"Участвует в конкурсе";"2331551";"—"
"2391";"1";"—";"165000";"40 56 69";"—";"Участвует в конкурсе";"2266402";"—"
"2392";"1";"Электронное";"165000";"58 60 45";"2000";"Участвует в конкурсе";"1348548";"—"
"2393";"5";"—";"165000";"58 53 51";"3000";"Участвует в конкурсе";"1717635";"—"
"2394";"4";"—";"165000";"58 52 52";"3000";"Участвует в конкурсе";"2308361";"—"
"2395";"2";"Электронное";"165000";"46 55 61";"3000";"Участвует в конкурсе";"1515001";"—"
"2396";"4";"—";"165000";"58 48 54";"5000";"Участвует в конкурсе";"1826662";"—"
"2397";"2";"—";"164000";"64 52 48";"—";"Участвует в конкурсе";"1205997";"—"
"2398";"1";"—";"164000";"64 51 49";"—";"Участвует в конкурсе";"1845617";"—"
"2399";"3";"—";"164000";"64 51 49";"—";"Участвует в конкурсе";"2219935";"—"
"2400";"2";"—";"164000";"64 49 51";"—";"Участвует в конкурсе";"1644482";"—"
"2401";"2";"—";"164000";"64 49 51";"—";"Участвует в конкурсе";"2365580";"—"
"2402";"1";"—";"164000";"64 48 52";"—";"Участвует в конкурсе";"1202342";"—"
"2403";"3";"—";"164000";"64 48 52";"—";"Участвует в конкурсе";"1738879";"—"
"2404";"2";"—";"164000";"58 55 51";"—";"Участвует в конкурсе";"1654105";"—"
"2405";"6";"—";"164000";"58 55 51";"—";"Участвует в конкурсе";"2312793";"—"
"2406";"1";"—";"164000";"58 51 55";"—";"Участвует в конкурсе";"2169424";"—"
"2407";"1";"—";"164000";"58 49 57";"—";"Участвует в конкурсе";"2401375";"—"
"2408";"1";"Электронное";"164000";"58 48 58";"—";"Участвует в конкурсе";"1383453";"—"
"2409";"2";"—";"164000";"58 48 58";"—";"Участвует в конкурсе";"2208046";"—"
"2410";"2";"—";"164000";"52 67 45";"—";"Участвует в конкурсе";"1211642";"—"
"2411";"2";"—";"164000";"52 54 58";"—";"Участвует в конкурсе";"1177372";"—"
"2412";"1";"Электронное";"164000";"52 49 63";"—";"Участвует в конкурсе";"2174392";"—"
"2413";"4";"—";"164000";"52 49 63";"—";"Участвует в конкурсе";"2116062";"—"
"2414";"4";"—";"164000";"52 46 66";"—";"Участвует в конкурсе";"2314272";"—"
"2415";"1";"—";"164000";"46 66 52";"—";"Участвует в конкурсе";"1581891";"—"
"2416";"3";"—";"164000";"46 55 63";"—";"Участвует в конкурсе";"2130903";"—"
"2418";"2";"—";"164000";"58 51 52";"3000";"Участвует в конкурсе";"1251898";"—"
"2419";"1";"Электронное";"164000";"58 49 54";"3000";"Участвует в конкурсе";"1517504";"—"
"2420";"2";"—";"164000";"58 49 54";"3000";"Участвует в конкурсе";"1961248";"—"
"2421";"4";"—";"164000";"58 40 63";"3000";"Выбыл из конкурса";"2255042";"—"
"2422";"2";"—";"164000";"46 51 64";"3000";"Участвует в конкурсе";"1125654";"—"
"2423";"2";"—";"163000";"72 45 46";"—";"Участвует в конкурсе";"1988625";"—"
"2424";"1";"—";"163000";"70 47 46";"—";"Участвует в конкурсе";"1107487";"—"
"2425";"10";"—";"163000";"64 56 43";"—";"Участвует в конкурсе";"2308608";"—"
"2426";"1";"Электронное";"163000";"64 54 45";"—";"Участвует в конкурсе";"1954299";"—"
"2427";"3";"—";"163000";"64 53 46";"—";"Участвует в конкурсе";"2030675";"—"
"2428";"4";"—";"163000";"64 51 48";"—";"Участвует в конкурсе";"1852367";"—"
"2429";"3";"—";"163000";"58 62 43";"—";"Участвует в конкурсе";"1253577";"—"
"2430";"1";"—";"163000";"58 56 49";"—";"Участвует в конкурсе";"1899877";"—"
"2432";"4";"—";"163000";"58 53 52";"—";"Участвует в конкурсе";"1816884";"—"
"2433";"2";"—";"163000";"58 53 52";"—";"Участвует в конкурсе";"1997821";"—"
"2434";"1";"—";"163000";"58 53 52";"—";"Участвует в конкурсе";"2310586";"—"
"2435";"2";"—";"163000";"58 53 52";"—";"Участвует в конкурсе";"2390039";"—"
"2436";"1";"Электронное";"163000";"58 51 54";"—";"Участвует в конкурсе";"1725305";"—"
"2437";"2";"—";"163000";"58 51 54";"—";"Участвует в конкурсе";"1791922";"—"
"2438";"2";"—";"163000";"58 45 60";"—";"Участвует в конкурсе";"2198063";"—"
"2439";"3";"—";"163000";"52 66 45";"—";"Участвует в конкурсе";"2169810";"—"
"2440";"2";"—";"163000";"52 60 51";"—";"Участвует в конкурсе";"1563408";"—"
"2441";"1";"—";"163000";"52 59 52";"—";"Участвует в конкурсе";"2169867";"—"
"2442";"6";"—";"163000";"52 56 55";"—";"Участвует в конкурсе";"2049604";"—"
"2443";"6";"—";"163000";"52 51 60";"—";"Участвует в конкурсе";"1042506";"—"
"2444";"1";"—";"163000";"52 48 63";"—";"Участвует в конкурсе";"1543926";"—"
"2445";"1";"—";"163000";"52 48 63";"—";"Участвует в конкурсе";"1838046";"—"
"2446";"1";"—";"163000";"46 60 57";"—";"Участвует в конкурсе";"1513789";"—"
"2447";"1";"—";"163000";"46 59 58";"—";"Участвует в конкурсе";"1873620";"—"
"2448";"2";"—";"163000";"46 59 58";"—";"Участвует в конкурсе";"1957768";"—"
"2449";"2";"—";"163000";"46 57 60";"—";"Участвует в конкурсе";"1846007";"—"
"2450";"2";"—";"163000";"46 51 66";"—";"Участвует в конкурсе";"1150234";"—"
"2451";"4";"—";"163000";"40 63 60";"—";"Участвует в конкурсе";"1604200";"—"
"2452";"7";"—";"163000";"40 57 66";"—";"Участвует в конкурсе";"1283855";"—"
"2453";"4";"—";"163000";"34 59 70";"—";"Выбыл из конкурса";"1005152";"—"
"2454";"4";"—";"163000";"58 48 54";"3000";"Участвует в конкурсе";"2317784";"—"
"2455";"3";"—";"163000";"52 62 46";"3000";"Участвует в конкурсе";"1352909";"—"
"2456";"5";"—";"163000";"52 57 51";"3000";"Участвует в конкурсе";"1342256";"—"
"2457";"4";"—";"163000";"52 51 57";"3000";"Участвует в конкурсе";"1586216";"—"
"2458";"2";"—";"163000";"52 48 60";"3000";"Участвует в конкурсе";"2268611";"—"
"2459";"1";"—";"163000";"46 57 57";"3000";"Участвует в конкурсе";"2309891";"—"
"2460";"3";"Электронное";"163000";"40 56 57";"10000";"Участвует в конкурсе";"2314126";"—"
"2461";"1";"—";"162000";"70 41 51";"—";"Участвует в конкурсе";"2409484";"—"
"2462";"1";"Электронное";"162000";"64 53 45";"—";"Участвует в конкурсе";"1168662";"—"
"2463";"3";"—";"162000";"64 53 45";"—";"Участвует в конкурсе";"1286994";"—"
"2464";"4";"—";"162000";"64 52 46";"—";"Участвует в конкурсе";"2378137";"—"
"2465";"1";"—";"162000";"58 52 52";"—";"Участвует в конкурсе";"1323448";"—"
"2466";"4";"—";"162000";"58 47 57";"—";"Участвует в конкурсе";"1706385";"—"
"2467";"3";"—";"162000";"58 47 57";"—";"Участвует в конкурсе";"1347937";"—"
"2468";"5";"—";"162000";"52 59 51";"—";"Участвует в конкурсе";"1605467";"—"
"2469";"2";"—";"162000";"52 55 55";"—";"Участвует в конкурсе";"1571026";"—"
"2470";"3";"—";"162000";"52 55 55";"—";"Участвует в конкурсе";"1949947";"—"
"2473";"2";"—";"162000";"46 64 52";"—";"Участвует в конкурсе";"1756046";"—"
"2474";"1";"—";"162000";"46 59 57";"—";"Участвует в конкурсе";"1622703";"—"
"2475";"3";"—";"162000";"46 49 67";"—";"Участвует в конкурсе";"1909270";"—"
"2476";"1";"—";"162000";"46 47 69";"—";"Участвует в конкурсе";"2389266";"—"
"2477";"5";"—";"162000";"40 70 52";"—";"Участвует в конкурсе";"2227078";"—"
"2478";"2";"—";"162000";"58 52 49";"3000";"Участвует в конкурсе";"956781";"—"
"2479";"3";"—";"162000";"52 53 54";"3000";"Участвует в конкурсе";"1248539";"—"
"2480";"5";"—";"162000";"46 58 55";"3000";"Участвует в конкурсе";"1285452";"—"
"2481";"1";"—";"162000";"52 55 51";"4000";"Участвует в конкурсе";"1387296";"—"
"2482";"3";"—";"162000";"52 51 54";"5000";"Участвует в конкурсе";"1506716";"—"
"2483";"1";"Электронное";"161000";"64 48 49";"—";"Участвует в конкурсе";"1420143";"—"
"2484";"3";"—";"161000";"58 55 48";"—";"Участвует в конкурсе";"1289386";"—"
"2485";"1";"—";"161000";"58 51 52";"—";"Участвует в конкурсе";"1580636";"—"
"2486";"3";"—";"161000";"58 51 52";"—";"Участвует в конкурсе";"1726992";"—"
"2487";"3";"—";"161000";"58 49 54";"—";"Участвует в конкурсе";"1985747";"—"
"2488";"4";"Электронное";"161000";"58 45 58";"—";"Участвует в конкурсе";"2122785";"—"
"2489";"3";"—";"161000";"52 55 54";"—";"Участвует в конкурсе";"2161564";"—"
"2490";"2";"—";"161000";"52 51 58";"—";"Участвует в конкурсе";"1196354";"—"
"2491";"2";"—";"161000";"52 49 60";"—";"Участвует в конкурсе";"1467387";"—"
"2492";"3";"—";"161000";"52 45 64";"—";"Участвует в конкурсе";"1483783";"—"
"2493";"1";"—";"161000";"52 45 64";"—";"Участвует в конкурсе";"992279";"—"
"2494";"2";"—";"161000";"46 60 55";"—";"Участвует в конкурсе";"1291209";"—"
"2495";"2";"—";"161000";"46 57 58";"—";"Участвует в конкурсе";"2204351";"—"
"2496";"4";"—";"161000";"46 55 60";"—";"Участвует в конкурсе";"2299780";"—"
"2497";"3";"—";"161000";"46 48 67";"—";"Участвует в конкурсе";"2105202";"—"
"2498";"1";"—";"161000";"40 66 55";"—";"Участвует в конкурсе";"2309771";"—"
"2499";"3";"—";"161000";"40 66 55";"—";"Участвует в конкурсе";"1963862";"—"
"2500";"1";"—";"161000";"40 52 67";"2000";"Участвует в конкурсе";"2170606";"—"
"2501";"1";"—";"161000";"52 52 54";"3000";"Участвует в конкурсе";"2335825";"—"
"2502";"5";"—";"161000";"52 51 55";"3000";"Участвует в конкурсе";"1955574";"—"
"2503";"4";"—";"161000";"52 55 49";"5000";"Участвует в конкурсе";"2199085";"—"
"2504";"3";"—";"161000";"46 55 55";"5000";"Участвует в конкурсе";"2267665";"—"
"2505";"3";"—";"160000";"70 44 46";"—";"Выбыл из конкурса";"2294809";"—"
"2506";"3";"—";"160000";"64 48 48";"—";"Участвует в конкурсе";"1282355";"—"
"2507";"5";"—";"160000";"64 48 48";"—";"Участвует в конкурсе";"2266170";"—"
"2508";"3";"—";"160000";"64 45 51";"—";"Участвует в конкурсе";"1783844";"—"
"2509";"2";"—";"160000";"64 44 52";"—";"Участвует в конкурсе";"1782296";"—"
"2510";"5";"Электронное";"160000";"58 53 49";"—";"Участвует в конкурсе";"1840269";"—"
"2511";"2";"—";"160000";"58 53 49";"—";"Участвует в конкурсе";"2166617";"—"
"2512";"2";"—";"160000";"58 53 49";"—";"Участвует в конкурсе";"1178762";"—"
"2513";"1";"Электронное";"160000";"58 51 51";"—";"Участвует в конкурсе";"1710659";"—"
"2515";"2";"—";"160000";"58 45 57";"—";"Участвует в конкурсе";"1556040";"—"
"2516";"1";"—";"160000";"58 45 57";"—";"Участвует в конкурсе";"1488190";"—"
"2518";"5";"—";"160000";"52 53 55";"—";"Участвует в конкурсе";"1258210";"—"
"2519";"2";"—";"160000";"52 51 57";"—";"Участвует в конкурсе";"1494444";"—"
"2520";"6";"—";"160000";"52 51 57";"—";"Участвует в конкурсе";"2425013";"—"
"2521";"2";"—";"160000";"52 47 61";"—";"Участвует в конкурсе";"1280622";"—"
"2522";"4";"—";"160000";"46 65 49";"—";"Участвует в конкурсе";"1980783";"—"
"2523";"1";"—";"160000";"46 59 55";"—";"Участвует в конкурсе";"1196948";"—"
"2524";"2";"—";"160000";"46 57 57";"—";"Участвует в конкурсе";"2056391";"—"
"2525";"2";"—";"160000";"46 56 58";"—";"Участвует в конкурсе";"1306233";"—"
"2526";"1";"Электронное";"160000";"46 53 61";"—";"Участвует в конкурсе";"1983368";"—"
"2527";"3";"—";"160000";"40 53 67";"—";"Участвует в конкурсе";"1779015";"—"
"2528";"1";"—";"160000";"52 51 55";"2000";"Участвует в конкурсе";"2228029";"—"
"2529";"4";"—";"160000";"40 51 67";"2000";"Участвует в конкурсе";"2093185";"—"
"2530";"2";"—";"160000";"52 53 52";"3000";"Участвует в конкурсе";"1337685";"—"
"2531";"1";"—";"160000";"52 48 57";"3000";"Участвует в конкурсе";"1274853";"—"
"2532";"3";"—";"160000";"46 57 54";"3000";"Участвует в конкурсе";"1581634";"—"
"2533";"2";"—";"160000";"58 47 51";"4000";"Участвует в конкурсе";"962040";"—"
"2534";"2";"—";"160000";"46 55 49";"10000";"Участвует в конкурсе";"1044523";"—"
"2535";"4";"—";"159000";"58 59 42";"—";"Участвует в конкурсе";"1696370";"—"
"2536";"1";"—";"159000";"58 52 49";"—";"Участвует в конкурсе";"2284553";"—"
"2537";"3";"—";"159000";"58 49 52";"—";"Участвует в конкурсе";"1019880";"—"
"2538";"2";"—";"159000";"58 47 54";"—";"Участвует в конкурсе";"1685687";"—"
"2539";"2";"—";"159000";"58 46 55";"—";"Участвует в конкурсе";"1477750";"—"
"2540";"16";"—";"159000";"52 59 48";"—";"Участвует в конкурсе";"1628535";"—"
"2541";"2";"—";"159000";"52 56 51";"—";"Участвует в конкурсе";"2291720";"—"
"2542";"4";"—";"159000";"52 56 51";"—";"Участвует в конкурсе";"2414820";"—"
"2543";"2";"—";"159000";"52 52 55";"—";"Участвует в конкурсе";"1272184";"—"
"2544";"2";"—";"159000";"52 52 55";"—";"Участвует в конкурсе";"1622024";"—"
"2545";"3";"—";"159000";"52 52 55";"—";"Участвует в конкурсе";"1241943";"—"
"2546";"5";"—";"159000";"52 47 60";"—";"Участвует в конкурсе";"2189401";"—"
"2548";"3";"—";"159000";"46 56 57";"—";"Участвует в конкурсе";"1198655";"—"
"2550";"3";"—";"159000";"46 56 57";"—";"Участвует в конкурсе";"1782570";"—"
"2551";"1";"—";"159000";"46 41 72";"—";"Участвует в конкурсе";"2084219";"—"
"2552";"6";"—";"159000";"40 64 55";"—";"Участвует в конкурсе";"1677107";"—"
"2553";"1";"—";"159000";"40 62 57";"—";"Участвует в конкурсе";"1440051";"—"
"2554";"2";"—";"159000";"58 45 54";"2000";"Участвует в конкурсе";"2045545";"—"
"2555";"3";"—";"159000";"52 56 49";"2000";"Участвует в конкурсе";"2099559";"—"
"2556";"2";"—";"159000";"40 60 57";"2000";"Участвует в конкурсе";"2376597";"—"
"2557";"2";"—";"159000";"58 53 45";"3000";"Участвует в конкурсе";"2237781";"—"
"2558";"3";"—";"159000";"52 44 60";"3000";"Участвует в конкурсе";"1278063";"—"
"2559";"3";"Электронное";"159000";"52 40 64";"3000";"Участвует в конкурсе";"2200918";"—"
"2560";"1";"—";"159000";"46 56 54";"3000";"Участвует в конкурсе";"1216131";"—"
"2561";"7";"—";"159000";"52 46 57";"4000";"Участвует в конкурсе";"2371119";"—"
"2562";"4";"—";"158000";"58 60 40";"—";"Участвует в конкурсе";"1167326";"—"
"2563";"1";"—";"158000";"58 48 52";"—";"Участвует в конкурсе";"2114357";"—"
"2564";"1";"Электронное";"158000";"58 48 52";"—";"Участвует в конкурсе";"1933248";"—"
"2565";"2";"—";"158000";"52 57 49";"—";"Участвует в конкурсе";"980160";"—"
"2566";"6";"—";"158000";"52 57 49";"—";"Участвует в конкурсе";"2195660";"—"
"2567";"2";"—";"158000";"52 52 54";"—";"Участвует в конкурсе";"2178008";"—"
"2568";"3";"—";"158000";"52 51 55";"—";"Участвует в конкурсе";"1903228";"—"
"2569";"2";"—";"158000";"52 49 57";"—";"Участвует в конкурсе";"2039284";"—"
"2570";"2";"—";"158000";"52 48 58";"—";"Участвует в конкурсе";"2385034";"—"
"2571";"6";"—";"158000";"46 57 55";"—";"Участвует в конкурсе";"1086238";"—"
"2572";"3";"—";"158000";"46 52 60";"—";"Участвует в конкурсе";"2310655";"—"
"2573";"2";"—";"158000";"46 51 61";"—";"Участвует в конкурсе";"1989227";"—"
"2574";"3";"—";"158000";"46 46 66";"—";"Участвует в конкурсе";"2334484";"—"
"2575";"1";"—";"158000";"40 94 24";"—";"Выбыл из конкурса";"1887226";"—"
"2576";"1";"—";"158000";"40 67 51";"—";"Участвует в конкурсе";"966338";"—"
"2577";"2";"—";"158000";"40 66 52";"—";"Участвует в конкурсе";"1492936";"—"
"2578";"1";"Электронное";"158000";"40 64 54";"—";"Участвует в конкурсе";"1322271";"—"
"2579";"1";"—";"158000";"40 64 54";"—";"Участвует в конкурсе";"1393178";"—"
"2580";"3";"—";"158000";"40 52 66";"—";"Участвует в конкурсе";"2220159";"—"
"2581";"6";"—";"158000";"40 56 60";"2000";"Участвует в конкурсе";"2261442";"—"
"2582";"6";"—";"158000";"40 64 51";"3000";"Участвует в конкурсе";"2284115";"—"
"2583";"3";"—";"158000";"52 45 51";"10000";"Участвует в конкурсе";"1247759";"—"
"2584";"3";"—";"157000";"64 48 45";"—";"Участвует в конкурсе";"1034194";"—"
"2585";"3";"—";"157000";"64 45 48";"—";"Участвует в конкурсе";"1206824";"—"
"2586";"4";"—";"157000";"64 45 48";"—";"Участвует в конкурсе";"1441583";"—"
"2587";"3";"—";"157000";"58 53 46";"—";"Участвует в конкурсе";"1791210";"—"
"2588";"2";"—";"157000";"58 51 48";"—";"Участвует в конкурсе";"2345001";"—"
"2589";"2";"—";"157000";"58 48 51";"—";"Участвует в конкурсе";"1359936";"—"
"2590";"2";"—";"157000";"58 48 51";"—";"Участвует в конкурсе";"1073848";"—"
"2591";"1";"Электронное";"157000";"58 48 51";"—";"Участвует в конкурсе";"1163892";"—"
"2592";"2";"—";"157000";"58 48 51";"—";"Участвует в конкурсе";"1736269";"—"
"2593";"5";"—";"157000";"58 42 57";"—";"Участвует в конкурсе";"1488909";"—"
"2594";"4";"—";"157000";"52 62 43";"—";"Участвует в конкурсе";"1852026";"—"
"2595";"5";"—";"157000";"52 56 49";"—";"Участвует в конкурсе";"1348527";"—"
"2596";"3";"—";"157000";"52 53 52";"—";"Участвует в конкурсе";"1232224";"—"
"2597";"2";"—";"157000";"52 51 54";"—";"Участвует в конкурсе";"1200695";"—"
"2598";"1";"—";"157000";"52 48 57";"—";"Участвует в конкурсе";"2209444";"—"
"2599";"4";"Электронное";"157000";"52 45 60";"—";"Участвует в конкурсе";"1570279";"—"
"2600";"2";"—";"157000";"46 51 60";"—";"Участвует в конкурсе";"1002867";"—"
"2601";"1";"—";"157000";"46 51 60";"—";"Участвует в конкурсе";"1756189";"—"
"2602";"3";"—";"157000";"46 48 63";"—";"Участвует в конкурсе";"1964720";"—"
"2603";"2";"—";"157000";"46 45 66";"—";"Участвует в конкурсе";"2385239";"—"
"2604";"1";"Электронное";"157000";"40 62 55";"—";"Участвует в конкурсе";"1288677";"—"
"2605";"4";"—";"157000";"40 60 57";"—";"Участвует в конкурсе";"1798954";"—"
"2606";"5";"—";"157000";"40 57 60";"—";"Участвует в конкурсе";"1774446";"—"
"2607";"2";"—";"157000";"40 56 61";"—";"Участвует в конкурсе";"1596468";"—"
"2608";"1";"—";"157000";"58 53 43";"3000";"Участвует в конкурсе";"1844027";"—"
"2609";"2";"Электронное";"157000";"58 51 45";"3000";"Участвует в конкурсе";"2136836";"—"
"2610";"1";"—";"157000";"58 48 48";"3000";"Участвует в конкурсе";"1959191";"—"
"2611";"3";"—";"157000";"52 47 55";"3000";"Участвует в конкурсе";"1913149";"—"
"2612";"5";"—";"157000";"46 51 57";"3000";"Участвует в конкурсе";"1139308";"—"
"2613";"1";"—";"157000";"46 57 49";"5000";"Участвует в конкурсе";"2271074";"—"
"2614";"8";"—";"157000";"46 51 55";"5000";"Участвует в конкурсе";"1361777";"—"
"2615";"2";"—";"156000";"64 47 45";"—";"Участвует в конкурсе";"1292254";"—"
"2616";"3";"—";"156000";"58 58 40";"—";"Участвует в конкурсе";"1196586";"—"
"2617";"3";"—";"156000";"58 55 43";"—";"Участвует в конкурсе";"1608337";"—"
"2618";"1";"—";"156000";"58 52 46";"—";"Участвует в конкурсе";"2308505";"—"
"2619";"5";"—";"156000";"58 49 49";"—";"Участвует в конкурсе";"1489030";"—"
"2620";"3";"—";"156000";"58 46 52";"—";"Участвует в конкурсе";"1654832";"—"
"2621";"5";"—";"156000";"58 44 54";"—";"Выбыл из конкурса";"2218568";"—"
"2622";"2";"—";"156000";"52 56 48";"—";"Участвует в конкурсе";"2043805";"—"
"2623";"1";"—";"156000";"52 56 48";"—";"Участвует в конкурсе";"2255056";"—"
"2624";"3";"—";"156000";"52 47 57";"—";"Участвует в конкурсе";"2211028";"—"
"2625";"3";"—";"156000";"52 41 63";"—";"Участвует в конкурсе";"1228422";"—"
"2626";"3";"—";"156000";"46 59 51";"—";"Участвует в конкурсе";"2426957";"—"
"2627";"2";"—";"156000";"46 56 54";"—";"Участвует в конкурсе";"1204337";"—"
"2628";"2";"—";"156000";"46 56 54";"—";"Участвует в конкурсе";"2136861";"—"
"2629";"6";"—";"156000";"46 55 55";"—";"Участвует в конкурсе";"1652289";"—"
"2630";"1";"Электронное";"156000";"46 49 61";"—";"Участвует в конкурсе";"1385841";"—"
"2631";"3";"—";"156000";"46 49 61";"—";"Участвует в конкурсе";"1586749";"—"
"2632";"2";"—";"156000";"40 56 60";"—";"Участвует в конкурсе";"1706851";"—"
"2633";"1";"Электронное";"156000";"52 48 54";"2000";"Участвует в конкурсе";"1245366";"—"
"2634";"2";"—";"156000";"46 59 48";"3000";"Участвует в конкурсе";"2171447";"—"
"2635";"1";"Электронное";"156000";"46 52 55";"3000";"Участвует в конкурсе";"2264085";"—"
"2636";"4";"—";"155000";"64 49 42";"—";"Участвует в конкурсе";"2205786";"—"
"2637";"3";"—";"155000";"64 46 45";"—";"Участвует в конкурсе";"2394365";"—"
"2638";"5";"—";"155000";"64 36 55";"—";"Выбыл из конкурса";"2243270";"—"
"2639";"3";"—";"155000";"58 49 48";"—";"Участвует в конкурсе";"1260274";"—"
"2640";"5";"—";"155000";"52 51 52";"—";"Участвует в конкурсе";"1729542";"—"
"2641";"3";"—";"155000";"52 51 52";"—";"Участвует в конкурсе";"2244696";"—"
"2642";"1";"—";"155000";"46 51 58";"—";"Участвует в конкурсе";"1493609";"—"
"2643";"2";"—";"155000";"46 51 58";"—";"Участвует в конкурсе";"1066883";"—"
"2644";"2";"—";"155000";"46 45 64";"—";"Участвует в конкурсе";"1429737";"—"
"2645";"1";"Электронное";"155000";"40 60 55";"—";"Участвует в конкурсе";"1511405";"—"
"2646";"1";"—";"155000";"40 55 60";"—";"Участвует в конкурсе";"2031291";"—"
"2647";"1";"—";"155000";"27 70 58";"—";"Выбыл из конкурса";"1288710";"—"
"2648";"1";"—";"155000";"46 53 54";"2000";"Участвует в конкурсе";"2184505";"—"
"2649";"1";"—";"155000";"46 45 57";"7000";"Участвует в конкурсе";"1039912";"—"
"2650";"4";"—";"154000";"58 48 48";"—";"Участвует в конкурсе";"1126151";"—"
"2651";"1";"—";"154000";"58 48 48";"—";"Участвует в конкурсе";"1697741";"—"
"2652";"2";"—";"154000";"58 45 51";"—";"Участвует в конкурсе";"1169596";"—"
"2653";"3";"—";"154000";"52 56 46";"—";"Участвует в конкурсе";"1611772";"—"
"2654";"4";"—";"154000";"52 53 49";"—";"Участвует в конкурсе";"2343546";"—"
"2655";"4";"—";"154000";"52 51 51";"—";"Участвует в конкурсе";"1093360";"—"
"2657";"1";"—";"154000";"52 48 54";"—";"Участвует в конкурсе";"1284463";"—"
"2658";"2";"—";"154000";"46 53 55";"—";"Участвует в конкурсе";"1393151";"—"
"2661";"1";"—";"154000";"46 42 66";"—";"Выбыл из конкурса";"1999589";"—"
"2662";"6";"—";"154000";"40 59 55";"—";"Участвует в конкурсе";"1166646";"—"
"2663";"2";"—";"154000";"40 56 58";"—";"Участвует в конкурсе";"1409972";"—"
"2664";"2";"—";"154000";"52 48 51";"3000";"Участвует в конкурсе";"1436127";"—"
"2665";"5";"—";"154000";"46 53 52";"3000";"Участвует в конкурсе";"1705872";"—"
"2666";"1";"—";"154000";"40 60 51";"3000";"Участвует в конкурсе";"2352688";"—"
"2667";"1";"—";"153000";"64 41 48";"—";"Участвует в конкурсе";"1210186";"—"
"2669";"3";"—";"153000";"58 47 48";"—";"Участвует в конкурсе";"1129120";"—"
"2670";"6";"—";"153000";"58 47 48";"—";"Участвует в конкурсе";"1412709";"—"
"2671";"1";"—";"153000";"52 53 48";"—";"Участвует в конкурсе";"2357586";"—"
"2672";"1";"—";"153000";"52 49 52";"—";"Участвует в конкурсе";"1498416";"—"
"2673";"2";"—";"153000";"52 47 54";"—";"Участвует в конкурсе";"1486304";"—"
"2674";"4";"—";"153000";"46 56 51";"—";"Участвует в конкурсе";"2099404";"—"
"2675";"2";"—";"153000";"46 52 55";"—";"Участвует в конкурсе";"2050730";"—"
"2676";"4";"—";"153000";"46 49 58";"—";"Участвует в конкурсе";"2229202";"—"
"2677";"1";"—";"153000";"46 47 60";"—";"Участвует в конкурсе";"983408";"—"
"2678";"4";"—";"153000";"40 59 54";"—";"Участвует в конкурсе";"1000239";"—"
"2679";"3";"—";"153000";"40 59 54";"—";"Участвует в конкурсе";"1250131";"—"
"2680";"3";"—";"153000";"40 49 64";"—";"Участвует в конкурсе";"2182958";"—"
"2682";"2";"—";"153000";"58 46 46";"3000";"Участвует в конкурсе";"2251245";"—"
"2683";"1";"—";"153000";"52 46 52";"3000";"Участвует в конкурсе";"2332109";"—"
"2684";"3";"—";"153000";"52 44 54";"3000";"Выбыл из конкурса";"2340440";"—"
"2685";"5";"—";"153000";"46 59 43";"5000";"Участвует в конкурсе";"1213422";"—"
"2686";"1";"—";"153000";"46 53 49";"5000";"Участвует в конкурсе";"2229765";"—"
"2687";"3";"—";"152000";"58 51 43";"—";"Участвует в конкурсе";"1200921";"—"
"2688";"4";"—";"152000";"58 51 43";"—";"Участвует в конкурсе";"1970628";"—"
"2689";"2";"—";"152000";"52 54 46";"—";"Участвует в конкурсе";"2255154";"—"
"2690";"1";"—";"152000";"52 54 46";"—";"Участвует в конкурсе";"2393814";"—"
"2691";"1";"—";"152000";"52 51 49";"—";"Участвует в конкурсе";"1437807";"—"
"2692";"2";"—";"152000";"52 49 51";"—";"Участвует в конкурсе";"2031315";"—"
"2694";"3";"—";"152000";"52 45 55";"—";"Участвует в конкурсе";"2178503";"—"
"2695";"8";"—";"152000";"46 46 60";"—";"Участвует в конкурсе";"2422496";"—"
"2696";"3";"—";"152000";"40 64 48";"—";"Участвует в конкурсе";"1022781";"—"
"2697";"3";"—";"152000";"40 58 54";"—";"Участвует в конкурсе";"1916948";"—"
"2698";"2";"—";"152000";"40 49 63";"—";"Участвует в конкурсе";"1579808";"—"
"2700";"4";"—";"152000";"40 48 64";"—";"Участвует в конкурсе";"2222729";"—"
"2701";"5";"—";"152000";"58 48 43";"3000";"Участвует в конкурсе";"1306690";"—"
"2702";"3";"—";"152000";"40 48 61";"3000";"Участвует в конкурсе";"2138937";"—"
"2703";"4";"—";"151000";"64 45 42";"—";"Участвует в конкурсе";"2218409";"—"
"2704";"5";"—";"151000";"58 48 45";"—";"Участвует в конкурсе";"2097510";"—"
"2705";"1";"Электронное";"151000";"58 47 46";"—";"Участвует в конкурсе";"2048483";"—"
"2706";"3";"—";"151000";"58 44 49";"—";"Участвует в конкурсе";"1650776";"—"
"2707";"5";"—";"151000";"52 48 51";"—";"Участвует в конкурсе";"2165639";"—"
"2708";"2";"—";"151000";"46 56 49";"—";"Участвует в конкурсе";"2174916";"—"
"2709";"2";"—";"151000";"46 54 51";"—";"Участвует в конкурсе";"1980400";"—"
"2710";"3";"—";"151000";"46 53 52";"—";"Участвует в конкурсе";"2034929";"—"
"2711";"2";"—";"151000";"46 41 64";"—";"Участвует в конкурсе";"1602329";"—"
"2712";"5";"Электронное";"151000";"40 59 52";"—";"Участвует в конкурсе";"2131329";"—"
"2713";"1";"—";"151000";"40 48 63";"—";"Участвует в конкурсе";"1703812";"—"
"2714";"4";"—";"151000";"34 51 66";"—";"Выбыл из конкурса";"2354433";"—"
"2715";"2";"—";"151000";"58 45 46";"2000";"Участвует в конкурсе";"1826308";"—"
"2716";"1";"—";"151000";"46 57 45";"3000";"Участвует в конкурсе";"1633942";"—"
"2717";"1";"—";"151000";"46 53 49";"3000";"Участвует в конкурсе";"1755663";"—"
"2718";"2";"—";"151000";"46 48 54";"3000";"Участвует в конкурсе";"2416232";"—"
"2719";"3";"—";"151000";"46 44 58";"3000";"Участвует в конкурсе";"1726620";"—"
"2720";"2";"—";"150000";"70 40 40";"—";"Участвует в конкурсе";"2109926";"—"
"2721";"8";"—";"150000";"52 56 42";"—";"Участвует в конкурсе";"1486694";"—"
"2722";"1";"—";"150000";"52 47 51";"—";"Участвует в конкурсе";"1175028";"—"
"2723";"8";"—";"150000";"52 46 52";"—";"Участвует в конкурсе";"1346664";"—"
"2725";"3";"—";"150000";"46 47 57";"—";"Участвует в конкурсе";"1180178";"—"
"2726";"1";"—";"150000";"46 47 57";"—";"Участвует в конкурсе";"2027392";"—"
"2727";"2";"—";"150000";"46 47 57";"—";"Участвует в конкурсе";"1584995";"—"
"2728";"1";"—";"150000";"46 47 57";"—";"Участвует в конкурсе";"2378275";"—"
"2729";"1";"—";"150000";"40 62 48";"—";"Участвует в конкурсе";"2074240";"—"
"2730";"4";"—";"150000";"40 49 61";"—";"Участвует в конкурсе";"960943";"—"
"2731";"4";"—";"150000";"58 48 42";"2000";"Участвует в конкурсе";"1820725";"—"
"2732";"2";"—";"150000";"40 59 48";"3000";"Участвует в конкурсе";"1165254";"—"
"2733";"2";"—";"149000";"58 46 45";"—";"Участвует в конкурсе";"2242537";"—"
"2735";"1";"Электронное";"149000";"52 49 48";"—";"Участвует в конкурсе";"1569982";"—"
"2736";"3";"—";"149000";"52 48 49";"—";"Участвует в конкурсе";"2305450";"—"
"2737";"7";"—";"149000";"52 48 49";"—";"Участвует в конкурсе";"2424973";"—"
"2738";"2";"—";"149000";"52 45 52";"—";"Участвует в конкурсе";"1613256";"—"
"2739";"7";"—";"149000";"52 42 55";"—";"Выбыл из конкурса";"1516070";"—"
"2740";"2";"—";"149000";"40 57 52";"—";"Участвует в конкурсе";"2202435";"—"
"2741";"4";"—";"149000";"40 48 61";"—";"Участвует в конкурсе";"1500463";"—"
"2742";"4";"—";"149000";"52 52 42";"3000";"Участвует в конкурсе";"2312957";"—"
"2743";"3";"—";"149000";"52 49 45";"3000";"Участвует в конкурсе";"1290375";"—"
"2744";"1";"—";"149000";"46 54 46";"3000";"Участвует в конкурсе";"1363896";"—"
"2746";"2";"—";"149000";"34 52 60";"3000";"Выбыл из конкурса";"2190034";"—"
"2747";"2";"Электронное";"148000";"58 47 43";"—";"Участвует в конкурсе";"1205550";"—"
"2748";"6";"—";"148000";"58 47 43";"—";"Участвует в конкурсе";"1526927";"—"
"2749";"3";"—";"148000";"58 45 45";"—";"Участвует в конкурсе";"1926543";"—"
"2750";"1";"Электронное";"148000";"46 53 49";"—";"Участвует в конкурсе";"1999539";"—"
"2751";"3";"—";"148000";"46 51 51";"—";"Участвует в конкурсе";"1650780";"—"
"2752";"1";"Электронное";"148000";"46 50 52";"—";"Участвует в конкурсе";"1605693";"—"
"2753";"2";"—";"148000";"46 47 55";"—";"Участвует в конкурсе";"1698423";"—"
"2754";"2";"Электронное";"148000";"40 57 51";"—";"Участвует в конкурсе";"2238836";"—"
"2755";"2";"—";"148000";"40 56 52";"—";"Участвует в конкурсе";"1252264";"—"
"2756";"3";"—";"148000";"40 47 61";"—";"Участвует в конкурсе";"1165819";"—"
"2759";"2";"Электронное";"147000";"52 40 55";"—";"Участвует в конкурсе";"1040108";"—"
"2760";"2";"—";"147000";"46 56 45";"—";"Участвует в конкурсе";"1819482";"—"
"2761";"6";"—";"147000";"46 53 48";"—";"Участвует в конкурсе";"888389";"—"
"2762";"2";"—";"147000";"46 49 52";"—";"Участвует в конкурсе";"2228567";"—"
"2763";"1";"—";"147000";"40 53 54";"—";"Участвует в конкурсе";"2052096";"—"
"2764";"4";"—";"147000";"40 53 54";"—";"Участвует в конкурсе";"2369718";"—"
"2765";"4";"—";"147000";"40 53 54";"—";"Участвует в конкурсе";"2245372";"—"
"2766";"1";"Электронное";"147000";"46 49 49";"3000";"Участвует в конкурсе";"1090568";"—"
"2768";"2";"—";"146000";"52 48 46";"—";"Участвует в конкурсе";"1366283";"—"
"2769";"3";"—";"146000";"52 46 48";"—";"Участвует в конкурсе";"1332273";"—"
"2770";"2";"—";"146000";"52 45 49";"—";"Участвует в конкурсе";"2292757";"—"
"2771";"5";"—";"146000";"46 58 42";"—";"Участвует в конкурсе";"1521078";"—"
"2772";"1";"—";"146000";"46 51 49";"—";"Участвует в конкурсе";"1064493";"—"
"2773";"4";"—";"146000";"46 48 52";"—";"Участвует в конкурсе";"1851507";"—"
"2774";"2";"—";"146000";"46 48 52";"—";"Участвует в конкурсе";"1329233";"—"
"2775";"1";"—";"146000";"40 51 55";"—";"Участвует в конкурсе";"1257179";"—"
"2776";"2";"—";"146000";"40 51 55";"—";"Участвует в конкурсе";"1834846";"—"
"2777";"6";"—";"146000";"40 49 57";"—";"Участвует в конкурсе";"2228546";"—"
"2778";"5";"—";"146000";"40 40 66";"—";"Выбыл из конкурса";"2094069";"—"
"2779";"2";"—";"145000";"52 47 46";"—";"Участвует в конкурсе";"1382541";"—"
"2780";"4";"—";"145000";"46 53 46";"—";"Участвует в конкурсе";"1513104";"—"
"2781";"1";"—";"145000";"46 53 46";"—";"Участвует в конкурсе";"1957101";"—"
"2782";"3";"—";"145000";"46 48 51";"—";"Участвует в конкурсе";"1284784";"—"
"2783";"2";"—";"145000";"46 45 54";"—";"Участвует в конкурсе";"2365555";"—"
"2784";"5";"—";"145000";"40 59 46";"—";"Участвует в конкурсе";"2180195";"—"
"2785";"1";"—";"145000";"40 53 52";"—";"Участвует в конкурсе";"1786165";"—"
"2786";"2";"—";"145000";"40 47 58";"—";"Участвует в конкурсе";"2252656";"—"
"2787";"5";"—";"145000";"46 45 51";"3000";"Участвует в конкурсе";"1770988";"—"
"2788";"5";"—";"145000";"40 62 40";"3000";"Участвует в конкурсе";"1569544";"—"
"2789";"2";"—";"144000";"52 47 45";"—";"Участвует в конкурсе";"1914605";"—"
"2790";"1";"—";"144000";"52 47 45";"—";"Участвует в конкурсе";"1848841";"—"
"2791";"4";"—";"144000";"46 53 45";"—";"Участвует в конкурсе";"1214169";"—"
"2792";"2";"—";"144000";"40 49 55";"—";"Участвует в конкурсе";"2174096";"—"
"2793";"2";"—";"144000";"40 47 57";"—";"Участвует в конкурсе";"2181572";"—"
"2794";"2";"—";"144000";"40 52 49";"3000";"Участвует в конкурсе";"1265682";"—"
"2795";"1";"Электронное";"144000";"40 47 54";"3000";"Участвует в конкурсе";"1043316";"—"
"2796";"5";"—";"144000";"46 48 42";"8000";"Участвует в конкурсе";"1267983";"—"
"2797";"1";"—";"143000";"52 46 45";"—";"Участвует в конкурсе";"1965028";"—"
"2798";"2";"—";"143000";"52 43 48";"—";"Выбыл из конкурса";"1144972";"—"
"2799";"2";"—";"143000";"52 40 51";"—";"Участвует в конкурсе";"1361407";"—"
"2800";"3";"Электронное";"143000";"46 52 45";"—";"Участвует в конкурсе";"1728012";"—"
"2801";"3";"—";"143000";"46 49 48";"—";"Участвует в конкурсе";"1281632";"—"
"2802";"5";"—";"143000";"46 48 49";"—";"Участвует в конкурсе";"1971116";"—"
"2803";"8";"—";"143000";"46 49 45";"3000";"Участвует в конкурсе";"1215070";"—"
"2804";"1";"—";"143000";"46 48 46";"3000";"Участвует в конкурсе";"1273903";"—"
"2805";"2";"—";"143000";"46 48 46";"3000";"Участвует в конкурсе";"2272529";"—"
"2806";"1";"—";"143000";"40 51 49";"3000";"Участвует в конкурсе";"2080857";"—"
"2807";"1";"—";"142000";"46 48 48";"—";"Участвует в конкурсе";"1337196";"—"
"2808";"3";"—";"142000";"46 47 49";"—";"Участвует в конкурсе";"1182025";"—"
"2810";"1";"—";"142000";"40 48 54";"—";"Участвует в конкурсе";"1129386";"—"
"2811";"1";"—";"142000";"40 48 54";"—";"Участвует в конкурсе";"2210591";"—"
"2812";"3";"—";"142000";"40 45 57";"—";"Участвует в конкурсе";"1210981";"—"
"2814";"1";"—";"142000";"40 41 61";"—";"Участвует в конкурсе";"2169756";"—"
"2815";"2";"—";"142000";"34 56 52";"—";"Выбыл из конкурса";"1625590";"—"
"2817";"1";"—";"142000";"46 45 48";"3000";"Участвует в конкурсе";"2244880";"—"
"2818";"2";"—";"142000";"72 0 66";"4000";"Выбыл из конкурса";"2262533";"—"
"2819";"5";"—";"142000";"46 49 42";"5000";"Участвует в конкурсе";"1644599";"—"
"2820";"4";"—";"141000";"52 47 42";"—";"Участвует в конкурсе";"2227004";"—"
"2821";"6";"—";"141000";"52 47 42";"—";"Участвует в конкурсе";"1574722";"—"
"2822";"4";"—";"141000";"46 49 46";"—";"Участвует в конкурсе";"1202464";"—"
"2823";"1";"—";"141000";"46 49 46";"—";"Участвует в конкурсе";"2198253";"—"
"2824";"1";"Электронное";"141000";"46 49 46";"—";"Участвует в конкурсе";"1169391";"—"
"2825";"5";"—";"141000";"40 55 46";"—";"Участвует в конкурсе";"1170305";"—"
"2826";"2";"—";"141000";"40 55 46";"—";"Участвует в конкурсе";"1367160";"—"
"2827";"4";"—";"141000";"40 47 54";"—";"Участвует в конкурсе";"1352209";"—"
"2828";"3";"—";"141000";"40 47 54";"—";"Участвует в конкурсе";"2303013";"—"
"2829";"2";"—";"140000";"52 48 40";"—";"Участвует в конкурсе";"1237817";"—"
"2830";"4";"—";"140000";"52 45 43";"—";"Участвует в конкурсе";"1857541";"—"
"2831";"2";"—";"140000";"52 45 43";"—";"Участвует в конкурсе";"2255333";"—"
"2832";"1";"—";"140000";"52 40 48";"—";"Участвует в конкурсе";"1227710";"—"
"2833";"3";"—";"140000";"46 48 46";"—";"Участвует в конкурсе";"1602220";"—"
"2834";"1";"—";"140000";"46 45 49";"—";"Участвует в конкурсе";"1207929";"—"
"2835";"5";"—";"140000";"46 45 49";"—";"Участвует в конкурсе";"2067843";"—"
"2836";"2";"—";"140000";"40 57 43";"—";"Участвует в конкурсе";"1674036";"—"
"2837";"4";"—";"140000";"40 52 48";"—";"Участвует в конкурсе";"1286925";"—"
"2838";"3";"—";"140000";"40 51 49";"—";"Участвует в конкурсе";"2343843";"—"
"2839";"2";"—";"140000";"40 48 52";"—";"Участвует в конкурсе";"1507716";"—"
"2840";"2";"—";"140000";"40 48 52";"—";"Участвует в конкурсе";"1658452";"—"
"2841";"1";"—";"140000";"40 48 49";"3000";"Участвует в конкурсе";"2181491";"—"
"2842";"1";"Электронное";"139000";"52 47 40";"—";"Участвует в конкурсе";"1263760";"—"
"2843";"2";"—";"139000";"52 44 43";"—";"Выбыл из конкурса";"2343454";"—"
"2844";"1";"—";"139000";"46 48 45";"—";"Участвует в конкурсе";"1960329";"—"
"2845";"1";"—";"139000";"46 48 45";"—";"Участвует в конкурсе";"2181861";"—"
"2846";"2";"—";"139000";"46 48 45";"—";"Участвует в конкурсе";"2198333";"—"
"2847";"4";"—";"139000";"46 45 48";"—";"Участвует в конкурсе";"1284162";"—"
"2848";"1";"—";"139000";"46 44 49";"—";"Участвует в конкурсе";"2187992";"—"
"2849";"4";"—";"139000";"40 57 42";"—";"Участвует в конкурсе";"1329862";"—"
"2850";"1";"—";"139000";"40 47 52";"—";"Участвует в конкурсе";"1792297";"—"
"2851";"5";"—";"139000";"40 47 52";"—";"Участвует в конкурсе";"2326342";"—"
"2852";"5";"—";"139000";"40 45 54";"—";"Участвует в конкурсе";"2390110";"—"
"2853";"3";"—";"139000";"52 42 42";"3000";"Выбыл из конкурса";"1178686";"—"
"2854";"1";"—";"139000";"40 48 48";"3000";"Участвует в конкурсе";"2142810";"—"
"2855";"3";"—";"139000";"34 51 51";"3000";"Выбыл из конкурса";"2093298";"—"
"2856";"6";"—";"138000";"46 49 43";"—";"Участвует в конкурсе";"1186739";"—"
"2857";"3";"—";"138000";"46 47 45";"—";"Участвует в конкурсе";"1721190";"—"
"2858";"3";"—";"138000";"40 50 48";"—";"Участвует в конкурсе";"2175471";"—"
"2859";"1";"—";"138000";"46 44 45";"3000";"Выбыл из конкурса";"1003038";"—"
"2860";"2";"—";"137000";"40 45 52";"—";"Участвует в конкурсе";"2181612";"—"
"2862";"3";"—";"136000";"46 45 45";"—";"Участвует в конкурсе";"1256943";"—"
"2863";"7";"—";"136000";"40 47 49";"—";"Участвует в конкурсе";"1119826";"—"
"2864";"4";"—";"136000";"40 47 49";"—";"Участвует в конкурсе";"1778148";"—"
"2865";"2";"—";"136000";"40 45 51";"—";"Участвует в конкурсе";"1329378";"—"
"2867";"3";"—";"134000";"46 43 45";"—";"Участвует в конкурсе";"1605966";"—"
"2869";"4";"—";"134000";"40 45 46";"3000";"Участвует в конкурсе";"2056722";"—"
"2870";"7";"—";"133000";"78 0 55";"—";"Выбыл из конкурса";"2426048";"—"
"2872";"1";"—";"133000";"40 51 42";"—";"Участвует в конкурсе";"1897400";"—"
"2873";"2";"—";"133000";"40 44 49";"—";"Участвует в конкурсе";"1705414";"—"
"2875";"2";"—";"131000";"46 42 43";"—";"Участвует в конкурсе";"1997756";"—"
"2876";"3";"—";"131000";"40 51 40";"—";"Участвует в конкурсе";"1230592";"—"
"2878";"2";"—";"131000";"40 40 51";"—";"Участвует в конкурсе";"1794286";"—"
"2880";"6";"—";"131000";"40 42 46";"3000";"Участвует в конкурсе";"2341741";"—"
"2881";"4";"—";"131000";"27 49 52";"3000";"Выбыл из конкурса";"1019341";"—"
"2882";"8";"—";"130000";"52 0 78";"—";"Выбыл из конкурса";"2025640";"—"
"2883";"2";"—";"130000";"40 48 42";"—";"Участвует в конкурсе";"2172721";"—"
"2884";"1";"—";"128000";"40 42 46";"—";"Выбыл из конкурса";"2395165";"—"
"2886";"1";"—";"126000";"40 44 42";"—";"Выбыл из конкурса";"2386482";"—"
"2887";"2";"—";"125000";"58 0 67";"—";"Выбыл из конкурса";"2185518";"—"
"2888";"4";"—";"124000";"27 40 54";"3000";"Выбыл из конкурса";"1618497";"—"
"2889";"2";"—";"123000";"0 53 67";"3000";"Выбыл из конкурса";"1907472";"—"
"2891";"2";"—";"120000";"72 48 0";"—";"Выбыл из конкурса";"1280486";"—"
"2892";"1";"—";"120000";"0 59 61";"—";"Выбыл из конкурса";"1960659";"—"
"2893";"1";"—";"118000";"64 0 54";"—";"Выбыл из конкурса";"2417521";"—"
"2894";"2";"—";"117000";"27 44 46";"—";"Выбыл из конкурса";"1738849";"—"
"2895";"1";"—";"115000";"0 54 61";"—";"Выбыл из конкурса";"2354915";"—"
"2896";"2";"—";"113000";"0 62 48";"3000";"Выбыл из конкурса";"2085941";"—"
"2897";"3";"—";"111000";"0 53 58";"—";"Выбыл из конкурса";"1444252";"—"
"2898";"1";"—";"106000";"58 0 48";"—";"Выбыл из конкурса";"1354681";"—"
"2899";"3";"—";"106000";"52 0 52";"2000";"Выбыл из конкурса";"2182009";"—"
"2900";"1";"—";"104000";"0 46 58";"—";"Выбыл из конкурса";"1335615";"—"
"2901";"4";"—";"100000";"0 49 48";"3000";"Выбыл из конкурса";"1602529";"—"
"2902";"7";"—";"97000";"0 45 52";"—";"Выбыл из конкурса";"1153708";"—"
"2903";"4";"—";"95000";"52 0 43";"—";"Выбыл из конкурса";"971126";"—"
"2904";"5";"—";"94000";"40 0 54";"—";"Выбыл из конкурса";"2043914";"—"
"2905";"5";"—";"92000";"46 0 46";"—";"Выбыл из конкурса";"1432585";"—"
"2906";"3";"—";"92000";"46 0 46";"—";"Выбыл из конкурса";"2161162";"—"
"2908";"5";"—";"88000";"40 0 48";"—";"Выбыл из конкурса";"2378801";"—"
"2909";"3";"—";"88000";"34 0 51";"3000";"Выбыл из конкурса";"1341538";"—"
"2910";"2";"—";"86000";"46 0 40";"—";"Выбыл из конкурса";"1927948";"—"
"2911";"1";"—";"78000";"27 0 51";"—";"Выбыл из конкурса";"1909957";"—"
"2912";"6";"—";"76000";"27 0 49";"—";"Выбыл из конкурса";"2273627";"—"
"2913";"2";"—";"54000";"0 0 54";"—";"Выбыл из конкурса";"1572346";"—"
"2914";"1";"—";"48000";"0 0 48";"—";"Выбыл из конкурса";"1785368";"—"
"2915";"3";"—";"48000";"0 0 48";"—";"Выбыл из конкурса";"2237030";"—"
"2916";"4";"—";"170000";"- 81 89";"—";"Ожидание результатов ВИ";"2113240";"—"
"2917";"5";"—";"161000";"- 75 86";"—";"Ожидание результатов ВИ";"1292390";"—"
"2918";"5";"—";"156000";"- 75 81";"—";"Ожидание результатов ВИ";"1915701";"—"
"2919";"1";"—";"156000";"- 86 60";"10000";"Ожидание результатов ВИ";"2305168";"—"
"2920";"1";"—";"154000";"90 - 64";"—";"Ожидание результатов ВИ";"1436315";"—"
"2923";"3";"—";"142000";"- 72 70";"—";"Ожидание результатов ВИ";"1618355";"—"
"2924";"4";"—";"139000";"- 67 70";"2000";"Ожидание результатов ВИ";"1937809";"—"
"2925";"3";"—";"137000";"- 70 67";"—";"Ожидание результатов ВИ";"1554499";"—"
"2926";"1";"—";"135000";"52 - 83";"—";"Ожидание результатов ВИ";"1261798";"—"
"2927";"4";"—";"132000";"- 74 58";"—";"Ожидание результатов ВИ";"2053840";"—"
"2928";"3";"—";"131000";"- 61 67";"3000";"Ожидание результатов ВИ";"1480300";"—"
"2929";"5";"—";"130000";"76 - 54";"—";"Ожидание результатов ВИ";"2284510";"—"
"2930";"4";"—";"130000";"- 49 78";"3000";"Ожидание результатов ВИ";"2338926";"—"
"2932";"1";"—";"129000";"72 - 57";"—";"Ожидание результатов ВИ";"2169590";"—"
"2933";"1";"—";"128000";"70 - 58";"—";"Ожидание результатов ВИ";"1465931";"—"
"2934";"5";"—";"128000";"- 70 58";"—";"Ожидание результатов ВИ";"2207354";"—"
"2935";"2";"—";"127000";"64 - 63";"—";"Ожидание результатов ВИ";"1422328";"—"
"2936";"3";"—";"127000";"- 49 78";"—";"Ожидание результатов ВИ";"1999433";"—"
"2937";"5";"—";"124000";"- 58 66";"—";"Ожидание результатов ВИ";"1249407";"—"
"2938";"5";"—";"120000";"- 66 52";"2000";"Ожидание результатов ВИ";"1242400";"—"
"2939";"3";"—";"119000";"- 59 60";"—";"Ожидание результатов ВИ";"1200510";"—"
"2941";"2";"—";"119000";"- 62 54";"3000";"Ожидание результатов ВИ";"1889154";"—"
"2942";"3";"—";"116000";"- 60 46";"10000";"Ожидание результатов ВИ";"2292424";"—"
"2943";"2";"—";"114000";"- 62 52";"—";"Ожидание результатов ВИ";"1679555";"—"
"2944";"4";"—";"114000";"- 56 58";"—";"Ожидание результатов ВИ";"2181628";"—"
"2945";"2";"—";"113000";"- 64 49";"—";"Ожидание результатов ВИ";"2051621";"—"
"2946";"7";"—";"113000";"- 62 51";"—";"Ожидание результатов ВИ";"1913335";"—"
"2948";"4";"—";"110000";"- 53 57";"—";"Ожидание результатов ВИ";"1631219";"—"
"2949";"2";"—";"109000";"- 60 49";"—";"Ожидание результатов ВИ";"1711586";"—"
"2950";"1";"—";"109000";"- 55 54";"—";"Ожидание результатов ВИ";"2285232";"—"
"2951";"1";"—";"107000";"- 56 51";"—";"Ожидание результатов ВИ";"2443088";"—"
"2953";"2";"—";"106000";"- 48 58";"—";"Ожидание результатов ВИ";"2308303";"—"
"2954";"5";"—";"106000";"- 55 46";"5000";"Ожидание результатов ВИ";"1643122";"—"
"2955";"5";"—";"105000";"- 51 54";"—";"Ожидание результатов ВИ";"2176875";"—"
"2956";"5";"—";"104000";"- 55 49";"—";"Ожидание результатов ВИ";"2337561";"—"
"2957";"1";"—";"102000";"- 53 49";"—";"Ожидание результатов ВИ";"2192962";"—"
"2960";"2";"—";"101000";"- 51 50";"—";"Ожидание результатов ВИ";"1091386";"—"
"2961";"5";"—";"101000";"- 47 54";"—";"Ожидание результатов ВИ";"1257142";"—"
"2962";"2";"—";"100000";"- 49 51";"—";"Ожидание результатов ВИ";"2084230";"—"
"2963";"3";"—";"98000";"- 55 40";"3000";"Ожидание результатов ВИ";"1497424";"—"
"2964";"2";"—";"97000";"- 55 42";"—";"Ожидание результатов ВИ";"1679263";"—"
"2965";"1";"—";"95000";"- 47 48";"—";"Ожидание результатов ВИ";"2170413";"—"
"2966";"4";"—";"95000";"- 48 45";"2000";"Ожидание результатов ВИ";"2213138";"—"
"2967";"2";"—";"93000";"- 47 46";"—";"Ожидание результатов ВИ";"2328742";"—"
"2968";"2";"—";"93000";"- 47 46";"—";"Ожидание результатов ВИ";"2392537";"—"
"2969";"2";"—";"91000";"- 51 40";"—";"Ожидание результатов ВИ";"1492153";"—"
"2970";"2";"—";"90000";"- 44 43";"3000";"Ожидание результатов ВИ";"2168321";"—"
"2971";"1";"—";"56000";"- 56 -";"—";"Ожидание результатов ВИ";"1635477";"—"
"2972";"1";"—";"52000";"- - 42";"10000";"Ожидание результатов ВИ";"1000279";"—"
"2973";"2";"—";"49000";"- 0 49";"—";"Выбыл из конкурса";"1960367";"—"
"2974";"1";"—";"46000";"- 0 46";"—";"Выбыл из конкурса";"1692354";"—"
"2975";"2";"—";"46000";"- - 46";"—";"Ожидание результатов ВИ";"2404947";"—"
"2976";"2";"—";"42000";"- - 42";"—";"Ожидание результатов ВИ";"1171230";"—"
"2977";"2";"—";"37000";"- 0 37";"—";"Выбыл из конкурса";"2291021";"—"
"2981";"4";"—";"10000";"- - -";"10000";"Ожидание результатов ВИ";"1726263";"—"
"2984";"3";"—";"10000";"- - -";"10000";"Ожидание результатов ВИ";"2332666";"—"
"2985";"3";"—";"2000";"- - -";"2000";"Ожидание результатов ВИ";"2289443";"—"
"2989";"2";"—";"—";"- - -";"—";"Ожидание результатов ВИ";"1041637";"—"
"2990";"1";"—";"—";"- - -";"—";"Ожидание результатов ВИ";"1039787";"—"
"2994";"1";"—";"—";"- - -";"—";"Ожидание результатов ВИ";"1345930";"—"
"2999";"1";"—";"—";"- - -";"—";"Ожидание результатов ВИ";"1416967";"—"
"3005";"2";"—";"—";"- - -";"—";"Ожидание результатов ВИ";"1098956";"—"
"3007";"2";"—";"—";"- - -";"—";"Ожидание результатов ВИ";"1036958";"—"
"3008";"2";"—";"—";"- - -";"—";"Ожидание результатов ВИ";"1568396";"—"
"3009";"3";"—";"—";"- - -";"—";"Ожидание результатов ВИ";"1622912";"—"
"3012";"3";"—";"—";"- - -";"—";"Ожидание результатов ВИ";"1828712";"—"
"3015";"1";"—";"—";"- - -";"—";"Ожидание результатов ВИ";"1788877";"—"
"3020";"5";"—";"—";"- - -";"—";"Ожидание результатов ВИ";"1798364";"—"
"3021";"3";"—";"—";"- - -";"—";"Ожидание результатов ВИ";"1171295";"—"
"3025";"1";"—";"—";"- - -";"—";"Ожидание результатов ВИ";"1977749";"—"
"3028";"2";"—";"—";"- - -";"—";"Ожидание результатов ВИ";"2100781";"—"
"3029";"2";"—";"—";"- - -";"—";"Ожидание результатов ВИ";"2101496";"—"
"3034";"1";"—";"—";"- - -";"—";"Ожидание результатов ВИ";"2327950";"—"
"3035";"4";"—";"—";"- - -";"—";"Ожидание результатов ВИ";"2361912";"—"
"3037";"2";"—";"—";"- - -";"—";"Ожидание результатов ВИ";"2404604";"—"
"3039";"1";"—";"—";"- - -";"—";"Ожидание результатов ВИ";"986642";"—"
"3041";"3";"—";"—";"- - -";"—";"Ожидание результатов ВИ";"1935201";"—"
"3042";"2";"—";"—";"- - -";"—";"Ожидание результатов ВИ";"1775608";"—"
"3043";"1";"—";"—";"- - -";"—";"Ожидание результатов ВИ";"2416579";"—"
"3044";"4";"—";"—";"- - -";"—";"Ожидание результатов ВИ";"2398130";"—"
"3045";"1";"—";"—";"- - -";"—";"Ожидание результатов ВИ";"1497745";"—"
"3046";"1";"—";"—";"- - -";"—";"Ожидание результатов ВИ";"2423594";"—"
"3047";"4";"—";"—";"- - -";"—";"Ожидание результатов ВИ";"2479756";"—"
"3048";"2";"—";"—";"- - -";"—";"Ожидание результатов ВИ";"1772749";"—"
