"Порядковый номер";"Приоритет конкурса";"Подано согласие";"Сумма баллов";"Баллы за ВИ";"Баллы за ИД";"Статус";"Код поступающего";"Дата выбора конкурсной группы по Москве"
"1";"1";"Электронное";"1000";"x x x";"10000";"Участвует в конкурсе";"2371316";"—"
"2";"1";"—";"1000";"x x x";"10000";"Участвует в конкурсе";"1341631";"—"
"3";"1";"Электронное";"1000";"x x x";"10000";"Участвует в конкурсе";"2393877";"—"
"4";"1";"Электронное";"1000";"x x x";"10000";"Участвует в конкурсе";"2372725";"—"
"5";"1";"Электронное";"1000";"x x x";"10000";"Участвует в конкурсе";"1998944";"—"
"6";"1";"—";"1000";"x x x";"10000";"Участвует в конкурсе";"2076981";"—"
"7";"1";"—";"1000";"x x x";"10000";"Участвует в конкурсе";"2251981";"—"
"8";"8";"—";"310000";"100 100 100";"10000";"Участвует в конкурсе";"1514555";"—"
"9";"1";"—";"310000";"100 100 100";"10000";"Участвует в конкурсе";"1851055";"—"
"10";"8";"—";"310000";"100 100 100";"10000";"Участвует в конкурсе";"1701767";"—"
"11";"9";"—";"308000";"100 98 100";"10000";"Участвует в конкурсе";"1513347";"—"
"12";"1";"—";"308000";"100 98 100";"10000";"Участвует в конкурсе";"1728171";"—"
"14";"13";"—";"307000";"100 100 97";"10000";"Участвует в конкурсе";"1552679";"—"
"15";"2";"—";"307000";"100 100 97";"10000";"Участвует в конкурсе";"2127872";"—"
"16";"6";"—";"307000";"100 100 97";"10000";"Участвует в конкурсе";"2071444";"—"
"17";"1";"—";"307000";"100 100 97";"10000";"Участвует в конкурсе";"1727373";"—"
"18";"1";"—";"307000";"99 98 100";"10000";"Участвует в конкурсе";"1781001";"—"
"19";"4";"—";"307000";"99 98 100";"10000";"Участвует в конкурсе";"1312784";"—"
"20";"6";"—";"305000";"98 100 97";"10000";"Участвует в конкурсе";"1952940";"—"
"21";"3";"Электронное";"305000";"97 98 100";"10000";"Участвует в конкурсе";"2311531";"—"
"22";"16";"—";"304000";"100 100 94";"10000";"Участвует в конкурсе";"1796316";"—"
"23";"1";"—";"304000";"100 100 94";"10000";"Участвует в конкурсе";"952832";"—"
"24";"11";"—";"304000";"100 100 94";"10000";"Участвует в конкурсе";"1168205";"—"
"25";"3";"—";"304000";"100 100 94";"10000";"Участвует в конкурсе";"1351012";"—"
"26";"7";"—";"304000";"100 100 94";"10000";"Участвует в конкурсе";"1187391";"—"
"27";"5";"—";"304000";"100 100 94";"10000";"Участвует в конкурсе";"1603179";"—"
"28";"2";"—";"304000";"99 98 97";"10000";"Участвует в конкурсе";"1842883";"—"
"29";"11";"—";"304000";"99 98 97";"10000";"Участвует в конкурсе";"1914761";"—"
"30";"3";"—";"304000";"99 95 100";"10000";"Участвует в конкурсе";"1485022";"—"
"31";"8";"—";"304000";"97 100 97";"10000";"Участвует в конкурсе";"1253269";"—"
"32";"5";"Электронное";"304000";"94 100 100";"10000";"Участвует в конкурсе";"1706728";"—"
"33";"7";"—";"303000";"100 93 100";"10000";"Участвует в конкурсе";"1472861";"—"
"34";"13";"—";"303000";"99 100 94";"10000";"Участвует в конкурсе";"1684531";"—"
"35";"3";"—";"303000";"96 100 97";"10000";"Участвует в конкурсе";"1902289";"—"
"36";"6";"—";"303000";"95 98 100";"10000";"Участвует в конкурсе";"2041055";"—"
"37";"2";"—";"302000";"100 98 94";"10000";"Участвует в конкурсе";"1249733";"—"
"38";"3";"Электронное";"302000";"100 98 94";"10000";"Участвует в конкурсе";"1004310";"—"
"39";"6";"—";"302000";"100 98 94";"10000";"Участвует в конкурсе";"1713135";"—"
"40";"1";"—";"302000";"100 98 94";"10000";"Участвует в конкурсе";"1415896";"—"
"41";"4";"—";"302000";"100 95 97";"10000";"Участвует в конкурсе";"1644443";"—"
"42";"4";"—";"302000";"100 95 97";"10000";"Участвует в конкурсе";"1622830";"—"
"43";"6";"—";"302000";"100 95 97";"10000";"Участвует в конкурсе";"1391057";"—"
"45";"16";"—";"302000";"99 93 100";"10000";"Участвует в конкурсе";"1396381";"—"
"46";"5";"—";"302000";"98 100 94";"10000";"Участвует в конкурсе";"1622988";"—"
"47";"13";"—";"302000";"97 98 97";"10000";"Участвует в конкурсе";"1188080";"—"
"48";"3";"—";"302000";"97 95 100";"10000";"Участвует в конкурсе";"2005384";"—"
"49";"1";"—";"302000";"95 100 97";"10000";"Участвует в конкурсе";"1183820";"—"
"50";"5";"—";"301000";"100 100 91";"10000";"Участвует в конкурсе";"1646082";"—"
"51";"13";"—";"301000";"100 100 91";"10000";"Участвует в конкурсе";"1723490";"—"
"52";"10";"—";"301000";"100 100 91";"10000";"Участвует в конкурсе";"1949750";"—"
"53";"6";"—";"301000";"100 100 91";"10000";"Участвует в конкурсе";"1586970";"—"
"55";"8";"—";"301000";"98 93 100";"10000";"Участвует в конкурсе";"1821821";"—"
"56";"1";"—";"301000";"97 100 94";"10000";"Участвует в конкурсе";"1359030";"—"
"57";"10";"—";"301000";"97 100 94";"10000";"Участвует в конкурсе";"2246911";"—"
"58";"1";"—";"301000";"97 100 94";"10000";"Участвует в конкурсе";"1730665";"—"
"59";"5";"—";"301000";"96 98 97";"10000";"Участвует в конкурсе";"2175203";"—"
"60";"6";"—";"301000";"96 95 100";"10000";"Участвует в конкурсе";"1355170";"—"
"61";"5";"—";"301000";"96 95 100";"10000";"Участвует в конкурсе";"1583778";"—"
"62";"5";"—";"301000";"94 100 97";"10000";"Участвует в конкурсе";"1272720";"—"
"64";"6";"—";"300000";"100 90 100";"10000";"Участвует в конкурсе";"1728488";"—"
"65";"1";"—";"300000";"99 100 91";"10000";"Участвует в конкурсе";"1999926";"—"
"66";"1";"—";"300000";"98 98 94";"10000";"Участвует в конкурсе";"1202951";"—"
"67";"2";"—";"300000";"98 98 94";"10000";"Участвует в конкурсе";"1708207";"—"
"68";"1";"—";"300000";"98 98 94";"10000";"Участвует в конкурсе";"1268185";"—"
"69";"3";"—";"300000";"98 95 97";"10000";"Участвует в конкурсе";"1331541";"—"
"70";"7";"—";"300000";"96 100 94";"10000";"Участвует в конкурсе";"1178188";"—"
"71";"2";"—";"300000";"95 98 97";"10000";"Участвует в конкурсе";"1555783";"—"
"72";"2";"—";"300000";"92 98 100";"10000";"Участвует в конкурсе";"2262178";"—"
"73";"14";"—";"300000";"90 100 100";"10000";"Участвует в конкурсе";"1618714";"—"
"74";"1";"—";"299000";"100 100 89";"10000";"Участвует в конкурсе";"1786590";"—"
"75";"2";"—";"299000";"100 100 89";"10000";"Участвует в конкурсе";"1324915";"—"
"76";"6";"—";"299000";"100 100 89";"10000";"Участвует в конкурсе";"1797731";"—"
"77";"2";"—";"299000";"100 100 89";"10000";"Участвует в конкурсе";"2255108";"—"
"78";"6";"—";"299000";"100 100 89";"10000";"Участвует в конкурсе";"1720224";"—"
"79";"3";"—";"299000";"100 100 89";"10000";"Участвует в конкурсе";"1514902";"—"
"80";"2";"—";"299000";"100 100 89";"10000";"Участвует в конкурсе";"1936697";"—"
"81";"4";"—";"299000";"100 98 91";"10000";"Участвует в конкурсе";"1417840";"—"
"82";"1";"—";"299000";"100 98 91";"10000";"Участвует в конкурсе";"1498153";"—"
"83";"2";"—";"299000";"100 98 91";"10000";"Участвует в конкурсе";"1572627";"—"
"84";"5";"—";"299000";"100 98 91";"10000";"Участвует в конкурсе";"1190329";"—"
"85";"5";"Электронное";"299000";"100 95 94";"10000";"Участвует в конкурсе";"1334788";"—"
"86";"2";"Электронное";"299000";"100 95 94";"10000";"Участвует в конкурсе";"1554023";"—"
"87";"12";"—";"299000";"100 95 94";"10000";"Участвует в конкурсе";"1988073";"—"
"88";"10";"—";"299000";"100 95 94";"10000";"Участвует в конкурсе";"1576662";"—"
"89";"4";"—";"299000";"99 93 97";"10000";"Участвует в конкурсе";"1916785";"—"
"90";"5";"—";"299000";"99 93 97";"10000";"Участвует в конкурсе";"2269157";"—"
"92";"3";"—";"299000";"97 98 94";"10000";"Участвует в конкурсе";"1497723";"—"
"93";"7";"—";"299000";"97 98 94";"10000";"Участвует в конкурсе";"2245983";"—"
"94";"5";"—";"299000";"97 95 97";"10000";"Участвует в конкурсе";"1563294";"—"
"95";"9";"—";"299000";"97 95 97";"10000";"Участвует в конкурсе";"1772073";"—"
"96";"3";"—";"299000";"95 100 94";"10000";"Участвует в конкурсе";"1407670";"—"
"98";"3";"—";"299000";"94 98 97";"10000";"Участвует в конкурсе";"1793853";"—"
"99";"30";"—";"299000";"92 100 97";"10000";"Участвует в конкурсе";"1729269";"—"
"100";"4";"—";"298000";"99 100 89";"10000";"Участвует в конкурсе";"1518721";"—"
"101";"3";"—";"298000";"97 100 91";"10000";"Участвует в конкурсе";"1716894";"—"
"102";"1";"—";"298000";"96 98 94";"10000";"Участвует в конкурсе";"1436757";"—"
"103";"1";"—";"298000";"96 98 94";"10000";"Участвует в конкурсе";"1399618";"—"
"104";"7";"—";"298000";"96 95 97";"10000";"Участвует в конкурсе";"1209032";"—"
"105";"2";"—";"298000";"96 95 97";"10000";"Участвует в конкурсе";"2033767";"—"
"106";"3";"—";"298000";"96 95 97";"10000";"Участвует в конкурсе";"1626983";"—"
"107";"5";"—";"298000";"94 100 94";"10000";"Участвует в конкурсе";"1418312";"—"
"108";"2";"—";"297000";"100 98 89";"10000";"Участвует в конкурсе";"971519";"—"
"109";"1";"—";"297000";"100 98 89";"10000";"Участвует в конкурсе";"1345660";"—"
"110";"4";"—";"297000";"100 98 89";"10000";"Участвует в конкурсе";"1496040";"—"
"111";"5";"—";"297000";"100 98 89";"10000";"Участвует в конкурсе";"1754805";"—"
"112";"12";"—";"297000";"100 98 89";"10000";"Участвует в конкурсе";"1167293";"—"
"113";"6";"—";"297000";"100 93 94";"10000";"Участвует в конкурсе";"1175568";"—"
"114";"4";"—";"297000";"100 93 94";"10000";"Участвует в конкурсе";"1491537";"—"
"115";"3";"—";"297000";"100 93 94";"10000";"Участвует в конкурсе";"1787644";"—"
"116";"1";"—";"297000";"100 93 94";"10000";"Участвует в конкурсе";"1441490";"—"
"117";"1";"—";"297000";"100 90 97";"10000";"Участвует в конкурсе";"1655375";"—"
"118";"4";"—";"297000";"98 100 89";"10000";"Участвует в конкурсе";"1991433";"—"
"119";"5";"—";"297000";"98 100 89";"10000";"Участвует в конкурсе";"1796175";"—"
"120";"6";"—";"297000";"98 95 94";"10000";"Участвует в конкурсе";"1184355";"—"
"121";"2";"—";"297000";"97 93 97";"10000";"Участвует в конкурсе";"1679141";"—"
"122";"3";"—";"297000";"97 90 100";"10000";"Участвует в конкурсе";"2100723";"—"
"123";"3";"—";"297000";"96 100 91";"10000";"Участвует в конкурсе";"2365647";"—"
"124";"20";"—";"297000";"96 100 91";"10000";"Участвует в конкурсе";"1261735";"—"
"125";"2";"—";"297000";"95 98 94";"10000";"Участвует в конкурсе";"1599497";"—"
"126";"3";"—";"297000";"95 95 97";"10000";"Участвует в конкурсе";"1860605";"—"
"127";"2";"Электронное";"297000";"92 98 97";"10000";"Участвует в конкурсе";"1899881";"—"
"128";"17";"—";"297000";"92 95 100";"10000";"Участвует в конкурсе";"1422687";"—"
"129";"5";"—";"297000";"92 95 100";"10000";"Участвует в конкурсе";"1501339";"—"
"130";"12";"—";"297000";"90 100 97";"10000";"Участвует в конкурсе";"1784994";"—"
"131";"9";"—";"297000";"90 100 97";"10000";"Участвует в конкурсе";"1726516";"—"
"133";"6";"—";"296000";"96 100 94";"6000";"Участвует в конкурсе";"1201342";"—"
"134";"12";"Электронное";"296000";"100 100 86";"10000";"Участвует в конкурсе";"1497854";"—"
"135";"3";"—";"296000";"100 100 86";"10000";"Участвует в конкурсе";"1336837";"—"
"136";"2";"—";"296000";"100 100 86";"10000";"Участвует в конкурсе";"1279117";"—"
"137";"1";"—";"296000";"100 100 86";"10000";"Участвует в конкурсе";"1025671";"—"
"138";"3";"—";"296000";"100 95 91";"10000";"Участвует в конкурсе";"1798824";"—"
"139";"1";"—";"296000";"100 95 91";"10000";"Участвует в конкурсе";"1515686";"—"
"140";"11";"—";"296000";"99 93 94";"10000";"Участвует в конкурсе";"1612795";"—"
"141";"1";"—";"296000";"99 93 94";"10000";"Участвует в конкурсе";"2050354";"—"
"142";"3";"—";"296000";"99 90 97";"10000";"Участвует в конкурсе";"1187344";"—"
"143";"7";"—";"296000";"97 100 89";"10000";"Участвует в конкурсе";"1341272";"—"
"144";"5";"—";"296000";"97 100 89";"10000";"Участвует в конкурсе";"1714867";"—"
"145";"10";"—";"296000";"97 98 91";"10000";"Участвует в конкурсе";"1471844";"—"
"146";"7";"—";"296000";"97 98 91";"10000";"Участвует в конкурсе";"2368438";"—"
"147";"2";"—";"296000";"97 95 94";"10000";"Участвует в конкурсе";"1196082";"—"
"148";"7";"—";"296000";"97 95 94";"10000";"Участвует в конкурсе";"1362878";"—"
"149";"1";"—";"296000";"96 93 97";"10000";"Участвует в конкурсе";"1831496";"—"
"150";"3";"—";"296000";"96 90 100";"10000";"Участвует в конкурсе";"1334560";"—"
"151";"1";"—";"296000";"96 90 100";"10000";"Участвует в конкурсе";"1503616";"—"
"152";"16";"—";"296000";"94 98 94";"10000";"Участвует в конкурсе";"1721069";"—"
"154";"7";"—";"296000";"94 95 97";"10000";"Участвует в конкурсе";"1964819";"—"
"155";"10";"—";"296000";"94 95 97";"10000";"Участвует в конкурсе";"1707049";"—"
"156";"7";"—";"296000";"86 100 100";"10000";"Участвует в конкурсе";"1702101";"—"
"157";"3";"—";"295000";"99 95 91";"10000";"Участвует в конкурсе";"1479205";"—"
"158";"5";"—";"295000";"99 95 91";"10000";"Участвует в конкурсе";"1783449";"—"
"159";"6";"—";"295000";"98 98 89";"10000";"Участвует в конкурсе";"1181147";"—"
"160";"3";"—";"295000";"98 98 89";"10000";"Участвует в конкурсе";"2047416";"—"
"161";"4";"—";"295000";"98 98 89";"10000";"Участвует в конкурсе";"1637116";"—"
"162";"5";"Электронное";"295000";"96 98 91";"10000";"Участвует в конкурсе";"1444386";"—"
"163";"11";"—";"295000";"96 98 91";"10000";"Участвует в конкурсе";"1174068";"—"
"164";"2";"—";"295000";"96 98 91";"10000";"Участвует в конкурсе";"1581283";"—"
"165";"1";"—";"295000";"94 100 91";"10000";"Участвует в конкурсе";"1687864";"—"
"166";"4";"—";"295000";"94 100 91";"10000";"Участвует в конкурсе";"1588736";"—"
"167";"6";"—";"294000";"100 98 86";"10000";"Участвует в конкурсе";"1625066";"—"
"168";"2";"Электронное";"294000";"100 98 86";"10000";"Участвует в конкурсе";"2051633";"—"
"169";"7";"—";"294000";"100 98 86";"10000";"Участвует в конкурсе";"1642393";"—"
"170";"3";"—";"294000";"100 98 86";"10000";"Участвует в конкурсе";"1621659";"—"
"171";"3";"—";"294000";"100 95 89";"10000";"Участвует в конкурсе";"1908016";"—"
"172";"4";"—";"294000";"100 95 89";"10000";"Участвует в конкурсе";"1364819";"—"
"173";"9";"—";"294000";"100 95 89";"10000";"Участвует в конкурсе";"1614745";"—"
"174";"3";"—";"294000";"100 95 89";"10000";"Участвует в конкурсе";"2307901";"—"
"176";"4";"—";"294000";"100 93 91";"10000";"Участвует в конкурсе";"1335466";"—"
"177";"4";"—";"294000";"100 93 91";"10000";"Участвует в конкурсе";"2105998";"—"
"178";"4";"—";"294000";"100 93 91";"10000";"Участвует в конкурсе";"1121847";"—"
"179";"2";"—";"294000";"100 93 91";"10000";"Участвует в конкурсе";"1876869";"—"
"180";"5";"—";"294000";"100 90 94";"10000";"Участвует в конкурсе";"1192420";"—"
"181";"1";"—";"294000";"99 88 97";"10000";"Участвует в конкурсе";"1482831";"—"
"182";"8";"—";"294000";"99 85 100";"10000";"Участвует в конкурсе";"1798162";"—"
"183";"3";"—";"294000";"97 93 94";"10000";"Участвует в конкурсе";"1194379";"—"
"184";"2";"—";"294000";"97 93 94";"10000";"Участвует в конкурсе";"1620731";"—"
"185";"2";"—";"294000";"97 90 97";"10000";"Участвует в конкурсе";"1290363";"—"
"187";"2";"Электронное";"294000";"95 100 89";"10000";"Участвует в конкурсе";"1281510";"—"
"188";"10";"—";"294000";"95 100 89";"10000";"Участвует в конкурсе";"1797881";"—"
"189";"2";"Электронное";"294000";"95 95 94";"10000";"Участвует в конкурсе";"1212446";"—"
"190";"1";"—";"294000";"95 95 94";"10000";"Участвует в конкурсе";"1176975";"—"
"191";"3";"—";"294000";"95 95 94";"10000";"Участвует в конкурсе";"1276886";"—"
"192";"6";"—";"294000";"95 95 94";"10000";"Участвует в конкурсе";"1619609";"—"
"193";"21";"—";"294000";"94 93 97";"10000";"Участвует в конкурсе";"2240018";"—"
"194";"8";"Электронное";"294000";"94 90 100";"10000";"Участвует в конкурсе";"1506474";"—"
"195";"1";"—";"294000";"94 90 100";"10000";"Участвует в конкурсе";"1655126";"—"
"196";"1";"—";"294000";"92 98 94";"10000";"Участвует в конкурсе";"1517990";"—"
"197";"3";"—";"294000";"92 95 97";"10000";"Участвует в конкурсе";"1527837";"—"
"198";"9";"Электронное";"294000";"92 95 97";"10000";"Участвует в конкурсе";"2376179";"—"
"199";"4";"Электронное";"293000";"100 93 94";"6000";"Участвует в конкурсе";"2218242";"—"
"200";"18";"Электронное";"293000";"96 98 91";"8000";"Участвует в конкурсе";"1720390";"—"
"201";"7";"—";"293000";"100 100 83";"10000";"Участвует в конкурсе";"1412783";"—"
"202";"1";"—";"293000";"100 100 83";"10000";"Участвует в конкурсе";"1571604";"—"
"203";"9";"—";"293000";"100 100 83";"10000";"Участвует в конкурсе";"1636087";"—"
"204";"3";"—";"293000";"100 100 83";"10000";"Участвует в конкурсе";"1246797";"—"
"205";"7";"—";"293000";"100 100 83";"10000";"Участвует в конкурсе";"1131677";"—"
"207";"12";"—";"293000";"99 93 91";"10000";"Участвует в конкурсе";"1650935";"—"
"208";"2";"—";"293000";"97 100 86";"10000";"Участвует в конкурсе";"1503011";"—"
"209";"2";"—";"293000";"97 95 91";"10000";"Участвует в конкурсе";"1724472";"—"
"210";"14";"—";"293000";"96 98 89";"10000";"Участвует в конкурсе";"1637286";"—"
"211";"2";"—";"293000";"95 88 100";"10000";"Участвует в конкурсе";"1845469";"—"
"212";"12";"—";"293000";"95 88 100";"10000";"Участвует в конкурсе";"1403936";"—"
"213";"11";"—";"293000";"94 100 89";"10000";"Участвует в конкурсе";"1352457";"—"
"214";"7";"—";"293000";"94 100 89";"10000";"Участвует в конкурсе";"1207984";"—"
"215";"2";"—";"293000";"94 100 89";"10000";"Участвует в конкурсе";"2134514";"—"
"216";"3";"—";"293000";"94 95 94";"10000";"Участвует в конкурсе";"1440362";"—"
"217";"4";"—";"293000";"94 95 94";"10000";"Участвует в конкурсе";"1433398";"—"
"218";"5";"—";"293000";"94 95 94";"10000";"Участвует в конкурсе";"1620686";"—"
"219";"6";"—";"293000";"94 95 94";"10000";"Участвует в конкурсе";"2225304";"—"
"220";"1";"—";"293000";"86 100 97";"10000";"Участвует в конкурсе";"1903946";"—"
"222";"11";"—";"292000";"98 100 94";"—";"Участвует в конкурсе";"1295980";"—"
"223";"3";"—";"292000";"98 100 94";"—";"Участвует в конкурсе";"1958025";"—"
"225";"4";"—";"292000";"97 98 97";"—";"Участвует в конкурсе";"2006503";"—"
"226";"4";"—";"292000";"100 100 89";"3000";"Участвует в конкурсе";"1626093";"—"
"227";"7";"Электронное";"292000";"100 100 89";"3000";"Участвует в конкурсе";"1624004";"—"
"229";"8";"—";"292000";"97 98 94";"3000";"Участвует в конкурсе";"1843188";"—"
"230";"3";"—";"292000";"95 100 94";"3000";"Участвует в конкурсе";"2314414";"—"
"231";"22";"—";"292000";"98 100 89";"5000";"Участвует в конкурсе";"1600716";"—"
"232";"4";"—";"292000";"100 93 91";"8000";"Участвует в конкурсе";"1749360";"—"
"233";"2";"—";"292000";"100 100 83";"9000";"Участвует в конкурсе";"1364658";"—"
"234";"1";"—";"292000";"100 93 89";"10000";"Участвует в конкурсе";"1653182";"—"
"235";"5";"—";"292000";"100 93 89";"10000";"Участвует в конкурсе";"1041881";"—"
"236";"4";"—";"292000";"100 93 89";"10000";"Участвует в конкурсе";"1289436";"—"
"238";"7";"—";"292000";"100 93 89";"10000";"Участвует в конкурсе";"2265518";"—"
"239";"6";"—";"292000";"100 88 94";"10000";"Участвует в конкурсе";"1726814";"—"
"240";"15";"—";"292000";"100 88 94";"10000";"Участвует в конкурсе";"1901413";"—"
"241";"3";"—";"292000";"99 100 83";"10000";"Участвует в конкурсе";"1983938";"—"
"242";"1";"—";"292000";"98 93 91";"10000";"Участвует в конкурсе";"1286715";"—"
"243";"3";"—";"292000";"98 93 91";"10000";"Участвует в конкурсе";"2227819";"—"
"244";"9";"—";"292000";"96 100 86";"10000";"Участвует в конкурсе";"1958628";"—"
"245";"7";"—";"292000";"96 95 91";"10000";"Участвует в конкурсе";"1195299";"—"
"246";"7";"—";"292000";"96 95 91";"10000";"Участвует в конкурсе";"1506497";"—"
"248";"2";"—";"292000";"95 98 89";"10000";"Участвует в конкурсе";"1266579";"—"
"249";"16";"—";"292000";"95 93 94";"10000";"Участвует в конкурсе";"1868744";"—"
"250";"3";"—";"292000";"95 93 94";"10000";"Участвует в конкурсе";"1777594";"—"
"251";"7";"—";"292000";"95 90 97";"10000";"Участвует в конкурсе";"1646291";"—"
"252";"17";"—";"292000";"95 90 97";"10000";"Участвует в конкурсе";"2007177";"—"
"253";"7";"—";"292000";"95 90 97";"10000";"Участвует в конкурсе";"2337542";"—"
"254";"5";"Электронное";"292000";"94 88 100";"10000";"Участвует в конкурсе";"1154591";"—"
"255";"16";"—";"292000";"94 88 100";"10000";"Участвует в конкурсе";"1613206";"—"
"256";"6";"—";"292000";"92 93 97";"10000";"Участвует в конкурсе";"1475756";"—"
"257";"2";"—";"292000";"92 93 97";"10000";"Участвует в конкурсе";"2196123";"—"
"258";"10";"—";"292000";"92 90 100";"10000";"Участвует в конкурсе";"1609864";"—"
"259";"12";"—";"292000";"90 98 94";"10000";"Участвует в конкурсе";"1989208";"—"
"260";"4";"—";"292000";"90 98 94";"10000";"Участвует в конкурсе";"2253020";"—"
"261";"10";"—";"292000";"90 95 97";"10000";"Участвует в конкурсе";"1603405";"—"
"262";"5";"—";"291000";"100 100 91";"—";"Участвует в конкурсе";"1362121";"—"
"263";"5";"—";"291000";"99 98 91";"3000";"Участвует в конкурсе";"2153064";"—"
"265";"10";"—";"291000";"100 100 83";"8000";"Участвует в конкурсе";"1355618";"—"
"266";"1";"—";"291000";"100 100 81";"10000";"Участвует в конкурсе";"1258999";"—"
"267";"8";"—";"291000";"100 98 83";"10000";"Участвует в конкурсе";"1855943";"—"
"268";"7";"—";"291000";"100 98 83";"10000";"Участвует в конкурсе";"1214121";"—"
"269";"10";"Электронное";"291000";"100 95 86";"10000";"Участвует в конкурсе";"1881779";"—"
"270";"3";"—";"291000";"100 95 86";"10000";"Участвует в конкурсе";"1439590";"—"
"271";"5";"—";"291000";"100 95 86";"10000";"Участвует в конкурсе";"2399948";"—"
"272";"5";"—";"291000";"100 95 86";"10000";"Участвует в конкурсе";"1302640";"—"
"273";"3";"—";"291000";"100 90 91";"10000";"Участвует в конкурсе";"1566363";"—"
"274";"1";"—";"291000";"100 90 91";"10000";"Участвует в конкурсе";"1794897";"—"
"275";"4";"—";"291000";"99 93 89";"10000";"Участвует в конкурсе";"1363409";"—"
"276";"1";"—";"291000";"99 93 89";"10000";"Участвует в конкурсе";"1245307";"—"
"277";"5";"—";"291000";"99 93 89";"10000";"Участвует в конкурсе";"1480178";"—"
"278";"18";"—";"291000";"97 98 86";"10000";"Участвует в конкурсе";"2135465";"—"
"279";"3";"—";"291000";"97 95 89";"10000";"Участвует в конкурсе";"1107050";"—"
"280";"1";"—";"291000";"97 95 89";"10000";"Участвует в конкурсе";"2203083";"—"
"281";"9";"—";"291000";"97 93 91";"10000";"Участвует в конкурсе";"1493568";"—"
"282";"6";"—";"291000";"96 85 100";"10000";"Участвует в конкурсе";"989705";"—"
"283";"29";"—";"291000";"95 100 86";"10000";"Участвует в конкурсе";"1438164";"—"
"284";"4";"—";"291000";"95 95 91";"10000";"Участвует в конкурсе";"1860744";"—"
"285";"1";"—";"291000";"94 98 89";"10000";"Участвует в конкурсе";"1278254";"—"
"286";"12";"Электронное";"291000";"94 98 89";"10000";"Участвует в конкурсе";"1265191";"—"
"287";"13";"—";"291000";"94 93 94";"10000";"Участвует в конкурсе";"1916223";"—"
"288";"18";"—";"291000";"94 93 94";"10000";"Участвует в конкурсе";"1656211";"—"
"289";"16";"—";"291000";"94 93 94";"10000";"Участвует в конкурсе";"1605146";"—"
"290";"12";"—";"291000";"94 90 97";"10000";"Участвует в конкурсе";"1443343";"—"
"291";"1";"—";"291000";"92 100 89";"10000";"Участвует в конкурсе";"1431881";"—"
"292";"10";"—";"291000";"92 98 91";"10000";"Участвует в конкурсе";"1640794";"—"
"293";"2";"—";"291000";"92 98 91";"10000";"Участвует в конкурсе";"2249276";"—"
"294";"20";"—";"291000";"92 95 94";"10000";"Участвует в конкурсе";"1042427";"—"
"295";"4";"Электронное";"291000";"92 95 94";"10000";"Участвует в конкурсе";"1798586";"—"
"296";"11";"—";"291000";"92 95 94";"10000";"Участвует в конкурсе";"1963797";"—"
"297";"4";"—";"291000";"92 95 94";"10000";"Участвует в конкурсе";"2122388";"—"
"298";"2";"—";"291000";"90 100 91";"10000";"Участвует в конкурсе";"1859956";"—"
"299";"5";"—";"291000";"88 93 100";"10000";"Участвует в конкурсе";"1428182";"—"
"301";"2";"—";"290000";"100 98 89";"3000";"Участвует в конкурсе";"1424353";"—"
"302";"6";"—";"290000";"100 98 89";"3000";"Участвует в конкурсе";"2255558";"—"
"303";"4";"—";"290000";"100 83 97";"10000";"Участвует в конкурсе";"2140416";"—"
"304";"18";"—";"290000";"98 93 89";"10000";"Участвует в конкурсе";"1962427";"—"
"305";"2";"—";"290000";"98 88 94";"10000";"Участвует в конкурсе";"1627584";"—"
"306";"1";"—";"290000";"98 88 94";"10000";"Участвует в конкурсе";"1793830";"—"
"307";"4";"—";"290000";"98 88 94";"10000";"Участвует в конкурсе";"1288171";"—"
"308";"12";"—";"290000";"96 95 89";"10000";"Участвует в конкурсе";"1440073";"—"
"309";"9";"—";"290000";"96 95 89";"10000";"Участвует в конкурсе";"1729121";"—"
"310";"5";"—";"290000";"96 95 89";"10000";"Участвует в конкурсе";"1860665";"—"
"311";"10";"—";"290000";"96 93 91";"10000";"Участвует в конкурсе";"1196068";"—"
"312";"1";"—";"290000";"96 93 91";"10000";"Участвует в конкурсе";"1798245";"—"
"313";"4";"—";"290000";"96 93 91";"10000";"Участвует в конкурсе";"1729125";"—"
"314";"3";"Электронное";"290000";"96 93 91";"10000";"Участвует в конкурсе";"1980257";"—"
"315";"5";"—";"290000";"96 90 94";"10000";"Участвует в конкурсе";"1570226";"—"
"316";"16";"—";"290000";"96 90 94";"10000";"Участвует в конкурсе";"2055064";"—"
"317";"6";"—";"290000";"95 88 97";"10000";"Участвует в конкурсе";"1287292";"—"
"318";"7";"—";"290000";"95 88 97";"10000";"Участвует в конкурсе";"2005775";"—"
"320";"6";"—";"290000";"94 100 86";"10000";"Участвует в конкурсе";"1285786";"—"
"321";"1";"—";"290000";"94 100 86";"10000";"Участвует в конкурсе";"1622824";"—"
"322";"1";"—";"290000";"94 95 91";"10000";"Участвует в конкурсе";"2269752";"—"
"323";"7";"—";"290000";"94 95 91";"10000";"Участвует в конкурсе";"1440961";"—"
"324";"6";"—";"290000";"90 93 97";"10000";"Участвует в конкурсе";"1730916";"—"
"325";"6";"—";"290000";"90 93 97";"10000";"Участвует в конкурсе";"1627151";"—"
"326";"2";"—";"289000";"99 93 97";"—";"Участвует в конкурсе";"1441150";"—"
"327";"8";"—";"289000";"98 100 91";"—";"Участвует в конкурсе";"1210177";"—"
"328";"6";"—";"289000";"94 98 97";"—";"Участвует в конкурсе";"1292317";"—"
"329";"4";"—";"289000";"100 95 91";"3000";"Участвует в конкурсе";"1646262";"—"
"330";"2";"—";"289000";"96 93 97";"3000";"Участвует в конкурсе";"1177069";"—"
"331";"1";"—";"289000";"94 95 97";"3000";"Участвует в конкурсе";"1481603";"—"
"332";"1";"—";"289000";"97 95 91";"6000";"Участвует в конкурсе";"1558593";"—"
"333";"10";"—";"289000";"100 98 81";"10000";"Участвует в конкурсе";"1350561";"—"
"334";"1";"—";"289000";"100 98 81";"10000";"Участвует в конкурсе";"2076209";"—"
"335";"1";"—";"289000";"100 93 86";"10000";"Участвует в конкурсе";"1288256";"—"
"336";"1";"—";"289000";"100 93 86";"10000";"Участвует в конкурсе";"1553189";"—"
"337";"5";"—";"289000";"100 93 86";"10000";"Участвует в конкурсе";"1198116";"—"
"338";"9";"—";"289000";"100 90 89";"10000";"Участвует в конкурсе";"1504165";"—"
"339";"4";"—";"289000";"100 90 89";"10000";"Участвует в конкурсе";"2344911";"—"
"340";"1";"—";"289000";"100 90 89";"10000";"Участвует в конкурсе";"2253090";"—"
"341";"2";"—";"289000";"100 90 89";"10000";"Участвует в конкурсе";"1653599";"—"
"342";"6";"—";"289000";"100 88 91";"10000";"Участвует в конкурсе";"1205252";"—"
"343";"3";"—";"289000";"100 88 91";"10000";"Участвует в конкурсе";"1516325";"—"
"344";"3";"—";"289000";"100 88 91";"10000";"Участвует в конкурсе";"2278279";"—"
"345";"5";"—";"289000";"100 85 94";"10000";"Участвует в конкурсе";"1704437";"—"
"346";"10";"—";"289000";"98 100 81";"10000";"Участвует в конкурсе";"1653754";"—"
"347";"8";"—";"289000";"98 90 91";"10000";"Участвует в конкурсе";"1485894";"—"
"348";"20";"—";"289000";"97 93 89";"10000";"Участвует в конкурсе";"1076436";"—"
"349";"8";"—";"289000";"97 93 89";"10000";"Участвует в конкурсе";"2087994";"—"
"350";"6";"—";"289000";"97 93 89";"10000";"Участвует в конкурсе";"2048852";"—"
"351";"7";"—";"289000";"97 93 89";"10000";"Участвует в конкурсе";"1130496";"—"
"352";"7";"—";"289000";"97 88 94";"10000";"Участвует в конкурсе";"1472422";"—"
"353";"2";"—";"289000";"95 98 86";"10000";"Участвует в конкурсе";"1291171";"—"
"354";"3";"—";"289000";"95 98 86";"10000";"Участвует в конкурсе";"1843556";"—"
"355";"2";"—";"289000";"95 95 89";"10000";"Участвует в конкурсе";"1895993";"—"
"356";"1";"Электронное";"289000";"95 95 89";"10000";"Участвует в конкурсе";"1788487";"—"
"357";"11";"—";"289000";"95 93 91";"10000";"Участвует в конкурсе";"1463535";"—"
"358";"5";"—";"289000";"95 93 91";"10000";"Участвует в конкурсе";"1240106";"—"
"359";"7";"—";"289000";"95 93 91";"10000";"Участвует в конкурсе";"1985522";"—"
"360";"6";"—";"289000";"95 93 91";"10000";"Участвует в конкурсе";"2169322";"—"
"362";"2";"—";"289000";"95 90 94";"10000";"Участвует в конкурсе";"2223225";"—"
"363";"3";"—";"289000";"94 88 97";"10000";"Участвует в конкурсе";"1121496";"—"
"364";"4";"—";"289000";"92 98 89";"10000";"Участвует в конкурсе";"1574163";"—"
"365";"1";"—";"289000";"92 98 89";"10000";"Участвует в конкурсе";"1636217";"—"
"366";"4";"—";"289000";"92 93 94";"10000";"Участвует в конкурсе";"1617359";"—"
"367";"3";"—";"289000";"92 93 94";"10000";"Участвует в конкурсе";"1638421";"—"
"368";"8";"—";"289000";"92 93 94";"10000";"Участвует в конкурсе";"1722912";"—"
"369";"4";"—";"289000";"92 93 94";"10000";"Участвует в конкурсе";"1570681";"—"
"370";"6";"Электронное";"289000";"92 90 97";"10000";"Участвует в конкурсе";"1651267";"—"
"371";"1";"Электронное";"289000";"90 98 91";"10000";"Участвует в конкурсе";"1819874";"—"
"372";"19";"—";"289000";"88 100 91";"10000";"Участвует в конкурсе";"1197790";"—"
"373";"1";"—";"289000";"84 98 97";"10000";"Участвует в конкурсе";"1616546";"—"
"374";"4";"—";"289000";"84 98 97";"10000";"Участвует в конкурсе";"1634544";"—"
"375";"5";"—";"289000";"84 95 100";"10000";"Участвует в конкурсе";"1582041";"—"
"376";"7";"—";"289000";"82 100 97";"10000";"Участвует в конкурсе";"1917593";"—"
"377";"4";"—";"288000";"99 95 94";"—";"Участвует в конкурсе";"1937699";"—"
"379";"1";"—";"288000";"96 95 97";"—";"Участвует в конкурсе";"1200110";"—"
"380";"12";"—";"288000";"96 98 91";"3000";"Участвует в конкурсе";"1848175";"—"
"381";"9";"Электронное";"288000";"94 100 89";"5000";"Участвует в конкурсе";"1395772";"—"
"382";"5";"Электронное";"288000";"99 93 86";"10000";"Участвует в конкурсе";"2263607";"—"
"383";"1";"—";"288000";"99 90 89";"10000";"Участвует в конкурсе";"1906703";"—"
"384";"1";"Электронное";"288000";"99 88 91";"10000";"Участвует в конкурсе";"2040961";"—"
"385";"6";"—";"288000";"99 88 91";"10000";"Участвует в конкурсе";"1227028";"—"
"386";"2";"—";"288000";"99 85 94";"10000";"Участвует в конкурсе";"1439269";"—"
"387";"5";"—";"288000";"99 85 94";"10000";"Участвует в конкурсе";"1841993";"—"
"388";"4";"—";"288000";"97 100 81";"10000";"Участвует в конкурсе";"1500482";"—"
"389";"8";"—";"288000";"97 98 83";"10000";"Участвует в конкурсе";"2231186";"—"
"390";"2";"—";"288000";"97 90 91";"10000";"Участвует в конкурсе";"1442758";"—"
"391";"2";"—";"288000";"96 93 89";"10000";"Участвует в конкурсе";"1704766";"—"
"392";"5";"—";"288000";"96 93 89";"10000";"Участвует в конкурсе";"1262362";"—"
"393";"18";"—";"288000";"96 93 89";"10000";"Участвует в конкурсе";"1913366";"—"
"394";"9";"—";"288000";"96 93 89";"10000";"Участвует в конкурсе";"1344235";"—"
"395";"3";"—";"288000";"96 93 89";"10000";"Участвует в конкурсе";"1355912";"—"
"396";"4";"—";"288000";"95 100 83";"10000";"Участвует в конкурсе";"1325682";"—"
"397";"8";"—";"288000";"95 83 100";"10000";"Участвует в конкурсе";"2170713";"—"
"398";"5";"—";"288000";"95 83 100";"10000";"Участвует в конкурсе";"2269663";"—"
"399";"1";"—";"288000";"94 98 86";"10000";"Участвует в конкурсе";"2254975";"—"
"400";"5";"Электронное";"288000";"94 95 89";"10000";"Участвует в конкурсе";"1199455";"—"
"401";"3";"—";"288000";"94 95 89";"10000";"Участвует в конкурсе";"1935357";"—"
"402";"3";"—";"288000";"94 95 89";"10000";"Участвует в конкурсе";"1241968";"—"
"403";"1";"—";"288000";"94 95 89";"10000";"Участвует в конкурсе";"2228110";"—"
"404";"10";"Электронное";"288000";"94 93 91";"10000";"Участвует в конкурсе";"1486498";"—"
"405";"2";"—";"288000";"94 93 91";"10000";"Участвует в конкурсе";"1621958";"—"
"406";"2";"—";"288000";"94 93 91";"10000";"Участвует в конкурсе";"1583391";"—"
"407";"5";"—";"288000";"94 93 91";"10000";"Участвует в конкурсе";"2370920";"—"
"408";"8";"—";"288000";"94 90 94";"10000";"Участвует в конкурсе";"974510";"—"
"409";"1";"—";"288000";"94 90 94";"10000";"Участвует в конкурсе";"1791999";"—"
"410";"7";"—";"288000";"94 90 94";"10000";"Участвует в конкурсе";"2221537";"—"
"411";"4";"—";"288000";"92 100 86";"10000";"Участвует в конкурсе";"2333188";"—"
"412";"1";"—";"288000";"92 95 91";"10000";"Участвует в конкурсе";"1345274";"—"
"413";"3";"Электронное";"288000";"92 95 91";"10000";"Участвует в конкурсе";"2248005";"—"
"415";"3";"—";"288000";"88 90 100";"10000";"Участвует в конкурсе";"1252676";"—"
"416";"1";"—";"287000";"98 95 94";"—";"Участвует в конкурсе";"1171549";"—"
"417";"1";"—";"287000";"97 93 97";"—";"Участвует в конкурсе";"1098335";"—"
"418";"1";"—";"287000";"100 98 86";"3000";"Участвует в конкурсе";"1181375";"—"
"419";"11";"—";"287000";"100 98 86";"3000";"Участвует в конкурсе";"1655910";"—"
"420";"10";"—";"287000";"98 100 86";"3000";"Участвует в конкурсе";"1717945";"—"
"422";"7";"—";"287000";"98 98 86";"5000";"Участвует в конкурсе";"1204240";"—"
"423";"2";"—";"287000";"90 100 89";"8000";"Участвует в конкурсе";"2163032";"—"
"425";"1";"—";"287000";"100 88 89";"10000";"Участвует в конкурсе";"1260824";"—"
"426";"1";"—";"287000";"100 83 94";"10000";"Участвует в конкурсе";"1516144";"—"
"427";"7";"—";"287000";"99 95 83";"10000";"Участвует в конкурсе";"1625944";"—"
"428";"2";"—";"287000";"98 98 81";"10000";"Участвует в конкурсе";"1208714";"—"
"429";"1";"—";"287000";"98 88 91";"10000";"Участвует в конкурсе";"1772003";"—"
"430";"5";"—";"287000";"97 83 97";"10000";"Участвует в конкурсе";"1651737";"—"
"431";"13";"—";"287000";"96 95 86";"10000";"Участвует в конкурсе";"1652121";"—"
"432";"16";"—";"287000";"96 90 91";"10000";"Участвует в конкурсе";"1515540";"—"
"433";"4";"—";"287000";"96 90 91";"10000";"Участвует в конкурсе";"2264458";"—"
"435";"4";"—";"287000";"95 93 89";"10000";"Участвует в конкурсе";"1610878";"—"
"436";"2";"—";"287000";"95 85 97";"10000";"Участвует в конкурсе";"2215707";"—"
"437";"11";"—";"287000";"95 85 97";"10000";"Участвует в конкурсе";"2314652";"—"
"438";"4";"—";"287000";"92 88 97";"10000";"Участвует в конкурсе";"1473705";"—"
"439";"4";"—";"287000";"90 98 89";"10000";"Участвует в конкурсе";"1258242";"—"
"440";"3";"—";"287000";"90 98 89";"10000";"Участвует в конкурсе";"2273067";"—"
"441";"6";"—";"287000";"90 93 94";"10000";"Участвует в конкурсе";"1645061";"—"
"442";"3";"—";"287000";"90 93 94";"10000";"Участвует в конкурсе";"1682667";"—"
"443";"6";"—";"287000";"90 93 94";"10000";"Участвует в конкурсе";"1932245";"—"
"444";"9";"—";"287000";"90 90 97";"10000";"Участвует в конкурсе";"1399843";"—"
"445";"1";"—";"287000";"90 90 97";"10000";"Участвует в конкурсе";"1615432";"—"
"446";"3";"—";"287000";"90 90 97";"10000";"Участвует в конкурсе";"1583458";"—"
"447";"23";"—";"287000";"90 90 97";"10000";"Участвует в конкурсе";"1493775";"—"
"448";"4";"Электронное";"287000";"90 90 97";"10000";"Участвует в конкурсе";"1519551";"—"
"449";"5";"—";"287000";"90 90 97";"10000";"Участвует в конкурсе";"1651499";"—"
"451";"3";"—";"286000";"94 98 94";"—";"Участвует в конкурсе";"1423832";"—"
"452";"9";"—";"286000";"97 95 91";"3000";"Участвует в конкурсе";"2172642";"—"
"453";"14";"Электронное";"286000";"96 98 89";"3000";"Участвует в конкурсе";"2264850";"—"
"454";"6";"Электронное";"286000";"95 98 86";"7000";"Участвует в конкурсе";"1509356";"—"
"455";"11";"—";"286000";"100 98 78";"10000";"Участвует в конкурсе";"1876705";"—"
"456";"8";"—";"286000";"100 95 81";"10000";"Участвует в конкурсе";"2391145";"—"
"457";"7";"—";"286000";"100 95 81";"10000";"Участвует в конкурсе";"1640345";"—"
"458";"2";"—";"286000";"100 85 91";"10000";"Участвует в конкурсе";"1187565";"—"
"459";"5";"—";"286000";"100 85 91";"10000";"Участвует в конкурсе";"1851312";"—"
"460";"8";"—";"286000";"99 88 89";"10000";"Участвует в конкурсе";"2178985";"—"
"461";"2";"—";"286000";"99 88 89";"10000";"Участвует в конкурсе";"2230184";"—"
"462";"1";"—";"286000";"97 98 81";"10000";"Участвует в конкурсе";"2370896";"—"
"463";"8";"—";"286000";"97 93 86";"10000";"Участвует в конкурсе";"1151894";"—"
"464";"13";"—";"286000";"97 93 86";"10000";"Участвует в конкурсе";"2270962";"—"
"465";"1";"—";"286000";"97 90 89";"10000";"Участвует в конкурсе";"1364850";"—"
"466";"2";"—";"286000";"97 90 89";"10000";"Участвует в конкурсе";"1638680";"—"
"467";"1";"—";"286000";"97 90 89";"10000";"Участвует в конкурсе";"1697232";"—"
"468";"3";"—";"286000";"97 90 89";"10000";"Участвует в конкурсе";"1983283";"—"
"469";"6";"—";"286000";"97 88 91";"10000";"Участвует в конкурсе";"1502704";"—"
"470";"1";"—";"286000";"97 88 91";"10000";"Участвует в конкурсе";"1207579";"—"
"471";"8";"Электронное";"286000";"97 88 91";"10000";"Участвует в конкурсе";"1493263";"—"
"472";"7";"—";"286000";"97 85 94";"10000";"Участвует в конкурсе";"1728529";"—"
"473";"5";"—";"286000";"96 83 97";"10000";"Участвует в конкурсе";"1765173";"—"
"475";"11";"—";"286000";"95 100 81";"10000";"Участвует в конкурсе";"1634811";"—"
"476";"3";"—";"286000";"95 98 83";"10000";"Участвует в конкурсе";"1628409";"—"
"477";"4";"—";"286000";"95 95 86";"10000";"Участвует в конкурсе";"2097202";"—"
"478";"14";"—";"286000";"95 95 86";"10000";"Участвует в конкурсе";"2311042";"—"
"479";"3";"—";"286000";"95 90 91";"10000";"Участвует в конкурсе";"1559828";"—"
"481";"2";"—";"286000";"94 93 89";"10000";"Участвует в конкурсе";"1978153";"—"
"482";"4";"—";"286000";"94 88 94";"10000";"Участвует в конкурсе";"1574499";"—"
"483";"11";"—";"286000";"94 88 94";"10000";"Участвует в конкурсе";"1601032";"—"
"484";"2";"—";"286000";"94 88 94";"10000";"Участвует в конкурсе";"2013903";"—"
"485";"8";"Электронное";"286000";"94 88 94";"10000";"Участвует в конкурсе";"1853778";"—"
"486";"18";"—";"286000";"94 88 94";"10000";"Участвует в конкурсе";"1700688";"—"
"487";"1";"—";"286000";"94 88 94";"10000";"Участвует в конкурсе";"1931531";"—"
"488";"3";"Электронное";"286000";"92 95 89";"10000";"Участвует в конкурсе";"1420075";"—"
"489";"2";"—";"286000";"92 95 89";"10000";"Участвует в конкурсе";"1909362";"—"
"490";"6";"—";"286000";"92 90 94";"10000";"Участвует в конкурсе";"1908822";"—"
"491";"7";"—";"286000";"92 90 94";"10000";"Участвует в конкурсе";"1288026";"—"
"492";"1";"—";"286000";"92 90 94";"10000";"Участвует в конкурсе";"1717582";"—"
"493";"9";"—";"286000";"90 95 91";"10000";"Участвует в конкурсе";"2098266";"—"
"494";"5";"—";"286000";"86 93 97";"10000";"Участвует в конкурсе";"1500028";"—"
"495";"4";"—";"286000";"86 90 100";"10000";"Участвует в конкурсе";"1206504";"—"
"496";"1";"Электронное";"286000";"84 98 94";"10000";"Участвует в конкурсе";"1093652";"—"
"497";"4";"—";"285000";"100 88 97";"—";"Участвует в конкурсе";"1281117";"—"
"498";"6";"Электронное";"285000";"99 100 86";"—";"Участвует в конкурсе";"2264692";"—"
"499";"3";"—";"285000";"98 98 89";"—";"Участвует в конкурсе";"1427864";"—"
"500";"9";"—";"285000";"98 93 94";"—";"Участвует в конкурсе";"1364874";"—"
"501";"2";"—";"285000";"95 95 95";"—";"Участвует в конкурсе";"1852249";"—"
"502";"2";"Электронное";"285000";"94 98 89";"4000";"Участвует в конкурсе";"1727693";"—"
"503";"14";"—";"285000";"97 100 83";"5000";"Участвует в конкурсе";"1855428";"—"
"504";"8";"—";"285000";"96 93 89";"7000";"Участвует в конкурсе";"1260991";"—"
"505";"1";"—";"285000";"98 90 89";"8000";"Участвует в конкурсе";"1719001";"—"
"506";"5";"—";"285000";"99 98 78";"10000";"Участвует в конкурсе";"1730469";"—"
"507";"7";"—";"285000";"99 95 81";"10000";"Участвует в конкурсе";"1359241";"—"
"508";"11";"Электронное";"285000";"99 93 83";"10000";"Участвует в конкурсе";"2215497";"—"
"509";"2";"—";"285000";"98 83 94";"10000";"Участвует в конкурсе";"1407974";"—"
"510";"4";"—";"285000";"97 100 78";"10000";"Участвует в конкурсе";"1520738";"—"
"511";"14";"—";"285000";"96 98 81";"10000";"Участвует в конкурсе";"1559272";"—"
"512";"4";"—";"285000";"96 93 86";"10000";"Участвует в конкурсе";"1997635";"—"
"513";"3";"—";"285000";"96 90 89";"10000";"Участвует в конкурсе";"1397016";"—"
"515";"1";"Электронное";"285000";"96 88 91";"10000";"Участвует в конкурсе";"1909498";"—"
"516";"3";"—";"285000";"96 88 91";"10000";"Участвует в конкурсе";"2055353";"—"
"517";"5";"—";"285000";"96 88 91";"10000";"Участвует в конкурсе";"2423829";"—"
"518";"7";"—";"285000";"94 100 81";"10000";"Участвует в конкурсе";"1904436";"—"
"519";"5";"—";"285000";"94 98 83";"10000";"Участвует в конкурсе";"1751089";"—"
"520";"1";"—";"285000";"94 98 83";"10000";"Участвует в конкурсе";"1074691";"—"
"522";"6";"—";"285000";"94 90 91";"10000";"Участвует в конкурсе";"1503258";"—"
"523";"1";"—";"285000";"94 90 91";"10000";"Участвует в конкурсе";"2040968";"—"
"524";"2";"—";"285000";"94 90 91";"10000";"Участвует в конкурсе";"1607343";"—"
"525";"9";"—";"285000";"92 100 83";"10000";"Участвует в конкурсе";"1284120";"—"
"526";"10";"—";"285000";"92 100 83";"10000";"Участвует в конкурсе";"1157041";"—"
"527";"15";"—";"285000";"92 100 83";"10000";"Участвует в конкурсе";"2394016";"—"
"528";"24";"—";"285000";"92 83 100";"10000";"Участвует в конкурсе";"1796557";"—"
"529";"17";"—";"285000";"90 88 97";"10000";"Участвует в конкурсе";"1258699";"—"
"530";"18";"Электронное";"285000";"88 93 94";"10000";"Участвует в конкурсе";"1380091";"—"
"531";"4";"Электронное";"285000";"88 93 94";"10000";"Участвует в конкурсе";"1606981";"—"
"532";"12";"—";"285000";"88 93 94";"10000";"Участвует в конкурсе";"2100363";"—"
"533";"10";"—";"285000";"88 93 94";"10000";"Участвует в конкурсе";"2262119";"—"
"534";"7";"—";"285000";"88 90 97";"10000";"Участвует в конкурсе";"973878";"—"
"535";"5";"—";"285000";"86 100 89";"10000";"Участвует в конкурсе";"1292608";"—"
"536";"11";"—";"285000";"86 95 94";"10000";"Участвует в конкурсе";"1481367";"—"
"537";"6";"—";"284000";"100 98 86";"—";"Участвует в конкурсе";"1719428";"—"
"538";"1";"—";"284000";"100 98 86";"—";"Участвует в конкурсе";"2286677";"—"
"539";"1";"—";"284000";"100 98 86";"—";"Участвует в конкурсе";"1915078";"—"
"540";"9";"—";"284000";"97 93 94";"—";"Участвует в конкурсе";"1709415";"—"
"541";"1";"—";"284000";"95 98 91";"—";"Участвует в конкурсе";"1212354";"—"
"542";"5";"—";"284000";"95 95 94";"—";"Участвует в конкурсе";"2234643";"—"
"543";"2";"—";"284000";"98 90 94";"2000";"Участвует в конкурсе";"2126231";"—"
"544";"3";"—";"284000";"92 93 97";"2000";"Участвует в конкурсе";"2099399";"—"
"545";"1";"—";"284000";"98 100 83";"3000";"Участвует в конкурсе";"1308681";"—"
"546";"8";"—";"284000";"95 100 86";"3000";"Участвует в конкурсе";"2268515";"—"
"547";"3";"—";"284000";"92 95 94";"3000";"Участвует в конкурсе";"1203083";"—"
"548";"6";"—";"284000";"95 98 86";"5000";"Участвует в конкурсе";"1441493";"—"
"549";"4";"—";"284000";"95 98 86";"5000";"Участвует в конкурсе";"1643610";"—"
"550";"10";"—";"284000";"100 95 83";"6000";"Участвует в конкурсе";"1652950";"—"
"551";"24";"—";"284000";"94 95 89";"6000";"Участвует в конкурсе";"1205757";"—"
"552";"15";"—";"284000";"95 90 91";"8000";"Участвует в конкурсе";"1519578";"—"
"553";"3";"—";"284000";"100 93 81";"10000";"Участвует в конкурсе";"1497992";"—"
"554";"1";"—";"284000";"100 88 86";"10000";"Участвует в конкурсе";"1699093";"—"
"555";"2";"—";"284000";"100 85 89";"10000";"Участвует в конкурсе";"2248106";"—"
"556";"2";"—";"284000";"100 83 91";"10000";"Участвует в конкурсе";"1510457";"—"
"557";"14";"—";"284000";"99 100 75";"10000";"Участвует в конкурсе";"1356280";"—"
"558";"3";"Электронное";"284000";"98 95 81";"10000";"Участвует в конкурсе";"1847729";"—"
"559";"11";"—";"284000";"98 95 81";"10000";"Участвует в конкурсе";"995702";"—"
"560";"1";"—";"284000";"98 95 81";"10000";"Участвует в конкурсе";"1850042";"—"
"561";"2";"—";"284000";"98 90 86";"10000";"Участвует в конкурсе";"1311105";"—"
"562";"23";"—";"284000";"98 85 91";"10000";"Участвует в конкурсе";"1290308";"—"
"563";"1";"—";"284000";"96 95 83";"10000";"Участвует в конкурсе";"2218737";"—"
"564";"4";"—";"284000";"95 98 81";"10000";"Участвует в конкурсе";"1594574";"—"
"565";"24";"—";"284000";"95 93 86";"10000";"Участвует в конкурсе";"1214535";"—"
"566";"1";"—";"284000";"95 93 86";"10000";"Участвует в конкурсе";"1215369";"—"
"567";"1";"—";"284000";"95 93 86";"10000";"Участвует в конкурсе";"2052906";"—"
"568";"1";"—";"284000";"95 93 86";"10000";"Участвует в конкурсе";"2262047";"—"
"569";"1";"—";"284000";"95 90 89";"10000";"Участвует в конкурсе";"1709048";"—"
"571";"11";"Электронное";"284000";"95 88 91";"10000";"Участвует в конкурсе";"2097469";"—"
"572";"12";"Электронное";"284000";"95 88 91";"10000";"Участвует в конкурсе";"1852695";"—"
"573";"2";"—";"284000";"95 88 91";"10000";"Участвует в конкурсе";"1815288";"—"
"574";"2";"—";"284000";"92 93 89";"10000";"Участвует в конкурсе";"1286413";"—"
"575";"8";"—";"284000";"92 93 89";"10000";"Участвует в конкурсе";"1847839";"—"
"576";"10";"—";"284000";"92 88 94";"10000";"Участвует в конкурсе";"2193334";"—"
"577";"1";"—";"284000";"92 88 94";"10000";"Участвует в конкурсе";"1155014";"—"
"578";"2";"—";"284000";"90 98 86";"10000";"Участвует в конкурсе";"1718321";"—"
"579";"10";"Электронное";"284000";"90 98 86";"10000";"Участвует в конкурсе";"1854449";"—"
"580";"15";"—";"284000";"90 98 86";"10000";"Участвует в конкурсе";"2265158";"—"
"581";"5";"—";"284000";"90 98 86";"10000";"Участвует в конкурсе";"1897876";"—"
"582";"3";"—";"284000";"90 98 86";"10000";"Участвует в конкурсе";"2287762";"—"
"583";"6";"—";"284000";"90 95 89";"10000";"Участвует в конкурсе";"1683824";"—"
"584";"2";"—";"284000";"90 95 89";"10000";"Участвует в конкурсе";"1608430";"—"
"585";"9";"—";"284000";"90 93 91";"10000";"Участвует в конкурсе";"1779294";"—"
"586";"1";"—";"284000";"90 93 91";"10000";"Участвует в конкурсе";"1703589";"—"
"587";"15";"—";"284000";"90 93 91";"10000";"Участвует в конкурсе";"2184978";"—"
"589";"8";"—";"284000";"90 90 94";"10000";"Участвует в конкурсе";"1848747";"—"
"590";"2";"—";"284000";"90 90 94";"10000";"Участвует в конкурсе";"2098474";"—"
"591";"1";"—";"284000";"88 100 86";"10000";"Участвует в конкурсе";"1502670";"—"
"592";"10";"—";"284000";"88 100 86";"10000";"Участвует в конкурсе";"1174226";"—"
"593";"14";"—";"284000";"86 88 100";"10000";"Участвует в конкурсе";"2006227";"—"
"594";"1";"—";"284000";"84 93 97";"10000";"Участвует в конкурсе";"1977841";"—"
"595";"6";"Электронное";"283000";"92 100 91";"—";"Участвует в конкурсе";"1898922";"—"
"596";"4";"—";"283000";"100 98 83";"2000";"Участвует в конкурсе";"2220980";"—"
"597";"2";"—";"283000";"100 90 91";"2000";"Участвует в конкурсе";"1043594";"—"
"598";"1";"—";"283000";"97 95 89";"2000";"Участвует в конкурсе";"2135797";"—"
"599";"7";"—";"283000";"99 100 81";"3000";"Участвует в конкурсе";"1519563";"—"
"600";"3";"—";"283000";"94 100 86";"3000";"Участвует в конкурсе";"1180437";"—"
"601";"2";"—";"283000";"100 88 89";"6000";"Участвует в конкурсе";"2207543";"—"
"602";"2";"—";"283000";"96 98 83";"6000";"Участвует в конкурсе";"1644223";"—"
"603";"2";"Электронное";"283000";"92 93 91";"7000";"Участвует в конкурсе";"1771681";"—"
"604";"1";"—";"283000";"100 95 78";"10000";"Участвует в конкурсе";"1541783";"—"
"605";"1";"Электронное";"283000";"100 95 78";"10000";"Участвует в конкурсе";"2335701";"—"
"606";"5";"—";"283000";"100 95 78";"10000";"Участвует в конкурсе";"1881038";"—"
"607";"1";"—";"283000";"100 90 83";"10000";"Участвует в конкурсе";"1755244";"—"
"608";"1";"—";"283000";"100 90 83";"10000";"Участвует в конкурсе";"1442467";"—"
"609";"1";"—";"283000";"100 90 83";"10000";"Участвует в конкурсе";"1654089";"—"
"610";"1";"—";"283000";"100 90 83";"10000";"Участвует в конкурсе";"1656782";"—"
"611";"2";"—";"283000";"99 93 81";"10000";"Участвует в конкурсе";"1482855";"—"
"612";"3";"—";"283000";"97 93 83";"10000";"Участвует в конкурсе";"1648646";"—"
"613";"8";"Электронное";"283000";"97 93 83";"10000";"Участвует в конкурсе";"2341830";"—"
"614";"5";"—";"283000";"97 90 86";"10000";"Участвует в конкурсе";"2000228";"—"
"615";"4";"—";"283000";"96 88 89";"10000";"Участвует в конкурсе";"1267042";"—"
"616";"1";"—";"283000";"96 88 89";"10000";"Участвует в конкурсе";"1656157";"—"
"617";"1";"Электронное";"283000";"96 88 89";"10000";"Участвует в конкурсе";"2313341";"—"
"618";"8";"—";"283000";"96 83 94";"10000";"Участвует в конкурсе";"1721492";"—"
"619";"9";"—";"283000";"95 95 83";"10000";"Участвует в конкурсе";"1348946";"—"
"620";"8";"—";"283000";"94 98 81";"10000";"Участвует в конкурсе";"1356671";"—"
"621";"9";"—";"283000";"94 98 81";"10000";"Участвует в конкурсе";"2034372";"—"
"622";"5";"—";"283000";"94 93 86";"10000";"Участвует в конкурсе";"1405782";"—"
"623";"6";"—";"283000";"94 93 86";"10000";"Участвует в конкурсе";"1858535";"—"
"624";"14";"—";"283000";"94 90 89";"10000";"Участвует в конкурсе";"1389085";"—"
"625";"17";"Электронное";"283000";"94 90 89";"10000";"Участвует в конкурсе";"1346053";"—"
"626";"3";"Электронное";"283000";"94 90 89";"10000";"Участвует в конкурсе";"1366560";"—"
"627";"9";"—";"283000";"94 90 89";"10000";"Участвует в конкурсе";"1366257";"—"
"628";"5";"—";"283000";"94 90 89";"10000";"Участвует в конкурсе";"1502056";"—"
"629";"9";"—";"283000";"94 90 89";"10000";"Участвует в конкурсе";"1166714";"—"
"630";"9";"—";"283000";"94 90 89";"10000";"Участвует в конкурсе";"2310631";"—"
"631";"6";"—";"283000";"94 88 91";"10000";"Участвует в конкурсе";"1266273";"—"
"633";"4";"—";"283000";"92 95 86";"10000";"Участвует в конкурсе";"1357188";"—"
"634";"2";"—";"283000";"92 95 86";"10000";"Участвует в конкурсе";"1858638";"—"
"635";"5";"—";"283000";"92 95 86";"10000";"Участвует в конкурсе";"2098043";"—"
"636";"10";"Электронное";"283000";"92 95 86";"10000";"Участвует в конкурсе";"1991893";"—"
"637";"14";"—";"283000";"92 95 86";"10000";"Участвует в конкурсе";"1416211";"—"
"638";"1";"Электронное";"283000";"92 95 86";"10000";"Участвует в конкурсе";"1192235";"—"
"639";"2";"—";"283000";"92 95 86";"10000";"Участвует в конкурсе";"1963000";"—"
"640";"4";"—";"283000";"90 100 83";"10000";"Участвует в конкурсе";"1138653";"—"
"641";"2";"Электронное";"283000";"86 98 89";"10000";"Участвует в конкурсе";"1642362";"—"
"642";"6";"—";"283000";"86 93 94";"10000";"Участвует в конкурсе";"1709392";"—"
"643";"9";"Электронное";"283000";"86 93 94";"10000";"Участвует в конкурсе";"1339325";"—"
"644";"9";"—";"283000";"86 93 94";"10000";"Участвует в конкурсе";"1337769";"—"
"645";"3";"Электронное";"283000";"86 90 97";"10000";"Участвует в конкурсе";"939072";"—"
"646";"4";"—";"283000";"86 90 97";"10000";"Участвует в конкурсе";"1311273";"—"
"647";"20";"—";"283000";"84 98 91";"10000";"Участвует в конкурсе";"1711972";"—"
"648";"2";"—";"282000";"98 98 86";"—";"Участвует в конкурсе";"1962809";"—"
"649";"8";"—";"282000";"98 95 89";"—";"Участвует в конкурсе";"1287112";"—"
"650";"2";"—";"282000";"96 95 91";"—";"Участвует в конкурсе";"1507944";"—"
"651";"3";"—";"282000";"90 95 97";"—";"Участвует в конкурсе";"1425597";"—"
"652";"3";"Электронное";"282000";"90 95 97";"—";"Участвует в конкурсе";"2182087";"—"
"654";"2";"—";"282000";"95 98 86";"3000";"Участвует в конкурсе";"2312347";"—"
"655";"5";"—";"282000";"95 95 89";"3000";"Участвует в конкурсе";"1649323";"—"
"656";"8";"—";"282000";"95 95 89";"3000";"Участвует в конкурсе";"1712986";"—"
"657";"10";"—";"282000";"92 98 89";"3000";"Участвует в конкурсе";"2227396";"—"
"658";"6";"—";"282000";"92 98 89";"3000";"Участвует в конкурсе";"2251964";"—"
"659";"6";"—";"282000";"90 98 91";"3000";"Участвует в конкурсе";"1195407";"—"
"660";"16";"—";"282000";"100 88 89";"5000";"Участвует в конкурсе";"1708102";"—"
"661";"2";"—";"282000";"92 98 86";"6000";"Участвует в конкурсе";"1474799";"—"
"662";"5";"—";"282000";"96 95 83";"8000";"Участвует в конкурсе";"1212725";"—"
"663";"9";"—";"282000";"88 100 86";"8000";"Участвует в конкурсе";"1443199";"—"
"664";"3";"—";"282000";"100 83 89";"10000";"Участвует в конкурсе";"1363702";"—"
"665";"1";"—";"282000";"100 83 89";"10000";"Участвует в конкурсе";"2000337";"—"
"666";"1";"—";"282000";"100 83 89";"10000";"Участвует в конкурсе";"2259056";"—"
"667";"3";"Электронное";"282000";"98 93 81";"10000";"Участвует в конкурсе";"1185997";"—"
"668";"5";"—";"282000";"98 85 89";"10000";"Участвует в конкурсе";"1728824";"—"
"669";"2";"—";"282000";"98 83 91";"10000";"Участвует в конкурсе";"2310976";"—"
"670";"1";"—";"282000";"96 98 78";"10000";"Участвует в конкурсе";"1884174";"—"
"671";"4";"—";"282000";"96 95 81";"10000";"Участвует в конкурсе";"1784131";"—"
"672";"8";"—";"282000";"96 95 81";"10000";"Участвует в конкурсе";"1175057";"—"
"673";"2";"Электронное";"282000";"96 95 81";"10000";"Участвует в конкурсе";"2234046";"—"
"674";"2";"—";"282000";"96 93 83";"10000";"Участвует в конкурсе";"2000134";"—"
"675";"2";"—";"282000";"96 93 83";"10000";"Участвует в конкурсе";"1507265";"—"
"676";"7";"—";"282000";"95 88 89";"10000";"Участвует в конкурсе";"2195901";"—"
"677";"6";"—";"282000";"95 88 89";"10000";"Участвует в конкурсе";"1876491";"—"
"678";"3";"—";"282000";"95 88 89";"10000";"Участвует в конкурсе";"2342799";"—"
"679";"1";"—";"282000";"95 83 94";"10000";"Участвует в конкурсе";"1619243";"—"
"680";"3";"—";"282000";"95 80 97";"10000";"Участвует в конкурсе";"2082900";"—"
"681";"6";"—";"282000";"94 100 78";"10000";"Участвует в конкурсе";"2049645";"—"
"682";"16";"—";"282000";"94 100 78";"10000";"Участвует в конкурсе";"990904";"—"
"683";"7";"—";"282000";"94 95 83";"10000";"Участвует в конкурсе";"1268326";"—"
"684";"2";"—";"282000";"94 95 83";"10000";"Участвует в конкурсе";"1855534";"—"
"685";"1";"—";"282000";"92 83 97";"10000";"Участвует в конкурсе";"1961300";"—"
"686";"5";"—";"282000";"90 93 89";"10000";"Участвует в конкурсе";"1200851";"—"
"687";"12";"—";"282000";"90 93 89";"10000";"Участвует в конкурсе";"1493981";"—"
"688";"5";"—";"282000";"90 93 89";"10000";"Участвует в конкурсе";"1828501";"—"
"689";"9";"—";"282000";"90 93 89";"10000";"Участвует в конкурсе";"1558807";"—"
"690";"13";"—";"282000";"90 88 94";"10000";"Участвует в конкурсе";"1908074";"—"
"691";"1";"—";"282000";"90 85 97";"10000";"Участвует в конкурсе";"1349462";"—"
"692";"20";"Электронное";"282000";"88 98 86";"10000";"Участвует в конкурсе";"2216624";"—"
"693";"1";"—";"282000";"88 93 91";"10000";"Участвует в конкурсе";"1436237";"—"
"694";"12";"Электронное";"282000";"88 90 94";"10000";"Участвует в конкурсе";"1987736";"—"
"695";"5";"—";"282000";"88 90 94";"10000";"Участвует в конкурсе";"1519645";"—"
"696";"2";"—";"282000";"88 90 94";"10000";"Участвует в конкурсе";"2314721";"—"
"697";"12";"—";"282000";"86 95 91";"10000";"Участвует в конкурсе";"2229474";"—"
"698";"4";"—";"282000";"84 88 100";"10000";"Участвует в конкурсе";"1653108";"—"
"699";"2";"—";"282000";"84 88 100";"10000";"Участвует в конкурсе";"1997463";"—"
"700";"9";"—";"282000";"82 93 97";"10000";"Участвует в конкурсе";"1927123";"—"
"701";"10";"—";"282000";"82 93 97";"10000";"Участвует в конкурсе";"1838980";"—"
"702";"5";"—";"281000";"100 90 91";"—";"Участвует в конкурсе";"969017";"—"
"704";"2";"—";"281000";"99 93 89";"—";"Участвует в конкурсе";"2300308";"—"
"705";"14";"—";"281000";"95 100 86";"—";"Участвует в конкурсе";"1514205";"—"
"706";"8";"—";"281000";"94 90 97";"—";"Участвует в конкурсе";"1999009";"—"
"707";"1";"—";"281000";"92 100 89";"—";"Участвует в конкурсе";"1708321";"—"
"708";"4";"—";"281000";"92 95 94";"—";"Участвует в конкурсе";"1995422";"—"
"709";"3";"—";"281000";"90 100 91";"—";"Участвует в конкурсе";"2265646";"—"
"711";"2";"—";"281000";"100 98 81";"2000";"Участвует в конкурсе";"1442081";"—"
"712";"2";"—";"281000";"95 98 86";"2000";"Участвует в конкурсе";"1942072";"—"
"713";"3";"—";"281000";"100 95 83";"3000";"Участвует в конкурсе";"1173904";"—"
"714";"16";"—";"281000";"95 100 83";"3000";"Участвует в конкурсе";"1556567";"—"
"715";"18";"—";"281000";"94 90 94";"3000";"Участвует в конкурсе";"1306197";"—"
"716";"3";"Электронное";"281000";"95 95 86";"5000";"Участвует в конкурсе";"1832987";"—"
"717";"1";"—";"281000";"92 95 89";"5000";"Участвует в конкурсе";"1603078";"—"
"718";"1";"—";"281000";"97 95 83";"6000";"Участвует в конкурсе";"2172614";"—"
"719";"1";"—";"281000";"90 90 94";"7000";"Участвует в конкурсе";"1363353";"—"
"720";"8";"—";"281000";"99 93 81";"8000";"Участвует в конкурсе";"1820743";"—"
"721";"1";"—";"281000";"100 90 81";"10000";"Участвует в конкурсе";"1645891";"—"
"722";"6";"Электронное";"281000";"100 85 86";"10000";"Участвует в конкурсе";"1643785";"—"
"723";"1";"—";"281000";"100 85 86";"10000";"Участвует в конкурсе";"1541154";"—"
"724";"1";"—";"281000";"100 80 91";"10000";"Участвует в конкурсе";"2274647";"—"
"725";"2";"—";"281000";"100 80 91";"10000";"Участвует в конкурсе";"1237952";"—"
"726";"3";"—";"281000";"99 78 94";"10000";"Участвует в конкурсе";"2075209";"—"
"727";"10";"—";"281000";"98 90 83";"10000";"Участвует в конкурсе";"1188641";"—"
"728";"1";"—";"281000";"97 83 91";"10000";"Участвует в конкурсе";"2315296";"—"
"729";"13";"—";"281000";"96 100 75";"10000";"Участвует в конкурсе";"1364581";"—"
"730";"2";"—";"281000";"95 90 86";"10000";"Участвует в конкурсе";"1997144";"—"
"731";"2";"—";"281000";"95 90 86";"10000";"Участвует в конкурсе";"1959799";"—"
"732";"15";"—";"281000";"95 85 91";"10000";"Участвует в конкурсе";"2117934";"—"
"733";"2";"—";"281000";"94 90 87";"10000";"Участвует в конкурсе";"1963460";"—"
"734";"1";"—";"281000";"94 88 89";"10000";"Участвует в конкурсе";"1577273";"—"
"735";"10";"—";"281000";"94 80 97";"10000";"Участвует в конкурсе";"1625355";"—"
"736";"18";"Электронное";"281000";"92 98 81";"10000";"Участвует в конкурсе";"1515925";"—"
"737";"5";"—";"281000";"92 98 81";"10000";"Участвует в конкурсе";"2224744";"—"
"738";"2";"—";"281000";"92 93 86";"10000";"Участвует в конкурсе";"1642357";"—"
"739";"2";"—";"281000";"92 93 86";"10000";"Участвует в конкурсе";"1394834";"—"
"740";"3";"—";"281000";"92 93 86";"10000";"Участвует в конкурсе";"1619399";"—"
"741";"13";"—";"281000";"92 93 86";"10000";"Участвует в конкурсе";"2176272";"—"
"742";"5";"—";"281000";"92 93 86";"10000";"Участвует в конкурсе";"1652817";"—"
"743";"8";"—";"281000";"92 93 86";"10000";"Участвует в конкурсе";"1568022";"—"
"744";"4";"—";"281000";"92 90 89";"10000";"Участвует в конкурсе";"1713758";"—"
"745";"7";"Электронное";"281000";"92 88 91";"10000";"Участвует в конкурсе";"2405134";"—"
"746";"13";"—";"281000";"92 88 91";"10000";"Участвует в конкурсе";"1584567";"—"
"747";"3";"Электронное";"281000";"92 88 91";"10000";"Участвует в конкурсе";"1820793";"—"
"748";"5";"—";"281000";"92 88 91";"10000";"Участвует в конкурсе";"1198763";"—"
"749";"9";"—";"281000";"92 88 91";"10000";"Участвует в конкурсе";"2310837";"—"
"750";"7";"—";"281000";"90 100 81";"10000";"Участвует в конкурсе";"1441313";"—"
"751";"3";"—";"281000";"90 98 83";"10000";"Участвует в конкурсе";"1915153";"—"
"752";"8";"—";"281000";"90 98 83";"10000";"Участвует в конкурсе";"2346717";"—"
"753";"1";"—";"281000";"90 95 86";"10000";"Участвует в конкурсе";"2263361";"—"
"754";"7";"—";"281000";"90 90 91";"10000";"Участвует в конкурсе";"1438369";"—"
"755";"1";"Электронное";"281000";"90 90 91";"10000";"Участвует в конкурсе";"1205774";"—"
"756";"1";"—";"281000";"90 90 91";"10000";"Участвует в конкурсе";"1268028";"—"
"757";"1";"—";"281000";"90 90 91";"10000";"Участвует в конкурсе";"1461657";"—"
"758";"2";"—";"281000";"90 90 91";"10000";"Участвует в конкурсе";"1363291";"—"
"759";"1";"—";"281000";"84 98 89";"10000";"Участвует в конкурсе";"1976484";"—"
"760";"9";"—";"281000";"84 93 94";"10000";"Участвует в конкурсе";"1974733";"—"
"761";"10";"Электронное";"281000";"84 93 94";"10000";"Участвует в конкурсе";"2296812";"—"
"762";"8";"Электронное";"281000";"80 100 91";"10000";"Участвует в конкурсе";"1616124";"—"
"763";"7";"Электронное";"280000";"99 98 83";"—";"Участвует в конкурсе";"1858113";"—"
"765";"12";"Электронное";"280000";"88 95 97";"—";"Участвует в конкурсе";"1416692";"—"
"767";"2";"—";"280000";"99 100 78";"3000";"Участвует в конкурсе";"1072609";"—"
"768";"12";"—";"280000";"94 100 83";"3000";"Участвует в конкурсе";"2092669";"—"
"769";"3";"—";"280000";"88 98 91";"3000";"Участвует в конкурсе";"1201093";"—"
"770";"4";"—";"280000";"98 88 89";"5000";"Участвует в конкурсе";"1576243";"—"
"771";"5";"—";"280000";"96 95 83";"6000";"Участвует в конкурсе";"2393934";"—"
"773";"2";"—";"280000";"100 100 70";"10000";"Участвует в конкурсе";"1168037";"—"
"774";"4";"—";"280000";"100 98 72";"10000";"Участвует в конкурсе";"1914460";"—"
"775";"5";"—";"280000";"99 98 73";"10000";"Участвует в конкурсе";"982847";"—"
"776";"2";"—";"280000";"97 95 78";"10000";"Участвует в конкурсе";"1730667";"—"
"777";"1";"—";"280000";"97 90 83";"10000";"Участвует в конкурсе";"1178531";"—"
"778";"4";"—";"280000";"97 90 83";"10000";"Участвует в конкурсе";"1796139";"—"
"779";"6";"—";"280000";"97 90 83";"10000";"Участвует в конкурсе";"2136057";"—"
"780";"3";"—";"280000";"97 90 83";"10000";"Участвует в конкурсе";"1675328";"—"
"781";"3";"—";"280000";"96 88 86";"10000";"Участвует в конкурсе";"1439099";"—"
"782";"9";"—";"280000";"96 88 86";"10000";"Участвует в конкурсе";"1285047";"—"
"783";"1";"—";"280000";"96 85 89";"10000";"Участвует в конкурсе";"1466605";"—"
"784";"4";"—";"280000";"96 85 89";"10000";"Участвует в конкурсе";"1264954";"—"
"785";"15";"—";"280000";"96 85 89";"10000";"Участвует в конкурсе";"2184743";"—"
"787";"1";"Электронное";"280000";"94 98 78";"10000";"Участвует в конкурсе";"1802418";"—"
"788";"5";"—";"280000";"94 95 81";"10000";"Участвует в конкурсе";"2027425";"—"
"789";"7";"—";"280000";"94 93 83";"10000";"Участвует в конкурсе";"2060704";"—"
"790";"1";"Электронное";"280000";"94 90 86";"10000";"Участвует в конкурсе";"1503903";"—"
"791";"1";"—";"280000";"94 90 86";"10000";"Участвует в конкурсе";"2340872";"—"
"792";"4";"—";"280000";"94 85 91";"10000";"Участвует в конкурсе";"1513888";"—"
"793";"13";"—";"280000";"92 100 78";"10000";"Участвует в конкурсе";"1115686";"—"
"794";"12";"Электронное";"280000";"92 95 83";"10000";"Участвует в конкурсе";"1606273";"—"
"795";"4";"—";"280000";"92 95 83";"10000";"Участвует в конкурсе";"1574390";"—"
"796";"2";"—";"280000";"92 95 83";"10000";"Участвует в конкурсе";"1180537";"—"
"797";"2";"—";"280000";"90 83 97";"10000";"Участвует в конкурсе";"1605810";"—"
"798";"13";"—";"280000";"88 93 89";"10000";"Участвует в конкурсе";"1324159";"—"
"800";"13";"—";"280000";"88 93 89";"10000";"Участвует в конкурсе";"1814492";"—"
"801";"9";"—";"280000";"88 93 89";"10000";"Участвует в конкурсе";"2266320";"—"
"802";"12";"Электронное";"280000";"88 88 94";"10000";"Участвует в конкурсе";"2162078";"—"
"803";"2";"—";"280000";"88 85 97";"10000";"Участвует в конкурсе";"1912233";"—"
"804";"1";"—";"280000";"86 95 89";"10000";"Участвует в конкурсе";"1911241";"—"
"805";"11";"—";"280000";"86 95 89";"10000";"Участвует в конкурсе";"1639436";"—"
"806";"6";"Электронное";"280000";"86 93 91";"10000";"Участвует в конкурсе";"1780617";"—"
"807";"4";"—";"280000";"86 90 94";"10000";"Участвует в конкурсе";"1496105";"—"
"808";"10";"—";"280000";"86 90 94";"10000";"Участвует в конкурсе";"2132689";"—"
"809";"3";"—";"279000";"100 98 81";"—";"Участвует в конкурсе";"2179972";"—"
"810";"2";"Электронное";"279000";"100 88 91";"—";"Участвует в конкурсе";"1641164";"—"
"812";"2";"—";"279000";"97 93 89";"—";"Участвует в конкурсе";"1202453";"—"
"813";"5";"—";"279000";"97 93 89";"—";"Участвует в конкурсе";"2143652";"—"
"814";"18";"—";"279000";"97 93 89";"—";"Участвует в конкурсе";"2154111";"—"
"815";"4";"—";"279000";"95 95 89";"—";"Участвует в конкурсе";"1494321";"—"
"816";"7";"—";"279000";"94 88 97";"—";"Участвует в конкурсе";"1327732";"—"
"818";"4";"—";"279000";"90 98 91";"—";"Участвует в конкурсе";"1263885";"—"
"819";"8";"—";"279000";"90 98 91";"—";"Участвует в конкурсе";"2101327";"—"
"820";"5";"—";"279000";"96 98 83";"2000";"Участвует в конкурсе";"1247218";"—"
"821";"7";"—";"279000";"100 95 81";"3000";"Участвует в конкурсе";"2170450";"—"
"822";"6";"—";"279000";"100 85 91";"3000";"Участвует в конкурсе";"1469666";"—"
"823";"1";"—";"279000";"94 93 89";"3000";"Участвует в конкурсе";"1331761";"—"
"824";"2";"Электронное";"279000";"92 93 89";"5000";"Участвует в конкурсе";"1959950";"—"
"825";"3";"—";"279000";"94 95 83";"7000";"Участвует в конкурсе";"1267041";"—"
"826";"8";"—";"279000";"97 88 86";"8000";"Участвует в конкурсе";"1641417";"—"
"827";"5";"—";"279000";"98 88 83";"10000";"Участвует в конкурсе";"1769600";"—"
"828";"5";"—";"279000";"96 95 78";"10000";"Участвует в конкурсе";"1522230";"—"
"829";"17";"—";"279000";"96 95 78";"10000";"Участвует в конкурсе";"2309001";"—"
"830";"1";"—";"279000";"96 90 83";"10000";"Участвует в конкурсе";"1916047";"—"
"831";"21";"—";"279000";"96 90 83";"10000";"Участвует в конкурсе";"2071592";"—"
"832";"11";"—";"279000";"95 93 81";"10000";"Участвует в конкурсе";"2311722";"—"
"833";"9";"Электронное";"279000";"95 93 81";"10000";"Участвует в конкурсе";"2308288";"—"
"834";"2";"—";"279000";"95 85 89";"10000";"Участвует в конкурсе";"1562867";"—"
"835";"2";"—";"279000";"95 85 89";"10000";"Участвует в конкурсе";"2306855";"—"
"837";"3";"—";"279000";"92 88 89";"10000";"Участвует в конкурсе";"1946266";"—"
"838";"6";"—";"279000";"92 88 89";"10000";"Участвует в конкурсе";"1910974";"—"
"839";"10";"—";"279000";"92 88 89";"10000";"Участвует в конкурсе";"2260910";"—"
"841";"5";"—";"279000";"92 83 94";"10000";"Участвует в конкурсе";"2063904";"—"
"842";"4";"—";"279000";"92 80 97";"10000";"Участвует в конкурсе";"1519451";"—"
"843";"1";"—";"279000";"90 98 81";"10000";"Участвует в конкурсе";"1721789";"—"
"844";"3";"—";"279000";"90 98 81";"10000";"Участвует в конкурсе";"1351399";"—"
"845";"5";"—";"279000";"90 98 81";"10000";"Участвует в конкурсе";"1512113";"—"
"846";"1";"—";"279000";"90 93 86";"10000";"Участвует в конкурсе";"1241979";"—"
"847";"3";"—";"279000";"90 93 86";"10000";"Участвует в конкурсе";"1725237";"—"
"848";"2";"—";"279000";"90 93 86";"10000";"Участвует в конкурсе";"1843398";"—"
"849";"4";"—";"279000";"90 93 86";"10000";"Участвует в конкурсе";"1196912";"—"
"850";"7";"—";"279000";"90 93 86";"10000";"Участвует в конкурсе";"1647068";"—"
"851";"2";"—";"279000";"90 93 86";"10000";"Участвует в конкурсе";"1510305";"—"
"852";"1";"—";"279000";"90 93 86";"10000";"Участвует в конкурсе";"2239667";"—"
"853";"2";"—";"279000";"90 93 86";"10000";"Участвует в конкурсе";"1626037";"—"
"854";"6";"—";"279000";"90 93 86";"10000";"Участвует в конкурсе";"2071918";"—"
"857";"4";"—";"279000";"90 90 89";"10000";"Участвует в конкурсе";"1518045";"—"
"858";"17";"—";"279000";"90 90 89";"10000";"Участвует в конкурсе";"2097029";"—"
"859";"19";"—";"279000";"90 88 91";"10000";"Участвует в конкурсе";"1613064";"—"
"860";"5";"—";"279000";"90 88 91";"10000";"Участвует в конкурсе";"2366114";"—"
"861";"5";"—";"279000";"90 85 94";"10000";"Участвует в конкурсе";"1609695";"—"
"862";"2";"—";"279000";"90 85 94";"10000";"Участвует в конкурсе";"1413585";"—"
"863";"12";"Электронное";"279000";"88 98 83";"10000";"Участвует в конкурсе";"1578522";"—"
"864";"3";"—";"279000";"88 98 83";"10000";"Участвует в конкурсе";"2128045";"—"
"865";"12";"—";"279000";"88 98 83";"10000";"Участвует в конкурсе";"2223776";"—"
"866";"1";"—";"279000";"88 98 83";"10000";"Участвует в конкурсе";"1622112";"—"
"867";"4";"Электронное";"279000";"88 95 86";"10000";"Участвует в конкурсе";"1847850";"—"
"868";"6";"—";"279000";"88 90 91";"10000";"Участвует в конкурсе";"1502595";"—"
"869";"25";"—";"279000";"88 90 91";"10000";"Участвует в конкурсе";"1788034";"—"
"870";"7";"—";"279000";"86 100 83";"10000";"Участвует в конкурсе";"1655280";"—"
"871";"6";"—";"279000";"86 83 100";"10000";"Участвует в конкурсе";"1940618";"—"
"872";"9";"Электронное";"279000";"82 93 94";"10000";"Участвует в конкурсе";"1213226";"—"
"873";"6";"—";"279000";"82 93 94";"10000";"Участвует в конкурсе";"1616298";"—"
"874";"1";"—";"279000";"82 90 97";"10000";"Участвует в конкурсе";"1786331";"—"
"876";"3";"—";"279000";"80 98 91";"10000";"Участвует в конкурсе";"2217662";"—"
"877";"1";"—";"278000";"97 98 83";"—";"Участвует в конкурсе";"1040467";"—"
"878";"3";"—";"278000";"97 95 86";"—";"Участвует в конкурсе";"1213682";"—"
"879";"2";"—";"278000";"97 90 91";"—";"Участвует в конкурсе";"2179859";"—"
"880";"1";"—";"278000";"96 88 94";"—";"Участвует в конкурсе";"1340187";"—"
"882";"1";"—";"278000";"94 93 91";"—";"Участвует в конкурсе";"1797352";"—"
"883";"4";"—";"278000";"100 98 78";"2000";"Участвует в конкурсе";"1503528";"—"
"884";"4";"—";"278000";"99 93 83";"3000";"Участвует в конкурсе";"2180279";"—"
"885";"9";"—";"278000";"99 85 91";"3000";"Участвует в конкурсе";"1440327";"—"
"886";"14";"Электронное";"278000";"96 90 89";"3000";"Участвует в конкурсе";"1179878";"—"
"887";"2";"Электронное";"278000";"92 100 83";"3000";"Участвует в конкурсе";"1648236";"—"
"888";"2";"—";"278000";"97 93 83";"5000";"Участвует в конкурсе";"1443514";"—"
"889";"3";"—";"278000";"94 93 86";"5000";"Участвует в конкурсе";"2172215";"—"
"890";"5";"—";"278000";"94 90 89";"5000";"Участвует в конкурсе";"1178666";"—"
"891";"7";"—";"278000";"94 88 91";"5000";"Участвует в конкурсе";"1205871";"—"
"892";"5";"—";"278000";"100 88 83";"7000";"Участвует в конкурсе";"2224799";"—"
"893";"1";"Электронное";"278000";"100 95 73";"10000";"Участвует в конкурсе";"2216599";"—"
"894";"11";"—";"278000";"100 85 83";"10000";"Участвует в конкурсе";"1999028";"—"
"895";"17";"—";"278000";"99 83 86";"10000";"Участвует в конкурсе";"1795014";"—"
"896";"6";"—";"278000";"98 100 70";"10000";"Участвует в конкурсе";"1811799";"—"
"897";"11";"Электронное";"278000";"97 93 78";"10000";"Участвует в конкурсе";"2099279";"—"
"898";"7";"—";"278000";"97 90 81";"10000";"Участвует в конкурсе";"1478109";"—"
"899";"2";"—";"278000";"97 90 81";"10000";"Участвует в конкурсе";"1400662";"—"
"900";"4";"Электронное";"278000";"97 90 81";"10000";"Участвует в конкурсе";"1982885";"—"
"901";"1";"—";"278000";"97 90 81";"10000";"Участвует в конкурсе";"1721284";"—"
"902";"1";"—";"278000";"97 88 83";"10000";"Участвует в конкурсе";"1991800";"—"
"903";"3";"Электронное";"278000";"97 88 83";"10000";"Участвует в конкурсе";"1360331";"—"
"904";"1";"—";"278000";"97 85 86";"10000";"Участвует в конкурсе";"1166551";"—"
"905";"5";"—";"278000";"97 80 91";"10000";"Участвует в конкурсе";"1517297";"—"
"906";"7";"Электронное";"278000";"95 98 75";"10000";"Участвует в конкурсе";"2015800";"—"
"907";"4";"—";"278000";"95 90 83";"10000";"Участвует в конкурсе";"1287770";"—"
"908";"4";"—";"278000";"95 90 83";"10000";"Участвует в конкурсе";"1327660";"—"
"909";"16";"—";"278000";"95 90 83";"10000";"Участвует в конкурсе";"2330749";"—"
"910";"9";"Электронное";"278000";"94 93 81";"10000";"Участвует в конкурсе";"987063";"—"
"911";"2";"—";"278000";"94 88 86";"10000";"Участвует в конкурсе";"1189268";"—"
"912";"3";"—";"278000";"94 88 86";"10000";"Участвует в конкурсе";"1996459";"—"
"913";"12";"—";"278000";"94 88 86";"10000";"Участвует в конкурсе";"2389532";"—"
"914";"7";"Электронное";"278000";"94 85 89";"10000";"Участвует в конкурсе";"1572222";"—"
"915";"8";"Электронное";"278000";"94 85 89";"10000";"Участвует в конкурсе";"1876219";"—"
"916";"7";"—";"278000";"94 83 91";"10000";"Участвует в конкурсе";"1321895";"—"
"917";"2";"Электронное";"278000";"94 83 91";"10000";"Участвует в конкурсе";"2337332";"—"
"918";"6";"Электронное";"278000";"94 83 91";"10000";"Участвует в конкурсе";"2035422";"—"
"919";"6";"—";"278000";"92 98 78";"10000";"Участвует в конкурсе";"1324370";"—"
"920";"3";"—";"278000";"92 93 83";"10000";"Участвует в конкурсе";"1418539";"—"
"921";"2";"—";"278000";"92 93 83";"10000";"Участвует в конкурсе";"1264257";"—"
"922";"8";"—";"278000";"92 90 86";"10000";"Участвует в конкурсе";"1779158";"—"
"923";"30";"Электронное";"278000";"92 90 86";"10000";"Участвует в конкурсе";"1344678";"—"
"924";"2";"—";"278000";"92 85 91";"10000";"Участвует в конкурсе";"1512117";"—"
"925";"17";"—";"278000";"92 85 91";"10000";"Участвует в конкурсе";"1960213";"—"
"927";"2";"—";"278000";"92 85 91";"10000";"Участвует в конкурсе";"2141312";"—"
"928";"3";"Электронное";"278000";"92 85 91";"10000";"Участвует в конкурсе";"2255679";"—"
"929";"11";"—";"278000";"90 95 83";"10000";"Участвует в конкурсе";"1909885";"—"
"930";"11";"—";"278000";"88 83 97";"10000";"Участвует в конкурсе";"1626819";"—"
"931";"3";"—";"278000";"88 83 97";"10000";"Участвует в конкурсе";"1902075";"—"
"932";"3";"—";"278000";"88 83 97";"10000";"Участвует в конкурсе";"2095424";"—"
"933";"4";"—";"278000";"88 83 97";"10000";"Участвует в конкурсе";"1344784";"—"
"934";"4";"—";"278000";"86 93 89";"10000";"Участвует в конкурсе";"1066910";"—"
"935";"5";"—";"278000";"86 93 89";"10000";"Участвует в конкурсе";"1669823";"—"
"936";"2";"—";"278000";"86 85 97";"10000";"Участвует в конкурсе";"1194454";"—"
"937";"6";"—";"278000";"84 98 86";"10000";"Участвует в конкурсе";"1756559";"—"
"938";"22";"—";"278000";"84 98 86";"10000";"Участвует в конкурсе";"1708589";"—"
"939";"3";"—";"278000";"84 98 86";"10000";"Участвует в конкурсе";"2265040";"—"
"940";"8";"—";"278000";"84 95 89";"10000";"Участвует в конкурсе";"1324373";"—"
"941";"15";"—";"278000";"84 93 91";"10000";"Участвует в конкурсе";"1802213";"—"
"942";"10";"—";"278000";"84 93 91";"10000";"Участвует в конкурсе";"2049857";"—"
"943";"4";"—";"278000";"84 93 91";"10000";"Участвует в конкурсе";"2262049";"—"
"944";"8";"—";"278000";"84 93 91";"10000";"Участвует в конкурсе";"2200006";"—"
"945";"15";"—";"278000";"84 90 94";"10000";"Участвует в конкурсе";"1794236";"—"
"946";"22";"—";"278000";"84 90 94";"10000";"Участвует в конкурсе";"2219364";"—"
"947";"6";"—";"278000";"82 95 91";"10000";"Участвует в конкурсе";"1700386";"—"
"948";"24";"Электронное";"278000";"80 88 100";"10000";"Участвует в конкурсе";"2116901";"—"
"949";"2";"—";"278000";"78 90 100";"10000";"Участвует в конкурсе";"2045456";"—"
"951";"2";"—";"277000";"98 90 89";"—";"Участвует в конкурсе";"1240014";"—"
"952";"20";"—";"277000";"94 100 83";"—";"Участвует в конкурсе";"2310371";"—"
"953";"21";"—";"277000";"94 83 100";"—";"Участвует в конкурсе";"1821790";"—"
"954";"3";"—";"277000";"88 98 91";"—";"Участвует в конкурсе";"1564021";"—"
"955";"8";"—";"277000";"88 98 91";"—";"Участвует в конкурсе";"1958321";"—"
"956";"1";"—";"277000";"94 98 83";"2000";"Участвует в конкурсе";"1992882";"—"
"957";"5";"—";"277000";"100 93 81";"3000";"Участвует в конкурсе";"1903568";"—"
"958";"7";"—";"277000";"95 98 81";"3000";"Участвует в конкурсе";"1194103";"—"
"959";"1";"Электронное";"277000";"95 93 86";"3000";"Участвует в конкурсе";"2057172";"—"
"960";"6";"—";"277000";"95 93 86";"3000";"Участвует в конкурсе";"1755028";"—"
"961";"6";"—";"277000";"95 93 86";"3000";"Участвует в конкурсе";"1416963";"—"
"962";"3";"Электронное";"277000";"90 90 94";"3000";"Участвует в конкурсе";"2014004";"—"
"963";"2";"—";"277000";"90 90 94";"3000";"Участвует в конкурсе";"2307592";"—"
"964";"1";"—";"277000";"100 100 72";"5000";"Участвует в конкурсе";"1435621";"—"
"965";"2";"—";"277000";"96 90 86";"5000";"Участвует в конкурсе";"2006991";"—"
"966";"3";"Электронное";"277000";"88 88 94";"7000";"Участвует в конкурсе";"1039593";"—"
"967";"6";"—";"277000";"100 95 72";"10000";"Участвует в конкурсе";"2097813";"—"
"968";"2";"—";"277000";"100 78 89";"10000";"Участвует в конкурсе";"1251859";"—"
"969";"10";"Электронное";"277000";"99 95 73";"10000";"Участвует в конкурсе";"1879758";"—"
"970";"10";"—";"277000";"99 90 78";"10000";"Участвует в конкурсе";"1628811";"—"
"971";"3";"—";"277000";"99 90 78";"10000";"Участвует в конкурсе";"1442852";"—"
"972";"5";"—";"277000";"98 83 86";"10000";"Участвует в конкурсе";"2177044";"—"
"973";"22";"—";"277000";"98 80 89";"10000";"Участвует в конкурсе";"1332216";"—"
"974";"4";"—";"277000";"98 75 94";"10000";"Участвует в конкурсе";"1728267";"—"
"975";"2";"—";"277000";"97 95 75";"10000";"Участвует в конкурсе";"971765";"—"
"976";"6";"—";"277000";"97 95 75";"10000";"Участвует в конкурсе";"2225394";"—"
"977";"2";"—";"277000";"96 98 73";"10000";"Участвует в конкурсе";"1999661";"—"
"978";"2";"Электронное";"277000";"96 93 78";"10000";"Участвует в конкурсе";"1643436";"—"
"979";"5";"—";"277000";"96 90 81";"10000";"Участвует в конкурсе";"1915674";"—"
"980";"4";"—";"277000";"96 88 83";"10000";"Участвует в конкурсе";"1436036";"—"
"981";"7";"—";"277000";"96 88 83";"10000";"Участвует в конкурсе";"1208412";"—"
"982";"1";"—";"277000";"96 85 86";"10000";"Участвует в конкурсе";"1963734";"—"
"983";"27";"—";"277000";"96 80 91";"10000";"Участвует в конкурсе";"1849628";"—"
"984";"6";"—";"277000";"95 83 89";"10000";"Участвует в конкурсе";"1722367";"—"
"985";"3";"—";"277000";"95 83 89";"10000";"Участвует в конкурсе";"2151439";"—"
"986";"1";"—";"277000";"95 83 89";"10000";"Участвует в конкурсе";"1471984";"—"
"987";"2";"—";"277000";"95 78 94";"10000";"Участвует в конкурсе";"1566162";"—"
"988";"4";"—";"277000";"95 78 94";"10000";"Участвует в конкурсе";"1641311";"—"
"989";"18";"—";"277000";"94 100 73";"10000";"Участвует в конкурсе";"2220037";"—"
"990";"6";"—";"277000";"94 100 73";"10000";"Участвует в конкурсе";"1387565";"—"
"991";"2";"—";"277000";"94 95 78";"10000";"Участвует в конкурсе";"2177192";"—"
"992";"2";"—";"277000";"94 95 78";"10000";"Участвует в конкурсе";"1345228";"—"
"993";"20";"—";"277000";"94 90 83";"10000";"Участвует в конкурсе";"1285157";"—"
"994";"3";"—";"277000";"94 90 83";"10000";"Участвует в конкурсе";"1585435";"—"
"995";"2";"—";"277000";"94 90 83";"10000";"Участвует в конкурсе";"1708215";"—"
"997";"13";"—";"277000";"94 90 83";"10000";"Участвует в конкурсе";"2257901";"—"
"999";"3";"—";"277000";"90 88 89";"10000";"Участвует в конкурсе";"1587193";"—"
"1001";"1";"—";"277000";"90 88 89";"10000";"Участвует в конкурсе";"1348062";"—"
"1002";"1";"—";"277000";"90 88 89";"10000";"Участвует в конкурсе";"1838322";"—"
"1003";"8";"—";"277000";"90 88 89";"10000";"Участвует в конкурсе";"1255788";"—"
"1004";"2";"Электронное";"277000";"90 88 89";"10000";"Участвует в конкурсе";"1285742";"—"
"1005";"14";"Электронное";"277000";"90 83 94";"10000";"Участвует в конкурсе";"1307911";"—"
"1006";"2";"—";"277000";"90 83 94";"10000";"Участвует в конкурсе";"1565127";"—"
"1007";"3";"—";"277000";"90 80 97";"10000";"Участвует в конкурсе";"1764070";"—"
"1009";"5";"—";"277000";"90 80 97";"10000";"Участвует в конкурсе";"2366608";"—"
"1011";"3";"—";"277000";"88 98 81";"10000";"Участвует в конкурсе";"2134544";"—"
"1012";"10";"—";"277000";"88 93 86";"10000";"Участвует в конкурсе";"2054017";"—"
"1013";"1";"—";"277000";"88 93 86";"10000";"Участвует в конкурсе";"1547322";"—"
"1014";"2";"Электронное";"277000";"88 90 89";"10000";"Участвует в конкурсе";"1639368";"—"
"1015";"5";"—";"277000";"88 90 89";"10000";"Участвует в конкурсе";"2180441";"—"
"1016";"9";"—";"277000";"88 90 89";"10000";"Участвует в конкурсе";"2394084";"—"
"1017";"2";"—";"277000";"88 88 91";"10000";"Участвует в конкурсе";"1984207";"—"
"1018";"4";"—";"277000";"88 88 91";"10000";"Участвует в конкурсе";"2081591";"—"
"1019";"5";"—";"277000";"88 88 91";"10000";"Участвует в конкурсе";"1195943";"—"
"1020";"9";"Электронное";"277000";"88 85 94";"10000";"Участвует в конкурсе";"1422227";"—"
"1021";"1";"Электронное";"277000";"88 85 94";"10000";"Участвует в конкурсе";"1696133";"—"
"1022";"7";"Электронное";"277000";"88 85 94";"10000";"Участвует в конкурсе";"1584485";"—"
"1023";"6";"—";"277000";"88 85 94";"10000";"Участвует в конкурсе";"2170135";"—"
"1024";"3";"—";"277000";"86 95 86";"10000";"Участвует в конкурсе";"1425099";"—"
"1025";"4";"—";"277000";"86 90 91";"10000";"Участвует в конкурсе";"1393584";"—"
"1026";"15";"—";"277000";"86 90 91";"10000";"Участвует в конкурсе";"1839935";"—"
"1027";"5";"Электронное";"277000";"82 88 97";"10000";"Участвует в конкурсе";"1358409";"—"
"1028";"25";"—";"277000";"82 85 100";"10000";"Участвует в конкурсе";"1793406";"—"
"1029";"9";"—";"277000";"80 93 94";"10000";"Участвует в конкурсе";"1851150";"—"
"1030";"3";"Электронное";"277000";"80 90 97";"10000";"Участвует в конкурсе";"1621506";"—"
"1031";"18";"—";"277000";"78 100 89";"10000";"Участвует в конкурсе";"1564460";"—"
"1032";"3";"—";"276000";"99 88 89";"—";"Участвует в конкурсе";"1042590";"—"
"1033";"2";"Электронное";"276000";"95 95 86";"—";"Участвует в конкурсе";"1446905";"—"
"1034";"1";"—";"276000";"92 95 89";"—";"Участвует в конкурсе";"1719852";"—"
"1035";"12";"—";"276000";"92 95 89";"—";"Участвует в конкурсе";"2051086";"—"
"1036";"6";"—";"276000";"92 95 89";"—";"Участвует в конкурсе";"2223237";"—"
"1037";"4";"—";"276000";"86 93 97";"—";"Участвует в конкурсе";"1845188";"—"
"1038";"20";"Электронное";"276000";"95 90 89";"2000";"Участвует в конкурсе";"2197828";"—"
"1039";"7";"—";"276000";"94 93 86";"3000";"Участвует в конкурсе";"2031089";"—"
"1040";"1";"—";"276000";"94 93 86";"3000";"Участвует в конкурсе";"1656388";"—"
"1043";"12";"Электронное";"276000";"92 95 86";"3000";"Участвует в конкурсе";"1721607";"—"
"1044";"8";"—";"276000";"100 83 89";"4000";"Участвует в конкурсе";"2051622";"—"
"1045";"2";"Электронное";"276000";"98 100 70";"8000";"Участвует в конкурсе";"1207100";"—"
"1046";"3";"Электронное";"276000";"97 98 73";"8000";"Участвует в конкурсе";"1501343";"—"
"1047";"1";"—";"276000";"100 93 73";"10000";"Участвует в конкурсе";"1198382";"—"
"1048";"1";"—";"276000";"100 88 78";"10000";"Участвует в конкурсе";"1939587";"—"
"1049";"2";"—";"276000";"100 88 78";"10000";"Участвует в конкурсе";"1178514";"—"
"1050";"3";"—";"276000";"100 83 83";"10000";"Участвует в конкурсе";"1544491";"—"
"1051";"2";"—";"276000";"100 80 86";"10000";"Участвует в конкурсе";"1205358";"—"
"1052";"3";"—";"276000";"97 88 81";"10000";"Участвует в конкурсе";"1266219";"—"
"1053";"7";"—";"276000";"97 88 81";"10000";"Участвует в конкурсе";"1511576";"—"
"1054";"2";"Электронное";"276000";"97 88 81";"10000";"Участвует в конкурсе";"1364856";"—"
"1055";"1";"—";"276000";"97 88 81";"10000";"Участвует в конкурсе";"1881507";"—"
"1056";"4";"Электронное";"276000";"97 83 86";"10000";"Участвует в конкурсе";"1310020";"—"
"1057";"3";"Электронное";"276000";"97 83 86";"10000";"Участвует в конкурсе";"2224431";"—"
"1059";"3";"—";"276000";"95 93 78";"10000";"Участвует в конкурсе";"1286693";"—"
"1061";"7";"Электронное";"276000";"95 90 81";"10000";"Участвует в конкурсе";"2040094";"—"
"1062";"8";"—";"276000";"95 90 81";"10000";"Участвует в конкурсе";"1640606";"—"
"1063";"5";"Электронное";"276000";"95 88 83";"10000";"Участвует в конкурсе";"2181712";"—"
"1064";"4";"—";"276000";"95 88 83";"10000";"Участвует в конкурсе";"2095977";"—"
"1065";"1";"—";"276000";"95 85 86";"10000";"Участвует в конкурсе";"1900873";"—"
"1066";"1";"—";"276000";"95 80 91";"10000";"Участвует в конкурсе";"1214310";"—"
"1067";"6";"—";"276000";"95 80 91";"10000";"Участвует в конкурсе";"1975188";"—"
"1068";"4";"—";"276000";"94 83 89";"10000";"Участвует в конкурсе";"1731233";"—"
"1069";"13";"—";"276000";"94 83 89";"10000";"Участвует в конкурсе";"1338650";"—"
"1070";"7";"—";"276000";"94 83 89";"10000";"Участвует в конкурсе";"2099258";"—"
"1071";"4";"Электронное";"276000";"92 93 81";"10000";"Участвует в конкурсе";"1518338";"—"
"1072";"6";"—";"276000";"92 93 81";"10000";"Участвует в конкурсе";"1176755";"—"
"1073";"3";"—";"276000";"92 93 81";"10000";"Участвует в конкурсе";"1716193";"—"
"1075";"9";"—";"276000";"92 93 81";"10000";"Участвует в конкурсе";"1877013";"—"
"1076";"3";"—";"276000";"92 88 86";"10000";"Участвует в конкурсе";"1908010";"—"
"1077";"9";"—";"276000";"92 85 89";"10000";"Участвует в конкурсе";"1745050";"—"
"1078";"2";"—";"276000";"92 83 91";"10000";"Участвует в конкурсе";"1943606";"—"
"1079";"3";"—";"276000";"92 80 94";"10000";"Участвует в конкурсе";"1796548";"—"
"1080";"3";"—";"276000";"90 93 83";"10000";"Участвует в конкурсе";"1854959";"—"
"1081";"7";"—";"276000";"90 90 86";"10000";"Участвует в конкурсе";"1654911";"—"
"1082";"13";"—";"276000";"90 90 86";"10000";"Участвует в конкурсе";"1823600";"—"
"1083";"16";"—";"276000";"90 85 91";"10000";"Участвует в конкурсе";"1214072";"—"
"1084";"2";"—";"276000";"88 100 78";"10000";"Участвует в конкурсе";"1851372";"—"
"1085";"11";"—";"276000";"88 95 83";"10000";"Участвует в конкурсе";"1181054";"—"
"1086";"2";"—";"276000";"88 95 83";"10000";"Участвует в конкурсе";"2341817";"—"
"1087";"12";"—";"276000";"88 95 83";"10000";"Участвует в конкурсе";"1072468";"—"
"1088";"4";"—";"276000";"86 83 97";"10000";"Участвует в конкурсе";"1640419";"—"
"1089";"8";"Электронное";"276000";"84 93 89";"10000";"Участвует в конкурсе";"2260583";"—"
"1090";"4";"—";"276000";"84 93 89";"10000";"Участвует в конкурсе";"1810625";"—"
"1091";"10";"—";"276000";"82 93 91";"10000";"Участвует в конкурсе";"1790478";"—"
"1092";"5";"Электронное";"276000";"82 93 91";"10000";"Участвует в конкурсе";"2183166";"—"
"1093";"5";"—";"276000";"82 90 94";"10000";"Участвует в конкурсе";"1405365";"—"
"1094";"5";"—";"276000";"80 95 91";"10000";"Участвует в конкурсе";"2101357";"—"
"1095";"2";"—";"275000";"100 100 75";"—";"Участвует в конкурсе";"1650986";"—"
"1096";"4";"—";"275000";"96 85 94";"—";"Участвует в конкурсе";"2176036";"—"
"1098";"9";"—";"275000";"94 98 83";"—";"Участвует в конкурсе";"962624";"—"
"1099";"4";"—";"275000";"90 85 100";"—";"Участвует в конкурсе";"1565803";"—"
"1100";"2";"—";"275000";"88 98 89";"—";"Участвует в конкурсе";"1405878";"—"
"1101";"12";"—";"275000";"84 93 98";"—";"Участвует в конкурсе";"2254514";"—"
"1102";"18";"—";"275000";"82 98 95";"—";"Участвует в конкурсе";"2425434";"—"
"1103";"3";"—";"275000";"100 100 73";"2000";"Участвует в конкурсе";"1722901";"—"
"1104";"4";"—";"275000";"94 85 94";"2000";"Участвует в конкурсе";"1189620";"—"
"1105";"14";"—";"275000";"96 90 86";"3000";"Участвует в конкурсе";"1420816";"—"
"1106";"1";"—";"275000";"94 100 78";"3000";"Участвует в конкурсе";"1551311";"—"
"1107";"2";"—";"275000";"88 93 91";"3000";"Участвует в конкурсе";"2424112";"—"
"1108";"7";"—";"275000";"94 85 91";"5000";"Участвует в конкурсе";"1613969";"—"
"1109";"3";"—";"275000";"86 90 94";"5000";"Участвует в конкурсе";"1954797";"—"
"1110";"8";"—";"275000";"92 80 97";"6000";"Участвует в конкурсе";"1415733";"—"
"1111";"1";"—";"275000";"95 83 89";"8000";"Участвует в конкурсе";"1977029";"—"
"1112";"15";"Электронное";"275000";"94 90 83";"8000";"Участвует в конкурсе";"1614792";"—"
"1113";"1";"—";"275000";"99 83 83";"10000";"Участвует в конкурсе";"1635998";"—"
"1114";"4";"—";"275000";"98 78 89";"10000";"Участвует в конкурсе";"2353339";"—"
"1115";"2";"—";"275000";"97 93 75";"10000";"Участвует в конкурсе";"1551937";"—"
"1116";"1";"Электронное";"275000";"97 88 80";"10000";"Участвует в конкурсе";"1939871";"—"
"1117";"1";"Электронное";"275000";"97 85 83";"10000";"Участвует в конкурсе";"2122020";"—"
"1118";"10";"—";"275000";"96 88 81";"10000";"Участвует в конкурсе";"2209212";"—"
"1119";"2";"—";"275000";"96 80 89";"10000";"Участвует в конкурсе";"1873324";"—"
"1120";"7";"—";"275000";"96 80 89";"10000";"Участвует в конкурсе";"1353381";"—"
"1121";"3";"Электронное";"275000";"95 98 72";"10000";"Участвует в конкурсе";"1182967";"—"
"1122";"15";"—";"275000";"94 93 78";"10000";"Участвует в конкурсе";"1261618";"—"
"1123";"4";"Электронное";"275000";"94 93 78";"10000";"Участвует в конкурсе";"1858371";"—"
"1124";"11";"—";"275000";"94 90 81";"10000";"Участвует в конкурсе";"1857098";"—"
"1125";"13";"Электронное";"275000";"94 90 81";"10000";"Участвует в конкурсе";"1262198";"—"
"1126";"2";"—";"275000";"94 88 83";"10000";"Участвует в конкурсе";"1265869";"—"
"1127";"5";"—";"275000";"94 88 83";"10000";"Участвует в конкурсе";"1933178";"—"
"1128";"1";"—";"275000";"94 88 83";"10000";"Участвует в конкурсе";"1847106";"—"
"1129";"1";"—";"275000";"94 80 91";"10000";"Участвует в конкурсе";"1194504";"—"
"1130";"5";"Электронное";"275000";"92 100 73";"10000";"Участвует в конкурсе";"2313525";"—"
"1131";"5";"—";"275000";"92 95 78";"10000";"Участвует в конкурсе";"1859641";"—"
"1132";"3";"Электронное";"275000";"92 90 83";"10000";"Участвует в конкурсе";"1207595";"—"
"1133";"7";"—";"275000";"92 90 83";"10000";"Участвует в конкурсе";"1551875";"—"
"1134";"2";"—";"275000";"90 78 97";"10000";"Участвует в конкурсе";"2230354";"—"
"1135";"2";"—";"275000";"86 93 86";"10000";"Участвует в конкурсе";"1211464";"—"
"1136";"9";"—";"275000";"86 93 86";"10000";"Участвует в конкурсе";"1157057";"—"
"1137";"6";"Электронное";"275000";"86 90 89";"10000";"Участвует в конкурсе";"2133199";"—"
"1138";"1";"—";"275000";"86 90 89";"10000";"Участвует в конкурсе";"1516482";"—"
"1139";"5";"—";"275000";"86 90 89";"10000";"Участвует в конкурсе";"1632252";"—"
"1140";"10";"—";"275000";"86 90 89";"10000";"Участвует в конкурсе";"1849042";"—"
"1141";"3";"—";"275000";"86 88 91";"10000";"Участвует в конкурсе";"2208152";"—"
"1142";"15";"—";"275000";"86 88 91";"10000";"Участвует в конкурсе";"1175177";"—"
"1143";"8";"—";"275000";"86 88 91";"10000";"Участвует в конкурсе";"1358894";"—"
"1144";"10";"—";"275000";"86 88 91";"10000";"Участвует в конкурсе";"2255189";"—"
"1145";"10";"—";"275000";"86 88 91";"10000";"Участвует в конкурсе";"1877656";"—"
"1146";"4";"—";"275000";"86 85 94";"10000";"Участвует в конкурсе";"1442237";"—"
"1147";"3";"—";"275000";"86 85 94";"10000";"Участвует в конкурсе";"1361588";"—"
"1148";"2";"—";"275000";"86 85 94";"10000";"Участвует в конкурсе";"1627368";"—"
"1149";"8";"—";"275000";"84 95 86";"10000";"Участвует в конкурсе";"1440671";"—"
"1150";"2";"—";"275000";"84 90 91";"10000";"Участвует в конкурсе";"2168498";"—"
"1151";"2";"Электронное";"275000";"82 83 100";"10000";"Участвует в конкурсе";"2239916";"—"
"1152";"4";"Электронное";"274000";"98 85 91";"—";"Участвует в конкурсе";"1244290";"—"
"1153";"4";"—";"274000";"96 95 83";"—";"Участвует в конкурсе";"1184164";"—"
"1155";"3";"—";"274000";"92 93 89";"—";"Участвует в конкурсе";"986139";"—"
"1157";"2";"Электронное";"274000";"92 88 94";"—";"Участвует в конкурсе";"2140521";"—"
"1158";"4";"—";"274000";"90 95 89";"—";"Участвует в конкурсе";"1591975";"—"
"1159";"7";"—";"274000";"90 93 91";"—";"Участвует в конкурсе";"1263378";"—"
"1160";"5";"—";"274000";"82 98 94";"—";"Участвует в конкурсе";"1199343";"—"
"1161";"3";"—";"274000";"82 98 94";"—";"Участвует в конкурсе";"2056428";"—"
"1162";"5";"—";"274000";"97 85 91";"1000";"Участвует в конкурсе";"2227235";"—"
"1163";"2";"Электронное";"274000";"100 80 91";"3000";"Участвует в конкурсе";"2005440";"—"
"1164";"3";"—";"274000";"95 93 83";"3000";"Участвует в конкурсе";"2215413";"—"
"1166";"4";"—";"274000";"92 93 86";"3000";"Участвует в конкурсе";"1190438";"—"
"1167";"1";"—";"274000";"92 93 86";"3000";"Участвует в конкурсе";"2305561";"—"
"1168";"8";"Электронное";"274000";"92 90 89";"3000";"Участвует в конкурсе";"1257359";"—"
"1169";"5";"—";"274000";"90 90 91";"3000";"Участвует в конкурсе";"2084799";"—"
"1170";"17";"—";"274000";"100 80 89";"5000";"Участвует в конкурсе";"1625432";"—"
"1171";"1";"—";"274000";"92 88 89";"5000";"Участвует в конкурсе";"2039712";"—"
"1172";"3";"—";"274000";"90 85 94";"5000";"Участвует в конкурсе";"1291004";"—"
"1173";"2";"Электронное";"274000";"88 95 86";"5000";"Участвует в конкурсе";"2308737";"—"
"1174";"5";"—";"274000";"95 88 83";"8000";"Участвует в конкурсе";"1193713";"—"
"1175";"1";"—";"274000";"90 95 81";"8000";"Участвует в конкурсе";"1194676";"—"
"1176";"6";"—";"274000";"100 83 81";"10000";"Участвует в конкурсе";"1417195";"—"
"1177";"3";"—";"274000";"100 78 86";"10000";"Участвует в конкурсе";"1366772";"—"
"1179";"7";"—";"274000";"100 75 89";"10000";"Участвует в конкурсе";"2273968";"—"
"1180";"1";"—";"274000";"98 88 78";"10000";"Участвует в конкурсе";"1653311";"—"
"1181";"7";"—";"274000";"98 88 78";"10000";"Участвует в конкурсе";"1370011";"—"
"1182";"1";"—";"274000";"98 88 78";"10000";"Участвует в конкурсе";"1356596";"—"
"1183";"14";"—";"274000";"96 90 78";"10000";"Участвует в конкурсе";"1582830";"—"
"1184";"2";"—";"274000";"96 90 78";"10000";"Участвует в конкурсе";"1496412";"—"
"1185";"9";"Электронное";"274000";"96 90 78";"10000";"Участвует в конкурсе";"1509744";"—"
"1186";"1";"—";"274000";"96 85 83";"10000";"Участвует в конкурсе";"1472134";"—"
"1187";"7";"—";"274000";"95 88 81";"10000";"Участвует в конкурсе";"1204380";"—"
"1188";"4";"—";"274000";"95 88 81";"10000";"Участвует в конкурсе";"1951298";"—"
"1189";"12";"—";"274000";"95 83 86";"10000";"Участвует в конкурсе";"1601346";"—"
"1190";"6";"—";"274000";"95 80 89";"10000";"Участвует в конкурсе";"1367624";"—"
"1192";"2";"—";"274000";"92 83 89";"10000";"Участвует в конкурсе";"1349493";"—"
"1193";"2";"—";"274000";"92 83 89";"10000";"Участвует в конкурсе";"2029453";"—"
"1194";"4";"—";"274000";"92 78 94";"10000";"Участвует в конкурсе";"1488409";"—"
"1195";"3";"—";"274000";"92 78 94";"10000";"Участвует в конкурсе";"1835377";"—"
"1196";"15";"Электронное";"274000";"92 78 94";"10000";"Участвует в конкурсе";"1796618";"—"
"1197";"7";"—";"274000";"90 88 86";"10000";"Участвует в конкурсе";"1529416";"—"
"1198";"1";"Электронное";"274000";"90 88 86";"10000";"Участвует в конкурсе";"1429808";"—"
"1199";"7";"Электронное";"274000";"90 88 86";"10000";"Участвует в конкурсе";"1680667";"—"
"1200";"3";"Электронное";"274000";"90 88 86";"10000";"Участвует в конкурсе";"1989001";"—"
"1201";"2";"Электронное";"274000";"90 88 86";"10000";"Участвует в конкурсе";"1394727";"—"
"1202";"18";"Электронное";"274000";"90 88 86";"10000";"Участвует в конкурсе";"2394991";"—"
"1203";"3";"Электронное";"274000";"90 85 89";"10000";"Участвует в конкурсе";"1205589";"—"
"1204";"16";"—";"274000";"90 85 89";"10000";"Участвует в конкурсе";"1837147";"—"
"1205";"1";"—";"274000";"90 83 91";"10000";"Участвует в конкурсе";"1446122";"—"
"1206";"7";"—";"274000";"90 83 91";"10000";"Участвует в конкурсе";"2255474";"—"
"1207";"9";"—";"274000";"90 80 94";"10000";"Участвует в конкурсе";"1205131";"—"
"1208";"13";"—";"274000";"90 80 94";"10000";"Участвует в конкурсе";"1260223";"—"
"1209";"4";"—";"274000";"90 80 94";"10000";"Участвует в конкурсе";"2041748";"—"
"1210";"3";"—";"274000";"90 80 94";"10000";"Участвует в конкурсе";"2227144";"—"
"1211";"5";"—";"274000";"88 98 78";"10000";"Участвует в конкурсе";"1987159";"—"
"1213";"4";"Электронное";"274000";"88 93 83";"10000";"Участвует в конкурсе";"1794005";"—"
"1214";"1";"—";"274000";"88 93 83";"10000";"Участвует в конкурсе";"2262383";"—"
"1215";"1";"—";"274000";"88 90 86";"10000";"Участвует в конкурсе";"1713460";"—"
"1216";"8";"—";"274000";"88 85 91";"10000";"Участвует в конкурсе";"1383347";"—"
"1217";"6";"Электронное";"274000";"88 85 91";"10000";"Участвует в конкурсе";"1910473";"—"
"1218";"7";"—";"274000";"88 85 91";"10000";"Участвует в конкурсе";"2230701";"—"
"1219";"18";"—";"274000";"88 85 91";"10000";"Участвует в конкурсе";"1993203";"—"
"1220";"1";"—";"274000";"88 85 91";"10000";"Участвует в конкурсе";"1302901";"—"
"1221";"4";"—";"274000";"88 85 91";"10000";"Участвует в конкурсе";"2312176";"—"
"1222";"5";"—";"274000";"84 80 100";"10000";"Участвует в конкурсе";"2312899";"—"
"1223";"5";"—";"274000";"82 93 89";"10000";"Участвует в конкурсе";"1486794";"—"
"1224";"2";"—";"274000";"82 93 89";"10000";"Участвует в конкурсе";"1482103";"—"
"1225";"5";"—";"274000";"82 93 89";"10000";"Участвует в конкурсе";"2311658";"—"
"1226";"2";"—";"274000";"82 88 94";"10000";"Участвует в конкурсе";"1010812";"—"
"1227";"1";"—";"274000";"82 85 97";"10000";"Участвует в конкурсе";"1179325";"—"
"1228";"21";"Электронное";"274000";"80 95 89";"10000";"Участвует в конкурсе";"2225351";"—"
"1229";"3";"—";"274000";"80 90 94";"10000";"Участвует в конкурсе";"1056358";"—"
"1231";"2";"—";"274000";"80 90 94";"10000";"Участвует в конкурсе";"1987423";"—"
"1232";"13";"—";"273000";"100 100 73";"—";"Участвует в конкурсе";"1442961";"—"
"1233";"14";"—";"273000";"99 93 81";"—";"Участвует в конкурсе";"2240420";"—"
"1234";"4";"—";"273000";"99 88 86";"—";"Участвует в конкурсе";"2380391";"—"
"1235";"1";"—";"273000";"96 88 89";"—";"Участвует в конкурсе";"1339988";"—"
"1236";"1";"Электронное";"273000";"94 93 86";"—";"Участвует в конкурсе";"1363875";"—"
"1237";"2";"—";"273000";"94 93 86";"—";"Участвует в конкурсе";"1654057";"—"
"1238";"2";"—";"273000";"94 88 91";"—";"Участвует в конкурсе";"1518237";"—"
"1239";"1";"—";"273000";"94 88 91";"—";"Участвует в конкурсе";"1721709";"—"
"1240";"4";"—";"273000";"92 95 86";"—";"Участвует в конкурсе";"1082593";"—"
"1241";"1";"—";"273000";"92 95 86";"—";"Участвует в конкурсе";"2094336";"—"
"1242";"11";"—";"273000";"92 90 91";"—";"Участвует в конкурсе";"1632848";"—"
"1243";"1";"—";"273000";"92 90 91";"—";"Участвует в конкурсе";"1650221";"—"
"1244";"2";"—";"273000";"86 93 94";"—";"Участвует в конкурсе";"1213434";"—"
"1245";"17";"—";"273000";"84 98 91";"—";"Участвует в конкурсе";"1557669";"—"
"1246";"22";"—";"273000";"84 95 94";"—";"Участвует в конкурсе";"2313837";"—"
"1248";"2";"—";"273000";"92 88 91";"2000";"Участвует в конкурсе";"1786326";"—"
"1249";"1";"Электронное";"273000";"94 98 78";"3000";"Участвует в конкурсе";"1260098";"—"
"1250";"2";"—";"273000";"94 85 91";"3000";"Участвует в конкурсе";"2217491";"—"
"1251";"20";"—";"273000";"92 95 83";"3000";"Участвует в конкурсе";"1974832";"—"
"1252";"24";"—";"273000";"90 83 97";"3000";"Участвует в конкурсе";"1916566";"—"
"1253";"17";"—";"273000";"90 80 100";"3000";"Участвует в конкурсе";"1354965";"—"
"1254";"8";"—";"273000";"88 93 89";"3000";"Участвует в конкурсе";"1853089";"—"
"1255";"8";"Электронное";"273000";"88 88 94";"3000";"Участвует в конкурсе";"1191337";"—"
"1256";"1";"—";"273000";"86 95 89";"3000";"Участвует в конкурсе";"1519044";"—"
"1258";"1";"—";"273000";"100 100 63";"10000";"Участвует в конкурсе";"1649206";"—"
"1259";"2";"—";"273000";"100 85 78";"10000";"Участвует в конкурсе";"2096822";"—"
"1260";"9";"—";"273000";"100 80 83";"10000";"Участвует в конкурсе";"1051559";"—"
"1261";"1";"—";"273000";"98 98 67";"10000";"Участвует в конкурсе";"2392913";"—"
"1263";"3";"—";"273000";"97 83 83";"10000";"Участвует в конкурсе";"1670093";"—"
"1264";"2";"—";"273000";"96 78 89";"10000";"Участвует в конкурсе";"1730966";"—"
"1265";"15";"—";"273000";"95 95 73";"10000";"Участвует в конкурсе";"1440421";"—"
"1266";"5";"—";"273000";"95 90 78";"10000";"Участвует в конкурсе";"1636458";"—"
"1267";"6";"—";"273000";"95 90 78";"10000";"Участвует в конкурсе";"2254388";"—"
"1268";"24";"—";"273000";"94 88 81";"10000";"Участвует в конкурсе";"1516350";"—"
"1269";"1";"—";"273000";"94 88 81";"10000";"Участвует в конкурсе";"1989213";"—"
"1270";"3";"—";"273000";"94 83 86";"10000";"Участвует в конкурсе";"2084946";"—"
"1272";"5";"—";"273000";"92 90 81";"10000";"Участвует в конкурсе";"1991924";"—"
"1273";"2";"Электронное";"273000";"92 90 81";"10000";"Участвует в конкурсе";"1956961";"—"
"1274";"2";"—";"273000";"92 90 81";"10000";"Участвует в конкурсе";"1264222";"—"
"1275";"7";"Электронное";"273000";"92 90 81";"10000";"Участвует в конкурсе";"2330678";"—"
"1276";"1";"—";"273000";"92 88 83";"10000";"Участвует в конкурсе";"1915936";"—"
"1277";"6";"—";"273000";"92 85 86";"10000";"Участвует в конкурсе";"1256430";"—"
"1278";"3";"—";"273000";"92 85 86";"10000";"Участвует в конкурсе";"1505193";"—"
"1279";"5";"—";"273000";"92 85 86";"10000";"Участвует в конкурсе";"1958763";"—"
"1280";"3";"—";"273000";"92 85 86";"10000";"Участвует в конкурсе";"1931584";"—"
"1281";"10";"—";"273000";"92 85 86";"10000";"Участвует в конкурсе";"2229413";"—"
"1282";"17";"—";"273000";"92 85 86";"10000";"Участвует в конкурсе";"2225358";"—"
"1283";"11";"Электронное";"273000";"92 80 91";"10000";"Участвует в конкурсе";"1719539";"—"
"1285";"13";"—";"273000";"90 100 73";"10000";"Участвует в конкурсе";"2260612";"—"
"1286";"1";"—";"273000";"90 98 75";"10000";"Участвует в конкурсе";"1268276";"—"
"1287";"8";"—";"273000";"90 95 78";"10000";"Участвует в конкурсе";"2318493";"—"
"1288";"6";"—";"273000";"90 90 83";"10000";"Участвует в конкурсе";"1202149";"—"
"1289";"4";"—";"273000";"90 90 83";"10000";"Участвует в конкурсе";"1642913";"—"
"1290";"5";"—";"273000";"90 90 83";"10000";"Участвует в конкурсе";"2250004";"—"
"1291";"2";"—";"273000";"86 88 89";"10000";"Участвует в конкурсе";"1355069";"—"
"1292";"1";"—";"273000";"86 88 89";"10000";"Участвует в конкурсе";"1693057";"—"
"1293";"6";"—";"273000";"86 88 89";"10000";"Участвует в конкурсе";"2259192";"—"
"1294";"1";"—";"273000";"86 88 89";"10000";"Участвует в конкурсе";"2246164";"—"
"1295";"1";"—";"273000";"86 88 89";"10000";"Участвует в конкурсе";"2101452";"—"
"1296";"1";"—";"273000";"86 88 89";"10000";"Участвует в конкурсе";"2002345";"—"
"1297";"21";"—";"273000";"86 83 94";"10000";"Участвует в конкурсе";"1663013";"—"
"1298";"1";"—";"273000";"86 83 94";"10000";"Участвует в конкурсе";"1898797";"—"
"1299";"3";"Электронное";"273000";"86 83 94";"10000";"Участвует в конкурсе";"2061071";"—"
"1300";"3";"—";"273000";"86 80 97";"10000";"Участвует в конкурсе";"1791705";"—"
"1301";"12";"Электронное";"273000";"84 98 81";"10000";"Участвует в конкурсе";"1371985";"—"
"1302";"9";"—";"273000";"84 93 86";"10000";"Участвует в конкурсе";"1252945";"—"
"1304";"2";"Электронное";"273000";"84 90 89";"10000";"Участвует в конкурсе";"1343659";"—"
"1305";"3";"—";"273000";"84 90 89";"10000";"Участвует в конкурсе";"1442849";"—"
"1306";"4";"—";"273000";"84 88 91";"10000";"Участвует в конкурсе";"1517530";"—"
"1307";"1";"—";"273000";"84 88 91";"10000";"Участвует в конкурсе";"1416209";"—"
"1308";"7";"—";"273000";"84 88 91";"10000";"Участвует в конкурсе";"2265455";"—"
"1309";"4";"—";"273000";"84 85 94";"10000";"Участвует в конкурсе";"1211003";"—"
"1310";"17";"—";"273000";"84 85 94";"10000";"Участвует в конкурсе";"2141364";"—"
"1311";"10";"—";"273000";"82 95 86";"10000";"Участвует в конкурсе";"1963421";"—"
"1312";"8";"Электронное";"273000";"82 90 91";"10000";"Участвует в конкурсе";"2004285";"—"
"1313";"1";"—";"273000";"80 83 100";"10000";"Участвует в конкурсе";"2168904";"—"
"1314";"2";"—";"273000";"78 88 97";"10000";"Участвует в конкурсе";"1617478";"—"
"1315";"2";"Электронное";"272000";"98 93 81";"—";"Участвует в конкурсе";"1595128";"—"
"1316";"11";"—";"272000";"98 93 81";"—";"Участвует в конкурсе";"1791564";"—"
"1317";"2";"—";"272000";"96 98 78";"—";"Участвует в конкурсе";"1702271";"—"
"1318";"1";"—";"272000";"96 85 91";"—";"Участвует в конкурсе";"1909052";"—"
"1319";"9";"—";"272000";"96 85 91";"—";"Участвует в конкурсе";"2219482";"—"
"1320";"21";"—";"272000";"88 93 91";"—";"Участвует в конкурсе";"1200067";"—"
"1321";"10";"—";"272000";"88 93 91";"—";"Участвует в конкурсе";"2308371";"—"
"1322";"7";"Электронное";"272000";"88 93 91";"—";"Участвует в конкурсе";"1285270";"—"
"1323";"15";"—";"272000";"80 98 94";"—";"Участвует в конкурсе";"2249256";"—"
"1324";"5";"—";"272000";"88 93 89";"2000";"Участвует в конкурсе";"1974626";"—"
"1325";"8";"—";"272000";"98 93 78";"3000";"Участвует в конкурсе";"1687632";"—"
"1326";"7";"Электронное";"272000";"95 93 81";"3000";"Участвует в конкурсе";"2182995";"—"
"1327";"2";"—";"272000";"92 88 89";"3000";"Участвует в конкурсе";"1423007";"—"
"1328";"5";"—";"272000";"90 88 91";"3000";"Участвует в конкурсе";"1622479";"—"
"1330";"16";"Электронное";"272000";"88 98 83";"3000";"Участвует в конкурсе";"1604006";"—"
"1331";"4";"—";"272000";"88 90 91";"3000";"Участвует в конкурсе";"1475486";"—"
"1332";"3";"—";"272000";"94 90 83";"5000";"Участвует в конкурсе";"1181920";"—"
"1333";"8";"—";"272000";"90 85 89";"8000";"Участвует в конкурсе";"1653594";"—"
"1334";"2";"—";"272000";"90 83 91";"8000";"Участвует в конкурсе";"1396209";"—"
"1335";"2";"—";"272000";"88 75 100";"9000";"Участвует в конкурсе";"1413480";"—"
"1336";"10";"—";"272000";"100 90 72";"10000";"Участвует в конкурсе";"1770426";"—"
"1337";"12";"—";"272000";"99 88 75";"10000";"Участвует в конкурсе";"1554693";"—"
"1338";"1";"—";"272000";"96 93 73";"10000";"Участвует в конкурсе";"2341271";"—"
"1339";"1";"Электронное";"272000";"96 93 73";"10000";"Участвует в конкурсе";"1575146";"—"
"1340";"1";"—";"272000";"96 85 81";"10000";"Участвует в конкурсе";"1277731";"—"
"1342";"1";"—";"272000";"95 78 89";"10000";"Участвует в конкурсе";"2026679";"—"
"1343";"1";"—";"272000";"94 93 75";"10000";"Участвует в конкурсе";"1995170";"—"
"1344";"2";"—";"272000";"94 93 75";"10000";"Участвует в конкурсе";"2228570";"—"
"1345";"2";"—";"272000";"94 90 78";"10000";"Участвует в конкурсе";"1340170";"—"
"1346";"13";"Электронное";"272000";"94 90 78";"10000";"Участвует в конкурсе";"1318073";"—"
"1347";"1";"—";"272000";"92 98 72";"10000";"Участвует в конкурсе";"1202268";"—"
"1348";"1";"—";"272000";"92 98 72";"10000";"Участвует в конкурсе";"2255481";"—"
"1349";"6";"—";"272000";"92 95 75";"10000";"Участвует в конкурсе";"1998899";"—"
"1350";"8";"Электронное";"272000";"90 83 89";"10000";"Участвует в конкурсе";"1197146";"—"
"1351";"5";"—";"272000";"90 83 89";"10000";"Участвует в конкурсе";"1578708";"—"
"1352";"5";"Электронное";"272000";"88 93 81";"10000";"Участвует в конкурсе";"1790888";"—"
"1353";"8";"Электронное";"272000";"88 93 81";"10000";"Участвует в конкурсе";"1517177";"—"
"1354";"9";"—";"272000";"88 93 81";"10000";"Участвует в конкурсе";"2228657";"—"
"1355";"6";"—";"272000";"88 93 81";"10000";"Участвует в конкурсе";"1260536";"—"
"1356";"7";"Электронное";"272000";"88 88 86";"10000";"Участвует в конкурсе";"1392539";"—"
"1357";"7";"—";"272000";"88 88 86";"10000";"Участвует в конкурсе";"1626986";"—"
"1359";"7";"Электронное";"272000";"88 88 86";"10000";"Участвует в конкурсе";"1915560";"—"
"1360";"12";"—";"272000";"88 88 86";"10000";"Участвует в конкурсе";"1615554";"—"
"1361";"7";"—";"272000";"88 88 86";"10000";"Участвует в конкурсе";"2178748";"—"
"1363";"3";"—";"272000";"88 85 89";"10000";"Участвует в конкурсе";"1180361";"—"
"1364";"2";"—";"272000";"88 85 89";"10000";"Участвует в конкурсе";"1648406";"—"
"1365";"2";"—";"272000";"88 85 89";"10000";"Участвует в конкурсе";"1933906";"—"
"1367";"8";"Электронное";"272000";"88 83 91";"10000";"Участвует в конкурсе";"2211869";"—"
"1368";"6";"—";"272000";"88 80 94";"10000";"Участвует в конкурсе";"2228558";"—"
"1369";"1";"—";"272000";"86 95 81";"10000";"Участвует в конкурсе";"2012349";"—"
"1370";"3";"—";"272000";"86 93 83";"10000";"Участвует в конкурсе";"1625069";"—"
"1371";"7";"—";"272000";"86 93 83";"10000";"Участвует в конкурсе";"1956252";"—"
"1372";"8";"—";"272000";"86 93 83";"10000";"Участвует в конкурсе";"2131317";"—"
"1374";"1";"Электронное";"272000";"86 90 86";"10000";"Участвует в конкурсе";"1753430";"—"
"1375";"3";"—";"272000";"86 90 86";"10000";"Участвует в конкурсе";"1357345";"—"
"1376";"9";"—";"272000";"86 90 86";"10000";"Участвует в конкурсе";"2076049";"—"
"1377";"2";"—";"272000";"86 85 91";"10000";"Участвует в конкурсе";"1639351";"—"
"1378";"17";"—";"272000";"86 85 91";"10000";"Участвует в конкурсе";"1710602";"—"
"1379";"2";"—";"272000";"84 95 83";"10000";"Участвует в конкурсе";"1422536";"—"
"1380";"17";"—";"272000";"80 93 89";"10000";"Участвует в конкурсе";"1360112";"—"
"1381";"21";"—";"272000";"80 93 89";"10000";"Участвует в конкурсе";"1610610";"—"
"1382";"10";"—";"272000";"80 93 89";"10000";"Участвует в конкурсе";"2101004";"—"
"1383";"14";"—";"272000";"80 88 94";"10000";"Участвует в конкурсе";"2251060";"—"
"1384";"3";"Электронное";"272000";"78 93 91";"10000";"Участвует в конкурсе";"2067810";"—"
"1385";"21";"—";"272000";"78 93 91";"10000";"Участвует в конкурсе";"2252264";"—"
"1386";"7";"—";"272000";"76 88 98";"10000";"Участвует в конкурсе";"1930031";"—"
"1387";"1";"—";"272000";"72 90 100";"10000";"Участвует в конкурсе";"1958843";"—"
"1388";"8";"—";"271000";"100 80 91";"—";"Участвует в конкурсе";"1026107";"—"
"1389";"3";"—";"271000";"97 93 81";"—";"Участвует в конкурсе";"1985212";"—"
"1390";"1";"—";"271000";"97 80 94";"—";"Участвует в конкурсе";"1785289";"—"
"1392";"2";"—";"271000";"95 90 86";"—";"Участвует в конкурсе";"1153094";"—"
"1393";"3";"—";"271000";"95 90 86";"—";"Участвует в конкурсе";"1613372";"—"
"1394";"2";"—";"271000";"95 85 91";"—";"Участвует в конкурсе";"1506831";"—"
"1396";"1";"—";"271000";"92 98 81";"—";"Участвует в конкурсе";"2180020";"—"
"1397";"20";"Электронное";"271000";"92 85 94";"—";"Участвует в конкурсе";"2172055";"—"
"1398";"1";"Электронное";"271000";"90 90 91";"—";"Участвует в конкурсе";"1730551";"—"
"1399";"17";"—";"271000";"84 90 97";"—";"Участвует в конкурсе";"2340110";"—"
"1400";"3";"—";"271000";"98 85 86";"2000";"Участвует в конкурсе";"2370518";"—"
"1401";"2";"—";"271000";"90 90 89";"2000";"Участвует в конкурсе";"2315271";"—"
"1402";"8";"—";"271000";"80 98 91";"2000";"Участвует в конкурсе";"1425280";"—"
"1403";"3";"—";"271000";"97 88 83";"3000";"Участвует в конкурсе";"1560795";"—"
"1404";"6";"—";"271000";"97 88 83";"3000";"Участвует в конкурсе";"2139879";"—"
"1405";"2";"Электронное";"271000";"94 88 86";"3000";"Участвует в конкурсе";"2254401";"—"
"1406";"17";"—";"271000";"92 95 81";"3000";"Участвует в конкурсе";"1441879";"—"
"1407";"5";"—";"271000";"92 93 83";"3000";"Участвует в конкурсе";"1156056";"—"
"1408";"7";"—";"271000";"92 85 91";"3000";"Участвует в конкурсе";"2140526";"—"
"1409";"6";"—";"271000";"84 90 94";"3000";"Участвует в конкурсе";"1782799";"—"
"1410";"9";"Электронное";"271000";"86 95 86";"4000";"Участвует в конкурсе";"1784329";"—"
"1411";"7";"—";"271000";"100 100 66";"5000";"Участвует в конкурсе";"1621451";"—"
"1412";"2";"—";"271000";"95 90 81";"5000";"Участвует в конкурсе";"2099548";"—"
"1413";"2";"Электронное";"271000";"95 88 83";"5000";"Участвует в конкурсе";"2043083";"—"
"1414";"13";"—";"271000";"94 98 73";"6000";"Участвует в конкурсе";"973960";"—"
"1415";"13";"Электронное";"271000";"84 95 86";"6000";"Участвует в конкурсе";"1584407";"—"
"1416";"1";"—";"271000";"100 83 78";"10000";"Участвует в конкурсе";"1640112";"—"
"1417";"4";"—";"271000";"100 80 81";"10000";"Участвует в конкурсе";"1262125";"—"
"1419";"8";"—";"271000";"100 78 83";"10000";"Участвует в конкурсе";"1585904";"—"
"1420";"1";"—";"271000";"100 70 91";"10000";"Участвует в конкурсе";"2339620";"—"
"1421";"8";"Электронное";"271000";"98 93 70";"10000";"Участвует в конкурсе";"2254642";"—"
"1422";"4";"—";"271000";"98 90 73";"10000";"Участвует в конкурсе";"1849642";"—"
"1423";"6";"—";"271000";"98 85 78";"10000";"Участвует в конкурсе";"1724996";"—"
"1424";"6";"—";"271000";"97 83 81";"10000";"Участвует в конкурсе";"1955575";"—"
"1425";"6";"—";"271000";"95 93 73";"10000";"Участвует в конкурсе";"1912645";"—"
"1426";"2";"—";"271000";"95 88 78";"10000";"Участвует в конкурсе";"1522203";"—"
"1427";"2";"—";"271000";"95 83 83";"10000";"Участвует в конкурсе";"1495495";"—"
"1428";"11";"—";"271000";"95 83 83";"10000";"Участвует в конкурсе";"1851856";"—"
"1429";"2";"—";"271000";"95 83 83";"10000";"Участвует в конкурсе";"960464";"—"
"1430";"4";"—";"271000";"95 80 86";"10000";"Участвует в конкурсе";"1474505";"—"
"1431";"2";"Электронное";"271000";"92 78 91";"10000";"Участвует в конкурсе";"1178784";"—"
"1432";"2";"—";"271000";"92 78 91";"10000";"Участвует в конкурсе";"1215961";"—"
"1433";"2";"—";"271000";"92 78 91";"10000";"Участвует в конкурсе";"2132757";"—"
"1435";"16";"—";"271000";"90 93 78";"10000";"Участвует в конкурсе";"2255761";"—"
"1436";"4";"—";"271000";"90 90 81";"10000";"Участвует в конкурсе";"1636993";"—"
"1437";"17";"Электронное";"271000";"90 88 83";"10000";"Участвует в конкурсе";"1185036";"—"
"1438";"4";"Электронное";"271000";"90 88 83";"10000";"Участвует в конкурсе";"1906811";"—"
"1439";"6";"—";"271000";"90 88 83";"10000";"Участвует в конкурсе";"2184430";"—"
"1440";"10";"—";"271000";"90 88 83";"10000";"Участвует в конкурсе";"1162670";"—"
"1441";"1";"—";"271000";"90 88 83";"10000";"Участвует в конкурсе";"1382914";"—"
"1442";"2";"—";"271000";"88 95 78";"10000";"Участвует в конкурсе";"1431194";"—"
"1443";"7";"Электронное";"271000";"88 95 78";"10000";"Участвует в конкурсе";"1759460";"—"
"1445";"1";"—";"271000";"88 90 83";"10000";"Участвует в конкурсе";"1257640";"—"
"1446";"3";"Электронное";"271000";"88 90 83";"10000";"Участвует в конкурсе";"2217022";"—"
"1447";"2";"Электронное";"271000";"88 90 83";"10000";"Участвует в конкурсе";"1194693";"—"
"1448";"3";"—";"271000";"86 78 97";"10000";"Участвует в конкурсе";"1413115";"—"
"1449";"5";"Электронное";"271000";"84 88 89";"10000";"Участвует в конкурсе";"1424316";"—"
"1450";"21";"—";"271000";"84 88 89";"10000";"Участвует в конкурсе";"2211686";"—"
"1451";"18";"—";"271000";"84 83 94";"10000";"Участвует в конкурсе";"1614728";"—"
"1452";"4";"Электронное";"271000";"82 98 81";"10000";"Участвует в конкурсе";"1521245";"—"
"1453";"2";"—";"271000";"82 98 81";"10000";"Участвует в конкурсе";"2245999";"—"
"1454";"3";"—";"271000";"82 90 89";"10000";"Участвует в конкурсе";"1787711";"—"
"1455";"4";"—";"271000";"82 90 89";"10000";"Участвует в конкурсе";"1644741";"—"
"1456";"2";"Электронное";"271000";"82 88 91";"10000";"Участвует в конкурсе";"1624256";"—"
"1457";"25";"—";"271000";"82 88 91";"10000";"Участвует в конкурсе";"1786790";"—"
"1458";"30";"—";"271000";"82 88 91";"10000";"Участвует в конкурсе";"2135082";"—"
"1459";"1";"—";"271000";"82 88 91";"10000";"Участвует в конкурсе";"2250645";"—"
"1460";"12";"—";"271000";"82 88 91";"10000";"Участвует в конкурсе";"2053841";"—"
"1462";"1";"—";"271000";"80 90 91";"10000";"Участвует в конкурсе";"1715373";"—"
"1463";"3";"—";"270000";"99 88 83";"—";"Участвует в конкурсе";"2055234";"—"
"1464";"2";"—";"270000";"97 90 83";"—";"Участвует в конкурсе";"1094665";"—"
"1466";"7";"—";"270000";"96 85 89";"—";"Участвует в конкурсе";"1725846";"—"
"1467";"5";"—";"270000";"96 83 91";"—";"Участвует в конкурсе";"2095747";"—"
"1468";"1";"—";"270000";"94 90 86";"—";"Участвует в конкурсе";"1717739";"—"
"1469";"4";"—";"270000";"92 100 78";"—";"Участвует в конкурсе";"1203727";"—"
"1470";"9";"—";"270000";"92 95 83";"—";"Участвует в конкурсе";"1236385";"—"
"1471";"7";"Электронное";"270000";"92 95 83";"—";"Участвует в конкурсе";"1858279";"—"
"1472";"27";"—";"270000";"92 95 83";"—";"Участвует в конкурсе";"1981517";"—"
"1473";"1";"Электронное";"270000";"90 90 90";"—";"Участвует в конкурсе";"1692557";"—"
"1474";"3";"—";"270000";"88 88 94";"—";"Участвует в конкурсе";"1626853";"—"
"1475";"1";"—";"270000";"88 85 97";"—";"Участвует в конкурсе";"1347736";"—"
"1476";"1";"—";"270000";"86 95 89";"—";"Участвует в конкурсе";"1854964";"—"
"1477";"2";"—";"270000";"86 93 91";"—";"Участвует в конкурсе";"1437832";"—"
"1478";"2";"—";"270000";"86 90 94";"—";"Участвует в конкурсе";"1388079";"—"
"1479";"1";"—";"270000";"84 100 86";"—";"Участвует в конкурсе";"1205130";"—"
"1480";"5";"—";"270000";"88 98 83";"1000";"Участвует в конкурсе";"1514937";"—"
"1481";"9";"—";"270000";"92 95 81";"2000";"Участвует в конкурсе";"2369029";"—"
"1482";"1";"—";"270000";"96 90 81";"3000";"Участвует в конкурсе";"2414124";"—"
"1483";"7";"—";"270000";"96 88 83";"3000";"Участвует в конкурсе";"1200267";"—"
"1484";"1";"—";"270000";"90 88 89";"3000";"Участвует в конкурсе";"1431689";"—"
"1485";"12";"—";"270000";"86 90 91";"3000";"Участвует в конкурсе";"1644179";"—"
"1486";"1";"—";"270000";"90 90 83";"7000";"Участвует в конкурсе";"1201008";"—"
"1487";"3";"—";"270000";"88 85 89";"8000";"Участвует в конкурсе";"1075515";"—"
"1488";"6";"—";"270000";"86 95 81";"8000";"Участвует в конкурсе";"925201";"—"
"1489";"1";"—";"270000";"100 88 72";"10000";"Участвует в конкурсе";"2271851";"—"
"1490";"2";"Электронное";"270000";"99 88 73";"10000";"Участвует в конкурсе";"2198914";"—"
"1491";"2";"—";"270000";"97 90 73";"10000";"Участвует в конкурсе";"1730696";"—"
"1492";"2";"Электронное";"270000";"94 88 78";"10000";"Участвует в конкурсе";"1909639";"—"
"1493";"5";"—";"270000";"94 88 78";"10000";"Участвует в конкурсе";"2209562";"—"
"1494";"1";"—";"270000";"94 85 81";"10000";"Участвует в конкурсе";"1959609";"—"
"1495";"16";"Электронное";"270000";"94 83 83";"10000";"Участвует в конкурсе";"1518501";"—"
"1496";"2";"—";"270000";"94 83 83";"10000";"Участвует в конкурсе";"1908522";"—"
"1497";"2";"—";"270000";"94 80 86";"10000";"Участвует в конкурсе";"1509325";"—"
"1498";"2";"—";"270000";"92 93 75";"10000";"Участвует в конкурсе";"1639339";"—"
"1499";"3";"—";"270000";"92 90 78";"10000";"Участвует в конкурсе";"2212389";"—"
"1500";"5";"—";"270000";"92 90 78";"10000";"Участвует в конкурсе";"1642536";"—"
"1501";"3";"—";"270000";"92 90 78";"10000";"Участвует в конкурсе";"1716121";"—"
"1502";"7";"—";"270000";"92 90 78";"10000";"Участвует в конкурсе";"2338280";"—"
"1504";"1";"—";"270000";"92 85 83";"10000";"Участвует в конкурсе";"2064255";"—"
"1505";"4";"—";"270000";"92 85 83";"10000";"Участвует в конкурсе";"2242927";"—"
"1506";"1";"—";"270000";"90 100 70";"10000";"Участвует в конкурсе";"1394849";"—"
"1507";"5";"—";"270000";"90 95 75";"10000";"Участвует в конкурсе";"2255720";"—"
"1508";"7";"—";"270000";"90 95 75";"10000";"Участвует в конкурсе";"2268004";"—"
"1509";"4";"Электронное";"270000";"88 90 82";"10000";"Участвует в конкурсе";"2260519";"—"
"1510";"2";"—";"270000";"88 83 89";"10000";"Участвует в конкурсе";"1765552";"—"
"1511";"2";"—";"270000";"88 83 89";"10000";"Участвует в конкурсе";"1850813";"—"
"1512";"1";"—";"270000";"88 83 89";"10000";"Участвует в конкурсе";"2228394";"—"
"1513";"1";"—";"270000";"88 83 89";"10000";"Участвует в конкурсе";"2228443";"—"
"1514";"4";"—";"270000";"88 78 94";"10000";"Участвует в конкурсе";"2036859";"—"
"1516";"3";"—";"270000";"86 93 81";"10000";"Участвует в конкурсе";"1898645";"—"
"1517";"2";"Электронное";"270000";"86 93 81";"10000";"Участвует в конкурсе";"2327291";"—"
"1518";"26";"—";"270000";"86 88 86";"10000";"Участвует в конкурсе";"1578976";"—"
"1519";"2";"—";"270000";"86 85 89";"10000";"Участвует в конкурсе";"1346335";"—"
"1520";"10";"Электронное";"270000";"86 83 91";"10000";"Участвует в конкурсе";"1585307";"—"
"1521";"6";"—";"270000";"86 83 91";"10000";"Участвует в конкурсе";"1617196";"—"
"1522";"6";"—";"270000";"86 83 91";"10000";"Участвует в конкурсе";"1781104";"—"
"1523";"2";"—";"270000";"86 80 94";"10000";"Участвует в конкурсе";"1951329";"—"
"1524";"14";"—";"270000";"84 98 78";"10000";"Участвует в конкурсе";"1787259";"—"
"1525";"1";"—";"270000";"84 95 81";"10000";"Участвует в конкурсе";"1916231";"—"
"1526";"6";"—";"270000";"84 93 83";"10000";"Участвует в конкурсе";"1621642";"—"
"1527";"4";"—";"270000";"84 85 91";"10000";"Участвует в конкурсе";"1854407";"—"
"1528";"3";"Электронное";"270000";"78 93 89";"10000";"Участвует в конкурсе";"1441511";"—"
"1530";"5";"—";"269000";"99 95 75";"—";"Участвует в конкурсе";"1084924";"—"
"1531";"3";"—";"269000";"98 88 83";"—";"Участвует в конкурсе";"1247030";"—"
"1532";"1";"—";"269000";"96 90 83";"—";"Участвует в конкурсе";"1331765";"—"
"1534";"1";"—";"269000";"95 93 81";"—";"Участвует в конкурсе";"1833209";"—"
"1535";"3";"—";"269000";"95 83 91";"—";"Участвует в конкурсе";"2262416";"—"
"1536";"14";"—";"269000";"94 100 75";"—";"Участвует в конкурсе";"2001859";"—"
"1538";"1";"Электронное";"269000";"90 90 89";"—";"Участвует в конкурсе";"1714781";"—"
"1539";"8";"—";"269000";"90 90 89";"—";"Участвует в конкурсе";"1424354";"—"
"1540";"5";"Электронное";"269000";"90 88 91";"—";"Участвует в конкурсе";"1941815";"—"
"1541";"10";"—";"269000";"90 85 94";"—";"Участвует в конкурсе";"2307238";"—"
"1542";"6";"—";"269000";"88 95 86";"—";"Участвует в конкурсе";"2215384";"—"
"1543";"3";"—";"269000";"88 90 91";"—";"Участвует в конкурсе";"2001203";"—"
"1544";"7";"Электронное";"269000";"84 88 97";"—";"Участвует в конкурсе";"1273408";"—"
"1545";"21";"Электронное";"269000";"95 83 89";"2000";"Участвует в конкурсе";"1981536";"—"
"1547";"9";"—";"269000";"95 85 86";"3000";"Участвует в конкурсе";"2296774";"—"
"1548";"13";"—";"269000";"92 88 86";"3000";"Участвует в конкурсе";"2333253";"—"
"1549";"1";"—";"269000";"92 88 86";"3000";"Участвует в конкурсе";"2229893";"—"
"1550";"3";"—";"269000";"92 80 94";"3000";"Участвует в конкурсе";"1302974";"—"
"1551";"17";"—";"269000";"90 95 81";"3000";"Участвует в конкурсе";"2310253";"—"
"1552";"2";"Электронное";"269000";"90 93 83";"3000";"Участвует в конкурсе";"1886951";"—"
"1553";"21";"Электронное";"269000";"90 90 86";"3000";"Участвует в конкурсе";"1779849";"—"
"1554";"5";"—";"269000";"90 85 91";"3000";"Участвует в конкурсе";"1582278";"—"
"1555";"2";"—";"269000";"84 93 89";"3000";"Участвует в конкурсе";"1409106";"—"
"1557";"1";"—";"269000";"88 93 83";"5000";"Участвует в конкурсе";"1257128";"—"
"1558";"8";"—";"269000";"99 85 75";"10000";"Участвует в конкурсе";"2272218";"—"
"1559";"4";"—";"269000";"99 85 75";"10000";"Участвует в конкурсе";"2392425";"—"
"1560";"1";"—";"269000";"98 88 73";"10000";"Участвует в конкурсе";"1878356";"—"
"1561";"1";"Электронное";"269000";"98 88 73";"10000";"Участвует в конкурсе";"2273512";"—"
"1562";"1";"—";"269000";"98 70 91";"10000";"Участвует в конкурсе";"1093500";"—"
"1563";"6";"—";"269000";"97 93 69";"10000";"Участвует в конкурсе";"1336298";"—"
"1564";"12";"Электронное";"269000";"96 93 70";"10000";"Участвует в конкурсе";"2270301";"—"
"1565";"5";"—";"269000";"96 85 78";"10000";"Участвует в конкурсе";"1927909";"—"
"1566";"1";"—";"269000";"96 80 83";"10000";"Участвует в конкурсе";"1571371";"—"
"1567";"4";"Электронное";"269000";"95 78 86";"10000";"Участвует в конкурсе";"1554083";"—"
"1568";"3";"—";"269000";"95 75 89";"10000";"Участвует в конкурсе";"1771696";"—"
"1569";"2";"—";"269000";"94 95 70";"10000";"Участвует в конкурсе";"1290508";"—"
"1570";"8";"—";"269000";"94 93 72";"10000";"Участвует в конкурсе";"1984205";"—"
"1571";"8";"—";"269000";"90 83 86";"10000";"Участвует в конкурсе";"2315090";"—"
"1572";"2";"—";"269000";"90 83 86";"10000";"Участвует в конкурсе";"2340447";"—"
"1573";"2";"—";"269000";"90 80 89";"10000";"Участвует в конкурсе";"1511132";"—"
"1574";"4";"—";"269000";"90 80 89";"10000";"Участвует в конкурсе";"2038863";"—"
"1575";"8";"—";"269000";"90 78 91";"10000";"Участвует в конкурсе";"2134133";"—"
"1576";"1";"—";"269000";"90 75 94";"10000";"Участвует в конкурсе";"2230959";"—"
"1577";"2";"Электронное";"269000";"88 98 73";"10000";"Участвует в конкурсе";"2370685";"—"
"1578";"2";"—";"269000";"88 90 81";"10000";"Участвует в конкурсе";"995180";"—"
"1579";"2";"—";"269000";"88 90 81";"10000";"Участвует в конкурсе";"2049585";"—"
"1580";"6";"—";"269000";"88 90 81";"10000";"Участвует в конкурсе";"2222250";"—"
"1581";"1";"—";"269000";"88 90 81";"10000";"Участвует в конкурсе";"1915973";"—"
"1582";"2";"—";"269000";"88 90 81";"10000";"Участвует в конкурсе";"1343007";"—"
"1583";"7";"—";"269000";"88 88 83";"10000";"Участвует в конкурсе";"1846478";"—"
"1584";"1";"—";"269000";"88 88 83";"10000";"Участвует в конкурсе";"1638481";"—"
"1586";"5";"—";"269000";"88 85 86";"10000";"Участвует в конкурсе";"1600553";"—"
"1587";"2";"—";"269000";"88 85 86";"10000";"Участвует в конкурсе";"1311146";"—"
"1588";"7";"Электронное";"269000";"88 85 86";"10000";"Участвует в конкурсе";"1980708";"—"
"1589";"3";"—";"269000";"88 85 86";"10000";"Участвует в конкурсе";"1600604";"—"
"1590";"7";"Электронное";"269000";"88 85 86";"10000";"Участвует в конкурсе";"2098786";"—"
"1592";"6";"—";"269000";"88 80 91";"10000";"Участвует в конкурсе";"2000090";"—"
"1593";"2";"—";"269000";"86 98 75";"10000";"Участвует в конкурсе";"1948500";"—"
"1594";"22";"—";"269000";"86 90 83";"10000";"Участвует в конкурсе";"1618719";"—"
"1595";"9";"—";"269000";"86 90 83";"10000";"Участвует в конкурсе";"1988797";"—"
"1596";"2";"Электронное";"269000";"86 90 83";"10000";"Участвует в конкурсе";"2265445";"—"
"1597";"5";"—";"269000";"86 88 85";"10000";"Участвует в конкурсе";"2403118";"—"
"1598";"2";"—";"269000";"84 78 97";"10000";"Участвует в конкурсе";"2143098";"—"
"1599";"2";"—";"269000";"82 88 89";"10000";"Участвует в конкурсе";"1300522";"—"
"1600";"1";"Электронное";"269000";"82 83 94";"10000";"Участвует в конкурсе";"1714835";"—"
"1601";"2";"—";"269000";"82 83 94";"10000";"Участвует в конкурсе";"831025";"—"
"1602";"3";"Электронное";"269000";"80 93 86";"10000";"Участвует в конкурсе";"976151";"—"
"1603";"5";"—";"269000";"80 90 89";"10000";"Участвует в конкурсе";"2263754";"—"
"1604";"9";"—";"269000";"80 88 91";"10000";"Участвует в конкурсе";"2115987";"—"
"1605";"10";"—";"269000";"80 85 94";"10000";"Участвует в конкурсе";"1482788";"—"
"1606";"3";"—";"269000";"80 85 94";"10000";"Участвует в конкурсе";"1200440";"—"
"1607";"5";"—";"269000";"78 90 91";"10000";"Участвует в конкурсе";"1797978";"—"
"1608";"15";"Электронное";"269000";"72 98 89";"10000";"Участвует в конкурсе";"1964745";"—"
"1610";"1";"—";"268000";"97 85 86";"—";"Участвует в конкурсе";"1979523";"—"
"1611";"1";"—";"268000";"95 90 83";"—";"Участвует в конкурсе";"1307337";"—"
"1612";"8";"Электронное";"268000";"94 93 81";"—";"Участвует в конкурсе";"2196892";"—"
"1613";"9";"Электронное";"268000";"94 93 81";"—";"Участвует в конкурсе";"1819405";"—"
"1614";"1";"—";"268000";"94 93 81";"—";"Участвует в конкурсе";"2233963";"—"
"1616";"1";"—";"268000";"94 83 91";"—";"Участвует в конкурсе";"1245848";"—"
"1617";"1";"—";"268000";"94 80 94";"—";"Участвует в конкурсе";"1720867";"—"
"1618";"3";"—";"268000";"92 90 86";"—";"Участвует в конкурсе";"2244581";"—"
"1619";"6";"—";"268000";"92 90 86";"—";"Участвует в конкурсе";"2196332";"—"
"1622";"4";"Электронное";"268000";"86 93 89";"—";"Участвует в конкурсе";"1325916";"—"
"1623";"8";"Электронное";"268000";"86 93 89";"—";"Участвует в конкурсе";"2369749";"—"
"1624";"18";"—";"268000";"86 88 94";"—";"Участвует в конкурсе";"2242339";"—"
"1626";"3";"—";"268000";"82 95 91";"—";"Участвует в конкурсе";"2312306";"—"
"1627";"5";"—";"268000";"100 83 83";"2000";"Участвует в конкурсе";"1865047";"—"
"1628";"7";"—";"268000";"95 90 81";"2000";"Участвует в конкурсе";"2176663";"—"
"1629";"8";"—";"268000";"92 83 91";"2000";"Участвует в конкурсе";"1223547";"—"
"1630";"4";"—";"268000";"92 83 91";"2000";"Участвует в конкурсе";"2199091";"—"
"1631";"27";"—";"268000";"84 93 89";"2000";"Участвует в конкурсе";"1845616";"—"
"1632";"2";"—";"268000";"97 90 78";"3000";"Участвует в конкурсе";"1724945";"—"
"1633";"7";"—";"268000";"94 88 83";"3000";"Участвует в конкурсе";"1410760";"—"
"1634";"7";"—";"268000";"92 90 83";"3000";"Участвует в конкурсе";"2261094";"—"
"1635";"1";"—";"268000";"86 93 86";"3000";"Участвует в конкурсе";"1414467";"—"
"1636";"3";"—";"268000";"84 95 86";"3000";"Участвует в конкурсе";"2245046";"—"
"1637";"1";"—";"268000";"90 93 81";"4000";"Участвует в конкурсе";"2253278";"—"
"1638";"2";"—";"268000";"99 83 81";"5000";"Участвует в конкурсе";"1921217";"—"
"1639";"2";"—";"268000";"95 85 83";"5000";"Участвует в конкурсе";"1712625";"—"
"1640";"1";"—";"268000";"82 95 86";"5000";"Участвует в конкурсе";"2224848";"—"
"1641";"5";"—";"268000";"100 88 70";"10000";"Участвует в конкурсе";"1574921";"—"
"1642";"7";"—";"268000";"100 88 70";"10000";"Участвует в конкурсе";"2055403";"—"
"1643";"1";"—";"268000";"100 85 73";"10000";"Участвует в конкурсе";"1591009";"—"
"1644";"6";"Электронное";"268000";"100 80 78";"10000";"Участвует в конкурсе";"1716050";"—"
"1645";"2";"—";"268000";"97 80 81";"10000";"Участвует в конкурсе";"1672540";"—"
"1646";"2";"—";"268000";"97 80 81";"10000";"Участвует в конкурсе";"1787174";"—"
"1647";"1";"—";"268000";"95 88 75";"10000";"Участвует в конкурсе";"1200302";"—"
"1648";"3";"—";"268000";"95 85 78";"10000";"Участвует в конкурсе";"2131118";"—"
"1649";"1";"—";"268000";"95 80 83";"10000";"Участвует в конкурсе";"1649391";"—"
"1650";"2";"Электронное";"268000";"94 95 69";"10000";"Участвует в конкурсе";"2176438";"—"
"1651";"1";"—";"268000";"94 78 86";"10000";"Участвует в конкурсе";"1612154";"—"
"1652";"25";"Электронное";"268000";"94 78 86";"10000";"Участвует в конкурсе";"2259330";"—"
"1653";"7";"—";"268000";"94 78 86";"10000";"Участвует в конкурсе";"2221118";"—"
"1654";"2";"—";"268000";"92 88 78";"10000";"Участвует в конкурсе";"1959048";"—"
"1655";"17";"—";"268000";"92 85 81";"10000";"Участвует в конкурсе";"1116560";"—"
"1656";"6";"—";"268000";"92 85 81";"10000";"Участвует в конкурсе";"1944539";"—"
"1657";"3";"—";"268000";"92 83 83";"10000";"Участвует в конкурсе";"1721525";"—"
"1658";"2";"—";"268000";"92 83 83";"10000";"Участвует в конкурсе";"1283007";"—"
"1659";"11";"—";"268000";"92 83 83";"10000";"Участвует в конкурсе";"2415623";"—"
"1661";"6";"Электронное";"268000";"90 90 78";"10000";"Участвует в конкурсе";"1417152";"—"
"1662";"5";"—";"268000";"90 90 78";"10000";"Участвует в конкурсе";"1367345";"—"
"1663";"4";"—";"268000";"90 90 78";"10000";"Участвует в конкурсе";"1793571";"—"
"1664";"8";"—";"268000";"90 85 83";"10000";"Участвует в конкурсе";"2227380";"—"
"1665";"5";"—";"268000";"88 95 75";"10000";"Участвует в конкурсе";"1239868";"—"
"1666";"13";"—";"268000";"86 83 89";"10000";"Участвует в конкурсе";"1432313";"—"
"1667";"5";"—";"268000";"84 93 81";"10000";"Участвует в конкурсе";"1515119";"—"
"1668";"14";"Электронное";"268000";"84 88 86";"10000";"Участвует в конкурсе";"2259442";"—"
"1669";"11";"—";"268000";"84 88 86";"10000";"Участвует в конкурсе";"2345206";"—"
"1670";"8";"—";"268000";"84 85 89";"10000";"Участвует в конкурсе";"2055050";"—"
"1671";"24";"Электронное";"268000";"84 85 89";"10000";"Участвует в конкурсе";"2231242";"—"
"1672";"8";"—";"268000";"84 85 89";"10000";"Участвует в конкурсе";"2314044";"—"
"1673";"1";"—";"268000";"84 85 89";"10000";"Участвует в конкурсе";"1640177";"—"
"1674";"2";"—";"268000";"84 83 91";"10000";"Участвует в конкурсе";"2051833";"—"
"1675";"6";"—";"268000";"84 80 94";"10000";"Участвует в конкурсе";"2268669";"—"
"1676";"16";"Электронное";"268000";"82 93 83";"10000";"Участвует в конкурсе";"1627708";"—"
"1677";"9";"Электронное";"268000";"82 90 86";"10000";"Участвует в конкурсе";"1500822";"—"
"1678";"9";"Электронное";"268000";"82 85 91";"10000";"Участвует в конкурсе";"1774398";"—"
"1679";"1";"—";"268000";"82 80 96";"10000";"Участвует в конкурсе";"2342929";"—"
"1680";"10";"—";"268000";"80 100 78";"10000";"Участвует в конкурсе";"1312957";"—"
"1681";"3";"—";"268000";"80 95 83";"10000";"Участвует в конкурсе";"2333548";"—"
"1682";"14";"—";"268000";"80 95 83";"10000";"Участвует в конкурсе";"2028980";"—"
"1683";"11";"—";"268000";"78 83 97";"10000";"Участвует в конкурсе";"1646096";"—"
"1685";"3";"—";"267000";"98 78 91";"—";"Участвует в конкурсе";"1568087";"—"
"1686";"1";"—";"267000";"96 98 73";"—";"Участвует в конкурсе";"1215357";"—"
"1687";"5";"—";"267000";"96 93 78";"—";"Участвует в конкурсе";"2102327";"—"
"1688";"3";"—";"267000";"96 90 81";"—";"Участвует в конкурсе";"1638446";"—"
"1689";"2";"—";"267000";"96 90 81";"—";"Участвует в конкурсе";"1309010";"—"
"1691";"2";"—";"267000";"96 90 81";"—";"Участвует в конкурсе";"1992751";"—"
"1692";"5";"—";"267000";"95 100 72";"—";"Участвует в конкурсе";"1579208";"—"
"1694";"9";"—";"267000";"88 90 89";"—";"Участвует в конкурсе";"1887686";"—"
"1695";"2";"—";"267000";"88 90 89";"—";"Участвует в конкурсе";"1987673";"—"
"1696";"6";"—";"267000";"88 90 89";"—";"Участвует в конкурсе";"2343788";"—"
"1697";"2";"—";"267000";"88 88 91";"—";"Участвует в конкурсе";"2362049";"—"
"1698";"9";"—";"267000";"86 95 86";"—";"Участвует в конкурсе";"1717834";"—"
"1700";"2";"—";"267000";"86 90 91";"—";"Участвует в конкурсе";"2228866";"—"
"1701";"22";"Электронное";"267000";"82 85 100";"—";"Участвует в конкурсе";"1641793";"—"
"1702";"1";"—";"267000";"82 85 100";"—";"Участвует в конкурсе";"1648966";"—"
"1703";"2";"—";"267000";"92 95 78";"2000";"Участвует в конкурсе";"1035838";"—"
"1704";"4";"—";"267000";"92 95 78";"2000";"Участвует в конкурсе";"1616213";"—"
"1705";"7";"Электронное";"267000";"96 93 75";"3000";"Участвует в конкурсе";"1582530";"—"
"1706";"1";"—";"267000";"96 85 83";"3000";"Участвует в конкурсе";"1691116";"—"
"1707";"5";"—";"267000";"92 100 72";"3000";"Участвует в конкурсе";"1794815";"—"
"1708";"1";"—";"267000";"90 93 81";"3000";"Участвует в конкурсе";"1782302";"—"
"1709";"1";"—";"267000";"92 85 86";"4000";"Участвует в конкурсе";"1291137";"—"
"1710";"12";"—";"267000";"86 93 83";"5000";"Участвует в конкурсе";"2183192";"—"
"1711";"12";"—";"267000";"86 93 81";"7000";"Участвует в конкурсе";"1603058";"—"
"1712";"6";"—";"267000";"88 93 78";"8000";"Участвует в конкурсе";"1097123";"—"
"1713";"2";"—";"267000";"95 80 83";"9000";"Участвует в конкурсе";"1722331";"—"
"1714";"7";"—";"267000";"88 98 72";"9000";"Участвует в конкурсе";"2336470";"—"
"1715";"1";"—";"267000";"94 72 91";"10000";"Участвует в конкурсе";"2001046";"—"
"1716";"30";"—";"267000";"92 90 75";"10000";"Участвует в конкурсе";"1284951";"—"
"1717";"3";"—";"267000";"90 78 89";"10000";"Участвует в конкурсе";"2336882";"—"
"1718";"1";"—";"267000";"88 100 69";"10000";"Участвует в конкурсе";"2084626";"—"
"1719";"10";"Электронное";"267000";"88 88 81";"10000";"Участвует в конкурсе";"1212994";"—"
"1720";"3";"—";"267000";"88 88 81";"10000";"Участвует в конкурсе";"2050902";"—"
"1721";"4";"Электронное";"267000";"88 83 86";"10000";"Участвует в конкурсе";"1481583";"—"
"1722";"2";"—";"267000";"88 83 86";"10000";"Участвует в конкурсе";"2043554";"—"
"1723";"2";"—";"267000";"88 83 86";"10000";"Участвует в конкурсе";"1916383";"—"
"1724";"1";"—";"267000";"88 80 89";"10000";"Участвует в конкурсе";"1517522";"—"
"1725";"10";"—";"267000";"88 80 89";"10000";"Участвует в конкурсе";"2039565";"—"
"1726";"4";"Электронное";"267000";"86 93 78";"10000";"Участвует в конкурсе";"2080301";"—"
"1727";"9";"—";"267000";"86 93 78";"10000";"Участвует в конкурсе";"2180189";"—"
"1728";"7";"—";"267000";"86 90 81";"10000";"Участвует в конкурсе";"1637109";"—"
"1729";"7";"—";"267000";"86 90 81";"10000";"Участвует в конкурсе";"1176866";"—"
"1731";"2";"—";"267000";"86 90 81";"10000";"Участвует в конкурсе";"2019651";"—"
"1732";"4";"—";"267000";"86 90 81";"10000";"Участвует в конкурсе";"2338051";"—"
"1733";"17";"—";"267000";"86 88 83";"10000";"Участвует в конкурсе";"1988929";"—"
"1734";"3";"—";"267000";"86 88 83";"10000";"Участвует в конкурсе";"1527380";"—"
"1735";"2";"—";"267000";"86 88 83";"10000";"Участвует в конкурсе";"955892";"—"
"1736";"3";"—";"267000";"86 85 86";"10000";"Участвует в конкурсе";"1981414";"—"
"1737";"7";"—";"267000";"86 85 86";"10000";"Участвует в конкурсе";"2181455";"—"
"1738";"2";"—";"267000";"86 80 91";"10000";"Участвует в конкурсе";"1777493";"—"
"1739";"1";"—";"267000";"86 80 91";"10000";"Участвует в конкурсе";"1339372";"—"
"1740";"3";"—";"267000";"86 80 91";"10000";"Участвует в конкурсе";"2410611";"—"
"1741";"18";"—";"267000";"84 98 75";"10000";"Участвует в конкурсе";"1650344";"—"
"1742";"13";"—";"267000";"84 90 83";"10000";"Участвует в конкурсе";"1274394";"—"
"1743";"9";"—";"267000";"82 100 75";"10000";"Участвует в конкурсе";"1289304";"—"
"1744";"1";"—";"267000";"80 88 89";"10000";"Участвует в конкурсе";"1949126";"—"
"1745";"5";"—";"267000";"80 83 94";"10000";"Участвует в конкурсе";"1844529";"—"
"1746";"10";"—";"267000";"80 83 94";"10000";"Участвует в конкурсе";"1282333";"—"
"1747";"1";"—";"267000";"80 83 94";"10000";"Участвует в конкурсе";"2268962";"—"
"1748";"14";"—";"267000";"78 85 94";"10000";"Участвует в конкурсе";"1361337";"—"
"1749";"11";"Электронное";"267000";"76 88 93";"10000";"Участвует в конкурсе";"2266869";"—"
"1750";"4";"—";"266000";"100 72 94";"—";"Участвует в конкурсе";"1595685";"—"
"1751";"1";"—";"266000";"97 80 89";"—";"Участвует в конкурсе";"2254599";"—"
"1752";"1";"—";"266000";"95 90 81";"—";"Участвует в конкурсе";"2370929";"—"
"1753";"3";"—";"266000";"95 88 83";"—";"Участвует в конкурсе";"1907635";"—"
"1754";"4";"—";"266000";"95 85 86";"—";"Участвует в конкурсе";"2262760";"—"
"1755";"6";"—";"266000";"95 80 91";"—";"Участвует в конкурсе";"1650879";"—"
"1756";"1";"Электронное";"266000";"95 80 91";"—";"Участвует в конкурсе";"1753966";"—"
"1757";"3";"—";"266000";"94 83 89";"—";"Участвует в конкурсе";"1194880";"—"
"1759";"15";"—";"266000";"92 93 81";"—";"Участвует в конкурсе";"2249367";"—"
"1760";"3";"—";"266000";"92 93 81";"—";"Участвует в конкурсе";"1798837";"—"
"1761";"1";"—";"266000";"92 88 86";"—";"Участвует в конкурсе";"2093722";"—"
"1762";"1";"—";"266000";"92 88 86";"—";"Участвует в конкурсе";"1174823";"—"
"1763";"6";"—";"266000";"92 85 89";"—";"Участвует в конкурсе";"1610167";"—"
"1764";"3";"—";"266000";"92 85 89";"—";"Участвует в конкурсе";"1825690";"—"
"1765";"3";"—";"266000";"90 93 83";"—";"Участвует в конкурсе";"1204467";"—"
"1766";"3";"—";"266000";"90 90 86";"—";"Участвует в конкурсе";"1289248";"—"
"1767";"2";"—";"266000";"90 90 86";"—";"Участвует в конкурсе";"954810";"—"
"1768";"6";"Электронное";"266000";"90 85 91";"—";"Участвует в конкурсе";"1516242";"—"
"1769";"12";"Электронное";"266000";"88 100 78";"—";"Участвует в конкурсе";"2255001";"—"
"1771";"8";"—";"266000";"88 95 83";"—";"Участвует в конкурсе";"2093794";"—"
"1772";"2";"—";"266000";"84 88 94";"—";"Участвует в конкурсе";"831453";"—"
"1773";"1";"—";"266000";"84 85 97";"—";"Участвует в конкурсе";"2253490";"—"
"1775";"7";"—";"266000";"80 100 86";"—";"Участвует в конкурсе";"1916586";"—"
"1776";"6";"Электронное";"266000";"80 95 91";"—";"Участвует в конкурсе";"1581493";"—"
"1777";"2";"Электронное";"266000";"88 93 83";"2000";"Участвует в конкурсе";"1174896";"—"
"1778";"2";"—";"266000";"88 85 91";"2000";"Участвует в конкурсе";"2269713";"—"
"1779";"2";"—";"266000";"98 93 72";"3000";"Участвует в конкурсе";"1353978";"—"
"1780";"3";"—";"266000";"95 93 75";"3000";"Участвует в конкурсе";"2252536";"—"
"1781";"8";"—";"266000";"94 88 81";"3000";"Участвует в конкурсе";"1638409";"—"
"1782";"6";"Электронное";"266000";"94 83 86";"3000";"Участвует в конкурсе";"1002362";"—"
"1783";"1";"—";"266000";"92 90 81";"3000";"Участвует в конкурсе";"1613725";"—"
"1784";"1";"Электронное";"266000";"92 90 81";"3000";"Участвует в конкурсе";"2043413";"—"
"1785";"1";"—";"266000";"92 88 83";"3000";"Участвует в конкурсе";"1504826";"—"
"1786";"12";"—";"266000";"90 90 83";"3000";"Участвует в конкурсе";"1647787";"—"
"1787";"5";"—";"266000";"90 90 83";"3000";"Участвует в конкурсе";"1839812";"—"
"1788";"4";"—";"266000";"86 88 89";"3000";"Участвует в конкурсе";"1242355";"—"
"1789";"2";"—";"266000";"86 88 89";"3000";"Участвует в конкурсе";"1906914";"—"
"1790";"3";"—";"266000";"86 88 89";"3000";"Участвует в конкурсе";"1098622";"—"
"1791";"3";"—";"266000";"84 93 86";"3000";"Участвует в конкурсе";"2214189";"—"
"1792";"12";"Электронное";"266000";"82 90 91";"3000";"Участвует в конкурсе";"1799354";"—"
"1793";"3";"Электронное";"266000";"96 93 72";"5000";"Участвует в конкурсе";"2221626";"—"
"1794";"3";"—";"266000";"94 78 89";"5000";"Участвует в конкурсе";"1828164";"—"
"1795";"4";"—";"266000";"88 95 78";"5000";"Участвует в конкурсе";"1855791";"—"
"1796";"1";"—";"266000";"100 75 81";"10000";"Участвует в конкурсе";"1874731";"—"
"1797";"2";"—";"266000";"97 78 81";"10000";"Участвует в конкурсе";"2157969";"—"
"1798";"14";"—";"266000";"95 83 78";"10000";"Участвует в конкурсе";"1790806";"—"
"1799";"6";"—";"266000";"95 80 81";"10000";"Участвует в конкурсе";"1790196";"—"
"1800";"1";"—";"266000";"95 80 81";"10000";"Участвует в конкурсе";"2220699";"—"
"1801";"4";"—";"266000";"95 72 89";"10000";"Участвует в конкурсе";"1259537";"—"
"1802";"11";"—";"266000";"92 95 69";"10000";"Участвует в конкурсе";"2343231";"—"
"1803";"15";"—";"266000";"92 83 81";"10000";"Участвует в конкурсе";"2241659";"—"
"1806";"3";"—";"266000";"90 100 66";"10000";"Участвует в конкурсе";"1271286";"—"
"1807";"6";"—";"266000";"90 93 73";"10000";"Участвует в конкурсе";"1180243";"—"
"1808";"6";"—";"266000";"90 85 81";"10000";"Участвует в конкурсе";"1539359";"—"
"1809";"2";"—";"266000";"90 85 81";"10000";"Участвует в конкурсе";"1979657";"—"
"1810";"4";"—";"266000";"90 83 83";"10000";"Участвует в конкурсе";"2259031";"—"
"1812";"1";"—";"266000";"88 98 70";"10000";"Участвует в конкурсе";"1185087";"—"
"1813";"11";"—";"266000";"88 85 83";"10000";"Участвует в конкурсе";"1354526";"—"
"1815";"1";"—";"266000";"88 85 83";"10000";"Участвует в конкурсе";"1638104";"—"
"1816";"10";"—";"266000";"84 100 72";"10000";"Участвует в конкурсе";"1717207";"—"
"1817";"4";"—";"266000";"84 83 89";"10000";"Участвует в конкурсе";"1673039";"—"
"1818";"23";"—";"266000";"82 93 81";"10000";"Участвует в конкурсе";"2130385";"—"
"1819";"1";"—";"266000";"82 93 81";"10000";"Участвует в конкурсе";"1494602";"—"
"1820";"1";"Электронное";"266000";"82 88 86";"10000";"Участвует в конкурсе";"977105";"—"
"1821";"5";"Электронное";"266000";"82 88 86";"10000";"Участвует в конкурсе";"1729367";"—"
"1822";"13";"Электронное";"266000";"82 88 86";"10000";"Участвует в конкурсе";"1628106";"—"
"1823";"4";"Электронное";"266000";"82 88 86";"10000";"Участвует в конкурсе";"1360084";"—"
"1824";"11";"Электронное";"266000";"82 88 86";"10000";"Участвует в конкурсе";"1353624";"—"
"1825";"9";"Электронное";"266000";"82 88 86";"10000";"Участвует в конкурсе";"1472828";"—"
"1826";"14";"—";"266000";"82 85 89";"10000";"Участвует в конкурсе";"2050195";"—"
"1827";"5";"—";"266000";"82 85 89";"10000";"Участвует в конкурсе";"1849581";"—"
"1828";"10";"—";"266000";"82 85 89";"10000";"Участвует в конкурсе";"2416465";"—"
"1829";"7";"Электронное";"266000";"82 83 91";"10000";"Участвует в конкурсе";"1907619";"—"
"1830";"2";"Электронное";"266000";"82 80 94";"10000";"Участвует в конкурсе";"1626790";"—"
"1831";"2";"—";"266000";"80 93 83";"10000";"Участвует в конкурсе";"2206388";"—"
"1832";"13";"—";"266000";"80 90 86";"10000";"Участвует в конкурсе";"1768964";"—"
"1834";"2";"—";"266000";"80 85 91";"10000";"Участвует в конкурсе";"1903586";"—"
"1835";"2";"—";"266000";"80 85 91";"10000";"Участвует в конкурсе";"2213353";"—"
"1836";"3";"—";"266000";"74 85 97";"10000";"Участвует в конкурсе";"1290929";"—"
"1837";"1";"—";"265000";"97 90 78";"—";"Участвует в конкурсе";"1215337";"—"
"1838";"3";"—";"265000";"96 88 81";"—";"Участвует в конкурсе";"1433480";"—"
"1839";"2";"—";"265000";"96 83 86";"—";"Участвует в конкурсе";"1991624";"—"
"1840";"16";"Электронное";"265000";"94 80 91";"—";"Участвует в конкурсе";"1627450";"—"
"1841";"9";"Электронное";"265000";"92 98 75";"—";"Участвует в конкурсе";"1584080";"—"
"1842";"9";"—";"265000";"92 95 78";"—";"Участвует в конкурсе";"1573915";"—"
"1843";"11";"Электронное";"265000";"92 90 83";"—";"Участвует в конкурсе";"1757100";"—"
"1844";"1";"—";"265000";"92 90 83";"—";"Участвует в конкурсе";"1722484";"—"
"1845";"3";"—";"265000";"88 88 89";"—";"Участвует в конкурсе";"1651678";"—"
"1846";"6";"Электронное";"265000";"86 98 81";"—";"Участвует в конкурсе";"1698251";"—"
"1847";"6";"Электронное";"265000";"86 93 86";"—";"Участвует в конкурсе";"1182623";"—"
"1848";"11";"Электронное";"265000";"86 93 86";"—";"Участвует в конкурсе";"1611206";"—"
"1849";"6";"—";"265000";"86 90 89";"—";"Участвует в конкурсе";"1628117";"—"
"1851";"12";"Электронное";"265000";"86 85 94";"—";"Участвует в конкурсе";"2001224";"—"
"1852";"12";"Электронное";"265000";"84 100 81";"—";"Участвует в конкурсе";"2333850";"—"
"1853";"2";"—";"265000";"84 98 83";"—";"Участвует в конкурсе";"975215";"—"
"1854";"2";"—";"265000";"84 95 86";"—";"Участвует в конкурсе";"1843449";"—"
"1856";"3";"—";"265000";"88 78 97";"2000";"Участвует в конкурсе";"1444679";"—"
"1857";"3";"—";"265000";"84 85 94";"2000";"Участвует в конкурсе";"1843666";"—"
"1858";"10";"—";"265000";"100 93 69";"3000";"Участвует в конкурсе";"2364946";"—"
"1859";"7";"—";"265000";"95 78 89";"3000";"Участвует в конкурсе";"1350730";"—"
"1860";"3";"—";"265000";"94 85 83";"3000";"Участвует в конкурсе";"1620290";"—"
"1862";"10";"—";"265000";"86 93 83";"3000";"Участвует в конкурсе";"1795861";"—"
"1863";"3";"Электронное";"265000";"80 85 97";"3000";"Участвует в конкурсе";"1289690";"—"
"1864";"3";"—";"265000";"95 93 72";"5000";"Участвует в конкурсе";"2179607";"—"
"1865";"8";"—";"265000";"92 83 83";"7000";"Участвует в конкурсе";"2230957";"—"
"1866";"2";"—";"265000";"95 93 69";"8000";"Участвует в конкурсе";"1818090";"—"
"1867";"3";"Электронное";"265000";"90 78 89";"8000";"Участвует в конкурсе";"1617762";"—"
"1868";"2";"Электронное";"265000";"100 83 72";"10000";"Участвует в конкурсе";"1916150";"—"
"1869";"2";"—";"265000";"100 72 83";"10000";"Участвует в конкурсе";"1058034";"—"
"1870";"2";"—";"265000";"100 72 83";"10000";"Участвует в конкурсе";"1347940";"—"
"1871";"5";"—";"265000";"96 78 81";"10000";"Участвует в конкурсе";"1506684";"—"
"1872";"1";"—";"265000";"96 78 81";"10000";"Участвует в конкурсе";"1367119";"—"
"1873";"5";"—";"265000";"95 93 67";"10000";"Участвует в конкурсе";"950840";"—"
"1874";"4";"—";"265000";"95 85 75";"10000";"Участвует в конкурсе";"1268355";"—"
"1875";"6";"—";"265000";"94 88 73";"10000";"Участвует в конкурсе";"1307760";"—"
"1876";"5";"Электронное";"265000";"94 83 78";"10000";"Участвует в конкурсе";"1213224";"—"
"1877";"4";"—";"265000";"94 83 78";"10000";"Участвует в конкурсе";"1988525";"—"
"1878";"1";"—";"265000";"94 72 89";"10000";"Участвует в конкурсе";"2140731";"—"
"1879";"13";"—";"265000";"94 72 89";"10000";"Участвует в конкурсе";"1617668";"—"
"1880";"1";"—";"265000";"94 67 94";"10000";"Участвует в конкурсе";"956576";"—"
"1881";"5";"—";"265000";"94 67 94";"10000";"Участвует в конкурсе";"1414764";"—"
"1882";"1";"—";"265000";"92 90 73";"10000";"Участвует в конкурсе";"1716208";"—"
"1883";"2";"—";"265000";"92 88 75";"10000";"Участвует в конкурсе";"1986313";"—"
"1884";"11";"—";"265000";"92 88 75";"10000";"Участвует в конкурсе";"1282844";"—"
"1885";"7";"—";"265000";"92 85 78";"10000";"Участвует в конкурсе";"2294059";"—"
"1886";"1";"—";"265000";"92 85 78";"10000";"Участвует в конкурсе";"2093577";"—"
"1888";"7";"—";"265000";"86 88 81";"10000";"Участвует в конкурсе";"1963857";"—"
"1889";"12";"Электронное";"265000";"86 88 81";"10000";"Участвует в конкурсе";"1985895";"—"
"1890";"2";"—";"265000";"86 88 81";"10000";"Участвует в конкурсе";"1725125";"—"
"1891";"5";"Электронное";"265000";"86 83 86";"10000";"Участвует в конкурсе";"1653287";"—"
"1892";"6";"Электронное";"265000";"86 83 86";"10000";"Участвует в конкурсе";"1916329";"—"
"1893";"1";"—";"265000";"86 83 86";"10000";"Участвует в конкурсе";"1685539";"—"
"1895";"2";"—";"265000";"86 78 91";"10000";"Участвует в конкурсе";"1190930";"—"
"1896";"6";"—";"265000";"84 93 78";"10000";"Участвует в конкурсе";"2100404";"—"
"1897";"2";"—";"265000";"84 93 78";"10000";"Участвует в конкурсе";"2102660";"—"
"1898";"1";"Электронное";"265000";"84 90 81";"10000";"Участвует в конкурсе";"1180207";"—"
"1899";"5";"—";"265000";"84 90 81";"10000";"Участвует в конкурсе";"1956593";"—"
"1901";"6";"Электронное";"265000";"84 88 83";"10000";"Участвует в конкурсе";"2001215";"—"
"1903";"7";"—";"265000";"84 88 83";"10000";"Участвует в конкурсе";"1602832";"—"
"1904";"8";"—";"265000";"84 88 83";"10000";"Участвует в конкурсе";"2265096";"—"
"1905";"5";"—";"265000";"84 85 86";"10000";"Участвует в конкурсе";"1281392";"—"
"1906";"9";"—";"265000";"84 85 86";"10000";"Участвует в конкурсе";"2175842";"—"
"1907";"7";"—";"265000";"84 80 91";"10000";"Участвует в конкурсе";"1787332";"—"
"1908";"9";"Электронное";"265000";"78 88 89";"10000";"Участвует в конкурсе";"1362802";"—"
"1909";"1";"—";"264000";"96 95 73";"—";"Участвует в конкурсе";"2383175";"—"
"1910";"7";"—";"264000";"96 90 78";"—";"Участвует в конкурсе";"1317735";"—"
"1911";"4";"—";"264000";"92 83 89";"—";"Участвует в конкурсе";"1266382";"—"
"1912";"1";"—";"264000";"92 83 89";"—";"Участвует в конкурсе";"1312515";"—"
"1913";"5";"Электронное";"264000";"92 83 89";"—";"Участвует в конкурсе";"1358839";"—"
"1914";"8";"—";"264000";"92 83 89";"—";"Участвует в конкурсе";"1352729";"—"
"1915";"5";"—";"264000";"90 85 89";"—";"Участвует в конкурсе";"1898391";"—"
"1916";"24";"—";"264000";"88 93 83";"—";"Участвует в конкурсе";"2425742";"—"
"1917";"24";"—";"264000";"88 90 86";"—";"Участвует в конкурсе";"1192974";"—"
"1918";"11";"—";"264000";"88 85 91";"—";"Участвует в конкурсе";"1622031";"—"
"1919";"3";"—";"264000";"86 95 83";"—";"Участвует в конкурсе";"1555830";"—"
"1920";"8";"—";"264000";"84 80 100";"—";"Участвует в конкурсе";"1761434";"—"
"1923";"21";"—";"264000";"86 98 78";"2000";"Участвует в конкурсе";"1698792";"—"
"1924";"3";"—";"264000";"90 85 86";"3000";"Участвует в конкурсе";"1647955";"—"
"1925";"7";"—";"264000";"90 80 91";"3000";"Участвует в конкурсе";"1042667";"—"
"1926";"2";"—";"264000";"88 90 83";"3000";"Участвует в конкурсе";"1344407";"—"
"1927";"12";"Электронное";"264000";"82 93 86";"3000";"Участвует в конкурсе";"1619733";"—"
"1928";"12";"—";"264000";"88 88 83";"5000";"Участвует в конкурсе";"1574438";"—"
"1929";"1";"—";"264000";"92 85 81";"6000";"Участвует в конкурсе";"1630838";"—"
"1931";"8";"—";"264000";"96 85 75";"8000";"Участвует в конкурсе";"1203795";"—"
"1932";"1";"—";"264000";"84 100 72";"8000";"Участвует в конкурсе";"1346539";"—"
"1933";"2";"—";"264000";"95 78 81";"10000";"Участвует в конкурсе";"1286034";"—"
"1934";"10";"—";"264000";"92 90 72";"10000";"Участвует в конкурсе";"1573914";"—"
"1935";"1";"—";"264000";"90 95 69";"10000";"Участвует в конкурсе";"1584423";"—"
"1936";"2";"—";"264000";"90 83 81";"10000";"Участвует в конкурсе";"1276818";"—"
"1937";"1";"—";"264000";"90 83 81";"10000";"Участвует в конкурсе";"965261";"—"
"1938";"4";"—";"264000";"90 75 89";"10000";"Участвует в конкурсе";"1682898";"—"
"1939";"6";"—";"264000";"88 93 73";"10000";"Участвует в конкурсе";"1366855";"—"
"1940";"18";"Электронное";"264000";"88 88 78";"10000";"Участвует в конкурсе";"1436225";"—"
"1941";"8";"Электронное";"264000";"88 85 81";"10000";"Участвует в конкурсе";"1172397";"—"
"1942";"4";"—";"264000";"88 83 83";"10000";"Участвует в конкурсе";"1463353";"—"
"1943";"3";"—";"264000";"88 80 86";"10000";"Участвует в конкурсе";"1439298";"—"
"1944";"9";"—";"264000";"88 80 86";"10000";"Участвует в конкурсе";"1530926";"—"
"1945";"3";"—";"264000";"88 80 86";"10000";"Участвует в конкурсе";"1725909";"—"
"1947";"5";"—";"264000";"86 85 83";"10000";"Участвует в конкурсе";"1512119";"—"
"1948";"2";"Электронное";"264000";"86 85 83";"10000";"Участвует в конкурсе";"1789539";"—"
"1949";"8";"—";"264000";"82 83 89";"10000";"Участвует в конкурсе";"1428365";"—"
"1951";"21";"Электронное";"264000";"80 88 86";"10000";"Участвует в конкурсе";"1650102";"—"
"1952";"8";"—";"264000";"80 88 86";"10000";"Участвует в конкурсе";"1586333";"—"
"1953";"25";"—";"264000";"80 88 86";"10000";"Участвует в конкурсе";"2325670";"—"
"1954";"2";"—";"264000";"80 83 91";"10000";"Участвует в конкурсе";"1610481";"—"
"1955";"9";"—";"264000";"80 83 91";"10000";"Участвует в конкурсе";"1852073";"—"
"1956";"1";"—";"264000";"80 83 91";"10000";"Участвует в конкурсе";"2370503";"—"
"1958";"10";"—";"264000";"78 85 91";"10000";"Участвует в конкурсе";"1175408";"—"
"1959";"3";"—";"264000";"78 85 91";"10000";"Участвует в конкурсе";"1903971";"—"
"1960";"1";"—";"263000";"100 80 83";"—";"Участвует в конкурсе";"1912887";"—"
"1961";"1";"—";"263000";"97 93 73";"—";"Участвует в конкурсе";"1680029";"—"
"1963";"2";"—";"263000";"97 88 78";"—";"Участвует в конкурсе";"2315349";"—"
"1964";"8";"—";"263000";"97 88 78";"—";"Участвует в конкурсе";"2158023";"—"
"1965";"2";"—";"263000";"97 85 81";"—";"Участвует в конкурсе";"1078014";"—"
"1966";"7";"—";"263000";"95 95 73";"—";"Участвует в конкурсе";"1516120";"—"
"1968";"1";"—";"263000";"94 88 81";"—";"Участвует в конкурсе";"1360101";"—"
"1969";"2";"—";"263000";"94 88 81";"—";"Участвует в конкурсе";"2309959";"—"
"1970";"2";"—";"263000";"94 83 86";"—";"Участвует в конкурсе";"2330434";"—"
"1971";"1";"—";"263000";"94 78 91";"—";"Участвует в конкурсе";"1002323";"—"
"1973";"4";"—";"263000";"92 93 78";"—";"Участвует в конкурсе";"1153485";"—"
"1974";"2";"—";"263000";"92 88 83";"—";"Участвует в конкурсе";"1349666";"—"
"1975";"12";"Электронное";"263000";"92 88 83";"—";"Участвует в конкурсе";"1681831";"—"
"1976";"1";"—";"263000";"92 85 86";"—";"Участвует в конкурсе";"1388756";"—"
"1977";"2";"—";"263000";"90 90 83";"—";"Участвует в конкурсе";"1357157";"—"
"1978";"5";"—";"263000";"84 98 81";"—";"Участвует в конкурсе";"1907539";"—"
"1979";"4";"—";"263000";"84 93 86";"—";"Участвует в конкурсе";"1362470";"—"
"1980";"1";"—";"263000";"84 88 91";"—";"Участвует в конкурсе";"1853320";"—"
"1981";"2";"—";"263000";"84 88 91";"—";"Участвует в конкурсе";"2154922";"—"
"1982";"7";"—";"263000";"82 95 86";"—";"Участвует в конкурсе";"1573596";"—"
"1985";"17";"—";"263000";"84 83 94";"2000";"Участвует в конкурсе";"1251594";"—"
"1986";"11";"—";"263000";"99 75 86";"3000";"Участвует в конкурсе";"965916";"—"
"1987";"17";"—";"263000";"97 80 83";"3000";"Участвует в конкурсе";"1817751";"—"
"1988";"2";"—";"263000";"96 83 81";"3000";"Участвует в конкурсе";"1626239";"—"
"1989";"5";"Электронное";"263000";"96 83 81";"3000";"Участвует в конкурсе";"2258308";"—"
"1990";"2";"—";"263000";"95 90 75";"3000";"Участвует в конкурсе";"2244388";"—"
"1991";"7";"—";"263000";"92 93 75";"3000";"Участвует в конкурсе";"2218733";"—"
"1992";"7";"—";"263000";"92 90 78";"3000";"Участвует в конкурсе";"1271115";"—"
"1993";"23";"—";"263000";"88 83 89";"3000";"Участвует в конкурсе";"1192437";"—"
"1994";"23";"Электронное";"263000";"84 90 86";"3000";"Участвует в конкурсе";"1833608";"—"
"1995";"1";"Электронное";"263000";"82 78 100";"3000";"Участвует в конкурсе";"1587338";"—"
"1996";"4";"—";"263000";"80 80 100";"3000";"Участвует в конкурсе";"1192882";"—"
"1997";"5";"—";"263000";"86 78 94";"5000";"Участвует в конкурсе";"2257686";"—"
"1998";"6";"—";"263000";"78 88 91";"6000";"Участвует в конкурсе";"1326301";"—"
"1999";"1";"—";"263000";"90 85 81";"7000";"Участвует в конкурсе";"1994451";"—"
"2000";"9";"—";"263000";"92 88 75";"8000";"Участвует в конкурсе";"1583075";"—"
"2001";"2";"—";"263000";"86 80 89";"8000";"Участвует в конкурсе";"1713076";"—"
"2003";"2";"—";"263000";"100 83 70";"10000";"Участвует в конкурсе";"1404293";"—"
"2004";"21";"—";"263000";"100 75 78";"10000";"Участвует в конкурсе";"2240708";"—"
"2005";"2";"—";"263000";"95 83 75";"10000";"Участвует в конкурсе";"1913528";"—"
"2006";"2";"—";"263000";"95 83 75";"10000";"Участвует в конкурсе";"1985311";"—"
"2007";"13";"—";"263000";"95 80 78";"10000";"Участвует в конкурсе";"2268017";"—"
"2008";"2";"—";"263000";"92 88 73";"10000";"Участвует в конкурсе";"2183027";"—"
"2009";"7";"—";"263000";"92 83 78";"10000";"Участвует в конкурсе";"2172828";"—"
"2010";"2";"Электронное";"263000";"92 78 83";"10000";"Участвует в конкурсе";"2187369";"—"
"2011";"1";"—";"263000";"92 78 83";"10000";"Участвует в конкурсе";"1636112";"—"
"2012";"8";"—";"263000";"90 85 78";"10000";"Участвует в конкурсе";"1262237";"—"
"2013";"17";"—";"263000";"90 85 78";"10000";"Участвует в конкурсе";"1241208";"—"
"2014";"17";"Электронное";"263000";"88 90 75";"10000";"Участвует в конкурсе";"1850669";"—"
"2015";"1";"—";"263000";"88 90 75";"10000";"Участвует в конкурсе";"2057011";"—"
"2016";"2";"Электронное";"263000";"88 78 87";"10000";"Участвует в конкурсе";"1021970";"—"
"2017";"7";"—";"263000";"84 88 81";"10000";"Участвует в конкурсе";"1355547";"—"
"2018";"1";"Электронное";"263000";"84 88 81";"10000";"Участвует в конкурсе";"1878614";"—"
"2019";"17";"Электронное";"263000";"84 88 81";"10000";"Участвует в конкурсе";"1202530";"—"
"2020";"15";"—";"263000";"84 88 81";"10000";"Участвует в конкурсе";"2273883";"—"
"2021";"1";"—";"263000";"84 83 86";"10000";"Участвует в конкурсе";"1245971";"—"
"2022";"4";"—";"263000";"84 80 89";"10000";"Участвует в конкурсе";"2309930";"—"
"2023";"10";"—";"263000";"82 90 81";"10000";"Участвует в конкурсе";"2228044";"—"
"2024";"16";"Электронное";"263000";"82 88 83";"10000";"Участвует в конкурсе";"1133431";"—"
"2025";"1";"—";"263000";"82 85 86";"10000";"Участвует в конкурсе";"1190520";"—"
"2026";"8";"—";"263000";"82 85 86";"10000";"Участвует в конкурсе";"1255326";"—"
"2027";"2";"—";"263000";"82 85 86";"10000";"Участвует в конкурсе";"2229282";"—"
"2028";"10";"—";"263000";"82 80 91";"10000";"Участвует в конкурсе";"2388910";"—"
"2029";"1";"—";"263000";"80 90 83";"10000";"Участвует в конкурсе";"1617184";"—"
"2031";"6";"—";"263000";"76 80 97";"10000";"Участвует в конкурсе";"1283881";"—"
"2032";"4";"—";"263000";"74 85 94";"10000";"Участвует в конкурсе";"2258937";"—"
"2033";"2";"—";"262000";"100 90 72";"—";"Участвует в конкурсе";"1213818";"—"
"2034";"1";"—";"262000";"96 88 78";"—";"Участвует в конкурсе";"1096352";"—"
"2037";"2";"—";"262000";"96 80 86";"—";"Участвует в конкурсе";"1915517";"—"
"2038";"5";"—";"262000";"94 95 73";"—";"Участвует в конкурсе";"2098508";"—"
"2039";"2";"—";"262000";"94 90 78";"—";"Участвует в конкурсе";"1997352";"—"
"2040";"1";"—";"262000";"92 95 75";"—";"Участвует в конкурсе";"1262609";"—"
"2041";"2";"—";"262000";"92 95 75";"—";"Участвует в конкурсе";"2315220";"—"
"2042";"2";"—";"262000";"88 88 86";"—";"Участвует в конкурсе";"1763067";"—"
"2043";"11";"—";"262000";"88 85 89";"—";"Участвует в конкурсе";"1854580";"—"
"2044";"4";"—";"262000";"88 83 91";"—";"Участвует в конкурсе";"1237500";"—"
"2045";"6";"—";"262000";"88 83 91";"—";"Участвует в конкурсе";"2288046";"—"
"2047";"9";"—";"262000";"94 85 81";"2000";"Участвует в конкурсе";"1142579";"—"
"2048";"9";"—";"262000";"86 88 86";"2000";"Участвует в конкурсе";"1353018";"—"
"2049";"6";"Электронное";"262000";"97 90 72";"3000";"Участвует в конкурсе";"1949747";"—"
"2050";"6";"—";"262000";"96 85 78";"3000";"Участвует в конкурсе";"1704788";"—"
"2051";"12";"—";"262000";"95 83 81";"3000";"Участвует в конкурсе";"1848919";"—"
"2052";"3";"—";"262000";"90 88 81";"3000";"Участвует в конкурсе";"1478160";"—"
"2053";"1";"—";"262000";"86 100 73";"3000";"Участвует в конкурсе";"1885834";"—"
"2054";"12";"—";"262000";"82 88 89";"3000";"Участвует в конкурсе";"1960824";"—"
"2055";"16";"Электронное";"262000";"82 80 97";"3000";"Участвует в конкурсе";"1180612";"—"
"2056";"2";"Электронное";"262000";"92 93 72";"5000";"Участвует в конкурсе";"1832018";"—"
"2057";"2";"—";"262000";"92 90 75";"5000";"Участвует в конкурсе";"2246202";"—"
"2058";"1";"—";"262000";"86 88 83";"5000";"Участвует в конкурсе";"2005818";"—"
"2059";"5";"—";"262000";"84 90 83";"5000";"Участвует в конкурсе";"1272922";"—"
"2060";"1";"—";"262000";"80 83 91";"8000";"Участвует в конкурсе";"2245548";"—"
"2061";"1";"—";"262000";"99 72 81";"10000";"Участвует в конкурсе";"2206364";"—"
"2063";"2";"—";"262000";"96 78 78";"10000";"Участвует в конкурсе";"1212405";"—"
"2064";"1";"—";"262000";"94 88 70";"10000";"Участвует в конкурсе";"1777413";"—"
"2065";"4";"Электронное";"262000";"94 67 91";"10000";"Участвует в конкурсе";"1600029";"—"
"2066";"1";"—";"262000";"92 85 75";"10000";"Участвует в конкурсе";"1483440";"—"
"2067";"12";"—";"262000";"92 85 75";"10000";"Участвует в конкурсе";"1652688";"—"
"2068";"13";"—";"262000";"92 85 75";"10000";"Участвует в конкурсе";"1107821";"—"
"2069";"1";"—";"262000";"88 83 81";"10000";"Участвует в конкурсе";"1507276";"—"
"2070";"5";"Электронное";"262000";"88 83 81";"10000";"Участвует в конкурсе";"1997022";"—"
"2071";"5";"—";"262000";"86 93 73";"10000";"Участвует в конкурсе";"2252296";"—"
"2072";"5";"—";"262000";"86 88 78";"10000";"Участвует в конкурсе";"2026969";"—"
"2073";"3";"—";"262000";"86 85 81";"10000";"Участвует в конкурсе";"1982190";"—"
"2074";"21";"—";"262000";"86 85 81";"10000";"Участвует в конкурсе";"1206914";"—"
"2075";"10";"—";"262000";"86 83 83";"10000";"Участвует в конкурсе";"2078487";"—"
"2076";"2";"—";"262000";"86 80 86";"10000";"Участвует в конкурсе";"1955461";"—"
"2077";"6";"Электронное";"262000";"86 80 86";"10000";"Участвует в конкурсе";"1380003";"—"
"2078";"3";"—";"262000";"86 80 86";"10000";"Участвует в конкурсе";"1620762";"—"
"2079";"1";"—";"262000";"86 72 94";"10000";"Участвует в конкурсе";"988651";"—"
"2080";"2";"—";"262000";"84 90 78";"10000";"Участвует в конкурсе";"2251879";"—"
"2081";"12";"Электронное";"262000";"84 85 83";"10000";"Участвует в конкурсе";"1190182";"—"
"2082";"7";"Электронное";"262000";"84 85 83";"10000";"Участвует в конкурсе";"2108905";"—"
"2083";"1";"—";"262000";"84 85 83";"10000";"Участвует в конкурсе";"1616690";"—"
"2084";"19";"—";"262000";"80 83 89";"10000";"Участвует в конкурсе";"1209296";"—"
"2085";"2";"—";"262000";"80 83 89";"10000";"Участвует в конкурсе";"1875495";"—"
"2086";"6";"—";"262000";"80 78 94";"10000";"Участвует в конкурсе";"1846179";"—"
"2087";"6";"—";"262000";"80 78 94";"10000";"Участвует в конкурсе";"2345198";"—"
"2088";"1";"—";"262000";"80 75 97";"10000";"Участвует в конкурсе";"2244477";"—"
"2090";"23";"Электронное";"262000";"78 93 81";"10000";"Участвует в конкурсе";"1619899";"—"
"2091";"12";"—";"262000";"78 88 86";"10000";"Участвует в конкурсе";"1684713";"—"
"2092";"6";"Электронное";"262000";"78 88 86";"10000";"Участвует в конкурсе";"1684735";"—"
"2093";"1";"—";"262000";"78 83 91";"10000";"Участвует в конкурсе";"1960172";"—"
"2094";"3";"—";"262000";"78 83 91";"10000";"Участвует в конкурсе";"2221902";"—"
"2095";"3";"—";"262000";"78 83 91";"10000";"Участвует в конкурсе";"1674598";"—"
"2096";"4";"—";"262000";"76 90 86";"10000";"Участвует в конкурсе";"1779507";"—"
"2097";"2";"—";"262000";"76 90 86";"10000";"Участвует в конкурсе";"2305804";"—"
"2098";"7";"—";"261000";"98 88 75";"—";"Участвует в конкурсе";"2178547";"—"
"2099";"1";"Электронное";"261000";"97 83 81";"—";"Участвует в конкурсе";"1074943";"—"
"2100";"13";"—";"261000";"97 83 81";"—";"Участвует в конкурсе";"1642527";"—"
"2101";"15";"—";"261000";"95 88 78";"—";"Участвует в конкурсе";"1287971";"—"
"2102";"2";"—";"261000";"95 85 81";"—";"Участвует в конкурсе";"2261526";"—"
"2103";"5";"—";"261000";"92 83 86";"—";"Участвует в конкурсе";"1367809";"—"
"2104";"2";"—";"261000";"90 93 78";"—";"Участвует в конкурсе";"2250485";"—"
"2105";"2";"—";"261000";"90 93 78";"—";"Участвует в конкурсе";"1896873";"—"
"2106";"1";"—";"261000";"90 90 81";"—";"Участвует в конкурсе";"1117490";"—"
"2109";"3";"—";"261000";"88 95 78";"—";"Участвует в конкурсе";"1551856";"—"
"2111";"5";"—";"261000";"88 90 83";"—";"Участвует в конкурсе";"1413844";"—"
"2112";"13";"—";"261000";"88 90 83";"—";"Участвует в конкурсе";"1433277";"—"
"2113";"1";"—";"261000";"86 78 97";"—";"Участвует в конкурсе";"2415504";"—"
"2114";"7";"—";"261000";"84 88 89";"—";"Участвует в конкурсе";"1722922";"—"
"2116";"4";"—";"261000";"82 88 91";"—";"Участвует в конкурсе";"1439018";"—"
"2117";"2";"Электронное";"261000";"80 90 91";"—";"Участвует в конкурсе";"2116434";"—"
"2118";"5";"Электронное";"261000";"88 93 78";"2000";"Участвует в конкурсе";"2331204";"—"
"2119";"13";"—";"261000";"88 85 86";"2000";"Участвует в конкурсе";"1942926";"—"
"2120";"2";"—";"261000";"95 90 73";"3000";"Участвует в конкурсе";"1208443";"—"
"2122";"1";"Электронное";"261000";"90 95 73";"3000";"Участвует в конкурсе";"2331136";"—"
"2123";"2";"—";"261000";"86 83 89";"3000";"Участвует в конкурсе";"2391814";"—"
"2124";"1";"—";"261000";"86 78 94";"3000";"Участвует в конкурсе";"1202935";"—"
"2125";"9";"—";"261000";"84 93 81";"3000";"Участвует в конкурсе";"2037583";"—"
"2126";"1";"—";"261000";"82 85 91";"3000";"Участвует в конкурсе";"1355784";"—"
"2127";"12";"—";"261000";"90 88 78";"5000";"Участвует в конкурсе";"2414261";"—"
"2129";"2";"—";"261000";"92 88 75";"6000";"Участвует в конкурсе";"2272054";"—"
"2130";"2";"—";"261000";"100 83 70";"8000";"Участвует в конкурсе";"1955217";"—"
"2131";"7";"—";"261000";"100 62 89";"10000";"Участвует в конкурсе";"1513301";"—"
"2132";"1";"—";"261000";"95 78 78";"10000";"Участвует в конкурсе";"2112737";"—"
"2133";"7";"—";"261000";"88 90 73";"10000";"Участвует в конкурсе";"2312584";"—"
"2134";"8";"—";"261000";"88 90 73";"10000";"Участвует в конкурсе";"1576234";"—"
"2135";"14";"—";"261000";"88 85 78";"10000";"Участвует в конкурсе";"2370537";"—"
"2136";"3";"Электронное";"261000";"88 80 83";"10000";"Участвует в конкурсе";"1409772";"—"
"2137";"4";"—";"261000";"88 80 83";"10000";"Участвует в конкурсе";"1795877";"—"
"2138";"14";"—";"261000";"88 80 83";"10000";"Участвует в конкурсе";"1363123";"—"
"2139";"13";"—";"261000";"88 80 83";"10000";"Участвует в конкурсе";"1857464";"—"
"2140";"7";"—";"261000";"86 95 70";"10000";"Участвует в конкурсе";"2261899";"—"
"2142";"4";"—";"261000";"86 90 75";"10000";"Участвует в конкурсе";"1650539";"—"
"2143";"10";"—";"261000";"84 78 89";"10000";"Участвует в конкурсе";"1954598";"—"
"2144";"6";"—";"261000";"84 70 97";"10000";"Участвует в конкурсе";"1265230";"—"
"2145";"20";"Электронное";"261000";"82 88 81";"10000";"Участвует в конкурсе";"1985095";"—"
"2146";"1";"—";"261000";"82 83 86";"10000";"Участвует в конкурсе";"1795083";"—"
"2147";"8";"—";"261000";"82 83 86";"10000";"Участвует в конкурсе";"2309849";"—"
"2148";"4";"—";"261000";"82 80 89";"10000";"Участвует в конкурсе";"2297289";"—"
"2150";"29";"Электронное";"261000";"80 85 86";"10000";"Участвует в конкурсе";"2251282";"—"
"2151";"1";"—";"261000";"80 80 91";"10000";"Участвует в конкурсе";"2068635";"—"
"2153";"13";"—";"260000";"99 83 78";"—";"Участвует в конкурсе";"1393905";"—"
"2154";"2";"—";"260000";"99 83 78";"—";"Участвует в конкурсе";"2338031";"—"
"2155";"1";"—";"260000";"96 67 97";"—";"Участвует в конкурсе";"1462466";"—"
"2157";"1";"—";"260000";"92 90 78";"—";"Участвует в конкурсе";"1202232";"—"
"2158";"1";"—";"260000";"92 85 83";"—";"Участвует в конкурсе";"1205689";"—"
"2159";"2";"—";"260000";"92 85 83";"—";"Участвует в конкурсе";"1195067";"—"
"2160";"15";"—";"260000";"90 98 72";"—";"Участвует в конкурсе";"2030296";"—"
"2161";"1";"—";"260000";"90 98 72";"—";"Участвует в конкурсе";"2191929";"—"
"2162";"1";"—";"260000";"88 83 89";"—";"Участвует в конкурсе";"2103582";"—"
"2163";"8";"—";"260000";"86 93 81";"—";"Участвует в конкурсе";"1232484";"—"
"2164";"2";"Электронное";"260000";"86 88 86";"—";"Участвует в конкурсе";"2203569";"—"
"2165";"6";"—";"260000";"86 85 89";"—";"Участвует в конкурсе";"1438504";"—"
"2167";"8";"Электронное";"260000";"84 93 83";"—";"Участвует в конкурсе";"2255009";"—"
"2168";"4";"—";"260000";"84 85 91";"—";"Участвует в конкурсе";"1557765";"—"
"2169";"1";"—";"260000";"82 95 83";"—";"Участвует в конкурсе";"2392702";"—"
"2171";"1";"—";"260000";"94 88 75";"3000";"Участвует в конкурсе";"1908324";"—"
"2172";"14";"—";"260000";"90 95 72";"3000";"Участвует в конкурсе";"1445933";"—"
"2173";"10";"Электронное";"260000";"88 88 81";"3000";"Участвует в конкурсе";"1949624";"—"
"2174";"3";"—";"260000";"86 88 83";"3000";"Участвует в конкурсе";"2224851";"—"
"2175";"4";"Электронное";"260000";"84 95 78";"3000";"Участвует в конкурсе";"1680481";"—"
"2176";"7";"—";"260000";"94 72 89";"5000";"Участвует в конкурсе";"2047526";"—"
"2177";"9";"—";"260000";"90 85 78";"7000";"Участвует в конкурсе";"2220561";"—"
"2178";"23";"—";"260000";"100 80 70";"10000";"Участвует в конкурсе";"1235413";"—"
"2179";"4";"—";"260000";"100 78 72";"10000";"Участвует в конкурсе";"1389143";"—"
"2180";"4";"—";"260000";"97 80 73";"10000";"Участвует в конкурсе";"1040014";"—"
"2181";"10";"—";"260000";"95 85 70";"10000";"Участвует в конкурсе";"1680671";"—"
"2182";"2";"Электронное";"260000";"94 78 78";"10000";"Участвует в конкурсе";"1731570";"—"
"2183";"4";"—";"260000";"92 85 73";"10000";"Участвует в конкурсе";"1288725";"—"
"2184";"6";"—";"260000";"92 83 75";"10000";"Участвует в конкурсе";"2228787";"—"
"2185";"13";"—";"260000";"92 80 78";"10000";"Участвует в конкурсе";"1379943";"—"
"2186";"1";"—";"260000";"92 80 78";"10000";"Участвует в конкурсе";"1729061";"—"
"2187";"10";"—";"260000";"86 83 81";"10000";"Участвует в конкурсе";"1424227";"—"
"2188";"6";"—";"260000";"86 83 81";"10000";"Участвует в конкурсе";"1364740";"—"
"2189";"12";"—";"260000";"86 78 86";"10000";"Участвует в конкурсе";"2302478";"—"
"2190";"7";"—";"260000";"86 78 86";"10000";"Участвует в конкурсе";"1700877";"—"
"2191";"22";"—";"260000";"84 88 78";"10000";"Участвует в конкурсе";"1196595";"—"
"2192";"4";"—";"260000";"84 85 81";"10000";"Участвует в конкурсе";"1583761";"—"
"2194";"6";"—";"260000";"84 83 83";"10000";"Участвует в конкурсе";"2213184";"—"
"2196";"11";"—";"260000";"84 80 86";"10000";"Участвует в конкурсе";"1638210";"—"
"2197";"2";"—";"260000";"84 80 86";"10000";"Участвует в конкурсе";"2166145";"—"
"2198";"13";"—";"260000";"84 80 86";"10000";"Участвует в конкурсе";"2188854";"—"
"2199";"6";"—";"260000";"84 75 91";"10000";"Участвует в конкурсе";"1480669";"—"
"2200";"14";"—";"260000";"84 72 94";"10000";"Участвует в конкурсе";"2181546";"—"
"2201";"4";"—";"260000";"82 90 78";"10000";"Участвует в конкурсе";"1915483";"—"
"2203";"1";"—";"260000";"82 85 83";"10000";"Участвует в конкурсе";"2266297";"—"
"2204";"9";"—";"260000";"82 85 83";"10000";"Участвует в конкурсе";"2051461";"—"
"2205";"1";"—";"260000";"78 83 89";"10000";"Участвует в конкурсе";"1489777";"—"
"2206";"12";"—";"260000";"76 93 81";"10000";"Участвует в конкурсе";"1825794";"—"
"2207";"5";"—";"260000";"76 80 94";"10000";"Участвует в конкурсе";"1278034";"—"
"2208";"1";"—";"259000";"97 90 72";"—";"Участвует в конкурсе";"1214448";"—"
"2209";"21";"—";"259000";"96 88 75";"—";"Участвует в конкурсе";"1069308";"—"
"2210";"1";"—";"259000";"96 85 78";"—";"Участвует в конкурсе";"1358516";"—"
"2211";"3";"Электронное";"259000";"94 95 70";"—";"Участвует в конкурсе";"1384544";"—"
"2212";"1";"—";"259000";"94 90 75";"—";"Участвует в конкурсе";"1725053";"—"
"2213";"6";"—";"259000";"92 78 89";"—";"Участвует в конкурсе";"2198741";"—"
"2214";"2";"—";"259000";"92 78 89";"—";"Участвует в конкурсе";"1727689";"—"
"2216";"1";"—";"259000";"90 83 86";"—";"Участвует в конкурсе";"1690637";"—"
"2217";"3";"—";"259000";"90 80 89";"—";"Участвует в конкурсе";"2250555";"—"
"2218";"8";"—";"259000";"88 88 83";"—";"Участвует в конкурсе";"1412493";"—"
"2219";"11";"—";"259000";"88 88 83";"—";"Участвует в конкурсе";"2193818";"—"
"2220";"2";"Электронное";"259000";"88 88 83";"—";"Участвует в конкурсе";"2345531";"—"
"2221";"17";"Электронное";"259000";"88 85 86";"—";"Участвует в конкурсе";"1712514";"—"
"2222";"12";"—";"259000";"88 80 91";"—";"Участвует в конкурсе";"2049221";"—"
"2224";"14";"Электронное";"259000";"82 88 89";"—";"Участвует в конкурсе";"2056464";"—"
"2226";"8";"—";"259000";"80 85 94";"—";"Участвует в конкурсе";"1653414";"—"
"2227";"8";"—";"259000";"78 95 86";"—";"Участвует в конкурсе";"1475965";"—"
"2228";"4";"—";"259000";"76 83 100";"—";"Участвует в конкурсе";"1411767";"—"
"2229";"4";"—";"259000";"97 90 69";"3000";"Участвует в конкурсе";"1214791";"—"
"2230";"3";"—";"259000";"88 93 75";"3000";"Участвует в конкурсе";"1505988";"—"
"2231";"16";"Электронное";"259000";"88 85 83";"3000";"Участвует в конкурсе";"1620720";"—"
"2232";"7";"—";"259000";"88 85 83";"3000";"Участвует в конкурсе";"1687492";"—"
"2233";"5";"—";"259000";"82 83 91";"3000";"Участвует в конкурсе";"2202502";"—"
"2234";"1";"—";"259000";"88 75 91";"5000";"Участвует в конкурсе";"1615655";"—"
"2235";"5";"—";"259000";"78 90 86";"5000";"Участвует в конкурсе";"2310454";"—"
"2236";"2";"—";"259000";"92 83 78";"6000";"Участвует в конкурсе";"1492342";"—"
"2237";"4";"—";"259000";"80 88 83";"8000";"Участвует в конкурсе";"2270549";"—"
"2238";"1";"—";"259000";"100 85 64";"10000";"Участвует в конкурсе";"1555031";"—"
"2239";"2";"—";"259000";"99 83 67";"10000";"Участвует в конкурсе";"2053687";"—"
"2240";"11";"—";"259000";"92 88 69";"10000";"Участвует в конкурсе";"2001761";"—"
"2241";"3";"Электронное";"259000";"88 88 73";"10000";"Участвует в конкурсе";"2256562";"—"
"2242";"12";"—";"259000";"88 83 78";"10000";"Участвует в конкурсе";"2127623";"—"
"2243";"2";"—";"259000";"88 83 78";"10000";"Участвует в конкурсе";"1273250";"—"
"2244";"5";"—";"259000";"88 70 91";"10000";"Участвует в конкурсе";"1501381";"—"
"2245";"13";"Электронное";"259000";"86 93 70";"10000";"Участвует в конкурсе";"1212933";"—"
"2246";"4";"—";"259000";"86 88 75";"10000";"Участвует в конкурсе";"1514622";"—"
"2248";"2";"—";"259000";"86 85 78";"10000";"Участвует в конкурсе";"1818675";"—"
"2249";"3";"—";"259000";"86 85 78";"10000";"Участвует в конкурсе";"2214923";"—"
"2250";"4";"—";"259000";"86 85 78";"10000";"Участвует в конкурсе";"1198822";"—"
"2251";"2";"—";"259000";"86 72 91";"10000";"Участвует в конкурсе";"1394809";"—"
"2252";"4";"—";"259000";"80 80 89";"10000";"Участвует в конкурсе";"2003299";"—"
"2254";"5";"—";"259000";"78 85 86";"10000";"Участвует в конкурсе";"1264547";"—"
"2255";"5";"—";"259000";"78 85 86";"10000";"Участвует в конкурсе";"1325766";"—"
"2256";"1";"—";"259000";"76 95 78";"10000";"Участвует в конкурсе";"1004569";"—"
"2257";"1";"—";"259000";"70 93 86";"10000";"Участвует в конкурсе";"2204488";"—"
"2259";"10";"—";"258000";"97 88 73";"—";"Участвует в конкурсе";"2255685";"—"
"2260";"1";"—";"258000";"95 80 83";"—";"Участвует в конкурсе";"1587200";"—"
"2261";"8";"—";"258000";"92 93 73";"—";"Участвует в конкурсе";"1367590";"—"
"2262";"30";"—";"258000";"92 85 81";"—";"Участвует в конкурсе";"1259728";"—"
"2264";"10";"—";"258000";"90 93 75";"—";"Участвует в конкурсе";"2358441";"—"
"2265";"4";"—";"258000";"90 90 78";"—";"Участвует в конкурсе";"1206861";"—"
"2266";"2";"—";"258000";"90 90 78";"—";"Участвует в конкурсе";"2002732";"—"
"2267";"5";"—";"258000";"90 90 78";"—";"Участвует в конкурсе";"2260266";"—"
"2268";"12";"—";"258000";"84 93 81";"—";"Участвует в конкурсе";"1897156";"—"
"2269";"1";"—";"258000";"84 93 81";"—";"Участвует в конкурсе";"1358716";"—"
"2270";"2";"—";"258000";"84 88 86";"—";"Участвует в конкурсе";"1844618";"—"
"2271";"17";"—";"258000";"84 85 89";"—";"Участвует в конкурсе";"1291933";"—"
"2272";"1";"—";"258000";"84 85 89";"—";"Участвует в конкурсе";"1715068";"—"
"2274";"2";"—";"258000";"98 83 75";"2000";"Участвует в конкурсе";"1193241";"—"
"2275";"7";"—";"258000";"90 93 73";"2000";"Участвует в конкурсе";"1773041";"—"
"2276";"5";"Электронное";"258000";"90 88 78";"2000";"Участвует в конкурсе";"2141037";"—"
"2277";"5";"—";"258000";"90 83 83";"2000";"Участвует в конкурсе";"1820448";"—"
"2278";"4";"—";"258000";"99 67 89";"3000";"Участвует в конкурсе";"2295304";"—"
"2279";"1";"—";"258000";"92 88 75";"3000";"Участвует в конкурсе";"1771972";"—"
"2280";"16";"—";"258000";"92 85 78";"3000";"Участвует в конкурсе";"1735123";"—"
"2281";"3";"—";"258000";"90 93 72";"3000";"Участвует в конкурсе";"2345564";"—"
"2282";"13";"—";"258000";"88 78 89";"3000";"Участвует в конкурсе";"2336345";"—"
"2283";"1";"Электронное";"258000";"86 88 81";"3000";"Участвует в конкурсе";"1439161";"—"
"2284";"6";"—";"258000";"84 90 81";"3000";"Участвует в конкурсе";"1608937";"—"
"2285";"1";"Электронное";"258000";"84 88 83";"3000";"Участвует в конкурсе";"1077170";"—"
"2286";"18";"—";"258000";"84 80 91";"3000";"Участвует в конкурсе";"1975800";"—"
"2287";"17";"—";"258000";"82 98 75";"3000";"Участвует в конкурсе";"2329441";"—"
"2288";"8";"—";"258000";"82 98 75";"3000";"Участвует в конкурсе";"1338747";"—"
"2289";"13";"—";"258000";"82 90 83";"3000";"Участвует в конкурсе";"2368656";"—"
"2290";"8";"—";"258000";"76 88 91";"3000";"Участвует в конкурсе";"2107326";"—"
"2292";"16";"—";"258000";"92 83 78";"5000";"Участвует в конкурсе";"1200226";"—"
"2293";"3";"—";"258000";"90 80 83";"5000";"Участвует в конкурсе";"2215663";"—"
"2294";"4";"—";"258000";"80 100 73";"5000";"Участвует в конкурсе";"986059";"—"
"2295";"1";"—";"258000";"88 85 78";"7000";"Участвует в конкурсе";"1462343";"—"
"2297";"8";"—";"258000";"84 83 83";"8000";"Участвует в конкурсе";"1363725";"—"
"2298";"2";"—";"258000";"100 67 81";"10000";"Участвует в конкурсе";"1633719";"—"
"2299";"3";"—";"258000";"98 75 75";"10000";"Участвует в конкурсе";"1204562";"—"
"2300";"3";"—";"258000";"96 85 67";"10000";"Участвует в конкурсе";"1641138";"—"
"2301";"1";"—";"258000";"92 83 73";"10000";"Участвует в конкурсе";"2050201";"—"
"2302";"2";"—";"258000";"92 78 78";"10000";"Участвует в конкурсе";"2314073";"—"
"2304";"4";"—";"258000";"84 83 81";"10000";"Участвует в конкурсе";"1706502";"—"
"2305";"2";"—";"258000";"84 83 81";"10000";"Участвует в конкурсе";"1765560";"—"
"2306";"12";"—";"258000";"82 93 73";"10000";"Участвует в конкурсе";"2371750";"—"
"2307";"6";"—";"258000";"82 88 78";"10000";"Участвует в конкурсе";"1618985";"—"
"2308";"24";"—";"258000";"82 88 78";"10000";"Участвует в конкурсе";"1355457";"—"
"2309";"1";"—";"258000";"82 88 78";"10000";"Участвует в конкурсе";"1637401";"—"
"2310";"5";"—";"258000";"82 85 81";"10000";"Участвует в конкурсе";"1187547";"—"
"2311";"1";"—";"258000";"82 85 81";"10000";"Участвует в конкурсе";"1204862";"—"
"2313";"2";"—";"258000";"82 80 86";"10000";"Участвует в конкурсе";"1621170";"—"
"2314";"6";"—";"258000";"82 80 86";"10000";"Участвует в конкурсе";"1832514";"—"
"2315";"7";"—";"258000";"82 75 91";"10000";"Участвует в конкурсе";"2332066";"—"
"2316";"2";"—";"258000";"82 72 94";"10000";"Участвует в конкурсе";"2203934";"—"
"2317";"14";"—";"258000";"80 93 75";"10000";"Участвует в конкурсе";"1211430";"—"
"2318";"13";"Электронное";"258000";"80 90 78";"10000";"Участвует в конкурсе";"1357846";"—"
"2319";"2";"—";"258000";"80 90 78";"10000";"Участвует в конкурсе";"1727956";"—"
"2320";"9";"—";"258000";"80 85 83";"10000";"Участвует в конкурсе";"1834624";"—"
"2321";"18";"—";"258000";"80 85 83";"10000";"Участвует в конкурсе";"1847278";"—"
"2322";"3";"—";"258000";"76 83 89";"10000";"Участвует в конкурсе";"1914138";"—"
"2323";"1";"—";"258000";"76 78 94";"10000";"Участвует в конкурсе";"2340614";"—"
"2324";"7";"—";"258000";"74 83 91";"10000";"Участвует в конкурсе";"1789857";"—"
"2325";"2";"—";"257000";"97 93 67";"—";"Участвует в конкурсе";"1356923";"—"
"2326";"2";"—";"257000";"96 78 83";"—";"Участвует в конкурсе";"1365294";"—"
"2327";"4";"—";"257000";"96 78 83";"—";"Участвует в конкурсе";"1762296";"—"
"2328";"15";"—";"257000";"95 95 67";"—";"Участвует в конкурсе";"1192837";"—"
"2329";"5";"—";"257000";"94 85 78";"—";"Участвует в конкурсе";"1651707";"—"
"2330";"3";"—";"257000";"88 93 76";"—";"Участвует в конкурсе";"1730710";"—"
"2332";"7";"—";"257000";"86 88 83";"—";"Участвует в конкурсе";"1587396";"—"
"2333";"2";"—";"257000";"84 95 78";"—";"Участвует в конкурсе";"1207795";"—"
"2334";"10";"—";"257000";"84 95 78";"—";"Участвует в конкурсе";"2054886";"—"
"2335";"27";"—";"257000";"84 90 83";"—";"Участвует в конкурсе";"1594692";"—"
"2336";"1";"—";"257000";"84 78 95";"—";"Участвует в конкурсе";"1019931";"—"
"2337";"1";"—";"257000";"78 90 89";"—";"Участвует в конкурсе";"2236850";"—"
"2338";"3";"—";"257000";"94 88 72";"3000";"Участвует в конкурсе";"1285045";"—"
"2339";"9";"Электронное";"257000";"86 93 75";"3000";"Участвует в конкурсе";"2218269";"—"
"2340";"9";"—";"257000";"86 90 78";"3000";"Участвует в конкурсе";"2249023";"—"
"2341";"6";"Электронное";"257000";"86 85 83";"3000";"Участвует в конкурсе";"2264603";"—"
"2342";"1";"—";"257000";"80 83 91";"3000";"Участвует в конкурсе";"1320225";"—"
"2344";"6";"—";"257000";"97 83 67";"10000";"Участвует в конкурсе";"1291340";"—"
"2346";"4";"—";"257000";"92 72 83";"10000";"Участвует в конкурсе";"1974576";"—"
"2347";"5";"—";"257000";"92 64 91";"10000";"Участвует в конкурсе";"2396021";"—"
"2348";"1";"—";"257000";"88 93 66";"10000";"Участвует в конкурсе";"2120716";"—"
"2349";"1";"—";"257000";"88 93 66";"10000";"Участвует в конкурсе";"2356199";"—"
"2350";"3";"—";"257000";"88 78 81";"10000";"Участвует в конкурсе";"985675";"—"
"2351";"6";"—";"257000";"88 70 89";"10000";"Участвует в конкурсе";"1389914";"—"
"2352";"6";"—";"257000";"86 88 73";"10000";"Участвует в конкурсе";"1658941";"—"
"2353";"4";"—";"257000";"86 83 78";"10000";"Участвует в конкурсе";"1267080";"—"
"2354";"2";"—";"257000";"86 83 78";"10000";"Участвует в конкурсе";"1656233";"—"
"2355";"22";"—";"257000";"86 83 78";"10000";"Участвует в конкурсе";"1326816";"—"
"2356";"2";"—";"257000";"86 83 78";"10000";"Участвует в конкурсе";"1998950";"—"
"2357";"5";"—";"257000";"86 78 83";"10000";"Участвует в конкурсе";"1982619";"—"
"2360";"2";"—";"257000";"84 85 78";"10000";"Участвует в конкурсе";"1615943";"—"
"2361";"1";"—";"257000";"84 85 78";"10000";"Участвует в конкурсе";"1628261";"—"
"2362";"2";"—";"257000";"84 85 78";"10000";"Участвует в конкурсе";"2375022";"—"
"2363";"2";"—";"257000";"84 80 83";"10000";"Участвует в конкурсе";"2255972";"—"
"2364";"9";"—";"257000";"84 80 83";"10000";"Участвует в конкурсе";"2053556";"—"
"2367";"13";"—";"257000";"78 88 81";"10000";"Участвует в конкурсе";"1644008";"—"
"2368";"5";"—";"257000";"78 80 89";"10000";"Участвует в конкурсе";"1179299";"—"
"2369";"6";"—";"257000";"78 78 91";"10000";"Участвует в конкурсе";"2098771";"—"
"2371";"10";"—";"256000";"95 88 73";"—";"Участвует в конкурсе";"1504718";"—"
"2372";"1";"—";"256000";"95 83 78";"—";"Участвует в конкурсе";"2224114";"—"
"2373";"5";"Электронное";"256000";"95 78 83";"—";"Участвует в конкурсе";"1018045";"—"
"2376";"5";"—";"256000";"94 90 72";"—";"Участвует в конкурсе";"1790848";"—"
"2377";"5";"—";"256000";"90 85 81";"—";"Участвует в конкурсе";"1859749";"—"
"2378";"2";"—";"256000";"90 85 81";"—";"Участвует в конкурсе";"1247647";"—"
"2379";"22";"—";"256000";"90 85 81";"—";"Участвует в конкурсе";"2362239";"—"
"2381";"2";"—";"256000";"90 80 86";"—";"Участвует в конкурсе";"2085343";"—"
"2382";"1";"—";"256000";"90 80 86";"—";"Участвует в конкурсе";"1113343";"—"
"2384";"1";"Электронное";"256000";"86 98 72";"—";"Участвует в конкурсе";"1795307";"—"
"2385";"8";"—";"256000";"86 95 75";"—";"Участвует в конкурсе";"957543";"—"
"2386";"1";"Электронное";"256000";"84 83 89";"—";"Участвует в конкурсе";"1328148";"—"
"2387";"3";"—";"256000";"82 88 86";"—";"Участвует в конкурсе";"1178295";"—"
"2388";"8";"—";"256000";"82 85 89";"—";"Участвует в конкурсе";"1185056";"—"
"2390";"11";"—";"256000";"90 83 81";"2000";"Участвует в конкурсе";"2177425";"—"
"2391";"4";"—";"256000";"95 85 73";"3000";"Участвует в конкурсе";"1253153";"—"
"2392";"1";"Электронное";"256000";"92 88 73";"3000";"Участвует в конкурсе";"1250045";"—"
"2393";"7";"—";"256000";"90 80 83";"3000";"Участвует в конкурсе";"1612668";"—"
"2394";"1";"—";"256000";"88 90 75";"3000";"Участвует в конкурсе";"2336256";"—"
"2395";"7";"—";"256000";"86 95 72";"3000";"Участвует в конкурсе";"1228514";"—"
"2396";"13";"—";"256000";"82 85 86";"3000";"Участвует в конкурсе";"1649307";"—"
"2398";"2";"—";"256000";"95 62 89";"10000";"Участвует в конкурсе";"1617641";"—"
"2399";"2";"Электронное";"256000";"92 85 69";"10000";"Участвует в конкурсе";"2056267";"—"
"2401";"1";"—";"256000";"90 75 81";"10000";"Участвует в конкурсе";"1627540";"—"
"2402";"1";"—";"256000";"90 67 89";"10000";"Участвует в конкурсе";"1179008";"—"
"2403";"19";"Электронное";"256000";"88 88 70";"10000";"Участвует в конкурсе";"1632313";"—"
"2404";"2";"Электронное";"256000";"88 85 73";"10000";"Участвует в конкурсе";"1164120";"—"
"2405";"5";"—";"256000";"88 83 75";"10000";"Участвует в конкурсе";"1506860";"—"
"2406";"18";"—";"256000";"88 83 75";"10000";"Участвует в конкурсе";"1427845";"—"
"2407";"10";"—";"256000";"88 75 83";"10000";"Участвует в конкурсе";"1646075";"—"
"2408";"1";"—";"256000";"86 88 72";"10000";"Участвует в конкурсе";"1983777";"—"
"2409";"8";"—";"256000";"86 85 75";"10000";"Участвует в конкурсе";"1724246";"—"
"2410";"1";"—";"256000";"82 83 81";"10000";"Участвует в конкурсе";"1727171";"—"
"2411";"1";"Электронное";"256000";"82 78 86";"10000";"Участвует в конкурсе";"1997041";"—"
"2412";"8";"—";"256000";"82 78 86";"10000";"Участвует в конкурсе";"2042579";"—"
"2413";"15";"Электронное";"256000";"82 75 89";"10000";"Участвует в конкурсе";"1132644";"—"
"2414";"3";"—";"256000";"82 75 89";"10000";"Участвует в конкурсе";"1939264";"—"
"2416";"5";"—";"256000";"80 85 81";"10000";"Участвует в конкурсе";"2251526";"—"
"2417";"1";"—";"256000";"80 85 81";"10000";"Участвует в конкурсе";"2409891";"—"
"2418";"6";"—";"256000";"80 83 83";"10000";"Участвует в конкурсе";"1966152";"—"
"2419";"4";"—";"256000";"80 83 83";"10000";"Участвует в конкурсе";"1915889";"—"
"2420";"5";"Электронное";"256000";"80 83 83";"10000";"Участвует в конкурсе";"2367875";"—"
"2421";"8";"—";"256000";"78 93 75";"10000";"Участвует в конкурсе";"1915647";"—"
"2422";"10";"—";"256000";"78 90 78";"10000";"Участвует в конкурсе";"2272963";"—"
"2424";"13";"—";"255000";"97 85 73";"—";"Участвует в конкурсе";"1725990";"—"
"2425";"4";"—";"255000";"97 72 86";"—";"Участвует в конкурсе";"1906374";"—"
"2426";"10";"—";"255000";"96 90 69";"—";"Участвует в конкурсе";"2049303";"—"
"2428";"17";"—";"255000";"94 78 83";"—";"Участвует в конкурсе";"1678214";"—"
"2430";"2";"—";"255000";"92 80 83";"—";"Участвует в конкурсе";"1715180";"—"
"2431";"1";"Электронное";"255000";"90 93 72";"—";"Участвует в конкурсе";"2243207";"—"
"2432";"12";"—";"255000";"90 90 75";"—";"Участвует в конкурсе";"1909198";"—"
"2433";"2";"—";"255000";"88 78 89";"—";"Участвует в конкурсе";"1168168";"—"
"2434";"1";"Электронное";"255000";"86 83 86";"—";"Участвует в конкурсе";"1060228";"—"
"2435";"5";"—";"255000";"86 83 86";"—";"Участвует в конкурсе";"1726742";"—"
"2439";"22";"—";"255000";"82 100 73";"—";"Участвует в конкурсе";"1484276";"—"
"2440";"6";"—";"255000";"98 83 72";"2000";"Участвует в конкурсе";"1963061";"—"
"2441";"5";"—";"255000";"94 85 73";"3000";"Участвует в конкурсе";"1986028";"—"
"2442";"3";"—";"255000";"88 83 81";"3000";"Участвует в конкурсе";"1175088";"—"
"2443";"3";"—";"255000";"86 93 73";"3000";"Участвует в конкурсе";"1254361";"—"
"2445";"6";"—";"255000";"86 85 81";"3000";"Участвует в конкурсе";"2308719";"—"
"2447";"4";"Электронное";"255000";"84 93 75";"3000";"Участвует в конкурсе";"986546";"—"
"2448";"9";"—";"255000";"80 83 89";"3000";"Участвует в конкурсе";"1274322";"—"
"2450";"21";"—";"255000";"78 80 94";"3000";"Участвует в конкурсе";"2003964";"—"
"2451";"4";"Электронное";"255000";"88 93 69";"5000";"Участвует в конкурсе";"1212580";"—"
"2452";"1";"Электронное";"255000";"100 62 83";"10000";"Участвует в конкурсе";"1245428";"—"
"2455";"3";"—";"255000";"92 80 73";"10000";"Участвует в конкурсе";"2067113";"—"
"2456";"1";"—";"255000";"92 80 73";"10000";"Участвует в конкурсе";"1181853";"—"
"2457";"6";"—";"255000";"92 78 75";"10000";"Участвует в конкурсе";"1563790";"—"
"2458";"7";"Электронное";"255000";"92 78 75";"10000";"Участвует в конкурсе";"1973763";"—"
"2459";"11";"—";"255000";"92 72 81";"10000";"Участвует в конкурсе";"1847428";"—"
"2461";"1";"—";"255000";"90 83 72";"10000";"Участвует в конкурсе";"2004070";"—"
"2462";"11";"—";"255000";"90 80 75";"10000";"Участвует в конкурсе";"1387252";"—"
"2463";"18";"—";"255000";"90 80 75";"10000";"Участвует в конкурсе";"2340758";"—"
"2464";"2";"—";"255000";"88 85 72";"10000";"Участвует в конкурсе";"2272633";"—"
"2465";"7";"—";"255000";"86 78 81";"10000";"Участвует в конкурсе";"1516850";"—"
"2466";"1";"Электронное";"255000";"86 78 81";"10000";"Участвует в конкурсе";"1767161";"—"
"2467";"5";"—";"255000";"86 78 81";"10000";"Участвует в конкурсе";"2094877";"—"
"2468";"4";"—";"255000";"86 70 89";"10000";"Участвует в конкурсе";"1881418";"—"
"2469";"4";"—";"255000";"84 88 73";"10000";"Участвует в конкурсе";"1199363";"—"
"2471";"5";"Электронное";"255000";"84 70 91";"10000";"Участвует в конкурсе";"1886108";"—"
"2472";"2";"—";"255000";"82 85 78";"10000";"Участвует в конкурсе";"2212944";"—"
"2473";"1";"—";"255000";"80 93 72";"10000";"Участвует в конкурсе";"1507810";"—"
"2474";"19";"Электронное";"255000";"80 90 75";"10000";"Участвует в конкурсе";"2363943";"—"
"2475";"1";"—";"255000";"76 88 81";"10000";"Участвует в конкурсе";"944463";"—"
"2477";"2";"—";"255000";"74 93 78";"10000";"Участвует в конкурсе";"1687378";"—"
"2479";"4";"—";"254000";"95 90 69";"—";"Участвует в конкурсе";"2119907";"—"
"2480";"9";"—";"254000";"88 85 81";"—";"Участвует в конкурсе";"2101557";"—"
"2481";"3";"—";"254000";"88 83 83";"—";"Участвует в конкурсе";"1699203";"—"
"2482";"2";"—";"254000";"88 80 86";"—";"Участвует в конкурсе";"1431159";"—"
"2483";"6";"—";"254000";"86 85 83";"—";"Участвует в конкурсе";"1655793";"—"
"2484";"6";"—";"254000";"86 85 83";"—";"Участвует в конкурсе";"1995282";"—"
"2485";"3";"—";"254000";"86 85 83";"—";"Участвует в конкурсе";"1417627";"—"
"2489";"2";"—";"254000";"98 80 73";"3000";"Участвует в конкурсе";"979887";"—"
"2490";"2";"—";"254000";"84 78 89";"3000";"Участвует в конкурсе";"1363755";"—"
"2491";"2";"—";"254000";"80 88 83";"3000";"Участвует в конкурсе";"2088250";"—"
"2492";"14";"—";"254000";"88 93 69";"4000";"Участвует в конкурсе";"1401229";"—"
"2493";"2";"—";"254000";"94 80 75";"5000";"Участвует в конкурсе";"1879557";"—"
"2494";"3";"Электронное";"254000";"84 90 72";"8000";"Участвует в конкурсе";"2265069";"—"
"2495";"3";"Электронное";"254000";"97 78 69";"10000";"Участвует в конкурсе";"2220150";"—"
"2496";"20";"—";"254000";"95 85 64";"10000";"Участвует в конкурсе";"2251420";"—"
"2497";"1";"—";"254000";"88 83 73";"10000";"Участвует в конкурсе";"1567058";"—"
"2498";"1";"—";"254000";"88 78 78";"10000";"Участвует в конкурсе";"1464166";"—"
"2499";"3";"—";"254000";"88 78 78";"10000";"Участвует в конкурсе";"1996075";"—"
"2500";"3";"—";"254000";"88 70 86";"10000";"Участвует в конкурсе";"1462066";"—"
"2501";"2";"—";"254000";"86 83 75";"10000";"Участвует в конкурсе";"1431675";"—"
"2503";"17";"—";"254000";"80 78 86";"10000";"Участвует в конкурсе";"2367749";"—"
"2505";"9";"—";"254000";"78 83 83";"10000";"Участвует в конкурсе";"1978802";"—"
"2506";"7";"—";"254000";"78 83 83";"10000";"Участвует в конкурсе";"1521168";"—"
"2507";"22";"—";"254000";"76 90 78";"10000";"Участвует в конкурсе";"2004014";"—"
"2508";"3";"Электронное";"254000";"76 85 83";"10000";"Участвует в конкурсе";"2259015";"—"
"2509";"4";"—";"253000";"100 64 89";"—";"Участвует в конкурсе";"1856839";"—"
"2510";"1";"—";"253000";"98 83 72";"—";"Участвует в конкурсе";"1723646";"—"
"2511";"1";"—";"253000";"95 80 78";"—";"Участвует в конкурсе";"1214455";"—"
"2512";"11";"—";"253000";"94 90 69";"—";"Участвует в конкурсе";"2125671";"—"
"2513";"12";"—";"253000";"92 83 78";"—";"Участвует в конкурсе";"1425201";"—"
"2515";"7";"Электронное";"253000";"90 93 70";"—";"Участвует в конкурсе";"2255566";"—"
"2518";"3";"—";"253000";"90 80 83";"—";"Участвует в конкурсе";"1996200";"—"
"2519";"9";"—";"253000";"84 88 81";"—";"Участвует в конкурсе";"1825402";"—"
"2520";"8";"—";"253000";"84 75 94";"—";"Участвует в конкурсе";"1517064";"—"
"2521";"7";"—";"253000";"82 90 81";"—";"Участвует в конкурсе";"2258085";"—"
"2523";"1";"—";"253000";"90 75 86";"2000";"Участвует в конкурсе";"1250724";"—"
"2524";"8";"Электронное";"253000";"94 83 73";"3000";"Участвует в конкурсе";"1976248";"—"
"2525";"4";"Электронное";"253000";"90 88 72";"3000";"Участвует в конкурсе";"1999464";"—"
"2526";"15";"—";"253000";"88 90 72";"3000";"Участвует в конкурсе";"1206048";"—"
"2529";"19";"—";"253000";"82 85 83";"3000";"Участвует в конкурсе";"1790760";"—"
"2531";"1";"—";"253000";"76 80 94";"3000";"Участвует в конкурсе";"2085440";"—"
"2532";"1";"Электронное";"253000";"76 83 89";"5000";"Участвует в конкурсе";"2227622";"—"
"2533";"26";"—";"253000";"96 72 75";"10000";"Участвует в конкурсе";"950232";"—"
"2534";"9";"Электронное";"253000";"92 78 73";"10000";"Участвует в конкурсе";"1798664";"—"
"2535";"2";"—";"253000";"90 80 73";"10000";"Участвует в конкурсе";"1829880";"—"
"2536";"1";"—";"253000";"88 88 67";"10000";"Участвует в конкурсе";"2220140";"—"
"2537";"1";"—";"253000";"88 85 70";"10000";"Участвует в конкурсе";"1963719";"—"
"2538";"6";"—";"253000";"88 80 75";"10000";"Участвует в конкурсе";"2229446";"—"
"2539";"8";"—";"253000";"84 70 89";"10000";"Участвует в конкурсе";"1752691";"—"
"2541";"6";"—";"253000";"82 83 78";"10000";"Участвует в конкурсе";"1287148";"—"
"2542";"2";"—";"253000";"82 83 78";"10000";"Участвует в конкурсе";"1677516";"—"
"2543";"3";"—";"253000";"82 80 81";"10000";"Участвует в конкурсе";"1790656";"—"
"2544";"7";"—";"253000";"82 80 81";"10000";"Участвует в конкурсе";"2233058";"—"
"2545";"3";"—";"253000";"82 78 83";"10000";"Участвует в конкурсе";"1505779";"—"
"2546";"1";"—";"253000";"82 78 83";"10000";"Участвует в конкурсе";"1904684";"—"
"2547";"13";"—";"253000";"82 78 83";"10000";"Участвует в конкурсе";"1361561";"—"
"2548";"3";"Электронное";"253000";"82 78 83";"10000";"Участвует в конкурсе";"2139256";"—"
"2549";"3";"—";"253000";"82 75 86";"10000";"Участвует в конкурсе";"2127100";"—"
"2550";"2";"—";"253000";"82 72 89";"10000";"Участвует в конкурсе";"1958447";"—"
"2551";"6";"—";"253000";"82 72 89";"10000";"Участвует в конкурсе";"2343473";"—"
"2552";"7";"—";"253000";"80 85 78";"10000";"Участвует в конкурсе";"1483805";"—"
"2553";"2";"—";"253000";"80 80 83";"10000";"Участвует в конкурсе";"1487686";"—"
"2554";"2";"—";"252000";"97 85 70";"—";"Участвует в конкурсе";"1409101";"—"
"2555";"1";"—";"252000";"97 85 70";"—";"Участвует в конкурсе";"1964284";"—"
"2557";"3";"—";"252000";"95 88 69";"—";"Участвует в конкурсе";"2127077";"—"
"2558";"7";"—";"252000";"92 90 70";"—";"Участвует в конкурсе";"1958560";"—"
"2559";"3";"Электронное";"252000";"92 85 75";"—";"Участвует в конкурсе";"1308408";"—"
"2560";"5";"—";"252000";"92 85 75";"—";"Участвует в конкурсе";"1578257";"—"
"2561";"5";"—";"252000";"88 83 81";"—";"Участвует в конкурсе";"1292743";"—"
"2562";"4";"—";"252000";"88 75 89";"—";"Участвует в конкурсе";"2147948";"—"
"2563";"2";"—";"252000";"86 88 78";"—";"Участвует в конкурсе";"1348280";"—"
"2564";"22";"—";"252000";"86 75 91";"—";"Участвует в конкурсе";"1127872";"—"
"2565";"1";"—";"252000";"84 85 83";"—";"Участвует в конкурсе";"1836480";"—"
"2566";"3";"Электронное";"252000";"84 85 83";"—";"Участвует в конкурсе";"1583385";"—"
"2567";"15";"—";"252000";"94 75 81";"2000";"Участвует в конкурсе";"1839999";"—"
"2568";"1";"—";"252000";"90 88 72";"2000";"Участвует в конкурсе";"1432284";"—"
"2569";"2";"—";"252000";"88 95 67";"2000";"Участвует в конкурсе";"1751279";"—"
"2570";"26";"—";"252000";"74 85 91";"2000";"Участвует в конкурсе";"1853060";"—"
"2571";"1";"—";"252000";"92 88 69";"3000";"Участвует в конкурсе";"1258505";"—"
"2572";"5";"Электронное";"252000";"92 85 72";"3000";"Участвует в конкурсе";"1345650";"—"
"2573";"2";"—";"252000";"90 90 69";"3000";"Участвует в конкурсе";"2201512";"—"
"2574";"7";"—";"252000";"90 70 89";"3000";"Участвует в конкурсе";"1583589";"—"
"2575";"3";"—";"252000";"88 88 73";"3000";"Участвует в конкурсе";"1207864";"—"
"2576";"2";"—";"252000";"88 83 78";"3000";"Участвует в конкурсе";"1365620";"—"
"2577";"3";"—";"252000";"88 83 78";"3000";"Участвует в конкурсе";"2390046";"—"
"2578";"2";"—";"252000";"86 85 78";"3000";"Участвует в конкурсе";"1786111";"—"
"2581";"7";"—";"252000";"86 88 73";"5000";"Участвует в конкурсе";"1777196";"—"
"2582";"13";"Электронное";"252000";"86 93 67";"6000";"Участвует в конкурсе";"1551935";"—"
"2583";"17";"—";"252000";"80 78 86";"8000";"Участвует в конкурсе";"1180658";"—"
"2584";"3";"—";"252000";"97 67 78";"10000";"Участвует в конкурсе";"1425169";"—"
"2585";"9";"—";"252000";"95 75 72";"10000";"Участвует в конкурсе";"2264840";"—"
"2586";"1";"—";"252000";"92 83 67";"10000";"Участвует в конкурсе";"2272251";"—"
"2587";"2";"—";"252000";"92 75 75";"10000";"Участвует в конкурсе";"1784092";"—"
"2588";"1";"—";"252000";"92 72 78";"10000";"Участвует в конкурсе";"1615489";"—"
"2589";"1";"—";"252000";"90 80 72";"10000";"Участвует в конкурсе";"2269876";"—"
"2590";"5";"—";"252000";"84 85 73";"10000";"Участвует в конкурсе";"1726015";"—"
"2591";"5";"—";"252000";"84 83 75";"10000";"Участвует в конкурсе";"1839990";"—"
"2592";"11";"—";"252000";"84 80 78";"10000";"Участвует в конкурсе";"2146685";"—"
"2593";"2";"—";"252000";"84 75 83";"10000";"Участвует в конкурсе";"1949234";"—"
"2594";"2";"—";"252000";"82 85 75";"10000";"Участвует в конкурсе";"1941362";"—"
"2595";"13";"—";"252000";"78 78 86";"10000";"Участвует в конкурсе";"1559423";"—"
"2596";"3";"—";"252000";"78 78 86";"10000";"Участвует в конкурсе";"1115270";"—"
"2597";"4";"—";"252000";"78 75 89";"10000";"Участвует в конкурсе";"1311069";"—"
"2598";"7";"Электронное";"252000";"76 83 83";"10000";"Участвует в конкурсе";"1267874";"—"
"2599";"3";"—";"251000";"96 88 67";"—";"Участвует в конкурсе";"1515346";"—"
"2600";"5";"—";"251000";"90 88 73";"—";"Участвует в конкурсе";"1200571";"—"
"2602";"9";"—";"251000";"88 93 70";"—";"Участвует в конкурсе";"1883543";"—"
"2604";"4";"—";"251000";"86 93 72";"—";"Участвует в конкурсе";"2392660";"—"
"2605";"2";"—";"251000";"86 90 75";"—";"Участвует в конкурсе";"1644761";"—"
"2607";"18";"—";"251000";"82 83 86";"—";"Участвует в конкурсе";"2218107";"—"
"2609";"9";"—";"251000";"80 85 86";"—";"Участвует в конкурсе";"1716593";"—"
"2610";"5";"—";"251000";"80 85 86";"—";"Участвует в конкурсе";"2006413";"—"
"2612";"1";"—";"251000";"86 88 75";"2000";"Участвует в конкурсе";"1989157";"—"
"2613";"2";"—";"251000";"100 85 63";"3000";"Участвует в конкурсе";"1552044";"—"
"2614";"2";"—";"251000";"94 85 69";"3000";"Участвует в конкурсе";"1605059";"—"
"2615";"8";"Электронное";"251000";"90 85 73";"3000";"Участвует в конкурсе";"2339565";"—"
"2616";"1";"—";"251000";"90 80 78";"3000";"Участвует в конкурсе";"1440900";"—"
"2617";"10";"—";"251000";"88 85 75";"3000";"Участвует в конкурсе";"1819374";"—"
"2618";"2";"—";"251000";"86 90 72";"3000";"Участвует в конкурсе";"1211120";"—"
"2619";"1";"—";"251000";"84 83 81";"3000";"Участвует в конкурсе";"1723519";"—"
"2620";"16";"—";"251000";"84 75 89";"3000";"Участвует в конкурсе";"2093664";"—"
"2621";"4";"—";"251000";"82 83 83";"3000";"Участвует в конкурсе";"2272284";"—"
"2622";"2";"—";"251000";"82 83 83";"3000";"Участвует в конкурсе";"2413009";"—"
"2624";"5";"—";"251000";"80 85 83";"3000";"Участвует в конкурсе";"1641576";"—"
"2626";"3";"—";"251000";"95 67 83";"6000";"Участвует в конкурсе";"1199301";"—"
"2628";"1";"—";"251000";"80 88 75";"8000";"Участвует в конкурсе";"2244359";"—"
"2629";"14";"—";"251000";"80 85 78";"8000";"Участвует в конкурсе";"2365895";"—"
"2630";"1";"—";"251000";"96 62 83";"10000";"Участвует в конкурсе";"1777805";"—"
"2631";"1";"Электронное";"251000";"92 85 64";"10000";"Участвует в конкурсе";"1897817";"—"
"2632";"8";"—";"251000";"80 83 78";"10000";"Участвует в конкурсе";"1636744";"—"
"2634";"6";"—";"251000";"78 85 78";"10000";"Участвует в конкурсе";"2259689";"—"
"2635";"13";"—";"251000";"74 78 89";"10000";"Участвует в конкурсе";"1398578";"—"
"2636";"8";"Электронное";"250000";"97 78 75";"—";"Участвует в конкурсе";"2393441";"—"
"2638";"3";"—";"250000";"95 83 72";"—";"Участвует в конкурсе";"2344254";"—"
"2639";"1";"—";"250000";"94 90 66";"—";"Участвует в конкурсе";"1261847";"—"
"2640";"1";"—";"250000";"94 90 66";"—";"Участвует в конкурсе";"1902322";"—"
"2641";"1";"—";"250000";"92 83 75";"—";"Участвует в конкурсе";"1258731";"—"
"2642";"1";"—";"250000";"92 83 75";"—";"Участвует в конкурсе";"1566702";"—"
"2643";"1";"—";"250000";"92 80 78";"—";"Участвует в конкурсе";"2017597";"—"
"2644";"6";"—";"250000";"90 90 70";"—";"Участвует в конкурсе";"984031";"—"
"2646";"1";"—";"250000";"84 85 81";"—";"Участвует в конкурсе";"1985500";"—"
"2647";"20";"Электронное";"250000";"84 85 81";"—";"Участвует в конкурсе";"1489613";"—"
"2648";"3";"—";"250000";"84 80 86";"—";"Участвует в конкурсе";"1882249";"—"
"2649";"4";"—";"250000";"82 85 83";"—";"Участвует в конкурсе";"972455";"—"
"2650";"12";"—";"250000";"78 78 94";"—";"Участвует в конкурсе";"1701606";"—"
"2652";"4";"—";"250000";"96 70 81";"3000";"Участвует в конкурсе";"2113313";"—"
"2653";"1";"—";"250000";"94 67 86";"3000";"Участвует в конкурсе";"1170737";"—"
"2654";"3";"—";"250000";"86 83 78";"3000";"Участвует в конкурсе";"2224584";"—"
"2655";"1";"—";"250000";"92 67 86";"5000";"Участвует в конкурсе";"1625579";"—"
"2656";"12";"—";"250000";"88 88 69";"5000";"Участвует в конкурсе";"1587544";"—"
"2657";"2";"—";"250000";"96 88 58";"8000";"Участвует в конкурсе";"1964864";"—"
"2658";"1";"—";"250000";"92 75 75";"8000";"Участвует в конкурсе";"1797323";"—"
"2659";"1";"—";"250000";"100 59 81";"10000";"Участвует в конкурсе";"1286598";"—"
"2660";"2";"—";"250000";"97 70 73";"10000";"Участвует в конкурсе";"1290696";"—"
"2661";"1";"—";"250000";"90 80 70";"10000";"Участвует в конкурсе";"1208019";"—"
"2662";"2";"Электронное";"250000";"86 88 66";"10000";"Участвует в конкурсе";"2248399";"—"
"2664";"12";"—";"250000";"84 83 73";"10000";"Участвует в конкурсе";"1207623";"—"
"2665";"15";"—";"250000";"84 83 73";"10000";"Участвует в конкурсе";"1995361";"—"
"2666";"3";"—";"250000";"84 78 78";"10000";"Участвует в конкурсе";"1519129";"—"
"2667";"24";"Электронное";"250000";"82 83 75";"10000";"Участвует в конкурсе";"1971554";"—"
"2668";"4";"—";"250000";"82 80 78";"10000";"Участвует в конкурсе";"1521083";"—"
"2669";"2";"—";"250000";"82 80 78";"10000";"Участвует в конкурсе";"1506439";"—"
"2670";"1";"—";"250000";"82 75 83";"10000";"Участвует в конкурсе";"1412838";"—"
"2671";"1";"—";"250000";"82 75 83";"10000";"Участвует в конкурсе";"2250934";"—"
"2672";"1";"Электронное";"250000";"80 90 70";"10000";"Участвует в конкурсе";"1657244";"—"
"2673";"2";"—";"250000";"80 85 75";"10000";"Участвует в конкурсе";"1792239";"—"
"2674";"1";"—";"250000";"80 85 75";"10000";"Участвует в конкурсе";"1423613";"—"
"2675";"12";"—";"250000";"76 83 81";"10000";"Участвует в конкурсе";"2164745";"—"
"2676";"6";"—";"250000";"76 78 86";"10000";"Участвует в конкурсе";"1055417";"—"
"2677";"18";"Электронное";"250000";"74 75 91";"10000";"Участвует в конкурсе";"1839684";"—"
"2678";"21";"Электронное";"250000";"72 85 83";"10000";"Участвует в конкурсе";"1702399";"—"
"2679";"4";"—";"249000";"98 90 61";"—";"Участвует в конкурсе";"2340607";"—"
"2683";"7";"—";"249000";"88 83 78";"—";"Участвует в конкурсе";"2310295";"—"
"2684";"1";"—";"249000";"86 88 75";"—";"Участвует в конкурсе";"959558";"—"
"2686";"4";"—";"249000";"86 88 75";"—";"Участвует в конкурсе";"2164244";"—"
"2688";"3";"Электронное";"249000";"86 80 83";"—";"Участвует в конкурсе";"1998165";"—"
"2689";"15";"—";"249000";"86 80 83";"—";"Участвует в конкурсе";"1948438";"—"
"2690";"3";"—";"249000";"86 72 91";"—";"Участвует в конкурсе";"1179935";"—"
"2691";"6";"Электронное";"249000";"80 83 86";"—";"Участвует в конкурсе";"1411746";"—"
"2692";"4";"Электронное";"249000";"94 83 70";"2000";"Участвует в конкурсе";"1644387";"—"
"2693";"3";"Электронное";"249000";"82 93 72";"2000";"Участвует в конкурсе";"971312";"—"
"2694";"4";"—";"249000";"90 90 66";"3000";"Участвует в конкурсе";"2054046";"—"
"2695";"15";"—";"249000";"90 83 73";"3000";"Участвует в конкурсе";"2087656";"—"
"2696";"10";"—";"249000";"86 90 70";"3000";"Участвует в конкурсе";"2268322";"—"
"2697";"3";"Электронное";"249000";"82 83 81";"3000";"Участвует в конкурсе";"2344200";"—"
"2698";"20";"—";"249000";"80 93 73";"3000";"Участвует в конкурсе";"2333034";"—"
"2699";"10";"—";"249000";"80 85 81";"3000";"Участвует в конкурсе";"1457715";"—"
"2701";"21";"—";"249000";"78 85 83";"3000";"Участвует в конкурсе";"1266040";"—"
"2702";"2";"—";"249000";"88 75 81";"5000";"Участвует в конкурсе";"1912982";"—"
"2703";"1";"—";"249000";"84 85 75";"5000";"Участвует в конкурсе";"1872712";"—"
"2704";"16";"—";"249000";"78 83 83";"5000";"Участвует в конкурсе";"2363046";"—"
"2705";"1";"—";"249000";"95 75 69";"10000";"Участвует в конкурсе";"1709452";"—"
"2706";"4";"—";"249000";"95 72 72";"10000";"Участвует в конкурсе";"1494228";"—"
"2707";"1";"—";"249000";"92 72 75";"10000";"Участвует в конкурсе";"2213617";"—"
"2708";"3";"—";"249000";"86 83 70";"10000";"Участвует в конкурсе";"1198742";"—"
"2709";"1";"—";"249000";"84 83 72";"10000";"Участвует в конкурсе";"1717973";"—"
"2710";"17";"—";"249000";"84 83 72";"10000";"Участвует в конкурсе";"1607972";"—"
"2711";"12";"—";"249000";"84 83 72";"10000";"Участвует в конкурсе";"2033672";"—"
"2712";"1";"—";"249000";"80 78 81";"10000";"Участвует в конкурсе";"1404321";"—"
"2713";"5";"—";"249000";"80 70 89";"10000";"Участвует в конкурсе";"1207107";"—"
"2714";"8";"—";"249000";"78 80 81";"10000";"Участвует в конкурсе";"2226949";"—"
"2715";"2";"Электронное";"249000";"78 78 83";"10000";"Участвует в конкурсе";"1578596";"—"
"2717";"4";"—";"249000";"78 72 89";"10000";"Участвует в конкурсе";"1294489";"—"
"2719";"2";"Электронное";"248000";"100 85 63";"—";"Участвует в конкурсе";"2246979";"—"
"2720";"12";"—";"248000";"96 83 69";"—";"Участвует в конкурсе";"1277403";"—"
"2721";"5";"—";"248000";"96 80 72";"—";"Участвует в конкурсе";"1492788";"—"
"2723";"6";"—";"248000";"90 88 70";"—";"Участвует в конкурсе";"1749356";"—"
"2724";"18";"—";"248000";"90 85 73";"—";"Участвует в конкурсе";"2345621";"—"
"2725";"2";"—";"248000";"90 80 78";"—";"Участвует в конкурсе";"2184121";"—"
"2726";"12";"Электронное";"248000";"90 72 86";"—";"Участвует в конкурсе";"1192824";"—"
"2728";"1";"—";"248000";"88 85 75";"—";"Участвует в конкурсе";"2139475";"—"
"2729";"1";"—";"248000";"88 85 75";"—";"Участвует в конкурсе";"1667189";"—"
"2731";"6";"—";"248000";"84 83 81";"—";"Участвует в конкурсе";"1562481";"—"
"2732";"3";"—";"248000";"84 83 81";"—";"Участвует в конкурсе";"1230499";"—"
"2735";"9";"—";"248000";"84 78 86";"—";"Участвует в конкурсе";"1993207";"—"
"2736";"1";"—";"248000";"84 75 89";"—";"Участвует в конкурсе";"1709112";"—"
"2737";"3";"—";"248000";"82 93 73";"—";"Участвует в конкурсе";"1583956";"—"
"2738";"5";"Электронное";"248000";"82 93 73";"—";"Участвует в конкурсе";"2312128";"—"
"2740";"18";"—";"248000";"82 83 83";"—";"Участвует в конкурсе";"1854981";"—"
"2741";"9";"—";"248000";"80 93 75";"—";"Участвует в конкурсе";"1488308";"—"
"2742";"8";"Электронное";"248000";"80 93 75";"—";"Участвует в конкурсе";"1998832";"—"
"2743";"8";"—";"248000";"80 83 83";"2000";"Участвует в конкурсе";"1898791";"—"
"2744";"1";"—";"248000";"100 78 67";"3000";"Участвует в конкурсе";"2259534";"—"
"2745";"4";"—";"248000";"92 78 75";"3000";"Участвует в конкурсе";"2041669";"—"
"2746";"19";"—";"248000";"90 85 70";"3000";"Участвует в конкурсе";"2141419";"—"
"2747";"5";"—";"248000";"84 78 83";"3000";"Участвует в конкурсе";"2248426";"—"
"2748";"2";"—";"248000";"82 80 83";"3000";"Участвует в конкурсе";"2101538";"—"
"2749";"10";"—";"248000";"78 78 89";"3000";"Участвует в конкурсе";"2266822";"—"
"2750";"10";"—";"248000";"88 83 73";"4000";"Участвует в конкурсе";"1709357";"—"
"2751";"2";"Электронное";"248000";"90 80 72";"6000";"Участвует в конкурсе";"1419898";"—"
"2752";"4";"—";"248000";"84 80 78";"6000";"Участвует в конкурсе";"1973830";"—"
"2754";"2";"Электронное";"248000";"82 85 73";"8000";"Участвует в конкурсе";"1192477";"—"
"2755";"3";"—";"248000";"86 88 64";"10000";"Участвует в конкурсе";"1207371";"—"
"2756";"3";"—";"248000";"86 85 67";"10000";"Участвует в конкурсе";"1351255";"—"
"2758";"5";"—";"248000";"84 85 69";"10000";"Участвует в конкурсе";"2344280";"—"
"2759";"6";"Электронное";"248000";"82 95 61";"10000";"Участвует в конкурсе";"2311730";"—"
"2760";"8";"—";"248000";"82 83 73";"10000";"Участвует в конкурсе";"2167071";"—"
"2761";"12";"—";"248000";"82 83 73";"10000";"Участвует в конкурсе";"2228042";"—"
"2764";"3";"Электронное";"248000";"80 88 70";"10000";"Участвует в конкурсе";"2090829";"—"
"2765";"16";"—";"248000";"80 83 75";"10000";"Участвует в конкурсе";"2126185";"—"
"2766";"1";"—";"248000";"80 80 78";"10000";"Участвует в конкурсе";"1198400";"—"
"2767";"5";"—";"248000";"80 80 78";"10000";"Участвует в конкурсе";"1623638";"—"
"2768";"5";"—";"248000";"80 72 86";"10000";"Участвует в конкурсе";"1544166";"—"
"2769";"1";"—";"248000";"74 83 81";"10000";"Участвует в конкурсе";"1427329";"—"
"2770";"21";"—";"247000";"95 83 69";"—";"Участвует в конкурсе";"1639079";"—"
"2771";"13";"—";"247000";"95 80 72";"—";"Участвует в конкурсе";"2425944";"—"
"2772";"1";"—";"247000";"94 80 73";"—";"Участвует в конкурсе";"1794444";"—"
"2773";"2";"—";"247000";"94 72 81";"—";"Участвует в конкурсе";"1154299";"—"
"2775";"14";"—";"247000";"92 85 70";"—";"Участвует в конкурсе";"2225940";"—"
"2776";"5";"—";"247000";"92 80 75";"—";"Участвует в конкурсе";"1624992";"—"
"2777";"1";"—";"247000";"92 72 83";"—";"Участвует в конкурсе";"1800977";"—"
"2778";"3";"Электронное";"247000";"90 85 72";"—";"Участвует в конкурсе";"1211892";"—"
"2779";"4";"—";"247000";"90 85 72";"—";"Участвует в конкурсе";"1860849";"—"
"2781";"1";"Электронное";"247000";"86 80 81";"—";"Участвует в конкурсе";"2163021";"—"
"2782";"24";"—";"247000";"84 90 73";"—";"Участвует в конкурсе";"2259446";"—"
"2783";"2";"—";"247000";"84 90 73";"—";"Участвует в конкурсе";"1208645";"—"
"2784";"6";"Электронное";"247000";"84 88 75";"—";"Участвует в конкурсе";"1433008";"—"
"2785";"14";"—";"247000";"84 88 75";"—";"Участвует в конкурсе";"1633981";"—"
"2786";"2";"—";"247000";"84 85 78";"—";"Участвует в конкурсе";"1932541";"—"
"2788";"1";"—";"247000";"84 80 83";"—";"Участвует в конкурсе";"965291";"—"
"2789";"1";"—";"247000";"84 80 83";"—";"Участвует в конкурсе";"1186576";"—"
"2790";"28";"—";"247000";"84 80 83";"—";"Участвует в конкурсе";"1910690";"—"
"2791";"4";"—";"247000";"82 93 72";"—";"Участвует в конкурсе";"1719059";"—"
"2792";"7";"—";"247000";"82 93 72";"—";"Участвует в конкурсе";"2243305";"—"
"2793";"4";"—";"247000";"78 88 81";"—";"Участвует в конкурсе";"1622125";"—"
"2794";"3";"—";"247000";"78 88 81";"—";"Участвует в конкурсе";"2089313";"—"
"2795";"1";"—";"247000";"76 88 83";"—";"Участвует в конкурсе";"1332209";"—"
"2796";"4";"—";"247000";"76 85 86";"—";"Участвует в конкурсе";"2231141";"—"
"2797";"5";"—";"247000";"82 90 73";"2000";"Участвует в конкурсе";"1244979";"—"
"2798";"9";"—";"247000";"94 83 67";"3000";"Участвует в конкурсе";"1770872";"—"
"2799";"2";"—";"247000";"92 80 72";"3000";"Участвует в конкурсе";"2253022";"—"
"2800";"6";"—";"247000";"88 83 73";"3000";"Участвует в конкурсе";"2159073";"—"
"2801";"1";"—";"247000";"88 75 81";"3000";"Участвует в конкурсе";"2246860";"—"
"2802";"9";"—";"247000";"86 80 78";"3000";"Участвует в конкурсе";"1291839";"—"
"2803";"1";"—";"247000";"86 72 86";"3000";"Участвует в конкурсе";"1627305";"—"
"2804";"2";"—";"247000";"84 85 75";"3000";"Участвует в конкурсе";"2219042";"—"
"2805";"15";"—";"247000";"80 78 86";"3000";"Участвует в конкурсе";"1984861";"—"
"2806";"1";"—";"247000";"78 80 86";"3000";"Участвует в конкурсе";"1421566";"—"
"2807";"6";"—";"247000";"80 90 73";"4000";"Участвует в конкурсе";"1366563";"—"
"2808";"2";"—";"247000";"86 80 75";"6000";"Участвует в конкурсе";"1648328";"—"
"2809";"3";"—";"247000";"90 80 69";"8000";"Участвует в конкурсе";"1246537";"—"
"2810";"14";"—";"247000";"94 62 81";"10000";"Участвует в конкурсе";"1199396";"—"
"2811";"1";"—";"247000";"90 64 83";"10000";"Участвует в конкурсе";"1611473";"—"
"2812";"4";"—";"247000";"88 83 66";"10000";"Участвует в конкурсе";"1384509";"—"
"2813";"7";"—";"247000";"84 80 73";"10000";"Участвует в конкурсе";"1605666";"—"
"2815";"11";"—";"247000";"76 80 81";"10000";"Участвует в конкурсе";"2163674";"—"
"2817";"1";"—";"247000";"74 85 78";"10000";"Участвует в конкурсе";"1549094";"—"
"2819";"6";"Электронное";"247000";"74 72 91";"10000";"Участвует в конкурсе";"2022159";"—"
"2821";"1";"Электронное";"246000";"90 83 73";"—";"Участвует в конкурсе";"1721002";"—"
"2822";"6";"—";"246000";"90 75 81";"—";"Участвует в конкурсе";"2288623";"—"
"2823";"1";"—";"246000";"88 100 58";"—";"Участвует в конкурсе";"1077846";"—"
"2825";"1";"—";"246000";"88 86 72";"—";"Участвует в конкурсе";"1655141";"—"
"2827";"4";"—";"246000";"88 83 75";"—";"Участвует в конкурсе";"1617548";"—"
"2829";"11";"—";"246000";"86 85 75";"—";"Участвует в конкурсе";"1572899";"—"
"2830";"24";"—";"246000";"84 90 72";"—";"Участвует в конкурсе";"1571939";"—"
"2831";"1";"Электронное";"246000";"84 90 72";"—";"Участвует в конкурсе";"1353069";"—"
"2833";"6";"—";"246000";"80 88 78";"—";"Участвует в конкурсе";"2056458";"—"
"2834";"12";"—";"246000";"80 85 81";"—";"Участвует в конкурсе";"2367595";"—"
"2835";"4";"—";"246000";"80 83 83";"—";"Участвует в конкурсе";"1826533";"—"
"2836";"6";"—";"246000";"80 80 86";"—";"Участвует в конкурсе";"1979966";"—"
"2838";"5";"—";"246000";"72 85 89";"—";"Участвует в конкурсе";"2177417";"—"
"2839";"6";"—";"246000";"90 72 81";"3000";"Участвует в конкурсе";"2270328";"—"
"2840";"1";"—";"246000";"88 80 75";"3000";"Участвует в конкурсе";"1796106";"—"
"2841";"1";"—";"246000";"82 83 78";"3000";"Участвует в конкурсе";"1304869";"—"
"2842";"7";"—";"246000";"80 93 70";"3000";"Участвует в конкурсе";"1179895";"—"
"2843";"4";"Электронное";"246000";"80 85 78";"3000";"Участвует в конкурсе";"1359006";"—"
"2844";"11";"—";"246000";"74 80 89";"3000";"Участвует в конкурсе";"1963334";"—"
"2845";"2";"—";"246000";"76 85 78";"7000";"Участвует в конкурсе";"1497456";"—"
"2847";"10";"—";"246000";"86 80 70";"10000";"Участвует в конкурсе";"2258887";"—"
"2848";"3";"—";"246000";"86 78 72";"10000";"Участвует в конкурсе";"1517685";"—"
"2849";"9";"—";"246000";"86 75 75";"10000";"Участвует в конкурсе";"1852289";"—"
"2850";"3";"—";"246000";"86 64 86";"10000";"Участвует в конкурсе";"2257218";"—"
"2852";"5";"—";"246000";"80 78 78";"10000";"Участвует в конкурсе";"1556581";"—"
"2853";"1";"—";"246000";"78 88 70";"10000";"Участвует в конкурсе";"1314923";"—"
"2855";"5";"—";"246000";"72 83 81";"10000";"Участвует в конкурсе";"1892599";"—"
"2856";"18";"Электронное";"246000";"72 78 86";"10000";"Участвует в конкурсе";"1499331";"—"
"2857";"1";"—";"245000";"100 78 67";"—";"Участвует в конкурсе";"1712970";"—"
"2858";"1";"—";"245000";"94 85 66";"—";"Участвует в конкурсе";"1287652";"—"
"2860";"3";"—";"245000";"92 75 78";"—";"Участвует в конкурсе";"1854270";"—"
"2861";"2";"—";"245000";"92 75 78";"—";"Участвует в конкурсе";"831600";"—"
"2862";"9";"—";"245000";"90 85 70";"—";"Участвует в конкурсе";"1975377";"—"
"2863";"18";"—";"245000";"90 80 75";"—";"Участвует в конкурсе";"1645058";"—"
"2865";"1";"—";"245000";"86 78 81";"—";"Участвует в конкурсе";"2421624";"—"
"2866";"12";"—";"245000";"84 88 73";"—";"Участвует в конкурсе";"1622455";"—"
"2867";"5";"—";"245000";"84 88 73";"—";"Участвует в конкурсе";"1028167";"—"
"2868";"12";"—";"245000";"84 83 78";"—";"Участвует в конкурсе";"1350721";"—"
"2869";"3";"—";"245000";"84 83 78";"—";"Участвует в конкурсе";"1363249";"—"
"2870";"9";"—";"245000";"84 80 81";"—";"Участвует в конкурсе";"1071963";"—"
"2871";"27";"—";"245000";"84 78 83";"—";"Участвует в конкурсе";"1435716";"—"
"2872";"12";"—";"245000";"84 70 91";"—";"Участвует в конкурсе";"2222986";"—"
"2873";"8";"—";"245000";"82 85 78";"—";"Участвует в конкурсе";"1415797";"—"
"2874";"15";"Электронное";"245000";"82 80 83";"—";"Участвует в конкурсе";"1176861";"—"
"2875";"12";"—";"245000";"78 98 69";"—";"Участвует в конкурсе";"1409728";"—"
"2876";"8";"Электронное";"245000";"76 88 81";"—";"Участвует в конкурсе";"1795772";"—"
"2877";"6";"—";"245000";"76 78 91";"—";"Участвует в конкурсе";"1998721";"—"
"2878";"10";"Электронное";"245000";"82 80 81";"2000";"Участвует в конкурсе";"1284288";"—"
"2879";"1";"—";"245000";"95 78 69";"3000";"Участвует в конкурсе";"2259685";"—"
"2881";"4";"—";"245000";"84 80 78";"3000";"Участвует в конкурсе";"1584870";"—"
"2882";"9";"—";"245000";"82 85 75";"3000";"Участвует в конкурсе";"1798317";"—"
"2883";"5";"—";"245000";"80 62 100";"3000";"Участвует в конкурсе";"1274207";"—"
"2884";"3";"Электронное";"245000";"78 83 81";"3000";"Участвует в конкурсе";"2412870";"—"
"2885";"2";"—";"245000";"86 88 66";"5000";"Участвует в конкурсе";"1619582";"—"
"2886";"4";"—";"245000";"84 78 78";"5000";"Участвует в конкурсе";"1290778";"—"
"2887";"1";"Электронное";"245000";"80 85 75";"5000";"Участвует в конкурсе";"1774227";"—"
"2888";"7";"—";"245000";"96 70 73";"6000";"Участвует в конкурсе";"2260039";"—"
"2889";"2";"—";"245000";"90 90 58";"7000";"Участвует в конкурсе";"1637370";"—"
"2890";"1";"—";"245000";"82 83 73";"7000";"Участвует в конкурсе";"2055358";"—"
"2891";"1";"—";"245000";"82 78 78";"7000";"Участвует в конкурсе";"1953657";"—"
"2892";"7";"—";"245000";"86 88 63";"8000";"Участвует в конкурсе";"1786293";"—"
"2893";"6";"—";"245000";"84 78 75";"8000";"Участвует в конкурсе";"1437671";"—"
"2894";"2";"—";"245000";"92 80 63";"10000";"Участвует в конкурсе";"2312543";"—"
"2895";"1";"—";"245000";"86 80 69";"10000";"Участвует в конкурсе";"984674";"—"
"2896";"4";"—";"245000";"84 70 81";"10000";"Участвует в конкурсе";"2340151";"—"
"2897";"7";"—";"245000";"82 75 78";"10000";"Участвует в конкурсе";"1977750";"—"
"2898";"1";"—";"245000";"82 72 81";"10000";"Участвует в конкурсе";"985447";"—"
"2899";"9";"—";"245000";"82 72 81";"10000";"Участвует в конкурсе";"1725531";"—"
"2900";"1";"—";"245000";"82 67 86";"10000";"Участвует в конкурсе";"1365779";"—"
"2901";"9";"Электронное";"245000";"80 85 70";"10000";"Участвует в конкурсе";"2245282";"—"
"2902";"7";"—";"245000";"80 72 83";"10000";"Участвует в конкурсе";"1303603";"—"
"2903";"11";"—";"245000";"78 88 69";"10000";"Участвует в конкурсе";"1284721";"—"
"2905";"4";"—";"245000";"76 78 81";"10000";"Участвует в конкурсе";"2173630";"—"
"2906";"9";"—";"245000";"74 80 81";"10000";"Участвует в конкурсе";"1632890";"—"
"2907";"5";"—";"245000";"72 80 83";"10000";"Участвует в конкурсе";"1551109";"—"
"2908";"2";"—";"245000";"72 80 83";"10000";"Участвует в конкурсе";"2415899";"—"
"2909";"6";"Электронное";"245000";"72 72 91";"10000";"Участвует в конкурсе";"1077367";"—"
"2910";"1";"—";"244000";"99 70 75";"—";"Участвует в конкурсе";"1053969";"—"
"2911";"1";"—";"244000";"95 80 69";"—";"Участвует в конкурсе";"1289786";"—"
"2912";"1";"—";"244000";"94 75 75";"—";"Участвует в конкурсе";"2121763";"—"
"2913";"2";"—";"244000";"94 72 78";"—";"Участвует в конкурсе";"1411437";"—"
"2914";"12";"—";"244000";"90 85 69";"—";"Участвует в конкурсе";"1519689";"—"
"2915";"1";"—";"244000";"90 85 69";"—";"Участвует в конкурсе";"2331907";"—"
"2916";"14";"—";"244000";"88 83 73";"—";"Участвует в конкурсе";"1291692";"—"
"2917";"11";"—";"244000";"88 83 73";"—";"Участвует в конкурсе";"2244194";"—"
"2918";"1";"Электронное";"244000";"86 83 75";"—";"Участвует в конкурсе";"1442230";"—"
"2919";"3";"—";"244000";"86 80 78";"—";"Участвует в конкурсе";"1940830";"—"
"2920";"10";"—";"244000";"86 80 78";"—";"Участвует в конкурсе";"1621692";"—"
"2921";"22";"—";"244000";"86 75 83";"—";"Участвует в конкурсе";"2310508";"—"
"2922";"4";"—";"244000";"84 90 70";"—";"Участвует в конкурсе";"2272296";"—"
"2924";"1";"—";"244000";"82 93 69";"—";"Участвует в конкурсе";"1850310";"—"
"2925";"5";"—";"244000";"82 90 72";"—";"Участвует в конкурсе";"2250399";"—"
"2926";"6";"—";"244000";"78 83 83";"—";"Участвует в конкурсе";"2052895";"—"
"2927";"3";"—";"244000";"78 80 86";"—";"Участвует в конкурсе";"1260609";"—"
"2928";"1";"Электронное";"244000";"94 80 67";"3000";"Участвует в конкурсе";"2091450";"—"
"2930";"1";"—";"244000";"90 70 81";"3000";"Участвует в конкурсе";"1196153";"—"
"2931";"3";"—";"244000";"84 93 64";"3000";"Участвует в конкурсе";"2224708";"—"
"2932";"15";"—";"244000";"84 85 72";"3000";"Участвует в конкурсе";"1518122";"—"
"2933";"2";"—";"244000";"84 85 72";"3000";"Участвует в конкурсе";"1504212";"—"
"2934";"2";"—";"244000";"80 80 81";"3000";"Участвует в конкурсе";"1905923";"—"
"2935";"2";"—";"244000";"92 80 67";"5000";"Участвует в конкурсе";"1249158";"—"
"2936";"3";"—";"244000";"84 85 70";"5000";"Участвует в конкурсе";"1860231";"—"
"2937";"6";"—";"244000";"86 78 70";"10000";"Участвует в конкурсе";"1932309";"—"
"2938";"1";"—";"244000";"86 78 70";"10000";"Участвует в конкурсе";"2213873";"—"
"2939";"7";"—";"244000";"86 70 78";"10000";"Участвует в конкурсе";"1253985";"—"
"2941";"8";"—";"244000";"84 72 78";"10000";"Участвует в конкурсе";"1754079";"—"
"2942";"4";"—";"244000";"78 78 78";"10000";"Участвует в конкурсе";"1264688";"—"
"2943";"7";"—";"244000";"78 78 78";"10000";"Участвует в конкурсе";"2039655";"—"
"2944";"5";"Электронное";"244000";"78 75 81";"10000";"Участвует в конкурсе";"2228274";"—"
"2945";"12";"—";"244000";"76 80 78";"10000";"Участвует в конкурсе";"1683474";"—"
"2946";"3";"—";"244000";"76 75 83";"10000";"Участвует в конкурсе";"2226799";"—"
"2947";"4";"—";"244000";"76 75 83";"10000";"Участвует в конкурсе";"2341029";"—"
"2948";"10";"—";"244000";"64 83 87";"10000";"Участвует в конкурсе";"1003824";"—"
"2950";"1";"—";"243000";"99 80 64";"—";"Участвует в конкурсе";"2270264";"—"
"2951";"1";"—";"243000";"98 75 70";"—";"Участвует в конкурсе";"2314899";"—"
"2952";"16";"Электронное";"243000";"95 85 63";"—";"Участвует в конкурсе";"2005858";"—"
"2953";"1";"—";"243000";"92 78 73";"—";"Участвует в конкурсе";"2063517";"—"
"2954";"1";"—";"243000";"90 80 73";"—";"Участвует в конкурсе";"2286589";"—"
"2956";"1";"—";"243000";"90 72 81";"—";"Участвует в конкурсе";"1334448";"—"
"2957";"6";"—";"243000";"90 72 81";"—";"Участвует в конкурсе";"1847657";"—"
"2958";"9";"—";"243000";"84 90 69";"—";"Участвует в конкурсе";"1576148";"—"
"2959";"12";"—";"243000";"82 83 78";"—";"Участвует в конкурсе";"1614528";"—"
"2960";"3";"Электронное";"243000";"82 83 78";"—";"Участвует в конкурсе";"1585332";"—"
"2963";"2";"Электронное";"243000";"94 85 61";"3000";"Участвует в конкурсе";"1998081";"—"
"2964";"1";"—";"243000";"90 72 78";"3000";"Участвует в конкурсе";"1997538";"—"
"2965";"12";"—";"243000";"84 75 81";"3000";"Участвует в конкурсе";"2315528";"—"
"2966";"17";"—";"243000";"80 90 70";"3000";"Участвует в конкурсе";"1392643";"—"
"2967";"26";"—";"243000";"74 83 83";"3000";"Участвует в конкурсе";"2134878";"—"
"2968";"17";"—";"243000";"74 83 83";"3000";"Участвует в конкурсе";"2246400";"—"
"2969";"4";"Электронное";"243000";"88 72 78";"5000";"Участвует в конкурсе";"979496";"—"
"2970";"13";"—";"243000";"84 85 69";"5000";"Участвует в конкурсе";"1750643";"—"
"2971";"6";"—";"243000";"72 75 91";"5000";"Участвует в конкурсе";"1032279";"—"
"2972";"1";"—";"243000";"92 72 70";"9000";"Участвует в конкурсе";"1350842";"—"
"2973";"3";"—";"243000";"90 62 81";"10000";"Участвует в конкурсе";"1307110";"—"
"2974";"5";"—";"243000";"86 75 72";"10000";"Участвует в конкурсе";"1581765";"—"
"2975";"6";"—";"243000";"82 78 73";"10000";"Участвует в конкурсе";"1642551";"—"
"2977";"14";"—";"243000";"80 80 73";"10000";"Участвует в конкурсе";"2002461";"—"
"2978";"2";"—";"243000";"80 75 78";"10000";"Участвует в конкурсе";"1379850";"—"
"2979";"6";"—";"243000";"80 75 78";"10000";"Участвует в конкурсе";"2254549";"—"
"2980";"5";"—";"243000";"80 75 78";"10000";"Участвует в конкурсе";"1711079";"—"
"2981";"7";"—";"243000";"80 72 81";"10000";"Участвует в конкурсе";"1176594";"—"
"2982";"5";"—";"243000";"80 72 81";"10000";"Участвует в конкурсе";"1566252";"—"
"2983";"7";"Электронное";"243000";"78 83 72";"10000";"Участвует в конкурсе";"1635524";"—"
"2984";"3";"—";"243000";"78 80 75";"10000";"Участвует в конкурсе";"1472919";"—"
"2986";"2";"—";"242000";"100 75 67";"—";"Участвует в конкурсе";"2217574";"—"
"2987";"1";"Электронное";"242000";"94 62 86";"—";"Участвует в конкурсе";"1279185";"—"
"2988";"18";"—";"242000";"92 78 72";"—";"Участвует в конкурсе";"2253690";"—"
"2989";"2";"—";"242000";"86 67 89";"—";"Участвует в конкурсе";"1711837";"—"
"2990";"12";"—";"242000";"84 95 63";"—";"Участвует в конкурсе";"1405612";"—"
"2991";"29";"—";"242000";"84 83 75";"—";"Участвует в конкурсе";"2342730";"—"
"2992";"3";"—";"242000";"84 80 78";"—";"Участвует в конкурсе";"2040575";"—"
"2993";"1";"—";"242000";"82 100 60";"—";"Участвует в конкурсе";"1909611";"—"
"2994";"2";"—";"242000";"82 90 70";"—";"Участвует в конкурсе";"1691248";"—"
"2995";"9";"—";"242000";"82 85 75";"—";"Участвует в конкурсе";"2136696";"—"
"2996";"1";"—";"242000";"82 85 75";"—";"Участвует в конкурсе";"2349227";"—"
"2997";"7";"—";"242000";"82 85 75";"—";"Участвует в конкурсе";"2424477";"—"
"2998";"25";"—";"242000";"80 93 69";"—";"Участвует в конкурсе";"2201796";"—"
"2999";"3";"Электронное";"242000";"78 83 81";"—";"Участвует в конкурсе";"1346095";"—"
"3000";"1";"—";"242000";"78 83 81";"—";"Участвует в конкурсе";"1964685";"—"
"3001";"8";"—";"242000";"78 83 81";"—";"Участвует в конкурсе";"2392377";"—"
"3002";"8";"—";"242000";"84 78 78";"2000";"Участвует в конкурсе";"2263084";"—"
"3005";"1";"—";"242000";"78 88 73";"3000";"Участвует в конкурсе";"1982480";"—"
"3006";"3";"—";"242000";"76 80 83";"3000";"Участвует в конкурсе";"1487420";"—"
"3007";"4";"—";"242000";"74 98 67";"3000";"Участвует в конкурсе";"1408099";"—"
"3008";"12";"—";"242000";"86 78 73";"5000";"Участвует в конкурсе";"1565317";"—"
"3009";"25";"—";"242000";"82 88 67";"5000";"Участвует в конкурсе";"2096871";"—"
"3010";"1";"—";"242000";"72 90 75";"5000";"Участвует в конкурсе";"1157734";"—"
"3011";"5";"—";"242000";"94 80 61";"7000";"Участвует в конкурсе";"2303991";"—"
"3012";"7";"—";"242000";"84 75 73";"10000";"Участвует в конкурсе";"1364459";"—"
"3013";"3";"—";"242000";"82 80 70";"10000";"Участвует в конкурсе";"1247864";"—"
"3014";"5";"—";"242000";"82 78 72";"10000";"Участвует в конкурсе";"2365261";"—"
"3015";"10";"Электронное";"242000";"82 75 75";"10000";"Участвует в конкурсе";"1514051";"—"
"3018";"2";"—";"242000";"78 85 69";"10000";"Участвует в конкурсе";"1206624";"—"
"3020";"9";"—";"242000";"76 83 73";"10000";"Участвует в конкурсе";"2393331";"—"
"3021";"1";"—";"241000";"96 78 67";"—";"Участвует в конкурсе";"1241004";"—"
"3023";"2";"—";"241000";"88 80 73";"—";"Участвует в конкурсе";"1961551";"—"
"3024";"2";"—";"241000";"88 80 73";"—";"Участвует в конкурсе";"1613796";"—"
"3025";"1";"—";"241000";"88 62 91";"—";"Участвует в конкурсе";"2176542";"—"
"3026";"8";"—";"241000";"86 85 70";"—";"Участвует в конкурсе";"1156751";"—"
"3027";"1";"—";"241000";"86 80 75";"—";"Участвует в конкурсе";"1303267";"—"
"3028";"4";"—";"241000";"86 80 75";"—";"Участвует в конкурсе";"2409668";"—"
"3029";"5";"—";"241000";"82 93 66";"—";"Участвует в конкурсе";"2343276";"—"
"3031";"7";"—";"241000";"80 83 78";"—";"Участвует в конкурсе";"1234503";"—"
"3032";"2";"—";"241000";"80 80 81";"—";"Участвует в конкурсе";"2158241";"—"
"3033";"4";"Электронное";"241000";"70 85 86";"—";"Участвует в конкурсе";"2253047";"—"
"3034";"3";"—";"241000";"70 80 91";"—";"Участвует в конкурсе";"1352953";"—"
"3035";"6";"—";"241000";"82 88 69";"2000";"Участвует в конкурсе";"1611834";"—"
"3036";"4";"—";"241000";"94 80 64";"3000";"Участвует в конкурсе";"2040343";"—"
"3037";"8";"—";"241000";"94 78 66";"3000";"Участвует в конкурсе";"1606181";"—"
"3038";"2";"Электронное";"241000";"82 93 63";"3000";"Участвует в конкурсе";"1365566";"—"
"3039";"2";"—";"241000";"80 85 73";"3000";"Участвует в конкурсе";"1542729";"—"
"3040";"15";"—";"241000";"80 80 78";"3000";"Участвует в конкурсе";"1716361";"—"
"3041";"8";"Электронное";"241000";"78 88 72";"3000";"Участвует в конкурсе";"1239139";"—"
"3042";"11";"—";"241000";"78 85 75";"3000";"Участвует в конкурсе";"1038104";"—"
"3043";"19";"Электронное";"241000";"74 83 78";"6000";"Участвует в конкурсе";"1178944";"—"
"3044";"6";"—";"241000";"84 83 67";"7000";"Участвует в конкурсе";"1453280";"—"
"3045";"8";"—";"241000";"78 85 70";"8000";"Участвует в конкурсе";"1519144";"—"
"3046";"7";"Электронное";"241000";"92 88 51";"10000";"Участвует в конкурсе";"1932116";"—"
"3047";"5";"Электронное";"241000";"86 62 83";"10000";"Участвует в конкурсе";"1914110";"—"
"3048";"5";"—";"241000";"84 72 75";"10000";"Участвует в конкурсе";"1204199";"—"
"3049";"7";"—";"241000";"80 85 66";"10000";"Участвует в конкурсе";"1613916";"—"
"3050";"4";"Электронное";"241000";"80 78 73";"10000";"Участвует в конкурсе";"1170865";"—"
"3051";"21";"—";"241000";"78 80 73";"10000";"Участвует в конкурсе";"1994580";"—"
"3052";"7";"—";"241000";"78 80 73";"10000";"Участвует в конкурсе";"2181549";"—"
"3053";"4";"—";"241000";"78 75 78";"10000";"Участвует в конкурсе";"1728792";"—"
"3054";"7";"—";"241000";"78 75 78";"10000";"Участвует в конкурсе";"2272351";"—"
"3056";"1";"—";"241000";"78 67 86";"10000";"Участвует в конкурсе";"1484539";"—"
"3057";"15";"Электронное";"241000";"76 80 75";"10000";"Участвует в конкурсе";"1495757";"—"
"3059";"10";"—";"241000";"72 78 81";"10000";"Участвует в конкурсе";"2344265";"—"
"3060";"10";"—";"241000";"70 70 91";"10000";"Участвует в конкурсе";"2273021";"—"
"3061";"4";"—";"240000";"100 67 73";"—";"Участвует в конкурсе";"1438642";"—"
"3062";"4";"Электронное";"240000";"90 90 60";"—";"Участвует в конкурсе";"1282851";"—"
"3063";"8";"—";"240000";"90 83 67";"—";"Участвует в конкурсе";"1573529";"—"
"3065";"2";"—";"240000";"86 85 69";"—";"Участвует в конкурсе";"1259317";"—"
"3066";"1";"—";"240000";"86 85 69";"—";"Участвует в конкурсе";"1716992";"—"
"3067";"7";"Электронное";"240000";"84 93 63";"—";"Участвует в конкурсе";"1686222";"—"
"3069";"7";"—";"240000";"84 78 78";"—";"Участвует в конкурсе";"1192890";"—"
"3070";"2";"—";"240000";"80 90 70";"—";"Участвует в конкурсе";"2292956";"—"
"3071";"6";"Электронное";"240000";"97 67 73";"3000";"Участвует в конкурсе";"2071585";"—"
"3072";"4";"Электронное";"240000";"88 80 69";"3000";"Участвует в конкурсе";"1142325";"—"
"3073";"1";"—";"240000";"84 83 70";"3000";"Участвует в конкурсе";"2314851";"—"
"3074";"5";"—";"240000";"84 78 75";"3000";"Участвует в конкурсе";"1640075";"—"
"3075";"6";"—";"240000";"84 72 81";"3000";"Участвует в конкурсе";"2244376";"—"
"3076";"8";"—";"240000";"84 72 81";"3000";"Участвует в конкурсе";"2231074";"—"
"3077";"1";"—";"240000";"82 80 75";"3000";"Участвует в конкурсе";"1517801";"—"
"3078";"5";"—";"240000";"80 88 69";"3000";"Участвует в конкурсе";"1367331";"—"
"3079";"10";"—";"240000";"80 85 72";"3000";"Участвует в конкурсе";"1425244";"—"
"3080";"11";"—";"240000";"78 93 66";"3000";"Участвует в конкурсе";"1264209";"—"
"3081";"21";"—";"240000";"82 75 78";"5000";"Участвует в конкурсе";"1285720";"—"
"3082";"6";"—";"240000";"94 83 57";"6000";"Участвует в конкурсе";"1916288";"—"
"3083";"2";"—";"240000";"94 64 72";"10000";"Участвует в конкурсе";"1425483";"—"
"3085";"1";"—";"240000";"82 75 73";"10000";"Участвует в конкурсе";"1216170";"—"
"3086";"2";"Электронное";"240000";"82 75 73";"10000";"Участвует в конкурсе";"2413385";"—"
"3087";"2";"—";"240000";"80 75 75";"10000";"Участвует в конкурсе";"1856775";"—"
"3088";"9";"—";"240000";"80 72 78";"10000";"Участвует в конкурсе";"1925920";"—"
"3089";"1";"—";"240000";"78 83 69";"10000";"Участвует в конкурсе";"1999066";"—"
"3090";"4";"—";"240000";"74 95 61";"10000";"Участвует в конкурсе";"1853299";"—"
"3091";"2";"—";"240000";"74 83 73";"10000";"Участвует в конкурсе";"1635943";"—"
"3092";"4";"—";"239000";"94 88 57";"—";"Участвует в конкурсе";"2219475";"—"
"3093";"2";"—";"239000";"94 75 70";"—";"Участвует в конкурсе";"2080396";"—"
"3094";"1";"Электронное";"239000";"92 75 72";"—";"Участвует в конкурсе";"1359352";"—"
"3095";"2";"—";"239000";"90 83 66";"—";"Участвует в конкурсе";"2290286";"—"
"3096";"7";"—";"239000";"86 83 70";"—";"Участвует в конкурсе";"1786013";"—"
"3097";"3";"—";"239000";"86 80 73";"—";"Участвует в конкурсе";"1500826";"—"
"3098";"5";"—";"239000";"86 80 73";"—";"Участвует в конкурсе";"1906551";"—"
"3099";"1";"—";"239000";"86 78 75";"—";"Участвует в конкурсе";"1583370";"—"
"3100";"8";"—";"239000";"86 78 75";"—";"Участвует в конкурсе";"1720411";"—"
"3101";"1";"—";"239000";"86 75 78";"—";"Участвует в конкурсе";"1355963";"—"
"3102";"13";"—";"239000";"84 72 83";"—";"Участвует в конкурсе";"2272408";"—"
"3103";"13";"Электронное";"239000";"82 88 69";"—";"Участвует в конкурсе";"1502615";"—"
"3104";"3";"—";"239000";"82 85 72";"—";"Участвует в конкурсе";"1977864";"—"
"3105";"11";"—";"239000";"80 90 69";"—";"Участвует в конкурсе";"2243345";"—"
"3106";"10";"—";"239000";"78 83 78";"—";"Участвует в конкурсе";"1893739";"—"
"3107";"2";"—";"239000";"78 83 78";"—";"Участвует в конкурсе";"1938793";"—"
"3109";"1";"Электронное";"239000";"78 80 81";"—";"Участвует в конкурсе";"1179284";"—"
"3110";"1";"Электронное";"239000";"78 78 83";"—";"Участвует в конкурсе";"1717657";"—"
"3111";"7";"—";"239000";"76 80 83";"—";"Участвует в конкурсе";"1839278";"—"
"3112";"4";"Электронное";"239000";"74 93 72";"—";"Участвует в конкурсе";"2198173";"—"
"3113";"5";"Электронное";"239000";"74 90 75";"—";"Участвует в конкурсе";"1910404";"—"
"3114";"1";"—";"239000";"64 78 97";"—";"Участвует в конкурсе";"2173682";"—"
"3115";"10";"—";"239000";"82 72 83";"2000";"Участвует в конкурсе";"2200604";"—"
"3116";"5";"Электронное";"239000";"86 78 72";"3000";"Участвует в конкурсе";"2167604";"—"
"3117";"2";"—";"239000";"82 85 69";"3000";"Участвует в конкурсе";"2255488";"—"
"3118";"6";"—";"239000";"80 70 86";"3000";"Участвует в конкурсе";"1196318";"—"
"3119";"1";"—";"239000";"78 80 78";"3000";"Участвует в конкурсе";"1417349";"—"
"3120";"5";"—";"239000";"78 72 86";"3000";"Участвует в конкурсе";"1043038";"—"
"3121";"5";"Электронное";"239000";"74 90 72";"3000";"Участвует в конкурсе";"1365302";"—"
"3122";"8";"—";"239000";"82 83 67";"7000";"Участвует в конкурсе";"958562";"—"
"3123";"2";"—";"239000";"100 64 67";"8000";"Участвует в конкурсе";"1077659";"—"
"3125";"5";"—";"239000";"82 80 67";"10000";"Участвует в конкурсе";"1689839";"—"
"3126";"6";"—";"239000";"80 80 69";"10000";"Участвует в конкурсе";"1948129";"—"
"3127";"6";"—";"239000";"80 80 69";"10000";"Участвует в конкурсе";"1043072";"—"
"3128";"6";"—";"239000";"76 78 75";"10000";"Участвует в конкурсе";"1459945";"—"
"3129";"1";"—";"239000";"76 75 78";"10000";"Участвует в конкурсе";"1190243";"—"
"3130";"4";"—";"239000";"76 70 83";"10000";"Участвует в конкурсе";"1209621";"—"
"3131";"2";"—";"239000";"76 64 89";"10000";"Участвует в конкурсе";"2311425";"—"
"3132";"1";"—";"238000";"95 80 63";"—";"Участвует в конкурсе";"2337673";"—"
"3133";"6";"Электронное";"238000";"90 78 70";"—";"Участвует в конкурсе";"1860740";"—"
"3134";"3";"—";"238000";"90 67 81";"—";"Участвует в конкурсе";"2343952";"—"
"3135";"4";"Электронное";"238000";"86 85 67";"—";"Участвует в конкурсе";"1949556";"—"
"3136";"2";"—";"238000";"84 88 66";"—";"Участвует в конкурсе";"1401356";"—"
"3137";"6";"—";"238000";"84 85 69";"—";"Участвует в конкурсе";"1649222";"—"
"3138";"4";"—";"238000";"82 83 73";"—";"Участвует в конкурсе";"1177182";"—"
"3139";"15";"Электронное";"238000";"82 75 81";"—";"Участвует в конкурсе";"2253678";"—"
"3140";"7";"—";"238000";"82 70 86";"—";"Участвует в конкурсе";"1821472";"—"
"3141";"29";"—";"238000";"80 85 73";"—";"Участвует в конкурсе";"986183";"—"
"3142";"5";"Электронное";"238000";"80 83 75";"—";"Участвует в конкурсе";"1406403";"—"
"3143";"4";"—";"238000";"80 75 83";"—";"Участвует в конкурсе";"1432529";"—"
"3144";"1";"—";"238000";"80 67 91";"—";"Участвует в конкурсе";"2315919";"—"
"3145";"6";"Электронное";"238000";"78 85 75";"—";"Участвует в конкурсе";"1753980";"—"
"3146";"2";"Электронное";"238000";"74 83 81";"—";"Участвует в конкурсе";"1684328";"—"
"3147";"1";"—";"238000";"88 85 63";"2000";"Участвует в конкурсе";"1212265";"—"
"3148";"2";"—";"238000";"78 83 75";"2000";"Участвует в конкурсе";"1103065";"—"
"3149";"1";"—";"238000";"88 80 67";"3000";"Участвует в конкурсе";"1337542";"—"
"3150";"15";"—";"238000";"86 80 69";"3000";"Участвует в конкурсе";"1995663";"—"
"3152";"6";"—";"238000";"84 70 81";"3000";"Участвует в конкурсе";"1998290";"—"
"3153";"6";"—";"238000";"76 78 81";"3000";"Участвует в конкурсе";"1650359";"—"
"3154";"2";"—";"238000";"82 78 73";"5000";"Участвует в конкурсе";"2041960";"—"
"3155";"21";"—";"238000";"78 83 72";"5000";"Участвует в конкурсе";"1121254";"—"
"3157";"2";"—";"238000";"86 67 75";"10000";"Участвует в конкурсе";"1514330";"—"
"3158";"1";"—";"238000";"86 64 78";"10000";"Участвует в конкурсе";"2295746";"—"
"3159";"5";"—";"238000";"84 72 72";"10000";"Участвует в конкурсе";"2187633";"—"
"3161";"5";"Электронное";"238000";"80 70 78";"10000";"Участвует в конкурсе";"1477925";"—"
"3162";"19";"Электронное";"238000";"78 75 75";"10000";"Участвует в конкурсе";"1731696";"—"
"3163";"1";"—";"238000";"78 75 75";"10000";"Участвует в конкурсе";"1706403";"—"
"3164";"2";"—";"238000";"70 67 91";"10000";"Участвует в конкурсе";"2230298";"—"
"3165";"2";"—";"237000";"92 67 78";"—";"Участвует в конкурсе";"1423990";"—"
"3166";"4";"—";"237000";"90 75 72";"—";"Участвует в конкурсе";"1336864";"—"
"3167";"23";"—";"237000";"88 88 61";"—";"Участвует в конкурсе";"1747799";"—"
"3169";"2";"—";"237000";"84 83 70";"—";"Участвует в конкурсе";"1996013";"—"
"3171";"5";"—";"237000";"82 80 75";"—";"Участвует в конкурсе";"2056151";"—"
"3172";"1";"—";"237000";"78 93 66";"—";"Участвует в конкурсе";"1339553";"—"
"3173";"4";"—";"237000";"78 78 81";"—";"Участвует в конкурсе";"1565597";"—"
"3175";"19";"—";"237000";"76 80 81";"—";"Участвует в конкурсе";"1907156";"—"
"3176";"1";"—";"237000";"76 75 86";"—";"Участвует в конкурсе";"992490";"—"
"3177";"10";"—";"237000";"74 100 63";"—";"Участвует в конкурсе";"1291304";"—"
"3178";"6";"—";"237000";"74 78 85";"—";"Участвует в конкурсе";"2415612";"—"
"3179";"3";"Электронное";"237000";"92 64 78";"3000";"Участвует в конкурсе";"2342203";"—"
"3181";"11";"Электронное";"237000";"82 80 72";"3000";"Участвует в конкурсе";"981989";"—"
"3182";"2";"—";"237000";"80 90 64";"3000";"Участвует в конкурсе";"1417225";"—"
"3183";"3";"—";"237000";"76 75 83";"3000";"Участвует в конкурсе";"1207596";"—"
"3184";"10";"Электронное";"237000";"82 85 64";"6000";"Участвует в конкурсе";"1461836";"—"
"3185";"2";"Электронное";"237000";"80 83 67";"7000";"Участвует в конкурсе";"979473";"—"
"3186";"1";"Электронное";"237000";"76 83 70";"8000";"Участвует в конкурсе";"1344503";"—"
"3187";"5";"—";"237000";"82 67 78";"10000";"Участвует в конкурсе";"1262634";"—"
"3188";"8";"—";"237000";"80 80 67";"10000";"Участвует в конкурсе";"2242951";"—"
"3189";"3";"Электронное";"237000";"80 64 83";"10000";"Участвует в конкурсе";"2255497";"—"
"3190";"8";"—";"237000";"76 90 61";"10000";"Участвует в конкурсе";"2269816";"—"
"3191";"4";"—";"237000";"76 85 66";"10000";"Участвует в конкурсе";"1955084";"—"
"3192";"2";"—";"237000";"76 70 81";"10000";"Участвует в конкурсе";"1633571";"—"
"3193";"2";"—";"237000";"74 83 70";"10000";"Участвует в конкурсе";"1486769";"—"
"3195";"6";"—";"236000";"95 83 58";"—";"Участвует в конкурсе";"1179910";"—"
"3196";"1";"—";"236000";"92 80 64";"—";"Участвует в конкурсе";"1462626";"—"
"3197";"5";"—";"236000";"92 75 69";"—";"Участвует в конкурсе";"1200119";"—"
"3198";"12";"—";"236000";"90 80 66";"—";"Участвует в конкурсе";"1775188";"—"
"3199";"9";"—";"236000";"88 93 55";"—";"Участвует в конкурсе";"1906103";"—"
"3200";"5";"—";"236000";"86 90 60";"—";"Участвует в конкурсе";"1698907";"—"
"3201";"1";"—";"236000";"86 75 75";"—";"Участвует в конкурсе";"2211208";"—"
"3202";"21";"—";"236000";"84 80 72";"—";"Участвует в конкурсе";"1697327";"—"
"3203";"2";"—";"236000";"84 80 72";"—";"Участвует в конкурсе";"1228692";"—"
"3204";"8";"—";"236000";"82 85 69";"—";"Участвует в конкурсе";"2038226";"—"
"3205";"1";"—";"236000";"80 83 73";"—";"Участвует в конкурсе";"1563932";"—"
"3206";"4";"—";"236000";"80 83 73";"—";"Участвует в конкурсе";"2259468";"—"
"3207";"5";"Электронное";"236000";"80 78 78";"—";"Участвует в конкурсе";"2003312";"—"
"3208";"16";"—";"236000";"78 88 70";"—";"Участвует в конкурсе";"1648581";"—"
"3209";"17";"—";"236000";"78 85 73";"—";"Участвует в конкурсе";"2346140";"—"
"3210";"18";"—";"236000";"78 80 78";"—";"Участвует в конкурсе";"2271871";"—"
"3211";"11";"—";"236000";"78 75 83";"—";"Участвует в конкурсе";"2312375";"—"
"3212";"10";"—";"236000";"72 70 94";"—";"Участвует в конкурсе";"2257671";"—"
"3213";"20";"—";"236000";"76 80 78";"2000";"Участвует в конкурсе";"1962801";"—"
"3214";"10";"—";"236000";"74 85 75";"2000";"Участвует в конкурсе";"2047374";"—"
"3215";"5";"—";"236000";"90 70 73";"3000";"Участвует в конкурсе";"1958876";"—"
"3216";"3";"—";"236000";"86 83 64";"3000";"Участвует в конкурсе";"2006471";"—"
"3217";"21";"—";"236000";"84 85 64";"3000";"Участвует в конкурсе";"1287679";"—"
"3218";"3";"—";"236000";"84 83 66";"3000";"Участвует в конкурсе";"1999026";"—"
"3220";"4";"Электронное";"236000";"78 88 67";"3000";"Участвует в конкурсе";"2099062";"—"
"3222";"5";"—";"236000";"78 72 83";"3000";"Участвует в конкурсе";"1424077";"—"
"3223";"4";"—";"236000";"80 83 67";"6000";"Участвует в конкурсе";"1415681";"—"
"3225";"5";"—";"236000";"88 78 60";"10000";"Участвует в конкурсе";"1680243";"—"
"3228";"1";"—";"236000";"78 85 63";"10000";"Участвует в конкурсе";"1390302";"—"
"3229";"10";"—";"236000";"78 67 81";"10000";"Участвует в конкурсе";"1965048";"—"
"3230";"9";"—";"236000";"76 80 70";"10000";"Участвует в конкурсе";"2403195";"—"
"3231";"13";"—";"235000";"92 70 73";"—";"Участвует в конкурсе";"2264860";"—"
"3232";"4";"—";"235000";"88 72 75";"—";"Участвует в конкурсе";"1425458";"—"
"3233";"10";"—";"235000";"86 85 64";"—";"Участвует в конкурсе";"1339109";"—"
"3234";"1";"—";"235000";"86 80 69";"—";"Участвует в конкурсе";"1913939";"—"
"3237";"11";"—";"235000";"82 78 75";"—";"Участвует в конкурсе";"1999167";"—"
"3238";"24";"Электронное";"235000";"82 78 75";"—";"Участвует в конкурсе";"2003542";"—"
"3239";"2";"—";"235000";"82 75 78";"—";"Участвует в конкурсе";"1847359";"—"
"3240";"2";"—";"235000";"82 67 86";"—";"Участвует в конкурсе";"1283509";"—"
"3241";"3";"—";"235000";"80 72 83";"—";"Участвует в конкурсе";"2310704";"—"
"3243";"18";"Электронное";"235000";"84 80 69";"2000";"Участвует в конкурсе";"959429";"—"
"3244";"1";"—";"235000";"88 80 64";"3000";"Участвует в конкурсе";"1177791";"—"
"3245";"3";"—";"235000";"84 78 70";"3000";"Участвует в конкурсе";"1410481";"—"
"3246";"17";"Электронное";"235000";"84 75 73";"3000";"Участвует в конкурсе";"1610774";"—"
"3247";"8";"—";"235000";"84 67 81";"3000";"Участвует в конкурсе";"1200641";"—"
"3248";"6";"Электронное";"235000";"82 80 70";"3000";"Участвует в конкурсе";"1577144";"—"
"3249";"25";"—";"235000";"80 83 69";"3000";"Участвует в конкурсе";"2344939";"—"
"3250";"2";"—";"235000";"80 80 72";"3000";"Участвует в конкурсе";"2204801";"—"
"3251";"15";"Электронное";"235000";"84 83 63";"5000";"Участвует в конкурсе";"1853891";"—"
"3252";"3";"—";"235000";"82 85 63";"5000";"Участвует в конкурсе";"1134387";"—"
"3254";"2";"Электронное";"235000";"80 72 73";"10000";"Участвует в конкурсе";"1478417";"—"
"3255";"11";"—";"235000";"76 80 69";"10000";"Участвует в конкурсе";"1340372";"—"
"3256";"2";"Электронное";"235000";"76 80 69";"10000";"Участвует в конкурсе";"1567492";"—"
"3257";"1";"—";"235000";"74 62 89";"10000";"Участвует в конкурсе";"1790978";"—"
"3258";"2";"—";"235000";"72 67 86";"10000";"Участвует в конкурсе";"2198188";"—"
"3259";"15";"—";"235000";"70 85 70";"10000";"Участвует в конкурсе";"1547609";"—"
"3260";"5";"—";"234000";"96 80 58";"—";"Участвует в конкурсе";"2027462";"—"
"3261";"1";"—";"234000";"94 80 60";"—";"Участвует в конкурсе";"2378653";"—"
"3262";"7";"—";"234000";"88 83 63";"—";"Участвует в конкурсе";"2251948";"—"
"3263";"5";"—";"234000";"88 80 66";"—";"Участвует в конкурсе";"1645185";"—"
"3264";"6";"—";"234000";"88 80 66";"—";"Участвует в конкурсе";"1843308";"—"
"3265";"1";"—";"234000";"86 78 70";"—";"Участвует в конкурсе";"2148866";"—"
"3266";"6";"—";"234000";"84 80 70";"—";"Участвует в конкурсе";"2093142";"—"
"3267";"5";"Электронное";"234000";"84 75 75";"—";"Участвует в конкурсе";"1964944";"—"
"3268";"2";"—";"234000";"84 72 78";"—";"Участвует в конкурсе";"978991";"—"
"3269";"3";"—";"234000";"82 85 67";"—";"Участвует в конкурсе";"1624554";"—"
"3270";"1";"—";"234000";"82 83 69";"—";"Участвует в конкурсе";"1901263";"—"
"3271";"9";"—";"234000";"82 83 69";"—";"Участвует в конкурсе";"2178817";"—"
"3272";"1";"—";"234000";"82 80 72";"—";"Участвует в конкурсе";"1482160";"—"
"3273";"10";"—";"234000";"80 85 69";"—";"Участвует в конкурсе";"2207333";"—"
"3274";"6";"—";"234000";"78 83 73";"—";"Участвует в конкурсе";"1938352";"—"
"3277";"12";"—";"234000";"80 83 69";"2000";"Участвует в конкурсе";"1342003";"—"
"3278";"13";"Электронное";"234000";"94 67 70";"3000";"Участвует в конкурсе";"2269546";"—"
"3279";"6";"—";"234000";"86 78 67";"3000";"Участвует в конкурсе";"1175679";"—"
"3280";"5";"—";"234000";"84 78 69";"3000";"Участвует в конкурсе";"1915960";"—"
"3281";"6";"Электронное";"234000";"80 88 63";"3000";"Участвует в конкурсе";"2256490";"—"
"3283";"18";"—";"234000";"74 85 72";"3000";"Участвует в конкурсе";"1261172";"—"
"3284";"5";"—";"234000";"84 75 70";"5000";"Участвует в конкурсе";"1213669";"—"
"3285";"13";"—";"234000";"78 90 60";"6000";"Участвует в конкурсе";"1585778";"—"
"3286";"8";"—";"234000";"78 75 75";"6000";"Участвует в конкурсе";"1586526";"—"
"3287";"4";"—";"234000";"84 85 58";"7000";"Участвует в конкурсе";"1364107";"—"
"3288";"7";"—";"234000";"90 70 64";"10000";"Участвует в конкурсе";"2263375";"—"
"3291";"2";"—";"234000";"84 67 73";"10000";"Участвует в конкурсе";"1936886";"—"
"3292";"3";"—";"234000";"82 72 70";"10000";"Участвует в конкурсе";"1996585";"—"
"3293";"10";"—";"234000";"80 72 72";"10000";"Участвует в конкурсе";"2249187";"—"
"3294";"3";"—";"234000";"80 72 72";"10000";"Участвует в конкурсе";"1884193";"—"
"3295";"7";"Электронное";"234000";"78 83 63";"10000";"Участвует в конкурсе";"1350241";"—"
"3296";"19";"—";"234000";"76 70 78";"10000";"Участвует в конкурсе";"2100508";"—"
"3298";"20";"—";"234000";"74 80 70";"10000";"Участвует в конкурсе";"2247353";"—"
"3299";"3";"—";"234000";"74 75 75";"10000";"Участвует в конкурсе";"1433600";"—"
"3300";"1";"—";"233000";"96 51 86";"—";"Участвует в конкурсе";"1491104";"—"
"3301";"4";"—";"233000";"88 78 67";"—";"Участвует в конкурсе";"1960491";"—"
"3302";"8";"Электронное";"233000";"84 85 64";"—";"Участвует в конкурсе";"1478675";"—"
"3303";"2";"—";"233000";"84 83 66";"—";"Участвует в конкурсе";"2181196";"—"
"3304";"12";"Электронное";"233000";"84 80 69";"—";"Участвует в конкурсе";"1987417";"—"
"3305";"1";"Электронное";"233000";"82 78 73";"—";"Участвует в конкурсе";"2338212";"—"
"3306";"3";"—";"233000";"80 83 70";"—";"Участвует в конкурсе";"1480047";"—"
"3307";"4";"—";"233000";"80 78 75";"—";"Участвует в конкурсе";"1652883";"—"
"3309";"4";"—";"233000";"80 75 78";"—";"Участвует в конкурсе";"1499749";"—"
"3310";"2";"—";"233000";"80 64 89";"—";"Участвует в конкурсе";"1280155";"—"
"3311";"1";"—";"233000";"78 83 72";"—";"Участвует в конкурсе";"976046";"—"
"3312";"1";"—";"233000";"74 78 81";"—";"Участвует в конкурсе";"2294012";"—"
"3313";"2";"—";"233000";"72 80 81";"—";"Участвует в конкурсе";"2179726";"—"
"3314";"2";"—";"233000";"78 83 70";"2000";"Участвует в конкурсе";"1645656";"—"
"3315";"1";"—";"233000";"82 75 73";"3000";"Участвует в конкурсе";"1506404";"—"
"3316";"26";"—";"233000";"76 85 69";"3000";"Участвует в конкурсе";"1986305";"—"
"3317";"7";"—";"233000";"74 78 78";"3000";"Участвует в конкурсе";"1337025";"—"
"3318";"12";"Электронное";"233000";"84 80 63";"6000";"Участвует в конкурсе";"1252028";"—"
"3319";"6";"—";"233000";"84 56 83";"10000";"Участвует в конкурсе";"2267452";"—"
"3321";"2";"Электронное";"233000";"80 70 73";"10000";"Участвует в конкурсе";"1040300";"—"
"3322";"14";"Электронное";"233000";"76 72 75";"10000";"Участвует в конкурсе";"1338346";"—"
"3323";"5";"—";"233000";"72 70 81";"10000";"Участвует в конкурсе";"1182772";"—"
"3324";"1";"—";"232000";"90 64 78";"—";"Участвует в конкурсе";"1943055";"—"
"3325";"1";"—";"232000";"88 75 69";"—";"Участвует в конкурсе";"957094";"—"
"3326";"5";"—";"232000";"88 75 69";"—";"Участвует в конкурсе";"1196425";"—"
"3327";"5";"—";"232000";"82 83 67";"—";"Участвует в конкурсе";"1265801";"—"
"3328";"2";"—";"232000";"82 80 70";"—";"Участвует в конкурсе";"959761";"—"
"3329";"4";"—";"232000";"82 78 72";"—";"Участвует в конкурсе";"1490909";"—"
"3330";"4";"—";"232000";"82 67 83";"—";"Участвует в конкурсе";"1798278";"—"
"3331";"2";"Электронное";"232000";"78 85 69";"—";"Участвует в конкурсе";"1729459";"—"
"3332";"1";"—";"232000";"74 88 70";"—";"Участвует в конкурсе";"1293994";"—"
"3334";"14";"—";"232000";"72 88 72";"—";"Участвует в конкурсе";"1520724";"—"
"3335";"3";"Электронное";"232000";"66 75 91";"—";"Участвует в конкурсе";"1074547";"—"
"3336";"1";"—";"232000";"88 72 69";"3000";"Участвует в конкурсе";"1515737";"—"
"3337";"2";"Электронное";"232000";"86 70 73";"3000";"Участвует в конкурсе";"1259578";"—"
"3338";"1";"—";"232000";"82 78 69";"3000";"Участвует в конкурсе";"1636190";"—"
"3339";"30";"—";"232000";"78 85 66";"3000";"Участвует в конкурсе";"1181412";"—"
"3340";"11";"—";"232000";"76 80 73";"3000";"Участвует в конкурсе";"1962242";"—"
"3341";"3";"—";"232000";"76 67 86";"3000";"Участвует в конкурсе";"1198182";"—"
"3342";"3";"—";"232000";"76 67 86";"3000";"Участвует в конкурсе";"1262810";"—"
"3343";"2";"—";"232000";"100 56 66";"10000";"Участвует в конкурсе";"1769669";"—"
"3344";"8";"Электронное";"232000";"80 78 64";"10000";"Участвует в конкурсе";"1838680";"—"
"3345";"7";"—";"232000";"80 72 70";"10000";"Участвует в конкурсе";"1651074";"—"
"3346";"7";"—";"232000";"80 64 78";"10000";"Участвует в конкурсе";"1816397";"—"
"3347";"10";"Электронное";"232000";"78 80 64";"10000";"Участвует в конкурсе";"1909893";"—"
"3348";"4";"—";"232000";"78 78 66";"10000";"Участвует в конкурсе";"1280027";"—"
"3349";"3";"—";"232000";"74 70 78";"10000";"Участвует в конкурсе";"2205774";"—"
"3350";"6";"—";"232000";"74 67 81";"10000";"Участвует в конкурсе";"1567115";"—"
"3351";"7";"—";"232000";"74 54 94";"10000";"Участвует в конкурсе";"1195519";"—"
"3352";"1";"—";"232000";"72 75 75";"10000";"Участвует в конкурсе";"1645118";"—"
"3353";"5";"—";"232000";"72 72 78";"10000";"Участвует в конкурсе";"2044562";"—"
"3355";"2";"Электронное";"231000";"86 72 73";"—";"Участвует в конкурсе";"1514753";"—"
"3356";"13";"—";"231000";"86 67 78";"—";"Участвует в конкурсе";"1258980";"—"
"3357";"2";"—";"231000";"84 80 67";"—";"Участвует в конкурсе";"1099761";"—"
"3358";"8";"—";"231000";"84 78 69";"—";"Участвует в конкурсе";"2054535";"—"
"3359";"4";"—";"231000";"84 75 72";"—";"Участвует в конкурсе";"2074817";"—"
"3360";"1";"—";"231000";"84 75 72";"—";"Участвует в конкурсе";"2261374";"—"
"3361";"7";"—";"231000";"84 75 72";"—";"Участвует в конкурсе";"1961871";"—"
"3363";"5";"—";"231000";"82 85 64";"—";"Участвует в конкурсе";"1567631";"—"
"3364";"1";"—";"231000";"82 83 66";"—";"Участвует в конкурсе";"1578826";"—"
"3365";"2";"—";"231000";"82 83 66";"—";"Участвует в конкурсе";"1985461";"—"
"3366";"4";"—";"231000";"82 80 69";"—";"Участвует в конкурсе";"2209061";"—"
"3367";"9";"—";"231000";"82 80 69";"—";"Участвует в конкурсе";"2314812";"—"
"3368";"1";"—";"231000";"80 78 73";"—";"Участвует в конкурсе";"1198097";"—"
"3370";"8";"—";"231000";"80 78 73";"—";"Участвует в конкурсе";"2422017";"—"
"3372";"3";"—";"231000";"78 83 70";"—";"Участвует в конкурсе";"2251206";"—"
"3373";"4";"—";"231000";"78 83 70";"—";"Участвует в конкурсе";"1195924";"—"
"3374";"11";"Электронное";"231000";"78 80 73";"—";"Участвует в конкурсе";"2226762";"—"
"3375";"1";"Электронное";"231000";"78 75 78";"—";"Участвует в конкурсе";"1729299";"—"
"3376";"2";"—";"231000";"78 70 83";"—";"Участвует в конкурсе";"2265776";"—"
"3378";"9";"—";"231000";"78 67 86";"—";"Участвует в конкурсе";"2282843";"—"
"3379";"1";"—";"231000";"76 83 72";"—";"Участвует в конкурсе";"1654967";"—"
"3380";"17";"—";"231000";"76 83 72";"—";"Участвует в конкурсе";"2359041";"—"
"3381";"6";"—";"231000";"76 80 75";"—";"Участвует в конкурсе";"1403924";"—"
"3383";"1";"—";"231000";"70 90 71";"—";"Участвует в конкурсе";"1620335";"—"
"3384";"1";"—";"231000";"70 72 89";"—";"Участвует в конкурсе";"2120532";"—"
"3386";"4";"—";"231000";"86 70 72";"3000";"Участвует в конкурсе";"2268689";"—"
"3387";"2";"—";"231000";"86 67 75";"3000";"Участвует в конкурсе";"1795535";"—"
"3388";"2";"—";"231000";"84 75 69";"3000";"Участвует в конкурсе";"2208994";"—"
"3389";"3";"—";"231000";"84 72 72";"3000";"Участвует в конкурсе";"1515719";"—"
"3390";"4";"—";"231000";"80 75 73";"3000";"Участвует в конкурсе";"1897834";"—"
"3391";"14";"—";"231000";"78 80 70";"3000";"Участвует в конкурсе";"1255183";"—"
"3393";"8";"Электронное";"231000";"76 83 69";"3000";"Участвует в конкурсе";"2394073";"—"
"3394";"2";"—";"231000";"84 85 57";"5000";"Участвует в конкурсе";"1217958";"—"
"3395";"5";"—";"231000";"84 67 70";"10000";"Участвует в конкурсе";"1410715";"—"
"3396";"15";"—";"231000";"80 72 69";"10000";"Участвует в конкурсе";"2121098";"—"
"3397";"18";"—";"231000";"76 78 67";"10000";"Участвует в конкурсе";"1857462";"—"
"3398";"29";"Электронное";"231000";"76 70 75";"10000";"Участвует в конкурсе";"1981865";"—"
"3399";"2";"Электронное";"231000";"74 75 72";"10000";"Участвует в конкурсе";"2148449";"—"
"3400";"14";"—";"231000";"58 80 83";"10000";"Участвует в конкурсе";"2362575";"—"
"3401";"3";"Электронное";"230000";"86 80 64";"—";"Участвует в конкурсе";"1311849";"—"
"3402";"3";"—";"230000";"82 78 70";"—";"Участвует в конкурсе";"2182025";"—"
"3403";"4";"—";"230000";"82 75 73";"—";"Участвует в конкурсе";"1965038";"—"
"3405";"2";"Электронное";"230000";"78 80 72";"—";"Участвует в конкурсе";"2043595";"—"
"3408";"4";"—";"230000";"68 75 87";"—";"Участвует в конкурсе";"2411047";"—"
"3409";"6";"—";"230000";"84 80 64";"2000";"Участвует в конкурсе";"1177820";"—"
"3411";"1";"—";"230000";"80 64 83";"3000";"Участвует в конкурсе";"2181000";"—"
"3412";"5";"—";"230000";"80 64 83";"3000";"Участвует в конкурсе";"1178303";"—"
"3414";"15";"—";"230000";"78 80 69";"3000";"Участвует в конкурсе";"1958178";"—"
"3415";"2";"Электронное";"230000";"76 70 81";"3000";"Участвует в конкурсе";"1364772";"—"
"3416";"20";"—";"230000";"74 80 73";"3000";"Участвует в конкурсе";"1912315";"—"
"3417";"4";"—";"230000";"74 80 73";"3000";"Участвует в конкурсе";"2142563";"—"
"3418";"2";"—";"230000";"80 75 70";"5000";"Участвует в конкурсе";"2001893";"—"
"3419";"11";"Электронное";"230000";"78 80 67";"5000";"Участвует в конкурсе";"1358041";"—"
"3420";"3";"Электронное";"230000";"74 85 66";"5000";"Участвует в конкурсе";"1362590";"—"
"3421";"4";"—";"230000";"74 67 83";"6000";"Участвует в конкурсе";"1377868";"—"
"3422";"9";"—";"230000";"82 80 60";"8000";"Участвует в конкурсе";"1260377";"—"
"3424";"12";"Электронное";"230000";"84 72 64";"10000";"Участвует в конкурсе";"1621803";"—"
"3425";"3";"—";"230000";"84 64 72";"10000";"Участвует в конкурсе";"1261881";"—"
"3426";"3";"Электронное";"230000";"82 78 60";"10000";"Участвует в конкурсе";"2271868";"—"
"3427";"7";"—";"230000";"72 67 81";"10000";"Участвует в конкурсе";"1877084";"—"
"3428";"5";"Электронное";"230000";"64 70 86";"10000";"Участвует в конкурсе";"2331257";"—"
"3429";"1";"—";"229000";"86 85 58";"—";"Участвует в конкурсе";"2290476";"—"
"3430";"1";"—";"229000";"84 78 67";"—";"Участвует в конкурсе";"1840308";"—"
"3431";"2";"—";"229000";"84 75 70";"—";"Участвует в конкурсе";"2088714";"—"
"3432";"11";"—";"229000";"82 78 69";"—";"Участвует в конкурсе";"1965024";"—"
"3433";"5";"—";"229000";"78 90 61";"—";"Участвует в конкурсе";"1641232";"—"
"3434";"5";"Электронное";"229000";"76 80 73";"—";"Участвует в конкурсе";"1209019";"—"
"3435";"15";"Электронное";"229000";"76 75 78";"—";"Участвует в конкурсе";"1779685";"—"
"3436";"2";"Электронное";"229000";"74 83 72";"—";"Участвует в конкурсе";"1245291";"—"
"3438";"15";"—";"229000";"74 83 72";"—";"Участвует в конкурсе";"1833362";"—"
"3439";"6";"—";"229000";"72 88 69";"—";"Участвует в конкурсе";"1579689";"—"
"3440";"2";"—";"229000";"72 85 72";"—";"Участвует в конкурсе";"2037385";"—"
"3442";"17";"—";"229000";"84 75 67";"3000";"Участвует в конкурсе";"2241797";"—"
"3443";"4";"—";"229000";"82 72 72";"3000";"Участвует в конкурсе";"2054810";"—"
"3444";"13";"Электронное";"229000";"74 80 72";"3000";"Участвует в конкурсе";"1442868";"—"
"3445";"1";"—";"229000";"70 78 78";"3000";"Участвует в конкурсе";"2245565";"—"
"3446";"1";"—";"229000";"74 72 78";"5000";"Участвует в конкурсе";"1215571";"—"
"3448";"1";"—";"229000";"94 59 66";"10000";"Участвует в конкурсе";"1636499";"—"
"3449";"6";"—";"229000";"82 54 83";"10000";"Участвует в конкурсе";"1337629";"—"
"3450";"18";"—";"229000";"80 78 61";"10000";"Участвует в конкурсе";"2218929";"—"
"3451";"5";"Электронное";"229000";"80 72 67";"10000";"Участвует в конкурсе";"1287561";"—"
"3452";"2";"—";"229000";"80 70 69";"10000";"Участвует в конкурсе";"1263478";"—"
"3453";"10";"Электронное";"229000";"80 67 72";"10000";"Участвует в конкурсе";"2263973";"—"
"3454";"7";"—";"229000";"74 67 78";"10000";"Участвует в конкурсе";"2040377";"—"
"3455";"9";"Электронное";"229000";"74 67 78";"10000";"Участвует в конкурсе";"1166861";"—"
"3456";"8";"—";"229000";"72 75 72";"10000";"Участвует в конкурсе";"1982574";"—"
"3458";"22";"—";"229000";"70 80 69";"10000";"Участвует в конкурсе";"1772035";"—"
"3459";"1";"—";"229000";"58 100 61";"10000";"Участвует в конкурсе";"1816600";"—"
"3460";"1";"Электронное";"228000";"84 83 61";"—";"Участвует в конкурсе";"1203994";"—"
"3461";"4";"—";"228000";"84 78 66";"—";"Участвует в конкурсе";"1330460";"—"
"3462";"4";"Электронное";"228000";"84 72 72";"—";"Участвует в конкурсе";"1400535";"—"
"3463";"1";"—";"228000";"84 72 72";"—";"Участвует в конкурсе";"2197075";"—"
"3464";"10";"—";"228000";"82 80 66";"—";"Участвует в конкурсе";"1353474";"—"
"3466";"9";"—";"228000";"78 78 72";"—";"Участвует в конкурсе";"1797167";"—"
"3467";"1";"Электронное";"228000";"78 72 78";"—";"Участвует в конкурсе";"1286153";"—"
"3469";"2";"—";"228000";"76 88 64";"—";"Участвует в конкурсе";"1102572";"—"
"3471";"19";"—";"228000";"72 78 78";"—";"Участвует в конкурсе";"2313210";"—"
"3473";"2";"—";"228000";"92 75 58";"3000";"Участвует в конкурсе";"2242481";"—"
"3474";"10";"—";"228000";"74 78 73";"3000";"Участвует в конкурсе";"1284348";"—"
"3475";"2";"Электронное";"228000";"82 75 66";"5000";"Участвует в конкурсе";"2229505";"—"
"3476";"12";"—";"228000";"84 72 64";"8000";"Участвует в конкурсе";"1710384";"—"
"3477";"9";"—";"228000";"80 72 67";"9000";"Участвует в конкурсе";"1133255";"—"
"3478";"1";"Электронное";"228000";"84 70 64";"10000";"Участвует в конкурсе";"1174754";"—"
"3480";"2";"—";"228000";"84 62 72";"10000";"Участвует в конкурсе";"2335431";"—"
"3481";"9";"Электронное";"228000";"78 70 70";"10000";"Участвует в конкурсе";"2004972";"—"
"3482";"6";"—";"228000";"78 67 73";"10000";"Участвует в конкурсе";"1513013";"—"
"3483";"3";"—";"228000";"78 67 73";"10000";"Участвует в конкурсе";"1888542";"—"
"3484";"1";"—";"228000";"76 75 67";"10000";"Участвует в конкурсе";"1847683";"—"
"3485";"16";"—";"228000";"76 72 70";"10000";"Участвует в конкурсе";"1717486";"—"
"3486";"1";"—";"228000";"76 64 78";"10000";"Участвует в конкурсе";"2294584";"—"
"3487";"1";"—";"228000";"74 78 66";"10000";"Участвует в конкурсе";"1918404";"—"
"3488";"10";"—";"227000";"92 78 57";"—";"Участвует в конкурсе";"1860324";"—"
"3489";"9";"Электронное";"227000";"88 67 72";"—";"Участвует в конкурсе";"1655253";"—"
"3490";"4";"—";"227000";"84 80 63";"—";"Участвует в конкурсе";"2297239";"—"
"3491";"3";"—";"227000";"82 72 73";"—";"Участвует в конкурсе";"2207802";"—"
"3492";"3";"—";"227000";"80 80 67";"—";"Участвует в конкурсе";"1816350";"—"
"3493";"4";"—";"227000";"80 78 69";"—";"Участвует в конкурсе";"2096357";"—"
"3494";"1";"—";"227000";"78 83 66";"—";"Участвует в конкурсе";"1204295";"—"
"3495";"7";"—";"227000";"76 78 73";"—";"Участвует в конкурсе";"2049553";"—"
"3496";"14";"—";"227000";"74 75 78";"—";"Участвует в конкурсе";"1441823";"—"
"3497";"5";"—";"227000";"74 75 78";"—";"Участвует в конкурсе";"2047489";"—"
"3498";"5";"Электронное";"227000";"74 72 81";"—";"Участвует в конкурсе";"974501";"—"
"3499";"2";"—";"227000";"72 80 75";"—";"Участвует в конкурсе";"2097762";"—"
"3500";"1";"—";"227000";"72 78 75";"2000";"Участвует в конкурсе";"1645823";"—"
"3501";"16";"—";"227000";"72 75 78";"2000";"Участвует в конкурсе";"1663933";"—"
"3502";"3";"—";"227000";"90 64 70";"3000";"Участвует в конкурсе";"1999455";"—"
"3503";"1";"—";"227000";"80 80 64";"3000";"Участвует в конкурсе";"2181487";"—"
"3504";"6";"Электронное";"227000";"78 80 66";"3000";"Участвует в конкурсе";"1343846";"—"
"3505";"4";"Электронное";"227000";"78 80 66";"3000";"Участвует в конкурсе";"1289454";"—"
"3506";"8";"Электронное";"227000";"78 80 66";"3000";"Участвует в конкурсе";"1428119";"—"
"3507";"2";"—";"227000";"74 78 72";"3000";"Участвует в конкурсе";"1651349";"—"
"3508";"2";"—";"227000";"72 88 64";"3000";"Участвует в конкурсе";"1653196";"—"
"3509";"1";"—";"227000";"88 54 75";"10000";"Участвует в конкурсе";"2411293";"—"
"3510";"4";"—";"227000";"86 62 69";"10000";"Участвует в конкурсе";"1522619";"—"
"3511";"21";"—";"227000";"80 56 81";"10000";"Участвует в конкурсе";"1596961";"—"
"3512";"10";"—";"227000";"78 72 67";"10000";"Участвует в конкурсе";"1515194";"—"
"3513";"8";"—";"227000";"78 67 72";"10000";"Участвует в конкурсе";"2206503";"—"
"3514";"2";"—";"227000";"76 80 61";"10000";"Участвует в конкурсе";"1435987";"—"
"3515";"2";"—";"227000";"76 78 63";"10000";"Участвует в конкурсе";"1986500";"—"
"3516";"5";"—";"227000";"76 78 63";"10000";"Участвует в конкурсе";"2403753";"—"
"3517";"14";"—";"227000";"76 75 66";"10000";"Участвует в конкурсе";"2218053";"—"
"3518";"2";"—";"227000";"72 72 73";"10000";"Участвует в конкурсе";"1577699";"—"
"3519";"1";"—";"227000";"72 72 73";"10000";"Участвует в конкурсе";"2331060";"—"
"3520";"3";"—";"227000";"64 67 86";"10000";"Участвует в конкурсе";"2001099";"—"
"3521";"10";"—";"226000";"86 70 70";"—";"Участвует в конкурсе";"2099183";"—"
"3522";"12";"—";"226000";"84 75 67";"—";"Участвует в конкурсе";"2172336";"—"
"3524";"4";"Электронное";"226000";"82 78 66";"—";"Участвует в конкурсе";"1647351";"—"
"3525";"1";"—";"226000";"82 75 69";"—";"Участвует в конкурсе";"1887491";"—"
"3526";"2";"—";"226000";"82 72 72";"—";"Участвует в конкурсе";"1636859";"—"
"3527";"7";"—";"226000";"82 72 72";"—";"Участвует в конкурсе";"2225164";"—"
"3528";"3";"Электронное";"226000";"76 80 70";"—";"Участвует в конкурсе";"1040302";"—"
"3529";"19";"Электронное";"226000";"74 80 72";"—";"Участвует в конкурсе";"1203631";"—"
"3530";"10";"—";"226000";"70 75 81";"—";"Участвует в конкурсе";"2425685";"—"
"3532";"8";"—";"226000";"70 90 64";"2000";"Участвует в конкурсе";"1995306";"—"
"3533";"15";"—";"226000";"86 67 70";"3000";"Участвует в конкурсе";"2327567";"—"
"3534";"1";"—";"226000";"84 67 72";"3000";"Участвует в конкурсе";"1964277";"—"
"3535";"5";"—";"226000";"82 75 66";"3000";"Участвует в конкурсе";"1310140";"—"
"3536";"20";"—";"226000";"80 83 60";"3000";"Участвует в конкурсе";"1764782";"—"
"3538";"2";"—";"226000";"78 70 75";"3000";"Участвует в конкурсе";"1481464";"—"
"3539";"2";"—";"226000";"76 80 67";"3000";"Участвует в конкурсе";"1563391";"—"
"3540";"4";"—";"226000";"70 80 73";"3000";"Участвует в конкурсе";"1405787";"—"
"3541";"4";"Электронное";"226000";"82 70 70";"4000";"Участвует в конкурсе";"1857681";"—"
"3542";"4";"—";"226000";"82 64 70";"10000";"Участвует в конкурсе";"1251019";"—"
"3543";"11";"—";"226000";"82 62 72";"10000";"Участвует в конкурсе";"2315155";"—"
"3544";"8";"—";"226000";"80 70 66";"10000";"Участвует в конкурсе";"2400339";"—"
"3545";"6";"—";"226000";"76 67 73";"10000";"Участвует в конкурсе";"2417592";"—"
"3547";"3";"Электронное";"225000";"86 72 67";"—";"Участвует в конкурсе";"1056139";"—"
"3548";"2";"—";"225000";"86 70 69";"—";"Участвует в конкурсе";"1517228";"—"
"3549";"4";"—";"225000";"84 75 66";"—";"Участвует в конкурсе";"2167201";"—"
"3550";"2";"Электронное";"225000";"84 75 66";"—";"Участвует в конкурсе";"1401572";"—"
"3551";"1";"—";"225000";"82 85 58";"—";"Участвует в конкурсе";"1791101";"—"
"3552";"3";"—";"225000";"82 80 63";"—";"Участвует в конкурсе";"1239842";"—"
"3554";"3";"Электронное";"225000";"80 72 73";"—";"Участвует в конкурсе";"1644336";"—"
"3557";"4";"—";"225000";"78 72 75";"—";"Участвует в конкурсе";"2341062";"—"
"3558";"5";"—";"225000";"76 83 66";"—";"Участвует в конкурсе";"1268448";"—"
"3559";"2";"—";"225000";"76 83 66";"—";"Участвует в конкурсе";"1656829";"—"
"3560";"1";"—";"225000";"76 80 69";"—";"Участвует в конкурсе";"1344549";"—"
"3561";"10";"—";"225000";"74 78 73";"—";"Участвует в конкурсе";"2385498";"—"
"3562";"22";"—";"225000";"74 70 81";"—";"Участвует в конкурсе";"1911074";"—"
"3563";"13";"—";"225000";"72 67 86";"—";"Участвует в конкурсе";"1840531";"—"
"3564";"2";"—";"225000";"68 70 87";"—";"Участвует в конкурсе";"1290112";"—"
"3566";"22";"Электронное";"225000";"86 72 64";"3000";"Участвует в конкурсе";"1517868";"—"
"3567";"4";"—";"225000";"86 70 66";"3000";"Участвует в конкурсе";"2306598";"—"
"3568";"6";"—";"225000";"86 67 69";"3000";"Участвует в конкурсе";"2049967";"—"
"3569";"6";"—";"225000";"74 88 60";"3000";"Участвует в конкурсе";"1586262";"—"
"3570";"2";"Электронное";"225000";"74 78 70";"3000";"Участвует в конкурсе";"1581720";"—"
"3571";"16";"—";"225000";"72 83 67";"3000";"Участвует в конкурсе";"1026423";"—"
"3572";"11";"—";"225000";"76 78 63";"8000";"Участвует в конкурсе";"2251102";"—"
"3573";"4";"Электронное";"225000";"84 80 51";"10000";"Участвует в конкурсе";"2052485";"—"
"3574";"12";"—";"225000";"76 64 75";"10000";"Участвует в конкурсе";"2195347";"—"
"3575";"10";"—";"225000";"72 80 63";"10000";"Участвует в конкурсе";"1788408";"—"
"3576";"6";"—";"225000";"70 72 73";"10000";"Участвует в конкурсе";"2199393";"—"
"3577";"1";"—";"224000";"94 64 66";"—";"Участвует в конкурсе";"1459168";"—"
"3580";"1";"—";"224000";"90 67 67";"—";"Участвует в конкурсе";"1463948";"—"
"3581";"1";"—";"224000";"88 78 58";"—";"Участвует в конкурсе";"1487722";"—"
"3584";"3";"Электронное";"224000";"82 75 67";"—";"Участвует в конкурсе";"1197820";"—"
"3585";"4";"—";"224000";"82 75 67";"—";"Участвует в конкурсе";"1363137";"—"
"3586";"15";"Электронное";"224000";"82 75 67";"—";"Участвует в конкурсе";"1547316";"—"
"3587";"1";"—";"224000";"82 70 72";"—";"Участвует в конкурсе";"1213301";"—"
"3588";"3";"—";"224000";"82 70 72";"—";"Участвует в конкурсе";"1641899";"—"
"3589";"1";"—";"224000";"82 70 72";"—";"Участвует в конкурсе";"2267642";"—"
"3590";"6";"—";"224000";"80 80 64";"—";"Участвует в конкурсе";"1771352";"—"
"3591";"10";"—";"224000";"80 80 64";"—";"Участвует в конкурсе";"2270140";"—"
"3592";"18";"—";"224000";"76 88 60";"—";"Участвует в конкурсе";"2343240";"—"
"3593";"3";"—";"224000";"76 78 70";"—";"Участвует в конкурсе";"2311804";"—"
"3594";"10";"—";"224000";"76 78 70";"—";"Участвует в конкурсе";"1954008";"—"
"3596";"2";"—";"224000";"76 70 78";"—";"Участвует в конкурсе";"1509492";"—"
"3597";"2";"—";"224000";"74 80 70";"—";"Участвует в конкурсе";"1785840";"—"
"3598";"5";"—";"224000";"74 78 72";"—";"Участвует в конкурсе";"1282527";"—"
"3599";"2";"—";"224000";"74 78 72";"—";"Участвует в конкурсе";"1275082";"—"
"3600";"3";"—";"224000";"100 59 63";"2000";"Участвует в конкурсе";"1634572";"—"
"3601";"2";"—";"224000";"80 70 72";"2000";"Участвует в конкурсе";"2049272";"—"
"3602";"1";"—";"224000";"78 78 66";"2000";"Участвует в конкурсе";"1420853";"—"
"3605";"1";"—";"224000";"86 75 60";"3000";"Участвует в конкурсе";"1606825";"—"
"3606";"6";"Электронное";"224000";"80 78 63";"3000";"Участвует в конкурсе";"1174902";"—"
"3607";"2";"—";"224000";"78 70 73";"3000";"Участвует в конкурсе";"1785958";"—"
"3608";"14";"—";"224000";"76 62 83";"3000";"Участвует в конкурсе";"1908864";"—"
"3609";"2";"—";"224000";"74 78 69";"3000";"Участвует в конкурсе";"1790130";"—"
"3610";"9";"—";"224000";"70 78 73";"3000";"Участвует в конкурсе";"1786872";"—"
"3611";"6";"—";"224000";"70 70 81";"3000";"Участвует в конкурсе";"2158094";"—"
"3613";"8";"—";"224000";"82 59 73";"10000";"Участвует в конкурсе";"1360107";"—"
"3614";"9";"—";"224000";"80 64 70";"10000";"Участвует в конкурсе";"2391325";"—"
"3615";"13";"Электронное";"224000";"78 70 66";"10000";"Участвует в конкурсе";"1891692";"—"
"3617";"2";"—";"223000";"88 75 60";"—";"Участвует в конкурсе";"2133115";"—"
"3618";"1";"—";"223000";"86 64 73";"—";"Участвует в конкурсе";"1722499";"—"
"3619";"22";"—";"223000";"84 78 61";"—";"Участвует в конкурсе";"2217531";"—"
"3620";"1";"Электронное";"223000";"80 54 89";"—";"Участвует в конкурсе";"1513945";"—"
"3621";"9";"Электронное";"223000";"78 75 70";"—";"Участвует в конкурсе";"1904386";"—"
"3622";"12";"—";"223000";"78 72 73";"—";"Участвует в конкурсе";"1517809";"—"
"3623";"8";"—";"223000";"76 83 64";"—";"Участвует в конкурсе";"2107533";"—"
"3624";"3";"—";"223000";"76 83 64";"—";"Участвует в конкурсе";"1456251";"—"
"3625";"4";"—";"223000";"76 72 75";"—";"Участвует в конкурсе";"1175999";"—"
"3626";"7";"Электронное";"223000";"74 80 69";"—";"Участвует в конкурсе";"1902053";"—"
"3627";"3";"—";"223000";"74 80 69";"—";"Участвует в конкурсе";"1486159";"—"
"3628";"8";"—";"223000";"72 78 73";"—";"Участвует в конкурсе";"1004950";"—"
"3629";"1";"—";"223000";"72 64 87";"—";"Участвует в конкурсе";"2425275";"—"
"3630";"17";"—";"223000";"70 75 78";"—";"Участвует в конкурсе";"1545980";"—"
"3631";"17";"—";"223000";"70 62 91";"—";"Участвует в конкурсе";"1628547";"—"
"3632";"3";"Электронное";"223000";"82 75 63";"3000";"Участвует в конкурсе";"1911340";"—"
"3633";"1";"—";"223000";"80 67 73";"3000";"Участвует в конкурсе";"2052494";"—"
"3635";"8";"—";"223000";"76 72 72";"3000";"Участвует в конкурсе";"1299535";"—"
"3637";"1";"—";"223000";"92 72 54";"5000";"Участвует в конкурсе";"2213248";"—"
"3638";"9";"—";"223000";"84 54 75";"10000";"Участвует в конкурсе";"2183533";"—"
"3639";"6";"—";"223000";"74 72 67";"10000";"Участвует в конкурсе";"1285922";"—"
"3640";"1";"—";"223000";"70 70 73";"10000";"Участвует в конкурсе";"1353722";"—"
"3641";"1";"Электронное";"222000";"84 83 55";"—";"Участвует в конкурсе";"2249716";"—"
"3643";"8";"Электронное";"222000";"82 70 70";"—";"Участвует в конкурсе";"2262766";"—"
"3645";"2";"—";"222000";"80 72 70";"—";"Участвует в конкурсе";"1851398";"—"
"3646";"5";"—";"222000";"80 67 75";"—";"Участвует в конкурсе";"2238222";"—"
"3647";"2";"—";"222000";"78 78 66";"—";"Участвует в конкурсе";"2213927";"—"
"3648";"22";"Электронное";"222000";"78 75 69";"—";"Участвует в конкурсе";"2133320";"—"
"3649";"4";"—";"222000";"78 75 69";"—";"Участвует в конкурсе";"1102972";"—"
"3650";"10";"Электронное";"222000";"76 80 66";"—";"Участвует в конкурсе";"2394603";"—"
"3652";"9";"—";"222000";"74 70 78";"—";"Участвует в конкурсе";"1133922";"—"
"3653";"25";"—";"222000";"74 70 78";"—";"Участвует в конкурсе";"1957170";"—"
"3654";"5";"—";"222000";"74 70 78";"—";"Участвует в конкурсе";"2322954";"—"
"3655";"5";"—";"222000";"74 67 81";"—";"Участвует в конкурсе";"1177036";"—"
"3656";"3";"—";"222000";"72 75 75";"—";"Участвует в конкурсе";"2313005";"—"
"3657";"6";"—";"222000";"72 67 83";"—";"Участвует в конкурсе";"986334";"—"
"3658";"7";"—";"222000";"78 67 75";"2000";"Участвует в конкурсе";"2096623";"—"
"3660";"1";"—";"222000";"76 70 73";"3000";"Участвует в конкурсе";"1608456";"—"
"3661";"8";"—";"222000";"74 78 67";"3000";"Участвует в конкурсе";"1787513";"—"
"3662";"11";"Электронное";"222000";"70 83 66";"3000";"Участвует в конкурсе";"2321259";"—"
"3663";"2";"—";"222000";"64 67 86";"5000";"Участвует в конкурсе";"2293327";"—"
"3664";"3";"—";"222000";"76 62 78";"6000";"Участвует в конкурсе";"1907519";"—"
"3665";"18";"Электронное";"222000";"84 67 61";"10000";"Участвует в конкурсе";"1439452";"—"
"3666";"5";"Электронное";"222000";"84 62 66";"10000";"Участвует в конкурсе";"2142584";"—"
"3668";"3";"—";"222000";"74 78 60";"10000";"Участвует в конкурсе";"1275185";"—"
"3669";"3";"—";"222000";"72 80 60";"10000";"Участвует в конкурсе";"2255536";"—"
"3670";"6";"—";"222000";"72 70 70";"10000";"Участвует в конкурсе";"2291476";"—"
"3671";"4";"—";"222000";"72 67 73";"10000";"Участвует в конкурсе";"1194705";"—"
"3672";"1";"Электронное";"222000";"72 59 81";"10000";"Участвует в конкурсе";"1765891";"—"
"3673";"7";"—";"222000";"70 70 72";"10000";"Участвует в конкурсе";"2244925";"—"
"3674";"2";"—";"222000";"64 88 60";"10000";"Участвует в конкурсе";"2344278";"—"
"3675";"8";"—";"222000";"64 75 73";"10000";"Участвует в конкурсе";"2213170";"—"
"3676";"1";"—";"221000";"88 64 69";"—";"Участвует в конкурсе";"1723255";"—"
"3677";"2";"—";"221000";"82 75 64";"—";"Участвует в конкурсе";"1956833";"—"
"3678";"4";"—";"221000";"82 70 69";"—";"Участвует в конкурсе";"1357374";"—"
"3679";"3";"—";"221000";"82 67 72";"—";"Участвует в конкурсе";"2338997";"—"
"3680";"4";"—";"221000";"82 64 75";"—";"Участвует в конкурсе";"1782273";"—"
"3681";"12";"—";"221000";"80 75 66";"—";"Участвует в конкурсе";"1596429";"—"
"3684";"5";"—";"221000";"74 80 67";"—";"Участвует в конкурсе";"1357284";"—"
"3685";"14";"—";"221000";"74 80 67";"—";"Участвует в конкурсе";"2314956";"—"
"3686";"9";"—";"221000";"72 70 79";"—";"Участвует в конкурсе";"2416290";"—"
"3687";"2";"—";"221000";"70 85 66";"—";"Участвует в конкурсе";"2297604";"—"
"3688";"3";"—";"221000";"78 80 61";"2000";"Участвует в конкурсе";"1487803";"—"
"3689";"1";"—";"221000";"70 74 75";"2000";"Участвует в конкурсе";"1598425";"—"
"3690";"3";"—";"221000";"82 72 64";"3000";"Участвует в конкурсе";"1364885";"—"
"3691";"5";"—";"221000";"76 75 67";"3000";"Участвует в конкурсе";"1391938";"—"
"3692";"1";"—";"221000";"76 72 70";"3000";"Участвует в конкурсе";"1723493";"—"
"3693";"2";"—";"221000";"74 72 72";"3000";"Участвует в конкурсе";"1876722";"—"
"3694";"1";"Электронное";"221000";"70 78 70";"3000";"Участвует в конкурсе";"1437085";"—"
"3695";"3";"—";"221000";"82 64 70";"5000";"Участвует в конкурсе";"1353909";"—"
"3696";"21";"—";"221000";"88 62 61";"10000";"Участвует в конкурсе";"2412738";"—"
"3697";"2";"—";"221000";"82 62 67";"10000";"Участвует в конкурсе";"1795146";"—"
"3698";"4";"—";"221000";"80 67 64";"10000";"Участвует в конкурсе";"2334396";"—"
"3699";"25";"—";"221000";"80 62 69";"10000";"Участвует в конкурсе";"2305430";"—"
"3700";"6";"Электронное";"221000";"78 67 66";"10000";"Участвует в конкурсе";"2396565";"—"
"3701";"7";"—";"221000";"72 64 75";"10000";"Участвует в конкурсе";"947744";"—"
"3702";"9";"—";"221000";"70 78 63";"10000";"Участвует в конкурсе";"2241565";"—"
"3703";"2";"—";"220000";"88 59 73";"—";"Участвует в конкурсе";"1642989";"—"
"3704";"5";"—";"220000";"84 75 61";"—";"Участвует в конкурсе";"2365941";"—"
"3705";"3";"—";"220000";"82 75 63";"—";"Участвует в конкурсе";"2253574";"—"
"3706";"3";"—";"220000";"82 72 66";"—";"Участвует в конкурсе";"1644842";"—"
"3707";"3";"—";"220000";"80 80 60";"—";"Участвует в конкурсе";"2184859";"—"
"3708";"10";"—";"220000";"80 80 60";"—";"Участвует в конкурсе";"1358467";"—"
"3709";"1";"—";"220000";"80 59 81";"—";"Участвует в конкурсе";"2341168";"—"
"3710";"13";"—";"220000";"78 75 67";"—";"Участвует в конкурсе";"2224615";"—"
"3711";"10";"—";"220000";"78 72 70";"—";"Участвует в конкурсе";"1174925";"—"
"3712";"2";"Электронное";"220000";"78 72 70";"—";"Участвует в конкурсе";"2053909";"—"
"3713";"3";"—";"220000";"78 72 70";"—";"Участвует в конкурсе";"1785791";"—"
"3714";"7";"Электронное";"220000";"78 70 72";"—";"Участвует в конкурсе";"1774145";"—"
"3715";"19";"—";"220000";"76 80 64";"—";"Участвует в конкурсе";"1579243";"—"
"3716";"7";"—";"220000";"74 88 58";"—";"Участвует в конкурсе";"1484779";"—"
"3717";"4";"—";"220000";"72 67 81";"—";"Участвует в конкурсе";"1639450";"—"
"3718";"3";"—";"220000";"70 78 72";"—";"Участвует в конкурсе";"1623669";"—"
"3719";"18";"—";"220000";"70 75 75";"—";"Участвует в конкурсе";"1641355";"—"
"3720";"2";"—";"220000";"80 72 66";"2000";"Участвует в конкурсе";"1997096";"—"
"3721";"18";"—";"220000";"86 70 61";"3000";"Участвует в конкурсе";"2169669";"—"
"3722";"1";"Электронное";"220000";"78 72 67";"3000";"Участвует в конкурсе";"1277233";"—"
"3723";"4";"—";"220000";"78 67 72";"3000";"Участвует в конкурсе";"2254145";"—"
"3724";"10";"Электронное";"220000";"74 70 73";"3000";"Участвует в конкурсе";"2107745";"—"
"3725";"1";"—";"220000";"70 83 64";"3000";"Участвует в конкурсе";"1205213";"—"
"3726";"5";"—";"220000";"74 75 67";"4000";"Участвует в конкурсе";"2055576";"—"
"3727";"1";"—";"220000";"84 59 67";"10000";"Участвует в конкурсе";"1400647";"—"
"3728";"3";"—";"220000";"76 59 75";"10000";"Участвует в конкурсе";"2222051";"—"
"3729";"10";"—";"220000";"74 64 72";"10000";"Участвует в конкурсе";"1722513";"—"
"3730";"3";"—";"220000";"72 78 60";"10000";"Участвует в конкурсе";"1534430";"—"
"3732";"2";"—";"219000";"86 72 61";"—";"Участвует в конкурсе";"1612585";"—"
"3733";"9";"Электронное";"219000";"82 80 57";"—";"Участвует в конкурсе";"1211392";"—"
"3735";"21";"—";"219000";"82 64 73";"—";"Участвует в конкурсе";"1655501";"—"
"3736";"1";"—";"219000";"82 59 78";"—";"Участвует в конкурсе";"2173780";"—"
"3738";"7";"Электронное";"219000";"80 78 61";"—";"Участвует в конкурсе";"1961908";"—"
"3739";"3";"—";"219000";"80 75 64";"—";"Участвует в конкурсе";"1566512";"—"
"3740";"7";"—";"219000";"80 75 64";"—";"Участвует в конкурсе";"1849276";"—"
"3741";"4";"—";"219000";"80 64 75";"—";"Участвует в конкурсе";"1256241";"—"
"3742";"11";"Электронное";"219000";"78 75 66";"—";"Участвует в конкурсе";"2118861";"—"
"3743";"10";"—";"219000";"78 72 69";"—";"Участвует в конкурсе";"1459246";"—"
"3744";"3";"—";"219000";"74 78 67";"—";"Участвует в конкурсе";"1258043";"—"
"3745";"5";"—";"219000";"74 75 70";"—";"Участвует в конкурсе";"1248154";"—"
"3746";"2";"—";"219000";"74 75 70";"—";"Участвует в конкурсе";"1720832";"—"
"3747";"2";"—";"219000";"74 72 73";"—";"Участвует в конкурсе";"2232879";"—"
"3748";"2";"—";"219000";"72 78 69";"—";"Участвует в конкурсе";"1612966";"—"
"3749";"10";"—";"219000";"70 80 69";"—";"Участвует в конкурсе";"2315437";"—"
"3750";"3";"—";"219000";"94 51 72";"2000";"Участвует в конкурсе";"1505175";"—"
"3751";"2";"—";"219000";"82 70 64";"3000";"Участвует в конкурсе";"1828591";"—"
"3752";"3";"—";"219000";"80 78 58";"3000";"Участвует в конкурсе";"2414568";"—"
"3753";"3";"—";"219000";"78 78 60";"3000";"Участвует в конкурсе";"1909084";"—"
"3754";"7";"—";"219000";"74 64 78";"3000";"Участвует в конкурсе";"2005065";"—"
"3755";"14";"—";"219000";"72 72 72";"3000";"Участвует в конкурсе";"1979924";"—"
"3756";"1";"—";"219000";"58 80 78";"3000";"Участвует в конкурсе";"2053624";"—"
"3757";"6";"Электронное";"219000";"82 75 57";"5000";"Участвует в конкурсе";"1848656";"—"
"3758";"1";"—";"219000";"70 59 85";"5000";"Участвует в конкурсе";"2228796";"—"
"3759";"4";"—";"219000";"78 70 61";"10000";"Участвует в конкурсе";"1171959";"—"
"3760";"5";"—";"219000";"76 67 66";"10000";"Участвует в конкурсе";"1603986";"—"
"3761";"4";"Электронное";"219000";"74 75 60";"10000";"Участвует в конкурсе";"1400833";"—"
"3762";"4";"Электронное";"219000";"70 78 61";"10000";"Участвует в конкурсе";"2309380";"—"
"3763";"7";"—";"219000";"70 67 72";"10000";"Участвует в конкурсе";"939770";"—"
"3764";"1";"—";"218000";"84 70 64";"—";"Участвует в конкурсе";"1346804";"—"
"3765";"4";"—";"218000";"84 67 67";"—";"Участвует в конкурсе";"1610438";"—"
"3766";"3";"—";"218000";"84 59 75";"—";"Участвует в конкурсе";"1077409";"—"
"3767";"2";"—";"218000";"82 64 72";"—";"Участвует в конкурсе";"1283810";"—"
"3768";"8";"—";"218000";"80 75 63";"—";"Участвует в конкурсе";"969366";"—"
"3769";"1";"—";"218000";"78 70 70";"—";"Участвует в конкурсе";"1462921";"—"
"3770";"3";"Электронное";"218000";"78 70 70";"—";"Участвует в конкурсе";"1939569";"—"
"3772";"22";"Электронное";"218000";"76 75 67";"—";"Участвует в конкурсе";"1644113";"—"
"3773";"4";"—";"218000";"76 72 70";"—";"Участвует в конкурсе";"1297702";"—"
"3774";"2";"Электронное";"218000";"76 70 72";"—";"Участвует в конкурсе";"1365522";"—"
"3776";"4";"—";"218000";"76 70 72";"—";"Участвует в конкурсе";"1721938";"—"
"3778";"6";"—";"218000";"70 70 78";"—";"Участвует в конкурсе";"2313514";"—"
"3779";"2";"—";"218000";"84 80 52";"2000";"Участвует в конкурсе";"2271549";"—"
"3780";"16";"—";"218000";"82 80 54";"2000";"Участвует в конкурсе";"1202206";"—"
"3781";"8";"Электронное";"218000";"84 67 64";"3000";"Участвует в конкурсе";"1860791";"—"
"3782";"5";"—";"218000";"80 78 57";"3000";"Участвует в конкурсе";"2088610";"—"
"3783";"23";"—";"218000";"78 70 67";"3000";"Участвует в конкурсе";"1432402";"—"
"3784";"8";"—";"218000";"84 70 60";"4000";"Участвует в конкурсе";"2140561";"—"
"3785";"4";"—";"218000";"78 78 55";"7000";"Участвует в конкурсе";"1201645";"—"
"3786";"10";"Электронное";"218000";"70 78 63";"7000";"Участвует в конкурсе";"1555914";"—"
"3787";"2";"—";"218000";"86 59 63";"10000";"Участвует в конкурсе";"2143147";"—"
"3788";"1";"—";"218000";"82 59 67";"10000";"Участвует в конкурсе";"1378018";"—"
"3789";"2";"Электронное";"218000";"76 59 73";"10000";"Участвует в конкурсе";"1438159";"—"
"3790";"1";"Электронное";"218000";"76 54 78";"10000";"Участвует в конкурсе";"1794829";"—"
"3792";"1";"Электронное";"217000";"84 78 55";"—";"Участвует в конкурсе";"1465386";"—"
"3793";"6";"—";"217000";"84 75 58";"—";"Участвует в конкурсе";"2302756";"—"
"3795";"3";"—";"217000";"82 72 63";"—";"Участвует в конкурсе";"2184042";"—"
"3796";"7";"—";"217000";"82 72 63";"—";"Участвует в конкурсе";"1431536";"—"
"3797";"7";"—";"217000";"80 80 57";"—";"Участвует в конкурсе";"2343260";"—"
"3798";"6";"Электронное";"217000";"80 70 67";"—";"Участвует в конкурсе";"1206381";"—"
"3799";"1";"—";"217000";"80 70 67";"—";"Участвует в конкурсе";"1364205";"—"
"3800";"2";"—";"217000";"80 67 70";"—";"Участвует в конкурсе";"2143337";"—"
"3801";"2";"—";"217000";"80 64 73";"—";"Участвует в конкурсе";"1369197";"—"
"3802";"6";"—";"217000";"80 64 73";"—";"Участвует в конкурсе";"1417480";"—"
"3803";"2";"—";"217000";"78 78 61";"—";"Участвует в конкурсе";"1364668";"—"
"3804";"14";"—";"217000";"78 78 61";"—";"Участвует в конкурсе";"2165257";"—"
"3805";"8";"Электронное";"217000";"78 75 64";"—";"Участвует в конкурсе";"2191863";"—"
"3806";"6";"—";"217000";"78 72 67";"—";"Участвует в конкурсе";"1996601";"—"
"3807";"4";"—";"217000";"78 70 69";"—";"Участвует в конкурсе";"2076675";"—"
"3808";"2";"—";"217000";"78 67 72";"—";"Участвует в конкурсе";"2052850";"—"
"3809";"19";"—";"217000";"76 64 77";"—";"Участвует в конкурсе";"2312940";"—"
"3810";"9";"Электронное";"217000";"72 88 57";"—";"Участвует в конкурсе";"1496474";"—"
"3811";"30";"Электронное";"217000";"72 72 73";"—";"Участвует в конкурсе";"1362584";"—"
"3812";"3";"Электронное";"217000";"72 70 75";"—";"Участвует в конкурсе";"1435041";"—"
"3813";"1";"—";"217000";"64 80 73";"—";"Участвует в конкурсе";"2002304";"—"
"3814";"9";"—";"217000";"86 70 58";"3000";"Участвует в конкурсе";"1279170";"—"
"3815";"10";"—";"217000";"84 70 60";"3000";"Участвует в конкурсе";"1385534";"—"
"3816";"4";"—";"217000";"84 67 63";"3000";"Участвует в конкурсе";"2050554";"—"
"3817";"2";"—";"217000";"82 51 81";"3000";"Участвует в конкурсе";"2343407";"—"
"3820";"7";"—";"217000";"72 75 67";"3000";"Участвует в конкурсе";"1959915";"—"
"3821";"3";"—";"217000";"70 75 69";"3000";"Участвует в конкурсе";"1689441";"—"
"3822";"21";"—";"217000";"80 54 73";"10000";"Участвует в конкурсе";"937948";"—"
"3823";"3";"—";"217000";"78 56 73";"10000";"Участвует в конкурсе";"1776666";"—"
"3825";"1";"Электронное";"217000";"70 62 75";"10000";"Участвует в конкурсе";"2414521";"—"
"3826";"1";"—";"217000";"70 59 78";"10000";"Участвует в конкурсе";"1914462";"—"
"3827";"1";"—";"216000";"84 54 78";"—";"Участвует в конкурсе";"2130941";"—"
"3828";"11";"—";"216000";"82 70 64";"—";"Участвует в конкурсе";"2384046";"—"
"3829";"1";"—";"216000";"80 78 58";"—";"Участвует в конкурсе";"1122130";"—"
"3830";"2";"—";"216000";"78 75 63";"—";"Участвует в конкурсе";"1327158";"—"
"3831";"18";"—";"216000";"78 72 66";"—";"Участвует в конкурсе";"2243821";"—"
"3832";"9";"Электронное";"216000";"76 59 81";"—";"Участвует в конкурсе";"999910";"—"
"3833";"3";"—";"216000";"76 54 86";"—";"Участвует в конкурсе";"1906444";"—"
"3834";"13";"—";"216000";"74 75 67";"—";"Участвует в конкурсе";"1596967";"—"
"3835";"11";"—";"216000";"72 78 66";"—";"Участвует в конкурсе";"1261933";"—"
"3836";"3";"—";"216000";"72 78 66";"—";"Участвует в конкурсе";"2052337";"—"
"3840";"1";"Электронное";"216000";"80 70 63";"3000";"Участвует в конкурсе";"2047880";"—"
"3841";"7";"—";"216000";"78 72 63";"3000";"Участвует в конкурсе";"1410994";"—"
"3842";"4";"Электронное";"216000";"74 70 69";"3000";"Участвует в конкурсе";"1640709";"—"
"3843";"6";"—";"216000";"64 83 66";"3000";"Участвует в конкурсе";"1243750";"—"
"3845";"1";"—";"216000";"70 75 61";"10000";"Участвует в конкурсе";"2140071";"—"
"3846";"6";"Электронное";"216000";"70 70 66";"10000";"Участвует в конкурсе";"1410355";"—"
"3848";"6";"—";"215000";"80 75 60";"—";"Участвует в конкурсе";"1357459";"—"
"3849";"1";"—";"215000";"78 67 70";"—";"Участвует в конкурсе";"1265081";"—"
"3850";"14";"—";"215000";"78 67 70";"—";"Участвует в конкурсе";"1649272";"—"
"3851";"12";"—";"215000";"76 78 61";"—";"Участвует в конкурсе";"2254352";"—"
"3852";"1";"—";"215000";"76 75 64";"—";"Участвует в конкурсе";"1189458";"—"
"3853";"9";"—";"215000";"76 72 67";"—";"Участвует в конкурсе";"1726993";"—"
"3854";"7";"Электронное";"215000";"76 67 72";"—";"Участвует в конкурсе";"1518676";"—"
"3856";"3";"—";"215000";"74 78 63";"—";"Участвует в конкурсе";"1706662";"—"
"3857";"7";"Электронное";"215000";"74 72 69";"—";"Участвует в конкурсе";"1200337";"—"
"3858";"9";"—";"215000";"72 80 63";"—";"Участвует в конкурсе";"1641302";"—"
"3859";"10";"Электронное";"215000";"72 80 63";"—";"Участвует в конкурсе";"1501415";"—"
"3860";"7";"—";"215000";"72 80 63";"—";"Участвует в конкурсе";"1587083";"—"
"3861";"4";"—";"215000";"72 80 63";"—";"Участвует в конкурсе";"2393785";"—"
"3862";"16";"—";"215000";"72 62 81";"—";"Участвует в конкурсе";"2270003";"—"
"3863";"9";"—";"215000";"70 75 70";"—";"Участвует в конкурсе";"1262536";"—"
"3864";"5";"—";"215000";"82 72 58";"3000";"Участвует в конкурсе";"1176252";"—"
"3865";"3";"—";"215000";"72 72 63";"8000";"Участвует в конкурсе";"1389125";"—"
"3866";"7";"—";"215000";"64 62 81";"8000";"Участвует в конкурсе";"2396438";"—"
"3867";"7";"Электронное";"215000";"74 64 67";"10000";"Участвует в конкурсе";"2178676";"—"
"3868";"11";"—";"215000";"74 62 69";"10000";"Участвует в конкурсе";"2294232";"—"
"3869";"9";"—";"215000";"74 62 69";"10000";"Участвует в конкурсе";"2046474";"—"
"3870";"2";"Электронное";"215000";"72 75 58";"10000";"Участвует в конкурсе";"1828589";"—"
"3871";"14";"—";"215000";"70 72 63";"10000";"Участвует в конкурсе";"1180435";"—"
"3872";"1";"—";"214000";"86 67 61";"—";"Участвует в конкурсе";"1258125";"—"
"3873";"5";"—";"214000";"78 78 58";"—";"Участвует в конкурсе";"1433031";"—"
"3874";"2";"Электронное";"214000";"76 80 58";"—";"Участвует в конкурсе";"1584330";"—"
"3875";"10";"—";"214000";"74 70 70";"—";"Участвует в конкурсе";"1908165";"—"
"3876";"4";"—";"214000";"72 78 64";"—";"Участвует в конкурсе";"2007018";"—"
"3877";"1";"Электронное";"214000";"72 70 72";"—";"Участвует в конкурсе";"1477092";"—"
"3879";"5";"—";"214000";"70 75 69";"—";"Участвует в конкурсе";"1754413";"—"
"3880";"5";"—";"214000";"64 78 72";"—";"Участвует в конкурсе";"1820124";"—"
"3881";"2";"—";"214000";"58 83 73";"—";"Участвует в конкурсе";"1814911";"—"
"3882";"4";"—";"214000";"86 64 61";"3000";"Участвует в конкурсе";"1276069";"—"
"3883";"2";"—";"214000";"84 72 55";"3000";"Участвует в конкурсе";"1691040";"—"
"3884";"6";"—";"214000";"82 78 51";"3000";"Участвует в конкурсе";"1442404";"—"
"3885";"2";"—";"214000";"78 64 69";"3000";"Участвует в конкурсе";"2313827";"—"
"3886";"1";"—";"214000";"74 59 78";"3000";"Участвует в конкурсе";"1959835";"—"
"3887";"3";"—";"214000";"72 78 61";"3000";"Участвует в конкурсе";"1735093";"—"
"3888";"1";"—";"214000";"70 72 69";"3000";"Участвует в конкурсе";"1348996";"—"
"3890";"5";"—";"214000";"74 75 60";"5000";"Участвует в конкурсе";"2250810";"—"
"3891";"2";"—";"213000";"80 64 69";"—";"Участвует в конкурсе";"1365403";"—"
"3892";"5";"—";"213000";"80 64 69";"—";"Участвует в конкурсе";"2050695";"—"
"3893";"5";"—";"213000";"76 67 70";"—";"Участвует в конкурсе";"2302781";"—"
"3894";"11";"—";"213000";"76 67 70";"—";"Участвует в конкурсе";"1903516";"—"
"3895";"10";"Электронное";"213000";"74 64 75";"—";"Участвует в конкурсе";"1880265";"—"
"3896";"3";"—";"213000";"74 56 83";"—";"Участвует в конкурсе";"1559965";"—"
"3897";"19";"—";"213000";"72 78 63";"—";"Участвует в конкурсе";"1471085";"—"
"3898";"17";"—";"213000";"72 75 66";"—";"Участвует в конкурсе";"1498564";"—"
"3900";"4";"Электронное";"213000";"72 72 69";"—";"Участвует в конкурсе";"2125708";"—"
"3901";"13";"—";"213000";"70 72 69";"2000";"Участвует в конкурсе";"1636548";"—"
"3902";"5";"—";"213000";"82 70 58";"3000";"Участвует в конкурсе";"2367586";"—"
"3903";"5";"—";"213000";"78 78 54";"3000";"Участвует в конкурсе";"2141817";"—"
"3905";"3";"—";"213000";"76 83 51";"3000";"Участвует в конкурсе";"1521332";"—"
"3907";"6";"—";"213000";"82 54 72";"5000";"Участвует в конкурсе";"2221883";"—"
"3908";"10";"—";"213000";"78 72 58";"5000";"Участвует в конкурсе";"1201610";"—"
"3909";"1";"—";"213000";"72 59 75";"7000";"Участвует в конкурсе";"1586588";"—"
"3910";"3";"Электронное";"213000";"72 75 58";"8000";"Участвует в конкурсе";"1798078";"—"
"3911";"1";"—";"212000";"88 64 60";"—";"Участвует в конкурсе";"1496936";"—"
"3912";"1";"—";"212000";"88 64 60";"—";"Участвует в конкурсе";"1952661";"—"
"3914";"1";"—";"212000";"84 59 69";"—";"Участвует в конкурсе";"1779511";"—"
"3915";"18";"—";"212000";"82 70 60";"—";"Участвует в конкурсе";"2056410";"—"
"3916";"2";"—";"212000";"82 70 60";"—";"Участвует в конкурсе";"2268792";"—"
"3917";"11";"—";"212000";"82 70 60";"—";"Участвует в конкурсе";"2341748";"—"
"3918";"2";"Электронное";"212000";"80 75 57";"—";"Участвует в конкурсе";"2081384";"—"
"3919";"20";"—";"212000";"80 72 60";"—";"Участвует в конкурсе";"2355690";"—"
"3920";"1";"Электронное";"212000";"78 70 64";"—";"Участвует в конкурсе";"2410266";"—"
"3921";"4";"Электронное";"212000";"78 67 67";"—";"Участвует в конкурсе";"1348499";"—"
"3922";"7";"—";"212000";"78 64 70";"—";"Участвует в конкурсе";"1426183";"—"
"3923";"10";"Электронное";"212000";"74 72 66";"—";"Участвует в конкурсе";"1422998";"—"
"3924";"7";"—";"212000";"74 72 66";"—";"Участвует в конкурсе";"2162330";"—"
"3925";"16";"—";"212000";"74 72 66";"—";"Участвует в конкурсе";"1785367";"—"
"3926";"7";"—";"212000";"72 70 70";"—";"Участвует в конкурсе";"1640946";"—"
"3927";"11";"—";"212000";"72 67 73";"—";"Участвует в конкурсе";"2361914";"—"
"3928";"1";"—";"212000";"80 75 54";"3000";"Участвует в конкурсе";"2413335";"—"
"3929";"6";"—";"212000";"80 62 67";"3000";"Участвует в конкурсе";"1137330";"—"
"3930";"10";"—";"212000";"78 70 61";"3000";"Участвует в конкурсе";"1785844";"—"
"3931";"16";"—";"212000";"76 70 63";"3000";"Участвует в конкурсе";"1978901";"—"
"3932";"6";"—";"212000";"76 70 63";"3000";"Участвует в конкурсе";"2113319";"—"
"3933";"3";"—";"212000";"76 64 69";"3000";"Участвует в конкурсе";"1581176";"—"
"3934";"7";"—";"212000";"74 75 60";"3000";"Участвует в конкурсе";"1510647";"—"
"3935";"4";"—";"212000";"72 70 67";"3000";"Участвует в конкурсе";"2087647";"—"
"3936";"7";"Электронное";"212000";"72 70 67";"3000";"Участвует в конкурсе";"2220833";"—"
"3937";"7";"—";"212000";"70 70 67";"5000";"Участвует в конкурсе";"1582695";"—"
"3938";"5";"—";"212000";"74 62 66";"10000";"Участвует в конкурсе";"1902200";"—"
"3939";"4";"—";"212000";"74 56 72";"10000";"Участвует в конкурсе";"1784925";"—"
"3940";"4";"Электронное";"212000";"58 75 69";"10000";"Участвует в конкурсе";"1903665";"—"
"3941";"7";"Электронное";"211000";"84 67 60";"—";"Участвует в конкурсе";"1876305";"—"
"3942";"5";"Электронное";"211000";"82 78 51";"—";"Участвует в конкурсе";"1294092";"—"
"3943";"5";"—";"211000";"82 54 75";"—";"Участвует в конкурсе";"2369596";"—"
"3944";"2";"—";"211000";"78 70 63";"—";"Участвует в конкурсе";"2337847";"—"
"3945";"6";"—";"211000";"78 64 69";"—";"Участвует в конкурсе";"2342035";"—"
"3946";"1";"—";"211000";"76 72 63";"—";"Участвует в конкурсе";"1985379";"—"
"3947";"1";"Электронное";"211000";"74 67 70";"—";"Участвует в конкурсе";"1653624";"—"
"3948";"2";"—";"211000";"74 64 73";"—";"Участвует в конкурсе";"1504219";"—"
"3949";"1";"Электронное";"211000";"74 59 78";"—";"Участвует в конкурсе";"2174972";"—"
"3951";"3";"Электронное";"211000";"72 70 69";"—";"Участвует в конкурсе";"1642544";"—"
"3952";"2";"—";"211000";"72 67 72";"—";"Участвует в конкурсе";"2022755";"—"
"3953";"4";"—";"211000";"70 72 69";"—";"Участвует в конкурсе";"1787314";"—"
"3954";"2";"Электронное";"211000";"58 80 73";"—";"Участвует в конкурсе";"955392";"—"
"3955";"5";"—";"211000";"64 70 75";"2000";"Участвует в конкурсе";"1846326";"—"
"3956";"1";"—";"211000";"74 70 64";"3000";"Участвует в конкурсе";"2354261";"—"
"3957";"12";"—";"211000";"74 67 67";"3000";"Участвует в конкурсе";"2372378";"—"
"3958";"3";"—";"211000";"74 62 72";"3000";"Участвует в конкурсе";"2229672";"—"
"3959";"7";"—";"211000";"76 75 55";"5000";"Участвует в конкурсе";"1567464";"—"
"3960";"9";"—";"211000";"74 75 54";"8000";"Участвует в конкурсе";"1613936";"—"
"3961";"1";"—";"211000";"72 62 67";"10000";"Участвует в конкурсе";"1521842";"—"
"3962";"2";"—";"211000";"72 59 70";"10000";"Участвует в конкурсе";"1258296";"—"
"3963";"1";"—";"211000";"64 56 81";"10000";"Участвует в конкурсе";"2001935";"—"
"3964";"1";"—";"210000";"82 70 58";"—";"Участвует в конкурсе";"1794085";"—"
"3965";"8";"—";"210000";"80 67 63";"—";"Участвует в конкурсе";"1620169";"—"
"3966";"4";"—";"210000";"76 80 54";"—";"Участвует в конкурсе";"2221669";"—"
"3967";"30";"—";"210000";"76 70 64";"—";"Участвует в конкурсе";"2229805";"—"
"3968";"5";"—";"210000";"76 70 64";"—";"Участвует в конкурсе";"1203594";"—"
"3969";"11";"—";"210000";"76 64 70";"—";"Участвует в конкурсе";"2261114";"—"
"3970";"3";"—";"210000";"76 64 70";"—";"Участвует в конкурсе";"1804171";"—"
"3971";"7";"—";"210000";"76 59 75";"—";"Участвует в конкурсе";"2152139";"—"
"3972";"16";"Электронное";"210000";"74 78 58";"—";"Участвует в конкурсе";"1963210";"—"
"3973";"19";"—";"210000";"74 72 64";"—";"Участвует в конкурсе";"1705478";"—"
"3975";"1";"Электронное";"210000";"72 80 58";"—";"Участвует в конкурсе";"1315953";"—"
"3976";"8";"—";"210000";"70 67 73";"—";"Участвует в конкурсе";"1646526";"—"
"3977";"5";"—";"210000";"76 75 57";"2000";"Участвует в конкурсе";"2337605";"—"
"3979";"3";"Электронное";"210000";"76 70 61";"3000";"Участвует в конкурсе";"2053519";"—"
"3980";"13";"—";"210000";"76 67 64";"3000";"Участвует в конкурсе";"1985168";"—"
"3982";"5";"Электронное";"209000";"82 70 57";"—";"Участвует в конкурсе";"1975008";"—"
"3983";"4";"—";"209000";"82 54 73";"—";"Участвует в конкурсе";"1427897";"—"
"3984";"7";"—";"209000";"78 64 67";"—";"Участвует в конкурсе";"1986544";"—"
"3986";"2";"—";"209000";"76 70 63";"—";"Участвует в конкурсе";"2235019";"—"
"3987";"1";"—";"209000";"76 67 66";"—";"Участвует в конкурсе";"1198549";"—"
"3988";"2";"—";"209000";"74 72 63";"—";"Участвует в конкурсе";"1181984";"—"
"3989";"3";"—";"209000";"70 72 67";"—";"Участвует в конкурсе";"2131845";"—"
"3990";"17";"Электронное";"209000";"64 75 70";"—";"Участвует в конкурсе";"2423823";"—"
"3991";"4";"—";"209000";"78 78 51";"2000";"Участвует в конкурсе";"2207625";"—"
"3992";"2";"—";"209000";"82 70 54";"3000";"Участвует в конкурсе";"2050396";"—"
"3994";"1";"Электронное";"209000";"70 70 66";"3000";"Участвует в конкурсе";"1251628";"—"
"3995";"4";"Электронное";"209000";"78 59 67";"5000";"Участвует в конкурсе";"1892839";"—"
"3996";"5";"—";"209000";"76 67 57";"9000";"Участвует в конкурсе";"1283054";"—"
"3997";"7";"—";"208000";"82 62 64";"—";"Участвует в конкурсе";"2307965";"—"
"3998";"1";"—";"208000";"78 70 60";"—";"Участвует в конкурсе";"2340933";"—"
"3999";"3";"—";"208000";"78 67 63";"—";"Участвует в конкурсе";"1364225";"—"
"4000";"3";"—";"208000";"76 72 60";"—";"Участвует в конкурсе";"1557965";"—"
"4001";"2";"—";"208000";"76 59 73";"—";"Участвует в конкурсе";"2303446";"—"
"4002";"3";"—";"208000";"74 56 78";"—";"Участвует в конкурсе";"1266419";"—"
"4003";"1";"Электронное";"208000";"72 67 69";"—";"Участвует в конкурсе";"1186988";"—"
"4004";"1";"—";"208000";"76 64 66";"2000";"Участвует в конкурсе";"1516740";"—"
"4006";"3";"Электронное";"208000";"76 56 73";"3000";"Участвует в конкурсе";"2270520";"—"
"4007";"20";"—";"208000";"72 67 66";"3000";"Участвует в конкурсе";"2142700";"—"
"4008";"3";"—";"208000";"72 64 69";"3000";"Участвует в конкурсе";"2370991";"—"
"4009";"8";"Электронное";"208000";"72 67 64";"5000";"Участвует в конкурсе";"1179624";"—"
"4010";"17";"—";"208000";"72 67 64";"5000";"Участвует в конкурсе";"1446034";"—"
"4011";"3";"Электронное";"208000";"70 75 58";"5000";"Участвует в конкурсе";"1383165";"—"
"4012";"1";"—";"208000";"64 67 72";"5000";"Участвует в конкурсе";"1039625";"—"
"4013";"4";"—";"208000";"76 56 66";"10000";"Участвует в конкурсе";"2170110";"—"
"4014";"2";"Электронное";"208000";"70 59 69";"10000";"Участвует в конкурсе";"2301437";"—"
"4015";"14";"Электронное";"207000";"84 54 69";"—";"Участвует в конкурсе";"1763734";"—"
"4016";"2";"—";"207000";"78 59 70";"—";"Участвует в конкурсе";"1261040";"—"
"4017";"5";"—";"207000";"76 62 69";"—";"Участвует в конкурсе";"1927811";"—"
"4018";"4";"—";"207000";"76 56 75";"—";"Участвует в конкурсе";"1285998";"—"
"4019";"5";"—";"207000";"74 64 69";"—";"Участвует в конкурсе";"1055645";"—"
"4020";"5";"—";"207000";"72 78 57";"—";"Участвует в конкурсе";"1552456";"—"
"4022";"10";"—";"207000";"72 72 63";"—";"Участвует в конкурсе";"2394502";"—"
"4023";"3";"—";"207000";"70 67 70";"—";"Участвует в конкурсе";"1721997";"—"
"4024";"1";"—";"207000";"70 64 73";"—";"Участвует в конкурсе";"2081153";"—"
"4025";"4";"—";"207000";"72 75 58";"2000";"Участвует в конкурсе";"1403976";"—"
"4026";"1";"Электронное";"207000";"76 70 58";"3000";"Участвует в конкурсе";"1290839";"—"
"4028";"5";"—";"207000";"74 70 60";"3000";"Участвует в конкурсе";"2094371";"—"
"4029";"6";"—";"207000";"70 70 64";"3000";"Участвует в конкурсе";"2417077";"—"
"4031";"7";"—";"207000";"72 64 61";"10000";"Участвует в конкурсе";"1605906";"—"
"4032";"7";"—";"206000";"86 62 58";"—";"Участвует в конкурсе";"1289888";"—"
"4033";"1";"—";"206000";"82 70 54";"—";"Участвует в конкурсе";"1290920";"—"
"4035";"7";"—";"206000";"74 59 73";"—";"Участвует в конкурсе";"2244553";"—"
"4036";"4";"—";"206000";"72 70 64";"—";"Участвует в конкурсе";"1291696";"—"
"4037";"3";"—";"206000";"72 62 72";"—";"Участвует в конкурсе";"1625042";"—"
"4038";"3";"Электронное";"206000";"70 72 64";"—";"Участвует в конкурсе";"1172695";"—"
"4039";"1";"—";"206000";"70 72 64";"—";"Участвует в конкурсе";"1581353";"—"
"4040";"5";"Электронное";"206000";"70 70 66";"—";"Участвует в конкурсе";"2054803";"—"
"4041";"4";"—";"206000";"80 59 64";"3000";"Участвует в конкурсе";"1434706";"—"
"4042";"9";"—";"206000";"74 75 54";"3000";"Участвует в конкурсе";"1518202";"—"
"4043";"3";"—";"206000";"74 75 54";"3000";"Участвует в конкурсе";"2373797";"—"
"4044";"12";"—";"206000";"74 62 67";"3000";"Участвует в конкурсе";"1675693";"—"
"4045";"3";"Электронное";"206000";"72 70 61";"3000";"Участвует в конкурсе";"2156170";"—"
"4046";"1";"—";"206000";"64 78 61";"3000";"Участвует в конкурсе";"1059819";"—"
"4047";"2";"—";"206000";"70 54 78";"4000";"Участвует в конкурсе";"2267223";"—"
"4048";"1";"—";"206000";"64 70 66";"6000";"Участвует в конкурсе";"2167801";"—"
"4049";"2";"—";"206000";"74 64 61";"7000";"Участвует в конкурсе";"1395753";"—"
"4050";"4";"Электронное";"205000";"82 59 64";"—";"Участвует в конкурсе";"1627346";"—"
"4051";"4";"—";"205000";"78 72 55";"—";"Участвует в конкурсе";"1727167";"—"
"4052";"8";"—";"205000";"76 72 57";"—";"Участвует в конкурсе";"1624560";"—"
"4053";"1";"—";"205000";"76 62 67";"—";"Участвует в конкурсе";"1003021";"—"
"4055";"22";"—";"205000";"74 62 69";"—";"Участвует в конкурсе";"1622428";"—"
"4056";"7";"—";"205000";"74 59 72";"—";"Участвует в конкурсе";"1580276";"—"
"4058";"1";"Электронное";"205000";"72 67 66";"—";"Участвует в конкурсе";"1745888";"—"
"4059";"2";"Электронное";"205000";"72 64 69";"—";"Участвует в конкурсе";"2088112";"—"
"4060";"14";"Электронное";"205000";"70 75 60";"—";"Участвует в конкурсе";"2362249";"—"
"4061";"6";"—";"205000";"58 78 69";"—";"Участвует в конкурсе";"1235938";"—"
"4063";"4";"—";"205000";"76 62 64";"3000";"Участвует в конкурсе";"1213331";"—"
"4064";"7";"—";"205000";"74 56 72";"3000";"Участвует в конкурсе";"2098996";"—"
"4065";"9";"—";"205000";"72 72 58";"3000";"Участвует в конкурсе";"2414158";"—"
"4066";"14";"—";"205000";"72 72 51";"10000";"Участвует в конкурсе";"2365159";"—"
"4067";"6";"Электронное";"205000";"72 51 72";"10000";"Участвует в конкурсе";"1438732";"—"
"4068";"5";"—";"205000";"70 64 61";"10000";"Участвует в конкурсе";"2242779";"—"
"4069";"9";"—";"205000";"64 62 69";"10000";"Участвует в конкурсе";"1655481";"—"
"4072";"8";"—";"204000";"78 62 64";"—";"Участвует в конкурсе";"1860163";"—"
"4073";"10";"—";"204000";"78 62 64";"—";"Участвует в конкурсе";"1440013";"—"
"4074";"6";"Электронное";"204000";"78 59 67";"—";"Участвует в конкурсе";"1290201";"—"
"4075";"6";"—";"204000";"78 59 67";"—";"Участвует в конкурсе";"2370659";"—"
"4076";"1";"Электронное";"204000";"76 70 58";"—";"Участвует в конкурсе";"1724632";"—"
"4077";"3";"—";"204000";"76 67 61";"—";"Участвует в конкурсе";"2250369";"—"
"4080";"1";"Электронное";"204000";"74 78 52";"—";"Участвует в конкурсе";"1176913";"—"
"4081";"1";"—";"204000";"74 72 58";"—";"Участвует в конкурсе";"1425989";"—"
"4082";"2";"Электронное";"204000";"74 70 60";"—";"Участвует в конкурсе";"1030932";"—"
"4083";"5";"—";"204000";"74 70 60";"—";"Участвует в конкурсе";"2039812";"—"
"4084";"22";"—";"204000";"74 67 63";"—";"Участвует в конкурсе";"1345744";"—"
"4085";"7";"—";"204000";"74 64 66";"—";"Участвует в конкурсе";"2298907";"—"
"4086";"10";"—";"204000";"70 80 54";"—";"Участвует в конкурсе";"1656844";"—"
"4087";"3";"—";"204000";"70 70 64";"—";"Участвует в конкурсе";"1649741";"—"
"4090";"7";"—";"204000";"58 85 61";"—";"Участвует в конкурсе";"1266703";"—"
"4091";"3";"Электронное";"204000";"76 67 58";"3000";"Участвует в конкурсе";"2229434";"—"
"4093";"2";"Электронное";"204000";"70 67 64";"3000";"Участвует в конкурсе";"1520749";"—"
"4094";"18";"—";"204000";"70 62 69";"3000";"Участвует в конкурсе";"2269182";"—"
"4095";"2";"—";"204000";"70 62 69";"3000";"Участвует в конкурсе";"1251596";"—"
"4096";"1";"Электронное";"204000";"78 56 60";"10000";"Участвует в конкурсе";"1640414";"—"
"4097";"6";"—";"204000";"74 51 69";"10000";"Участвует в конкурсе";"2269571";"—"
"4099";"2";"—";"204000";"70 64 60";"10000";"Участвует в конкурсе";"2137197";"—"
"4100";"2";"—";"203000";"86 56 61";"—";"Участвует в конкурсе";"1204876";"—"
"4101";"6";"—";"203000";"80 62 61";"—";"Участвует в конкурсе";"1430950";"—"
"4102";"3";"—";"203000";"80 51 72";"—";"Участвует в конкурсе";"1835057";"—"
"4103";"3";"—";"203000";"78 62 63";"—";"Участвует в конкурсе";"1507483";"—"
"4104";"6";"—";"203000";"78 56 69";"—";"Участвует в конкурсе";"1550795";"—"
"4105";"2";"Электронное";"203000";"74 62 67";"—";"Участвует в конкурсе";"1128919";"—"
"4107";"1";"—";"203000";"70 70 63";"—";"Участвует в конкурсе";"2131489";"—"
"4108";"5";"—";"203000";"70 64 69";"—";"Участвует в конкурсе";"1416087";"—"
"4109";"1";"Электронное";"203000";"64 78 61";"—";"Участвует в конкурсе";"1768958";"—"
"4110";"4";"—";"203000";"64 72 67";"—";"Участвует в конкурсе";"2422536";"—"
"4111";"7";"—";"203000";"58 72 73";"—";"Участвует в конкурсе";"1194846";"—"
"4112";"4";"—";"203000";"74 62 64";"3000";"Участвует в конкурсе";"1651782";"—"
"4113";"2";"—";"203000";"70 70 60";"3000";"Участвует в конкурсе";"1599651";"—"
"4114";"5";"—";"203000";"76 64 58";"5000";"Участвует в конкурсе";"2306295";"—"
"4115";"10";"—";"203000";"64 54 75";"10000";"Участвует в конкурсе";"1534400";"—"
"4116";"3";"—";"202000";"82 54 66";"—";"Участвует в конкурсе";"1503774";"—"
"4117";"4";"—";"202000";"78 72 52";"—";"Участвует в конкурсе";"2096857";"—"
"4118";"7";"Электронное";"202000";"78 64 60";"—";"Участвует в конкурсе";"1366373";"—"
"4119";"1";"—";"202000";"74 70 58";"—";"Участвует в конкурсе";"2252964";"—"
"4120";"3";"—";"202000";"74 70 58";"—";"Участвует в конкурсе";"1178500";"—"
"4121";"6";"—";"202000";"74 62 66";"—";"Участвует в конкурсе";"1442607";"—"
"4122";"7";"—";"202000";"72 67 63";"—";"Участвует в конкурсе";"1614866";"—"
"4124";"10";"Электронное";"202000";"70 75 57";"—";"Участвует в конкурсе";"1357289";"—"
"4125";"3";"—";"202000";"66 67 69";"—";"Участвует в конкурсе";"1024527";"—"
"4126";"9";"Электронное";"202000";"64 75 63";"—";"Участвует в конкурсе";"1434690";"—"
"4127";"2";"—";"202000";"64 72 66";"—";"Участвует в конкурсе";"1916626";"—"
"4129";"1";"—";"202000";"58 78 66";"—";"Участвует в конкурсе";"2164976";"—"
"4130";"2";"—";"202000";"74 59 67";"2000";"Участвует в конкурсе";"2096929";"—"
"4132";"2";"Электронное";"202000";"74 51 72";"5000";"Участвует в конкурсе";"2040117";"—"
"4134";"7";"—";"202000";"58 64 70";"10000";"Участвует в конкурсе";"2216813";"—"
"4135";"4";"—";"201000";"82 64 55";"—";"Участвует в конкурсе";"2131990";"—"
"4136";"2";"Электронное";"201000";"80 51 70";"—";"Участвует в конкурсе";"2084677";"—"
"4137";"1";"Электронное";"201000";"78 59 64";"—";"Участвует в конкурсе";"1623816";"—"
"4139";"1";"—";"201000";"76 59 66";"—";"Участвует в конкурсе";"1254063";"—"
"4140";"3";"—";"201000";"74 75 52";"—";"Участвует в конкурсе";"2065542";"—"
"4141";"5";"—";"201000";"74 70 57";"—";"Участвует в конкурсе";"1794465";"—"
"4142";"2";"—";"201000";"74 64 63";"—";"Участвует в конкурсе";"1340292";"—"
"4143";"4";"—";"201000";"72 54 75";"—";"Участвует в конкурсе";"2369560";"—"
"4144";"9";"—";"201000";"70 56 75";"—";"Участвует в конкурсе";"1027077";"—"
"4145";"14";"Электронное";"201000";"64 67 70";"—";"Участвует в конкурсе";"1279279";"—"
"4147";"11";"Электронное";"201000";"76 72 51";"2000";"Участвует в конкурсе";"1523197";"—"
"4148";"1";"—";"201000";"72 72 55";"2000";"Участвует в конкурсе";"1902038";"—"
"4149";"5";"—";"201000";"84 56 58";"3000";"Участвует в конкурсе";"1987920";"—"
"4150";"7";"—";"201000";"76 67 55";"3000";"Участвует в конкурсе";"1209024";"—"
"4151";"16";"—";"201000";"74 67 57";"3000";"Участвует в конкурсе";"1311526";"—"
"4152";"3";"Электронное";"201000";"72 59 67";"3000";"Участвует в конкурсе";"2045398";"—"
"4153";"2";"—";"201000";"70 70 58";"3000";"Участвует в конкурсе";"977027";"—"
"4154";"1";"—";"201000";"70 51 70";"10000";"Участвует в конкурсе";"2364860";"—"
"4155";"5";"—";"200000";"82 54 64";"—";"Участвует в конкурсе";"2313191";"—"
"4156";"5";"Электронное";"200000";"78 64 58";"—";"Участвует в конкурсе";"1645126";"—"
"4157";"4";"—";"200000";"78 64 58";"—";"Участвует в конкурсе";"2344094";"—"
"4158";"7";"—";"200000";"78 64 58";"—";"Участвует в конкурсе";"2130153";"—"
"4159";"1";"—";"200000";"78 64 58";"—";"Участвует в конкурсе";"2050647";"—"
"4161";"3";"—";"200000";"76 54 70";"—";"Участвует в конкурсе";"2178237";"—"
"4162";"4";"—";"200000";"74 62 64";"—";"Участвует в конкурсе";"1199394";"—"
"4163";"13";"—";"200000";"74 62 64";"—";"Участвует в конкурсе";"2358530";"—"
"4164";"6";"—";"200000";"72 59 69";"—";"Участвует в конкурсе";"1728313";"—"
"4165";"5";"—";"200000";"70 70 60";"—";"Участвует в конкурсе";"1604057";"—"
"4166";"5";"Электронное";"200000";"64 75 61";"—";"Участвует в конкурсе";"2300115";"—"
"4167";"2";"Электронное";"200000";"64 72 64";"—";"Участвует в конкурсе";"1492347";"—"
"4168";"4";"—";"200000";"80 51 66";"3000";"Участвует в конкурсе";"2142783";"—"
"4169";"6";"—";"200000";"72 56 69";"3000";"Участвует в конкурсе";"1366437";"—"
"4170";"16";"—";"200000";"70 62 63";"5000";"Участвует в конкурсе";"1957035";"—"
"4172";"4";"—";"199000";"80 56 63";"—";"Участвует в конкурсе";"2254344";"—"
"4174";"7";"—";"199000";"76 59 64";"—";"Участвует в конкурсе";"1403929";"—"
"4175";"14";"Электронное";"199000";"76 59 64";"—";"Участвует в конкурсе";"2415188";"—"
"4176";"4";"—";"199000";"76 56 67";"—";"Участвует в конкурсе";"1438429";"—"
"4177";"5";"Электронное";"199000";"74 70 55";"—";"Участвует в конкурсе";"2222861";"—"
"4178";"2";"—";"199000";"74 59 66";"—";"Участвует в конкурсе";"1855159";"—"
"4179";"2";"—";"199000";"72 64 63";"—";"Участвует в конкурсе";"1197648";"—"
"4180";"12";"Электронное";"199000";"72 64 63";"—";"Участвует в конкурсе";"1559781";"—"
"4181";"9";"Электронное";"199000";"70 78 51";"—";"Участвует в конкурсе";"1889975";"—"
"4182";"8";"—";"199000";"70 54 75";"—";"Участвует в конкурсе";"1961241";"—"
"4183";"7";"Электронное";"199000";"64 80 55";"—";"Участвует в конкурсе";"2231123";"—"
"4184";"11";"—";"199000";"58 62 79";"—";"Участвует в конкурсе";"1982751";"—"
"4185";"9";"—";"199000";"78 62 57";"2000";"Участвует в конкурсе";"2363469";"—"
"4186";"12";"—";"199000";"72 70 54";"3000";"Участвует в конкурсе";"2051404";"—"
"4187";"1";"Электронное";"199000";"64 75 57";"3000";"Участвует в конкурсе";"1053268";"—"
"4188";"16";"—";"199000";"64 72 60";"3000";"Участвует в конкурсе";"1557297";"—"
"4189";"2";"—";"199000";"74 62 58";"5000";"Участвует в конкурсе";"1175731";"—"
"4190";"2";"—";"198000";"76 70 52";"—";"Участвует в конкурсе";"1321864";"—"
"4191";"6";"—";"198000";"74 72 52";"—";"Участвует в конкурсе";"1203726";"—"
"4192";"2";"—";"198000";"74 67 57";"—";"Участвует в конкурсе";"1896689";"—"
"4193";"10";"—";"198000";"74 51 73";"—";"Участвует в конкурсе";"2172536";"—"
"4194";"2";"Электронное";"198000";"72 72 54";"—";"Участвует в конкурсе";"1626441";"—"
"4195";"1";"Электронное";"198000";"72 56 70";"—";"Участвует в конкурсе";"1416819";"—"
"4196";"15";"Электронное";"198000";"70 70 58";"—";"Участвует в конкурсе";"1517973";"—"
"4197";"1";"Электронное";"198000";"70 67 61";"—";"Участвует в конкурсе";"2214473";"—"
"4198";"1";"—";"198000";"70 62 66";"—";"Участвует в конкурсе";"1953017";"—"
"4199";"1";"—";"198000";"70 62 66";"—";"Участвует в конкурсе";"1909010";"—"
"4200";"8";"—";"198000";"70 56 72";"—";"Участвует в конкурсе";"2211731";"—"
"4201";"4";"Электронное";"198000";"58 62 78";"—";"Участвует в конкурсе";"1178432";"—"
"4202";"6";"—";"198000";"76 62 57";"3000";"Участвует в конкурсе";"2253576";"—"
"4203";"2";"—";"198000";"74 51 70";"3000";"Участвует в конкурсе";"1364110";"—"
"4204";"9";"—";"198000";"70 56 69";"3000";"Участвует в конкурсе";"1263039";"—"
"4205";"3";"—";"198000";"64 59 72";"3000";"Участвует в конкурсе";"1964227";"—"
"4206";"2";"—";"198000";"74 51 63";"10000";"Участвует в конкурсе";"2230368";"—"
"4207";"5";"—";"197000";"74 72 51";"—";"Участвует в конкурсе";"2253039";"—"
"4208";"5";"—";"197000";"72 56 69";"—";"Участвует в конкурсе";"1393103";"—"
"4209";"1";"Электронное";"197000";"70 70 57";"—";"Участвует в конкурсе";"1003844";"—"
"4210";"14";"Электронное";"197000";"70 70 57";"—";"Участвует в конкурсе";"1437512";"—"
"4211";"2";"Электронное";"197000";"64 72 61";"—";"Участвует в конкурсе";"1260928";"—"
"4212";"1";"Электронное";"197000";"64 70 63";"—";"Участвует в конкурсе";"1641575";"—"
"4213";"12";"—";"197000";"58 75 64";"—";"Участвует в конкурсе";"1987124";"—"
"4214";"1";"—";"197000";"58 67 70";"2000";"Участвует в конкурсе";"2203915";"—"
"4215";"3";"—";"197000";"78 59 57";"3000";"Участвует в конкурсе";"2268040";"—"
"4216";"3";"—";"197000";"78 56 60";"3000";"Участвует в конкурсе";"1856051";"—"
"4217";"2";"—";"197000";"70 64 60";"3000";"Участвует в конкурсе";"1772235";"—"
"4218";"4";"—";"197000";"52 72 70";"3000";"Участвует в конкурсе";"1247711";"—"
"4219";"4";"Электронное";"197000";"72 59 61";"5000";"Участвует в конкурсе";"2324186";"—"
"4221";"8";"—";"197000";"72 54 61";"10000";"Участвует в конкурсе";"2195730";"—"
"4222";"1";"—";"196000";"74 67 55";"—";"Участвует в конкурсе";"1791557";"—"
"4223";"5";"—";"196000";"74 62 60";"—";"Участвует в конкурсе";"1193681";"—"
"4224";"1";"Электронное";"196000";"72 70 54";"—";"Участвует в конкурсе";"2200811";"—"
"4225";"2";"—";"196000";"72 64 60";"—";"Участвует в конкурсе";"1794359";"—"
"4226";"1";"Электронное";"196000";"70 59 67";"—";"Участвует в конкурсе";"1252480";"—"
"4227";"4";"—";"196000";"64 75 57";"—";"Участвует в конкурсе";"1080592";"—"
"4228";"3";"Электронное";"196000";"70 54 69";"3000";"Участвует в конкурсе";"1610617";"—"
"4229";"11";"—";"196000";"78 51 57";"10000";"Участвует в конкурсе";"1858873";"—"
"4230";"4";"—";"196000";"72 51 63";"10000";"Участвует в конкурсе";"1614796";"—"
"4231";"2";"—";"195000";"78 59 58";"—";"Участвует в конкурсе";"2258607";"—"
"4232";"2";"Электронное";"195000";"76 67 52";"—";"Участвует в конкурсе";"2269894";"—"
"4234";"2";"—";"195000";"74 67 54";"—";"Участвует в конкурсе";"2005357";"—"
"4235";"4";"Электронное";"195000";"72 56 67";"—";"Участвует в конкурсе";"2251452";"—"
"4236";"4";"—";"195000";"70 62 63";"—";"Участвует в конкурсе";"1278989";"—"
"4237";"11";"—";"195000";"64 56 75";"—";"Участвует в конкурсе";"1766491";"—"
"4238";"3";"—";"195000";"58 59 78";"—";"Участвует в конкурсе";"1827033";"—"
"4239";"2";"Электронное";"195000";"72 62 58";"3000";"Участвует в конкурсе";"1257956";"—"
"4240";"2";"—";"195000";"72 54 66";"3000";"Участвует в конкурсе";"2255478";"—"
"4241";"8";"—";"195000";"64 70 55";"6000";"Участвует в конкурсе";"2017005";"—"
"4242";"2";"Электронное";"195000";"70 54 61";"10000";"Участвует в конкурсе";"1960207";"—"
"4243";"5";"—";"194000";"80 56 58";"—";"Участвует в конкурсе";"1372758";"—"
"4244";"2";"Электронное";"194000";"80 56 58";"—";"Участвует в конкурсе";"1546239";"—"
"4245";"2";"—";"194000";"78 64 52";"—";"Участвует в конкурсе";"1346908";"—"
"4246";"1";"—";"194000";"78 62 54";"—";"Участвует в конкурсе";"1429750";"—"
"4247";"8";"—";"194000";"78 56 60";"—";"Участвует в конкурсе";"1364790";"—"
"4248";"6";"Электронное";"194000";"78 56 60";"—";"Участвует в конкурсе";"1362400";"—"
"4249";"4";"—";"194000";"72 59 63";"—";"Участвует в конкурсе";"2289543";"—"
"4250";"1";"—";"194000";"72 56 66";"—";"Участвует в конкурсе";"1558821";"—"
"4251";"8";"—";"194000";"70 64 60";"—";"Участвует в конкурсе";"2099089";"—"
"4252";"13";"Электронное";"194000";"70 55 69";"—";"Участвует в конкурсе";"1494639";"—"
"4254";"8";"—";"194000";"64 67 63";"—";"Участвует в конкурсе";"1152069";"—"
"4255";"5";"—";"194000";"74 51 67";"2000";"Участвует в конкурсе";"1484408";"—"
"4256";"1";"—";"194000";"70 67 54";"3000";"Участвует в конкурсе";"1104399";"—"
"4257";"3";"—";"194000";"64 67 60";"3000";"Участвует в конкурсе";"1201250";"—"
"4258";"10";"—";"194000";"76 54 57";"7000";"Участвует в конкурсе";"1288661";"—"
"4259";"1";"—";"193000";"82 56 55";"—";"Участвует в конкурсе";"1979392";"—"
"4260";"5";"—";"193000";"76 56 61";"—";"Участвует в конкурсе";"1710473";"—"
"4261";"1";"Электронное";"193000";"74 67 52";"—";"Участвует в конкурсе";"1350669";"—"
"4262";"2";"Электронное";"193000";"72 67 54";"—";"Участвует в конкурсе";"1432633";"—"
"4263";"9";"—";"193000";"72 54 67";"—";"Участвует в конкурсе";"2334691";"—"
"4265";"2";"—";"193000";"70 72 51";"—";"Участвует в конкурсе";"1727509";"—"
"4266";"15";"—";"193000";"64 78 51";"—";"Участвует в конкурсе";"1329840";"—"
"4267";"5";"Электронное";"193000";"78 54 58";"3000";"Участвует в конкурсе";"1131883";"—"
"4270";"2";"—";"192000";"76 56 60";"—";"Участвует в конкурсе";"2233794";"—"
"4271";"1";"Электронное";"192000";"70 67 55";"—";"Участвует в конкурсе";"1213539";"—"
"4272";"2";"Электронное";"192000";"70 67 55";"—";"Участвует в конкурсе";"946255";"—"
"4273";"30";"—";"192000";"70 62 60";"—";"Участвует в конкурсе";"2314911";"—"
"4274";"1";"—";"192000";"64 70 58";"—";"Участвует в конкурсе";"1394889";"—"
"4275";"10";"Электронное";"192000";"64 70 58";"—";"Участвует в конкурсе";"2217549";"—"
"4276";"4";"—";"192000";"64 67 61";"—";"Участвует в конкурсе";"1718369";"—"
"4279";"1";"—";"192000";"58 70 64";"—";"Участвует в конкурсе";"1270825";"—"
"4280";"1";"—";"192000";"70 56 63";"3000";"Участвует в конкурсе";"1307743";"—"
"4281";"4";"—";"192000";"64 54 64";"10000";"Участвует в конкурсе";"1261475";"—"
"4282";"1";"—";"191000";"80 59 52";"—";"Участвует в конкурсе";"2297710";"—"
"4283";"5";"—";"191000";"80 59 52";"—";"Участвует в конкурсе";"2182038";"—"
"4285";"15";"Электронное";"191000";"76 51 64";"—";"Участвует в конкурсе";"1441901";"—"
"4286";"3";"—";"191000";"74 62 55";"—";"Участвует в конкурсе";"1582120";"—"
"4287";"1";"—";"191000";"74 54 63";"—";"Участвует в конкурсе";"1654122";"—"
"4288";"3";"—";"191000";"72 62 57";"—";"Участвует в конкурсе";"2056766";"—"
"4289";"5";"—";"191000";"70 54 67";"—";"Участвует в конкурсе";"1547038";"—"
"4291";"4";"Электронное";"191000";"58 70 63";"—";"Участвует в конкурсе";"2390383";"—"
"4292";"6";"Электронное";"191000";"64 70 54";"3000";"Участвует в конкурсе";"2279138";"—"
"4293";"1";"Электронное";"191000";"64 67 57";"3000";"Участвует в конкурсе";"2195290";"—"
"4294";"7";"—";"191000";"58 75 55";"3000";"Участвует в конкурсе";"1248671";"—"
"4296";"5";"—";"190000";"72 64 54";"—";"Участвует в конкурсе";"1264545";"—"
"4297";"1";"—";"190000";"72 54 64";"—";"Участвует в конкурсе";"1377813";"—"
"4301";"3";"Электронное";"190000";"64 56 70";"—";"Участвует в конкурсе";"1168548";"—"
"4302";"1";"—";"190000";"64 54 72";"—";"Участвует в конкурсе";"1184096";"—"
"4303";"4";"—";"190000";"52 59 79";"—";"Участвует в конкурсе";"1368064";"—"
"4304";"5";"—";"189000";"76 59 54";"—";"Участвует в конкурсе";"2053208";"—"
"4305";"8";"Электронное";"189000";"74 64 51";"—";"Участвует в конкурсе";"1500032";"—"
"4306";"3";"—";"189000";"72 59 58";"—";"Участвует в конкурсе";"2268861";"—"
"4307";"4";"—";"189000";"70 67 52";"—";"Участвует в конкурсе";"1560173";"—"
"4308";"2";"Электронное";"189000";"70 67 52";"—";"Участвует в конкурсе";"2181605";"—"
"4309";"6";"—";"189000";"70 62 57";"—";"Участвует в конкурсе";"2272982";"—"
"4311";"9";"—";"189000";"70 59 60";"—";"Участвует в конкурсе";"1985034";"—"
"4312";"5";"—";"189000";"64 67 58";"—";"Участвует в конкурсе";"2174745";"—"
"4313";"1";"Электронное";"189000";"64 64 61";"—";"Участвует в конкурсе";"2183936";"—"
"4315";"5";"—";"189000";"52 64 73";"—";"Участвует в конкурсе";"2421563";"—"
"4316";"1";"—";"189000";"70 59 58";"2000";"Участвует в конкурсе";"1492657";"—"
"4317";"5";"—";"189000";"64 56 66";"3000";"Участвует в конкурсе";"1267341";"—"
"4318";"7";"—";"189000";"64 56 66";"3000";"Участвует в конкурсе";"2270002";"—"
"4319";"2";"Электронное";"188000";"82 54 52";"—";"Участвует в конкурсе";"1625156";"—"
"4320";"8";"Электронное";"188000";"74 51 63";"—";"Участвует в конкурсе";"1356900";"—"
"4322";"11";"—";"188000";"72 62 54";"—";"Участвует в конкурсе";"2184646";"—"
"4323";"1";"—";"188000";"72 59 57";"—";"Участвует в конкурсе";"1194246";"—"
"4324";"2";"—";"188000";"64 51 73";"—";"Участвует в конкурсе";"1827323";"—"
"4325";"2";"Электронное";"188000";"58 67 63";"—";"Участвует в конкурсе";"1469218";"—"
"4326";"11";"Электронное";"188000";"52 72 64";"—";"Участвует в конкурсе";"2270961";"—"
"4327";"8";"Электронное";"188000";"70 64 51";"3000";"Участвует в конкурсе";"1132776";"—"
"4328";"5";"—";"188000";"64 64 57";"3000";"Участвует в конкурсе";"956668";"—"
"4329";"1";"—";"188000";"64 54 60";"10000";"Участвует в конкурсе";"1005064";"—"
"4330";"5";"—";"187000";"74 59 54";"—";"Участвует в конкурсе";"1522121";"—"
"4332";"5";"Электронное";"187000";"72 51 64";"—";"Участвует в конкурсе";"2001770";"—"
"4333";"1";"—";"187000";"70 59 58";"—";"Участвует в конкурсе";"1845867";"—"
"4334";"13";"Электронное";"187000";"70 59 58";"—";"Участвует в конкурсе";"2173671";"—"
"4335";"1";"—";"187000";"70 54 63";"—";"Участвует в конкурсе";"1769083";"—"
"4336";"4";"—";"187000";"64 59 64";"—";"Участвует в конкурсе";"2222625";"—"
"4337";"2";"Электронное";"187000";"64 56 67";"—";"Участвует в конкурсе";"1511518";"—"
"4338";"2";"Электронное";"187000";"52 72 63";"—";"Участвует в конкурсе";"1999470";"—"
"4339";"4";"—";"187000";"64 64 57";"2000";"Участвует в конкурсе";"1557978";"—"
"4340";"3";"—";"187000";"70 54 60";"3000";"Участвует в конкурсе";"1851689";"—"
"4341";"21";"—";"187000";"58 75 51";"3000";"Участвует в конкурсе";"1441556";"—"
"4343";"19";"—";"186000";"64 62 60";"—";"Участвует в конкурсе";"2344549";"—"
"4344";"3";"—";"186000";"64 56 66";"—";"Участвует в конкурсе";"1791642";"—"
"4346";"5";"Электронное";"186000";"58 62 66";"—";"Участвует в конкурсе";"1364830";"—"
"4347";"10";"—";"186000";"52 52 82";"—";"Участвует в конкурсе";"1854473";"—"
"4348";"2";"—";"186000";"72 54 57";"3000";"Участвует в конкурсе";"2120328";"—"
"4349";"25";"—";"185000";"74 59 52";"—";"Участвует в конкурсе";"2421447";"—"
"4350";"2";"Электронное";"185000";"74 56 55";"—";"Участвует в конкурсе";"1516199";"—"
"4351";"7";"—";"185000";"72 59 54";"—";"Участвует в конкурсе";"2238869";"—"
"4352";"3";"Электронное";"185000";"70 54 61";"—";"Участвует в конкурсе";"2355648";"—"
"4353";"4";"—";"185000";"64 51 60";"10000";"Участвует в конкурсе";"1439586";"—"
"4354";"18";"—";"185000";"52 62 61";"10000";"Участвует в конкурсе";"2054883";"—"
"4356";"10";"—";"184000";"70 62 52";"—";"Участвует в конкурсе";"1627653";"—"
"4357";"1";"Электронное";"184000";"70 62 52";"—";"Участвует в конкурсе";"1181549";"—"
"4358";"1";"—";"184000";"64 62 58";"—";"Участвует в конкурсе";"1426662";"—"
"4360";"1";"—";"184000";"64 56 64";"—";"Участвует в конкурсе";"1492644";"—"
"4361";"2";"Электронное";"184000";"58 75 51";"—";"Участвует в конкурсе";"2000527";"—"
"4362";"6";"Электронное";"184000";"70 56 55";"3000";"Участвует в конкурсе";"1397841";"—"
"4364";"5";"—";"183000";"70 62 51";"—";"Участвует в конкурсе";"1173942";"—"
"4365";"1";"—";"183000";"70 56 57";"—";"Участвует в конкурсе";"1175427";"—"
"4366";"1";"—";"183000";"70 56 57";"—";"Участвует в конкурсе";"2341631";"—"
"4368";"5";"—";"183000";"58 62 63";"—";"Участвует в конкурсе";"2330572";"—"
"4370";"2";"—";"183000";"72 51 57";"3000";"Участвует в конкурсе";"2177823";"—"
"4371";"4";"—";"183000";"58 56 66";"3000";"Участвует в конкурсе";"2233720";"—"
"4372";"11";"—";"183000";"58 56 64";"5000";"Участвует в конкурсе";"1953272";"—"
"4373";"2";"—";"183000";"74 51 52";"6000";"Участвует в конкурсе";"2275865";"—"
"4374";"3";"—";"183000";"70 51 52";"10000";"Участвует в конкурсе";"2134981";"—"
"4375";"14";"—";"182000";"74 54 54";"—";"Участвует в конкурсе";"2269787";"—"
"4376";"9";"—";"182000";"74 51 57";"—";"Участвует в конкурсе";"1768922";"—"
"4377";"7";"—";"182000";"70 54 58";"—";"Участвует в конкурсе";"1202839";"—"
"4378";"2";"Электронное";"182000";"70 51 61";"—";"Участвует в конкурсе";"2269799";"—"
"4379";"1";"Электронное";"182000";"64 67 51";"—";"Участвует в конкурсе";"1425140";"—"
"4380";"12";"—";"182000";"64 64 54";"—";"Участвует в конкурсе";"1818341";"—"
"4381";"10";"—";"182000";"64 64 54";"—";"Участвует в конкурсе";"1002450";"—"
"4382";"4";"—";"182000";"64 54 64";"—";"Участвует в конкурсе";"2310971";"—"
"4384";"4";"—";"182000";"64 51 67";"—";"Участвует в конкурсе";"2202393";"—"
"4385";"3";"—";"182000";"70 54 55";"3000";"Участвует в конкурсе";"1843383";"—"
"4386";"17";"Электронное";"182000";"58 59 60";"5000";"Участвует в конкурсе";"2176621";"—"
"4387";"4";"—";"181000";"72 54 55";"—";"Участвует в конкурсе";"1246551";"—"
"4388";"1";"Электронное";"181000";"72 51 58";"—";"Участвует в конкурсе";"1728976";"—"
"4389";"7";"—";"181000";"64 56 61";"—";"Участвует в конкурсе";"1243653";"—"
"4391";"17";"—";"181000";"58 54 69";"—";"Участвует в конкурсе";"1798024";"—"
"4392";"1";"—";"181000";"64 54 61";"2000";"Участвует в конкурсе";"2140784";"—"
"4393";"5";"—";"180000";"72 56 52";"—";"Участвует в конкурсе";"2310722";"—"
"4394";"20";"—";"180000";"64 59 57";"—";"Участвует в конкурсе";"1627752";"—"
"4395";"5";"—";"180000";"58 64 58";"—";"Участвует в конкурсе";"1163069";"—"
"4396";"1";"Электронное";"180000";"64 59 54";"3000";"Участвует в конкурсе";"1214479";"—"
"4397";"10";"—";"179000";"72 56 51";"—";"Участвует в конкурсе";"2140935";"—"
"4398";"1";"—";"179000";"64 54 61";"—";"Участвует в конкурсе";"2233572";"—"
"4399";"3";"—";"179000";"52 70 57";"—";"Участвует в конкурсе";"2361350";"—"
"4400";"2";"Электронное";"179000";"52 64 63";"—";"Участвует в конкурсе";"1176003";"—"
"4401";"5";"—";"179000";"64 51 54";"10000";"Участвует в конкурсе";"1197487";"—"
"4403";"6";"—";"178000";"76 51 51";"—";"Участвует в конкурсе";"1703061";"—"
"4404";"4";"Электронное";"178000";"76 51 51";"—";"Участвует в конкурсе";"2425342";"—"
"4405";"1";"—";"178000";"70 56 52";"—";"Участвует в конкурсе";"1253238";"—"
"4406";"4";"—";"178000";"70 54 54";"—";"Участвует в конкурсе";"1999179";"—"
"4408";"10";"Электронное";"178000";"64 59 55";"—";"Участвует в конкурсе";"1473795";"—"
"4409";"1";"—";"178000";"64 59 55";"—";"Участвует в конкурсе";"1914759";"—"
"4410";"2";"—";"178000";"64 56 58";"—";"Участвует в конкурсе";"1461074";"—"
"4412";"3";"Электронное";"178000";"58 59 61";"—";"Участвует в конкурсе";"1291163";"—"
"4415";"5";"—";"178000";"58 51 66";"3000";"Участвует в конкурсе";"1672351";"—"
"4416";"8";"—";"177000";"74 51 52";"—";"Участвует в конкурсе";"1311968";"—"
"4417";"5";"Электронное";"177000";"64 56 57";"—";"Участвует в конкурсе";"1558722";"—"
"4418";"3";"—";"176000";"74 51 51";"—";"Участвует в конкурсе";"2307336";"—"
"4419";"6";"Электронное";"176000";"64 54 58";"—";"Участвует в конкурсе";"1292054";"—"
"4421";"3";"Электронное";"176000";"52 70 54";"—";"Участвует в конкурсе";"1599886";"—"
"4422";"3";"—";"176000";"52 67 57";"—";"Участвует в конкурсе";"1196182";"—"
"4423";"4";"—";"175000";"70 51 54";"—";"Участвует в конкурсе";"2338871";"—"
"4424";"1";"—";"175000";"64 56 55";"—";"Участвует в конкурсе";"2000264";"—"
"4425";"1";"Электронное";"175000";"58 51 66";"—";"Участвует в конкурсе";"292291";"—"
"4426";"2";"—";"175000";"52 62 61";"—";"Участвует в конкурсе";"1178805";"—"
"4427";"6";"—";"175000";"70 51 51";"3000";"Участвует в конкурсе";"1248596";"—"
"4429";"3";"—";"174000";"58 59 57";"—";"Участвует в конкурсе";"2007360";"—"
"4430";"2";"—";"174000";"58 56 60";"—";"Участвует в конкурсе";"2381287";"—"
"4431";"1";"Электронное";"174000";"52 62 60";"—";"Участвует в конкурсе";"2326589";"—"
"4432";"6";"—";"172000";"64 51 57";"—";"Участвует в конкурсе";"2393143";"—"
"4433";"1";"Электронное";"172000";"58 62 52";"—";"Участвует в конкурсе";"1851972";"—"
"4434";"4";"—";"172000";"58 54 60";"—";"Участвует в конкурсе";"1443568";"—"
"4436";"7";"—";"170000";"58 51 61";"—";"Участвует в конкурсе";"2310181";"—"
"4437";"1";"—";"170000";"58 59 51";"2000";"Участвует в конкурсе";"2301287";"—"
"4438";"13";"Электронное";"170000";"58 51 54";"7000";"Участвует в конкурсе";"1719088";"—"
"4440";"6";"—";"169000";"64 54 51";"—";"Участвует в конкурсе";"1468287";"—"
"4441";"1";"Электронное";"169000";"64 51 54";"—";"Участвует в конкурсе";"1958027";"—"
"4442";"5";"—";"169000";"64 51 54";"—";"Участвует в конкурсе";"2143404";"—"
"4443";"3";"—";"169000";"64 51 54";"—";"Участвует в конкурсе";"2233914";"—"
"4444";"3";"Электронное";"167000";"52 64 51";"—";"Участвует в конкурсе";"1903772";"—"
"4445";"3";"—";"167000";"52 54 58";"3000";"Участвует в конкурсе";"1486320";"—"
"4446";"6";"—";"165000";"58 56 51";"—";"Участвует в конкурсе";"1974876";"—"
"4447";"3";"—";"164000";"52 54 58";"—";"Участвует в конкурсе";"2245369";"—"
"4450";"1";"—";"163000";"58 54 51";"—";"Участвует в конкурсе";"2225398";"—"
"4453";"2";"—";"158000";"52 51 52";"3000";"Участвует в конкурсе";"1713227";"—"
