"Порядковый номер";"Приоритет конкурса";"Наличие договора";"Сумма баллов";"Баллы за ВИ";"Баллы за ИД";"Статус";"Код поступающего";"Дата выбора конкурсной группы по Москве"
"1";"10";"—";"308000";"98 100 100";"10000";"Участвует в конкурсе";"1728171";"—"
"2";"2";"—";"307000";"98 99 100";"10000";"Участвует в конкурсе";"1312784";"—"
"3";"20";"—";"304000";"98 99 97";"10000";"Участвует в конкурсе";"1914761";"—"
"4";"8";"—";"302000";"98 100 94";"10000";"Участвует в конкурсе";"1839611";"—"
"5";"4";"—";"300000";"95 98 97";"10000";"Участвует в конкурсе";"1331541";"—"
"6";"1";"—";"299000";"100 100 89";"10000";"Участвует в конкурсе";"1514902";"—"
"7";"9";"—";"299000";"95 100 94";"10000";"Участвует в конкурсе";"1554023";"—"
"8";"14";"—";"299000";"93 96 100";"10000";"Участвует в конкурсе";"1516062";"—"
"9";"3";"—";"297000";"98 100 89";"10000";"Участвует в конкурсе";"1167293";"—"
"10";"4";"—";"297000";"98 95 94";"10000";"Участвует в конкурсе";"1361856";"—"
"11";"7";"—";"297000";"95 92 100";"10000";"Участвует в конкурсе";"1501339";"—"
"12";"2";"—";"297000";"93 100 94";"10000";"Участвует в конкурсе";"1175568";"—"
"14";"2";"—";"296000";"100 86 100";"10000";"Участвует в конкурсе";"1702101";"—"
"15";"5";"—";"295000";"95 99 91";"10000";"Участвует в конкурсе";"1479205";"—"
"16";"11";"—";"295000";"95 99 91";"10000";"Участвует в конкурсе";"1783449";"—"
"17";"1";"—";"295000";"90 98 97";"10000";"Участвует в конкурсе";"2341831";"—"
"18";"12";"—";"294000";"98 100 86";"10000";"Участвует в конкурсе";"1625066";"—"
"19";"9";"—";"294000";"95 92 97";"10000";"Участвует в конкурсе";"1333982";"—"
"20";"1";"—";"294000";"93 97 94";"10000";"Участвует в конкурсе";"1441293";"—"
"21";"5";"—";"294000";"85 99 100";"10000";"Участвует в конкурсе";"1798162";"—"
"22";"3";"—";"293000";"95 98 97";"3000";"Участвует в конкурсе";"1250317";"—"
"23";"1";"—";"293000";"98 96 91";"8000";"Участвует в конкурсе";"1720390";"—"
"24";"3";"—";"293000";"100 100 83";"10000";"Участвует в конкурсе";"1880847";"—"
"25";"14";"—";"293000";"100 94 89";"10000";"Участвует в конкурсе";"2134514";"—"
"26";"3";"—";"293000";"100 94 89";"10000";"Участвует в конкурсе";"2251900";"—"
"27";"3";"—";"292000";"98 97 97";"—";"Участвует в конкурсе";"2006503";"—"
"28";"5";"—";"292000";"98 100 89";"5000";"Участвует в конкурсе";"1637473";"—"
"29";"19";"—";"292000";"100 92 94";"6000";"Участвует в конкурсе";"1977911";"—"
"30";"15";"—";"292000";"100 95 89";"8000";"Участвует в конкурсе";"1788572";"—"
"31";"2";"—";"292000";"100 99 83";"10000";"Участвует в конкурсе";"2230382";"—"
"32";"19";"—";"292000";"95 98 89";"10000";"Участвует в конкурсе";"2000936";"—"
"33";"3";"—";"292000";"95 90 97";"10000";"Участвует в конкурсе";"2208406";"—"
"34";"3";"—";"292000";"93 95 94";"10000";"Участвует в конкурсе";"1777594";"—"
"35";"3";"—";"292000";"90 95 97";"10000";"Участвует в конкурсе";"1215083";"—"
"36";"5";"—";"291000";"100 94 94";"3000";"Участвует в конкурсе";"1928200";"—"
"37";"4";"—";"291000";"95 100 86";"10000";"Участвует в конкурсе";"1436615";"—"
"38";"1";"—";"291000";"95 92 94";"10000";"Участвует в конкурсе";"1798586";"—"
"39";"9";"—";"291000";"95 92 94";"10000";"Участвует в конкурсе";"2052288";"—"
"40";"5";"—";"290000";"93 98 91";"8000";"Участвует в конкурсе";"1853877";"—"
"41";"5";"—";"290000";"95 96 89";"10000";"Участвует в конкурсе";"1729121";"—"
"42";"5";"—";"290000";"95 96 89";"10000";"Участвует в конкурсе";"1842623";"—"
"43";"2";"—";"290000";"95 94 91";"10000";"Участвует в конкурсе";"1572600";"—"
"44";"3";"—";"290000";"93 96 91";"10000";"Участвует в конкурсе";"1798245";"—"
"45";"2";"—";"290000";"93 96 91";"10000";"Участвует в конкурсе";"1685396";"—"
"46";"5";"—";"290000";"90 96 94";"10000";"Участвует в конкурсе";"1536693";"—"
"47";"5";"—";"290000";"88 95 97";"10000";"Участвует в конкурсе";"1287292";"—"
"48";"7";"—";"290000";"88 95 97";"10000";"Участвует в конкурсе";"2005775";"—"
"49";"3";"—";"289000";"93 99 97";"—";"Участвует в конкурсе";"1441150";"—"
"50";"6";"—";"289000";"98 94 94";"3000";"Участвует в конкурсе";"1655782";"—"
"51";"14";"—";"289000";"95 94 97";"3000";"Участвует в конкурсе";"1481603";"—"
"52";"9";"—";"289000";"95 98 91";"5000";"Участвует в конкурсе";"1175736";"—"
"53";"7";"—";"289000";"93 100 86";"10000";"Участвует в конкурсе";"1288256";"—"
"54";"2";"—";"289000";"93 97 89";"10000";"Участвует в конкурсе";"1130496";"—"
"55";"1";"—";"289000";"88 100 91";"10000";"Участвует в конкурсе";"1516325";"—"
"56";"2";"—";"288000";"95 99 94";"—";"Участвует в конкурсе";"1937699";"—"
"57";"7";"—";"288000";"98 97 83";"10000";"Участвует в конкурсе";"1496139";"—"
"58";"3";"—";"288000";"95 94 89";"10000";"Участвует в конкурсе";"1241968";"—"
"59";"1";"—";"288000";"95 92 91";"10000";"Участвует в конкурсе";"1637136";"—"
"60";"3";"—";"288000";"93 96 89";"10000";"Участвует в конкурсе";"1580385";"—"
"61";"2";"—";"288000";"93 94 91";"10000";"Участвует в конкурсе";"1201879";"—"
"62";"9";"—";"288000";"85 96 97";"10000";"Участвует в конкурсе";"1200904";"—"
"63";"5";"—";"287000";"95 98 94";"—";"Участвует в конкурсе";"1515103";"—"
"64";"11";"—";"287000";"98 98 86";"5000";"Участвует в конкурсе";"1204240";"—"
"65";"6";"—";"287000";"95 96 86";"10000";"Участвует в конкурсе";"1652121";"—"
"66";"2";"—";"287000";"90 96 91";"10000";"Участвует в конкурсе";"2264458";"—"
"67";"15";"—";"287000";"90 90 97";"10000";"Участвует в конкурсе";"1493775";"—"
"68";"3";"—";"287000";"88 100 89";"10000";"Участвует в конкурсе";"1433847";"—"
"69";"1";"—";"287000";"88 98 91";"10000";"Участвует в конкурсе";"1381757";"—"
"70";"6";"—";"287000";"85 95 97";"10000";"Участвует в конкурсе";"2314652";"—"
"71";"5";"—";"286000";"100 90 86";"10000";"Участвует в конкурсе";"1291410";"—"
"72";"6";"—";"286000";"95 100 81";"10000";"Участвует в конкурсе";"1640345";"—"
"73";"2";"—";"286000";"95 92 89";"10000";"Участвует в конкурсе";"1647810";"—"
"74";"6";"—";"286000";"95 92 89";"10000";"Участвует в конкурсе";"2176396";"—"
"75";"12";"—";"286000";"93 100 83";"10000";"Участвует в конкурсе";"1364152";"—"
"76";"1";"—";"286000";"93 86 97";"10000";"Участвует в конкурсе";"1500028";"—"
"78";"2";"—";"286000";"90 95 91";"10000";"Участвует в конкурсе";"1559828";"—"
"79";"5";"—";"286000";"90 92 94";"10000";"Участвует в конкурсе";"2415700";"—"
"80";"1";"—";"286000";"88 94 94";"10000";"Участвует в конкурсе";"2013903";"—"
"81";"5";"—";"286000";"88 94 94";"10000";"Участвует в конкурсе";"1853778";"—"
"82";"1";"—";"285000";"98 98 89";"—";"Участвует в конкурсе";"1427864";"—"
"83";"10";"—";"285000";"93 95 91";"6000";"Участвует в конкурсе";"1656020";"—"
"84";"14";"—";"285000";"100 94 81";"10000";"Участвует в конкурсе";"1904436";"—"
"85";"2";"—";"285000";"95 94 86";"10000";"Участвует в конкурсе";"996095";"—"
"86";"6";"—";"285000";"93 88 94";"10000";"Участвует в конкурсе";"1606981";"—"
"87";"7";"—";"285000";"90 94 91";"10000";"Участвует в конкурсе";"1730554";"—"
"88";"3";"—";"285000";"90 94 91";"10000";"Участвует в конкурсе";"2040968";"—"
"89";"3";"—";"285000";"88 96 91";"10000";"Участвует в конкурсе";"2423829";"—"
"90";"1";"—";"285000";"83 98 94";"10000";"Участвует в конкурсе";"1407974";"—"
"91";"10";"—";"285000";"83 92 100";"10000";"Участвует в конкурсе";"1796557";"—"
"92";"2";"—";"284000";"100 95 86";"3000";"Участвует в конкурсе";"2268515";"—"
"93";"2";"—";"284000";"98 95 86";"5000";"Участвует в конкурсе";"1441493";"—"
"94";"3";"—";"284000";"100 88 86";"10000";"Участвует в конкурсе";"1174226";"—"
"96";"8";"—";"284000";"93 95 86";"10000";"Участвует в конкурсе";"1214535";"—"
"97";"7";"—";"284000";"93 95 86";"10000";"Участвует в конкурсе";"1953967";"—"
"98";"5";"—";"284000";"93 95 86";"10000";"Участвует в конкурсе";"1987836";"—"
"99";"6";"—";"284000";"93 95 86";"10000";"Участвует в конкурсе";"2262047";"—"
"100";"3";"—";"284000";"93 90 91";"10000";"Участвует в конкурсе";"1779294";"—"
"101";"4";"—";"284000";"93 90 91";"10000";"Участвует в конкурсе";"1703589";"—"
"102";"1";"Электронное";"284000";"88 95 91";"10000";"Участвует в конкурсе";"1815288";"—"
"103";"1";"—";"284000";"75 99 100";"10000";"Участвует в конкурсе";"1000006";"—"
"104";"2";"—";"283000";"100 92 91";"—";"Участвует в конкурсе";"1898922";"—"
"105";"3";"—";"283000";"90 99 94";"—";"Участвует в конкурсе";"1106167";"—"
"106";"2";"—";"283000";"100 94 86";"3000";"Участвует в конкурсе";"1180437";"—"
"107";"3";"—";"283000";"100 82 91";"10000";"Участвует в конкурсе";"2244776";"—"
"108";"6";"—";"283000";"95 97 81";"10000";"Участвует в конкурсе";"1482172";"—"
"109";"1";"—";"283000";"95 92 86";"10000";"Участвует в конкурсе";"2098043";"—"
"110";"16";"—";"283000";"93 97 83";"10000";"Участвует в конкурсе";"2341830";"—"
"111";"5";"—";"283000";"93 86 94";"10000";"Участвует в конкурсе";"1337769";"—"
"112";"4";"—";"283000";"90 94 89";"10000";"Участвует в конкурсе";"1346053";"—"
"113";"2";"—";"283000";"90 94 89";"10000";"Участвует в конкурсе";"1705022";"—"
"114";"2";"—";"283000";"90 94 89";"10000";"Участвует в конкурсе";"1366560";"—"
"115";"2";"—";"283000";"88 96 89";"10000";"Участвует в конкурсе";"2313341";"—"
"116";"1";"—";"283000";"88 88 97";"10000";"Участвует в конкурсе";"1999327";"—"
"117";"2";"—";"282000";"93 96 86";"7000";"Участвует в конкурсе";"1442269";"—"
"118";"2";"—";"282000";"100 94 78";"10000";"Участвует в конкурсе";"2049645";"—"
"119";"1";"Электронное";"282000";"100 86 86";"10000";"Участвует в конкурсе";"1620606";"—"
"120";"1";"—";"282000";"95 88 89";"10000";"Участвует в конкурсе";"1371395";"—"
"121";"4";"—";"282000";"95 86 91";"10000";"Участвует в конкурсе";"2160345";"—"
"122";"2";"—";"282000";"90 96 86";"10000";"Участвует в конкурсе";"2285867";"—"
"123";"5";"—";"282000";"90 88 94";"10000";"Участвует в конкурсе";"1519645";"—"
"124";"8";"—";"282000";"83 98 91";"10000";"Участвует в конкурсе";"1363192";"—"
"125";"1";"—";"282000";"80 95 97";"10000";"Участвует в конкурсе";"1656860";"—"
"126";"10";"—";"281000";"95 92 94";"—";"Участвует в конкурсе";"1995422";"—"
"127";"6";"—";"281000";"93 94 94";"—";"Участвует в конкурсе";"2220026";"—"
"128";"8";"—";"281000";"98 100 81";"2000";"Участвует в конкурсе";"1442081";"—"
"129";"22";"—";"281000";"95 98 86";"2000";"Участвует в конкурсе";"1666321";"—"
"130";"1";"—";"281000";"90 94 94";"3000";"Участвует в конкурсе";"1306197";"—"
"131";"3";"—";"281000";"100 96 75";"10000";"Участвует в конкурсе";"2044461";"—"
"132";"1";"—";"281000";"100 88 83";"10000";"Участвует в конкурсе";"1782077";"—"
"133";"4";"—";"281000";"100 80 91";"10000";"Участвует в конкурсе";"1616124";"—"
"134";"3";"—";"281000";"93 92 86";"10000";"Участвует в конкурсе";"1642357";"—"
"135";"6";"—";"281000";"93 92 86";"10000";"Участвует в конкурсе";"2176272";"—"
"136";"1";"—";"281000";"90 90 91";"10000";"Участвует в конкурсе";"1461657";"—"
"137";"5";"—";"281000";"88 92 91";"10000";"Участвует в конкурсе";"1958728";"—"
"138";"1";"—";"281000";"88 92 91";"10000";"Участвует в конкурсе";"2269340";"—"
"139";"4";"—";"281000";"85 97 89";"10000";"Участвует в конкурсе";"1519399";"—"
"140";"2";"—";"281000";"83 94 94";"10000";"Участвует в конкурсе";"1182189";"—"
"141";"2";"—";"280000";"98 88 91";"3000";"Участвует в конкурсе";"1201093";"—"
"142";"2";"—";"280000";"98 99 73";"10000";"Участвует в конкурсе";"982847";"—"
"143";"2";"—";"280000";"95 94 81";"10000";"Участвует в конкурсе";"2027425";"—"
"144";"5";"—";"280000";"95 92 83";"10000";"Участвует в конкурсе";"2092802";"—"
"145";"3";"—";"280000";"93 94 83";"10000";"Участвует в конкурсе";"1833045";"—"
"146";"5";"—";"280000";"90 97 83";"10000";"Участвует в конкурсе";"2136057";"—"
"147";"1";"—";"280000";"90 97 83";"10000";"Участвует в конкурсе";"1675328";"—"
"148";"2";"—";"280000";"90 86 94";"10000";"Участвует в конкурсе";"2132689";"—"
"149";"2";"—";"280000";"88 82 100";"10000";"Участвует в конкурсе";"1798628";"—"
"150";"1";"—";"280000";"85 88 97";"10000";"Участвует в конкурсе";"1912233";"—"
"151";"7";"—";"279000";"98 100 81";"—";"Участвует в конкурсе";"2179972";"—"
"154";"3";"—";"279000";"98 96 83";"2000";"Участвует в конкурсе";"1247218";"—"
"155";"2";"—";"279000";"90 86 100";"3000";"Участвует в конкурсе";"1637011";"—"
"156";"2";"—";"279000";"100 88 81";"10000";"Участвует в конкурсе";"1654121";"—"
"157";"5";"—";"279000";"98 88 83";"10000";"Участвует в конкурсе";"1578522";"—"
"158";"12";"—";"279000";"98 88 83";"10000";"Участвует в конкурсе";"2219230";"—"
"159";"8";"—";"279000";"95 96 78";"10000";"Участвует в конкурсе";"2309001";"—"
"160";"5";"—";"279000";"95 88 86";"10000";"Участвует в конкурсе";"2170924";"—"
"161";"2";"—";"279000";"93 82 94";"10000";"Участвует в конкурсе";"1213226";"—"
"162";"4";"—";"279000";"90 96 83";"10000";"Участвует в конкурсе";"2071592";"—"
"164";"12";"—";"279000";"90 90 89";"10000";"Участвует в конкурсе";"2037881";"—"
"165";"6";"—";"279000";"90 88 91";"10000";"Участвует в конкурсе";"1788034";"—"
"166";"6";"—";"279000";"90 88 91";"10000";"Участвует в конкурсе";"2135144";"—"
"167";"6";"—";"279000";"88 92 89";"10000";"Участвует в конкурсе";"2260910";"—"
"168";"5";"—";"279000";"85 95 89";"10000";"Участвует в конкурсе";"1562867";"—"
"169";"1";"—";"279000";"85 90 94";"10000";"Участвует в конкурсе";"1321606";"—"
"170";"3";"—";"279000";"80 92 97";"10000";"Участвует в конкурсе";"1519451";"—"
"171";"3";"—";"278000";"90 92 91";"5000";"Участвует в конкурсе";"1963654";"—"
"172";"6";"—";"278000";"98 95 75";"10000";"Участвует в конкурсе";"2015800";"—"
"173";"3";"—";"278000";"98 84 86";"10000";"Участвует в конкурсе";"1756559";"—"
"174";"2";"—";"278000";"95 92 81";"10000";"Участвует в конкурсе";"1286539";"—"
"175";"8";"—";"278000";"93 97 78";"10000";"Участвует в конкурсе";"1331555";"—"
"176";"3";"—";"278000";"90 95 83";"10000";"Участвует в конкурсе";"1755808";"—"
"177";"3";"—";"278000";"90 92 86";"10000";"Участвует в конкурсе";"1879322";"—"
"178";"2";"—";"278000";"85 86 97";"10000";"Участвует в конкурсе";"1194454";"—"
"179";"22";"—";"278000";"83 99 86";"10000";"Участвует в конкурсе";"1795014";"—"
"180";"2";"—";"278000";"83 94 91";"10000";"Участвует в конкурсе";"1035168";"—"
"181";"8";"—";"278000";"83 94 91";"10000";"Участвует в конкурсе";"2035422";"—"
"182";"1";"—";"278000";"80 99 89";"10000";"Участвует в конкурсе";"1884636";"—"
"183";"2";"—";"278000";"78 96 94";"10000";"Участвует в конкурсе";"1174987";"—"
"184";"13";"—";"277000";"100 94 81";"2000";"Участвует в конкурсе";"1710356";"—"
"185";"3";"—";"277000";"98 90 86";"3000";"Участвует в конкурсе";"2329646";"—"
"186";"12";"—";"277000";"88 90 94";"5000";"Участвует в конкурсе";"1291026";"—"
"187";"2";"—";"277000";"98 86 83";"10000";"Участвует в конкурсе";"1280979";"—"
"188";"2";"—";"277000";"95 97 75";"10000";"Участвует в конкурсе";"971765";"—"
"189";"1";"—";"277000";"93 88 86";"10000";"Участвует в конкурсе";"2090544";"—"
"190";"4";"—";"277000";"93 88 86";"10000";"Участвует в конкурсе";"2228213";"—"
"191";"1";"—";"277000";"90 94 83";"10000";"Участвует в конкурсе";"2257901";"—"
"192";"4";"—";"277000";"90 86 91";"10000";"Участвует в конкурсе";"1619219";"—"
"193";"11";"—";"277000";"88 98 81";"10000";"Участвует в конкурсе";"1735806";"—"
"195";"2";"—";"277000";"85 96 86";"10000";"Участвует в конкурсе";"1978764";"—"
"196";"4";"—";"277000";"85 88 94";"10000";"Участвует в конкурсе";"1584455";"—"
"197";"1";"—";"277000";"85 88 94";"10000";"Участвует в конкурсе";"1786847";"—"
"198";"2";"—";"277000";"83 98 86";"10000";"Участвует в конкурсе";"2177044";"—"
"199";"5";"—";"277000";"83 90 94";"10000";"Участвует в конкурсе";"1565127";"—"
"200";"10";"—";"277000";"80 98 89";"10000";"Участвует в конкурсе";"1332216";"—"
"201";"4";"—";"276000";"95 92 89";"—";"Участвует в конкурсе";"2223237";"—"
"202";"1";"—";"276000";"94 90 92";"—";"Участвует в конкурсе";"1461468";"—"
"203";"1";"—";"276000";"93 86 97";"—";"Участвует в конкурсе";"1845188";"—"
"204";"2";"—";"276000";"90 95 89";"2000";"Участвует в конкурсе";"2197828";"—"
"205";"3";"—";"276000";"100 98 70";"8000";"Участвует в конкурсе";"1207100";"—"
"206";"1";"—";"276000";"100 88 78";"10000";"Участвует в конкурсе";"1324851";"—"
"207";"3";"—";"276000";"98 82 86";"10000";"Участвует в конкурсе";"1645655";"—"
"208";"6";"—";"276000";"95 88 83";"10000";"Участвует в конкурсе";"1246298";"—"
"209";"5";"—";"276000";"95 88 83";"10000";"Участвует в конкурсе";"1072468";"—"
"210";"7";"—";"276000";"95 88 83";"10000";"Участвует в конкурсе";"1181054";"—"
"211";"4";"—";"276000";"90 90 86";"10000";"Участвует в конкурсе";"1654911";"—"
"213";"1";"—";"276000";"90 90 86";"10000";"Участвует в конкурсе";"1612602";"—"
"214";"1";"—";"276000";"90 82 94";"10000";"Участвует в конкурсе";"1577674";"—"
"215";"6";"—";"276000";"85 95 86";"10000";"Участвует в конкурсе";"1900873";"—"
"216";"2";"—";"276000";"83 97 86";"10000";"Участвует в конкурсе";"2224431";"—"
"217";"1";"—";"276000";"83 92 91";"10000";"Участвует в конкурсе";"2174175";"—"
"218";"2";"—";"275000";"93 90 86";"6000";"Участвует в конкурсе";"1859580";"—"
"219";"7";"—";"275000";"83 95 89";"8000";"Участвует в конкурсе";"1977029";"—"
"220";"3";"—";"275000";"95 84 86";"10000";"Участвует в конкурсе";"1440671";"—"
"221";"3";"—";"275000";"93 100 72";"10000";"Участвует в конкурсе";"1984901";"—"
"222";"1";"—";"275000";"93 94 78";"10000";"Участвует в конкурсе";"1981399";"—"
"223";"7";"—";"275000";"90 94 81";"10000";"Участвует в конкурсе";"1262198";"—"
"224";"7";"—";"275000";"90 92 83";"10000";"Участвует в конкурсе";"1580271";"—"
"225";"9";"—";"275000";"90 86 89";"10000";"Участвует в конкурсе";"2133199";"—"
"226";"1";"—";"275000";"90 86 89";"10000";"Участвует в конкурсе";"1849042";"—"
"227";"3";"—";"275000";"88 94 83";"10000";"Участвует в конкурсе";"1933178";"—"
"228";"2";"—";"275000";"88 88 89";"10000";"Участвует в конкурсе";"1996248";"—"
"229";"7";"—";"275000";"88 88 89";"10000";"Участвует в конкурсе";"2266801";"—"
"230";"1";"—";"275000";"85 86 94";"10000";"Участвует в конкурсе";"1361588";"—"
"231";"1";"—";"275000";"83 88 94";"10000";"Участвует в конкурсе";"1955605";"—"
"232";"8";"—";"275000";"83 88 94";"10000";"Участвует в конкурсе";"2141022";"—"
"233";"2";"—";"274000";"100 88 86";"—";"Участвует в конкурсе";"1985154";"—"
"234";"2";"—";"274000";"98 82 94";"—";"Участвует в конкурсе";"1199343";"—"
"235";"3";"—";"274000";"94 90 90";"—";"Участвует в конкурсе";"1044450";"—"
"236";"6";"—";"274000";"93 90 91";"—";"Участвует в конкурсе";"1263378";"—"
"237";"2";"—";"274000";"85 98 91";"—";"Участвует в конкурсе";"1244290";"—"
"238";"8";"—";"274000";"93 95 83";"3000";"Участвует в конкурсе";"1553555";"—"
"239";"2";"—";"274000";"93 92 86";"3000";"Участвует в конкурсе";"1190438";"—"
"240";"3";"—";"274000";"80 100 91";"3000";"Участвует в конкурсе";"2005440";"—"
"241";"2";"—";"274000";"83 90 94";"7000";"Участвует в конкурсе";"1729657";"—"
"242";"2";"—";"274000";"95 90 81";"8000";"Участвует в конкурсе";"1194676";"—"
"243";"3";"—";"274000";"95 86 83";"10000";"Участвует в конкурсе";"1366788";"—"
"244";"5";"—";"274000";"95 86 83";"10000";"Участвует в конкурсе";"2242039";"—"
"246";"1";"—";"274000";"93 82 89";"10000";"Участвует в конкурсе";"1486794";"—"
"247";"4";"—";"274000";"93 82 89";"10000";"Участвует в конкурсе";"2311658";"—"
"248";"1";"—";"274000";"90 88 86";"10000";"Участвует в конкурсе";"1408384";"—"
"249";"7";"—";"274000";"90 80 94";"10000";"Участвует в конкурсе";"1370893";"—"
"250";"3";"—";"274000";"88 90 86";"10000";"Участвует в конкурсе";"1394727";"—"
"251";"7";"—";"274000";"88 82 94";"10000";"Участвует в конкурсе";"2262520";"—"
"252";"5";"—";"274000";"85 90 89";"10000";"Участвует в конкурсе";"1587430";"—"
"253";"9";"—";"274000";"85 88 91";"10000";"Участвует в конкурсе";"1620198";"—"
"254";"4";"—";"274000";"83 95 86";"10000";"Участвует в конкурсе";"1601346";"—"
"255";"4";"—";"274000";"83 92 89";"10000";"Участвует в конкурсе";"1433428";"—"
"256";"2";"—";"274000";"80 90 94";"10000";"Участвует в конкурсе";"1260223";"—"
"257";"15";"—";"274000";"80 90 94";"10000";"Участвует в конкурсе";"2227144";"—"
"258";"2";"—";"274000";"78 100 86";"10000";"Участвует в конкурсе";"1366772";"—"
"259";"4";"—";"274000";"78 92 94";"10000";"Участвует в конкурсе";"1835377";"—"
"260";"2";"—";"273000";"95 92 86";"—";"Участвует в конкурсе";"2094336";"—"
"261";"4";"—";"273000";"93 94 86";"—";"Участвует в конкурсе";"1363875";"—"
"262";"6";"—";"273000";"93 86 94";"—";"Участвует в конкурсе";"2232631";"—"
"263";"6";"—";"273000";"98 95 78";"2000";"Участвует в конкурсе";"1244657";"—"
"264";"5";"—";"273000";"90 97 83";"3000";"Участвует в конкурсе";"2245667";"—"
"265";"11";"—";"273000";"80 90 100";"3000";"Участвует в конкурсе";"1354965";"—"
"266";"4";"—";"273000";"80 94 94";"5000";"Участвует в конкурсе";"2264547";"—"
"267";"4";"—";"273000";"95 90 78";"10000";"Участвует в конкурсе";"2318493";"—"
"269";"14";"—";"273000";"93 84 86";"10000";"Участвует в конкурсе";"1975290";"—"
"270";"5";"—";"273000";"90 92 81";"10000";"Участвует в конкурсе";"1264222";"—"
"271";"2";"—";"273000";"90 90 83";"10000";"Участвует в конкурсе";"1202149";"—"
"272";"3";"—";"273000";"90 90 83";"10000";"Участвует в конкурсе";"1617165";"—"
"273";"2";"—";"273000";"90 90 83";"10000";"Участвует в конкурсе";"1995262";"—"
"274";"12";"—";"273000";"88 94 81";"10000";"Участвует в конкурсе";"1516350";"—"
"275";"1";"—";"273000";"88 92 83";"10000";"Участвует в конкурсе";"1900462";"—"
"276";"2";"—";"273000";"88 86 89";"10000";"Участвует в конкурсе";"1330465";"—"
"277";"4";"—";"273000";"88 84 91";"10000";"Участвует в конкурсе";"2226593";"—"
"278";"4";"—";"273000";"88 84 91";"10000";"Участвует в конкурсе";"1635572";"—"
"279";"4";"—";"273000";"83 86 94";"10000";"Участвует в конкурсе";"2061071";"—"
"280";"1";"—";"273000";"83 80 100";"10000";"Участвует в конкурсе";"1913697";"—"
"281";"2";"—";"273000";"80 86 97";"10000";"Участвует в конкурсе";"2133045";"—"
"282";"4";"—";"273000";"80 86 97";"10000";"Участвует в конкурсе";"1791705";"—"
"285";"6";"—";"272000";"93 98 81";"—";"Участвует в конкурсе";"1791564";"—"
"286";"3";"—";"272000";"88 90 91";"3000";"Участвует в конкурсе";"1622479";"—"
"287";"1";"—";"272000";"98 95 69";"10000";"Участвует в конкурсе";"2056236";"—"
"288";"2";"—";"272000";"95 100 67";"10000";"Участвует в конкурсе";"1834045";"—"
"289";"1";"—";"272000";"93 88 81";"10000";"Участвует в конкурсе";"1517177";"—"
"290";"3";"—";"272000";"93 88 81";"10000";"Участвует в конкурсе";"1790888";"—"
"291";"1";"—";"272000";"93 86 83";"10000";"Участвует в конкурсе";"1956252";"—"
"292";"5";"—";"272000";"88 88 86";"10000";"Участвует в конкурсе";"1392539";"—"
"293";"11";"—";"272000";"88 88 86";"10000";"Участвует в конкурсе";"1915560";"—"
"294";"6";"—";"272000";"88 80 94";"10000";"Участвует в конкурсе";"1609852";"—"
"295";"16";"—";"272000";"85 96 81";"10000";"Участвует в конкурсе";"1416387";"—"
"297";"2";"—";"272000";"85 80 97";"10000";"Участвует в конкурсе";"1518719";"—"
"298";"7";"—";"272000";"80 96 86";"10000";"Участвует в конкурсе";"2307046";"—"
"299";"11";"—";"272000";"80 88 94";"10000";"Участвует в конкурсе";"2228558";"—"
"300";"3";"—";"271000";"85 86 100";"—";"Участвует в конкурсе";"1911837";"—"
"301";"4";"—";"271000";"98 80 91";"2000";"Участвует в конкурсе";"1425280";"—"
"302";"1";"—";"271000";"85 98 86";"2000";"Участвует в конкурсе";"2370518";"—"
"303";"4";"—";"271000";"90 95 83";"3000";"Участвует в конкурсе";"1708732";"—"
"304";"1";"—";"271000";"100 100 66";"5000";"Участвует в конкурсе";"1621451";"—"
"305";"10";"—";"271000";"90 82 94";"5000";"Участвует в конкурсе";"1622249";"—"
"306";"2";"—";"271000";"85 90 89";"7000";"Участвует в конкурсе";"1465820";"—"
"307";"1";"—";"271000";"98 82 81";"10000";"Участвует в конкурсе";"1521245";"—"
"308";"3";"—";"271000";"90 90 81";"10000";"Участвует в конкурсе";"1350213";"—"
"309";"1";"—";"271000";"90 88 83";"10000";"Участвует в конкурсе";"2217022";"—"
"310";"6";"—";"271000";"90 80 91";"10000";"Участвует в конкурсе";"1715373";"—"
"311";"2";"—";"271000";"88 90 83";"10000";"Участвует в конкурсе";"1185036";"—"
"313";"1";"—";"271000";"88 84 89";"10000";"Участвует в конкурсе";"1618589";"—"
"315";"1";"—";"271000";"85 98 78";"10000";"Участвует в конкурсе";"1724996";"—"
"316";"3";"—";"271000";"85 90 86";"10000";"Участвует в конкурсе";"1445320";"—"
"317";"2";"—";"271000";"83 97 81";"10000";"Участвует в конкурсе";"1955575";"—"
"318";"1";"—";"271000";"83 95 83";"10000";"Участвует в конкурсе";"960464";"—"
"319";"1";"—";"271000";"83 92 86";"10000";"Участвует в конкурсе";"1531094";"—"
"320";"11";"—";"271000";"83 84 94";"10000";"Участвует в конкурсе";"1614728";"—"
"321";"7";"—";"271000";"83 84 94";"10000";"Участвует в конкурсе";"1514086";"—"
"323";"2";"—";"270000";"88 88 94";"—";"Участвует в конкурсе";"2000563";"—"
"324";"3";"—";"270000";"98 88 83";"1000";"Участвует в конкурсе";"1514937";"—"
"325";"6";"—";"270000";"88 90 89";"3000";"Участвует в конкурсе";"1431689";"—"
"326";"10";"—";"270000";"90 90 83";"7000";"Участвует в конкурсе";"1201008";"—"
"327";"1";"—";"270000";"93 95 72";"10000";"Участвует в конкурсе";"1516957";"—"
"328";"1";"Электронное";"270000";"93 92 75";"10000";"Участвует в конкурсе";"1197134";"—"
"329";"1";"—";"270000";"93 86 81";"10000";"Участвует в конкурсе";"1405382";"—"
"330";"1";"—";"270000";"90 97 73";"10000";"Участвует в конкурсе";"1730696";"—"
"331";"6";"—";"270000";"90 92 78";"10000";"Участвует в конкурсе";"1642536";"—"
"332";"5";"—";"270000";"85 94 81";"10000";"Участвует в конкурсе";"1412815";"—"
"333";"1";"—";"270000";"85 92 83";"10000";"Участвует в конкурсе";"1626042";"—"
"334";"3";"—";"270000";"85 86 89";"10000";"Участвует в конкурсе";"1346335";"—"
"335";"6";"—";"270000";"85 84 91";"10000";"Участвует в конкурсе";"1356295";"—"
"336";"3";"—";"270000";"85 78 97";"10000";"Участвует в конкурсе";"1354615";"—"
"338";"22";"—";"270000";"83 86 91";"10000";"Участвует в конкурсе";"1585307";"—"
"339";"1";"—";"270000";"75 88 97";"10000";"Участвует в конкурсе";"1569745";"—"
"340";"4";"—";"269000";"100 94 75";"—";"Участвует в конкурсе";"1402830";"—"
"341";"6";"—";"269000";"95 88 86";"—";"Участвует в конкурсе";"2215384";"—"
"343";"4";"—";"269000";"90 90 89";"—";"Участвует в конкурсе";"1215606";"—"
"344";"5";"—";"269000";"90 88 91";"—";"Участвует в конкурсе";"1959614";"—"
"345";"10";"—";"269000";"83 95 89";"2000";"Участвует в конкурсе";"1981536";"—"
"346";"8";"—";"269000";"95 90 81";"3000";"Участвует в конкурсе";"2310253";"—"
"347";"3";"—";"269000";"93 84 89";"3000";"Участвует в конкурсе";"1409106";"—"
"348";"11";"—";"269000";"90 90 86";"3000";"Участвует в конкурсе";"1779849";"—"
"349";"5";"—";"269000";"88 92 86";"3000";"Участвует в конкурсе";"2229893";"—"
"350";"2";"—";"269000";"85 90 91";"3000";"Участвует в конкурсе";"1582278";"—"
"351";"6";"—";"269000";"85 90 91";"3000";"Участвует в конкурсе";"1992429";"—"
"352";"7";"—";"269000";"98 88 78";"5000";"Участвует в конкурсе";"2415349";"—"
"353";"11";"—";"269000";"93 88 83";"5000";"Участвует в конкурсе";"1257128";"—"
"354";"10";"—";"269000";"98 72 89";"10000";"Участвует в конкурсе";"1964745";"—"
"355";"5";"—";"269000";"90 88 81";"10000";"Участвует в конкурсе";"1343007";"—"
"356";"8";"—";"269000";"90 86 83";"10000";"Участвует в конкурсе";"1616900";"—"
"357";"9";"—";"269000";"88 88 83";"10000";"Участвует в конкурсе";"1719894";"—"
"358";"9";"—";"269000";"88 88 83";"10000";"Участвует в конкурсе";"1640538";"—"
"359";"2";"—";"269000";"88 82 89";"10000";"Участвует в конкурсе";"2095817";"—"
"360";"3";"—";"269000";"88 80 91";"10000";"Участвует в конкурсе";"2115987";"—"
"361";"2";"—";"269000";"85 88 86";"10000";"Участвует в конкурсе";"2177984";"—"
"362";"3";"—";"269000";"85 88 86";"10000";"Участвует в конкурсе";"2098786";"—"
"363";"12";"—";"269000";"85 80 94";"10000";"Участвует в конкурсе";"1633538";"—"
"364";"1";"—";"269000";"83 82 94";"10000";"Участвует в конкурсе";"1716765";"—"
"365";"5";"—";"269000";"78 95 86";"10000";"Участвует в конкурсе";"1554083";"—"
"366";"3";"—";"269000";"72 96 91";"10000";"Участвует в конкурсе";"1208985";"—"
"367";"11";"—";"268000";"90 95 83";"—";"Участвует в конкурсе";"1307337";"—"
"368";"2";"—";"268000";"90 92 86";"—";"Участвует в конкурсе";"2196332";"—"
"370";"1";"—";"268000";"88 86 94";"—";"Участвует в конкурсе";"969818";"—"
"371";"6";"—";"268000";"95 84 86";"3000";"Участвует в конкурсе";"2245046";"—"
"372";"6";"—";"268000";"90 97 78";"3000";"Участвует в конкурсе";"1724945";"—"
"373";"3";"—";"268000";"90 84 91";"3000";"Участвует в конкурсе";"2226512";"—"
"375";"4";"—";"268000";"88 88 86";"6000";"Участвует в конкурсе";"1690345";"—"
"376";"1";"—";"268000";"95 82 83";"8000";"Участвует в конкурсе";"1253719";"—"
"377";"5";"—";"268000";"85 86 89";"8000";"Участвует в конкурсе";"1610460";"—"
"378";"7";"—";"268000";"83 94 83";"8000";"Участвует в конкурсе";"1795779";"—"
"379";"1";"—";"268000";"95 80 83";"10000";"Участвует в конкурсе";"2028980";"—"
"380";"2";"—";"268000";"90 90 78";"10000";"Участвует в конкурсе";"1367345";"—"
"381";"9";"—";"268000";"90 90 78";"10000";"Участвует в конкурсе";"1725648";"—"
"382";"3";"—";"268000";"90 82 86";"10000";"Участвует в конкурсе";"1027547";"—"
"383";"5";"—";"268000";"90 82 86";"10000";"Участвует в конкурсе";"1500822";"—"
"384";"1";"—";"268000";"88 100 70";"10000";"Участвует в конкурсе";"1574921";"—"
"385";"1";"—";"268000";"88 84 86";"10000";"Участвует в конкурсе";"2025776";"—"
"386";"1";"—";"268000";"88 84 86";"10000";"Участвует в конкурсе";"1862589";"—"
"387";"6";"—";"268000";"85 95 78";"10000";"Участвует в конкурсе";"2131118";"—"
"388";"12";"—";"268000";"83 84 91";"10000";"Участвует в конкурсе";"1309691";"—"
"389";"2";"—";"268000";"80 97 81";"10000";"Участвует в конкурсе";"1787174";"—"
"390";"12";"—";"268000";"80 84 94";"10000";"Участвует в конкурсе";"1794083";"—"
"391";"3";"—";"268000";"80 84 94";"10000";"Участвует в конкурсе";"2268669";"—"
"392";"22";"—";"268000";"72 92 94";"10000";"Участвует в конкурсе";"1962181";"—"
"393";"3";"—";"267000";"100 92 75";"—";"Участвует в конкурсе";"1960297";"—"
"394";"4";"—";"267000";"90 94 83";"—";"Участвует в конкурсе";"2026445";"—"
"395";"2";"—";"267000";"90 86 91";"—";"Участвует в конкурсе";"1987841";"—"
"396";"3";"—";"267000";"85 82 100";"—";"Участвует в конкурсе";"1648966";"—"
"397";"11";"—";"267000";"80 90 97";"—";"Участвует в конкурсе";"1655764";"—"
"398";"4";"—";"267000";"90 94 81";"2000";"Участвует в конкурсе";"1357177";"—"
"399";"2";"—";"267000";"90 88 86";"3000";"Участвует в конкурсе";"1305520";"—"
"400";"2";"—";"267000";"98 88 72";"9000";"Участвует в конкурсе";"2336470";"—"
"401";"1";"—";"267000";"100 82 75";"10000";"Участвует в конкурсе";"1289304";"—"
"402";"12";"—";"267000";"98 86 73";"10000";"Участвует в конкурсе";"1059224";"—"
"403";"4";"—";"267000";"90 94 73";"10000";"Участвует в конкурсе";"2230918";"—"
"404";"2";"—";"267000";"90 86 81";"10000";"Участвует в конкурсе";"1637109";"—"
"405";"7";"—";"267000";"90 86 81";"10000";"Участвует в конкурсе";"1911369";"—"
"406";"3";"—";"267000";"90 78 89";"10000";"Участвует в конкурсе";"1449438";"—"
"407";"2";"—";"267000";"90 76 91";"10000";"Участвует в конкурсе";"2225944";"—"
"408";"3";"—";"267000";"85 100 72";"10000";"Участвует в конкурсе";"2251981";"—"
"409";"6";"—";"267000";"85 86 86";"10000";"Участвует в конкурсе";"1981414";"—"
"410";"21";"—";"267000";"85 86 86";"10000";"Участвует в конкурсе";"2056568";"—"
"411";"2";"—";"266000";"100 80 86";"—";"Участвует в конкурсе";"1916586";"—"
"412";"1";"—";"266000";"90 90 86";"—";"Участвует в конкурсе";"1289248";"—"
"413";"9";"—";"266000";"93 88 83";"2000";"Участвует в конкурсе";"1174896";"—"
"414";"14";"—";"266000";"90 84 89";"3000";"Участвует в конкурсе";"1487062";"—"
"415";"2";"—";"266000";"88 86 89";"3000";"Участвует в конкурсе";"1906914";"—"
"416";"2";"—";"266000";"93 96 72";"5000";"Участвует в конкурсе";"2221626";"—"
"417";"1";"—";"266000";"78 92 89";"7000";"Участвует в конкурсе";"1956752";"—"
"418";"7";"Электронное";"266000";"80 95 83";"8000";"Участвует в конкурсе";"1366690";"—"
"419";"4";"—";"266000";"98 88 70";"10000";"Участвует в конкурсе";"1698785";"—"
"420";"10";"—";"266000";"93 90 73";"10000";"Участвует в конкурсе";"1180243";"—"
"421";"1";"—";"266000";"93 80 83";"10000";"Участвует в конкурсе";"2314984";"—"
"422";"12";"—";"266000";"90 80 86";"10000";"Участвует в конкурсе";"2176499";"—"
"423";"1";"—";"266000";"88 90 78";"10000";"Участвует в конкурсе";"1428729";"—"
"424";"17";"—";"266000";"88 82 86";"10000";"Участвует в конкурсе";"1628106";"—"
"426";"12";"—";"266000";"85 82 89";"10000";"Участвует в конкурсе";"2050195";"—"
"427";"5";"—";"266000";"83 92 81";"10000";"Участвует в конкурсе";"2241659";"—"
"428";"2";"—";"266000";"83 90 83";"10000";"Участвует в конкурсе";"1371267";"—"
"429";"5";"—";"266000";"83 84 89";"10000";"Участвует в конкурсе";"1483944";"—"
"430";"1";"Электронное";"266000";"83 84 89";"10000";"Участвует в конкурсе";"1180260";"—"
"431";"1";"—";"266000";"83 84 89";"10000";"Участвует в конкурсе";"1500948";"—"
"432";"1";"—";"266000";"83 82 91";"10000";"Участвует в конкурсе";"1546481";"—"
"433";"10";"—";"266000";"75 92 89";"10000";"Участвует в конкурсе";"1169180";"—"
"434";"3";"—";"266000";"75 90 91";"10000";"Участвует в конкурсе";"2028287";"—"
"435";"5";"—";"265000";"98 86 81";"—";"Участвует в конкурсе";"1698251";"—"
"436";"7";"—";"265000";"98 84 83";"—";"Участвует в конкурсе";"975215";"—"
"437";"4";"—";"265000";"90 94 81";"—";"Участвует в конкурсе";"1285331";"—"
"438";"6";"—";"265000";"90 92 83";"—";"Участвует в конкурсе";"2407455";"—"
"439";"7";"—";"265000";"88 94 83";"—";"Участвует в конкурсе";"2250484";"—"
"440";"3";"—";"265000";"88 86 89";"2000";"Участвует в конкурсе";"1441778";"—"
"441";"2";"—";"265000";"88 84 91";"2000";"Участвует в конкурсе";"2181076";"—"
"442";"2";"—";"265000";"93 86 83";"3000";"Участвует в конкурсе";"1795861";"—"
"443";"2";"—";"265000";"90 94 78";"3000";"Участвует в конкурсе";"2050853";"—"
"444";"2";"—";"265000";"83 90 89";"3000";"Участвует в конкурсе";"1767346";"—"
"445";"11";"—";"265000";"78 95 89";"3000";"Участвует в конкурсе";"1350730";"—"
"446";"9";"—";"265000";"88 84 89";"4000";"Участвует в конкурсе";"1201617";"—"
"449";"2";"—";"265000";"88 92 75";"10000";"Участвует в конкурсе";"1282844";"—"
"450";"3";"—";"265000";"88 86 81";"10000";"Участвует в конкурсе";"1615793";"—"
"452";"4";"—";"265000";"88 78 89";"10000";"Участвует в конкурсе";"1951144";"—"
"453";"2";"—";"265000";"85 92 78";"10000";"Участвует в конкурсе";"2093577";"—"
"454";"17";"—";"265000";"83 94 78";"10000";"Участвует в конкурсе";"1213224";"—"
"456";"3";"—";"265000";"75 94 86";"10000";"Участвует в конкурсе";"1361740";"—"
"457";"4";"—";"265000";"72 86 97";"10000";"Участвует в конкурсе";"1343660";"—"
"458";"2";"—";"265000";"67 94 94";"10000";"Участвует в конкурсе";"1725406";"—"
"459";"4";"—";"264000";"98 94 72";"—";"Участвует в конкурсе";"1214936";"—"
"460";"5";"—";"264000";"95 86 83";"—";"Участвует в конкурсе";"1555830";"—"
"461";"5";"—";"264000";"90 96 78";"—";"Участвует в конкурсе";"1317735";"—"
"462";"2";"—";"264000";"83 98 83";"—";"Участвует в конкурсе";"1517942";"—"
"463";"2";"—";"264000";"83 92 89";"—";"Участвует в конкурсе";"1312515";"—"
"464";"4";"—";"264000";"83 92 89";"—";"Участвует в конкурсе";"1358839";"—"
"465";"6";"—";"264000";"93 82 86";"3000";"Участвует в конкурсе";"1619733";"—"
"466";"2";"—";"264000";"88 92 81";"3000";"Участвует в конкурсе";"1182902";"—"
"467";"4";"—";"264000";"88 88 83";"5000";"Участвует в конкурсе";"1574438";"—"
"469";"9";"—";"264000";"92 80 82";"10000";"Участвует в конкурсе";"1939251";"—"
"470";"16";"—";"264000";"90 86 78";"10000";"Участвует в конкурсе";"1211745";"—"
"471";"1";"—";"264000";"88 88 78";"10000";"Участвует в конкурсе";"1655125";"—"
"472";"11";"—";"264000";"88 80 86";"10000";"Участвует в конкурсе";"2325670";"—"
"473";"11";"—";"264000";"88 80 86";"10000";"Участвует в конкурсе";"1650102";"—"
"474";"1";"—";"264000";"85 88 81";"10000";"Участвует в конкурсе";"1430943";"—"
"475";"2";"—";"264000";"85 80 89";"10000";"Участвует в конкурсе";"1552498";"—"
"476";"1";"—";"264000";"83 82 89";"10000";"Участвует в конкурсе";"1428365";"—"
"477";"1";"—";"264000";"83 82 89";"10000";"Участвует в конкурсе";"1726042";"—"
"478";"3";"—";"264000";"83 80 91";"10000";"Участвует в конкурсе";"1852073";"—"
"480";"13";"—";"263000";"98 82 83";"—";"Участвует в конкурсе";"1413445";"—"
"481";"8";"—";"263000";"93 100 70";"—";"Участвует в конкурсе";"1976077";"—"
"482";"3";"—";"263000";"88 94 81";"—";"Участвует в конкурсе";"1360101";"—"
"483";"1";"—";"263000";"88 92 83";"—";"Участвует в конкурсе";"1963194";"—"
"484";"4";"—";"263000";"85 84 94";"—";"Участвует в конкурсе";"2042943";"—"
"486";"3";"—";"263000";"93 90 78";"2000";"Участвует в конкурсе";"1651340";"—"
"487";"10";"—";"263000";"83 84 94";"2000";"Участвует в конкурсе";"1251594";"—"
"488";"3";"—";"263000";"93 84 83";"3000";"Участвует в конкурсе";"1179288";"—"
"489";"3";"—";"263000";"88 94 78";"3000";"Участвует в конкурсе";"1506914";"—"
"490";"3";"—";"263000";"88 86 86";"3000";"Участвует в конкурсе";"2140317";"—"
"491";"1";"—";"263000";"78 86 94";"5000";"Участвует в конкурсе";"2257686";"—"
"492";"3";"—";"263000";"100 86 70";"7000";"Участвует в конкурсе";"2207179";"—"
"493";"3";"—";"263000";"85 90 81";"7000";"Участвует в конкурсе";"1994451";"—"
"494";"14";"—";"263000";"80 86 89";"8000";"Участвует в конкурсе";"1713076";"—"
"495";"1";"—";"263000";"95 86 72";"10000";"Участвует в конкурсе";"1993814";"—"
"496";"6";"—";"263000";"90 90 73";"10000";"Участвует в конкурсе";"2131241";"—"
"497";"2";"—";"263000";"90 88 75";"10000";"Участвует в конкурсе";"2057011";"—"
"498";"5";"—";"263000";"90 82 81";"10000";"Участвует в конкурсе";"1043686";"—"
"499";"1";"—";"263000";"90 80 83";"10000";"Участвует в конкурсе";"1642720";"—"
"501";"3";"—";"263000";"90 80 83";"10000";"Участвует в конкурсе";"1854299";"—"
"502";"5";"—";"263000";"88 92 73";"10000";"Участвует в конкурсе";"2183027";"—"
"503";"1";"—";"263000";"88 82 83";"10000";"Участвует в конкурсе";"1784503";"—"
"504";"1";"—";"263000";"88 74 91";"10000";"Участвует в конкурсе";"2216924";"—"
"505";"25";"—";"263000";"85 90 78";"10000";"Участвует в конкурсе";"1241208";"—"
"506";"5";"—";"263000";"85 90 78";"10000";"Участвует в конкурсе";"1262237";"—"
"507";"6";"—";"263000";"85 82 86";"10000";"Участвует в конкурсе";"1556815";"—"
"508";"8";"—";"263000";"83 92 78";"10000";"Участвует в конкурсе";"2120359";"—"
"509";"6";"—";"263000";"80 84 89";"10000";"Участвует в конкурсе";"2100692";"—"
"510";"1";"—";"263000";"80 84 89";"10000";"Участвует в конкурсе";"2309930";"—"
"511";"4";"—";"263000";"78 94 81";"10000";"Участвует в конкурсе";"1492703";"—"
"512";"3";"—";"262000";"85 96 81";"—";"Участвует в конкурсе";"2003462";"—"
"513";"12";"—";"262000";"90 86 83";"3000";"Участвует в конкурсе";"1565862";"—"
"514";"2";"—";"262000";"88 90 81";"3000";"Участвует в конкурсе";"1428138";"—"
"515";"2";"—";"262000";"85 96 78";"3000";"Участвует в конкурсе";"1704788";"—"
"516";"7";"—";"262000";"78 90 91";"3000";"Участвует в конкурсе";"1726406";"—"
"517";"4";"—";"262000";"93 92 72";"5000";"Участвует в конкурсе";"1832018";"—"
"519";"1";"—";"262000";"100 82 70";"10000";"Участвует в конкурсе";"1241481";"—"
"520";"10";"—";"262000";"88 94 70";"10000";"Участвует в конкурсе";"1777413";"—"
"521";"1";"—";"262000";"88 78 86";"10000";"Участвует в конкурсе";"1684735";"—"
"522";"2";"—";"262000";"85 92 75";"10000";"Участвует в конкурсе";"1107821";"—"
"523";"1";"—";"262000";"83 88 81";"10000";"Участвует в конкурсе";"1997022";"—"
"524";"1";"Электронное";"262000";"83 86 83";"10000";"Участвует в конкурсе";"1434484";"—"
"525";"4";"—";"262000";"83 86 83";"10000";"Участвует в конкурсе";"1211785";"—"
"526";"9";"—";"262000";"83 78 91";"10000";"Участвует в конкурсе";"2221902";"—"
"527";"2";"—";"262000";"80 86 86";"10000";"Участвует в конкурсе";"1620762";"—"
"528";"1";"—";"262000";"78 80 94";"10000";"Участвует в конкурсе";"2345198";"—"
"529";"1";"—";"262000";"72 86 94";"10000";"Участвует в конкурсе";"1279988";"—"
"530";"2";"—";"261000";"98 82 81";"—";"Участвует в конкурсе";"2371059";"—"
"531";"1";"—";"261000";"88 98 75";"—";"Участвует в конкурсе";"2178547";"—"
"532";"3";"—";"261000";"78 86 97";"—";"Участвует в конкурсе";"1367168";"—"
"533";"1";"—";"261000";"93 88 78";"2000";"Участвует в конкурсе";"2331204";"—"
"534";"15";"—";"261000";"85 88 86";"2000";"Участвует в конкурсе";"1942926";"—"
"535";"5";"—";"261000";"93 84 81";"3000";"Участвует в конкурсе";"2037583";"—"
"536";"15";"—";"261000";"88 76 94";"3000";"Участвует в конкурсе";"1838852";"—"
"537";"3";"—";"261000";"83 94 81";"3000";"Участвует в конкурсе";"1094144";"—"
"538";"2";"—";"261000";"83 86 89";"3000";"Участвует в конкурсе";"1154200";"—"
"539";"4";"—";"261000";"83 86 89";"3000";"Участвует в конкурсе";"2162234";"—"
"540";"4";"—";"261000";"88 92 75";"6000";"Участвует в конкурсе";"2272054";"—"
"541";"12";"—";"261000";"88 78 89";"6000";"Участвует в конкурсе";"1728127";"—"
"542";"3";"—";"261000";"85 84 86";"6000";"Участвует в конкурсе";"1175200";"—"
"543";"1";"—";"261000";"90 82 81";"8000";"Участвует в конкурсе";"1619145";"—"
"545";"2";"—";"261000";"90 86 75";"10000";"Участвует в конкурсе";"1287518";"—"
"546";"2";"—";"261000";"90 80 81";"10000";"Участвует в конкурсе";"1164836";"—"
"547";"2";"—";"261000";"90 80 81";"10000";"Участвует в конкурсе";"1023021";"—"
"548";"13";"—";"261000";"85 88 78";"10000";"Участвует в конкурсе";"2370537";"—"
"550";"10";"—";"261000";"83 90 78";"10000";"Участвует в конкурсе";"1441421";"—"
"551";"2";"—";"261000";"80 90 81";"10000";"Участвует в конкурсе";"1702133";"—"
"552";"3";"—";"261000";"80 80 91";"10000";"Участвует в конкурсе";"1338807";"—"
"553";"7";"—";"261000";"78 90 83";"10000";"Участвует в конкурсе";"2301059";"—"
"554";"1";"—";"261000";"78 82 91";"10000";"Участвует в конкурсе";"1292159";"—"
"555";"4";"—";"260000";"93 86 81";"—";"Участвует в конкурсе";"1774930";"—"
"556";"2";"—";"260000";"93 86 81";"—";"Участвует в конкурсе";"1232484";"—"
"557";"8";"—";"260000";"93 84 83";"—";"Участвует в конкурсе";"1498575";"—"
"558";"25";"—";"260000";"93 84 83";"—";"Участвует в конкурсе";"1365312";"—"
"559";"4";"—";"260000";"90 92 78";"—";"Участвует в конкурсе";"1202232";"—"
"560";"12";"—";"260000";"88 97 75";"—";"Участвует в конкурсе";"1367390";"—"
"561";"15";"—";"260000";"88 86 86";"—";"Участвует в конкурсе";"2076244";"—"
"562";"1";"—";"260000";"85 86 89";"—";"Участвует в конкурсе";"2088091";"—"
"563";"1";"—";"260000";"85 84 91";"—";"Участвует в конкурсе";"1579887";"—"
"564";"5";"—";"260000";"83 99 78";"—";"Участвует в конкурсе";"1502296";"—"
"565";"1";"—";"260000";"83 88 89";"—";"Участвует в конкурсе";"1113654";"—"
"566";"7";"—";"260000";"95 84 78";"3000";"Участвует в конкурсе";"1680481";"—"
"567";"2";"—";"260000";"88 94 75";"3000";"Участвует в конкурсе";"1908324";"—"
"568";"28";"—";"260000";"72 94 89";"5000";"Участвует в конкурсе";"2047526";"—"
"569";"7";"—";"260000";"85 90 78";"7000";"Участвует в конкурсе";"2220561";"—"
"570";"7";"—";"260000";"83 95 75";"7000";"Участвует в конкурсе";"2225314";"—"
"571";"8";"—";"260000";"95 82 73";"10000";"Участвует в конкурсе";"1213383";"—"
"572";"10";"—";"260000";"90 88 72";"10000";"Участвует в конкурсе";"2271395";"—"
"573";"22";"—";"260000";"88 84 78";"10000";"Участвует в конкурсе";"1196595";"—"
"574";"30";"—";"260000";"85 95 70";"10000";"Участвует в конкурсе";"1680671";"—"
"575";"3";"—";"260000";"83 86 81";"10000";"Участвует в конкурсе";"1424227";"—"
"576";"1";"Электронное";"260000";"83 86 81";"10000";"Участвует в конкурсе";"1613840";"—"
"577";"7";"—";"260000";"83 84 83";"10000";"Участвует в конкурсе";"1860530";"—"
"578";"6";"—";"260000";"83 78 89";"10000";"Участвует в конкурсе";"1489777";"—"
"579";"1";"Электронное";"260000";"78 94 78";"10000";"Участвует в конкурсе";"2064365";"—"
"580";"11";"—";"259000";"95 78 86";"—";"Участвует в конкурсе";"1475965";"—"
"581";"5";"—";"259000";"90 97 72";"—";"Участвует в конкурсе";"1214448";"—"
"582";"5";"—";"259000";"90 86 83";"—";"Участвует в конкурсе";"1390829";"—"
"583";"18";"—";"259000";"88 96 75";"—";"Участвует в конкурсе";"1069308";"—"
"584";"8";"—";"259000";"88 82 89";"—";"Участвует в конкурсе";"2056464";"—"
"585";"5";"—";"259000";"85 88 86";"—";"Участвует в конкурсе";"1181867";"—"
"586";"1";"—";"259000";"85 88 86";"—";"Участвует в конкурсе";"1853077";"—"
"587";"4";"—";"259000";"83 90 86";"—";"Участвует в конкурсе";"1324071";"—"
"588";"5";"—";"259000";"80 88 91";"—";"Участвует в конкурсе";"1654995";"—"
"589";"5";"—";"259000";"78 92 89";"—";"Участвует в конкурсе";"2198741";"—"
"590";"4";"—";"259000";"90 84 83";"2000";"Участвует в конкурсе";"1048743";"—"
"591";"2";"—";"259000";"80 86 91";"2000";"Участвует в конкурсе";"2171440";"—"
"592";"3";"—";"259000";"93 88 75";"3000";"Участвует в конкурсе";"1196894";"—"
"593";"3";"—";"259000";"90 88 78";"3000";"Участвует в конкурсе";"1359384";"—"
"594";"1";"—";"259000";"85 88 83";"3000";"Участвует в конкурсе";"1687492";"—"
"596";"1";"Электронное";"259000";"90 95 69";"5000";"Участвует в конкурсе";"1988229";"—"
"597";"1";"—";"259000";"83 92 78";"6000";"Участвует в конкурсе";"1492342";"—"
"598";"23";"—";"259000";"95 76 78";"10000";"Участвует в конкурсе";"1004569";"—"
"599";"9";"—";"259000";"93 84 72";"10000";"Участвует в конкурсе";"1858860";"—"
"600";"2";"—";"259000";"88 86 75";"10000";"Участвует в конкурсе";"1514622";"—"
"601";"8";"—";"259000";"88 78 83";"10000";"Участвует в конкурсе";"1292446";"—"
"602";"6";"—";"259000";"85 78 86";"10000";"Участвует в конкурсе";"1325766";"—"
"603";"4";"—";"259000";"83 99 67";"10000";"Участвует в конкурсе";"2053687";"—"
"604";"2";"—";"259000";"83 80 86";"10000";"Участвует в конкурсе";"2153033";"—"
"605";"5";"—";"259000";"80 88 81";"10000";"Участвует в конкурсе";"950928";"—"
"606";"11";"—";"259000";"80 86 83";"10000";"Участвует в конкурсе";"1259912";"—"
"607";"3";"—";"259000";"80 80 89";"10000";"Участвует в конкурсе";"1568032";"—"
"608";"8";"—";"259000";"80 80 89";"10000";"Участвует в конкурсе";"1580223";"—"
"609";"1";"Электронное";"259000";"78 90 81";"10000";"Участвует в конкурсе";"1562414";"—"
"610";"9";"—";"259000";"78 82 89";"10000";"Участвует в конкурсе";"2180578";"—"
"611";"3";"—";"259000";"75 88 86";"10000";"Участвует в конкурсе";"1395531";"—"
"612";"10";"—";"259000";"75 80 94";"10000";"Участвует в конкурсе";"2228328";"—"
"613";"8";"—";"259000";"72 88 89";"10000";"Участвует в конкурсе";"1684767";"—"
"614";"1";"Электронное";"258000";"100 86 72";"—";"Участвует в конкурсе";"1561347";"—"
"615";"2";"—";"258000";"90 90 78";"—";"Участвует в конкурсе";"1206861";"—"
"616";"5";"—";"258000";"88 84 86";"—";"Участвует в конкурсе";"1844618";"—"
"617";"3";"—";"258000";"85 84 89";"—";"Участвует в конкурсе";"1627781";"—"
"618";"20";"—";"258000";"85 84 89";"—";"Участвует в конкурсе";"1715068";"—"
"619";"3";"—";"258000";"83 86 89";"—";"Участвует в конкурсе";"1826638";"—"
"620";"2";"—";"258000";"83 84 91";"—";"Участвует в конкурсе";"1839719";"—"
"621";"1";"—";"258000";"83 90 83";"2000";"Участвует в конкурсе";"1820448";"—"
"622";"9";"—";"258000";"98 82 75";"3000";"Участвует в конкурсе";"2329441";"—"
"623";"2";"—";"258000";"98 82 75";"3000";"Участвует в конкурсе";"1338747";"—"
"624";"2";"—";"258000";"95 88 72";"3000";"Участвует в конкурсе";"1366129";"—"
"625";"6";"—";"258000";"93 92 70";"3000";"Участвует в конкурсе";"2264667";"—"
"626";"1";"—";"258000";"90 82 83";"3000";"Участвует в конкурсе";"2368656";"—"
"627";"1";"—";"258000";"85 84 86";"3000";"Участвует в конкурсе";"1435458";"—"
"628";"1";"—";"258000";"67 99 89";"3000";"Участвует в конкурсе";"2295304";"—"
"629";"7";"—";"258000";"88 92 73";"5000";"Участвует в конкурсе";"1831266";"—"
"630";"8";"—";"258000";"83 95 75";"5000";"Участвует в конкурсе";"1651059";"—"
"631";"4";"—";"258000";"83 92 78";"5000";"Участвует в конкурсе";"1200226";"—"
"632";"6";"—";"258000";"83 90 78";"7000";"Участвует в конкурсе";"1191860";"—"
"633";"13";"—";"258000";"90 88 72";"8000";"Участвует в конкурсе";"1203711";"—"
"634";"10";"—";"258000";"83 84 83";"8000";"Участвует в конкурсе";"1638156";"—"
"635";"24";"—";"258000";"95 72 81";"10000";"Участвует в конкурсе";"2257860";"—"
"636";"3";"—";"258000";"93 88 67";"10000";"Участвует в конкурсе";"2255401";"—"
"637";"2";"—";"258000";"93 82 73";"10000";"Участвует в конкурсе";"2371750";"—"
"638";"3";"—";"258000";"90 80 78";"10000";"Участвует в конкурсе";"1357846";"—"
"639";"3";"—";"258000";"88 82 78";"10000";"Участвует в конкурсе";"1190458";"—"
"641";"19";"—";"258000";"85 80 83";"10000";"Участвует в конкурсе";"2301670";"—"
"642";"4";"—";"258000";"83 92 73";"10000";"Участвует в конкурсе";"2050201";"—"
"643";"4";"—";"258000";"83 84 81";"10000";"Участвует в конкурсе";"1793405";"—"
"644";"4";"—";"258000";"83 82 83";"10000";"Участвует в конкурсе";"2051415";"—"
"645";"6";"—";"258000";"78 84 86";"10000";"Участвует в конкурсе";"1716055";"—"
"646";"8";"—";"258000";"78 84 86";"10000";"Участвует в конкурсе";"1474030";"—"
"647";"21";"—";"258000";"78 76 94";"10000";"Участвует в конкурсе";"2082842";"—"
"649";"2";"—";"257000";"93 98 66";"—";"Участвует в конкурсе";"1427134";"—"
"650";"4";"—";"257000";"93 86 78";"—";"Участвует в конкурсе";"1797307";"—"
"651";"22";"—";"257000";"93 78 86";"—";"Участвует в конкурсе";"2079959";"—"
"652";"2";"—";"257000";"90 86 81";"—";"Участвует в конкурсе";"1982376";"—"
"653";"6";"—";"257000";"90 84 83";"—";"Участвует в конкурсе";"1177470";"—"
"654";"11";"—";"257000";"90 84 83";"—";"Участвует в конкурсе";"1594692";"—"
"655";"3";"—";"257000";"88 88 81";"—";"Участвует в конкурсе";"1636577";"—"
"656";"23";"—";"257000";"88 88 81";"—";"Участвует в конкурсе";"2368812";"—"
"657";"4";"—";"257000";"83 96 78";"—";"Участвует в конкурсе";"1261289";"—"
"659";"3";"—";"257000";"93 78 83";"3000";"Участвует в конкурсе";"992842";"—"
"660";"2";"—";"257000";"83 80 91";"3000";"Участвует в конкурсе";"1728761";"—"
"661";"21";"—";"257000";"88 88 75";"6000";"Участвует в конкурсе";"2003661";"—"
"662";"2";"—";"257000";"83 80 86";"8000";"Участвует в конкурсе";"1984806";"—"
"663";"2";"—";"257000";"93 88 66";"10000";"Участвует в конкурсе";"2120716";"—"
"664";"22";"—";"257000";"90 94 63";"10000";"Участвует в конкурсе";"2182937";"—"
"665";"5";"—";"257000";"85 76 86";"10000";"Участвует в конкурсе";"1062638";"—"
"666";"19";"—";"257000";"83 97 67";"10000";"Участвует в конкурсе";"1291340";"—"
"667";"1";"—";"257000";"83 86 78";"10000";"Участвует в конкурсе";"2166059";"—"
"668";"1";"Электронное";"257000";"83 86 78";"10000";"Участвует в конкурсе";"1899368";"—"
"669";"1";"—";"257000";"80 86 81";"10000";"Участвует в конкурсе";"1797720";"—"
"670";"5";"—";"257000";"80 86 81";"10000";"Участвует в конкурсе";"2179170";"—"
"671";"1";"—";"257000";"80 86 81";"10000";"Участвует в конкурсе";"2100349";"—"
"672";"13";"—";"257000";"78 88 81";"10000";"Участвует в конкурсе";"977071";"—"
"673";"3";"—";"257000";"78 86 83";"10000";"Участвует в конкурсе";"1982619";"—"
"674";"3";"—";"256000";"95 88 73";"—";"Участвует в конкурсе";"1631313";"—"
"675";"5";"—";"256000";"95 86 75";"—";"Участвует в конкурсе";"1572982";"—"
"676";"2";"—";"256000";"93 82 81";"—";"Участвует в конкурсе";"2185076";"—"
"678";"4";"—";"256000";"88 95 73";"—";"Участвует в конкурсе";"1504718";"—"
"679";"1";"—";"256000";"85 90 81";"—";"Участвует в конкурсе";"1715932";"—"
"680";"1";"—";"256000";"85 82 89";"—";"Участвует в конкурсе";"1185056";"—"
"682";"13";"—";"256000";"83 82 91";"—";"Участвует в конкурсе";"2245288";"—"
"683";"2";"—";"256000";"80 82 94";"—";"Участвует в конкурсе";"1500644";"—"
"684";"14";"—";"256000";"88 80 86";"2000";"Участвует в конкурсе";"1195622";"—"
"685";"1";"—";"256000";"83 88 83";"2000";"Участвует в конкурсе";"1940724";"—"
"686";"6";"—";"256000";"83 88 83";"2000";"Участвует в конкурсе";"2268229";"—"
"687";"2";"—";"256000";"95 86 72";"3000";"Участвует в конкурсе";"1228514";"—"
"688";"4";"—";"256000";"93 88 72";"3000";"Участвует в конкурсе";"2371449";"—"
"689";"7";"—";"256000";"85 82 86";"3000";"Участвует в конкурсе";"1649307";"—"
"690";"5";"—";"256000";"85 82 86";"3000";"Участвует в конкурсе";"1581411";"—"
"691";"1";"—";"256000";"85 76 89";"6000";"Участвует в конкурсе";"1910448";"—"
"692";"1";"—";"256000";"88 86 75";"7000";"Участвует в конкурсе";"1620348";"—"
"693";"3";"—";"256000";"93 86 69";"8000";"Участвует в конкурсе";"1983539";"—"
"694";"2";"—";"256000";"85 80 83";"8000";"Участвует в конкурсе";"1730236";"—"
"695";"7";"—";"256000";"88 86 72";"10000";"Участвует в конкурсе";"1983777";"—"
"696";"3";"—";"256000";"85 92 69";"10000";"Участвует в конкурсе";"2056267";"—"
"697";"2";"—";"256000";"85 92 69";"10000";"Участвует в конкурсе";"1182721";"—"
"698";"6";"—";"256000";"85 86 75";"10000";"Участвует в конкурсе";"1724246";"—"
"699";"1";"—";"256000";"85 80 81";"10000";"Участвует в конкурсе";"1902346";"—"
"700";"11";"—";"256000";"85 78 83";"10000";"Участвует в конкурсе";"1624954";"—"
"701";"10";"—";"256000";"85 78 83";"10000";"Участвует в конкурсе";"1914573";"—"
"703";"6";"—";"256000";"83 80 83";"10000";"Участвует в конкурсе";"2173102";"—"
"704";"2";"—";"256000";"80 80 86";"10000";"Участвует в конкурсе";"1417434";"—"
"705";"4";"—";"256000";"78 90 78";"10000";"Участвует в конкурсе";"2249156";"—"
"706";"5";"—";"256000";"75 82 89";"10000";"Участвует в конкурсе";"1132644";"—"
"707";"6";"—";"256000";"72 96 78";"10000";"Участвует в конкурсе";"1333039";"—"
"708";"3";"—";"256000";"72 88 86";"10000";"Участвует в конкурсе";"2260038";"—"
"709";"1";"—";"255000";"90 92 73";"—";"Участвует в конкурсе";"1725828";"—"
"710";"2";"—";"255000";"90 84 81";"—";"Участвует в конкурсе";"1857018";"—"
"711";"1";"—";"255000";"88 86 81";"—";"Участвует в конкурсе";"1793960";"—"
"712";"3";"—";"255000";"88 84 83";"—";"Участвует в конкурсе";"1513435";"—"
"713";"11";"—";"255000";"85 84 86";"—";"Участвует в конкурсе";"1650114";"—"
"714";"20";"—";"255000";"78 94 83";"—";"Участвует в конкурсе";"1678214";"—"
"716";"2";"—";"255000";"90 90 73";"2000";"Участвует в конкурсе";"1167984";"—"
"717";"1";"—";"255000";"95 84 73";"3000";"Участвует в конкурсе";"2269905";"—"
"719";"2";"—";"255000";"85 94 73";"3000";"Участвует в конкурсе";"1986028";"—"
"720";"4";"—";"255000";"85 86 81";"3000";"Участвует в конкурсе";"1247207";"—"
"721";"3";"—";"255000";"83 88 81";"3000";"Участвует в конкурсе";"2285498";"—"
"722";"9";"—";"255000";"85 82 83";"5000";"Участвует в конкурсе";"1511624";"—"
"723";"1";"—";"255000";"100 80 69";"6000";"Участвует в конкурсе";"1349618";"—"
"724";"12";"—";"255000";"85 90 72";"8000";"Участвует в конкурсе";"1206104";"—"
"727";"5";"—";"255000";"88 82 75";"10000";"Участвует в конкурсе";"1771776";"—"
"728";"4";"—";"255000";"85 82 78";"10000";"Участвует в конкурсе";"1711939";"—"
"729";"14";"—";"255000";"83 90 72";"10000";"Участвует в конкурсе";"2004070";"—"
"730";"21";"—";"255000";"80 92 73";"10000";"Участвует в конкурсе";"1181853";"—"
"731";"3";"—";"255000";"80 84 81";"10000";"Участвует в конкурсе";"2200238";"—"
"732";"3";"—";"255000";"80 82 83";"10000";"Участвует в конкурсе";"1487422";"—"
"733";"3";"—";"255000";"80 76 89";"10000";"Участвует в конкурсе";"1883061";"—"
"734";"2";"—";"255000";"78 94 73";"10000";"Участвует в конкурсе";"1647675";"—"
"735";"5";"—";"255000";"78 92 75";"10000";"Участвует в конкурсе";"1973763";"—"
"736";"7";"—";"255000";"78 86 81";"10000";"Участвует в конкурсе";"1516850";"—"
"737";"4";"—";"255000";"78 84 83";"10000";"Участвует в конкурсе";"2263988";"—"
"738";"1";"—";"255000";"78 84 83";"10000";"Участвует в конкурсе";"2240164";"—"
"740";"2";"—";"255000";"62 100 83";"10000";"Участвует в конкурсе";"1245428";"—"
"741";"2";"—";"254000";"90 92 72";"—";"Участвует в конкурсе";"1621064";"—"
"742";"1";"—";"254000";"85 96 73";"—";"Участвует в конкурсе";"1443236";"—"
"744";"2";"—";"254000";"85 86 83";"—";"Участвует в конкурсе";"1995282";"—"
"745";"3";"—";"254000";"83 90 81";"—";"Участвует в конкурсе";"1895603";"—"
"746";"13";"—";"254000";"83 88 83";"—";"Участвует в конкурсе";"1573732";"—"
"747";"1";"—";"254000";"83 82 89";"—";"Участвует в конкурсе";"1362645";"—"
"748";"26";"—";"254000";"93 90 69";"2000";"Участвует в конкурсе";"1679215";"—"
"749";"5";"—";"254000";"90 90 72";"2000";"Участвует в конкурсе";"1215040";"—"
"750";"5";"—";"254000";"93 88 69";"4000";"Участвует в конкурсе";"1401229";"—"
"751";"1";"Электронное";"254000";"88 86 70";"10000";"Участвует в конкурсе";"1218528";"—"
"752";"3";"—";"254000";"85 86 73";"10000";"Участвует в конкурсе";"1200691";"—"
"753";"1";"—";"254000";"85 84 75";"10000";"Участвует в конкурсе";"1560504";"—"
"754";"1";"—";"254000";"85 78 81";"10000";"Участвует в конкурсе";"2119027";"—"
"755";"4";"—";"254000";"85 76 83";"10000";"Участвует в конкурсе";"2259015";"—"
"756";"2";"—";"254000";"83 86 75";"10000";"Участвует в конкурсе";"1725043";"—"
"757";"1";"—";"254000";"83 86 75";"10000";"Участвует в конкурсе";"2314319";"—"
"758";"9";"—";"254000";"80 94 70";"10000";"Участвует в конкурсе";"2167087";"—"
"759";"5";"—";"254000";"75 80 89";"10000";"Участвует в конкурсе";"1557768";"—"
"760";"6";"—";"254000";"75 78 91";"10000";"Участвует в конкурсе";"1931800";"—"
"761";"6";"—";"253000";"93 88 72";"—";"Участвует в конкурсе";"1354766";"—"
"762";"4";"—";"253000";"85 95 73";"—";"Участвует в конкурсе";"2052434";"—"
"763";"5";"—";"253000";"83 92 78";"—";"Участвует в конкурсе";"1425201";"—"
"764";"11";"—";"253000";"80 95 78";"—";"Участвует в конкурсе";"1214455";"—"
"766";"3";"—";"253000";"80 90 83";"—";"Участвует в конкурсе";"2252976";"—"
"767";"1";"—";"253000";"80 84 89";"—";"Участвует в конкурсе";"2098106";"—"
"768";"4";"—";"253000";"75 84 94";"—";"Участвует в конкурсе";"1517064";"—"
"769";"4";"—";"253000";"88 82 81";"2000";"Участвует в конкурсе";"1716919";"—"
"770";"14";"—";"253000";"90 88 72";"3000";"Участвует в конкурсе";"1206048";"—"
"771";"11";"—";"253000";"85 90 75";"3000";"Участвует в конкурсе";"1781614";"—"
"772";"2";"—";"253000";"83 84 83";"3000";"Участвует в конкурсе";"1403124";"—"
"773";"1";"—";"253000";"80 84 86";"3000";"Участвует в конкурсе";"1855354";"—"
"774";"1";"—";"253000";"95 78 75";"5000";"Участвует в конкурсе";"2163702";"—"
"775";"4";"—";"253000";"90 82 75";"6000";"Участвует в конкурсе";"2056699";"—"
"776";"12";"—";"253000";"80 90 73";"10000";"Участвует в конкурсе";"1829880";"—"
"777";"6";"—";"253000";"80 82 81";"10000";"Участвует в конкурсе";"1790656";"—"
"778";"1";"—";"253000";"80 82 81";"10000";"Участвует в конкурсе";"2233058";"—"
"779";"10";"—";"253000";"78 84 81";"10000";"Участвует в конкурсе";"2217760";"—"
"780";"5";"—";"253000";"78 82 83";"10000";"Участвует в конкурсе";"1505779";"—"
"781";"19";"—";"253000";"72 96 75";"10000";"Участвует в конкурсе";"950232";"—"
"782";"3";"—";"253000";"72 82 89";"10000";"Участвует в конкурсе";"2343473";"—"
"783";"3";"—";"252000";"93 78 81";"—";"Участвует в конкурсе";"1556929";"—"
"784";"23";"—";"252000";"90 92 70";"—";"Участвует в конкурсе";"1958560";"—"
"785";"19";"—";"252000";"88 86 78";"—";"Участвует в конкурсе";"1252983";"—"
"786";"1";"—";"252000";"85 86 81";"—";"Участвует в конкурсе";"1722955";"—"
"787";"3";"—";"252000";"83 86 83";"—";"Участвует в конкурсе";"2013403";"—"
"788";"6";"—";"252000";"78 88 86";"—";"Участвует в конкурсе";"2342632";"—"
"789";"11";"—";"252000";"75 86 91";"—";"Участвует в конкурсе";"1127872";"—"
"790";"10";"—";"252000";"85 74 91";"2000";"Участвует в конкурсе";"1853060";"—"
"791";"16";"—";"252000";"75 94 81";"2000";"Участвует в конкурсе";"1839999";"—"
"792";"7";"—";"252000";"93 84 72";"3000";"Участвует в конкурсе";"1937448";"—"
"793";"8";"—";"252000";"90 92 67";"3000";"Участвует в конкурсе";"2142427";"—"
"794";"12";"—";"252000";"85 92 72";"3000";"Участвует в конкурсе";"1345650";"—"
"795";"9";"—";"252000";"83 88 78";"3000";"Участвует в конкурсе";"1365620";"—"
"796";"1";"—";"252000";"90 82 75";"5000";"Участвует в конкурсе";"1787876";"—"
"797";"1";"Электронное";"252000";"83 78 86";"5000";"Участвует в конкурсе";"1366443";"—"
"798";"4";"—";"252000";"78 86 83";"5000";"Участвует в конкурсе";"1358187";"—"
"799";"1";"Электронное";"252000";"83 80 83";"6000";"Участвует в конкурсе";"2182217";"—"
"800";"3";"—";"252000";"80 80 86";"6000";"Участвует в конкурсе";"964013";"—"
"801";"3";"—";"252000";"95 80 69";"8000";"Участвует в конкурсе";"2304908";"—"
"802";"8";"—";"252000";"90 82 70";"10000";"Участвует в конкурсе";"2343262";"—"
"803";"4";"—";"252000";"88 82 72";"10000";"Участвует в конкурсе";"2101382";"—"
"804";"25";"—";"252000";"85 88 69";"10000";"Участвует в конкурсе";"1857371";"—"
"805";"3";"—";"252000";"85 84 73";"10000";"Участвует в конкурсе";"1618159";"—"
"806";"1";"—";"252000";"85 84 73";"10000";"Участвует в конкурсе";"1726015";"—"
"807";"10";"—";"252000";"83 70 89";"10000";"Участвует в конкурсе";"1631345";"—"
"808";"6";"—";"252000";"80 76 86";"10000";"Участвует в конкурсе";"2254107";"—"
"809";"7";"—";"252000";"80 76 86";"10000";"Участвует в конкурсе";"2004671";"—"
"810";"3";"—";"252000";"78 92 72";"10000";"Участвует в конкурсе";"1785379";"—"
"811";"1";"—";"252000";"78 78 86";"10000";"Участвует в конкурсе";"2289192";"—"
"812";"2";"—";"252000";"75 78 89";"10000";"Участвует в конкурсе";"1311069";"—"
"813";"5";"—";"252000";"72 84 86";"10000";"Участвует в конкурсе";"2391872";"—"
"814";"2";"—";"252000";"70 78 94";"10000";"Участвует в конкурсе";"2121231";"—"
"815";"1";"—";"252000";"67 97 78";"10000";"Участвует в конкурсе";"1425169";"—"
"816";"10";"—";"251000";"98 80 73";"—";"Участвует в конкурсе";"1040008";"—"
"817";"5";"—";"251000";"90 88 73";"—";"Участвует в конкурсе";"1755329";"—"
"818";"2";"—";"251000";"88 88 75";"—";"Участвует в конкурсе";"1488983";"—"
"819";"1";"—";"251000";"88 82 81";"—";"Участвует в конкурсе";"2182076";"—"
"820";"3";"—";"251000";"85 80 86";"—";"Участвует в конкурсе";"1712687";"—"
"821";"22";"—";"251000";"83 82 86";"—";"Участвует в конкурсе";"2218107";"—"
"822";"6";"—";"251000";"83 82 86";"—";"Участвует в конкурсе";"1163377";"—"
"823";"4";"—";"251000";"80 90 81";"—";"Участвует в конкурсе";"1513575";"—"
"824";"4";"—";"251000";"78 82 91";"—";"Участвует в конкурсе";"1192832";"—"
"825";"2";"—";"251000";"70 90 91";"—";"Участвует в конкурсе";"1640732";"—"
"826";"5";"—";"251000";"78 80 91";"2000";"Участвует в конкурсе";"1176883";"—"
"827";"4";"—";"251000";"85 80 83";"3000";"Участвует в конкурсе";"1641576";"—"
"828";"3";"—";"251000";"83 92 73";"3000";"Участвует в конкурсе";"2249419";"—"
"829";"11";"—";"251000";"80 90 78";"3000";"Участвует в конкурсе";"1440900";"—"
"830";"1";"—";"251000";"75 90 83";"3000";"Участвует в конкурсе";"2243696";"—"
"831";"1";"—";"251000";"88 86 72";"5000";"Участвует в конкурсе";"1438209";"—"
"832";"19";"—";"251000";"93 86 66";"6000";"Участвует в конкурсе";"1365943";"—"
"833";"3";"—";"251000";"88 78 75";"10000";"Участвует в конкурсе";"1187147";"—"
"834";"3";"—";"251000";"85 78 78";"10000";"Участвует в конкурсе";"2259689";"—"
"835";"2";"—";"251000";"83 80 78";"10000";"Участвует в конкурсе";"1914593";"—"
"836";"2";"—";"251000";"83 80 78";"10000";"Участвует в конкурсе";"1636744";"—"
"837";"1";"—";"251000";"80 88 73";"10000";"Участвует в конкурсе";"2184783";"—"
"838";"5";"—";"251000";"78 82 81";"10000";"Участвует в конкурсе";"1443135";"—"
"839";"4";"—";"251000";"78 74 89";"10000";"Участвует в конкурсе";"1398578";"—"
"840";"6";"—";"251000";"72 86 83";"10000";"Участвует в конкурсе";"2246708";"—"
"841";"4";"—";"250000";"98 80 72";"—";"Участвует в конкурсе";"1361778";"—"
"842";"5";"—";"250000";"98 80 72";"—";"Участвует в конкурсе";"2228644";"—"
"843";"21";"—";"250000";"88 84 78";"—";"Участвует в конкурсе";"1334271";"—"
"844";"8";"—";"250000";"85 90 75";"—";"Участвует в конкурсе";"1181882";"—"
"845";"9";"—";"250000";"85 84 81";"—";"Участвует в конкурсе";"1489613";"—"
"846";"1";"—";"250000";"85 82 83";"—";"Участвует в конкурсе";"2188656";"—"
"847";"1";"—";"250000";"83 86 81";"—";"Участвует в конкурсе";"1644315";"—"
"848";"6";"—";"250000";"83 78 89";"—";"Участвует в конкурсе";"1513272";"—"
"849";"2";"—";"250000";"83 76 91";"—";"Участвует в конкурсе";"2124279";"—"
"850";"6";"—";"250000";"80 84 86";"—";"Участвует в конкурсе";"1882249";"—"
"851";"5";"—";"250000";"80 84 86";"—";"Участвует в конкурсе";"1798520";"—"
"852";"9";"—";"250000";"78 78 94";"—";"Участвует в конкурсе";"1701606";"—"
"853";"4";"—";"250000";"75 84 91";"—";"Участвует в конкурсе";"1472307";"—"
"854";"16";"—";"250000";"88 76 83";"3000";"Участвует в конкурсе";"1542737";"—"
"855";"2";"—";"250000";"85 95 67";"3000";"Участвует в конкурсе";"2196562";"—"
"856";"2";"—";"250000";"78 88 81";"3000";"Участвует в конкурсе";"1914771";"—"
"857";"1";"—";"250000";"93 82 70";"5000";"Участвует в конкурсе";"2308131";"—"
"858";"3";"—";"250000";"78 84 83";"5000";"Участвует в конкурсе";"1004235";"—"
"859";"3";"—";"250000";"88 96 58";"8000";"Участвует в конкурсе";"1964864";"—"
"860";"3";"—";"250000";"88 80 72";"10000";"Участвует в конкурсе";"1198386";"—"
"861";"11";"—";"250000";"85 80 75";"10000";"Участвует в конкурсе";"1493633";"—"
"862";"3";"—";"250000";"85 80 75";"10000";"Участвует в конкурсе";"1423613";"—"
"864";"7";"—";"250000";"83 82 75";"10000";"Участвует в конкурсе";"1435514";"—"
"865";"2";"—";"250000";"80 88 72";"10000";"Участвует в конкурсе";"1892151";"—"
"866";"3";"—";"250000";"75 84 81";"10000";"Участвует в конкурсе";"1744936";"—"
"867";"1";"—";"250000";"75 84 81";"10000";"Участвует в конкурсе";"1724618";"—"
"868";"4";"—";"250000";"72 82 86";"10000";"Участвует в конкурсе";"2251355";"—"
"869";"9";"—";"249000";"88 86 75";"—";"Участвует в конкурсе";"959558";"—"
"870";"7";"—";"249000";"85 78 86";"—";"Участвует в конкурсе";"1400422";"—"
"871";"2";"—";"249000";"83 80 86";"—";"Участвует в конкурсе";"1982816";"—"
"872";"2";"—";"249000";"83 80 86";"—";"Участвует в конкурсе";"1291331";"—"
"873";"4";"—";"249000";"80 78 91";"—";"Участвует в конкурсе";"1322396";"—"
"874";"2";"—";"249000";"78 88 83";"—";"Участвует в конкурсе";"1972188";"—"
"875";"24";"—";"249000";"88 84 75";"2000";"Участвует в конкурсе";"1648974";"—"
"876";"6";"—";"249000";"80 84 83";"2000";"Участвует в конкурсе";"1007260";"—"
"877";"5";"—";"249000";"90 90 66";"3000";"Участвует в конкурсе";"2054046";"—"
"878";"4";"—";"249000";"90 86 70";"3000";"Участвует в конкурсе";"2268322";"—"
"879";"2";"—";"249000";"85 78 83";"3000";"Участвует в конкурсе";"1266040";"—"
"880";"3";"—";"249000";"83 80 83";"3000";"Участвует в конкурсе";"1983286";"—"
"881";"4";"—";"249000";"83 80 83";"3000";"Участвует в конкурсе";"1986969";"—"
"882";"5";"—";"249000";"80 88 78";"3000";"Участвует в конкурсе";"1997117";"—"
"883";"3";"—";"249000";"85 84 75";"5000";"Участвует в конкурсе";"1872712";"—"
"884";"1";"—";"249000";"83 78 83";"5000";"Участвует в конкурсе";"2363046";"—"
"885";"14";"—";"249000";"75 94 75";"5000";"Участвует в конкурсе";"2390551";"—"
"886";"1";"—";"249000";"83 86 70";"10000";"Участвует в конкурсе";"1724344";"—"
"887";"4";"—";"249000";"83 84 72";"10000";"Участвует в конкурсе";"1607972";"—"
"888";"4";"—";"249000";"80 86 73";"10000";"Участвует в конкурсе";"1696277";"—"
"889";"2";"—";"249000";"80 84 75";"10000";"Участвует в конкурсе";"2054704";"—"
"890";"5";"—";"249000";"80 76 83";"10000";"Участвует в конкурсе";"1023572";"—"
"891";"6";"—";"249000";"78 78 83";"10000";"Участвует в конкурсе";"1626458";"—"
"892";"13";"—";"249000";"78 72 89";"10000";"Участвует в конкурсе";"1582166";"—"
"893";"3";"—";"249000";"75 95 69";"10000";"Участвует в конкурсе";"2381034";"—"
"895";"1";"—";"249000";"75 78 86";"10000";"Участвует в конкурсе";"2307226";"—"
"896";"4";"—";"249000";"64 86 89";"10000";"Участвует в конкурсе";"2253040";"—"
"897";"2";"—";"248000";"93 80 75";"—";"Участвует в конкурсе";"1998832";"—"
"898";"1";"—";"248000";"90 92 66";"—";"Участвует в конкурсе";"2133476";"—"
"899";"1";"—";"248000";"90 80 78";"—";"Участвует в конкурсе";"1251787";"—"
"901";"4";"—";"248000";"85 100 63";"—";"Участвует в конкурсе";"2246979";"—"
"902";"3";"—";"248000";"85 88 75";"—";"Участвует в конкурсе";"1604437";"—"
"903";"2";"—";"248000";"85 82 81";"—";"Участвует в конкурсе";"1552807";"—"
"904";"8";"—";"248000";"83 96 69";"—";"Участвует в конкурсе";"1277403";"—"
"905";"2";"—";"248000";"83 84 81";"—";"Участвует в конкурсе";"1249771";"—"
"906";"6";"—";"248000";"83 82 83";"—";"Участвует в конкурсе";"2247436";"—"
"907";"4";"—";"248000";"80 96 72";"—";"Участвует в конкурсе";"1359499";"—"
"908";"2";"—";"248000";"80 82 86";"—";"Участвует в конкурсе";"1359345";"—"
"909";"8";"—";"248000";"78 95 75";"—";"Участвует в конкурсе";"2236400";"—"
"910";"4";"—";"248000";"78 92 78";"—";"Участвует в конкурсе";"2208963";"—"
"911";"20";"—";"248000";"78 84 86";"—";"Участвует в конкурсе";"1578125";"—"
"912";"1";"—";"248000";"88 86 72";"2000";"Участвует в конкурсе";"1625967";"—"
"913";"26";"—";"248000";"85 80 81";"2000";"Участвует в конкурсе";"1678840";"—"
"914";"1";"Электронное";"248000";"90 82 73";"3000";"Участвует в конкурсе";"1391227";"—"
"915";"3";"—";"248000";"88 82 75";"3000";"Участвует в конкурсе";"2204079";"—"
"916";"11";"—";"248000";"85 90 70";"3000";"Участвует в конкурсе";"2141419";"—"
"917";"17";"—";"248000";"85 82 78";"3000";"Участвует в конкурсе";"1344061";"—"
"918";"6";"—";"248000";"80 82 83";"3000";"Участвует в конкурсе";"2101538";"—"
"919";"4";"—";"248000";"78 100 67";"3000";"Участвует в конкурсе";"2259534";"—"
"920";"19";"—";"248000";"70 82 91";"5000";"Участвует в конкурсе";"2273286";"—"
"921";"7";"—";"248000";"80 90 72";"6000";"Участвует в конкурсе";"1419898";"—"
"922";"3";"—";"248000";"78 94 70";"6000";"Участвует в конкурсе";"1790963";"—"
"924";"2";"—";"248000";"85 82 73";"8000";"Участвует в конкурсе";"1246030";"—"
"925";"4";"—";"248000";"85 82 73";"8000";"Участвует в конкурсе";"1192477";"—"
"926";"6";"—";"248000";"80 90 70";"8000";"Участвует в конкурсе";"2112121";"—"
"927";"1";"—";"248000";"93 82 63";"10000";"Участвует в конкурсе";"2274523";"—"
"928";"6";"—";"248000";"93 64 81";"10000";"Участвует в конкурсе";"2246994";"—"
"929";"12";"—";"248000";"88 86 64";"10000";"Участвует в конкурсе";"1207371";"—"
"930";"2";"—";"248000";"88 78 72";"10000";"Участвует в конкурсе";"2234632";"—"
"931";"6";"—";"248000";"83 86 69";"10000";"Участвует в конкурсе";"1350248";"—"
"932";"3";"—";"248000";"83 86 69";"10000";"Участвует в конкурсе";"1497343";"—"
"933";"2";"—";"248000";"75 82 81";"10000";"Участвует в конкурсе";"1812308";"—"
"934";"3";"—";"248000";"75 82 81";"10000";"Участвует в конкурсе";"2004552";"—"
"935";"9";"—";"248000";"75 72 91";"10000";"Участвует в конкурсе";"1260821";"—"
"936";"2";"—";"248000";"67 74 97";"10000";"Участвует в конкурсе";"1190301";"—"
"938";"4";"—";"247000";"88 84 75";"—";"Участвует в конкурсе";"1433008";"—"
"939";"11";"—";"247000";"88 84 75";"—";"Участвует в конкурсе";"1633981";"—"
"940";"3";"—";"247000";"85 90 72";"—";"Участвует в конкурсе";"1067368";"—"
"941";"5";"—";"247000";"85 90 72";"—";"Участвует в конкурсе";"1997758";"—"
"942";"2";"—";"247000";"85 84 78";"—";"Участвует в конкурсе";"1767332";"—"
"943";"5";"—";"247000";"85 84 78";"—";"Участвует в конкурсе";"1932541";"—"
"944";"2";"—";"247000";"85 76 86";"—";"Участвует в конкурсе";"2231141";"—"
"945";"23";"—";"247000";"83 95 69";"—";"Участвует в конкурсе";"1639079";"—"
"946";"7";"—";"247000";"83 94 70";"—";"Участвует в конкурсе";"2001567";"—"
"947";"2";"—";"247000";"83 78 86";"—";"Участвует в конкурсе";"1354230";"—"
"948";"1";"—";"247000";"80 92 75";"—";"Участвует в конкурсе";"1580904";"—"
"949";"25";"—";"247000";"80 86 81";"—";"Участвует в конкурсе";"2163021";"—"
"950";"7";"—";"247000";"80 84 83";"—";"Участвует в конкурсе";"1910690";"—"
"951";"1";"—";"247000";"80 76 91";"—";"Участвует в конкурсе";"1948356";"—"
"952";"4";"—";"247000";"78 86 83";"—";"Участвует в конкурсе";"1608209";"—"
"953";"19";"—";"247000";"78 78 91";"—";"Участвует в конкурсе";"1397215";"—"
"954";"1";"—";"247000";"90 82 72";"3000";"Участвует в конкурсе";"2269511";"—"
"955";"3";"—";"247000";"88 84 72";"3000";"Участвует в конкурсе";"1925128";"—"
"956";"5";"—";"247000";"83 86 75";"3000";"Участвует в конкурсе";"2251782";"—"
"957";"19";"—";"247000";"75 88 81";"3000";"Участвует в конкурсе";"2246860";"—"
"958";"10";"—";"247000";"75 88 81";"3000";"Участвует в конкурсе";"962582";"—"
"959";"2";"—";"247000";"72 86 86";"3000";"Участвует в конкурсе";"1627305";"—"
"960";"2";"—";"247000";"72 78 94";"3000";"Участвует в конкурсе";"1636327";"—"
"961";"12";"—";"247000";"90 80 73";"4000";"Участвует в конкурсе";"1366563";"—"
"962";"1";"—";"247000";"83 84 75";"5000";"Участвует в конкурсе";"2005631";"—"
"964";"2";"—";"247000";"83 76 78";"10000";"Участвует в конкурсе";"2173610";"—"
"965";"5";"—";"247000";"80 84 73";"10000";"Участвует в конкурсе";"1605666";"—"
"966";"2";"—";"247000";"80 76 81";"10000";"Участвует в конкурсе";"1156127";"—"
"967";"11";"—";"247000";"80 76 81";"10000";"Участвует в конкурсе";"1857619";"—"
"968";"5";"—";"247000";"78 84 75";"10000";"Участвует в конкурсе";"1492822";"—"
"969";"4";"—";"247000";"78 84 75";"10000";"Участвует в конкурсе";"1744405";"—"
"970";"10";"—";"247000";"72 84 81";"10000";"Участвует в конкурсе";"2308127";"—"
"971";"6";"—";"247000";"67 84 86";"10000";"Участвует в конкурсе";"1959784";"—"
"972";"2";"—";"246000";"93 78 75";"—";"Участвует в конкурсе";"1698505";"—"
"973";"17";"—";"246000";"90 84 72";"—";"Участвует в конкурсе";"1571939";"—"
"974";"1";"—";"246000";"88 88 70";"—";"Участвует в конкурсе";"1193011";"—"
"975";"9";"—";"246000";"88 88 70";"—";"Участвует в конкурсе";"1835919";"—"
"977";"3";"—";"246000";"85 95 66";"—";"Участвует в конкурсе";"1306570";"—"
"978";"3";"—";"246000";"85 86 75";"—";"Участвует в конкурсе";"1193439";"—"
"979";"3";"—";"246000";"85 86 75";"—";"Участвует в конкурсе";"1572899";"—"
"980";"1";"—";"246000";"85 86 75";"—";"Участвует в конкурсе";"2199809";"—"
"981";"3";"—";"246000";"83 90 73";"—";"Участвует в конкурсе";"1721002";"—"
"982";"2";"—";"246000";"83 88 75";"—";"Участвует в конкурсе";"1617548";"—"
"984";"8";"—";"246000";"78 90 78";"—";"Участвует в конкурсе";"2259359";"—"
"985";"16";"—";"246000";"78 82 86";"—";"Участвует в конкурсе";"1350465";"—"
"986";"1";"—";"246000";"78 80 86";"2000";"Участвует в конкурсе";"1169075";"—"
"987";"9";"—";"246000";"90 84 69";"3000";"Участвует в конкурсе";"1334536";"—"
"988";"2";"—";"246000";"90 80 73";"3000";"Участвует в конкурсе";"2045213";"—"
"990";"5";"—";"246000";"83 82 78";"3000";"Участвует в конкурсе";"2223769";"—"
"991";"1";"—";"246000";"83 74 86";"3000";"Участвует в конкурсе";"2028759";"—"
"992";"5";"—";"246000";"80 88 75";"3000";"Участвует в конкурсе";"1796106";"—"
"993";"2";"—";"246000";"80 80 83";"3000";"Участвует в конкурсе";"2244312";"—"
"994";"6";"—";"246000";"80 74 89";"3000";"Участвует в конкурсе";"1361871";"—"
"995";"1";"—";"246000";"72 90 81";"3000";"Участвует в конкурсе";"2270328";"—"
"996";"4";"—";"246000";"90 74 78";"4000";"Участвует в конкурсе";"1285755";"—"
"997";"7";"—";"246000";"80 74 86";"6000";"Участвует в конкурсе";"2215529";"—"
"999";"1";"—";"246000";"88 78 72";"8000";"Участвует в конкурсе";"1584911";"—"
"1000";"12";"—";"246000";"85 78 73";"10000";"Участвует в конкурсе";"1649552";"—"
"1001";"1";"—";"246000";"83 86 67";"10000";"Участвует в конкурсе";"1211294";"—"
"1002";"2";"—";"246000";"83 80 73";"10000";"Участвует в конкурсе";"1599413";"—"
"1003";"2";"—";"246000";"83 80 73";"10000";"Участвует в конкурсе";"1502687";"—"
"1004";"4";"—";"246000";"80 86 70";"10000";"Участвует в конкурсе";"2258887";"—"
"1005";"5";"—";"246000";"80 78 78";"10000";"Участвует в конкурсе";"1262462";"—"
"1007";"5";"—";"246000";"78 72 86";"10000";"Участвует в конкурсе";"1499331";"—"
"1008";"18";"—";"246000";"75 86 75";"10000";"Участвует в конкурсе";"1852289";"—"
"1009";"3";"—";"246000";"75 78 83";"10000";"Участвует в конкурсе";"1399644";"—"
"1010";"2";"—";"246000";"64 86 86";"10000";"Участвует в конкурсе";"2257218";"—"
"1011";"12";"—";"245000";"90 82 73";"—";"Участвует в конкурсе";"1428253";"—"
"1012";"5";"—";"245000";"90 80 75";"—";"Участвует в конкурсе";"2230061";"—"
"1013";"6";"—";"245000";"85 88 72";"—";"Участвует в конкурсе";"2331374";"—"
"1014";"12";"—";"245000";"78 94 73";"—";"Участвует в конкурсе";"1796506";"—"
"1015";"7";"—";"245000";"78 84 83";"—";"Участвует в конкурсе";"1435716";"—"
"1016";"5";"—";"245000";"72 82 91";"—";"Участвует в конкурсе";"1211321";"—"
"1017";"6";"—";"245000";"72 76 97";"—";"Участвует в конкурсе";"1688813";"—"
"1018";"2";"—";"245000";"78 90 75";"2000";"Участвует в конкурсе";"1621821";"—"
"1019";"9";"—";"245000";"83 86 73";"3000";"Участвует в конкурсе";"1258668";"—"
"1020";"5";"—";"245000";"83 78 81";"3000";"Участвует в конкурсе";"2412870";"—"
"1021";"2";"—";"245000";"75 84 83";"3000";"Участвует в конкурсе";"2297329";"—"
"1023";"5";"—";"245000";"88 78 73";"6000";"Участвует в конкурсе";"2001481";"—"
"1024";"16";"—";"245000";"78 84 75";"8000";"Участвует в конкурсе";"1437671";"—"
"1025";"4";"—";"245000";"83 86 66";"10000";"Участвует в конкурсе";"1562913";"—"
"1026";"4";"—";"245000";"83 82 70";"10000";"Участвует в конкурсе";"1363001";"—"
"1027";"5";"—";"245000";"80 82 73";"10000";"Участвует в конкурсе";"1414759";"—"
"1028";"3";"—";"245000";"80 80 75";"10000";"Участвует в конкурсе";"1210838";"—"
"1029";"4";"—";"245000";"80 80 75";"10000";"Участвует в конкурсе";"1286731";"—"
"1030";"15";"—";"245000";"78 84 73";"10000";"Участвует в конкурсе";"1946698";"—"
"1031";"5";"—";"245000";"78 74 83";"10000";"Участвует в конкурсе";"1176825";"—"
"1032";"20";"—";"245000";"72 82 81";"10000";"Участвует в конкурсе";"1725531";"—"
"1033";"13";"—";"245000";"67 82 86";"10000";"Участвует в конкурсе";"1365779";"—"
"1034";"5";"—";"244000";"93 82 69";"—";"Участвует в конкурсе";"1850310";"—"
"1035";"2";"—";"244000";"93 82 69";"—";"Участвует в конкурсе";"1290156";"—"
"1036";"14";"—";"244000";"90 82 72";"—";"Участвует в конкурсе";"2363438";"—"
"1037";"3";"—";"244000";"85 84 75";"—";"Участвует в конкурсе";"2000341";"—"
"1038";"4";"—";"244000";"85 84 75";"—";"Участвует в конкурсе";"1568710";"—"
"1039";"5";"—";"244000";"83 88 73";"—";"Участвует в конкурсе";"1291692";"—"
"1040";"5";"—";"244000";"83 88 73";"—";"Участвует в конкурсе";"2244194";"—"
"1041";"3";"—";"244000";"83 86 75";"—";"Участвует в конкурсе";"1393326";"—"
"1042";"11";"—";"244000";"83 80 81";"—";"Участвует в конкурсе";"1199171";"—"
"1043";"1";"—";"244000";"83 78 83";"—";"Участвует в конкурсе";"1163181";"—"
"1045";"6";"—";"244000";"80 92 72";"—";"Участвует в конкурсе";"1446274";"—"
"1046";"2";"—";"244000";"80 78 86";"—";"Участвует в конкурсе";"1260609";"—"
"1047";"1";"Электронное";"244000";"75 88 81";"—";"Участвует в конкурсе";"1795010";"—"
"1048";"3";"—";"244000";"88 92 61";"3000";"Участвует в конкурсе";"2146870";"—"
"1049";"10";"—";"244000";"85 86 70";"3000";"Участвует в конкурсе";"1432660";"—"
"1050";"12";"—";"244000";"85 84 72";"3000";"Участвует в конкурсе";"1518122";"—"
"1051";"7";"—";"244000";"85 84 72";"3000";"Участвует в конкурсе";"1045491";"—"
"1052";"2";"—";"244000";"80 88 73";"3000";"Участвует в конкурсе";"1563915";"—"
"1053";"4";"—";"244000";"80 80 81";"3000";"Участвует в конкурсе";"1502082";"—"
"1054";"2";"—";"244000";"80 80 81";"3000";"Участвует в конкурсе";"1847112";"—"
"1055";"5";"—";"244000";"80 80 81";"3000";"Участвует в конкурсе";"1905923";"—"
"1056";"2";"—";"244000";"80 78 83";"3000";"Участвует в конкурсе";"1848859";"—"
"1059";"4";"—";"244000";"80 86 70";"8000";"Участвует в конкурсе";"1574542";"—"
"1063";"3";"—";"244000";"75 84 75";"10000";"Участвует в конкурсе";"1514322";"—"
"1064";"7";"—";"244000";"75 84 75";"10000";"Участвует в конкурсе";"1971697";"—"
"1065";"12";"—";"244000";"75 78 81";"10000";"Участвует в конкурсе";"2228274";"—"
"1066";"2";"—";"244000";"75 76 83";"10000";"Участвует в конкурсе";"1619546";"—"
"1067";"5";"—";"244000";"75 76 83";"10000";"Участвует в конкурсе";"1182478";"—"
"1068";"11";"—";"244000";"62 86 86";"10000";"Участвует в конкурсе";"2253150";"—"
"1069";"2";"—";"243000";"93 78 72";"—";"Участвует в конкурсе";"1617799";"—"
"1070";"5";"—";"243000";"90 84 69";"—";"Участвует в конкурсе";"1576148";"—"
"1071";"2";"—";"243000";"90 76 77";"—";"Участвует в конкурсе";"1858660";"—"
"1072";"2";"Электронное";"243000";"88 82 73";"—";"Участвует в конкурсе";"1648158";"—"
"1073";"6";"—";"243000";"85 95 63";"—";"Участвует в конкурсе";"2005858";"—"
"1074";"7";"—";"243000";"83 82 78";"—";"Участвует в конкурсе";"1520490";"—"
"1075";"11";"—";"243000";"83 82 78";"—";"Участвует в конкурсе";"1954115";"—"
"1076";"3";"—";"243000";"80 99 64";"—";"Участвует в конкурсе";"2270264";"—"
"1077";"6";"—";"243000";"78 84 81";"—";"Участвует в конкурсе";"1406264";"—"
"1078";"2";"—";"243000";"78 84 81";"—";"Участвует в конкурсе";"1545186";"—"
"1079";"9";"—";"243000";"78 82 83";"—";"Участвует в конкурсе";"2340863";"—"
"1080";"4";"—";"243000";"75 98 70";"—";"Участвует в конкурсе";"2314899";"—"
"1081";"5";"—";"243000";"70 84 89";"—";"Участвует в конкурсе";"1209980";"—"
"1082";"6";"—";"243000";"80 86 75";"2000";"Участвует в конкурсе";"1985164";"—"
"1083";"2";"—";"243000";"90 80 70";"3000";"Участвует в конкурсе";"1392643";"—"
"1084";"5";"—";"243000";"85 80 73";"5000";"Участвует в конкурсе";"1254783";"—"
"1085";"2";"—";"243000";"78 82 78";"5000";"Участвует в конкурсе";"2227880";"—"
"1086";"7";"—";"243000";"72 88 78";"5000";"Участвует в конкурсе";"979496";"—"
"1087";"3";"—";"243000";"80 82 73";"8000";"Участвует в конкурсе";"1852610";"—"
"1088";"10";"—";"243000";"80 86 67";"10000";"Участвует в конкурсе";"2223755";"—"
"1089";"1";"—";"243000";"80 80 73";"10000";"Участвует в конкурсе";"1252354";"—"
"1090";"12";"—";"243000";"80 80 73";"10000";"Участвует в конкурсе";"2002461";"—"
"1091";"4";"—";"243000";"80 78 75";"10000";"Участвует в конкурсе";"1793889";"—"
"1092";"2";"—";"243000";"72 78 83";"10000";"Участвует в конкурсе";"2030964";"—"
"1093";"1";"—";"243000";"67 80 86";"10000";"Участвует в конкурсе";"1076126";"—"
"1094";"1";"—";"242000";"88 88 66";"—";"Участвует в конкурсе";"1469275";"—"
"1095";"4";"—";"242000";"88 84 70";"—";"Участвует в конкурсе";"1627675";"—"
"1096";"3";"—";"242000";"88 84 70";"—";"Участвует в конкурсе";"1280866";"—"
"1097";"4";"—";"242000";"85 84 73";"—";"Участвует в конкурсе";"2120497";"—"
"1098";"2";"—";"242000";"85 82 75";"—";"Участвует в конкурсе";"1363421";"—"
"1099";"8";"—";"242000";"85 82 75";"—";"Участвует в конкурсе";"1347041";"—"
"1100";"11";"—";"242000";"85 82 75";"—";"Участвует в конкурсе";"2136696";"—"
"1101";"19";"—";"242000";"85 82 75";"—";"Участвует в конкурсе";"2349227";"—"
"1102";"2";"—";"242000";"83 86 73";"—";"Участвует в конкурсе";"1725199";"—"
"1103";"8";"—";"242000";"83 86 73";"—";"Участвует в конкурсе";"1616996";"—"
"1104";"17";"—";"242000";"83 84 75";"—";"Участвует в конкурсе";"2342730";"—"
"1105";"6";"—";"242000";"83 78 81";"—";"Участвует в конкурсе";"2136579";"—"
"1106";"7";"—";"242000";"83 78 81";"—";"Участвует в конкурсе";"1346095";"—"
"1107";"6";"—";"242000";"83 76 83";"—";"Участвует в конкурсе";"2410299";"—"
"1108";"3";"—";"242000";"75 84 83";"—";"Участвует в конкурсе";"2252236";"—"
"1110";"2";"—";"242000";"88 80 72";"2000";"Участвует в конкурсе";"1898810";"—"
"1111";"1";"—";"242000";"85 82 73";"2000";"Участвует в конкурсе";"2121041";"—"
"1112";"9";"—";"242000";"88 78 73";"3000";"Участвует в конкурсе";"1405794";"—"
"1113";"7";"—";"242000";"88 78 73";"3000";"Участвует в конкурсе";"1982480";"—"
"1114";"7";"—";"242000";"88 76 75";"3000";"Участвует в конкурсе";"2135192";"—"
"1115";"4";"—";"242000";"85 76 78";"3000";"Участвует в конкурсе";"1646325";"—"
"1116";"4";"—";"242000";"70 78 91";"3000";"Участвует в конкурсе";"1398719";"—"
"1117";"23";"—";"242000";"88 82 67";"5000";"Участвует в конкурсе";"2096871";"—"
"1118";"1";"—";"242000";"78 86 73";"5000";"Участвует в конкурсе";"1565317";"—"
"1119";"3";"—";"242000";"70 76 91";"5000";"Участвует в конкурсе";"1852072";"—"
"1120";"1";"—";"242000";"85 76 75";"6000";"Участвует в конкурсе";"1503879";"—"
"1121";"3";"—";"242000";"85 84 63";"10000";"Участвует в конкурсе";"2181190";"—"
"1122";"7";"—";"242000";"85 78 69";"10000";"Участвует в конкурсе";"1206624";"—"
"1123";"11";"—";"242000";"85 58 89";"10000";"Участвует в конкурсе";"2376271";"—"
"1124";"4";"—";"242000";"83 76 73";"10000";"Участвует в конкурсе";"1206770";"—"
"1125";"1";"—";"242000";"83 74 75";"10000";"Участвует в конкурсе";"1290470";"—"
"1126";"4";"—";"242000";"80 80 72";"10000";"Участвует в конкурсе";"1827751";"—"
"1127";"14";"—";"242000";"80 74 78";"10000";"Участвует в конкурсе";"1428438";"—"
"1128";"5";"—";"242000";"78 82 72";"10000";"Участвует в конкурсе";"1314216";"—"
"1129";"9";"—";"242000";"75 82 75";"10000";"Участвует в конкурсе";"1514051";"—"
"1130";"2";"—";"242000";"75 76 81";"10000";"Участвует в конкурсе";"1982384";"—"
"1131";"11";"—";"242000";"75 76 81";"10000";"Участвует в конкурсе";"1898346";"—"
"1132";"8";"—";"242000";"75 74 83";"10000";"Участвует в конкурсе";"1400731";"—"
"1133";"4";"—";"242000";"72 82 78";"10000";"Участвует в конкурсе";"1191704";"—"
"1134";"7";"—";"242000";"72 74 86";"10000";"Участвует в конкурсе";"1178719";"—"
"1135";"14";"—";"242000";"56 82 94";"10000";"Участвует в конкурсе";"1907895";"—"
"1136";"7";"—";"241000";"90 76 75";"—";"Участвует в конкурсе";"1247465";"—"
"1137";"3";"—";"241000";"85 78 78";"—";"Участвует в конкурсе";"1857056";"—"
"1138";"1";"—";"241000";"83 88 70";"—";"Участвует в конкурсе";"1584681";"—"
"1139";"10";"—";"241000";"83 80 78";"—";"Участвует в конкурсе";"1234503";"—"
"1140";"5";"—";"241000";"80 86 75";"—";"Участвует в конкурсе";"2409668";"—"
"1141";"6";"—";"241000";"78 82 81";"—";"Участвует в конкурсе";"2095093";"—"
"1142";"11";"—";"241000";"72 88 81";"—";"Участвует в конкурсе";"2133957";"—"
"1143";"3";"—";"241000";"88 82 69";"2000";"Участвует в конкурсе";"1611834";"—"
"1144";"4";"—";"241000";"85 78 75";"3000";"Участвует в конкурсе";"1290046";"—"
"1145";"1";"—";"241000";"83 88 67";"3000";"Участвует в конкурсе";"1670527";"—"
"1146";"2";"—";"241000";"83 74 81";"3000";"Участвует в конкурсе";"1724191";"—"
"1147";"2";"—";"241000";"80 80 78";"3000";"Участвует в конкурсе";"1205112";"—"
"1148";"4";"—";"241000";"75 80 83";"3000";"Участвует в конкурсе";"2093761";"—"
"1149";"4";"—";"241000";"75 94 67";"5000";"Участвует в конкурсе";"1959145";"—"
"1151";"5";"—";"241000";"85 78 70";"8000";"Участвует в конкурсе";"1519144";"—"
"1152";"1";"—";"241000";"85 82 64";"10000";"Участвует в конкурсе";"2314797";"—"
"1153";"9";"—";"241000";"80 78 73";"10000";"Участвует в конкурсе";"1994580";"—"
"1154";"3";"—";"241000";"80 78 73";"10000";"Участвует в конкурсе";"2181549";"—"
"1155";"1";"—";"241000";"80 78 73";"10000";"Участвует в конкурсе";"2218232";"—"
"1156";"3";"—";"241000";"80 76 75";"10000";"Участвует в конкурсе";"1495757";"—"
"1157";"2";"—";"241000";"80 70 81";"10000";"Участвует в конкурсе";"1428740";"—"
"1158";"8";"—";"241000";"78 72 81";"10000";"Участвует в конкурсе";"1640967";"—"
"1159";"4";"—";"241000";"78 72 81";"10000";"Участвует в конкурсе";"2006712";"—"
"1160";"4";"—";"241000";"78 72 81";"10000";"Участвует в конкурсе";"2344265";"—"
"1161";"1";"—";"241000";"75 78 78";"10000";"Участвует в конкурсе";"2272351";"—"
"1162";"1";"—";"241000";"75 78 78";"10000";"Участвует в конкурсе";"1728792";"—"
"1163";"6";"—";"241000";"70 78 83";"10000";"Участвует в конкурсе";"1872223";"—"
"1164";"1";"—";"241000";"70 70 91";"10000";"Участвует в конкурсе";"2273021";"—"
"1165";"3";"—";"241000";"67 78 86";"10000";"Участвует в конкурсе";"1484539";"—"
"1166";"3";"—";"241000";"64 78 89";"10000";"Участвует в конкурсе";"1430503";"—"
"1167";"2";"—";"240000";"90 90 60";"—";"Участвует в конкурсе";"1282851";"—"
"1168";"12";"—";"240000";"88 80 72";"—";"Участвует в конкурсе";"2392419";"—"
"1169";"1";"—";"240000";"85 88 67";"—";"Участвует в конкурсе";"1261909";"—"
"1170";"2";"—";"240000";"83 84 73";"—";"Участвует в конкурсе";"1183686";"—"
"1171";"13";"—";"240000";"83 84 73";"—";"Участвует в конкурсе";"1986364";"—"
"1172";"5";"—";"240000";"83 82 75";"—";"Участвует в конкурсе";"2279031";"—"
"1175";"21";"—";"240000";"83 82 73";"2000";"Участвует в конкурсе";"1209652";"—"
"1176";"3";"—";"240000";"75 80 83";"2000";"Участвует в конкурсе";"1969072";"—"
"1177";"6";"—";"240000";"93 78 66";"3000";"Участвует в конкурсе";"1264209";"—"
"1178";"1";"—";"240000";"85 82 70";"3000";"Участвует в конкурсе";"2302194";"—"
"1179";"12";"—";"240000";"83 82 72";"3000";"Участвует в конкурсе";"2230731";"—"
"1180";"4";"—";"240000";"80 88 69";"3000";"Участвует в конкурсе";"1278716";"—"
"1181";"1";"—";"240000";"80 76 81";"3000";"Участвует в конкурсе";"1957895";"—"
"1182";"2";"—";"240000";"72 84 81";"3000";"Участвует в конкурсе";"2231074";"—"
"1183";"12";"—";"240000";"67 97 73";"3000";"Участвует в конкурсе";"2071585";"—"
"1184";"21";"—";"240000";"80 84 72";"4000";"Участвует в конкурсе";"2140645";"—"
"1185";"6";"—";"240000";"75 82 78";"5000";"Участвует в конкурсе";"1285720";"—"
"1186";"2";"—";"240000";"88 74 72";"6000";"Участвует в конкурсе";"2087089";"—"
"1187";"7";"—";"240000";"83 90 61";"6000";"Участвует в конкурсе";"2225311";"—"
"1188";"1";"—";"240000";"85 82 66";"7000";"Участвует в конкурсе";"1544486";"—"
"1189";"2";"—";"240000";"83 86 61";"10000";"Участвует в конкурсе";"2258593";"—"
"1190";"8";"—";"240000";"75 82 73";"10000";"Участвует в конкурсе";"2413385";"—"
"1192";"21";"—";"240000";"75 72 83";"10000";"Участвует в конкурсе";"1858730";"—"
"1193";"2";"—";"240000";"70 74 86";"10000";"Участвует в конкурсе";"2415236";"—"
"1194";"15";"—";"240000";"62 82 86";"10000";"Участвует в конкурсе";"1621925";"—"
"1195";"21";"—";"240000";"59 82 89";"10000";"Участвует в конкурсе";"2003355";"—"
"1196";"4";"—";"239000";"90 80 69";"—";"Участвует в конкурсе";"1731435";"—"
"1197";"9";"—";"239000";"90 80 69";"—";"Участвует в конкурсе";"2405665";"—"
"1198";"3";"—";"239000";"90 74 75";"—";"Участвует в конкурсе";"1910404";"—"
"1199";"7";"—";"239000";"88 76 75";"—";"Участвует в конкурсе";"2247241";"—"
"1200";"5";"—";"239000";"83 86 70";"—";"Участвует в конкурсе";"1786013";"—"
"1201";"19";"—";"239000";"83 78 78";"—";"Участвует в конкурсе";"1893739";"—"
"1202";"3";"—";"239000";"80 78 81";"—";"Участвует в конкурсе";"2302917";"—"
"1203";"2";"—";"239000";"80 76 83";"—";"Участвует в конкурсе";"1363639";"—"
"1204";"8";"—";"239000";"78 86 75";"—";"Участвует в конкурсе";"1583370";"—"
"1205";"3";"—";"239000";"78 86 75";"—";"Участвует в конкурсе";"1791041";"—"
"1206";"3";"—";"239000";"78 86 75";"—";"Участвует в конкурсе";"1193299";"—"
"1207";"9";"—";"239000";"78 64 97";"—";"Участвует в конкурсе";"2173682";"—"
"1208";"13";"—";"239000";"72 78 89";"—";"Участвует в конкурсе";"2389407";"—"
"1209";"7";"—";"239000";"90 80 66";"3000";"Участвует в конкурсе";"1501776";"—"
"1210";"3";"—";"239000";"90 74 72";"3000";"Участвует в конкурсе";"1365302";"—"
"1211";"13";"—";"239000";"85 82 69";"3000";"Участвует в конкурсе";"2313434";"—"
"1212";"2";"—";"239000";"85 76 75";"3000";"Участвует в конкурсе";"1909855";"—"
"1213";"5";"—";"239000";"80 78 78";"3000";"Участвует в конкурсе";"1417349";"—"
"1214";"2";"—";"239000";"72 86 78";"3000";"Участвует в конкурсе";"1211471";"—"
"1215";"6";"—";"239000";"80 84 70";"5000";"Участвует в конкурсе";"1301457";"—"
"1216";"5";"—";"239000";"75 78 81";"5000";"Участвует в конкурсе";"2174513";"—"
"1217";"1";"—";"239000";"85 76 72";"6000";"Участвует в конкурсе";"1235668";"—"
"1218";"7";"—";"239000";"83 82 67";"7000";"Участвует в конкурсе";"958562";"—"
"1219";"5";"—";"239000";"85 76 70";"8000";"Участвует в конкурсе";"1989429";"—"
"1220";"4";"—";"239000";"75 86 70";"8000";"Участвует в конкурсе";"1651264";"—"
"1221";"8";"—";"239000";"83 76 70";"10000";"Участвует в конкурсе";"1361236";"—"
"1222";"5";"—";"239000";"80 80 69";"10000";"Участвует в конкурсе";"1948129";"—"
"1223";"2";"—";"239000";"80 76 73";"10000";"Участвует в конкурсе";"2105933";"—"
"1224";"4";"—";"239000";"80 74 75";"10000";"Участвует в конкурсе";"2340361";"—"
"1225";"10";"—";"239000";"78 76 75";"10000";"Участвует в конкурсе";"1459945";"—"
"1226";"1";"—";"239000";"78 76 75";"10000";"Участвует в конкурсе";"2412559";"—"
"1227";"11";"—";"239000";"78 70 81";"10000";"Участвует в конкурсе";"1729763";"—"
"1228";"13";"—";"239000";"75 82 72";"10000";"Участвует в конкурсе";"1912646";"—"
"1229";"4";"—";"239000";"70 76 83";"10000";"Участвует в конкурсе";"1209621";"—"
"1230";"1";"Электронное";"239000";"67 76 86";"10000";"Участвует в конкурсе";"1203449";"—"
"1231";"3";"—";"238000";"90 84 64";"—";"Участвует в конкурсе";"2339399";"—"
"1232";"1";"—";"238000";"90 78 70";"—";"Участвует в конкурсе";"1432133";"—"
"1233";"8";"—";"238000";"90 78 70";"—";"Участвует в конкурсе";"1633810";"—"
"1234";"1";"—";"238000";"85 84 69";"—";"Участвует в конкурсе";"1649222";"—"
"1235";"1";"—";"238000";"85 78 75";"—";"Участвует в конкурсе";"1274875";"—"
"1236";"2";"—";"238000";"85 78 75";"—";"Участвует в конкурсе";"1753980";"—"
"1237";"5";"—";"238000";"83 86 69";"—";"Участвует в конкурсе";"2106079";"—"
"1238";"10";"—";"238000";"83 82 73";"—";"Участвует в конкурсе";"1177182";"—"
"1239";"6";"—";"238000";"83 82 73";"—";"Участвует в конкурсе";"1173120";"—"
"1240";"3";"—";"238000";"83 80 75";"—";"Участвует в конкурсе";"2154191";"—"
"1241";"4";"—";"238000";"80 80 78";"—";"Участвует в конкурсе";"1390828";"—"
"1242";"7";"—";"238000";"78 74 86";"—";"Участвует в конкурсе";"1644082";"—"
"1243";"3";"—";"238000";"75 82 81";"—";"Участвует в конкурсе";"1652056";"—"
"1244";"10";"—";"238000";"75 82 81";"—";"Участвует в конкурсе";"2253678";"—"
"1245";"3";"—";"238000";"72 88 78";"—";"Участвует в конкурсе";"1061593";"—"
"1246";"4";"—";"238000";"70 82 86";"—";"Участвует в конкурсе";"1821472";"—"
"1248";"4";"—";"238000";"83 80 72";"3000";"Участвует в конкурсе";"1247440";"—"
"1249";"3";"—";"238000";"80 86 69";"3000";"Участвует в конкурсе";"1513662";"—"
"1250";"4";"—";"238000";"80 86 69";"3000";"Участвует в конкурсе";"1995663";"—"
"1251";"8";"—";"238000";"80 82 73";"3000";"Участвует в конкурсе";"1999016";"—"
"1252";"1";"—";"238000";"80 80 75";"3000";"Участвует в конкурсе";"1622466";"—"
"1253";"1";"—";"238000";"78 76 81";"3000";"Участвует в конкурсе";"1961364";"—"
"1254";"2";"—";"238000";"88 70 75";"5000";"Участвует в конкурсе";"1286974";"—"
"1255";"1";"—";"238000";"80 84 66";"8000";"Участвует в конкурсе";"2304307";"—"
"1256";"3";"—";"238000";"85 80 63";"10000";"Участвует в конкурсе";"2273104";"—"
"1257";"10";"—";"238000";"80 78 70";"10000";"Участвует в конкурсе";"1209256";"—"
"1258";"9";"—";"238000";"80 76 72";"10000";"Участвует в конкурсе";"1345671";"—"
"1259";"16";"—";"238000";"75 78 75";"10000";"Участвует в конкурсе";"1731696";"—"
"1260";"3";"—";"238000";"75 78 75";"10000";"Участвует в конкурсе";"1706403";"—"
"1261";"4";"—";"238000";"70 80 78";"10000";"Участвует в конкурсе";"1364184";"—"
"1262";"8";"—";"238000";"67 70 91";"10000";"Участвует в конкурсе";"2230298";"—"
"1263";"5";"—";"238000";"64 86 78";"10000";"Участвует в конкурсе";"2295746";"—"
"1264";"4";"—";"238000";"62 80 86";"10000";"Участвует в конкурсе";"979626";"—"
"1265";"6";"—";"237000";"93 78 66";"—";"Участвует в конкурсе";"1339553";"—"
"1266";"3";"—";"237000";"90 80 67";"—";"Участвует в конкурсе";"2273676";"—"
"1267";"2";"—";"237000";"88 88 61";"—";"Участвует в конкурсе";"2217091";"—"
"1268";"2";"—";"237000";"85 82 70";"—";"Участвует в конкурсе";"2260688";"—"
"1269";"2";"—";"237000";"85 80 72";"—";"Участвует в конкурсе";"1356245";"—"
"1270";"2";"—";"237000";"85 74 78";"—";"Участвует в конкурсе";"1713665";"—"
"1271";"12";"—";"237000";"83 88 66";"—";"Участвует в конкурсе";"1507154";"—"
"1272";"3";"—";"237000";"83 82 72";"—";"Участвует в конкурсе";"1547896";"—"
"1273";"17";"—";"237000";"83 76 78";"—";"Участвует в конкурсе";"1913033";"—"
"1274";"3";"Электронное";"237000";"80 84 73";"—";"Участвует в конкурсе";"1796095";"—"
"1275";"3";"—";"237000";"80 84 73";"—";"Участвует в конкурсе";"1186086";"—"
"1276";"1";"—";"237000";"80 76 81";"—";"Участвует в конкурсе";"1907156";"—"
"1277";"2";"—";"237000";"78 84 75";"—";"Участвует в конкурсе";"1653572";"—"
"1278";"4";"—";"237000";"78 84 75";"—";"Участвует в конкурсе";"1287994";"—"
"1279";"7";"—";"237000";"78 78 81";"—";"Участвует в конкурсе";"1565597";"—"
"1280";"1";"—";"237000";"90 72 72";"3000";"Участвует в конкурсе";"2409313";"—"
"1281";"6";"—";"237000";"88 82 64";"3000";"Участвует в конкурсе";"1177905";"—"
"1282";"3";"—";"237000";"85 82 67";"3000";"Участвует в конкурсе";"2084694";"—"
"1283";"4";"—";"237000";"83 78 73";"3000";"Участвует в конкурсе";"1396859";"—"
"1284";"5";"—";"237000";"83 76 75";"3000";"Участвует в конкурсе";"1540515";"—"
"1285";"6";"—";"237000";"80 82 72";"3000";"Участвует в конкурсе";"981989";"—"
"1286";"1";"—";"237000";"80 82 72";"3000";"Участвует в конкурсе";"1330985";"—"
"1287";"6";"—";"237000";"80 82 72";"3000";"Участвует в конкурсе";"1898463";"—"
"1288";"1";"—";"237000";"70 86 78";"3000";"Участвует в конкурсе";"1165554";"—"
"1289";"2";"—";"237000";"64 92 78";"3000";"Участвует в конкурсе";"2342203";"—"
"1290";"8";"—";"237000";"78 82 72";"5000";"Участвует в конкурсе";"1270718";"—"
"1291";"7";"—";"237000";"75 76 81";"5000";"Участвует в конкурсе";"2141539";"—"
"1292";"4";"—";"237000";"83 80 67";"7000";"Участвует в конкурсе";"979473";"—"
"1293";"12";"—";"237000";"83 74 70";"10000";"Участвует в конкурсе";"1486769";"—"
"1295";"4";"—";"237000";"78 76 73";"10000";"Участвует в конкурсе";"1908887";"—"
"1296";"9";"—";"237000";"78 74 75";"10000";"Участвует в конкурсе";"1843816";"—"
"1297";"6";"—";"237000";"72 82 73";"10000";"Участвует в конкурсе";"1207345";"—"
"1298";"3";"—";"237000";"67 82 78";"10000";"Участвует в конкурсе";"1262634";"—"
"1299";"5";"—";"237000";"64 80 83";"10000";"Участвует в конкурсе";"2255497";"—"
"1300";"2";"—";"236000";"93 88 55";"—";"Участвует в конкурсе";"1906103";"—"
"1301";"1";"—";"236000";"85 82 69";"—";"Участвует в конкурсе";"2369504";"—"
"1302";"6";"—";"236000";"85 76 75";"—";"Участвует в конкурсе";"1209249";"—"
"1303";"3";"—";"236000";"83 80 73";"—";"Участвует в конкурсе";"1464403";"—"
"1304";"14";"—";"236000";"83 80 73";"—";"Участвует в конкурсе";"1486804";"—"
"1305";"5";"—";"236000";"83 78 75";"—";"Участвует в конкурсе";"1760981";"—"
"1306";"1";"—";"236000";"83 78 75";"—";"Участвует в конкурсе";"2389135";"—"
"1307";"1";"—";"236000";"83 72 81";"—";"Участвует в конкурсе";"1620755";"—"
"1308";"3";"—";"236000";"80 86 70";"—";"Участвует в конкурсе";"1986823";"—"
"1309";"4";"—";"236000";"80 78 78";"—";"Участвует в конкурсе";"2271871";"—"
"1310";"10";"—";"236000";"75 86 75";"—";"Участвует в конкурсе";"2211208";"—"
"1311";"22";"—";"236000";"75 70 91";"—";"Участвует в конкурсе";"1156192";"—"
"1312";"15";"—";"236000";"88 78 67";"3000";"Участвует в конкурсе";"2099062";"—"
"1313";"7";"—";"236000";"85 78 70";"3000";"Участвует в конкурсе";"1760970";"—"
"1314";"2";"—";"236000";"83 84 66";"3000";"Участвует в конкурсе";"2182361";"—"
"1315";"5";"—";"236000";"78 86 69";"3000";"Участвует в конкурсе";"2317869";"—"
"1316";"17";"—";"236000";"78 74 81";"3000";"Участвует в конкурсе";"1645354";"—"
"1317";"10";"—";"236000";"72 80 81";"3000";"Участвует в конкурсе";"1626028";"—"
"1318";"6";"—";"236000";"72 78 83";"3000";"Участвует в конкурсе";"2097645";"—"
"1319";"11";"—";"236000";"90 82 54";"10000";"Участвует в конкурсе";"1832922";"—"
"1320";"5";"—";"236000";"85 74 67";"10000";"Участвует в конкурсе";"1133943";"—"
"1321";"1";"—";"236000";"80 80 66";"10000";"Участвует в конкурсе";"2223510";"—"
"1322";"7";"—";"236000";"80 76 70";"10000";"Участвует в конкурсе";"1553644";"—"
"1323";"1";"—";"236000";"80 74 72";"10000";"Участвует в конкурсе";"1443658";"—"
"1324";"4";"—";"236000";"80 74 72";"10000";"Участвует в конкурсе";"2246093";"—"
"1325";"9";"—";"236000";"64 84 78";"10000";"Участвует в конкурсе";"1916109";"—"
"1326";"5";"—";"235000";"90 76 69";"—";"Участвует в конкурсе";"1362059";"—"
"1327";"12";"—";"235000";"90 76 69";"—";"Участвует в конкурсе";"1237980";"—"
"1328";"1";"—";"235000";"88 80 67";"—";"Участвует в конкурсе";"2139816";"—"
"1329";"7";"—";"235000";"85 80 70";"—";"Участвует в конкурсе";"1260919";"—"
"1330";"14";"—";"235000";"83 74 78";"—";"Участвует в конкурсе";"1959949";"—"
"1332";"3";"—";"235000";"80 80 75";"—";"Участвует в конкурсе";"1215613";"—"
"1333";"6";"—";"235000";"80 80 75";"—";"Участвует в конкурсе";"1425537";"—"
"1334";"4";"—";"235000";"78 88 69";"—";"Участвует в конкурсе";"1998543";"—"
"1335";"3";"—";"235000";"78 82 75";"—";"Участвует в конкурсе";"1999167";"—"
"1336";"1";"—";"235000";"78 82 75";"—";"Участвует в конкурсе";"2003542";"—"
"1338";"3";"—";"235000";"78 76 81";"—";"Участвует в конкурсе";"1796213";"—"
"1339";"6";"—";"235000";"75 82 78";"—";"Участвует в конкурсе";"2182294";"—"
"1340";"4";"—";"235000";"72 94 69";"—";"Участвует в конкурсе";"2094544";"—"
"1341";"3";"—";"235000";"70 84 81";"—";"Участвует в конкурсе";"2301638";"—"
"1343";"2";"—";"235000";"67 82 86";"—";"Участвует в конкурсе";"2140069";"—"
"1344";"21";"—";"235000";"83 72 78";"2000";"Участвует в конкурсе";"1909159";"—"
"1345";"4";"—";"235000";"85 80 67";"3000";"Участвует в конкурсе";"1066897";"—"
"1346";"6";"—";"235000";"85 78 69";"3000";"Участвует в конкурсе";"1446291";"—"
"1347";"4";"—";"235000";"83 80 69";"3000";"Участвует в конкурсе";"1097263";"—"
"1348";"12";"—";"235000";"83 80 69";"3000";"Участвует в конкурсе";"2344939";"—"
"1349";"6";"—";"235000";"83 76 73";"3000";"Участвует в конкурсе";"2234846";"—"
"1350";"7";"—";"235000";"83 74 75";"3000";"Участвует в конкурсе";"1652848";"—"
"1351";"2";"—";"235000";"80 80 72";"3000";"Участвует в конкурсе";"2204801";"—"
"1352";"10";"—";"235000";"75 84 73";"3000";"Участвует в конкурсе";"1610774";"—"
"1353";"1";"—";"235000";"75 84 73";"3000";"Участвует в конкурсе";"1785140";"—"
"1354";"4";"—";"235000";"75 82 75";"3000";"Участвует в конкурсе";"1165177";"—"
"1355";"6";"—";"235000";"75 82 75";"3000";"Участвует в конкурсе";"1791308";"—"
"1356";"6";"—";"235000";"75 76 81";"3000";"Участвует в конкурсе";"1774510";"—"
"1357";"9";"—";"235000";"72 82 75";"6000";"Участвует в конкурсе";"1176687";"—"
"1358";"5";"—";"235000";"90 72 63";"10000";"Участвует в конкурсе";"1904427";"—"
"1359";"11";"—";"235000";"85 70 70";"10000";"Участвует в конкурсе";"1547609";"—"
"1360";"4";"—";"235000";"83 76 66";"10000";"Участвует в конкурсе";"1548987";"—"
"1361";"4";"—";"235000";"80 76 69";"10000";"Участвует в конкурсе";"1340372";"—"
"1362";"3";"—";"235000";"80 72 73";"10000";"Участвует в конкурсе";"1692909";"—"
"1363";"1";"—";"235000";"80 72 73";"10000";"Участвует в конкурсе";"2273447";"—"
"1364";"7";"—";"235000";"78 74 73";"10000";"Участвует в конкурсе";"1426477";"—"
"1365";"4";"—";"235000";"75 84 66";"10000";"Участвует в конкурсе";"1948533";"—"
"1366";"7";"—";"235000";"75 72 78";"10000";"Участвует в конкурсе";"2249271";"—"
"1367";"2";"—";"235000";"70 80 75";"10000";"Участвует в конкурсе";"1215595";"—"
"1368";"6";"—";"235000";"67 72 86";"10000";"Участвует в конкурсе";"2198188";"—"
"1369";"6";"—";"234000";"90 78 66";"—";"Участвует в конкурсе";"2264063";"—"
"1370";"8";"—";"234000";"85 80 69";"—";"Участвует в конкурсе";"2207333";"—"
"1371";"1";"—";"234000";"83 84 67";"—";"Участвует в конкурсе";"1872804";"—"
"1372";"3";"—";"234000";"83 84 67";"—";"Участвует в конкурсе";"2051436";"—"
"1373";"6";"—";"234000";"83 76 75";"—";"Участвует в конкурсе";"1618982";"—"
"1374";"20";"—";"234000";"83 76 75";"—";"Участвует в конкурсе";"1795955";"—"
"1376";"1";"Электронное";"234000";"80 82 72";"—";"Участвует в конкурсе";"1192632";"—"
"1377";"2";"—";"234000";"80 76 78";"—";"Участвует в конкурсе";"1522963";"—"
"1378";"3";"—";"234000";"78 78 78";"—";"Участвует в конкурсе";"1124330";"—"
"1379";"3";"—";"234000";"75 84 75";"—";"Участвует в конкурсе";"2164408";"—"
"1380";"7";"—";"234000";"72 84 78";"—";"Участвует в конкурсе";"1487530";"—"
"1381";"5";"—";"234000";"59 100 75";"—";"Участвует в конкурсе";"2416497";"—"
"1382";"1";"—";"234000";"80 80 72";"2000";"Участвует в конкурсе";"2002578";"—"
"1383";"2";"—";"234000";"85 82 64";"3000";"Участвует в конкурсе";"1856490";"—"
"1384";"5";"—";"234000";"83 78 70";"3000";"Участвует в конкурсе";"2134539";"—"
"1385";"1";"—";"234000";"83 70 78";"3000";"Участвует в конкурсе";"2100401";"—"
"1386";"10";"—";"234000";"75 78 78";"3000";"Участвует в конкурсе";"1642161";"—"
"1387";"3";"—";"234000";"70 88 73";"3000";"Участвует в конкурсе";"1718008";"—"
"1388";"1";"—";"234000";"83 80 67";"4000";"Участвует в конкурсе";"1647408";"—"
"1389";"6";"—";"234000";"78 84 67";"5000";"Участвует в конкурсе";"2311627";"—"
"1390";"11";"—";"234000";"75 78 75";"6000";"Участвует в конкурсе";"1586526";"—"
"1391";"9";"—";"234000";"70 78 78";"8000";"Участвует в конкурсе";"2273469";"—"
"1392";"8";"—";"234000";"83 78 63";"10000";"Участвует в конкурсе";"1350241";"—"
"1393";"5";"—";"234000";"80 74 70";"10000";"Участвует в конкурсе";"1181019";"—"
"1394";"26";"—";"234000";"80 74 70";"10000";"Участвует в конкурсе";"2247353";"—"
"1395";"1";"—";"234000";"80 74 70";"10000";"Участвует в конкурсе";"1107460";"—"
"1396";"4";"—";"234000";"72 82 70";"10000";"Участвует в конкурсе";"1205929";"—"
"1397";"5";"—";"234000";"72 82 70";"10000";"Участвует в конкурсе";"1996585";"—"
"1398";"5";"—";"234000";"72 82 70";"10000";"Участвует в конкурсе";"2309560";"—"
"1399";"12";"—";"234000";"72 80 72";"10000";"Участвует в конкурсе";"2249187";"—"
"1400";"3";"—";"234000";"72 80 72";"10000";"Участвует в конкурсе";"1884193";"—"
"1401";"4";"—";"234000";"70 90 64";"10000";"Участвует в конкурсе";"2263375";"—"
"1402";"14";"—";"233000";"88 78 67";"—";"Участвует в конкурсе";"1361263";"—"
"1403";"6";"—";"233000";"85 78 70";"—";"Участвует в конкурсе";"1416540";"—"
"1404";"8";"—";"233000";"83 78 72";"—";"Участвует в конкурсе";"976046";"—"
"1405";"2";"—";"233000";"83 78 72";"—";"Участвует в конкурсе";"1201836";"—"
"1406";"8";"—";"233000";"83 72 78";"—";"Участвует в конкурсе";"1627783";"—"
"1407";"8";"—";"233000";"83 72 78";"—";"Участвует в конкурсе";"2272490";"—"
"1408";"6";"—";"233000";"80 86 67";"—";"Участвует в конкурсе";"1182155";"—"
"1409";"11";"—";"233000";"80 80 73";"—";"Участвует в конкурсе";"2160610";"—"
"1410";"8";"—";"233000";"80 72 81";"—";"Участвует в конкурсе";"1247202";"—"
"1411";"3";"—";"233000";"78 88 67";"—";"Участвует в конкурсе";"1960491";"—"
"1412";"1";"—";"233000";"78 86 69";"—";"Участвует в конкурсе";"1770465";"—"
"1413";"11";"—";"233000";"78 86 69";"—";"Участвует в конкурсе";"2170347";"—"
"1414";"1";"—";"233000";"78 82 73";"—";"Участвует в конкурсе";"2302686";"—"
"1415";"2";"—";"233000";"78 80 75";"—";"Участвует в конкурсе";"1652883";"—"
"1416";"4";"—";"233000";"78 80 75";"—";"Участвует в конкурсе";"2220209";"—"
"1417";"4";"—";"233000";"78 74 81";"—";"Участвует в конкурсе";"2234990";"—"
"1418";"1";"—";"233000";"75 72 86";"—";"Участвует в конкурсе";"2287641";"—"
"1419";"21";"—";"233000";"72 64 97";"—";"Участвует в конкурсе";"1443744";"—"
"1420";"9";"—";"233000";"83 78 70";"2000";"Участвует в конкурсе";"1841278";"—"
"1421";"18";"—";"233000";"78 80 73";"2000";"Участвует в конкурсе";"1620522";"—"
"1422";"3";"—";"233000";"72 78 81";"2000";"Участвует в конкурсе";"1038442";"—"
"1423";"4";"—";"233000";"85 76 69";"3000";"Участвует в конкурсе";"1986305";"—"
"1424";"2";"—";"233000";"85 76 69";"3000";"Участвует в конкурсе";"2432584";"—"
"1425";"6";"—";"233000";"83 74 73";"3000";"Участвует в конкурсе";"2345301";"—"
"1426";"3";"—";"233000";"80 78 72";"3000";"Участвует в конкурсе";"1798447";"—"
"1427";"4";"—";"233000";"78 82 70";"3000";"Участвует в конкурсе";"1647413";"—"
"1428";"1";"Электронное";"233000";"78 80 72";"3000";"Участвует в конкурсе";"1858062";"—"
"1429";"8";"—";"233000";"78 74 78";"3000";"Участвует в конкурсе";"1337025";"—"
"1430";"1";"—";"233000";"75 92 63";"3000";"Участвует в конкурсе";"2251936";"—"
"1431";"3";"—";"233000";"80 84 63";"6000";"Участвует в конкурсе";"1252028";"—"
"1432";"2";"—";"233000";"70 78 78";"7000";"Участвует в конкурсе";"2183698";"—"
"1433";"2";"Электронное";"233000";"88 52 83";"10000";"Участвует в конкурсе";"2201253";"—"
"1434";"1";"—";"233000";"83 76 64";"10000";"Участвует в конкурсе";"2137807";"—"
"1435";"2";"—";"233000";"80 80 63";"10000";"Участвует в конкурсе";"1311696";"—"
"1436";"5";"—";"233000";"78 78 67";"10000";"Участвует в конкурсе";"2310772";"—"
"1437";"2";"—";"233000";"75 70 78";"10000";"Участвует в конкурсе";"2305904";"—"
"1438";"21";"—";"233000";"72 76 75";"10000";"Участвует в конкурсе";"2313852";"—"
"1439";"4";"—";"233000";"70 80 73";"10000";"Участвует в конкурсе";"1859774";"—"
"1440";"10";"—";"233000";"67 86 70";"10000";"Участвует в конкурсе";"2178965";"—"
"1441";"3";"—";"233000";"67 84 72";"10000";"Участвует в конкурсе";"1988615";"—"
"1442";"3";"—";"233000";"67 78 78";"10000";"Участвует в конкурсе";"1669250";"—"
"1443";"6";"—";"233000";"67 78 78";"10000";"Участвует в конкурсе";"2229402";"—"
"1444";"2";"—";"233000";"62 78 83";"10000";"Участвует в конкурсе";"1686374";"—"
"1445";"23";"—";"232000";"88 74 70";"—";"Участвует в конкурсе";"1336504";"—"
"1446";"2";"—";"232000";"85 80 67";"—";"Участвует в конкурсе";"2003670";"—"
"1447";"8";"—";"232000";"85 78 69";"—";"Участвует в конкурсе";"1729459";"—"
"1448";"2";"—";"232000";"85 78 69";"—";"Участвует в конкурсе";"2388802";"—"
"1449";"2";"—";"232000";"85 74 73";"—";"Участвует в конкурсе";"2310435";"—"
"1450";"2";"—";"232000";"83 82 67";"—";"Участвует в конкурсе";"1500499";"—"
"1451";"3";"—";"232000";"83 82 67";"—";"Участвует в конкурсе";"1760909";"—"
"1452";"1";"—";"232000";"83 80 69";"—";"Участвует в конкурсе";"2165341";"—"
"1453";"6";"—";"232000";"83 74 75";"—";"Участвует в конкурсе";"1653908";"—"
"1454";"18";"—";"232000";"80 82 70";"—";"Участвует в конкурсе";"959761";"—"
"1455";"6";"—";"232000";"75 84 73";"—";"Участвует в конкурсе";"2335144";"—"
"1457";"3";"—";"232000";"72 82 78";"—";"Участвует в конкурсе";"1834157";"—"
"1458";"4";"—";"232000";"72 82 78";"—";"Участвует в конкурсе";"2130121";"—"
"1459";"3";"—";"232000";"80 80 69";"3000";"Участвует в конкурсе";"1285346";"—"
"1460";"14";"—";"232000";"80 80 69";"3000";"Участвует в конкурсе";"2258649";"—"
"1461";"10";"—";"232000";"80 80 69";"3000";"Участвует в конкурсе";"1763881";"—"
"1462";"6";"—";"232000";"80 76 73";"3000";"Участвует в конкурсе";"1962242";"—"
"1463";"4";"—";"232000";"80 74 75";"3000";"Участвует в конкурсе";"1329934";"—"
"1464";"1";"—";"232000";"72 76 81";"3000";"Участвует в конкурсе";"2271575";"—"
"1465";"5";"—";"232000";"67 76 86";"3000";"Участвует в конкурсе";"1198182";"—"
"1466";"9";"—";"232000";"85 84 58";"5000";"Участвует в конкурсе";"2180787";"—"
"1467";"5";"—";"232000";"75 80 72";"5000";"Участвует в конкурсе";"1723894";"—"
"1468";"5";"—";"232000";"72 80 75";"5000";"Участвует в конкурсе";"1710601";"—"
"1469";"3";"—";"232000";"80 74 70";"8000";"Участвует в конкурсе";"1105865";"—"
"1470";"7";"—";"232000";"80 78 64";"10000";"Участвует в конкурсе";"1487716";"—"
"1471";"2";"—";"232000";"78 80 64";"10000";"Участвует в конкурсе";"1838680";"—"
"1472";"6";"—";"232000";"75 78 69";"10000";"Участвует в конкурсе";"1291762";"—"
"1473";"8";"—";"232000";"75 72 75";"10000";"Участвует в конкурсе";"1645118";"—"
"1474";"4";"—";"232000";"72 80 70";"10000";"Участвует в конкурсе";"1651074";"—"
"1475";"1";"—";"232000";"72 72 78";"10000";"Участвует в конкурсе";"2044562";"—"
"1476";"18";"—";"232000";"70 88 64";"10000";"Участвует в конкурсе";"2335905";"—"
"1477";"4";"—";"232000";"70 74 78";"10000";"Участвует в конкурсе";"2205774";"—"
"1478";"4";"—";"232000";"64 80 78";"10000";"Участвует в конкурсе";"1816397";"—"
"1479";"7";"—";"232000";"56 80 86";"10000";"Участвует в конкурсе";"1353243";"—"
"1481";"6";"—";"231000";"85 74 72";"—";"Участвует в конкурсе";"1133262";"—"
"1482";"4";"—";"231000";"85 74 72";"—";"Участвует в конкурсе";"1187103";"—"
"1483";"13";"—";"231000";"83 84 64";"—";"Участвует в конкурсе";"2055980";"—"
"1484";"4";"—";"231000";"83 78 70";"—";"Участвует в конкурсе";"2251206";"—"
"1485";"3";"—";"231000";"83 76 72";"—";"Участвует в конкурсе";"1513628";"—"
"1486";"6";"—";"231000";"83 76 72";"—";"Участвует в конкурсе";"1654967";"—"
"1487";"5";"—";"231000";"80 82 69";"—";"Участвует в конкурсе";"2314812";"—"
"1488";"3";"—";"231000";"80 82 69";"—";"Участвует в конкурсе";"2209061";"—"
"1489";"4";"—";"231000";"78 84 69";"—";"Участвует в конкурсе";"2054535";"—"
"1490";"5";"—";"231000";"78 80 73";"—";"Участвует в конкурсе";"1210027";"—"
"1491";"2";"—";"231000";"78 80 73";"—";"Участвует в конкурсе";"2422017";"—"
"1492";"7";"—";"231000";"78 78 75";"—";"Участвует в конкурсе";"1326957";"—"
"1493";"3";"—";"231000";"78 72 81";"—";"Участвует в конкурсе";"1708813";"—"
"1494";"3";"—";"231000";"78 70 83";"—";"Участвует в конкурсе";"2268534";"—"
"1496";"6";"—";"231000";"75 78 78";"—";"Участвует в конкурсе";"1729299";"—"
"1497";"4";"—";"231000";"70 78 83";"—";"Участвует в конкурсе";"2265776";"—"
"1498";"17";"—";"231000";"67 78 86";"—";"Участвует в конкурсе";"2282843";"—"
"1499";"3";"—";"231000";"67 88 75";"1000";"Участвует в конкурсе";"1585794";"—"
"1500";"17";"—";"231000";"85 78 66";"2000";"Участвует в конкурсе";"1783649";"—"
"1501";"1";"—";"231000";"75 76 78";"2000";"Участвует в конкурсе";"1182468";"—"
"1502";"8";"—";"231000";"75 76 78";"2000";"Участвует в конкурсе";"1636009";"—"
"1503";"1";"—";"231000";"70 78 81";"2000";"Участвует в конкурсе";"2344637";"—"
"1504";"10";"—";"231000";"90 84 54";"3000";"Участвует в конкурсе";"1587310";"—"
"1505";"5";"—";"231000";"83 84 61";"3000";"Участвует в конкурсе";"1606870";"—"
"1506";"1";"—";"231000";"83 82 63";"3000";"Участвует в конкурсе";"1726658";"—"
"1507";"6";"—";"231000";"83 76 69";"3000";"Участвует в конкурсе";"2394073";"—"
"1508";"9";"—";"231000";"78 80 70";"3000";"Участвует в конкурсе";"1492136";"—"
"1509";"5";"—";"231000";"78 72 78";"3000";"Участвует в конкурсе";"1039054";"—"
"1512";"3";"—";"231000";"75 78 70";"8000";"Участвует в конкурсе";"1413062";"—"
"1513";"5";"—";"231000";"59 80 83";"9000";"Участвует в конкурсе";"2237544";"—"
"1514";"1";"—";"231000";"88 70 63";"10000";"Участвует в конкурсе";"1567681";"—"
"1515";"2";"—";"231000";"80 78 63";"10000";"Участвует в конкурсе";"1617987";"—"
"1516";"5";"—";"231000";"78 80 63";"10000";"Участвует в конкурсе";"1639302";"—"
"1517";"5";"—";"231000";"78 76 67";"10000";"Участвует в конкурсе";"1857462";"—"
"1519";"10";"—";"231000";"72 86 63";"10000";"Участвует в конкурсе";"2227804";"—"
"1520";"5";"—";"231000";"72 82 67";"10000";"Участвует в конкурсе";"1996478";"—"
"1521";"1";"—";"231000";"72 80 69";"10000";"Участвует в конкурсе";"2121098";"—"
"1522";"3";"—";"231000";"72 80 69";"10000";"Участвует в конкурсе";"1503617";"—"
"1523";"8";"—";"231000";"72 74 75";"10000";"Участвует в конкурсе";"1842249";"—"
"1524";"2";"—";"231000";"70 76 75";"10000";"Участвует в конкурсе";"1981865";"—"
"1525";"2";"—";"231000";"67 76 78";"10000";"Участвует в конкурсе";"2099968";"—"
"1526";"4";"—";"230000";"85 76 69";"—";"Участвует в конкурсе";"1641367";"—"
"1527";"1";"—";"230000";"83 78 69";"—";"Участвует в конкурсе";"1365894";"—"
"1529";"4";"—";"230000";"80 84 66";"—";"Участвует в конкурсе";"1353477";"—"
"1530";"8";"—";"230000";"80 80 70";"—";"Участвует в конкурсе";"1518584";"—"
"1531";"2";"—";"230000";"80 78 72";"—";"Участвует в конкурсе";"1914933";"—"
"1532";"4";"—";"230000";"78 80 72";"—";"Участвует в конкурсе";"1345118";"—"
"1533";"6";"—";"230000";"78 74 78";"—";"Участвует в конкурсе";"1626713";"—"
"1534";"13";"—";"230000";"75 88 67";"—";"Участвует в конкурсе";"1284140";"—"
"1535";"2";"—";"230000";"75 82 73";"—";"Участвует в конкурсе";"1965038";"—"
"1536";"9";"—";"230000";"75 74 81";"—";"Участвует в конкурсе";"1574014";"—"
"1537";"3";"—";"230000";"72 80 78";"—";"Участвует в конкурсе";"2138792";"—"
"1538";"6";"—";"230000";"70 82 78";"—";"Участвует в конкурсе";"1509939";"—"
"1539";"2";"—";"230000";"70 82 78";"—";"Участвует в конкурсе";"1499922";"—"
"1540";"4";"—";"230000";"64 88 78";"—";"Участвует в конкурсе";"1626599";"—"
"1541";"2";"—";"230000";"78 78 72";"2000";"Участвует в конкурсе";"2252925";"—"
"1542";"7";"—";"230000";"72 70 86";"2000";"Участвует в конкурсе";"1355771";"—"
"1543";"4";"—";"230000";"83 84 60";"3000";"Участвует в конкурсе";"1485834";"—"
"1545";"1";"—";"230000";"80 78 69";"3000";"Участвует в конкурсе";"1958178";"—"
"1546";"24";"—";"230000";"80 74 73";"3000";"Участвует в конкурсе";"1912315";"—"
"1547";"3";"—";"230000";"72 86 69";"3000";"Участвует в конкурсе";"2227892";"—"
"1548";"2";"—";"230000";"64 82 81";"3000";"Участвует в конкурсе";"1326927";"—"
"1549";"4";"—";"230000";"64 80 83";"3000";"Участвует в конкурсе";"1178303";"—"
"1550";"18";"—";"230000";"93 72 60";"5000";"Участвует в конкурсе";"2180082";"—"
"1551";"4";"—";"230000";"80 90 55";"5000";"Участвует в конкурсе";"1229708";"—"
"1552";"5";"—";"230000";"80 78 67";"5000";"Участвует в конкурсе";"1358041";"—"
"1553";"5";"—";"230000";"80 72 73";"5000";"Участвует в конкурсе";"2289744";"—"
"1554";"2";"—";"230000";"75 80 70";"5000";"Участвует в конкурсе";"2001893";"—"
"1555";"10";"—";"230000";"75 72 78";"5000";"Участвует в конкурсе";"1627484";"—"
"1556";"9";"—";"230000";"72 80 72";"6000";"Участвует в конкурсе";"1704755";"—"
"1558";"3";"—";"230000";"90 70 60";"10000";"Участвует в конкурсе";"2124684";"—"
"1559";"5";"—";"230000";"83 64 73";"10000";"Участвует в конкурсе";"1942479";"—"
"1560";"4";"—";"230000";"78 82 60";"10000";"Участвует в конкурсе";"2271868";"—"
"1561";"2";"—";"230000";"78 70 72";"10000";"Участвует в конкурсе";"1205475";"—"
"1562";"2";"—";"230000";"75 72 73";"10000";"Участвует в конкурсе";"1701929";"—"
"1563";"7";"—";"230000";"75 72 73";"10000";"Участвует в конкурсе";"1431582";"—"
"1564";"5";"—";"230000";"72 84 64";"10000";"Участвует в конкурсе";"1621803";"—"
"1565";"1";"Электронное";"230000";"72 70 78";"10000";"Участвует в конкурсе";"1330595";"—"
"1566";"1";"—";"230000";"67 80 73";"10000";"Участвует в конкурсе";"1768529";"—"
"1567";"2";"—";"229000";"88 72 69";"—";"Участвует в конкурсе";"2156113";"—"
"1568";"9";"—";"229000";"83 74 72";"—";"Участвует в конкурсе";"1245291";"—"
"1569";"4";"—";"229000";"80 86 63";"—";"Участвует в конкурсе";"1211132";"—"
"1570";"2";"—";"229000";"80 82 67";"—";"Участвует в конкурсе";"1275200";"—"
"1571";"9";"—";"229000";"80 80 69";"—";"Участвует в конкурсе";"1885014";"—"
"1572";"3";"—";"229000";"80 76 73";"—";"Участвует в конкурсе";"1791879";"—"
"1573";"2";"—";"229000";"80 76 73";"—";"Участвует в конкурсе";"1196304";"—"
"1574";"2";"—";"229000";"78 82 69";"—";"Участвует в конкурсе";"1965024";"—"
"1575";"3";"—";"229000";"78 78 73";"—";"Участвует в конкурсе";"1112429";"—"
"1576";"6";"—";"229000";"78 76 75";"—";"Участвует в конкурсе";"1420447";"—"
"1577";"4";"—";"229000";"75 82 72";"—";"Участвует в конкурсе";"1654237";"—"
"1578";"5";"—";"229000";"72 76 81";"—";"Участвует в конкурсе";"2250364";"—"
"1579";"1";"—";"229000";"70 86 73";"—";"Участвует в конкурсе";"1728880";"—"
"1580";"2";"—";"229000";"70 86 73";"—";"Участвует в конкурсе";"1387862";"—"
"1581";"7";"—";"229000";"70 84 75";"—";"Участвует в конкурсе";"1994726";"—"
"1582";"5";"—";"229000";"70 76 83";"—";"Участвует в конкурсе";"1981743";"—"
"1583";"1";"—";"229000";"70 76 83";"—";"Участвует в конкурсе";"1104357";"—"
"1584";"3";"—";"229000";"56 92 81";"—";"Участвует в конкурсе";"2098500";"—"
"1585";"5";"—";"229000";"78 74 75";"2000";"Участвует в конкурсе";"1912612";"—"
"1586";"2";"—";"229000";"80 74 72";"3000";"Участвует в конкурсе";"1442868";"—"
"1587";"5";"—";"229000";"78 78 70";"3000";"Участвует в конкурсе";"1584819";"—"
"1588";"5";"—";"229000";"78 76 72";"3000";"Участвует в конкурсе";"1792075";"—"
"1589";"7";"—";"229000";"78 76 72";"3000";"Участвует в конкурсе";"1939459";"—"
"1590";"4";"—";"229000";"75 82 69";"3000";"Участвует в конкурсе";"2215115";"—"
"1591";"7";"—";"229000";"75 76 75";"3000";"Участвует в конкурсе";"958755";"—"
"1592";"11";"—";"229000";"72 82 72";"3000";"Участвует в конкурсе";"2054810";"—"
"1593";"3";"—";"229000";"72 76 78";"3000";"Участвует в конкурсе";"1967303";"—"
"1594";"3";"—";"229000";"70 90 66";"3000";"Участвует в конкурсе";"1308872";"—"
"1595";"6";"—";"229000";"80 78 66";"5000";"Участвует в конкурсе";"1266493";"—"
"1596";"1";"—";"229000";"78 80 66";"5000";"Участвует в конкурсе";"1879073";"—"
"1597";"3";"—";"229000";"75 76 72";"6000";"Участвует в конкурсе";"1953322";"—"
"1599";"2";"—";"229000";"80 76 63";"10000";"Участвует в конкурсе";"1727424";"—"
"1600";"3";"—";"229000";"80 70 69";"10000";"Участвует в конкурсе";"1772035";"—"
"1601";"1";"—";"229000";"80 64 75";"10000";"Участвует в конкурсе";"2314772";"—"
"1602";"2";"Электронное";"229000";"72 80 67";"10000";"Участвует в конкурсе";"1287561";"—"
"1603";"5";"—";"229000";"72 74 73";"10000";"Участвует в конкурсе";"1798893";"—"
"1604";"3";"—";"229000";"70 80 69";"10000";"Участвует в конкурсе";"1263478";"—"
"1605";"1";"—";"229000";"70 80 69";"10000";"Участвует в конкурсе";"1727651";"—"
"1606";"1";"Электронное";"229000";"67 80 72";"10000";"Участвует в конкурсе";"2263973";"—"
"1607";"1";"—";"229000";"67 74 78";"10000";"Участвует в конкурсе";"1166861";"—"
"1608";"7";"—";"229000";"59 82 78";"10000";"Участвует в конкурсе";"1295023";"—"
"1609";"3";"—";"228000";"85 80 63";"—";"Участвует в конкурсе";"1721663";"—"
"1610";"5";"—";"228000";"85 74 69";"—";"Участвует в конкурсе";"2251087";"—"
"1612";"1";"—";"228000";"83 76 69";"—";"Участвует в конкурсе";"1654003";"—"
"1613";"3";"—";"228000";"80 82 66";"—";"Участвует в конкурсе";"1353474";"—"
"1614";"14";"—";"228000";"80 78 70";"—";"Участвует в конкурсе";"1650326";"—"
"1615";"3";"—";"228000";"78 86 64";"—";"Участвует в конкурсе";"1431631";"—"
"1616";"17";"—";"228000";"78 84 66";"—";"Участвует в конкурсе";"1651803";"—"
"1617";"2";"—";"228000";"78 72 78";"—";"Участвует в конкурсе";"1584069";"—"
"1618";"1";"—";"228000";"72 84 72";"—";"Участвует в конкурсе";"1280013";"—"
"1619";"4";"—";"228000";"72 78 78";"—";"Участвует в конкурсе";"1286153";"—"
"1620";"6";"—";"228000";"70 80 78";"—";"Участвует в конкурсе";"1811763";"—"
"1621";"2";"—";"228000";"75 88 63";"2000";"Участвует в конкурсе";"1018247";"—"
"1622";"1";"Электронное";"228000";"59 84 83";"2000";"Участвует в конкурсе";"2048108";"—"
"1623";"3";"—";"228000";"88 76 61";"3000";"Участвует в конкурсе";"1959985";"—"
"1624";"1";"—";"228000";"80 70 75";"3000";"Участвует в конкурсе";"2355428";"—"
"1625";"6";"—";"228000";"78 72 75";"3000";"Участвует в конкурсе";"1430613";"—"
"1626";"5";"—";"228000";"75 78 72";"3000";"Участвует в конкурсе";"1196478";"—"
"1627";"4";"—";"228000";"70 82 73";"3000";"Участвует в конкурсе";"1643891";"—"
"1628";"14";"—";"228000";"67 88 70";"3000";"Участвует в конкурсе";"2004238";"—"
"1629";"5";"—";"228000";"51 86 86";"5000";"Участвует в конкурсе";"2068606";"—"
"1631";"5";"—";"228000";"72 80 67";"9000";"Участвует в конкурсе";"1133255";"—"
"1632";"11";"—";"228000";"83 74 61";"10000";"Участвует в конкурсе";"2364446";"—"
"1633";"6";"—";"228000";"80 72 66";"10000";"Участвует в конкурсе";"1129565";"—"
"1634";"1";"Электронное";"228000";"80 52 86";"10000";"Участвует в конкурсе";"2222701";"—"
"1635";"1";"—";"228000";"70 78 70";"10000";"Участвует в конкурсе";"1962763";"—"
"1636";"16";"—";"228000";"70 78 70";"10000";"Участвует в конкурсе";"2004972";"—"
"1637";"17";"—";"228000";"70 78 70";"10000";"Участвует в конкурсе";"2270235";"—"
"1638";"12";"—";"228000";"67 78 73";"10000";"Участвует в конкурсе";"1513013";"—"
"1639";"1";"—";"227000";"83 78 66";"—";"Участвует в конкурсе";"1316391";"—"
"1640";"4";"—";"227000";"80 92 55";"—";"Участвует в конкурсе";"1473518";"—"
"1641";"1";"Электронное";"227000";"80 78 69";"—";"Участвует в конкурсе";"1852894";"—"
"1642";"5";"—";"227000";"80 72 75";"—";"Участвует в конкурсе";"1334712";"—"
"1643";"4";"—";"227000";"78 82 67";"—";"Участвует в конкурсе";"1701198";"—"
"1644";"4";"—";"227000";"78 80 69";"—";"Участвует в конкурсе";"1573576";"—"
"1646";"1";"—";"227000";"78 74 75";"—";"Участвует в конкурсе";"1988639";"—"
"1647";"19";"—";"227000";"78 74 75";"—";"Участвует в конкурсе";"994571";"—"
"1648";"1";"—";"227000";"75 92 60";"—";"Участвует в конкурсе";"1612683";"—"
"1649";"9";"—";"227000";"75 74 78";"—";"Участвует в конкурсе";"1441823";"—"
"1650";"5";"—";"227000";"72 86 69";"—";"Участвует в конкурсе";"1159006";"—"
"1651";"2";"—";"227000";"72 74 81";"—";"Участвует в конкурсе";"1399106";"—"
"1652";"4";"—";"227000";"72 74 81";"—";"Участвует в конкурсе";"1962604";"—"
"1653";"8";"—";"227000";"72 74 81";"—";"Участвует в конкурсе";"974501";"—"
"1654";"7";"—";"227000";"70 70 87";"—";"Участвует в конкурсе";"1899885";"—"
"1655";"5";"—";"227000";"90 74 60";"3000";"Участвует в конкурсе";"1952758";"—"
"1656";"2";"—";"227000";"80 80 64";"3000";"Участвует в конкурсе";"1732410";"—"
"1657";"5";"—";"227000";"80 80 64";"3000";"Участвует в конкурсе";"2181487";"—"
"1658";"6";"—";"227000";"80 78 66";"3000";"Участвует в конкурсе";"1428119";"—"
"1659";"1";"Электронное";"227000";"78 76 70";"3000";"Участвует в конкурсе";"1445396";"—"
"1660";"1";"Электронное";"227000";"78 74 72";"3000";"Участвует в конкурсе";"1599639";"—"
"1661";"12";"—";"227000";"75 76 73";"3000";"Участвует в конкурсе";"1881320";"—"
"1662";"1";"—";"227000";"78 74 70";"5000";"Участвует в конкурсе";"1587127";"—"
"1663";"2";"—";"227000";"70 80 72";"5000";"Участвует в конкурсе";"1209406";"—"
"1664";"14";"—";"227000";"75 78 66";"8000";"Участвует в конкурсе";"1491323";"—"
"1665";"19";"—";"227000";"80 76 61";"10000";"Участвует в конкурсе";"1435987";"—"
"1666";"6";"—";"227000";"78 78 61";"10000";"Участвует в конкурсе";"1988344";"—"
"1667";"4";"—";"227000";"78 76 63";"10000";"Участвует в конкурсе";"1975071";"—"
"1668";"1";"—";"227000";"78 70 69";"10000";"Участвует в конкурсе";"1130724";"—"
"1669";"7";"—";"227000";"72 78 67";"10000";"Участвует в конкурсе";"1515194";"—"
"1670";"4";"—";"227000";"70 78 69";"10000";"Участвует в конкурсе";"1755983";"—"
"1671";"2";"—";"227000";"64 72 81";"10000";"Участвует в конкурсе";"1652954";"—"
"1672";"5";"—";"226000";"85 74 67";"—";"Участвует в конкурсе";"1638106";"—"
"1673";"1";"—";"226000";"83 80 63";"—";"Участвует в конкурсе";"1323517";"—"
"1674";"5";"—";"226000";"80 74 72";"—";"Участвует в конкурсе";"1203631";"—"
"1675";"6";"—";"226000";"78 84 64";"—";"Участвует в конкурсе";"2037613";"—"
"1676";"6";"—";"226000";"78 82 66";"—";"Участвует в конкурсе";"1275063";"—"
"1677";"8";"—";"226000";"78 82 66";"—";"Участвует в конкурсе";"1647351";"—"
"1678";"3";"—";"226000";"78 78 70";"—";"Участвует в конкурсе";"1429955";"—"
"1679";"4";"—";"226000";"78 76 72";"—";"Участвует в конкурсе";"1599064";"—"
"1680";"7";"—";"226000";"75 82 69";"—";"Участвует в конкурсе";"1887491";"—"
"1681";"3";"—";"226000";"75 76 75";"—";"Участвует в конкурсе";"1292389";"—"
"1682";"5";"—";"226000";"72 76 78";"—";"Участвует в конкурсе";"2224822";"—"
"1683";"1";"—";"226000";"70 86 70";"—";"Участвует в конкурсе";"2099183";"—"
"1684";"4";"—";"226000";"54 78 94";"—";"Участвует в конкурсе";"1642270";"—"
"1685";"4";"—";"226000";"90 70 64";"2000";"Участвует в конкурсе";"1995306";"—"
"1686";"1";"Электронное";"226000";"72 82 70";"2000";"Участвует в конкурсе";"1963702";"—"
"1687";"2";"—";"226000";"85 86 52";"3000";"Участвует в конкурсе";"2204215";"—"
"1688";"4";"—";"226000";"83 80 60";"3000";"Участвует в конкурсе";"1764782";"—"
"1689";"3";"—";"226000";"83 74 66";"3000";"Участвует в конкурсе";"1330009";"—"
"1690";"1";"—";"226000";"78 76 69";"3000";"Участвует в конкурсе";"1602092";"—"
"1691";"3";"—";"226000";"75 76 72";"3000";"Участвует в конкурсе";"1288009";"—"
"1692";"2";"—";"226000";"67 86 70";"3000";"Участвует в конкурсе";"2327567";"—"
"1693";"7";"—";"226000";"62 86 75";"3000";"Участвует в конкурсе";"2368802";"—"
"1694";"6";"—";"226000";"75 76 70";"5000";"Участвует в конкурсе";"2175392";"—"
"1695";"4";"—";"226000";"85 76 55";"10000";"Участвует в конкурсе";"1178473";"—"
"1696";"10";"—";"226000";"75 74 67";"10000";"Участвует в конкурсе";"1288897";"—"
"1697";"6";"—";"226000";"72 80 64";"10000";"Участвует в конкурсе";"1558179";"—"
"1698";"7";"—";"226000";"72 80 64";"10000";"Участвует в конкурсе";"1358908";"—"
"1699";"9";"—";"226000";"70 82 64";"10000";"Участвует в конкурсе";"2099492";"—"
"1700";"3";"—";"226000";"67 74 75";"10000";"Участвует в конкурсе";"1882469";"—"
"1701";"2";"—";"226000";"67 74 75";"10000";"Участвует в конкурсе";"975206";"—"
"1702";"2";"—";"225000";"88 82 55";"—";"Участвует в конкурсе";"1180155";"—"
"1703";"2";"—";"225000";"85 82 58";"—";"Участвует в конкурсе";"1543960";"—"
"1704";"5";"—";"225000";"85 80 60";"—";"Участвует в конкурсе";"1195677";"—"
"1705";"2";"—";"225000";"83 78 64";"—";"Участвует в конкурсе";"1906546";"—"
"1706";"4";"—";"225000";"83 78 64";"—";"Участвует в конкурсе";"2412047";"—"
"1707";"1";"—";"225000";"83 76 66";"—";"Участвует в конкурсе";"1656829";"—"
"1708";"1";"Электронное";"225000";"80 76 69";"—";"Участвует в конкурсе";"1485752";"—"
"1709";"3";"—";"225000";"78 84 63";"—";"Участвует в конкурсе";"1133617";"—"
"1710";"8";"—";"225000";"78 80 67";"—";"Участвует в конкурсе";"2299655";"—"
"1711";"1";"—";"225000";"78 78 69";"—";"Участвует в конкурсе";"1412070";"—"
"1712";"3";"—";"225000";"78 74 73";"—";"Участвует в конкурсе";"1381441";"—"
"1713";"5";"—";"225000";"75 84 66";"—";"Участвует в конкурсе";"1401572";"—"
"1714";"7";"—";"225000";"75 80 70";"—";"Участвует в конкурсе";"2138864";"—"
"1715";"3";"—";"225000";"75 80 70";"—";"Участвует в конкурсе";"2218696";"—"
"1716";"6";"—";"225000";"75 72 78";"—";"Участвует в конкурсе";"1439662";"—"
"1717";"5";"—";"225000";"75 72 78";"—";"Участвует в конкурсе";"1400565";"—"
"1718";"2";"—";"225000";"72 80 73";"—";"Участвует в конкурсе";"1644336";"—"
"1719";"4";"—";"225000";"70 86 69";"—";"Участвует в конкурсе";"1516836";"—"
"1720";"6";"—";"225000";"70 82 73";"—";"Участвует в конкурсе";"1908939";"—"
"1721";"4";"—";"225000";"70 82 73";"—";"Участвует в конкурсе";"2267133";"—"
"1722";"9";"—";"225000";"70 74 81";"—";"Участвует в конкурсе";"1911074";"—"
"1723";"4";"—";"225000";"70 72 83";"—";"Участвует в конкурсе";"2141851";"—"
"1724";"6";"—";"225000";"67 86 72";"—";"Участвует в конкурсе";"2341846";"—"
"1725";"2";"—";"225000";"67 80 78";"—";"Участвует в конкурсе";"2201198";"—"
"1726";"9";"—";"225000";"67 72 86";"—";"Участвует в конкурсе";"1840531";"—"
"1727";"9";"—";"225000";"80 74 69";"2000";"Участвует в конкурсе";"1291393";"—"
"1728";"2";"—";"225000";"75 76 72";"2000";"Участвует в конкурсе";"1921451";"—"
"1729";"2";"—";"225000";"67 84 72";"2000";"Участвует в конкурсе";"1358398";"—"
"1730";"6";"—";"225000";"83 78 61";"3000";"Участвует в конкурсе";"2093140";"—"
"1731";"4";"—";"225000";"83 72 67";"3000";"Участвует в конкурсе";"1026423";"—"
"1732";"6";"—";"225000";"75 80 67";"3000";"Участвует в конкурсе";"1722129";"—"
"1733";"3";"—";"225000";"75 80 67";"3000";"Участвует в конкурсе";"1514431";"—"
"1734";"3";"—";"225000";"72 80 70";"3000";"Участвует в конкурсе";"1133160";"—"
"1735";"14";"—";"225000";"64 80 78";"3000";"Участвует в конкурсе";"1992916";"—"
"1736";"2";"—";"225000";"78 76 63";"8000";"Участвует в конкурсе";"2251102";"—"
"1737";"2";"—";"225000";"75 64 78";"8000";"Участвует в конкурсе";"1621764";"—"
"1738";"7";"—";"225000";"56 94 67";"8000";"Участвует в конкурсе";"1642129";"—"
"1739";"4";"—";"225000";"80 74 61";"10000";"Участвует в конкурсе";"1565640";"—"
"1740";"3";"—";"225000";"72 70 73";"10000";"Участвует в конкурсе";"2199393";"—"
"1741";"6";"—";"225000";"70 76 69";"10000";"Участвует в конкурсе";"1566649";"—"
"1742";"3";"—";"225000";"62 80 73";"10000";"Участвует в конкурсе";"2002700";"—"
"1743";"17";"—";"225000";"59 70 86";"10000";"Участвует в конкурсе";"1615479";"—"
"1744";"9";"—";"224000";"88 82 54";"—";"Участвует в конкурсе";"2129783";"—"
"1745";"2";"—";"224000";"88 76 60";"—";"Участвует в конкурсе";"1624936";"—"
"1746";"2";"—";"224000";"88 76 60";"—";"Участвует в конкурсе";"2343240";"—"
"1747";"3";"—";"224000";"85 76 63";"—";"Участвует в конкурсе";"1103046";"—"
"1748";"1";"—";"224000";"83 86 55";"—";"Участвует в конкурсе";"2414878";"—"
"1749";"1";"Электронное";"224000";"83 78 63";"—";"Участвует в конкурсе";"1704507";"—"
"1750";"4";"—";"224000";"80 82 62";"—";"Участвует в конкурсе";"1631664";"—"
"1751";"1";"—";"224000";"80 80 64";"—";"Участвует в конкурсе";"1798297";"—"
"1753";"4";"—";"224000";"80 78 66";"—";"Участвует в конкурсе";"1522210";"—"
"1754";"1";"—";"224000";"80 72 72";"—";"Участвует в конкурсе";"1191046";"—"
"1755";"4";"—";"224000";"80 72 72";"—";"Участвует в конкурсе";"1437991";"—"
"1756";"5";"—";"224000";"78 82 64";"—";"Участвует в конкурсе";"1122537";"—"
"1757";"4";"—";"224000";"78 76 70";"—";"Участвует в конкурсе";"1425611";"—"
"1758";"9";"—";"224000";"75 82 67";"—";"Участвует в конкурсе";"1363137";"—"
"1759";"6";"—";"224000";"75 82 67";"—";"Участвует в конкурсе";"1547316";"—"
"1760";"7";"—";"224000";"75 76 73";"—";"Участвует в конкурсе";"2261243";"—"
"1761";"3";"—";"224000";"75 74 75";"—";"Участвует в конкурсе";"1352693";"—"
"1762";"4";"—";"224000";"75 74 75";"—";"Участвует в конкурсе";"2413751";"—"
"1763";"5";"—";"224000";"72 74 78";"—";"Участвует в конкурсе";"1437924";"—"
"1764";"1";"—";"224000";"70 82 72";"—";"Участвует в конкурсе";"1641899";"—"
"1765";"3";"—";"224000";"70 76 78";"—";"Участвует в конкурсе";"1881620";"—"
"1766";"5";"—";"224000";"67 88 69";"—";"Участвует в конкурсе";"1200038";"—"
"1767";"9";"—";"224000";"67 84 73";"—";"Участвует в конкурсе";"2339551";"—"
"1768";"2";"—";"224000";"59 84 81";"—";"Участвует в конкурсе";"1194716";"—"
"1769";"9";"—";"224000";"78 80 64";"2000";"Участвует в конкурсе";"2050866";"—"
"1770";"4";"—";"224000";"78 78 66";"2000";"Участвует в конкурсе";"1420853";"—"
"1772";"6";"—";"224000";"83 78 60";"3000";"Участвует в конкурсе";"1618235";"—"
"1773";"13";"—";"224000";"83 72 66";"3000";"Участвует в конкурсе";"2002061";"—"
"1774";"1";"—";"224000";"78 74 69";"3000";"Участвует в конкурсе";"1514909";"—"
"1775";"5";"—";"224000";"78 74 69";"3000";"Участвует в конкурсе";"1964287";"—"
"1776";"2";"—";"224000";"75 86 60";"3000";"Участвует в конкурсе";"2273305";"—"
"1778";"7";"—";"224000";"70 70 81";"3000";"Участвует в конкурсе";"2158094";"—"
"1779";"8";"—";"224000";"62 76 83";"3000";"Участвует в конкурсе";"1908864";"—"
"1780";"2";"—";"224000";"80 74 66";"4000";"Участвует в конкурсе";"1854940";"—"
"1781";"8";"—";"224000";"67 80 70";"7000";"Участвует в конкурсе";"2329619";"—"
"1782";"11";"—";"224000";"62 86 69";"7000";"Участвует в конкурсе";"1793062";"—"
"1783";"10";"—";"224000";"78 74 64";"8000";"Участвует в конкурсе";"1614178";"—"
"1784";"3";"—";"224000";"75 72 67";"10000";"Участвует в конкурсе";"1558605";"—"
"1785";"1";"—";"224000";"75 72 67";"10000";"Участвует в конкурсе";"1797443";"—"
"1786";"8";"—";"224000";"72 78 64";"10000";"Участвует в конкурсе";"2255448";"—"
"1787";"1";"—";"224000";"72 72 70";"10000";"Участвует в конкурсе";"1541563";"—"
"1788";"1";"—";"224000";"64 80 70";"10000";"Участвует в конкурсе";"2391325";"—"
"1789";"5";"—";"224000";"59 72 83";"10000";"Участвует в конкурсе";"2332095";"—"
"1791";"10";"—";"223000";"83 76 64";"—";"Участвует в конкурсе";"2107533";"—"
"1792";"2";"—";"223000";"78 78 67";"—";"Участвует в конкурсе";"1337348";"—"
"1793";"2";"—";"223000";"78 76 69";"—";"Участвует в конкурсе";"1752275";"—"
"1796";"6";"—";"223000";"75 88 60";"—";"Участвует в конкурсе";"2133115";"—"
"1797";"2";"—";"223000";"75 78 70";"—";"Участвует в конкурсе";"1904386";"—"
"1798";"11";"—";"223000";"75 78 70";"—";"Участвует в конкурсе";"2309561";"—"
"1799";"6";"—";"223000";"75 76 72";"—";"Участвует в конкурсе";"1440273";"—"
"1800";"2";"—";"223000";"75 70 78";"—";"Участвует в конкурсе";"1545980";"—"
"1801";"1";"Электронное";"223000";"72 84 67";"—";"Участвует в конкурсе";"2212742";"—"
"1802";"1";"—";"223000";"72 78 73";"—";"Участвует в конкурсе";"1517809";"—"
"1803";"5";"—";"223000";"72 70 81";"—";"Участвует в конкурсе";"1383816";"—"
"1804";"7";"—";"223000";"70 78 75";"—";"Участвует в конкурсе";"2134593";"—"
"1805";"3";"—";"223000";"70 72 81";"—";"Участвует в конкурсе";"1956959";"—"
"1806";"13";"—";"223000";"62 70 91";"—";"Участвует в конкурсе";"1628547";"—"
"1807";"3";"—";"223000";"72 74 75";"2000";"Участвует в конкурсе";"2369121";"—"
"1808";"1";"Электронное";"223000";"85 72 63";"3000";"Участвует в конкурсе";"1279380";"—"
"1809";"4";"—";"223000";"80 76 64";"3000";"Участвует в конкурсе";"1387160";"—"
"1810";"5";"—";"223000";"78 72 70";"3000";"Участвует в конкурсе";"1984132";"—"
"1811";"4";"—";"223000";"75 78 67";"3000";"Участвует в конкурсе";"1356176";"—"
"1812";"2";"—";"223000";"72 82 66";"3000";"Участвует в конкурсе";"1787031";"—"
"1813";"1";"—";"223000";"72 82 66";"3000";"Участвует в конкурсе";"1916503";"—"
"1814";"5";"—";"223000";"70 78 72";"3000";"Участвует в конкурсе";"1199229";"—"
"1815";"4";"—";"223000";"75 74 69";"5000";"Участвует в конкурсе";"983245";"—"
"1816";"23";"—";"223000";"75 74 69";"5000";"Участвует в конкурсе";"2315057";"—"
"1817";"2";"—";"223000";"70 74 69";"10000";"Участвует в конкурсе";"1877879";"—"
"1818";"8";"—";"223000";"67 76 70";"10000";"Участвует в конкурсе";"1290117";"—"
"1819";"4";"—";"223000";"67 74 72";"10000";"Участвует в конкурсе";"2336650";"—"
"1820";"3";"—";"222000";"85 64 73";"—";"Участвует в конкурсе";"1259826";"—"
"1821";"10";"—";"222000";"83 78 61";"—";"Участвует в конкурсе";"1652309";"—"
"1822";"4";"—";"222000";"80 78 64";"—";"Участвует в конкурсе";"1347052";"—"
"1823";"1";"—";"222000";"80 76 66";"—";"Участвует в конкурсе";"2394603";"—"
"1824";"5";"—";"222000";"80 70 72";"—";"Участвует в конкурсе";"2092926";"—"
"1825";"4";"—";"222000";"78 80 64";"—";"Участвует в конкурсе";"2221736";"—"
"1826";"5";"—";"222000";"75 80 67";"—";"Участвует в конкурсе";"2034259";"—"
"1827";"3";"—";"222000";"75 78 69";"—";"Участвует в конкурсе";"1444251";"—"
"1828";"6";"—";"222000";"75 72 75";"—";"Участвует в конкурсе";"2172911";"—"
"1829";"2";"—";"222000";"75 64 83";"—";"Участвует в конкурсе";"1994043";"—"
"1830";"2";"—";"222000";"72 80 70";"—";"Участвует в конкурсе";"1504683";"—"
"1831";"3";"—";"222000";"72 72 78";"—";"Участвует в конкурсе";"1075759";"—"
"1832";"3";"—";"222000";"72 72 78";"—";"Участвует в конкурсе";"1283045";"—"
"1833";"11";"—";"222000";"70 80 72";"—";"Участвует в конкурсе";"1510264";"—"
"1834";"3";"—";"222000";"70 80 72";"—";"Участвует в конкурсе";"2416375";"—"
"1835";"3";"Электронное";"222000";"70 74 78";"—";"Участвует в конкурсе";"1029244";"—"
"1836";"12";"—";"222000";"70 74 78";"—";"Участвует в конкурсе";"1133922";"—"
"1837";"13";"—";"222000";"70 74 78";"—";"Участвует в конкурсе";"1957170";"—"
"1838";"2";"—";"222000";"70 74 78";"—";"Участвует в конкурсе";"2223819";"—"
"1839";"5";"—";"222000";"67 86 69";"—";"Участвует в конкурсе";"958573";"—"
"1840";"6";"—";"222000";"67 80 75";"—";"Участвует в конкурсе";"1624157";"—"
"1841";"15";"—";"222000";"67 74 81";"—";"Участвует в конкурсе";"1177036";"—"
"1842";"7";"—";"222000";"67 64 91";"—";"Участвует в конкурсе";"1195634";"—"
"1843";"7";"—";"222000";"75 78 67";"2000";"Участвует в конкурсе";"1353340";"—"
"1844";"4";"—";"222000";"83 70 66";"3000";"Участвует в конкурсе";"2321259";"—"
"1845";"8";"—";"222000";"78 78 63";"3000";"Участвует в конкурсе";"1912737";"—"
"1846";"1";"—";"222000";"78 74 67";"3000";"Участвует в конкурсе";"1787513";"—"
"1847";"5";"—";"222000";"75 74 70";"3000";"Участвует в конкурсе";"1292646";"—"
"1849";"9";"—";"222000";"70 80 69";"3000";"Участвует в конкурсе";"1683925";"—"
"1850";"4";"—";"222000";"59 74 86";"3000";"Участвует в конкурсе";"2228833";"—"
"1851";"13";"—";"222000";"88 64 60";"10000";"Участвует в конкурсе";"2344278";"—"
"1852";"2";"—";"222000";"75 64 73";"10000";"Участвует в конкурсе";"2213170";"—"
"1853";"2";"—";"222000";"72 80 60";"10000";"Участвует в конкурсе";"1557802";"—"
"1855";"1";"—";"222000";"70 76 66";"10000";"Участвует в конкурсе";"1853644";"—"
"1856";"5";"—";"222000";"70 70 72";"10000";"Участвует в конкурсе";"2244925";"—"
"1857";"8";"—";"222000";"62 90 60";"10000";"Участвует в конкурсе";"2243509";"—"
"1858";"2";"—";"222000";"56 84 72";"10000";"Участвует в конкурсе";"1431884";"—"
"1859";"4";"—";"221000";"88 82 51";"—";"Участвует в конкурсе";"1244800";"—"
"1860";"2";"—";"221000";"83 74 64";"—";"Участвует в конкурсе";"1340286";"—"
"1861";"4";"—";"221000";"83 72 66";"—";"Участвует в конкурсе";"1238663";"—"
"1862";"2";"—";"221000";"83 72 66";"—";"Участвует в конкурсе";"2421449";"—"
"1863";"2";"—";"221000";"80 74 67";"—";"Участвует в конкурсе";"1357284";"—"
"1864";"14";"—";"221000";"80 74 67";"—";"Участвует в конкурсе";"2314956";"—"
"1865";"2";"—";"221000";"78 80 63";"—";"Участвует в конкурсе";"1629127";"—"
"1866";"2";"—";"221000";"78 74 69";"—";"Участвует в конкурсе";"1202227";"—"
"1867";"22";"—";"221000";"75 80 66";"—";"Участвует в конкурсе";"1176243";"—"
"1868";"2";"—";"221000";"75 76 70";"—";"Участвует в конкурсе";"2159522";"—"
"1869";"2";"—";"221000";"72 80 69";"—";"Участвует в конкурсе";"1987385";"—"
"1870";"9";"—";"221000";"72 80 69";"—";"Участвует в конкурсе";"2333668";"—"
"1871";"1";"Электронное";"221000";"72 76 73";"—";"Участвует в конкурсе";"1388832";"—"
"1872";"2";"—";"221000";"72 76 73";"—";"Участвует в конкурсе";"1859051";"—"
"1873";"9";"—";"221000";"70 78 73";"—";"Участвует в конкурсе";"2042150";"—"
"1874";"5";"—";"221000";"70 72 79";"—";"Участвует в конкурсе";"2416290";"—"
"1875";"4";"—";"221000";"67 90 64";"—";"Участвует в конкурсе";"2246842";"—"
"1876";"4";"—";"221000";"67 82 72";"—";"Участвует в конкурсе";"1504159";"—"
"1877";"1";"—";"221000";"67 82 72";"—";"Участвует в конкурсе";"2338997";"—"
"1878";"13";"—";"221000";"64 88 69";"—";"Участвует в конкурсе";"1723255";"—"
"1879";"7";"—";"221000";"64 82 75";"—";"Участвует в конкурсе";"1782273";"—"
"1880";"1";"Электронное";"221000";"62 78 81";"—";"Участвует в конкурсе";"2091549";"—"
"1881";"15";"—";"221000";"56 82 83";"—";"Участвует в конкурсе";"2219298";"—"
"1882";"4";"—";"221000";"83 82 54";"2000";"Участвует в конкурсе";"1245660";"—"
"1883";"5";"—";"221000";"72 74 73";"2000";"Участвует в конкурсе";"2226183";"—"
"1884";"7";"—";"221000";"70 80 69";"2000";"Участвует в конкурсе";"2169292";"—"
"1885";"13";"—";"221000";"83 72 63";"3000";"Участвует в конкурсе";"2344169";"—"
"1886";"12";"—";"221000";"78 70 70";"3000";"Участвует в конкурсе";"1437085";"—"
"1887";"1";"—";"221000";"75 82 61";"3000";"Участвует в конкурсе";"1903823";"—"
"1888";"2";"—";"221000";"75 76 67";"3000";"Участвует в конкурсе";"1391938";"—"
"1889";"3";"—";"221000";"75 74 69";"3000";"Участвует в конкурсе";"1654938";"—"
"1890";"3";"—";"221000";"75 70 73";"3000";"Участвует в конкурсе";"2254400";"—"
"1891";"4";"—";"221000";"72 82 64";"3000";"Участвует в конкурсе";"1364885";"—"
"1892";"1";"—";"221000";"70 78 70";"3000";"Участвует в конкурсе";"1265762";"—"
"1893";"4";"—";"221000";"70 76 72";"3000";"Участвует в конкурсе";"1192543";"—"
"1894";"8";"—";"221000";"83 58 75";"5000";"Участвует в конкурсе";"2089927";"—"
"1895";"2";"—";"221000";"64 86 66";"5000";"Участвует в конкурсе";"2341565";"—"
"1896";"5";"—";"221000";"70 76 67";"8000";"Участвует в конкурсе";"1712466";"—"
"1897";"24";"—";"221000";"62 88 61";"10000";"Участвует в конкурсе";"2412738";"—"
"1898";"7";"—";"221000";"62 80 69";"10000";"Участвует в конкурсе";"2305430";"—"
"1899";"3";"—";"221000";"56 74 81";"10000";"Участвует в конкурсе";"969260";"—"
"1900";"17";"—";"221000";"56 74 81";"10000";"Участвует в конкурсе";"2185731";"—"
"1901";"4";"—";"220000";"83 64 73";"—";"Участвует в конкурсе";"1727024";"—"
"1902";"7";"—";"220000";"80 76 64";"—";"Участвует в конкурсе";"1579243";"—"
"1903";"7";"—";"220000";"78 72 70";"—";"Участвует в конкурсе";"1200724";"—"
"1904";"16";"—";"220000";"78 72 70";"—";"Участвует в конкурсе";"2215984";"—"
"1905";"5";"—";"220000";"75 78 67";"—";"Участвует в конкурсе";"1999726";"—"
"1906";"3";"—";"220000";"75 78 67";"—";"Участвует в конкурсе";"2224615";"—"
"1907";"2";"—";"220000";"75 76 69";"—";"Участвует в конкурсе";"2179289";"—"
"1908";"9";"—";"220000";"72 78 70";"—";"Участвует в конкурсе";"1522094";"—"
"1909";"5";"—";"220000";"72 76 72";"—";"Участвует в конкурсе";"1004161";"—"
"1910";"3";"—";"220000";"72 76 72";"—";"Участвует в конкурсе";"2305495";"—"
"1911";"9";"—";"220000";"70 78 72";"—";"Участвует в конкурсе";"1774145";"—"
"1912";"13";"—";"220000";"64 84 72";"—";"Участвует в конкурсе";"2406635";"—"
"1913";"2";"—";"220000";"51 72 97";"—";"Участвует в конкурсе";"2208983";"—"
"1914";"12";"—";"220000";"72 82 64";"2000";"Участвует в конкурсе";"1688274";"—"
"1915";"10";"—";"220000";"80 76 61";"3000";"Участвует в конкурсе";"1778848";"—"
"1916";"6";"—";"220000";"80 70 67";"3000";"Участвует в конкурсе";"1583987";"—"
"1917";"4";"—";"220000";"78 78 61";"3000";"Участвует в конкурсе";"1444327";"—"
"1918";"7";"—";"220000";"75 76 66";"3000";"Участвует в конкурсе";"1203255";"—"
"1919";"6";"—";"220000";"75 64 78";"3000";"Участвует в конкурсе";"1843886";"—"
"1920";"2";"—";"220000";"70 86 61";"3000";"Участвует в конкурсе";"2169669";"—"
"1921";"3";"—";"220000";"70 74 73";"3000";"Участвует в конкурсе";"2107745";"—"
"1922";"5";"—";"220000";"67 72 78";"3000";"Участвует в конкурсе";"1258295";"—"
"1923";"3";"—";"220000";"70 76 66";"8000";"Участвует в конкурсе";"1176406";"—"
"1924";"1";"—";"220000";"70 70 72";"8000";"Участвует в конкурсе";"2368653";"—"
"1925";"4";"—";"220000";"72 72 66";"10000";"Участвует в конкурсе";"2260390";"—"
"1926";"7";"—";"220000";"67 80 63";"10000";"Участвует в конкурсе";"2293805";"—"
"1927";"5";"—";"220000";"62 76 72";"10000";"Участвует в конкурсе";"2183038";"—"
"1928";"23";"—";"220000";"59 82 69";"10000";"Участвует в конкурсе";"2159885";"—"
"1929";"3";"—";"219000";"83 72 64";"—";"Участвует в конкурсе";"2174143";"—"
"1930";"6";"—";"219000";"80 82 57";"—";"Участвует в конкурсе";"1211392";"—"
"1931";"3";"—";"219000";"80 78 61";"—";"Участвует в конкурсе";"1433926";"—"
"1932";"2";"—";"219000";"80 78 61";"—";"Участвует в конкурсе";"1775435";"—"
"1933";"3";"—";"219000";"80 76 63";"—";"Участвует в конкурсе";"1727818";"—"
"1934";"2";"—";"219000";"80 76 63";"—";"Участвует в конкурсе";"2027839";"—"
"1935";"8";"—";"219000";"80 70 69";"—";"Участвует в конкурсе";"1600976";"—"
"1936";"4";"—";"219000";"80 70 69";"—";"Участвует в конкурсе";"2315437";"—"
"1937";"3";"—";"219000";"78 78 63";"—";"Участвует в конкурсе";"1725760";"—"
"1938";"1";"—";"219000";"78 78 63";"—";"Участвует в конкурсе";"1580579";"—"
"1939";"2";"—";"219000";"78 72 69";"—";"Участвует в конкурсе";"2050059";"—"
"1941";"1";"—";"219000";"72 78 69";"—";"Участвует в конкурсе";"1201110";"—"
"1942";"12";"—";"219000";"72 78 69";"—";"Участвует в конкурсе";"1350362";"—"
"1943";"1";"—";"219000";"72 78 69";"—";"Участвует в конкурсе";"1459246";"—"
"1944";"1";"—";"219000";"70 80 69";"—";"Участвует в конкурсе";"1851281";"—"
"1945";"4";"—";"219000";"67 88 64";"—";"Участвует в конкурсе";"2219503";"—"
"1946";"1";"—";"219000";"59 82 78";"—";"Участвует в конкурсе";"2173780";"—"
"1947";"3";"—";"219000";"54 76 89";"—";"Участвует в конкурсе";"2215060";"—"
"1948";"3";"—";"219000";"75 78 64";"2000";"Участвует в конкурсе";"1985629";"—"
"1949";"1";"—";"219000";"72 82 63";"2000";"Участвует в конкурсе";"2184554";"—"
"1950";"17";"—";"219000";"72 72 73";"2000";"Участвует в конкурсе";"2185929";"—"
"1951";"13";"—";"219000";"51 94 72";"2000";"Участвует в конкурсе";"1505175";"—"
"1952";"2";"—";"219000";"75 72 69";"3000";"Участвует в конкурсе";"1505493";"—"
"1953";"5";"—";"219000";"72 74 70";"3000";"Участвует в конкурсе";"1328811";"—"
"1954";"2";"—";"219000";"67 76 73";"3000";"Участвует в конкурсе";"2304382";"—"
"1955";"4";"—";"219000";"64 74 78";"3000";"Участвует в конкурсе";"2005065";"—"
"1956";"3";"—";"219000";"62 82 72";"3000";"Участвует в конкурсе";"2352623";"—"
"1957";"3";"—";"219000";"75 82 57";"5000";"Участвует в конкурсе";"1848656";"—"
"1958";"6";"—";"219000";"72 82 57";"8000";"Участвует в конкурсе";"1361541";"—"
"1959";"3";"—";"219000";"72 70 67";"10000";"Участвует в конкурсе";"1475832";"—"
"1960";"1";"—";"219000";"62 64 83";"10000";"Участвует в конкурсе";"1192028";"—"
"1961";"2";"—";"219000";"59 78 72";"10000";"Участвует в конкурсе";"1440797";"—"
"1964";"4";"—";"218000";"78 80 60";"—";"Участвует в конкурсе";"1610147";"—"
"1965";"1";"—";"218000";"75 76 67";"—";"Участвует в конкурсе";"1257476";"—"
"1966";"20";"—";"218000";"75 76 67";"—";"Участвует в конкурсе";"1644113";"—"
"1967";"8";"—";"218000";"75 76 67";"—";"Участвует в конкурсе";"2192880";"—"
"1968";"1";"—";"218000";"75 74 69";"—";"Участвует в конкурсе";"2271065";"—"
"1969";"5";"—";"218000";"72 80 66";"—";"Участвует в конкурсе";"1690627";"—"
"1971";"5";"—";"218000";"70 78 70";"—";"Участвует в конкурсе";"1939569";"—"
"1972";"21";"—";"218000";"70 70 78";"—";"Участвует в конкурсе";"2313514";"—"
"1973";"4";"—";"218000";"67 78 73";"—";"Участвует в конкурсе";"1988800";"—"
"1974";"11";"—";"218000";"80 82 54";"2000";"Участвует в конкурсе";"1202206";"—"
"1975";"3";"—";"218000";"70 82 64";"2000";"Участвует в конкурсе";"1364135";"—"
"1976";"2";"—";"218000";"85 78 52";"3000";"Участвует в конкурсе";"1176033";"—"
"1977";"2";"—";"218000";"80 78 57";"3000";"Участвует в конкурсе";"1389611";"—"
"1978";"1";"—";"218000";"75 74 66";"3000";"Участвует в конкурсе";"2253133";"—"
"1979";"5";"—";"218000";"67 84 64";"3000";"Участвует в конкурсе";"1860791";"—"
"1980";"15";"—";"218000";"62 74 78";"4000";"Участвует в конкурсе";"2364146";"—"
"1981";"1";"—";"218000";"85 58 70";"5000";"Участвует в конкурсе";"1281570";"—"
"1982";"12";"—";"218000";"67 76 70";"5000";"Участвует в конкурсе";"2135607";"—"
"1983";"4";"—";"218000";"78 70 63";"7000";"Участвует в конкурсе";"1555914";"—"
"1984";"3";"—";"218000";"62 76 70";"10000";"Участвует в конкурсе";"1787963";"—"
"1985";"4";"—";"218000";"51 82 75";"10000";"Участвует в конкурсе";"1176566";"—"
"1986";"1";"Электронное";"217000";"88 72 57";"—";"Участвует в конкурсе";"1496474";"—"
"1987";"2";"—";"217000";"83 76 58";"—";"Участвует в конкурсе";"2177384";"—"
"1988";"4";"—";"217000";"83 64 70";"—";"Участвует в конкурсе";"1773482";"—"
"1989";"5";"—";"217000";"80 80 57";"—";"Участвует в конкурсе";"2004129";"—"
"1990";"2";"—";"217000";"80 80 57";"—";"Участвует в конкурсе";"2343260";"—"
"1991";"18";"—";"217000";"80 76 61";"—";"Участвует в конкурсе";"1573051";"—"
"1992";"18";"—";"217000";"78 76 63";"—";"Участвует в конкурсе";"1911540";"—"
"1993";"2";"—";"217000";"78 70 69";"—";"Участвует в конкурсе";"1261486";"—"
"1994";"1";"Электронное";"217000";"78 70 69";"—";"Участвует в конкурсе";"2083793";"—"
"1995";"2";"—";"217000";"75 76 66";"—";"Участвует в конкурсе";"1387749";"—"
"1996";"4";"—";"217000";"75 76 66";"—";"Участвует в конкурсе";"1025904";"—"
"1997";"2";"—";"217000";"75 72 70";"—";"Участвует в конкурсе";"1650127";"—"
"1998";"5";"—";"217000";"72 78 67";"—";"Участвует в конкурсе";"1996601";"—"
"1999";"3";"—";"217000";"72 76 69";"—";"Участвует в конкурсе";"1000153";"—"
"2000";"20";"—";"217000";"72 72 73";"—";"Участвует в конкурсе";"1362584";"—"
"2001";"9";"—";"217000";"70 78 69";"—";"Участвует в конкурсе";"2180895";"—"
"2002";"1";"—";"217000";"70 78 69";"—";"Участвует в конкурсе";"2076675";"—"
"2003";"5";"—";"217000";"70 74 73";"—";"Участвует в конкурсе";"2102982";"—"
"2004";"2";"—";"217000";"70 72 75";"—";"Участвует в конкурсе";"2046710";"—"
"2005";"4";"—";"217000";"67 80 70";"—";"Участвует в конкурсе";"2143337";"—"
"2006";"14";"—";"217000";"64 84 69";"—";"Участвует в конкурсе";"2417550";"—"
"2007";"1";"—";"217000";"54 80 83";"—";"Участвует в конкурсе";"1278835";"—"
"2008";"4";"—";"217000";"83 74 58";"2000";"Участвует в конкурсе";"2097314";"—"
"2009";"3";"—";"217000";"78 76 61";"2000";"Участвует в конкурсе";"1214105";"—"
"2011";"2";"—";"217000";"78 74 63";"2000";"Участвует в конкурсе";"2339661";"—"
"2012";"2";"—";"217000";"70 86 58";"3000";"Участвует в конкурсе";"1279170";"—"
"2013";"12";"—";"217000";"70 84 60";"3000";"Участвует в конкурсе";"1385534";"—"
"2014";"10";"—";"217000";"62 86 66";"3000";"Участвует в конкурсе";"1366547";"—"
"2015";"2";"—";"217000";"72 74 61";"10000";"Участвует в конкурсе";"1816615";"—"
"2016";"2";"—";"217000";"62 70 75";"10000";"Участвует в конкурсе";"2414521";"—"
"2017";"1";"—";"217000";"59 76 72";"10000";"Участвует в конкурсе";"1616476";"—"
"2018";"2";"—";"217000";"51 78 78";"10000";"Участвует в конкурсе";"2003243";"—"
"2019";"2";"—";"216000";"83 72 61";"—";"Участвует в конкурсе";"1028584";"—"
"2020";"3";"Электронное";"216000";"78 78 60";"—";"Участвует в конкурсе";"1653297";"—"
"2021";"2";"—";"216000";"78 74 64";"—";"Участвует в конкурсе";"2253093";"—"
"2022";"2";"—";"216000";"78 74 64";"—";"Участвует в конкурсе";"1245111";"—"
"2023";"6";"—";"216000";"78 72 66";"—";"Участвует в конкурсе";"1261933";"—"
"2024";"3";"—";"216000";"75 80 61";"—";"Участвует в конкурсе";"1280213";"—"
"2025";"7";"—";"216000";"75 78 63";"—";"Участвует в конкурсе";"1577081";"—"
"2028";"5";"—";"216000";"72 78 66";"—";"Участвует в конкурсе";"2083756";"—"
"2029";"9";"—";"216000";"72 78 66";"—";"Участвует в конкурсе";"2243821";"—"
"2030";"3";"—";"216000";"70 82 64";"—";"Участвует в конкурсе";"1791758";"—"
"2031";"3";"—";"216000";"70 82 64";"—";"Участвует в конкурсе";"2384046";"—"
"2032";"3";"—";"216000";"70 76 70";"—";"Участвует в конкурсе";"1844154";"—"
"2033";"3";"—";"216000";"67 88 61";"—";"Участвует в конкурсе";"2290278";"—"
"2034";"9";"—";"216000";"67 82 67";"—";"Участвует в конкурсе";"1565871";"—"
"2035";"4";"—";"216000";"67 76 73";"—";"Участвует в конкурсе";"2228218";"—"
"2036";"1";"Электронное";"216000";"64 86 66";"—";"Участвует в конкурсе";"1627007";"—"
"2037";"7";"—";"216000";"64 80 72";"—";"Участвует в конкурсе";"2314248";"—"
"2038";"9";"—";"216000";"59 76 81";"—";"Участвует в конкурсе";"999910";"—"
"2039";"2";"—";"216000";"72 76 66";"2000";"Участвует в конкурсе";"2251380";"—"
"2040";"1";"—";"216000";"56 72 86";"2000";"Участвует в конкурсе";"1651725";"—"
"2041";"8";"—";"216000";"83 78 52";"3000";"Участвует в конкурсе";"1431012";"—"
"2042";"1";"—";"216000";"72 78 63";"3000";"Участвует в конкурсе";"1410994";"—"
"2043";"1";"—";"216000";"70 74 69";"3000";"Участвует в конкурсе";"1829318";"—"
"2044";"2";"—";"216000";"70 74 69";"3000";"Участвует в конкурсе";"1640709";"—"
"2045";"13";"—";"216000";"59 70 81";"6000";"Участвует в конкурсе";"1410514";"—"
"2046";"2";"—";"216000";"70 70 66";"10000";"Участвует в конкурсе";"1410355";"—"
"2047";"3";"—";"216000";"67 72 67";"10000";"Участвует в конкурсе";"1891662";"—"
"2048";"5";"—";"216000";"64 76 66";"10000";"Участвует в конкурсе";"1793131";"—"
"2049";"14";"—";"216000";"56 80 70";"10000";"Участвует в конкурсе";"2234833";"—"
"2050";"1";"—";"216000";"56 78 72";"10000";"Участвует в конкурсе";"1234285";"—"
"2051";"3";"—";"215000";"80 72 63";"—";"Участвует в конкурсе";"1501415";"—"
"2052";"1";"—";"215000";"80 72 63";"—";"Участвует в конкурсе";"1587083";"—"
"2053";"2";"—";"215000";"78 76 61";"—";"Участвует в конкурсе";"2229794";"—"
"2054";"14";"—";"215000";"78 76 61";"—";"Участвует в конкурсе";"2254352";"—"
"2055";"5";"—";"215000";"78 76 61";"—";"Участвует в конкурсе";"1186961";"—"
"2056";"4";"—";"215000";"78 76 61";"—";"Участвует в конкурсе";"1994570";"—"
"2057";"10";"—";"215000";"78 76 61";"—";"Участвует в конкурсе";"1584404";"—"
"2058";"5";"—";"215000";"75 74 66";"—";"Участвует в конкурсе";"1935259";"—"
"2059";"8";"—";"215000";"72 76 67";"—";"Участвует в конкурсе";"1726993";"—"
"2060";"3";"—";"215000";"72 74 69";"—";"Участвует в конкурсе";"1317375";"—"
"2061";"1";"—";"215000";"72 70 73";"—";"Участвует в конкурсе";"1215230";"—"
"2062";"1";"Электронное";"215000";"70 82 63";"—";"Участвует в конкурсе";"1406849";"—"
"2063";"6";"—";"215000";"70 76 69";"—";"Участвует в конкурсе";"1203248";"—"
"2064";"8";"—";"215000";"70 72 73";"—";"Участвует в конкурсе";"2393586";"—"
"2065";"1";"Электронное";"215000";"67 78 70";"—";"Участвует в конкурсе";"1606309";"—"
"2066";"8";"—";"215000";"67 78 70";"—";"Участвует в конкурсе";"1649272";"—"
"2067";"1";"—";"215000";"67 76 72";"—";"Участвует в конкурсе";"1261067";"—"
"2068";"8";"—";"215000";"67 70 78";"—";"Участвует в конкурсе";"2324003";"—"
"2069";"9";"—";"215000";"64 78 73";"—";"Участвует в конкурсе";"1245254";"—"
"2070";"1";"—";"215000";"62 78 75";"—";"Участвует в конкурсе";"2079039";"—"
"2072";"3";"—";"215000";"85 74 55";"1000";"Участвует в конкурсе";"1651730";"—"
"2073";"2";"—";"215000";"72 74 67";"2000";"Участвует в конкурсе";"1651089";"—"
"2074";"4";"—";"215000";"70 70 73";"2000";"Участвует в конкурсе";"1511481";"—"
"2075";"1";"—";"215000";"80 72 60";"3000";"Участвует в конкурсе";"1290398";"—"
"2076";"5";"—";"215000";"78 76 58";"3000";"Участвует в конкурсе";"973827";"—"
"2077";"2";"—";"215000";"75 76 61";"3000";"Участвует в конкурсе";"2037421";"—"
"2078";"2";"—";"215000";"75 70 67";"3000";"Участвует в конкурсе";"1488630";"—"
"2079";"5";"—";"215000";"70 72 70";"3000";"Участвует в конкурсе";"2305696";"—"
"2080";"4";"—";"215000";"67 78 67";"3000";"Участвует в конкурсе";"1200618";"—"
"2082";"4";"—";"215000";"72 72 63";"8000";"Участвует в конкурсе";"1389125";"—"
"2083";"1";"—";"215000";"70 72 63";"10000";"Участвует в конкурсе";"1206302";"—"
"2084";"3";"—";"215000";"64 74 67";"10000";"Участвует в конкурсе";"2178676";"—"
"2085";"7";"—";"215000";"59 74 72";"10000";"Участвует в конкурсе";"1780101";"—"
"2086";"4";"—";"215000";"54 70 81";"10000";"Участвует в конкурсе";"2225376";"—"
"2087";"26";"—";"215000";"51 76 78";"10000";"Участвует в конкурсе";"1200277";"—"
"2088";"2";"—";"214000";"83 58 73";"—";"Участвует в конкурсе";"1814911";"—"
"2089";"2";"—";"214000";"78 72 64";"—";"Участвует в конкурсе";"2007018";"—"
"2090";"11";"—";"214000";"78 72 64";"—";"Участвует в конкурсе";"2175411";"—"
"2091";"5";"—";"214000";"78 70 66";"—";"Участвует в конкурсе";"1605258";"—"
"2092";"5";"—";"214000";"78 70 66";"—";"Участвует в конкурсе";"2100258";"—"
"2093";"7";"—";"214000";"75 64 75";"—";"Участвует в конкурсе";"1751473";"—"
"2094";"1";"—";"214000";"72 76 66";"—";"Участвует в конкурсе";"1849517";"—"
"2095";"3";"—";"214000";"72 76 66";"—";"Участвует в конкурсе";"1955816";"—"
"2096";"1";"—";"214000";"72 70 72";"—";"Участвует в конкурсе";"1596116";"—"
"2097";"9";"—";"214000";"72 70 72";"—";"Участвует в конкурсе";"1375418";"—"
"2100";"5";"—";"214000";"70 74 70";"—";"Участвует в конкурсе";"1908165";"—"
"2101";"1";"—";"214000";"70 74 70";"—";"Участвует в конкурсе";"2315671";"—"
"2102";"2";"—";"214000";"70 72 72";"—";"Участвует в конкурсе";"1650189";"—"
"2103";"2";"—";"214000";"67 78 69";"—";"Участвует в конкурсе";"1175299";"—"
"2104";"5";"—";"214000";"67 74 73";"—";"Участвует в конкурсе";"1607325";"—"
"2105";"6";"—";"214000";"64 86 64";"—";"Участвует в конкурсе";"2075217";"—"
"2106";"1";"—";"214000";"62 82 70";"—";"Участвует в конкурсе";"962013";"—"
"2107";"4";"—";"214000";"62 72 78";"2000";"Участвует в конкурсе";"2287180";"—"
"2109";"9";"—";"214000";"78 82 51";"3000";"Участвует в конкурсе";"1777174";"—"
"2110";"2";"—";"214000";"78 72 61";"3000";"Участвует в конкурсе";"1964735";"—"
"2111";"5";"—";"214000";"72 78 61";"3000";"Участвует в конкурсе";"1367902";"—"
"2112";"4";"—";"214000";"72 70 69";"3000";"Участвует в конкурсе";"1256171";"—"
"2113";"10";"—";"214000";"72 70 69";"3000";"Участвует в конкурсе";"1348996";"—"
"2114";"1";"—";"214000";"70 72 69";"3000";"Участвует в конкурсе";"1282642";"—"
"2115";"3";"—";"214000";"67 74 70";"3000";"Участвует в конкурсе";"2214781";"—"
"2116";"7";"—";"214000";"64 78 69";"3000";"Участвует в конкурсе";"2313827";"—"
"2117";"11";"—";"214000";"64 74 73";"3000";"Участвует в конкурсе";"2032451";"—"
"2118";"2";"—";"214000";"62 74 75";"3000";"Участвует в конкурсе";"1412053";"—"
"2119";"18";"—";"214000";"59 74 78";"3000";"Участвует в конкурсе";"1959835";"—"
"2120";"1";"—";"214000";"70 74 64";"6000";"Участвует в конкурсе";"2139525";"—"
"2121";"2";"—";"214000";"75 72 57";"10000";"Участвует в конкурсе";"1951768";"—"
"2122";"3";"—";"214000";"72 72 60";"10000";"Участвует в конкурсе";"2114186";"—"
"2123";"6";"—";"214000";"70 74 60";"10000";"Участвует в конкурсе";"2250348";"—"
"2124";"13";"—";"214000";"67 70 67";"10000";"Участвует в конкурсе";"1042663";"—"
"2125";"2";"—";"214000";"64 74 66";"10000";"Участвует в конкурсе";"2021067";"—"
"2126";"2";"Электронное";"214000";"62 72 70";"10000";"Участвует в конкурсе";"1334614";"—"
"2127";"12";"—";"214000";"62 70 72";"10000";"Участвует в конкурсе";"1844334";"—"
"2128";"3";"—";"213000";"85 70 58";"—";"Участвует в конкурсе";"2042572";"—"
"2129";"1";"Электронное";"213000";"83 58 72";"—";"Участвует в конкурсе";"1640801";"—"
"2130";"2";"—";"213000";"80 78 55";"—";"Участвует в конкурсе";"1610217";"—"
"2131";"2";"—";"213000";"80 72 61";"—";"Участвует в конкурсе";"1550606";"—"
"2132";"7";"—";"213000";"80 70 63";"—";"Участвует в конкурсе";"1283633";"—"
"2133";"1";"—";"213000";"80 70 63";"—";"Участвует в конкурсе";"1607202";"—"
"2134";"18";"—";"213000";"78 72 63";"—";"Участвует в конкурсе";"1471085";"—"
"2135";"3";"—";"213000";"75 74 64";"—";"Участвует в конкурсе";"1191460";"—"
"2136";"5";"—";"213000";"75 74 64";"—";"Участвует в конкурсе";"1521725";"—"
"2137";"3";"—";"213000";"75 72 66";"—";"Участвует в конкурсе";"1498564";"—"
"2138";"1";"—";"213000";"72 74 67";"—";"Участвует в конкурсе";"1721155";"—"
"2139";"3";"—";"213000";"72 74 67";"—";"Участвует в конкурсе";"1354885";"—"
"2140";"5";"—";"213000";"72 72 69";"—";"Участвует в конкурсе";"2125708";"—"
"2141";"4";"—";"213000";"70 82 61";"—";"Участвует в конкурсе";"2178713";"—"
"2142";"7";"—";"213000";"64 82 67";"—";"Участвует в конкурсе";"2225018";"—"
"2143";"21";"—";"213000";"64 80 69";"—";"Участвует в конкурсе";"2181784";"—"
"2144";"2";"—";"213000";"62 70 81";"—";"Участвует в конкурсе";"1889710";"—"
"2145";"2";"—";"213000";"56 88 69";"—";"Участвует в конкурсе";"1730959";"—"
"2146";"6";"—";"213000";"56 76 81";"—";"Участвует в конкурсе";"2365621";"—"
"2147";"4";"—";"213000";"78 70 63";"2000";"Участвует в конкурсе";"998309";"—"
"2148";"4";"—";"213000";"62 74 75";"2000";"Участвует в конкурсе";"2365790";"—"
"2149";"9";"—";"213000";"72 78 60";"3000";"Участвует в конкурсе";"1781787";"—"
"2150";"4";"—";"213000";"72 74 64";"3000";"Участвует в конкурсе";"1165549";"—"
"2151";"20";"—";"213000";"70 82 58";"3000";"Участвует в конкурсе";"2367586";"—"
"2152";"3";"—";"213000";"70 80 60";"3000";"Участвует в конкурсе";"1703875";"—"
"2153";"8";"—";"213000";"67 76 67";"3000";"Участвует в конкурсе";"2135764";"—"
"2154";"2";"—";"213000";"67 70 73";"3000";"Участвует в конкурсе";"1181299";"—"
"2155";"3";"—";"213000";"67 70 73";"3000";"Участвует в конкурсе";"2254377";"—"
"2156";"6";"—";"213000";"62 78 70";"3000";"Участвует в конкурсе";"1722303";"—"
"2157";"3";"—";"213000";"75 78 55";"5000";"Участвует в конкурсе";"1307611";"—"
"2158";"3";"—";"213000";"72 76 60";"5000";"Участвует в конкурсе";"1197890";"—"
"2159";"3";"—";"213000";"64 78 66";"5000";"Участвует в конкурсе";"2228487";"—"
"2160";"19";"—";"213000";"54 82 72";"5000";"Участвует в конкурсе";"2221883";"—"
"2161";"13";"—";"213000";"78 76 51";"8000";"Участвует в конкурсе";"1201984";"—"
"2162";"2";"—";"213000";"75 72 58";"8000";"Участвует в конкурсе";"1798078";"—"
"2163";"3";"—";"213000";"80 72 51";"10000";"Участвует в конкурсе";"1254354";"—"
"2164";"7";"—";"213000";"72 70 61";"10000";"Участвует в конкурсе";"1386658";"—"
"2165";"7";"—";"213000";"72 64 67";"10000";"Участвует в конкурсе";"2177680";"—"
"2166";"1";"—";"213000";"67 72 64";"10000";"Участвует в конкурсе";"1493064";"—"
"2167";"7";"—";"213000";"67 72 64";"10000";"Участвует в конкурсе";"1595836";"—"
"2168";"1";"Электронное";"213000";"64 76 63";"10000";"Участвует в конкурсе";"1106143";"—"
"2169";"2";"—";"213000";"64 70 69";"10000";"Участвует в конкурсе";"1265775";"—"
"2170";"5";"—";"212000";"80 80 52";"—";"Участвует в конкурсе";"1280854";"—"
"2171";"2";"—";"212000";"78 74 60";"—";"Участвует в конкурсе";"1611831";"—"
"2172";"5";"—";"212000";"75 82 55";"—";"Участвует в конкурсе";"1255446";"—"
"2173";"2";"—";"212000";"75 70 67";"—";"Участвует в конкурсе";"2409957";"—"
"2174";"13";"—";"212000";"75 64 73";"—";"Участвует в конкурсе";"1794080";"—"
"2175";"4";"—";"212000";"72 82 58";"—";"Участвует в конкурсе";"1211133";"—"
"2176";"6";"—";"212000";"72 80 60";"—";"Участвует в конкурсе";"1511663";"—"
"2177";"1";"—";"212000";"72 80 60";"—";"Участвует в конкурсе";"2355690";"—"
"2178";"2";"—";"212000";"72 76 64";"—";"Участвует в конкурсе";"1263524";"—"
"2179";"1";"—";"212000";"72 74 66";"—";"Участвует в конкурсе";"1253032";"—"
"2180";"2";"—";"212000";"72 74 66";"—";"Участвует в конкурсе";"2339672";"—"
"2181";"7";"—";"212000";"72 70 70";"—";"Участвует в конкурсе";"1542584";"—"
"2182";"2";"—";"212000";"72 70 70";"—";"Участвует в конкурсе";"1720469";"—"
"2183";"5";"—";"212000";"72 70 70";"—";"Участвует в конкурсе";"2000037";"—"
"2184";"6";"—";"212000";"70 82 60";"—";"Участвует в конкурсе";"2268792";"—"
"2185";"2";"—";"212000";"70 78 64";"—";"Участвует в конкурсе";"2410266";"—"
"2186";"3";"—";"212000";"70 72 70";"—";"Участвует в конкурсе";"1799393";"—"
"2187";"2";"—";"212000";"67 78 67";"—";"Участвует в конкурсе";"1348499";"—"
"2188";"3";"—";"212000";"67 76 69";"—";"Участвует в конкурсе";"2255119";"—"
"2189";"3";"—";"212000";"67 72 73";"—";"Участвует в конкурсе";"2361914";"—"
"2190";"13";"—";"212000";"67 70 75";"—";"Участвует в конкурсе";"2045230";"—"
"2191";"2";"—";"212000";"64 78 70";"—";"Участвует в конкурсе";"1426183";"—"
"2192";"2";"Электронное";"212000";"64 76 72";"—";"Участвует в конкурсе";"1202325";"—"
"2193";"2";"—";"212000";"62 80 70";"—";"Участвует в конкурсе";"2083271";"—"
"2194";"1";"Электронное";"212000";"62 78 72";"—";"Участвует в конкурсе";"1544798";"—"
"2195";"4";"—";"212000";"83 72 55";"2000";"Участвует в конкурсе";"1606333";"—"
"2196";"4";"—";"212000";"64 74 72";"2000";"Участвует в конкурсе";"1616940";"—"
"2197";"1";"Электронное";"212000";"78 70 61";"3000";"Участвует в конкурсе";"1981443";"—"
"2198";"5";"—";"212000";"78 70 61";"3000";"Участвует в конкурсе";"1898641";"—"
"2199";"5";"—";"212000";"75 74 60";"3000";"Участвует в конкурсе";"1847051";"—"
"2200";"3";"—";"212000";"70 76 63";"3000";"Участвует в конкурсе";"1904100";"—"
"2201";"10";"—";"212000";"70 76 63";"3000";"Участвует в конкурсе";"1978901";"—"
"2202";"3";"—";"212000";"70 76 63";"3000";"Участвует в конкурсе";"2113319";"—"
"2203";"5";"—";"212000";"70 72 67";"3000";"Участвует в конкурсе";"2087647";"—"
"2204";"2";"—";"212000";"70 72 67";"3000";"Участвует в конкурсе";"2220833";"—"
"2205";"13";"—";"212000";"70 70 69";"3000";"Участвует в конкурсе";"2215359";"—"
"2206";"2";"—";"212000";"67 78 64";"3000";"Участвует в конкурсе";"2308909";"—"
"2207";"3";"—";"212000";"67 70 72";"3000";"Участвует в конкурсе";"1855899";"—"
"2208";"1";"Электронное";"212000";"64 76 69";"3000";"Участвует в конкурсе";"1539857";"—"
"2209";"7";"—";"212000";"64 70 75";"3000";"Участвует в конкурсе";"987033";"—"
"2210";"11";"—";"212000";"62 80 67";"3000";"Участвует в конкурсе";"1137330";"—"
"2211";"10";"—";"212000";"70 74 63";"5000";"Участвует в конкурсе";"1993399";"—"
"2212";"4";"—";"212000";"70 70 67";"5000";"Участвует в конкурсе";"1582695";"—"
"2213";"2";"—";"212000";"72 78 55";"7000";"Участвует в конкурсе";"1774193";"—"
"2215";"2";"—";"212000";"70 72 60";"10000";"Участвует в конкурсе";"1105149";"—"
"2216";"3";"—";"212000";"64 84 54";"10000";"Участвует в конкурсе";"2323832";"—"
"2217";"3";"—";"212000";"62 74 66";"10000";"Участвует в конкурсе";"1902200";"—"
"2218";"8";"—";"211000";"85 72 54";"—";"Участвует в конкурсе";"1931024";"—"
"2219";"5";"—";"211000";"83 58 70";"—";"Участвует в конкурсе";"1099787";"—"
"2220";"3";"—";"211000";"80 74 57";"—";"Участвует в конкурсе";"1388268";"—"
"2221";"3";"—";"211000";"80 64 67";"—";"Участвует в конкурсе";"2174141";"—"
"2222";"7";"—";"211000";"80 58 73";"—";"Участвует в конкурсе";"955392";"—"
"2223";"2";"—";"211000";"80 58 73";"—";"Участвует в конкурсе";"1800695";"—"
"2224";"2";"—";"211000";"78 82 51";"—";"Участвует в конкурсе";"1294092";"—"
"2225";"6";"—";"211000";"78 78 55";"—";"Участвует в конкурсе";"1650848";"—"
"2226";"19";"—";"211000";"78 72 61";"—";"Участвует в конкурсе";"1857107";"—"
"2227";"3";"—";"211000";"75 64 72";"—";"Участвует в конкурсе";"1434771";"—"
"2228";"5";"—";"211000";"72 76 63";"—";"Участвует в конкурсе";"1191733";"—"
"2229";"5";"—";"211000";"72 76 63";"—";"Участвует в конкурсе";"1549176";"—"
"2230";"2";"—";"211000";"72 70 69";"—";"Участвует в конкурсе";"1571656";"—"
"2231";"4";"—";"211000";"70 72 69";"—";"Участвует в конкурсе";"1642544";"—"
"2232";"1";"Электронное";"211000";"70 72 69";"—";"Участвует в конкурсе";"1654088";"—"
"2233";"7";"—";"211000";"70 72 69";"—";"Участвует в конкурсе";"2405816";"—"
"2234";"14";"—";"211000";"67 84 60";"—";"Участвует в конкурсе";"1876305";"—"
"2235";"3";"—";"211000";"67 80 64";"—";"Участвует в конкурсе";"2211257";"—"
"2236";"1";"Электронное";"211000";"67 80 64";"—";"Участвует в конкурсе";"1550416";"—"
"2237";"3";"—";"211000";"67 78 66";"—";"Участвует в конкурсе";"1434681";"—"
"2238";"8";"—";"211000";"62 82 67";"—";"Участвует в конкурсе";"2416693";"—"
"2239";"9";"—";"211000";"56 88 67";"—";"Участвует в конкурсе";"2338985";"—"
"2242";"2";"—";"211000";"78 74 57";"2000";"Участвует в конкурсе";"2082716";"—"
"2243";"4";"—";"211000";"78 78 52";"3000";"Участвует в конкурсе";"1199914";"—"
"2244";"3";"—";"211000";"75 70 63";"3000";"Участвует в конкурсе";"1107137";"—"
"2245";"3";"—";"211000";"75 70 63";"3000";"Участвует в конкурсе";"1616859";"—"
"2246";"13";"—";"211000";"70 72 66";"3000";"Участвует в конкурсе";"2240335";"—"
"2247";"1";"—";"211000";"67 74 67";"3000";"Участвует в конкурсе";"2372378";"—"
"2248";"6";"—";"211000";"78 70 58";"5000";"Участвует в конкурсе";"2142551";"—"
"2249";"2";"—";"211000";"72 76 58";"5000";"Участвует в конкурсе";"1678558";"—"
"2250";"9";"—";"211000";"72 76 58";"5000";"Участвует в конкурсе";"2217395";"—"
"2251";"1";"—";"211000";"75 74 54";"8000";"Участвует в конкурсе";"1613936";"—"
"2252";"1";"—";"211000";"72 64 67";"8000";"Участвует в конкурсе";"1212701";"—"
"2253";"4";"—";"211000";"67 64 70";"10000";"Участвует в конкурсе";"2339649";"—"
"2254";"3";"—";"211000";"56 78 67";"10000";"Участвует в конкурсе";"999193";"—"
"2255";"4";"—";"210000";"83 70 57";"—";"Участвует в конкурсе";"1334540";"—"
"2256";"4";"—";"210000";"80 72 58";"—";"Участвует в конкурсе";"1315953";"—"
"2257";"2";"—";"210000";"80 70 60";"—";"Участвует в конкурсе";"2208741";"—"
"2258";"2";"—";"210000";"78 84 48";"—";"Выбыл из конкурса";"1746951";"—"
"2259";"2";"—";"210000";"78 78 54";"—";"Участвует в конкурсе";"2338494";"—"
"2260";"5";"—";"210000";"78 78 54";"—";"Участвует в конкурсе";"1693052";"—"
"2261";"6";"—";"210000";"78 74 58";"—";"Участвует в конкурсе";"1792960";"—"
"2262";"7";"—";"210000";"78 74 58";"—";"Участвует в конкурсе";"1963210";"—"
"2264";"1";"—";"210000";"78 72 60";"—";"Участвует в конкурсе";"1274742";"—"
"2265";"3";"—";"210000";"75 72 63";"—";"Участвует в конкурсе";"2260609";"—"
"2266";"1";"—";"210000";"75 72 63";"—";"Участвует в конкурсе";"1763377";"—"
"2267";"2";"—";"210000";"75 66 69";"—";"Участвует в конкурсе";"2415891";"—"
"2268";"2";"—";"210000";"70 76 64";"—";"Участвует в конкурсе";"2229805";"—"
"2269";"5";"—";"210000";"70 74 66";"—";"Участвует в конкурсе";"1239266";"—"
"2270";"5";"—";"210000";"70 74 66";"—";"Участвует в конкурсе";"1987178";"—"
"2271";"4";"—";"210000";"67 76 67";"—";"Участвует в конкурсе";"1290673";"—"
"2272";"5";"—";"210000";"67 70 73";"—";"Участвует в конкурсе";"1428231";"—"
"2273";"7";"—";"210000";"64 82 64";"—";"Участвует в конкурсе";"1284736";"—"
"2274";"2";"—";"210000";"64 76 70";"—";"Участвует в конкурсе";"2261114";"—"
"2275";"4";"—";"210000";"64 74 72";"—";"Участвует в конкурсе";"1832897";"—"
"2276";"8";"—";"210000";"62 78 70";"—";"Участвует в конкурсе";"2070430";"—"
"2277";"2";"—";"210000";"59 76 75";"—";"Участвует в конкурсе";"2152139";"—"
"2278";"5";"—";"210000";"70 72 66";"2000";"Участвует в конкурсе";"1211282";"—"
"2279";"2";"—";"210000";"80 70 57";"3000";"Участвует в конкурсе";"2217985";"—"
"2280";"1";"—";"210000";"80 64 63";"3000";"Участвует в конкурсе";"2056574";"—"
"2281";"10";"—";"210000";"78 78 51";"3000";"Участвует в конкурсе";"2027616";"—"
"2282";"1";"—";"210000";"78 74 55";"3000";"Участвует в конкурсе";"1324789";"—"
"2283";"15";"—";"210000";"70 76 61";"3000";"Участвует в конкурсе";"2243392";"—"
"2285";"8";"—";"210000";"62 82 63";"3000";"Участвует в конкурсе";"1516713";"—"
"2286";"4";"—";"210000";"70 76 57";"7000";"Участвует в конкурсе";"1515602";"—"
"2287";"1";"—";"210000";"64 74 64";"8000";"Участвует в конкурсе";"1725240";"—"
"2288";"3";"—";"210000";"64 72 66";"8000";"Участвует в конкурсе";"1180277";"—"
"2289";"19";"—";"210000";"59 72 69";"10000";"Участвует в конкурсе";"1875314";"—"
"2290";"11";"—";"210000";"43 88 69";"10000";"Выбыл из конкурса";"1853641";"—"
"2291";"1";"Электронное";"209000";"78 76 55";"—";"Участвует в конкурсе";"1561831";"—"
"2292";"3";"—";"209000";"75 74 60";"—";"Участвует в конкурсе";"2225501";"—"
"2293";"4";"—";"209000";"75 70 64";"—";"Участвует в конкурсе";"1623508";"—"
"2294";"3";"—";"209000";"75 64 70";"—";"Участвует в конкурсе";"2295075";"—"
"2295";"2";"—";"209000";"72 76 61";"—";"Участвует в конкурсе";"1329037";"—"
"2296";"5";"—";"209000";"72 74 63";"—";"Участвует в конкурсе";"1178430";"—"
"2297";"1";"—";"209000";"72 70 67";"—";"Участвует в конкурсе";"2131845";"—"
"2298";"3";"—";"209000";"70 82 57";"—";"Участвует в конкурсе";"1383521";"—"
"2299";"1";"—";"209000";"70 82 57";"—";"Участвует в конкурсе";"1975008";"—"
"2300";"1";"Электронное";"209000";"70 76 63";"—";"Участвует в конкурсе";"1584486";"—"
"2301";"13";"—";"209000";"70 72 67";"—";"Участвует в конкурсе";"1772945";"—"
"2302";"19";"—";"209000";"70 70 69";"—";"Участвует в конкурсе";"2158139";"—"
"2303";"3";"—";"209000";"67 78 64";"—";"Участвует в конкурсе";"1406229";"—"
"2304";"3";"—";"209000";"67 78 64";"—";"Участвует в конкурсе";"2099137";"—"
"2305";"5";"—";"209000";"67 76 66";"—";"Участвует в конкурсе";"1181032";"—"
"2306";"6";"—";"209000";"67 76 66";"—";"Участвует в конкурсе";"1618291";"—"
"2307";"11";"—";"209000";"67 76 66";"—";"Участвует в конкурсе";"2373616";"—"
"2308";"1";"—";"209000";"64 78 67";"—";"Участвует в конкурсе";"2211185";"—"
"2309";"2";"—";"209000";"64 64 81";"—";"Участвует в конкурсе";"1729803";"—"
"2310";"2";"—";"209000";"62 72 75";"—";"Участвует в конкурсе";"831080";"—"
"2311";"1";"—";"209000";"59 72 78";"—";"Участвует в конкурсе";"1619751";"—"
"2312";"1";"Электронное";"209000";"54 86 69";"—";"Участвует в конкурсе";"2171198";"—"
"2313";"2";"—";"209000";"51 80 78";"—";"Участвует в конкурсе";"1670281";"—"
"2314";"4";"—";"209000";"72 58 77";"2000";"Участвует в конкурсе";"1647636";"—"
"2315";"2";"—";"209000";"70 78 58";"3000";"Участвует в конкурсе";"2143447";"—"
"2316";"4";"—";"209000";"70 70 66";"3000";"Участвует в конкурсе";"1251628";"—"
"2317";"2";"—";"209000";"67 72 67";"3000";"Участвует в конкурсе";"1506907";"—"
"2318";"7";"—";"209000";"67 70 69";"3000";"Участвует в конкурсе";"1570585";"—"
"2319";"7";"—";"209000";"67 70 69";"3000";"Участвует в конкурсе";"2006539";"—"
"2320";"18";"—";"209000";"62 80 64";"3000";"Участвует в конкурсе";"1509601";"—"
"2321";"4";"—";"209000";"62 72 72";"3000";"Участвует в конкурсе";"1052809";"—"
"2322";"4";"—";"209000";"59 78 69";"3000";"Участвует в конкурсе";"1509516";"—"
"2323";"3";"—";"209000";"72 78 54";"5000";"Участвует в конкурсе";"2222366";"—"
"2324";"2";"—";"209000";"59 88 57";"5000";"Участвует в конкурсе";"1128951";"—"
"2325";"4";"—";"209000";"56 78 70";"5000";"Участвует в конкурсе";"1939547";"—"
"2326";"12";"—";"209000";"75 72 55";"7000";"Участвует в конкурсе";"2161333";"—"
"2327";"3";"—";"209000";"59 70 73";"7000";"Участвует в конкурсе";"2267040";"—"
"2328";"1";"—";"209000";"54 74 73";"8000";"Участвует в конкурсе";"2335289";"—"
"2329";"6";"—";"209000";"72 52 75";"10000";"Участвует в конкурсе";"2246395";"—"
"2330";"8";"—";"209000";"56 70 73";"10000";"Участвует в конкурсе";"1004695";"—"
"2331";"3";"—";"209000";"51 70 78";"10000";"Участвует в конкурсе";"1858833";"—"
"2332";"10";"—";"208000";"83 70 55";"—";"Участвует в конкурсе";"1563293";"—"
"2333";"13";"—";"208000";"80 70 58";"—";"Участвует в конкурсе";"2341323";"—"
"2334";"8";"—";"208000";"80 70 58";"—";"Участвует в конкурсе";"2161213";"—"
"2335";"2";"—";"208000";"80 64 64";"—";"Участвует в конкурсе";"2099353";"—"
"2336";"5";"—";"208000";"78 72 58";"—";"Участвует в конкурсе";"2246276";"—"
"2337";"1";"—";"208000";"72 76 60";"—";"Участвует в конкурсе";"2306149";"—"
"2338";"3";"—";"208000";"72 76 60";"—";"Участвует в конкурсе";"2386448";"—"
"2339";"6";"—";"208000";"72 72 64";"—";"Участвует в конкурсе";"1723514";"—"
"2340";"1";"—";"208000";"72 70 66";"—";"Участвует в конкурсе";"1901444";"—"
"2341";"9";"—";"208000";"72 70 66";"—";"Участвует в конкурсе";"1684000";"—"
"2342";"1";"—";"208000";"72 64 72";"—";"Участвует в конкурсе";"2304607";"—"
"2343";"1";"—";"208000";"72 64 72";"—";"Участвует в конкурсе";"1841157";"—"
"2344";"7";"—";"208000";"70 78 60";"—";"Участвует в конкурсе";"1757589";"—"
"2345";"7";"—";"208000";"70 72 66";"—";"Участвует в конкурсе";"1205032";"—"
"2346";"2";"—";"208000";"70 72 66";"—";"Участвует в конкурсе";"1845966";"—"
"2347";"13";"—";"208000";"67 78 63";"—";"Участвует в конкурсе";"1945580";"—"
"2348";"5";"—";"208000";"67 74 67";"—";"Участвует в конкурсе";"1406156";"—"
"2349";"21";"—";"208000";"67 74 67";"—";"Участвует в конкурсе";"2251615";"—"
"2351";"2";"—";"208000";"64 78 66";"—";"Участвует в конкурсе";"2252336";"—"
"2354";"1";"Электронное";"208000";"56 74 78";"—";"Участвует в конкурсе";"1203329";"—"
"2355";"9";"—";"208000";"46 76 86";"—";"Выбыл из конкурса";"1188824";"—"
"2356";"1";"Электронное";"208000";"62 72 72";"2000";"Участвует в конкурсе";"2290957";"—"
"2357";"10";"—";"208000";"78 72 55";"3000";"Участвует в конкурсе";"2177363";"—"
"2358";"13";"—";"208000";"75 70 60";"3000";"Участвует в конкурсе";"1849439";"—"
"2359";"4";"—";"208000";"67 72 66";"3000";"Участвует в конкурсе";"2142700";"—"
"2360";"4";"—";"208000";"62 74 69";"3000";"Участвует в конкурсе";"1843132";"—"
"2361";"2";"—";"208000";"62 74 69";"3000";"Участвует в конкурсе";"1983465";"—"
"2362";"1";"—";"208000";"56 76 73";"3000";"Участвует в конкурсе";"2270520";"—"
"2363";"19";"—";"208000";"54 88 63";"3000";"Участвует в конкурсе";"1941429";"—"
"2364";"9";"—";"208000";"54 70 81";"3000";"Участвует в конкурсе";"1944462";"—"
"2365";"4";"—";"208000";"67 72 64";"5000";"Участвует в конкурсе";"1179624";"—"
"2366";"5";"—";"208000";"67 72 64";"5000";"Участвует в конкурсе";"1446034";"—"
"2367";"5";"—";"208000";"67 58 73";"10000";"Участвует в конкурсе";"1624561";"—"
"2368";"7";"—";"208000";"51 78 69";"10000";"Участвует в конкурсе";"1078155";"—"
"2370";"2";"—";"207000";"80 72 55";"—";"Участвует в конкурсе";"1424780";"—"
"2371";"1";"—";"207000";"80 70 57";"—";"Участвует в конкурсе";"2031845";"—"
"2372";"1";"—";"207000";"80 64 63";"—";"Участвует в конкурсе";"1335764";"—"
"2373";"3";"—";"207000";"78 72 57";"—";"Участвует в конкурсе";"2272758";"—"
"2374";"4";"—";"207000";"75 72 60";"—";"Участвует в конкурсе";"1154624";"—"
"2375";"2";"—";"207000";"75 72 60";"—";"Участвует в конкурсе";"2392397";"—"
"2376";"1";"—";"207000";"72 78 57";"—";"Участвует в конкурсе";"2424853";"—"
"2377";"8";"—";"207000";"72 74 61";"—";"Участвует в конкурсе";"2140369";"—"
"2378";"1";"—";"207000";"72 72 63";"—";"Участвует в конкурсе";"1359316";"—"
"2379";"10";"—";"207000";"72 72 63";"—";"Участвует в конкурсе";"2394502";"—"
"2380";"6";"—";"207000";"70 76 61";"—";"Участвует в конкурсе";"1636456";"—"
"2381";"4";"—";"207000";"70 76 61";"—";"Участвует в конкурсе";"1962304";"—"
"2382";"5";"—";"207000";"70 76 61";"—";"Участвует в конкурсе";"1244858";"—"
"2383";"5";"—";"207000";"67 74 66";"—";"Участвует в конкурсе";"1977112";"—"
"2384";"4";"—";"207000";"67 70 70";"—";"Участвует в конкурсе";"1721997";"—"
"2385";"2";"—";"207000";"64 76 67";"—";"Участвует в конкурсе";"1789755";"—"
"2386";"2";"—";"207000";"62 76 69";"—";"Участвует в конкурсе";"1927811";"—"
"2387";"1";"—";"207000";"56 78 73";"—";"Участвует в конкурсе";"2342141";"—"
"2388";"1";"—";"207000";"56 78 73";"—";"Участвует в конкурсе";"2357481";"—"
"2389";"8";"—";"207000";"56 76 75";"—";"Участвует в конкурсе";"1285998";"—"
"2390";"20";"—";"207000";"54 84 69";"—";"Участвует в конкурсе";"1763734";"—"
"2391";"4";"—";"207000";"54 80 73";"—";"Участвует в конкурсе";"1965180";"—"
"2392";"3";"—";"207000";"51 70 86";"—";"Участвует в конкурсе";"2414607";"—"
"2393";"3";"—";"207000";"75 74 55";"3000";"Участвует в конкурсе";"1607534";"—"
"2394";"1";"—";"207000";"75 72 57";"3000";"Участвует в конкурсе";"1626138";"—"
"2395";"6";"—";"207000";"70 74 60";"3000";"Участвует в конкурсе";"2047272";"—"
"2396";"1";"—";"207000";"70 70 64";"3000";"Участвует в конкурсе";"1182386";"—"
"2397";"10";"—";"207000";"70 70 64";"3000";"Участвует в конкурсе";"2272332";"—"
"2398";"9";"—";"207000";"59 70 75";"3000";"Участвует в конкурсе";"1773970";"—"
"2399";"6";"—";"207000";"80 52 69";"6000";"Участвует в конкурсе";"2267343";"—"
"2400";"3";"—";"207000";"72 72 57";"6000";"Участвует в конкурсе";"1586654";"—"
"2401";"2";"—";"207000";"62 74 63";"8000";"Участвует в конкурсе";"1267300";"—"
"2402";"5";"—";"207000";"54 70 73";"10000";"Участвует в конкурсе";"2246732";"—"
"2403";"4";"—";"206000";"78 64 64";"—";"Участвует в конкурсе";"1195655";"—"
"2404";"2";"—";"206000";"77 74 55";"—";"Участвует в конкурсе";"1728205";"—"
"2405";"25";"—";"206000";"75 76 55";"—";"Участвует в конкурсе";"1555326";"—"
"2406";"3";"—";"206000";"75 76 55";"—";"Участвует в конкурсе";"1426178";"—"
"2407";"2";"—";"206000";"75 64 67";"—";"Участвует в конкурсе";"1212137";"—"
"2408";"2";"—";"206000";"75 64 67";"—";"Участвует в конкурсе";"1330012";"—"
"2409";"3";"—";"206000";"72 76 58";"—";"Участвует в конкурсе";"2421029";"—"
"2410";"2";"—";"206000";"72 74 60";"—";"Участвует в конкурсе";"1558508";"—"
"2411";"1";"Электронное";"206000";"72 74 60";"—";"Участвует в конкурсе";"1391298";"—"
"2412";"3";"—";"206000";"72 70 64";"—";"Участвует в конкурсе";"2343318";"—"
"2413";"5";"—";"206000";"72 70 64";"—";"Участвует в конкурсе";"1172695";"—"
"2414";"1";"—";"206000";"72 70 64";"—";"Участвует в конкурсе";"1579794";"—"
"2415";"8";"—";"206000";"72 70 64";"—";"Участвует в конкурсе";"1581353";"—"
"2416";"2";"—";"206000";"72 70 64";"—";"Участвует в конкурсе";"1353078";"—"
"2417";"5";"—";"206000";"72 70 64";"—";"Участвует в конкурсе";"1245558";"—"
"2418";"2";"—";"206000";"72 70 64";"—";"Участвует в конкурсе";"1816870";"—"
"2419";"1";"—";"206000";"72 64 70";"—";"Участвует в конкурсе";"2006299";"—"
"2420";"4";"—";"206000";"72 64 70";"—";"Участвует в конкурсе";"1984050";"—"
"2421";"1";"Электронное";"206000";"70 72 64";"—";"Участвует в конкурсе";"1291696";"—"
"2422";"2";"—";"206000";"67 82 57";"—";"Участвует в конкурсе";"955111";"—"
"2423";"4";"—";"206000";"67 82 57";"—";"Участвует в конкурсе";"1950243";"—"
"2424";"4";"—";"206000";"67 76 63";"—";"Участвует в конкурсе";"1176354";"—"
"2425";"1";"—";"206000";"67 76 63";"—";"Участвует в конкурсе";"1291854";"—"
"2426";"7";"—";"206000";"64 70 72";"—";"Участвует в конкурсе";"1215737";"—"
"2428";"1";"—";"206000";"64 64 78";"—";"Участвует в конкурсе";"1902805";"—"
"2429";"3";"—";"206000";"62 72 72";"—";"Участвует в конкурсе";"2160944";"—"
"2430";"1";"—";"206000";"59 78 69";"—";"Участвует в конкурсе";"1291319";"—"
"2431";"1";"—";"206000";"59 64 83";"—";"Участвует в конкурсе";"1494543";"—"
"2432";"5";"—";"206000";"51 72 83";"—";"Участвует в конкурсе";"2391951";"—"
"2433";"3";"—";"206000";"48 80 78";"—";"Выбыл из конкурса";"2177841";"—"
"2434";"6";"—";"206000";"75 74 54";"3000";"Участвует в конкурсе";"1518202";"—"
"2435";"4";"—";"206000";"70 76 57";"3000";"Участвует в конкурсе";"1729369";"—"
"2436";"5";"—";"206000";"70 72 61";"3000";"Участвует в конкурсе";"2241524";"—"
"2437";"1";"—";"206000";"59 80 64";"3000";"Участвует в конкурсе";"1434706";"—"
"2438";"3";"—";"206000";"51 74 78";"3000";"Участвует в конкурсе";"1797544";"—"
"2439";"1";"—";"206000";"54 70 78";"4000";"Участвует в конкурсе";"2267223";"—"
"2440";"8";"—";"206000";"64 74 58";"10000";"Участвует в конкурсе";"2259916";"—"
"2441";"1";"—";"206000";"59 70 67";"10000";"Участвует в конкурсе";"2244855";"—"
"2442";"2";"—";"206000";"51 78 67";"10000";"Участвует в конкурсе";"2354240";"—"
"2443";"7";"—";"206000";"48 76 72";"10000";"Выбыл из конкурса";"2218226";"—"
"2444";"4";"—";"205000";"78 64 63";"—";"Участвует в конкурсе";"1624810";"—"
"2445";"2";"—";"205000";"78 58 69";"—";"Участвует в конкурсе";"1235938";"—"
"2446";"8";"—";"205000";"75 78 52";"—";"Участвует в конкурсе";"2092284";"—"
"2447";"1";"Электронное";"205000";"75 76 54";"—";"Участвует в конкурсе";"1909813";"—"
"2448";"3";"—";"205000";"75 72 58";"—";"Участвует в конкурсе";"2209124";"—"
"2449";"2";"—";"205000";"75 70 60";"—";"Участвует в конкурсе";"2362249";"—"
"2450";"18";"—";"205000";"75 58 72";"—";"Участвует в конкурсе";"1731037";"—"
"2451";"2";"—";"205000";"72 76 57";"—";"Участвует в конкурсе";"1624560";"—"
"2452";"1";"—";"205000";"72 72 61";"—";"Участвует в конкурсе";"1516135";"—"
"2453";"1";"—";"205000";"70 72 63";"—";"Участвует в конкурсе";"1423020";"—"
"2454";"2";"—";"205000";"67 80 58";"—";"Участвует в конкурсе";"2175093";"—"
"2455";"12";"—";"205000";"67 78 60";"—";"Участвует в конкурсе";"2390056";"—"
"2456";"5";"—";"205000";"67 74 64";"—";"Участвует в конкурсе";"1439139";"—"
"2457";"9";"—";"205000";"67 72 66";"—";"Участвует в конкурсе";"1179964";"—"
"2458";"4";"—";"205000";"67 72 66";"—";"Участвует в конкурсе";"1655576";"—"
"2459";"9";"—";"205000";"67 72 66";"—";"Участвует в конкурсе";"2426803";"—"
"2460";"1";"—";"205000";"64 74 67";"—";"Участвует в конкурсе";"1569590";"—"
"2461";"1";"Электронное";"205000";"64 74 67";"—";"Участвует в конкурсе";"1606783";"—"
"2462";"9";"—";"205000";"64 74 67";"—";"Участвует в конкурсе";"2192748";"—"
"2463";"3";"—";"205000";"64 74 67";"—";"Участвует в конкурсе";"1477125";"—"
"2464";"6";"—";"205000";"64 72 69";"—";"Участвует в конкурсе";"1205951";"—"
"2465";"20";"—";"205000";"62 74 69";"—";"Участвует в конкурсе";"1622428";"—"
"2467";"9";"—";"205000";"67 70 66";"2000";"Участвует в конкурсе";"1156768";"—"
"2468";"8";"—";"205000";"62 72 69";"2000";"Участвует в конкурсе";"2226303";"—"
"2469";"14";"—";"205000";"72 70 60";"3000";"Участвует в конкурсе";"1210371";"—"
"2470";"2";"—";"205000";"70 78 54";"3000";"Участвует в конкурсе";"1708607";"—"
"2471";"5";"—";"205000";"67 74 61";"3000";"Участвует в конкурсе";"2224709";"—"
"2472";"3";"—";"205000";"67 72 63";"3000";"Участвует в конкурсе";"1422796";"—"
"2473";"2";"—";"205000";"56 74 72";"3000";"Участвует в конкурсе";"2098996";"—"
"2474";"1";"Электронное";"205000";"67 72 61";"5000";"Участвует в конкурсе";"1177427";"—"
"2475";"2";"—";"205000";"67 72 61";"5000";"Участвует в конкурсе";"2312120";"—"
"2476";"4";"—";"205000";"64 70 61";"10000";"Участвует в конкурсе";"2242779";"—"
"2477";"4";"—";"205000";"62 76 57";"10000";"Участвует в конкурсе";"1438744";"—"
"2478";"6";"—";"205000";"62 64 69";"10000";"Участвует в конкурсе";"1655481";"—"
"2479";"4";"—";"205000";"54 72 69";"10000";"Участвует в конкурсе";"1605000";"—"
"2480";"4";"—";"205000";"48 78 69";"10000";"Выбыл из конкурса";"1351467";"—"
"2481";"11";"—";"204000";"80 76 48";"—";"Выбыл из конкурса";"1435507";"—"
"2482";"6";"—";"204000";"80 70 54";"—";"Участвует в конкурсе";"1656844";"—"
"2483";"3";"—";"204000";"80 70 54";"—";"Участвует в конкурсе";"1286021";"—"
"2484";"8";"—";"204000";"78 74 52";"—";"Участвует в конкурсе";"1509937";"—"
"2485";"2";"—";"204000";"75 74 55";"—";"Участвует в конкурсе";"1650971";"—"
"2487";"2";"—";"204000";"72 74 58";"—";"Участвует в конкурсе";"1038138";"—"
"2488";"5";"—";"204000";"70 76 58";"—";"Участвует в конкурсе";"2271750";"—"
"2489";"3";"—";"204000";"70 74 60";"—";"Участвует в конкурсе";"1874597";"—"
"2490";"1";"Электронное";"204000";"70 74 60";"—";"Участвует в конкурсе";"1030932";"—"
"2491";"3";"—";"204000";"70 74 60";"—";"Участвует в конкурсе";"1200250";"—"
"2492";"2";"—";"204000";"70 70 64";"—";"Участвует в конкурсе";"1573319";"—"
"2493";"4";"—";"204000";"70 70 64";"—";"Участвует в конкурсе";"1649741";"—"
"2494";"11";"—";"204000";"70 70 64";"—";"Участвует в конкурсе";"2318862";"—"
"2495";"1";"Электронное";"204000";"67 76 61";"—";"Участвует в конкурсе";"2050641";"—"
"2496";"2";"—";"204000";"67 74 63";"—";"Участвует в конкурсе";"1535453";"—"
"2497";"1";"—";"204000";"67 74 63";"—";"Участвует в конкурсе";"1408646";"—"
"2499";"9";"—";"204000";"67 64 73";"—";"Участвует в конкурсе";"1652073";"—"
"2500";"3";"—";"204000";"64 76 64";"—";"Участвует в конкурсе";"1016048";"—"
"2501";"8";"—";"204000";"64 76 64";"—";"Участвует в конкурсе";"2384441";"—"
"2502";"19";"—";"204000";"64 70 70";"—";"Участвует в конкурсе";"1608517";"—"
"2503";"20";"—";"204000";"62 78 64";"—";"Участвует в конкурсе";"1860163";"—"
"2504";"4";"—";"204000";"62 72 70";"—";"Участвует в конкурсе";"1397119";"—"
"2505";"1";"Электронное";"204000";"62 72 70";"—";"Участвует в конкурсе";"1260887";"—"
"2506";"1";"—";"204000";"62 64 78";"—";"Участвует в конкурсе";"1204824";"—"
"2507";"10";"—";"204000";"59 78 67";"—";"Участвует в конкурсе";"1290201";"—"
"2508";"2";"—";"204000";"59 78 67";"—";"Участвует в конкурсе";"1558361";"—"
"2510";"5";"—";"204000";"59 70 75";"—";"Участвует в конкурсе";"1732794";"—"
"2511";"5";"—";"204000";"56 78 70";"—";"Участвует в конкурсе";"1964445";"—"
"2512";"1";"—";"204000";"56 78 70";"—";"Участвует в конкурсе";"1631766";"—"
"2513";"9";"—";"204000";"56 70 78";"—";"Участвует в конкурсе";"2221302";"—"
"2516";"4";"—";"204000";"54 80 70";"—";"Участвует в конкурсе";"1935122";"—"
"2517";"5";"—";"204000";"62 76 64";"2000";"Участвует в конкурсе";"1780663";"—"
"2518";"3";"—";"204000";"70 74 57";"3000";"Участвует в конкурсе";"1609646";"—"
"2519";"7";"—";"204000";"70 74 57";"3000";"Участвует в конкурсе";"2231015";"—"
"2520";"2";"—";"204000";"67 76 58";"3000";"Участвует в конкурсе";"2229434";"—"
"2521";"2";"—";"204000";"67 74 60";"3000";"Участвует в конкурсе";"1704164";"—"
"2522";"25";"—";"204000";"64 74 63";"3000";"Участвует в конкурсе";"1133656";"—"
"2523";"5";"—";"204000";"64 74 63";"3000";"Участвует в конкурсе";"2092556";"—"
"2524";"1";"—";"204000";"62 78 61";"3000";"Участвует в конкурсе";"1926640";"—"
"2525";"1";"—";"204000";"59 82 60";"3000";"Участвует в конкурсе";"1607413";"—"
"2526";"2";"—";"204000";"59 76 66";"3000";"Участвует в конкурсе";"2174570";"—"
"2527";"3";"—";"204000";"72 78 46";"8000";"Выбыл из конкурса";"1439345";"—"
"2528";"1";"Электронное";"204000";"64 70 60";"10000";"Участвует в конкурсе";"2141320";"—"
"2529";"5";"—";"204000";"59 72 63";"10000";"Участвует в конкурсе";"1636831";"—"
"2530";"15";"—";"204000";"56 78 60";"10000";"Участвует в конкурсе";"1640414";"—"
"2532";"8";"—";"203000";"78 76 49";"—";"Выбыл из конкурса";"1578629";"—"
"2533";"7";"—";"203000";"78 74 51";"—";"Участвует в конкурсе";"1277797";"—"
"2534";"2";"—";"203000";"75 58 70";"—";"Участвует в конкурсе";"1368007";"—"
"2535";"8";"—";"203000";"72 76 55";"—";"Участвует в конкурсе";"2274153";"—"
"2536";"11";"—";"203000";"72 74 57";"—";"Участвует в конкурсе";"1339191";"—"
"2537";"5";"—";"203000";"72 58 73";"—";"Участвует в конкурсе";"1194846";"—"
"2538";"11";"—";"203000";"70 72 61";"—";"Участвует в конкурсе";"2471160";"—"
"2539";"3";"—";"203000";"70 70 63";"—";"Участвует в конкурсе";"1332580";"—"
"2540";"11";"—";"203000";"70 70 63";"—";"Участвует в конкурсе";"1260503";"—"
"2541";"5";"—";"203000";"67 78 58";"—";"Участвует в конкурсе";"1287764";"—"
"2542";"5";"—";"203000";"67 72 64";"—";"Участвует в конкурсе";"1417067";"—"
"2543";"1";"—";"203000";"67 70 66";"—";"Участвует в конкурсе";"1577814";"—"
"2544";"6";"—";"203000";"67 70 66";"—";"Участвует в конкурсе";"1295747";"—"
"2545";"26";"—";"203000";"67 58 78";"—";"Участвует в конкурсе";"2313626";"—"
"2546";"4";"—";"203000";"64 76 63";"—";"Участвует в конкурсе";"1439468";"—"
"2548";"1";"—";"203000";"64 72 67";"—";"Участвует в конкурсе";"1944449";"—"
"2549";"7";"—";"203000";"62 78 63";"—";"Участвует в конкурсе";"1724245";"—"
"2550";"4";"—";"203000";"62 78 63";"—";"Участвует в конкурсе";"1507483";"—"
"2551";"14";"—";"203000";"62 74 67";"—";"Участвует в конкурсе";"1898427";"—"
"2552";"2";"—";"203000";"62 74 67";"—";"Участвует в конкурсе";"1860195";"—"
"2553";"5";"—";"203000";"59 72 72";"—";"Участвует в конкурсе";"1421096";"—"
"2554";"2";"—";"203000";"56 80 67";"—";"Участвует в конкурсе";"1045398";"—"
"2555";"18";"—";"203000";"56 72 75";"—";"Участвует в конкурсе";"2273040";"—"
"2556";"2";"—";"203000";"54 86 63";"—";"Участвует в конкурсе";"1420715";"—"
"2557";"1";"—";"203000";"54 76 73";"—";"Участвует в конкурсе";"1265163";"—"
"2558";"3";"—";"203000";"78 70 52";"3000";"Участвует в конкурсе";"2097806";"—"
"2559";"6";"—";"203000";"75 64 61";"3000";"Участвует в конкурсе";"1442092";"—"
"2560";"1";"—";"203000";"75 64 61";"3000";"Участвует в конкурсе";"1546278";"—"
"2561";"10";"—";"203000";"70 64 66";"3000";"Участвует в конкурсе";"2219874";"—"
"2562";"12";"—";"203000";"67 70 63";"3000";"Участвует в конкурсе";"1583188";"—"
"2563";"6";"—";"203000";"64 70 66";"3000";"Участвует в конкурсе";"1353539";"—"
"2564";"1";"—";"203000";"62 74 64";"3000";"Участвует в конкурсе";"1651782";"—"
"2565";"4";"—";"203000";"56 72 72";"3000";"Участвует в конкурсе";"2344197";"—"
"2566";"2";"—";"203000";"70 64 64";"5000";"Участвует в конкурсе";"1475927";"—"
"2567";"2";"—";"203000";"64 70 64";"5000";"Участвует в конкурсе";"1286178";"—"
"2568";"1";"—";"203000";"83 40 70";"10000";"Выбыл из конкурса";"2330918";"—"
"2569";"1";"—";"203000";"49 70 74";"10000";"Выбыл из конкурса";"1069480";"—"
"2570";"6";"—";"202000";"80 76 46";"—";"Выбыл из конкурса";"1587596";"—"
"2571";"15";"—";"202000";"75 64 63";"—";"Участвует в конкурсе";"1434690";"—"
"2572";"2";"—";"202000";"75 64 63";"—";"Участвует в конкурсе";"1612612";"—"
"2573";"19";"—";"202000";"72 78 52";"—";"Участвует в конкурсе";"2096857";"—"
"2574";"3";"—";"202000";"72 70 60";"—";"Участвует в конкурсе";"1116204";"—"
"2575";"5";"—";"202000";"70 72 60";"—";"Участвует в конкурсе";"1622672";"—"
"2576";"5";"—";"202000";"70 72 60";"—";"Участвует в конкурсе";"2371837";"—"
"2577";"5";"—";"202000";"67 72 63";"—";"Участвует в конкурсе";"2228089";"—"
"2578";"6";"—";"202000";"64 78 60";"—";"Участвует в конкурсе";"1366373";"—"
"2579";"6";"—";"202000";"64 74 64";"—";"Участвует в конкурсе";"2002243";"—"
"2580";"2";"—";"202000";"64 72 66";"—";"Участвует в конкурсе";"1342915";"—"
"2581";"3";"—";"202000";"62 74 66";"—";"Участвует в конкурсе";"2296380";"—"
"2582";"5";"Электронное";"202000";"62 70 70";"—";"Участвует в конкурсе";"1977848";"—"
"2583";"7";"—";"202000";"62 70 70";"—";"Участвует в конкурсе";"2266208";"—"
"2584";"6";"—";"202000";"56 82 64";"—";"Участвует в конкурсе";"2281178";"—"
"2585";"5";"—";"202000";"51 76 75";"—";"Участвует в конкурсе";"1556757";"—"
"2586";"1";"—";"202000";"48 84 70";"—";"Выбыл из конкурса";"2079705";"—"
"2588";"1";"—";"202000";"67 78 54";"3000";"Участвует в конкурсе";"2387778";"—"
"2589";"19";"—";"202000";"67 72 60";"3000";"Участвует в конкурсе";"1519920";"—"
"2590";"12";"—";"202000";"62 76 61";"3000";"Участвует в конкурсе";"1361117";"—"
"2591";"1";"—";"202000";"62 70 67";"3000";"Участвует в конкурсе";"2307808";"—"
"2592";"11";"—";"202000";"67 84 46";"5000";"Выбыл из конкурса";"1859837";"—"
"2593";"5";"—";"202000";"51 74 72";"5000";"Участвует в конкурсе";"2040117";"—"
"2594";"2";"Электронное";"202000";"62 74 58";"8000";"Участвует в конкурсе";"983345";"—"
"2595";"6";"—";"202000";"51 72 69";"10000";"Участвует в конкурсе";"1652838";"—"
"2596";"3";"—";"202000";"46 74 72";"10000";"Выбыл из конкурса";"1780560";"—"
"2597";"5";"—";"201000";"78 78 45";"—";"Выбыл из конкурса";"1307113";"—"
"2598";"7";"—";"201000";"75 78 48";"—";"Выбыл из конкурса";"1582896";"—"
"2599";"6";"—";"201000";"75 74 52";"—";"Участвует в конкурсе";"2081099";"—"
"2600";"3";"—";"201000";"72 78 51";"—";"Участвует в конкурсе";"2314782";"—"
"2601";"17";"—";"201000";"70 74 57";"—";"Участвует в конкурсе";"2371133";"—"
"2602";"4";"—";"201000";"70 64 67";"—";"Участвует в конкурсе";"1209787";"—"
"2603";"4";"—";"201000";"70 64 67";"—";"Участвует в конкурсе";"2253198";"—"
"2604";"5";"—";"201000";"67 74 60";"—";"Участвует в конкурсе";"1516512";"—"
"2605";"3";"—";"201000";"67 74 60";"—";"Участвует в конкурсе";"2254555";"—"
"2606";"1";"—";"201000";"67 70 64";"—";"Участвует в конкурсе";"2055916";"—"
"2607";"3";"—";"201000";"67 64 70";"—";"Участвует в конкурсе";"1279279";"—"
"2608";"19";"—";"201000";"64 74 63";"—";"Участвует в конкурсе";"1340292";"—"
"2609";"6";"—";"201000";"64 70 67";"—";"Участвует в конкурсе";"1284940";"—"
"2611";"4";"—";"201000";"62 70 69";"—";"Участвует в конкурсе";"1234858";"—"
"2612";"2";"Электронное";"201000";"59 76 66";"—";"Участвует в конкурсе";"1163570";"—"
"2613";"3";"—";"201000";"59 76 66";"—";"Участвует в конкурсе";"2305529";"—"
"2614";"16";"—";"201000";"59 72 70";"—";"Участвует в конкурсе";"1444604";"—"
"2616";"2";"—";"201000";"56 88 57";"—";"Участвует в конкурсе";"2289347";"—"
"2617";"1";"—";"201000";"56 72 73";"—";"Участвует в конкурсе";"1251976";"—"
"2618";"4";"—";"201000";"56 70 75";"—";"Участвует в конкурсе";"1925956";"—"
"2619";"3";"—";"201000";"56 70 75";"—";"Участвует в конкурсе";"1027077";"—"
"2620";"2";"—";"201000";"54 74 73";"—";"Участвует в конкурсе";"1347091";"—"
"2621";"4";"—";"201000";"54 72 75";"—";"Участвует в конкурсе";"1174447";"—"
"2622";"7";"—";"201000";"51 78 72";"—";"Участвует в конкурсе";"2230913";"—"
"2623";"6";"—";"201000";"46 72 83";"—";"Выбыл из конкурса";"2285406";"—"
"2624";"5";"—";"201000";"70 70 58";"3000";"Участвует в конкурсе";"1648824";"—"
"2625";"1";"—";"201000";"70 64 64";"3000";"Участвует в конкурсе";"2173222";"—"
"2626";"2";"—";"201000";"67 76 55";"3000";"Участвует в конкурсе";"1209024";"—"
"2627";"5";"—";"201000";"67 76 55";"3000";"Участвует в конкурсе";"2408222";"—"
"2628";"4";"—";"201000";"67 74 57";"3000";"Участвует в конкурсе";"1311526";"—"
"2629";"8";"—";"201000";"67 64 67";"3000";"Участвует в конкурсе";"1625470";"—"
"2630";"3";"—";"201000";"62 76 60";"3000";"Участвует в конкурсе";"2017625";"—"
"2631";"1";"—";"201000";"59 72 67";"3000";"Участвует в конкурсе";"1199613";"—"
"2632";"1";"—";"201000";"59 72 67";"3000";"Участвует в конкурсе";"2045398";"—"
"2633";"3";"—";"201000";"59 70 69";"3000";"Участвует в конкурсе";"1813715";"—"
"2635";"2";"—";"201000";"67 74 55";"5000";"Участвует в конкурсе";"1016793";"—"
"2636";"5";"—";"201000";"59 74 63";"5000";"Участвует в конкурсе";"1386021";"—"
"2637";"20";"—";"201000";"78 52 61";"10000";"Участвует в конкурсе";"2027908";"—"
"2638";"15";"—";"201000";"64 70 57";"10000";"Участвует в конкурсе";"2367583";"—"
"2639";"1";"—";"201000";"56 74 61";"10000";"Участвует в конкурсе";"1635273";"—"
"2640";"1";"Электронное";"201000";"56 74 61";"10000";"Участвует в конкурсе";"2315262";"—"
"2641";"8";"—";"200000";"78 64 58";"—";"Участвует в конкурсе";"1283343";"—"
"2642";"10";"—";"200000";"78 64 58";"—";"Участвует в конкурсе";"1833108";"—"
"2643";"8";"—";"200000";"78 58 64";"—";"Участвует в конкурсе";"1958914";"—"
"2644";"3";"—";"200000";"75 64 61";"—";"Участвует в конкурсе";"1260698";"—"
"2645";"7";"—";"200000";"72 74 54";"—";"Участвует в конкурсе";"1076559";"—"
"2646";"1";"—";"200000";"72 74 54";"—";"Участвует в конкурсе";"2228894";"—"
"2647";"1";"—";"200000";"72 70 58";"—";"Участвует в конкурсе";"1250673";"—"
"2648";"5";"—";"200000";"70 72 58";"—";"Участвует в конкурсе";"1253270";"—"
"2649";"6";"—";"200000";"70 72 58";"—";"Участвует в конкурсе";"2148109";"—"
"2650";"23";"—";"200000";"70 72 58";"—";"Участвует в конкурсе";"1870570";"—"
"2651";"2";"—";"200000";"70 70 60";"—";"Участвует в конкурсе";"1318431";"—"
"2652";"3";"—";"200000";"70 70 60";"—";"Участвует в конкурсе";"1904056";"—"
"2653";"4";"—";"200000";"67 78 55";"—";"Участвует в конкурсе";"1181776";"—"
"2654";"1";"—";"200000";"67 64 69";"—";"Участвует в конкурсе";"1442966";"—"
"2655";"1";"—";"200000";"67 52 81";"—";"Участвует в конкурсе";"1891242";"—"
"2656";"1";"—";"200000";"64 78 58";"—";"Участвует в конкурсе";"2130153";"—"
"2657";"5";"—";"200000";"64 78 58";"—";"Участвует в конкурсе";"2050647";"—"
"2658";"7";"—";"200000";"64 72 64";"—";"Участвует в конкурсе";"1198013";"—"
"2659";"8";"—";"200000";"64 72 64";"—";"Участвует в конкурсе";"1975064";"—"
"2660";"5";"—";"200000";"64 72 64";"—";"Участвует в конкурсе";"1318657";"—"
"2661";"12";"—";"200000";"64 70 66";"—";"Участвует в конкурсе";"985510";"—"
"2663";"5";"—";"200000";"64 58 78";"—";"Участвует в конкурсе";"1476340";"—"
"2664";"9";"—";"200000";"62 72 66";"—";"Участвует в конкурсе";"2214968";"—"
"2665";"6";"—";"200000";"59 66 75";"—";"Участвует в конкурсе";"2388005";"—"
"2666";"6";"—";"200000";"54 80 66";"—";"Участвует в конкурсе";"1986891";"—"
"2668";"3";"—";"200000";"54 74 72";"—";"Участвует в конкурсе";"2229591";"—"
"2669";"5";"—";"200000";"64 64 70";"2000";"Участвует в конкурсе";"1831409";"—"
"2670";"4";"—";"200000";"75 64 58";"3000";"Участвует в конкурсе";"1984743";"—"
"2671";"3";"—";"200000";"70 72 55";"3000";"Участвует в конкурсе";"1728736";"—"
"2672";"2";"—";"200000";"70 70 57";"3000";"Участвует в конкурсе";"2325908";"—"
"2673";"20";"—";"200000";"64 70 63";"3000";"Участвует в конкурсе";"1751032";"—"
"2674";"6";"—";"200000";"59 72 66";"3000";"Участвует в конкурсе";"1348538";"—"
"2675";"17";"—";"200000";"54 74 69";"3000";"Участвует в конкурсе";"1212143";"—"
"2676";"2";"—";"200000";"54 74 69";"3000";"Участвует в конкурсе";"1287341";"—"
"2677";"9";"—";"200000";"75 58 61";"6000";"Участвует в конкурсе";"1702549";"—"
"2678";"8";"—";"200000";"59 70 63";"8000";"Участвует в конкурсе";"1385919";"—"
"2679";"3";"—";"200000";"62 64 64";"10000";"Участвует в конкурсе";"2220659";"—"
"2680";"1";"Электронное";"200000";"59 64 67";"10000";"Участвует в конкурсе";"1544658";"—"
"2681";"2";"—";"200000";"56 74 60";"10000";"Участвует в конкурсе";"1174154";"—"
"2682";"13";"—";"200000";"56 70 64";"10000";"Участвует в конкурсе";"2217186";"—"
"2683";"2";"—";"200000";"56 70 64";"10000";"Участвует в конкурсе";"1981784";"—"
"2684";"4";"—";"200000";"54 72 64";"10000";"Участвует в конкурсе";"1913064";"—"
"2685";"1";"—";"200000";"51 64 75";"10000";"Участвует в конкурсе";"2225783";"—"
"2686";"10";"—";"199000";"80 64 55";"—";"Участвует в конкурсе";"2231123";"—"
"2687";"18";"—";"199000";"78 70 51";"—";"Участвует в конкурсе";"1619659";"—"
"2688";"6";"—";"199000";"78 64 57";"—";"Участвует в конкурсе";"2123820";"—"
"2689";"3";"—";"199000";"75 64 60";"—";"Участвует в конкурсе";"2216374";"—"
"2691";"5";"—";"199000";"72 72 55";"—";"Участвует в конкурсе";"1201744";"—"
"2692";"3";"—";"199000";"72 70 57";"—";"Участвует в конкурсе";"1248953";"—"
"2693";"7";"—";"199000";"72 64 63";"—";"Участвует в конкурсе";"1791910";"—"
"2694";"3";"—";"199000";"70 74 55";"—";"Участвует в конкурсе";"2109532";"—"
"2695";"5";"—";"199000";"67 72 60";"—";"Участвует в конкурсе";"1711446";"—"
"2696";"6";"—";"199000";"64 74 61";"—";"Участвует в конкурсе";"1649454";"—"
"2697";"4";"—";"199000";"62 70 67";"—";"Участвует в конкурсе";"1206660";"—"
"2698";"4";"—";"199000";"62 70 67";"—";"Участвует в конкурсе";"1319683";"—"
"2700";"1";"—";"199000";"59 76 64";"—";"Участвует в конкурсе";"1255745";"—"
"2701";"4";"—";"199000";"59 70 70";"—";"Участвует в конкурсе";"1729071";"—"
"2702";"11";"—";"199000";"56 76 67";"—";"Участвует в конкурсе";"2244371";"—"
"2703";"5";"—";"199000";"56 74 69";"—";"Участвует в конкурсе";"1994039";"—"
"2704";"11";"—";"199000";"54 70 75";"—";"Участвует в конкурсе";"1961241";"—"
"2705";"9";"—";"199000";"62 78 57";"2000";"Участвует в конкурсе";"2363469";"—"
"2706";"1";"Электронное";"199000";"72 64 60";"3000";"Участвует в конкурсе";"2292022";"—"
"2707";"5";"—";"199000";"70 72 54";"3000";"Участвует в конкурсе";"2051404";"—"
"2708";"1";"Электронное";"199000";"64 72 60";"3000";"Участвует в конкурсе";"1174960";"—"
"2709";"6";"—";"199000";"62 80 54";"3000";"Участвует в конкурсе";"1512719";"—"
"2710";"1";"Электронное";"199000";"62 70 64";"3000";"Участвует в конкурсе";"1210109";"—"
"2711";"8";"—";"199000";"67 64 64";"4000";"Участвует в конкурсе";"1347095";"—"
"2712";"9";"—";"199000";"70 58 61";"10000";"Участвует в конкурсе";"2314855";"—"
"2713";"2";"—";"199000";"54 72 63";"10000";"Участвует в конкурсе";"2172386";"—"
"2714";"9";"—";"199000";"51 72 66";"10000";"Участвует в конкурсе";"2298587";"—"
"2715";"1";"Электронное";"198000";"85 58 55";"—";"Участвует в конкурсе";"1175488";"—"
"2716";"4";"—";"198000";"72 74 52";"—";"Участвует в конкурсе";"2080768";"—"
"2717";"3";"—";"198000";"72 72 54";"—";"Участвует в конкурсе";"1911507";"—"
"2718";"12";"—";"198000";"70 70 58";"—";"Участвует в конкурсе";"1636546";"—"
"2719";"21";"—";"198000";"70 70 58";"—";"Участвует в конкурсе";"1517973";"—"
"2720";"7";"—";"198000";"70 70 58";"—";"Участвует в конкурсе";"1786249";"—"
"2721";"5";"—";"198000";"70 70 58";"—";"Участвует в конкурсе";"2341105";"—"
"2722";"3";"—";"198000";"70 58 70";"—";"Участвует в конкурсе";"2342724";"—"
"2723";"3";"—";"198000";"67 74 57";"—";"Участвует в конкурсе";"1543274";"—"
"2724";"1";"—";"198000";"67 74 57";"—";"Участвует в конкурсе";"2267852";"—"
"2725";"3";"Электронное";"198000";"67 70 61";"—";"Участвует в конкурсе";"1648462";"—"
"2726";"1";"—";"198000";"67 70 61";"—";"Участвует в конкурсе";"1801263";"—"
"2728";"1";"—";"198000";"62 76 60";"—";"Участвует в конкурсе";"1214784";"—"
"2729";"3";"—";"198000";"62 70 66";"—";"Участвует в конкурсе";"2178309";"—"
"2730";"9";"—";"198000";"62 70 66";"—";"Участвует в конкурсе";"2329753";"—"
"2731";"8";"—";"198000";"62 58 78";"—";"Участвует в конкурсе";"1178432";"—"
"2732";"7";"—";"198000";"59 78 61";"—";"Участвует в конкурсе";"1617899";"—"
"2733";"9";"—";"198000";"59 70 69";"—";"Участвует в конкурсе";"981959";"—"
"2734";"10";"—";"198000";"59 64 75";"—";"Участвует в конкурсе";"1812065";"—"
"2735";"16";"—";"198000";"59 64 75";"—";"Участвует в конкурсе";"1987800";"—"
"2736";"6";"—";"198000";"59 64 75";"—";"Участвует в конкурсе";"2324595";"—"
"2737";"29";"—";"198000";"59 64 75";"—";"Участвует в конкурсе";"2210617";"—"
"2738";"6";"—";"198000";"56 72 70";"—";"Участвует в конкурсе";"1416819";"—"
"2739";"5";"—";"198000";"51 74 73";"—";"Участвует в конкурсе";"2172536";"—"
"2741";"5";"—";"198000";"62 78 55";"3000";"Участвует в конкурсе";"2077831";"—"
"2742";"14";"—";"198000";"56 84 55";"3000";"Участвует в конкурсе";"1206603";"—"
"2743";"13";"—";"198000";"56 70 69";"3000";"Участвует в конкурсе";"1263039";"—"
"2744";"7";"—";"198000";"54 72 69";"3000";"Участвует в конкурсе";"2090498";"—"
"2745";"4";"—";"198000";"62 64 67";"5000";"Участвует в конкурсе";"1214007";"—"
"2746";"7";"—";"198000";"62 70 60";"6000";"Участвует в конкурсе";"2149126";"—"
"2747";"5";"—";"198000";"70 70 51";"7000";"Участвует в конкурсе";"1003648";"—"
"2748";"8";"—";"198000";"70 72 48";"8000";"Выбыл из конкурса";"2358017";"—"
"2749";"5";"—";"197000";"78 52 67";"—";"Участвует в конкурсе";"1180268";"—"
"2750";"2";"—";"197000";"75 70 52";"—";"Участвует в конкурсе";"1175543";"—"
"2751";"7";"—";"197000";"72 74 51";"—";"Участвует в конкурсе";"2004394";"—"
"2752";"12";"—";"197000";"72 70 55";"—";"Участвует в конкурсе";"1761520";"—"
"2753";"5";"—";"197000";"72 64 61";"—";"Участвует в конкурсе";"1514940";"—"
"2754";"5";"—";"197000";"70 70 57";"—";"Участвует в конкурсе";"1583339";"—"
"2755";"3";"—";"197000";"70 70 57";"—";"Участвует в конкурсе";"1728264";"—"
"2756";"5";"—";"197000";"70 58 69";"—";"Участвует в конкурсе";"1994270";"—"
"2757";"1";"Электронное";"197000";"70 52 75";"—";"Участвует в конкурсе";"975349";"—"
"2758";"8";"—";"197000";"67 78 52";"—";"Участвует в конкурсе";"1029422";"—"
"2759";"19";"—";"197000";"67 70 60";"—";"Участвует в конкурсе";"1827974";"—"
"2760";"1";"Электронное";"197000";"67 70 60";"—";"Участвует в конкурсе";"2266880";"—"
"2761";"14";"—";"197000";"67 58 72";"—";"Участвует в конкурсе";"2223858";"—"
"2762";"2";"—";"197000";"64 72 61";"—";"Участвует в конкурсе";"2426027";"—"
"2763";"1";"—";"197000";"64 70 63";"—";"Участвует в конкурсе";"1178411";"—"
"2764";"5";"—";"197000";"62 74 61";"—";"Участвует в конкурсе";"1506297";"—"
"2765";"1";"—";"197000";"62 74 61";"—";"Участвует в конкурсе";"1503714";"—"
"2766";"3";"—";"197000";"62 74 61";"—";"Участвует в конкурсе";"1462543";"—"
"2767";"3";"—";"197000";"62 72 63";"—";"Участвует в конкурсе";"1390936";"—"
"2768";"1";"Электронное";"197000";"59 78 60";"—";"Участвует в конкурсе";"1202199";"—"
"2769";"13";"—";"197000";"59 74 64";"—";"Участвует в конкурсе";"1627969";"—"
"2770";"1";"—";"197000";"59 74 64";"—";"Участвует в конкурсе";"2099195";"—"
"2771";"9";"—";"197000";"56 58 83";"—";"Участвует в конкурсе";"2382021";"—"
"2772";"9";"—";"197000";"54 80 63";"—";"Участвует в конкурсе";"1703374";"—"
"2773";"1";"—";"197000";"59 64 72";"2000";"Участвует в конкурсе";"1087976";"—"
"2775";"10";"—";"197000";"72 52 70";"3000";"Участвует в конкурсе";"1648933";"—"
"2776";"1";"—";"197000";"72 52 70";"3000";"Участвует в конкурсе";"1247711";"—"
"2777";"7";"—";"197000";"64 76 54";"3000";"Участвует в конкурсе";"1192430";"—"
"2778";"3";"—";"197000";"56 74 64";"3000";"Участвует в конкурсе";"1846560";"—"
"2779";"3";"Электронное";"197000";"72 58 63";"4000";"Участвует в конкурсе";"1697750";"—"
"2780";"4";"—";"197000";"59 70 64";"4000";"Участвует в конкурсе";"2286072";"—"
"2781";"7";"—";"197000";"70 70 52";"5000";"Участвует в конкурсе";"1313951";"—"
"2782";"2";"—";"197000";"59 74 57";"7000";"Участвует в конкурсе";"2157119";"—"
"2783";"2";"—";"197000";"48 72 70";"7000";"Выбыл из конкурса";"2116279";"—"
"2784";"5";"—";"197000";"54 72 61";"10000";"Участвует в конкурсе";"2195730";"—"
"2785";"3";"Электронное";"197000";"54 70 63";"10000";"Участвует в конкурсе";"2127536";"—"
"2786";"2";"—";"197000";"51 78 58";"10000";"Участвует в конкурсе";"2269000";"—"
"2787";"1";"—";"196000";"80 52 64";"—";"Участвует в конкурсе";"2385975";"—"
"2788";"3";"—";"196000";"75 70 51";"—";"Участвует в конкурсе";"1339730";"—"
"2789";"8";"—";"196000";"67 80 49";"—";"Выбыл из конкурса";"1736785";"—"
"2790";"18";"—";"196000";"67 74 55";"—";"Участвует в конкурсе";"1417758";"—"
"2791";"4";"—";"196000";"67 72 57";"—";"Участвует в конкурсе";"1783035";"—"
"2792";"1";"—";"196000";"64 72 60";"—";"Участвует в конкурсе";"1522073";"—"
"2793";"3";"—";"196000";"64 72 60";"—";"Участвует в конкурсе";"1890320";"—"
"2794";"6";"—";"196000";"64 72 60";"—";"Участвует в конкурсе";"2226620";"—"
"2795";"8";"—";"196000";"64 72 60";"—";"Участвует в конкурсе";"1794359";"—"
"2796";"3";"—";"196000";"62 64 70";"—";"Участвует в конкурсе";"1585329";"—"
"2797";"1";"Электронное";"196000";"59 80 57";"—";"Участвует в конкурсе";"2054494";"—"
"2798";"2";"—";"196000";"59 74 63";"—";"Участвует в конкурсе";"1289602";"—"
"2799";"1";"—";"196000";"59 74 63";"—";"Участвует в конкурсе";"1326299";"—"
"2800";"20";"—";"196000";"59 74 63";"—";"Участвует в конкурсе";"1897960";"—"
"2801";"3";"—";"196000";"59 70 67";"—";"Участвует в конкурсе";"1906577";"—"
"2802";"12";"—";"196000";"56 76 64";"—";"Участвует в конкурсе";"1998030";"—"
"2804";"2";"—";"196000";"54 78 64";"—";"Участвует в конкурсе";"1579214";"—"
"2805";"3";"—";"196000";"54 72 70";"—";"Участвует в конкурсе";"1594139";"—"
"2806";"2";"—";"196000";"54 72 70";"—";"Участвует в конкурсе";"1421807";"—"
"2807";"3";"—";"196000";"54 72 70";"—";"Участвует в конкурсе";"1519820";"—"
"2808";"1";"—";"196000";"51 72 73";"—";"Участвует в конкурсе";"2244318";"—"
"2809";"1";"—";"196000";"51 64 81";"—";"Участвует в конкурсе";"1513186";"—"
"2810";"3";"—";"196000";"70 70 54";"2000";"Участвует в конкурсе";"1321728";"—"
"2811";"2";"—";"196000";"56 74 64";"2000";"Участвует в конкурсе";"1944531";"—"
"2812";"12";"—";"196000";"62 64 67";"3000";"Участвует в конкурсе";"1341328";"—"
"2813";"2";"Электронное";"196000";"59 74 60";"3000";"Участвует в конкурсе";"1075821";"—"
"2814";"7";"—";"196000";"56 76 61";"3000";"Участвует в конкурсе";"1515111";"—"
"2815";"5";"—";"196000";"56 74 63";"3000";"Участвует в конкурсе";"1681001";"—"
"2816";"3";"—";"196000";"56 70 67";"3000";"Участвует в конкурсе";"2254985";"—"
"2817";"11";"—";"196000";"64 74 52";"6000";"Участвует в конкурсе";"2055122";"—"
"2818";"7";"—";"196000";"46 72 70";"8000";"Выбыл из конкурса";"1988092";"—"
"2819";"7";"—";"196000";"59 58 69";"10000";"Участвует в конкурсе";"1401514";"—"
"2820";"1";"—";"196000";"48 72 66";"10000";"Выбыл из конкурса";"2227917";"—"
"2821";"5";"—";"195000";"70 74 51";"—";"Участвует в конкурсе";"1706720";"—"
"2822";"16";"—";"195000";"70 70 55";"—";"Участвует в конкурсе";"1828491";"—"
"2823";"2";"—";"195000";"70 58 67";"—";"Участвует в конкурсе";"1907411";"—"
"2824";"2";"—";"195000";"67 76 52";"—";"Участвует в конкурсе";"1516315";"—"
"2825";"2";"—";"195000";"67 74 54";"—";"Участвует в конкурсе";"2203497";"—"
"2826";"1";"—";"195000";"67 70 58";"—";"Участвует в конкурсе";"2092291";"—"
"2827";"1";"—";"195000";"67 70 58";"—";"Участвует в конкурсе";"1523114";"—"
"2828";"2";"—";"195000";"67 70 58";"—";"Участвует в конкурсе";"2249127";"—"
"2829";"7";"—";"195000";"67 64 64";"—";"Участвует в конкурсе";"1542797";"—"
"2830";"4";"—";"195000";"67 64 64";"—";"Участвует в конкурсе";"1182421";"—"
"2831";"13";"—";"195000";"67 58 70";"—";"Участвует в конкурсе";"2409505";"—"
"2832";"10";"—";"195000";"64 70 61";"—";"Участвует в конкурсе";"1906175";"—"
"2833";"4";"—";"195000";"62 72 61";"—";"Участвует в конкурсе";"1431521";"—"
"2835";"5";"—";"195000";"62 72 61";"—";"Участвует в конкурсе";"1752198";"—"
"2836";"2";"—";"195000";"62 72 61";"—";"Участвует в конкурсе";"2254120";"—"
"2837";"6";"—";"195000";"62 64 69";"—";"Участвует в конкурсе";"2181524";"—"
"2838";"5";"Электронное";"195000";"59 72 64";"—";"Участвует в конкурсе";"1637630";"—"
"2839";"4";"—";"195000";"59 72 64";"—";"Участвует в конкурсе";"1398346";"—"
"2840";"9";"—";"195000";"59 72 64";"—";"Участвует в конкурсе";"1758899";"—"
"2841";"1";"—";"195000";"59 58 78";"—";"Участвует в конкурсе";"1827033";"—"
"2842";"2";"—";"195000";"56 76 63";"—";"Участвует в конкурсе";"1200144";"—"
"2843";"3";"Электронное";"195000";"56 72 67";"—";"Участвует в конкурсе";"1250998";"—"
"2844";"2";"—";"195000";"56 72 67";"—";"Участвует в конкурсе";"2251452";"—"
"2845";"2";"—";"195000";"56 72 67";"—";"Участвует в конкурсе";"2003821";"—"
"2846";"9";"—";"195000";"56 64 75";"—";"Участвует в конкурсе";"1766491";"—"
"2847";"4";"—";"195000";"54 74 67";"—";"Участвует в конкурсе";"2000717";"—"
"2848";"1";"—";"195000";"51 78 66";"—";"Участвует в конкурсе";"1970133";"—"
"2849";"6";"—";"195000";"51 78 66";"—";"Участвует в конкурсе";"2335481";"—"
"2850";"17";"—";"195000";"51 74 70";"—";"Участвует в конкурсе";"2291838";"—"
"2851";"2";"—";"195000";"51 72 72";"—";"Участвует в конкурсе";"2189392";"—"
"2852";"12";"—";"195000";"59 86 48";"2000";"Выбыл из конкурса";"2313072";"—"
"2853";"4";"—";"195000";"54 78 61";"2000";"Участвует в конкурсе";"1262087";"—"
"2854";"4";"—";"195000";"70 64 58";"3000";"Участвует в конкурсе";"2085346";"—"
"2856";"6";"—";"195000";"67 64 61";"3000";"Участвует в конкурсе";"1145472";"—"
"2857";"3";"—";"195000";"62 72 58";"3000";"Участвует в конкурсе";"1257956";"—"
"2858";"3";"—";"195000";"62 64 66";"3000";"Участвует в конкурсе";"1708461";"—"
"2859";"5";"—";"195000";"54 80 58";"3000";"Участвует в конкурсе";"1245318";"—"
"2860";"2";"—";"195000";"51 76 63";"5000";"Участвует в конкурсе";"1955974";"—"
"2861";"12";"—";"195000";"64 52 69";"10000";"Участвует в конкурсе";"2253366";"—"
"2862";"4";"—";"194000";"72 74 48";"—";"Выбыл из конкурса";"1182285";"—"
"2863";"4";"—";"194000";"72 70 52";"—";"Участвует в конкурсе";"2304800";"—"
"2864";"4";"—";"194000";"72 58 64";"—";"Участвует в конкурсе";"1794077";"—"
"2865";"11";"—";"194000";"72 58 64";"—";"Участвует в конкурсе";"2366124";"—"
"2866";"10";"—";"194000";"70 72 52";"—";"Участвует в конкурсе";"2242179";"—"
"2867";"3";"—";"194000";"70 64 60";"—";"Участвует в конкурсе";"1474172";"—"
"2868";"7";"—";"194000";"70 64 60";"—";"Участвует в конкурсе";"2164983";"—"
"2870";"6";"—";"194000";"67 64 63";"—";"Участвует в конкурсе";"1152069";"—"
"2871";"2";"—";"194000";"64 70 60";"—";"Участвует в конкурсе";"2099089";"—"
"2872";"4";"—";"194000";"64 70 60";"—";"Участвует в конкурсе";"2362415";"—"
"2873";"1";"—";"194000";"64 64 66";"—";"Участвует в конкурсе";"2395535";"—"
"2874";"4";"—";"194000";"64 58 72";"—";"Участвует в конкурсе";"1710711";"—"
"2875";"4";"—";"194000";"62 74 58";"—";"Участвует в конкурсе";"1685180";"—"
"2876";"2";"—";"194000";"62 74 58";"—";"Участвует в конкурсе";"1257891";"—"
"2877";"1";"—";"194000";"62 72 60";"—";"Участвует в конкурсе";"2228590";"—"
"2878";"12";"—";"194000";"59 72 63";"—";"Участвует в конкурсе";"2289543";"—"
"2879";"3";"—";"194000";"56 72 66";"—";"Участвует в конкурсе";"1558821";"—"
"2880";"4";"—";"194000";"56 72 66";"—";"Участвует в конкурсе";"2394595";"—"
"2881";"7";"—";"194000";"54 70 70";"—";"Участвует в конкурсе";"1570339";"—"
"2882";"2";"—";"194000";"56 82 54";"2000";"Участвует в конкурсе";"2182163";"—"
"2883";"1";"—";"194000";"51 74 67";"2000";"Участвует в конкурсе";"1484408";"—"
"2884";"8";"—";"194000";"51 72 69";"2000";"Участвует в конкурсе";"956015";"—"
"2885";"5";"—";"194000";"78 58 55";"3000";"Участвует в конкурсе";"2000673";"—"
"2886";"4";"—";"194000";"64 76 51";"3000";"Участвует в конкурсе";"1157585";"—"
"2887";"24";"—";"194000";"64 58 69";"3000";"Участвует в конкурсе";"2244498";"—"
"2888";"4";"—";"194000";"64 52 75";"3000";"Участвует в конкурсе";"2307213";"—"
"2889";"2";"—";"194000";"62 74 55";"3000";"Участвует в конкурсе";"1980868";"—"
"2890";"4";"—";"194000";"51 76 64";"3000";"Участвует в конкурсе";"1194491";"—"
"2891";"3";"—";"194000";"67 70 52";"5000";"Участвует в конкурсе";"2242308";"—"
"2893";"2";"Электронное";"194000";"54 80 55";"5000";"Участвует в конкурсе";"2330433";"—"
"2894";"3";"—";"194000";"48 72 69";"5000";"Выбыл из конкурса";"2265587";"—"
"2895";"7";"—";"194000";"54 76 57";"7000";"Участвует в конкурсе";"1288661";"—"
"2896";"5";"—";"194000";"51 70 63";"10000";"Участвует в конкурсе";"1781847";"—"
"2897";"5";"—";"193000";"78 64 51";"—";"Участвует в конкурсе";"1329840";"—"
"2898";"4";"—";"193000";"78 64 51";"—";"Участвует в конкурсе";"2210838";"—"
"2899";"1";"—";"193000";"78 58 57";"—";"Участвует в конкурсе";"954374";"—"
"2900";"5";"—";"193000";"72 64 57";"—";"Участвует в конкурсе";"1565146";"—"
"2901";"7";"—";"193000";"72 58 63";"—";"Участвует в конкурсе";"2098799";"—"
"2902";"5";"—";"193000";"64 78 51";"—";"Участвует в конкурсе";"1654999";"—"
"2903";"5";"—";"193000";"62 70 61";"—";"Участвует в конкурсе";"1585587";"—"
"2904";"7";"—";"193000";"62 70 61";"—";"Участвует в конкурсе";"2100431";"—"
"2905";"2";"—";"193000";"62 64 67";"—";"Участвует в конкурсе";"2228024";"—"
"2906";"1";"Электронное";"193000";"59 76 58";"—";"Участвует в конкурсе";"1341404";"—"
"2907";"3";"—";"193000";"59 70 64";"—";"Участвует в конкурсе";"1541091";"—"
"2908";"2";"—";"193000";"59 70 64";"—";"Участвует в конкурсе";"1794088";"—"
"2909";"7";"—";"193000";"59 70 64";"—";"Участвует в конкурсе";"1703042";"—"
"2910";"6";"—";"193000";"59 70 64";"—";"Участвует в конкурсе";"2173612";"—"
"2911";"1";"—";"193000";"59 70 64";"—";"Участвует в конкурсе";"1277198";"—"
"2912";"1";"—";"193000";"56 76 61";"—";"Участвует в конкурсе";"1710473";"—"
"2913";"4";"—";"193000";"56 76 61";"—";"Участвует в конкурсе";"1763673";"—"
"2914";"3";"—";"193000";"56 70 67";"—";"Участвует в конкурсе";"1368042";"—"
"2915";"15";"—";"193000";"56 70 67";"—";"Участвует в конкурсе";"1916894";"—"
"2916";"4";"—";"193000";"54 72 67";"—";"Участвует в конкурсе";"2056954";"—"
"2917";"4";"—";"193000";"54 70 69";"—";"Участвует в конкурсе";"1493769";"—"
"2918";"15";"—";"193000";"54 64 75";"—";"Участвует в конкурсе";"1211146";"—"
"2921";"5";"—";"193000";"80 58 52";"3000";"Участвует в конкурсе";"1579827";"—"
"2923";"1";"Электронное";"193000";"72 58 60";"3000";"Участвует в конкурсе";"1875910";"—"
"2924";"6";"—";"193000";"59 70 61";"3000";"Участвует в конкурсе";"2310912";"—"
"2925";"12";"—";"193000";"59 70 61";"3000";"Участвует в конкурсе";"1796226";"—"
"2926";"1";"Электронное";"193000";"54 78 58";"3000";"Участвует в конкурсе";"1131883";"—"
"2927";"13";"—";"193000";"51 72 67";"3000";"Участвует в конкурсе";"2323430";"—"
"2928";"1";"—";"193000";"54 64 67";"8000";"Участвует в конкурсе";"2344188";"—"
"2929";"4";"—";"193000";"46 70 69";"8000";"Выбыл из конкурса";"2288519";"—"
"2930";"1";"Электронное";"193000";"59 64 60";"10000";"Участвует в конкурсе";"1670586";"—"
"2931";"5";"—";"193000";"48 74 61";"10000";"Выбыл из конкурса";"1855372";"—"
"2932";"7";"—";"192000";"72 72 48";"—";"Выбыл из конкурса";"1444063";"—"
"2933";"4";"—";"192000";"70 70 52";"—";"Участвует в конкурсе";"2425901";"—"
"2934";"4";"—";"192000";"70 64 58";"—";"Участвует в конкурсе";"2217549";"—"
"2936";"1";"—";"192000";"67 70 55";"—";"Участвует в конкурсе";"1204568";"—"
"2937";"2";"—";"192000";"67 70 55";"—";"Участвует в конкурсе";"1213539";"—"
"2938";"1";"—";"192000";"67 70 55";"—";"Участвует в конкурсе";"2367649";"—"
"2940";"9";"—";"192000";"64 74 54";"—";"Участвует в конкурсе";"2101551";"—"
"2941";"4";"—";"192000";"64 70 58";"—";"Участвует в конкурсе";"1322331";"—"
"2942";"27";"—";"192000";"64 64 64";"—";"Участвует в конкурсе";"1443188";"—"
"2943";"4";"—";"192000";"64 64 64";"—";"Участвует в конкурсе";"957246";"—"
"2944";"5";"—";"192000";"64 64 64";"—";"Участвует в конкурсе";"2100482";"—"
"2945";"9";"—";"192000";"62 72 58";"—";"Участвует в конкурсе";"2101160";"—"
"2946";"11";"—";"192000";"62 70 60";"—";"Участвует в конкурсе";"2314911";"—"
"2947";"3";"—";"192000";"62 70 60";"—";"Участвует в конкурсе";"2328522";"—"
"2948";"2";"—";"192000";"62 58 72";"—";"Участвует в конкурсе";"2303778";"—"
"2949";"3";"—";"192000";"59 76 57";"—";"Участвует в конкурсе";"2207800";"—"
"2950";"12";"—";"192000";"59 76 57";"—";"Участвует в конкурсе";"2370230";"—"
"2951";"1";"—";"192000";"59 72 61";"—";"Участвует в конкурсе";"1331122";"—"
"2952";"3";"—";"192000";"59 72 61";"—";"Участвует в конкурсе";"2294294";"—"
"2953";"5";"—";"192000";"56 72 64";"—";"Участвует в конкурсе";"1180063";"—"
"2954";"9";"—";"192000";"56 72 64";"—";"Участвует в конкурсе";"1445413";"—"
"2955";"1";"—";"192000";"54 74 64";"—";"Участвует в конкурсе";"1761232";"—"
"2956";"2";"—";"192000";"54 72 66";"—";"Участвует в конкурсе";"2272897";"—"
"2957";"1";"Электронное";"192000";"51 74 67";"—";"Участвует в конкурсе";"1570291";"—"
"2958";"1";"—";"192000";"46 74 72";"—";"Выбыл из конкурса";"2135204";"—"
"2959";"8";"—";"192000";"72 64 54";"2000";"Участвует в конкурсе";"2006948";"—"
"2960";"5";"—";"192000";"67 64 58";"3000";"Участвует в конкурсе";"1498205";"—"
"2961";"2";"—";"192000";"67 64 58";"3000";"Участвует в конкурсе";"1423040";"—"
"2962";"2";"—";"192000";"62 72 55";"3000";"Участвует в конкурсе";"1585350";"—"
"2963";"1";"—";"192000";"51 72 66";"3000";"Участвует в конкурсе";"1584303";"—"
"2965";"3";"—";"192000";"62 72 52";"6000";"Участвует в конкурсе";"1361828";"—"
"2966";"14";"—";"192000";"67 64 54";"7000";"Участвует в конкурсе";"1434964";"—"
"2967";"7";"—";"192000";"72 52 60";"8000";"Участвует в конкурсе";"1343061";"—"
"2968";"4";"—";"192000";"54 70 60";"8000";"Участвует в конкурсе";"1825357";"—"
"2969";"2";"—";"191000";"75 64 52";"—";"Участвует в конкурсе";"1384279";"—"
"2970";"4";"—";"191000";"70 72 49";"—";"Выбыл из конкурса";"1328284";"—"
"2971";"1";"Электронное";"191000";"70 58 63";"—";"Участвует в конкурсе";"1366529";"—"
"2972";"23";"—";"191000";"64 76 51";"—";"Участвует в конкурсе";"1327711";"—"
"2973";"4";"—";"191000";"64 70 57";"—";"Участвует в конкурсе";"1482169";"—"
"2974";"2";"—";"191000";"64 64 63";"—";"Участвует в конкурсе";"1994538";"—"
"2975";"1";"—";"191000";"64 64 63";"—";"Участвует в конкурсе";"2225768";"—"
"2976";"2";"—";"191000";"64 58 69";"—";"Участвует в конкурсе";"2238439";"—"
"2977";"14";"—";"191000";"64 58 69";"—";"Участвует в конкурсе";"1290653";"—"
"2978";"1";"—";"191000";"62 72 57";"—";"Участвует в конкурсе";"1396326";"—"
"2979";"8";"—";"191000";"59 74 58";"—";"Участвует в конкурсе";"1316137";"—"
"2980";"2";"—";"191000";"59 74 58";"—";"Участвует в конкурсе";"2206581";"—"
"2981";"4";"—";"191000";"56 72 63";"—";"Участвует в конкурсе";"2053540";"—"
"2982";"7";"—";"191000";"54 70 67";"—";"Участвует в конкурсе";"2258945";"—"
"2983";"4";"—";"191000";"54 70 67";"—";"Участвует в конкурсе";"1547038";"—"
"2984";"13";"—";"191000";"51 76 64";"—";"Участвует в конкурсе";"1441901";"—"
"2985";"9";"—";"191000";"48 74 67";"2000";"Выбыл из конкурса";"1314465";"—"
"2986";"1";"—";"191000";"75 58 55";"3000";"Участвует в конкурсе";"1248671";"—"
"2987";"5";"—";"191000";"67 64 57";"3000";"Участвует в конкурсе";"1727218";"—"
"2988";"7";"—";"191000";"64 64 60";"3000";"Участвует в конкурсе";"1180542";"—"
"2989";"3";"—";"191000";"51 74 63";"3000";"Участвует в конкурсе";"1333594";"—"
"2990";"4";"—";"191000";"56 64 61";"10000";"Участвует в конкурсе";"2248575";"—"
"2991";"20";"—";"191000";"56 64 61";"10000";"Участвует в конкурсе";"2005370";"—"
"2992";"5";"—";"191000";"54 70 57";"10000";"Участвует в конкурсе";"1200523";"—"
"2993";"5";"—";"190000";"72 52 66";"—";"Участвует в конкурсе";"2322216";"—"
"2994";"2";"—";"190000";"67 72 51";"—";"Участвует в конкурсе";"2382614";"—"
"2995";"4";"—";"190000";"64 72 54";"—";"Участвует в конкурсе";"1409677";"—"
"2996";"3";"—";"190000";"62 76 52";"—";"Участвует в конкурсе";"2315319";"—"
"2997";"4";"—";"190000";"59 70 61";"—";"Участвует в конкурсе";"1843685";"—"
"2998";"3";"—";"190000";"59 70 61";"—";"Участвует в конкурсе";"2295985";"—"
"2999";"24";"—";"190000";"59 70 61";"—";"Участвует в конкурсе";"1359517";"—"
"3000";"6";"—";"190000";"59 70 61";"—";"Участвует в конкурсе";"2361583";"—"
"3001";"5";"—";"190000";"59 64 67";"—";"Участвует в конкурсе";"1058370";"—"
"3003";"8";"—";"190000";"54 76 60";"—";"Участвует в конкурсе";"2236414";"—"
"3004";"4";"—";"190000";"51 76 63";"—";"Участвует в конкурсе";"1785039";"—"
"3005";"9";"—";"190000";"59 70 54";"7000";"Участвует в конкурсе";"2268635";"—"
"3006";"8";"—";"190000";"62 64 54";"10000";"Участвует в конкурсе";"1576868";"—"
"3007";"5";"—";"190000";"56 64 60";"10000";"Участвует в конкурсе";"1829755";"—"
"3008";"6";"—";"189000";"70 64 55";"—";"Участвует в конкурсе";"1363856";"—"
"3009";"4";"—";"189000";"67 64 58";"—";"Участвует в конкурсе";"1258287";"—"
"3010";"1";"—";"189000";"67 58 64";"—";"Участвует в конкурсе";"1856137";"—"
"3011";"2";"—";"189000";"64 74 51";"—";"Участвует в конкурсе";"1283997";"—"
"3012";"6";"—";"189000";"64 64 61";"—";"Участвует в конкурсе";"2183936";"—"
"3013";"4";"—";"189000";"64 64 61";"—";"Участвует в конкурсе";"1364851";"—"
"3014";"5";"—";"189000";"64 64 61";"—";"Участвует в конкурсе";"1716791";"—"
"3015";"4";"—";"189000";"64 52 73";"—";"Участвует в конкурсе";"2178525";"—"
"3016";"2";"—";"189000";"64 52 73";"—";"Участвует в конкурсе";"2421563";"—"
"3017";"9";"—";"189000";"62 72 55";"—";"Участвует в конкурсе";"1571062";"—"
"3018";"9";"—";"189000";"62 64 63";"—";"Участвует в конкурсе";"1574301";"—"
"3019";"6";"—";"189000";"59 70 60";"—";"Участвует в конкурсе";"1180983";"—"
"3020";"2";"—";"189000";"59 70 60";"—";"Участвует в конкурсе";"1613875";"—"
"3021";"7";"—";"189000";"59 70 60";"—";"Участвует в конкурсе";"1985034";"—"
"3022";"2";"—";"189000";"59 70 60";"—";"Участвует в конкурсе";"2166651";"—"
"3023";"2";"—";"189000";"59 70 60";"—";"Участвует в конкурсе";"2249123";"—"
"3024";"4";"—";"189000";"59 58 72";"—";"Участвует в конкурсе";"1618761";"—"
"3025";"5";"—";"189000";"56 70 63";"—";"Участвует в конкурсе";"1561506";"—"
"3027";"2";"Электронное";"189000";"56 64 69";"—";"Участвует в конкурсе";"2156888";"—"
"3028";"2";"—";"189000";"54 80 55";"—";"Участвует в конкурсе";"1463358";"—"
"3029";"9";"—";"189000";"51 74 64";"—";"Участвует в конкурсе";"1722633";"—"
"3030";"5";"—";"189000";"51 72 66";"—";"Участвует в конкурсе";"1706396";"—"
"3031";"5";"—";"189000";"51 72 66";"—";"Участвует в конкурсе";"2267802";"—"
"3033";"8";"—";"189000";"51 82 54";"2000";"Участвует в конкурсе";"2273768";"—"
"3034";"3";"—";"189000";"80 64 42";"3000";"Выбыл из конкурса";"1251071";"—"
"3035";"4";"—";"189000";"70 58 58";"3000";"Участвует в конкурсе";"1287020";"—"
"3036";"2";"—";"189000";"64 58 64";"3000";"Участвует в конкурсе";"2263500";"—"
"3038";"1";"Электронное";"189000";"62 64 60";"3000";"Участвует в конкурсе";"1415302";"—"
"3039";"1";"Электронное";"189000";"56 64 66";"3000";"Участвует в конкурсе";"1267341";"—"
"3040";"2";"—";"189000";"51 74 61";"3000";"Участвует в конкурсе";"1559693";"—"
"3041";"3";"—";"189000";"72 58 54";"5000";"Участвует в конкурсе";"1572993";"—"
"3042";"1";"—";"189000";"48 64 67";"10000";"Выбыл из конкурса";"2184626";"—"
"3043";"1";"—";"188000";"78 58 52";"—";"Участвует в конкурсе";"1275660";"—"
"3044";"3";"—";"188000";"70 72 46";"—";"Выбыл из конкурса";"1865744";"—"
"3045";"8";"—";"188000";"70 64 54";"—";"Участвует в конкурсе";"1338783";"—"
"3046";"3";"—";"188000";"70 64 54";"—";"Участвует в конкурсе";"1719071";"—"
"3047";"11";"—";"188000";"70 58 60";"—";"Участвует в конкурсе";"1607127";"—"
"3048";"2";"—";"188000";"67 58 63";"—";"Участвует в конкурсе";"1258675";"—"
"3049";"5";"Электронное";"188000";"67 58 63";"—";"Участвует в конкурсе";"2044060";"—"
"3050";"14";"—";"188000";"67 58 63";"—";"Участвует в конкурсе";"1725604";"—"
"3051";"27";"—";"188000";"62 72 54";"—";"Участвует в конкурсе";"2299247";"—"
"3052";"2";"Электронное";"188000";"59 72 57";"—";"Участвует в конкурсе";"1178692";"—"
"3053";"2";"—";"188000";"59 72 57";"—";"Участвует в конкурсе";"1521574";"—"
"3054";"3";"—";"188000";"56 74 58";"—";"Участвует в конкурсе";"2379526";"—"
"3055";"18";"—";"188000";"56 72 60";"—";"Участвует в конкурсе";"1330225";"—"
"3056";"11";"—";"188000";"56 72 60";"—";"Участвует в конкурсе";"2099905";"—"
"3057";"15";"—";"188000";"54 82 52";"—";"Участвует в конкурсе";"1625156";"—"
"3058";"5";"—";"188000";"54 70 64";"—";"Участвует в конкурсе";"2219840";"—"
"3059";"2";"—";"188000";"51 74 63";"—";"Участвует в конкурсе";"1356900";"—"
"3060";"3";"—";"188000";"51 70 67";"—";"Участвует в конкурсе";"1255344";"—"
"3061";"11";"—";"188000";"48 70 70";"—";"Выбыл из конкурса";"1726181";"—"
"3062";"9";"—";"188000";"56 64 66";"2000";"Участвует в конкурсе";"2315176";"—"
"3063";"3";"—";"188000";"75 52 58";"3000";"Участвует в конкурсе";"2311842";"—"
"3064";"1";"Электронное";"188000";"72 58 55";"3000";"Участвует в конкурсе";"1989703";"—"
"3065";"7";"—";"188000";"64 70 51";"3000";"Участвует в конкурсе";"1132776";"—"
"3066";"2";"—";"188000";"64 64 57";"3000";"Участвует в конкурсе";"956668";"—"
"3067";"4";"—";"188000";"64 64 57";"3000";"Участвует в конкурсе";"1211314";"—"
"3068";"1";"—";"188000";"56 74 55";"3000";"Участвует в конкурсе";"1349304";"—"
"3069";"8";"—";"188000";"54 74 57";"3000";"Участвует в конкурсе";"1653151";"—"
"3070";"1";"—";"188000";"48 64 73";"3000";"Выбыл из конкурса";"2248016";"—"
"3071";"3";"—";"188000";"62 70 51";"5000";"Участвует в конкурсе";"1558698";"—"
"3072";"14";"—";"187000";"72 52 63";"—";"Участвует в конкурсе";"1999470";"—"
"3073";"2";"—";"187000";"62 64 61";"—";"Участвует в конкурсе";"1058302";"—"
"3074";"7";"—";"187000";"59 70 58";"—";"Участвует в конкурсе";"1470878";"—"
"3075";"20";"Электронное";"187000";"59 70 58";"—";"Участвует в конкурсе";"2173671";"—"
"3076";"4";"—";"187000";"59 64 64";"—";"Участвует в конкурсе";"1638756";"—"
"3077";"3";"—";"187000";"59 64 64";"—";"Участвует в конкурсе";"1898137";"—"
"3078";"3";"—";"187000";"59 58 70";"—";"Участвует в конкурсе";"1626892";"—"
"3080";"3";"—";"187000";"56 64 67";"—";"Участвует в конкурсе";"1511518";"—"
"3081";"6";"—";"187000";"56 58 73";"—";"Участвует в конкурсе";"2005157";"—"
"3082";"1";"—";"187000";"54 72 61";"—";"Участвует в конкурсе";"1958696";"—"
"3083";"11";"—";"187000";"54 58 75";"—";"Участвует в конкурсе";"1363699";"—"
"3084";"9";"—";"187000";"51 76 60";"—";"Участвует в конкурсе";"1241043";"—"
"3085";"1";"Электронное";"187000";"51 72 64";"—";"Участвует в конкурсе";"1687955";"—"
"3086";"10";"—";"187000";"51 72 64";"—";"Участвует в конкурсе";"2001770";"—"
"3087";"4";"—";"187000";"51 70 66";"—";"Участвует в конкурсе";"1258790";"—"
"3088";"2";"—";"187000";"51 64 72";"—";"Участвует в конкурсе";"1348612";"—"
"3089";"8";"—";"187000";"75 58 51";"3000";"Участвует в конкурсе";"1441556";"—"
"3090";"2";"—";"187000";"72 52 60";"3000";"Участвует в конкурсе";"1180046";"—"
"3091";"7";"—";"187000";"59 64 61";"3000";"Участвует в конкурсе";"1369854";"—"
"3092";"4";"—";"187000";"54 70 60";"3000";"Участвует в конкурсе";"1851689";"—"
"3093";"5";"—";"187000";"48 72 64";"3000";"Выбыл из конкурса";"1829226";"—"
"3094";"5";"—";"187000";"48 70 66";"3000";"Выбыл из конкурса";"1245551";"—"
"3095";"1";"Электронное";"187000";"51 74 57";"5000";"Участвует в конкурсе";"1186537";"—"
"3096";"2";"—";"187000";"46 65 66";"10000";"Выбыл из конкурса";"1719877";"—"
"3097";"3";"—";"186000";"70 64 52";"—";"Участвует в конкурсе";"1912575";"—"
"3099";"2";"—";"186000";"64 74 48";"—";"Выбыл из конкурса";"1198944";"—"
"3100";"2";"—";"186000";"64 64 58";"—";"Участвует в конкурсе";"1715984";"—"
"3101";"4";"—";"186000";"64 58 64";"—";"Участвует в конкурсе";"2027312";"—"
"3102";"6";"—";"186000";"62 72 52";"—";"Участвует в конкурсе";"1845517";"—"
"3103";"1";"—";"186000";"62 64 60";"—";"Участвует в конкурсе";"2344549";"—"
"3104";"1";"—";"186000";"62 58 66";"—";"Участвует в конкурсе";"1364830";"—"
"3105";"1";"—";"186000";"62 58 66";"—";"Участвует в конкурсе";"1327537";"—"
"3106";"1";"—";"186000";"59 72 55";"—";"Участвует в конкурсе";"1698961";"—"
"3107";"8";"—";"186000";"56 72 58";"—";"Участвует в конкурсе";"1708422";"—"
"3108";"5";"—";"186000";"56 70 60";"—";"Участвует в конкурсе";"1840475";"—"
"3109";"1";"—";"186000";"56 64 66";"—";"Участвует в конкурсе";"2268709";"—"
"3110";"5";"—";"186000";"54 72 60";"—";"Участвует в конкурсе";"2253958";"—"
"3111";"2";"—";"186000";"51 72 63";"—";"Участвует в конкурсе";"2227807";"—"
"3112";"3";"—";"186000";"48 72 66";"—";"Выбыл из конкурса";"1625961";"—"
"3113";"4";"—";"186000";"51 76 57";"2000";"Участвует в конкурсе";"1264799";"—"
"3114";"7";"—";"186000";"62 72 49";"3000";"Выбыл из конкурса";"2229599";"—"
"3115";"2";"—";"186000";"62 70 51";"3000";"Участвует в конкурсе";"1440847";"—"
"3116";"3";"—";"186000";"62 64 57";"3000";"Участвует в конкурсе";"2225459";"—"
"3117";"1";"Электронное";"186000";"62 58 63";"3000";"Участвует в конкурсе";"1207380";"—"
"3118";"13";"—";"186000";"59 72 52";"3000";"Участвует в конкурсе";"1621357";"—"
"3120";"14";"—";"186000";"54 78 51";"3000";"Участвует в конкурсе";"1696864";"—"
"3121";"3";"Электронное";"186000";"54 72 57";"3000";"Участвует в конкурсе";"1643643";"—"
"3122";"3";"—";"186000";"48 78 57";"3000";"Выбыл из конкурса";"2085328";"—"
"3123";"5";"—";"186000";"48 78 57";"3000";"Выбыл из конкурса";"2327797";"—"
"3124";"9";"—";"186000";"59 58 64";"5000";"Участвует в конкурсе";"1028532";"—"
"3125";"8";"—";"186000";"56 70 55";"5000";"Участвует в конкурсе";"1979249";"—"
"3126";"5";"—";"186000";"64 52 60";"10000";"Участвует в конкурсе";"2182167";"—"
"3127";"3";"—";"185000";"78 52 55";"—";"Участвует в конкурсе";"1644472";"—"
"3128";"7";"—";"185000";"75 58 52";"—";"Участвует в конкурсе";"1638727";"—"
"3129";"1";"—";"185000";"72 70 43";"—";"Выбыл из конкурса";"2392230";"—"
"3130";"3";"—";"185000";"72 58 55";"—";"Участвует в конкурсе";"1605988";"—"
"3131";"3";"—";"185000";"67 58 60";"—";"Участвует в конкурсе";"2171589";"—"
"3132";"2";"—";"185000";"64 58 63";"—";"Участвует в конкурсе";"1250718";"—"
"3133";"5";"—";"185000";"64 58 63";"—";"Участвует в конкурсе";"2331816";"—"
"3134";"27";"—";"185000";"59 72 54";"—";"Участвует в конкурсе";"2238869";"—"
"3135";"7";"—";"185000";"56 74 55";"—";"Участвует в конкурсе";"1516199";"—"
"3136";"4";"—";"185000";"56 74 55";"—";"Участвует в конкурсе";"1292115";"—"
"3137";"4";"—";"185000";"54 70 61";"—";"Участвует в конкурсе";"2266622";"—"
"3138";"1";"—";"185000";"54 70 61";"—";"Участвует в конкурсе";"2355648";"—"
"3139";"5";"—";"185000";"54 70 61";"—";"Участвует в конкурсе";"2424088";"—"
"3140";"2";"—";"185000";"51 80 54";"—";"Участвует в конкурсе";"2230045";"—"
"3141";"1";"Электронное";"185000";"51 74 60";"—";"Участвует в конкурсе";"1674683";"—"
"3142";"1";"Электронное";"185000";"51 70 64";"—";"Участвует в конкурсе";"1182557";"—"
"3143";"4";"—";"185000";"48 74 63";"—";"Выбыл из конкурса";"1541512";"—"
"3144";"4";"—";"185000";"70 64 48";"3000";"Выбыл из конкурса";"2047793";"—"
"3145";"4";"—";"185000";"70 58 54";"3000";"Участвует в конкурсе";"1177019";"—"
"3146";"1";"—";"185000";"64 64 54";"3000";"Участвует в конкурсе";"1799527";"—"
"3147";"3";"—";"185000";"64 52 66";"3000";"Участвует в конкурсе";"1425402";"—"
"3148";"7";"—";"185000";"54 64 63";"4000";"Участвует в конкурсе";"1950668";"—"
"3149";"21";"—";"185000";"62 52 61";"10000";"Участвует в конкурсе";"2054883";"—"
"3150";"1";"Электронное";"185000";"51 58 66";"10000";"Участвует в конкурсе";"1646495";"—"
"3151";"12";"—";"184000";"82 40 62";"—";"Выбыл из конкурса";"1473734";"—"
"3152";"1";"—";"184000";"80 52 52";"—";"Участвует в конкурсе";"1488496";"—"
"3153";"1";"—";"184000";"64 72 48";"—";"Выбыл из конкурса";"1815367";"—"
"3155";"7";"—";"184000";"62 70 52";"—";"Участвует в конкурсе";"1611824";"—"
"3156";"3";"—";"184000";"62 70 52";"—";"Участвует в конкурсе";"1627653";"—"
"3157";"7";"—";"184000";"62 70 52";"—";"Участвует в конкурсе";"1310738";"—"
"3158";"4";"—";"184000";"62 70 52";"—";"Участвует в конкурсе";"2176094";"—"
"3159";"6";"—";"184000";"62 70 52";"—";"Участвует в конкурсе";"2308441";"—"
"3160";"19";"—";"184000";"59 74 51";"—";"Участвует в конкурсе";"1003551";"—"
"3161";"4";"—";"184000";"56 64 64";"—";"Участвует в конкурсе";"1665972";"—"
"3162";"1";"Электронное";"184000";"56 64 64";"—";"Участвует в конкурсе";"1281255";"—"
"3163";"2";"—";"184000";"54 72 58";"—";"Участвует в конкурсе";"1833980";"—"
"3164";"1";"Электронное";"184000";"54 64 66";"—";"Участвует в конкурсе";"2003956";"—"
"3165";"3";"—";"184000";"54 58 72";"—";"Участвует в конкурсе";"831133";"—"
"3166";"1";"Электронное";"184000";"51 78 55";"—";"Участвует в конкурсе";"1748863";"—"
"3167";"2";"—";"184000";"51 78 55";"—";"Участвует в конкурсе";"1035959";"—"
"3168";"16";"—";"184000";"51 72 61";"—";"Участвует в конкурсе";"1120958";"—"
"3169";"5";"—";"184000";"46 72 66";"—";"Выбыл из конкурса";"2166745";"—"
"3170";"4";"—";"184000";"72 58 52";"2000";"Участвует в конкурсе";"1291929";"—"
"3171";"2";"—";"184000";"56 72 54";"2000";"Участвует в конкурсе";"1365360";"—"
"3172";"7";"—";"184000";"59 64 58";"3000";"Участвует в конкурсе";"2248156";"—"
"3173";"3";"—";"184000";"56 70 55";"3000";"Участвует в конкурсе";"1397841";"—"
"3174";"1";"—";"184000";"56 58 67";"3000";"Участвует в конкурсе";"1971581";"—"
"3175";"2";"—";"184000";"51 72 58";"3000";"Участвует в конкурсе";"2344170";"—"
"3178";"1";"—";"183000";"70 58 55";"—";"Участвует в конкурсе";"2184746";"—"
"3179";"15";"—";"183000";"67 58 58";"—";"Участвует в конкурсе";"2335987";"—"
"3180";"2";"—";"183000";"67 52 64";"—";"Участвует в конкурсе";"1885144";"—"
"3181";"4";"—";"183000";"64 64 55";"—";"Участвует в конкурсе";"1398975";"—"
"3182";"1";"Электронное";"183000";"64 58 61";"—";"Участвует в конкурсе";"1287860";"—"
"3183";"1";"—";"183000";"62 72 49";"—";"Выбыл из конкурса";"2143545";"—"
"3184";"5";"—";"183000";"62 70 51";"—";"Участвует в конкурсе";"2053499";"—"
"3185";"22";"—";"183000";"59 72 52";"—";"Участвует в конкурсе";"1782030";"—"
"3186";"1";"—";"183000";"59 70 54";"—";"Участвует в конкурсе";"2382667";"—"
"3187";"18";"—";"183000";"59 64 60";"—";"Участвует в конкурсе";"1324037";"—"
"3188";"1";"—";"183000";"59 52 72";"—";"Участвует в конкурсе";"1699253";"—"
"3190";"1";"—";"183000";"56 70 57";"—";"Участвует в конкурсе";"1953697";"—"
"3191";"15";"—";"183000";"56 70 57";"—";"Участвует в конкурсе";"2341631";"—"
"3194";"3";"—";"183000";"48 72 63";"—";"Выбыл из конкурса";"1908289";"—"
"3195";"8";"—";"183000";"46 76 61";"—";"Выбыл из конкурса";"1257815";"—"
"3196";"4";"—";"183000";"70 58 52";"3000";"Участвует в конкурсе";"2255620";"—"
"3197";"4";"—";"183000";"67 52 61";"3000";"Участвует в конкурсе";"1987858";"—"
"3198";"4";"—";"183000";"64 64 52";"3000";"Участвует в конкурсе";"1915088";"—"
"3199";"1";"Электронное";"183000";"59 64 57";"3000";"Участвует в конкурсе";"1616839";"—"
"3200";"11";"—";"183000";"56 70 54";"3000";"Участвует в конкурсе";"1921899";"—"
"3201";"5";"—";"183000";"48 52 78";"5000";"Выбыл из конкурса";"1952080";"—"
"3203";"7";"—";"183000";"46 64 63";"10000";"Выбыл из конкурса";"1344576";"—"
"3204";"2";"—";"182000";"78 52 52";"—";"Участвует в конкурсе";"1437948";"—"
"3205";"1";"—";"182000";"70 58 54";"—";"Участвует в конкурсе";"1355859";"—"
"3206";"4";"—";"182000";"67 64 51";"—";"Участвует в конкурсе";"1193814";"—"
"3207";"16";"—";"182000";"67 52 63";"—";"Участвует в конкурсе";"1207696";"—"
"3208";"5";"—";"182000";"67 52 63";"—";"Участвует в конкурсе";"1173181";"—"
"3209";"17";"—";"182000";"64 72 46";"—";"Выбыл из конкурса";"2321452";"—"
"3210";"1";"—";"182000";"64 64 54";"—";"Участвует в конкурсе";"1343745";"—"
"3211";"8";"—";"182000";"64 64 54";"—";"Участвует в конкурсе";"1002450";"—"
"3212";"2";"Электронное";"182000";"64 64 54";"—";"Участвует в конкурсе";"1187850";"—"
"3213";"14";"—";"182000";"59 72 51";"—";"Участвует в конкурсе";"1438104";"—"
"3214";"18";"—";"182000";"59 72 51";"—";"Участвует в конкурсе";"2218344";"—"
"3215";"1";"—";"182000";"54 74 54";"—";"Участвует в конкурсе";"2269787";"—"
"3216";"8";"—";"182000";"54 70 58";"—";"Участвует в конкурсе";"1202839";"—"
"3217";"3";"—";"182000";"54 64 64";"—";"Участвует в конкурсе";"2221547";"—"
"3218";"2";"—";"182000";"54 64 64";"—";"Участвует в конкурсе";"2250878";"—"
"3219";"6";"—";"182000";"51 76 55";"—";"Участвует в конкурсе";"2394597";"—"
"3220";"20";"—";"182000";"51 74 57";"—";"Участвует в конкурсе";"2340644";"—"
"3221";"2";"Электронное";"182000";"51 70 61";"—";"Участвует в конкурсе";"1215649";"—"
"3222";"11";"Электронное";"182000";"51 64 67";"—";"Участвует в конкурсе";"2171388";"—"
"3223";"5";"—";"182000";"51 64 67";"—";"Участвует в конкурсе";"2202393";"—"
"3224";"3";"—";"182000";"67 52 61";"2000";"Участвует в конкурсе";"1647504";"—"
"3225";"7";"—";"182000";"64 58 58";"2000";"Участвует в конкурсе";"2236763";"—"
"3226";"1";"—";"182000";"54 58 67";"3000";"Участвует в конкурсе";"1255434";"—"
"3227";"6";"—";"182000";"51 74 54";"3000";"Участвует в конкурсе";"2163739";"—"
"3228";"3";"—";"182000";"51 70 58";"3000";"Участвует в конкурсе";"2221894";"—"
"3229";"22";"—";"182000";"48 58 73";"3000";"Выбыл из конкурса";"1915716";"—"
"3230";"2";"—";"182000";"56 58 58";"10000";"Участвует в конкурсе";"2249393";"—"
"3231";"8";"—";"181000";"62 64 55";"—";"Участвует в конкурсе";"1640379";"—"
"3232";"2";"—";"181000";"62 64 55";"—";"Участвует в конкурсе";"1254582";"—"
"3233";"8";"—";"181000";"59 70 52";"—";"Участвует в конкурсе";"1261651";"—"
"3234";"5";"—";"181000";"59 70 52";"—";"Участвует в конкурсе";"1793011";"—"
"3235";"5";"—";"181000";"59 64 58";"—";"Участвует в конкурсе";"1178507";"—"
"3236";"1";"—";"181000";"59 64 58";"—";"Участвует в конкурсе";"1414906";"—"
"3238";"1";"—";"181000";"56 64 61";"—";"Участвует в конкурсе";"2214714";"—"
"3239";"4";"—";"181000";"56 52 73";"—";"Участвует в конкурсе";"1728104";"—"
"3240";"4";"—";"181000";"54 84 43";"—";"Выбыл из конкурса";"2301888";"—"
"3241";"5";"—";"181000";"54 78 49";"—";"Выбыл из конкурса";"1782200";"—"
"3242";"6";"—";"181000";"54 72 55";"—";"Участвует в конкурсе";"2228760";"—"
"3243";"6";"—";"181000";"54 58 69";"—";"Участвует в конкурсе";"1798024";"—"
"3244";"10";"—";"181000";"51 72 58";"—";"Участвует в конкурсе";"1728976";"—"
"3245";"8";"—";"181000";"51 70 60";"—";"Участвует в конкурсе";"2331230";"—"
"3246";"12";"—";"181000";"51 64 66";"—";"Участвует в конкурсе";"1342652";"—"
"3247";"2";"—";"181000";"51 58 72";"—";"Участвует в конкурсе";"944872";"—"
"3248";"1";"—";"181000";"48 78 55";"—";"Выбыл из конкурса";"1321355";"—"
"3249";"8";"—";"181000";"67 52 60";"2000";"Участвует в конкурсе";"1285777";"—"
"3250";"6";"—";"181000";"48 64 67";"2000";"Выбыл из конкурса";"1996725";"—"
"3251";"13";"—";"181000";"72 40 66";"3000";"Выбыл из конкурса";"1905757";"—"
"3252";"2";"—";"181000";"62 64 52";"3000";"Участвует в конкурсе";"1172802";"—"
"3253";"1";"—";"181000";"56 70 52";"3000";"Участвует в конкурсе";"2394368";"—"
"3254";"4";"—";"181000";"56 64 58";"3000";"Участвует в конкурсе";"1177594";"—"
"3255";"7";"—";"181000";"54 64 60";"3000";"Участвует в конкурсе";"1507615";"—"
"3256";"2";"—";"181000";"51 64 63";"3000";"Участвует в конкурсе";"2000344";"—"
"3257";"3";"—";"181000";"51 58 69";"3000";"Участвует в конкурсе";"1882146";"—"
"3258";"5";"—";"181000";"54 72 49";"6000";"Выбыл из конкурса";"1707020";"—"
"3259";"2";"—";"181000";"51 72 51";"7000";"Участвует в конкурсе";"1729722";"—"
"3260";"2";"—";"181000";"59 58 54";"10000";"Участвует в конкурсе";"2419132";"—"
"3261";"11";"—";"180000";"70 52 58";"—";"Участвует в конкурсе";"1750470";"—"
"3262";"7";"—";"180000";"64 64 52";"—";"Участвует в конкурсе";"1421454";"—"
"3263";"1";"—";"180000";"64 64 52";"—";"Участвует в конкурсе";"1077573";"—"
"3264";"2";"—";"180000";"59 70 51";"—";"Участвует в конкурсе";"1429651";"—"
"3265";"3";"—";"180000";"59 58 63";"—";"Участвует в конкурсе";"1397339";"—"
"3266";"4";"—";"180000";"51 80 49";"—";"Выбыл из конкурса";"1846830";"—"
"3267";"3";"—";"180000";"46 64 70";"—";"Выбыл из конкурса";"1569847";"—"
"3268";"6";"—";"180000";"46 64 70";"—";"Выбыл из конкурса";"1517206";"—"
"3269";"3";"—";"180000";"83 52 42";"3000";"Выбыл из конкурса";"2323829";"—"
"3270";"2";"—";"180000";"70 58 49";"3000";"Выбыл из конкурса";"1005098";"—"
"3271";"3";"—";"180000";"59 58 60";"3000";"Участвует в конкурсе";"2036322";"—"
"3272";"1";"—";"180000";"43 76 58";"3000";"Выбыл из конкурса";"1292575";"—"
"3273";"8";"—";"180000";"56 70 49";"5000";"Выбыл из конкурса";"2243600";"—"
"3274";"3";"—";"180000";"56 58 58";"8000";"Участвует в конкурсе";"1998642";"—"
"3275";"8";"—";"179000";"70 52 57";"—";"Участвует в конкурсе";"2361350";"—"
"3276";"7";"—";"179000";"67 64 48";"—";"Выбыл из конкурса";"1202781";"—"
"3277";"2";"Электронное";"179000";"67 52 60";"—";"Участвует в конкурсе";"1272861";"—"
"3278";"7";"—";"179000";"64 64 51";"—";"Участвует в конкурсе";"2100441";"—"
"3279";"1";"Электронное";"179000";"64 64 51";"—";"Участвует в конкурсе";"2333033";"—"
"3280";"4";"Электронное";"179000";"64 52 63";"—";"Участвует в конкурсе";"1176003";"—"
"3281";"6";"—";"179000";"62 74 43";"—";"Выбыл из конкурса";"1914389";"—"
"3282";"2";"—";"179000";"56 72 51";"—";"Участвует в конкурсе";"1981726";"—"
"3283";"7";"—";"179000";"54 64 61";"—";"Участвует в конкурсе";"2018646";"—"
"3284";"4";"—";"179000";"54 64 61";"—";"Участвует в конкурсе";"1177917";"—"
"3285";"11";"Электронное";"179000";"54 64 61";"—";"Участвует в конкурсе";"2233572";"—"
"3286";"1";"—";"179000";"51 70 58";"—";"Участвует в конкурсе";"2303629";"—"
"3287";"8";"—";"179000";"51 70 58";"—";"Участвует в конкурсе";"1654721";"—"
"3288";"11";"—";"179000";"51 64 64";"—";"Участвует в конкурсе";"1655261";"—"
"3290";"4";"—";"179000";"48 58 73";"—";"Выбыл из конкурса";"1640746";"—"
"3291";"1";"Электронное";"179000";"56 70 51";"2000";"Участвует в конкурсе";"1202774";"—"
"3292";"3";"—";"179000";"54 70 52";"3000";"Участвует в конкурсе";"1647822";"—"
"3293";"4";"—";"179000";"51 64 61";"3000";"Участвует в конкурсе";"1985144";"—"
"3294";"9";"—";"179000";"46 70 60";"3000";"Выбыл из конкурса";"1901940";"—"
"3295";"2";"—";"179000";"64 58 52";"5000";"Участвует в конкурсе";"2101527";"—"
"3296";"1";"—";"178000";"59 70 49";"—";"Выбыл из конкурса";"1603215";"—"
"3297";"4";"—";"178000";"59 58 61";"—";"Участвует в конкурсе";"1525145";"—"
"3298";"1";"Электронное";"178000";"59 58 61";"—";"Участвует в конкурсе";"1291163";"—"
"3299";"1";"—";"178000";"59 58 61";"—";"Участвует в конкурсе";"2041806";"—"
"3300";"18";"—";"178000";"56 70 52";"—";"Участвует в конкурсе";"1253238";"—"
"3301";"6";"—";"178000";"56 58 64";"—";"Участвует в конкурсе";"1286204";"—"
"3302";"1";"Электронное";"178000";"54 72 52";"—";"Участвует в конкурсе";"1632845";"—"
"3303";"8";"—";"178000";"54 70 54";"—";"Участвует в конкурсе";"1621052";"—"
"3304";"12";"—";"178000";"54 64 60";"—";"Участвует в конкурсе";"2330624";"—"
"3305";"4";"—";"178000";"54 58 66";"—";"Участвует в конкурсе";"1078633";"—"
"3307";"11";"—";"178000";"51 70 57";"—";"Участвует в конкурсе";"1643936";"—"
"3308";"1";"—";"178000";"48 72 58";"—";"Выбыл из конкурса";"1878714";"—"
"3309";"13";"—";"178000";"40 72 66";"—";"Выбыл из конкурса";"2227782";"—"
"3310";"8";"—";"178000";"64 64 48";"2000";"Выбыл из конкурса";"1575508";"—"
"3311";"4";"—";"178000";"59 52 64";"3000";"Участвует в конкурсе";"1929558";"—"
"3312";"16";"—";"178000";"54 58 63";"3000";"Участвует в конкурсе";"2302537";"—"
"3313";"10";"—";"178000";"51 58 66";"3000";"Участвует в конкурсе";"1060762";"—"
"3314";"1";"—";"178000";"51 58 61";"8000";"Участвует в конкурсе";"1357732";"—"
"3315";"2";"—";"178000";"41 64 63";"10000";"Выбыл из конкурса";"1832303";"—"
"3316";"8";"—";"177000";"70 58 49";"—";"Выбыл из конкурса";"1849504";"—"
"3317";"14";"—";"177000";"67 52 58";"—";"Участвует в конкурсе";"1308751";"—"
"3318";"4";"—";"177000";"64 70 43";"—";"Выбыл из конкурса";"1204971";"—"
"3319";"14";"—";"177000";"64 58 55";"—";"Участвует в конкурсе";"2036685";"—"
"3320";"4";"—";"177000";"64 52 61";"—";"Участвует в конкурсе";"1586661";"—"
"3321";"5";"—";"177000";"62 64 51";"—";"Участвует в конкурсе";"1322696";"—"
"3322";"3";"—";"177000";"59 64 54";"—";"Участвует в конкурсе";"1257045";"—"
"3323";"6";"—";"177000";"54 72 51";"—";"Участвует в конкурсе";"1251366";"—"
"3324";"1";"Электронное";"177000";"54 72 51";"—";"Участвует в конкурсе";"2213164";"—"
"3325";"5";"—";"177000";"51 74 52";"—";"Участвует в конкурсе";"1311968";"—"
"3326";"12";"—";"177000";"59 52 64";"2000";"Участвует в конкурсе";"2054563";"—"
"3327";"11";"—";"177000";"59 64 51";"3000";"Участвует в конкурсе";"1259115";"—"
"3328";"3";"—";"177000";"56 64 54";"3000";"Участвует в конкурсе";"1518776";"—"
"3329";"1";"—";"177000";"56 58 58";"5000";"Участвует в конкурсе";"1214297";"—"
"3330";"9";"—";"177000";"54 52 66";"5000";"Участвует в конкурсе";"2300951";"—"
"3331";"13";"—";"177000";"48 72 52";"5000";"Выбыл из конкурса";"1852174";"—"
"3332";"4";"—";"176000";"70 58 48";"—";"Выбыл из конкурса";"1777525";"—"
"3333";"2";"—";"176000";"67 58 51";"—";"Участвует в конкурсе";"1647604";"—"
"3334";"2";"—";"176000";"67 52 57";"—";"Участвует в конкурсе";"1279853";"—"
"3336";"5";"—";"176000";"64 46 66";"—";"Выбыл из конкурса";"1906979";"—"
"3337";"5";"—";"176000";"54 70 52";"—";"Участвует в конкурсе";"2229058";"—"
"3338";"1";"—";"176000";"51 64 61";"—";"Участвует в конкурсе";"1573570";"—"
"3339";"1";"—";"176000";"51 64 61";"—";"Участвует в конкурсе";"1914947";"—"
"3341";"4";"—";"176000";"56 64 54";"2000";"Участвует в конкурсе";"2197633";"—"
"3342";"1";"—";"176000";"54 70 49";"3000";"Выбыл из конкурса";"2203455";"—"
"3343";"15";"—";"176000";"43 76 54";"3000";"Выбыл из конкурса";"2199398";"—"
"3344";"4";"—";"175000";"62 70 43";"—";"Выбыл из конкурса";"1858691";"—"
"3345";"1";"—";"175000";"62 70 43";"—";"Выбыл из конкурса";"953891";"—"
"3346";"11";"—";"175000";"62 58 55";"—";"Участвует в конкурсе";"2221719";"—"
"3347";"21";"—";"175000";"59 64 52";"—";"Участвует в конкурсе";"1652760";"—"
"3348";"6";"—";"175000";"56 64 55";"—";"Участвует в конкурсе";"1290286";"—"
"3349";"20";"—";"175000";"56 64 55";"—";"Участвует в конкурсе";"2000264";"—"
"3350";"4";"—";"175000";"56 64 55";"—";"Участвует в конкурсе";"2425577";"—"
"3351";"3";"—";"175000";"51 70 54";"—";"Участвует в конкурсе";"2338871";"—"
"3352";"2";"Электронное";"175000";"51 64 60";"—";"Участвует в конкурсе";"1364461";"—"
"3353";"5";"—";"175000";"51 58 66";"—";"Участвует в конкурсе";"292291";"—"
"3354";"7";"—";"175000";"48 72 55";"—";"Выбыл из конкурса";"1520250";"—"
"3356";"24";"—";"175000";"46 52 77";"—";"Выбыл из конкурса";"2424538";"—"
"3357";"2";"—";"175000";"51 64 58";"2000";"Участвует в конкурсе";"1261176";"—"
"3358";"1";"—";"175000";"56 64 52";"3000";"Участвует в конкурсе";"1337567";"—"
"3359";"1";"—";"175000";"51 70 51";"3000";"Участвует в конкурсе";"1248596";"—"
"3360";"11";"—";"175000";"56 58 51";"10000";"Участвует в конкурсе";"2160882";"—"
"3362";"8";"—";"174000";"64 52 58";"—";"Участвует в конкурсе";"1410607";"—"
"3363";"3";"—";"174000";"62 70 42";"—";"Выбыл из конкурса";"2402191";"—"
"3364";"12";"—";"174000";"62 64 48";"—";"Выбыл из конкурса";"2369563";"—"
"3365";"2";"Электронное";"174000";"62 52 60";"—";"Участвует в конкурсе";"1466883";"—"
"3366";"2";"Электронное";"174000";"62 52 60";"—";"Участвует в конкурсе";"1346096";"—"
"3367";"2";"—";"174000";"62 52 60";"—";"Участвует в конкурсе";"2326589";"—"
"3368";"5";"—";"174000";"59 64 51";"—";"Участвует в конкурсе";"977916";"—"
"3369";"7";"—";"174000";"59 64 51";"—";"Участвует в конкурсе";"1080048";"—"
"3370";"21";"—";"174000";"56 70 48";"—";"Выбыл из конкурса";"1347040";"—"
"3371";"1";"Электронное";"174000";"56 58 60";"—";"Участвует в конкурсе";"1723435";"—"
"3372";"6";"—";"174000";"56 58 60";"—";"Участвует в конкурсе";"2381287";"—"
"3373";"2";"—";"174000";"46 70 58";"—";"Выбыл из конкурса";"2425492";"—"
"3374";"1";"—";"174000";"59 52 60";"3000";"Участвует в конкурсе";"1580135";"—"
"3375";"3";"—";"174000";"56 64 51";"3000";"Участвует в конкурсе";"1782254";"—"
"3376";"2";"—";"174000";"56 58 57";"3000";"Участвует в конкурсе";"2041281";"—"
"3377";"6";"—";"173000";"75 46 52";"—";"Выбыл из конкурса";"2431765";"—"
"3380";"6";"—";"173000";"67 58 48";"—";"Выбыл из конкурса";"1425598";"—"
"3381";"1";"Электронное";"173000";"67 52 54";"—";"Участвует в конкурсе";"1844278";"—"
"3382";"1";"—";"173000";"64 58 51";"—";"Участвует в конкурсе";"1444785";"—"
"3383";"3";"—";"173000";"64 52 57";"—";"Участвует в конкурсе";"2003745";"—"
"3384";"28";"—";"173000";"54 58 61";"—";"Участвует в конкурсе";"1882656";"—"
"3385";"4";"—";"173000";"51 52 70";"—";"Участвует в конкурсе";"1855700";"—"
"3386";"3";"—";"173000";"46 58 69";"—";"Выбыл из конкурса";"2098525";"—"
"3387";"5";"—";"173000";"43 70 60";"—";"Выбыл из конкурса";"2100676";"—"
"3388";"4";"—";"173000";"40 58 73";"2000";"Выбыл из конкурса";"1345721";"—"
"3389";"3";"—";"173000";"64 52 54";"3000";"Участвует в конкурсе";"2100631";"—"
"3390";"22";"—";"172000";"72 46 54";"—";"Выбыл из конкурса";"1840231";"—"
"3391";"8";"Электронное";"172000";"62 58 52";"—";"Участвует в конкурсе";"1851972";"—"
"3392";"5";"—";"172000";"59 58 55";"—";"Участвует в конкурсе";"1265696";"—"
"3393";"4";"—";"172000";"59 58 55";"—";"Участвует в конкурсе";"956684";"—"
"3394";"6";"Электронное";"172000";"59 58 55";"—";"Участвует в конкурсе";"1486928";"—"
"3395";"3";"—";"172000";"56 70 46";"—";"Выбыл из конкурса";"2340341";"—"
"3396";"12";"—";"172000";"56 58 58";"—";"Участвует в конкурсе";"1095181";"—"
"3397";"2";"Электронное";"172000";"56 52 64";"—";"Участвует в конкурсе";"1286807";"—"
"3398";"4";"—";"172000";"54 70 48";"—";"Выбыл из конкурса";"1333775";"—"
"3399";"7";"—";"172000";"54 58 60";"—";"Участвует в конкурсе";"1443568";"—"
"3400";"1";"Электронное";"172000";"51 70 51";"—";"Участвует в конкурсе";"1494156";"—"
"3401";"1";"Электронное";"172000";"51 70 51";"—";"Участвует в конкурсе";"2308180";"—"
"3402";"2";"—";"172000";"51 64 57";"—";"Участвует в конкурсе";"1353932";"—"
"3403";"1";"—";"172000";"51 58 63";"—";"Участвует в конкурсе";"1257734";"—"
"3404";"6";"—";"172000";"51 58 63";"—";"Участвует в конкурсе";"1393767";"—"
"3405";"4";"—";"172000";"51 58 63";"—";"Участвует в конкурсе";"2183129";"—"
"3406";"3";"—";"172000";"48 64 60";"—";"Выбыл из конкурса";"2178244";"—"
"3407";"3";"—";"172000";"48 52 72";"—";"Выбыл из конкурса";"1952633";"—"
"3408";"4";"—";"172000";"48 52 72";"—";"Выбыл из конкурса";"2083277";"—"
"3410";"5";"—";"172000";"40 70 60";"2000";"Выбыл из конкурса";"2202976";"—"
"3413";"5";"—";"171000";"64 58 49";"—";"Выбыл из конкурса";"1446329";"—"
"3414";"1";"—";"171000";"59 70 42";"—";"Выбыл из конкурса";"2039259";"—"
"3415";"3";"—";"171000";"59 58 54";"—";"Участвует в конкурсе";"1470920";"—"
"3416";"2";"Электронное";"171000";"56 52 63";"—";"Участвует в конкурсе";"1256259";"—"
"3417";"1";"—";"171000";"56 52 63";"—";"Участвует в конкурсе";"1235126";"—"
"3418";"14";"—";"171000";"56 52 63";"—";"Участвует в конкурсе";"1995832";"—"
"3419";"5";"—";"171000";"54 72 45";"—";"Выбыл из конкурса";"2206878";"—"
"3420";"1";"—";"171000";"51 58 62";"—";"Участвует в конкурсе";"2274391";"—"
"3421";"3";"—";"171000";"46 70 55";"—";"Выбыл из конкурса";"2344670";"—"
"3422";"2";"—";"171000";"46 64 61";"—";"Выбыл из конкурса";"2054106";"—"
"3423";"1";"—";"171000";"40 74 57";"—";"Выбыл из конкурса";"1854972";"—"
"3425";"4";"—";"171000";"62 58 49";"2000";"Выбыл из конкурса";"1692146";"—"
"3426";"13";"—";"171000";"59 58 52";"2000";"Участвует в конкурсе";"1912519";"—"
"3428";"2";"—";"171000";"62 58 48";"3000";"Выбыл из конкурса";"1179995";"—"
"3429";"3";"—";"170000";"67 52 51";"—";"Участвует в конкурсе";"2065742";"—"
"3430";"12";"—";"170000";"64 58 48";"—";"Выбыл из конкурса";"1431946";"—"
"3431";"11";"—";"170000";"64 58 48";"—";"Выбыл из конкурса";"1561719";"—"
"3432";"9";"—";"170000";"54 76 40";"—";"Выбыл из конкурса";"2390885";"—"
"3433";"3";"—";"170000";"54 58 58";"—";"Участвует в конкурсе";"1000022";"—"
"3434";"3";"—";"170000";"54 58 58";"—";"Участвует в конкурсе";"1353277";"—"
"3435";"1";"—";"170000";"51 58 61";"—";"Участвует в конкурсе";"2310181";"—"
"3436";"3";"—";"170000";"48 70 52";"—";"Выбыл из конкурса";"1645904";"—"
"3437";"5";"—";"170000";"48 70 52";"—";"Выбыл из конкурса";"1087520";"—"
"3438";"6";"—";"170000";"48 64 58";"—";"Выбыл из конкурса";"1441848";"—"
"3439";"3";"—";"170000";"48 58 64";"—";"Выбыл из конкурса";"2090392";"—"
"3440";"5";"—";"170000";"59 58 51";"2000";"Участвует в конкурсе";"2301287";"—"
"3441";"2";"—";"170000";"51 64 52";"3000";"Участвует в конкурсе";"2310186";"—"
"3442";"1";"—";"170000";"51 52 63";"4000";"Участвует в конкурсе";"1614707";"—"
"3443";"7";"—";"170000";"51 58 54";"7000";"Участвует в конкурсе";"1719088";"—"
"3444";"5";"—";"169000";"59 52 58";"—";"Участвует в конкурсе";"1360368";"—"
"3445";"1";"—";"169000";"56 58 55";"—";"Участвует в конкурсе";"1251167";"—"
"3446";"6";"—";"169000";"56 52 61";"—";"Участвует в конкурсе";"1241312";"—"
"3447";"2";"—";"169000";"56 52 61";"—";"Участвует в конкурсе";"1502834";"—"
"3448";"5";"—";"169000";"56 46 67";"—";"Выбыл из конкурса";"2245419";"—"
"3449";"9";"—";"169000";"54 64 51";"—";"Участвует в конкурсе";"1468287";"—"
"3450";"16";"—";"169000";"54 58 57";"—";"Участвует в конкурсе";"1777147";"—"
"3451";"2";"—";"169000";"54 58 57";"—";"Участвует в конкурсе";"1651530";"—"
"3452";"3";"—";"169000";"51 64 54";"—";"Участвует в конкурсе";"1522003";"—"
"3453";"1";"—";"169000";"51 64 54";"—";"Участвует в конкурсе";"2216750";"—"
"3454";"5";"—";"169000";"48 72 49";"—";"Выбыл из конкурса";"1168103";"—"
"3455";"4";"—";"169000";"48 70 51";"—";"Выбыл из конкурса";"2218610";"—"
"3456";"3";"—";"169000";"48 64 57";"—";"Выбыл из конкурса";"2215606";"—"
"3457";"16";"—";"169000";"48 58 63";"—";"Выбыл из конкурса";"1282960";"—"
"3458";"2";"—";"169000";"54 70 42";"3000";"Выбыл из конкурса";"1513036";"—"
"3459";"2";"—";"169000";"54 52 60";"3000";"Участвует в конкурсе";"2273601";"—"
"3460";"7";"—";"169000";"51 52 63";"3000";"Участвует в конкурсе";"2095749";"—"
"3461";"15";"—";"169000";"62 40 61";"6000";"Выбыл из конкурса";"2254875";"—"
"3462";"8";"—";"169000";"59 46 54";"10000";"Выбыл из конкурса";"2212649";"—"
"3463";"3";"—";"169000";"49 60 50";"10000";"Выбыл из конкурса";"1396449";"—"
"3464";"4";"—";"168000";"64 52 52";"—";"Участвует в конкурсе";"1595239";"—"
"3465";"14";"—";"168000";"62 58 48";"—";"Выбыл из конкурса";"1175423";"—"
"3466";"16";"—";"168000";"56 70 42";"—";"Выбыл из конкурса";"1430446";"—"
"3467";"1";"—";"168000";"56 64 48";"—";"Выбыл из конкурса";"2202788";"—"
"3468";"1";"—";"168000";"56 58 54";"—";"Участвует в конкурсе";"1654528";"—"
"3469";"3";"—";"168000";"56 52 60";"—";"Участвует в конкурсе";"1210483";"—"
"3470";"3";"—";"168000";"56 52 60";"—";"Участвует в конкурсе";"1713393";"—"
"3471";"21";"—";"168000";"56 52 60";"—";"Участвует в конкурсе";"2273348";"—"
"3473";"3";"—";"168000";"46 52 70";"—";"Выбыл из конкурса";"1507037";"—"
"3474";"1";"—";"168000";"43 64 61";"—";"Выбыл из конкурса";"2176882";"—"
"3475";"3";"—";"168000";"54 64 48";"2000";"Выбыл из конкурса";"2414749";"—"
"3477";"3";"Электронное";"168000";"56 58 51";"3000";"Участвует в конкурсе";"1703709";"—"
"3478";"2";"—";"168000";"46 58 61";"3000";"Выбыл из конкурса";"1166858";"—"
"3479";"11";"—";"167000";"67 40 60";"—";"Выбыл из конкурса";"2219344";"—"
"3480";"4";"—";"167000";"64 52 51";"—";"Участвует в конкурсе";"1903772";"—"
"3481";"5";"—";"167000";"54 58 55";"—";"Участвует в конкурсе";"1283844";"—"
"3482";"4";"—";"167000";"54 58 55";"—";"Участвует в конкурсе";"1287508";"—"
"3483";"1";"—";"167000";"54 58 55";"—";"Участвует в конкурсе";"1499451";"—"
"3484";"2";"—";"167000";"54 58 55";"—";"Участвует в конкурсе";"2210796";"—"
"3485";"7";"—";"167000";"54 52 61";"—";"Участвует в конкурсе";"1892614";"—"
"3486";"2";"—";"167000";"51 64 52";"—";"Участвует в конкурсе";"1289550";"—"
"3488";"7";"—";"167000";"46 70 51";"—";"Выбыл из конкурса";"2411590";"—"
"3489";"1";"—";"167000";"54 70 40";"3000";"Выбыл из конкурса";"1343125";"—"
"3490";"4";"—";"167000";"54 64 46";"3000";"Выбыл из конкурса";"1622615";"—"
"3491";"3";"—";"167000";"54 52 58";"3000";"Участвует в конкурсе";"1390495";"—"
"3492";"10";"—";"167000";"51 70 43";"3000";"Выбыл из конкурса";"1443671";"—"
"3493";"5";"—";"167000";"51 52 61";"3000";"Участвует в конкурсе";"1177106";"—"
"3494";"7";"—";"167000";"48 58 58";"3000";"Выбыл из конкурса";"1995600";"—"
"3495";"11";"—";"167000";"56 58 48";"5000";"Выбыл из конкурса";"1652075";"—"
"3496";"3";"—";"166000";"62 52 52";"—";"Участвует в конкурсе";"2393599";"—"
"3497";"10";"—";"166000";"59 58 49";"—";"Выбыл из конкурса";"831396";"—"
"3498";"5";"—";"166000";"59 52 55";"—";"Участвует в конкурсе";"1315324";"—"
"3499";"5";"—";"166000";"59 52 55";"—";"Участвует в конкурсе";"1153736";"—"
"3500";"6";"—";"166000";"56 64 46";"—";"Выбыл из конкурса";"2301703";"—"
"3501";"3";"—";"166000";"54 60 52";"—";"Участвует в конкурсе";"1784930";"—"
"3502";"5";"—";"166000";"54 52 60";"—";"Участвует в конкурсе";"1174015";"—"
"3503";"2";"—";"166000";"54 52 60";"—";"Участвует в конкурсе";"2340908";"—"
"3504";"1";"—";"166000";"54 52 60";"—";"Участвует в конкурсе";"2417239";"—"
"3505";"1";"—";"166000";"51 58 57";"—";"Участвует в конкурсе";"2055552";"—"
"3506";"8";"—";"166000";"48 58 60";"—";"Выбыл из конкурса";"1500776";"—"
"3507";"7";"—";"165000";"64 58 43";"—";"Выбыл из конкурса";"1187901";"—"
"3508";"13";"—";"165000";"62 52 51";"—";"Участвует в конкурсе";"1795843";"—"
"3509";"2";"—";"165000";"62 52 51";"—";"Участвует в конкурсе";"2371254";"—"
"3510";"6";"—";"165000";"62 46 57";"—";"Выбыл из конкурса";"1092060";"—"
"3511";"1";"—";"165000";"56 52 57";"—";"Участвует в конкурсе";"1093598";"—"
"3513";"2";"—";"165000";"54 46 63";"2000";"Выбыл из конкурса";"1756950";"—"
"3514";"4";"—";"165000";"56 64 42";"3000";"Выбыл из конкурса";"1193148";"—"
"3515";"7";"—";"165000";"48 52 60";"5000";"Выбыл из конкурса";"2219629";"—"
"3516";"17";"—";"165000";"46 52 57";"10000";"Выбыл из конкурса";"1383158";"—"
"3519";"5";"—";"164000";"51 52 61";"—";"Участвует в конкурсе";"1906421";"—"
"3520";"4";"—";"164000";"51 46 67";"—";"Выбыл из конкурса";"2286082";"—"
"3521";"5";"—";"164000";"48 64 52";"—";"Выбыл из конкурса";"1985904";"—"
"3522";"2";"—";"164000";"48 64 52";"—";"Выбыл из конкурса";"1269614";"—"
"3523";"7";"—";"164000";"48 58 58";"—";"Выбыл из конкурса";"1383453";"—"
"3524";"5";"—";"164000";"48 46 70";"—";"Выбыл из конкурса";"2170120";"—"
"3525";"7";"—";"164000";"43 58 63";"—";"Выбыл из конкурса";"2369926";"—"
"3526";"22";"—";"164000";"46 58 58";"2000";"Выбыл из конкурса";"1055473";"—"
"3528";"1";"—";"164000";"54 58 49";"3000";"Выбыл из конкурса";"2228117";"—"
"3529";"7";"—";"164000";"54 46 61";"3000";"Выбыл из конкурса";"1434830";"—"
"3530";"24";"—";"163000";"62 40 61";"—";"Выбыл из конкурса";"1361721";"—"
"3531";"25";"—";"163000";"54 58 51";"—";"Участвует в конкурсе";"2225398";"—"
"3532";"2";"—";"163000";"54 58 51";"—";"Участвует в конкурсе";"2411829";"—"
"3533";"27";"—";"163000";"54 52 57";"—";"Участвует в конкурсе";"2246710";"—"
"3534";"12";"—";"163000";"54 52 57";"—";"Участвует в конкурсе";"2314759";"—"
"3535";"3";"—";"163000";"51 58 54";"—";"Участвует в конкурсе";"1039665";"—"
"3536";"2";"—";"163000";"51 58 54";"—";"Участвует в конкурсе";"1988766";"—"
"3537";"8";"—";"163000";"51 58 54";"—";"Участвует в конкурсе";"1930042";"—"
"3538";"3";"—";"163000";"48 52 63";"—";"Выбыл из конкурса";"1368816";"—"
"3539";"1";"—";"163000";"46 74 43";"—";"Выбыл из конкурса";"1069242";"—"
"3540";"1";"—";"163000";"41 40 82";"—";"Выбыл из конкурса";"1431291";"—"
"3541";"1";"—";"163000";"48 58 54";"3000";"Выбыл из конкурса";"2317784";"—"
"3542";"4";"—";"162000";"67 46 49";"—";"Выбыл из конкурса";"2304603";"—"
"3543";"4";"—";"162000";"64 52 46";"—";"Выбыл из конкурса";"2223182";"—"
"3544";"14";"—";"162000";"62 46 54";"—";"Выбыл из конкурса";"1067512";"—"
"3545";"21";"—";"162000";"59 46 57";"—";"Выбыл из конкурса";"2230582";"—"
"3547";"6";"—";"162000";"46 52 64";"—";"Выбыл из конкурса";"2274112";"—"
"3548";"3";"—";"162000";"62 40 55";"5000";"Выбыл из конкурса";"2253570";"—"
"3549";"2";"—";"161000";"46 52 63";"—";"Выбыл из конкурса";"1812567";"—"
"3550";"1";"—";"161000";"40 64 57";"—";"Выбыл из конкурса";"1599719";"—"
"3551";"12";"—";"161000";"51 52 55";"3000";"Участвует в конкурсе";"1955574";"—"
"3552";"2";"—";"161000";"46 58 54";"3000";"Выбыл из конкурса";"1695698";"—"
"3553";"1";"—";"160000";"62 52 46";"—";"Выбыл из конкурса";"1692001";"—"
"3554";"4";"—";"160000";"56 52 52";"—";"Участвует в конкурсе";"2056864";"—"
"3555";"2";"—";"160000";"56 52 52";"—";"Участвует в конкурсе";"2300014";"—"
"3556";"1";"—";"160000";"51 52 57";"—";"Участвует в конкурсе";"2330485";"—"
"3557";"3";"Электронное";"160000";"51 52 57";"—";"Участвует в конкурсе";"984255";"—"
"3559";"2";"—";"160000";"56 52 49";"3000";"Выбыл из конкурса";"1617771";"—"
"3560";"2";"—";"160000";"51 58 48";"3000";"Выбыл из конкурса";"957607";"—"
"3561";"27";"—";"160000";"64 40 46";"10000";"Выбыл из конкурса";"1441065";"—"
"3562";"4";"—";"159000";"59 46 54";"—";"Выбыл из конкурса";"2260263";"—"
"3564";"2";"—";"159000";"56 40 63";"—";"Выбыл из конкурса";"1747150";"—"
"3565";"24";"—";"159000";"46 52 61";"—";"Выбыл из конкурса";"1843206";"—"
"3566";"1";"Электронное";"159000";"51 52 54";"2000";"Участвует в конкурсе";"1360350";"—"
"3568";"15";"—";"159000";"46 58 45";"10000";"Выбыл из конкурса";"1627637";"—"
"3569";"3";"—";"158000";"54 52 52";"—";"Участвует в конкурсе";"2244331";"—"
"3570";"15";"—";"158000";"54 52 52";"—";"Участвует в конкурсе";"1882010";"—"
"3571";"1";"—";"158000";"51 52 55";"—";"Участвует в конкурсе";"1941853";"—"
"3572";"2";"—";"158000";"48 58 52";"—";"Выбыл из конкурса";"2431101";"—"
"3573";"2";"—";"158000";"46 70 42";"—";"Выбыл из конкурса";"1463226";"—"
"3574";"2";"—";"158000";"46 64 48";"—";"Выбыл из конкурса";"2269202";"—"
"3575";"11";"—";"158000";"46 64 48";"—";"Выбыл из конкурса";"1325396";"—"
"3577";"11";"—";"158000";"46 52 60";"—";"Выбыл из конкурса";"2356065";"—"
"3578";"6";"—";"158000";"48 46 57";"7000";"Выбыл из конкурса";"938315";"—"
"3579";"10";"—";"157000";"62 52 43";"—";"Выбыл из конкурса";"1079463";"—"
"3580";"2";"—";"157000";"62 40 55";"—";"Выбыл из конкурса";"1196190";"—"
"3581";"3";"—";"157000";"56 58 43";"—";"Выбыл из конкурса";"2180330";"—"
"3582";"17";"—";"157000";"56 52 49";"—";"Выбыл из конкурса";"1366346";"—"
"3584";"10";"—";"157000";"48 52 55";"2000";"Выбыл из конкурса";"2309290";"—"
"3585";"2";"—";"157000";"56 46 52";"3000";"Выбыл из конкурса";"1897514";"—"
"3586";"20";"—";"157000";"48 46 60";"3000";"Выбыл из конкурса";"1967834";"—"
"3587";"4";"—";"156000";"67 34 55";"—";"Выбыл из конкурса";"2240325";"—"
"3588";"6";"—";"156000";"56 52 48";"—";"Выбыл из конкурса";"1793218";"—"
"3589";"10";"—";"156000";"46 58 52";"—";"Выбыл из конкурса";"2224644";"—"
"3590";"7";"—";"156000";"59 52 40";"5000";"Выбыл из конкурса";"1706148";"—"
"3593";"9";"—";"155000";"46 52 57";"—";"Выбыл из конкурса";"2314989";"—"
"3594";"1";"—";"155000";"43 70 42";"—";"Выбыл из конкурса";"2052251";"—"
"3595";"13";"—";"155000";"43 64 48";"—";"Выбыл из конкурса";"2180302";"—"
"3596";"14";"—";"154000";"51 52 51";"—";"Участвует в конкурсе";"2241018";"—"
"3598";"5";"—";"154000";"41 65 48";"—";"Выбыл из конкурса";"1398026";"—"
"3599";"4";"—";"154000";"0 64 80";"10000";"Выбыл из конкурса";"1544244";"—"
"3600";"6";"—";"153000";"64 46 43";"—";"Выбыл из конкурса";"1292738";"—"
"3603";"4";"—";"153000";"51 46 54";"2000";"Выбыл из конкурса";"1404170";"—"
"3604";"4";"—";"152000";"54 46 52";"—";"Выбыл из конкурса";"1790682";"—"
"3605";"5";"—";"152000";"51 52 49";"—";"Выбыл из конкурса";"2184275";"—"
"3606";"3";"—";"152000";"40 52 60";"—";"Выбыл из конкурса";"2342420";"—"
"3607";"2";"—";"151000";"59 40 52";"—";"Выбыл из конкурса";"1289555";"—"
"3610";"2";"—";"151000";"54 52 45";"—";"Выбыл из конкурса";"1843312";"—"
"3611";"5";"—";"151000";"54 40 57";"—";"Выбыл из конкурса";"1325920";"—"
"3612";"6";"—";"151000";"48 58 45";"—";"Выбыл из конкурса";"2389803";"—"
"3614";"13";"—";"151000";"48 52 51";"—";"Выбыл из конкурса";"1633541";"—"
"3615";"5";"—";"151000";"41 60 50";"—";"Выбыл из конкурса";"1955003";"—"
"3617";"14";"—";"150000";"59 40 51";"—";"Выбыл из конкурса";"2298425";"—"
"3618";"2";"—";"150000";"46 64 40";"—";"Выбыл из конкурса";"1145405";"—"
"3620";"7";"—";"149000";"51 52 46";"—";"Выбыл из конкурса";"2264041";"—"
"3621";"5";"—";"149000";"51 46 52";"—";"Выбыл из конкурса";"1854975";"—"
"3622";"6";"—";"149000";"51 46 52";"—";"Выбыл из конкурса";"1963057";"—"
"3623";"1";"—";"149000";"46 58 45";"—";"Выбыл из конкурса";"2242537";"—"
"3624";"6";"—";"149000";"46 58 45";"—";"Выбыл из конкурса";"2363345";"—"
"3625";"6";"—";"149000";"46 58 45";"—";"Выбыл из конкурса";"2383989";"—"
"3626";"13";"—";"149000";"46 52 51";"—";"Выбыл из конкурса";"1253081";"—"
"3627";"3";"—";"149000";"54 40 52";"3000";"Выбыл из конкурса";"1896803";"—"
"3628";"1";"—";"148000";"59 46 43";"—";"Выбыл из конкурса";"1348625";"—"
"3629";"3";"—";"148000";"51 52 45";"—";"Выбыл из конкурса";"2378814";"—"
"3630";"4";"—";"148000";"51 52 45";"—";"Выбыл из конкурса";"1948543";"—"
"3631";"8";"—";"148000";"51 46 51";"—";"Выбыл из конкурса";"1313930";"—"
"3633";"2";"—";"148000";"48 52 48";"—";"Выбыл из конкурса";"2267079";"—"
"3634";"22";"—";"147000";"75 72 0";"—";"Выбыл из конкурса";"831094";"—"
"3635";"12";"—";"147000";"46 34 67";"—";"Выбыл из конкурса";"1964580";"—"
"3636";"1";"—";"147000";"43 34 70";"—";"Выбыл из конкурса";"1441356";"—"
"3639";"6";"—";"146000";"51 34 61";"—";"Выбыл из конкурса";"2423780";"—"
"3640";"15";"—";"146000";"46 52 48";"—";"Выбыл из конкурса";"1311714";"—"
"3641";"3";"—";"146000";"46 52 48";"—";"Выбыл из конкурса";"2343027";"—"
"3642";"7";"—";"145000";"59 46 40";"—";"Выбыл из конкурса";"2267750";"—"
"3643";"6";"—";"145000";"48 46 51";"—";"Выбыл из конкурса";"1653470";"—"
"3644";"4";"—";"144000";"59 46 39";"—";"Выбыл из конкурса";"1679339";"—"
"3646";"11";"—";"144000";"43 52 49";"—";"Выбыл из конкурса";"2343011";"—"
"3647";"2";"—";"144000";"43 40 61";"—";"Выбыл из конкурса";"2330876";"—"
"3648";"1";"—";"143000";"41 40 62";"—";"Выбыл из конкурса";"1358248";"—"
"3649";"11";"—";"142000";"54 46 42";"—";"Выбыл из конкурса";"1960792";"—"
"3650";"1";"—";"142000";"51 46 45";"—";"Выбыл из конкурса";"1691015";"—"
"3651";"3";"—";"142000";"44 40 58";"—";"Выбыл из конкурса";"1461735";"—"
"3652";"3";"—";"141000";"46 52 43";"—";"Выбыл из конкурса";"2332955";"—"
"3654";"1";"—";"141000";"56 40 37";"8000";"Выбыл из конкурса";"1795279";"—"
"3655";"7";"—";"140000";"48 52 40";"—";"Выбыл из конкурса";"1950635";"—"
"3656";"3";"—";"140000";"46 46 48";"—";"Выбыл из конкурса";"1587206";"—"
"3660";"7";"—";"138000";"46 46 46";"—";"Выбыл из конкурса";"1164261";"—"
"3661";"20";"—";"138000";"46 46 46";"—";"Выбыл из конкурса";"2158946";"—"
"3662";"3";"—";"138000";"46 34 58";"—";"Выбыл из конкурса";"2250649";"—"
"3663";"1";"—";"137000";"40 52 45";"—";"Выбыл из конкурса";"2249154";"—"
"3664";"9";"—";"137000";"43 40 51";"3000";"Выбыл из конкурса";"2225658";"—"
"3665";"25";"—";"136000";"51 40 45";"—";"Выбыл из конкурса";"2179375";"—"
"3666";"10";"—";"134000";"48 46 40";"—";"Выбыл из конкурса";"1107283";"—"
"3667";"1";"—";"134000";"48 40 46";"—";"Выбыл из конкурса";"2349943";"—"
"3668";"8";"—";"134000";"43 40 51";"—";"Выбыл из конкурса";"1433208";"—"
"3669";"1";"—";"134000";"48 40 43";"3000";"Выбыл из конкурса";"2208126";"—"
"3670";"3";"—";"132000";"46 46 40";"—";"Выбыл из конкурса";"2330761";"—"
"3671";"13";"—";"132000";"40 40 52";"—";"Выбыл из конкурса";"2158736";"—"
"3672";"2";"—";"131000";"48 40 43";"—";"Выбыл из конкурса";"2408983";"—"
"3673";"3";"—";"131000";"0 70 61";"—";"Выбыл из конкурса";"1262981";"—"
"3675";"1";"—";"130000";"0 52 78";"—";"Выбыл из конкурса";"2025640";"—"
"3676";"14";"—";"129000";"51 27 51";"—";"Выбыл из конкурса";"1573460";"—"
"3677";"9";"—";"129000";"40 34 52";"3000";"Выбыл из конкурса";"1177110";"—"
"3678";"7";"—";"129000";"0 64 58";"7000";"Выбыл из конкурса";"2124709";"—"
"3679";"8";"—";"129000";"13 40 66";"10000";"Выбыл из конкурса";"1399268";"—"
"3680";"4";"—";"128000";"46 40 42";"—";"Выбыл из конкурса";"2221512";"—"
"3681";"4";"—";"127000";"13 60 54";"—";"Выбыл из конкурса";"1397377";"—"
"3682";"2";"—";"126000";"46 40 40";"—";"Выбыл из конкурса";"1991827";"—"
"3683";"4";"—";"125000";"0 52 73";"—";"Выбыл из конкурса";"1729382";"—"
"3684";"11";"—";"123000";"40 40 43";"—";"Выбыл из конкурса";"1728997";"—"
"3685";"5";"—";"122000";"13 45 64";"—";"Выбыл из конкурса";"1400237";"—"
"3686";"2";"—";"116000";"0 60 56";"—";"Выбыл из конкурса";"1837836";"—"
"3688";"5";"—";"112000";"48 40 24";"—";"Выбыл из конкурса";"1887226";"—"
"3689";"1";"—";"110000";"62 46 0";"2000";"Выбыл из конкурса";"1056528";"—"
"3690";"3";"—";"104000";"0 60 44";"—";"Выбыл из конкурса";"1398894";"—"
"3691";"4";"—";"104000";"0 46 58";"—";"Выбыл из конкурса";"1984636";"—"
"3692";"8";"—";"103000";"0 52 51";"—";"Выбыл из конкурса";"1139997";"—"
"3693";"3";"—";"101000";"13 20 68";"—";"Выбыл из конкурса";"1912989";"—"
"3694";"3";"—";"99000";"0 40 49";"10000";"Выбыл из конкурса";"1397644";"—"
"3695";"1";"—";"98000";"0 40 58";"—";"Выбыл из конкурса";"2213309";"—"
"3696";"3";"—";"97000";"41 40 16";"—";"Выбыл из конкурса";"1400657";"—"
"3697";"14";"—";"97000";"0 46 51";"—";"Выбыл из конкурса";"2273577";"—"
"3698";"7";"—";"94000";"0 40 54";"—";"Выбыл из конкурса";"2043914";"—"
"3700";"3";"—";"85000";"9 20 56";"—";"Выбыл из конкурса";"1399153";"—"
"3701";"15";"—";"85000";"0 40 45";"—";"Выбыл из конкурса";"2177332";"—"
"3703";"9";"—";"84000";"0 27 57";"—";"Выбыл из конкурса";"1114698";"—"
"3704";"13";"—";"83000";"0 34 49";"—";"Выбыл из конкурса";"2379601";"—"
"3705";"7";"—";"76000";"0 40 36";"—";"Выбыл из конкурса";"1950865";"—"
"3706";"2";"—";"70000";"0 20 50";"—";"Выбыл из конкурса";"1396343";"—"
"3707";"5";"—";"64000";"0 20 44";"—";"Выбыл из конкурса";"1106690";"—"
"3708";"10";"—";"46000";"0 46 0";"—";"Выбыл из конкурса";"977058";"—"
"3709";"1";"—";"187000";"- 84 94";"9000";"Ожидание результатов ВИ";"1191316";"—"
"3710";"5";"—";"187000";"- 86 91";"10000";"Ожидание результатов ВИ";"1087466";"—"
"3713";"2";"—";"180000";"- 84 86";"10000";"Ожидание результатов ВИ";"2363519";"—"
"3714";"3";"—";"178000";"- 84 94";"—";"Ожидание результатов ВИ";"1966725";"—"
"3718";"4";"—";"166000";"- 88 78";"—";"Ожидание результатов ВИ";"1755324";"—"
"3719";"5";"—";"165000";"- 95 70";"—";"Ожидание результатов ВИ";"2235249";"—"
"3720";"2";"—";"165000";"- 76 89";"—";"Ожидание результатов ВИ";"1889629";"—"
"3721";"1";"—";"164000";"- 86 78";"—";"Ожидание результатов ВИ";"1162618";"—"
"3722";"3";"—";"164000";"- 86 78";"—";"Ожидание результатов ВИ";"1907577";"—"
"3723";"19";"—";"162000";"- 82 70";"10000";"Ожидание результатов ВИ";"1782967";"—"
"3724";"7";"—";"161000";"- 82 69";"10000";"Ожидание результатов ВИ";"1791120";"—"
"3725";"7";"—";"160000";"- 88 72";"—";"Ожидание результатов ВИ";"2180005";"—"
"3726";"6";"—";"160000";"- 82 78";"—";"Ожидание результатов ВИ";"1697573";"—"
"3727";"5";"—";"160000";"- 76 81";"3000";"Ожидание результатов ВИ";"1893111";"—"
"3728";"6";"—";"159000";"- 86 73";"—";"Ожидание результатов ВИ";"2005269";"—"
"3730";"2";"—";"157000";"- 82 75";"—";"Ожидание результатов ВИ";"1981558";"—"
"3731";"4";"—";"157000";"- 72 75";"10000";"Ожидание результатов ВИ";"2411404";"—"
"3732";"18";"—";"156000";"- 84 72";"—";"Ожидание результатов ВИ";"1350994";"—"
"3733";"1";"—";"156000";"- 84 72";"—";"Ожидание результатов ВИ";"2056900";"—"
"3734";"10";"—";"154000";"- 84 70";"—";"Ожидание результатов ВИ";"2091217";"—"
"3735";"1";"—";"154000";"- 72 72";"10000";"Ожидание результатов ВИ";"1281292";"—"
"3737";"1";"—";"151000";"- 76 75";"—";"Ожидание результатов ВИ";"1522524";"—"
"3741";"1";"—";"149000";"- 76 73";"—";"Ожидание результатов ВИ";"1584229";"—"
"3742";"2";"—";"149000";"- 84 63";"2000";"Ожидание результатов ВИ";"1257781";"—"
"3744";"7";"—";"144000";"- 78 66";"—";"Ожидание результатов ВИ";"2209578";"—"
"3745";"1";"—";"144000";"- 72 72";"—";"Ожидание результатов ВИ";"1270891";"—"
"3746";"13";"—";"144000";"- 78 63";"3000";"Ожидание результатов ВИ";"1486335";"—"
"3747";"5";"—";"143000";"- 76 67";"—";"Ожидание результатов ВИ";"2325591";"—"
"3750";"2";"—";"140000";"- 80 60";"—";"Ожидание результатов ВИ";"2211534";"—"
"3752";"1";"—";"139000";"- 76 63";"—";"Ожидание результатов ВИ";"1981869";"—"
"3753";"3";"—";"137000";"- 70 67";"—";"Ожидание результатов ВИ";"2302989";"—"
"3754";"1";"—";"137000";"- 70 67";"—";"Ожидание результатов ВИ";"1257898";"—"
"3755";"2";"—";"137000";"- 70 64";"3000";"Ожидание результатов ВИ";"1913037";"—"
"3757";"2";"—";"136000";"- 76 60";"—";"Ожидание результатов ВИ";"1205146";"—"
"3758";"3";"—";"135000";"- 72 63";"—";"Ожидание результатов ВИ";"1913384";"—"
"3759";"6";"—";"134000";"- 74 57";"3000";"Ожидание результатов ВИ";"1043469";"—"
"3760";"3";"—";"133000";"- 70 63";"—";"Ожидание результатов ВИ";"1256994";"—"
"3761";"12";"—";"133000";"- 64 69";"—";"Ожидание результатов ВИ";"1925260";"—"
"3762";"18";"—";"133000";"- 64 66";"3000";"Ожидание результатов ВИ";"1173418";"—"
"3763";"11";"—";"132000";"72 - 60";"—";"Ожидание результатов ВИ";"1827395";"—"
"3766";"2";"—";"128000";"- 70 55";"3000";"Ожидание результатов ВИ";"1350222";"—"
"3767";"9";"—";"127000";"- 70 57";"—";"Ожидание результатов ВИ";"1750923";"—"
"3768";"3";"—";"127000";"- 52 75";"—";"Ожидание результатов ВИ";"1440948";"—"
"3769";"1";"—";"125000";"- 74 51";"—";"Ожидание результатов ВИ";"1909219";"—"
"3772";"4";"—";"125000";"- 58 67";"—";"Ожидание результатов ВИ";"1727269";"—"
"3773";"6";"—";"123000";"- 72 51";"—";"Ожидание результатов ВИ";"2100445";"—"
"3774";"1";"—";"122000";"- 58 64";"—";"Ожидание результатов ВИ";"2300316";"—"
"3775";"2";"—";"122000";"- 52 70";"—";"Ожидание результатов ВИ";"2129395";"—"
"3776";"2";"—";"122000";"- 52 70";"—";"Ожидание результатов ВИ";"1004619";"—"
"3777";"2";"—";"119000";"- 58 58";"3000";"Ожидание результатов ВИ";"1904748";"—"
"3778";"13";"—";"116000";"- 64 52";"—";"Ожидание результатов ВИ";"1625547";"—"
"3779";"8";"—";"115000";"- 52 63";"—";"Ожидание результатов ВИ";"2346267";"—"
"3780";"7";"—";"115000";"- 58 54";"3000";"Ожидание результатов ВИ";"2080016";"—"
"3781";"2";"—";"113000";"- 64 49";"—";"Выбыл из конкурса";"1848306";"—"
"3783";"10";"—";"111000";"51 - 60";"—";"Ожидание результатов ВИ";"1598236";"—"
"3784";"4";"—";"109000";"- 46 63";"—";"Выбыл из конкурса";"1086025";"—"
"3785";"16";"—";"107000";"- 52 55";"—";"Ожидание результатов ВИ";"1273616";"—"
"3786";"1";"—";"107000";"- 52 55";"—";"Ожидание результатов ВИ";"1905406";"—"
"3787";"5";"—";"107000";"- 52 48";"7000";"Выбыл из конкурса";"1561678";"—"
"3788";"4";"—";"105000";"- 52 51";"2000";"Ожидание результатов ВИ";"1169157";"—"
"3789";"7";"—";"104000";"- 46 58";"—";"Выбыл из конкурса";"1609536";"—"
"3790";"4";"—";"103000";"- 58 45";"—";"Выбыл из конкурса";"2273931";"—"
"3791";"6";"—";"103000";"- 52 51";"—";"Ожидание результатов ВИ";"1614422";"—"
"3792";"9";"—";"101000";"- 58 43";"—";"Выбыл из конкурса";"1526927";"—"
"3793";"3";"—";"101000";"- 52 49";"—";"Выбыл из конкурса";"1485143";"—"
"3794";"1";"—";"99000";"- - 89";"10000";"Ожидание результатов ВИ";"1956336";"—"
"3795";"1";"—";"95000";"- 52 43";"—";"Выбыл из конкурса";"1572527";"—"
"3796";"4";"—";"95000";"- 46 49";"—";"Выбыл из конкурса";"1904679";"—"
"3797";"1";"—";"88000";"- 46 42";"—";"Выбыл из конкурса";"1381329";"—"
"3798";"9";"—";"87000";"- - 77";"10000";"Ожидание результатов ВИ";"1853807";"—"
"3799";"10";"—";"82000";"0 - 82";"—";"Выбыл из конкурса";"1907019";"—"
"3801";"1";"—";"70000";"- - 70";"—";"Ожидание результатов ВИ";"1092909";"—"
"3802";"5";"—";"68000";"13 45 -";"10000";"Выбыл из конкурса";"1400312";"—"
"3803";"2";"—";"58000";"- - 48";"10000";"Выбыл из конкурса";"1620131";"—"
"3804";"1";"—";"57000";"- - 57";"—";"Ожидание результатов ВИ";"1143312";"—"
"3805";"8";"—";"55000";"- 0 55";"—";"Выбыл из конкурса";"948612";"—"
"3806";"9";"—";"50000";"- 40 -";"10000";"Выбыл из конкурса";"1622365";"—"
"3807";"2";"—";"50000";"- 40 -";"10000";"Выбыл из конкурса";"1740971";"—"
"3808";"12";"—";"49000";"- 0 49";"—";"Выбыл из конкурса";"1397614";"—"
"3809";"6";"—";"45000";"- - 45";"—";"Выбыл из конкурса";"991822";"—"
"3810";"9";"—";"45000";"- - 45";"—";"Выбыл из конкурса";"1948627";"—"
"3811";"7";"—";"42000";"0 - 42";"—";"Выбыл из конкурса";"1942137";"—"
"3812";"3";"—";"40000";"- 40 -";"—";"Выбыл из конкурса";"1798364";"—"
"3813";"3";"—";"35000";"5 20 -";"10000";"Выбыл из конкурса";"1362280";"—"
"3814";"3";"—";"29000";"9 20 -";"—";"Выбыл из конкурса";"1955990";"—"
"3816";"4";"—";"20000";"- 20 -";"—";"Выбыл из конкурса";"1754895";"—"
"3817";"2";"—";"10000";"- - -";"10000";"Ожидание результатов ВИ";"1998604";"—"
"3818";"1";"—";"10000";"- - -";"10000";"Ожидание результатов ВИ";"1471157";"—"
"3820";"3";"—";"10000";"- - -";"10000";"Ожидание результатов ВИ";"1727493";"—"
"3823";"6";"—";"10000";"- - -";"10000";"Ожидание результатов ВИ";"1740495";"—"
"3824";"11";"—";"10000";"- - -";"10000";"Ожидание результатов ВИ";"1853781";"—"
"3825";"15";"—";"10000";"- - -";"10000";"Ожидание результатов ВИ";"1729208";"—"
"3826";"4";"—";"10000";"- - -";"10000";"Ожидание результатов ВИ";"1913414";"—"
"3827";"14";"—";"10000";"- - -";"10000";"Ожидание результатов ВИ";"2086031";"—"
"3828";"2";"—";"10000";"- - -";"10000";"Ожидание результатов ВИ";"1886005";"—"
"3829";"3";"—";"10000";"- - -";"10000";"Ожидание результатов ВИ";"1580193";"—"
"3837";"2";"—";"3000";"- - -";"3000";"Ожидание результатов ВИ";"1057333";"—"
"3838";"10";"—";"3000";"- - -";"3000";"Ожидание результатов ВИ";"1953278";"—"
"3839";"2";"—";"—";"- - -";"—";"Ожидание результатов ВИ";"1233076";"—"
"3840";"5";"—";"—";"- - -";"—";"Ожидание результатов ВИ";"1633374";"—"
"3841";"4";"—";"—";"x x x";"—";"На рассмотрении";"1654733";"—"
"3846";"3";"—";"—";"- - -";"—";"Ожидание результатов ВИ";"960025";"—"
"3847";"20";"—";"—";"- - -";"—";"Ожидание результатов ВИ";"961668";"—"
"3848";"10";"—";"—";"- - -";"—";"Ожидание результатов ВИ";"969562";"—"
"3850";"1";"—";"—";"- - -";"—";"Ожидание результатов ВИ";"948900";"—"
"3852";"3";"—";"—";"- - -";"—";"Ожидание результатов ВИ";"1040839";"—"
"3855";"1";"—";"—";"- - -";"—";"Ожидание результатов ВИ";"1155335";"—"
"3859";"4";"—";"—";"- - -";"—";"Ожидание результатов ВИ";"1353509";"—"
"3861";"25";"—";"—";"- - -";"—";"Ожидание результатов ВИ";"1442710";"—"
"3863";"4";"—";"—";"- - -";"—";"Ожидание результатов ВИ";"1474014";"—"
"3866";"6";"—";"—";"- - -";"—";"Ожидание результатов ВИ";"1514917";"—"
"3867";"7";"—";"—";"- - -";"—";"Ожидание результатов ВИ";"1524288";"—"
"3868";"4";"—";"—";"- - -";"—";"Ожидание результатов ВИ";"1200744";"—"
"3869";"2";"—";"—";"- - -";"—";"Ожидание результатов ВИ";"1530049";"—"
"3870";"2";"—";"—";"- - -";"—";"Ожидание результатов ВИ";"1036043";"—"
"3871";"22";"—";"—";"- - -";"—";"Ожидание результатов ВИ";"1414024";"—"
"3873";"1";"—";"—";"- - -";"—";"Ожидание результатов ВИ";"1572751";"—"
"3874";"6";"—";"—";"- - -";"—";"Ожидание результатов ВИ";"1586820";"—"
"3876";"6";"—";"—";"- - -";"—";"Ожидание результатов ВИ";"1618220";"—"
"3877";"1";"—";"—";"- - -";"—";"Ожидание результатов ВИ";"1634443";"—"
"3880";"2";"—";"—";"- - -";"—";"Ожидание результатов ВИ";"1334557";"—"
"3881";"3";"—";"—";"- - -";"—";"Ожидание результатов ВИ";"1398654";"—"
"3882";"3";"—";"—";"- - -";"—";"Ожидание результатов ВИ";"1672493";"—"
"3883";"3";"—";"—";"- - -";"—";"Ожидание результатов ВИ";"970173";"—"
"3884";"2";"—";"—";"- - -";"—";"Ожидание результатов ВИ";"1833467";"—"
"3885";"7";"—";"—";"- - -";"—";"Ожидание результатов ВИ";"1836251";"—"
"3886";"19";"—";"—";"- - -";"—";"Ожидание результатов ВИ";"1728115";"—"
"3887";"16";"—";"—";"- - -";"—";"Ожидание результатов ВИ";"1768503";"—"
"3888";"1";"—";"—";"- - -";"—";"Ожидание результатов ВИ";"1736040";"—"
"3890";"18";"—";"—";"- - -";"—";"Ожидание результатов ВИ";"1774025";"—"
"3891";"10";"—";"—";"- - -";"—";"Ожидание результатов ВИ";"1785426";"—"
"3892";"1";"—";"—";"- - -";"—";"Ожидание результатов ВИ";"1878646";"—"
"3893";"1";"—";"—";"- - -";"—";"Ожидание результатов ВИ";"1802773";"—"
"3895";"19";"—";"—";"- - -";"—";"Ожидание результатов ВИ";"1407809";"—"
"3896";"1";"—";"—";"- - -";"—";"Ожидание результатов ВИ";"1951115";"—"
"3898";"1";"—";"—";"- - -";"—";"Ожидание результатов ВИ";"1044269";"—"
"3899";"3";"—";"—";"- - -";"—";"Ожидание результатов ВИ";"1966549";"—"
"3901";"3";"—";"—";"- - -";"—";"Ожидание результатов ВИ";"1652149";"—"
"3902";"5";"—";"—";"- - -";"—";"Ожидание результатов ВИ";"975071";"—"
"3904";"3";"—";"—";"- - -";"—";"Ожидание результатов ВИ";"2051953";"—"
"3905";"4";"—";"—";"- - -";"—";"Ожидание результатов ВИ";"1838992";"—"
"3906";"4";"—";"—";"- - -";"—";"Ожидание результатов ВИ";"971331";"—"
"3907";"1";"—";"—";"- - -";"—";"Ожидание результатов ВИ";"2100727";"—"
"3908";"1";"—";"—";"- - -";"—";"Ожидание результатов ВИ";"1801767";"—"
"3909";"2";"—";"—";"- - -";"—";"Ожидание результатов ВИ";"1898792";"—"
"3910";"8";"—";"—";"- - -";"—";"Ожидание результатов ВИ";"2130765";"—"
"3912";"1";"—";"—";"- - -";"—";"Ожидание результатов ВИ";"2142740";"—"
"3913";"3";"—";"—";"- - -";"—";"Ожидание результатов ВИ";"2151453";"—"
"3915";"1";"—";"—";"- - -";"—";"Ожидание результатов ВИ";"1556065";"—"
"3918";"1";"—";"—";"- - -";"—";"Ожидание результатов ВИ";"2202586";"—"
"3919";"2";"—";"—";"- - -";"—";"Ожидание результатов ВИ";"2256752";"—"
"3920";"4";"—";"—";"- - -";"—";"Ожидание результатов ВИ";"2261196";"—"
"3924";"18";"—";"—";"- - -";"—";"Ожидание результатов ВИ";"1488566";"—"
"3926";"1";"—";"—";"- - -";"—";"Ожидание результатов ВИ";"946109";"—"
"3927";"3";"—";"—";"- - -";"—";"Ожидание результатов ВИ";"2358707";"—"
"3933";"3";"—";"—";"- - -";"—";"Ожидание результатов ВИ";"2414413";"—"
"3934";"2";"—";"—";"- - -";"—";"Ожидание результатов ВИ";"2122712";"—"
"3935";"1";"—";"—";"- - -";"—";"Ожидание результатов ВИ";"1902729";"—"
"3936";"12";"—";"—";"- - -";"—";"Ожидание результатов ВИ";"2020190";"—"
"3937";"2";"—";"—";"- - -";"—";"Ожидание результатов ВИ";"2479169";"—"
"3938";"11";"—";"—";"- - -";"—";"Ожидание результатов ВИ";"2030807";"—"
"3939";"6";"—";"—";"- - -";"—";"Ожидание результатов ВИ";"2423594";"—"
"3940";"13";"—";"—";"- - -";"—";"Ожидание результатов ВИ";"1993360";"—"
