"Порядковый номер";"Приоритет конкурса";"Подано согласие";"Сумма баллов";"Баллы за ВИ";"Баллы за ИД";"Статус";"Код поступающего";"Дата выбора конкурсной группы по Москве"
"1";"2";"—";"305000";"95 100 100";"10000";"Участвует в конкурсе";"1260804";"—"
"2";"15";"—";"299000";"100 100 89";"10000";"Участвует в конкурсе";"1786590";"—"
"3";"3";"—";"291000";"94 96 91";"10000";"Участвует в конкурсе";"1352336";"—"
"4";"5";"—";"290000";"100 94 86";"10000";"Участвует в конкурсе";"2308948";"—"
"5";"3";"—";"288000";"96 96 86";"10000";"Участвует в конкурсе";"1982939";"—"
"6";"3";"—";"288000";"84 100 94";"10000";"Участвует в конкурсе";"1718704";"—"
"7";"7";"—";"287000";"88 100 89";"10000";"Участвует в конкурсе";"2043877";"—"
"8";"5";"—";"286000";"100 90 86";"10000";"Участвует в конкурсе";"1946205";"—"
"9";"5";"—";"286000";"94 88 94";"10000";"Участвует в конкурсе";"1901421";"—"
"10";"4";"Электронное";"286000";"92 98 86";"10000";"Участвует в конкурсе";"2037623";"—"
"13";"3";"—";"284000";"100 88 86";"10000";"Участвует в конкурсе";"1044296";"—"
"14";"6";"—";"283000";"82 94 97";"10000";"Участвует в конкурсе";"1042728";"—"
"15";"7";"—";"282000";"90 93 89";"10000";"Участвует в конкурсе";"1493981";"—"
"18";"11";"Электронное";"279000";"92 88 89";"10000";"Участвует в конкурсе";"1756318";"—"
"19";"5";"—";"279000";"90 88 91";"10000";"Участвует в конкурсе";"2004669";"—"
"20";"4";"—";"279000";"88 100 81";"10000";"Участвует в конкурсе";"976343";"—"
"21";"3";"—";"279000";"88 90 91";"10000";"Участвует в конкурсе";"1190685";"—"
"22";"2";"—";"279000";"86 86 97";"10000";"Участвует в конкурсе";"1613993";"—"
"23";"3";"—";"279000";"84 94 91";"10000";"Участвует в конкурсе";"1775436";"—"
"25";"1";"Электронное";"276000";"88 92 91";"5000";"Участвует в конкурсе";"1177076";"—"
"26";"5";"—";"276000";"86 80 100";"10000";"Участвует в конкурсе";"1590400";"—"
"27";"6";"—";"275000";"88 88 89";"10000";"Участвует в конкурсе";"2228443";"—"
"28";"4";"—";"275000";"86 90 89";"10000";"Участвует в конкурсе";"1255904";"—"
"29";"20";"—";"275000";"86 88 91";"10000";"Участвует в конкурсе";"1175177";"—"
"30";"4";"—";"275000";"82 94 89";"10000";"Участвует в конкурсе";"1355753";"—"
"31";"2";"—";"274000";"95 86 83";"10000";"Участвует в конкурсе";"1199034";"—"
"32";"1";"Электронное";"274000";"88 85 91";"10000";"Участвует в конкурсе";"1501704";"—"
"33";"1";"—";"273000";"86 96 91";"—";"Участвует в конкурсе";"1264454";"—"
"34";"2";"—";"273000";"84 90 97";"2000";"Участвует в конкурсе";"2351560";"—"
"35";"4";"—";"273000";"100 90 73";"10000";"Участвует в конкурсе";"1651810";"—"
"36";"4";"—";"273000";"97 94 72";"10000";"Участвует в конкурсе";"1616998";"—"
"37";"1";"—";"273000";"88 92 83";"10000";"Участвует в конкурсе";"1381580";"—"
"38";"4";"—";"272000";"90 92 90";"—";"Участвует в конкурсе";"1880541";"—"
"39";"7";"—";"271000";"86 92 83";"10000";"Участвует в конкурсе";"2137314";"—"
"40";"2";"—";"270000";"86 90 94";"—";"Участвует в конкурсе";"1118630";"—"
"41";"5";"—";"270000";"95 93 72";"10000";"Участвует в конкурсе";"2180333";"—"
"42";"6";"—";"270000";"94 88 78";"10000";"Участвует в конкурсе";"1348278";"—"
"44";"6";"Электронное";"270000";"88 90 82";"10000";"Участвует в конкурсе";"2260519";"—"
"45";"1";"Электронное";"270000";"84 98 78";"10000";"Участвует в конкурсе";"1900886";"—"
"46";"2";"—";"270000";"84 82 94";"10000";"Участвует в конкурсе";"1189481";"—"
"47";"15";"Электронное";"269000";"92 85 89";"3000";"Участвует в конкурсе";"1573899";"—"
"48";"5";"—";"269000";"94 84 81";"10000";"Участвует в конкурсе";"1521427";"—"
"49";"4";"—";"269000";"86 90 83";"10000";"Участвует в конкурсе";"1848278";"—"
"50";"5";"—";"269000";"80 96 83";"10000";"Участвует в конкурсе";"1268230";"—"
"51";"10";"—";"269000";"80 88 91";"10000";"Участвует в конкурсе";"1133458";"—"
"52";"5";"—";"268000";"94 83 81";"10000";"Участвует в конкурсе";"2159132";"—"
"53";"4";"—";"268000";"90 77 91";"10000";"Участвует в конкурсе";"1268323";"—"
"54";"3";"—";"268000";"84 88 86";"10000";"Участвует в конкурсе";"1214130";"—"
"55";"3";"—";"267000";"97 90 70";"10000";"Участвует в конкурсе";"1983035";"—"
"56";"9";"—";"267000";"76 90 91";"10000";"Участвует в конкурсе";"2252672";"—"
"57";"6";"—";"266000";"94 94 78";"—";"Участвует в конкурсе";"1582016";"—"
"58";"5";"—";"266000";"97 73 86";"10000";"Участвует в конкурсе";"2181230";"—"
"59";"2";"—";"266000";"84 83 89";"10000";"Участвует в конкурсе";"1569038";"—"
"61";"6";"—";"266000";"80 90 86";"10000";"Участвует в конкурсе";"1727997";"—"
"62";"2";"—";"265000";"94 96 75";"—";"Участвует в конкурсе";"1419384";"—"
"63";"6";"—";"265000";"88 88 89";"—";"Участвует в конкурсе";"1291325";"—"
"64";"3";"—";"265000";"80 88 97";"—";"Участвует в конкурсе";"1178066";"—"
"65";"2";"Электронное";"265000";"94 86 75";"10000";"Участвует в конкурсе";"1324046";"—"
"66";"6";"—";"265000";"88 86 81";"10000";"Участвует в конкурсе";"1655338";"—"
"67";"2";"—";"265000";"88 78 89";"10000";"Участвует в конкурсе";"2246932";"—"
"68";"4";"—";"265000";"84 80 91";"10000";"Участвует в конкурсе";"1746621";"—"
"69";"5";"—";"264000";"82 85 91";"6000";"Участвует в конкурсе";"1290416";"—"
"70";"3";"—";"264000";"92 84 78";"10000";"Участвует в конкурсе";"1910799";"—"
"71";"5";"—";"264000";"82 94 78";"10000";"Участвует в конкурсе";"2170033";"—"
"72";"3";"—";"264000";"82 86 86";"10000";"Участвует в конкурсе";"1102051";"—"
"73";"4";"Электронное";"263000";"86 96 81";"—";"Участвует в конкурсе";"1522176";"—"
"74";"11";"—";"263000";"88 78 94";"3000";"Участвует в конкурсе";"2249762";"—"
"75";"2";"—";"263000";"92 78 83";"10000";"Участвует в конкурсе";"1636112";"—"
"77";"2";"—";"263000";"84 83 86";"10000";"Участвует в конкурсе";"1849763";"—"
"79";"4";"—";"263000";"82 85 86";"10000";"Участвует в конкурсе";"2229282";"—"
"80";"4";"—";"263000";"82 80 91";"10000";"Участвует в конкурсе";"1669456";"—"
"81";"2";"—";"263000";"80 90 83";"10000";"Участвует в конкурсе";"1187740";"—"
"82";"5";"—";"263000";"80 90 83";"10000";"Участвует в конкурсе";"2095228";"—"
"83";"3";"—";"263000";"76 86 91";"10000";"Участвует в конкурсе";"1791981";"—"
"84";"3";"—";"262000";"86 90 83";"3000";"Участвует в конкурсе";"1622217";"—"
"85";"2";"—";"262000";"88 86 78";"10000";"Участвует в конкурсе";"1568248";"—"
"86";"1";"—";"262000";"86 80 86";"10000";"Участвует в конкурсе";"1509761";"—"
"87";"13";"—";"262000";"86 75 91";"10000";"Участвует в конкурсе";"2227313";"—"
"88";"4";"—";"261000";"86 84 91";"—";"Участвует в конкурсе";"1701574";"—"
"89";"6";"Электронное";"261000";"82 88 91";"—";"Участвует в конкурсе";"1204659";"—"
"91";"10";"—";"261000";"88 92 78";"3000";"Участвует в конкурсе";"1365620";"—"
"92";"2";"—";"261000";"86 80 85";"10000";"Участвует в конкурсе";"2115766";"—"
"93";"5";"—";"261000";"82 86 83";"10000";"Участвует в конкурсе";"1291247";"—"
"94";"3";"—";"261000";"80 90 81";"10000";"Участвует в конкурсе";"1499557";"—"
"95";"5";"—";"261000";"78 90 83";"10000";"Участвует в конкурсе";"2309402";"—"
"96";"10";"—";"260000";"90 98 72";"—";"Участвует в конкурсе";"2191929";"—"
"97";"7";"Электронное";"260000";"82 83 89";"6000";"Участвует в конкурсе";"1704263";"—"
"98";"5";"—";"260000";"84 85 81";"10000";"Участвует в конкурсе";"2230026";"—"
"99";"2";"—";"260000";"78 94 78";"10000";"Участвует в конкурсе";"1601134";"—"
"100";"4";"—";"260000";"76 81 93";"10000";"Участвует в конкурсе";"2273108";"—"
"101";"7";"Электронное";"259000";"86 82 81";"10000";"Участвует в конкурсе";"1687166";"—"
"102";"5";"—";"259000";"78 85 86";"10000";"Участвует в конкурсе";"1884321";"—"
"103";"1";"—";"259000";"78 82 89";"10000";"Участвует в конкурсе";"1421042";"—"
"104";"9";"—";"258000";"92 80 86";"—";"Участвует в конкурсе";"1581104";"—"
"105";"5";"Электронное";"258000";"88 78 89";"3000";"Участвует в конкурсе";"1285460";"—"
"106";"14";"—";"258000";"84 88 83";"3000";"Участвует в конкурсе";"1832048";"—"
"107";"5";"—";"258000";"95 80 73";"10000";"Участвует в конкурсе";"2272198";"—"
"108";"1";"—";"258000";"92 90 66";"10000";"Участвует в конкурсе";"1843867";"—"
"110";"1";"—";"258000";"88 85 75";"10000";"Участвует в конкурсе";"1907680";"—"
"111";"7";"—";"258000";"88 71 89";"10000";"Участвует в конкурсе";"1906096";"—"
"112";"9";"Электронное";"258000";"82 85 81";"10000";"Участвует в конкурсе";"1185626";"—"
"113";"5";"—";"258000";"80 82 86";"10000";"Участвует в конкурсе";"2220122";"—"
"114";"5";"—";"257000";"88 94 75";"—";"Участвует в конкурсе";"2265241";"—"
"115";"1";"Электронное";"257000";"86 90 81";"—";"Участвует в конкурсе";"1078320";"—"
"116";"3";"—";"257000";"86 88 83";"—";"Участвует в конкурсе";"1846158";"—"
"117";"5";"—";"257000";"86 80 91";"—";"Участвует в конкурсе";"2269268";"—"
"118";"6";"—";"257000";"88 83 83";"3000";"Участвует в конкурсе";"1651455";"—"
"119";"5";"—";"257000";"86 86 75";"10000";"Участвует в конкурсе";"1574916";"—"
"120";"6";"—";"257000";"86 80 81";"10000";"Участвует в конкурсе";"1443543";"—"
"121";"5";"—";"257000";"80 76 91";"10000";"Участвует в конкурсе";"1624410";"—"
"122";"1";"—";"257000";"78 88 81";"10000";"Участвует в конкурсе";"2310328";"—"
"123";"4";"Электронное";"257000";"74 84 89";"10000";"Участвует в конкурсе";"1748117";"—"
"124";"3";"—";"256000";"82 88 86";"—";"Участвует в конкурсе";"1530329";"—"
"125";"4";"—";"256000";"84 88 81";"3000";"Участвует в конкурсе";"1655286";"—"
"126";"6";"—";"256000";"84 83 86";"3000";"Участвует в конкурсе";"2221878";"—"
"127";"2";"—";"256000";"78 92 83";"3000";"Участвует в конкурсе";"2135551";"—"
"128";"1";"—";"256000";"86 82 83";"5000";"Участвует в конкурсе";"1042645";"—"
"129";"4";"—";"256000";"80 80 86";"10000";"Участвует в конкурсе";"1177155";"—"
"130";"1";"—";"256000";"80 72 94";"10000";"Участвует в конкурсе";"1191983";"—"
"131";"3";"—";"256000";"80 72 94";"10000";"Участвует в конкурсе";"2260703";"—"
"132";"5";"—";"256000";"78 82 86";"10000";"Участвует в конкурсе";"1768136";"—"
"133";"6";"—";"255000";"92 88 75";"—";"Участвует в конкурсе";"2053425";"—"
"134";"1";"—";"255000";"90 82 83";"—";"Участвует в конкурсе";"2251630";"—"
"136";"1";"—";"255000";"84 82 89";"—";"Участвует в конкурсе";"1267784";"—"
"137";"1";"—";"255000";"80 78 94";"3000";"Участвует в конкурсе";"1465657";"—"
"138";"4";"—";"255000";"94 73 78";"10000";"Участвует в конкурсе";"1568826";"—"
"139";"3";"—";"255000";"88 82 75";"10000";"Участвует в конкурсе";"1932483";"—"
"140";"3";"—";"255000";"86 86 73";"10000";"Участвует в конкурсе";"1417271";"—"
"141";"5";"—";"255000";"84 100 61";"10000";"Участвует в конкурсе";"2220306";"—"
"142";"4";"—";"255000";"82 82 81";"10000";"Участвует в конкурсе";"1306859";"—"
"143";"6";"—";"255000";"76 78 91";"10000";"Участвует в конкурсе";"2296289";"—"
"144";"5";"—";"254000";"82 88 81";"3000";"Участвует в конкурсе";"1719728";"—"
"145";"1";"—";"254000";"100 85 64";"5000";"Участвует в конкурсе";"1441981";"—"
"146";"3";"—";"254000";"90 76 78";"10000";"Участвует в конкурсе";"1721135";"—"
"147";"5";"—";"254000";"88 70 86";"10000";"Участвует в конкурсе";"1685152";"—"
"149";"2";"Электронное";"253000";"80 85 83";"5000";"Участвует в конкурсе";"2270741";"—"
"150";"4";"—";"253000";"90 70 83";"10000";"Участвует в конкурсе";"1778585";"—"
"151";"9";"—";"253000";"82 75 86";"10000";"Участвует в конкурсе";"1215228";"—"
"152";"1";"Электронное";"253000";"82 70 91";"10000";"Участвует в конкурсе";"1625544";"—"
"153";"1";"—";"253000";"80 80 83";"10000";"Участвует в конкурсе";"1856304";"—"
"154";"10";"—";"252000";"86 88 78";"—";"Участвует в конкурсе";"2178278";"—"
"155";"5";"—";"252000";"80 88 81";"3000";"Участвует в конкурсе";"1377134";"—"
"157";"4";"—";"252000";"86 78 83";"5000";"Участвует в конкурсе";"1961773";"—"
"158";"5";"—";"252000";"78 83 86";"5000";"Участвует в конкурсе";"2005735";"—"
"159";"6";"Электронное";"252000";"80 80 86";"6000";"Участвует в конкурсе";"964013";"—"
"162";"5";"—";"252000";"74 77 91";"10000";"Участвует в конкурсе";"1908813";"—"
"163";"2";"Электронное";"251000";"90 78 83";"—";"Участвует в конкурсе";"1715161";"—"
"164";"5";"—";"251000";"78 90 83";"—";"Участвует в конкурсе";"2308289";"—"
"165";"5";"Электронное";"251000";"88 83 78";"2000";"Участвует в конкурсе";"2084059";"—"
"166";"5";"—";"251000";"88 88 70";"5000";"Участвует в конкурсе";"2267376";"—"
"167";"6";"—";"251000";"90 93 61";"7000";"Участвует в конкурсе";"1725287";"—"
"168";"2";"—";"251000";"86 74 81";"10000";"Участвует в конкурсе";"1916624";"—"
"170";"4";"Электронное";"251000";"80 80 81";"10000";"Участвует в конкурсе";"1597013";"—"
"171";"1";"—";"250000";"88 78 81";"3000";"Участвует в конкурсе";"1914771";"—"
"172";"5";"—";"250000";"86 83 78";"3000";"Участвует в конкурсе";"2262457";"—"
"173";"2";"—";"250000";"88 80 72";"10000";"Участвует в конкурсе";"1399866";"—"
"174";"1";"—";"250000";"86 84 70";"10000";"Участвует в конкурсе";"1341025";"—"
"175";"1";"—";"250000";"82 88 70";"10000";"Участвует в конкурсе";"1361208";"—"
"176";"8";"—";"250000";"82 72 86";"10000";"Участвует в конкурсе";"2251355";"—"
"177";"3";"—";"250000";"80 82 78";"10000";"Участвует в конкурсе";"1610193";"—"
"178";"5";"Электронное";"250000";"80 79 81";"10000";"Участвует в конкурсе";"1187523";"—"
"179";"14";"Электронное";"249000";"88 95 66";"—";"Участвует в конкурсе";"1690299";"—"
"181";"4";"—";"249000";"86 77 86";"—";"Участвует в конкурсе";"1787602";"—"
"182";"4";"—";"249000";"86 88 72";"3000";"Участвует в конкурсе";"1969845";"—"
"183";"4";"—";"249000";"86 88 72";"3000";"Участвует в конкурсе";"2105094";"—"
"184";"6";"—";"249000";"80 83 83";"3000";"Участвует в конкурсе";"1809720";"—"
"185";"4";"Электронное";"249000";"78 98 70";"3000";"Участвует в конкурсе";"1422042";"—"
"186";"6";"Электронное";"249000";"90 85 69";"5000";"Участвует в конкурсе";"1624349";"—"
"188";"6";"—";"249000";"86 95 58";"10000";"Участвует в конкурсе";"985267";"—"
"189";"5";"—";"249000";"80 65 94";"10000";"Участвует в конкурсе";"1964595";"—"
"190";"5";"—";"249000";"74 90 75";"10000";"Участвует в конкурсе";"1997411";"—"
"191";"4";"—";"249000";"74 71 94";"10000";"Участвует в конкурсе";"1212128";"—"
"192";"5";"—";"248000";"82 80 86";"—";"Участвует в конкурсе";"1348654";"—"
"193";"3";"—";"248000";"80 90 75";"3000";"Участвует в конкурсе";"1167682";"—"
"194";"8";"—";"248000";"76 83 86";"3000";"Участвует в конкурсе";"2202974";"—"
"195";"2";"—";"248000";"92 75 75";"6000";"Участвует в конкурсе";"1346065";"—"
"196";"5";"—";"248000";"86 80 72";"10000";"Участвует в конкурсе";"1911365";"—"
"197";"2";"—";"248000";"80 86 72";"10000";"Участвует в конкурсе";"1104069";"—"
"198";"7";"—";"248000";"80 83 75";"10000";"Участвует в конкурсе";"1681069";"—"
"199";"4";"Электронное";"248000";"80 75 83";"10000";"Участвует в конкурсе";"1642643";"—"
"200";"4";"—";"248000";"78 82 78";"10000";"Участвует в конкурсе";"1708850";"—"
"201";"9";"Электронное";"248000";"74 78 86";"10000";"Участвует в конкурсе";"1679489";"—"
"202";"6";"—";"248000";"70 90 78";"10000";"Участвует в конкурсе";"2296260";"—"
"204";"4";"—";"247000";"86 92 69";"—";"Участвует в конкурсе";"2135083";"—"
"205";"18";"—";"247000";"84 88 75";"—";"Участвует в конкурсе";"1633981";"—"
"206";"4";"—";"247000";"84 85 78";"—";"Участвует в конкурсе";"1949025";"—"
"209";"7";"Электронное";"247000";"80 73 91";"3000";"Участвует в конкурсе";"2095311";"—"
"210";"3";"—";"247000";"78 85 81";"3000";"Участвует в конкурсе";"2140821";"—"
"211";"1";"—";"247000";"76 72 91";"8000";"Участвует в конкурсе";"1795815";"—"
"212";"4";"—";"247000";"82 80 75";"10000";"Участвует в конкурсе";"1671655";"—"
"213";"3";"—";"247000";"82 77 78";"10000";"Участвует в конкурсе";"1920868";"—"
"214";"1";"—";"247000";"78 86 73";"10000";"Участвует в конкурсе";"2298817";"—"
"216";"1";"—";"247000";"76 83 78";"10000";"Участвует в конкурсе";"1890300";"—"
"217";"3";"—";"247000";"74 80 83";"10000";"Участвует в конкурсе";"1302745";"—"
"218";"1";"—";"246000";"84 79 83";"—";"Участвует в конкурсе";"1413182";"—"
"219";"1";"—";"246000";"78 79 89";"—";"Участвует в конкурсе";"1591238";"—"
"220";"1";"—";"246000";"95 71 70";"10000";"Участвует в конкурсе";"1485201";"—"
"221";"6";"—";"246000";"78 83 75";"10000";"Участвует в конкурсе";"1314878";"—"
"222";"5";"—";"246000";"78 80 78";"10000";"Участвует в конкурсе";"1361161";"—"
"223";"9";"—";"246000";"78 72 86";"10000";"Участвует в конкурсе";"1884906";"—"
"224";"4";"—";"246000";"76 79 81";"10000";"Участвует в конкурсе";"1981752";"—"
"227";"4";"—";"245000";"78 79 86";"2000";"Участвует в конкурсе";"2180942";"—"
"228";"3";"Электронное";"245000";"82 82 78";"3000";"Участвует в конкурсе";"2051913";"—"
"229";"2";"—";"245000";"80 68 94";"3000";"Участвует в конкурсе";"1380236";"—"
"230";"3";"—";"245000";"82 83 75";"5000";"Участвует в конкурсе";"1246362";"—"
"231";"3";"—";"245000";"86 68 81";"10000";"Участвует в конкурсе";"1727353";"—"
"233";"1";"Электронное";"245000";"80 85 70";"10000";"Участвует в конкурсе";"1851448";"—"
"234";"2";"—";"245000";"80 80 75";"10000";"Участвует в конкурсе";"1314837";"—"
"235";"5";"—";"245000";"80 77 78";"10000";"Участвует в конкурсе";"1348534";"—"
"236";"2";"—";"245000";"80 72 83";"10000";"Участвует в конкурсе";"2350941";"—"
"237";"5";"—";"244000";"88 90 66";"—";"Участвует в конкурсе";"1303297";"—"
"238";"5";"—";"244000";"86 80 78";"—";"Участвует в конкурсе";"1216209";"—"
"239";"5";"—";"244000";"78 77 89";"—";"Участвует в конкурсе";"2335382";"—"
"240";"4";"—";"244000";"100 73 69";"2000";"Участвует в конкурсе";"986931";"—"
"241";"5";"—";"244000";"80 78 81";"5000";"Участвует в конкурсе";"1910889";"—"
"242";"2";"—";"244000";"88 73 73";"10000";"Участвует в конкурсе";"2340130";"—"
"243";"5";"—";"244000";"86 85 63";"10000";"Участвует в конкурсе";"1697427";"—"
"244";"6";"—";"244000";"82 80 72";"10000";"Участвует в конкурсе";"1471130";"—"
"245";"5";"—";"244000";"76 86 72";"10000";"Участвует в конкурсе";"1573329";"—"
"246";"6";"—";"244000";"76 83 75";"10000";"Участвует в конкурсе";"2201990";"—"
"247";"5";"—";"244000";"74 79 81";"10000";"Участвует в конкурсе";"1233524";"—"
"248";"2";"—";"243000";"92 70 81";"—";"Участвует в конкурсе";"2357593";"—"
"249";"3";"—";"243000";"88 61 94";"—";"Участвует в конкурсе";"2252000";"—"
"250";"5";"—";"243000";"86 79 78";"—";"Участвует в конкурсе";"1858961";"—"
"251";"2";"—";"243000";"82 75 86";"—";"Участвует в конкурсе";"1363922";"—"
"253";"5";"Электронное";"243000";"78 82 83";"—";"Участвует в конкурсе";"1848131";"—"
"254";"4";"—";"243000";"74 72 97";"—";"Участвует в конкурсе";"1460553";"—"
"255";"8";"Электронное";"243000";"76 86 78";"3000";"Участвует в конкурсе";"1346256";"—"
"256";"5";"—";"243000";"70 75 94";"4000";"Участвует в конкурсе";"2288068";"—"
"257";"4";"—";"243000";"86 72 78";"7000";"Участвует в конкурсе";"1362892";"—"
"258";"9";"—";"243000";"82 78 75";"8000";"Участвует в конкурсе";"1516550";"—"
"259";"4";"—";"243000";"84 79 70";"10000";"Участвует в конкурсе";"1566378";"—"
"260";"10";"—";"243000";"80 67 86";"10000";"Участвует в конкурсе";"2253354";"—"
"261";"2";"Электронное";"242000";"86 83 73";"—";"Участвует в конкурсе";"1885150";"—"
"262";"5";"—";"242000";"84 85 73";"—";"Участвует в конкурсе";"2120497";"—"
"264";"4";"—";"242000";"78 70 94";"—";"Участвует в конкурсе";"2174421";"—"
"265";"5";"—";"242000";"84 83 67";"8000";"Участвует в конкурсе";"1851931";"—"
"266";"1";"—";"242000";"82 75 75";"10000";"Участвует в конкурсе";"1444109";"—"
"267";"1";"—";"242000";"78 85 69";"10000";"Участвует в конкурсе";"1327527";"—"
"268";"6";"—";"242000";"78 76 78";"10000";"Участвует в конкурсе";"1586158";"—"
"269";"5";"—";"242000";"76 78 78";"10000";"Участвует в конкурсе";"1648521";"—"
"270";"7";"—";"242000";"74 86 72";"10000";"Участвует в конкурсе";"1507177";"—"
"271";"3";"—";"242000";"74 80 78";"10000";"Участвует в конкурсе";"1428438";"—"
"272";"5";"—";"241000";"92 86 63";"—";"Участвует в конкурсе";"1187313";"—"
"273";"5";"—";"241000";"88 80 73";"—";"Участвует в конкурсе";"1853435";"—"
"274";"4";"—";"241000";"84 79 78";"—";"Участвует в конкурсе";"1726189";"—"
"275";"5";"—";"241000";"80 75 86";"—";"Участвует в конкурсе";"1617676";"—"
"276";"4";"—";"241000";"78 88 75";"—";"Участвует в конкурсе";"1512747";"—"
"278";"3";"—";"241000";"76 84 81";"—";"Участвует в конкурсе";"1692816";"—"
"279";"1";"—";"241000";"72 85 81";"3000";"Участвует в конкурсе";"1254874";"—"
"280";"2";"—";"241000";"84 74 78";"5000";"Участвует в конкурсе";"1544818";"—"
"281";"4";"—";"241000";"74 90 72";"5000";"Участвует в конкурсе";"1266000";"—"
"282";"1";"—";"241000";"84 80 70";"7000";"Участвует в конкурсе";"1849637";"—"
"284";"3";"Электронное";"241000";"86 67 78";"10000";"Участвует в конкурсе";"1983634";"—"
"285";"5";"—";"241000";"84 74 73";"10000";"Участвует в конкурсе";"1618906";"—"
"286";"3";"—";"241000";"84 72 75";"10000";"Участвует в конкурсе";"1585735";"—"
"287";"7";"—";"241000";"78 80 73";"10000";"Участвует в конкурсе";"1223073";"—"
"288";"5";"—";"241000";"74 84 73";"10000";"Участвует в конкурсе";"2049698";"—"
"289";"5";"Электронное";"241000";"74 82 75";"10000";"Участвует в конкурсе";"1565161";"—"
"291";"2";"—";"240000";"84 86 70";"—";"Участвует в конкурсе";"1602815";"—"
"292";"2";"—";"240000";"84 84 72";"—";"Участвует в конкурсе";"1605327";"—"
"293";"3";"—";"240000";"82 85 73";"—";"Участвует в конкурсе";"1937895";"—"
"294";"4";"—";"240000";"82 80 78";"—";"Участвует в конкурсе";"1417616";"—"
"295";"4";"—";"240000";"82 77 81";"—";"Участвует в конкурсе";"2245763";"—"
"297";"1";"—";"240000";"80 71 89";"—";"Участвует в конкурсе";"1986638";"—"
"298";"12";"—";"240000";"76 78 86";"—";"Участвует в конкурсе";"2021568";"—"
"299";"4";"—";"240000";"82 84 72";"2000";"Участвует в конкурсе";"1622418";"—"
"301";"6";"—";"240000";"78 78 81";"3000";"Участвует в конкурсе";"2048665";"—"
"302";"4";"—";"240000";"82 80 73";"5000";"Участвует в конкурсе";"1650953";"—"
"303";"1";"—";"240000";"90 70 70";"10000";"Участвует в конкурсе";"2243504";"—"
"304";"2";"—";"240000";"82 73 75";"10000";"Участвует в конкурсе";"1976876";"—"
"305";"7";"Электронное";"240000";"82 67 81";"10000";"Участвует в конкурсе";"1849846";"—"
"306";"3";"—";"240000";"80 67 83";"10000";"Участвует в конкурсе";"1709792";"—"
"307";"2";"Электронное";"240000";"72 80 78";"10000";"Участвует в конкурсе";"1996331";"—"
"308";"1";"—";"240000";"70 74 86";"10000";"Участвует в конкурсе";"1599619";"—"
"309";"6";"—";"240000";"64 80 86";"10000";"Участвует в конкурсе";"2096486";"—"
"310";"11";"—";"239000";"96 68 75";"—";"Участвует в конкурсе";"2267350";"—"
"312";"5";"Электронное";"239000";"86 80 73";"—";"Участвует в конкурсе";"1275946";"—"
"314";"1";"—";"239000";"84 80 75";"—";"Участвует в конкурсе";"1249822";"—"
"315";"12";"—";"239000";"84 72 83";"—";"Участвует в конкурсе";"1429423";"—"
"316";"2";"—";"239000";"84 72 83";"—";"Участвует в конкурсе";"1960047";"—"
"317";"2";"—";"239000";"80 90 69";"—";"Участвует в конкурсе";"1731435";"—"
"318";"4";"—";"239000";"80 76 83";"—";"Участвует в конкурсе";"2197909";"—"
"319";"5";"—";"239000";"78 86 75";"—";"Участвует в конкурсе";"1131445";"—"
"320";"14";"Электронное";"239000";"78 80 81";"—";"Участвует в конкурсе";"1179284";"—"
"321";"2";"—";"239000";"78 80 81";"—";"Участвует в конкурсе";"1197763";"—"
"322";"6";"—";"239000";"76 88 75";"—";"Участвует в конкурсе";"972790";"—"
"323";"1";"—";"239000";"76 77 86";"—";"Участвует в конкурсе";"2326067";"—"
"324";"6";"—";"239000";"84 85 67";"3000";"Участвует в конкурсе";"1977514";"—"
"325";"14";"Электронное";"239000";"78 85 73";"3000";"Участвует в конкурсе";"1497564";"—"
"326";"3";"—";"239000";"84 77 73";"5000";"Участвует в конкурсе";"1578637";"—"
"327";"7";"—";"239000";"78 70 86";"5000";"Участвует в конкурсе";"2245820";"—"
"328";"3";"—";"239000";"82 64 83";"10000";"Участвует в конкурсе";"1029969";"—"
"329";"4";"Электронное";"239000";"76 70 83";"10000";"Участвует в конкурсе";"2264636";"—"
"330";"7";"—";"239000";"72 85 72";"10000";"Участвует в конкурсе";"2333185";"—"
"332";"5";"—";"238000";"88 75 75";"—";"Участвует в конкурсе";"1195630";"—"
"333";"9";"—";"238000";"84 79 75";"—";"Участвует в конкурсе";"1560440";"—"
"334";"6";"Электронное";"238000";"82 78 78";"—";"Участвует в конкурсе";"1661250";"—"
"335";"6";"Электронное";"238000";"80 86 72";"—";"Участвует в конкурсе";"1376434";"—"
"336";"2";"—";"238000";"80 83 75";"—";"Участвует в конкурсе";"1433053";"—"
"337";"2";"—";"238000";"80 80 78";"—";"Участвует в конкурсе";"1356118";"—"
"338";"2";"—";"238000";"80 80 78";"—";"Участвует в конкурсе";"2028935";"—"
"339";"6";"—";"238000";"72 80 86";"—";"Участвует в конкурсе";"2371393";"—"
"340";"3";"—";"238000";"78 88 70";"2000";"Участвует в конкурсе";"1432101";"—"
"341";"5";"—";"238000";"76 88 72";"2000";"Участвует в конкурсе";"1647709";"—"
"343";"4";"—";"238000";"76 78 81";"3000";"Участвует в конкурсе";"2243133";"—"
"344";"9";"—";"238000";"74 88 73";"3000";"Участвует в конкурсе";"1651907";"—"
"346";"5";"—";"238000";"74 76 83";"5000";"Участвует в конкурсе";"1949139";"—"
"347";"7";"—";"238000";"80 78 72";"8000";"Участвует в конкурсе";"2087319";"—"
"348";"13";"Электронное";"238000";"78 80 72";"8000";"Участвует в конкурсе";"2132661";"—"
"349";"3";"—";"238000";"86 73 69";"10000";"Участвует в конкурсе";"1851784";"—"
"350";"2";"—";"238000";"86 67 75";"10000";"Участвует в конкурсе";"2259234";"—"
"351";"3";"—";"238000";"80 75 73";"10000";"Участвует в конкурсе";"1721626";"—"
"352";"8";"—";"238000";"80 70 78";"10000";"Участвует в конкурсе";"2002748";"—"
"353";"8";"—";"238000";"78 78 72";"10000";"Участвует в конкурсе";"1198219";"—"
"354";"4";"—";"238000";"78 64 86";"10000";"Участвует в конкурсе";"1915281";"—"
"355";"4";"—";"238000";"76 83 69";"10000";"Участвует в конкурсе";"2388374";"—"
"356";"5";"—";"238000";"74 76 78";"10000";"Участвует в конкурсе";"1730393";"—"
"357";"2";"—";"237000";"84 64 89";"—";"Участвует в конкурсе";"2245433";"—"
"358";"6";"—";"237000";"82 80 75";"—";"Участвует в конкурсе";"2104272";"—"
"359";"1";"—";"237000";"76 88 73";"—";"Участвует в конкурсе";"1564174";"—"
"360";"1";"—";"237000";"76 86 75";"—";"Участвует в конкурсе";"2344428";"—"
"361";"3";"—";"237000";"74 90 73";"—";"Участвует в конкурсе";"2043813";"—"
"362";"2";"Электронное";"237000";"74 80 83";"—";"Участвует в конкурсе";"1490795";"—"
"363";"4";"Электронное";"237000";"92 64 78";"3000";"Участвует в конкурсе";"2342203";"—"
"364";"6";"Электронное";"237000";"84 72 78";"3000";"Участвует в конкурсе";"1602902";"—"
"365";"1";"—";"237000";"80 71 83";"3000";"Участвует в конкурсе";"1254161";"—"
"366";"11";"—";"237000";"78 83 73";"3000";"Участвует в конкурсе";"1411803";"—"
"367";"3";"—";"237000";"76 80 78";"3000";"Участвует в конкурсе";"1833882";"—"
"368";"5";"—";"237000";"88 80 64";"5000";"Участвует в конкурсе";"2143397";"—"
"371";"4";"—";"237000";"76 88 63";"10000";"Участвует в конкурсе";"1647496";"—"
"374";"3";"—";"237000";"74 67 86";"10000";"Участвует в конкурсе";"2238401";"—"
"375";"1";"—";"237000";"70 74 83";"10000";"Участвует в конкурсе";"1791114";"—"
"376";"4";"—";"236000";"90 79 67";"—";"Участвует в конкурсе";"1996194";"—"
"377";"2";"—";"236000";"86 75 75";"—";"Участвует в конкурсе";"1276233";"—"
"378";"2";"Электронное";"236000";"84 80 72";"—";"Участвует в конкурсе";"2181558";"—"
"379";"4";"—";"236000";"82 76 78";"—";"Участвует в конкурсе";"1439100";"—"
"380";"3";"Электронное";"236000";"82 73 81";"—";"Участвует в конкурсе";"2393502";"—"
"381";"5";"—";"236000";"80 75 81";"—";"Участвует в конкурсе";"2352916";"—"
"382";"2";"—";"236000";"74 84 78";"—";"Участвует в конкурсе";"1626865";"—"
"383";"4";"—";"236000";"70 80 86";"—";"Участвует в конкурсе";"1583955";"—"
"384";"5";"—";"236000";"88 79 66";"3000";"Участвует в конкурсе";"2272901";"—"
"386";"8";"—";"236000";"84 71 78";"3000";"Участвует в конкурсе";"1356203";"—"
"387";"2";"—";"236000";"80 80 73";"3000";"Участвует в конкурсе";"2122341";"—"
"388";"7";"—";"236000";"76 88 69";"3000";"Участвует в конкурсе";"2257371";"—"
"389";"5";"—";"236000";"76 79 78";"3000";"Участвует в конкурсе";"1096374";"—"
"390";"8";"—";"236000";"90 67 75";"4000";"Участвует в конкурсе";"2273764";"—"
"391";"6";"—";"236000";"82 72 78";"4000";"Участвует в конкурсе";"1354720";"—"
"392";"2";"—";"236000";"78 73 75";"10000";"Участвует в конкурсе";"2035841";"—"
"393";"5";"Электронное";"236000";"78 67 81";"10000";"Участвует в конкурсе";"1479759";"—"
"394";"2";"Электронное";"236000";"76 75 75";"10000";"Участвует в конкурсе";"2251064";"—"
"396";"2";"—";"236000";"72 84 70";"10000";"Участвует в конкурсе";"1670643";"—"
"397";"5";"—";"235000";"86 80 69";"—";"Участвует в конкурсе";"1913939";"—"
"398";"3";"—";"235000";"86 79 70";"—";"Участвует в конкурсе";"1503003";"—"
"399";"3";"—";"235000";"86 79 70";"—";"Участвует в конкурсе";"1112240";"—"
"400";"1";"—";"235000";"82 83 70";"—";"Участвует в конкурсе";"1208341";"—"
"401";"5";"—";"235000";"92 71 69";"3000";"Участвует в конкурсе";"1777874";"—"
"402";"7";"Электронное";"235000";"78 71 83";"3000";"Участвует в конкурсе";"2220733";"—"
"403";"4";"—";"235000";"76 84 72";"3000";"Участвует в конкурсе";"2313843";"—"
"404";"4";"Электронное";"235000";"82 72 75";"6000";"Участвует в конкурсе";"1176687";"—"
"405";"1";"—";"235000";"82 74 69";"10000";"Участвует в конкурсе";"1799384";"—"
"406";"3";"—";"235000";"80 72 73";"10000";"Участвует в конкурсе";"1070526";"—"
"407";"2";"—";"235000";"80 70 75";"10000";"Участвует в конкурсе";"1206747";"—"
"408";"5";"—";"235000";"72 67 86";"10000";"Участвует в конкурсе";"2379164";"—"
"409";"6";"—";"234000";"84 78 72";"—";"Участвует в конкурсе";"2160887";"—"
"410";"1";"Электронное";"234000";"82 80 69";"3000";"Участвует в конкурсе";"2104104";"—"
"414";"3";"Электронное";"234000";"86 67 73";"8000";"Участвует в конкурсе";"1214693";"—"
"416";"3";"—";"234000";"80 80 64";"10000";"Участвует в конкурсе";"2088767";"—"
"417";"2";"—";"234000";"80 78 66";"10000";"Участвует в конкурсе";"2308673";"—"
"418";"4";"Электронное";"234000";"80 77 67";"10000";"Участвует в конкурсе";"1463784";"—"
"419";"7";"Электронное";"234000";"76 59 89";"10000";"Участвует в конкурсе";"2217868";"—"
"420";"2";"Электронное";"234000";"72 85 67";"10000";"Участвует в конкурсе";"2344640";"—"
"421";"2";"—";"233000";"88 88 57";"—";"Участвует в конкурсе";"1793437";"—"
"422";"2";"—";"233000";"84 74 75";"—";"Участвует в конкурсе";"1844083";"—"
"423";"5";"—";"233000";"82 78 73";"—";"Участвует в конкурсе";"1259682";"—"
"424";"5";"—";"233000";"82 78 73";"—";"Участвует в конкурсе";"1859347";"—"
"425";"3";"—";"233000";"78 80 75";"—";"Участвует в конкурсе";"2224252";"—"
"426";"5";"Электронное";"233000";"74 92 67";"—";"Участвует в конкурсе";"2090471";"—"
"427";"1";"—";"233000";"72 94 67";"—";"Участвует в конкурсе";"1576638";"—"
"428";"4";"—";"233000";"72 72 89";"—";"Участвует в конкурсе";"1970548";"—"
"429";"4";"—";"233000";"78 70 83";"2000";"Участвует в конкурсе";"1544019";"—"
"430";"3";"—";"233000";"86 71 73";"3000";"Участвует в конкурсе";"2337554";"—"
"431";"12";"—";"233000";"80 84 66";"3000";"Участвует в конкурсе";"1107021";"—"
"432";"3";"Электронное";"233000";"80 75 75";"3000";"Участвует в конкурсе";"1912935";"—"
"433";"1";"—";"233000";"80 75 72";"6000";"Участвует в конкурсе";"2087662";"—"
"434";"1";"—";"233000";"78 73 72";"10000";"Участвует в конкурсе";"977619";"—"
"435";"4";"—";"233000";"78 72 73";"10000";"Участвует в конкурсе";"1960930";"—"
"436";"8";"—";"233000";"78 62 83";"10000";"Участвует в конкурсе";"2093248";"—"
"437";"15";"—";"233000";"76 80 67";"10000";"Участвует в конкурсе";"1277724";"—"
"438";"5";"—";"233000";"72 70 81";"10000";"Участвует в конкурсе";"1265616";"—"
"440";"1";"—";"232000";"82 75 75";"—";"Участвует в конкурсе";"1128260";"—"
"441";"3";"—";"232000";"78 79 75";"—";"Участвует в конкурсе";"2267105";"—"
"443";"6";"Электронное";"232000";"74 83 75";"—";"Участвует в конкурсе";"1359947";"—"
"444";"6";"—";"232000";"76 72 81";"3000";"Участвует в конкурсе";"2271575";"—"
"445";"5";"—";"232000";"74 83 72";"3000";"Участвует в конкурсе";"1997455";"—"
"446";"6";"—";"232000";"88 70 66";"8000";"Участвует в конкурсе";"1168537";"—"
"447";"3";"—";"232000";"88 64 70";"10000";"Участвует в конкурсе";"2306212";"—"
"448";"4";"—";"232000";"82 74 66";"10000";"Участвует в конкурсе";"2352447";"—"
"449";"4";"—";"232000";"82 67 73";"10000";"Участвует в конкурсе";"1538296";"—"
"450";"4";"—";"232000";"82 67 73";"10000";"Участвует в конкурсе";"1843732";"—"
"452";"11";"—";"232000";"72 64 86";"10000";"Участвует в конкурсе";"1441108";"—"
"453";"2";"—";"231000";"95 70 66";"—";"Участвует в конкурсе";"1648628";"—"
"454";"6";"Электронное";"231000";"90 75 66";"—";"Участвует в конкурсе";"1288859";"—"
"456";"3";"—";"231000";"84 72 75";"—";"Участвует в конкурсе";"2100306";"—"
"457";"23";"Электронное";"231000";"80 78 73";"—";"Участвует в конкурсе";"1210027";"—"
"458";"3";"—";"231000";"76 80 75";"—";"Участвует в конкурсе";"1284647";"—"
"459";"1";"—";"231000";"76 72 83";"—";"Участвует в конкурсе";"1718466";"—"
"460";"3";"Электронное";"231000";"74 82 75";"—";"Участвует в конкурсе";"2399508";"—"
"461";"4";"—";"231000";"70 75 86";"—";"Участвует в конкурсе";"1795160";"—"
"462";"3";"—";"231000";"78 80 70";"3000";"Участвует в конкурсе";"1731323";"—"
"463";"3";"Электронное";"231000";"78 75 75";"3000";"Участвует в конкурсе";"2262974";"—"
"464";"2";"—";"231000";"72 75 81";"3000";"Участвует в конкурсе";"1345806";"—"
"465";"2";"—";"231000";"84 70 72";"5000";"Участвует в конкурсе";"2252067";"—"
"466";"2";"—";"231000";"76 77 73";"5000";"Участвует в конкурсе";"1344348";"—"
"467";"4";"—";"231000";"88 64 69";"10000";"Участвует в конкурсе";"2049797";"—"
"469";"7";"—";"231000";"78 70 73";"10000";"Участвует в конкурсе";"1724943";"—"
"470";"5";"—";"231000";"78 68 75";"10000";"Участвует в конкурсе";"2304727";"—"
"472";"2";"Электронное";"231000";"76 75 70";"10000";"Участвует в конкурсе";"1516865";"—"
"473";"4";"—";"231000";"76 70 75";"10000";"Участвует в конкурсе";"1419667";"—"
"474";"1";"—";"231000";"76 67 78";"10000";"Участвует в конкурсе";"1219511";"—"
"475";"10";"Электронное";"231000";"74 77 70";"10000";"Участвует в конкурсе";"1914227";"—"
"476";"2";"—";"231000";"74 75 72";"10000";"Участвует в конкурсе";"1283080";"—"
"477";"3";"—";"231000";"72 74 75";"10000";"Участвует в конкурсе";"1254552";"—"
"478";"2";"Электронное";"231000";"70 68 83";"10000";"Участвует в конкурсе";"1193501";"—"
"480";"1";"—";"230000";"80 90 60";"—";"Участвует в конкурсе";"2344364";"—"
"481";"5";"—";"230000";"80 83 67";"—";"Участвует в конкурсе";"2384000";"—"
"482";"5";"—";"230000";"78 88 64";"—";"Участвует в конкурсе";"1899450";"—"
"483";"4";"—";"230000";"78 85 67";"—";"Участвует в конкурсе";"2262420";"—"
"484";"5";"—";"230000";"78 83 69";"—";"Участвует в конкурсе";"2255326";"—"
"485";"4";"—";"230000";"78 71 81";"—";"Участвует в конкурсе";"1489144";"—"
"486";"5";"—";"230000";"72 83 75";"—";"Участвует в конкурсе";"1512239";"—"
"487";"4";"—";"230000";"72 72 86";"—";"Участвует в конкурсе";"2003618";"—"
"488";"5";"—";"230000";"70 75 85";"—";"Участвует в конкурсе";"2343915";"—"
"490";"4";"—";"230000";"80 80 67";"3000";"Участвует в конкурсе";"2218591";"—"
"492";"5";"—";"230000";"76 78 73";"3000";"Участвует в конкурсе";"1822217";"—"
"493";"7";"—";"230000";"74 83 70";"3000";"Участвует в конкурсе";"2151845";"—"
"494";"3";"—";"230000";"74 80 73";"3000";"Участвует в конкурсе";"1216063";"—"
"495";"3";"—";"230000";"72 83 72";"3000";"Участвует в конкурсе";"2267877";"—"
"496";"6";"—";"230000";"78 80 66";"6000";"Участвует в конкурсе";"2020683";"—"
"497";"2";"—";"230000";"80 62 78";"10000";"Участвует в конкурсе";"2368002";"—"
"498";"4";"Электронное";"230000";"80 59 81";"10000";"Участвует в конкурсе";"2342650";"—"
"499";"1";"Электронное";"230000";"74 76 70";"10000";"Участвует в конкурсе";"1956421";"—"
"500";"5";"—";"230000";"74 68 78";"10000";"Участвует в конкурсе";"1635554";"—"
"501";"1";"Электронное";"230000";"72 73 75";"10000";"Участвует в конкурсе";"2364971";"—"
"502";"10";"—";"230000";"70 80 70";"10000";"Участвует в конкурсе";"1212552";"—"
"503";"5";"Электронное";"229000";"90 75 64";"—";"Участвует в конкурсе";"1642783";"—"
"504";"1";"—";"229000";"90 70 69";"—";"Участвует в конкурсе";"1622453";"—"
"505";"11";"—";"229000";"86 83 60";"—";"Участвует в конкурсе";"1502869";"—"
"506";"3";"Электронное";"229000";"86 80 63";"—";"Участвует в конкурсе";"1678120";"—"
"507";"2";"—";"229000";"86 80 63";"—";"Участвует в конкурсе";"1858202";"—"
"508";"3";"—";"229000";"84 70 75";"—";"Участвует в конкурсе";"1430858";"—"
"509";"1";"—";"229000";"84 67 78";"—";"Участвует в конкурсе";"1364586";"—"
"510";"8";"—";"229000";"80 80 69";"—";"Участвует в конкурсе";"1718893";"—"
"511";"5";"—";"229000";"78 70 81";"—";"Участвует в конкурсе";"1477880";"—"
"512";"5";"—";"229000";"72 71 86";"—";"Участвует в конкурсе";"1839012";"—"
"514";"1";"—";"229000";"88 80 58";"3000";"Участвует в конкурсе";"1983363";"—"
"515";"1";"—";"229000";"86 74 66";"3000";"Участвует в конкурсе";"1608659";"—"
"516";"2";"Электронное";"229000";"76 83 67";"3000";"Участвует в конкурсе";"2213832";"—"
"517";"1";"—";"229000";"76 80 70";"3000";"Участвует в конкурсе";"1775925";"—"
"518";"1";"—";"229000";"76 78 72";"3000";"Участвует в конкурсе";"2252351";"—"
"519";"4";"—";"229000";"76 72 78";"3000";"Участвует в конкурсе";"1974299";"—"
"520";"8";"Электронное";"229000";"74 83 69";"3000";"Участвует в конкурсе";"2113424";"—"
"521";"8";"—";"229000";"70 78 78";"3000";"Участвует в конкурсе";"2245565";"—"
"522";"2";"—";"229000";"78 73 70";"8000";"Участвует в конкурсе";"1790927";"—"
"523";"11";"—";"229000";"82 74 63";"10000";"Участвует в конкурсе";"1272980";"—"
"524";"1";"—";"229000";"82 65 72";"10000";"Участвует в конкурсе";"1564526";"—"
"525";"9";"—";"229000";"80 67 72";"10000";"Участвует в конкурсе";"2338994";"—"
"526";"1";"—";"229000";"80 64 75";"10000";"Участвует в конкурсе";"1919384";"—"
"527";"6";"—";"229000";"74 75 70";"10000";"Участвует в конкурсе";"1721704";"—"
"528";"4";"—";"229000";"74 73 72";"10000";"Участвует в конкурсе";"1261655";"—"
"529";"1";"—";"229000";"74 67 78";"10000";"Участвует в конкурсе";"1497905";"—"
"530";"3";"—";"229000";"74 56 89";"10000";"Участвует в конкурсе";"1711145";"—"
"531";"3";"—";"228000";"86 59 83";"—";"Участвует в конкурсе";"2174735";"—"
"532";"2";"—";"228000";"82 71 75";"—";"Участвует в конкурсе";"2044038";"—"
"533";"5";"Электронное";"228000";"80 79 69";"—";"Участвует в конкурсе";"2093917";"—"
"534";"19";"Электронное";"228000";"80 73 75";"—";"Участвует в конкурсе";"1617445";"—"
"535";"1";"—";"228000";"78 78 72";"—";"Участвует в конкурсе";"1407915";"—"
"536";"1";"—";"228000";"74 71 83";"—";"Участвует в конкурсе";"1287825";"—"
"539";"5";"—";"228000";"64 78 86";"—";"Участвует в конкурсе";"2340885";"—"
"540";"6";"—";"228000";"80 75 70";"3000";"Участвует в конкурсе";"1704476";"—"
"541";"4";"—";"228000";"74 76 75";"3000";"Участвует в конкурсе";"2210947";"—"
"542";"1";"—";"228000";"64 84 75";"5000";"Участвует в конкурсе";"2064068";"—"
"543";"19";"—";"228000";"78 70 70";"10000";"Участвует в конкурсе";"2301119";"—"
"544";"5";"—";"228000";"76 75 67";"10000";"Участвует в конкурсе";"1847683";"—"
"545";"7";"Электронное";"228000";"74 80 64";"10000";"Участвует в конкурсе";"1353810";"—"
"546";"1";"Электронное";"228000";"74 72 72";"10000";"Участвует в конкурсе";"1341213";"—"
"548";"6";"—";"228000";"72 74 72";"10000";"Участвует в конкурсе";"1569798";"—"
"549";"5";"—";"227000";"88 79 60";"—";"Участвует в конкурсе";"1312610";"—"
"550";"3";"—";"227000";"86 75 66";"—";"Участвует в конкурсе";"1892154";"—"
"552";"1";"—";"227000";"84 70 73";"—";"Участвует в конкурсе";"1518885";"—"
"553";"2";"—";"227000";"82 76 69";"—";"Участвует в конкурсе";"1429046";"—"
"554";"5";"—";"227000";"82 75 70";"—";"Участвует в конкурсе";"1799361";"—"
"556";"3";"—";"227000";"80 74 73";"—";"Участвует в конкурсе";"1239033";"—"
"558";"5";"—";"227000";"78 80 69";"—";"Участвует в конкурсе";"1678333";"—"
"559";"3";"Электронное";"227000";"78 74 75";"—";"Участвует в конкурсе";"1604358";"—"
"560";"1";"—";"227000";"76 62 89";"—";"Участвует в конкурсе";"1605926";"—"
"562";"4";"—";"227000";"74 78 75";"—";"Участвует в конкурсе";"994571";"—"
"563";"11";"—";"227000";"74 75 78";"—";"Участвует в конкурсе";"1441823";"—"
"564";"4";"—";"227000";"74 75 78";"—";"Участвует в конкурсе";"2004145";"—"
"565";"1";"—";"227000";"74 75 78";"—";"Участвует в конкурсе";"1430965";"—"
"566";"1";"—";"227000";"68 78 81";"—";"Участвует в конкурсе";"1853830";"—"
"567";"2";"—";"227000";"68 72 87";"—";"Участвует в конкурсе";"2424633";"—"
"568";"6";"—";"227000";"80 72 72";"3000";"Участвует в конкурсе";"1702768";"—"
"569";"4";"—";"227000";"78 75 66";"8000";"Участвует в конкурсе";"1258202";"—"
"570";"3";"Электронное";"227000";"76 76 67";"8000";"Участвует в конкурсе";"1074591";"—"
"572";"6";"—";"227000";"82 54 81";"10000";"Участвует в конкурсе";"1647681";"—"
"573";"2";"—";"227000";"80 71 66";"10000";"Участвует в конкурсе";"1354507";"—"
"574";"3";"—";"227000";"80 67 70";"10000";"Участвует в конкурсе";"1829411";"—"
"575";"12";"—";"227000";"78 72 67";"10000";"Участвует в конкурсе";"1515194";"—"
"576";"22";"Электронное";"227000";"78 70 69";"10000";"Участвует в конкурсе";"2387974";"—"
"577";"4";"—";"227000";"74 76 67";"10000";"Участвует в конкурсе";"2211080";"—"
"578";"5";"—";"227000";"74 74 69";"10000";"Участвует в конкурсе";"2388687";"—"
"579";"6";"—";"227000";"72 72 73";"10000";"Участвует в конкурсе";"2331060";"—"
"580";"3";"Электронное";"227000";"70 72 75";"10000";"Участвует в конкурсе";"2230528";"—"
"581";"2";"—";"227000";"64 80 73";"10000";"Участвует в конкурсе";"2200331";"—"
"582";"6";"—";"226000";"82 78 66";"—";"Участвует в конкурсе";"2180652";"—"
"583";"6";"—";"226000";"80 83 63";"—";"Участвует в конкурсе";"1901438";"—"
"584";"4";"—";"226000";"80 80 66";"—";"Участвует в конкурсе";"2090334";"—"
"585";"1";"—";"226000";"78 79 69";"—";"Участвует в конкурсе";"1201098";"—"
"586";"3";"—";"226000";"78 78 70";"—";"Участвует в конкурсе";"1494590";"—"
"588";"1";"—";"226000";"76 80 70";"—";"Участвует в конкурсе";"2155193";"—"
"589";"7";"Электронное";"226000";"76 80 70";"—";"Участвует в конкурсе";"1040302";"—"
"590";"6";"—";"226000";"76 78 72";"—";"Участвует в конкурсе";"1441966";"—"
"592";"5";"—";"226000";"76 67 83";"—";"Участвует в конкурсе";"2248209";"—"
"593";"1";"—";"226000";"76 67 83";"—";"Участвует в конкурсе";"2307971";"—"
"594";"2";"—";"226000";"76 67 83";"—";"Участвует в конкурсе";"2205155";"—"
"595";"1";"—";"226000";"76 64 86";"—";"Участвует в конкурсе";"1197308";"—"
"596";"6";"Электронное";"226000";"74 85 67";"—";"Участвует в конкурсе";"1515081";"—"
"597";"3";"Электронное";"226000";"74 71 81";"—";"Участвует в конкурсе";"1887751";"—"
"598";"2";"—";"226000";"82 75 67";"2000";"Участвует в конкурсе";"1574179";"—"
"599";"2";"—";"226000";"78 56 89";"3000";"Участвует в конкурсе";"2274359";"—"
"601";"4";"—";"226000";"76 72 75";"3000";"Участвует в конкурсе";"2253822";"—"
"602";"8";"Электронное";"226000";"76 76 64";"10000";"Участвует в конкурсе";"1005560";"—"
"603";"3";"—";"226000";"76 76 64";"10000";"Участвует в конкурсе";"1357031";"—"
"604";"12";"—";"226000";"76 67 73";"10000";"Участвует в конкурсе";"2417592";"—"
"606";"16";"—";"226000";"74 72 70";"10000";"Участвует в конкурсе";"1907633";"—"
"608";"3";"—";"225000";"86 73 66";"—";"Участвует в конкурсе";"1163707";"—"
"609";"3";"—";"225000";"84 77 64";"—";"Участвует в конкурсе";"1986390";"—"
"610";"6";"Электронное";"225000";"82 85 58";"—";"Участвует в конкурсе";"2335219";"—"
"611";"6";"—";"225000";"82 83 60";"—";"Участвует в конкурсе";"1808020";"—"
"613";"3";"—";"225000";"80 75 70";"—";"Участвует в конкурсе";"2138864";"—"
"614";"22";"—";"225000";"80 72 73";"—";"Участвует в конкурсе";"1999134";"—"
"615";"5";"—";"225000";"80 70 75";"—";"Участвует в конкурсе";"1760715";"—"
"616";"2";"Электронное";"225000";"80 62 83";"—";"Участвует в конкурсе";"1959958";"—"
"617";"1";"—";"225000";"78 83 64";"—";"Участвует в конкурсе";"1490887";"—"
"618";"4";"—";"225000";"78 80 67";"—";"Участвует в конкурсе";"1985448";"—"
"619";"3";"Электронное";"225000";"78 78 69";"—";"Участвует в конкурсе";"1412070";"—"
"620";"2";"—";"225000";"74 84 67";"—";"Участвует в конкурсе";"1577136";"—"
"621";"3";"—";"225000";"74 82 69";"—";"Участвует в конкурсе";"1584122";"—"
"628";"3";"Электронное";"225000";"76 77 67";"5000";"Участвует в конкурсе";"2004152";"—"
"629";"16";"—";"225000";"72 67 78";"8000";"Участвует в конкурсе";"1799585";"—"
"630";"4";"—";"225000";"82 58 75";"10000";"Участвует в конкурсе";"1501717";"—"
"631";"4";"—";"225000";"70 75 70";"10000";"Участвует в конкурсе";"1391401";"—"
"632";"8";"—";"225000";"70 75 70";"10000";"Участвует в конкурсе";"2309676";"—"
"633";"14";"—";"224000";"84 80 60";"—";"Участвует в конкурсе";"1484925";"—"
"634";"6";"—";"224000";"84 70 70";"—";"Участвует в конкурсе";"1730382";"—"
"635";"10";"—";"224000";"82 88 54";"—";"Участвует в конкурсе";"2129783";"—"
"636";"1";"—";"224000";"82 72 70";"—";"Участвует в конкурсе";"2267850";"—"
"638";"1";"—";"224000";"82 59 83";"—";"Участвует в конкурсе";"2329817";"—"
"639";"2";"—";"224000";"78 80 66";"—";"Участвует в конкурсе";"2253496";"—"
"640";"4";"—";"224000";"78 77 69";"—";"Участвует в конкурсе";"1777246";"—"
"641";"1";"—";"224000";"76 75 73";"—";"Участвует в конкурсе";"1791047";"—"
"642";"4";"—";"224000";"76 75 73";"—";"Участвует в конкурсе";"1958351";"—"
"644";"4";"—";"224000";"74 92 58";"—";"Участвует в конкурсе";"1476743";"—"
"645";"5";"—";"224000";"74 75 75";"—";"Участвует в конкурсе";"1582872";"—"
"646";"6";"Электронное";"224000";"72 80 72";"—";"Участвует в конкурсе";"1212881";"—"
"647";"1";"Электронное";"224000";"70 68 86";"—";"Участвует в конкурсе";"1278366";"—"
"648";"5";"—";"224000";"70 67 87";"—";"Участвует в конкурсе";"1682995";"—"
"649";"5";"—";"224000";"72 84 66";"2000";"Участвует в конкурсе";"1580690";"—"
"650";"4";"Электронное";"224000";"82 78 61";"3000";"Участвует в конкурсе";"2391184";"—"
"651";"3";"—";"224000";"76 76 69";"3000";"Участвует в конкурсе";"1228257";"—"
"652";"7";"—";"224000";"72 88 61";"3000";"Участвует в конкурсе";"2404877";"—"
"653";"6";"—";"224000";"76 72 66";"10000";"Участвует в конкурсе";"1917356";"—"
"654";"1";"—";"224000";"74 62 78";"10000";"Участвует в конкурсе";"2034824";"—"
"655";"4";"—";"224000";"74 59 81";"10000";"Участвует в конкурсе";"2331895";"—"
"656";"3";"—";"224000";"72 72 70";"10000";"Участвует в конкурсе";"2337551";"—"
"657";"7";"—";"223000";"86 62 75";"—";"Участвует в конкурсе";"1731777";"—"
"658";"2";"Электронное";"223000";"84 78 61";"—";"Участвует в конкурсе";"1361857";"—"
"661";"8";"—";"223000";"80 71 72";"—";"Участвует в конкурсе";"1719752";"—"
"663";"2";"—";"223000";"80 68 75";"—";"Участвует в конкурсе";"1836740";"—"
"664";"2";"—";"223000";"78 75 70";"—";"Участвует в конкурсе";"2247988";"—"
"665";"2";"—";"223000";"78 75 70";"—";"Участвует в конкурсе";"2309561";"—"
"666";"4";"—";"223000";"78 72 73";"—";"Участвует в конкурсе";"1678952";"—"
"667";"4";"—";"223000";"78 70 75";"—";"Участвует в конкурсе";"1390947";"—"
"668";"4";"—";"223000";"78 70 75";"—";"Участвует в конкурсе";"1788627";"—"
"669";"4";"—";"223000";"78 56 89";"—";"Участвует в конкурсе";"1009489";"—"
"670";"2";"—";"223000";"76 64 83";"—";"Участвует в конкурсе";"1706177";"—"
"671";"4";"—";"223000";"72 82 69";"—";"Участвует в конкурсе";"2218525";"—"
"673";"2";"—";"223000";"80 78 63";"2000";"Участвует в конкурсе";"1499757";"—"
"674";"9";"—";"223000";"86 83 51";"3000";"Участвует в конкурсе";"1608191";"—"
"675";"3";"—";"223000";"82 84 54";"3000";"Участвует в конкурсе";"1410041";"—"
"676";"1";"—";"223000";"88 70 60";"5000";"Участвует в конкурсе";"2100851";"—"
"677";"5";"—";"223000";"82 75 58";"8000";"Участвует в конкурсе";"2172623";"—"
"678";"1";"Электронное";"223000";"76 65 72";"10000";"Участвует в конкурсе";"1364512";"—"
"679";"1";"—";"223000";"74 73 66";"10000";"Участвует в конкурсе";"2344050";"—"
"680";"10";"—";"223000";"74 61 78";"10000";"Участвует в конкурсе";"1331898";"—"
"681";"3";"—";"223000";"70 65 78";"10000";"Участвует в конкурсе";"1758804";"—"
"682";"3";"—";"223000";"64 71 78";"10000";"Участвует в конкурсе";"2265958";"—"
"683";"4";"Электронное";"222000";"84 80 58";"—";"Участвует в конкурсе";"1578836";"—"
"684";"15";"—";"222000";"84 72 66";"—";"Участвует в конкурсе";"1839179";"—"
"685";"3";"—";"222000";"82 67 73";"—";"Участвует в конкурсе";"985183";"—"
"686";"3";"—";"222000";"80 78 64";"—";"Участвует в конкурсе";"1897567";"—"
"688";"1";"—";"222000";"80 72 70";"—";"Участвует в конкурсе";"1492780";"—"
"689";"1";"—";"222000";"80 70 72";"—";"Участвует в конкурсе";"1622445";"—"
"690";"5";"—";"222000";"78 72 72";"—";"Участвует в конкурсе";"1846967";"—"
"691";"2";"—";"222000";"78 72 72";"—";"Участвует в конкурсе";"2210327";"—"
"692";"1";"—";"222000";"76 77 69";"—";"Участвует в конкурсе";"2290825";"—"
"693";"4";"—";"222000";"74 78 70";"—";"Участвует в конкурсе";"2025658";"—"
"694";"2";"—";"222000";"74 75 73";"—";"Участвует в конкурсе";"1610957";"—"
"695";"2";"—";"222000";"74 75 73";"—";"Участвует в конкурсе";"1786522";"—"
"696";"1";"—";"222000";"74 70 78";"—";"Участвует в конкурсе";"2322954";"—"
"697";"1";"Электронное";"222000";"72 75 75";"—";"Участвует в конкурсе";"2172911";"—"
"698";"2";"—";"222000";"70 85 67";"—";"Участвует в конкурсе";"2242580";"—"
"699";"4";"—";"222000";"70 77 75";"—";"Участвует в конкурсе";"1891154";"—"
"700";"7";"—";"222000";"78 78 64";"2000";"Участвует в конкурсе";"2343464";"—"
"701";"2";"—";"222000";"76 74 70";"2000";"Участвует в конкурсе";"990544";"—"
"702";"4";"—";"222000";"70 67 83";"2000";"Участвует в конкурсе";"1484732";"—"
"703";"2";"—";"222000";"82 54 83";"3000";"Участвует в конкурсе";"1964109";"—"
"705";"3";"—";"222000";"76 79 64";"3000";"Участвует в конкурсе";"1569362";"—"
"706";"4";"—";"222000";"78 56 83";"5000";"Участвует в конкурсе";"2140693";"—"
"707";"2";"—";"222000";"78 70 64";"10000";"Участвует в конкурсе";"1647997";"—"
"708";"5";"—";"222000";"76 73 63";"10000";"Участвует в конкурсе";"2342048";"—"
"709";"3";"—";"222000";"76 64 72";"10000";"Участвует в конкурсе";"2133041";"—"
"710";"2";"Электронное";"222000";"74 71 67";"10000";"Участвует в конкурсе";"1894588";"—"
"711";"4";"—";"222000";"74 71 67";"10000";"Участвует в конкурсе";"1337525";"—"
"712";"1";"—";"222000";"74 65 73";"10000";"Участвует в конкурсе";"1288891";"—"
"713";"1";"—";"221000";"84 62 75";"—";"Участвует в конкурсе";"1188063";"—"
"715";"13";"—";"221000";"82 78 61";"—";"Участвует в конкурсе";"1294633";"—"
"716";"2";"—";"221000";"82 70 69";"—";"Участвует в конкурсе";"1474913";"—"
"717";"4";"Электронное";"221000";"80 77 64";"—";"Участвует в конкурсе";"1383841";"—"
"718";"5";"—";"221000";"78 80 63";"—";"Участвует в конкурсе";"2206295";"—"
"719";"4";"—";"221000";"78 76 67";"—";"Участвует в конкурсе";"1723048";"—"
"721";"4";"—";"221000";"76 70 75";"—";"Участвует в конкурсе";"1195645";"—"
"722";"1";"—";"221000";"76 64 81";"—";"Участвует в конкурсе";"1362987";"—"
"723";"7";"—";"221000";"74 75 72";"—";"Участвует в конкурсе";"2078713";"—"
"726";"16";"Электронное";"221000";"72 72 75";"2000";"Участвует в конкурсе";"2265600";"—"
"728";"5";"—";"221000";"78 74 66";"3000";"Участвует в конкурсе";"1731551";"—"
"729";"3";"—";"221000";"74 72 72";"3000";"Участвует в конкурсе";"1721325";"—"
"731";"1";"—";"221000";"72 65 81";"3000";"Участвует в конкурсе";"1838351";"—"
"733";"5";"Электронное";"221000";"78 72 61";"10000";"Участвует в конкурсе";"1364303";"—"
"734";"6";"—";"221000";"76 65 70";"10000";"Участвует в конкурсе";"1576542";"—"
"735";"6";"—";"221000";"76 62 73";"10000";"Участвует в конкурсе";"1847973";"—"
"736";"21";"Электронное";"221000";"74 62 75";"10000";"Участвует в конкурсе";"1313126";"—"
"737";"1";"—";"221000";"74 48 89";"10000";"Участвует в конкурсе";"1875627";"—"
"738";"5";"Электронное";"220000";"88 75 57";"—";"Участвует в конкурсе";"1805202";"—"
"739";"2";"—";"220000";"82 72 66";"—";"Участвует в конкурсе";"1644842";"—"
"740";"4";"Электронное";"220000";"80 80 60";"—";"Участвует в конкурсе";"1416252";"—"
"742";"5";"—";"220000";"80 70 70";"—";"Участвует в конкурсе";"2340649";"—"
"745";"2";"—";"220000";"78 70 72";"—";"Участвует в конкурсе";"1350338";"—"
"746";"1";"—";"220000";"74 70 76";"—";"Участвует в конкурсе";"2006771";"—"
"747";"2";"Электронное";"220000";"72 85 63";"—";"Участвует в конкурсе";"1991782";"—"
"748";"5";"—";"220000";"72 70 78";"—";"Участвует в конкурсе";"948848";"—"
"749";"4";"—";"220000";"70 78 72";"—";"Участвует в конкурсе";"2177779";"—"
"750";"3";"Электронное";"220000";"82 72 64";"2000";"Участвует в конкурсе";"1688274";"—"
"751";"4";"—";"220000";"84 67 66";"3000";"Участвует в конкурсе";"1251763";"—"
"753";"4";"—";"220000";"80 68 69";"3000";"Участвует в конкурсе";"1724703";"—"
"754";"3";"—";"220000";"76 68 73";"3000";"Участвует в конкурсе";"1794424";"—"
"757";"1";"—";"220000";"72 75 70";"3000";"Участвует в конкурсе";"2248617";"—"
"758";"4";"—";"220000";"70 75 72";"3000";"Участвует в конкурсе";"2057744";"—"
"759";"12";"—";"220000";"64 75 78";"3000";"Участвует в конкурсе";"1843886";"—"
"761";"2";"—";"220000";"78 70 67";"5000";"Участвует в конкурсе";"1103571";"—"
"762";"1";"—";"220000";"76 67 72";"5000";"Участвует в конкурсе";"1177667";"—"
"764";"13";"—";"220000";"78 62 70";"10000";"Участвует в конкурсе";"1808579";"—"
"765";"2";"—";"220000";"76 70 64";"10000";"Участвует в конкурсе";"1643131";"—"
"766";"2";"—";"220000";"72 74 64";"10000";"Участвует в конкурсе";"1412836";"—"
"767";"2";"Электронное";"220000";"72 72 66";"10000";"Участвует в конкурсе";"1173985";"—"
"768";"1";"—";"219000";"84 75 60";"—";"Участвует в конкурсе";"1989628";"—"
"769";"4";"—";"219000";"84 71 64";"—";"Участвует в конкурсе";"1851876";"—"
"770";"5";"—";"219000";"82 77 60";"—";"Участвует в конкурсе";"1848162";"—"
"771";"3";"—";"219000";"82 68 69";"—";"Участвует в конкурсе";"1154204";"—"
"772";"1";"—";"219000";"82 67 70";"—";"Участвует в конкурсе";"2226184";"—"
"773";"3";"Электронное";"219000";"80 70 69";"—";"Участвует в конкурсе";"2265659";"—"
"774";"5";"—";"219000";"80 64 75";"—";"Участвует в конкурсе";"2180393";"—"
"775";"2";"—";"219000";"78 80 61";"—";"Участвует в конкурсе";"1433926";"—"
"776";"1";"—";"219000";"78 78 63";"—";"Участвует в конкурсе";"1717680";"—"
"777";"4";"—";"219000";"74 78 67";"—";"Участвует в конкурсе";"2260669";"—"
"779";"1";"—";"219000";"74 67 78";"—";"Участвует в конкурсе";"1560159";"—"
"780";"3";"—";"219000";"72 74 73";"—";"Участвует в конкурсе";"1883680";"—"
"781";"4";"Электронное";"219000";"72 68 79";"—";"Участвует в конкурсе";"1044917";"—"
"782";"3";"—";"219000";"64 85 70";"—";"Участвует в конкурсе";"2340430";"—"
"783";"22";"Электронное";"219000";"78 75 64";"2000";"Участвует в конкурсе";"1985629";"—"
"784";"1";"—";"219000";"78 61 78";"2000";"Участвует в конкурсе";"1209349";"—"
"785";"8";"—";"219000";"72 72 73";"2000";"Участвует в конкурсе";"2094650";"—"
"786";"28";"Электронное";"219000";"72 72 73";"2000";"Участвует в конкурсе";"2185929";"—"
"787";"1";"—";"219000";"78 71 67";"3000";"Участвует в конкурсе";"1711556";"—"
"788";"4";"—";"219000";"74 67 75";"3000";"Участвует в конкурсе";"1997837";"—"
"789";"4";"Электронное";"219000";"72 74 70";"3000";"Участвует в конкурсе";"1709011";"—"
"790";"3";"Электронное";"219000";"76 77 61";"5000";"Участвует в конкурсе";"1640050";"—"
"791";"4";"—";"219000";"70 59 85";"5000";"Участвует в конкурсе";"2228796";"—"
"792";"2";"—";"219000";"72 73 66";"8000";"Участвует в конкурсе";"2176703";"—"
"793";"1";"—";"219000";"78 64 67";"10000";"Участвует в конкурсе";"2007184";"—"
"794";"1";"—";"219000";"72 73 64";"10000";"Участвует в конкурсе";"1914135";"—"
"796";"2";"Электронное";"219000";"70 78 61";"10000";"Участвует в конкурсе";"2309380";"—"
"797";"2";"—";"218000";"84 65 69";"—";"Участвует в конкурсе";"1576333";"—"
"799";"2";"—";"218000";"78 76 64";"—";"Участвует в конкурсе";"1099273";"—"
"800";"5";"—";"218000";"78 70 70";"—";"Участвует в конкурсе";"2095207";"—"
"801";"5";"—";"218000";"78 62 78";"—";"Участвует в конкурсе";"1518377";"—"
"802";"6";"—";"218000";"76 76 66";"—";"Участвует в конкурсе";"2227383";"—"
"803";"1";"Электронное";"218000";"76 70 72";"—";"Участвует в конкурсе";"1288555";"—"
"804";"4";"—";"218000";"76 70 72";"—";"Участвует в конкурсе";"1650610";"—"
"806";"4";"—";"218000";"76 70 72";"—";"Участвует в конкурсе";"1993860";"—"
"807";"5";"—";"218000";"76 70 72";"—";"Участвует в конкурсе";"2225037";"—"
"808";"4";"—";"218000";"76 64 78";"—";"Участвует в конкурсе";"2086163";"—"
"809";"5";"—";"218000";"74 75 69";"—";"Участвует в конкурсе";"1830893";"—"
"811";"4";"—";"218000";"70 70 78";"—";"Участвует в конкурсе";"1383676";"—"
"812";"5";"—";"218000";"74 78 64";"2000";"Участвует в конкурсе";"2409864";"—"
"813";"5";"—";"218000";"82 67 66";"3000";"Участвует в конкурсе";"1181360";"—"
"814";"16";"—";"218000";"78 80 57";"3000";"Участвует в конкурсе";"1389611";"—"
"815";"2";"—";"218000";"78 71 66";"3000";"Участвует в конкурсе";"1950082";"—"
"816";"1";"—";"218000";"76 67 72";"3000";"Участвует в конкурсе";"1899621";"—"
"817";"2";"Электронное";"218000";"74 72 69";"3000";"Участвует в конкурсе";"2247848";"—"
"818";"6";"—";"218000";"72 72 67";"7000";"Участвует в конкурсе";"2051236";"—"
"819";"1";"—";"218000";"74 74 60";"10000";"Участвует в конкурсе";"1793121";"—"
"820";"2";"—";"218000";"70 65 73";"10000";"Участвует в конкурсе";"1384915";"—"
"821";"2";"Электронное";"218000";"58 67 83";"10000";"Участвует в конкурсе";"1920036";"—"
"822";"5";"—";"217000";"84 73 60";"—";"Участвует в конкурсе";"1892853";"—"
"823";"1";"—";"217000";"84 70 63";"—";"Участвует в конкурсе";"1196399";"—"
"824";"2";"—";"217000";"80 74 63";"—";"Участвует в конкурсе";"1707653";"—"
"825";"16";"—";"217000";"80 62 75";"—";"Участвует в конкурсе";"1585723";"—"
"827";"2";"—";"217000";"78 67 72";"—";"Участвует в конкурсе";"2301617";"—"
"828";"1";"—";"217000";"74 70 73";"—";"Участвует в конкурсе";"1174444";"—"
"829";"11";"—";"217000";"74 70 73";"—";"Участвует в конкурсе";"2229565";"—"
"830";"5";"—";"217000";"74 70 73";"—";"Участвует в конкурсе";"1995534";"—"
"831";"6";"—";"217000";"74 62 81";"—";"Участвует в конкурсе";"2222004";"—"
"832";"3";"Электронное";"217000";"72 88 57";"—";"Участвует в конкурсе";"1496474";"—"
"833";"3";"—";"217000";"72 82 63";"—";"Участвует в конкурсе";"2219233";"—"
"834";"2";"—";"217000";"72 78 67";"—";"Участвует в конкурсе";"1997556";"—"
"836";"4";"—";"217000";"72 73 72";"—";"Участвует в конкурсе";"2258848";"—"
"838";"3";"—";"217000";"64 80 73";"—";"Участвует в конкурсе";"2002304";"—"
"840";"3";"Электронное";"217000";"76 78 61";"2000";"Участвует в конкурсе";"1214105";"—"
"842";"4";"—";"217000";"80 70 64";"3000";"Участвует в конкурсе";"2228472";"—"
"843";"6";"—";"217000";"80 64 70";"3000";"Участвует в конкурсе";"1989132";"—"
"844";"6";"Электронное";"217000";"78 67 69";"3000";"Участвует в конкурсе";"1348920";"—"
"845";"1";"—";"217000";"76 80 58";"3000";"Участвует в конкурсе";"1693504";"—"
"847";"3";"—";"217000";"76 75 63";"3000";"Участвует в конкурсе";"1975518";"—"
"848";"1";"—";"217000";"76 74 64";"3000";"Участвует в конкурсе";"1118604";"—"
"849";"4";"—";"217000";"72 70 72";"3000";"Участвует в конкурсе";"2160724";"—"
"850";"3";"—";"217000";"70 78 61";"8000";"Участвует в конкурсе";"2311708";"—"
"851";"3";"—";"217000";"84 51 72";"10000";"Участвует в конкурсе";"2325064";"—"
"853";"5";"—";"217000";"78 59 70";"10000";"Участвует в конкурсе";"1490432";"—"
"854";"1";"—";"217000";"76 62 69";"10000";"Участвует в конкурсе";"2412384";"—"
"855";"3";"—";"217000";"74 70 63";"10000";"Участвует в конкурсе";"1886164";"—"
"856";"5";"—";"217000";"72 65 70";"10000";"Участвует в конкурсе";"1624159";"—"
"857";"5";"—";"217000";"70 70 67";"10000";"Участвует в конкурсе";"1603926";"—"
"858";"5";"—";"217000";"70 65 72";"10000";"Участвует в конкурсе";"1234175";"—"
"859";"2";"—";"217000";"70 56 81";"10000";"Участвует в конкурсе";"1274627";"—"
"860";"5";"—";"216000";"82 67 67";"—";"Участвует в конкурсе";"2260152";"—"
"861";"3";"—";"216000";"80 78 58";"—";"Участвует в конкурсе";"1728893";"—"
"862";"2";"Электронное";"216000";"80 72 64";"—";"Участвует в конкурсе";"1990716";"—"
"863";"2";"—";"216000";"76 74 66";"—";"Участвует в конкурсе";"2006128";"—"
"864";"2";"—";"216000";"76 71 69";"—";"Участвует в конкурсе";"2231131";"—"
"865";"3";"—";"216000";"76 71 69";"—";"Участвует в конкурсе";"1859485";"—"
"866";"1";"—";"216000";"76 70 70";"—";"Участвует в конкурсе";"1797712";"—"
"868";"16";"—";"216000";"74 78 64";"—";"Участвует в конкурсе";"1245111";"—"
"869";"1";"Электронное";"216000";"74 75 67";"—";"Участвует в конкурсе";"1841928";"—"
"870";"8";"—";"216000";"74 72 70";"—";"Участвует в конкурсе";"2339785";"—"
"871";"4";"—";"216000";"74 67 75";"—";"Участвует в конкурсе";"1964591";"—"
"872";"7";"—";"216000";"74 59 83";"—";"Участвует в конкурсе";"1625921";"—"
"873";"1";"—";"216000";"70 80 66";"—";"Участвует в конкурсе";"936904";"—"
"874";"1";"—";"216000";"76 72 66";"2000";"Участвует в конкурсе";"1265604";"—"
"876";"3";"—";"216000";"78 74 61";"3000";"Участвует в конкурсе";"1264014";"—"
"879";"1";"—";"216000";"74 73 66";"3000";"Участвует в конкурсе";"1071895";"—"
"880";"6";"—";"216000";"70 70 73";"3000";"Участвует в конкурсе";"1420429";"—"
"882";"4";"—";"216000";"74 67 70";"5000";"Участвует в конкурсе";"1326017";"—"
"884";"2";"—";"216000";"74 62 70";"10000";"Участвует в конкурсе";"2271243";"—"
"885";"4";"—";"216000";"70 70 66";"10000";"Участвует в конкурсе";"2313239";"—"
"886";"3";"—";"216000";"64 75 67";"10000";"Участвует в конкурсе";"2219292";"—"
"889";"3";"—";"215000";"82 64 69";"—";"Участвует в конкурсе";"1884294";"—"
"890";"2";"—";"215000";"78 67 70";"—";"Участвует в конкурсе";"1642276";"—"
"891";"17";"—";"215000";"78 62 75";"—";"Участвует в конкурсе";"2079039";"—"
"892";"4";"—";"215000";"78 48 89";"—";"Участвует в конкурсе";"1702369";"—"
"893";"6";"—";"215000";"76 72 67";"—";"Участвует в конкурсе";"1435998";"—"
"894";"3";"—";"215000";"76 72 67";"—";"Участвует в конкурсе";"2314971";"—"
"895";"4";"—";"215000";"76 70 69";"—";"Участвует в конкурсе";"1562739";"—"
"897";"6";"—";"215000";"74 78 63";"—";"Участвует в конкурсе";"1797440";"—"
"900";"3";"—";"215000";"74 68 73";"—";"Участвует в конкурсе";"2227765";"—"
"901";"2";"—";"215000";"74 58 83";"—";"Участвует в конкурсе";"1245846";"—"
"902";"2";"—";"215000";"72 62 81";"—";"Участвует в конкурсе";"1208158";"—"
"903";"1";"—";"215000";"70 75 70";"—";"Участвует в конкурсе";"2077210";"—"
"904";"5";"—";"215000";"70 67 78";"—";"Участвует в конкурсе";"1286398";"—"
"905";"6";"—";"215000";"70 67 78";"—";"Участвует в конкурсе";"2093944";"—"
"909";"12";"—";"215000";"76 62 75";"2000";"Участвует в конкурсе";"1520094";"—"
"910";"15";"—";"215000";"82 75 55";"3000";"Участвует в конкурсе";"2246321";"—"
"911";"1";"—";"215000";"78 71 63";"3000";"Участвует в конкурсе";"2255149";"—"
"912";"1";"—";"215000";"78 64 70";"3000";"Участвует в конкурсе";"1601036";"—"
"913";"4";"—";"215000";"70 73 66";"6000";"Участвует в конкурсе";"2091053";"—"
"914";"8";"—";"215000";"78 54 73";"10000";"Участвует в конкурсе";"1470003";"—"
"915";"3";"—";"215000";"74 65 66";"10000";"Участвует в конкурсе";"1576160";"—"
"916";"9";"Электронное";"215000";"74 61 70";"10000";"Участвует в конкурсе";"1362910";"—"
"917";"4";"Электронное";"215000";"72 75 58";"10000";"Участвует в конкурсе";"1828589";"—"
"918";"2";"—";"214000";"80 73 61";"—";"Участвует в конкурсе";"1650584";"—"
"919";"4";"—";"214000";"78 70 66";"—";"Участвует в конкурсе";"1068240";"—"
"920";"1";"—";"214000";"78 64 72";"—";"Участвует в конкурсе";"1729257";"—"
"922";"3";"—";"214000";"74 73 67";"—";"Участвует в конкурсе";"2256462";"—"
"923";"1";"—";"214000";"74 65 75";"—";"Участвует в конкурсе";"1617131";"—"
"924";"4";"—";"214000";"74 59 81";"—";"Участвует в конкурсе";"1813569";"—"
"927";"3";"—";"214000";"72 72 70";"—";"Участвует в конкурсе";"2326682";"—"
"928";"2";"—";"214000";"72 70 72";"—";"Участвует в конкурсе";"1889405";"—"
"929";"4";"—";"214000";"72 64 78";"—";"Участвует в конкурсе";"1826755";"—"
"931";"2";"Электронное";"214000";"82 75 55";"2000";"Участвует в конкурсе";"1906817";"—"
"932";"3";"—";"214000";"76 68 67";"3000";"Участвует в конкурсе";"1901665";"—"
"933";"3";"—";"214000";"72 70 69";"3000";"Участвует в конкурсе";"2252129";"—"
"934";"2";"—";"213000";"84 71 58";"—";"Участвует в конкурсе";"2260620";"—"
"935";"22";"—";"213000";"82 70 61";"—";"Участвует в конкурсе";"2178713";"—"
"937";"2";"—";"213000";"80 70 63";"—";"Участвует в конкурсе";"2265458";"—"
"938";"2";"Электронное";"213000";"80 64 69";"—";"Участвует в конкурсе";"1176671";"—"
"941";"1";"—";"213000";"76 64 73";"—";"Участвует в конкурсе";"1984236";"—"
"942";"5";"—";"213000";"74 76 63";"—";"Участвует в конкурсе";"2006070";"—"
"943";"1";"—";"213000";"74 73 66";"—";"Участвует в конкурсе";"1360960";"—"
"944";"1";"—";"213000";"74 72 67";"—";"Участвует в конкурсе";"1308937";"—"
"945";"1";"—";"213000";"74 70 69";"—";"Участвует в конкурсе";"1065231";"—"
"948";"2";"—";"213000";"74 58 81";"—";"Участвует в конкурсе";"1255008";"—"
"949";"2";"—";"213000";"72 71 70";"—";"Участвует в конкурсе";"1005907";"—"
"950";"5";"Электронное";"213000";"72 68 73";"—";"Участвует в конкурсе";"1619623";"—"
"951";"1";"—";"213000";"76 71 64";"2000";"Участвует в конкурсе";"1855961";"—"
"952";"2";"—";"213000";"84 59 67";"3000";"Участвует в конкурсе";"1935195";"—"
"953";"6";"Электронное";"213000";"78 62 70";"3000";"Участвует в конкурсе";"1721246";"—"
"954";"3";"—";"213000";"76 71 63";"3000";"Участвует в конкурсе";"1786117";"—"
"955";"4";"Электронное";"213000";"76 70 64";"3000";"Участвует в конкурсе";"1581011";"—"
"956";"4";"—";"213000";"70 74 66";"3000";"Участвует в конкурсе";"1129469";"—"
"957";"2";"—";"213000";"78 62 63";"10000";"Участвует в конкурсе";"1717218";"—"
"958";"1";"—";"213000";"74 59 70";"10000";"Участвует в конкурсе";"1359521";"—"
"961";"5";"—";"212000";"84 67 61";"—";"Участвует в конкурсе";"1895255";"—"
"962";"4";"—";"212000";"80 74 58";"—";"Участвует в конкурсе";"2073422";"—"
"963";"11";"—";"212000";"76 72 64";"—";"Участвует в конкурсе";"2249810";"—"
"964";"5";"Электронное";"212000";"76 70 66";"—";"Участвует в конкурсе";"1568192";"—"
"965";"1";"—";"212000";"74 75 63";"—";"Участвует в конкурсе";"2175256";"—"
"967";"5";"—";"212000";"74 71 67";"—";"Участвует в конкурсе";"2037982";"—"
"968";"2";"—";"212000";"72 73 67";"—";"Участвует в конкурсе";"2040499";"—"
"970";"1";"—";"212000";"72 62 78";"—";"Участвует в конкурсе";"1774903";"—"
"971";"4";"—";"212000";"70 73 69";"—";"Участвует в конкурсе";"2367320";"—"
"973";"1";"—";"212000";"66 59 87";"—";"Участвует в конкурсе";"2053537";"—"
"974";"4";"—";"212000";"64 75 73";"—";"Участвует в конкурсе";"2250913";"—"
"975";"7";"—";"212000";"76 76 58";"2000";"Участвует в конкурсе";"2344108";"—"
"976";"15";"Электронное";"212000";"74 73 63";"2000";"Участвует в конкурсе";"1363512";"—"
"977";"1";"—";"212000";"74 67 69";"2000";"Участвует в конкурсе";"1642673";"—"
"979";"2";"—";"212000";"72 70 67";"3000";"Участвует в конкурсе";"1309592";"—"
"980";"1";"—";"212000";"70 73 66";"3000";"Участвует в конкурсе";"1178174";"—"
"981";"4";"—";"212000";"74 70 63";"5000";"Участвует в конкурсе";"2253474";"—"
"982";"1";"—";"212000";"72 64 70";"6000";"Участвует в конкурсе";"2368295";"—"
"983";"1";"—";"212000";"76 67 61";"8000";"Участвует в конкурсе";"1473573";"—"
"985";"6";"—";"212000";"74 59 69";"10000";"Участвует в конкурсе";"2020088";"—"
"986";"4";"—";"211000";"80 61 70";"—";"Участвует в конкурсе";"1576658";"—"
"987";"1";"—";"211000";"78 70 63";"—";"Участвует в конкурсе";"1330807";"—"
"988";"4";"—";"211000";"78 64 69";"—";"Участвует в конкурсе";"1699362";"—"
"989";"3";"—";"211000";"76 74 61";"—";"Участвует в конкурсе";"2260282";"—"
"990";"2";"—";"211000";"76 68 67";"—";"Участвует в конкурсе";"1200477";"—"
"991";"3";"—";"211000";"76 62 73";"—";"Участвует в конкурсе";"2246145";"—"
"992";"6";"—";"211000";"74 70 67";"—";"Участвует в конкурсе";"1428148";"—"
"993";"2";"—";"211000";"74 65 72";"—";"Участвует в конкурсе";"1586081";"—"
"994";"5";"—";"211000";"72 76 63";"—";"Участвует в конкурсе";"1159172";"—"
"995";"4";"—";"211000";"72 70 69";"—";"Участвует в конкурсе";"1985769";"—"
"996";"5";"—";"211000";"72 67 72";"—";"Участвует в конкурсе";"1316730";"—"
"997";"2";"—";"211000";"72 64 75";"—";"Участвует в конкурсе";"1338398";"—"
"998";"4";"—";"211000";"72 64 75";"—";"Участвует в конкурсе";"2229386";"—"
"999";"2";"—";"211000";"72 64 75";"—";"Участвует в конкурсе";"1729327";"—"
"1000";"1";"—";"211000";"70 74 67";"—";"Участвует в конкурсе";"2003591";"—"
"1001";"2";"—";"211000";"68 56 87";"—";"Участвует в конкурсе";"1130766";"—"
"1002";"5";"—";"211000";"74 72 63";"2000";"Участвует в конкурсе";"1194112";"—"
"1003";"1";"—";"211000";"70 56 83";"2000";"Участвует в конкурсе";"1215938";"—"
"1004";"1";"—";"211000";"64 70 75";"2000";"Участвует в конкурсе";"1846326";"—"
"1005";"2";"—";"211000";"80 65 63";"3000";"Участвует в конкурсе";"1322033";"—"
"1006";"1";"—";"211000";"74 65 69";"3000";"Участвует в конкурсе";"2125236";"—"
"1007";"4";"—";"211000";"70 71 67";"3000";"Участвует в конкурсе";"1598804";"—"
"1011";"6";"—";"211000";"72 59 70";"10000";"Участвует в конкурсе";"1258296";"—"
"1012";"3";"—";"211000";"72 56 73";"10000";"Участвует в конкурсе";"1648448";"—"
"1013";"2";"—";"210000";"82 67 61";"—";"Участвует в конкурсе";"1414231";"—"
"1014";"5";"—";"210000";"78 62 70";"—";"Участвует в конкурсе";"2308353";"—"
"1015";"1";"—";"210000";"76 67 67";"—";"Участвует в конкурсе";"1731410";"—"
"1016";"6";"—";"210000";"76 65 69";"—";"Участвует в конкурсе";"2347484";"—"
"1018";"2";"—";"210000";"74 76 60";"—";"Участвует в конкурсе";"1201436";"—"
"1020";"2";"—";"210000";"74 75 61";"—";"Участвует в конкурсе";"2419040";"—"
"1021";"3";"—";"210000";"74 73 63";"—";"Участвует в конкурсе";"2214948";"—"
"1023";"11";"—";"210000";"74 70 66";"—";"Участвует в конкурсе";"2184058";"—"
"1025";"2";"—";"210000";"72 75 63";"—";"Участвует в конкурсе";"2260609";"—"
"1026";"2";"—";"210000";"72 65 73";"—";"Участвует в конкурсе";"1152758";"—"
"1027";"1";"Электронное";"210000";"72 65 73";"—";"Участвует в конкурсе";"2344252";"—"
"1030";"2";"Электронное";"210000";"64 80 66";"—";"Участвует в конкурсе";"1360713";"—"
"1031";"2";"—";"210000";"76 75 57";"2000";"Участвует в конкурсе";"2337605";"—"
"1032";"14";"—";"210000";"64 75 69";"2000";"Участвует в конкурсе";"2001577";"—"
"1033";"2";"—";"210000";"80 67 60";"3000";"Участвует в конкурсе";"2343553";"—"
"1035";"3";"—";"210000";"78 65 64";"3000";"Участвует в конкурсе";"2225485";"—"
"1036";"1";"—";"210000";"76 70 61";"3000";"Участвует в конкурсе";"1609224";"—"
"1037";"1";"Электронное";"210000";"74 64 69";"3000";"Участвует в конкурсе";"1520244";"—"
"1038";"1";"—";"210000";"74 64 69";"3000";"Участвует в конкурсе";"1980444";"—"
"1039";"1";"—";"210000";"72 72 63";"3000";"Участвует в конкурсе";"2084433";"—"
"1040";"1";"—";"210000";"72 68 67";"3000";"Участвует в конкурсе";"1144341";"—"
"1041";"6";"—";"210000";"72 64 69";"5000";"Участвует в конкурсе";"2374072";"—"
"1042";"2";"—";"210000";"76 71 57";"6000";"Участвует в конкурсе";"1779155";"—"
"1043";"1";"—";"210000";"74 62 64";"10000";"Участвует в конкурсе";"2049280";"—"
"1044";"2";"—";"210000";"72 65 63";"10000";"Участвует в конкурсе";"1614796";"—"
"1045";"3";"—";"210000";"72 65 63";"10000";"Участвует в конкурсе";"2250083";"—"
"1048";"4";"—";"209000";"84 56 69";"—";"Участвует в конкурсе";"2309460";"—"
"1049";"4";"—";"209000";"78 74 57";"—";"Участвует в конкурсе";"1481432";"—"
"1050";"1";"—";"209000";"78 71 60";"—";"Участвует в конкурсе";"1704391";"—"
"1052";"1";"—";"209000";"76 75 58";"—";"Участвует в конкурсе";"1178694";"—"
"1054";"3";"—";"209000";"76 72 61";"—";"Участвует в конкурсе";"1174915";"—"
"1055";"1";"—";"209000";"76 67 66";"—";"Участвует в конкурсе";"2094647";"—"
"1056";"2";"—";"209000";"76 64 69";"—";"Участвует в конкурсе";"1488779";"—"
"1057";"2";"Электронное";"209000";"74 72 63";"—";"Участвует в конкурсе";"1964662";"—"
"1059";"1";"—";"209000";"74 62 73";"—";"Участвует в конкурсе";"2241252";"—"
"1060";"5";"—";"209000";"72 73 64";"—";"Участвует в конкурсе";"2139665";"—"
"1061";"1";"—";"209000";"72 70 67";"—";"Участвует в конкурсе";"1796396";"—"
"1063";"1";"Электронное";"209000";"70 70 69";"—";"Участвует в конкурсе";"1432991";"—"
"1064";"2";"—";"209000";"70 70 69";"—";"Участвует в конкурсе";"2227007";"—"
"1065";"5";"—";"209000";"64 76 69";"—";"Участвует в конкурсе";"2052638";"—"
"1066";"3";"—";"209000";"64 62 83";"—";"Участвует в конкурсе";"1268138";"—"
"1067";"3";"—";"209000";"76 70 60";"3000";"Участвует в конкурсе";"1791206";"—"
"1068";"5";"—";"208000";"80 59 69";"—";"Участвует в конкурсе";"2097051";"—"
"1069";"1";"—";"208000";"76 72 60";"—";"Участвует в конкурсе";"1557965";"—"
"1070";"5";"—";"208000";"76 62 70";"—";"Участвует в конкурсе";"2339059";"—"
"1071";"5";"—";"208000";"76 62 70";"—";"Участвует в конкурсе";"1605114";"—"
"1072";"5";"—";"208000";"74 71 63";"—";"Участвует в конкурсе";"1890872";"—"
"1073";"1";"Электронное";"208000";"74 70 64";"—";"Участвует в конкурсе";"2003649";"—"
"1074";"2";"—";"208000";"74 68 66";"—";"Участвует в конкурсе";"1457111";"—"
"1075";"16";"Электронное";"208000";"74 62 72";"—";"Участвует в конкурсе";"1204953";"—"
"1076";"1";"—";"208000";"64 72 72";"—";"Участвует в конкурсе";"1841157";"—"
"1077";"2";"Электронное";"208000";"58 83 67";"—";"Участвует в конкурсе";"1983956";"—"
"1079";"5";"Электронное";"208000";"78 62 66";"2000";"Участвует в конкурсе";"1578812";"—"
"1080";"5";"—";"208000";"76 59 70";"3000";"Участвует в конкурсе";"2141446";"—"
"1081";"3";"—";"208000";"74 70 61";"3000";"Участвует в конкурсе";"1751744";"—"
"1082";"1";"—";"208000";"74 62 69";"3000";"Участвует в конкурсе";"1983465";"—"
"1083";"1";"—";"208000";"72 75 58";"3000";"Участвует в конкурсе";"1212910";"—"
"1084";"10";"—";"208000";"72 67 66";"3000";"Участвует в конкурсе";"1175157";"—"
"1085";"4";"—";"208000";"72 64 69";"3000";"Участвует в конкурсе";"2370991";"—"
"1086";"6";"—";"208000";"70 68 67";"3000";"Участвует в конкурсе";"2199001";"—"
"1087";"2";"—";"208000";"72 64 67";"5000";"Участвует в конкурсе";"1102098";"—"
"1088";"3";"Электронное";"208000";"72 59 72";"5000";"Участвует в конкурсе";"2291369";"—"
"1089";"5";"—";"208000";"74 62 66";"6000";"Участвует в конкурсе";"1955709";"—"
"1090";"3";"—";"208000";"64 65 69";"10000";"Участвует в конкурсе";"2292637";"—"
"1091";"13";"Электронное";"208000";"58 70 70";"10000";"Участвует в конкурсе";"1844913";"—"
"1092";"2";"Электронное";"207000";"82 64 61";"—";"Участвует в конкурсе";"1188866";"—"
"1093";"2";"—";"207000";"78 77 52";"—";"Участвует в конкурсе";"1502423";"—"
"1095";"1";"—";"207000";"76 67 64";"—";"Участвует в конкурсе";"1722829";"—"
"1096";"1";"—";"207000";"76 67 64";"—";"Участвует в конкурсе";"1286679";"—"
"1098";"3";"—";"207000";"74 73 60";"—";"Участвует в конкурсе";"1927490";"—"
"1099";"4";"—";"207000";"74 67 66";"—";"Участвует в конкурсе";"1603586";"—"
"1100";"1";"—";"207000";"74 67 66";"—";"Участвует в конкурсе";"1570519";"—"
"1101";"1";"—";"207000";"74 67 66";"—";"Участвует в конкурсе";"2414274";"—"
"1102";"3";"—";"207000";"74 64 69";"—";"Участвует в конкурсе";"1797871";"—"
"1103";"1";"Электронное";"207000";"74 64 69";"—";"Участвует в конкурсе";"2223406";"—"
"1104";"4";"—";"207000";"72 65 70";"—";"Участвует в конкурсе";"1255230";"—"
"1105";"3";"—";"207000";"72 62 73";"—";"Участвует в конкурсе";"1514006";"—"
"1106";"5";"—";"207000";"64 62 81";"—";"Участвует в конкурсе";"2345036";"—"
"1107";"1";"—";"207000";"76 56 72";"3000";"Участвует в конкурсе";"1897221";"—"
"1109";"1";"—";"207000";"72 62 70";"3000";"Участвует в конкурсе";"1424750";"—"
"1110";"8";"—";"207000";"70 79 55";"3000";"Участвует в конкурсе";"1343034";"—"
"1111";"3";"—";"207000";"70 77 57";"3000";"Участвует в конкурсе";"1905279";"—"
"1112";"3";"—";"207000";"70 73 61";"3000";"Участвует в конкурсе";"1291164";"—"
"1114";"5";"—";"207000";"74 62 61";"10000";"Участвует в конкурсе";"2368964";"—"
"1115";"3";"—";"206000";"86 77 43";"—";"Участвует в конкурсе";"1707289";"—"
"1116";"3";"—";"206000";"84 64 58";"—";"Участвует в конкурсе";"1509636";"—"
"1117";"1";"—";"206000";"80 59 67";"—";"Участвует в конкурсе";"1610413";"—"
"1118";"2";"—";"206000";"76 75 55";"—";"Участвует в конкурсе";"1426178";"—"
"1119";"2";"—";"206000";"76 73 57";"—";"Участвует в конкурсе";"1479580";"—"
"1122";"4";"—";"206000";"74 80 52";"—";"Участвует в конкурсе";"1598890";"—"
"1123";"1";"—";"206000";"74 75 57";"—";"Участвует в конкурсе";"1553468";"—"
"1124";"4";"Электронное";"206000";"74 65 67";"—";"Участвует в конкурсе";"1410142";"—"
"1125";"10";"—";"206000";"74 62 70";"—";"Участвует в конкурсе";"2101569";"—"
"1126";"4";"—";"206000";"74 57 75";"—";"Участвует в конкурсе";"2288704";"—"
"1127";"1";"—";"206000";"70 72 64";"—";"Участвует в конкурсе";"2173563";"—"
"1128";"4";"Электронное";"206000";"70 64 72";"—";"Участвует в конкурсе";"1567756";"—"
"1129";"1";"—";"206000";"70 64 72";"—";"Участвует в конкурсе";"1711696";"—"
"1130";"4";"Электронное";"206000";"58 84 64";"—";"Участвует в конкурсе";"1602537";"—"
"1131";"1";"—";"206000";"76 64 63";"3000";"Участвует в конкурсе";"1824022";"—"
"1132";"4";"—";"206000";"76 61 66";"3000";"Участвует в конкурсе";"1799005";"—"
"1133";"4";"Электронное";"206000";"72 65 66";"3000";"Участвует в конкурсе";"1359515";"—"
"1134";"1";"—";"206000";"64 64 75";"3000";"Участвует в конкурсе";"1644061";"—"
"1135";"4";"—";"206000";"64 67 70";"5000";"Участвует в конкурсе";"2387142";"—"
"1136";"5";"—";"205000";"86 62 57";"—";"Участвует в конкурсе";"1616913";"—"
"1137";"8";"Электронное";"205000";"80 71 54";"—";"Участвует в конкурсе";"1944671";"—"
"1138";"1";"—";"205000";"80 64 61";"—";"Участвует в конкурсе";"1643104";"—"
"1141";"3";"—";"205000";"74 73 58";"—";"Участвует в конкурсе";"1565582";"—"
"1144";"2";"—";"205000";"74 61 70";"—";"Участвует в конкурсе";"1362375";"—"
"1145";"1";"—";"205000";"74 59 72";"—";"Участвует в конкурсе";"2177111";"—"
"1148";"13";"Электронное";"205000";"72 64 69";"—";"Участвует в конкурсе";"1205951";"—"
"1149";"2";"—";"205000";"70 71 64";"—";"Участвует в конкурсе";"1859737";"—"
"1150";"4";"—";"205000";"70 62 73";"—";"Участвует в конкурсе";"2259764";"—"
"1151";"23";"—";"205000";"76 64 63";"2000";"Участвует в конкурсе";"2262762";"—"
"1152";"1";"—";"205000";"72 70 61";"2000";"Участвует в конкурсе";"1623267";"—"
"1154";"4";"—";"205000";"74 68 60";"3000";"Участвует в конкурсе";"1378364";"—"
"1155";"2";"—";"205000";"74 59 69";"3000";"Участвует в конкурсе";"1282232";"—"
"1156";"3";"Электронное";"205000";"72 79 51";"3000";"Участвует в конкурсе";"1157562";"—"
"1157";"1";"—";"205000";"72 67 63";"3000";"Участвует в конкурсе";"2359126";"—"
"1158";"4";"—";"205000";"64 67 70";"4000";"Участвует в конкурсе";"1130394";"—"
"1159";"2";"Электронное";"205000";"74 56 70";"5000";"Участвует в конкурсе";"1646980";"—"
"1160";"6";"Электронное";"205000";"72 67 61";"5000";"Участвует в конкурсе";"2312120";"—"
"1162";"5";"Электронное";"204000";"78 59 67";"—";"Участвует в конкурсе";"2247927";"—"
"1163";"5";"—";"204000";"74 73 57";"—";"Участвует в конкурсе";"2180129";"—"
"1164";"1";"—";"204000";"74 70 60";"—";"Участвует в конкурсе";"1874597";"—"
"1165";"5";"—";"204000";"74 70 60";"—";"Участвует в конкурсе";"1831332";"—"
"1166";"2";"Электронное";"204000";"74 61 69";"—";"Участвует в конкурсе";"1113260";"—"
"1167";"7";"Электронное";"204000";"70 64 70";"—";"Участвует в конкурсе";"1102275";"—"
"1168";"1";"—";"204000";"70 56 78";"—";"Участвует в конкурсе";"2368893";"—"
"1169";"1";"—";"204000";"70 51 83";"—";"Участвует в конкурсе";"1626668";"—"
"1170";"6";"—";"204000";"72 64 66";"2000";"Участвует в конкурсе";"1963174";"—"
"1171";"12";"Электронное";"204000";"70 67 64";"3000";"Участвует в конкурсе";"2223344";"—"
"1172";"5";"Электронное";"204000";"70 61 70";"3000";"Участвует в конкурсе";"1905466";"—"
"1173";"3";"Электронное";"204000";"76 58 60";"10000";"Участвует в конкурсе";"2211364";"—"
"1174";"1";"Электронное";"203000";"78 62 63";"—";"Участвует в конкурсе";"1433064";"—"
"1175";"18";"—";"203000";"76 72 55";"—";"Участвует в конкурсе";"2274153";"—"
"1176";"1";"—";"203000";"74 59 70";"—";"Участвует в конкурсе";"1018934";"—"
"1177";"5";"—";"203000";"72 65 66";"—";"Участвует в конкурсе";"1643779";"—"
"1178";"4";"—";"203000";"70 73 60";"—";"Участвует в конкурсе";"1654453";"—"
"1180";"1";"—";"203000";"70 58 72";"3000";"Участвует в конкурсе";"2308402";"—"
"1181";"2";"—";"203000";"64 76 60";"3000";"Участвует в конкурсе";"2254769";"—"
"1182";"1";"—";"203000";"64 75 61";"3000";"Участвует в конкурсе";"1546278";"—"
"1183";"3";"—";"203000";"74 53 66";"10000";"Участвует в конкурсе";"2362517";"—"
"1184";"1";"Электронное";"202000";"74 64 64";"—";"Участвует в конкурсе";"1797520";"—"
"1185";"1";"—";"202000";"74 64 64";"—";"Участвует в конкурсе";"2044856";"—"
"1186";"10";"Электронное";"202000";"74 62 66";"—";"Участвует в конкурсе";"2296380";"—"
"1187";"3";"Электронное";"202000";"72 70 60";"—";"Участвует в конкурсе";"1617702";"—"
"1188";"1";"—";"202000";"72 67 63";"—";"Участвует в конкурсе";"1271888";"—"
"1190";"4";"—";"202000";"72 64 66";"—";"Участвует в конкурсе";"2225545";"—"
"1191";"1";"—";"202000";"70 75 57";"—";"Участвует в конкурсе";"1176592";"—"
"1192";"5";"—";"202000";"70 71 61";"—";"Участвует в конкурсе";"1516537";"—"
"1193";"2";"Электронное";"202000";"64 78 60";"—";"Участвует в конкурсе";"1103315";"—"
"1195";"3";"—";"202000";"64 71 67";"—";"Участвует в конкурсе";"2174678";"—"
"1196";"5";"—";"202000";"64 62 76";"—";"Участвует в конкурсе";"1090958";"—"
"1197";"1";"—";"202000";"64 64 72";"2000";"Участвует в конкурсе";"1573953";"—"
"1198";"1";"—";"202000";"80 64 55";"3000";"Участвует в конкурсе";"1837405";"—"
"1199";"3";"—";"202000";"76 59 64";"3000";"Участвует в конкурсе";"1271780";"—"
"1200";"4";"—";"202000";"70 59 70";"3000";"Участвует в конкурсе";"1205049";"—"
"1201";"7";"Электронное";"202000";"70 59 70";"3000";"Участвует в конкурсе";"2296156";"—"
"1202";"1";"—";"202000";"64 46 89";"3000";"Участвует в конкурсе";"1647143";"—"
"1203";"1";"—";"202000";"78 51 63";"10000";"Участвует в конкурсе";"2264184";"—"
"1204";"5";"Электронное";"202000";"74 46 72";"10000";"Участвует в конкурсе";"2295001";"—"
"1205";"2";"—";"201000";"86 58 57";"—";"Участвует в конкурсе";"2366746";"—"
"1206";"1";"—";"201000";"82 59 60";"—";"Участвует в конкурсе";"2425605";"—"
"1207";"3";"—";"201000";"78 51 72";"—";"Участвует в конкурсе";"2230913";"—"
"1208";"5";"—";"201000";"76 67 58";"—";"Участвует в конкурсе";"2339913";"—"
"1209";"2";"—";"201000";"76 64 61";"—";"Участвует в конкурсе";"1387078";"—"
"1210";"3";"—";"201000";"76 59 66";"—";"Участвует в конкурсе";"1254063";"—"
"1211";"1";"—";"201000";"74 75 52";"—";"Участвует в конкурсе";"2065542";"—"
"1212";"3";"—";"201000";"74 73 54";"—";"Участвует в конкурсе";"2252449";"—"
"1213";"8";"Электронное";"201000";"74 70 57";"—";"Участвует в конкурсе";"1554185";"—"
"1214";"3";"Электронное";"201000";"74 70 57";"—";"Участвует в конкурсе";"2259768";"—"
"1215";"2";"—";"201000";"72 71 58";"—";"Участвует в конкурсе";"1402831";"—"
"1217";"1";"—";"201000";"70 64 67";"—";"Участвует в конкурсе";"1107189";"—"
"1220";"1";"—";"201000";"64 59 78";"—";"Участвует в конкурсе";"1506978";"—"
"1221";"2";"—";"201000";"76 75 48";"2000";"Участвует в конкурсе";"1703477";"—"
"1222";"3";"—";"201000";"72 56 70";"3000";"Участвует в конкурсе";"2224086";"—"
"1223";"1";"—";"201000";"70 70 58";"3000";"Участвует в конкурсе";"1132707";"—"
"1224";"5";"—";"201000";"70 62 66";"3000";"Участвует в конкурсе";"1517648";"—"
"1225";"3";"Электронное";"201000";"64 74 60";"3000";"Участвует в конкурсе";"1950334";"—"
"1226";"5";"—";"201000";"64 70 64";"3000";"Участвует в конкурсе";"2173222";"—"
"1228";"1";"Электронное";"201000";"64 67 63";"7000";"Участвует в конкурсе";"1798802";"—"
"1229";"1";"Электронное";"201000";"72 67 52";"10000";"Участвует в конкурсе";"2360411";"—"
"1230";"2";"—";"200000";"86 62 52";"—";"Участвует в конкурсе";"1652753";"—"
"1232";"3";"—";"200000";"80 54 66";"—";"Участвует в конкурсе";"1943795";"—"
"1233";"2";"Электронное";"200000";"76 54 70";"—";"Участвует в конкурсе";"1953667";"—"
"1234";"5";"Электронное";"200000";"74 71 55";"—";"Участвует в конкурсе";"1202362";"—"
"1235";"2";"—";"200000";"74 68 58";"—";"Участвует в конкурсе";"1000430";"—"
"1236";"7";"—";"200000";"72 70 58";"—";"Участвует в конкурсе";"1768840";"—"
"1237";"1";"—";"200000";"72 70 58";"—";"Участвует в конкурсе";"1063055";"—"
"1238";"10";"—";"200000";"72 64 64";"—";"Участвует в конкурсе";"1367972";"—"
"1239";"5";"—";"200000";"72 64 64";"—";"Участвует в конкурсе";"2094466";"—"
"1240";"1";"—";"200000";"72 62 66";"—";"Участвует в конкурсе";"2214968";"—"
"1241";"1";"—";"200000";"72 62 66";"—";"Участвует в конкурсе";"1884238";"—"
"1242";"6";"Электронное";"200000";"70 70 60";"—";"Участвует в конкурсе";"1904056";"—"
"1243";"7";"—";"200000";"70 67 63";"—";"Участвует в конкурсе";"2263777";"—"
"1245";"2";"—";"200000";"64 70 66";"—";"Участвует в конкурсе";"1593477";"—"
"1246";"1";"—";"200000";"74 64 61";"1000";"Участвует в конкурсе";"2223445";"—"
"1247";"5";"—";"200000";"70 67 61";"2000";"Участвует в конкурсе";"1436124";"—"
"1248";"1";"—";"200000";"84 56 57";"3000";"Участвует в конкурсе";"1956932";"—"
"1249";"4";"—";"200000";"74 54 69";"3000";"Участвует в конкурсе";"1287341";"—"
"1250";"3";"—";"200000";"64 75 58";"3000";"Участвует в конкурсе";"2086663";"—"
"1251";"3";"—";"200000";"72 64 58";"6000";"Участвует в конкурсе";"961299";"—"
"1252";"4";"Электронное";"200000";"70 59 63";"8000";"Участвует в конкурсе";"1385919";"—"
"1253";"5";"—";"199000";"82 62 55";"—";"Участвует в конкурсе";"1987041";"—"
"1254";"3";"—";"199000";"78 58 63";"—";"Участвует в конкурсе";"2412571";"—"
"1255";"3";"—";"199000";"76 65 58";"—";"Участвует в конкурсе";"1903343";"—"
"1256";"5";"—";"199000";"74 67 58";"—";"Участвует в конкурсе";"2182628";"—"
"1258";"8";"Электронное";"199000";"64 78 57";"—";"Участвует в конкурсе";"2262108";"—"
"1259";"6";"—";"199000";"58 78 63";"—";"Участвует в конкурсе";"1188558";"—"
"1261";"1";"—";"199000";"74 64 58";"3000";"Участвует в конкурсе";"2340895";"—"
"1262";"2";"—";"199000";"70 54 72";"3000";"Участвует в конкурсе";"2051891";"—"
"1263";"4";"—";"199000";"64 72 60";"3000";"Участвует в конкурсе";"1682292";"—"
"1264";"2";"—";"199000";"64 62 70";"3000";"Участвует в конкурсе";"1969505";"—"
"1265";"2";"—";"199000";"72 53 69";"5000";"Участвует в конкурсе";"1829426";"—"
"1266";"2";"—";"198000";"78 62 58";"—";"Участвует в конкурсе";"1979125";"—"
"1267";"4";"—";"198000";"76 65 57";"—";"Участвует в конкурсе";"2229871";"—"
"1268";"6";"—";"198000";"74 70 54";"—";"Участвует в конкурсе";"1901696";"—"
"1270";"1";"—";"198000";"74 46 78";"—";"Участвует в конкурсе";"1638997";"—"
"1271";"5";"Электронное";"198000";"72 59 67";"—";"Участвует в конкурсе";"2251452";"—"
"1272";"4";"—";"198000";"70 67 61";"—";"Участвует в конкурсе";"1487327";"—"
"1273";"2";"Электронное";"198000";"70 64 64";"—";"Участвует в конкурсе";"1541091";"—"
"1274";"5";"—";"198000";"70 61 67";"—";"Участвует в конкурсе";"1559410";"—"
"1275";"2";"—";"198000";"64 62 72";"—";"Участвует в конкурсе";"2327758";"—"
"1276";"1";"—";"198000";"70 65 61";"2000";"Участвует в конкурсе";"2113522";"—"
"1277";"1";"—";"198000";"72 59 64";"3000";"Участвует в конкурсе";"2101316";"—"
"1278";"4";"Электронное";"198000";"58 62 75";"3000";"Участвует в конкурсе";"2342857";"—"
"1280";"5";"—";"198000";"64 46 78";"10000";"Участвует в конкурсе";"966792";"—"
"1282";"5";"—";"197000";"74 65 58";"—";"Участвует в конкурсе";"1913661";"—"
"1283";"3";"—";"197000";"74 59 64";"—";"Участвует в конкурсе";"1241390";"—"
"1284";"1";"—";"197000";"74 59 64";"—";"Участвует в конкурсе";"1351689";"—"
"1285";"2";"—";"197000";"74 59 64";"—";"Участвует в конкурсе";"2260768";"—"
"1286";"2";"—";"197000";"72 71 54";"—";"Участвует в конкурсе";"1257317";"—"
"1287";"7";"—";"197000";"72 67 58";"—";"Участвует в конкурсе";"1364956";"—"
"1288";"9";"Электронное";"197000";"72 65 60";"—";"Участвует в конкурсе";"1840294";"—"
"1289";"1";"—";"197000";"72 65 60";"—";"Участвует в конкурсе";"2414795";"—"
"1290";"1";"—";"197000";"72 58 67";"—";"Участвует в конкурсе";"1816958";"—"
"1291";"1";"—";"197000";"70 72 55";"—";"Участвует в конкурсе";"1175933";"—"
"1292";"5";"Электронное";"197000";"70 61 66";"—";"Участвует в конкурсе";"1969834";"—"
"1293";"2";"—";"197000";"64 67 66";"—";"Участвует в конкурсе";"2411801";"—"
"1294";"5";"—";"197000";"58 70 69";"—";"Участвует в конкурсе";"1727476";"—"
"1295";"3";"Электронное";"197000";"52 70 75";"—";"Участвует в конкурсе";"975349";"—"
"1296";"1";"—";"197000";"70 73 52";"2000";"Участвует в конкурсе";"2161551";"—"
"1297";"3";"—";"197000";"52 77 66";"2000";"Участвует в конкурсе";"2251199";"—"
"1298";"2";"Электронное";"197000";"52 70 73";"2000";"Участвует в конкурсе";"1291814";"—"
"1299";"4";"Электронное";"197000";"76 54 64";"3000";"Участвует в конкурсе";"1363034";"—"
"1300";"4";"—";"197000";"76 51 67";"3000";"Участвует в конкурсе";"1498555";"—"
"1301";"5";"Электронное";"197000";"70 70 54";"3000";"Участвует в конкурсе";"1204668";"—"
"1302";"2";"—";"197000";"70 67 57";"3000";"Участвует в конкурсе";"1338540";"—"
"1303";"4";"—";"197000";"70 59 64";"4000";"Участвует в конкурсе";"2286072";"—"
"1304";"6";"Электронное";"197000";"70 48 69";"10000";"Участвует в конкурсе";"1173452";"—"
"1306";"1";"—";"196000";"74 64 58";"—";"Участвует в конкурсе";"1911020";"—"
"1307";"1";"—";"196000";"72 64 60";"—";"Участвует в конкурсе";"1677211";"—"
"1308";"6";"—";"196000";"72 64 60";"—";"Участвует в конкурсе";"2417085";"—"
"1309";"3";"—";"196000";"70 48 78";"—";"Участвует в конкурсе";"2288318";"—"
"1310";"2";"—";"196000";"64 75 57";"—";"Участвует в конкурсе";"1979282";"—"
"1311";"4";"—";"196000";"64 71 61";"—";"Участвует в конкурсе";"1167388";"—"
"1312";"3";"Электронное";"196000";"58 71 67";"—";"Участвует в конкурсе";"1972485";"—"
"1313";"11";"Электронное";"196000";"52 80 64";"—";"Участвует в конкурсе";"2385975";"—"
"1314";"4";"—";"195000";"74 64 57";"—";"Участвует в конкурсе";"1837385";"—"
"1315";"1";"—";"195000";"72 59 64";"—";"Участвует в конкурсе";"997929";"—"
"1317";"1";"—";"195000";"70 59 66";"—";"Участвует в конкурсе";"1606495";"—"
"1318";"1";"—";"195000";"68 48 79";"—";"Участвует в конкурсе";"2068138";"—"
"1320";"1";"—";"195000";"78 54 61";"2000";"Участвует в конкурсе";"1262087";"—"
"1321";"6";"—";"195000";"64 70 58";"3000";"Участвует в конкурсе";"2044787";"—"
"1322";"17";"—";"195000";"64 70 55";"6000";"Участвует в конкурсе";"2017005";"—"
"1323";"1";"—";"194000";"78 64 52";"—";"Участвует в конкурсе";"1784262";"—"
"1324";"5";"Электронное";"194000";"76 54 64";"—";"Участвует в конкурсе";"1517173";"—"
"1325";"2";"Электронное";"194000";"76 51 67";"—";"Участвует в конкурсе";"1696529";"—"
"1326";"2";"—";"194000";"74 59 61";"—";"Участвует в конкурсе";"1940381";"—"
"1328";"1";"—";"194000";"72 62 60";"—";"Участвует в конкурсе";"1285958";"—"
"1329";"5";"—";"194000";"70 70 54";"—";"Участвует в конкурсе";"1274499";"—"
"1330";"7";"—";"194000";"64 64 66";"—";"Участвует в конкурсе";"1502461";"—"
"1331";"5";"Электронное";"194000";"52 70 69";"3000";"Участвует в конкурсе";"1478155";"—"
"1332";"12";"—";"194000";"70 51 63";"10000";"Участвует в конкурсе";"1784524";"—"
"1333";"4";"—";"193000";"76 56 61";"—";"Участвует в конкурсе";"2305662";"—"
"1334";"4";"—";"193000";"74 70 49";"—";"Участвует в конкурсе";"2123786";"—"
"1335";"2";"—";"193000";"72 48 73";"—";"Участвует в конкурсе";"1076485";"—"
"1337";"1";"—";"193000";"76 74 40";"3000";"Участвует в конкурсе";"1183564";"—"
"1340";"1";"Электронное";"193000";"64 65 61";"3000";"Участвует в конкурсе";"1649943";"—"
"1342";"2";"Электронное";"193000";"58 70 60";"5000";"Участвует в конкурсе";"1171590";"—"
"1343";"6";"Электронное";"192000";"74 70 48";"—";"Участвует в конкурсе";"951825";"—"
"1344";"4";"—";"192000";"66 51 75";"—";"Участвует в конкурсе";"985719";"—"
"1345";"3";"—";"192000";"64 67 61";"—";"Участвует в конкурсе";"2255523";"—"
"1347";"3";"—";"192000";"64 56 72";"—";"Участвует в конкурсе";"1433590";"—"
"1348";"2";"—";"192000";"64 49 79";"—";"Участвует в конкурсе";"1600569";"—"
"1349";"3";"—";"192000";"58 70 64";"—";"Участвует в конкурсе";"2245991";"—"
"1350";"2";"—";"192000";"58 64 70";"—";"Участвует в конкурсе";"1255366";"—"
"1351";"16";"Электронное";"192000";"64 72 54";"2000";"Участвует в конкурсе";"2006948";"—"
"1352";"1";"—";"192000";"72 54 63";"3000";"Участвует в конкурсе";"2272852";"—"
"1353";"5";"—";"192000";"72 62 52";"6000";"Участвует в конкурсе";"1361828";"—"
"1354";"7";"—";"191000";"76 54 61";"—";"Участвует в конкурсе";"1914692";"—"
"1355";"3";"—";"191000";"72 67 52";"—";"Участвует в конкурсе";"2118126";"—"
"1357";"1";"Электронное";"191000";"72 59 60";"—";"Участвует в конкурсе";"1906424";"—"
"1359";"1";"—";"191000";"72 59 58";"2000";"Участвует в конкурсе";"2271662";"—"
"1360";"1";"—";"190000";"70 65 55";"—";"Участвует в конкурсе";"2309783";"—"
"1361";"2";"—";"190000";"64 68 58";"—";"Участвует в конкурсе";"1954347";"—"
"1363";"19";"—";"190000";"70 59 54";"7000";"Участвует в конкурсе";"2268635";"—"
"1365";"26";"—";"189000";"70 67 52";"—";"Участвует в конкурсе";"1560173";"—"
"1366";"3";"—";"189000";"64 59 64";"2000";"Участвует в конкурсе";"1040468";"—"
"1367";"2";"—";"189000";"72 56 58";"3000";"Участвует в конкурсе";"1406506";"—"
"1369";"5";"—";"188000";"76 46 66";"—";"Участвует в конкурсе";"1750257";"—"
"1371";"5";"—";"188000";"72 56 60";"—";"Участвует в конкурсе";"2099905";"—"
"1372";"5";"—";"188000";"64 78 46";"—";"Участвует в конкурсе";"2215086";"—"
"1374";"1";"—";"188000";"64 67 57";"—";"Участвует в конкурсе";"2238380";"—"
"1375";"2";"Электронное";"188000";"64 62 57";"5000";"Участвует в конкурсе";"2362674";"—"
"1376";"4";"Электронное";"188000";"58 72 48";"10000";"Участвует в конкурсе";"1466775";"—"
"1379";"5";"—";"187000";"52 58 69";"8000";"Участвует в конкурсе";"2270219";"—"
"1380";"5";"—";"186000";"82 58 46";"—";"Участвует в конкурсе";"1974405";"—"
"1381";"1";"—";"186000";"64 70 52";"—";"Участвует в конкурсе";"1912575";"—"
"1382";"2";"—";"186000";"58 65 63";"—";"Участвует в конкурсе";"2273203";"—"
"1383";"5";"—";"186000";"70 59 54";"3000";"Участвует в конкурсе";"2149081";"—"
"1385";"3";"—";"185000";"72 59 54";"—";"Участвует в конкурсе";"2362757";"—"
"1386";"5";"Электронное";"185000";"58 70 57";"—";"Участвует в конкурсе";"2171864";"—"
"1387";"2";"—";"185000";"52 70 63";"—";"Участвует в конкурсе";"1911243";"—"
"1388";"2";"—";"185000";"58 67 58";"2000";"Участвует в конкурсе";"1727891";"—"
"1389";"4";"—";"185000";"52 64 67";"2000";"Участвует в конкурсе";"1814472";"—"
"1390";"4";"—";"184000";"70 65 49";"—";"Участвует в конкурсе";"1416110";"—"
"1391";"4";"—";"184000";"64 56 64";"—";"Участвует в конкурсе";"1982090";"—"
"1392";"11";"—";"184000";"74 59 49";"2000";"Участвует в конкурсе";"1983961";"—"
"1393";"2";"Электронное";"184000";"64 67 51";"2000";"Участвует в конкурсе";"2051814";"—"
"1394";"1";"—";"184000";"58 54 69";"3000";"Участвует в конкурсе";"1712743";"—"
"1395";"5";"—";"183000";"72 54 57";"—";"Участвует в конкурсе";"1912508";"—"
"1396";"10";"—";"183000";"64 62 57";"—";"Участвует в конкурсе";"1361464";"—"
"1397";"5";"—";"183000";"58 73 52";"—";"Участвует в конкурсе";"1587103";"—"
"1398";"3";"—";"183000";"58 56 66";"3000";"Участвует в конкурсе";"1796895";"—"
"1399";"1";"—";"182000";"74 54 54";"—";"Участвует в конкурсе";"2393517";"—"
"1400";"1";"—";"182000";"64 46 72";"—";"Участвует в конкурсе";"1391055";"—"
"1401";"3";"—";"181000";"76 51 54";"—";"Участвует в конкурсе";"2284510";"—"
"1402";"4";"Электронное";"181000";"76 48 57";"—";"Участвует в конкурсе";"2330050";"—"
"1403";"11";"—";"181000";"58 78 45";"—";"Участвует в конкурсе";"1489214";"—"
"1404";"7";"—";"181000";"58 62 61";"—";"Участвует в конкурсе";"2041635";"—"
"1407";"3";"—";"181000";"64 51 63";"3000";"Участвует в конкурсе";"2291273";"—"
"1408";"3";"—";"181000";"58 53 67";"3000";"Участвует в конкурсе";"1985161";"—"
"1411";"5";"—";"180000";"64 62 54";"—";"Участвует в конкурсе";"1443935";"—"
"1412";"6";"—";"180000";"64 53 63";"—";"Участвует в конкурсе";"2405016";"—"
"1413";"1";"—";"180000";"52 64 64";"—";"Участвует в конкурсе";"1145346";"—"
"1414";"5";"Электронное";"180000";"58 62 57";"3000";"Участвует в конкурсе";"1791580";"—"
"1415";"1";"—";"179000";"58 72 49";"—";"Участвует в конкурсе";"1389194";"—"
"1416";"2";"—";"179000";"64 51 54";"10000";"Участвует в конкурсе";"1197487";"—"
"1419";"4";"—";"178000";"52 59 67";"—";"Участвует в конкурсе";"1279693";"—"
"1420";"10";"Электронное";"178000";"52 54 72";"—";"Участвует в конкурсе";"1727639";"—"
"1421";"4";"—";"178000";"58 54 63";"3000";"Участвует в конкурсе";"2302537";"—"
"1422";"1";"—";"177000";"74 51 52";"—";"Участвует в конкурсе";"2378517";"—"
"1424";"6";"Электронное";"177000";"64 59 54";"—";"Участвует в конкурсе";"1778388";"—"
"1425";"4";"Электронное";"177000";"64 46 67";"—";"Участвует в конкурсе";"1362852";"—"
"1426";"1";"Электронное";"177000";"46 71 60";"—";"Участвует в конкурсе";"1349470";"—"
"1427";"4";"—";"177000";"74 53 48";"2000";"Участвует в конкурсе";"1212279";"—"
"1428";"3";"Электронное";"177000";"58 75 42";"2000";"Участвует в конкурсе";"2245441";"—"
"1430";"3";"—";"176000";"64 54 58";"—";"Участвует в конкурсе";"1974995";"—"
"1431";"2";"—";"176000";"52 61 63";"—";"Участвует в конкурсе";"2346267";"—"
"1432";"1";"—";"176000";"58 56 60";"2000";"Участвует в конкурсе";"1914564";"—"
"1433";"5";"Электронное";"176000";"76 46 51";"3000";"Участвует в конкурсе";"1727264";"—"
"1434";"2";"—";"176000";"58 54 61";"3000";"Участвует в конкурсе";"2341532";"—"
"1436";"3";"—";"175000";"46 56 73";"—";"Участвует в конкурсе";"2080220";"—"
"1437";"3";"—";"174000";"58 51 63";"2000";"Участвует в конкурсе";"2249089";"—"
"1438";"5";"—";"174000";"58 59 54";"3000";"Участвует в конкурсе";"1797823";"—"
"1439";"3";"—";"173000";"70 46 57";"—";"Участвует в конкурсе";"1772020";"—"
"1440";"1";"—";"173000";"52 54 67";"—";"Участвует в конкурсе";"969255";"—"
"1441";"3";"—";"173000";"52 70 48";"3000";"Участвует в конкурсе";"2388050";"—"
"1442";"1";"—";"173000";"70 54 42";"7000";"Участвует в конкурсе";"1076311";"—"
"1444";"5";"Электронное";"172000";"52 62 58";"—";"Участвует в конкурсе";"2302936";"—"
"1445";"4";"—";"172000";"46 53 63";"10000";"Участвует в конкурсе";"2396360";"—"
"1446";"1";"Электронное";"171000";"64 46 61";"—";"Участвует в конкурсе";"2270124";"—"
"1447";"1";"Электронное";"171000";"58 58 55";"—";"Участвует в конкурсе";"1640863";"—"
"1448";"1";"—";"171000";"52 62 57";"—";"Участвует в конкурсе";"958796";"—"
"1449";"5";"Электронное";"171000";"58 67 43";"3000";"Участвует в конкурсе";"2220723";"—"
"1450";"1";"—";"170000";"52 64 54";"—";"Участвует в конкурсе";"2089599";"—"
"1451";"1";"—";"169000";"52 54 60";"3000";"Участвует в конкурсе";"2273601";"—"
"1452";"14";"—";"169000";"52 51 63";"3000";"Участвует в конкурсе";"2095749";"—"
"1453";"5";"—";"168000";"52 58 58";"—";"Участвует в конкурсе";"1741584";"—"
"1454";"5";"—";"168000";"52 49 67";"—";"Участвует в конкурсе";"1466195";"—"
"1455";"1";"—";"168000";"52 48 58";"10000";"Участвует в конкурсе";"2257707";"—"
"1456";"2";"Электронное";"167000";"58 51 58";"—";"Участвует в конкурсе";"1193482";"—"
"1457";"5";"—";"167000";"64 58 42";"3000";"Участвует в конкурсе";"1344070";"—"
"1458";"2";"—";"167000";"52 54 58";"3000";"Участвует в конкурсе";"1486320";"—"
"1459";"3";"—";"166000";"52 48 63";"3000";"Участвует в конкурсе";"2245133";"—"
"1460";"1";"—";"166000";"52 61 48";"5000";"Участвует в конкурсе";"2232612";"—"
"1462";"6";"—";"164000";"46 54 61";"3000";"Участвует в конкурсе";"1434830";"—"
"1463";"2";"—";"163000";"64 53 46";"—";"Участвует в конкурсе";"2320955";"—"
"1464";"3";"—";"163000";"58 48 57";"—";"Участвует в конкурсе";"1376130";"—"
"1465";"1";"—";"163000";"58 44 61";"—";"Участвует в конкурсе";"2118447";"—"
"1466";"1";"—";"163000";"52 56 55";"—";"Участвует в конкурсе";"1722549";"—"
"1467";"2";"—";"162000";"52 61 49";"—";"Участвует в конкурсе";"1604446";"—"
"1468";"1";"—";"161000";"52 58 51";"—";"Участвует в конкурсе";"1269986";"—"
"1469";"11";"Электронное";"159000";"64 46 49";"—";"Участвует в конкурсе";"1627072";"—"
"1470";"4";"Электронное";"156000";"52 62 42";"—";"Участвует в конкурсе";"1132858";"—"
"1471";"2";"—";"156000";"52 56 48";"—";"Участвует в конкурсе";"2099054";"—"
"1472";"7";"—";"155000";"64 46 45";"—";"Участвует в конкурсе";"1226841";"—"
"1473";"2";"—";"155000";"46 41 66";"2000";"Участвует в конкурсе";"1352149";"—"
"1474";"3";"—";"154000";"52 44 58";"—";"Участвует в конкурсе";"943325";"—"
"1475";"1";"—";"153000";"58 46 49";"—";"Участвует в конкурсе";"1275935";"—"
"1476";"3";"—";"152000";"64 46 42";"—";"Участвует в конкурсе";"2343640";"—"
"1477";"1";"Электронное";"152000";"58 54 40";"—";"Участвует в конкурсе";"1181885";"—"
"1478";"1";"—";"152000";"52 51 49";"—";"Участвует в конкурсе";"1215392";"—"
"1479";"2";"—";"152000";"46 51 52";"3000";"Участвует в конкурсе";"1813146";"—"
"1480";"4";"—";"151000";"46 54 51";"—";"Участвует в конкурсе";"1980400";"—"
"1482";"3";"—";"149000";"58 46 45";"—";"Участвует в конкурсе";"1618069";"—"
"1483";"1";"—";"146000";"52 43 51";"—";"Участвует в конкурсе";"2416463";"—"
"1485";"6";"—";"142000";"46 53 43";"—";"Участвует в конкурсе";"2380279";"—"
