"Порядковый номер";"Приоритет конкурса";"Подано согласие";"Сумма баллов";"Баллы за ВИ";"Баллы за ИД";"Статус";"Код поступающего";"Дата выбора конкурсной группы по Москве"
"1";"23";"—";"310000";"100 100 100";"10000";"Участвует в конкурсе";"1701767";"—"
"2";"2";"—";"307000";"100 100 97";"10000";"Участвует в конкурсе";"1552679";"—"
"3";"8";"—";"304000";"100 100 94";"10000";"Участвует в конкурсе";"952832";"—"
"4";"15";"—";"304000";"100 100 94";"10000";"Участвует в конкурсе";"1603179";"—"
"5";"9";"—";"304000";"100 100 94";"10000";"Участвует в конкурсе";"1168205";"—"
"6";"12";"—";"304000";"98 99 97";"10000";"Участвует в конкурсе";"1842883";"—"
"7";"23";"—";"304000";"98 99 97";"10000";"Участвует в конкурсе";"1914761";"—"
"8";"8";"—";"304000";"95 99 100";"10000";"Участвует в конкурсе";"1106646";"—"
"9";"19";"—";"303000";"100 99 94";"10000";"Участвует в конкурсе";"1684531";"—"
"10";"13";"—";"303000";"98 95 100";"10000";"Участвует в конкурсе";"2041055";"—"
"11";"7";"—";"302000";"98 97 97";"10000";"Участвует в конкурсе";"1188080";"—"
"12";"9";"—";"302000";"95 100 97";"10000";"Участвует в конкурсе";"1622830";"—"
"13";"8";"—";"302000";"95 100 97";"10000";"Участвует в конкурсе";"1391057";"—"
"14";"7";"—";"302000";"93 99 100";"10000";"Участвует в конкурсе";"1396381";"—"
"16";"12";"—";"301000";"100 100 91";"10000";"Участвует в конкурсе";"1958013";"—"
"17";"17";"—";"301000";"100 97 94";"10000";"Участвует в конкурсе";"1730665";"—"
"18";"9";"Электронное";"301000";"95 96 100";"10000";"Участвует в конкурсе";"2248401";"—"
"19";"6";"—";"301000";"93 98 100";"10000";"Участвует в конкурсе";"1821821";"—"
"21";"9";"—";"300000";"98 98 94";"10000";"Участвует в конкурсе";"1202951";"—"
"22";"5";"—";"300000";"98 92 100";"10000";"Участвует в конкурсе";"2262178";"—"
"23";"15";"—";"300000";"95 98 97";"10000";"Участвует в конкурсе";"1331541";"—"
"24";"10";"—";"299000";"100 100 89";"10000";"Участвует в конкурсе";"1797731";"—"
"25";"6";"—";"299000";"100 95 94";"10000";"Участвует в конкурсе";"1912208";"—"
"26";"19";"—";"299000";"100 92 97";"10000";"Участвует в конкурсе";"1729269";"—"
"27";"6";"—";"299000";"98 97 94";"10000";"Участвует в конкурсе";"2245983";"—"
"28";"15";"—";"299000";"95 97 97";"10000";"Участвует в конкурсе";"1563294";"—"
"29";"18";"—";"299000";"95 97 97";"10000";"Участвует в конкурсе";"1772073";"—"
"30";"7";"—";"299000";"93 99 97";"10000";"Участвует в конкурсе";"2269157";"—"
"31";"4";"—";"299000";"93 96 100";"10000";"Участвует в конкурсе";"1516062";"—"
"32";"8";"—";"298000";"100 98 100";"—";"Участвует в конкурсе";"1179493";"—"
"33";"9";"—";"298000";"98 96 94";"10000";"Участвует в конкурсе";"1436757";"—"
"34";"6";"—";"298000";"98 90 100";"10000";"Участвует в конкурсе";"1960374";"—"
"36";"26";"—";"297000";"100 96 91";"10000";"Участвует в конкурсе";"1261735";"—"
"37";"22";"—";"297000";"100 90 97";"10000";"Участвует в конкурсе";"1784994";"—"
"38";"18";"—";"297000";"100 90 97";"10000";"Участвует в конкурсе";"1726516";"—"
"40";"19";"—";"297000";"98 100 89";"10000";"Участвует в конкурсе";"1167293";"—"
"41";"4";"—";"297000";"98 98 91";"10000";"Участвует в конкурсе";"1997125";"—"
"42";"1";"—";"297000";"98 95 94";"10000";"Участвует в конкурсе";"1352704";"—"
"43";"8";"Электронное";"297000";"98 92 97";"10000";"Участвует в конкурсе";"1899881";"—"
"44";"13";"—";"297000";"95 95 97";"10000";"Участвует в конкурсе";"1860605";"—"
"45";"14";"—";"297000";"95 92 100";"10000";"Участвует в конкурсе";"1422687";"—"
"46";"16";"—";"297000";"95 92 100";"10000";"Участвует в конкурсе";"1501339";"—"
"47";"18";"—";"297000";"93 100 94";"10000";"Участвует в конкурсе";"1491537";"—"
"48";"5";"Электронное";"297000";"93 97 97";"10000";"Участвует в конкурсе";"1569161";"—"
"49";"17";"—";"296000";"100 96 94";"6000";"Участвует в конкурсе";"1201342";"—"
"50";"14";"Электронное";"296000";"100 100 86";"10000";"Участвует в конкурсе";"1497854";"—"
"51";"20";"—";"296000";"100 86 100";"10000";"Участвует в конкурсе";"1702101";"—"
"52";"18";"—";"296000";"98 97 91";"10000";"Участвует в конкурсе";"1978769";"—"
"53";"16";"—";"296000";"98 97 91";"10000";"Участвует в конкурсе";"1471844";"—"
"55";"9";"—";"296000";"95 100 91";"10000";"Участвует в конкурсе";"1515686";"—"
"56";"5";"—";"296000";"93 96 97";"10000";"Участвует в конкурсе";"1366342";"—"
"57";"7";"—";"296000";"90 96 100";"10000";"Участвует в конкурсе";"1334560";"—"
"58";"13";"—";"296000";"90 96 100";"10000";"Участвует в конкурсе";"1503616";"—"
"59";"19";"—";"295000";"95 99 91";"10000";"Участвует в конкурсе";"1783449";"—"
"60";"7";"—";"295000";"93 98 94";"10000";"Участвует в конкурсе";"1479776";"—"
"61";"3";"—";"295000";"90 98 97";"10000";"Участвует в конкурсе";"2341831";"—"
"62";"9";"—";"294000";"100 95 89";"10000";"Участвует в конкурсе";"1797881";"—"
"63";"3";"—";"294000";"100 95 89";"10000";"Участвует в конкурсе";"2237529";"—"
"64";"5";"—";"294000";"98 100 86";"10000";"Участвует в конкурсе";"1642393";"—"
"65";"9";"—";"294000";"95 95 94";"10000";"Участвует в конкурсе";"1276886";"—"
"66";"6";"—";"294000";"95 92 97";"10000";"Участвует в конкурсе";"1333982";"—"
"67";"13";"Электронное";"294000";"95 92 97";"10000";"Участвует в конкурсе";"2376179";"—"
"69";"6";"—";"294000";"93 100 91";"10000";"Участвует в конкурсе";"1876869";"—"
"70";"15";"Электронное";"294000";"93 97 94";"10000";"Участвует в конкурсе";"1508498";"—"
"71";"14";"—";"294000";"93 94 97";"10000";"Участвует в конкурсе";"2240018";"—"
"72";"3";"—";"293000";"98 98 97";"—";"Участвует в конкурсе";"2243925";"—"
"73";"1";"Электронное";"293000";"98 96 91";"8000";"Участвует в конкурсе";"1720390";"—"
"74";"3";"—";"293000";"100 100 83";"10000";"Участвует в конкурсе";"1636087";"—"
"75";"9";"—";"293000";"100 100 83";"10000";"Участвует в конкурсе";"1246797";"—"
"76";"16";"—";"293000";"100 94 89";"10000";"Участвует в конкурсе";"1352457";"—"
"77";"9";"—";"293000";"100 94 89";"10000";"Участвует в конкурсе";"2134514";"—"
"78";"16";"—";"293000";"98 96 89";"10000";"Участвует в конкурсе";"1637286";"—"
"80";"7";"—";"293000";"95 94 94";"10000";"Участвует в конкурсе";"1440362";"—"
"81";"9";"—";"293000";"95 94 94";"10000";"Участвует в конкурсе";"2225304";"—"
"82";"15";"Электронное";"293000";"95 94 94";"10000";"Участвует в конкурсе";"1514243";"—"
"83";"15";"—";"293000";"88 95 100";"10000";"Участвует в конкурсе";"1403936";"—"
"84";"18";"—";"292000";"100 98 94";"—";"Участвует в конкурсе";"1295980";"—"
"87";"17";"Электронное";"292000";"95 95 100";"2000";"Участвует в конкурсе";"1375485";"—"
"88";"21";"Электронное";"292000";"100 98 91";"3000";"Участвует в конкурсе";"2183839";"—"
"89";"18";"—";"292000";"98 97 94";"3000";"Участвует в конкурсе";"1843188";"—"
"90";"9";"—";"292000";"98 100 89";"5000";"Участвует в конкурсе";"1637473";"—"
"91";"14";"—";"292000";"100 95 89";"8000";"Участвует в конкурсе";"1788572";"—"
"92";"5";"—";"292000";"100 100 83";"9000";"Участвует в конкурсе";"1364658";"—"
"93";"20";"—";"292000";"98 90 94";"10000";"Участвует в конкурсе";"1989208";"—"
"94";"2";"—";"292000";"95 98 89";"10000";"Участвует в конкурсе";"2000936";"—"
"95";"6";"—";"292000";"95 96 91";"10000";"Участвует в конкурсе";"1195299";"—"
"96";"18";"—";"292000";"95 90 97";"10000";"Участвует в конкурсе";"1603405";"—"
"97";"11";"—";"292000";"93 100 89";"10000";"Участвует в конкурсе";"1289436";"—"
"98";"2";"—";"292000";"93 98 91";"10000";"Участвует в конкурсе";"1583302";"—"
"99";"20";"—";"292000";"93 92 97";"10000";"Участвует в конкурсе";"1984008";"—"
"100";"11";"—";"292000";"90 95 97";"10000";"Участвует в конкурсе";"2007177";"—"
"101";"15";"—";"292000";"90 95 97";"10000";"Участвует в конкурсе";"2337542";"—"
"102";"12";"—";"292000";"90 95 97";"10000";"Участвует в конкурсе";"2223964";"—"
"103";"9";"—";"292000";"88 100 94";"10000";"Участвует в конкурсе";"1901413";"—"
"104";"24";"Электронное";"292000";"88 100 94";"10000";"Участвует в конкурсе";"1619074";"—"
"105";"18";"Электронное";"292000";"88 94 100";"10000";"Участвует в конкурсе";"1154591";"—"
"106";"4";"—";"291000";"100 95 86";"10000";"Участвует в конкурсе";"1505063";"—"
"107";"25";"—";"291000";"100 95 86";"10000";"Участвует в конкурсе";"1438164";"—"
"108";"10";"—";"291000";"98 97 86";"10000";"Участвует в конкурсе";"1475711";"—"
"109";"16";"—";"291000";"98 97 86";"10000";"Участвует в конкурсе";"2135465";"—"
"110";"8";"Электронное";"291000";"98 94 89";"10000";"Участвует в конкурсе";"1265191";"—"
"111";"15";"—";"291000";"98 92 91";"10000";"Участвует в конкурсе";"1640794";"—"
"112";"19";"—";"291000";"98 92 91";"10000";"Участвует в конкурсе";"2249276";"—"
"113";"8";"—";"291000";"95 100 86";"10000";"Участвует в конкурсе";"2399948";"—"
"114";"12";"—";"291000";"95 95 91";"10000";"Участвует в конкурсе";"1860744";"—"
"115";"7";"—";"291000";"95 92 94";"10000";"Участвует в конкурсе";"1042427";"—"
"116";"12";"—";"291000";"95 92 94";"10000";"Участвует в конкурсе";"1963797";"—"
"117";"10";"—";"291000";"93 97 91";"10000";"Участвует в конкурсе";"1436957";"—"
"118";"5";"—";"291000";"93 97 91";"10000";"Участвует в конкурсе";"1493568";"—"
"119";"18";"—";"291000";"93 94 94";"10000";"Участвует в конкурсе";"1916223";"—"
"120";"14";"—";"291000";"93 94 94";"10000";"Участвует в конкурсе";"1656211";"—"
"121";"12";"—";"291000";"93 94 94";"10000";"Участвует в конкурсе";"1605146";"—"
"122";"8";"—";"291000";"90 100 91";"10000";"Участвует в конкурсе";"1794897";"—"
"123";"11";"—";"291000";"90 97 94";"10000";"Участвует в конкурсе";"2311803";"—"
"124";"27";"—";"291000";"90 94 97";"10000";"Участвует в конкурсе";"1443343";"—"
"125";"20";"—";"291000";"85 96 100";"10000";"Участвует в конкурсе";"989705";"—"
"126";"8";"—";"290000";"98 100 89";"3000";"Участвует в конкурсе";"2255558";"—"
"127";"6";"—";"290000";"100 94 86";"10000";"Участвует в конкурсе";"1622824";"—"
"128";"13";"—";"290000";"95 96 89";"10000";"Участвует в конкурсе";"1440073";"—"
"129";"14";"—";"290000";"95 96 89";"10000";"Участвует в конкурсе";"1729121";"—"
"130";"7";"—";"290000";"95 94 91";"10000";"Участвует в конкурсе";"2269752";"—"
"131";"15";"—";"290000";"95 94 91";"10000";"Участвует в конкурсе";"1440961";"—"
"132";"5";"—";"290000";"95 94 91";"10000";"Участвует в конкурсе";"1726871";"—"
"133";"13";"Электронное";"290000";"95 94 91";"10000";"Участвует в конкурсе";"1610471";"—"
"134";"16";"—";"290000";"93 98 89";"10000";"Участвует в конкурсе";"1962427";"—"
"136";"22";"—";"290000";"93 96 91";"10000";"Участвует в конкурсе";"1196068";"—"
"137";"6";"—";"290000";"93 96 91";"10000";"Участвует в конкурсе";"1729125";"—"
"138";"4";"—";"290000";"93 90 97";"10000";"Участвует в конкурсе";"1983588";"—"
"139";"10";"—";"290000";"90 96 94";"10000";"Участвует в конкурсе";"1536693";"—"
"140";"17";"—";"290000";"90 96 94";"10000";"Участвует в конкурсе";"2055064";"—"
"141";"14";"—";"290000";"88 95 97";"10000";"Участвует в конкурсе";"2005775";"—"
"142";"19";"—";"289000";"100 95 94";"—";"Участвует в конкурсе";"1425676";"—"
"143";"13";"—";"289000";"95 98 91";"5000";"Участвует в конкурсе";"1175736";"—"
"144";"21";"—";"289000";"100 98 81";"10000";"Участвует в конкурсе";"1653754";"—"
"145";"4";"Электронное";"289000";"100 96 83";"10000";"Участвует в конкурсе";"1963185";"—"
"146";"7";"—";"289000";"98 95 86";"10000";"Участвует в конкурсе";"1291171";"—"
"147";"25";"Электронное";"289000";"98 90 91";"10000";"Участвует в конкурсе";"1582374";"—"
"148";"5";"—";"289000";"98 84 97";"10000";"Участвует в конкурсе";"1616546";"—"
"149";"9";"—";"289000";"95 84 100";"10000";"Участвует в конкурсе";"1582041";"—"
"150";"3";"—";"289000";"93 100 86";"10000";"Участвует в конкурсе";"1408927";"—"
"151";"8";"—";"289000";"93 97 89";"10000";"Участвует в конкурсе";"1076436";"—"
"152";"14";"—";"289000";"93 95 91";"10000";"Участвует в конкурсе";"1463535";"—"
"153";"11";"—";"289000";"93 95 91";"10000";"Участвует в конкурсе";"1240106";"—"
"154";"11";"—";"289000";"93 92 94";"10000";"Участвует в конкурсе";"1570681";"—"
"155";"15";"—";"289000";"90 100 89";"10000";"Участвует в конкурсе";"1504165";"—"
"156";"17";"—";"289000";"90 100 89";"10000";"Участвует в конкурсе";"2253090";"—"
"157";"15";"—";"289000";"90 98 91";"10000";"Участвует в конкурсе";"1654126";"—"
"158";"17";"—";"289000";"88 100 91";"10000";"Участвует в конкурсе";"1205252";"—"
"159";"10";"—";"289000";"88 97 94";"10000";"Участвует в конкурсе";"1472422";"—"
"161";"13";"—";"288000";"98 96 91";"3000";"Участвует в конкурсе";"1848175";"—"
"163";"17";"Электронное";"288000";"98 97 83";"10000";"Участвует в конкурсе";"1496139";"—"
"164";"10";"—";"288000";"98 97 83";"10000";"Участвует в конкурсе";"2231186";"—"
"165";"4";"—";"288000";"98 94 86";"10000";"Участвует в конкурсе";"1359537";"—"
"166";"8";"—";"288000";"98 94 86";"10000";"Участвует в конкурсе";"2254975";"—"
"167";"17";"—";"288000";"98 86 94";"10000";"Участвует в конкурсе";"1440325";"—"
"168";"12";"Электронное";"288000";"95 94 89";"10000";"Участвует в конкурсе";"1199455";"—"
"169";"8";"—";"288000";"95 94 89";"10000";"Участвует в конкурсе";"1935357";"—"
"170";"12";"—";"288000";"93 96 89";"10000";"Участвует в конкурсе";"985671";"—"
"171";"1";"—";"288000";"93 96 89";"10000";"Участвует в конкурсе";"1913366";"—"
"172";"18";"—";"288000";"93 96 89";"10000";"Участвует в конкурсе";"1704766";"—"
"173";"17";"—";"288000";"93 96 89";"10000";"Участвует в конкурсе";"1344235";"—"
"174";"11";"—";"288000";"90 94 94";"10000";"Участвует в конкурсе";"974510";"—"
"175";"4";"—";"288000";"90 94 94";"10000";"Участвует в конкурсе";"2221537";"—"
"176";"6";"Электронное";"288000";"90 88 100";"10000";"Участвует в конкурсе";"1677861";"—"
"177";"12";"Электронное";"288000";"88 90 100";"10000";"Участвует в конкурсе";"1640316";"—"
"178";"7";"—";"288000";"85 99 94";"10000";"Участвует в конкурсе";"1439269";"—"
"179";"13";"—";"288000";"85 96 97";"10000";"Участвует в конкурсе";"1200904";"—"
"180";"11";"—";"287000";"98 100 86";"3000";"Участвует в конкурсе";"1181375";"—"
"181";"17";"—";"287000";"100 86 91";"10000";"Участвует в конкурсе";"1202892";"—"
"182";"16";"—";"287000";"98 90 89";"10000";"Участвует в конкурсе";"2273067";"—"
"183";"16";"—";"287000";"95 96 86";"10000";"Участвует в конкурсе";"1652121";"—"
"185";"13";"—";"287000";"93 90 94";"10000";"Участвует в конкурсе";"1645061";"—"
"186";"17";"—";"287000";"93 90 94";"10000";"Участвует в конкурсе";"1780848";"—"
"187";"3";"—";"287000";"93 90 94";"10000";"Участвует в конкурсе";"1932245";"—"
"188";"9";"—";"287000";"90 96 91";"10000";"Участвует в конкурсе";"1515540";"—"
"189";"9";"—";"287000";"90 96 91";"10000";"Участвует в конкурсе";"1206189";"—"
"190";"24";"—";"287000";"90 90 97";"10000";"Участвует в конкурсе";"1583458";"—"
"191";"20";"—";"287000";"90 90 97";"10000";"Участвует в конкурсе";"1493775";"—"
"192";"15";"Электронное";"287000";"90 90 97";"10000";"Участвует в конкурсе";"1519551";"—"
"193";"13";"—";"287000";"90 90 97";"10000";"Участвует в конкурсе";"1797988";"—"
"195";"13";"—";"287000";"88 92 97";"10000";"Участвует в конкурсе";"1473705";"—"
"196";"11";"—";"287000";"85 95 97";"10000";"Участвует в конкурсе";"2215707";"—"
"197";"13";"—";"287000";"83 97 97";"10000";"Участвует в конкурсе";"1651737";"—"
"198";"9";"—";"286000";"98 94 94";"—";"Участвует в конкурсе";"1423832";"—"
"200";"15";"—";"286000";"100 95 81";"10000";"Участвует в конкурсе";"1634811";"—"
"201";"3";"—";"286000";"100 90 86";"10000";"Участвует в конкурсе";"2242060";"—"
"202";"23";"—";"286000";"98 100 78";"10000";"Участвует в конкурсе";"1876705";"—"
"203";"14";"—";"286000";"98 95 83";"10000";"Участвует в конкурсе";"1628409";"—"
"204";"10";"—";"286000";"95 100 81";"10000";"Участвует в конкурсе";"2391145";"—"
"205";"13";"—";"286000";"95 95 86";"10000";"Участвует в конкурсе";"2097202";"—"
"206";"9";"—";"286000";"95 92 89";"10000";"Участвует в конкурсе";"1287366";"—"
"207";"13";"—";"286000";"95 90 91";"10000";"Участвует в конкурсе";"1341064";"—"
"208";"12";"—";"286000";"95 90 91";"10000";"Участвует в конкурсе";"1514469";"—"
"209";"15";"—";"286000";"93 97 86";"10000";"Участвует в конкурсе";"1846843";"—"
"210";"11";"—";"286000";"93 97 86";"10000";"Участвует в конкурсе";"2270962";"—"
"212";"10";"Электронное";"286000";"90 92 94";"10000";"Участвует в конкурсе";"1619952";"—"
"213";"11";"—";"286000";"90 92 94";"10000";"Участвует в конкурсе";"2415700";"—"
"214";"19";"Электронное";"286000";"88 94 94";"10000";"Участвует в конкурсе";"1511614";"—"
"215";"17";"—";"286000";"88 94 94";"10000";"Участвует в конкурсе";"1700688";"—"
"217";"7";"—";"286000";"85 100 91";"10000";"Участвует в конкурсе";"1187565";"—"
"218";"14";"Электронное";"285000";"100 99 86";"—";"Участвует в конкурсе";"2264692";"—"
"219";"6";"—";"285000";"93 98 94";"—";"Участвует в конкурсе";"1364874";"—"
"220";"14";"Электронное";"285000";"98 94 89";"4000";"Участвует в конкурсе";"1727693";"—"
"221";"8";"—";"285000";"100 97 83";"5000";"Участвует в конкурсе";"1855428";"—"
"222";"8";"—";"285000";"90 96 91";"8000";"Участвует в конкурсе";"1256472";"—"
"223";"5";"—";"285000";"88 92 97";"8000";"Участвует в конкурсе";"1280149";"—"
"224";"9";"—";"285000";"100 100 75";"10000";"Участвует в конкурсе";"1902100";"—"
"225";"19";"—";"285000";"100 94 81";"10000";"Участвует в конкурсе";"1904436";"—"
"226";"15";"—";"285000";"100 92 83";"10000";"Участвует в конкурсе";"1284120";"—"
"227";"10";"—";"285000";"100 92 83";"10000";"Участвует в конкурсе";"2394016";"—"
"228";"8";"—";"285000";"98 96 81";"10000";"Участвует в конкурсе";"1559272";"—"
"229";"2";"Электронное";"285000";"98 96 81";"10000";"Участвует в конкурсе";"1569444";"—"
"231";"6";"Электронное";"285000";"93 99 83";"10000";"Участвует в конкурсе";"2215497";"—"
"232";"7";"Электронное";"285000";"93 88 94";"10000";"Участвует в конкурсе";"1380091";"—"
"234";"15";"—";"285000";"93 88 94";"10000";"Участвует в конкурсе";"2100363";"—"
"235";"13";"—";"285000";"93 88 94";"10000";"Участвует в конкурсе";"1784974";"—"
"237";"5";"—";"285000";"90 96 89";"10000";"Участвует в конкурсе";"2088999";"—"
"238";"3";"—";"285000";"90 94 91";"10000";"Участвует в конкурсе";"1583049";"—"
"239";"7";"—";"285000";"88 96 91";"10000";"Участвует в конкурсе";"2051315";"—"
"240";"8";"Электронное";"285000";"88 96 91";"10000";"Участвует в конкурсе";"1336781";"—"
"241";"20";"—";"285000";"88 90 97";"10000";"Участвует в конкурсе";"1258699";"—"
"242";"9";"—";"285000";"83 98 94";"10000";"Участвует в конкурсе";"2141185";"—"
"243";"10";"—";"284000";"98 100 86";"—";"Участвует в конкурсе";"1915078";"—"
"244";"3";"—";"284000";"98 95 91";"—";"Участвует в конкурсе";"1197948";"—"
"245";"9";"—";"284000";"93 92 97";"2000";"Участвует в конкурсе";"2099399";"—"
"246";"3";"—";"284000";"100 98 83";"3000";"Участвует в конкурсе";"1308681";"—"
"247";"15";"Электронное";"284000";"98 92 91";"3000";"Участвует в конкурсе";"1856405";"—"
"248";"9";"—";"284000";"95 92 94";"3000";"Участвует в конкурсе";"1203083";"—"
"249";"15";"—";"284000";"98 95 86";"5000";"Участвует в конкурсе";"1643610";"—"
"250";"5";"—";"284000";"95 100 83";"6000";"Участвует в конкурсе";"1652950";"—"
"251";"28";"—";"284000";"95 94 89";"6000";"Участвует в конкурсе";"1205757";"—"
"252";"23";"—";"284000";"100 99 75";"10000";"Участвует в конкурсе";"1356280";"—"
"253";"13";"—";"284000";"100 88 86";"10000";"Участвует в конкурсе";"1174226";"—"
"254";"16";"Электронное";"284000";"98 90 86";"10000";"Участвует в конкурсе";"1701255";"—"
"255";"9";"Электронное";"284000";"98 90 86";"10000";"Участвует в конкурсе";"1854449";"—"
"256";"16";"Электронное";"284000";"98 90 86";"10000";"Участвует в конкурсе";"2249820";"—"
"257";"3";"—";"284000";"95 98 81";"10000";"Участвует в конкурсе";"995702";"—"
"258";"9";"—";"284000";"95 96 83";"10000";"Участвует в конкурсе";"2218737";"—"
"259";"10";"—";"284000";"93 95 86";"10000";"Участвует в конкурсе";"1214535";"—"
"260";"4";"—";"284000";"93 95 86";"10000";"Участвует в конкурсе";"1953967";"—"
"261";"12";"—";"284000";"93 95 86";"10000";"Участвует в конкурсе";"2185326";"—"
"262";"2";"—";"284000";"93 90 91";"10000";"Участвует в конкурсе";"2136638";"—"
"263";"16";"—";"284000";"90 98 86";"10000";"Участвует в конкурсе";"1311105";"—"
"264";"21";"Электронное";"284000";"90 90 94";"10000";"Участвует в конкурсе";"2142949";"—"
"265";"12";"Электронное";"284000";"88 95 91";"10000";"Участвует в конкурсе";"1576211";"—"
"266";"13";"Электронное";"284000";"88 95 91";"10000";"Участвует в конкурсе";"2097469";"—"
"267";"10";"—";"284000";"88 95 91";"10000";"Участвует в конкурсе";"2179325";"—"
"268";"5";"Электронное";"284000";"88 95 91";"10000";"Участвует в конкурсе";"1852695";"—"
"269";"7";"—";"284000";"88 95 91";"10000";"Участвует в конкурсе";"1815288";"—"
"270";"20";"—";"284000";"88 86 100";"10000";"Участвует в конкурсе";"2006227";"—"
"271";"4";"—";"284000";"85 98 91";"10000";"Участвует в конкурсе";"2236183";"—"
"272";"4";"—";"284000";"83 100 91";"10000";"Участвует в конкурсе";"1724109";"—"
"273";"7";"Электронное";"283000";"98 94 91";"—";"Участвует в конкурсе";"1336302";"—"
"274";"6";"Электронное";"283000";"93 92 91";"7000";"Участвует в конкурсе";"1771681";"—"
"275";"23";"—";"283000";"93 96 86";"8000";"Участвует в конкурсе";"1897359";"—"
"277";"10";"—";"283000";"100 90 83";"10000";"Участвует в конкурсе";"1138653";"—"
"278";"8";"Электронное";"283000";"100 84 89";"10000";"Участвует в конкурсе";"1785186";"—"
"279";"14";"—";"283000";"98 92 83";"10000";"Участвует в конкурсе";"1529866";"—"
"280";"22";"—";"283000";"98 84 91";"10000";"Участвует в конкурсе";"1711972";"—"
"281";"19";"—";"283000";"95 95 83";"10000";"Участвует в конкурсе";"1348946";"—"
"282";"9";"Электронное";"283000";"95 92 86";"10000";"Участвует в конкурсе";"1991893";"—"
"283";"15";"—";"283000";"95 92 86";"10000";"Участвует в конкурсе";"1416211";"—"
"284";"12";"—";"283000";"95 92 86";"10000";"Участвует в конкурсе";"2098043";"—"
"285";"24";"—";"283000";"93 99 81";"10000";"Участвует в конкурсе";"1482855";"—"
"286";"16";"Электронное";"283000";"90 94 89";"10000";"Участвует в конкурсе";"1346053";"—"
"287";"4";"—";"283000";"90 94 89";"10000";"Участвует в конкурсе";"1366257";"—"
"288";"11";"Электронное";"283000";"90 94 89";"10000";"Участвует в конкурсе";"1705022";"—"
"289";"7";"—";"283000";"90 92 91";"10000";"Участвует в конкурсе";"1989141";"—"
"290";"13";"—";"283000";"90 86 97";"10000";"Участвует в конкурсе";"1311273";"—"
"291";"2";"Электронное";"283000";"90 86 97";"10000";"Участвует в конкурсе";"1260234";"—"
"292";"13";"—";"283000";"90 86 97";"10000";"Участвует в конкурсе";"1462204";"—"
"293";"8";"Электронное";"283000";"88 96 89";"10000";"Участвует в конкурсе";"1910231";"—"
"294";"5";"Электронное";"283000";"85 94 94";"10000";"Участвует в конкурсе";"2031226";"—"
"295";"21";"—";"282000";"98 98 86";"—";"Участвует в конкурсе";"1962809";"—"
"296";"8";"—";"282000";"95 96 91";"—";"Участвует в конкурсе";"1507944";"—"
"297";"10";"—";"282000";"95 90 97";"—";"Участвует в конкурсе";"1425597";"—"
"298";"11";"Электронное";"282000";"95 90 97";"—";"Участвует в конкурсе";"2182087";"—"
"299";"13";"—";"282000";"98 95 86";"3000";"Участвует в конкурсе";"2312347";"—"
"300";"17";"—";"282000";"98 92 89";"3000";"Участвует в конкурсе";"2227396";"—"
"301";"10";"—";"282000";"95 95 89";"3000";"Участвует в конкурсе";"1712986";"—"
"302";"4";"—";"282000";"100 88 86";"8000";"Участвует в конкурсе";"1443199";"—"
"303";"10";"—";"282000";"100 94 78";"10000";"Участвует в конкурсе";"990904";"—"
"304";"16";"—";"282000";"100 86 86";"10000";"Участвует в конкурсе";"1855545";"—"
"305";"21";"Электронное";"282000";"98 88 86";"10000";"Участвует в конкурсе";"2216624";"—"
"306";"13";"—";"282000";"95 96 81";"10000";"Участвует в конкурсе";"1784131";"—"
"308";"6";"—";"282000";"95 94 83";"10000";"Участвует в конкурсе";"1855534";"—"
"309";"4";"—";"282000";"95 88 89";"10000";"Участвует в конкурсе";"1795714";"—"
"310";"5";"—";"282000";"95 86 91";"10000";"Участвует в конкурсе";"2229474";"—"
"311";"5";"—";"282000";"93 96 83";"10000";"Участвует в конкурсе";"1507265";"—"
"312";"13";"—";"282000";"93 90 89";"10000";"Участвует в конкурсе";"1493981";"—"
"313";"24";"—";"282000";"93 90 89";"10000";"Участвует в конкурсе";"1955616";"—"
"314";"28";"Электронное";"282000";"93 88 91";"10000";"Участвует в конкурсе";"1285121";"—"
"315";"14";"—";"282000";"93 82 97";"10000";"Участвует в конкурсе";"1927123";"—"
"316";"8";"Электронное";"282000";"90 99 83";"10000";"Участвует в конкурсе";"1392657";"—"
"317";"13";"Электронное";"282000";"90 88 94";"10000";"Участвует в конкурсе";"1987736";"—"
"318";"17";"—";"282000";"90 88 94";"10000";"Участвует в конкурсе";"1519645";"—"
"319";"23";"—";"282000";"88 95 89";"10000";"Участвует в конкурсе";"1842337";"—"
"320";"15";"—";"282000";"88 95 89";"10000";"Участвует в конкурсе";"1876491";"—"
"321";"11";"—";"282000";"80 95 97";"10000";"Участвует в конкурсе";"2082900";"—"
"322";"13";"—";"281000";"100 95 86";"—";"Участвует в конкурсе";"1514205";"—"
"323";"11";"—";"281000";"100 90 91";"—";"Участвует в конкурсе";"2265646";"—"
"324";"11";"—";"281000";"98 92 91";"—";"Участвует в конкурсе";"1631389";"—"
"325";"14";"—";"281000";"95 92 94";"—";"Участвует в конкурсе";"1995422";"—"
"326";"7";"—";"281000";"93 99 89";"—";"Участвует в конкурсе";"2300308";"—"
"328";"1";"—";"281000";"90 94 97";"—";"Участвует в конкурсе";"1999009";"—"
"329";"16";"—";"281000";"88 99 94";"—";"Участвует в конкурсе";"1596795";"—"
"330";"4";"—";"281000";"95 98 86";"2000";"Участвует в конкурсе";"1666321";"—"
"331";"8";"Электронное";"281000";"100 88 83";"10000";"Участвует в конкурсе";"1782077";"—"
"332";"10";"Электронное";"281000";"98 92 81";"10000";"Участвует в конкурсе";"1515925";"—"
"333";"7";"Электронное";"281000";"98 90 83";"10000";"Участвует в конкурсе";"1418941";"—"
"334";"8";"—";"281000";"95 90 86";"10000";"Участвует в конкурсе";"2222914";"—"
"336";"3";"Электронное";"281000";"95 82 94";"10000";"Участвует в конкурсе";"1363709";"—"
"337";"24";"Электронное";"281000";"95 82 94";"10000";"Участвует в конкурсе";"1788992";"—"
"338";"10";"—";"281000";"93 92 86";"10000";"Участвует в конкурсе";"1568022";"—"
"339";"14";"Электронное";"281000";"90 100 81";"10000";"Участвует в конкурсе";"2263813";"—"
"340";"15";"Электронное";"281000";"90 95 86";"10000";"Участвует в конкурсе";"1949664";"—"
"341";"18";"—";"281000";"90 95 86";"10000";"Участвует в конкурсе";"1959799";"—"
"342";"9";"—";"281000";"90 92 89";"10000";"Участвует в конкурсе";"1713758";"—"
"343";"19";"—";"281000";"90 90 91";"10000";"Участвует в конкурсе";"2307655";"—"
"344";"16";"—";"281000";"88 92 91";"10000";"Участвует в конкурсе";"1584567";"—"
"345";"6";"Электронное";"281000";"88 86 97";"10000";"Участвует в конкурсе";"1749157";"—"
"346";"4";"—";"281000";"85 100 86";"10000";"Участвует в конкурсе";"1341631";"—"
"347";"6";"—";"281000";"85 95 91";"10000";"Участвует в конкурсе";"2117934";"—"
"348";"7";"Электронное";"281000";"85 92 94";"10000";"Участвует в конкурсе";"1978287";"—"
"349";"16";"—";"281000";"80 100 91";"10000";"Участвует в конкурсе";"2274647";"—"
"350";"16";"—";"281000";"80 94 97";"10000";"Участвует в конкурсе";"1625355";"—"
"351";"11";"—";"280000";"93 90 97";"—";"Участвует в конкурсе";"1626962";"—"
"352";"6";"—";"280000";"100 94 83";"3000";"Участвует в конкурсе";"2092669";"—"
"353";"14";"—";"280000";"85 96 91";"8000";"Участвует в конкурсе";"1472779";"—"
"355";"13";"Электронное";"280000";"100 76 94";"10000";"Участвует в конкурсе";"975571";"—"
"357";"13";"—";"280000";"95 94 81";"10000";"Участвует в конкурсе";"2027425";"—"
"358";"4";"Электронное";"280000";"95 92 83";"10000";"Участвует в конкурсе";"1259516";"—"
"359";"8";"—";"280000";"95 92 83";"10000";"Участвует в конкурсе";"1180537";"—"
"360";"4";"—";"280000";"95 86 89";"10000";"Участвует в конкурсе";"1176691";"—"
"361";"9";"—";"280000";"93 94 83";"10000";"Участвует в конкурсе";"2060704";"—"
"362";"3";"—";"280000";"93 88 89";"10000";"Участвует в конкурсе";"1176581";"—"
"363";"1";"—";"280000";"93 88 89";"10000";"Участвует в конкурсе";"1324159";"—"
"364";"7";"—";"280000";"93 88 89";"10000";"Участвует в конкурсе";"2117392";"—"
"365";"5";"Электронное";"280000";"93 86 91";"10000";"Участвует в конкурсе";"1599737";"—"
"366";"13";"—";"280000";"90 97 83";"10000";"Участвует в конкурсе";"1796139";"—"
"367";"25";"—";"280000";"90 97 83";"10000";"Участвует в конкурсе";"1675328";"—"
"368";"7";"—";"280000";"90 94 86";"10000";"Участвует в конкурсе";"1484081";"—"
"369";"6";"—";"280000";"90 86 94";"10000";"Участвует в конкурсе";"1496105";"—"
"370";"14";"—";"280000";"90 86 94";"10000";"Участвует в конкурсе";"1559546";"—"
"371";"18";"Электронное";"280000";"88 96 86";"10000";"Участвует в конкурсе";"1280884";"—"
"372";"1";"—";"280000";"88 96 86";"10000";"Участвует в конкурсе";"1285047";"—"
"373";"3";"—";"280000";"88 96 86";"10000";"Участвует в конкурсе";"2358226";"—"
"374";"13";"—";"280000";"88 88 94";"10000";"Участвует в конкурсе";"1365066";"—"
"375";"13";"—";"280000";"88 88 94";"10000";"Участвует в конкурсе";"2030722";"—"
"376";"20";"Электронное";"280000";"88 88 94";"10000";"Участвует в конкурсе";"2162078";"—"
"377";"10";"—";"280000";"85 96 89";"10000";"Участвует в конкурсе";"2184743";"—"
"378";"16";"—";"280000";"85 96 89";"10000";"Участвует в конкурсе";"1916171";"—"
"379";"22";"—";"280000";"83 90 97";"10000";"Участвует в конкурсе";"1605810";"—"
"381";"14";"—";"279000";"98 100 81";"—";"Участвует в конкурсе";"2179972";"—"
"382";"7";"—";"279000";"98 95 86";"—";"Участвует в конкурсе";"1854914";"—"
"383";"25";"—";"279000";"95 95 89";"—";"Участвует в конкурсе";"1494321";"—"
"384";"10";"—";"279000";"93 97 89";"—";"Участвует в конкурсе";"2154111";"—"
"385";"9";"—";"279000";"88 94 97";"—";"Участвует в конкурсе";"1327732";"—"
"387";"3";"—";"279000";"93 94 89";"3000";"Участвует в конкурсе";"1331761";"—"
"388";"3";"—";"279000";"85 100 91";"3000";"Участвует в конкурсе";"1469666";"—"
"389";"11";"—";"279000";"100 100 69";"10000";"Участвует в конкурсе";"1993390";"—"
"390";"3";"—";"279000";"100 86 83";"10000";"Участвует в конкурсе";"1655280";"—"
"391";"16";"Электронное";"279000";"100 80 89";"10000";"Участвует в конкурсе";"2098844";"—"
"392";"12";"—";"279000";"98 90 81";"10000";"Участвует в конкурсе";"1512113";"—"
"393";"29";"Электронное";"279000";"98 88 83";"10000";"Участвует в конкурсе";"2219230";"—"
"394";"15";"—";"279000";"98 88 83";"10000";"Участвует в конкурсе";"2223776";"—"
"395";"8";"Электронное";"279000";"98 82 89";"10000";"Участвует в конкурсе";"1190107";"—"
"396";"4";"—";"279000";"95 96 78";"10000";"Участвует в конкурсе";"2309001";"—"
"397";"6";"Электронное";"279000";"95 88 86";"10000";"Участвует в конкурсе";"1847850";"—"
"398";"21";"—";"279000";"95 88 86";"10000";"Участвует в конкурсе";"2170924";"—"
"399";"19";"Электронное";"279000";"95 88 86";"10000";"Участвует в конкурсе";"1443286";"—"
"400";"6";"—";"279000";"93 95 81";"10000";"Участвует в конкурсе";"2311722";"—"
"401";"14";"Электронное";"279000";"93 95 81";"10000";"Участвует в конкурсе";"2308288";"—"
"402";"6";"Электронное";"279000";"93 90 86";"10000";"Участвует в конкурсе";"1388227";"—"
"403";"6";"—";"279000";"93 90 86";"10000";"Участвует в конкурсе";"1725237";"—"
"404";"3";"—";"279000";"93 90 86";"10000";"Участвует в конкурсе";"1944618";"—"
"405";"23";"—";"279000";"93 90 86";"10000";"Участвует в конкурсе";"1626037";"—"
"406";"21";"Электронное";"279000";"93 82 94";"10000";"Участвует в конкурсе";"1213226";"—"
"407";"7";"—";"279000";"93 82 94";"10000";"Участвует в конкурсе";"1616298";"—"
"408";"3";"—";"279000";"90 96 83";"10000";"Участвует в конкурсе";"1916047";"—"
"409";"14";"—";"279000";"90 96 83";"10000";"Участвует в конкурсе";"2071592";"—"
"411";"15";"—";"279000";"90 90 89";"10000";"Участвует в конкурсе";"1200884";"—"
"412";"6";"—";"279000";"90 90 89";"10000";"Участвует в конкурсе";"2097029";"—"
"413";"20";"—";"279000";"90 88 91";"10000";"Участвует в конкурсе";"1788034";"—"
"414";"20";"—";"279000";"88 92 89";"10000";"Участвует в конкурсе";"2260910";"—"
"415";"13";"—";"279000";"88 90 91";"10000";"Участвует в конкурсе";"1613064";"—"
"416";"10";"—";"279000";"88 90 91";"10000";"Участвует в конкурсе";"1224547";"—"
"417";"9";"—";"279000";"88 90 91";"10000";"Участвует в конкурсе";"2060794";"—"
"418";"16";"—";"279000";"83 100 86";"10000";"Участвует в конкурсе";"2271569";"—"
"419";"11";"—";"278000";"100 94 81";"3000";"Участвует в конкурсе";"2001837";"—"
"420";"14";"—";"278000";"95 86 94";"3000";"Участвует в конкурсе";"1290581";"—"
"421";"6";"Электронное";"278000";"90 96 89";"3000";"Участвует в конкурсе";"1179878";"—"
"422";"2";"—";"278000";"85 99 91";"3000";"Участвует в конкурсе";"1440327";"—"
"423";"29";"—";"278000";"93 97 83";"5000";"Участвует в конкурсе";"1443514";"—"
"424";"16";"—";"278000";"88 94 91";"5000";"Участвует в конкурсе";"1205871";"—"
"425";"9";"—";"278000";"88 100 83";"7000";"Участвует в конкурсе";"2224799";"—"
"426";"17";"Электронное";"278000";"98 95 75";"10000";"Участвует в конкурсе";"2015800";"—"
"427";"11";"—";"278000";"98 92 78";"10000";"Участвует в конкурсе";"1324370";"—"
"428";"10";"—";"278000";"98 84 86";"10000";"Участвует в конкурсе";"1708589";"—"
"429";"8";"—";"278000";"95 90 83";"10000";"Участвует в конкурсе";"1909885";"—"
"430";"6";"—";"278000";"93 97 78";"10000";"Участвует в конкурсе";"2216332";"—"
"431";"19";"Электронное";"278000";"93 97 78";"10000";"Участвует в конкурсе";"2099279";"—"
"432";"21";"—";"278000";"93 84 91";"10000";"Участвует в конкурсе";"1802213";"—"
"433";"14";"—";"278000";"93 84 91";"10000";"Участвует в конкурсе";"2200006";"—"
"434";"7";"Электронное";"278000";"90 100 78";"10000";"Участвует в конкурсе";"1652345";"—"
"435";"7";"Электронное";"278000";"90 97 81";"10000";"Участвует в конкурсе";"1982885";"—"
"436";"12";"Электронное";"278000";"90 95 83";"10000";"Участвует в конкурсе";"1755808";"—"
"439";"12";"Электронное";"278000";"90 92 86";"10000";"Участвует в конкурсе";"1344678";"—"
"440";"12";"—";"278000";"90 84 94";"10000";"Участвует в конкурсе";"1794236";"—"
"441";"21";"—";"278000";"90 84 94";"10000";"Участвует в конкурсе";"2219364";"—"
"442";"5";"Электронное";"278000";"88 86 94";"10000";"Участвует в конкурсе";"1624998";"—"
"443";"6";"—";"278000";"88 86 94";"10000";"Участвует в конкурсе";"1291845";"—"
"444";"5";"—";"278000";"88 86 94";"10000";"Участвует в конкурсе";"1754322";"—"
"445";"15";"Электронное";"278000";"88 80 100";"10000";"Участвует в конкурсе";"2116901";"—"
"446";"16";"—";"278000";"85 100 83";"10000";"Участвует в конкурсе";"1999028";"—"
"447";"6";"Электронное";"278000";"85 94 89";"10000";"Участвует в конкурсе";"1909232";"—"
"448";"7";"—";"278000";"85 94 89";"10000";"Участвует в конкурсе";"2098954";"—"
"449";"8";"—";"278000";"85 92 91";"10000";"Участвует в конкурсе";"1960213";"—"
"450";"3";"—";"278000";"85 92 91";"10000";"Участвует в конкурсе";"1253485";"—"
"451";"27";"—";"278000";"83 99 86";"10000";"Участвует в конкурсе";"1795014";"—"
"452";"10";"Электронное";"278000";"83 94 91";"10000";"Участвует в конкурсе";"2035422";"—"
"453";"7";"—";"278000";"83 88 97";"10000";"Участвует в конкурсе";"1626819";"—"
"454";"3";"—";"278000";"80 97 91";"10000";"Участвует в конкурсе";"1517297";"—"
"455";"14";"—";"277000";"100 94 83";"—";"Участвует в конкурсе";"2310371";"—"
"456";"8";"—";"277000";"100 86 91";"—";"Участвует в конкурсе";"1572021";"—"
"457";"11";"—";"277000";"98 88 91";"—";"Участвует в конкурсе";"1958321";"—"
"458";"6";"—";"277000";"88 95 94";"—";"Участвует в конкурсе";"1561792";"—"
"459";"26";"—";"277000";"100 94 81";"2000";"Участвует в конкурсе";"1710356";"—"
"460";"7";"—";"277000";"98 94 83";"2000";"Участвует в конкурсе";"1992882";"—"
"461";"3";"Электронное";"277000";"93 95 86";"3000";"Участвует в конкурсе";"2057172";"—"
"462";"4";"—";"277000";"93 90 91";"3000";"Участвует в конкурсе";"1484657";"—"
"463";"2";"—";"277000";"100 100 72";"5000";"Участвует в конкурсе";"1435621";"—"
"464";"7";"—";"277000";"88 90 94";"5000";"Участвует в конкурсе";"1291026";"—"
"465";"6";"—";"277000";"100 94 73";"10000";"Участвует в конкурсе";"2220037";"—"
"466";"4";"—";"277000";"100 78 89";"10000";"Участвует в конкурсе";"1564460";"—"
"467";"7";"—";"277000";"98 96 73";"10000";"Участвует в конкурсе";"1999661";"—"
"468";"13";"—";"277000";"95 97 75";"10000";"Участвует в конкурсе";"971765";"—"
"469";"8";"—";"277000";"95 94 78";"10000";"Участвует в конкурсе";"1345228";"—"
"470";"2";"—";"277000";"95 86 86";"10000";"Участвует в конкурсе";"1163182";"—"
"471";"17";"—";"277000";"93 88 86";"10000";"Участвует в конкурсе";"2054017";"—"
"472";"6";"—";"277000";"93 80 94";"10000";"Участвует в конкурсе";"1851150";"—"
"473";"15";"—";"277000";"90 99 78";"10000";"Участвует в конкурсе";"1628811";"—"
"474";"3";"—";"277000";"90 96 81";"10000";"Участвует в конкурсе";"1301500";"—"
"475";"18";"—";"277000";"90 94 83";"10000";"Участвует в конкурсе";"1285157";"—"
"476";"4";"—";"277000";"90 94 83";"10000";"Участвует в конкурсе";"1708215";"—"
"477";"29";"—";"277000";"90 94 83";"10000";"Участвует в конкурсе";"2257901";"—"
"478";"9";"Электронное";"277000";"90 88 89";"10000";"Участвует в конкурсе";"1326258";"—"
"479";"5";"—";"277000";"90 88 89";"10000";"Участвует в конкурсе";"1651845";"—"
"480";"18";"—";"277000";"90 88 89";"10000";"Участвует в конкурсе";"2394084";"—"
"481";"8";"—";"277000";"90 86 91";"10000";"Участвует в конкурсе";"1419084";"—"
"482";"17";"—";"277000";"90 86 91";"10000";"Участвует в конкурсе";"1839935";"—"
"483";"19";"—";"277000";"88 96 83";"10000";"Участвует в конкурсе";"1208412";"—"
"484";"10";"Электронное";"277000";"88 96 83";"10000";"Участвует в конкурсе";"2180524";"—"
"485";"13";"—";"277000";"88 90 89";"10000";"Участвует в конкурсе";"1838322";"—"
"486";"4";"Электронное";"277000";"88 90 89";"10000";"Участвует в конкурсе";"2154684";"—"
"487";"16";"—";"277000";"85 96 86";"10000";"Участвует в конкурсе";"1963734";"—"
"488";"18";"—";"277000";"85 88 94";"10000";"Участвует в конкурсе";"1584455";"—"
"489";"12";"—";"277000";"85 82 100";"10000";"Участвует в конкурсе";"1793406";"—"
"490";"9";"—";"277000";"83 95 89";"10000";"Участвует в конкурсе";"1722367";"—"
"491";"30";"Электронное";"277000";"83 90 94";"10000";"Участвует в конкурсе";"1307911";"—"
"492";"18";"—";"277000";"83 90 94";"10000";"Участвует в конкурсе";"1565127";"—"
"493";"17";"—";"277000";"80 98 89";"10000";"Участвует в конкурсе";"1332216";"—"
"494";"3";"—";"277000";"80 96 91";"10000";"Участвует в конкурсе";"1849628";"—"
"495";"7";"—";"277000";"78 95 94";"10000";"Участвует в конкурсе";"1566162";"—"
"496";"27";"Электронное";"276000";"90 95 89";"2000";"Участвует в конкурсе";"2197828";"—"
"497";"19";"Электронное";"276000";"95 92 86";"3000";"Участвует в конкурсе";"1721607";"—"
"498";"16";"—";"276000";"90 97 86";"3000";"Участвует в конкурсе";"2130633";"—"
"499";"14";"—";"276000";"90 94 89";"3000";"Участвует в конкурсе";"1472335";"—"
"500";"13";"—";"276000";"83 100 89";"4000";"Участвует в конкурсе";"2051622";"—"
"501";"15";"—";"276000";"88 99 83";"6000";"Участвует в конкурсе";"2046782";"—"
"502";"19";"Электронное";"276000";"98 82 86";"10000";"Участвует в конкурсе";"1731194";"—"
"503";"2";"—";"276000";"95 82 89";"10000";"Участвует в конкурсе";"1424089";"—"
"504";"10";"—";"276000";"95 80 91";"10000";"Участвует в конкурсе";"2101357";"—"
"506";"20";"—";"276000";"93 92 81";"10000";"Участвует в конкурсе";"1176755";"—"
"509";"12";"Электронное";"276000";"93 84 89";"10000";"Участвует в конкурсе";"2260583";"—"
"511";"18";"—";"276000";"90 90 86";"10000";"Участвует в конкурсе";"1823600";"—"
"512";"22";"Электронное";"276000";"90 82 94";"10000";"Участвует в конкурсе";"1577674";"—"
"513";"11";"—";"276000";"88 100 78";"10000";"Участвует в конкурсе";"1653209";"—"
"514";"17";"—";"276000";"88 100 78";"10000";"Участвует в конкурсе";"1178514";"—"
"515";"20";"—";"276000";"88 97 81";"10000";"Участвует в конкурсе";"1881507";"—"
"516";"1";"—";"276000";"88 84 94";"10000";"Участвует в конкурсе";"1557950";"—"
"517";"4";"—";"276000";"85 92 89";"10000";"Участвует в конкурсе";"1745050";"—"
"518";"22";"—";"276000";"85 90 91";"10000";"Участвует в конкурсе";"1214072";"—"
"519";"17";"—";"276000";"85 84 97";"10000";"Участвует в конкурсе";"2185143";"—"
"520";"14";"Электронное";"276000";"85 84 97";"10000";"Участвует в конкурсе";"2251653";"—"
"521";"12";"—";"276000";"83 94 89";"10000";"Участвует в конкурсе";"2099258";"—"
"522";"13";"—";"276000";"80 100 86";"10000";"Участвует в конкурсе";"1205358";"—"
"523";"19";"—";"276000";"80 95 91";"10000";"Участвует в конкурсе";"1214310";"—"
"524";"10";"—";"275000";"98 82 95";"—";"Участвует в конкурсе";"2425434";"—"
"525";"7";"—";"275000";"90 94 91";"—";"Участвует в конкурсе";"1214465";"—"
"526";"19";"—";"275000";"90 88 97";"—";"Участвует в конкурсе";"1513110";"—"
"527";"11";"—";"275000";"93 88 91";"3000";"Участвует в конкурсе";"2424112";"—"
"528";"9";"—";"275000";"90 96 86";"3000";"Участвует в конкурсе";"1420816";"—"
"529";"20";"—";"275000";"80 92 97";"6000";"Участвует в конкурсе";"1415733";"—"
"530";"17";"—";"275000";"93 97 75";"10000";"Участвует в конкурсе";"1342385";"—"
"531";"11";"—";"275000";"93 94 78";"10000";"Участвует в конкурсе";"1261618";"—"
"532";"3";"Электронное";"275000";"93 86 86";"10000";"Участвует в конкурсе";"1443462";"—"
"533";"6";"—";"275000";"93 86 86";"10000";"Участвует в конкурсе";"1992484";"—"
"534";"7";"—";"275000";"90 94 81";"10000";"Участвует в конкурсе";"1857098";"—"
"535";"4";"Электронное";"275000";"90 86 89";"10000";"Участвует в конкурсе";"2133199";"—"
"536";"9";"—";"275000";"90 86 89";"10000";"Участвует в конкурсе";"1278975";"—"
"537";"6";"—";"275000";"88 94 83";"10000";"Участвует в конкурсе";"1847106";"—"
"538";"16";"—";"275000";"88 86 91";"10000";"Участвует в конкурсе";"1175177";"—"
"539";"5";"—";"275000";"88 86 91";"10000";"Участвует в конкурсе";"1248191";"—"
"540";"6";"—";"275000";"88 86 91";"10000";"Участвует в конкурсе";"1462986";"—"
"541";"13";"—";"275000";"88 86 91";"10000";"Участвует в конкурсе";"1349559";"—"
"542";"9";"Электронное";"275000";"88 86 91";"10000";"Участвует в конкурсе";"1633188";"—"
"543";"3";"—";"275000";"88 86 91";"10000";"Участвует в конкурсе";"1995713";"—"
"544";"1";"—";"275000";"85 86 94";"10000";"Участвует в конкурсе";"1686559";"—"
"545";"5";"—";"275000";"83 99 83";"10000";"Участвует в конкурсе";"1399850";"—"
"546";"7";"—";"275000";"83 88 94";"10000";"Участвует в конкурсе";"1955605";"—"
"547";"17";"—";"275000";"83 88 94";"10000";"Участвует в конкурсе";"2141022";"—"
"548";"27";"—";"275000";"80 96 89";"10000";"Участвует в конкурсе";"1353381";"—"
"549";"8";"—";"275000";"80 94 91";"10000";"Участвует в конкурсе";"1194504";"—"
"550";"15";"—";"275000";"80 88 97";"10000";"Участвует в конкурсе";"1443529";"—"
"551";"14";"—";"275000";"80 88 97";"10000";"Участвует в конкурсе";"2228557";"—"
"552";"8";"—";"275000";"78 98 89";"10000";"Участвует в конкурсе";"2353339";"—"
"555";"10";"—";"274000";"93 92 86";"3000";"Участвует в конкурсе";"2338542";"—"
"556";"15";"—";"274000";"93 92 86";"3000";"Участвует в конкурсе";"2305561";"—"
"557";"13";"—";"274000";"90 90 91";"3000";"Участвует в конкурсе";"2084799";"—"
"558";"11";"—";"274000";"88 92 89";"5000";"Участвует в конкурсе";"2039712";"—"
"559";"13";"—";"274000";"85 90 94";"5000";"Участвует в конкурсе";"1291004";"—"
"560";"10";"—";"274000";"80 100 89";"5000";"Участвует в конкурсе";"1625432";"—"
"561";"10";"Электронное";"274000";"90 94 83";"7000";"Участвует в конкурсе";"1362029";"—"
"562";"9";"Электронное";"274000";"83 90 94";"7000";"Участвует в конкурсе";"1729657";"—"
"563";"19";"—";"274000";"100 92 72";"10000";"Участвует в конкурсе";"1641421";"—"
"564";"14";"—";"274000";"98 88 78";"10000";"Участвует в конкурсе";"1987159";"—"
"565";"2";"—";"274000";"95 88 81";"10000";"Участвует в конкурсе";"2200232";"—"
"566";"7";"—";"274000";"95 86 83";"10000";"Участвует в конкурсе";"955666";"—"
"567";"14";"Электронное";"274000";"95 80 89";"10000";"Участвует в конкурсе";"2225351";"—"
"568";"13";"Электронное";"274000";"93 88 83";"10000";"Участвует в конкурсе";"1794005";"—"
"569";"14";"—";"274000";"93 82 89";"10000";"Участвует в конкурсе";"1973416";"—"
"570";"30";"—";"274000";"90 96 78";"10000";"Участвует в конкурсе";"1582830";"—"
"571";"5";"—";"274000";"90 92 82";"10000";"Участвует в конкурсе";"1854486";"—"
"572";"18";"Электронное";"274000";"90 88 86";"10000";"Участвует в конкурсе";"1408384";"—"
"573";"24";"—";"274000";"90 88 86";"10000";"Участвует в конкурсе";"1215320";"—"
"574";"10";"—";"274000";"90 88 86";"10000";"Участвует в конкурсе";"1623244";"—"
"575";"16";"—";"274000";"88 95 81";"10000";"Участвует в конкурсе";"1951298";"—"
"576";"17";"Электронное";"274000";"88 90 86";"10000";"Участвует в конкурсе";"1429808";"—"
"577";"13";"Электронное";"274000";"85 88 91";"10000";"Участвует в конкурсе";"1620198";"—"
"578";"24";"—";"274000";"85 88 91";"10000";"Участвует в конкурсе";"2230701";"—"
"579";"15";"—";"274000";"85 88 91";"10000";"Участвует в конкурсе";"1993203";"—"
"580";"13";"—";"274000";"83 95 86";"10000";"Участвует в конкурсе";"1601346";"—"
"581";"9";"—";"274000";"83 92 89";"10000";"Участвует в конкурсе";"2029453";"—"
"582";"16";"—";"274000";"83 90 91";"10000";"Участвует в конкурсе";"2255474";"—"
"583";"16";"Электронное";"274000";"78 92 94";"10000";"Участвует в конкурсе";"1796618";"—"
"584";"18";"—";"273000";"100 100 73";"—";"Участвует в конкурсе";"1442961";"—"
"585";"11";"—";"273000";"98 84 91";"—";"Участвует в конкурсе";"1557669";"—"
"586";"21";"Электронное";"273000";"95 97 81";"—";"Участвует в конкурсе";"1199595";"—"
"587";"5";"—";"273000";"95 92 86";"—";"Участвует в конкурсе";"1082593";"—"
"588";"1";"—";"273000";"95 84 94";"—";"Участвует в конкурсе";"2313837";"—"
"589";"14";"—";"273000";"90 92 91";"—";"Участвует в конкурсе";"1632848";"—"
"590";"8";"—";"273000";"88 99 86";"—";"Участвует в конкурсе";"2380391";"—"
"591";"17";"—";"273000";"98 95 78";"2000";"Участвует в конкурсе";"1244657";"—"
"592";"10";"—";"273000";"88 92 91";"2000";"Участвует в конкурсе";"1786326";"—"
"593";"11";"—";"273000";"95 92 83";"3000";"Участвует в конкурсе";"1974832";"—"
"594";"10";"—";"273000";"83 90 97";"3000";"Участвует в конкурсе";"1916566";"—"
"595";"11";"—";"273000";"90 88 91";"4000";"Участвует в конкурсе";"1349628";"—"
"597";"20";"—";"273000";"100 90 73";"10000";"Участвует в конкурсе";"2260612";"—"
"598";"16";"Электронное";"273000";"98 84 81";"10000";"Участвует в конкурсе";"1371985";"—"
"599";"25";"—";"273000";"95 95 73";"10000";"Участвует в конкурсе";"1440421";"—"
"600";"12";"—";"273000";"95 90 78";"10000";"Участвует в конкурсе";"2318493";"—"
"601";"23";"—";"273000";"95 82 86";"10000";"Участвует в конкурсе";"1963421";"—"
"602";"27";"—";"273000";"93 92 78";"10000";"Участвует в конкурсе";"1426053";"—"
"603";"4";"—";"273000";"93 84 86";"10000";"Участвует в конкурсе";"1252945";"—"
"604";"14";"—";"273000";"93 84 86";"10000";"Участвует в конкурсе";"1975290";"—"
"605";"17";"—";"273000";"90 95 78";"10000";"Участвует в конкурсе";"1636458";"—"
"606";"5";"Электронное";"273000";"90 90 83";"10000";"Участвует в конкурсе";"1910571";"—"
"607";"10";"Электронное";"273000";"90 90 83";"10000";"Участвует в конкурсе";"1858407";"—"
"608";"18";"—";"273000";"90 90 83";"10000";"Участвует в конкурсе";"1995262";"—"
"609";"25";"Электронное";"273000";"90 84 89";"10000";"Участвует в конкурсе";"1343659";"—"
"610";"7";"—";"273000";"90 84 89";"10000";"Участвует в конкурсе";"1618132";"—"
"612";"18";"—";"273000";"88 94 81";"10000";"Участвует в конкурсе";"1516350";"—"
"613";"7";"—";"273000";"88 86 89";"10000";"Участвует в конкурсе";"2246164";"—"
"614";"2";"Электронное";"273000";"88 84 91";"10000";"Участвует в конкурсе";"1601430";"—"
"615";"14";"—";"273000";"88 84 91";"10000";"Участвует в конкурсе";"1635572";"—"
"616";"7";"—";"273000";"85 100 78";"10000";"Участвует в конкурсе";"2096822";"—"
"617";"8";"—";"273000";"85 92 86";"10000";"Участвует в конкурсе";"1931584";"—"
"618";"10";"—";"273000";"85 92 86";"10000";"Участвует в конкурсе";"2225358";"—"
"619";"11";"—";"273000";"85 84 94";"10000";"Участвует в конкурсе";"2141364";"—"
"620";"7";"—";"273000";"83 97 83";"10000";"Участвует в конкурсе";"2056285";"—"
"621";"24";"—";"273000";"83 86 94";"10000";"Участвует в конкурсе";"2136311";"—"
"622";"8";"Электронное";"273000";"83 86 94";"10000";"Участвует в конкурсе";"1562778";"—"
"623";"4";"—";"273000";"83 80 100";"10000";"Участвует в конкурсе";"2168904";"—"
"624";"11";"Электронное";"273000";"80 94 89";"10000";"Участвует в конкурсе";"1777231";"—"
"625";"13";"—";"273000";"78 88 97";"10000";"Участвует в конкурсе";"1617551";"—"
"626";"6";"—";"272000";"98 96 78";"—";"Участвует в конкурсе";"1702271";"—"
"627";"18";"—";"272000";"93 98 81";"—";"Участвует в конкурсе";"1791564";"—"
"628";"20";"—";"272000";"93 88 91";"—";"Участвует в конкурсе";"1200067";"—"
"629";"8";"Электронное";"272000";"90 96 86";"—";"Участвует в конкурсе";"2056045";"—"
"630";"11";"—";"272000";"98 90 81";"3000";"Участвует в конкурсе";"2425102";"—"
"631";"17";"Электронное";"272000";"98 88 83";"3000";"Участвует в конкурсе";"1604006";"—"
"632";"2";"—";"272000";"93 95 81";"3000";"Участвует в конкурсе";"2221783";"—"
"633";"16";"—";"272000";"93 82 94";"3000";"Участвует в конкурсе";"1442300";"—"
"634";"13";"—";"272000";"93 82 94";"3000";"Участвует в конкурсе";"2127948";"—"
"636";"15";"—";"272000";"100 90 72";"10000";"Участвует в конкурсе";"1388440";"—"
"637";"16";"Электронное";"272000";"98 92 72";"10000";"Участвует в конкурсе";"1361437";"—"
"638";"3";"Электронное";"272000";"95 92 75";"10000";"Участвует в конкурсе";"2229239";"—"
"639";"8";"—";"272000";"95 84 83";"10000";"Участвует в конкурсе";"1422536";"—"
"640";"11";"Электронное";"272000";"95 84 83";"10000";"Участвует в конкурсе";"2004898";"—"
"641";"27";"—";"272000";"93 88 81";"10000";"Участвует в конкурсе";"2228657";"—"
"642";"17";"—";"272000";"93 86 83";"10000";"Участвует в конкурсе";"2131317";"—"
"644";"16";"—";"272000";"93 86 83";"10000";"Участвует в конкурсе";"2297444";"—"
"645";"16";"—";"272000";"93 80 89";"10000";"Участвует в конкурсе";"1360112";"—"
"646";"16";"—";"272000";"93 80 89";"10000";"Участвует в конкурсе";"1610610";"—"
"647";"13";"—";"272000";"93 80 89";"10000";"Участвует в конкурсе";"2101004";"—"
"648";"8";"Электронное";"272000";"93 78 91";"10000";"Участвует в конкурсе";"2067810";"—"
"649";"2";"—";"272000";"93 78 91";"10000";"Участвует в конкурсе";"2252264";"—"
"650";"6";"Электронное";"272000";"90 94 78";"10000";"Участвует в конкурсе";"1318073";"—"
"651";"19";"—";"272000";"90 86 86";"10000";"Участвует в конкурсе";"2076049";"—"
"652";"16";"Электронное";"272000";"90 86 86";"10000";"Участвует в конкурсе";"2126073";"—"
"653";"25";"—";"272000";"88 99 75";"10000";"Участвует в конкурсе";"1554693";"—"
"654";"15";"Электронное";"272000";"88 96 78";"10000";"Участвует в конкурсе";"2066651";"—"
"655";"14";"—";"272000";"88 88 86";"10000";"Участвует в конкурсе";"1575233";"—"
"656";"2";"Электронное";"272000";"88 88 86";"10000";"Участвует в конкурсе";"1915560";"—"
"657";"12";"Электронное";"272000";"88 88 86";"10000";"Участвует в конкурсе";"2174766";"—"
"658";"5";"—";"272000";"88 88 86";"10000";"Участвует в конкурсе";"1615554";"—"
"659";"17";"—";"272000";"88 88 86";"10000";"Участвует в конкурсе";"2178748";"—"
"660";"3";"Электронное";"272000";"88 80 94";"10000";"Участвует в конкурсе";"1852021";"—"
"661";"17";"Электронное";"272000";"88 80 94";"10000";"Участвует в конкурсе";"1609852";"—"
"662";"6";"—";"272000";"88 80 94";"10000";"Участвует в конкурсе";"1964525";"—"
"663";"15";"—";"272000";"85 96 81";"10000";"Участвует в конкурсе";"1416387";"—"
"666";"12";"—";"272000";"85 86 91";"10000";"Участвует в конкурсе";"1910274";"—"
"667";"5";"Электронное";"272000";"85 86 91";"10000";"Участвует в конкурсе";"1502515";"—"
"668";"20";"—";"272000";"85 86 91";"10000";"Участвует в конкурсе";"1283477";"—"
"669";"3";"Электронное";"272000";"83 90 89";"10000";"Участвует в конкурсе";"1197146";"—"
"670";"13";"Электронное";"272000";"83 88 91";"10000";"Участвует в конкурсе";"2211869";"—"
"671";"4";"—";"272000";"83 88 91";"10000";"Участвует в конкурсе";"2181600";"—"
"672";"11";"—";"272000";"80 88 94";"10000";"Участвует в конкурсе";"2183200";"—"
"673";"17";"Электронное";"271000";"100 88 83";"—";"Участвует в конкурсе";"2422983";"—"
"674";"11";"—";"271000";"95 90 86";"—";"Участвует в конкурсе";"2157203";"—"
"675";"6";"Электронное";"271000";"93 95 83";"—";"Участвует в конкурсе";"1853122";"—"
"676";"13";"—";"271000";"93 95 83";"—";"Участвует в конкурсе";"1851813";"—"
"677";"8";"—";"271000";"90 84 97";"—";"Участвует в конкурсе";"2340110";"—"
"679";"13";"—";"271000";"85 95 91";"—";"Участвует в конкурсе";"1506831";"—"
"680";"6";"—";"271000";"80 97 94";"—";"Участвует в конкурсе";"1785289";"—"
"682";"22";"—";"271000";"85 90 94";"2000";"Участвует в конкурсе";"1827627";"—"
"683";"12";"—";"271000";"95 92 81";"3000";"Участвует в конкурсе";"1441879";"—"
"684";"10";"—";"271000";"90 95 83";"3000";"Участвует в конкурсе";"1708732";"—"
"685";"9";"—";"271000";"88 97 83";"3000";"Участвует в конкурсе";"1716474";"—"
"686";"8";"Электронное";"271000";"95 86 86";"4000";"Участвует в конкурсе";"1784329";"—"
"687";"3";"—";"271000";"98 90 78";"5000";"Участвует в конкурсе";"2053928";"—"
"688";"7";"Электронное";"271000";"88 95 83";"5000";"Участвует в конкурсе";"2043083";"—"
"689";"18";"—";"271000";"98 94 73";"6000";"Участвует в конкурсе";"973960";"—"
"690";"11";"Электронное";"271000";"95 96 70";"10000";"Участвует в конкурсе";"1169309";"—"
"692";"6";"—";"271000";"93 90 78";"10000";"Участвует в конкурсе";"2255761";"—"
"693";"18";"—";"271000";"93 82 86";"10000";"Участвует в конкурсе";"2261735";"—"
"694";"9";"Электронное";"271000";"90 90 81";"10000";"Участвует в конкурсе";"1350213";"—"
"695";"29";"—";"271000";"90 82 89";"10000";"Участвует в конкурсе";"1787711";"—"
"696";"12";"Электронное";"271000";"90 82 89";"10000";"Участвует в конкурсе";"1777368";"—"
"697";"16";"—";"271000";"88 92 81";"10000";"Участвует в конкурсе";"1792320";"—"
"698";"4";"Электронное";"271000";"88 90 83";"10000";"Участвует в конкурсе";"1185036";"—"
"699";"6";"—";"271000";"88 84 89";"10000";"Участвует в конкурсе";"1043745";"—"
"700";"17";"—";"271000";"88 84 89";"10000";"Участвует в конкурсе";"2211686";"—"
"701";"20";"—";"271000";"88 82 91";"10000";"Участвует в конкурсе";"1786790";"—"
"702";"2";"—";"271000";"88 82 91";"10000";"Участвует в конкурсе";"2135082";"—"
"704";"24";"—";"271000";"85 98 78";"10000";"Участвует в конкурсе";"1724996";"—"
"705";"10";"—";"271000";"85 95 81";"10000";"Участвует в конкурсе";"2161450";"—"
"707";"7";"—";"271000";"83 95 83";"10000";"Участвует в конкурсе";"960464";"—"
"708";"18";"—";"271000";"83 95 83";"10000";"Участвует в конкурсе";"1851856";"—"
"709";"5";"—";"271000";"80 92 89";"10000";"Участвует в конкурсе";"1192093";"—"
"710";"7";"Электронное";"271000";"78 92 91";"10000";"Участвует в конкурсе";"1178784";"—"
"712";"7";"—";"270000";"100 95 75";"—";"Участвует в конкурсе";"1113749";"—"
"713";"6";"—";"270000";"95 92 83";"—";"Участвует в конкурсе";"1981517";"—"
"714";"27";"—";"270000";"95 86 89";"—";"Участвует в конкурсе";"1854964";"—"
"715";"13";"Электронное";"270000";"95 86 89";"—";"Участвует в конкурсе";"1980340";"—"
"716";"26";"Электронное";"270000";"88 100 82";"—";"Участвует в конкурсе";"1159123";"—"
"718";"3";"—";"270000";"83 96 91";"—";"Участвует в конкурсе";"2095747";"—"
"719";"6";"—";"270000";"95 92 81";"2000";"Участвует в конкурсе";"2369029";"—"
"720";"4";"—";"270000";"93 88 86";"3000";"Участвует в конкурсе";"1491900";"—"
"722";"3";"Электронное";"270000";"83 88 93";"6000";"Участвует в конкурсе";"2252625";"—"
"723";"14";"—";"270000";"95 86 81";"8000";"Участвует в конкурсе";"925201";"—"
"724";"12";"—";"270000";"95 90 75";"10000";"Участвует в конкурсе";"2255720";"—"
"725";"17";"—";"270000";"95 82 83";"10000";"Участвует в конкурсе";"1896423";"—"
"726";"19";"—";"270000";"93 95 72";"10000";"Участвует в конкурсе";"1516957";"—"
"727";"20";"Электронное";"270000";"93 92 75";"10000";"Участвует в конкурсе";"1197134";"—"
"728";"7";"Электронное";"270000";"93 86 81";"10000";"Участвует в конкурсе";"1620491";"—"
"729";"11";"—";"270000";"93 86 81";"10000";"Участвует в конкурсе";"1347357";"—"
"730";"29";"Электронное";"270000";"93 86 81";"10000";"Участвует в конкурсе";"1405382";"—"
"731";"15";"—";"270000";"90 97 73";"10000";"Участвует в конкурсе";"1730696";"—"
"732";"5";"—";"270000";"90 92 78";"10000";"Участвует в конкурсе";"2338280";"—"
"733";"16";"—";"270000";"88 94 78";"10000";"Участвует в конкурсе";"2209562";"—"
"734";"16";"—";"270000";"88 86 86";"10000";"Участвует в конкурсе";"1578976";"—"
"735";"9";"—";"270000";"88 86 86";"10000";"Участвует в конкурсе";"1722162";"—"
"736";"25";"Электронное";"270000";"85 94 81";"10000";"Участвует в конкурсе";"1885780";"—"
"737";"8";"—";"270000";"85 92 83";"10000";"Участвует в конкурсе";"1626042";"—"
"738";"8";"—";"270000";"85 92 83";"10000";"Участвует в конкурсе";"2064255";"—"
"739";"8";"—";"270000";"85 92 83";"10000";"Участвует в конкурсе";"1399972";"—"
"740";"18";"Электронное";"270000";"85 86 89";"10000";"Участвует в конкурсе";"1481735";"—"
"741";"16";"—";"270000";"85 86 89";"10000";"Участвует в конкурсе";"1346335";"—"
"742";"23";"Электронное";"270000";"85 86 89";"10000";"Участвует в конкурсе";"1807070";"—"
"743";"10";"—";"270000";"85 86 89";"10000";"Участвует в конкурсе";"1625736";"—"
"744";"13";"—";"270000";"85 84 91";"10000";"Участвует в конкурсе";"1854407";"—"
"745";"9";"—";"270000";"85 84 91";"10000";"Участвует в конкурсе";"1551430";"—"
"746";"22";"Электронное";"270000";"85 84 91";"10000";"Участвует в конкурсе";"1356295";"—"
"747";"14";"Электронное";"270000";"83 94 83";"10000";"Участвует в конкурсе";"2049573";"—"
"749";"3";"—";"270000";"83 88 89";"10000";"Участвует в конкурсе";"1850813";"—"
"750";"10";"—";"270000";"83 88 89";"10000";"Участвует в конкурсе";"2228394";"—"
"751";"20";"Электронное";"270000";"83 86 91";"10000";"Участвует в конкурсе";"1585307";"—"
"752";"3";"—";"270000";"83 86 91";"10000";"Участвует в конкурсе";"2027789";"—"
"753";"5";"—";"270000";"83 80 97";"10000";"Участвует в конкурсе";"1407978";"—"
"754";"5";"Электронное";"270000";"80 86 94";"10000";"Участвует в конкурсе";"1122763";"—"
"755";"27";"—";"269000";"100 94 75";"—";"Участвует в конкурсе";"2001859";"—"
"756";"10";"—";"269000";"98 90 81";"—";"Участвует в конкурсе";"1576467";"—"
"758";"15";"—";"269000";"90 90 89";"—";"Участвует в конкурсе";"2088484";"—"
"759";"14";"—";"269000";"90 90 89";"—";"Участвует в конкурсе";"1424354";"—"
"760";"26";"—";"269000";"88 92 89";"—";"Участвует в конкурсе";"2095794";"—"
"761";"15";"Электронное";"269000";"88 90 91";"—";"Участвует в конкурсе";"1941815";"—"
"762";"9";"—";"269000";"88 90 91";"—";"Участвует в конкурсе";"1724980";"—"
"763";"11";"Электронное";"269000";"88 84 97";"—";"Участвует в конкурсе";"1273408";"—"
"764";"7";"—";"269000";"85 90 94";"—";"Участвует в конкурсе";"1358534";"—"
"765";"16";"—";"269000";"85 90 94";"—";"Участвует в конкурсе";"2307238";"—"
"766";"23";"—";"269000";"98 88 81";"2000";"Участвует в конкурсе";"1259774";"—"
"767";"18";"Электронное";"269000";"83 95 89";"2000";"Участвует в конкурсе";"1981536";"—"
"768";"13";"—";"269000";"95 90 81";"3000";"Участвует в конкурсе";"2310253";"—"
"769";"27";"—";"269000";"93 84 89";"3000";"Участвует в конкурсе";"1409106";"—"
"770";"15";"Электронное";"269000";"90 82 94";"3000";"Участвует в конкурсе";"1986947";"—"
"771";"19";"—";"269000";"85 90 91";"3000";"Участвует в конкурсе";"1992429";"—"
"772";"7";"Электронное";"269000";"95 88 81";"5000";"Участвует в конкурсе";"1776223";"—"
"773";"5";"—";"269000";"85 98 81";"5000";"Участвует в конкурсе";"1779016";"—"
"774";"4";"—";"269000";"80 84 100";"5000";"Участвует в конкурсе";"2127681";"—"
"775";"5";"—";"269000";"100 84 75";"10000";"Участвует в конкурсе";"2049372";"—"
"776";"10";"Электронное";"269000";"98 72 89";"10000";"Участвует в конкурсе";"1964745";"—"
"777";"12";"—";"269000";"95 86 78";"10000";"Участвует в конкурсе";"2213694";"—"
"778";"7";"Электронное";"269000";"93 96 70";"10000";"Участвует в конкурсе";"2270301";"—"
"779";"11";"—";"269000";"93 94 72";"10000";"Участвует в конкурсе";"1984205";"—"
"780";"15";"—";"269000";"90 88 81";"10000";"Участвует в конкурсе";"1343007";"—"
"781";"17";"—";"269000";"90 86 83";"10000";"Участвует в конкурсе";"1618719";"—"
"782";"6";"Электронное";"269000";"90 86 83";"10000";"Участвует в конкурсе";"1725860";"—"
"783";"14";"—";"269000";"90 86 83";"10000";"Участвует в конкурсе";"1988797";"—"
"784";"24";"Электронное";"269000";"90 86 83";"10000";"Участвует в конкурсе";"1616900";"—"
"785";"21";"—";"269000";"88 90 81";"10000";"Участвует в конкурсе";"2303660";"—"
"786";"5";"—";"269000";"88 88 83";"10000";"Участвует в конкурсе";"1719894";"—"
"787";"19";"—";"269000";"88 88 83";"10000";"Участвует в конкурсе";"2384937";"—"
"788";"4";"—";"269000";"88 82 89";"10000";"Участвует в конкурсе";"1828967";"—"
"789";"17";"—";"269000";"85 88 86";"10000";"Участвует в конкурсе";"2177984";"—"
"790";"9";"—";"269000";"83 90 86";"10000";"Участвует в конкурсе";"2315090";"—"
"792";"18";"—";"269000";"78 90 91";"10000";"Участвует в конкурсе";"2134133";"—"
"793";"3";"—";"268000";"98 84 86";"—";"Участвует в конкурсе";"1929706";"—"
"794";"3";"Электронное";"268000";"93 94 81";"—";"Участвует в конкурсе";"1819405";"—"
"795";"12";"Электронное";"268000";"93 86 89";"—";"Участвует в конкурсе";"2369749";"—"
"798";"12";"—";"268000";"93 84 89";"2000";"Участвует в конкурсе";"1845616";"—"
"799";"7";"—";"268000";"95 76 94";"3000";"Участвует в конкурсе";"1633279";"—"
"800";"13";"—";"268000";"88 94 83";"3000";"Участвует в конкурсе";"1410760";"—"
"801";"9";"—";"268000";"95 82 86";"5000";"Участвует в конкурсе";"2224848";"—"
"802";"6";"—";"268000";"88 88 86";"6000";"Участвует в конкурсе";"1690345";"—"
"803";"11";"Электронное";"268000";"95 82 83";"8000";"Участвует в конкурсе";"1253719";"—"
"804";"3";"—";"268000";"95 88 75";"10000";"Участвует в конкурсе";"2186864";"—"
"805";"15";"—";"268000";"95 80 83";"10000";"Участвует в конкурсе";"2028980";"—"
"806";"10";"Электронное";"268000";"93 82 83";"10000";"Участвует в конкурсе";"1627708";"—"
"807";"14";"Электронное";"268000";"90 90 78";"10000";"Участвует в конкурсе";"1417152";"—"
"808";"13";"Электронное";"268000";"90 82 86";"10000";"Участвует в конкурсе";"1500822";"—"
"809";"8";"Электронное";"268000";"88 95 75";"10000";"Участвует в конкурсе";"1403507";"—"
"810";"18";"—";"268000";"88 84 86";"10000";"Участвует в конкурсе";"1862589";"—"
"811";"11";"Электронное";"268000";"88 84 86";"10000";"Участвует в конкурсе";"2259442";"—"
"812";"7";"Электронное";"268000";"88 76 94";"10000";"Участвует в конкурсе";"1438251";"—"
"813";"9";"—";"268000";"85 92 81";"10000";"Участвует в конкурсе";"1116560";"—"
"814";"19";"—";"268000";"85 92 81";"10000";"Участвует в конкурсе";"1944539";"—"
"815";"7";"—";"268000";"85 90 83";"10000";"Участвует в конкурсе";"2121815";"—"
"816";"5";"—";"268000";"85 84 89";"10000";"Участвует в конкурсе";"1425039";"—"
"817";"10";"Электронное";"268000";"85 84 89";"10000";"Участвует в конкурсе";"2231242";"—"
"818";"5";"—";"268000";"85 84 89";"10000";"Участвует в конкурсе";"2314044";"—"
"820";"24";"—";"268000";"83 92 83";"10000";"Участвует в конкурсе";"1504545";"—"
"821";"7";"Электронное";"268000";"83 92 83";"10000";"Участвует в конкурсе";"2248502";"—"
"822";"8";"—";"268000";"83 92 83";"10000";"Участвует в конкурсе";"2415623";"—"
"823";"11";"Электронное";"268000";"83 84 91";"10000";"Участвует в конкурсе";"1199422";"—"
"824";"3";"—";"268000";"83 84 91";"10000";"Участвует в конкурсе";"1367433";"—"
"825";"21";"—";"268000";"83 84 91";"10000";"Участвует в конкурсе";"1916360";"—"
"826";"7";"Электронное";"268000";"83 84 91";"10000";"Участвует в конкурсе";"1309691";"—"
"827";"5";"—";"268000";"83 78 97";"10000";"Участвует в конкурсе";"2100563";"—"
"829";"25";"—";"268000";"80 97 81";"10000";"Участвует в конкурсе";"2175049";"—"
"830";"6";"—";"268000";"80 84 94";"10000";"Участвует в конкурсе";"1794083";"—"
"831";"3";"Электронное";"268000";"80 84 94";"10000";"Участвует в конкурсе";"2290614";"—"
"832";"18";"Электронное";"268000";"78 94 86";"10000";"Участвует в конкурсе";"2259330";"—"
"833";"20";"—";"268000";"78 94 86";"10000";"Участвует в конкурсе";"2221118";"—"
"835";"4";"—";"268000";"72 92 94";"10000";"Участвует в конкурсе";"1962181";"—"
"837";"13";"—";"267000";"100 92 75";"—";"Участвует в конкурсе";"1960297";"—"
"838";"16";"—";"267000";"95 86 86";"—";"Участвует в конкурсе";"1717834";"—"
"839";"2";"Электронное";"267000";"90 94 83";"—";"Участвует в конкурсе";"2250081";"—"
"840";"3";"—";"267000";"90 88 89";"—";"Участвует в конкурсе";"1148006";"—"
"841";"14";"—";"267000";"90 88 89";"—";"Участвует в конкурсе";"2343788";"—"
"842";"9";"—";"267000";"88 88 91";"—";"Участвует в конкурсе";"2362049";"—"
"843";"8";"—";"267000";"85 96 86";"—";"Участвует в конкурсе";"1292995";"—"
"844";"5";"Электронное";"267000";"85 82 100";"—";"Участвует в конкурсе";"1641793";"—"
"845";"21";"—";"267000";"85 82 100";"—";"Участвует в конкурсе";"1648966";"—"
"846";"20";"—";"267000";"80 90 97";"—";"Участвует в конкурсе";"1655764";"—"
"847";"20";"—";"267000";"95 92 78";"2000";"Участвует в конкурсе";"1616213";"—"
"848";"9";"Электронное";"267000";"93 96 75";"3000";"Участвует в конкурсе";"1582530";"—"
"849";"8";"Электронное";"267000";"93 88 83";"3000";"Участвует в конкурсе";"1353116";"—"
"850";"18";"—";"267000";"93 86 83";"5000";"Участвует в конкурсе";"2183192";"—"
"851";"6";"—";"267000";"98 84 75";"10000";"Участвует в конкурсе";"1650344";"—"
"852";"19";"—";"267000";"95 90 72";"10000";"Участвует в конкурсе";"1787105";"—"
"853";"6";"—";"267000";"93 86 78";"10000";"Участвует в конкурсе";"2062984";"—"
"854";"13";"—";"267000";"90 97 70";"10000";"Участвует в конкурсе";"1983035";"—"
"855";"21";"Электронное";"267000";"90 92 75";"10000";"Участвует в конкурсе";"1203194";"—"
"856";"5";"—";"267000";"90 92 75";"10000";"Участвует в конкурсе";"2085299";"—"
"857";"20";"—";"267000";"90 92 75";"10000";"Участвует в конкурсе";"1284951";"—"
"858";"14";"—";"267000";"90 86 81";"10000";"Участвует в конкурсе";"2019651";"—"
"860";"19";"Электронное";"267000";"90 76 91";"10000";"Участвует в конкурсе";"2225944";"—"
"861";"8";"—";"267000";"88 96 73";"10000";"Участвует в конкурсе";"1650789";"—"
"862";"4";"Электронное";"267000";"88 88 81";"10000";"Участвует в конкурсе";"1212994";"—"
"863";"17";"—";"267000";"88 88 81";"10000";"Участвует в конкурсе";"1335787";"—"
"864";"19";"—";"267000";"88 86 83";"10000";"Участвует в конкурсе";"1988929";"—"
"865";"4";"—";"267000";"88 86 83";"10000";"Участвует в конкурсе";"1576472";"—"
"866";"16";"—";"267000";"88 86 83";"10000";"Участвует в конкурсе";"2187868";"—"
"867";"26";"Электронное";"267000";"88 86 83";"10000";"Участвует в конкурсе";"1515438";"—"
"868";"10";"—";"267000";"88 86 83";"10000";"Участвует в конкурсе";"2334712";"—"
"869";"26";"—";"267000";"85 86 86";"10000";"Участвует в конкурсе";"2056568";"—"
"870";"18";"—";"267000";"85 86 86";"10000";"Участвует в конкурсе";"2181455";"—"
"871";"10";"—";"267000";"85 86 86";"10000";"Участвует в конкурсе";"2118013";"—"
"872";"4";"—";"267000";"85 78 94";"10000";"Участвует в конкурсе";"1361337";"—"
"873";"8";"Электронное";"267000";"85 78 94";"10000";"Участвует в конкурсе";"2040373";"—"
"874";"15";"—";"267000";"83 88 86";"10000";"Участвует в конкурсе";"2043554";"—"
"875";"3";"—";"267000";"80 88 89";"10000";"Участвует в конкурсе";"1446025";"—"
"876";"18";"—";"267000";"80 86 91";"10000";"Участвует в конкурсе";"1777493";"—"
"877";"8";"—";"267000";"75 88 94";"10000";"Участвует в конкурсе";"1618888";"—"
"878";"14";"—";"266000";"100 80 86";"—";"Участвует в конкурсе";"1916586";"—"
"879";"18";"Электронное";"266000";"95 80 91";"—";"Участвует в конкурсе";"1581493";"—"
"880";"14";"—";"266000";"93 92 81";"—";"Участвует в конкурсе";"2249367";"—"
"881";"14";"—";"266000";"90 90 86";"—";"Участвует в конкурсе";"2003981";"—"
"882";"16";"—";"266000";"90 90 86";"—";"Участвует в конкурсе";"1289248";"—"
"883";"8";"—";"266000";"90 82 94";"—";"Участвует в конкурсе";"1445230";"—"
"884";"4";"Электронное";"266000";"85 90 91";"—";"Участвует в конкурсе";"1516242";"—"
"885";"6";"—";"266000";"85 84 97";"—";"Участвует в конкурсе";"2354266";"—"
"886";"14";"—";"266000";"83 94 89";"—";"Участвует в конкурсе";"1194880";"—"
"887";"12";"Электронное";"266000";"80 95 91";"—";"Участвует в конкурсе";"1753966";"—"
"888";"11";"Электронное";"266000";"93 88 83";"2000";"Участвует в конкурсе";"2237941";"—"
"889";"5";"—";"266000";"90 96 78";"2000";"Участвует в конкурсе";"1606453";"—"
"890";"12";"—";"266000";"85 88 91";"2000";"Участвует в конкурсе";"2323869";"—"
"891";"8";"—";"266000";"93 95 75";"3000";"Участвует в конкурсе";"2252536";"—"
"892";"14";"—";"266000";"93 84 86";"3000";"Участвует в конкурсе";"1681145";"—"
"893";"17";"Электронное";"266000";"90 92 81";"3000";"Участвует в конкурсе";"2043413";"—"
"894";"12";"—";"266000";"90 90 83";"3000";"Участвует в конкурсе";"1839812";"—"
"895";"3";"Электронное";"266000";"90 84 89";"3000";"Участвует в конкурсе";"1790132";"—"
"896";"7";"—";"266000";"90 84 89";"3000";"Участвует в конкурсе";"1487062";"—"
"897";"20";"Электронное";"266000";"88 92 83";"3000";"Участвует в конкурсе";"1450415";"—"
"898";"3";"—";"266000";"88 92 83";"3000";"Участвует в конкурсе";"2119261";"—"
"899";"14";"—";"266000";"88 92 83";"3000";"Участвует в конкурсе";"2396555";"—"
"900";"15";"—";"266000";"88 82 91";"5000";"Участвует в конкурсе";"1818558";"—"
"901";"5";"—";"266000";"85 82 94";"5000";"Участвует в конкурсе";"1242613";"—"
"902";"7";"—";"266000";"100 84 72";"10000";"Участвует в конкурсе";"1717207";"—"
"903";"8";"—";"266000";"95 92 69";"10000";"Участвует в конкурсе";"2343231";"—"
"905";"5";"Электронное";"266000";"93 88 75";"10000";"Участвует в конкурсе";"1726886";"—"
"906";"26";"—";"266000";"93 82 81";"10000";"Участвует в конкурсе";"2130385";"—"
"907";"6";"—";"266000";"93 80 83";"10000";"Участвует в конкурсе";"2206388";"—"
"908";"7";"—";"266000";"93 80 83";"10000";"Участвует в конкурсе";"2314984";"—"
"909";"23";"Электронное";"266000";"90 88 78";"10000";"Участвует в конкурсе";"1586491";"—"
"910";"12";"Электронное";"266000";"90 88 78";"10000";"Участвует в конкурсе";"1604891";"—"
"911";"7";"—";"266000";"90 80 86";"10000";"Участвует в конкурсе";"2176499";"—"
"913";"7";"Электронное";"266000";"88 82 86";"10000";"Участвует в конкурсе";"1353624";"—"
"914";"11";"—";"266000";"88 82 86";"10000";"Участвует в конкурсе";"2308855";"—"
"915";"12";"Электронное";"266000";"88 82 86";"10000";"Участвует в конкурсе";"1472828";"—"
"916";"9";"—";"266000";"88 74 94";"10000";"Участвует в конкурсе";"1644934";"—"
"917";"7";"—";"266000";"85 88 83";"10000";"Участвует в конкурсе";"1164832";"—"
"918";"7";"—";"266000";"85 82 89";"10000";"Участвует в конкурсе";"2050195";"—"
"919";"29";"—";"266000";"85 80 91";"10000";"Участвует в конкурсе";"1903586";"—"
"920";"17";"Электронное";"266000";"85 80 91";"10000";"Участвует в конкурсе";"1815059";"—"
"921";"14";"—";"266000";"85 74 97";"10000";"Участвует в конкурсе";"1290929";"—"
"922";"26";"—";"266000";"83 95 78";"10000";"Участвует в конкурсе";"1790806";"—"
"923";"22";"—";"266000";"83 92 81";"10000";"Участвует в конкурсе";"2241659";"—"
"924";"18";"—";"266000";"83 90 83";"10000";"Участвует в конкурсе";"1212124";"—"
"925";"18";"Электронное";"266000";"83 84 89";"10000";"Участвует в конкурсе";"1180260";"—"
"926";"12";"Электронное";"266000";"83 84 89";"10000";"Участвует в конкурсе";"2282664";"—"
"927";"11";"—";"266000";"83 82 91";"10000";"Участвует в конкурсе";"1585376";"—"
"928";"9";"—";"266000";"83 82 91";"10000";"Участвует в конкурсе";"1816940";"—"
"929";"4";"Электронное";"266000";"83 82 91";"10000";"Участвует в конкурсе";"1907619";"—"
"930";"4";"—";"266000";"83 76 97";"10000";"Участвует в конкурсе";"2241381";"—"
"931";"14";"Электронное";"266000";"80 82 94";"10000";"Участвует в конкурсе";"1626790";"—"
"932";"2";"—";"266000";"78 92 86";"10000";"Участвует в конкурсе";"1954183";"—"
"933";"5";"Электронное";"266000";"78 84 94";"10000";"Участвует в конкурсе";"1983774";"—"
"934";"17";"—";"266000";"78 84 94";"10000";"Участвует в конкурсе";"2052420";"—"
"935";"6";"—";"266000";"75 90 91";"10000";"Участвует в конкурсе";"2028287";"—"
"936";"2";"—";"266000";"72 95 89";"10000";"Участвует в конкурсе";"1259537";"—"
"937";"15";"—";"266000";"70 92 94";"10000";"Участвует в конкурсе";"1215634";"—"
"938";"14";"Электронное";"265000";"100 84 81";"—";"Участвует в конкурсе";"2333850";"—"
"939";"10";"—";"265000";"100 82 83";"—";"Участвует в конкурсе";"1261256";"—"
"941";"12";"Электронное";"265000";"93 86 86";"—";"Участвует в конкурсе";"1611206";"—"
"942";"17";"—";"265000";"90 94 81";"—";"Участвует в конкурсе";"1285331";"—"
"943";"16";"—";"265000";"90 92 83";"—";"Участвует в конкурсе";"2407455";"—"
"944";"18";"—";"265000";"88 86 91";"—";"Участвует в конкурсе";"2172778";"—"
"945";"9";"—";"265000";"85 97 83";"—";"Участвует в конкурсе";"1363504";"—"
"946";"1";"—";"265000";"88 86 89";"2000";"Участвует в конкурсе";"1441778";"—"
"948";"5";"—";"265000";"78 88 97";"2000";"Участвует в конкурсе";"1444679";"—"
"949";"19";"—";"265000";"93 100 69";"3000";"Участвует в конкурсе";"2364946";"—"
"950";"19";"—";"265000";"90 94 78";"3000";"Участвует в конкурсе";"2050853";"—"
"951";"7";"—";"265000";"88 88 86";"3000";"Участвует в конкурсе";"1444696";"—"
"952";"8";"—";"265000";"88 80 94";"3000";"Участвует в конкурсе";"2322159";"—"
"953";"14";"—";"265000";"85 94 83";"3000";"Участвует в конкурсе";"1620290";"—"
"954";"5";"—";"265000";"78 95 89";"3000";"Участвует в конкурсе";"1350730";"—"
"955";"6";"—";"265000";"83 92 83";"7000";"Участвует в конкурсе";"2230957";"—"
"956";"13";"—";"265000";"93 92 70";"10000";"Участвует в конкурсе";"2194272";"—"
"957";"13";"—";"265000";"93 84 78";"10000";"Участвует в конкурсе";"2100404";"—"
"958";"13";"—";"265000";"90 92 73";"10000";"Участвует в конкурсе";"1716208";"—"
"959";"3";"—";"265000";"90 90 75";"10000";"Участвует в конкурсе";"1580410";"—"
"960";"26";"—";"265000";"90 84 81";"10000";"Участвует в конкурсе";"1839909";"—"
"961";"5";"—";"265000";"88 94 73";"10000";"Участвует в конкурсе";"1307760";"—"
"962";"14";"—";"265000";"88 92 75";"10000";"Участвует в конкурсе";"1986313";"—"
"963";"16";"—";"265000";"88 86 81";"10000";"Участвует в конкурсе";"1963857";"—"
"964";"6";"Электронное";"265000";"88 86 81";"10000";"Участвует в конкурсе";"1615793";"—"
"965";"10";"Электронное";"265000";"88 86 81";"10000";"Участвует в конкурсе";"1985895";"—"
"966";"15";"—";"265000";"88 86 81";"10000";"Участвует в конкурсе";"2242304";"—"
"967";"4";"Электронное";"265000";"88 84 83";"10000";"Участвует в конкурсе";"1612346";"—"
"969";"13";"Электронное";"265000";"88 84 83";"10000";"Участвует в конкурсе";"1282013";"—"
"970";"9";"—";"265000";"88 84 83";"10000";"Участвует в конкурсе";"2265096";"—"
"971";"20";"Электронное";"265000";"88 78 89";"10000";"Участвует в конкурсе";"1362802";"—"
"972";"20";"Электронное";"265000";"83 86 86";"10000";"Участвует в конкурсе";"1653287";"—"
"973";"13";"—";"265000";"83 86 86";"10000";"Участвует в конкурсе";"2094457";"—"
"974";"7";"—";"265000";"80 84 91";"10000";"Участвует в конкурсе";"1210348";"—"
"975";"10";"—";"265000";"78 96 81";"10000";"Участвует в конкурсе";"1506684";"—"
"976";"22";"—";"265000";"78 96 81";"10000";"Участвует в конкурсе";"1367119";"—"
"977";"12";"—";"265000";"78 94 83";"10000";"Участвует в конкурсе";"2142246";"—"
"978";"8";"—";"265000";"75 86 94";"10000";"Участвует в конкурсе";"2182804";"—"
"979";"6";"—";"265000";"72 94 89";"10000";"Участвует в конкурсе";"1617668";"—"
"980";"6";"—";"264000";"95 80 89";"—";"Участвует в конкурсе";"1177122";"—"
"982";"3";"—";"264000";"93 88 83";"—";"Участвует в конкурсе";"1514293";"—"
"983";"5";"—";"264000";"93 88 83";"—";"Участвует в конкурсе";"2425742";"—"
"984";"6";"—";"264000";"90 96 78";"—";"Участвует в конкурсе";"1317735";"—"
"985";"3";"—";"264000";"88 78 98";"—";"Участвует в конкурсе";"2338699";"—"
"987";"21";"—";"264000";"83 92 89";"—";"Участвует в конкурсе";"1352729";"—"
"988";"20";"—";"264000";"80 84 100";"—";"Участвует в конкурсе";"1761434";"—"
"989";"8";"—";"264000";"98 86 78";"2000";"Участвует в конкурсе";"1698792";"—"
"990";"5";"—";"264000";"93 95 73";"3000";"Участвует в конкурсе";"1612339";"—"
"991";"13";"Электронное";"264000";"93 82 86";"3000";"Участвует в конкурсе";"1619733";"—"
"992";"6";"—";"264000";"88 92 81";"3000";"Участвует в конкурсе";"1182902";"—"
"993";"2";"—";"264000";"88 90 83";"3000";"Участвует в конкурсе";"1294725";"—"
"994";"13";"—";"264000";"80 90 91";"3000";"Участвует в конкурсе";"1042667";"—"
"995";"17";"—";"264000";"70 100 86";"8000";"Участвует в конкурсе";"2141428";"—"
"996";"26";"—";"264000";"85 84 86";"9000";"Участвует в конкурсе";"1411606";"—"
"997";"13";"—";"264000";"93 88 73";"10000";"Участвует в конкурсе";"1366855";"—"
"998";"2";"Электронное";"264000";"93 86 75";"10000";"Участвует в конкурсе";"1196015";"—"
"999";"26";"Электронное";"264000";"88 88 78";"10000";"Участвует в конкурсе";"1655125";"—"
"1000";"7";"—";"264000";"88 88 78";"10000";"Участвует в конкурсе";"1211724";"—"
"1001";"5";"Электронное";"264000";"88 88 78";"10000";"Участвует в конкурсе";"1436225";"—"
"1002";"23";"Электронное";"264000";"88 80 86";"10000";"Участвует в конкурсе";"1650102";"—"
"1003";"14";"—";"264000";"88 80 86";"10000";"Участвует в конкурсе";"1586333";"—"
"1004";"13";"—";"264000";"88 80 86";"10000";"Участвует в конкурсе";"2325670";"—"
"1005";"7";"Электронное";"264000";"85 86 83";"10000";"Участвует в конкурсе";"1192919";"—"
"1006";"2";"Электронное";"264000";"85 80 89";"10000";"Участвует в конкурсе";"1653088";"—"
"1007";"25";"—";"264000";"83 90 81";"10000";"Участвует в конкурсе";"965261";"—"
"1008";"16";"—";"264000";"83 82 89";"10000";"Участвует в конкурсе";"1363973";"—"
"1009";"2";"—";"264000";"83 80 91";"10000";"Участвует в конкурсе";"1671266";"—"
"1011";"3";"—";"264000";"80 96 78";"10000";"Участвует в конкурсе";"1796558";"—"
"1013";"2";"—";"264000";"78 82 94";"10000";"Участвует в конкурсе";"1360330";"—"
"1014";"3";"Электронное";"264000";"78 82 94";"10000";"Участвует в конкурсе";"1890753";"—"
"1015";"19";"Электронное";"263000";"98 82 83";"—";"Участвует в конкурсе";"1413445";"—"
"1016";"15";"—";"263000";"98 82 83";"—";"Участвует в конкурсе";"2183815";"—"
"1017";"11";"—";"263000";"95 95 73";"—";"Участвует в конкурсе";"1516120";"—"
"1018";"17";"—";"263000";"95 82 86";"—";"Участвует в конкурсе";"1573596";"—"
"1019";"2";"Электронное";"263000";"95 82 86";"—";"Участвует в конкурсе";"1347180";"—"
"1020";"3";"—";"263000";"93 98 72";"—";"Участвует в конкурсе";"2031579";"—"
"1021";"8";"—";"263000";"90 90 83";"—";"Участвует в конкурсе";"1357157";"—"
"1022";"13";"—";"263000";"90 84 89";"—";"Участвует в конкурсе";"1517180";"—"
"1023";"18";"Электронное";"263000";"90 84 89";"—";"Участвует в конкурсе";"1859160";"—"
"1025";"12";"Электронное";"263000";"90 82 91";"—";"Участвует в конкурсе";"2293821";"—"
"1026";"11";"—";"263000";"88 97 78";"—";"Участвует в конкурсе";"2315349";"—"
"1027";"22";"—";"263000";"88 97 78";"—";"Участвует в конкурсе";"2158023";"—"
"1028";"12";"Электронное";"263000";"88 86 89";"—";"Участвует в конкурсе";"1238750";"—"
"1029";"16";"—";"263000";"88 84 91";"—";"Участвует в конкурсе";"2090660";"—"
"1030";"17";"—";"263000";"85 97 81";"—";"Участвует в конкурсе";"1078014";"—"
"1031";"9";"Электронное";"263000";"85 84 94";"—";"Участвует в конкурсе";"2042943";"—"
"1032";"25";"—";"263000";"83 97 83";"—";"Участвует в конкурсе";"1999765";"—"
"1033";"15";"Электронное";"263000";"80 92 91";"—";"Участвует в конкурсе";"1642698";"—"
"1036";"19";"—";"263000";"83 84 94";"2000";"Участвует в конкурсе";"1251594";"—"
"1037";"5";"—";"263000";"80 92 89";"2000";"Участвует в конкурсе";"1308311";"—"
"1038";"6";"—";"263000";"95 82 83";"3000";"Участвует в конкурсе";"2169778";"—"
"1039";"16";"—";"263000";"93 86 81";"3000";"Участвует в конкурсе";"1578097";"—"
"1040";"7";"—";"263000";"90 95 75";"3000";"Участвует в конкурсе";"2244388";"—"
"1041";"9";"Электронное";"263000";"90 84 86";"3000";"Участвует в конкурсе";"1833608";"—"
"1042";"14";"Электронное";"263000";"85 84 91";"3000";"Участвует в конкурсе";"2247256";"—"
"1043";"1";"Электронное";"263000";"83 96 81";"3000";"Участвует в конкурсе";"2258308";"—"
"1044";"4";"—";"263000";"83 88 89";"3000";"Участвует в конкурсе";"1192437";"—"
"1045";"4";"—";"263000";"80 97 83";"3000";"Участвует в конкурсе";"1817751";"—"
"1046";"6";"Электронное";"263000";"78 82 100";"3000";"Участвует в конкурсе";"1587338";"—"
"1047";"8";"—";"263000";"75 99 86";"3000";"Участвует в конкурсе";"965916";"—"
"1048";"11";"—";"263000";"93 86 78";"6000";"Участвует в конкурсе";"2327968";"—"
"1049";"5";"—";"263000";"88 86 83";"6000";"Участвует в конкурсе";"1656744";"—"
"1050";"12";"—";"263000";"88 78 91";"6000";"Участвует в конкурсе";"1326301";"—"
"1051";"12";"—";"263000";"88 92 75";"8000";"Участвует в конкурсе";"1583075";"—"
"1052";"9";"—";"263000";"80 86 89";"8000";"Участвует в конкурсе";"1713076";"—"
"1053";"25";"Электронное";"263000";"95 86 72";"10000";"Участвует в конкурсе";"1993814";"—"
"1054";"9";"—";"263000";"95 80 78";"10000";"Участвует в конкурсе";"2265509";"—"
"1055";"11";"Электронное";"263000";"90 88 75";"10000";"Участвует в конкурсе";"1850669";"—"
"1056";"4";"—";"263000";"90 82 81";"10000";"Участвует в конкурсе";"1726355";"—"
"1057";"8";"Электронное";"263000";"90 80 83";"10000";"Участвует в конкурсе";"1576205";"—"
"1058";"13";"—";"263000";"90 80 83";"10000";"Участвует в конкурсе";"1642720";"—"
"1060";"11";"—";"263000";"88 92 73";"10000";"Участвует в конкурсе";"2183027";"—"
"1061";"6";"Электронное";"263000";"88 84 81";"10000";"Участвует в конкурсе";"1202530";"—"
"1062";"7";"—";"263000";"88 84 81";"10000";"Участвует в конкурсе";"2273883";"—"
"1063";"4";"Электронное";"263000";"88 82 83";"10000";"Участвует в конкурсе";"1133431";"—"
"1064";"22";"—";"263000";"85 95 73";"10000";"Участвует в конкурсе";"2244249";"—"
"1065";"29";"—";"263000";"85 90 78";"10000";"Участвует в конкурсе";"1241208";"—"
"1066";"9";"—";"263000";"85 82 86";"10000";"Участвует в конкурсе";"1636155";"—"
"1068";"13";"—";"263000";"85 82 86";"10000";"Участвует в конкурсе";"2080656";"—"
"1069";"9";"—";"263000";"83 95 75";"10000";"Участвует в конкурсе";"1370223";"—"
"1070";"16";"—";"263000";"83 95 75";"10000";"Участвует в конкурсе";"1985311";"—"
"1071";"10";"—";"263000";"83 76 94";"10000";"Участвует в конкурсе";"2301270";"—"
"1072";"21";"Электронное";"263000";"80 95 78";"10000";"Участвует в конкурсе";"1519238";"—"
"1073";"2";"—";"263000";"80 90 83";"10000";"Участвует в конкурсе";"1599498";"—"
"1074";"6";"Электронное";"263000";"80 90 83";"10000";"Участвует в конкурсе";"2002972";"—"
"1075";"9";"—";"263000";"80 84 89";"10000";"Участвует в конкурсе";"1852029";"—"
"1076";"6";"—";"263000";"80 82 91";"10000";"Участвует в конкурсе";"1791667";"—"
"1077";"17";"—";"263000";"80 82 91";"10000";"Участвует в конкурсе";"2388910";"—"
"1078";"6";"—";"263000";"80 76 97";"10000";"Участвует в конкурсе";"2273382";"—"
"1079";"19";"—";"263000";"78 94 81";"10000";"Участвует в конкурсе";"1492703";"—"
"1080";"7";"—";"263000";"78 84 91";"10000";"Участвует в конкурсе";"1364548";"—"
"1081";"8";"—";"263000";"75 100 78";"10000";"Участвует в конкурсе";"2240708";"—"
"1082";"12";"—";"263000";"75 84 94";"10000";"Участвует в конкурсе";"1617678";"—"
"1083";"20";"—";"262000";"100 84 78";"—";"Участвует в конкурсе";"2393907";"—"
"1084";"15";"—";"262000";"95 94 73";"—";"Участвует в конкурсе";"2098508";"—"
"1086";"16";"Электронное";"262000";"93 86 83";"—";"Участвует в конкурсе";"1729992";"—"
"1087";"5";"Электронное";"262000";"90 86 86";"—";"Участвует в конкурсе";"1719830";"—"
"1088";"23";"—";"262000";"88 88 86";"—";"Участвует в конкурсе";"1720283";"—"
"1089";"12";"—";"262000";"85 96 81";"—";"Участвует в конкурсе";"2003462";"—"
"1090";"4";"—";"262000";"85 96 81";"—";"Участвует в конкурсе";"2133229";"—"
"1092";"12";"—";"262000";"83 88 91";"—";"Участвует в конкурсе";"1237500";"—"
"1093";"23";"—";"262000";"88 86 86";"2000";"Участвует в конкурсе";"1353018";"—"
"1094";"10";"—";"262000";"85 94 81";"2000";"Участвует в конкурсе";"1142579";"—"
"1095";"13";"Электронное";"262000";"90 97 72";"3000";"Участвует в конкурсе";"1949747";"—"
"1096";"14";"—";"262000";"90 86 83";"3000";"Участвует в конкурсе";"1565862";"—"
"1097";"4";"—";"262000";"88 82 89";"3000";"Участвует в конкурсе";"1960824";"—"
"1098";"9";"—";"262000";"83 90 86";"3000";"Участвует в конкурсе";"1316344";"—"
"1099";"8";"Электронное";"262000";"80 82 97";"3000";"Участвует в конкурсе";"1180612";"—"
"1100";"16";"—";"262000";"78 90 91";"3000";"Участвует в конкурсе";"1726406";"—"
"1101";"11";"—";"262000";"100 82 70";"10000";"Участвует в конкурсе";"1703286";"—"
"1102";"14";"—";"262000";"93 86 73";"10000";"Участвует в конкурсе";"2000615";"—"
"1103";"12";"—";"262000";"93 86 73";"10000";"Участвует в конкурсе";"2252296";"—"
"1104";"7";"Электронное";"262000";"93 78 81";"10000";"Участвует в конкурсе";"1619899";"—"
"1105";"9";"—";"262000";"90 76 86";"10000";"Участвует в конкурсе";"1779507";"—"
"1106";"4";"—";"262000";"88 78 86";"10000";"Участвует в конкурсе";"1552530";"—"
"1107";"15";"—";"262000";"88 78 86";"10000";"Участвует в конкурсе";"1684713";"—"
"1108";"10";"—";"262000";"85 94 73";"10000";"Участвует в конкурсе";"1332494";"—"
"1109";"18";"—";"262000";"85 92 75";"10000";"Участвует в конкурсе";"1652688";"—"
"1110";"4";"—";"262000";"85 92 75";"10000";"Участвует в конкурсе";"1983757";"—"
"1111";"5";"Электронное";"262000";"85 86 81";"10000";"Участвует в конкурсе";"1629297";"—"
"1112";"17";"Электронное";"262000";"85 86 81";"10000";"Участвует в конкурсе";"2177828";"—"
"1113";"24";"Электронное";"262000";"85 86 81";"10000";"Участвует в конкурсе";"2043242";"—"
"1114";"4";"—";"262000";"85 86 81";"10000";"Участвует в конкурсе";"2226913";"—"
"1115";"5";"Электронное";"262000";"85 86 81";"10000";"Участвует в конкурсе";"1182533";"—"
"1116";"17";"Электронное";"262000";"85 84 83";"10000";"Участвует в конкурсе";"1190182";"—"
"1117";"3";"—";"262000";"85 84 83";"10000";"Участвует в конкурсе";"1895436";"—"
"1118";"5";"—";"262000";"85 84 83";"10000";"Участвует в конкурсе";"2100863";"—"
"1119";"17";"—";"262000";"85 84 83";"10000";"Участвует в конкурсе";"1616690";"—"
"1120";"16";"Электронное";"262000";"85 78 89";"10000";"Участвует в конкурсе";"1985698";"—"
"1121";"16";"—";"262000";"83 86 83";"10000";"Участвует в конкурсе";"2078487";"—"
"1122";"17";"—";"262000";"83 80 89";"10000";"Участвует в конкурсе";"1209296";"—"
"1123";"4";"—";"262000";"83 80 89";"10000";"Участвует в конкурсе";"1614294";"—"
"1124";"7";"—";"262000";"83 78 91";"10000";"Участвует в конкурсе";"2221902";"—"
"1125";"20";"Электронное";"262000";"80 86 86";"10000";"Участвует в конкурсе";"1380003";"—"
"1126";"6";"—";"262000";"80 86 86";"10000";"Участвует в конкурсе";"2252025";"—"
"1127";"16";"—";"262000";"78 88 86";"10000";"Участвует в конкурсе";"2238459";"—"
"1128";"13";"—";"262000";"78 88 86";"10000";"Участвует в конкурсе";"1288623";"—"
"1130";"11";"—";"262000";"75 80 97";"10000";"Участвует в конкурсе";"2244477";"—"
"1131";"6";"—";"262000";"75 80 97";"10000";"Участвует в конкурсе";"2179151";"—"
"1132";"13";"—";"262000";"67 88 97";"10000";"Участвует в конкурсе";"1901484";"—"
"1134";"10";"Электронное";"261000";"95 94 72";"—";"Участвует в конкурсе";"2048069";"—"
"1136";"8";"—";"261000";"93 90 78";"—";"Участвует в конкурсе";"1896873";"—"
"1137";"15";"—";"261000";"90 88 83";"—";"Участвует в конкурсе";"1433277";"—"
"1138";"17";"—";"261000";"88 84 89";"—";"Участвует в конкурсе";"1722922";"—"
"1139";"5";"—";"261000";"85 95 81";"—";"Участвует в конкурсе";"1648458";"—"
"1140";"5";"Электронное";"261000";"83 97 81";"—";"Участвует в конкурсе";"1074943";"—"
"1141";"26";"—";"261000";"83 97 81";"—";"Участвует в конкурсе";"1642527";"—"
"1142";"8";"—";"261000";"83 92 86";"—";"Участвует в конкурсе";"2305434";"—"
"1143";"26";"—";"261000";"78 86 97";"—";"Участвует в конкурсе";"2415504";"—"
"1144";"2";"—";"261000";"85 88 86";"2000";"Участвует в конкурсе";"1942926";"—"
"1145";"18";"—";"261000";"78 92 89";"2000";"Участвует в конкурсе";"1856516";"—"
"1146";"2";"—";"261000";"93 90 75";"3000";"Участвует в конкурсе";"1640334";"—"
"1147";"17";"Электронное";"261000";"88 76 94";"3000";"Участвует в конкурсе";"1838852";"—"
"1148";"11";"—";"261000";"85 95 78";"3000";"Участвует в конкурсе";"1285190";"—"
"1149";"15";"Электронное";"261000";"83 86 89";"3000";"Участвует в конкурсе";"2162234";"—"
"1150";"4";"—";"261000";"83 86 89";"3000";"Участвует в конкурсе";"2391814";"—"
"1151";"7";"Электронное";"261000";"78 94 86";"3000";"Участвует в конкурсе";"1331846";"—"
"1152";"17";"—";"261000";"90 80 86";"5000";"Участвует в конкурсе";"1725132";"—"
"1153";"8";"—";"261000";"88 86 81";"6000";"Участвует в конкурсе";"1720388";"—"
"1154";"12";"Электронное";"261000";"83 94 78";"6000";"Участвует в конкурсе";"2083378";"—"
"1155";"25";"Электронное";"261000";"90 82 81";"8000";"Участвует в конкурсе";"1619145";"—"
"1157";"27";"—";"261000";"93 80 78";"10000";"Участвует в конкурсе";"1624994";"—"
"1158";"3";"—";"261000";"90 95 66";"10000";"Участвует в конкурсе";"1622490";"—"
"1159";"1";"—";"261000";"90 94 67";"10000";"Участвует в конкурсе";"1248330";"—"
"1160";"6";"—";"261000";"90 88 73";"10000";"Участвует в конкурсе";"1576234";"—"
"1161";"6";"Электронное";"261000";"90 78 83";"10000";"Участвует в конкурсе";"2209386";"—"
"1162";"7";"—";"261000";"88 88 75";"10000";"Участвует в конкурсе";"1123076";"—"
"1163";"9";"—";"261000";"88 82 81";"10000";"Участвует в конкурсе";"1860342";"—"
"1164";"8";"—";"261000";"88 80 83";"10000";"Участвует в конкурсе";"1736374";"—"
"1165";"5";"—";"261000";"85 88 78";"10000";"Участвует в конкурсе";"2269655";"—"
"1166";"13";"—";"261000";"85 80 86";"10000";"Участвует в конкурсе";"1962620";"—"
"1167";"21";"Электронное";"261000";"85 80 86";"10000";"Участвует в конкурсе";"1983930";"—"
"1168";"9";"Электронное";"261000";"85 80 86";"10000";"Участвует в конкурсе";"2116175";"—"
"1169";"13";"Электронное";"261000";"85 80 86";"10000";"Участвует в конкурсе";"2251282";"—"
"1170";"11";"Электронное";"261000";"85 80 86";"10000";"Участвует в конкурсе";"1509700";"—"
"1171";"17";"Электронное";"261000";"83 90 78";"10000";"Участвует в конкурсе";"1441421";"—"
"1172";"8";"—";"261000";"83 82 86";"10000";"Участвует в конкурсе";"1795083";"—"
"1173";"22";"—";"261000";"83 82 86";"10000";"Участвует в конкурсе";"2309849";"—"
"1174";"14";"Электронное";"261000";"80 88 83";"10000";"Участвует в конкурсе";"1189014";"—"
"1175";"21";"—";"261000";"80 82 89";"10000";"Участвует в конкурсе";"2297289";"—"
"1176";"12";"—";"261000";"80 80 91";"10000";"Участвует в конкурсе";"1998829";"—"
"1177";"2";"—";"261000";"78 90 83";"10000";"Участвует в конкурсе";"1560577";"—"
"1178";"14";"Электронное";"261000";"78 90 83";"10000";"Участвует в конкурсе";"1508309";"—"
"1179";"16";"—";"261000";"78 84 89";"10000";"Участвует в конкурсе";"1954598";"—"
"1180";"12";"—";"261000";"78 82 91";"10000";"Участвует в конкурсе";"1417969";"—"
"1181";"9";"—";"261000";"75 90 86";"10000";"Участвует в конкурсе";"1437097";"—"
"1182";"11";"—";"260000";"98 90 72";"—";"Участвует в конкурсе";"2030296";"—"
"1183";"7";"—";"260000";"98 90 72";"—";"Участвует в конкурсе";"2191929";"—"
"1184";"15";"Электронное";"260000";"95 84 81";"—";"Участвует в конкурсе";"2171667";"—"
"1185";"28";"—";"260000";"90 95 75";"—";"Участвует в конкурсе";"1351916";"—"
"1187";"11";"—";"260000";"88 86 86";"—";"Участвует в конкурсе";"2076244";"—"
"1188";"22";"Электронное";"260000";"88 86 86";"—";"Участвует в конкурсе";"2203569";"—"
"1189";"28";"—";"260000";"85 86 89";"—";"Участвует в конкурсе";"2088091";"—"
"1190";"17";"Электронное";"260000";"83 86 91";"—";"Участвует в конкурсе";"1617589";"—"
"1191";"7";"—";"260000";"83 86 91";"—";"Участвует в конкурсе";"2370486";"—"
"1192";"12";"—";"260000";"85 90 83";"2000";"Участвует в конкурсе";"2076844";"—"
"1193";"18";"—";"260000";"95 90 72";"3000";"Участвует в конкурсе";"1445933";"—"
"1194";"21";"—";"260000";"90 95 72";"3000";"Участвует в конкурсе";"1894549";"—"
"1195";"28";"Электронное";"260000";"88 88 81";"3000";"Участвует в конкурсе";"1949624";"—"
"1196";"12";"—";"260000";"85 86 86";"3000";"Участвует в конкурсе";"1301781";"—"
"1197";"7";"Электронное";"260000";"80 88 89";"3000";"Участвует в конкурсе";"1480187";"—"
"1198";"21";"—";"260000";"80 92 83";"5000";"Участвует в конкурсе";"1235082";"—"
"1199";"18";"—";"260000";"72 94 89";"5000";"Участвует в конкурсе";"2047526";"—"
"1200";"16";"—";"260000";"93 86 73";"8000";"Участвует в конкурсе";"1914638";"—"
"1201";"12";"Электронное";"260000";"85 86 81";"8000";"Участвует в конкурсе";"2052942";"—"
"1202";"6";"—";"260000";"93 76 81";"10000";"Участвует в конкурсе";"1870051";"—"
"1203";"5";"—";"260000";"93 74 83";"10000";"Участвует в конкурсе";"1628995";"—"
"1204";"20";"Электронное";"260000";"90 88 72";"10000";"Участвует в конкурсе";"2271395";"—"
"1205";"18";"—";"260000";"90 82 78";"10000";"Участвует в конкурсе";"1915483";"—"
"1206";"12";"—";"260000";"88 84 78";"10000";"Участвует в конкурсе";"1196595";"—"
"1207";"9";"—";"260000";"88 84 78";"10000";"Участвует в конкурсе";"1794925";"—"
"1208";"17";"—";"260000";"88 84 78";"10000";"Участвует в конкурсе";"1878896";"—"
"1209";"12";"—";"260000";"85 95 70";"10000";"Участвует в конкурсе";"1680671";"—"
"1210";"17";"—";"260000";"85 92 73";"10000";"Участвует в конкурсе";"1359508";"—"
"1211";"13";"—";"260000";"85 90 75";"10000";"Участвует в конкурсе";"1435055";"—"
"1212";"1";"—";"260000";"85 84 81";"10000";"Участвует в конкурсе";"1583761";"—"
"1214";"3";"—";"260000";"85 84 81";"10000";"Участвует в конкурсе";"2247410";"—"
"1216";"5";"Электронное";"260000";"85 82 83";"10000";"Участвует в конкурсе";"1355501";"—"
"1218";"14";"—";"260000";"85 82 83";"10000";"Участвует в конкурсе";"2051461";"—"
"1219";"9";"Электронное";"260000";"85 76 89";"10000";"Участвует в конкурсе";"1420775";"—"
"1220";"13";"—";"260000";"83 100 67";"10000";"Участвует в конкурсе";"1208183";"—"
"1221";"10";"—";"260000";"83 86 81";"10000";"Участвует в конкурсе";"1364740";"—"
"1222";"2";"—";"260000";"83 84 83";"10000";"Участвует в конкурсе";"1860530";"—"
"1223";"6";"—";"260000";"83 84 83";"10000";"Участвует в конкурсе";"1708692";"—"
"1224";"4";"—";"260000";"83 84 83";"10000";"Участвует в конкурсе";"2200860";"—"
"1225";"6";"—";"260000";"83 78 89";"10000";"Участвует в конкурсе";"1891192";"—"
"1226";"14";"—";"260000";"80 100 70";"10000";"Участвует в конкурсе";"1235413";"—"
"1227";"2";"—";"260000";"80 100 70";"10000";"Участвует в конкурсе";"1953260";"—"
"1228";"14";"—";"260000";"80 97 73";"10000";"Участвует в конкурсе";"1040014";"—"
"1229";"7";"—";"260000";"80 92 78";"10000";"Участвует в конкурсе";"2055205";"—"
"1231";"5";"Электронное";"260000";"80 84 86";"10000";"Участвует в конкурсе";"1207021";"—"
"1232";"11";"—";"260000";"80 84 86";"10000";"Участвует в конкурсе";"1435287";"—"
"1233";"14";"—";"260000";"80 84 86";"10000";"Участвует в конкурсе";"1638210";"—"
"1234";"2";"Электронное";"260000";"80 84 86";"10000";"Участвует в конкурсе";"1642044";"—"
"1235";"1";"—";"260000";"80 84 86";"10000";"Участвует в конкурсе";"1467669";"—"
"1236";"8";"—";"260000";"80 84 86";"10000";"Участвует в конкурсе";"2188854";"—"
"1237";"4";"Электронное";"260000";"80 84 86";"10000";"Участвует в конкурсе";"2370338";"—"
"1238";"21";"—";"260000";"80 84 86";"10000";"Участвует в конкурсе";"1877644";"—"
"1239";"12";"—";"260000";"78 86 86";"10000";"Участвует в конкурсе";"1784693";"—"
"1240";"20";"—";"260000";"78 86 86";"10000";"Участвует в конкурсе";"2302478";"—"
"1241";"9";"—";"260000";"75 86 89";"10000";"Участвует в конкурсе";"1908725";"—"
"1242";"4";"—";"260000";"75 78 97";"10000";"Участвует в конкурсе";"1647267";"—"
"1243";"1";"—";"260000";"67 97 86";"10000";"Участвует в конкурсе";"1569465";"—"
"1244";"2";"Электронное";"259000";"95 94 70";"—";"Участвует в конкурсе";"1384544";"—"
"1245";"19";"—";"259000";"95 78 86";"—";"Участвует в конкурсе";"1475965";"—"
"1246";"2";"—";"259000";"93 88 78";"—";"Участвует в конкурсе";"2218292";"—"
"1247";"5";"—";"259000";"93 80 86";"—";"Участвует в конкурсе";"1999350";"—"
"1249";"9";"—";"259000";"88 96 75";"—";"Участвует в конкурсе";"1069308";"—"
"1251";"4";"Электронное";"259000";"88 88 83";"—";"Участвует в конкурсе";"2345531";"—"
"1252";"16";"—";"259000";"88 88 83";"—";"Участвует в конкурсе";"1182784";"—"
"1253";"3";"—";"259000";"88 82 89";"—";"Участвует в конкурсе";"1600345";"—"
"1254";"18";"Электронное";"259000";"88 82 89";"—";"Участвует в конкурсе";"2056464";"—"
"1255";"14";"Электронное";"259000";"85 88 86";"—";"Участвует в конкурсе";"1712514";"—"
"1256";"18";"—";"259000";"85 88 86";"—";"Участвует в конкурсе";"1853077";"—"
"1258";"7";"—";"259000";"83 76 100";"—";"Участвует в конкурсе";"1411767";"—"
"1259";"25";"—";"259000";"80 88 91";"—";"Участвует в конкурсе";"2049221";"—"
"1260";"9";"—";"259000";"78 92 89";"—";"Участвует в конкурсе";"2198741";"—"
"1261";"14";"—";"259000";"90 84 83";"2000";"Участвует в конкурсе";"1048743";"—"
"1262";"1";"—";"259000";"93 88 75";"3000";"Участвует в конкурсе";"1505988";"—"
"1263";"17";"Электронное";"259000";"90 96 70";"3000";"Участвует в конкурсе";"2344741";"—"
"1264";"20";"—";"259000";"85 88 83";"3000";"Участвует в конкурсе";"1687492";"—"
"1265";"9";"—";"259000";"85 82 89";"3000";"Участвует в конкурсе";"1256808";"—"
"1266";"12";"—";"259000";"85 82 89";"3000";"Участвует в конкурсе";"2053078";"—"
"1267";"6";"—";"259000";"85 82 89";"3000";"Участвует в конкурсе";"2269306";"—"
"1268";"3";"—";"259000";"85 80 91";"3000";"Участвует в конкурсе";"1199970";"—"
"1269";"19";"—";"259000";"95 84 75";"5000";"Участвует в конкурсе";"2143384";"—"
"1272";"25";"—";"259000";"83 82 86";"8000";"Участвует в конкурсе";"982550";"—"
"1273";"6";"—";"259000";"95 76 78";"10000";"Участвует в конкурсе";"1004569";"—"
"1274";"9";"Электронное";"259000";"93 86 70";"10000";"Участвует в конкурсе";"1212933";"—"
"1275";"22";"—";"259000";"93 84 72";"10000";"Участвует в конкурсе";"1858860";"—"
"1276";"4";"—";"259000";"93 70 86";"10000";"Участвует в конкурсе";"2204488";"—"
"1277";"15";"—";"259000";"88 92 69";"10000";"Участвует в конкурсе";"2001761";"—"
"1279";"8";"—";"259000";"85 86 78";"10000";"Участвует в конкурсе";"1818675";"—"
"1280";"5";"—";"259000";"85 86 78";"10000";"Участвует в конкурсе";"2214923";"—"
"1281";"9";"—";"259000";"85 78 86";"10000";"Участвует в конкурсе";"2243558";"—"
"1282";"1";"—";"259000";"83 88 78";"10000";"Участвует в конкурсе";"1344799";"—"
"1283";"8";"Электронное";"259000";"83 88 78";"10000";"Участвует в конкурсе";"1433681";"—"
"1284";"8";"—";"259000";"83 88 78";"10000";"Участвует в конкурсе";"2127623";"—"
"1285";"5";"—";"259000";"83 80 86";"10000";"Участвует в конкурсе";"2421341";"—"
"1286";"22";"—";"259000";"80 88 81";"10000";"Участвует в конкурсе";"2342695";"—"
"1287";"22";"—";"259000";"80 86 83";"10000";"Участвует в конкурсе";"1259912";"—"
"1288";"4";"—";"259000";"80 86 83";"10000";"Участвует в конкурсе";"2003634";"—"
"1289";"13";"—";"259000";"80 80 89";"10000";"Участвует в конкурсе";"1580223";"—"
"1290";"9";"—";"259000";"80 80 89";"10000";"Участвует в конкурсе";"2003299";"—"
"1291";"17";"Электронное";"259000";"78 82 89";"10000";"Участвует в конкурсе";"2261598";"—"
"1292";"21";"—";"259000";"78 82 89";"10000";"Участвует в конкурсе";"2180578";"—"
"1293";"3";"—";"259000";"72 86 91";"10000";"Участвует в конкурсе";"1818039";"—"
"1294";"13";"—";"259000";"70 90 89";"10000";"Участвует в конкурсе";"1855068";"—"
"1295";"15";"—";"259000";"70 88 91";"10000";"Участвует в конкурсе";"1501381";"—"
"1297";"5";"—";"258000";"93 92 73";"—";"Участвует в конкурсе";"1367590";"—"
"1298";"14";"—";"258000";"93 90 75";"—";"Участвует в конкурсе";"2358441";"—"
"1299";"4";"—";"258000";"90 90 78";"—";"Участвует в конкурсе";"1959948";"—"
"1300";"2";"Электронное";"258000";"90 82 86";"—";"Участвует в конкурсе";"984727";"—"
"1301";"6";"—";"258000";"88 92 78";"—";"Участвует в конкурсе";"2001258";"—"
"1302";"8";"—";"258000";"88 84 86";"—";"Участвует в конкурсе";"1844618";"—"
"1303";"14";"—";"258000";"85 92 81";"—";"Участвует в конкурсе";"1259728";"—"
"1304";"20";"—";"258000";"85 92 81";"—";"Участвует в конкурсе";"1115084";"—"
"1305";"6";"Электронное";"258000";"85 84 89";"—";"Участвует в конкурсе";"1627781";"—"
"1306";"16";"—";"258000";"85 84 89";"—";"Участвует в конкурсе";"1715068";"—"
"1308";"13";"—";"258000";"93 90 73";"2000";"Участвует в конкурсе";"1773041";"—"
"1309";"10";"—";"258000";"88 90 78";"2000";"Участвует в конкурсе";"1201370";"—"
"1310";"3";"Электронное";"258000";"78 95 83";"2000";"Участвует в конкурсе";"1705674";"—"
"1311";"14";"—";"258000";"93 90 72";"3000";"Участвует в конкурсе";"2345564";"—"
"1312";"9";"Электронное";"258000";"90 82 83";"3000";"Участвует в конкурсе";"1323719";"—"
"1313";"5";"—";"258000";"88 76 91";"3000";"Участвует в конкурсе";"2107326";"—"
"1314";"8";"—";"258000";"80 84 91";"3000";"Участвует в конкурсе";"1975800";"—"
"1315";"21";"Электронное";"258000";"88 92 73";"5000";"Участвует в конкурсе";"1831266";"—"
"1316";"13";"Электронное";"258000";"83 95 75";"5000";"Участвует в конкурсе";"1651059";"—"
"1317";"14";"—";"258000";"83 92 78";"5000";"Участвует в конкурсе";"1200226";"—"
"1318";"10";"Электронное";"258000";"83 84 86";"5000";"Участвует в конкурсе";"2068046";"—"
"1319";"8";"Электронное";"258000";"90 88 72";"8000";"Участвует в конкурсе";"1203711";"—"
"1320";"3";"—";"258000";"83 84 83";"8000";"Участвует в конкурсе";"1363725";"—"
"1321";"16";"Электронное";"258000";"95 78 75";"10000";"Участвует в конкурсе";"2307606";"—"
"1322";"3";"—";"258000";"95 72 81";"10000";"Участвует в конкурсе";"2257860";"—"
"1323";"1";"—";"258000";"93 80 75";"10000";"Участвует в конкурсе";"1211430";"—"
"1324";"23";"—";"258000";"90 80 78";"10000";"Участвует в конкурсе";"1727956";"—"
"1325";"16";"—";"258000";"90 80 78";"10000";"Участвует в конкурсе";"1347680";"—"
"1326";"16";"—";"258000";"88 88 72";"10000";"Участвует в конкурсе";"1477071";"—"
"1327";"4";"—";"258000";"88 88 72";"10000";"Участвует в конкурсе";"1779439";"—"
"1328";"11";"—";"258000";"88 82 78";"10000";"Участвует в конкурсе";"1355457";"—"
"1329";"6";"—";"258000";"85 100 63";"10000";"Участвует в конкурсе";"1503202";"—"
"1330";"16";"—";"258000";"85 88 75";"10000";"Участвует в конкурсе";"2255808";"—"
"1331";"7";"—";"258000";"85 82 81";"10000";"Участвует в конкурсе";"1895378";"—"
"1332";"2";"—";"258000";"85 82 81";"10000";"Участвует в конкурсе";"2304785";"—"
"1333";"29";"—";"258000";"85 82 81";"10000";"Участвует в конкурсе";"1493994";"—"
"1334";"11";"Электронное";"258000";"83 92 73";"10000";"Участвует в конкурсе";"2076416";"—"
"1335";"1";"—";"258000";"83 90 75";"10000";"Участвует в конкурсе";"1643871";"—"
"1336";"11";"—";"258000";"83 82 83";"10000";"Участвует в конкурсе";"1784667";"—"
"1337";"14";"Электронное";"258000";"83 82 83";"10000";"Участвует в конкурсе";"2051415";"—"
"1338";"23";"—";"258000";"83 76 89";"10000";"Участвует в конкурсе";"1914138";"—"
"1339";"4";"—";"258000";"83 76 89";"10000";"Участвует в конкурсе";"1189909";"—"
"1340";"9";"—";"258000";"80 82 86";"10000";"Участвует в конкурсе";"1832514";"—"
"1341";"4";"—";"258000";"80 74 94";"10000";"Участвует в конкурсе";"2127003";"—"
"1343";"10";"Электронное";"258000";"78 84 86";"10000";"Участвует в конкурсе";"1711998";"—"
"1344";"5";"—";"258000";"78 84 86";"10000";"Участвует в конкурсе";"1992931";"—"
"1345";"7";"—";"258000";"78 76 94";"10000";"Участвует в конкурсе";"1515801";"—"
"1346";"20";"—";"258000";"78 76 94";"10000";"Участвует в конкурсе";"2082842";"—"
"1348";"18";"Электронное";"258000";"72 76 100";"10000";"Участвует в конкурсе";"1761508";"—"
"1349";"25";"—";"258000";"70 92 86";"10000";"Участвует в конкурсе";"2272665";"—"
"1350";"4";"Электронное";"258000";"70 92 86";"10000";"Участвует в конкурсе";"1028122";"—"
"1351";"12";"—";"258000";"70 84 94";"10000";"Участвует в конкурсе";"1004086";"—"
"1352";"3";"—";"257000";"95 84 78";"—";"Участвует в конкурсе";"2054886";"—"
"1353";"7";"—";"257000";"90 95 72";"—";"Участвует в конкурсе";"2394244";"—"
"1354";"17";"—";"257000";"90 84 83";"—";"Участвует в конкурсе";"1594692";"—"
"1355";"16";"—";"257000";"88 88 81";"—";"Участвует в конкурсе";"2368812";"—"
"1356";"14";"—";"257000";"88 86 83";"—";"Участвует в конкурсе";"1252370";"—"
"1357";"7";"—";"257000";"85 94 78";"—";"Участвует в конкурсе";"2099907";"—"
"1358";"9";"—";"257000";"85 86 86";"—";"Участвует в конкурсе";"1939545";"—"
"1359";"7";"—";"257000";"80 86 91";"—";"Участвует в конкурсе";"1829778";"—"
"1360";"2";"—";"257000";"78 96 83";"—";"Участвует в конкурсе";"1762296";"—"
"1361";"6";"—";"257000";"85 76 94";"2000";"Участвует в конкурсе";"1605199";"—"
"1362";"9";"—";"257000";"100 82 72";"3000";"Участвует в конкурсе";"1288514";"—"
"1363";"14";"—";"257000";"98 92 64";"3000";"Участвует в конкурсе";"2230881";"—"
"1364";"6";"—";"257000";"98 84 72";"3000";"Участвует в конкурсе";"2394345";"—"
"1365";"15";"Электронное";"257000";"93 86 75";"3000";"Участвует в конкурсе";"2218269";"—"
"1366";"9";"—";"257000";"88 80 86";"3000";"Участвует в конкурсе";"2426015";"—"
"1367";"7";"Электронное";"257000";"85 86 83";"3000";"Участвует в конкурсе";"2264603";"—"
"1369";"26";"—";"257000";"85 86 81";"5000";"Участвует в конкурсе";"1574784";"—"
"1371";"23";"—";"257000";"95 88 64";"10000";"Участвует в конкурсе";"2049513";"—"
"1372";"21";"—";"257000";"93 76 78";"10000";"Участвует в конкурсе";"1908059";"—"
"1373";"24";"—";"257000";"90 94 63";"10000";"Участвует в конкурсе";"2182937";"—"
"1374";"8";"Электронное";"257000";"88 86 73";"10000";"Участвует в конкурсе";"1290790";"—"
"1376";"15";"—";"257000";"85 84 78";"10000";"Участвует в конкурсе";"1628261";"—"
"1377";"12";"—";"257000";"85 84 78";"10000";"Участвует в конкурсе";"2375022";"—"
"1378";"5";"—";"257000";"85 76 86";"10000";"Участвует в конкурсе";"2316985";"—"
"1379";"8";"—";"257000";"83 97 67";"10000";"Участвует в конкурсе";"1291340";"—"
"1380";"16";"—";"257000";"83 86 78";"10000";"Участвует в конкурсе";"1326816";"—"
"1381";"21";"—";"257000";"83 86 78";"10000";"Участвует в конкурсе";"2166059";"—"
"1382";"16";"—";"257000";"83 86 78";"10000";"Участвует в конкурсе";"1909044";"—"
"1383";"2";"Электронное";"257000";"83 78 86";"10000";"Участвует в конкурсе";"1052478";"—"
"1384";"2";"Электронное";"257000";"83 78 86";"10000";"Участвует в конкурсе";"1129083";"—"
"1387";"17";"—";"257000";"80 84 83";"10000";"Участвует в конкурсе";"2006949";"—"
"1388";"22";"—";"257000";"80 78 89";"10000";"Участвует в конкурсе";"1851052";"—"
"1389";"21";"—";"257000";"78 88 81";"10000";"Участвует в конкурсе";"985675";"—"
"1390";"13";"Электронное";"257000";"78 80 89";"10000";"Участвует в конкурсе";"1826994";"—"
"1391";"10";"—";"257000";"78 78 91";"10000";"Участвует в конкурсе";"2098771";"—"
"1393";"3";"—";"257000";"72 84 91";"10000";"Участвует в конкурсе";"2413488";"—"
"1394";"7";"—";"256000";"95 92 69";"—";"Участвует в конкурсе";"1818372";"—"
"1395";"6";"Электронное";"256000";"95 88 73";"—";"Участвует в конкурсе";"1683826";"—"
"1396";"8";"—";"256000";"95 88 73";"—";"Участвует в конкурсе";"1583020";"—"
"1397";"16";"—";"256000";"93 88 75";"—";"Участвует в конкурсе";"1380956";"—"
"1398";"1";"—";"256000";"90 88 78";"—";"Участвует в конкурсе";"1195834";"—"
"1399";"7";"—";"256000";"90 80 86";"—";"Участвует в конкурсе";"1629441";"—"
"1400";"1";"—";"256000";"88 82 86";"—";"Участвует в конкурсе";"1178295";"—"
"1401";"16";"—";"256000";"85 90 81";"—";"Участвует в конкурсе";"1715932";"—"
"1402";"14";"—";"256000";"85 90 81";"—";"Участвует в конкурсе";"2362239";"—"
"1403";"8";"—";"256000";"85 88 83";"—";"Участвует в конкурсе";"1854683";"—"
"1404";"10";"—";"256000";"85 82 89";"—";"Участвует в конкурсе";"1185056";"—"
"1406";"20";"—";"256000";"83 95 78";"—";"Участвует в конкурсе";"1180850";"—"
"1408";"8";"—";"256000";"80 82 94";"—";"Участвует в конкурсе";"2249960";"—"
"1409";"6";"—";"256000";"78 92 86";"—";"Участвует в конкурсе";"2310554";"—"
"1410";"21";"—";"256000";"88 80 86";"2000";"Участвует в конкурсе";"1195622";"—"
"1411";"10";"Электронное";"256000";"83 90 81";"2000";"Участвует в конкурсе";"1042481";"—"
"1412";"20";"—";"256000";"83 90 81";"2000";"Участвует в конкурсе";"2177425";"—"
"1413";"7";"—";"256000";"95 86 72";"3000";"Участвует в конкурсе";"971405";"—"
"1414";"5";"—";"256000";"85 82 86";"3000";"Участвует в конкурсе";"1649307";"—"
"1416";"2";"—";"256000";"93 80 78";"5000";"Участвует в конкурсе";"1581301";"—"
"1417";"18";"—";"256000";"88 88 75";"5000";"Участвует в конкурсе";"2006480";"—"
"1418";"17";"Электронное";"256000";"90 86 73";"7000";"Участвует в конкурсе";"1637394";"—"
"1419";"18";"—";"256000";"88 86 75";"7000";"Участвует в конкурсе";"1620348";"—"
"1420";"8";"—";"256000";"88 82 78";"8000";"Участвует в конкурсе";"2213190";"—"
"1421";"1";"Электронное";"256000";"78 84 86";"8000";"Участвует в конкурсе";"1577299";"—"
"1422";"4";"—";"256000";"78 97 72";"9000";"Участвует в конкурсе";"2312445";"—"
"1423";"22";"—";"256000";"95 78 73";"10000";"Участвует в конкурсе";"1680888";"—"
"1424";"3";"Электронное";"256000";"88 88 70";"10000";"Участвует в конкурсе";"1632313";"—"
"1425";"10";"—";"256000";"88 86 72";"10000";"Участвует в конкурсе";"1983777";"—"
"1426";"2";"—";"256000";"88 80 78";"10000";"Участвует в конкурсе";"1988432";"—"
"1427";"14";"—";"256000";"88 72 86";"10000";"Участвует в конкурсе";"1362935";"—"
"1430";"14";"—";"256000";"85 80 81";"10000";"Участвует в конкурсе";"2251526";"—"
"1431";"7";"—";"256000";"85 80 81";"10000";"Участвует в конкурсе";"2409891";"—"
"1432";"7";"—";"256000";"85 78 83";"10000";"Участвует в конкурсе";"1624954";"—"
"1433";"9";"Электронное";"256000";"85 78 83";"10000";"Участвует в конкурсе";"2118200";"—"
"1434";"15";"—";"256000";"83 90 73";"10000";"Участвует в конкурсе";"1689226";"—"
"1435";"9";"—";"256000";"83 90 73";"10000";"Участвует в конкурсе";"2311682";"—"
"1436";"4";"—";"256000";"83 88 75";"10000";"Участвует в конкурсе";"1427845";"—"
"1437";"4";"—";"256000";"83 82 81";"10000";"Участвует в конкурсе";"1642627";"—"
"1438";"6";"Электронное";"256000";"83 80 83";"10000";"Участвует в конкурсе";"1354265";"—"
"1439";"2";"Электронное";"256000";"83 80 83";"10000";"Участвует в конкурсе";"2114449";"—"
"1440";"20";"Электронное";"256000";"83 80 83";"10000";"Участвует в конкурсе";"2173102";"—"
"1441";"13";"—";"256000";"80 88 78";"10000";"Участвует в конкурсе";"1888393";"—"
"1442";"10";"—";"256000";"80 88 78";"10000";"Участвует в конкурсе";"1490591";"—"
"1443";"11";"—";"256000";"80 80 86";"10000";"Участвует в конкурсе";"1417434";"—"
"1444";"18";"—";"256000";"78 82 86";"10000";"Участвует в конкурсе";"961383";"—"
"1445";"6";"—";"256000";"78 82 86";"10000";"Участвует в конкурсе";"1326891";"—"
"1446";"4";"—";"256000";"78 82 86";"10000";"Участвует в конкурсе";"2042579";"—"
"1447";"20";"Электронное";"256000";"75 82 89";"10000";"Участвует в конкурсе";"1132644";"—"
"1448";"4";"—";"256000";"75 82 89";"10000";"Участвует в конкурсе";"2122841";"—"
"1449";"8";"—";"256000";"67 90 89";"10000";"Участвует в конкурсе";"1179008";"—"
"1450";"27";"—";"255000";"100 82 73";"—";"Участвует в конкурсе";"1484276";"—"
"1453";"21";"—";"255000";"88 86 81";"—";"Участвует в конкурсе";"1644012";"—"
"1455";"6";"—";"255000";"88 78 89";"—";"Участвует в конкурсе";"2217577";"—"
"1456";"5";"—";"255000";"85 97 73";"—";"Участвует в конкурсе";"1725990";"—"
"1458";"5";"Электронное";"255000";"85 84 86";"—";"Участвует в конкурсе";"1650114";"—"
"1459";"6";"Электронное";"255000";"85 84 86";"—";"Участвует в конкурсе";"1856831";"—"
"1461";"1";"—";"255000";"83 86 86";"—";"Участвует в конкурсе";"1280121";"—"
"1462";"7";"—";"255000";"80 94 81";"—";"Участвует в конкурсе";"1771866";"—"
"1463";"19";"—";"255000";"80 92 83";"—";"Участвует в конкурсе";"1715180";"—"
"1464";"15";"—";"255000";"80 84 91";"—";"Участвует в конкурсе";"1240015";"—"
"1465";"13";"—";"255000";"78 94 83";"—";"Участвует в конкурсе";"1678214";"—"
"1466";"12";"Электронное";"255000";"88 84 81";"2000";"Участвует в конкурсе";"1622159";"—"
"1467";"12";"—";"255000";"85 82 86";"2000";"Участвует в конкурсе";"1899547";"—"
"1468";"1";"Электронное";"255000";"93 86 73";"3000";"Участвует в конкурсе";"2136956";"—"
"1469";"15";"Электронное";"255000";"93 84 75";"3000";"Участвует в конкурсе";"986546";"—"
"1470";"6";"—";"255000";"93 78 81";"3000";"Участвует в конкурсе";"2137842";"—"
"1471";"9";"Электронное";"255000";"90 90 72";"3000";"Участвует в конкурсе";"1438754";"—"
"1472";"8";"—";"255000";"90 90 72";"3000";"Участвует в конкурсе";"1761552";"—"
"1473";"17";"—";"255000";"88 86 78";"3000";"Участвует в конкурсе";"1360803";"—"
"1474";"14";"—";"255000";"80 78 94";"3000";"Участвует в конкурсе";"2003964";"—"
"1475";"8";"—";"255000";"78 88 86";"3000";"Участвует в конкурсе";"1952300";"—"
"1476";"17";"Электронное";"255000";"83 86 81";"5000";"Участвует в конкурсе";"1980858";"—"
"1477";"22";"—";"255000";"78 86 86";"5000";"Участвует в конкурсе";"1571583";"—"
"1478";"11";"—";"255000";"85 80 83";"7000";"Участвует в конкурсе";"1725009";"—"
"1479";"12";"—";"255000";"75 92 81";"7000";"Участвует в конкурсе";"2344024";"—"
"1480";"2";"—";"255000";"90 82 73";"10000";"Участвует в конкурсе";"1549457";"—"
"1481";"8";"Электронное";"255000";"90 80 75";"10000";"Участвует в конкурсе";"2363943";"—"
"1482";"22";"—";"255000";"88 82 75";"10000";"Участвует в конкурсе";"2207967";"—"
"1483";"13";"Электронное";"255000";"85 88 72";"10000";"Участвует в конкурсе";"2097792";"—"
"1484";"1";"—";"255000";"85 82 78";"10000";"Участвует в конкурсе";"2189386";"—"
"1485";"17";"—";"255000";"85 82 78";"10000";"Участвует в конкурсе";"1711939";"—"
"1486";"7";"—";"255000";"83 84 78";"10000";"Участвует в конкурсе";"1652533";"—"
"1487";"10";"—";"255000";"83 84 78";"10000";"Участвует в конкурсе";"1889374";"—"
"1488";"14";"—";"255000";"80 92 73";"10000";"Участвует в конкурсе";"1181853";"—"
"1489";"4";"—";"255000";"80 90 75";"10000";"Участвует в конкурсе";"2340758";"—"
"1490";"1";"—";"255000";"80 84 81";"10000";"Участвует в конкурсе";"2200238";"—"
"1491";"11";"Электронное";"255000";"80 82 83";"10000";"Участвует в конкурсе";"1487422";"—"
"1492";"1";"—";"255000";"80 82 83";"10000";"Участвует в конкурсе";"1821386";"—"
"1493";"3";"—";"255000";"80 82 83";"10000";"Участвует в конкурсе";"1795647";"—"
"1494";"19";"—";"255000";"78 92 75";"10000";"Участвует в конкурсе";"1563790";"—"
"1495";"4";"—";"255000";"78 86 81";"10000";"Участвует в конкурсе";"1565459";"—"
"1496";"8";"Электронное";"255000";"78 78 89";"10000";"Участвует в конкурсе";"2129676";"—"
"1497";"6";"—";"255000";"72 84 89";"10000";"Участвует в конкурсе";"1510432";"—"
"1498";"5";"—";"255000";"70 94 81";"10000";"Участвует в конкурсе";"1637333";"—"
"1499";"12";"Электронное";"255000";"70 84 91";"10000";"Участвует в конкурсе";"1886108";"—"
"1500";"6";"Электронное";"255000";"62 100 83";"10000";"Участвует в конкурсе";"1245428";"—"
"1501";"10";"Электронное";"254000";"90 92 72";"—";"Участвует в конкурсе";"1621064";"—"
"1502";"3";"—";"254000";"88 88 78";"—";"Участвует в конкурсе";"1515679";"—"
"1503";"12";"—";"254000";"88 80 86";"—";"Участвует в конкурсе";"1074869";"—"
"1504";"16";"—";"254000";"85 88 81";"—";"Участвует в конкурсе";"2101557";"—"
"1505";"12";"—";"254000";"85 88 81";"—";"Участвует в конкурсе";"1581783";"—"
"1506";"9";"—";"254000";"85 86 83";"—";"Участвует в конкурсе";"1655793";"—"
"1507";"18";"Электронное";"254000";"85 86 83";"—";"Участвует в конкурсе";"2310628";"—"
"1509";"5";"—";"254000";"85 78 91";"—";"Участвует в конкурсе";"1361622";"—"
"1510";"12";"—";"254000";"83 96 75";"—";"Участвует в конкурсе";"2188441";"—"
"1511";"14";"—";"254000";"83 96 75";"—";"Участвует в конкурсе";"2172506";"—"
"1512";"10";"Электронное";"254000";"83 88 83";"—";"Участвует в конкурсе";"1573732";"—"
"1513";"11";"—";"254000";"83 80 91";"—";"Участвует в конкурсе";"1587035";"—"
"1514";"18";"—";"254000";"80 88 86";"—";"Участвует в конкурсе";"1431159";"—"
"1515";"27";"—";"254000";"93 90 69";"2000";"Участвует в конкурсе";"1679215";"—"
"1516";"8";"—";"254000";"83 94 75";"2000";"Участвует в конкурсе";"1788809";"—"
"1517";"6";"—";"254000";"90 86 75";"3000";"Участвует в конкурсе";"1653683";"—"
"1518";"12";"—";"254000";"88 82 81";"3000";"Участвует в конкурсе";"2343134";"—"
"1519";"9";"—";"254000";"88 80 83";"3000";"Участвует в конкурсе";"1286926";"—"
"1520";"17";"—";"254000";"80 90 81";"3000";"Участвует в конкурсе";"2081321";"—"
"1521";"21";"Электронное";"254000";"70 95 86";"3000";"Участвует в конкурсе";"2410107";"—"
"1522";"1";"—";"254000";"93 84 72";"5000";"Участвует в конкурсе";"1561422";"—"
"1523";"2";"—";"254000";"90 92 67";"5000";"Участвует в конкурсе";"1697239";"—"
"1524";"4";"Электронное";"254000";"78 88 81";"7000";"Участвует в конкурсе";"1313729";"—"
"1525";"18";"Электронное";"254000";"90 84 72";"8000";"Участвует в конкурсе";"2265069";"—"
"1526";"8";"—";"254000";"90 76 78";"10000";"Участвует в конкурсе";"2004014";"—"
"1527";"15";"—";"254000";"88 84 72";"10000";"Участвует в конкурсе";"1855539";"—"
"1528";"27";"—";"254000";"85 95 64";"10000";"Участвует в конкурсе";"2251420";"—"
"1529";"21";"Электронное";"254000";"85 90 69";"10000";"Участвует в конкурсе";"1182107";"—"
"1530";"3";"—";"254000";"85 86 73";"10000";"Участвует в конкурсе";"1624257";"—"
"1532";"19";"—";"254000";"85 78 81";"10000";"Участвует в конкурсе";"2119027";"—"
"1533";"26";"—";"254000";"85 78 81";"10000";"Участвует в конкурсе";"2341834";"—"
"1534";"13";"—";"254000";"83 86 75";"10000";"Участвует в конкурсе";"2314319";"—"
"1535";"10";"—";"254000";"83 86 75";"10000";"Участвует в конкурсе";"2387163";"—"
"1536";"14";"—";"254000";"83 78 83";"10000";"Участвует в конкурсе";"1978802";"—"
"1538";"13";"—";"254000";"83 78 83";"10000";"Участвует в конкурсе";"1521168";"—"
"1539";"12";"—";"254000";"83 70 91";"10000";"Участвует в конкурсе";"1975368";"—"
"1540";"22";"—";"254000";"80 86 78";"10000";"Участвует в конкурсе";"1776585";"—"
"1542";"9";"—";"254000";"80 78 86";"10000";"Участвует в конкурсе";"1567354";"—"
"1543";"9";"—";"254000";"78 88 78";"10000";"Участвует в конкурсе";"1996075";"—"
"1544";"1";"—";"254000";"78 80 86";"10000";"Участвует в конкурсе";"2227275";"—"
"1545";"13";"—";"254000";"75 86 83";"10000";"Участвует в конкурсе";"1590749";"—"
"1546";"19";"Электронное";"254000";"75 80 89";"10000";"Участвует в конкурсе";"1557768";"—"
"1547";"3";"—";"254000";"75 80 89";"10000";"Участвует в конкурсе";"1407903";"—"
"1548";"22";"—";"254000";"75 78 91";"10000";"Участвует в конкурсе";"1931800";"—"
"1549";"14";"—";"254000";"75 78 91";"10000";"Участвует в конкурсе";"1761022";"—"
"1550";"7";"—";"253000";"98 74 81";"—";"Участвует в конкурсе";"2220679";"—"
"1551";"18";"Электронное";"253000";"93 90 70";"—";"Участвует в конкурсе";"2255566";"—"
"1552";"18";"—";"253000";"90 82 81";"—";"Участвует в конкурсе";"2258085";"—"
"1553";"25";"—";"253000";"88 90 75";"—";"Участвует в конкурсе";"2241391";"—"
"1554";"11";"—";"253000";"88 84 81";"—";"Участвует в конкурсе";"1825402";"—"
"1555";"3";"—";"253000";"85 82 86";"—";"Участвует в конкурсе";"1765456";"—"
"1556";"14";"—";"253000";"83 92 78";"—";"Участвует в конкурсе";"1425201";"—"
"1558";"22";"—";"253000";"78 84 91";"—";"Участвует в конкурсе";"1911026";"—"
"1559";"1";"—";"253000";"85 80 86";"2000";"Участвует в конкурсе";"1254145";"—"
"1560";"15";"Электронное";"253000";"80 80 91";"2000";"Участвует в конкурсе";"1360751";"—"
"1561";"9";"—";"253000";"93 88 69";"3000";"Участвует в конкурсе";"2134673";"—"
"1562";"4";"—";"253000";"90 90 70";"3000";"Участвует в конкурсе";"1685404";"—"
"1563";"13";"—";"253000";"88 84 78";"3000";"Участвует в конкурсе";"1897734";"—"
"1564";"20";"Электронное";"253000";"85 90 75";"3000";"Участвует в конкурсе";"1781614";"—"
"1566";"12";"Электронное";"253000";"83 94 73";"3000";"Участвует в конкурсе";"1976248";"—"
"1567";"2";"—";"253000";"72 92 86";"3000";"Участвует в конкурсе";"2226397";"—"
"1568";"17";"—";"253000";"80 82 83";"8000";"Участвует в конкурсе";"1766426";"—"
"1569";"5";"—";"253000";"80 74 91";"8000";"Участвует в конкурсе";"2363368";"—"
"1570";"6";"—";"253000";"90 78 75";"10000";"Участвует в конкурсе";"2271175";"—"
"1572";"6";"—";"253000";"88 74 81";"10000";"Участвует в конкурсе";"1655472";"—"
"1573";"3";"—";"253000";"88 74 81";"10000";"Участвует в конкурсе";"1349368";"—"
"1574";"15";"—";"253000";"88 72 83";"10000";"Участвует в конкурсе";"2003035";"—"
"1575";"5";"—";"253000";"85 80 78";"10000";"Участвует в конкурсе";"1392460";"—"
"1576";"5";"—";"253000";"85 72 86";"10000";"Участвует в конкурсе";"1288470";"—"
"1577";"3";"—";"253000";"83 82 78";"10000";"Участвует в конкурсе";"2252093";"—"
"1578";"2";"—";"253000";"83 82 78";"10000";"Участвует в конкурсе";"1764419";"—"
"1579";"6";"—";"253000";"80 82 81";"10000";"Участвует в конкурсе";"1372349";"—"
"1581";"5";"—";"253000";"80 74 89";"10000";"Участвует в конкурсе";"2253772";"—"
"1582";"11";"—";"253000";"80 74 89";"10000";"Участвует в конкурсе";"1546131";"—"
"1583";"18";"—";"253000";"80 74 89";"10000";"Участвует в конкурсе";"2093454";"—"
"1584";"3";"—";"253000";"80 72 91";"10000";"Участвует в конкурсе";"1339422";"—"
"1585";"5";"Электронное";"253000";"78 90 75";"10000";"Участвует в конкурсе";"2136190";"—"
"1587";"11";"—";"253000";"78 82 83";"10000";"Участвует в конкурсе";"1361561";"—"
"1588";"5";"—";"253000";"72 96 75";"10000";"Участвует в конкурсе";"950232";"—"
"1589";"15";"—";"253000";"72 88 83";"10000";"Участвует в конкурсе";"2254498";"—"
"1590";"10";"Электронное";"253000";"72 82 89";"10000";"Участвует в конкурсе";"1439426";"—"
"1591";"16";"—";"253000";"72 82 89";"10000";"Участвует в конкурсе";"1958447";"—"
"1593";"10";"—";"253000";"70 82 91";"10000";"Участвует в конкурсе";"2366537";"—"
"1594";"9";"—";"252000";"93 78 81";"—";"Участвует в конкурсе";"1556929";"—"
"1595";"6";"—";"252000";"90 90 72";"—";"Участвует в конкурсе";"1858091";"—"
"1596";"13";"—";"252000";"88 86 78";"—";"Участвует в конкурсе";"1252983";"—"
"1597";"4";"—";"252000";"88 86 78";"—";"Участвует в конкурсе";"1992767";"—"
"1598";"12";"—";"252000";"85 92 75";"—";"Участвует в конкурсе";"1578257";"—"
"1599";"27";"Электронное";"252000";"85 86 81";"—";"Участвует в конкурсе";"1199391";"—"
"1600";"3";"—";"252000";"85 84 83";"—";"Участвует в конкурсе";"1177943";"—"
"1601";"8";"—";"252000";"85 84 83";"—";"Участвует в конкурсе";"1836480";"—"
"1602";"3";"—";"252000";"83 88 81";"—";"Участвует в конкурсе";"1472719";"—"
"1604";"9";"—";"252000";"83 86 83";"—";"Участвует в конкурсе";"1623988";"—"
"1605";"4";"—";"252000";"83 80 89";"—";"Участвует в конкурсе";"1415296";"—"
"1607";"26";"—";"252000";"78 88 86";"—";"Участвует в конкурсе";"2342632";"—"
"1608";"3";"—";"252000";"88 90 72";"2000";"Участвует в конкурсе";"1432284";"—"
"1609";"21";"—";"252000";"85 74 91";"2000";"Участвует в конкурсе";"1853060";"—"
"1610";"15";"—";"252000";"80 84 86";"2000";"Участвует в конкурсе";"1424822";"—"
"1611";"23";"—";"252000";"75 94 81";"2000";"Участвует в конкурсе";"1839999";"—"
"1612";"23";"—";"252000";"95 84 70";"3000";"Участвует в конкурсе";"1609616";"—"
"1613";"3";"—";"252000";"93 84 72";"3000";"Участвует в конкурсе";"1937448";"—"
"1614";"8";"Электронное";"252000";"90 84 75";"3000";"Участвует в конкурсе";"1649335";"—"
"1615";"2";"Электронное";"252000";"88 72 89";"3000";"Участвует в конкурсе";"2167110";"—"
"1616";"14";"—";"252000";"85 95 69";"3000";"Участвует в конкурсе";"1911290";"—"
"1618";"1";"—";"252000";"80 80 89";"3000";"Участвует в конкурсе";"2142627";"—"
"1619";"6";"—";"252000";"70 90 89";"3000";"Участвует в конкурсе";"1583589";"—"
"1620";"12";"—";"252000";"83 95 69";"5000";"Участвует в конкурсе";"1522349";"—"
"1621";"10";"—";"252000";"83 94 70";"5000";"Участвует в конкурсе";"1001099";"—"
"1622";"22";"—";"252000";"83 78 86";"5000";"Участвует в конкурсе";"1366443";"—"
"1623";"16";"—";"252000";"95 70 81";"6000";"Участвует в конкурсе";"2044262";"—"
"1624";"15";"Электронное";"252000";"93 86 67";"6000";"Участвует в конкурсе";"1551935";"—"
"1625";"17";"—";"252000";"85 78 83";"6000";"Участвует в конкурсе";"2308842";"—"
"1626";"3";"Электронное";"252000";"83 82 81";"6000";"Участвует в конкурсе";"2006925";"—"
"1627";"10";"—";"252000";"80 84 81";"7000";"Участвует в конкурсе";"1854849";"—"
"1628";"22";"Электронное";"252000";"95 80 69";"8000";"Участвует в конкурсе";"2304908";"—"
"1629";"2";"—";"252000";"88 78 78";"8000";"Участвует в конкурсе";"1635065";"—"
"1630";"10";"—";"252000";"78 80 86";"8000";"Участвует в конкурсе";"1180658";"—"
"1631";"7";"Электронное";"252000";"90 80 72";"10000";"Участвует в конкурсе";"1981531";"—"
"1632";"4";"—";"252000";"88 82 72";"10000";"Участвует в конкурсе";"1504445";"—"
"1633";"20";"—";"252000";"85 88 69";"10000";"Участвует в конкурсе";"1857371";"—"
"1634";"17";"—";"252000";"85 84 73";"10000";"Участвует в конкурсе";"1618159";"—"
"1635";"1";"—";"252000";"85 74 83";"10000";"Участвует в конкурсе";"1366763";"—"
"1636";"12";"—";"252000";"83 86 73";"10000";"Участвует в конкурсе";"1652608";"—"
"1637";"1";"—";"252000";"83 84 75";"10000";"Участвует в конкурсе";"2001802";"—"
"1638";"4";"—";"252000";"83 78 81";"10000";"Участвует в конкурсе";"2180851";"—"
"1639";"10";"—";"252000";"83 76 83";"10000";"Участвует в конкурсе";"1839639";"—"
"1640";"8";"—";"252000";"80 84 78";"10000";"Участвует в конкурсе";"1895594";"—"
"1641";"12";"—";"252000";"80 84 78";"10000";"Участвует в конкурсе";"2094410";"—"
"1642";"9";"—";"252000";"80 84 78";"10000";"Участвует в конкурсе";"2146685";"—"
"1643";"4";"Электронное";"252000";"80 76 86";"10000";"Участвует в конкурсе";"2004671";"—"
"1644";"18";"—";"252000";"80 76 86";"10000";"Участвует в конкурсе";"2404870";"—"
"1645";"8";"—";"252000";"78 86 78";"10000";"Участвует в конкурсе";"1575698";"—"
"1646";"19";"—";"252000";"75 95 72";"10000";"Участвует в конкурсе";"2264840";"—"
"1647";"9";"—";"252000";"75 84 83";"10000";"Участвует в конкурсе";"1182475";"—"
"1648";"7";"—";"252000";"75 78 89";"10000";"Участвует в конкурсе";"1506242";"—"
"1649";"11";"—";"252000";"75 78 89";"10000";"Участвует в конкурсе";"1785618";"—"
"1650";"11";"—";"252000";"67 86 89";"10000";"Участвует в конкурсе";"2215471";"—"
"1651";"10";"—";"251000";"90 80 81";"—";"Участвует в конкурсе";"1333181";"—"
"1653";"4";"Электронное";"251000";"88 80 83";"—";"Участвует в конкурсе";"1356738";"—"
"1654";"10";"—";"251000";"88 80 83";"—";"Участвует в конкурсе";"1511144";"—"
"1655";"6";"—";"251000";"88 80 83";"—";"Участвует в конкурсе";"1984418";"—"
"1656";"30";"—";"251000";"88 74 89";"—";"Участвует в конкурсе";"2253302";"—"
"1657";"7";"—";"251000";"85 88 78";"—";"Участвует в конкурсе";"1579133";"—"
"1658";"10";"—";"251000";"83 82 86";"—";"Участвует в конкурсе";"1188042";"—"
"1659";"12";"—";"251000";"83 82 86";"—";"Участвует в конкурсе";"2218107";"—"
"1660";"18";"Электронное";"251000";"83 82 86";"—";"Участвует в конкурсе";"1163377";"—"
"1661";"23";"—";"251000";"78 86 87";"—";"Участвует в конкурсе";"2417297";"—"
"1662";"9";"Электронное";"251000";"78 84 89";"—";"Участвует в конкурсе";"1433947";"—"
"1663";"15";"—";"251000";"78 82 91";"—";"Участвует в конкурсе";"1192832";"—"
"1664";"11";"—";"251000";"75 82 94";"—";"Участвует в конкурсе";"1104036";"—"
"1665";"1";"—";"251000";"88 78 83";"2000";"Участвует в конкурсе";"1286040";"—"
"1666";"19";"—";"251000";"78 88 83";"2000";"Участвует в конкурсе";"1516114";"—"
"1667";"4";"—";"251000";"75 88 86";"2000";"Участвует в конкурсе";"2364612";"—"
"1668";"23";"—";"251000";"90 80 78";"3000";"Участвует в конкурсе";"1511008";"—"
"1669";"12";"—";"251000";"88 82 78";"3000";"Участвует в конкурсе";"2273712";"—"
"1670";"3";"Электронное";"251000";"85 90 73";"3000";"Участвует в конкурсе";"2339565";"—"
"1671";"12";"—";"251000";"83 90 75";"3000";"Участвует в конкурсе";"2265340";"—"
"1672";"21";"Электронное";"251000";"83 84 81";"3000";"Участвует в конкурсе";"1447180";"—"
"1673";"4";"—";"251000";"80 90 78";"3000";"Участвует в конкурсе";"2298674";"—"
"1674";"25";"Электронное";"251000";"93 86 66";"6000";"Участвует в конкурсе";"1365943";"—"
"1675";"8";"—";"251000";"88 80 75";"8000";"Участвует в конкурсе";"2244359";"—"
"1676";"15";"—";"251000";"85 80 78";"8000";"Участвует в конкурсе";"2365895";"—"
"1677";"11";"Электронное";"251000";"100 78 63";"10000";"Участвует в конкурсе";"1628544";"—"
"1678";"14";"—";"251000";"90 82 69";"10000";"Участвует в конкурсе";"2220361";"—"
"1679";"23";"—";"251000";"90 78 73";"10000";"Участвует в конкурсе";"1439130";"—"
"1680";"25";"—";"251000";"88 78 75";"10000";"Участвует в конкурсе";"1187147";"—"
"1681";"19";"—";"251000";"85 78 78";"10000";"Участвует в конкурсе";"1438638";"—"
"1682";"6";"—";"251000";"83 80 78";"10000";"Участвует в конкурсе";"2244639";"—"
"1684";"3";"—";"251000";"83 72 86";"10000";"Участвует в конкурсе";"1817443";"—"
"1685";"10";"Электронное";"251000";"80 88 73";"10000";"Участвует в конкурсе";"2184783";"—"
"1686";"7";"—";"251000";"80 86 75";"10000";"Участвует в конкурсе";"2141152";"—"
"1687";"19";"—";"251000";"80 86 75";"10000";"Участвует в конкурсе";"1474245";"—"
"1688";"15";"—";"251000";"80 78 83";"10000";"Участвует в конкурсе";"1200594";"—"
"1689";"3";"—";"251000";"78 88 75";"10000";"Участвует в конкурсе";"1787501";"—"
"1690";"17";"—";"251000";"78 82 81";"10000";"Участвует в конкурсе";"1811289";"—"
"1691";"10";"—";"251000";"78 80 83";"10000";"Участвует в конкурсе";"2021393";"—"
"1692";"5";"Электронное";"251000";"78 80 83";"10000";"Участвует в конкурсе";"1157979";"—"
"1693";"6";"Электронное";"251000";"75 80 86";"10000";"Участвует в конкурсе";"1408916";"—"
"1694";"10";"—";"251000";"72 86 83";"10000";"Участвует в конкурсе";"1596096";"—"
"1696";"9";"—";"251000";"70 88 83";"10000";"Участвует в конкурсе";"1556543";"—"
"1697";"24";"—";"250000";"93 84 73";"—";"Участвует в конкурсе";"2344974";"—"
"1698";"17";"—";"250000";"90 94 66";"—";"Участвует в конкурсе";"1261847";"—"
"1699";"1";"—";"250000";"85 95 70";"—";"Участвует в конкурсе";"2393724";"—"
"1700";"17";"—";"250000";"85 90 75";"—";"Участвует в конкурсе";"1181882";"—"
"1701";"7";"Электронное";"250000";"85 84 81";"—";"Участвует в конкурсе";"1489613";"—"
"1702";"17";"—";"250000";"85 82 83";"—";"Участвует в конкурсе";"2239537";"—"
"1703";"9";"—";"250000";"83 97 70";"—";"Участвует в конкурсе";"1915064";"—"
"1704";"4";"—";"250000";"83 92 75";"—";"Участвует в конкурсе";"1061711";"—"
"1705";"9";"—";"250000";"83 84 83";"—";"Участвует в конкурсе";"1138820";"—"
"1706";"17";"—";"250000";"83 76 91";"—";"Участвует в конкурсе";"2124279";"—"
"1708";"22";"—";"250000";"80 92 78";"—";"Участвует в конкурсе";"2017597";"—"
"1709";"5";"—";"250000";"80 84 86";"—";"Участвует в конкурсе";"1882249";"—"
"1710";"1";"—";"250000";"80 84 86";"—";"Участвует в конкурсе";"1798520";"—"
"1711";"2";"—";"250000";"75 86 89";"—";"Участвует в конкурсе";"2329750";"—"
"1713";"11";"—";"250000";"93 80 75";"2000";"Участвует в конкурсе";"2412583";"—"
"1714";"5";"—";"250000";"70 92 86";"2000";"Участвует в конкурсе";"2241058";"—"
"1715";"4";"—";"250000";"88 86 73";"3000";"Участвует в конкурсе";"2246726";"—"
"1716";"6";"Электронное";"250000";"88 78 81";"3000";"Участвует в конкурсе";"1522978";"—"
"1717";"26";"—";"250000";"88 76 83";"3000";"Участвует в конкурсе";"1542737";"—"
"1719";"14";"—";"250000";"80 84 83";"3000";"Участвует в конкурсе";"1996599";"—"
"1721";"15";"—";"250000";"78 78 91";"3000";"Участвует в конкурсе";"1961801";"—"
"1722";"3";"—";"250000";"78 78 91";"3000";"Участвует в конкурсе";"2399920";"—"
"1723";"6";"—";"250000";"70 80 97";"3000";"Участвует в конкурсе";"1606139";"—"
"1724";"10";"—";"250000";"67 94 86";"3000";"Участвует в конкурсе";"1170737";"—"
"1725";"1";"—";"250000";"93 82 70";"5000";"Участвует в конкурсе";"2308131";"—"
"1726";"20";"Электронное";"250000";"90 80 72";"8000";"Участвует в конкурсе";"2344860";"—"
"1727";"3";"—";"250000";"100 68 72";"10000";"Участвует в конкурсе";"2077686";"—"
"1728";"16";"—";"250000";"88 82 70";"10000";"Участвует в конкурсе";"1361438";"—"
"1729";"7";"Электронное";"250000";"88 82 70";"10000";"Участвует в конкурсе";"1911611";"—"
"1731";"19";"Электронное";"250000";"85 80 75";"10000";"Участвует в конкурсе";"1493633";"—"
"1734";"24";"—";"250000";"85 80 75";"10000";"Участвует в конкурсе";"1423613";"—"
"1735";"15";"Электронное";"250000";"85 72 83";"10000";"Участвует в конкурсе";"1702399";"—"
"1736";"17";"—";"250000";"83 84 73";"10000";"Участвует в конкурсе";"1995361";"—"
"1737";"28";"Электронное";"250000";"83 82 75";"10000";"Участвует в конкурсе";"1971554";"—"
"1738";"4";"—";"250000";"83 76 81";"10000";"Участвует в конкурсе";"2164745";"—"
"1739";"11";"—";"250000";"80 96 64";"10000";"Участвует в конкурсе";"2292999";"—"
"1740";"7";"—";"250000";"80 94 66";"10000";"Участвует в конкурсе";"1638500";"—"
"1741";"11";"—";"250000";"80 90 70";"10000";"Участвует в конкурсе";"1208019";"—"
"1743";"19";"—";"250000";"80 74 86";"10000";"Участвует в конкурсе";"2266847";"—"
"1744";"14";"—";"250000";"75 84 81";"10000";"Участвует в конкурсе";"2219604";"—"
"1746";"2";"—";"249000";"88 92 69";"—";"Участвует в конкурсе";"1264603";"—"
"1749";"6";"—";"249000";"85 78 86";"—";"Участвует в конкурсе";"1792752";"—"
"1750";"5";"Электронное";"249000";"85 78 86";"—";"Участвует в конкурсе";"1732007";"—"
"1752";"17";"—";"249000";"83 88 78";"—";"Участвует в конкурсе";"2336346";"—"
"1753";"5";"—";"249000";"83 80 86";"—";"Участвует в конкурсе";"1522326";"—"
"1754";"30";"—";"249000";"83 80 86";"—";"Участвует в конкурсе";"1982816";"—"
"1755";"3";"—";"249000";"80 88 81";"—";"Участвует в конкурсе";"2371556";"—"
"1756";"12";"Электронное";"249000";"80 86 83";"—";"Участвует в конкурсе";"1998165";"—"
"1757";"6";"—";"249000";"80 86 83";"—";"Участвует в конкурсе";"1948438";"—"
"1758";"22";"—";"249000";"80 80 89";"—";"Участвует в конкурсе";"1721141";"—"
"1759";"3";"—";"249000";"80 78 91";"—";"Участвует в конкурсе";"1287447";"—"
"1760";"1";"—";"249000";"88 84 75";"2000";"Участвует в конкурсе";"1648974";"—"
"1761";"11";"Электронное";"249000";"85 84 78";"2000";"Участвует в конкурсе";"1783801";"—"
"1762";"7";"—";"249000";"93 80 73";"3000";"Участвует в конкурсе";"2333034";"—"
"1763";"14";"—";"249000";"90 90 66";"3000";"Участвует в конкурсе";"2054046";"—"
"1764";"8";"—";"249000";"88 80 78";"3000";"Участвует в конкурсе";"2055730";"—"
"1765";"19";"—";"249000";"83 90 73";"3000";"Участвует в конкурсе";"2087656";"—"
"1766";"17";"Электронное";"249000";"83 82 81";"3000";"Участвует в конкурсе";"993500";"—"
"1767";"8";"—";"249000";"83 80 83";"3000";"Участвует в конкурсе";"1809720";"—"
"1768";"5";"—";"249000";"75 80 91";"3000";"Участвует в конкурсе";"1760086";"—"
"1769";"5";"—";"249000";"85 84 75";"5000";"Участвует в конкурсе";"1872712";"—"
"1770";"3";"—";"249000";"88 86 69";"6000";"Участвует в конкурсе";"1348339";"—"
"1771";"7";"—";"249000";"78 88 75";"8000";"Участвует в конкурсе";"1519852";"—"
"1772";"10";"—";"249000";"95 86 58";"10000";"Участвует в конкурсе";"985267";"—"
"1773";"23";"—";"249000";"90 76 73";"10000";"Участвует в конкурсе";"1517581";"—"
"1774";"15";"—";"249000";"83 86 70";"10000";"Участвует в конкурсе";"1792209";"—"
"1775";"19";"—";"249000";"83 84 72";"10000";"Участвует в конкурсе";"1717973";"—"
"1776";"6";"—";"249000";"83 78 78";"10000";"Участвует в конкурсе";"1720394";"—"
"1777";"11";"—";"249000";"80 78 81";"10000";"Участвует в конкурсе";"1570322";"—"
"1778";"12";"Электронное";"249000";"78 92 69";"10000";"Участвует в конкурсе";"1858405";"—"
"1779";"2";"—";"249000";"78 86 75";"10000";"Участвует в конкурсе";"1716582";"—"
"1780";"29";"—";"249000";"78 80 81";"10000";"Участвует в конкурсе";"1628229";"—"
"1781";"21";"—";"249000";"78 80 81";"10000";"Участвует в конкурсе";"2244566";"—"
"1782";"13";"—";"249000";"75 78 86";"10000";"Участвует в конкурсе";"2138780";"—"
"1783";"18";"—";"249000";"75 78 86";"10000";"Участвует в конкурсе";"2089529";"—"
"1784";"12";"—";"249000";"72 86 81";"10000";"Участвует в конкурсе";"2366547";"—"
"1785";"12";"—";"249000";"72 76 91";"10000";"Участвует в конкурсе";"2263270";"—"
"1786";"5";"—";"249000";"64 86 89";"10000";"Участвует в конкурсе";"2253040";"—"
"1787";"13";"—";"249000";"64 86 89";"10000";"Участвует в конкурсе";"2217995";"—"
"1788";"6";"Электронное";"248000";"100 88 60";"—";"Участвует в конкурсе";"1281387";"—"
"1789";"14";"—";"248000";"93 82 73";"—";"Участвует в конкурсе";"1583956";"—"
"1790";"3";"—";"248000";"93 80 75";"—";"Участвует в конкурсе";"1488308";"—"
"1791";"9";"—";"248000";"90 76 82";"—";"Участвует в конкурсе";"2417177";"—"
"1792";"2";"—";"248000";"88 74 86";"—";"Участвует в конкурсе";"1637950";"—"
"1793";"1";"—";"248000";"85 90 73";"—";"Участвует в конкурсе";"2345621";"—"
"1794";"4";"—";"248000";"85 88 75";"—";"Участвует в конкурсе";"1604437";"—"
"1795";"23";"—";"248000";"85 82 81";"—";"Участвует в конкурсе";"1176423";"—"
"1796";"9";"Электронное";"248000";"83 90 75";"—";"Участвует в конкурсе";"1640389";"—"
"1798";"8";"—";"248000";"83 84 81";"—";"Участвует в конкурсе";"1858824";"—"
"1800";"15";"—";"248000";"83 82 83";"—";"Участвует в конкурсе";"1854981";"—"
"1801";"11";"—";"248000";"83 82 83";"—";"Участвует в конкурсе";"2247436";"—"
"1802";"2";"Электронное";"248000";"83 74 91";"—";"Участвует в конкурсе";"1875195";"—"
"1803";"16";"Электронное";"248000";"80 96 72";"—";"Участвует в конкурсе";"1359499";"—"
"1804";"22";"—";"248000";"78 84 86";"—";"Участвует в конкурсе";"1578125";"—"
"1805";"14";"Электронное";"248000";"78 84 86";"—";"Участвует в конкурсе";"2180512";"—"
"1806";"18";"—";"248000";"85 80 81";"2000";"Участвует в конкурсе";"1678840";"—"
"1807";"21";"Электронное";"248000";"90 82 73";"3000";"Участвует в конкурсе";"1391227";"—"
"1808";"18";"—";"248000";"85 90 70";"3000";"Участвует в конкурсе";"2141419";"—"
"1809";"12";"—";"248000";"85 82 78";"3000";"Участвует в конкурсе";"970676";"—"
"1812";"22";"—";"248000";"78 78 89";"3000";"Участвует в конкурсе";"2266822";"—"
"1813";"4";"—";"248000";"70 86 89";"3000";"Участвует в конкурсе";"2307724";"—"
"1814";"6";"—";"248000";"83 88 73";"4000";"Участвует в конкурсе";"1709357";"—"
"1816";"9";"Электронное";"248000";"85 86 70";"7000";"Участвует в конкурсе";"1798102";"—"
"1817";"6";"—";"248000";"85 82 73";"8000";"Участвует в конкурсе";"1246030";"—"
"1818";"10";"—";"248000";"88 84 66";"10000";"Участвует в конкурсе";"1185442";"—"
"1819";"29";"—";"248000";"85 84 69";"10000";"Участвует в конкурсе";"2344280";"—"
"1820";"3";"—";"248000";"85 78 75";"10000";"Участвует в конкурсе";"1933059";"—"
"1821";"13";"—";"248000";"83 86 69";"10000";"Участвует в конкурсе";"1201589";"—"
"1822";"17";"Электронное";"248000";"83 82 73";"10000";"Участвует в конкурсе";"1205722";"—"
"1823";"5";"—";"248000";"83 82 73";"10000";"Участвует в конкурсе";"2228042";"—"
"1824";"7";"—";"248000";"83 80 75";"10000";"Участвует в конкурсе";"2324489";"—"
"1825";"6";"—";"248000";"80 80 78";"10000";"Участвует в конкурсе";"1839169";"—"
"1826";"4";"Электронное";"248000";"80 80 78";"10000";"Участвует в конкурсе";"1544758";"—"
"1827";"8";"Электронное";"248000";"78 90 70";"10000";"Участвует в конкурсе";"1794189";"—"
"1828";"18";"—";"248000";"78 88 72";"10000";"Участвует в конкурсе";"1265582";"—"
"1829";"12";"—";"248000";"78 82 78";"10000";"Участвует в конкурсе";"1997690";"—"
"1830";"6";"—";"248000";"78 74 86";"10000";"Участвует в конкурсе";"2073951";"—"
"1831";"25";"Электронное";"248000";"75 82 81";"10000";"Участвует в конкурсе";"2288995";"—"
"1832";"10";"Электронное";"248000";"75 82 81";"10000";"Участвует в конкурсе";"2242471";"—"
"1833";"22";"—";"248000";"75 82 81";"10000";"Участвует в конкурсе";"2267345";"—"
"1834";"14";"—";"248000";"75 82 81";"10000";"Участвует в конкурсе";"2004552";"—"
"1835";"2";"—";"248000";"75 80 83";"10000";"Участвует в конкурсе";"1505962";"—"
"1836";"12";"Электронное";"248000";"75 72 91";"10000";"Участвует в конкурсе";"1260821";"—"
"1837";"18";"Электронное";"248000";"72 94 72";"10000";"Участвует в конкурсе";"1445600";"—"
"1838";"21";"—";"247000";"93 82 72";"—";"Участвует в конкурсе";"2243305";"—"
"1840";"7";"—";"247000";"88 84 75";"—";"Участвует в конкурсе";"1633981";"—"
"1841";"7";"Электронное";"247000";"85 92 70";"—";"Участвует в конкурсе";"2001262";"—"
"1842";"10";"—";"247000";"85 90 72";"—";"Участвует в конкурсе";"1860849";"—"
"1843";"5";"—";"247000";"83 95 69";"—";"Участвует в конкурсе";"1639079";"—"
"1845";"3";"—";"247000";"83 86 78";"—";"Участвует в конкурсе";"2013337";"—"
"1846";"24";"—";"247000";"83 86 78";"—";"Участвует в конкурсе";"984644";"—"
"1847";"19";"—";"247000";"83 78 86";"—";"Участвует в конкурсе";"1354230";"—"
"1848";"12";"—";"247000";"80 95 72";"—";"Участвует в конкурсе";"2425944";"—"
"1849";"10";"Электронное";"247000";"80 86 81";"—";"Участвует в конкурсе";"1996677";"—"
"1850";"7";"Электронное";"247000";"80 86 81";"—";"Участвует в конкурсе";"2163021";"—"
"1852";"8";"—";"247000";"80 84 83";"—";"Участвует в конкурсе";"1910690";"—"
"1853";"21";"—";"247000";"80 76 91";"—";"Участвует в конкурсе";"1948356";"—"
"1854";"5";"—";"247000";"78 86 83";"—";"Участвует в конкурсе";"2294219";"—"
"1855";"6";"Электронное";"247000";"78 78 91";"—";"Участвует в конкурсе";"1397215";"—"
"1856";"2";"—";"247000";"90 82 72";"3000";"Участвует в конкурсе";"1209976";"—"
"1857";"22";"—";"247000";"85 84 75";"3000";"Участвует в конкурсе";"2219042";"—"
"1858";"5";"—";"247000";"83 94 67";"3000";"Участвует в конкурсе";"1770872";"—"
"1859";"23";"—";"247000";"83 88 73";"3000";"Участвует в конкурсе";"2159073";"—"
"1860";"17";"—";"247000";"83 86 75";"3000";"Участвует в конкурсе";"2251782";"—"
"1861";"20";"—";"247000";"80 86 78";"3000";"Участвует в конкурсе";"1291839";"—"
"1863";"12";"—";"247000";"78 88 78";"3000";"Участвует в конкурсе";"1275943";"—"
"1864";"23";"—";"247000";"75 88 81";"3000";"Участвует в конкурсе";"2246860";"—"
"1865";"19";"Электронное";"247000";"72 78 94";"3000";"Участвует в конкурсе";"1636327";"—"
"1866";"14";"—";"247000";"90 80 73";"4000";"Участвует в конкурсе";"1366563";"—"
"1867";"6";"Электронное";"247000";"75 84 83";"5000";"Участвует в конкурсе";"2114839";"—"
"1868";"9";"—";"247000";"80 86 75";"6000";"Участвует в конкурсе";"1648328";"—"
"1869";"12";"—";"247000";"93 72 72";"10000";"Участвует в конкурсе";"1619764";"—"
"1870";"8";"—";"247000";"88 76 73";"10000";"Участвует в конкурсе";"1799665";"—"
"1871";"23";"—";"247000";"88 74 75";"10000";"Участвует в конкурсе";"2228944";"—"
"1872";"4";"—";"247000";"85 80 72";"10000";"Участвует в конкурсе";"1597552";"—"
"1874";"22";"—";"247000";"83 88 66";"10000";"Участвует в конкурсе";"1384509";"—"
"1875";"6";"—";"247000";"83 84 70";"10000";"Участвует в конкурсе";"2119723";"—"
"1876";"19";"—";"247000";"83 82 72";"10000";"Участвует в конкурсе";"1193404";"—"
"1877";"11";"—";"247000";"83 76 78";"10000";"Участвует в конкурсе";"1584622";"—"
"1878";"5";"—";"247000";"80 90 67";"10000";"Участвует в конкурсе";"1984010";"—"
"1879";"3";"Электронное";"247000";"80 82 75";"10000";"Участвует в конкурсе";"1899790";"—"
"1880";"23";"—";"247000";"80 82 75";"10000";"Участвует в конкурсе";"1548714";"—"
"1881";"28";"—";"247000";"80 76 81";"10000";"Участвует в конкурсе";"2163674";"—"
"1882";"20";"—";"247000";"80 76 81";"10000";"Участвует в конкурсе";"2367846";"—"
"1884";"23";"—";"247000";"78 76 83";"10000";"Участвует в конкурсе";"2203699";"—"
"1885";"12";"—";"247000";"72 90 75";"10000";"Участвует в конкурсе";"2139704";"—"
"1887";"15";"—";"247000";"62 94 81";"10000";"Участвует в конкурсе";"1199396";"—"
"1888";"9";"—";"246000";"100 88 58";"—";"Участвует в конкурсе";"1077846";"—"
"1889";"3";"—";"246000";"93 80 73";"—";"Участвует в конкурсе";"2361763";"—"
"1890";"4";"—";"246000";"90 84 72";"—";"Участвует в конкурсе";"1571939";"—"
"1892";"15";"—";"246000";"88 88 70";"—";"Участвует в конкурсе";"1835919";"—"
"1893";"12";"—";"246000";"86 88 72";"—";"Участвует в конкурсе";"1655141";"—"
"1894";"13";"—";"246000";"85 92 69";"—";"Участвует в конкурсе";"1194694";"—"
"1896";"2";"—";"246000";"85 86 75";"—";"Участвует в конкурсе";"1617257";"—"
"1898";"11";"—";"246000";"83 90 73";"—";"Участвует в конкурсе";"1843695";"—"
"1899";"3";"—";"246000";"83 82 81";"—";"Участвует в конкурсе";"1701925";"—"
"1900";"11";"—";"246000";"83 80 83";"—";"Участвует в конкурсе";"2240775";"—"
"1901";"8";"—";"246000";"83 78 85";"—";"Участвует в конкурсе";"2260405";"—"
"1903";"15";"—";"246000";"80 80 86";"—";"Участвует в конкурсе";"2226823";"—"
"1904";"21";"—";"246000";"78 96 72";"—";"Участвует в конкурсе";"2031342";"—"
"1905";"23";"—";"246000";"78 90 78";"—";"Участвует в конкурсе";"2259359";"—"
"1906";"14";"—";"246000";"78 82 86";"—";"Участвует в конкурсе";"1350465";"—"
"1907";"10";"—";"246000";"75 90 81";"—";"Участвует в конкурсе";"1800703";"—"
"1908";"27";"—";"246000";"90 80 73";"3000";"Участвует в конкурсе";"2045213";"—"
"1909";"10";"—";"246000";"88 88 67";"3000";"Участвует в конкурсе";"1380007";"—"
"1910";"10";"—";"246000";"83 90 70";"3000";"Участвует в конкурсе";"1649555";"—"
"1911";"6";"—";"246000";"83 82 78";"3000";"Участвует в конкурсе";"1337033";"—"
"1912";"5";"—";"246000";"78 84 81";"3000";"Участвует в конкурсе";"2261444";"—"
"1913";"3";"—";"246000";"75 95 73";"3000";"Участвует в конкурсе";"1359427";"—"
"1914";"7";"—";"246000";"75 82 86";"3000";"Участвует в конкурсе";"1254708";"—"
"1915";"14";"—";"246000";"72 82 89";"3000";"Участвует в конкурсе";"2237432";"—"
"1916";"19";"Электронное";"246000";"80 74 86";"6000";"Участвует в конкурсе";"2215529";"—"
"1917";"8";"—";"246000";"72 86 81";"7000";"Участвует в конкурсе";"1414362";"—"
"1918";"4";"Электронное";"246000";"88 78 70";"10000";"Участвует в конкурсе";"1988515";"—"
"1919";"1";"—";"246000";"85 78 73";"10000";"Участвует в конкурсе";"975598";"—"
"1921";"16";"—";"246000";"83 84 69";"10000";"Участвует в конкурсе";"1365871";"—"
"1922";"25";"—";"246000";"83 80 73";"10000";"Участвует в конкурсе";"1583160";"—"
"1923";"5";"—";"246000";"78 88 70";"10000";"Участвует в конкурсе";"2168924";"—"
"1924";"7";"—";"246000";"78 80 78";"10000";"Участвует в конкурсе";"1958656";"—"
"1925";"20";"—";"246000";"78 80 78";"10000";"Участвует в конкурсе";"2360215";"—"
"1926";"17";"Электронное";"246000";"78 72 86";"10000";"Участвует в конкурсе";"1499331";"—"
"1928";"6";"—";"246000";"75 86 75";"10000";"Участвует в конкурсе";"1852289";"—"
"1929";"8";"—";"246000";"75 78 83";"10000";"Участвует в конкурсе";"1363035";"—"
"1930";"19";"—";"246000";"72 78 86";"10000";"Участвует в конкурсе";"1712794";"—"
"1932";"12";"—";"245000";"90 82 73";"—";"Участвует в конкурсе";"1428253";"—"
"1934";"8";"—";"245000";"83 84 78";"—";"Участвует в конкурсе";"2242975";"—"
"1935";"20";"Электронное";"245000";"80 92 73";"—";"Участвует в конкурсе";"1783503";"—"
"1936";"4";"—";"245000";"80 84 81";"—";"Участвует в конкурсе";"1071963";"—"
"1938";"6";"—";"245000";"80 82 83";"—";"Участвует в конкурсе";"1530411";"—"
"1939";"6";"Электронное";"245000";"80 82 83";"—";"Участвует в конкурсе";"1176861";"—"
"1940";"12";"—";"245000";"80 82 83";"—";"Участвует в конкурсе";"2177712";"—"
"1941";"25";"—";"245000";"78 94 73";"—";"Участвует в конкурсе";"1796506";"—"
"1942";"11";"—";"245000";"78 84 83";"—";"Участвует в конкурсе";"1435716";"—"
"1943";"2";"—";"245000";"78 76 91";"—";"Участвует в конкурсе";"2051903";"—"
"1944";"16";"Электронное";"245000";"72 84 89";"—";"Участвует в конкурсе";"1727596";"—"
"1945";"9";"Электронное";"245000";"80 82 81";"2000";"Участвует в конкурсе";"1284288";"—"
"1946";"6";"—";"245000";"80 80 83";"2000";"Участвует в конкурсе";"1353402";"—"
"1947";"1";"—";"245000";"72 90 81";"2000";"Участвует в конкурсе";"1190406";"—"
"1948";"8";"—";"245000";"85 82 75";"3000";"Участвует в конкурсе";"1798317";"—"
"1949";"6";"—";"245000";"83 86 73";"3000";"Участвует в конкурсе";"2155601";"—"
"1950";"1";"Электронное";"245000";"83 86 73";"3000";"Участвует в конкурсе";"1258668";"—"
"1951";"10";"Электронное";"245000";"83 84 75";"3000";"Участвует в конкурсе";"2305670";"—"
"1952";"13";"Электронное";"245000";"88 78 73";"6000";"Участвует в конкурсе";"2001481";"—"
"1953";"14";"—";"245000";"70 96 73";"6000";"Участвует в конкурсе";"2260039";"—"
"1954";"8";"—";"245000";"90 90 58";"7000";"Участвует в конкурсе";"1637370";"—"
"1955";"6";"—";"245000";"88 86 63";"8000";"Участвует в конкурсе";"1786293";"—"
"1956";"25";"—";"245000";"88 72 75";"10000";"Участвует в конкурсе";"1844558";"—"
"1957";"18";"—";"245000";"85 80 70";"10000";"Участвует в конкурсе";"2251976";"—"
"1958";"6";"Электронное";"245000";"85 80 70";"10000";"Участвует в конкурсе";"2245282";"—"
"1959";"14";"—";"245000";"83 82 70";"10000";"Участвует в конкурсе";"1284961";"—"
"1960";"19";"—";"245000";"80 86 69";"10000";"Участвует в конкурсе";"984674";"—"
"1961";"4";"—";"245000";"80 80 75";"10000";"Участвует в конкурсе";"2274678";"—"
"1962";"10";"Электронное";"245000";"80 74 81";"10000";"Участвует в конкурсе";"1363329";"—"
"1963";"18";"—";"245000";"80 74 81";"10000";"Участвует в конкурсе";"2327706";"—"
"1964";"8";"—";"245000";"80 72 83";"10000";"Участвует в конкурсе";"2415899";"—"
"1965";"20";"—";"245000";"78 84 73";"10000";"Участвует в конкурсе";"1946698";"—"
"1966";"11";"Электронное";"245000";"78 74 83";"10000";"Участвует в конкурсе";"1176825";"—"
"1967";"26";"—";"245000";"72 88 75";"10000";"Участвует в конкурсе";"1422159";"—"
"1968";"2";"—";"245000";"72 82 81";"10000";"Участвует в конкурсе";"1725531";"—"
"1969";"7";"—";"245000";"70 84 81";"10000";"Участвует в конкурсе";"2340151";"—"
"1970";"16";"—";"245000";"70 82 83";"10000";"Участвует в конкурсе";"2211310";"—"
"1971";"9";"—";"244000";"90 84 70";"—";"Участвует в конкурсе";"2321356";"—"
"1972";"15";"—";"244000";"90 82 72";"—";"Участвует в конкурсе";"2363438";"—"
"1973";"17";"Электронное";"244000";"86 86 72";"—";"Участвует в конкурсе";"1914936";"—"
"1974";"19";"—";"244000";"83 88 73";"—";"Участвует в конкурсе";"2244194";"—"
"1975";"8";"—";"244000";"83 86 75";"—";"Участвует в конкурсе";"1571692";"—"
"1976";"2";"—";"244000";"83 86 75";"—";"Участвует в конкурсе";"2242676";"—"
"1977";"3";"—";"244000";"83 86 75";"—";"Участвует в конкурсе";"2341270";"—"
"1979";"14";"Электронное";"244000";"83 78 83";"—";"Участвует в конкурсе";"953855";"—"
"1981";"9";"—";"244000";"80 86 78";"—";"Участвует в конкурсе";"1621692";"—"
"1982";"17";"—";"244000";"75 86 83";"—";"Участвует в конкурсе";"2310508";"—"
"1983";"16";"Электронное";"244000";"83 86 73";"2000";"Участвует в конкурсе";"1526408";"—"
"1984";"2";"—";"244000";"83 76 83";"2000";"Участвует в конкурсе";"2239491";"—"
"1985";"19";"—";"244000";"72 76 94";"2000";"Участвует в конкурсе";"1248323";"—"
"1986";"25";"—";"244000";"85 86 70";"3000";"Участвует в конкурсе";"1432660";"—"
"1987";"20";"—";"244000";"85 84 72";"3000";"Участвует в конкурсе";"1518122";"—"
"1988";"11";"—";"244000";"72 97 72";"3000";"Участвует в конкурсе";"1912445";"—"
"1989";"7";"—";"244000";"70 90 81";"3000";"Участвует в конкурсе";"1196153";"—"
"1990";"11";"Электронное";"244000";"70 88 83";"3000";"Участвует в конкурсе";"1797268";"—"
"1993";"7";"—";"244000";"88 86 60";"10000";"Участвует в конкурсе";"2305227";"—"
"1994";"3";"—";"244000";"88 80 66";"10000";"Участвует в конкурсе";"1185449";"—"
"1995";"4";"—";"244000";"80 82 72";"10000";"Участвует в конкурсе";"1471130";"—"
"1997";"14";"—";"244000";"80 76 78";"10000";"Участвует в конкурсе";"1683474";"—"
"1998";"4";"—";"244000";"75 84 75";"10000";"Участвует в конкурсе";"1118141";"—"
"1999";"16";"—";"244000";"75 84 75";"10000";"Участвует в конкурсе";"2234179";"—"
"2000";"16";"Электронное";"244000";"75 78 81";"10000";"Участвует в конкурсе";"2228274";"—"
"2001";"12";"—";"244000";"75 76 83";"10000";"Участвует в конкурсе";"1581233";"—"
"2002";"14";"Электронное";"244000";"72 84 78";"10000";"Участвует в конкурсе";"1416326";"—"
"2003";"11";"Электронное";"244000";"72 84 78";"10000";"Участвует в конкурсе";"1247488";"—"
"2004";"11";"—";"244000";"72 84 78";"10000";"Участвует в конкурсе";"1754079";"—"
"2005";"9";"—";"244000";"70 86 78";"10000";"Участвует в конкурсе";"2098223";"—"
"2006";"22";"—";"243000";"90 84 69";"—";"Участвует в конкурсе";"1576148";"—"
"2007";"25";"—";"243000";"88 86 69";"—";"Участвует в конкурсе";"2315529";"—"
"2008";"26";"—";"243000";"88 80 75";"—";"Участвует в конкурсе";"1250030";"—"
"2010";"14";"Электронное";"243000";"85 95 63";"—";"Участвует в конкурсе";"2005858";"—"
"2011";"16";"Электронное";"243000";"85 88 70";"—";"Участвует в конкурсе";"1702168";"—"
"2012";"19";"—";"243000";"85 86 72";"—";"Участвует в конкурсе";"1195302";"—"
"2013";"3";"—";"243000";"85 86 72";"—";"Участвует в конкурсе";"1779486";"—"
"2014";"5";"Электронное";"243000";"83 82 78";"—";"Участвует в конкурсе";"1520490";"—"
"2015";"3";"—";"243000";"83 82 78";"—";"Участвует в конкурсе";"1495756";"—"
"2016";"21";"—";"243000";"80 82 81";"—";"Участвует в конкурсе";"1520964";"—"
"2017";"25";"—";"243000";"78 92 73";"—";"Участвует в конкурсе";"1355139";"—"
"2018";"6";"—";"243000";"78 90 75";"—";"Участвует в конкурсе";"2050573";"—"
"2019";"20";"—";"243000";"78 84 81";"—";"Участвует в конкурсе";"1406264";"—"
"2021";"12";"—";"243000";"78 82 83";"—";"Участвует в конкурсе";"2340863";"—"
"2022";"2";"—";"243000";"78 82 83";"—";"Участвует в конкурсе";"947998";"—"
"2023";"17";"—";"243000";"72 82 89";"—";"Участвует в конкурсе";"2425284";"—"
"2024";"24";"—";"243000";"90 80 70";"3000";"Участвует в конкурсе";"1392643";"—"
"2025";"23";"—";"243000";"83 74 83";"3000";"Участвует в конкурсе";"2134878";"—"
"2026";"10";"—";"243000";"85 84 69";"5000";"Участвует в конкурсе";"1750643";"—"
"2027";"27";"—";"243000";"78 88 72";"5000";"Участвует в конкурсе";"2157837";"—"
"2028";"9";"—";"243000";"90 80 63";"10000";"Участвует в конкурсе";"1472603";"—"
"2029";"18";"—";"243000";"80 80 73";"10000";"Участвует в конкурсе";"1252354";"—"
"2030";"18";"—";"243000";"78 80 75";"10000";"Участвует в конкурсе";"1577866";"—"
"2031";"15";"—";"243000";"78 74 81";"10000";"Участвует в конкурсе";"2097816";"—"
"2034";"13";"—";"243000";"70 88 75";"10000";"Участвует в конкурсе";"2141316";"—"
"2035";"16";"—";"243000";"59 80 94";"10000";"Участвует в конкурсе";"1678829";"—"
"2036";"21";"—";"242000";"93 80 69";"—";"Участвует в конкурсе";"2201796";"—"
"2039";"5";"—";"242000";"85 82 75";"—";"Участвует в конкурсе";"2136696";"—"
"2040";"15";"—";"242000";"83 84 75";"—";"Участвует в конкурсе";"2342730";"—"
"2041";"5";"—";"242000";"83 78 81";"—";"Участвует в конкурсе";"1504789";"—"
"2042";"7";"—";"242000";"83 76 83";"—";"Участвует в конкурсе";"1713347";"—"
"2043";"26";"—";"242000";"78 92 72";"—";"Участвует в конкурсе";"2253690";"—"
"2044";"18";"—";"242000";"75 100 67";"—";"Участвует в конкурсе";"2217574";"—"
"2045";"8";"—";"242000";"70 86 86";"—";"Участвует в конкурсе";"1694875";"—"
"2046";"10";"—";"242000";"85 82 73";"2000";"Участвует в конкурсе";"2121041";"—"
"2047";"7";"—";"242000";"78 84 78";"2000";"Участвует в конкурсе";"2263084";"—"
"2048";"16";"—";"242000";"88 76 75";"3000";"Участвует в конкурсе";"2326564";"—"
"2049";"6";"—";"242000";"83 90 66";"3000";"Участвует в конкурсе";"2243761";"—"
"2050";"19";"—";"242000";"88 82 67";"5000";"Участвует в конкурсе";"2096871";"—"
"2051";"25";"—";"242000";"78 86 73";"5000";"Участвует в конкурсе";"1565317";"—"
"2052";"1";"—";"242000";"88 78 66";"10000";"Участвует в конкурсе";"2222350";"—"
"2053";"9";"—";"242000";"85 78 69";"10000";"Участвует в конкурсе";"1206624";"—"
"2054";"10";"—";"242000";"83 76 73";"10000";"Участвует в конкурсе";"1687514";"—"
"2055";"6";"—";"242000";"83 76 73";"10000";"Участвует в конкурсе";"2298215";"—"
"2056";"4";"—";"242000";"83 76 73";"10000";"Участвует в конкурсе";"2393331";"—"
"2057";"6";"—";"242000";"83 74 75";"10000";"Участвует в конкурсе";"1290470";"—"
"2059";"24";"—";"242000";"80 80 72";"10000";"Участвует в конкурсе";"2254091";"—"
"2060";"16";"—";"242000";"80 74 78";"10000";"Участвует в конкурсе";"1428438";"—"
"2062";"15";"Электронное";"242000";"75 76 81";"10000";"Участвует в конкурсе";"1898346";"—"
"2063";"19";"—";"242000";"56 82 94";"10000";"Участвует в конкурсе";"1907895";"—"
"2064";"16";"—";"241000";"90 82 69";"—";"Участвует в конкурсе";"2056207";"—"
"2065";"4";"—";"241000";"88 80 73";"—";"Участвует в конкурсе";"2384232";"—"
"2066";"3";"—";"241000";"88 78 75";"—";"Участвует в конкурсе";"2328132";"—"
"2067";"13";"—";"241000";"85 86 70";"—";"Участвует в конкурсе";"1156751";"—"
"2068";"2";"Электронное";"241000";"85 78 78";"—";"Участвует в конкурсе";"1446009";"—"
"2069";"5";"Электронное";"241000";"85 78 78";"—";"Участвует в конкурсе";"1857056";"—"
"2071";"18";"—";"241000";"80 88 73";"—";"Участвует в конкурсе";"1961551";"—"
"2073";"4";"—";"241000";"93 78 67";"3000";"Участвует в конкурсе";"1361260";"—"
"2074";"3";"—";"241000";"85 78 75";"3000";"Участвует в конкурсе";"1038104";"—"
"2075";"3";"—";"241000";"85 72 81";"3000";"Участвует в конкурсе";"1254874";"—"
"2076";"13";"—";"241000";"83 82 73";"3000";"Участвует в конкурсе";"1357261";"—"
"2077";"3";"—";"241000";"83 74 81";"3000";"Участвует в конкурсе";"1545399";"—"
"2078";"11";"—";"241000";"80 80 78";"3000";"Участвует в конкурсе";"1716361";"—"
"2079";"14";"Электронное";"241000";"83 74 78";"6000";"Участвует в конкурсе";"1178944";"—"
"2080";"25";"—";"241000";"80 78 73";"10000";"Участвует в конкурсе";"1994580";"—"
"2081";"14";"—";"241000";"80 78 73";"10000";"Участвует в конкурсе";"2181549";"—"
"2082";"13";"—";"241000";"64 84 83";"10000";"Участвует в конкурсе";"1850307";"—"
"2083";"16";"—";"240000";"85 86 69";"—";"Участвует в конкурсе";"1716992";"—"
"2086";"10";"—";"240000";"83 88 69";"—";"Участвует в конкурсе";"1640373";"—"
"2087";"7";"Электронное";"240000";"83 88 69";"—";"Участвует в конкурсе";"1266173";"—"
"2088";"1";"Электронное";"240000";"83 84 73";"—";"Участвует в конкурсе";"1349055";"—"
"2089";"11";"Электронное";"240000";"83 84 73";"—";"Участвует в конкурсе";"1581026";"—"
"2091";"8";"—";"240000";"83 82 75";"—";"Участвует в конкурсе";"1426492";"—"
"2092";"21";"Электронное";"240000";"83 74 83";"—";"Участвует в конкурсе";"2066987";"—"
"2093";"2";"—";"240000";"78 90 72";"—";"Участвует в конкурсе";"1774805";"—"
"2096";"22";"—";"240000";"64 90 86";"—";"Участвует в конкурсе";"1208017";"—"
"2097";"6";"—";"240000";"64 82 94";"—";"Участвует в конкурсе";"1363112";"—"
"2098";"6";"—";"240000";"83 82 73";"2000";"Участвует в конкурсе";"1209652";"—"
"2099";"1";"—";"240000";"80 88 70";"2000";"Участвует в конкурсе";"1252225";"—"
"2100";"3";"—";"240000";"75 74 89";"2000";"Участвует в конкурсе";"1243809";"—"
"2101";"3";"—";"240000";"93 80 64";"3000";"Участвует в конкурсе";"1991876";"—"
"2102";"3";"—";"240000";"85 82 70";"3000";"Участвует в конкурсе";"1722498";"—"
"2103";"24";"—";"240000";"72 84 81";"3000";"Участвует в конкурсе";"2005413";"—"
"2104";"25";"—";"240000";"80 84 72";"4000";"Участвует в конкурсе";"2140645";"—"
"2105";"13";"—";"240000";"75 82 78";"5000";"Участвует в конкурсе";"1285720";"—"
"2106";"14";"—";"240000";"88 74 72";"6000";"Участвует в конкурсе";"2087089";"—"
"2107";"4";"Электронное";"240000";"83 90 61";"6000";"Участвует в конкурсе";"2225311";"—"
"2108";"11";"Электронное";"240000";"83 86 61";"10000";"Участвует в конкурсе";"2258593";"—"
"2109";"29";"—";"240000";"75 72 83";"10000";"Участвует в конкурсе";"1858730";"—"
"2110";"11";"—";"240000";"72 80 78";"10000";"Участвует в конкурсе";"1925920";"—"
"2111";"22";"—";"240000";"62 82 86";"10000";"Участвует в конкурсе";"1621925";"—"
"2112";"4";"—";"240000";"59 82 89";"10000";"Участвует в конкурсе";"2003355";"—"
"2113";"15";"—";"239000";"90 80 69";"—";"Участвует в конкурсе";"2243345";"—"
"2114";"13";"—";"239000";"90 80 69";"—";"Участвует в конкурсе";"2405665";"—"
"2116";"14";"—";"239000";"85 82 72";"—";"Участвует в конкурсе";"2369093";"—"
"2117";"3";"—";"239000";"83 84 72";"—";"Участвует в конкурсе";"2055158";"—"
"2119";"1";"—";"239000";"83 78 78";"—";"Участвует в конкурсе";"1893739";"—"
"2120";"8";"—";"239000";"80 86 73";"—";"Участвует в конкурсе";"1500826";"—"
"2121";"3";"—";"239000";"80 86 73";"—";"Участвует в конкурсе";"1248347";"—"
"2122";"16";"Электронное";"239000";"80 84 75";"—";"Участвует в конкурсе";"1794343";"—"
"2123";"20";"—";"239000";"80 84 75";"—";"Участвует в конкурсе";"1961828";"—"
"2124";"18";"—";"239000";"78 86 75";"—";"Участвует в конкурсе";"1583370";"—"
"2125";"23";"—";"239000";"78 86 75";"—";"Участвует в конкурсе";"1791041";"—"
"2126";"28";"—";"239000";"78 64 97";"—";"Участвует в конкурсе";"2173682";"—"
"2127";"12";"—";"239000";"72 84 83";"—";"Участвует в конкурсе";"1535778";"—"
"2128";"3";"—";"239000";"72 78 89";"—";"Участвует в конкурсе";"2389407";"—"
"2129";"18";"—";"239000";"80 88 69";"2000";"Участвует в конкурсе";"1912700";"—"
"2130";"16";"—";"239000";"78 78 81";"2000";"Участвует в конкурсе";"2304954";"—"
"2132";"6";"—";"239000";"85 82 69";"3000";"Участвует в конкурсе";"2255488";"—"
"2133";"15";"—";"239000";"85 82 69";"3000";"Участвует в конкурсе";"2313434";"—"
"2134";"9";"Электронное";"239000";"78 86 72";"3000";"Участвует в конкурсе";"2167604";"—"
"2135";"9";"—";"239000";"78 80 78";"3000";"Участвует в конкурсе";"1437339";"—"
"2136";"22";"—";"239000";"70 80 86";"3000";"Участвует в конкурсе";"1196318";"—"
"2137";"5";"Электронное";"239000";"64 82 89";"4000";"Участвует в конкурсе";"2225064";"—"
"2138";"4";"—";"239000";"83 82 67";"7000";"Участвует в конкурсе";"958562";"—"
"2139";"8";"Электронное";"239000";"83 74 72";"10000";"Участвует в конкурсе";"1325041";"—"
"2141";"18";"—";"239000";"80 80 69";"10000";"Участвует в конкурсе";"1948129";"—"
"2142";"13";"—";"239000";"78 78 73";"10000";"Участвует в конкурсе";"1593288";"—"
"2144";"23";"—";"239000";"75 76 78";"10000";"Участвует в конкурсе";"1190243";"—"
"2145";"30";"Электронное";"239000";"72 82 75";"10000";"Участвует в конкурсе";"2221965";"—"
"2146";"19";"Электронное";"239000";"67 76 86";"10000";"Участвует в конкурсе";"1203449";"—"
"2147";"12";"—";"238000";"93 84 61";"—";"Участвует в конкурсе";"2183753";"—"
"2148";"23";"—";"238000";"90 84 64";"—";"Участвует в конкурсе";"2339399";"—"
"2149";"13";"—";"238000";"88 84 66";"—";"Участвует в конкурсе";"1401356";"—"
"2150";"14";"Электронное";"238000";"88 84 66";"—";"Участвует в конкурсе";"2312139";"—"
"2151";"20";"Электронное";"238000";"88 78 72";"—";"Участвует в конкурсе";"1646963";"—"
"2152";"4";"—";"238000";"85 84 69";"—";"Участвует в конкурсе";"1649222";"—"
"2153";"7";"—";"238000";"85 80 73";"—";"Участвует в конкурсе";"986183";"—"
"2154";"22";"Электронное";"238000";"83 80 75";"—";"Участвует в конкурсе";"1406403";"—"
"2155";"4";"—";"238000";"83 80 75";"—";"Участвует в конкурсе";"2183030";"—"
"2156";"20";"—";"238000";"80 80 78";"—";"Участвует в конкурсе";"1826645";"—"
"2157";"23";"—";"238000";"78 88 72";"—";"Участвует в конкурсе";"2423575";"—"
"2158";"19";"Электронное";"238000";"78 82 78";"—";"Участвует в конкурсе";"1911965";"—"
"2160";"21";"—";"238000";"78 74 86";"—";"Участвует в конкурсе";"1644082";"—"
"2161";"7";"—";"238000";"75 80 83";"—";"Участвует в конкурсе";"2205728";"—"
"2163";"2";"—";"238000";"80 86 69";"3000";"Участвует в конкурсе";"1995663";"—"
"2165";"4";"—";"238000";"80 74 81";"3000";"Участвует в конкурсе";"1787630";"—"
"2166";"15";"—";"238000";"80 72 83";"3000";"Участвует в конкурсе";"2015603";"—"
"2167";"14";"—";"238000";"78 76 81";"3000";"Участвует в конкурсе";"1650359";"—"
"2168";"13";"Электронное";"238000";"88 70 75";"5000";"Участвует в конкурсе";"1286974";"—"
"2169";"19";"—";"238000";"83 78 72";"5000";"Участвует в конкурсе";"1121254";"—"
"2170";"6";"—";"238000";"78 82 73";"5000";"Участвует в конкурсе";"2041960";"—"
"2171";"7";"—";"238000";"67 80 86";"5000";"Участвует в конкурсе";"1399269";"—"
"2172";"9";"—";"238000";"83 74 75";"6000";"Участвует в конкурсе";"2307083";"—"
"2173";"5";"Электронное";"238000";"80 78 72";"8000";"Участвует в конкурсе";"2132661";"—"
"2174";"28";"—";"238000";"80 78 70";"10000";"Участвует в конкурсе";"1209256";"—"
"2175";"15";"—";"238000";"75 78 75";"10000";"Участвует в конкурсе";"1706403";"—"
"2176";"22";"Электронное";"238000";"75 78 75";"10000";"Участвует в конкурсе";"1731696";"—"
"2177";"8";"—";"238000";"72 84 72";"10000";"Участвует в конкурсе";"2187633";"—"
"2179";"14";"Электронное";"238000";"70 80 78";"10000";"Участвует в конкурсе";"2364660";"—"
"2180";"15";"—";"238000";"67 70 91";"10000";"Участвует в конкурсе";"2230298";"—"
"2181";"21";"—";"237000";"88 80 69";"—";"Участвует в конкурсе";"2250993";"—"
"2182";"5";"—";"237000";"88 74 75";"—";"Участвует в конкурсе";"1903533";"—"
"2183";"9";"—";"237000";"83 82 72";"—";"Участвует в конкурсе";"2370785";"—"
"2184";"21";"—";"237000";"83 82 72";"—";"Участвует в конкурсе";"2199351";"—"
"2185";"11";"—";"237000";"83 76 78";"—";"Участвует в конкурсе";"1913033";"—"
"2186";"6";"—";"237000";"80 88 69";"—";"Участвует в конкурсе";"1439744";"—"
"2187";"6";"—";"237000";"80 82 75";"—";"Участвует в конкурсе";"2056151";"—"
"2188";"21";"—";"237000";"80 74 83";"—";"Участвует в конкурсе";"1108129";"—"
"2189";"9";"—";"237000";"78 90 69";"—";"Участвует в конкурсе";"2290947";"—"
"2190";"9";"—";"237000";"78 84 75";"—";"Участвует в конкурсе";"1653572";"—"
"2191";"12";"—";"237000";"78 84 75";"—";"Участвует в конкурсе";"1287994";"—"
"2192";"7";"—";"237000";"80 80 75";"2000";"Участвует в конкурсе";"1909043";"—"
"2193";"12";"—";"237000";"85 82 67";"3000";"Участвует в конкурсе";"2084694";"—"
"2194";"5";"—";"237000";"85 82 67";"3000";"Участвует в конкурсе";"2179243";"—"
"2195";"3";"—";"237000";"83 76 75";"3000";"Участвует в конкурсе";"1540515";"—"
"2196";"3";"Электронное";"237000";"80 84 70";"3000";"Участвует в конкурсе";"1899756";"—"
"2197";"3";"Электронное";"237000";"80 82 72";"3000";"Участвует в конкурсе";"981989";"—"
"2198";"6";"Электронное";"237000";"80 82 72";"3000";"Участвует в конкурсе";"1962655";"—"
"2199";"15";"—";"237000";"75 76 83";"3000";"Участвует в конкурсе";"1207596";"—"
"2200";"8";"—";"237000";"72 84 78";"3000";"Участвует в конкурсе";"2162098";"—"
"2201";"13";"—";"237000";"85 92 55";"5000";"Участвует в конкурсе";"1320702";"—"
"2202";"10";"Электронное";"237000";"83 76 70";"8000";"Участвует в конкурсе";"1344503";"—"
"2203";"13";"—";"237000";"90 76 61";"10000";"Участвует в конкурсе";"2269816";"—"
"2204";"11";"—";"237000";"83 74 70";"10000";"Участвует в конкурсе";"1486769";"—"
"2205";"8";"—";"237000";"80 74 73";"10000";"Участвует в конкурсе";"1913061";"—"
"2206";"7";"—";"237000";"75 74 78";"10000";"Участвует в конкурсе";"1470218";"—"
"2207";"4";"Электронное";"237000";"72 88 67";"10000";"Участвует в конкурсе";"2326906";"—"
"2208";"10";"—";"237000";"70 74 83";"10000";"Участвует в конкурсе";"1988237";"—"
"2209";"2";"—";"237000";"70 74 83";"10000";"Участвует в конкурсе";"2313785";"—"
"2210";"4";"—";"236000";"93 88 55";"—";"Участвует в конкурсе";"1906103";"—"
"2211";"10";"—";"236000";"88 78 70";"—";"Участвует в конкурсе";"1648581";"—"
"2212";"12";"—";"236000";"85 82 69";"—";"Участвует в конкурсе";"2369504";"—"
"2213";"11";"Электронное";"236000";"85 78 73";"—";"Участвует в конкурсе";"2269895";"—"
"2214";"3";"—";"236000";"85 78 73";"—";"Участвует в конкурсе";"2346140";"—"
"2215";"7";"—";"236000";"83 95 58";"—";"Участвует в конкурсе";"1179910";"—"
"2216";"21";"—";"236000";"83 86 67";"—";"Участвует в конкурсе";"2207268";"—"
"2217";"8";"—";"236000";"83 80 73";"—";"Участвует в конкурсе";"1486804";"—"
"2218";"3";"—";"236000";"83 78 75";"—";"Участвует в конкурсе";"1760981";"—"
"2219";"13";"—";"236000";"83 72 81";"—";"Участвует в конкурсе";"1620755";"—"
"2220";"5";"—";"236000";"80 84 72";"—";"Участвует в конкурсе";"1697327";"—"
"2221";"6";"—";"236000";"80 78 78";"—";"Участвует в конкурсе";"2271871";"—"
"2222";"7";"—";"236000";"75 92 69";"—";"Участвует в конкурсе";"1200119";"—"
"2223";"4";"—";"236000";"75 78 83";"—";"Участвует в конкурсе";"2312375";"—"
"2224";"9";"—";"236000";"75 70 91";"—";"Участвует в конкурсе";"1156192";"—"
"2225";"4";"Электронное";"236000";"67 80 89";"—";"Участвует в конкурсе";"979110";"—"
"2226";"9";"—";"236000";"85 74 75";"2000";"Участвует в конкурсе";"2047374";"—"
"2227";"18";"—";"236000";"80 76 78";"2000";"Участвует в конкурсе";"1962801";"—"
"2228";"27";"Электронное";"236000";"88 78 67";"3000";"Участвует в конкурсе";"2099062";"—"
"2230";"6";"—";"236000";"80 84 69";"3000";"Участвует в конкурсе";"2151256";"—"
"2231";"6";"—";"236000";"80 72 81";"3000";"Участвует в конкурсе";"1984702";"—"
"2232";"6";"Электронное";"236000";"80 70 83";"3000";"Участвует в конкурсе";"1608607";"—"
"2233";"24";"—";"236000";"72 80 81";"3000";"Участвует в конкурсе";"1626028";"—"
"2234";"8";"—";"236000";"72 78 83";"3000";"Участвует в конкурсе";"2179292";"—"
"2235";"27";"—";"236000";"78 76 72";"10000";"Участвует в конкурсе";"2339492";"—"
"2236";"8";"—";"236000";"78 70 78";"10000";"Участвует в конкурсе";"1608700";"—"
"2237";"13";"—";"236000";"75 78 73";"10000";"Участвует в конкурсе";"2316371";"—"
"2238";"3";"—";"236000";"64 95 67";"10000";"Участвует в конкурсе";"2338166";"—"
"2239";"16";"—";"236000";"64 84 78";"10000";"Участвует в конкурсе";"1916109";"—"
"2240";"7";"—";"235000";"90 76 69";"—";"Участвует в конкурсе";"1237980";"—"
"2241";"3";"Электронное";"235000";"88 80 67";"—";"Участвует в конкурсе";"2139816";"—"
"2242";"6";"—";"235000";"85 92 58";"—";"Участвует в конкурсе";"1581084";"—"
"2243";"6";"—";"235000";"85 86 64";"—";"Участвует в конкурсе";"1339109";"—"
"2244";"6";"—";"235000";"85 84 66";"—";"Участвует в конкурсе";"1333049";"—"
"2245";"27";"—";"235000";"83 74 78";"—";"Участвует в конкурсе";"1959949";"—"
"2246";"7";"—";"235000";"83 74 78";"—";"Участвует в конкурсе";"1915908";"—"
"2248";"14";"—";"235000";"78 82 75";"—";"Участвует в конкурсе";"1999167";"—"
"2249";"27";"Электронное";"235000";"78 82 75";"—";"Участвует в конкурсе";"2003542";"—"
"2250";"18";"—";"235000";"75 82 78";"—";"Участвует в конкурсе";"1847359";"—"
"2251";"11";"—";"235000";"70 92 73";"—";"Участвует в конкурсе";"2264860";"—"
"2252";"22";"—";"235000";"70 84 81";"—";"Участвует в конкурсе";"2301638";"—"
"2254";"2";"—";"235000";"72 78 83";"2000";"Участвует в конкурсе";"1682023";"—"
"2255";"10";"—";"235000";"85 74 73";"3000";"Участвует в конкурсе";"1910478";"—"
"2256";"26";"—";"235000";"83 80 69";"3000";"Участвует в конкурсе";"2344939";"—"
"2257";"6";"—";"235000";"80 92 60";"3000";"Участвует в конкурсе";"1256889";"—"
"2258";"22";"—";"235000";"75 84 73";"3000";"Участвует в конкурсе";"1785140";"—"
"2259";"16";"Электронное";"235000";"75 76 81";"3000";"Участвует в конкурсе";"1774510";"—"
"2261";"3";"Электронное";"235000";"80 76 69";"10000";"Участвует в конкурсе";"1567492";"—"
"2262";"13";"—";"235000";"78 74 73";"10000";"Участвует в конкурсе";"1517093";"—"
"2263";"12";"Электронное";"235000";"75 72 78";"10000";"Участвует в конкурсе";"2249271";"—"
"2264";"5";"—";"235000";"54 80 91";"10000";"Участвует в конкурсе";"1357147";"—"
"2265";"17";"—";"234000";"83 88 63";"—";"Участвует в конкурсе";"2251948";"—"
"2266";"9";"—";"234000";"83 82 69";"—";"Участвует в конкурсе";"1284077";"—"
"2267";"9";"—";"234000";"83 82 69";"—";"Участвует в конкурсе";"1423540";"—"
"2268";"22";"—";"234000";"83 78 73";"—";"Участвует в конкурсе";"1938352";"—"
"2269";"13";"Электронное";"234000";"83 78 73";"—";"Участвует в конкурсе";"1910864";"—"
"2270";"3";"Электронное";"234000";"83 76 75";"—";"Участвует в конкурсе";"1618982";"—"
"2271";"6";"—";"234000";"83 76 75";"—";"Участвует в конкурсе";"1795955";"—"
"2272";"11";"—";"234000";"80 82 72";"—";"Участвует в конкурсе";"1192632";"—"
"2273";"14";"—";"234000";"80 76 78";"—";"Участвует в конкурсе";"2071456";"—"
"2274";"12";"—";"234000";"78 86 70";"—";"Участвует в конкурсе";"2148866";"—"
"2276";"9";"—";"234000";"72 96 66";"—";"Участвует в конкурсе";"1915876";"—"
"2277";"3";"—";"234000";"70 78 86";"—";"Участвует в конкурсе";"1788962";"—"
"2278";"5";"—";"234000";"59 100 75";"—";"Участвует в конкурсе";"2416497";"—"
"2279";"4";"—";"234000";"83 80 69";"2000";"Участвует в конкурсе";"1878649";"—"
"2280";"24";"—";"234000";"80 80 72";"2000";"Участвует в конкурсе";"2002578";"—"
"2281";"22";"—";"234000";"75 74 83";"2000";"Участвует в конкурсе";"1615037";"—"
"2282";"7";"Электронное";"234000";"88 80 63";"3000";"Участвует в конкурсе";"2256490";"—"
"2283";"5";"—";"234000";"85 74 72";"3000";"Участвует в конкурсе";"1261172";"—"
"2284";"8";"Электронное";"234000";"83 70 78";"3000";"Участвует в конкурсе";"2100401";"—"
"2285";"8";"—";"234000";"80 76 75";"3000";"Участвует в конкурсе";"953890";"—"
"2287";"7";"—";"234000";"78 72 81";"3000";"Участвует в конкурсе";"1968991";"—"
"2288";"16";"—";"234000";"75 78 78";"3000";"Участвует в конкурсе";"1642161";"—"
"2289";"20";"—";"234000";"78 82 69";"5000";"Участвует в конкурсе";"2253383";"—"
"2290";"3";"—";"234000";"90 78 60";"6000";"Участвует в конкурсе";"1585778";"—"
"2291";"13";"—";"234000";"75 78 75";"6000";"Участвует в конкурсе";"1586526";"—"
"2292";"8";"Электронное";"234000";"83 78 63";"10000";"Участвует в конкурсе";"1350241";"—"
"2293";"24";"—";"234000";"80 74 70";"10000";"Участвует в конкурсе";"2247353";"—"
"2294";"5";"—";"234000";"75 76 73";"10000";"Участвует в конкурсе";"1768709";"—"
"2295";"8";"Электронное";"234000";"75 58 91";"10000";"Участвует в конкурсе";"1290697";"—"
"2296";"9";"—";"234000";"72 82 70";"10000";"Участвует в конкурсе";"1205929";"—"
"2297";"15";"—";"234000";"72 82 70";"10000";"Участвует в конкурсе";"1996585";"—"
"2298";"2";"—";"234000";"72 82 70";"10000";"Участвует в конкурсе";"1512009";"—"
"2299";"17";"—";"234000";"70 90 64";"10000";"Участвует в конкурсе";"2263375";"—"
"2300";"9";"—";"234000";"70 76 78";"10000";"Участвует в конкурсе";"2100508";"—"
"2301";"7";"—";"234000";"67 84 73";"10000";"Участвует в конкурсе";"1443804";"—"
"2303";"7";"—";"233000";"88 78 67";"—";"Участвует в конкурсе";"1361263";"—"
"2304";"19";"—";"233000";"85 84 64";"—";"Участвует в конкурсе";"2368460";"—"
"2305";"10";"—";"233000";"85 78 70";"—";"Участвует в конкурсе";"1416540";"—"
"2306";"15";"—";"233000";"83 84 66";"—";"Участвует в конкурсе";"2181196";"—"
"2307";"3";"Электронное";"233000";"83 78 72";"—";"Участвует в конкурсе";"1187490";"—"
"2309";"17";"Электронное";"233000";"83 78 72";"—";"Участвует в конкурсе";"1201836";"—"
"2310";"7";"—";"233000";"83 72 78";"—";"Участвует в конкурсе";"1627783";"—"
"2311";"8";"—";"233000";"80 86 67";"—";"Участвует в конкурсе";"1182155";"—"
"2312";"23";"Электронное";"233000";"80 84 69";"—";"Участвует в конкурсе";"1987417";"—"
"2313";"9";"Электронное";"233000";"78 82 73";"—";"Участвует в конкурсе";"2338212";"—"
"2314";"2";"—";"233000";"78 80 75";"—";"Участвует в конкурсе";"2220209";"—"
"2315";"13";"—";"233000";"78 74 81";"—";"Участвует в конкурсе";"2294012";"—"
"2316";"1";"—";"233000";"75 80 78";"—";"Участвует в конкурсе";"2344141";"—"
"2317";"7";"—";"233000";"72 64 97";"—";"Участвует в конкурсе";"1443744";"—"
"2318";"11";"—";"233000";"78 80 73";"2000";"Участвует в конкурсе";"1620522";"—"
"2319";"18";"—";"233000";"85 76 69";"3000";"Участвует в конкурсе";"1986305";"—"
"2320";"12";"Электронное";"233000";"80 80 70";"3000";"Участвует в конкурсе";"1255880";"—"
"2321";"4";"—";"233000";"78 82 70";"3000";"Участвует в конкурсе";"1338833";"—"
"2322";"3";"—";"233000";"78 74 78";"3000";"Участвует в конкурсе";"1337025";"—"
"2323";"9";"Электронное";"233000";"80 88 60";"5000";"Участвует в конкурсе";"1359752";"—"
"2324";"21";"—";"233000";"78 72 78";"5000";"Участвует в конкурсе";"2384036";"—"
"2325";"13";"Электронное";"233000";"80 84 63";"6000";"Участвует в конкурсе";"1252028";"—"
"2327";"7";"Электронное";"233000";"72 82 69";"10000";"Участвует в конкурсе";"1857511";"—"
"2328";"2";"—";"233000";"72 76 75";"10000";"Участвует в конкурсе";"2313852";"—"
"2330";"17";"—";"233000";"67 84 72";"10000";"Участвует в конкурсе";"1988615";"—"
"2331";"3";"—";"233000";"62 80 81";"10000";"Участвует в конкурсе";"2057092";"—"
"2332";"9";"—";"233000";"62 78 83";"10000";"Участвует в конкурсе";"1686374";"—"
"2334";"2";"Электронное";"232000";"88 74 70";"—";"Участвует в конкурсе";"1336504";"—"
"2335";"7";"—";"232000";"88 74 70";"—";"Участвует в конкурсе";"1293994";"—"
"2336";"8";"—";"232000";"88 72 72";"—";"Участвует в конкурсе";"1520724";"—"
"2337";"21";"—";"232000";"85 80 67";"—";"Участвует в конкурсе";"1467121";"—"
"2338";"7";"Электронное";"232000";"85 78 69";"—";"Участвует в конкурсе";"1729459";"—"
"2341";"4";"—";"232000";"83 76 73";"—";"Участвует в конкурсе";"1596671";"—"
"2342";"13";"—";"232000";"83 76 73";"—";"Участвует в конкурсе";"1976730";"—"
"2343";"5";"—";"232000";"80 86 66";"—";"Участвует в конкурсе";"1598061";"—"
"2344";"4";"Электронное";"232000";"80 80 72";"—";"Участвует в конкурсе";"1318824";"—"
"2345";"9";"—";"232000";"83 74 73";"2000";"Участвует в конкурсе";"2184023";"—"
"2346";"5";"—";"232000";"85 78 66";"3000";"Участвует в конкурсе";"1181412";"—"
"2347";"5";"Электронное";"232000";"80 82 67";"3000";"Участвует в конкурсе";"1482348";"—"
"2348";"18";"—";"232000";"80 74 75";"3000";"Участвует в конкурсе";"1503182";"—"
"2349";"9";"—";"232000";"80 74 75";"3000";"Участвует в конкурсе";"1329934";"—"
"2350";"2";"—";"232000";"78 76 75";"3000";"Участвует в конкурсе";"1129461";"—"
"2351";"11";"—";"232000";"85 84 58";"5000";"Участвует в конкурсе";"2180787";"—"
"2352";"9";"—";"232000";"78 74 70";"10000";"Участвует в конкурсе";"1474917";"—"
"2353";"8";"—";"232000";"75 78 69";"10000";"Участвует в конкурсе";"1633463";"—"
"2354";"5";"—";"232000";"75 78 69";"10000";"Участвует в конкурсе";"1291762";"—"
"2355";"4";"—";"232000";"70 88 64";"10000";"Участвует в конкурсе";"2335905";"—"
"2357";"1";"—";"232000";"54 74 94";"10000";"Участвует в конкурсе";"1195519";"—"
"2359";"9";"—";"231000";"85 74 72";"—";"Участвует в конкурсе";"1133262";"—"
"2360";"26";"—";"231000";"83 78 70";"—";"Участвует в конкурсе";"2251206";"—"
"2361";"26";"—";"231000";"83 78 70";"—";"Участвует в конкурсе";"1195924";"—"
"2362";"15";"—";"231000";"83 76 72";"—";"Участвует в конкурсе";"1556469";"—"
"2363";"13";"—";"231000";"83 76 72";"—";"Участвует в конкурсе";"2359041";"—"
"2364";"14";"—";"231000";"83 76 72";"—";"Участвует в конкурсе";"1654967";"—"
"2366";"16";"—";"231000";"75 84 72";"—";"Участвует в конкурсе";"2074817";"—"
"2367";"2";"—";"231000";"75 84 72";"—";"Участвует в конкурсе";"1961871";"—"
"2368";"18";"Электронное";"231000";"72 86 73";"—";"Участвует в конкурсе";"1514753";"—"
"2369";"12";"—";"231000";"72 78 81";"—";"Участвует в конкурсе";"1698703";"—"
"2371";"7";"Электронное";"231000";"78 84 66";"3000";"Участвует в конкурсе";"1915692";"—"
"2372";"7";"—";"231000";"70 86 72";"3000";"Участвует в конкурсе";"2268689";"—"
"2373";"11";"Электронное";"231000";"80 80 63";"8000";"Участвует в конкурсе";"2116671";"—"
"2374";"6";"—";"231000";"80 72 69";"10000";"Участвует в конкурсе";"2309834";"—"
"2375";"4";"—";"231000";"80 58 83";"10000";"Участвует в конкурсе";"2362575";"—"
"2376";"22";"—";"231000";"78 76 67";"10000";"Участвует в конкурсе";"1857462";"—"
"2377";"13";"—";"231000";"78 76 67";"10000";"Участвует в конкурсе";"2335567";"—"
"2378";"8";"—";"231000";"75 80 66";"10000";"Участвует в конкурсе";"1430056";"—"
"2379";"7";"—";"231000";"72 76 73";"10000";"Участвует в конкурсе";"2199756";"—"
"2380";"14";"Электронное";"231000";"70 78 73";"10000";"Участвует в конкурсе";"2270114";"—"
"2381";"21";"Электронное";"231000";"70 76 75";"10000";"Участвует в конкурсе";"1981865";"—"
"2382";"8";"—";"230000";"83 74 73";"—";"Участвует в конкурсе";"1846962";"—"
"2383";"2";"Электронное";"230000";"80 80 70";"—";"Участвует в конкурсе";"2224068";"—"
"2384";"12";"—";"230000";"78 74 78";"—";"Участвует в конкурсе";"1898689";"—"
"2385";"10";"—";"230000";"72 88 70";"—";"Участвует в конкурсе";"981934";"—"
"2386";"6";"—";"230000";"72 80 78";"—";"Участвует в конкурсе";"1282542";"—"
"2387";"3";"—";"230000";"72 72 86";"—";"Участвует в конкурсе";"2003618";"—"
"2388";"13";"—";"230000";"72 70 86";"2000";"Участвует в конкурсе";"1355771";"—"
"2389";"10";"—";"230000";"80 78 69";"3000";"Участвует в конкурсе";"1958178";"—"
"2390";"24";"—";"230000";"80 74 73";"3000";"Участвует в конкурсе";"1912315";"—"
"2391";"13";"—";"230000";"80 72 75";"3000";"Участвует в конкурсе";"2247164";"—"
"2392";"25";"—";"230000";"78 74 75";"3000";"Участвует в конкурсе";"1556614";"—"
"2393";"12";"—";"230000";"62 76 89";"3000";"Участвует в конкурсе";"1937827";"—"
"2394";"10";"Электронное";"230000";"80 78 67";"5000";"Участвует в конкурсе";"1358041";"—"
"2395";"10";"—";"230000";"80 78 66";"6000";"Участвует в конкурсе";"2020683";"—"
"2396";"16";"—";"230000";"72 80 72";"6000";"Участвует в конкурсе";"1704755";"—"
"2398";"10";"Электронное";"230000";"90 70 60";"10000";"Участвует в конкурсе";"2124684";"—"
"2399";"2";"—";"230000";"80 70 70";"10000";"Участвует в конкурсе";"1212552";"—"
"2400";"18";"—";"230000";"72 82 66";"10000";"Участвует в конкурсе";"1615218";"—"
"2401";"16";"—";"230000";"70 86 64";"10000";"Участвует в конкурсе";"2245972";"—"
"2402";"3";"—";"230000";"67 84 69";"10000";"Участвует в конкурсе";"1721711";"—"
"2403";"3";"—";"230000";"67 80 73";"10000";"Участвует в конкурсе";"2162158";"—"
"2404";"12";"—";"230000";"67 72 81";"10000";"Участвует в конкурсе";"1877084";"—"
"2405";"9";"—";"230000";"67 72 81";"10000";"Участвует в конкурсе";"1719296";"—"
"2407";"6";"—";"229000";"88 72 69";"—";"Участвует в конкурсе";"2156113";"—"
"2408";"12";"—";"229000";"85 86 58";"—";"Участвует в конкурсе";"2290476";"—"
"2409";"8";"Электронное";"229000";"80 80 69";"—";"Участвует в конкурсе";"1885014";"—"
"2410";"13";"Электронное";"229000";"80 76 73";"—";"Участвует в конкурсе";"1791879";"—"
"2411";"6";"—";"229000";"78 94 57";"—";"Участвует в конкурсе";"2183238";"—"
"2412";"10";"—";"229000";"78 84 67";"—";"Участвует в конкурсе";"1840308";"—"
"2413";"11";"Электронное";"229000";"78 78 73";"—";"Участвует в конкурсе";"1112429";"—"
"2414";"16";"—";"229000";"78 78 73";"—";"Участвует в конкурсе";"2417993";"—"
"2415";"27";"—";"229000";"78 70 81";"—";"Участвует в конкурсе";"2052301";"—"
"2416";"20";"Электронное";"229000";"75 76 78";"—";"Участвует в конкурсе";"1779685";"—"
"2417";"2";"Электронное";"229000";"70 84 75";"—";"Участвует в конкурсе";"2393980";"—"
"2418";"4";"Электронное";"229000";"70 76 83";"—";"Участвует в конкурсе";"1981743";"—"
"2419";"5";"Электронное";"229000";"83 74 69";"3000";"Участвует в конкурсе";"2113424";"—"
"2420";"3";"Электронное";"229000";"83 74 69";"3000";"Участвует в конкурсе";"2309199";"—"
"2421";"3";"Электронное";"229000";"80 74 72";"3000";"Участвует в конкурсе";"1442868";"—"
"2422";"11";"—";"229000";"83 64 72";"10000";"Участвует в конкурсе";"1782587";"—"
"2423";"11";"—";"229000";"78 80 61";"10000";"Участвует в конкурсе";"2218929";"—"
"2424";"13";"—";"229000";"67 74 78";"10000";"Участвует в конкурсе";"2040377";"—"
"2426";"14";"Электронное";"229000";"64 80 75";"10000";"Участвует в конкурсе";"1857295";"—"
"2429";"22";"Электронное";"228000";"85 74 69";"—";"Участвует в конкурсе";"981973";"—"
"2430";"4";"—";"228000";"83 76 69";"—";"Участвует в конкурсе";"2263108";"—"
"2431";"19";"Электронное";"228000";"78 86 64";"—";"Участвует в конкурсе";"1431631";"—"
"2432";"20";"—";"228000";"78 84 66";"—";"Участвует в конкурсе";"1651803";"—"
"2433";"6";"—";"228000";"78 72 78";"—";"Участвует в конкурсе";"2313210";"—"
"2434";"22";"—";"228000";"75 80 73";"—";"Участвует в конкурсе";"1333549";"—"
"2435";"16";"—";"228000";"72 84 64";"8000";"Участвует в конкурсе";"1710384";"—"
"2436";"11";"—";"228000";"72 80 67";"9000";"Участвует в конкурсе";"1133255";"—"
"2437";"12";"—";"228000";"80 72 66";"10000";"Участвует в конкурсе";"1129565";"—"
"2438";"24";"—";"228000";"80 52 86";"10000";"Участвует в конкурсе";"2222701";"—"
"2439";"18";"—";"228000";"75 80 63";"10000";"Участвует в конкурсе";"1860412";"—"
"2440";"12";"—";"228000";"72 76 70";"10000";"Участвует в конкурсе";"1717486";"—"
"2441";"12";"—";"228000";"70 78 70";"10000";"Участвует в конкурсе";"1962763";"—"
"2442";"3";"Электронное";"228000";"70 78 70";"10000";"Участвует в конкурсе";"2004972";"—"
"2443";"3";"—";"228000";"70 78 70";"10000";"Участвует в конкурсе";"2301119";"—"
"2444";"18";"Электронное";"228000";"70 78 70";"10000";"Участвует в конкурсе";"2270235";"—"
"2445";"14";"—";"228000";"64 76 78";"10000";"Участвует в конкурсе";"2294584";"—"
"2447";"15";"—";"227000";"90 76 61";"—";"Участвует в конкурсе";"1355737";"—"
"2448";"22";"—";"227000";"83 74 70";"—";"Участвует в конкурсе";"1539208";"—"
"2449";"11";"Электронное";"227000";"81 82 64";"—";"Участвует в конкурсе";"1476172";"—"
"2450";"15";"—";"227000";"78 92 57";"—";"Участвует в конкурсе";"1860324";"—"
"2452";"5";"Электронное";"227000";"75 74 78";"—";"Участвует в конкурсе";"1325071";"—"
"2453";"3";"—";"227000";"72 82 73";"—";"Участвует в конкурсе";"2214673";"—"
"2454";"28";"—";"227000";"70 70 87";"—";"Участвует в конкурсе";"1899885";"—"
"2455";"6";"—";"227000";"75 72 78";"2000";"Участвует в конкурсе";"1663933";"—"
"2456";"3";"Электронное";"227000";"80 78 66";"3000";"Участвует в конкурсе";"1289454";"—"
"2457";"13";"Электронное";"227000";"80 78 66";"3000";"Участвует в конкурсе";"1428119";"—"
"2458";"3";"—";"227000";"78 80 66";"3000";"Участвует в конкурсе";"1205118";"—"
"2459";"11";"—";"227000";"78 74 72";"3000";"Участвует в конкурсе";"1651349";"—"
"2460";"18";"Электронное";"227000";"75 76 73";"3000";"Участвует в конкурсе";"1881320";"—"
"2461";"8";"—";"227000";"72 80 72";"3000";"Участвует в конкурсе";"1702768";"—"
"2462";"9";"—";"227000";"67 78 72";"10000";"Участвует в конкурсе";"2206503";"—"
"2463";"7";"—";"227000";"67 72 78";"10000";"Участвует в конкурсе";"1040407";"—"
"2465";"12";"Электронное";"226000";"80 74 72";"—";"Участвует в конкурсе";"1203631";"—"
"2466";"3";"—";"226000";"78 84 64";"—";"Участвует в конкурсе";"2037613";"—"
"2467";"5";"—";"226000";"78 82 66";"—";"Участвует в конкурсе";"1275063";"—"
"2468";"23";"—";"226000";"75 76 75";"—";"Участвует в конкурсе";"1292389";"—"
"2470";"11";"—";"226000";"72 82 72";"—";"Участвует в конкурсе";"2225164";"—"
"2471";"12";"—";"226000";"70 84 72";"—";"Участвует в конкурсе";"1192079";"—"
"2473";"16";"—";"226000";"83 80 60";"3000";"Участвует в конкурсе";"1764782";"—"
"2474";"9";"—";"226000";"72 82 69";"3000";"Участвует в конкурсе";"1042977";"—"
"2475";"19";"—";"226000";"67 86 70";"3000";"Участвует в конкурсе";"2327567";"—"
"2476";"7";"Электронное";"226000";"85 76 55";"10000";"Участвует в конкурсе";"1178473";"—"
"2477";"7";"Электронное";"226000";"75 74 67";"10000";"Участвует в конкурсе";"1288897";"—"
"2478";"4";"Электронное";"226000";"72 80 64";"10000";"Участвует в конкурсе";"1358908";"—"
"2479";"10";"—";"226000";"70 80 66";"10000";"Участвует в конкурсе";"2400339";"—"
"2481";"9";"—";"226000";"59 82 75";"10000";"Участвует в конкурсе";"1915182";"—"
"2482";"9";"—";"225000";"85 82 58";"—";"Участвует в конкурсе";"1791101";"—"
"2484";"22";"—";"225000";"78 74 73";"—";"Участвует в конкурсе";"2385498";"—"
"2485";"17";"Электронное";"225000";"78 74 73";"—";"Участвует в конкурсе";"1381441";"—"
"2486";"3";"Электронное";"225000";"72 78 75";"—";"Участвует в конкурсе";"1444529";"—"
"2488";"6";"—";"225000";"70 74 81";"—";"Участвует в конкурсе";"1911074";"—"
"2489";"13";"—";"225000";"70 72 83";"—";"Участвует в конкурсе";"2141851";"—"
"2490";"8";"—";"225000";"70 68 87";"—";"Участвует в конкурсе";"1290112";"—"
"2491";"4";"—";"225000";"80 74 70";"1000";"Участвует в конкурсе";"984931";"—"
"2492";"18";"Электронное";"225000";"72 86 64";"3000";"Участвует в конкурсе";"1517868";"—"
"2493";"3";"—";"225000";"70 74 78";"3000";"Участвует в конкурсе";"2294877";"—"
"2495";"25";"—";"225000";"72 74 72";"7000";"Участвует в конкурсе";"2365526";"—"
"2496";"7";"—";"225000";"70 74 73";"8000";"Участвует в конкурсе";"1932469";"—"
"2497";"11";"—";"225000";"67 72 78";"8000";"Участвует в конкурсе";"1799585";"—"
"2498";"8";"—";"225000";"80 72 63";"10000";"Участвует в конкурсе";"1788408";"—"
"2499";"3";"—";"225000";"75 70 70";"10000";"Участвует в конкурсе";"2309676";"—"
"2500";"11";"Электронное";"225000";"70 76 69";"10000";"Участвует в конкурсе";"1566649";"—"
"2502";"7";"—";"225000";"59 70 86";"10000";"Участвует в конкурсе";"1615479";"—"
"2503";"5";"Электронное";"224000";"85 64 75";"—";"Участвует в конкурсе";"1275339";"—"
"2505";"7";"—";"224000";"80 84 60";"—";"Участвует в конкурсе";"1484925";"—"
"2506";"17";"—";"224000";"80 82 62";"—";"Участвует в конкурсе";"1631664";"—"
"2507";"15";"—";"224000";"80 80 64";"—";"Участвует в конкурсе";"1771352";"—"
"2509";"16";"Электронное";"224000";"75 82 67";"—";"Участвует в конкурсе";"1547316";"—"
"2511";"4";"—";"224000";"75 76 73";"—";"Участвует в конкурсе";"2261243";"—"
"2512";"10";"Электронное";"224000";"67 88 69";"—";"Участвует в конкурсе";"1200038";"—"
"2513";"11";"—";"224000";"67 84 73";"—";"Участвует в конкурсе";"2339551";"—"
"2515";"5";"—";"224000";"59 82 83";"—";"Участвует в конкурсе";"2329817";"—"
"2516";"4";"Электронное";"224000";"85 70 66";"3000";"Участвует в конкурсе";"2155988";"—"
"2517";"27";"—";"224000";"83 72 66";"3000";"Участвует в конкурсе";"2002061";"—"
"2518";"9";"—";"224000";"80 74 67";"3000";"Участвует в конкурсе";"1855243";"—"
"2519";"2";"Электронное";"224000";"78 86 57";"3000";"Участвует в конкурсе";"1651593";"—"
"2520";"11";"Электронное";"224000";"78 80 63";"3000";"Участвует в конкурсе";"1174902";"—"
"2522";"10";"—";"224000";"78 70 73";"3000";"Участвует в конкурсе";"1786872";"—"
"2523";"10";"Электронное";"224000";"75 86 60";"3000";"Участвует в конкурсе";"2273305";"—"
"2524";"8";"—";"224000";"75 80 66";"3000";"Участвует в конкурсе";"2255852";"—"
"2525";"5";"—";"224000";"70 76 75";"3000";"Участвует в конкурсе";"2249357";"—"
"2526";"10";"—";"224000";"54 84 83";"3000";"Участвует в конкурсе";"1644795";"—"
"2527";"17";"—";"224000";"62 76 81";"5000";"Участвует в конкурсе";"2135494";"—"
"2528";"25";"Электронное";"224000";"70 78 69";"7000";"Участвует в конкурсе";"2039582";"—"
"2529";"7";"—";"224000";"78 74 64";"8000";"Участвует в конкурсе";"1614178";"—"
"2531";"24";"—";"224000";"64 80 70";"10000";"Участвует в конкурсе";"2391325";"—"
"2532";"15";"—";"223000";"88 78 57";"—";"Участвует в конкурсе";"2177799";"—"
"2533";"15";"—";"223000";"85 74 64";"—";"Участвует в конкурсе";"1284748";"—"
"2534";"9";"—";"223000";"80 74 69";"—";"Участвует в конкурсе";"1486159";"—"
"2535";"5";"—";"223000";"78 84 61";"—";"Участвует в конкурсе";"2217531";"—"
"2536";"4";"—";"223000";"78 82 63";"—";"Участвует в конкурсе";"1181653";"—"
"2539";"22";"Электронное";"223000";"75 76 72";"—";"Участвует в конкурсе";"1981352";"—"
"2540";"7";"—";"223000";"72 78 73";"—";"Участвует в конкурсе";"1517809";"—"
"2541";"13";"—";"223000";"70 72 81";"—";"Участвует в конкурсе";"2370493";"—"
"2542";"6";"—";"223000";"70 72 81";"—";"Участвует в конкурсе";"2388488";"—"
"2543";"8";"Электронное";"223000";"67 84 72";"—";"Участвует в конкурсе";"1910810";"—"
"2544";"11";"—";"223000";"64 70 89";"—";"Участвует в конкурсе";"2393776";"—"
"2545";"24";"—";"223000";"62 70 91";"—";"Участвует в конкурсе";"1628547";"—"
"2546";"7";"Электронное";"223000";"59 92 72";"—";"Участвует в конкурсе";"2392201";"—"
"2547";"17";"—";"223000";"72 74 75";"2000";"Участвует в конкурсе";"2369121";"—"
"2548";"1";"—";"223000";"70 76 75";"2000";"Участвует в конкурсе";"1620176";"—"
"2549";"4";"Электронное";"223000";"83 74 63";"3000";"Участвует в конкурсе";"1428122";"—"
"2550";"7";"—";"223000";"78 78 64";"3000";"Участвует в конкурсе";"2256116";"—"
"2551";"1";"—";"223000";"75 78 67";"3000";"Участвует в конкурсе";"1356176";"—"
"2552";"11";"—";"223000";"75 74 69";"5000";"Участвует в конкурсе";"2315057";"—"
"2553";"22";"Электронное";"223000";"67 76 70";"10000";"Участвует в конкурсе";"1290117";"—"
"2554";"12";"—";"223000";"54 84 75";"10000";"Участвует в конкурсе";"2183533";"—"
"2555";"6";"—";"222000";"80 82 60";"—";"Участвует в конкурсе";"1615403";"—"
"2556";"10";"—";"222000";"80 76 66";"—";"Участвует в конкурсе";"2331792";"—"
"2557";"17";"Электронное";"222000";"80 76 66";"—";"Участвует в конкурсе";"2394603";"—"
"2558";"11";"—";"222000";"78 80 64";"—";"Участвует в конкурсе";"2221736";"—"
"2560";"6";"—";"222000";"75 80 67";"—";"Участвует в конкурсе";"2209045";"—"
"2561";"28";"Электронное";"222000";"75 78 69";"—";"Участвует в конкурсе";"2133320";"—"
"2562";"17";"—";"222000";"75 78 69";"—";"Участвует в конкурсе";"1444251";"—"
"2563";"12";"—";"222000";"72 84 66";"—";"Участвует в конкурсе";"1839179";"—"
"2564";"12";"Электронное";"222000";"70 82 70";"—";"Участвует в конкурсе";"2262766";"—"
"2565";"16";"Электронное";"222000";"70 74 78";"—";"Участвует в конкурсе";"1717370";"—"
"2566";"17";"—";"222000";"70 74 78";"—";"Участвует в конкурсе";"1133922";"—"
"2567";"20";"—";"222000";"70 74 78";"—";"Участвует в конкурсе";"1957170";"—"
"2568";"23";"Электронное";"222000";"67 80 75";"—";"Участвует в конкурсе";"1624157";"—"
"2569";"7";"Электронное";"222000";"67 80 75";"—";"Участвует в конкурсе";"1617445";"—"
"2570";"16";"—";"222000";"67 74 81";"—";"Участвует в конкурсе";"1177036";"—"
"2571";"15";"—";"222000";"67 74 81";"—";"Участвует в конкурсе";"2394387";"—"
"2572";"12";"—";"222000";"67 78 75";"2000";"Участвует в конкурсе";"2096623";"—"
"2573";"3";"—";"222000";"83 70 66";"3000";"Участвует в конкурсе";"1179414";"—"
"2575";"2";"Электронное";"222000";"59 74 86";"3000";"Участвует в конкурсе";"2228833";"—"
"2576";"20";"Электронное";"222000";"67 72 78";"5000";"Участвует в конкурсе";"1858952";"—"
"2577";"16";"—";"222000";"88 64 60";"10000";"Участвует в конкурсе";"2344278";"—"
"2578";"7";"Электронное";"222000";"67 84 61";"10000";"Участвует в конкурсе";"1439452";"—"
"2579";"7";"—";"222000";"67 72 73";"10000";"Участвует в конкурсе";"1194705";"—"
"2580";"9";"Электронное";"222000";"62 84 66";"10000";"Участвует в конкурсе";"2142584";"—"
"2582";"10";"Электронное";"221000";"78 74 69";"—";"Участвует в конкурсе";"1207152";"—"
"2583";"18";"Электронное";"221000";"75 80 66";"—";"Участвует в конкурсе";"1176243";"—"
"2585";"1";"Электронное";"221000";"72 82 67";"—";"Участвует в конкурсе";"1551923";"—"
"2586";"11";"—";"221000";"72 80 69";"—";"Участвует в конкурсе";"1987385";"—"
"2587";"3";"—";"221000";"70 78 73";"—";"Участвует в конкурсе";"2092963";"—"
"2588";"15";"Электронное";"221000";"70 76 75";"—";"Участвует в конкурсе";"2066329";"—"
"2589";"12";"—";"221000";"67 82 72";"—";"Участвует в конкурсе";"2338997";"—"
"2591";"3";"Электронное";"221000";"56 82 83";"—";"Участвует в конкурсе";"2219298";"—"
"2592";"24";"—";"221000";"72 74 73";"2000";"Участвует в конкурсе";"2226183";"—"
"2593";"10";"Электронное";"221000";"70 80 69";"2000";"Участвует в конкурсе";"2169292";"—"
"2594";"9";"—";"221000";"83 72 63";"3000";"Участвует в конкурсе";"2344169";"—"
"2595";"8";"—";"221000";"75 76 67";"3000";"Участвует в конкурсе";"1391938";"—"
"2596";"4";"Электронное";"221000";"70 76 67";"8000";"Участвует в конкурсе";"1712466";"—"
"2597";"4";"—";"221000";"67 58 86";"10000";"Участвует в конкурсе";"2250069";"—"
"2598";"6";"—";"221000";"62 88 61";"10000";"Участвует в конкурсе";"2412738";"—"
"2599";"17";"—";"221000";"62 80 69";"10000";"Участвует в конкурсе";"2305430";"—"
"2600";"5";"Электронное";"221000";"62 74 75";"10000";"Участвует в конкурсе";"1313126";"—"
"2601";"22";"—";"221000";"56 80 75";"10000";"Участвует в конкурсе";"1570407";"—"
"2602";"3";"—";"221000";"56 74 81";"10000";"Участвует в конкурсе";"2185731";"—"
"2603";"3";"Электронное";"220000";"85 72 63";"—";"Участвует в конкурсе";"1991782";"—"
"2604";"9";"—";"220000";"83 64 73";"—";"Участвует в конкурсе";"1727024";"—"
"2605";"16";"—";"220000";"80 76 64";"—";"Участвует в конкурсе";"1579243";"—"
"2606";"19";"—";"220000";"75 78 67";"—";"Участвует в конкурсе";"2266616";"—"
"2607";"17";"Электронное";"220000";"72 76 72";"—";"Участвует в конкурсе";"2305495";"—"
"2608";"20";"—";"220000";"64 84 72";"—";"Участвует в конкурсе";"2406635";"—"
"2609";"11";"—";"220000";"64 82 72";"2000";"Участвует в конкурсе";"1271586";"—"
"2610";"7";"—";"220000";"80 70 67";"3000";"Участвует в конкурсе";"1583987";"—"
"2611";"7";"—";"220000";"78 78 61";"3000";"Участвует в конкурсе";"1183502";"—"
"2612";"4";"—";"220000";"67 72 78";"3000";"Участвует в конкурсе";"2310338";"—"
"2613";"6";"Электронное";"220000";"67 72 78";"3000";"Участвует в конкурсе";"1258295";"—"
"2614";"1";"—";"220000";"59 84 72";"5000";"Участвует в конкурсе";"2252067";"—"
"2615";"4";"—";"220000";"64 80 66";"10000";"Участвует в конкурсе";"1625459";"—"
"2616";"9";"—";"220000";"64 74 72";"10000";"Участвует в конкурсе";"1722513";"—"
"2617";"16";"Электронное";"219000";"80 82 57";"—";"Участвует в конкурсе";"1211392";"—"
"2618";"13";"—";"219000";"80 70 69";"—";"Участвует в конкурсе";"2315437";"—"
"2619";"11";"Электронное";"219000";"78 80 61";"—";"Участвует в конкурсе";"1961908";"—"
"2620";"2";"—";"219000";"75 74 70";"—";"Участвует в конкурсе";"1566136";"—"
"2621";"14";"Электронное";"219000";"72 78 69";"—";"Участвует в конкурсе";"1350362";"—"
"2622";"16";"Электронное";"219000";"72 74 73";"—";"Участвует в конкурсе";"1643109";"—"
"2623";"12";"—";"219000";"67 88 64";"—";"Участвует в конкурсе";"2219503";"—"
"2624";"8";"—";"219000";"59 82 78";"—";"Участвует в конкурсе";"2173780";"—"
"2625";"4";"—";"219000";"78 76 63";"2000";"Участвует в конкурсе";"2093914";"—"
"2626";"19";"Электронное";"219000";"75 78 64";"2000";"Участвует в конкурсе";"1985629";"—"
"2627";"5";"Электронное";"219000";"72 72 73";"2000";"Участвует в конкурсе";"2185929";"—"
"2628";"15";"—";"219000";"51 94 72";"2000";"Участвует в конкурсе";"1505175";"—"
"2629";"5";"—";"219000";"78 78 60";"3000";"Участвует в конкурсе";"1909084";"—"
"2630";"3";"Электронное";"219000";"72 72 72";"3000";"Участвует в конкурсе";"2249520";"—"
"2631";"1";"—";"219000";"67 76 73";"3000";"Участвует в конкурсе";"2304382";"—"
"2632";"11";"—";"219000";"62 82 72";"3000";"Участвует в конкурсе";"2352623";"—"
"2633";"15";"Электронное";"219000";"75 82 57";"5000";"Участвует в конкурсе";"1848656";"—"
"2634";"11";"—";"219000";"72 82 57";"8000";"Участвует в конкурсе";"1361541";"—"
"2635";"14";"Электронное";"219000";"78 70 61";"10000";"Участвует в конкурсе";"2309380";"—"
"2636";"23";"—";"219000";"70 72 67";"10000";"Участвует в конкурсе";"1094901";"—"
"2637";"6";"—";"219000";"70 72 67";"10000";"Участвует в конкурсе";"1854137";"—"
"2638";"5";"Электронное";"218000";"75 76 67";"—";"Участвует в конкурсе";"1644113";"—"
"2641";"5";"Электронное";"218000";"70 78 70";"—";"Участвует в конкурсе";"2344544";"—"
"2642";"15";"Электронное";"218000";"70 76 72";"—";"Участвует в конкурсе";"1365522";"—"
"2643";"20";"—";"218000";"80 82 54";"2000";"Участвует в конкурсе";"1202206";"—"
"2644";"17";"—";"218000";"70 82 64";"2000";"Участвует в конкурсе";"1364135";"—"
"2645";"10";"—";"218000";"78 80 57";"3000";"Участвует в конкурсе";"2088610";"—"
"2646";"13";"—";"218000";"78 64 73";"3000";"Участвует в конкурсе";"2311070";"—"
"2647";"27";"—";"218000";"70 78 67";"3000";"Участвует в конкурсе";"1432402";"—"
"2648";"17";"—";"218000";"62 74 78";"4000";"Участвует в конкурсе";"2364146";"—"
"2649";"23";"—";"218000";"67 76 70";"5000";"Участвует в конкурсе";"2135607";"—"
"2650";"22";"—";"218000";"62 76 70";"10000";"Участвует в конкурсе";"1787963";"—"
"2651";"23";"—";"217000";"80 76 61";"—";"Участвует в конкурсе";"1573051";"—"
"2652";"21";"Электронное";"217000";"78 76 63";"—";"Участвует в конкурсе";"1911540";"—"
"2653";"10";"Электронное";"217000";"75 78 64";"—";"Участвует в конкурсе";"2191863";"—"
"2654";"9";"—";"217000";"75 78 64";"—";"Участвует в конкурсе";"2297633";"—"
"2657";"21";"—";"217000";"75 64 78";"—";"Участвует в конкурсе";"1438536";"—"
"2658";"10";"—";"217000";"72 84 61";"—";"Участвует в конкурсе";"1285566";"—"
"2660";"26";"Электронное";"217000";"72 72 73";"—";"Участвует в конкурсе";"1362584";"—"
"2661";"20";"—";"217000";"62 80 75";"—";"Участвует в конкурсе";"1585723";"—"
"2664";"16";"—";"217000";"62 86 66";"3000";"Участвует в конкурсе";"1366547";"—"
"2665";"4";"—";"217000";"54 80 73";"10000";"Участвует в конкурсе";"937948";"—"
"2669";"2";"—";"216000";"75 72 69";"—";"Участвует в конкурсе";"1493935";"—"
"2670";"2";"—";"216000";"72 78 66";"—";"Участвует в конкурсе";"2243821";"—"
"2672";"18";"—";"216000";"70 82 64";"—";"Участвует в конкурсе";"1791758";"—"
"2673";"10";"Электронное";"216000";"67 82 67";"—";"Участвует в конкурсе";"1565871";"—"
"2674";"5";"—";"216000";"64 82 70";"—";"Участвует в конкурсе";"2074621";"—"
"2675";"11";"—";"216000";"72 76 66";"2000";"Участвует в конкурсе";"1265604";"—"
"2676";"10";"Электронное";"216000";"83 78 52";"3000";"Участвует в конкурсе";"1431012";"—"
"2677";"12";"—";"216000";"72 78 63";"3000";"Участвует в конкурсе";"1410994";"—"
"2679";"8";"Электронное";"216000";"70 70 66";"10000";"Участвует в конкурсе";"1655708";"—"
"2680";"9";"—";"216000";"56 80 70";"10000";"Участвует в конкурсе";"2234833";"—"
"2681";"10";"—";"215000";"80 72 63";"—";"Участвует в конкурсе";"1641302";"—"
"2682";"4";"Электронное";"215000";"78 74 63";"—";"Участвует в конкурсе";"1507575";"—"
"2683";"21";"Электронное";"215000";"75 74 66";"—";"Участвует в конкурсе";"1935259";"—"
"2684";"10";"—";"215000";"72 76 67";"—";"Участвует в конкурсе";"1726993";"—"
"2685";"21";"Электронное";"215000";"72 74 69";"—";"Участвует в конкурсе";"1317375";"—"
"2686";"7";"Электронное";"215000";"70 72 73";"—";"Участвует в конкурсе";"2393586";"—"
"2687";"25";"—";"215000";"67 84 64";"—";"Участвует в конкурсе";"1275065";"—"
"2688";"18";"—";"215000";"62 78 75";"—";"Участвует в конкурсе";"1890965";"—"
"2689";"11";"—";"215000";"72 82 58";"3000";"Участвует в конкурсе";"1176252";"—"
"2690";"16";"—";"215000";"67 78 67";"3000";"Участвует в конкурсе";"1200618";"—"
"2691";"2";"—";"215000";"62 64 81";"8000";"Участвует в конкурсе";"2396438";"—"
"2692";"6";"—";"215000";"72 52 81";"10000";"Участвует в конкурсе";"2301145";"—"
"2693";"6";"—";"215000";"70 72 63";"10000";"Участвует в конкурсе";"2263080";"—"
"2694";"12";"Электронное";"215000";"51 76 78";"10000";"Участвует в конкурсе";"1200277";"—"
"2695";"15";"—";"214000";"75 76 63";"—";"Участвует в конкурсе";"1975707";"—"
"2696";"5";"—";"214000";"75 72 67";"—";"Участвует в конкурсе";"1725856";"—"
"2697";"5";"—";"214000";"72 72 70";"—";"Участвует в конкурсе";"2052348";"—"
"2698";"4";"Электронное";"214000";"70 86 58";"—";"Участвует в конкурсе";"1176117";"—"
"2699";"3";"—";"214000";"70 84 60";"—";"Участвует в конкурсе";"1157522";"—"
"2700";"4";"—";"214000";"70 78 66";"—";"Участвует в конкурсе";"1495378";"—"
"2701";"21";"—";"214000";"62 72 78";"2000";"Участвует в конкурсе";"2287180";"—"
"2702";"9";"—";"214000";"75 82 54";"3000";"Участвует в конкурсе";"2275342";"—"
"2703";"6";"Электронное";"214000";"72 70 69";"3000";"Участвует в конкурсе";"2056952";"—"
"2704";"3";"—";"214000";"64 80 67";"3000";"Участвует в конкурсе";"1567352";"—"
"2705";"17";"Электронное";"214000";"70 74 64";"6000";"Участвует в конкурсе";"2139525";"—"
"2708";"3";"Электронное";"214000";"64 76 64";"10000";"Участвует в конкурсе";"1005560";"—"
"2709";"9";"Электронное";"213000";"85 74 54";"—";"Участвует в конкурсе";"2378143";"—"
"2710";"5";"Электронное";"213000";"80 70 63";"—";"Участвует в конкурсе";"1175709";"—"
"2711";"17";"—";"213000";"78 72 63";"—";"Участвует в конкурсе";"1471085";"—"
"2712";"18";"Электронное";"213000";"72 74 67";"—";"Участвует в конкурсе";"1354885";"—"
"2713";"4";"Электронное";"213000";"72 72 69";"—";"Участвует в конкурсе";"1210843";"—"
"2714";"14";"Электронное";"213000";"72 72 69";"—";"Участвует в конкурсе";"2125708";"—"
"2715";"3";"Электронное";"213000";"70 70 73";"—";"Участвует в конкурсе";"2282651";"—"
"2716";"6";"Электронное";"213000";"67 76 70";"—";"Участвует в конкурсе";"2237169";"—"
"2717";"14";"Электронное";"213000";"64 82 67";"—";"Участвует в конкурсе";"2225018";"—"
"2718";"12";"Электронное";"213000";"64 74 75";"—";"Участвует в конкурсе";"1880265";"—"
"2719";"12";"Электронное";"213000";"62 82 69";"—";"Участвует в конкурсе";"2152415";"—"
"2720";"7";"—";"213000";"75 74 61";"3000";"Участвует в конкурсе";"1392786";"—"
"2721";"10";"Электронное";"213000";"67 70 73";"3000";"Участвует в конкурсе";"2254377";"—"
"2722";"4";"—";"213000";"64 82 64";"3000";"Участвует в конкурсе";"1988257";"—"
"2723";"4";"—";"213000";"75 78 55";"5000";"Участвует в конкурсе";"1307611";"—"
"2724";"12";"—";"213000";"64 78 66";"5000";"Участвует в конкурсе";"2228487";"—"
"2725";"18";"—";"213000";"78 76 51";"8000";"Участвует в конкурсе";"1201984";"—"
"2726";"5";"—";"213000";"75 64 66";"8000";"Участвует в конкурсе";"1311617";"—"
"2727";"4";"—";"213000";"67 72 64";"10000";"Участвует в конкурсе";"1493064";"—"
"2728";"1";"Электронное";"213000";"64 76 63";"10000";"Участвует в конкурсе";"1106143";"—"
"2729";"17";"Электронное";"212000";"80 80 52";"—";"Участвует в конкурсе";"1280854";"—"
"2730";"5";"Электронное";"212000";"80 72 60";"—";"Участвует в конкурсе";"2260912";"—"
"2731";"6";"—";"212000";"78 74 60";"—";"Участвует в конкурсе";"1189029";"—"
"2732";"17";"Электронное";"212000";"75 80 57";"—";"Участвует в конкурсе";"2081384";"—"
"2733";"14";"—";"212000";"72 82 58";"—";"Участвует в конкурсе";"2100333";"—"
"2734";"16";"—";"212000";"72 80 60";"—";"Участвует в конкурсе";"2355690";"—"
"2735";"3";"—";"212000";"72 74 66";"—";"Участвует в конкурсе";"1253032";"—"
"2736";"12";"Электронное";"212000";"72 70 70";"—";"Участвует в конкурсе";"1542584";"—"
"2737";"22";"—";"212000";"70 82 60";"—";"Участвует в конкурсе";"2056410";"—"
"2738";"15";"—";"212000";"70 82 60";"—";"Участвует в конкурсе";"2341748";"—"
"2739";"2";"—";"212000";"70 64 78";"—";"Участвует в конкурсе";"2100721";"—"
"2740";"24";"—";"212000";"67 76 69";"—";"Участвует в конкурсе";"2043252";"—"
"2741";"21";"—";"212000";"67 76 69";"—";"Участвует в конкурсе";"2255119";"—"
"2742";"1";"—";"212000";"64 78 70";"—";"Участвует в конкурсе";"1825326";"—"
"2743";"11";"—";"212000";"64 76 72";"—";"Участвует в конкурсе";"1303965";"—"
"2744";"7";"—";"212000";"70 78 61";"3000";"Участвует в конкурсе";"1785844";"—"
"2745";"5";"—";"212000";"70 76 63";"3000";"Участвует в конкурсе";"1978901";"—"
"2746";"17";"Электронное";"212000";"70 72 67";"3000";"Участвует в конкурсе";"2220833";"—"
"2748";"3";"—";"212000";"70 74 63";"5000";"Участвует в конкурсе";"2253474";"—"
"2749";"8";"Электронное";"211000";"78 82 51";"—";"Участвует в конкурсе";"1294092";"—"
"2750";"5";"—";"211000";"78 72 61";"—";"Участвует в конкурсе";"1331882";"—"
"2751";"8";"Электронное";"211000";"78 72 61";"—";"Участвует в конкурсе";"1857107";"—"
"2752";"9";"—";"211000";"75 70 66";"—";"Участвует в конкурсе";"1326176";"—"
"2753";"23";"Электронное";"211000";"72 76 63";"—";"Участвует в конкурсе";"1549176";"—"
"2754";"15";"—";"211000";"72 70 69";"—";"Участвует в конкурсе";"2351849";"—"
"2755";"1";"Электронное";"211000";"72 58 81";"—";"Участвует в конкурсе";"1495377";"—"
"2756";"4";"Электронное";"211000";"70 80 61";"—";"Участвует в конкурсе";"1356627";"—"
"2757";"2";"—";"211000";"67 78 66";"—";"Участвует в конкурсе";"1434681";"—"
"2758";"24";"—";"211000";"67 78 66";"—";"Участвует в конкурсе";"1968579";"—"
"2760";"4";"—";"211000";"64 74 73";"—";"Участвует в конкурсе";"1504219";"—"
"2762";"21";"—";"211000";"62 82 67";"—";"Участвует в конкурсе";"2416693";"—"
"2763";"2";"Электронное";"211000";"59 74 78";"—";"Участвует в конкурсе";"1836351";"—"
"2764";"5";"—";"211000";"56 88 67";"—";"Участвует в конкурсе";"1175560";"—"
"2765";"4";"Электронное";"211000";"56 88 67";"—";"Участвует в конкурсе";"2338985";"—"
"2766";"7";"—";"211000";"72 74 63";"2000";"Участвует в конкурсе";"1194112";"—"
"2767";"3";"—";"211000";"67 64 78";"2000";"Участвует в конкурсе";"2053585";"—"
"2768";"11";"—";"211000";"64 76 69";"2000";"Участвует в конкурсе";"1987291";"—"
"2769";"3";"Электронное";"211000";"70 72 66";"3000";"Участвует в конкурсе";"2240335";"—"
"2770";"5";"—";"211000";"75 76 55";"5000";"Участвует в конкурсе";"1567464";"—"
"2771";"5";"—";"211000";"72 76 58";"5000";"Участвует в конкурсе";"2217395";"—"
"2772";"3";"Электронное";"210000";"85 52 73";"—";"Участвует в конкурсе";"1512935";"—"
"2773";"10";"—";"210000";"80 72 58";"—";"Участвует в конкурсе";"1104166";"—"
"2774";"8";"—";"210000";"80 70 60";"—";"Участвует в конкурсе";"2208741";"—"
"2775";"12";"Электронное";"210000";"78 74 58";"—";"Участвует в конкурсе";"1963210";"—"
"2776";"11";"Электронное";"210000";"75 74 61";"—";"Участвует в конкурсе";"2248594";"—"
"2777";"16";"—";"210000";"72 74 64";"—";"Участвует в конкурсе";"1705478";"—"
"2778";"17";"—";"210000";"70 76 64";"—";"Участвует в конкурсе";"2229805";"—"
"2779";"10";"—";"210000";"70 76 64";"—";"Участвует в конкурсе";"1203594";"—"
"2780";"2";"—";"210000";"70 74 66";"—";"Участвует в конкурсе";"2330903";"—"
"2781";"8";"—";"210000";"67 76 67";"—";"Участвует в конкурсе";"2361392";"—"
"2782";"10";"Электронное";"210000";"62 78 70";"—";"Участвует в конкурсе";"2070430";"—"
"2783";"16";"—";"210000";"59 76 75";"—";"Участвует в конкурсе";"2152139";"—"
"2785";"4";"—";"210000";"70 76 61";"3000";"Участвует в конкурсе";"2243392";"—"
"2786";"8";"—";"210000";"70 70 67";"3000";"Участвует в конкурсе";"2340343";"—"
"2787";"2";"—";"210000";"67 76 64";"3000";"Участвует в конкурсе";"1985168";"—"
"2788";"13";"—";"210000";"62 82 63";"3000";"Участвует в конкурсе";"1516713";"—"
"2789";"7";"—";"210000";"70 72 60";"8000";"Участвует в конкурсе";"2216236";"—"
"2790";"8";"Электронное";"209000";"78 74 57";"—";"Участвует в конкурсе";"1913902";"—"
"2791";"6";"—";"209000";"78 58 73";"—";"Участвует в конкурсе";"2252425";"—"
"2792";"13";"Электронное";"209000";"75 64 70";"—";"Участвует в конкурсе";"2423823";"—"
"2793";"4";"Электронное";"209000";"70 82 57";"—";"Участвует в конкурсе";"1383521";"—"
"2794";"23";"Электронное";"209000";"70 82 57";"—";"Участвует в конкурсе";"1975008";"—"
"2795";"11";"—";"209000";"70 76 63";"—";"Участвует в конкурсе";"1584486";"—"
"2796";"7";"—";"209000";"70 70 69";"—";"Участвует в конкурсе";"2158139";"—"
"2797";"17";"—";"209000";"67 76 66";"—";"Участвует в конкурсе";"2373616";"—"
"2798";"9";"Электронное";"209000";"54 72 83";"—";"Участвует в конкурсе";"1584664";"—"
"2799";"6";"—";"209000";"54 84 69";"2000";"Участвует в конкурсе";"1416600";"—"
"2800";"2";"Электронное";"209000";"72 74 60";"3000";"Участвует в конкурсе";"1485159";"—"
"2801";"8";"—";"209000";"70 70 66";"3000";"Участвует в конкурсе";"1595159";"—"
"2802";"7";"—";"209000";"67 70 69";"3000";"Участвует в конкурсе";"2200151";"—"
"2803";"10";"—";"209000";"67 70 69";"3000";"Участвует в конкурсе";"1262687";"—"
"2804";"23";"—";"209000";"62 80 64";"3000";"Участвует в конкурсе";"1509601";"—"
"2805";"8";"—";"209000";"59 78 69";"3000";"Участвует в конкурсе";"1509516";"—"
"2806";"9";"—";"208000";"78 70 60";"—";"Участвует в конкурсе";"1206333";"—"
"2808";"17";"Электронное";"208000";"70 78 60";"—";"Участвует в конкурсе";"1757589";"—"
"2809";"22";"—";"208000";"67 74 67";"—";"Участвует в конкурсе";"2251615";"—"
"2810";"3";"Электронное";"208000";"59 82 67";"—";"Участвует в конкурсе";"1199609";"—"
"2812";"13";"—";"208000";"75 76 54";"3000";"Участвует в конкурсе";"1022745";"—"
"2813";"5";"—";"208000";"67 72 66";"3000";"Участвует в конкурсе";"1175157";"—"
"2814";"4";"Электронное";"208000";"64 80 61";"3000";"Участвует в конкурсе";"1363551";"—"
"2815";"7";"—";"208000";"54 88 63";"3000";"Участвует в конкурсе";"1941429";"—"
"2816";"10";"Электронное";"208000";"70 58 70";"10000";"Участвует в конкурсе";"1844913";"—"
"2817";"13";"—";"207000";"80 64 63";"—";"Участвует в конкурсе";"1335764";"—"
"2818";"2";"—";"207000";"72 72 63";"—";"Участвует в конкурсе";"1546767";"—"
"2819";"13";"—";"207000";"72 72 63";"—";"Участвует в конкурсе";"2394502";"—"
"2820";"3";"Электронное";"207000";"70 76 61";"—";"Участвует в конкурсе";"1244858";"—"
"2821";"14";"—";"207000";"70 70 67";"—";"Участвует в конкурсе";"2270680";"—"
"2822";"10";"—";"207000";"70 64 73";"—";"Участвует в конкурсе";"1407206";"—"
"2823";"5";"—";"207000";"64 72 69";"2000";"Участвует в конкурсе";"1731746";"—"
"2824";"6";"—";"207000";"72 74 58";"3000";"Участвует в конкурсе";"1440460";"—"
"2825";"3";"—";"207000";"64 74 66";"3000";"Участвует в конкурсе";"2099436";"—"
"2826";"17";"—";"207000";"62 70 72";"3000";"Участвует в конкурсе";"1978976";"—"
"2827";"4";"—";"207000";"80 52 69";"6000";"Участвует в конкурсе";"2267343";"—"
"2828";"8";"—";"207000";"62 74 63";"8000";"Участвует в конкурсе";"1267300";"—"
"2829";"28";"—";"206000";"75 76 55";"—";"Участвует в конкурсе";"1555326";"—"
"2831";"10";"Электронное";"206000";"72 76 58";"—";"Участвует в конкурсе";"1603124";"—"
"2832";"10";"—";"206000";"72 70 64";"—";"Участвует в конкурсе";"2343318";"—"
"2833";"10";"Электронное";"206000";"72 64 70";"—";"Участвует в конкурсе";"997369";"—"
"2834";"8";"—";"206000";"70 82 54";"—";"Участвует в конкурсе";"1290920";"—"
"2835";"3";"—";"206000";"70 72 64";"—";"Участвует в конкурсе";"2321946";"—"
"2837";"6";"—";"206000";"59 84 63";"—";"Участвует в конкурсе";"1803680";"—"
"2838";"8";"—";"206000";"59 78 69";"—";"Участвует в конкурсе";"1291319";"—"
"2840";"9";"—";"206000";"70 64 70";"2000";"Участвует в конкурсе";"2175470";"—"
"2841";"13";"—";"206000";"72 64 67";"3000";"Участвует в конкурсе";"2389625";"—"
"2842";"7";"—";"206000";"62 74 67";"3000";"Участвует в конкурсе";"1675693";"—"
"2843";"8";"—";"206000";"56 74 66";"10000";"Участвует в конкурсе";"2215154";"—"
"2844";"1";"Электронное";"206000";"51 78 67";"10000";"Участвует в конкурсе";"1747022";"—"
"2845";"10";"Электронное";"205000";"78 64 63";"—";"Участвует в конкурсе";"1624810";"—"
"2846";"4";"—";"205000";"78 58 69";"—";"Участвует в конкурсе";"1235938";"—"
"2847";"21";"Электронное";"205000";"75 70 60";"—";"Участвует в конкурсе";"2362249";"—"
"2848";"2";"—";"205000";"72 78 55";"—";"Участвует в конкурсе";"1727167";"—"
"2849";"21";"—";"205000";"67 78 60";"—";"Участвует в конкурсе";"2229590";"—"
"2850";"22";"—";"205000";"67 78 60";"—";"Участвует в конкурсе";"2390056";"—"
"2851";"14";"—";"205000";"67 72 66";"—";"Участвует в конкурсе";"1179964";"—"
"2852";"27";"—";"205000";"64 74 67";"—";"Участвует в конкурсе";"1569590";"—"
"2854";"4";"—";"205000";"62 76 67";"—";"Участвует в конкурсе";"2407804";"—"
"2855";"4";"—";"205000";"62 70 73";"—";"Участвует в конкурсе";"1832786";"—"
"2856";"1";"Электронное";"205000";"59 76 70";"—";"Участвует в конкурсе";"1351610";"—"
"2857";"3";"—";"205000";"59 74 72";"—";"Участвует в конкурсе";"1580276";"—"
"2858";"22";"—";"205000";"64 76 63";"2000";"Участвует в конкурсе";"2262762";"—"
"2859";"24";"Электронное";"205000";"72 70 60";"3000";"Участвует в конкурсе";"1210371";"—"
"2860";"6";"—";"205000";"72 64 66";"3000";"Участвует в конкурсе";"1832257";"—"
"2861";"17";"—";"205000";"62 76 64";"3000";"Участвует в конкурсе";"1213331";"—"
"2862";"15";"—";"205000";"62 64 69";"10000";"Участвует в конкурсе";"1655481";"—"
"2863";"9";"—";"204000";"83 58 63";"—";"Участвует в конкурсе";"1210366";"—"
"2864";"1";"—";"204000";"80 64 60";"—";"Участвует в конкурсе";"1698454";"—"
"2865";"29";"Электронное";"204000";"70 76 58";"—";"Участвует в конкурсе";"2271750";"—"
"2866";"1";"Электронное";"204000";"70 70 64";"—";"Участвует в конкурсе";"2318862";"—"
"2869";"16";"—";"204000";"67 76 61";"—";"Участвует в конкурсе";"1519013";"—"
"2870";"3";"—";"204000";"67 74 63";"—";"Участвует в конкурсе";"1345744";"—"
"2871";"7";"—";"204000";"67 74 63";"—";"Участвует в конкурсе";"2340491";"—"
"2873";"6";"—";"204000";"62 78 64";"—";"Участвует в конкурсе";"1860163";"—"
"2874";"7";"—";"204000";"62 78 64";"—";"Участвует в конкурсе";"1440013";"—"
"2875";"2";"—";"204000";"59 78 67";"—";"Участвует в конкурсе";"1522079";"—"
"2876";"6";"Электронное";"204000";"59 70 75";"—";"Участвует в конкурсе";"1732794";"—"
"2878";"9";"Электронное";"204000";"67 76 58";"3000";"Участвует в конкурсе";"2229434";"—"
"2879";"5";"—";"204000";"64 74 63";"3000";"Участвует в конкурсе";"1133656";"—"
"2880";"13";"—";"204000";"62 70 69";"3000";"Участвует в конкурсе";"2269182";"—"
"2881";"8";"Электронное";"204000";"64 70 60";"10000";"Участвует в конкурсе";"984571";"—"
"2882";"5";"—";"204000";"64 70 60";"10000";"Участвует в конкурсе";"2141320";"—"
"2883";"21";"Электронное";"204000";"56 78 60";"10000";"Участвует в конкурсе";"1640414";"—"
"2884";"16";"—";"203000";"78 74 51";"—";"Участвует в конкурсе";"1277797";"—"
"2885";"9";"Электронное";"203000";"78 64 61";"—";"Участвует в конкурсе";"1768958";"—"
"2886";"12";"—";"203000";"72 76 55";"—";"Участвует в конкурсе";"2274153";"—"
"2887";"5";"Электронное";"203000";"70 72 61";"—";"Участвует в конкурсе";"2182026";"—"
"2889";"25";"—";"203000";"67 70 66";"—";"Участвует в конкурсе";"1295747";"—"
"2890";"3";"—";"203000";"67 58 78";"—";"Участвует в конкурсе";"2313626";"—"
"2893";"11";"—";"203000";"56 72 75";"—";"Участвует в конкурсе";"2273040";"—"
"2894";"14";"Электронное";"203000";"78 70 52";"3000";"Участвует в конкурсе";"2097806";"—"
"2895";"25";"—";"203000";"75 64 61";"3000";"Участвует в конкурсе";"1546278";"—"
"2896";"23";"—";"203000";"67 70 63";"3000";"Участвует в конкурсе";"1583188";"—"
"2897";"6";"Электронное";"203000";"62 64 67";"10000";"Участвует в конкурсе";"1974069";"—"
"2898";"6";"—";"203000";"54 64 75";"10000";"Участвует в конкурсе";"1534400";"—"
"2899";"8";"Электронное";"202000";"75 70 57";"—";"Участвует в конкурсе";"1357289";"—"
"2901";"17";"Электронное";"202000";"75 64 63";"—";"Участвует в конкурсе";"1434690";"—"
"2902";"16";"—";"202000";"72 64 66";"—";"Участвует в конкурсе";"1916626";"—"
"2903";"7";"—";"202000";"70 74 58";"—";"Участвует в конкурсе";"1790317";"—"
"2904";"6";"—";"202000";"70 72 60";"—";"Участвует в конкурсе";"2049279";"—"
"2905";"3";"Электронное";"202000";"62 70 70";"—";"Участвует в конкурсе";"2171150";"—"
"2906";"7";"—";"202000";"59 74 67";"2000";"Участвует в конкурсе";"2096929";"—"
"2907";"12";"Электронное";"202000";"67 72 60";"3000";"Участвует в конкурсе";"1519920";"—"
"2908";"17";"Электронное";"202000";"62 76 61";"3000";"Участвует в конкурсе";"1199116";"—"
"2909";"5";"—";"202000";"56 74 69";"3000";"Участвует в конкурсе";"1271278";"—"
"2910";"5";"Электронное";"202000";"62 74 58";"8000";"Участвует в конкурсе";"983345";"—"
"2911";"6";"—";"202000";"56 72 64";"10000";"Участвует в конкурсе";"1914135";"—"
"2912";"12";"—";"201000";"70 74 57";"—";"Участвует в конкурсе";"1794465";"—"
"2913";"24";"Электронное";"201000";"70 74 57";"—";"Участвует в конкурсе";"2371133";"—"
"2914";"13";"—";"201000";"70 70 61";"—";"Участвует в конкурсе";"1914869";"—"
"2915";"10";"—";"201000";"67 70 64";"—";"Участвует в конкурсе";"2417897";"—"
"2916";"8";"Электронное";"201000";"67 64 70";"—";"Участвует в конкурсе";"1279279";"—"
"2917";"20";"—";"201000";"64 70 67";"—";"Участвует в конкурсе";"1284940";"—"
"2918";"4";"—";"201000";"62 66 73";"—";"Участвует в конкурсе";"964137";"—"
"2919";"4";"—";"201000";"59 76 66";"—";"Участвует в конкурсе";"1768587";"—"
"2921";"6";"Электронное";"201000";"67 64 63";"7000";"Участвует в конкурсе";"1798802";"—"
"2922";"3";"Электронное";"200000";"78 64 58";"—";"Участвует в конкурсе";"1833108";"—"
"2923";"19";"—";"200000";"70 72 58";"—";"Участвует в конкурсе";"2148109";"—"
"2924";"11";"—";"200000";"67 70 63";"—";"Участвует в конкурсе";"2312115";"—"
"2925";"26";"—";"200000";"64 72 64";"—";"Участвует в конкурсе";"1198013";"—"
"2926";"13";"—";"200000";"64 70 66";"—";"Участвует в конкурсе";"985510";"—"
"2927";"6";"—";"200000";"64 64 72";"—";"Участвует в конкурсе";"1537345";"—"
"2928";"10";"—";"200000";"59 72 69";"—";"Участвует в конкурсе";"1728313";"—"
"2929";"10";"Электронное";"200000";"54 76 70";"—";"Участвует в конкурсе";"1953667";"—"
"2930";"8";"—";"200000";"54 74 72";"—";"Участвует в конкурсе";"2229591";"—"
"2931";"4";"—";"200000";"70 72 55";"3000";"Участвует в конкурсе";"1728736";"—"
"2932";"28";"—";"200000";"64 70 63";"3000";"Участвует в конкурсе";"1751032";"—"
"2933";"15";"Электронное";"200000";"54 74 69";"3000";"Участвует в конкурсе";"1212143";"—"
"2934";"3";"Электронное";"200000";"75 58 61";"6000";"Участвует в конкурсе";"1702549";"—"
"2935";"4";"—";"200000";"64 70 60";"6000";"Участвует в конкурсе";"1434834";"—"
"2936";"3";"—";"200000";"56 70 64";"10000";"Участвует в конкурсе";"2217186";"—"
"2937";"16";"—";"200000";"54 72 64";"10000";"Участвует в конкурсе";"1913064";"—"
"2938";"7";"—";"199000";"78 70 51";"—";"Участвует в конкурсе";"1619659";"—"
"2939";"18";"—";"199000";"78 64 57";"—";"Участвует в конкурсе";"2123820";"—"
"2940";"9";"Электронное";"199000";"78 64 57";"—";"Участвует в конкурсе";"2262108";"—"
"2942";"6";"Электронное";"199000";"72 70 57";"—";"Участвует в конкурсе";"1279568";"—"
"2943";"7";"—";"199000";"64 72 63";"—";"Участвует в конкурсе";"1197648";"—"
"2944";"11";"—";"199000";"64 72 63";"—";"Участвует в конкурсе";"1200386";"—"
"2945";"8";"Электронное";"199000";"64 72 63";"—";"Участвует в конкурсе";"1559781";"—"
"2946";"22";"Электронное";"199000";"64 72 63";"—";"Участвует в конкурсе";"2367478";"—"
"2947";"1";"Электронное";"199000";"62 70 67";"—";"Участвует в конкурсе";"2321436";"—"
"2948";"4";"Электронное";"199000";"62 70 67";"—";"Участвует в конкурсе";"1505473";"—"
"2949";"4";"Электронное";"199000";"59 76 64";"—";"Участвует в конкурсе";"2415188";"—"
"2950";"9";"—";"199000";"56 76 67";"—";"Участвует в конкурсе";"2244371";"—"
"2951";"2";"Электронное";"199000";"59 76 61";"3000";"Участвует в конкурсе";"1396542";"—"
"2952";"8";"—";"198000";"72 74 52";"—";"Участвует в конкурсе";"1203726";"—"
"2953";"15";"—";"198000";"70 70 58";"—";"Участвует в конкурсе";"1636546";"—"
"2954";"27";"Электронное";"198000";"70 70 58";"—";"Участвует в конкурсе";"1517973";"—"
"2956";"9";"—";"198000";"62 70 66";"—";"Участвует в конкурсе";"2329753";"—"
"2957";"4";"Электронное";"198000";"62 64 72";"—";"Участвует в конкурсе";"1504318";"—"
"2958";"13";"—";"198000";"62 58 78";"—";"Участвует в конкурсе";"2299319";"—"
"2959";"2";"—";"198000";"59 70 69";"—";"Участвует в конкурсе";"2261376";"—"
"2960";"9";"—";"198000";"59 64 75";"—";"Участвует в конкурсе";"1812065";"—"
"2961";"11";"—";"198000";"59 64 75";"—";"Участвует в конкурсе";"1987800";"—"
"2962";"2";"—";"198000";"59 64 75";"—";"Участвует в конкурсе";"2210617";"—"
"2963";"15";"—";"198000";"51 74 73";"—";"Участвует в конкурсе";"2172536";"—"
"2964";"18";"—";"198000";"64 64 67";"3000";"Участвует в конкурсе";"1366766";"—"
"2965";"3";"—";"198000";"62 76 57";"3000";"Участвует в конкурсе";"2045472";"—"
"2968";"10";"Электронное";"197000";"70 70 57";"—";"Участвует в конкурсе";"1437512";"—"
"2969";"1";"Электронное";"197000";"62 74 61";"—";"Участвует в конкурсе";"1824373";"—"
"2970";"25";"—";"197000";"59 74 64";"—";"Участвует в конкурсе";"2273609";"—"
"2971";"7";"—";"197000";"54 80 63";"—";"Участвует в конкурсе";"1703374";"—"
"2972";"9";"—";"197000";"64 64 66";"3000";"Участвует в конкурсе";"1857073";"—"
"2973";"10";"—";"197000";"59 78 57";"3000";"Участвует в конкурсе";"2268040";"—"
"2974";"1";"—";"197000";"59 70 64";"4000";"Участвует в конкурсе";"2286072";"—"
"2975";"14";"—";"197000";"59 74 57";"7000";"Участвует в конкурсе";"2157119";"—"
"2976";"18";"—";"196000";"75 70 51";"—";"Участвует в конкурсе";"1339730";"—"
"2977";"10";"—";"196000";"59 74 63";"—";"Участвует в конкурсе";"1284722";"—"
"2978";"18";"Электронное";"196000";"59 70 67";"—";"Участвует в конкурсе";"2055928";"—"
"2979";"4";"Электронное";"196000";"56 76 64";"—";"Участвует в конкурсе";"1998030";"—"
"2980";"11";"—";"196000";"54 72 70";"—";"Участвует в конкурсе";"1519820";"—"
"2981";"16";"—";"196000";"51 64 81";"—";"Участвует в конкурсе";"1513186";"—"
"2982";"3";"—";"196000";"70 70 52";"4000";"Участвует в конкурсе";"1304556";"—"
"2983";"7";"Электронное";"195000";"70 74 51";"—";"Участвует в конкурсе";"1706720";"—"
"2984";"8";"—";"195000";"70 70 55";"—";"Участвует в конкурсе";"1828491";"—"
"2985";"11";"—";"195000";"70 58 67";"—";"Участвует в конкурсе";"1907411";"—"
"2986";"11";"Электронное";"195000";"67 70 58";"—";"Участвует в конкурсе";"1523114";"—"
"2987";"7";"—";"195000";"67 64 64";"—";"Участвует в конкурсе";"1542797";"—"
"2988";"14";"Электронное";"195000";"67 64 64";"—";"Участвует в конкурсе";"1182421";"—"
"2989";"8";"Электронное";"195000";"67 58 70";"—";"Участвует в конкурсе";"2167652";"—"
"2990";"6";"Электронное";"195000";"67 58 70";"—";"Участвует в конкурсе";"2409505";"—"
"2991";"20";"Электронное";"195000";"64 70 61";"—";"Участвует в конкурсе";"1906175";"—"
"2992";"3";"Электронное";"195000";"62 64 69";"—";"Участвует в конкурсе";"2181524";"—"
"2993";"19";"—";"195000";"51 74 70";"—";"Участвует в конкурсе";"2291838";"—"
"2994";"6";"—";"195000";"67 70 55";"3000";"Участвует в конкурсе";"992927";"—"
"2995";"5";"—";"195000";"70 64 55";"6000";"Участвует в конкурсе";"2017005";"—"
"2996";"6";"Электронное";"194000";"72 70 52";"—";"Участвует в конкурсе";"1185257";"—"
"2997";"26";"Электронное";"194000";"70 72 52";"—";"Участвует в конкурсе";"1153418";"—"
"2998";"5";"—";"194000";"64 78 52";"—";"Участвует в конкурсе";"1346908";"—"
"2999";"18";"—";"194000";"64 64 66";"—";"Участвует в конкурсе";"2395535";"—"
"3000";"4";"—";"194000";"56 80 58";"—";"Участвует в конкурсе";"1372758";"—"
"3001";"8";"Электронное";"194000";"56 80 58";"—";"Участвует в конкурсе";"1546239";"—"
"3002";"10";"—";"194000";"56 78 60";"—";"Участвует в конкурсе";"1364790";"—"
"3003";"19";"—";"194000";"56 72 66";"—";"Участвует в конкурсе";"1558821";"—"
"3004";"10";"Электронное";"194000";"55 70 69";"—";"Участвует в конкурсе";"1494639";"—"
"3005";"3";"—";"194000";"78 58 55";"3000";"Участвует в конкурсе";"2000673";"—"
"3006";"18";"—";"194000";"64 76 51";"3000";"Участвует в конкурсе";"1157585";"—"
"3007";"2";"Электронное";"193000";"75 58 60";"—";"Участвует в конкурсе";"1617099";"—"
"3008";"8";"Электронное";"193000";"67 72 54";"—";"Участвует в конкурсе";"1432633";"—"
"3009";"14";"Электронное";"193000";"64 78 51";"—";"Участвует в конкурсе";"1654999";"—"
"3010";"3";"—";"193000";"64 78 51";"—";"Участвует в конкурсе";"1534702";"—"
"3011";"13";"Электронное";"193000";"62 70 61";"—";"Участвует в конкурсе";"1501803";"—"
"3012";"5";"Электронное";"193000";"62 70 61";"—";"Участвует в конкурсе";"2100431";"—"
"3013";"19";"—";"193000";"59 70 64";"—";"Участвует в конкурсе";"1262169";"—"
"3014";"5";"—";"193000";"56 76 61";"—";"Участвует в конкурсе";"1583283";"—"
"3015";"5";"—";"193000";"80 58 52";"3000";"Участвует в конкурсе";"1579827";"—"
"3016";"9";"—";"193000";"72 58 60";"3000";"Участвует в конкурсе";"1323823";"—"
"3017";"16";"—";"193000";"64 70 54";"5000";"Участвует в конкурсе";"1645458";"—"
"3018";"12";"—";"193000";"62 70 55";"6000";"Участвует в конкурсе";"2203673";"—"
"3019";"13";"Электронное";"193000";"54 64 67";"8000";"Участвует в конкурсе";"2344188";"—"
"3020";"4";"—";"192000";"70 58 64";"—";"Участвует в конкурсе";"1634235";"—"
"3021";"1";"—";"192000";"70 58 64";"—";"Участвует в конкурсе";"2245991";"—"
"3023";"2";"Электронное";"192000";"64 74 54";"—";"Участвует в конкурсе";"2101551";"—"
"3024";"26";"Электронное";"192000";"64 64 64";"—";"Участвует в конкурсе";"1443188";"—"
"3025";"6";"Электронное";"192000";"64 64 64";"—";"Участвует в конкурсе";"957246";"—"
"3026";"19";"—";"192000";"62 72 58";"—";"Участвует в конкурсе";"2101160";"—"
"3027";"14";"—";"192000";"62 70 60";"—";"Участвует в конкурсе";"2314911";"—"
"3028";"8";"Электронное";"192000";"62 70 60";"—";"Участвует в конкурсе";"2328522";"—"
"3030";"6";"Электронное";"192000";"72 64 54";"2000";"Участвует в конкурсе";"2006948";"—"
"3031";"3";"Электронное";"192000";"51 70 69";"2000";"Участвует в конкурсе";"1535715";"—"
"3032";"4";"Электронное";"192000";"70 64 55";"3000";"Участвует в конкурсе";"2335662";"—"
"3034";"9";"Электронное";"191000";"70 58 63";"—";"Участвует в конкурсе";"2099618";"—"
"3035";"2";"—";"191000";"70 52 69";"—";"Участвует в конкурсе";"1754976";"—"
"3036";"19";"—";"191000";"64 76 51";"—";"Участвует в конкурсе";"1327711";"—"
"3037";"25";"Электронное";"191000";"64 70 57";"—";"Участвует в конкурсе";"1482169";"—"
"3038";"3";"—";"191000";"59 80 52";"—";"Участвует в конкурсе";"2297710";"—"
"3039";"4";"Электронное";"191000";"59 74 58";"—";"Участвует в конкурсе";"2206581";"—"
"3040";"4";"—";"191000";"54 74 63";"—";"Участвует в конкурсе";"1654122";"—"
"3041";"12";"—";"191000";"54 64 73";"—";"Участвует в конкурсе";"2142586";"—"
"3042";"11";"Электронное";"191000";"64 64 60";"3000";"Участвует в конкурсе";"1180542";"—"
"3043";"24";"Электронное";"191000";"51 74 63";"3000";"Участвует в конкурсе";"1333594";"—"
"3044";"6";"—";"191000";"56 64 61";"10000";"Участвует в конкурсе";"2005370";"—"
"3045";"9";"Электронное";"191000";"51 64 66";"10000";"Участвует в конкурсе";"2264400";"—"
"3046";"11";"—";"190000";"59 70 61";"—";"Участвует в конкурсе";"1359517";"—"
"3047";"5";"—";"190000";"59 70 61";"—";"Участвует в конкурсе";"2233795";"—"
"3048";"5";"—";"190000";"59 70 61";"—";"Участвует в конкурсе";"2295985";"—"
"3051";"7";"Электронное";"190000";"67 64 54";"5000";"Участвует в конкурсе";"1439113";"—"
"3053";"11";"—";"189000";"67 70 52";"—";"Участвует в конкурсе";"1560173";"—"
"3054";"14";"Электронное";"189000";"67 64 58";"—";"Участвует в конкурсе";"1258287";"—"
"3055";"25";"—";"189000";"64 74 51";"—";"Участвует в конкурсе";"1283997";"—"
"3056";"8";"—";"189000";"64 70 55";"—";"Участвует в конкурсе";"2287021";"—"
"3057";"16";"—";"189000";"62 72 55";"—";"Участвует в конкурсе";"1571062";"—"
"3058";"12";"—";"189000";"62 70 57";"—";"Участвует в конкурсе";"2329798";"—"
"3059";"5";"—";"189000";"59 70 60";"—";"Участвует в конкурсе";"1985034";"—"
"3060";"1";"—";"189000";"59 58 72";"—";"Участвует в конкурсе";"1618761";"—"
"3062";"12";"Электронное";"189000";"56 64 69";"—";"Участвует в конкурсе";"2156888";"—"
"3063";"9";"—";"189000";"51 78 60";"—";"Участвует в конкурсе";"1155409";"—"
"3064";"3";"—";"189000";"70 58 58";"3000";"Участвует в конкурсе";"1202558";"—"
"3066";"8";"—";"189000";"56 64 66";"3000";"Участвует в конкурсе";"2270002";"—"
"3067";"6";"—";"188000";"72 52 64";"—";"Участвует в конкурсе";"2170782";"—"
"3068";"12";"—";"188000";"67 64 57";"—";"Участвует в конкурсе";"1418271";"—"
"3069";"7";"—";"188000";"62 72 54";"—";"Участвует в конкурсе";"2184646";"—"
"3070";"15";"—";"188000";"62 72 54";"—";"Участвует в конкурсе";"2299247";"—"
"3071";"17";"Электронное";"188000";"59 72 57";"—";"Участвует в конкурсе";"1788095";"—"
"3072";"21";"—";"188000";"56 72 60";"—";"Участвует в конкурсе";"1330225";"—"
"3073";"7";"Электронное";"188000";"56 64 66";"2000";"Участвует в конкурсе";"2315176";"—"
"3074";"9";"Электронное";"188000";"64 64 57";"3000";"Участвует в конкурсе";"1317981";"—"
"3075";"6";"Электронное";"187000";"72 52 63";"—";"Участвует в конкурсе";"1999470";"—"
"3076";"19";"Электронное";"187000";"59 70 58";"—";"Участвует в конкурсе";"1470878";"—"
"3077";"3";"—";"187000";"59 70 58";"—";"Участвует в конкурсе";"1984536";"—"
"3078";"17";"Электронное";"187000";"59 70 58";"—";"Участвует в конкурсе";"2173671";"—"
"3079";"5";"—";"187000";"59 64 64";"—";"Участвует в конкурсе";"2394893";"—"
"3080";"7";"—";"187000";"59 58 70";"—";"Участвует в конкурсе";"1903244";"—"
"3081";"22";"—";"187000";"54 72 61";"—";"Участвует в конкурсе";"1958696";"—"
"3082";"8";"—";"187000";"51 74 60";"2000";"Участвует в конкурсе";"2179135";"—"
"3083";"8";"—";"187000";"75 58 51";"3000";"Участвует в конкурсе";"1441556";"—"
"3084";"9";"—";"187000";"54 70 60";"3000";"Участвует в конкурсе";"1851689";"—"
"3085";"3";"Электронное";"186000";"70 58 58";"—";"Участвует в конкурсе";"1675084";"—"
"3086";"5";"—";"186000";"64 58 64";"—";"Участвует в конкурсе";"2183534";"—"
"3087";"28";"—";"186000";"62 64 60";"—";"Участвует в конкурсе";"2344549";"—"
"3088";"1";"—";"186000";"59 64 63";"—";"Участвует в конкурсе";"1599964";"—"
"3089";"12";"Электронное";"186000";"56 70 60";"—";"Участвует в конкурсе";"1242081";"—"
"3090";"13";"Электронное";"186000";"54 74 58";"—";"Участвует в конкурсе";"2224997";"—"
"3091";"3";"—";"186000";"59 72 52";"3000";"Участвует в конкурсе";"1621357";"—"
"3092";"19";"—";"186000";"54 78 51";"3000";"Участвует в конкурсе";"1696864";"—"
"3093";"7";"Электронное";"186000";"59 58 64";"5000";"Участвует в конкурсе";"1028532";"—"
"3095";"5";"Электронное";"185000";"67 58 60";"—";"Участвует в конкурсе";"2171589";"—"
"3096";"7";"—";"185000";"59 74 52";"—";"Участвует в конкурсе";"2421447";"—"
"3097";"4";"—";"185000";"59 72 54";"—";"Участвует в конкурсе";"2238869";"—"
"3098";"10";"Электронное";"185000";"56 74 55";"—";"Участвует в конкурсе";"1292115";"—"
"3100";"1";"Электронное";"185000";"64 64 54";"3000";"Участвует в конкурсе";"1504686";"—"
"3101";"1";"Электронное";"185000";"51 78 51";"5000";"Участвует в конкурсе";"1554814";"—"
"3102";"11";"—";"185000";"62 52 61";"10000";"Участвует в конкурсе";"2054883";"—"
"3104";"19";"Электронное";"184000";"59 74 51";"—";"Участвует в конкурсе";"1003551";"—"
"3105";"21";"—";"184000";"59 58 67";"—";"Участвует в конкурсе";"1440783";"—"
"3106";"24";"—";"184000";"54 72 58";"—";"Участвует в конкурсе";"1833980";"—"
"3107";"3";"Электронное";"184000";"72 58 52";"2000";"Участвует в конкурсе";"1291929";"—"
"3108";"2";"Электронное";"183000";"70 52 61";"—";"Участвует в конкурсе";"1509479";"—"
"3109";"13";"—";"183000";"62 64 57";"—";"Участвует в конкурсе";"1361464";"—"
"3110";"5";"—";"183000";"59 72 52";"—";"Участвует в конкурсе";"1782030";"—"
"3111";"4";"Электронное";"183000";"59 70 54";"—";"Участвует в конкурсе";"2382667";"—"
"3112";"1";"—";"183000";"56 70 57";"—";"Участвует в конкурсе";"1720625";"—"
"3114";"8";"—";"183000";"56 70 57";"—";"Участвует в конкурсе";"2341631";"—"
"3115";"13";"—";"183000";"70 58 52";"3000";"Участвует в конкурсе";"2255620";"—"
"3116";"10";"—";"183000";"54 72 54";"3000";"Участвует в конкурсе";"1728710";"—"
"3117";"5";"—";"183000";"51 70 52";"10000";"Участвует в конкурсе";"2134981";"—"
"3118";"12";"Электронное";"182000";"67 64 51";"—";"Участвует в конкурсе";"1425140";"—"
"3119";"6";"—";"182000";"67 58 57";"—";"Участвует в конкурсе";"2307742";"—"
"3120";"24";"—";"182000";"59 72 51";"—";"Участвует в конкурсе";"1438104";"—"
"3121";"17";"—";"182000";"59 72 51";"—";"Участвует в конкурсе";"2218344";"—"
"3122";"10";"—";"182000";"54 74 54";"—";"Участвует в конкурсе";"2269787";"—"
"3123";"15";"—";"182000";"51 70 61";"—";"Участвует в конкурсе";"1215649";"—"
"3124";"5";"Электронное";"181000";"78 52 51";"—";"Участвует в конкурсе";"2227098";"—"
"3125";"8";"Электронное";"181000";"62 64 55";"—";"Участвует в конкурсе";"1640379";"—"
"3126";"24";"Электронное";"181000";"59 70 52";"—";"Участвует в конкурсе";"1261651";"—"
"3128";"7";"—";"181000";"54 58 69";"—";"Участвует в конкурсе";"1798024";"—"
"3129";"17";"—";"181000";"51 70 60";"—";"Участвует в конкурсе";"1893212";"—"
"3131";"11";"—";"181000";"67 52 60";"2000";"Участвует в конкурсе";"1285777";"—"
"3132";"13";"—";"181000";"59 58 54";"10000";"Участвует в конкурсе";"2419132";"—"
"3133";"1";"—";"180000";"59 64 57";"—";"Участвует в конкурсе";"2089136";"—"
"3136";"10";"—";"179000";"54 64 61";"—";"Участвует в конкурсе";"2018646";"—"
"3137";"9";"—";"179000";"54 64 61";"—";"Участвует в конкурсе";"2233572";"—"
"3138";"4";"—";"178000";"59 64 55";"—";"Участвует в конкурсе";"1239637";"—"
"3139";"22";"—";"178000";"56 70 52";"—";"Участвует в конкурсе";"1253238";"—"
"3140";"19";"—";"178000";"54 58 66";"—";"Участвует в конкурсе";"2274693";"—"
"3144";"4";"—";"177000";"59 64 51";"3000";"Участвует в конкурсе";"1259115";"—"
"3145";"5";"Электронное";"177000";"56 58 60";"3000";"Участвует в конкурсе";"2021196";"—"
"3147";"6";"—";"176000";"54 64 58";"—";"Участвует в конкурсе";"2320745";"—"
"3148";"9";"—";"176000";"54 64 58";"—";"Участвует в конкурсе";"2396330";"—"
"3149";"2";"—";"176000";"51 70 55";"—";"Участвует в конкурсе";"1211228";"—"
"3150";"16";"—";"176000";"56 64 54";"2000";"Участвует в конкурсе";"2197633";"—"
"3151";"14";"—";"176000";"54 58 61";"3000";"Участвует в конкурсе";"2341532";"—"
"3152";"14";"—";"175000";"56 64 55";"—";"Участвует в конкурсе";"1290286";"—"
"3153";"19";"—";"175000";"56 64 55";"—";"Участвует в конкурсе";"2000264";"—"
"3154";"8";"Электронное";"175000";"56 64 52";"3000";"Участвует в конкурсе";"1337567";"—"
"3155";"5";"—";"174000";"62 52 60";"—";"Участвует в конкурсе";"1346096";"—"
"3156";"17";"—";"174000";"59 64 51";"—";"Участвует в конкурсе";"1080048";"—"
"3157";"17";"Электронное";"174000";"56 58 60";"—";"Участвует в конкурсе";"1723435";"—"
"3158";"4";"—";"173000";"64 52 57";"—";"Участвует в конкурсе";"2003745";"—"
"3160";"5";"—";"173000";"54 58 61";"—";"Участвует в конкурсе";"1882656";"—"
"3161";"6";"—";"173000";"51 52 70";"—";"Участвует в конкурсе";"1855700";"—"
"3164";"20";"Электронное";"172000";"62 58 52";"—";"Участвует в конкурсе";"1851972";"—"
"3165";"21";"Электронное";"172000";"62 58 52";"—";"Участвует в конкурсе";"1329672";"—"
"3166";"18";"—";"172000";"51 64 57";"—";"Участвует в конкурсе";"1353932";"—"
"3167";"16";"—";"172000";"64 52 54";"2000";"Участвует в конкурсе";"1215825";"—"
"3168";"8";"—";"171000";"62 52 57";"—";"Участвует в конкурсе";"2394670";"—"
"3169";"10";"Электронное";"171000";"59 58 54";"—";"Участвует в конкурсе";"1910723";"—"
"3170";"10";"—";"171000";"56 64 51";"—";"Участвует в конкурсе";"1783279";"—"
"3171";"7";"—";"171000";"51 58 62";"—";"Участвует в конкурсе";"2274391";"—"
"3173";"6";"Электронное";"170000";"54 52 64";"—";"Участвует в конкурсе";"2268352";"—"
"3174";"20";"—";"170000";"51 52 63";"4000";"Участвует в конкурсе";"1614707";"—"
"3175";"10";"Электронное";"170000";"51 58 54";"7000";"Участвует в конкурсе";"1719088";"—"
"3176";"2";"Электронное";"169000";"56 52 61";"—";"Участвует в конкурсе";"1502834";"—"
"3178";"7";"—";"169000";"54 58 57";"—";"Участвует в конкурсе";"1777147";"—"
"3179";"16";"—";"168000";"56 52 60";"—";"Участвует в конкурсе";"2273348";"—"
"3180";"21";"—";"166000";"59 52 55";"—";"Участвует в конкурсе";"1153736";"—"
"3181";"16";"—";"165000";"56 58 51";"—";"Участвует в конкурсе";"1974876";"—"
"3182";"6";"—";"164000";"54 58 52";"—";"Участвует в конкурсе";"2311687";"—"
"3183";"6";"—";"163000";"54 52 57";"—";"Участвует в конкурсе";"2246710";"—"
"3184";"2";"—";"163000";"51 58 54";"—";"Участвует в конкурсе";"1791922";"—"
"3187";"4";"Электронное";"154000";"51 52 51";"—";"Участвует в конкурсе";"1394878";"—"
