"Порядковый номер";"Приоритет конкурса";"Подано согласие";"Сумма баллов";"Баллы за ВИ";"Баллы за ИД";"Статус";"Код поступающего";"Дата выбора конкурсной группы по Москве"
"1";"1";"Электронное";"1000";"x x x";"10000";"Участвует в конкурсе";"2092477";"—"
"2";"1";"Электронное";"1000";"x x x";"—";"Участвует в конкурсе";"1174688";"—"
"3";"1";"Электронное";"1000";"x x x";"10000";"Участвует в конкурсе";"1352320";"—"
"4";"1";"Электронное";"1000";"x x x";"10000";"Участвует в конкурсе";"1243009";"—"
"5";"16";"—";"310000";"100 100 100";"10000";"Участвует в конкурсе";"1728488";"—"
"6";"2";"—";"310000";"100 100 100";"10000";"Участвует в конкурсе";"1616947";"—"
"7";"1";"—";"306000";"99 100 97";"10000";"Участвует в конкурсе";"1916785";"—"
"8";"2";"—";"304000";"100 100 94";"10000";"Участвует в конкурсе";"1796316";"—"
"9";"9";"—";"304000";"100 94 100";"10000";"Участвует в конкурсе";"1455825";"—"
"10";"1";"Электронное";"304000";"94 100 100";"10000";"Участвует в конкурсе";"1706728";"—"
"11";"2";"—";"303000";"96 100 97";"10000";"Участвует в конкурсе";"1265834";"—"
"12";"4";"—";"303000";"95 98 100";"10000";"Участвует в конкурсе";"1746145";"—"
"13";"7";"—";"302000";"100 95 97";"10000";"Участвует в конкурсе";"1622830";"—"
"14";"2";"—";"302000";"95 100 97";"10000";"Участвует в конкурсе";"1880484";"—"
"15";"2";"—";"301000";"100 100 91";"10000";"Участвует в конкурсе";"1949750";"—"
"16";"10";"—";"301000";"98 93 100";"10000";"Участвует в конкурсе";"1821821";"—"
"17";"1";"—";"301000";"97 100 94";"10000";"Участвует в конкурсе";"1728529";"—"
"18";"6";"—";"301000";"94 100 97";"10000";"Участвует в конкурсе";"2246704";"—"
"19";"6";"—";"300000";"96 100 94";"10000";"Участвует в конкурсе";"999715";"—"
"20";"4";"—";"300000";"96 100 94";"10000";"Участвует в конкурсе";"1857991";"—"
"21";"3";"—";"300000";"90 100 100";"10000";"Участвует в конкурсе";"1626231";"—"
"22";"6";"—";"299000";"100 100 89";"10000";"Участвует в конкурсе";"1572403";"—"
"23";"5";"—";"299000";"100 100 89";"10000";"Участвует в конкурсе";"1626913";"—"
"24";"7";"—";"299000";"97 98 94";"10000";"Участвует в конкурсе";"1759318";"—"
"25";"2";"—";"299000";"96 96 97";"10000";"Участвует в конкурсе";"1515215";"—"
"26";"1";"—";"299000";"96 96 97";"10000";"Участвует в конкурсе";"1626983";"—"
"27";"7";"—";"299000";"94 98 97";"10000";"Участвует в конкурсе";"1793853";"—"
"28";"1";"—";"298000";"96 98 94";"10000";"Участвует в конкурсе";"1620419";"—"
"29";"1";"—";"298000";"96 98 94";"10000";"Участвует в конкурсе";"1721492";"—"
"30";"2";"—";"298000";"94 100 94";"10000";"Участвует в конкурсе";"1257888";"—"
"31";"9";"—";"297000";"98 100 89";"10000";"Участвует в конкурсе";"1656452";"—"
"32";"7";"—";"297000";"98 98 91";"10000";"Участвует в конкурсе";"1722523";"—"
"33";"2";"—";"297000";"97 96 94";"10000";"Участвует в конкурсе";"1826163";"—"
"34";"3";"—";"297000";"96 100 91";"10000";"Участвует в конкурсе";"1358374";"—"
"35";"2";"—";"297000";"95 98 94";"10000";"Участвует в конкурсе";"1503874";"—"
"36";"7";"—";"297000";"90 100 97";"10000";"Участвует в конкурсе";"1623781";"—"
"37";"1";"—";"296000";"100 100 86";"10000";"Участвует в конкурсе";"1330490";"—"
"38";"4";"Электронное";"296000";"100 100 86";"10000";"Участвует в конкурсе";"1497854";"—"
"39";"3";"—";"296000";"100 100 86";"10000";"Участвует в конкурсе";"1903641";"—"
"40";"6";"—";"296000";"100 100 86";"10000";"Участвует в конкурсе";"1642393";"—"
"41";"5";"—";"296000";"97 100 89";"10000";"Участвует в конкурсе";"1258073";"—"
"42";"2";"—";"296000";"97 98 91";"10000";"Участвует в конкурсе";"1207579";"—"
"43";"6";"—";"296000";"97 98 91";"10000";"Участвует в конкурсе";"1519105";"—"
"44";"4";"—";"296000";"97 98 91";"10000";"Участвует в конкурсе";"2221996";"—"
"45";"2";"—";"296000";"95 100 91";"10000";"Участвует в конкурсе";"1670063";"—"
"46";"15";"—";"296000";"94 98 94";"10000";"Участвует в конкурсе";"1721069";"—"
"47";"3";"Электронное";"296000";"94 95 97";"10000";"Участвует в конкурсе";"1825401";"—"
"48";"5";"—";"296000";"92 100 94";"10000";"Участвует в конкурсе";"1274250";"—"
"49";"9";"—";"295000";"98 98 89";"10000";"Участвует в конкурсе";"1637116";"—"
"50";"6";"—";"295000";"96 100 89";"10000";"Участвует в конкурсе";"1399276";"—"
"51";"6";"—";"295000";"96 98 91";"10000";"Участвует в конкурсе";"1650598";"—"
"52";"2";"—";"295000";"95 96 94";"10000";"Участвует в конкурсе";"1133665";"—"
"53";"4";"—";"295000";"95 93 97";"10000";"Участвует в конкурсе";"1489031";"—"
"54";"9";"—";"294000";"100 100 91";"3000";"Участвует в конкурсе";"1469666";"—"
"55";"2";"—";"294000";"100 98 86";"10000";"Участвует в конкурсе";"1445216";"—"
"56";"2";"—";"294000";"100 95 89";"10000";"Участвует в конкурсе";"1908016";"—"
"57";"19";"—";"294000";"97 98 89";"10000";"Участвует в конкурсе";"1076436";"—"
"58";"3";"—";"294000";"97 96 91";"10000";"Участвует в конкурсе";"1355282";"—"
"59";"4";"—";"294000";"95 100 89";"10000";"Участвует в конкурсе";"1797881";"—"
"61";"6";"Электронное";"294000";"92 95 97";"10000";"Участвует в конкурсе";"1179087";"—"
"62";"7";"—";"294000";"92 95 97";"10000";"Участвует в конкурсе";"1527837";"—"
"64";"3";"—";"293000";"99 92 97";"5000";"Участвует в конкурсе";"2015688";"—"
"65";"3";"Электронное";"293000";"100 93 94";"6000";"Участвует в конкурсе";"2218242";"—"
"66";"5";"—";"293000";"100 100 83";"10000";"Участвует в конкурсе";"1412783";"—"
"67";"3";"—";"293000";"100 100 83";"10000";"Участвует в конкурсе";"1571604";"—"
"68";"5";"—";"293000";"100 100 83";"10000";"Участвует в конкурсе";"1696877";"—"
"69";"5";"—";"293000";"100 100 83";"10000";"Участвует в конкурсе";"1246797";"—"
"70";"4";"—";"293000";"99 95 89";"10000";"Участвует в конкурсе";"2202992";"—"
"71";"10";"—";"293000";"96 93 94";"10000";"Участвует в конкурсе";"1650447";"—"
"72";"8";"—";"293000";"94 100 89";"10000";"Участвует в конкурсе";"1577273";"—"
"74";"5";"—";"293000";"94 95 94";"10000";"Участвует в конкурсе";"2225304";"—"
"75";"5";"—";"293000";"92 100 91";"10000";"Участвует в конкурсе";"1177734";"—"
"77";"8";"—";"293000";"86 100 97";"10000";"Участвует в конкурсе";"2135071";"—"
"78";"12";"—";"292000";"98 100 94";"—";"Участвует в конкурсе";"1295980";"—"
"79";"5";"—";"292000";"100 100 89";"3000";"Участвует в конкурсе";"1626093";"—"
"80";"3";"—";"292000";"100 88 94";"10000";"Участвует в конкурсе";"1726814";"—"
"82";"3";"—";"292000";"98 93 91";"10000";"Участвует в конкурсе";"1355240";"—"
"83";"5";"—";"292000";"97 96 89";"10000";"Участвует в конкурсе";"1983283";"—"
"84";"6";"—";"292000";"95 93 94";"10000";"Участвует в конкурсе";"1777594";"—"
"85";"2";"—";"292000";"88 94 100";"10000";"Участвует в конкурсе";"2128187";"—"
"86";"3";"—";"291000";"100 100 91";"—";"Участвует в конкурсе";"1173359";"—"
"87";"7";"—";"291000";"94 100 94";"3000";"Участвует в конкурсе";"1928200";"—"
"88";"3";"—";"291000";"100 100 83";"8000";"Участвует в конкурсе";"1355618";"—"
"89";"4";"—";"291000";"100 98 83";"10000";"Участвует в конкурсе";"1364152";"—"
"90";"5";"—";"291000";"100 95 86";"10000";"Участвует в конкурсе";"1439590";"—"
"91";"13";"—";"291000";"98 100 83";"10000";"Участвует в конкурсе";"1948659";"—"
"92";"1";"—";"291000";"97 95 89";"10000";"Участвует в конкурсе";"1211837";"—"
"94";"3";"—";"291000";"94 98 89";"10000";"Участвует в конкурсе";"1692237";"—"
"95";"6";"—";"291000";"94 98 89";"10000";"Участвует в конкурсе";"1390680";"—"
"96";"4";"—";"291000";"94 96 91";"10000";"Участвует в конкурсе";"1722994";"—"
"97";"12";"—";"290000";"100 98 89";"3000";"Участвует в конкурсе";"2255558";"—"
"98";"3";"Электронное";"290000";"96 93 91";"10000";"Участвует в конкурсе";"1584715";"—"
"99";"4";"Электронное";"290000";"96 93 91";"10000";"Участвует в конкурсе";"1157172";"—"
"100";"7";"Электронное";"290000";"96 93 91";"10000";"Участвует в конкурсе";"1685396";"—"
"101";"8";"—";"290000";"95 88 97";"10000";"Участвует в конкурсе";"2005775";"—"
"102";"3";"—";"290000";"95 85 100";"10000";"Участвует в конкурсе";"1208331";"—"
"103";"5";"Электронное";"290000";"94 100 86";"10000";"Участвует в конкурсе";"1559434";"—"
"104";"7";"—";"290000";"94 100 86";"10000";"Участвует в конкурсе";"2132667";"—"
"105";"3";"—";"290000";"94 95 91";"10000";"Участвует в конкурсе";"1208619";"—"
"106";"3";"—";"290000";"94 95 91";"10000";"Участвует в конкурсе";"1440961";"—"
"107";"4";"—";"290000";"94 92 94";"10000";"Участвует в конкурсе";"1435636";"—"
"108";"7";"—";"290000";"92 88 100";"10000";"Участвует в конкурсе";"1832141";"—"
"109";"10";"—";"290000";"90 93 97";"10000";"Участвует в конкурсе";"1983588";"—"
"111";"2";"—";"289000";"100 96 83";"10000";"Участвует в конкурсе";"1692484";"—"
"112";"5";"Электронное";"289000";"100 93 86";"10000";"Участвует в конкурсе";"1364621";"—"
"113";"4";"—";"289000";"95 93 91";"10000";"Участвует в конкурсе";"1212339";"—"
"114";"2";"Электронное";"289000";"92 96 91";"10000";"Участвует в конкурсе";"1719539";"—"
"115";"5";"—";"289000";"86 93 100";"10000";"Участвует в конкурсе";"1781993";"—"
"116";"14";"Электронное";"288000";"97 98 83";"10000";"Участвует в конкурсе";"1496139";"—"
"117";"1";"—";"288000";"97 90 91";"10000";"Участвует в конкурсе";"1606843";"—"
"118";"2";"—";"288000";"96 96 86";"10000";"Участвует в конкурсе";"1521692";"—"
"120";"8";"—";"288000";"96 96 86";"10000";"Участвует в конкурсе";"1963734";"—"
"121";"2";"—";"288000";"95 94 89";"10000";"Участвует в конкурсе";"1722367";"—"
"122";"10";"—";"288000";"95 83 100";"10000";"Участвует в конкурсе";"2170713";"—"
"123";"2";"Электронное";"288000";"90 94 94";"10000";"Участвует в конкурсе";"1311724";"—"
"125";"3";"—";"288000";"88 96 94";"10000";"Участвует в конкурсе";"1429917";"—"
"126";"6";"—";"287000";"100 96 91";"—";"Участвует в конкурсе";"2310074";"—"
"127";"2";"—";"287000";"98 98 91";"—";"Участвует в конкурсе";"2126655";"—"
"128";"8";"—";"287000";"98 100 86";"3000";"Участвует в конкурсе";"1717945";"—"
"129";"7";"—";"287000";"98 95 91";"3000";"Участвует в конкурсе";"1619871";"—"
"130";"2";"—";"287000";"92 98 94";"3000";"Участвует в конкурсе";"1000388";"—"
"132";"1";"—";"287000";"99 95 83";"10000";"Участвует в конкурсе";"1625944";"—"
"133";"6";"—";"287000";"98 96 83";"10000";"Участвует в конкурсе";"1309855";"—"
"134";"3";"—";"287000";"98 88 91";"10000";"Участвует в конкурсе";"1363192";"—"
"135";"14";"—";"287000";"96 95 86";"10000";"Участвует в конкурсе";"1652121";"—"
"136";"3";"—";"287000";"95 93 89";"10000";"Участвует в конкурсе";"1610878";"—"
"137";"3";"—";"287000";"94 94 89";"10000";"Участвует в конкурсе";"2043412";"—"
"138";"3";"—";"287000";"94 94 89";"10000";"Участвует в конкурсе";"1731233";"—"
"139";"3";"—";"287000";"92 96 89";"10000";"Участвует в конкурсе";"2101488";"—"
"140";"12";"—";"287000";"90 90 97";"10000";"Участвует в конкурсе";"1797988";"—"
"142";"5";"—";"287000";"88 100 89";"10000";"Участвует в конкурсе";"1911337";"—"
"143";"21";"—";"286000";"92 100 94";"—";"Участвует в конкурсе";"1995422";"—"
"144";"1";"—";"286000";"97 93 89";"7000";"Участвует в конкурсе";"2192088";"—"
"145";"1";"—";"286000";"97 96 83";"10000";"Участвует в конкурсе";"2374555";"—"
"146";"10";"—";"286000";"97 90 89";"10000";"Участвует в конкурсе";"1697232";"—"
"147";"2";"—";"286000";"95 95 86";"10000";"Участвует в конкурсе";"1556038";"—"
"148";"1";"Электронное";"286000";"92 98 86";"10000";"Участвует в конкурсе";"1964282";"—"
"149";"7";"—";"286000";"90 95 91";"10000";"Участвует в конкурсе";"1341064";"—"
"150";"3";"—";"285000";"96 98 91";"—";"Участвует в конкурсе";"1592224";"—"
"151";"2";"—";"285000";"90 98 97";"—";"Участвует в конкурсе";"1593902";"—"
"152";"10";"—";"285000";"100 100 75";"10000";"Участвует в конкурсе";"1173924";"—"
"153";"20";"—";"285000";"100 100 75";"10000";"Участвует в конкурсе";"1902100";"—"
"154";"5";"—";"285000";"100 100 75";"10000";"Участвует в конкурсе";"1419266";"—"
"155";"15";"—";"285000";"99 90 86";"10000";"Участвует в конкурсе";"1795014";"—"
"156";"6";"—";"285000";"96 98 81";"10000";"Участвует в конкурсе";"1559272";"—"
"157";"11";"—";"285000";"96 93 86";"10000";"Участвует в конкурсе";"1731155";"—"
"158";"17";"—";"285000";"94 100 81";"10000";"Участвует в конкурсе";"1904436";"—"
"159";"16";"—";"285000";"94 92 89";"10000";"Участвует в конкурсе";"1338650";"—"
"160";"7";"—";"285000";"94 90 91";"10000";"Участвует в конкурсе";"1607343";"—"
"161";"11";"—";"285000";"86 100 89";"10000";"Участвует в конкурсе";"1158719";"—"
"163";"2";"—";"284000";"92 100 89";"3000";"Участвует в конкурсе";"1774973";"—"
"164";"1";"—";"284000";"90 100 86";"8000";"Участвует в конкурсе";"1910194";"—"
"165";"2";"—";"284000";"95 93 86";"10000";"Участвует в конкурсе";"1987836";"—"
"166";"11";"—";"284000";"95 88 91";"10000";"Участвует в конкурсе";"1349655";"—"
"167";"8";"Электронное";"284000";"95 88 91";"10000";"Участвует в конкурсе";"1576211";"—"
"168";"3";"Электронное";"284000";"94 94 86";"10000";"Участвует в конкурсе";"1503903";"—"
"169";"3";"—";"284000";"92 93 89";"10000";"Участвует в конкурсе";"1433399";"—"
"170";"15";"Электронное";"284000";"90 98 86";"10000";"Участвует в конкурсе";"1701255";"—"
"171";"7";"—";"284000";"90 90 94";"10000";"Участвует в конкурсе";"2098474";"—"
"172";"5";"—";"284000";"90 90 94";"10000";"Участвует в конкурсе";"1202897";"—"
"173";"1";"—";"284000";"90 84 100";"10000";"Участвует в конкурсе";"1286855";"—"
"174";"2";"—";"284000";"88 92 94";"10000";"Участвует в конкурсе";"2222710";"—"
"175";"5";"—";"284000";"84 93 97";"10000";"Участвует в конкурсе";"1792138";"—"
"176";"3";"Электронное";"283000";"86 100 97";"—";"Участвует в конкурсе";"1621676";"—"
"177";"6";"—";"283000";"100 98 83";"2000";"Участвует в конкурсе";"1717299";"—"
"178";"4";"Электронное";"283000";"100 95 78";"10000";"Участвует в конкурсе";"2335701";"—"
"179";"6";"—";"283000";"100 82 91";"10000";"Участвует в конкурсе";"1441768";"—"
"180";"2";"Электронное";"283000";"98 92 83";"10000";"Участвует в конкурсе";"2184722";"—"
"181";"10";"Электронное";"283000";"97 93 83";"10000";"Участвует в конкурсе";"2341830";"—"
"182";"12";"—";"283000";"96 83 94";"10000";"Участвует в конкурсе";"2344048";"—"
"183";"2";"Электронное";"283000";"95 95 83";"10000";"Участвует в конкурсе";"1993742";"—"
"184";"4";"—";"283000";"94 98 81";"10000";"Участвует в конкурсе";"2034372";"—"
"185";"4";"—";"283000";"94 93 86";"10000";"Участвует в конкурсе";"1858535";"—"
"186";"8";"Электронное";"283000";"94 90 89";"10000";"Участвует в конкурсе";"1572222";"—"
"187";"7";"—";"283000";"94 90 89";"10000";"Участвует в конкурсе";"2310631";"—"
"188";"7";"—";"283000";"94 90 89";"10000";"Участвует в конкурсе";"1417121";"—"
"189";"6";"Электронное";"283000";"92 95 86";"10000";"Участвует в конкурсе";"1991893";"—"
"190";"2";"—";"283000";"90 100 83";"10000";"Участвует в конкурсе";"1416843";"—"
"191";"7";"—";"283000";"90 100 83";"10000";"Участвует в конкурсе";"1138653";"—"
"192";"8";"—";"283000";"88 96 89";"10000";"Участвует в конкурсе";"2201985";"—"
"193";"4";"Электронное";"283000";"86 93 94";"10000";"Участвует в конкурсе";"1339325";"—"
"194";"2";"Электронное";"283000";"84 100 89";"10000";"Участвует в конкурсе";"1785186";"—"
"195";"3";"—";"283000";"82 94 97";"10000";"Участвует в конкурсе";"1042728";"—"
"196";"3";"—";"282000";"94 94 94";"—";"Участвует в конкурсе";"1492842";"—"
"197";"2";"Электронное";"282000";"100 90 89";"3000";"Участвует в конкурсе";"1437643";"—"
"198";"2";"—";"282000";"97 96 86";"3000";"Участвует в конкурсе";"1766211";"—"
"199";"2";"—";"282000";"96 100 83";"3000";"Участвует в конкурсе";"1945744";"—"
"200";"4";"—";"282000";"96 93 83";"10000";"Участвует в конкурсе";"1360109";"—"
"201";"7";"—";"282000";"95 88 89";"10000";"Участвует в конкурсе";"2306855";"—"
"202";"1";"—";"282000";"94 92 86";"10000";"Участвует в конкурсе";"1233605";"—"
"203";"8";"—";"282000";"90 96 86";"10000";"Участвует в конкурсе";"1311692";"—"
"204";"2";"—";"282000";"90 88 94";"10000";"Участвует в конкурсе";"1571115";"—"
"205";"3";"—";"282000";"86 100 86";"10000";"Участвует в конкурсе";"1635727";"—"
"206";"2";"—";"282000";"86 100 86";"10000";"Участвует в конкурсе";"1080199";"—"
"207";"11";"—";"282000";"86 95 91";"10000";"Участвует в конкурсе";"2229474";"—"
"208";"6";"—";"282000";"82 96 94";"10000";"Участвует в конкурсе";"1623836";"—"
"209";"21";"—";"281000";"99 88 94";"—";"Участвует в конкурсе";"1596795";"—"
"210";"1";"—";"281000";"98 94 89";"—";"Участвует в конкурсе";"1140298";"—"
"212";"2";"—";"281000";"100 95 83";"3000";"Участвует в конкурсе";"1465781";"—"
"213";"2";"Электронное";"281000";"88 90 100";"3000";"Участвует в конкурсе";"968321";"—"
"214";"5";"Электронное";"281000";"86 93 97";"5000";"Участвует в конкурсе";"1836053";"—"
"215";"1";"—";"281000";"84 94 94";"9000";"Участвует в конкурсе";"1191316";"—"
"216";"2";"—";"281000";"100 90 81";"10000";"Участвует в конкурсе";"1351612";"—"
"217";"12";"—";"281000";"98 95 78";"10000";"Участвует в конкурсе";"2226145";"—"
"218";"4";"—";"281000";"97 85 89";"10000";"Участвует в конкурсе";"1630090";"—"
"220";"10";"—";"281000";"96 94 81";"10000";"Участвует в конкурсе";"2246402";"—"
"221";"5";"—";"281000";"95 93 83";"10000";"Участвует в конкурсе";"1570186";"—"
"223";"15";"—";"281000";"94 96 81";"10000";"Участвует в конкурсе";"1637333";"—"
"224";"2";"—";"281000";"92 98 81";"10000";"Участвует в конкурсе";"1273105";"—"
"225";"2";"—";"281000";"92 98 81";"10000";"Участвует в конкурсе";"1349901";"—"
"227";"4";"Электронное";"281000";"92 90 89";"10000";"Участвует в конкурсе";"1622023";"—"
"228";"1";"—";"281000";"90 95 86";"10000";"Участвует в конкурсе";"1995322";"—"
"229";"2";"Электронное";"281000";"84 93 94";"10000";"Участвует в конкурсе";"1301917";"—"
"230";"2";"—";"281000";"82 92 97";"10000";"Участвует в конкурсе";"1954385";"—"
"231";"8";"Электронное";"280000";"99 98 83";"—";"Участвует в конкурсе";"1858113";"—"
"232";"4";"—";"280000";"95 94 91";"—";"Участвует в конкурсе";"1907930";"—"
"233";"17";"—";"280000";"90 96 91";"3000";"Участвует в конкурсе";"1042667";"—"
"234";"12";"—";"280000";"96 85 91";"8000";"Участвует в конкурсе";"1472779";"—"
"235";"2";"Электронное";"280000";"97 95 78";"10000";"Участвует в конкурсе";"1258258";"—"
"236";"6";"—";"280000";"96 88 86";"10000";"Участвует в конкурсе";"1439099";"—"
"237";"1";"—";"280000";"95 100 75";"10000";"Участвует в конкурсе";"1043591";"—"
"238";"2";"—";"280000";"94 85 91";"10000";"Участвует в конкурсе";"1575213";"—"
"239";"3";"—";"280000";"92 92 86";"10000";"Участвует в конкурсе";"1515962";"—"
"240";"22";"—";"280000";"88 96 86";"10000";"Участвует в конкурсе";"1758000";"—"
"241";"6";"—";"280000";"88 88 94";"10000";"Участвует в конкурсе";"2030722";"—"
"242";"5";"—";"280000";"88 88 94";"10000";"Участвует в конкурсе";"1857453";"—"
"243";"8";"Электронное";"280000";"86 93 91";"10000";"Участвует в конкурсе";"1780617";"—"
"244";"12";"—";"280000";"86 90 94";"10000";"Участвует в конкурсе";"2132689";"—"
"245";"17";"Электронное";"280000";"76 100 94";"10000";"Участвует в конкурсе";"975571";"—"
"246";"10";"Электронное";"279000";"100 88 91";"—";"Участвует в конкурсе";"1641164";"—"
"247";"5";"—";"279000";"97 93 89";"—";"Участвует в конкурсе";"2154111";"—"
"249";"2";"—";"279000";"82 100 97";"—";"Участвует в конкурсе";"1555349";"—"
"250";"6";"—";"279000";"100 95 81";"3000";"Участвует в конкурсе";"2170450";"—"
"251";"5";"—";"279000";"94 100 81";"4000";"Участвует в конкурсе";"1621706";"—"
"252";"2";"—";"279000";"100 96 73";"10000";"Участвует в конкурсе";"1412829";"—"
"253";"6";"Электронное";"279000";"98 85 86";"10000";"Участвует в конкурсе";"1699066";"—"
"254";"4";"—";"279000";"96 79 94";"10000";"Участвует в конкурсе";"2132336";"—"
"255";"12";"—";"279000";"95 85 89";"10000";"Участвует в конкурсе";"1562867";"—"
"256";"4";"—";"279000";"95 80 94";"10000";"Участвует в конкурсе";"1858422";"—"
"257";"5";"—";"279000";"94 94 81";"10000";"Участвует в конкурсе";"1797665";"—"
"258";"3";"—";"279000";"92 88 89";"10000";"Участвует в конкурсе";"1983223";"—"
"259";"2";"—";"279000";"92 88 89";"10000";"Участвует в конкурсе";"1910974";"—"
"260";"20";"—";"279000";"90 98 81";"10000";"Участвует в конкурсе";"1512113";"—"
"261";"2";"—";"279000";"90 96 83";"10000";"Участвует в конкурсе";"1213243";"—"
"263";"4";"—";"279000";"90 90 89";"10000";"Участвует в конкурсе";"1204940";"—"
"264";"1";"—";"279000";"88 100 81";"10000";"Участвует в конкурсе";"1929662";"—"
"265";"2";"Электронное";"279000";"88 98 83";"10000";"Участвует в конкурсе";"2149824";"—"
"266";"3";"Электронное";"279000";"88 90 91";"10000";"Участвует в конкурсе";"1770345";"—"
"268";"2";"—";"279000";"86 86 97";"10000";"Участвует в конкурсе";"1574878";"—"
"269";"11";"Электронное";"279000";"82 98 89";"10000";"Участвует в конкурсе";"1190107";"—"
"270";"8";"Электронное";"279000";"82 93 94";"10000";"Участвует в конкурсе";"1213226";"—"
"271";"8";"—";"278000";"94 93 91";"—";"Участвует в конкурсе";"1560550";"—"
"272";"3";"—";"278000";"100 94 81";"3000";"Участвует в конкурсе";"1903568";"—"
"273";"2";"Электронное";"278000";"92 100 78";"8000";"Участвует в конкурсе";"1891549";"—"
"274";"5";"Электронное";"278000";"100 90 78";"10000";"Участвует в конкурсе";"1716050";"—"
"275";"2";"—";"278000";"98 100 70";"10000";"Участвует в конкурсе";"1811799";"—"
"277";"1";"—";"278000";"95 84 89";"10000";"Участвует в конкурсе";"1692555";"—"
"278";"3";"Электронное";"278000";"94 93 81";"10000";"Участвует в конкурсе";"1424451";"—"
"279";"2";"—";"278000";"92 93 83";"10000";"Участвует в конкурсе";"1552281";"—"
"280";"6";"—";"278000";"92 90 86";"10000";"Участвует в конкурсе";"1052984";"—"
"281";"1";"Электронное";"278000";"92 90 86";"10000";"Участвует в конкурсе";"2270132";"—"
"282";"4";"Электронное";"278000";"92 85 91";"10000";"Участвует в конкурсе";"2255679";"—"
"283";"12";"—";"278000";"90 100 78";"10000";"Участвует в конкурсе";"1847978";"—"
"285";"2";"—";"278000";"88 86 94";"10000";"Участвует в конкурсе";"1043559";"—"
"286";"2";"—";"278000";"86 88 94";"10000";"Участвует в конкурсе";"1793216";"—"
"287";"1";"—";"278000";"86 85 97";"10000";"Участвует в конкурсе";"1326649";"—"
"288";"13";"—";"277000";"96 95 86";"—";"Участвует в конкурсе";"2169173";"—"
"289";"8";"—";"277000";"88 95 94";"—";"Участвует в конкурсе";"1354207";"—"
"290";"1";"Электронное";"277000";"97 88 89";"3000";"Участвует в конкурсе";"2092008";"—"
"291";"9";"—";"277000";"100 94 78";"5000";"Участвует в конкурсе";"1934074";"—"
"292";"11";"—";"277000";"90 90 89";"8000";"Участвует в конкурсе";"2184132";"—"
"293";"11";"Электронное";"277000";"96 88 83";"10000";"Участвует в конкурсе";"2180524";"—"
"294";"15";"—";"277000";"92 94 81";"10000";"Участвует в конкурсе";"1116560";"—"
"295";"10";"—";"277000";"92 94 81";"10000";"Участвует в конкурсе";"1176755";"—"
"296";"2";"Электронное";"277000";"92 92 83";"10000";"Участвует в конкурсе";"1635961";"—"
"297";"4";"—";"277000";"90 88 89";"10000";"Участвует в конкурсе";"1779521";"—"
"298";"2";"—";"277000";"90 86 91";"10000";"Участвует в конкурсе";"2069703";"—"
"299";"1";"—";"277000";"90 86 91";"10000";"Участвует в конкурсе";"2033142";"—"
"300";"8";"—";"277000";"90 77 100";"10000";"Участвует в конкурсе";"1627219";"—"
"301";"2";"—";"277000";"88 93 86";"10000";"Участвует в конкурсе";"1430542";"—"
"302";"5";"Электронное";"277000";"88 90 89";"10000";"Участвует в конкурсе";"1639368";"—"
"303";"1";"Электронное";"277000";"88 90 89";"10000";"Участвует в конкурсе";"1291704";"—"
"304";"2";"—";"277000";"88 90 89";"10000";"Участвует в конкурсе";"1367091";"—"
"305";"2";"—";"277000";"88 90 89";"10000";"Участвует в конкурсе";"1677027";"—"
"306";"8";"—";"277000";"88 88 91";"10000";"Участвует в конкурсе";"1710949";"—"
"307";"4";"—";"277000";"86 92 89";"10000";"Участвует в конкурсе";"2215471";"—"
"308";"11";"—";"277000";"86 90 91";"10000";"Участвует в конкурсе";"1637381";"—"
"311";"2";"Электронное";"277000";"82 88 97";"10000";"Участвует в конкурсе";"1992132";"—"
"312";"8";"—";"276000";"94 96 86";"—";"Участвует в конкурсе";"1654057";"—"
"313";"3";"—";"276000";"95 98 81";"2000";"Участвует в конкурсе";"2051226";"—"
"314";"19";"—";"276000";"94 90 89";"3000";"Участвует в конкурсе";"1472335";"—"
"315";"4";"—";"276000";"94 88 91";"3000";"Участвует в конкурсе";"1916259";"—"
"316";"4";"—";"276000";"92 100 81";"3000";"Участвует в конкурсе";"1997980";"—"
"317";"3";"—";"276000";"92 90 91";"3000";"Участвует в конкурсе";"2311723";"—"
"318";"5";"—";"276000";"86 96 91";"3000";"Участвует в конкурсе";"1514349";"—"
"319";"18";"—";"276000";"99 88 83";"6000";"Участвует в конкурсе";"2046782";"—"
"320";"16";"—";"276000";"90 96 83";"7000";"Участвует в конкурсе";"1201008";"—"
"321";"7";"Электронное";"276000";"97 98 73";"8000";"Участвует в конкурсе";"1501343";"—"
"322";"6";"—";"276000";"100 88 78";"10000";"Участвует в конкурсе";"1939587";"—"
"323";"7";"—";"276000";"99 86 81";"10000";"Участвует в конкурсе";"2206364";"—"
"324";"9";"Электронное";"276000";"97 88 81";"10000";"Участвует в конкурсе";"1364856";"—"
"325";"3";"Электронное";"276000";"90 90 86";"10000";"Участвует в конкурсе";"1634337";"—"
"326";"9";"Электронное";"276000";"90 85 91";"10000";"Участвует в конкурсе";"1367047";"—"
"328";"12";"—";"276000";"84 85 97";"10000";"Участвует в конкурсе";"2185143";"—"
"331";"1";"—";"275000";"100 92 83";"—";"Участвует в конкурсе";"1747859";"—"
"332";"8";"—";"275000";"99 98 78";"—";"Участвует в конкурсе";"2338031";"—"
"333";"21";"—";"275000";"96 98 81";"—";"Участвует в конкурсе";"1624563";"—"
"334";"12";"—";"275000";"94 98 83";"—";"Участвует в конкурсе";"962624";"—"
"335";"9";"—";"275000";"88 90 97";"—";"Участвует в конкурсе";"1513110";"—"
"336";"1";"—";"275000";"84 93 98";"—";"Участвует в конкурсе";"2254514";"—"
"337";"10";"Электронное";"275000";"88 95 89";"3000";"Участвует в конкурсе";"2305661";"—"
"338";"13";"—";"275000";"84 96 89";"6000";"Участвует в конкурсе";"2141747";"—"
"339";"2";"—";"275000";"99 83 83";"10000";"Участвует в конкурсе";"1399850";"—"
"340";"6";"—";"275000";"94 88 83";"10000";"Участвует в конкурсе";"1933178";"—"
"341";"1";"—";"275000";"94 88 83";"10000";"Участвует в конкурсе";"2267574";"—"
"342";"2";"—";"275000";"88 83 94";"10000";"Участвует в конкурсе";"2141022";"—"
"343";"1";"—";"275000";"86 96 83";"10000";"Участвует в конкурсе";"1100542";"—"
"344";"7";"—";"275000";"86 90 89";"10000";"Участвует в конкурсе";"1849042";"—"
"345";"11";"—";"275000";"86 88 91";"10000";"Участвует в конкурсе";"1462986";"—"
"346";"12";"—";"275000";"84 100 81";"10000";"Участвует в конкурсе";"2163940";"—"
"347";"2";"—";"275000";"84 92 89";"10000";"Участвует в конкурсе";"1582327";"—"
"348";"10";"—";"275000";"84 90 91";"10000";"Участвует в конкурсе";"1476067";"—"
"349";"1";"Электронное";"275000";"76 95 94";"10000";"Участвует в конкурсе";"1575747";"—"
"350";"2";"—";"274000";"95 90 89";"—";"Участвует в конкурсе";"1876104";"—"
"351";"1";"—";"274000";"86 94 94";"—";"Участвует в конкурсе";"1434959";"—"
"352";"2";"—";"274000";"100 88 83";"3000";"Участвует в конкурсе";"1603624";"—"
"353";"1";"—";"274000";"92 90 89";"3000";"Участвует в конкурсе";"2178036";"—"
"354";"4";"Электронное";"274000";"88 94 89";"3000";"Участвует в конкурсе";"1480187";"—"
"356";"2";"—";"274000";"100 83 81";"10000";"Участвует в конкурсе";"1417195";"—"
"357";"22";"—";"274000";"92 100 72";"10000";"Участвует в конкурсе";"1641421";"—"
"358";"19";"Электронное";"274000";"92 78 94";"10000";"Участвует в конкурсе";"1796618";"—"
"359";"8";"—";"274000";"90 83 91";"10000";"Участвует в конкурсе";"2134939";"—"
"360";"5";"Электронное";"274000";"90 80 94";"10000";"Участвует в конкурсе";"2180549";"—"
"361";"10";"—";"274000";"90 80 94";"10000";"Участвует в конкурсе";"1260223";"—"
"362";"19";"—";"274000";"88 98 78";"10000";"Участвует в конкурсе";"1987159";"—"
"363";"11";"—";"274000";"88 90 86";"10000";"Участвует в конкурсе";"1215320";"—"
"364";"1";"—";"274000";"88 85 91";"10000";"Участвует в конкурсе";"1963924";"—"
"365";"2";"Электронное";"274000";"84 94 86";"10000";"Участвует в конкурсе";"1716055";"—"
"366";"1";"Электронное";"274000";"82 88 94";"10000";"Участвует в конкурсе";"1424493";"—"
"367";"3";"—";"274000";"82 88 94";"10000";"Участвует в конкурсе";"2055771";"—"
"368";"1";"—";"274000";"80 84 100";"10000";"Участвует в конкурсе";"1575605";"—"
"370";"6";"—";"273000";"94 98 81";"—";"Участвует в конкурсе";"1195176";"—"
"371";"7";"—";"273000";"94 93 86";"—";"Участвует в конкурсе";"1918463";"—"
"372";"1";"—";"273000";"95 98 78";"2000";"Участвует в конкурсе";"1244657";"—"
"373";"7";"Электронное";"273000";"92 90 89";"2000";"Участвует в конкурсе";"1355119";"—"
"374";"12";"—";"273000";"98 94 78";"3000";"Участвует в конкурсе";"1687632";"—"
"375";"10";"—";"273000";"88 88 94";"3000";"Участвует в конкурсе";"2258285";"—"
"376";"6";"Электронное";"273000";"88 96 83";"6000";"Участвует в конкурсе";"1996420";"—"
"377";"2";"—";"273000";"94 94 75";"10000";"Участвует в конкурсе";"1988382";"—"
"379";"1";"—";"273000";"92 90 81";"10000";"Участвует в конкурсе";"1384183";"—"
"380";"5";"Электронное";"273000";"90 100 73";"10000";"Участвует в конкурсе";"1726358";"—"
"381";"1";"—";"273000";"86 94 83";"10000";"Участвует в конкурсе";"1607610";"—"
"382";"1";"—";"273000";"86 88 89";"10000";"Участвует в конкурсе";"1199372";"—"
"383";"2";"—";"273000";"86 86 91";"10000";"Участвует в конкурсе";"1087466";"—"
"384";"3";"Электронное";"273000";"86 83 94";"10000";"Участвует в конкурсе";"1562778";"—"
"385";"2";"—";"273000";"84 96 83";"10000";"Участвует в конкурсе";"2052203";"—"
"386";"15";"—";"273000";"84 93 86";"10000";"Участвует в конкурсе";"1975290";"—"
"387";"13";"Электронное";"273000";"84 88 91";"10000";"Участвует в конкурсе";"2226593";"—"
"388";"2";"Электронное";"273000";"84 85 94";"10000";"Участвует в конкурсе";"1196103";"—"
"389";"4";"—";"273000";"82 90 91";"10000";"Участвует в конкурсе";"1643886";"—"
"390";"1";"—";"273000";"78 85 100";"10000";"Участвует в конкурсе";"1504463";"—"
"391";"2";"Электронное";"272000";"90 93 89";"—";"Участвует в конкурсе";"2098230";"—"
"392";"7";"—";"272000";"95 96 78";"3000";"Участвует в конкурсе";"1285190";"—"
"393";"8";"—";"272000";"95 93 81";"3000";"Участвует в конкурсе";"2221783";"—"
"394";"8";"Электронное";"272000";"88 98 83";"3000";"Участвует в конкурсе";"1383325";"—"
"396";"4";"—";"272000";"98 92 72";"10000";"Участвует в конкурсе";"1043751";"—"
"398";"3";"—";"272000";"95 95 72";"10000";"Участвует в конкурсе";"1351782";"—"
"399";"1";"—";"272000";"94 98 70";"10000";"Участвует в конкурсе";"1386611";"—"
"400";"3";"Электронное";"272000";"94 90 78";"10000";"Участвует в конкурсе";"1213224";"—"
"401";"3";"Электронное";"272000";"92 98 72";"10000";"Участвует в конкурсе";"1361437";"—"
"402";"5";"—";"272000";"92 92 78";"10000";"Участвует в конкурсе";"1181228";"—"
"403";"2";"—";"272000";"88 88 86";"10000";"Участвует в конкурсе";"1264552";"—"
"404";"4";"—";"272000";"88 88 86";"10000";"Участвует в конкурсе";"1626986";"—"
"405";"7";"—";"272000";"88 88 86";"10000";"Участвует в конкурсе";"1462066";"—"
"406";"1";"—";"272000";"88 83 91";"10000";"Участвует в конкурсе";"1911798";"—"
"407";"8";"—";"272000";"86 98 78";"10000";"Участвует в конкурсе";"1827370";"—"
"408";"8";"—";"272000";"86 93 83";"10000";"Участвует в конкурсе";"1625069";"—"
"409";"1";"Электронное";"272000";"86 93 83";"10000";"Участвует в конкурсе";"1859272";"—"
"410";"2";"—";"272000";"86 90 86";"10000";"Участвует в конкурсе";"955034";"—"
"411";"2";"—";"272000";"84 84 94";"10000";"Участвует в конкурсе";"1174767";"—"
"412";"2";"Электронное";"271000";"95 93 83";"—";"Участвует в конкурсе";"1853122";"—"
"413";"1";"—";"271000";"95 90 86";"—";"Участвует в конкурсе";"1526636";"—"
"414";"2";"—";"271000";"94 94 83";"—";"Участвует в конкурсе";"971208";"—"
"415";"4";"—";"271000";"92 98 81";"—";"Участвует в конкурсе";"1476944";"—"
"416";"2";"Электронное";"271000";"92 90 89";"—";"Участвует в конкурсе";"1419256";"—"
"417";"8";"—";"271000";"98 85 86";"2000";"Участвует в конкурсе";"2370518";"—"
"418";"5";"—";"271000";"92 95 81";"3000";"Участвует в конкурсе";"2305603";"—"
"420";"7";"Электронное";"271000";"98 93 70";"10000";"Участвует в конкурсе";"2254642";"—"
"421";"6";"—";"271000";"98 72 91";"10000";"Участвует в конкурсе";"2050152";"—"
"422";"3";"—";"271000";"92 80 89";"10000";"Участвует в конкурсе";"1715555";"—"
"423";"3";"Электронное";"271000";"90 88 83";"10000";"Участвует в конкурсе";"1906811";"—"
"424";"17";"—";"271000";"90 88 83";"10000";"Участвует в конкурсе";"1162670";"—"
"425";"6";"—";"271000";"90 88 83";"10000";"Участвует в конкурсе";"1382914";"—"
"426";"4";"Электронное";"271000";"88 98 75";"10000";"Участвует в конкурсе";"1784033";"—"
"427";"8";"—";"271000";"88 90 83";"10000";"Участвует в конкурсе";"2152487";"—"
"428";"3";"—";"271000";"86 92 83";"10000";"Участвует в конкурсе";"1293038";"—"
"429";"15";"—";"271000";"84 88 89";"10000";"Участвует в конкурсе";"1043745";"—"
"430";"5";"—";"271000";"82 90 89";"10000";"Участвует в конкурсе";"1655191";"—"
"431";"4";"Электронное";"271000";"82 90 89";"10000";"Участвует в конкурсе";"1777368";"—"
"432";"7";"—";"271000";"82 90 89";"10000";"Участвует в конкурсе";"1985149";"—"
"433";"3";"—";"271000";"82 90 89";"10000";"Участвует в конкурсе";"1644741";"—"
"434";"11";"—";"271000";"82 88 91";"10000";"Участвует в конкурсе";"2053841";"—"
"435";"1";"Электронное";"271000";"82 85 94";"10000";"Участвует в конкурсе";"1841315";"—"
"436";"1";"—";"271000";"74 93 94";"10000";"Участвует в конкурсе";"2202549";"—"
"437";"1";"—";"270000";"99 98 73";"—";"Участвует в конкурсе";"1030411";"—"
"438";"7";"—";"270000";"96 83 91";"—";"Участвует в конкурсе";"2095747";"—"
"439";"2";"—";"270000";"95 100 75";"—";"Участвует в конкурсе";"1113749";"—"
"440";"7";"—";"270000";"92 95 83";"—";"Участвует в конкурсе";"1236385";"—"
"441";"2";"—";"270000";"88 91 91";"—";"Участвует в конкурсе";"1040642";"—"
"442";"10";"—";"270000";"92 95 81";"2000";"Участвует в конкурсе";"2369029";"—"
"443";"2";"—";"270000";"96 88 83";"3000";"Участвует в конкурсе";"1168086";"—"
"444";"3";"—";"270000";"88 82 97";"3000";"Участвует в конкурсе";"1559780";"—"
"445";"1";"Электронное";"270000";"90 92 83";"5000";"Участвует в конкурсе";"1995393";"—"
"446";"1";"Электронное";"270000";"88 93 83";"6000";"Участвует в конкурсе";"958561";"—"
"447";"2";"—";"270000";"100 88 72";"10000";"Участвует в конкурсе";"2132226";"—"
"448";"3";"—";"270000";"96 94 70";"10000";"Участвует в конкурсе";"1480918";"—"
"449";"2";"—";"270000";"96 94 70";"10000";"Участвует в конкурсе";"2052207";"—"
"450";"11";"Электронное";"270000";"94 83 83";"10000";"Участвует в конкурсе";"1518501";"—"
"451";"11";"—";"270000";"94 80 86";"10000";"Участвует в конкурсе";"1509325";"—"
"452";"1";"Электронное";"270000";"92 95 73";"10000";"Участвует в конкурсе";"1560091";"—"
"453";"14";"—";"270000";"92 90 78";"10000";"Участвует в конкурсе";"2338280";"—"
"457";"12";"—";"270000";"86 88 86";"10000";"Участвует в конкурсе";"1578976";"—"
"458";"5";"—";"270000";"86 88 86";"10000";"Участвует в конкурсе";"1841299";"—"
"459";"6";"—";"270000";"86 88 86";"10000";"Участвует в конкурсе";"1508827";"—"
"460";"4";"—";"270000";"86 88 86";"10000";"Участвует в конкурсе";"2343292";"—"
"461";"8";"Электронное";"270000";"86 85 89";"10000";"Участвует в конкурсе";"1481735";"—"
"462";"2";"Электронное";"270000";"84 90 86";"10000";"Участвует в конкурсе";"1513821";"—"
"463";"3";"—";"270000";"84 90 86";"10000";"Участвует в конкурсе";"2201602";"—"
"464";"15";"—";"270000";"78 88 94";"10000";"Участвует в конкурсе";"1546836";"—"
"466";"4";"—";"269000";"96 76 97";"—";"Участвует в конкурсе";"1462466";"—"
"467";"2";"—";"269000";"90 90 89";"—";"Участвует в конкурсе";"1511773";"—"
"468";"10";"—";"269000";"88 95 86";"—";"Участвует в конкурсе";"2215384";"—"
"469";"1";"—";"269000";"88 90 91";"—";"Участвует в конкурсе";"1318019";"—"
"470";"5";"—";"269000";"88 90 91";"—";"Участвует в конкурсе";"1994965";"—"
"472";"2";"Электронное";"269000";"92 88 86";"3000";"Участвует в конкурсе";"1398755";"—"
"473";"1";"—";"269000";"82 98 86";"3000";"Участвует в конкурсе";"1202909";"—"
"474";"1";"Электронное";"269000";"88 98 78";"5000";"Участвует в конкурсе";"2415349";"—"
"475";"4";"—";"269000";"98 88 73";"10000";"Участвует в конкурсе";"1878356";"—"
"476";"19";"Электронное";"269000";"98 88 73";"10000";"Участвует в конкурсе";"2273512";"—"
"477";"4";"—";"269000";"97 93 69";"10000";"Участвует в конкурсе";"1336298";"—"
"478";"2";"—";"269000";"95 86 78";"10000";"Участвует в конкурсе";"1858108";"—"
"480";"2";"—";"269000";"92 78 89";"10000";"Участвует в конкурсе";"1195754";"—"
"481";"12";"Электронное";"269000";"90 83 86";"10000";"Участвует в конкурсе";"1573289";"—"
"482";"5";"—";"269000";"90 83 86";"10000";"Участвует в конкурсе";"2340447";"—"
"483";"4";"—";"269000";"90 80 89";"10000";"Участвует в конкурсе";"1248678";"—"
"484";"9";"—";"269000";"88 88 83";"10000";"Участвует в конкурсе";"1846478";"—"
"485";"1";"—";"269000";"88 88 83";"10000";"Участвует в конкурсе";"1916398";"—"
"486";"1";"—";"269000";"86 95 78";"10000";"Участвует в конкурсе";"1187790";"—"
"487";"14";"—";"269000";"86 95 78";"10000";"Участвует в конкурсе";"2213694";"—"
"488";"4";"Электронное";"269000";"86 90 83";"10000";"Участвует в конкурсе";"1599621";"—"
"489";"3";"—";"269000";"86 90 83";"10000";"Участвует в конкурсе";"1596096";"—"
"490";"7";"—";"269000";"84 84 91";"10000";"Участвует в конкурсе";"1979104";"—"
"491";"1";"—";"269000";"82 96 81";"10000";"Участвует в конкурсе";"1859157";"—"
"492";"12";"—";"269000";"82 94 83";"10000";"Участвует в конкурсе";"2211310";"—"
"493";"1";"Электронное";"269000";"82 88 89";"10000";"Участвует в конкурсе";"1007460";"—"
"494";"2";"—";"269000";"82 88 89";"10000";"Участвует в конкурсе";"1828967";"—"
"495";"1";"—";"269000";"82 86 91";"10000";"Участвует в конкурсе";"1596763";"—"
"496";"4";"—";"269000";"82 83 94";"10000";"Участвует в конкурсе";"2257372";"—"
"497";"1";"—";"269000";"80 98 81";"10000";"Участвует в конкурсе";"1332706";"—"
"498";"4";"—";"269000";"80 90 89";"10000";"Участвует в конкурсе";"2263754";"—"
"499";"1";"—";"269000";"80 88 91";"10000";"Участвует в конкурсе";"1133458";"—"
"501";"1";"—";"268000";"92 90 86";"—";"Участвует в конкурсе";"1749425";"—"
"502";"3";"—";"268000";"88 94 86";"—";"Участвует в конкурсе";"2265517";"—"
"503";"4";"—";"268000";"88 89 91";"—";"Участвует в конкурсе";"2176542";"—"
"504";"6";"—";"268000";"84 93 91";"—";"Участвует в конкурсе";"1258538";"—"
"505";"12";"—";"268000";"97 90 78";"3000";"Участвует в конкурсе";"1724945";"—"
"506";"2";"Электронное";"268000";"95 84 86";"3000";"Участвует в конкурсе";"2247766";"—"
"507";"5";"—";"268000";"92 92 81";"3000";"Участвует в конкурсе";"1655448";"—"
"508";"1";"Электронное";"268000";"92 82 91";"3000";"Участвует в конкурсе";"1194669";"—"
"509";"1";"Электронное";"268000";"90 92 83";"3000";"Участвует в конкурсе";"1601942";"—"
"510";"1";"—";"268000";"96 93 69";"10000";"Участвует в конкурсе";"1177016";"—"
"511";"9";"Электронное";"268000";"94 95 69";"10000";"Участвует в конкурсе";"2176438";"—"
"513";"10";"—";"268000";"92 88 78";"10000";"Участвует в конкурсе";"2120359";"—"
"514";"1";"—";"268000";"92 80 86";"10000";"Участвует в конкурсе";"1519603";"—"
"515";"2";"Электронное";"268000";"90 90 78";"10000";"Участвует в конкурсе";"2302806";"—"
"516";"1";"Электронное";"268000";"90 85 83";"10000";"Участвует в конкурсе";"1398718";"—"
"517";"12";"—";"268000";"90 85 83";"10000";"Участвует в конкурсе";"2121815";"—"
"519";"7";"—";"268000";"84 93 81";"10000";"Участвует в конкурсе";"1647914";"—"
"520";"1";"—";"268000";"84 88 86";"10000";"Участвует в конкурсе";"1852052";"—"
"522";"1";"—";"268000";"84 85 89";"10000";"Участвует в конкурсе";"2364560";"—"
"523";"2";"—";"268000";"84 80 94";"10000";"Участвует в конкурсе";"2268669";"—"
"524";"1";"—";"268000";"80 100 78";"10000";"Участвует в конкурсе";"1312957";"—"
"525";"7";"—";"267000";"96 90 81";"—";"Участвует в конкурсе";"1309010";"—"
"526";"2";"Электронное";"267000";"96 90 81";"—";"Участвует в конкурсе";"1386489";"—"
"528";"1";"—";"267000";"94 90 83";"—";"Участвует в конкурсе";"2026445";"—"
"529";"3";"—";"267000";"92 100 75";"—";"Участвует в конкурсе";"1262609";"—"
"531";"2";"—";"267000";"94 90 81";"2000";"Участвует в конкурсе";"1142579";"—"
"532";"9";"—";"267000";"92 95 78";"2000";"Участвует в конкурсе";"1035838";"—"
"534";"4";"—";"267000";"92 100 72";"3000";"Участвует в конкурсе";"1794815";"—"
"535";"5";"—";"267000";"86 92 86";"3000";"Участвует в конкурсе";"1214630";"—"
"536";"1";"—";"267000";"80 95 89";"3000";"Участвует в конкурсе";"1347008";"—"
"537";"14";"—";"267000";"86 93 83";"5000";"Участвует в конкурсе";"2183192";"—"
"538";"5";"—";"267000";"84 100 78";"5000";"Участвует в конкурсе";"1670187";"—"
"539";"3";"Электронное";"267000";"82 83 97";"5000";"Участвует в конкурсе";"1130872";"—"
"540";"2";"—";"267000";"100 84 73";"10000";"Участвует в конкурсе";"1318473";"—"
"541";"1";"—";"267000";"97 90 70";"10000";"Участвует в конкурсе";"1621738";"—"
"542";"1";"Электронное";"267000";"88 96 73";"10000";"Участвует в конкурсе";"2135944";"—"
"543";"1";"—";"267000";"88 94 75";"10000";"Участвует в конкурсе";"1781403";"—"
"544";"3";"—";"267000";"88 88 81";"10000";"Участвует в конкурсе";"1644961";"—"
"545";"18";"—";"267000";"86 98 73";"10000";"Участвует в конкурсе";"1059224";"—"
"546";"11";"—";"267000";"86 93 78";"10000";"Участвует в конкурсе";"2062984";"—"
"547";"4";"Электронное";"267000";"86 90 81";"10000";"Участвует в конкурсе";"2413334";"—"
"548";"10";"—";"267000";"86 85 86";"10000";"Участвует в конкурсе";"1555414";"—"
"549";"2";"—";"267000";"84 98 75";"10000";"Участвует в конкурсе";"1335307";"—"
"551";"6";"—";"267000";"80 86 91";"10000";"Участвует в конкурсе";"1672012";"—"
"552";"1";"—";"267000";"78 96 83";"10000";"Участвует в конкурсе";"1464819";"—"
"553";"3";"—";"267000";"78 90 89";"10000";"Участвует в конкурсе";"1642598";"—"
"554";"2";"—";"267000";"72 96 89";"10000";"Участвует в конкурсе";"1791126";"—"
"555";"5";"—";"266000";"97 78 91";"—";"Участвует в конкурсе";"1485487";"—"
"556";"8";"—";"266000";"95 85 86";"—";"Участвует в конкурсе";"1649453";"—"
"557";"3";"Электронное";"266000";"94 86 86";"—";"Участвует в конкурсе";"1279185";"—"
"559";"4";"Электронное";"266000";"88 92 86";"—";"Участвует в конкурсе";"1725667";"—"
"560";"14";"—";"266000";"84 85 97";"—";"Участвует в конкурсе";"2354266";"—"
"562";"2";"Электронное";"266000";"92 88 83";"3000";"Участвует в конкурсе";"1450415";"—"
"563";"3";"—";"266000";"100 90 66";"10000";"Участвует в конкурсе";"1769669";"—"
"564";"8";"—";"266000";"94 76 86";"10000";"Участвует в конкурсе";"2263494";"—"
"565";"5";"Электронное";"266000";"90 88 78";"10000";"Участвует в конкурсе";"1441421";"—"
"567";"1";"Электронное";"266000";"86 95 75";"10000";"Участвует в конкурсе";"1203996";"—"
"568";"3";"—";"266000";"86 79 91";"10000";"Участвует в конкурсе";"1959251";"—"
"569";"6";"—";"266000";"84 78 94";"10000";"Участвует в конкурсе";"2052420";"—"
"570";"4";"Электронное";"266000";"84 72 100";"10000";"Участвует в конкурсе";"1779734";"—"
"571";"6";"—";"266000";"82 88 86";"10000";"Участвует в конкурсе";"1996737";"—"
"572";"5";"Электронное";"266000";"82 88 86";"10000";"Участвует в конкурсе";"2287278";"—"
"573";"2";"Электронное";"265000";"94 80 91";"—";"Участвует в конкурсе";"1627450";"—"
"575";"4";"—";"265000";"92 90 83";"—";"Участвует в конкурсе";"1399086";"—"
"577";"7";"Электронное";"265000";"86 93 86";"—";"Участвует в конкурсе";"1611206";"—"
"578";"5";"—";"265000";"86 93 86";"—";"Участвует в конкурсе";"2052830";"—"
"579";"7";"Электронное";"265000";"86 85 94";"—";"Участвует в конкурсе";"2001224";"—"
"580";"6";"—";"265000";"96 88 78";"3000";"Участвует в конкурсе";"2315293";"—"
"581";"4";"—";"265000";"90 78 94";"3000";"Участвует в конкурсе";"1148291";"—"
"582";"5";"Электронное";"265000";"90 78 89";"8000";"Участвует в конкурсе";"1617762";"—"
"583";"12";"—";"265000";"96 78 81";"10000";"Участвует в конкурсе";"1506684";"—"
"584";"3";"Электронное";"265000";"94 78 83";"10000";"Участвует в конкурсе";"1184519";"—"
"585";"5";"—";"265000";"92 80 83";"10000";"Участвует в конкурсе";"2223397";"—"
"586";"5";"—";"265000";"90 84 81";"10000";"Участвует в конкурсе";"1516340";"—"
"587";"6";"—";"265000";"86 88 81";"10000";"Участвует в конкурсе";"2341504";"—"
"589";"11";"—";"265000";"84 93 78";"10000";"Участвует в конкурсе";"2100404";"—"
"590";"1";"—";"265000";"84 85 86";"10000";"Участвует в конкурсе";"1281392";"—"
"591";"1";"Электронное";"265000";"84 85 86";"10000";"Участвует в конкурсе";"1797789";"—"
"592";"6";"—";"265000";"82 90 83";"10000";"Участвует в конкурсе";"1507577";"—"
"593";"8";"—";"265000";"82 84 89";"10000";"Участвует в конкурсе";"2343473";"—"
"595";"5";"Электронное";"265000";"78 80 97";"10000";"Участвует в конкурсе";"2252781";"—"
"597";"18";"Электронное";"264000";"86 95 83";"—";"Участвует в конкурсе";"1931340";"—"
"598";"7";"Электронное";"264000";"80 87 97";"—";"Участвует в конкурсе";"1709497";"—"
"599";"14";"—";"264000";"78 88 98";"—";"Участвует в конкурсе";"2338699";"—"
"600";"6";"Электронное";"264000";"84 88 89";"3000";"Участвует в конкурсе";"1098083";"—"
"602";"3";"—";"264000";"88 90 78";"8000";"Участвует в конкурсе";"1722418";"—"
"603";"8";"—";"264000";"96 80 78";"10000";"Участвует в конкурсе";"1796558";"—"
"604";"7";"Электронное";"264000";"88 88 78";"10000";"Участвует в конкурсе";"1427790";"—"
"605";"5";"Электронное";"264000";"88 83 83";"10000";"Участвует в конкурсе";"1714159";"—"
"606";"14";"—";"264000";"88 80 86";"10000";"Участвует в конкурсе";"1530926";"—"
"607";"8";"—";"264000";"86 93 75";"10000";"Участвует в конкурсе";"1203104";"—"
"608";"3";"Электронное";"264000";"86 93 75";"10000";"Участвует в конкурсе";"1600668";"—"
"609";"7";"—";"264000";"86 90 78";"10000";"Участвует в конкурсе";"1211745";"—"
"610";"7";"—";"264000";"86 77 91";"10000";"Участвует в конкурсе";"1394809";"—"
"611";"5";"—";"264000";"82 72 100";"10000";"Участвует в конкурсе";"1260579";"—"
"612";"5";"Электронное";"264000";"80 88 86";"10000";"Участвует в конкурсе";"1650102";"—"
"613";"2";"—";"264000";"80 88 86";"10000";"Участвует в конкурсе";"2098014";"—"
"614";"1";"—";"264000";"80 85 89";"10000";"Участвует в конкурсе";"1628128";"—"
"615";"3";"—";"264000";"80 85 89";"10000";"Участвует в конкурсе";"1356893";"—"
"617";"4";"—";"264000";"78 90 86";"10000";"Участвует в конкурсе";"1511511";"—"
"619";"9";"—";"263000";"97 88 78";"—";"Участвует в конкурсе";"2315349";"—"
"620";"4";"—";"263000";"95 90 78";"—";"Участвует в конкурсе";"1357096";"—"
"621";"5";"—";"263000";"92 93 78";"—";"Участвует в конкурсе";"1153485";"—"
"622";"17";"Электронное";"263000";"92 88 83";"—";"Участвует в конкурсе";"1681831";"—"
"623";"3";"—";"263000";"88 94 81";"—";"Участвует в конкурсе";"1856250";"—"
"624";"6";"—";"263000";"88 94 81";"—";"Участвует в конкурсе";"2416277";"—"
"625";"5";"—";"263000";"84 93 86";"—";"Участвует в конкурсе";"1362470";"—"
"626";"2";"—";"263000";"84 90 89";"—";"Участвует в конкурсе";"1237757";"—"
"628";"7";"Электронное";"263000";"82 90 91";"—";"Участвует в конкурсе";"2293821";"—"
"629";"3";"—";"263000";"90 90 81";"2000";"Участвует в конкурсе";"986946";"—"
"630";"10";"—";"263000";"97 80 83";"3000";"Участвует в конкурсе";"1817751";"—"
"631";"4";"Электронное";"263000";"96 83 81";"3000";"Участвует в конкурсе";"2258308";"—"
"632";"1";"—";"263000";"94 93 73";"3000";"Участвует в конкурсе";"989460";"—"
"633";"3";"—";"263000";"94 85 81";"3000";"Участвует в конкурсе";"2055688";"—"
"634";"6";"—";"263000";"86 88 86";"3000";"Участвует в конкурсе";"1211476";"—"
"635";"15";"Электронное";"263000";"84 85 91";"3000";"Участвует в конкурсе";"2247256";"—"
"636";"1";"—";"263000";"95 88 72";"8000";"Участвует в конкурсе";"1784356";"—"
"638";"1";"—";"263000";"90 90 73";"10000";"Участвует в конкурсе";"1586396";"—"
"639";"3";"—";"263000";"88 84 81";"10000";"Участвует в конкурсе";"1189907";"—"
"640";"2";"—";"263000";"84 86 83";"10000";"Участвует в конкурсе";"1306296";"—"
"641";"1";"Электронное";"263000";"84 83 86";"10000";"Участвует в конкурсе";"1780558";"—"
"642";"3";"—";"263000";"82 88 83";"10000";"Участвует в конкурсе";"1571028";"—"
"643";"2";"—";"263000";"82 88 83";"10000";"Участвует в конкурсе";"1609025";"—"
"644";"2";"—";"263000";"82 85 86";"10000";"Участвует в конкурсе";"1636155";"—"
"645";"2";"—";"263000";"82 85 86";"10000";"Участвует в конкурсе";"1127149";"—"
"646";"7";"—";"263000";"82 85 86";"10000";"Участвует в конкурсе";"1255326";"—"
"647";"2";"—";"263000";"82 80 91";"10000";"Участвует в конкурсе";"1353257";"—"
"648";"4";"Электронное";"263000";"82 80 91";"10000";"Участвует в конкурсе";"1581927";"—"
"649";"1";"Электронное";"263000";"80 90 83";"10000";"Участвует в конкурсе";"1230988";"—"
"650";"4";"—";"263000";"80 76 97";"10000";"Участвует в конкурсе";"2226527";"—"
"651";"4";"—";"263000";"78 78 97";"10000";"Участвует в конкурсе";"1544161";"—"
"652";"8";"—";"263000";"76 83 94";"10000";"Участвует в конкурсе";"1483797";"—"
"653";"9";"—";"262000";"92 92 78";"—";"Участвует в конкурсе";"1899407";"—"
"654";"1";"—";"262000";"90 94 78";"—";"Участвует в конкурсе";"1624818";"—"
"655";"1";"—";"262000";"90 92 78";"2000";"Участвует в конкурсе";"1213342";"—"
"656";"4";"—";"262000";"86 96 78";"2000";"Участвует в конкурсе";"1908092";"—"
"657";"2";"—";"262000";"88 88 83";"3000";"Участвует в конкурсе";"2042498";"—"
"659";"13";"—";"262000";"92 90 70";"10000";"Участвует в конкурсе";"1984115";"—"
"660";"3";"—";"262000";"92 85 75";"10000";"Участвует в конкурсе";"1652688";"—"
"661";"7";"—";"262000";"86 88 78";"10000";"Участвует в конкурсе";"1787617";"—"
"662";"2";"—";"262000";"86 85 81";"10000";"Участвует в конкурсе";"1982190";"—"
"663";"9";"Электронное";"262000";"86 85 81";"10000";"Участвует в конкурсе";"1182533";"—"
"664";"5";"Электронное";"262000";"86 83 83";"10000";"Участвует в конкурсе";"1434484";"—"
"665";"10";"Электронное";"262000";"86 83 83";"10000";"Участвует в конкурсе";"1211785";"—"
"666";"14";"—";"262000";"86 83 83";"10000";"Участвует в конкурсе";"2037197";"—"
"667";"5";"Электронное";"262000";"84 90 78";"10000";"Участвует в конкурсе";"2157087";"—"
"668";"3";"Электронное";"262000";"82 95 75";"10000";"Участвует в конкурсе";"1687874";"—"
"669";"2";"—";"262000";"78 88 86";"10000";"Участвует в конкурсе";"1312555";"—"
"670";"24";"—";"261000";"86 78 97";"—";"Участвует в конкурсе";"1367168";"—"
"671";"4";"—";"261000";"84 88 89";"—";"Участвует в конкурсе";"2275949";"—"
"672";"3";"—";"261000";"80 88 93";"—";"Участвует в конкурсе";"2240497";"—"
"673";"7";"Электронное";"261000";"94 83 78";"6000";"Участвует в конкурсе";"2083378";"—"
"674";"8";"—";"261000";"86 76 91";"8000";"Участвует в конкурсе";"1330030";"—"
"675";"2";"—";"261000";"88 90 73";"10000";"Участвует в конкурсе";"2312584";"—"
"676";"4";"Электронное";"261000";"88 88 75";"10000";"Участвует в конкурсе";"2220825";"—"
"677";"13";"Электронное";"261000";"88 77 86";"10000";"Участвует в конкурсе";"2254089";"—"
"678";"8";"—";"261000";"86 95 70";"10000";"Участвует в конкурсе";"2261899";"—"
"679";"4";"—";"261000";"86 93 72";"10000";"Участвует в конкурсе";"1396946";"—"
"680";"9";"—";"261000";"84 84 83";"10000";"Участвует в конкурсе";"1461128";"—"
"682";"1";"Электронное";"261000";"82 88 81";"10000";"Участвует в конкурсе";"1835410";"—"
"683";"5";"—";"261000";"82 80 89";"10000";"Участвует в конкурсе";"1647177";"—"
"684";"13";"—";"261000";"80 93 78";"10000";"Участвует в конкурсе";"1624994";"—"
"685";"25";"Электронное";"261000";"80 85 86";"10000";"Участвует в конкурсе";"1983930";"—"
"686";"1";"—";"261000";"78 92 81";"10000";"Участвует в конкурсе";"1841058";"—"
"687";"3";"—";"261000";"78 90 83";"10000";"Участвует в конкурсе";"995659";"—"
"688";"3";"—";"261000";"74 80 97";"10000";"Участвует в конкурсе";"2053619";"—"
"691";"1";"—";"260000";"92 96 72";"—";"Участвует в конкурсе";"2253690";"—"
"692";"6";"—";"260000";"88 83 89";"—";"Участвует в конкурсе";"1383935";"—"
"693";"8";"—";"260000";"84 93 83";"—";"Участвует в конкурсе";"1474315";"—"
"694";"7";"Электронное";"260000";"84 93 83";"—";"Участвует в конкурсе";"2255009";"—"
"695";"6";"—";"260000";"80 86 94";"—";"Участвует в конкурсе";"1615430";"—"
"696";"9";"Электронное";"260000";"92 90 75";"3000";"Участвует в конкурсе";"1292019";"—"
"697";"2";"—";"260000";"84 92 81";"3000";"Участвует в конкурсе";"1853866";"—"
"698";"6";"Электронное";"260000";"82 83 89";"6000";"Участвует в конкурсе";"1704263";"—"
"699";"2";"—";"260000";"86 86 81";"7000";"Участвует в конкурсе";"1414362";"—"
"700";"6";"Электронное";"260000";"78 88 86";"8000";"Участвует в конкурсе";"1260676";"—"
"701";"4";"—";"260000";"94 90 66";"10000";"Участвует в конкурсе";"2223774";"—"
"702";"6";"Электронное";"260000";"94 78 78";"10000";"Участвует в конкурсе";"2064365";"—"
"703";"2";"—";"260000";"92 83 75";"10000";"Участвует в конкурсе";"2228787";"—"
"704";"4";"—";"260000";"88 92 70";"10000";"Участвует в конкурсе";"1571041";"—"
"705";"2";"—";"260000";"88 79 83";"10000";"Участвует в конкурсе";"1752935";"—"
"706";"8";"Электронное";"260000";"86 83 81";"10000";"Участвует в конкурсе";"1578816";"—"
"707";"1";"—";"260000";"86 75 89";"10000";"Участвует в конкурсе";"1444570";"—"
"708";"3";"—";"260000";"82 85 83";"10000";"Участвует в конкурсе";"2266297";"—"
"709";"22";"—";"260000";"82 79 89";"10000";"Участвует в конкурсе";"2003355";"—"
"710";"1";"—";"260000";"78 100 72";"10000";"Участвует в конкурсе";"1175957";"—"
"712";"5";"—";"259000";"92 84 83";"—";"Участвует в конкурсе";"1352747";"—"
"713";"1";"—";"259000";"88 90 81";"—";"Участвует в конкурсе";"1291948";"—"
"714";"1";"—";"259000";"88 88 83";"—";"Участвует в конкурсе";"1908233";"—"
"715";"11";"Электронное";"259000";"88 80 91";"—";"Участвует в конкурсе";"1654995";"—"
"716";"10";"—";"259000";"82 94 83";"—";"Участвует в конкурсе";"2036704";"—"
"717";"6";"Электронное";"259000";"80 90 89";"—";"Участвует в конкурсе";"1675569";"—"
"718";"2";"—";"259000";"78 90 91";"—";"Участвует в конкурсе";"1445876";"—"
"719";"3";"—";"259000";"78 90 89";"2000";"Участвует в конкурсе";"2171910";"—"
"720";"3";"—";"259000";"100 75 81";"3000";"Участвует в конкурсе";"1963177";"—"
"721";"1";"Электронное";"259000";"88 90 78";"3000";"Участвует в конкурсе";"1359384";"—"
"722";"1";"—";"259000";"88 90 78";"3000";"Участвует в конкурсе";"2371080";"—"
"724";"20";"—";"259000";"92 88 69";"10000";"Участвует в конкурсе";"2001761";"—"
"725";"4";"Электронное";"259000";"92 79 78";"10000";"Участвует в конкурсе";"2139984";"—"
"726";"4";"—";"259000";"90 84 75";"10000";"Участвует в конкурсе";"1387252";"—"
"727";"4";"—";"259000";"88 94 67";"10000";"Участвует в конкурсе";"1286121";"—"
"728";"3";"Электронное";"259000";"88 83 78";"10000";"Участвует в конкурсе";"1690709";"—"
"729";"7";"—";"259000";"86 88 75";"10000";"Участвует в конкурсе";"1514622";"—"
"730";"3";"—";"259000";"86 80 83";"10000";"Участвует в конкурсе";"1244605";"—"
"731";"7";"—";"259000";"82 92 75";"10000";"Участвует в конкурсе";"1385601";"—"
"732";"1";"Электронное";"259000";"82 86 81";"10000";"Участвует в конкурсе";"2288995";"—"
"733";"1";"—";"259000";"82 84 83";"10000";"Участвует в конкурсе";"1169994";"—"
"734";"5";"Электронное";"259000";"80 80 89";"10000";"Участвует в конкурсе";"1530025";"—"
"735";"7";"—";"259000";"80 80 89";"10000";"Участвует в конкурсе";"1568032";"—"
"736";"4";"—";"259000";"80 75 94";"10000";"Участвует в конкурсе";"1349503";"—"
"737";"6";"—";"258000";"95 80 83";"—";"Участвует в конкурсе";"1713477";"—"
"738";"17";"—";"258000";"92 93 73";"—";"Участвует в конкурсе";"1367590";"—"
"739";"17";"—";"258000";"90 90 78";"—";"Участвует в конкурсе";"1959948";"—"
"740";"5";"—";"258000";"86 94 78";"—";"Участвует в конкурсе";"1578835";"—"
"741";"6";"—";"258000";"84 83 91";"—";"Участвует в конкурсе";"1580461";"—"
"742";"4";"—";"258000";"82 98 78";"—";"Участвует в конкурсе";"1859082";"—"
"743";"8";"—";"258000";"80 100 78";"—";"Участвует в конкурсе";"1541514";"—"
"744";"4";"Электронное";"258000";"82 88 86";"2000";"Участвует в конкурсе";"1432911";"—"
"745";"6";"—";"258000";"82 88 86";"2000";"Участвует в конкурсе";"2006396";"—"
"746";"5";"—";"258000";"90 82 83";"3000";"Участвует в конкурсе";"1858866";"—"
"747";"3";"—";"258000";"86 88 81";"3000";"Участвует в конкурсе";"1428761";"—"
"748";"2";"—";"258000";"80 86 89";"3000";"Участвует в конкурсе";"1586622";"—"
"749";"5";"Электронное";"258000";"88 90 72";"8000";"Участвует в конкурсе";"1203711";"—"
"750";"13";"Электронное";"258000";"92 83 73";"10000";"Участвует в конкурсе";"2076416";"—"
"751";"3";"—";"258000";"92 78 78";"10000";"Участвует в конкурсе";"1176418";"—"
"752";"4";"—";"258000";"92 78 78";"10000";"Участвует в конкурсе";"1618155";"—"
"753";"3";"—";"258000";"84 83 81";"10000";"Участвует в конкурсе";"1185634";"—"
"754";"1";"Электронное";"258000";"82 85 81";"10000";"Участвует в конкурсе";"1897802";"—"
"755";"6";"Электронное";"258000";"80 95 73";"10000";"Участвует в конкурсе";"1951560";"—"
"756";"21";"—";"258000";"80 93 75";"10000";"Участвует в конкурсе";"1211430";"—"
"757";"3";"Электронное";"258000";"80 90 78";"10000";"Участвует в конкурсе";"1357846";"—"
"758";"10";"—";"258000";"76 78 94";"10000";"Участвует в конкурсе";"2082842";"—"
"759";"4";"—";"258000";"74 83 91";"10000";"Участвует в конкурсе";"1585407";"—"
"760";"2";"—";"258000";"74 83 91";"10000";"Участвует в конкурсе";"1789857";"—"
"761";"2";"—";"257000";"97 88 72";"—";"Участвует в конкурсе";"1441867";"—"
"762";"2";"Электронное";"257000";"96 88 73";"—";"Участвует в конкурсе";"1444611";"—"
"763";"1";"—";"257000";"94 85 78";"—";"Участвует в конкурсе";"1651707";"—"
"764";"2";"—";"257000";"86 88 83";"—";"Участвует в конкурсе";"1252370";"—"
"767";"3";"Электронное";"257000";"86 86 83";"2000";"Участвует в конкурсе";"1963899";"—"
"768";"8";"Электронное";"257000";"84 85 86";"2000";"Участвует в конкурсе";"1780255";"—"
"769";"8";"—";"257000";"94 88 72";"3000";"Участвует в конкурсе";"1285045";"—"
"770";"12";"Электронное";"257000";"82 83 89";"3000";"Участвует в конкурсе";"1730265";"—"
"771";"5";"—";"257000";"80 83 91";"3000";"Участвует в конкурсе";"1320225";"—"
"772";"3";"—";"257000";"86 80 81";"10000";"Участвует в конкурсе";"1620144";"—"
"773";"3";"—";"257000";"84 88 75";"10000";"Участвует в конкурсе";"1955035";"—"
"774";"4";"—";"257000";"84 74 89";"10000";"Участвует в конкурсе";"1671538";"—"
"775";"1";"Электронное";"257000";"80 84 83";"10000";"Участвует в конкурсе";"2097106";"—"
"776";"2";"—";"257000";"80 78 89";"10000";"Участвует в конкурсе";"1915567";"—"
"777";"2";"—";"257000";"80 72 95";"10000";"Участвует в конкурсе";"2180613";"—"
"778";"2";"—";"256000";"94 95 67";"—";"Участвует в конкурсе";"1713688";"—"
"779";"2";"—";"256000";"94 90 72";"—";"Участвует в конкурсе";"1860067";"—"
"780";"2";"—";"256000";"90 88 78";"—";"Участвует в конкурсе";"1852927";"—"
"781";"1";"—";"256000";"90 85 81";"—";"Участвует в конкурсе";"1247647";"—"
"784";"1";"—";"256000";"88 83 83";"2000";"Участвует в конкурсе";"2268229";"—"
"785";"2";"—";"256000";"94 84 75";"3000";"Участвует в конкурсе";"2177899";"—"
"787";"1";"—";"256000";"82 88 81";"5000";"Участвует в конкурсе";"2206994";"—"
"788";"5";"—";"256000";"95 75 78";"8000";"Участвует в конкурсе";"1536908";"—"
"789";"2";"Электронное";"256000";"100 88 58";"10000";"Участвует в конкурсе";"1198090";"—"
"790";"11";"—";"256000";"92 79 75";"10000";"Участвует в конкурсе";"1563790";"—"
"791";"3";"—";"256000";"90 70 86";"10000";"Участвует в конкурсе";"2266793";"—"
"792";"2";"Электронное";"256000";"88 75 83";"10000";"Участвует в конкурсе";"1975013";"—"
"793";"10";"Электронное";"256000";"86 90 70";"10000";"Участвует в конкурсе";"1392442";"—"
"794";"2";"—";"256000";"82 92 72";"10000";"Участвует в конкурсе";"2262912";"—"
"795";"4";"—";"256000";"80 88 78";"10000";"Участвует в конкурсе";"982494";"—"
"796";"7";"—";"256000";"80 85 81";"10000";"Участвует в конкурсе";"2251526";"—"
"797";"8";"—";"256000";"80 80 86";"10000";"Участвует в конкурсе";"1255918";"—"
"798";"8";"—";"256000";"80 80 86";"10000";"Участвует в конкурсе";"1622438";"—"
"799";"15";"—";"256000";"78 90 78";"10000";"Участвует в конкурсе";"2272963";"—"
"800";"1";"—";"255000";"97 94 64";"—";"Участвует в конкурсе";"1548810";"—"
"801";"3";"—";"255000";"92 82 81";"—";"Участвует в конкурсе";"1153528";"—"
"802";"2";"—";"255000";"90 98 67";"—";"Участвует в конкурсе";"1177821";"—"
"804";"1";"—";"255000";"88 86 81";"—";"Участвует в конкурсе";"1572999";"—"
"805";"5";"Электронное";"255000";"86 83 86";"—";"Участвует в конкурсе";"1060228";"—"
"806";"4";"—";"255000";"84 90 81";"—";"Участвует в конкурсе";"1627796";"—"
"807";"1";"Электронное";"255000";"84 85 86";"—";"Участвует в конкурсе";"1650114";"—"
"808";"2";"—";"255000";"84 80 91";"—";"Участвует в конкурсе";"2222986";"—"
"809";"2";"Электронное";"255000";"76 88 91";"—";"Участвует в конкурсе";"2352817";"—"
"810";"4";"—";"255000";"98 83 72";"2000";"Участвует в конкурсе";"1963061";"—"
"811";"4";"—";"255000";"90 82 81";"2000";"Участвует в конкурсе";"2312692";"—"
"813";"2";"—";"255000";"82 82 89";"2000";"Участвует в конкурсе";"2221566";"—"
"816";"6";"Электронное";"255000";"76 78 94";"7000";"Участвует в конкурсе";"2176163";"—"
"818";"2";"—";"255000";"90 88 67";"10000";"Участвует в конкурсе";"1548503";"—"
"819";"3";"—";"255000";"90 76 79";"10000";"Участвует в конкурсе";"2415323";"—"
"820";"4";"Электронное";"255000";"88 88 69";"10000";"Участвует в конкурсе";"1203924";"—"
"821";"18";"—";"255000";"88 79 78";"10000";"Участвует в конкурсе";"1645093";"—"
"822";"7";"Электронное";"255000";"84 88 73";"10000";"Участвует в конкурсе";"1893485";"—"
"823";"3";"—";"255000";"84 83 78";"10000";"Участвует в конкурсе";"1444155";"—"
"824";"1";"—";"255000";"84 80 81";"10000";"Участвует в конкурсе";"1201363";"—"
"825";"19";"—";"255000";"82 88 75";"10000";"Участвует в конкурсе";"2207967";"—"
"826";"4";"—";"255000";"82 82 81";"10000";"Участвует в конкурсе";"2262279";"—"
"827";"4";"—";"255000";"82 80 83";"10000";"Участвует в конкурсе";"1619863";"—"
"828";"3";"Электронное";"255000";"82 78 85";"10000";"Участвует в конкурсе";"1435546";"—"
"829";"5";"Электронное";"255000";"80 95 70";"10000";"Участвует в конкурсе";"1543927";"—"
"830";"3";"—";"255000";"76 80 89";"10000";"Участвует в конкурсе";"1714384";"—"
"831";"4";"—";"254000";"90 83 81";"—";"Участвует в конкурсе";"1895603";"—"
"832";"1";"—";"254000";"88 88 78";"—";"Участвует в конкурсе";"2246639";"—"
"833";"4";"—";"254000";"88 85 81";"—";"Участвует в конкурсе";"2267301";"—"
"834";"4";"—";"254000";"88 80 86";"—";"Участвует в конкурсе";"1431159";"—"
"836";"1";"—";"254000";"82 83 89";"—";"Участвует в конкурсе";"1730031";"—"
"837";"2";"—";"254000";"82 83 89";"—";"Участвует в конкурсе";"2237548";"—"
"838";"2";"—";"254000";"76 95 83";"—";"Участвует в конкурсе";"1478028";"—"
"839";"7";"—";"254000";"84 85 83";"2000";"Участвует в конкурсе";"1256069";"—"
"840";"7";"—";"254000";"92 90 67";"5000";"Участвует в конкурсе";"1697239";"—"
"841";"19";"Электронное";"254000";"84 90 72";"8000";"Участвует в конкурсе";"2265069";"—"
"842";"8";"—";"254000";"88 78 78";"10000";"Участвует в конкурсе";"1996075";"—"
"843";"4";"—";"254000";"86 75 83";"10000";"Участвует в конкурсе";"1256701";"—"
"844";"1";"—";"254000";"80 78 86";"10000";"Участвует в конкурсе";"1562477";"—"
"845";"2";"—";"254000";"78 83 83";"10000";"Участвует в конкурсе";"1521168";"—"
"846";"14";"—";"254000";"70 85 89";"10000";"Участвует в конкурсе";"1574276";"—"
"847";"1";"—";"254000";"70 83 91";"10000";"Участвует в конкурсе";"1975368";"—"
"848";"5";"—";"253000";"97 96 60";"—";"Участвует в конкурсе";"2165972";"—"
"850";"4";"—";"253000";"92 83 78";"—";"Участвует в конкурсе";"1425201";"—"
"852";"3";"—";"253000";"84 86 83";"—";"Участвует в конкурсе";"1076154";"—"
"853";"2";"—";"253000";"86 76 89";"2000";"Участвует в конкурсе";"2228931";"—"
"854";"13";"Электронное";"253000";"94 83 73";"3000";"Участвует в конкурсе";"1976248";"—"
"855";"1";"—";"253000";"90 90 70";"3000";"Участвует в конкурсе";"1618626";"—"
"856";"1";"—";"253000";"84 85 81";"3000";"Участвует в конкурсе";"1424610";"—"
"857";"11";"—";"253000";"84 86 78";"5000";"Участвует в конкурсе";"1244609";"—"
"858";"5";"Электронное";"253000";"92 78 73";"10000";"Участвует в конкурсе";"1798664";"—"
"859";"4";"—";"253000";"88 83 72";"10000";"Участвует в конкурсе";"1646269";"—"
"860";"3";"Электронное";"253000";"88 80 75";"10000";"Участвует в конкурсе";"1332403";"—"
"861";"2";"—";"253000";"84 78 81";"10000";"Участвует в конкурсе";"1636999";"—"
"862";"5";"—";"253000";"82 86 75";"10000";"Участвует в конкурсе";"1707565";"—"
"864";"2";"Электронное";"253000";"82 75 86";"10000";"Участвует в конкурсе";"1291459";"—"
"865";"3";"Электронное";"253000";"82 72 89";"10000";"Участвует в конкурсе";"1439426";"—"
"866";"3";"Электронное";"253000";"78 90 75";"10000";"Участвует в конкурсе";"2270440";"—"
"867";"3";"—";"253000";"78 76 89";"10000";"Участвует в конкурсе";"1294489";"—"
"868";"9";"—";"253000";"76 94 73";"10000";"Участвует в конкурсе";"1768709";"—"
"869";"2";"—";"253000";"72 88 83";"10000";"Участвует в конкурсе";"2003035";"—"
"870";"4";"—";"252000";"96 90 66";"—";"Участвует в конкурсе";"1915876";"—"
"872";"9";"Электронное";"252000";"94 80 78";"—";"Участвует в конкурсе";"2293071";"—"
"873";"9";"—";"252000";"86 88 78";"—";"Участвует в конкурсе";"1252983";"—"
"874";"10";"—";"252000";"84 85 83";"—";"Участвует в конкурсе";"1177943";"—"
"875";"3";"—";"252000";"84 85 83";"—";"Участвует в конкурсе";"1836480";"—"
"876";"4";"—";"252000";"76 93 81";"2000";"Участвует в конкурсе";"1693357";"—"
"877";"1";"Электронное";"252000";"95 79 75";"3000";"Участвует в конкурсе";"1069584";"—"
"878";"2";"—";"252000";"84 76 89";"3000";"Участвует в конкурсе";"1123985";"—"
"879";"11";"—";"252000";"80 86 83";"3000";"Участвует в конкурсе";"2161682";"—"
"880";"1";"—";"252000";"86 80 78";"8000";"Участвует в конкурсе";"1906131";"—"
"881";"1";"—";"252000";"92 77 73";"10000";"Участвует в конкурсе";"1559510";"—"
"883";"2";"Электронное";"252000";"86 73 83";"10000";"Участвует в конкурсе";"1352184";"—"
"884";"2";"—";"252000";"82 85 75";"10000";"Участвует в конкурсе";"2340192";"—"
"885";"5";"—";"252000";"76 77 89";"10000";"Участвует в конкурсе";"1964936";"—"
"886";"1";"—";"251000";"94 88 69";"—";"Участвует в конкурсе";"1339503";"—"
"887";"5";"—";"251000";"88 93 70";"—";"Участвует в конкурсе";"1883543";"—"
"888";"2";"Электронное";"251000";"86 92 73";"—";"Участвует в конкурсе";"2005269";"—"
"889";"8";"—";"251000";"86 90 75";"—";"Участвует в конкурсе";"1443682";"—"
"890";"14";"—";"251000";"84 95 72";"—";"Участвует в конкурсе";"2331603";"—"
"892";"1";"—";"251000";"82 78 91";"—";"Участвует в конкурсе";"1192832";"—"
"893";"13";"—";"251000";"82 75 94";"—";"Участвует в конкурсе";"1104036";"—"
"894";"8";"Электронное";"251000";"80 88 83";"—";"Участвует в конкурсе";"1498848";"—"
"896";"4";"—";"251000";"92 83 73";"3000";"Участвует в конкурсе";"2249419";"—"
"898";"3";"—";"251000";"86 83 72";"10000";"Участвует в конкурсе";"1979565";"—"
"899";"3";"—";"251000";"82 78 81";"10000";"Участвует в конкурсе";"1977369";"—"
"900";"9";"Электронное";"251000";"78 100 63";"10000";"Участвует в конкурсе";"1628544";"—"
"901";"2";"—";"251000";"78 82 81";"10000";"Участвует в конкурсе";"1859996";"—"
"902";"2";"—";"251000";"76 90 75";"10000";"Участвует в конкурсе";"1549567";"—"
"903";"3";"—";"251000";"76 84 81";"10000";"Участвует в конкурсе";"1982384";"—"
"904";"1";"—";"251000";"74 86 81";"10000";"Участвует в конкурсе";"1786192";"—"
"906";"1";"—";"250000";"88 76 86";"—";"Участвует в конкурсе";"2112911";"—"
"907";"1";"—";"250000";"84 93 73";"—";"Участвует в конкурсе";"1175908";"—"
"908";"11";"—";"250000";"84 93 73";"—";"Участвует в конкурсе";"2344974";"—"
"909";"4";"—";"250000";"84 88 78";"—";"Участвует в конкурсе";"1265901";"—"
"911";"1";"—";"250000";"82 90 78";"—";"Участвует в конкурсе";"1434708";"—"
"912";"2";"—";"250000";"82 92 73";"3000";"Участвует в конкурсе";"2045002";"—"
"913";"3";"—";"250000";"82 90 75";"3000";"Участвует в конкурсе";"2073009";"—"
"915";"1";"—";"250000";"78 100 66";"6000";"Участвует в конкурсе";"2229627";"—"
"916";"2";"—";"250000";"86 90 64";"10000";"Участвует в конкурсе";"1207371";"—"
"917";"4";"—";"250000";"84 83 73";"10000";"Участвует в конкурсе";"1179304";"—"
"919";"7";"Электронное";"250000";"80 85 75";"10000";"Участвует в конкурсе";"1493633";"—"
"920";"2";"—";"250000";"80 77 83";"10000";"Участвует в конкурсе";"1677634";"—"
"921";"7";"—";"250000";"76 83 81";"10000";"Участвует в конкурсе";"2141013";"—"
"922";"9";"Электронное";"250000";"74 75 91";"10000";"Участвует в конкурсе";"1839684";"—"
"923";"2";"—";"250000";"72 85 83";"10000";"Участвует в конкурсе";"1348078";"—"
"925";"5";"—";"249000";"78 77 94";"—";"Участвует в конкурсе";"1642270";"—"
"926";"7";"—";"249000";"76 78 95";"—";"Участвует в конкурсе";"2394117";"—"
"927";"4";"—";"249000";"82 82 83";"2000";"Участвует в конкурсе";"1155241";"—"
"928";"1";"—";"249000";"90 83 73";"3000";"Участвует в конкурсе";"2087656";"—"
"929";"20";"—";"249000";"86 83 70";"10000";"Участвует в конкурсе";"1792209";"—"
"930";"6";"—";"249000";"84 80 75";"10000";"Участвует в конкурсе";"2054704";"—"
"932";"3";"—";"249000";"82 76 81";"10000";"Участвует в конкурсе";"1687393";"—"
"933";"1";"Электронное";"249000";"78 78 83";"10000";"Участвует в конкурсе";"2193373";"—"
"934";"5";"Электронное";"249000";"72 78 89";"10000";"Участвует в конкурсе";"1582166";"—"
"935";"7";"Электронное";"248000";"100 85 63";"—";"Участвует в конкурсе";"2246979";"—"
"936";"16";"—";"248000";"92 90 66";"—";"Участвует в конкурсе";"2133476";"—"
"937";"1";"—";"248000";"86 90 72";"—";"Участвует в конкурсе";"2245450";"—"
"938";"12";"—";"248000";"82 80 86";"—";"Участвует в конкурсе";"1553270";"—"
"940";"3";"Электронное";"248000";"80 93 75";"—";"Участвует в конкурсе";"1998832";"—"
"941";"11";"—";"248000";"80 85 83";"—";"Участвует в конкурсе";"1781770";"—"
"942";"2";"—";"248000";"86 95 64";"3000";"Участвует в конкурсе";"1341863";"—"
"943";"1";"—";"248000";"84 78 83";"3000";"Участвует в конкурсе";"2221382";"—"
"944";"1";"—";"248000";"78 73 94";"3000";"Участвует в конкурсе";"1273027";"—"
"945";"2";"—";"248000";"76 88 81";"3000";"Участвует в конкурсе";"1893111";"—"
"946";"5";"—";"248000";"92 80 72";"4000";"Участвует в конкурсе";"1635621";"—"
"947";"14";"—";"248000";"88 83 73";"4000";"Участвует в конкурсе";"1709357";"—"
"948";"8";"Электронное";"248000";"82 73 89";"4000";"Участвует в конкурсе";"2225064";"—"
"949";"2";"Электронное";"248000";"82 88 72";"6000";"Участвует в конкурсе";"1642793";"—"
"950";"8";"Электронное";"248000";"82 85 73";"8000";"Участвует в конкурсе";"1192477";"—"
"951";"8";"—";"248000";"86 83 69";"10000";"Участвует в конкурсе";"1201589";"—"
"952";"3";"Электронное";"248000";"82 95 61";"10000";"Участвует в конкурсе";"2311730";"—"
"953";"11";"—";"248000";"82 84 72";"10000";"Участвует в конкурсе";"1912646";"—"
"954";"8";"—";"248000";"82 75 81";"10000";"Участвует в конкурсе";"2004552";"—"
"955";"5";"—";"248000";"80 83 75";"10000";"Участвует в конкурсе";"2126185";"—"
"956";"6";"Электронное";"248000";"78 88 72";"10000";"Участвует в конкурсе";"2234632";"—"
"957";"2";"—";"248000";"76 71 91";"10000";"Участвует в конкурсе";"1141636";"—"
"958";"15";"Электронное";"248000";"74 78 86";"10000";"Участвует в конкурсе";"1177067";"—"
"959";"10";"Электронное";"248000";"72 75 91";"10000";"Участвует в конкурсе";"1260821";"—"
"960";"3";"—";"247000";"90 85 72";"—";"Участвует в конкурсе";"1860849";"—"
"961";"7";"Электронное";"247000";"86 78 83";"—";"Участвует в конкурсе";"1608209";"—"
"962";"6";"—";"247000";"86 78 83";"—";"Участвует в конкурсе";"1366477";"—"
"963";"1";"—";"247000";"84 80 83";"—";"Участвует в конкурсе";"2048255";"—"
"964";"1";"Электронное";"247000";"78 80 89";"—";"Участвует в конкурсе";"1964850";"—"
"966";"2";"—";"247000";"86 88 70";"3000";"Участвует в конкурсе";"1907886";"—"
"967";"5";"—";"247000";"84 88 72";"3000";"Участвует в конкурсе";"1925128";"—"
"968";"3";"—";"247000";"82 90 72";"3000";"Участвует в конкурсе";"2269511";"—"
"969";"2";"—";"247000";"84 83 70";"10000";"Участвует в конкурсе";"1845157";"—"
"970";"2";"—";"247000";"82 74 81";"10000";"Участвует в конкурсе";"2179346";"—"
"971";"6";"—";"247000";"80 85 72";"10000";"Участвует в конкурсе";"1597552";"—"
"972";"1";"—";"247000";"80 76 81";"10000";"Участвует в конкурсе";"1654274";"—"
"973";"9";"—";"247000";"76 83 78";"10000";"Участвует в конкурсе";"1907308";"—"
"974";"3";"—";"247000";"76 75 86";"10000";"Участвует в конкурсе";"1394240";"—"
"975";"2";"—";"247000";"74 88 75";"10000";"Участвует в конкурсе";"2228944";"—"
"976";"1";"Электронное";"247000";"74 72 91";"10000";"Участвует в конкурсе";"2022159";"—"
"977";"3";"—";"246000";"90 75 81";"—";"Участвует в конкурсе";"1800703";"—"
"978";"4";"—";"246000";"88 88 70";"—";"Участвует в конкурсе";"1193011";"—"
"980";"1";"—";"246000";"86 88 72";"—";"Участвует в конкурсе";"1903376";"—"
"981";"5";"—";"246000";"86 85 75";"—";"Участвует в конкурсе";"2185361";"—"
"982";"1";"—";"246000";"82 83 81";"—";"Участвует в конкурсе";"902346";"—"
"983";"2";"—";"246000";"82 75 89";"—";"Участвует в конкурсе";"2228413";"—"
"984";"1";"Электронное";"246000";"80 83 83";"—";"Участвует в конкурсе";"950127";"—"
"985";"9";"—";"246000";"80 83 83";"—";"Участвует в конкурсе";"2240775";"—"
"986";"16";"—";"246000";"80 80 86";"—";"Участвует в конкурсе";"1979966";"—"
"987";"15";"Электронное";"246000";"88 83 73";"2000";"Участвует в конкурсе";"1130423";"—"
"988";"4";"—";"246000";"90 80 73";"3000";"Участвует в конкурсе";"1479502";"—"
"990";"3";"—";"246000";"82 78 78";"8000";"Участвует в конкурсе";"1269815";"—"
"991";"2";"Электронное";"246000";"84 80 72";"10000";"Участвует в конкурсе";"1210781";"—"
"993";"7";"—";"246000";"84 74 78";"10000";"Участвует в конкурсе";"2251271";"—"
"994";"4";"—";"246000";"78 85 73";"10000";"Участвует в конкурсе";"1649552";"—"
"995";"6";"Электронное";"246000";"78 80 78";"10000";"Участвует в конкурсе";"1262462";"—"
"996";"6";"—";"246000";"78 80 78";"10000";"Участвует в конкурсе";"1637382";"—"
"997";"16";"—";"246000";"78 80 78";"10000";"Участвует в конкурсе";"1279933";"—"
"998";"10";"—";"246000";"78 80 78";"10000";"Участвует в конкурсе";"2325318";"—"
"999";"4";"—";"245000";"100 73 72";"—";"Участвует в конкурсе";"1193952";"—"
"1000";"1";"—";"245000";"84 88 73";"—";"Участвует в конкурсе";"1028167";"—"
"1001";"1";"Электронное";"245000";"84 80 81";"—";"Участвует в конкурсе";"1844330";"—"
"1002";"10";"—";"245000";"82 90 73";"—";"Участвует в конкурсе";"1428253";"—"
"1003";"15";"Электронное";"245000";"82 88 75";"—";"Участвует в конкурсе";"1365911";"—"
"1004";"5";"—";"245000";"82 85 78";"—";"Участвует в конкурсе";"1415797";"—"
"1005";"8";"Электронное";"245000";"82 85 78";"—";"Участвует в конкурсе";"1825090";"—"
"1006";"4";"—";"245000";"82 82 81";"—";"Участвует в конкурсе";"1911096";"—"
"1007";"1";"Электронное";"245000";"78 70 97";"—";"Участвует в конкурсе";"1651090";"—"
"1008";"13";"Электронное";"245000";"76 88 81";"—";"Участвует в конкурсе";"1795772";"—"
"1009";"21";"—";"245000";"80 80 83";"2000";"Участвует в конкурсе";"1353402";"—"
"1010";"1";"—";"245000";"80 62 100";"3000";"Участвует в конкурсе";"1274207";"—"
"1011";"5";"—";"245000";"82 83 73";"7000";"Участвует в конкурсе";"2055358";"—"
"1012";"3";"—";"245000";"76 78 81";"10000";"Участвует в конкурсе";"2219944";"—"
"1014";"1";"—";"244000";"95 80 69";"—";"Участвует в конкурсе";"2305995";"—"
"1015";"4";"—";"244000";"92 80 72";"—";"Участвует в конкурсе";"1212344";"—"
"1016";"10";"—";"244000";"86 75 83";"—";"Участвует в конкурсе";"2310508";"—"
"1017";"2";"—";"244000";"80 94 70";"—";"Участвует в конкурсе";"1904650";"—"
"1018";"3";"—";"244000";"82 90 70";"2000";"Участвует в конкурсе";"1355173";"—"
"1019";"12";"—";"244000";"82 90 69";"3000";"Участвует в конкурсе";"2219877";"—"
"1020";"4";"Электронное";"244000";"86 78 75";"5000";"Участвует в конкурсе";"1181179";"—"
"1022";"4";"Электронное";"244000";"76 88 73";"7000";"Участвует в конкурсе";"2250755";"—"
"1023";"3";"Электронное";"244000";"84 83 69";"8000";"Участвует в конкурсе";"1309259";"—"
"1025";"1";"—";"244000";"84 80 70";"10000";"Участвует в конкурсе";"1410715";"—"
"1027";"1";"Электронное";"244000";"78 75 81";"10000";"Участвует в конкурсе";"1622659";"—"
"1028";"3";"—";"244000";"78 75 81";"10000";"Участвует в конкурсе";"1780620";"—"
"1029";"7";"Электронное";"244000";"78 75 81";"10000";"Участвует в конкурсе";"2228274";"—"
"1030";"6";"—";"244000";"78 67 89";"10000";"Участвует в конкурсе";"1214365";"—"
"1032";"6";"—";"244000";"74 85 75";"10000";"Участвует в конкурсе";"1244346";"—"
"1033";"1";"—";"243000";"98 70 75";"—";"Участвует в конкурсе";"2244514";"—"
"1034";"21";"—";"243000";"82 85 76";"—";"Участвует в конкурсе";"2212560";"—"
"1035";"11";"Электронное";"243000";"80 88 75";"—";"Участвует в конкурсе";"2001511";"—"
"1036";"8";"—";"243000";"80 80 83";"—";"Участвует в конкурсе";"2077422";"—"
"1038";"4";"—";"243000";"76 78 89";"—";"Участвует в конкурсе";"2229248";"—"
"1039";"3";"Электронное";"243000";"78 80 83";"2000";"Участвует в конкурсе";"1286312";"—"
"1040";"2";"—";"243000";"86 71 83";"3000";"Участвует в конкурсе";"1987285";"—"
"1041";"6";"—";"243000";"76 78 86";"3000";"Участвует в конкурсе";"1955110";"—"
"1042";"10";"—";"243000";"94 77 67";"5000";"Участвует в конкурсе";"1959145";"—"
"1043";"3";"Электронное";"243000";"80 85 73";"5000";"Участвует в конкурсе";"1254783";"—"
"1044";"1";"—";"243000";"82 82 69";"10000";"Участвует в конкурсе";"1791120";"—"
"1045";"2";"—";"243000";"82 78 73";"10000";"Участвует в конкурсе";"1725765";"—"
"1046";"1";"—";"243000";"82 78 73";"10000";"Участвует в конкурсе";"1177591";"—"
"1048";"2";"—";"243000";"80 72 81";"10000";"Участвует в конкурсе";"1441883";"—"
"1049";"6";"—";"242000";"76 83 83";"—";"Участвует в конкурсе";"1713347";"—"
"1050";"2";"—";"242000";"92 90 57";"3000";"Участвует в конкурсе";"1212080";"—"
"1051";"4";"—";"242000";"90 83 66";"3000";"Участвует в конкурсе";"2243761";"—"
"1052";"12";"—";"242000";"84 85 70";"3000";"Участвует в конкурсе";"1782941";"—"
"1053";"4";"—";"242000";"84 72 83";"3000";"Участвует в конкурсе";"1820794";"—"
"1054";"4";"Электронное";"242000";"80 93 66";"3000";"Участвует в конкурсе";"2253985";"—"
"1055";"4";"Электронное";"242000";"78 83 73";"8000";"Участвует в конкурсе";"1857390";"—"
"1056";"4";"—";"242000";"92 68 72";"10000";"Участвует в конкурсе";"2006806";"—"
"1057";"5";"—";"242000";"88 72 72";"10000";"Участвует в конкурсе";"2070702";"—"
"1058";"9";"—";"242000";"84 75 73";"10000";"Участвует в конкурсе";"1364459";"—"
"1060";"6";"—";"242000";"76 83 73";"10000";"Участвует в конкурсе";"1687514";"—"
"1062";"1";"—";"242000";"72 79 81";"10000";"Участвует в конкурсе";"1182772";"—"
"1064";"1";"—";"241000";"88 72 81";"—";"Участвует в конкурсе";"2133957";"—"
"1065";"9";"—";"241000";"86 85 70";"—";"Участвует в конкурсе";"1156751";"—"
"1067";"1";"—";"241000";"80 72 89";"—";"Участвует в конкурсе";"1824177";"—"
"1068";"4";"—";"241000";"78 72 91";"—";"Участвует в конкурсе";"2312432";"—"
"1069";"3";"Электронное";"241000";"70 85 86";"—";"Участвует в конкурсе";"2253047";"—"
"1070";"5";"—";"241000";"82 78 78";"3000";"Участвует в конкурсе";"2315757";"—"
"1071";"4";"Электронное";"241000";"80 85 73";"3000";"Участвует в конкурсе";"1425835";"—"
"1072";"9";"—";"241000";"78 85 75";"3000";"Участвует в конкурсе";"1290046";"—"
"1073";"7";"—";"241000";"100 72 64";"5000";"Участвует в конкурсе";"2313733";"—"
"1074";"1";"Электронное";"241000";"82 74 75";"10000";"Участвует в конкурсе";"1478086";"—"
"1075";"9";"—";"241000";"78 83 70";"10000";"Участвует в конкурсе";"1945526";"—"
"1077";"2";"—";"241000";"76 82 73";"10000";"Участвует в конкурсе";"1788404";"—"
"1078";"4";"—";"241000";"76 80 75";"10000";"Участвует в конкурсе";"1793985";"—"
"1079";"5";"Электронное";"241000";"72 78 81";"10000";"Участвует в конкурсе";"1640967";"—"
"1080";"9";"Электронное";"241000";"72 76 83";"10000";"Участвует в конкурсе";"1544337";"—"
"1081";"1";"—";"240000";"88 80 72";"—";"Участвует в конкурсе";"2131428";"—"
"1082";"1";"Электронное";"240000";"86 84 70";"—";"Участвует в конкурсе";"1983822";"—"
"1083";"2";"—";"240000";"86 76 78";"—";"Участвует в конкурсе";"1193161";"—"
"1084";"5";"Электронное";"240000";"84 93 63";"—";"Участвует в конкурсе";"1686222";"—"
"1085";"1";"—";"240000";"82 85 73";"—";"Участвует в конкурсе";"1367353";"—"
"1086";"6";"—";"240000";"82 83 75";"—";"Участвует в конкурсе";"1426492";"—"
"1087";"4";"Электронное";"240000";"80 88 72";"—";"Участвует в конкурсе";"1366874";"—"
"1089";"3";"—";"240000";"84 70 83";"3000";"Участвует в конкурсе";"1644795";"—"
"1090";"5";"—";"240000";"82 70 78";"10000";"Участвует в конкурсе";"1792701";"—"
"1091";"2";"—";"240000";"78 77 75";"10000";"Участвует в конкурсе";"1726249";"—"
"1092";"2";"Электронное";"239000";"78 83 78";"—";"Участвует в конкурсе";"962544";"—"
"1093";"5";"—";"239000";"78 78 83";"—";"Участвует в конкурсе";"1788623";"—"
"1094";"3";"—";"239000";"78 80 78";"3000";"Участвует в конкурсе";"1990782";"—"
"1095";"2";"Электронное";"239000";"84 76 69";"10000";"Участвует в конкурсе";"1602811";"—"
"1096";"3";"—";"239000";"84 72 73";"10000";"Участвует в конкурсе";"2139578";"—"
"1097";"5";"Электронное";"239000";"82 75 72";"10000";"Участвует в конкурсе";"1978953";"—"
"1098";"12";"—";"239000";"80 79 70";"10000";"Участвует в конкурсе";"987159";"—"
"1100";"5";"—";"238000";"84 93 61";"—";"Участвует в конкурсе";"2183753";"—"
"1101";"8";"—";"238000";"84 90 64";"—";"Участвует в конкурсе";"2339399";"—"
"1102";"1";"Электронное";"238000";"80 88 70";"—";"Участвует в конкурсе";"1710707";"—"
"1103";"1";"—";"238000";"86 74 75";"3000";"Участвует в конкурсе";"2368802";"—"
"1104";"1";"—";"238000";"80 94 61";"3000";"Участвует в конкурсе";"1792512";"—"
"1105";"8";"—";"238000";"76 78 81";"3000";"Участвует в конкурсе";"1650359";"—"
"1106";"6";"Электронное";"238000";"72 90 70";"6000";"Участвует в конкурсе";"1277992";"—"
"1107";"10";"—";"238000";"84 80 67";"7000";"Участвует в конкурсе";"1364187";"—"
"1108";"3";"—";"238000";"88 71 69";"10000";"Участвует в конкурсе";"1720564";"—"
"1110";"7";"—";"238000";"78 80 70";"10000";"Участвует в конкурсе";"1209256";"—"
"1111";"9";"—";"238000";"76 79 73";"10000";"Участвует в конкурсе";"1182605";"—"
"1112";"6";"—";"238000";"70 80 78";"10000";"Участвует в конкурсе";"1358837";"—"
"1113";"10";"Электронное";"238000";"70 80 78";"10000";"Участвует в конкурсе";"1904617";"—"
"1114";"1";"—";"237000";"88 79 70";"—";"Участвует в конкурсе";"1529304";"—"
"1115";"5";"—";"237000";"86 62 89";"—";"Участвует в конкурсе";"2201116";"—"
"1116";"6";"—";"237000";"84 80 73";"—";"Участвует в конкурсе";"1186086";"—"
"1117";"2";"—";"237000";"78 78 81";"—";"Участвует в конкурсе";"1261585";"—"
"1118";"3";"—";"237000";"76 80 81";"—";"Участвует в конкурсе";"988086";"—"
"1119";"8";"—";"237000";"74 78 85";"—";"Участвует в конкурсе";"2415612";"—"
"1120";"4";"—";"237000";"78 83 73";"3000";"Участвует в конкурсе";"2248771";"—"
"1121";"2";"Электронное";"237000";"82 85 64";"6000";"Участвует в конкурсе";"1461836";"—"
"1122";"1";"—";"237000";"82 78 67";"10000";"Участвует в конкурсе";"1484021";"—"
"1123";"1";"Электронное";"237000";"82 75 70";"10000";"Участвует в конкурсе";"1647286";"—"
"1125";"7";"Электронное";"237000";"80 64 83";"10000";"Участвует в конкурсе";"2255497";"—"
"1126";"14";"—";"237000";"74 83 70";"10000";"Участвует в конкурсе";"1486769";"—"
"1127";"6";"Электронное";"237000";"74 70 83";"10000";"Участвует в конкурсе";"2226971";"—"
"1128";"3";"Электронное";"236000";"86 80 70";"—";"Участвует в конкурсе";"1400609";"—"
"1129";"14";"—";"236000";"80 83 73";"—";"Участвует в конкурсе";"1517242";"—"
"1130";"2";"—";"236000";"74 84 78";"—";"Участвует в конкурсе";"1075141";"—"
"1131";"2";"Электронное";"236000";"76 90 67";"3000";"Участвует в конкурсе";"1238237";"—"
"1132";"4";"Электронное";"236000";"82 90 54";"10000";"Участвует в конкурсе";"1832922";"—"
"1133";"4";"Электронное";"236000";"82 80 64";"10000";"Участвует в конкурсе";"1635506";"—"
"1134";"2";"Электронное";"236000";"78 78 70";"10000";"Участвует в конкурсе";"1319586";"—"
"1135";"3";"—";"236000";"78 73 75";"10000";"Участвует в конкурсе";"2097354";"—"
"1137";"18";"—";"236000";"76 78 72";"10000";"Участвует в конкурсе";"1950529";"—"
"1138";"5";"Электронное";"236000";"74 80 72";"10000";"Участвует в конкурсе";"1443658";"—"
"1139";"6";"Электронное";"235000";"84 90 61";"—";"Участвует в конкурсе";"1215372";"—"
"1140";"12";"—";"235000";"84 68 83";"—";"Участвует в конкурсе";"1857826";"—"
"1141";"5";"—";"235000";"76 90 69";"—";"Участвует в конкурсе";"1362059";"—"
"1142";"2";"—";"235000";"76 84 73";"2000";"Участвует в конкурсе";"2178617";"—"
"1143";"2";"—";"235000";"80 83 69";"3000";"Участвует в конкурсе";"1097263";"—"
"1144";"2";"—";"235000";"80 80 72";"3000";"Участвует в конкурсе";"1275802";"—"
"1145";"2";"—";"235000";"76 83 73";"3000";"Участвует в конкурсе";"2234846";"—"
"1146";"2";"—";"235000";"84 74 72";"5000";"Участвует в конкурсе";"1434231";"—"
"1147";"7";"—";"235000";"88 67 70";"10000";"Участвует в конкурсе";"1652935";"—"
"1148";"3";"—";"235000";"86 67 72";"10000";"Участвует в конкурсе";"2311427";"—"
"1149";"3";"—";"235000";"84 75 66";"10000";"Участвует в конкурсе";"1948533";"—"
"1150";"1";"—";"234000";"88 77 69";"—";"Участвует в конкурсе";"1511860";"—"
"1151";"15";"—";"234000";"84 72 78";"—";"Участвует в конкурсе";"1487530";"—"
"1152";"1";"—";"234000";"82 85 67";"—";"Участвует в конкурсе";"2344281";"—"
"1153";"4";"—";"234000";"82 85 67";"—";"Участвует в конкурсе";"1273182";"—"
"1154";"3";"—";"234000";"82 80 72";"—";"Участвует в конкурсе";"1192632";"—"
"1155";"7";"—";"234000";"80 85 69";"—";"Участвует в конкурсе";"2207333";"—"
"1156";"2";"Электронное";"234000";"80 79 75";"—";"Участвует в конкурсе";"1675098";"—"
"1157";"2";"—";"234000";"76 80 78";"—";"Участвует в конкурсе";"2071456";"—"
"1158";"6";"—";"234000";"70 78 86";"—";"Участвует в конкурсе";"1201779";"—"
"1159";"3";"Электронное";"234000";"94 67 70";"3000";"Участвует в конкурсе";"2269546";"—"
"1161";"2";"—";"234000";"88 76 60";"10000";"Участвует в конкурсе";"2326456";"—"
"1162";"5";"—";"234000";"82 76 66";"10000";"Участвует в конкурсе";"1322386";"—"
"1163";"1";"—";"234000";"82 72 70";"10000";"Участвует в конкурсе";"1996585";"—"
"1164";"3";"Электронное";"234000";"80 77 67";"10000";"Участвует в конкурсе";"1463784";"—"
"1165";"4";"—";"234000";"80 72 72";"10000";"Участвует в конкурсе";"2249187";"—"
"1166";"2";"Электронное";"234000";"78 80 66";"10000";"Участвует в конкурсе";"1387503";"—"
"1167";"4";"Электронное";"234000";"74 80 70";"10000";"Участвует в конкурсе";"1483189";"—"
"1168";"3";"Электронное";"234000";"74 78 72";"10000";"Участвует в конкурсе";"1824732";"—"
"1169";"5";"—";"234000";"70 82 72";"10000";"Участвует в конкурсе";"2168361";"—"
"1170";"2";"Электронное";"233000";"84 85 64";"—";"Участвует в конкурсе";"1478675";"—"
"1171";"8";"—";"233000";"82 84 67";"—";"Участвует в конкурсе";"1647518";"—"
"1172";"2";"Электронное";"233000";"82 78 73";"—";"Участвует в конкурсе";"1909774";"—"
"1173";"1";"Электронное";"233000";"80 80 73";"—";"Участвует в конкурсе";"2160610";"—"
"1175";"7";"—";"233000";"72 80 81";"—";"Участвует в конкурсе";"1247202";"—"
"1176";"2";"—";"233000";"78 83 70";"2000";"Участвует в конкурсе";"1841278";"—"
"1177";"1";"—";"233000";"78 72 81";"2000";"Участвует в конкурсе";"1038442";"—"
"1179";"2";"—";"233000";"74 83 73";"3000";"Участвует в конкурсе";"2191595";"—"
"1180";"27";"—";"233000";"72 78 78";"5000";"Участвует в конкурсе";"2384036";"—"
"1181";"4";"Электронное";"233000";"76 78 72";"7000";"Участвует в конкурсе";"1561642";"—"
"1182";"12";"Электронное";"233000";"86 67 70";"10000";"Участвует в конкурсе";"2178965";"—"
"1183";"13";"Электронное";"233000";"82 72 69";"10000";"Участвует в конкурсе";"1857511";"—"
"1184";"1";"—";"233000";"80 62 81";"10000";"Участвует в конкурсе";"1723622";"—"
"1185";"2";"—";"233000";"74 74 75";"10000";"Участвует в конкурсе";"960996";"—"
"1186";"2";"Электронное";"232000";"88 80 64";"—";"Участвует в конкурсе";"983564";"—"
"1187";"2";"—";"232000";"86 79 67";"—";"Участвует в конкурсе";"1285245";"—"
"1189";"1";"Электронное";"232000";"84 75 73";"—";"Участвует в конкурсе";"1546574";"—"
"1190";"2";"—";"232000";"82 83 67";"—";"Участвует в конкурсе";"1265801";"—"
"1191";"3";"—";"232000";"82 80 70";"—";"Участвует в конкурсе";"1570796";"—"
"1192";"4";"Электронное";"232000";"82 67 83";"—";"Участвует в конкурсе";"1520293";"—"
"1193";"7";"Электронное";"232000";"80 85 67";"—";"Участвует в конкурсе";"1860031";"—"
"1195";"10";"—";"232000";"72 88 72";"—";"Участвует в конкурсе";"1520724";"—"
"1196";"2";"Электронное";"232000";"82 74 73";"3000";"Участвует в конкурсе";"1643891";"—"
"1197";"5";"—";"232000";"78 70 81";"3000";"Участвует в конкурсе";"1185512";"—"
"1199";"2";"Электронное";"232000";"80 72 75";"5000";"Участвует в конкурсе";"1710601";"—"
"1201";"9";"—";"231000";"82 83 66";"—";"Участвует в конкурсе";"1578826";"—"
"1202";"1";"—";"231000";"80 85 66";"—";"Участвует в конкурсе";"1799452";"—"
"1203";"3";"Электронное";"231000";"76 83 72";"—";"Участвует в конкурсе";"1358227";"—"
"1204";"18";"—";"231000";"76 83 72";"—";"Участвует в конкурсе";"1556469";"—"
"1205";"1";"Электронное";"231000";"76 80 75";"—";"Участвует в конкурсе";"1330363";"—"
"1206";"3";"—";"231000";"82 78 69";"2000";"Участвует в конкурсе";"1400490";"—"
"1207";"2";"—";"231000";"78 85 66";"2000";"Участвует в конкурсе";"1783649";"—"
"1208";"4";"Электронное";"231000";"84 90 54";"3000";"Участвует в конкурсе";"1587310";"—"
"1209";"2";"—";"231000";"84 80 64";"3000";"Участвует в конкурсе";"1232132";"—"
"1210";"4";"—";"231000";"80 78 70";"3000";"Участвует в конкурсе";"1492136";"—"
"1211";"3";"—";"231000";"78 64 86";"3000";"Участвует в конкурсе";"1095698";"—"
"1212";"2";"Электронное";"231000";"72 78 78";"3000";"Участвует в конкурсе";"1623069";"—"
"1213";"3";"—";"231000";"86 72 63";"10000";"Участвует в конкурсе";"2227804";"—"
"1214";"20";"—";"231000";"72 80 69";"10000";"Участвует в конкурсе";"2309834";"—"
"1215";"9";"Электронное";"230000";"80 80 70";"—";"Участвует в конкурсе";"1518584";"—"
"1216";"1";"—";"230000";"80 80 70";"—";"Участвует в конкурсе";"2383993";"—"
"1217";"2";"—";"230000";"78 77 75";"—";"Участвует в конкурсе";"1334484";"—"
"1218";"1";"Электронное";"230000";"76 84 70";"—";"Участвует в конкурсе";"1389028";"—"
"1219";"2";"—";"230000";"76 74 78";"2000";"Участвует в конкурсе";"1608775";"—"
"1221";"7";"—";"230000";"74 70 83";"3000";"Участвует в конкурсе";"1204642";"—"
"1222";"8";"—";"230000";"84 64 72";"10000";"Участвует в конкурсе";"983863";"—"
"1223";"3";"—";"230000";"80 62 78";"10000";"Участвует в конкурсе";"2371771";"—"
"1224";"2";"—";"230000";"72 67 81";"10000";"Участвует в конкурсе";"1877084";"—"
"1225";"1";"—";"230000";"72 67 81";"10000";"Участвует в конкурсе";"1719296";"—"
"1226";"3";"—";"229000";"86 68 75";"—";"Участвует в конкурсе";"1620525";"—"
"1227";"2";"Электронное";"229000";"84 88 57";"—";"Участвует в конкурсе";"1801306";"—"
"1228";"2";"Электронное";"229000";"82 80 67";"—";"Участвует в конкурсе";"1640016";"—"
"1229";"5";"—";"229000";"82 78 69";"—";"Участвует в конкурсе";"1299868";"—"
"1230";"2";"Электронное";"229000";"80 83 66";"—";"Участвует в конкурсе";"1791186";"—"
"1231";"4";"Электронное";"229000";"78 78 73";"—";"Участвует в конкурсе";"1141671";"—"
"1232";"18";"—";"229000";"78 78 73";"—";"Участвует в конкурсе";"2417993";"—"
"1233";"1";"—";"229000";"74 83 72";"—";"Участвует в конкурсе";"1833362";"—"
"1234";"5";"—";"229000";"72 85 72";"—";"Участвует в конкурсе";"2037385";"—"
"1235";"9";"—";"229000";"70 78 81";"—";"Участвует в конкурсе";"1574582";"—"
"1236";"1";"Электронное";"229000";"78 83 66";"2000";"Участвует в конкурсе";"1710847";"—"
"1237";"7";"—";"229000";"84 75 67";"3000";"Участвует в конкурсе";"2241797";"—"
"1238";"2";"—";"229000";"82 78 66";"3000";"Участвует в конкурсе";"1518452";"—"
"1239";"5";"—";"229000";"78 78 70";"3000";"Участвует в конкурсе";"2203376";"—"
"1240";"2";"—";"229000";"76 76 72";"5000";"Участвует в конкурсе";"1441803";"—"
"1241";"1";"Электронное";"229000";"84 59 78";"8000";"Участвует в конкурсе";"1478489";"—"
"1242";"9";"—";"229000";"82 67 70";"10000";"Участвует в конкурсе";"1782967";"—"
"1243";"4";"—";"229000";"74 70 75";"10000";"Участвует в конкурсе";"2362151";"—"
"1244";"1";"—";"228000";"82 83 63";"—";"Участвует в конкурсе";"1005584";"—"
"1245";"18";"—";"228000";"80 85 63";"—";"Участвует в конкурсе";"1721663";"—"
"1246";"4";"Электронное";"228000";"80 70 78";"—";"Участвует в конкурсе";"1811763";"—"
"1247";"10";"Электронное";"228000";"78 78 72";"—";"Участвует в конкурсе";"1602822";"—"
"1248";"4";"—";"228000";"76 88 64";"—";"Участвует в конкурсе";"1701900";"—"
"1249";"3";"—";"228000";"76 72 78";"2000";"Участвует в конкурсе";"2368403";"—"
"1250";"4";"—";"228000";"82 71 72";"3000";"Участвует в конкурсе";"1103828";"—"
"1251";"9";"—";"228000";"76 80 69";"3000";"Участвует в конкурсе";"1853602";"—"
"1252";"4";"—";"228000";"70 80 75";"3000";"Участвует в конкурсе";"2355428";"—"
"1253";"5";"—";"228000";"80 72 66";"10000";"Участвует в конкурсе";"1899495";"—"
"1254";"2";"—";"228000";"78 68 72";"10000";"Участвует в конкурсе";"2101816";"—"
"1255";"5";"—";"228000";"74 83 61";"10000";"Участвует в конкурсе";"1287364";"—"
"1256";"1";"—";"228000";"72 77 69";"10000";"Участвует в конкурсе";"1859788";"—"
"1257";"9";"—";"227000";"92 78 57";"—";"Участвует в конкурсе";"1860324";"—"
"1258";"12";"Электронное";"227000";"88 67 72";"—";"Участвует в конкурсе";"1655253";"—"
"1259";"3";"—";"227000";"86 74 67";"—";"Участвует в конкурсе";"1179907";"—"
"1260";"4";"Электронное";"227000";"84 77 66";"—";"Участвует в конкурсе";"1652130";"—"
"1261";"13";"Электронное";"227000";"82 78 67";"—";"Участвует в конкурсе";"1701198";"—"
"1262";"7";"—";"227000";"80 80 67";"—";"Участвует в конкурсе";"1466489";"—"
"1263";"4";"—";"227000";"80 80 67";"—";"Участвует в конкурсе";"1515516";"—"
"1264";"1";"Электронное";"227000";"80 72 75";"—";"Участвует в конкурсе";"1705865";"—"
"1265";"1";"Электронное";"227000";"74 83 70";"—";"Участвует в конкурсе";"1985885";"—"
"1266";"3";"Электронное";"227000";"74 72 81";"—";"Участвует в конкурсе";"1399106";"—"
"1267";"1";"—";"227000";"74 70 83";"—";"Участвует в конкурсе";"1142820";"—"
"1268";"5";"—";"227000";"72 80 70";"5000";"Участвует в конкурсе";"1555630";"—"
"1269";"1";"Электронное";"227000";"80 70 67";"10000";"Участвует в конкурсе";"2004922";"—"
"1270";"2";"—";"227000";"80 56 81";"10000";"Участвует в конкурсе";"2351365";"—"
"1271";"1";"—";"227000";"78 64 75";"10000";"Участвует в конкурсе";"1796900";"—"
"1272";"9";"—";"227000";"64 72 81";"10000";"Участвует в конкурсе";"2272853";"—"
"1273";"3";"—";"226000";"92 62 72";"—";"Участвует в конкурсе";"1905537";"—"
"1274";"2";"—";"226000";"92 56 78";"—";"Участвует в конкурсе";"1608641";"—"
"1275";"1";"—";"226000";"86 80 60";"—";"Участвует в конкурсе";"1198200";"—"
"1276";"3";"—";"226000";"86 68 72";"—";"Участвует в конкурсе";"1250758";"—"
"1278";"3";"—";"226000";"84 79 63";"—";"Участвует в конкурсе";"1263307";"—"
"1279";"2";"—";"226000";"84 75 67";"—";"Участвует в конкурсе";"1287940";"—"
"1280";"1";"Электронное";"226000";"82 78 66";"—";"Участвует в конкурсе";"2211375";"—"
"1282";"2";"Электронное";"226000";"82 72 72";"—";"Участвует в конкурсе";"2183099";"—"
"1283";"7";"—";"226000";"76 75 75";"—";"Участвует в конкурсе";"1292389";"—"
"1284";"3";"—";"226000";"76 64 86";"—";"Участвует в конкурсе";"1197308";"—"
"1285";"1";"Электронное";"226000";"72 93 61";"—";"Участвует в конкурсе";"1906018";"—"
"1286";"1";"—";"226000";"70 78 78";"—";"Участвует в конкурсе";"1587834";"—"
"1287";"12";"—";"226000";"86 67 70";"3000";"Участвует в конкурсе";"2327567";"—"
"1288";"1";"—";"225000";"86 72 67";"—";"Участвует в конкурсе";"2005568";"—"
"1289";"9";"Электронное";"225000";"82 70 73";"—";"Участвует в конкурсе";"1908939";"—"
"1290";"10";"Электронное";"225000";"80 85 60";"—";"Участвует в конкурсе";"1195677";"—"
"1291";"13";"—";"225000";"80 82 63";"—";"Участвует в конкурсе";"1629127";"—"
"1292";"3";"—";"225000";"80 75 70";"—";"Участвует в конкурсе";"1443541";"—"
"1293";"1";"Электронное";"225000";"78 78 69";"—";"Участвует в конкурсе";"2214350";"—"
"1294";"3";"Электронное";"225000";"78 72 75";"—";"Участвует в конкурсе";"1487590";"—"
"1295";"3";"—";"225000";"76 76 73";"—";"Участвует в конкурсе";"1616403";"—"
"1296";"13";"Электронное";"225000";"74 78 73";"—";"Участвует в конкурсе";"1381441";"—"
"1297";"8";"—";"225000";"72 64 89";"—";"Участвует в конкурсе";"1689321";"—"
"1298";"3";"—";"225000";"64 83 78";"—";"Участвует в конкурсе";"1709777";"—"
"1299";"2";"—";"225000";"78 73 72";"2000";"Участвует в конкурсе";"1978359";"—"
"1300";"6";"—";"225000";"72 80 70";"3000";"Участвует в конкурсе";"1233987";"—"
"1301";"5";"Электронное";"225000";"64 75 78";"8000";"Участвует в конкурсе";"1621764";"—"
"1302";"17";"Электронное";"225000";"76 70 69";"10000";"Участвует в конкурсе";"1566649";"—"
"1303";"2";"Электронное";"225000";"74 68 73";"10000";"Участвует в конкурсе";"1843676";"—"
"1304";"1";"—";"225000";"72 68 75";"10000";"Участвует в конкурсе";"1618889";"—"
"1305";"15";"—";"224000";"82 80 62";"—";"Участвует в конкурсе";"1631664";"—"
"1306";"4";"—";"224000";"76 75 73";"—";"Участвует в конкурсе";"1722753";"—"
"1307";"7";"Электронное";"224000";"76 70 78";"—";"Участвует в конкурсе";"1881620";"—"
"1308";"4";"Электронное";"224000";"74 75 75";"—";"Участвует в конкурсе";"1511276";"—"
"1309";"2";"—";"224000";"74 67 83";"—";"Участвует в конкурсе";"2130453";"—"
"1311";"1";"Электронное";"224000";"72 80 72";"—";"Участвует в конкурсе";"1631499";"—"
"1312";"3";"—";"224000";"74 75 73";"2000";"Участвует в конкурсе";"1704283";"—"
"1313";"2";"Электронное";"224000";"100 70 51";"3000";"Участвует в конкурсе";"1606487";"—"
"1314";"2";"—";"224000";"78 83 60";"3000";"Участвует в конкурсе";"2217265";"—"
"1315";"1";"Электронное";"224000";"86 67 66";"5000";"Участвует в конкурсе";"2341565";"—"
"1316";"2";"—";"224000";"78 72 67";"7000";"Участвует в конкурсе";"2229043";"—"
"1317";"1";"—";"224000";"74 77 63";"10000";"Участвует в конкурсе";"1647024";"—"
"1320";"18";"—";"223000";"78 88 57";"—";"Участвует в конкурсе";"2177799";"—"
"1321";"5";"Электронное";"223000";"78 75 70";"—";"Участвует в конкурсе";"1904386";"—"
"1322";"3";"—";"223000";"74 79 70";"—";"Участвует в конкурсе";"1333515";"—"
"1324";"1";"—";"223000";"80 78 63";"2000";"Участвует в конкурсе";"1499757";"—"
"1325";"5";"—";"223000";"64 79 78";"2000";"Участвует в конкурсе";"1200682";"—"
"1326";"1";"—";"223000";"78 78 64";"3000";"Участвует в конкурсе";"2256116";"—"
"1327";"10";"—";"223000";"78 64 78";"3000";"Участвует в конкурсе";"2173429";"—"
"1328";"17";"—";"223000";"72 78 70";"3000";"Участвует в конкурсе";"831606";"—"
"1329";"1";"Электронное";"223000";"72 73 75";"3000";"Участвует в конкурсе";"1615627";"—"
"1330";"17";"—";"223000";"74 75 69";"5000";"Участвует в конкурсе";"2315057";"—"
"1331";"2";"—";"223000";"72 78 66";"7000";"Участвует в конкурсе";"1987971";"—"
"1332";"1";"Электронное";"223000";"76 70 67";"10000";"Участвует в конкурсе";"1416190";"—"
"1333";"6";"—";"223000";"72 74 67";"10000";"Участвует в конкурсе";"2056904";"—"
"1334";"1";"Электронное";"223000";"72 72 69";"10000";"Участвует в конкурсе";"1568753";"—"
"1335";"10";"—";"223000";"64 71 78";"10000";"Участвует в конкурсе";"2265958";"—"
"1336";"2";"—";"222000";"92 72 58";"—";"Участвует в конкурсе";"1722193";"—"
"1337";"4";"Электронное";"222000";"80 67 75";"—";"Участвует в конкурсе";"1624157";"—"
"1338";"1";"Электронное";"222000";"74 70 78";"—";"Участвует в конкурсе";"1029244";"—"
"1339";"4";"—";"222000";"78 70 72";"2000";"Участвует в конкурсе";"1998006";"—"
"1341";"25";"—";"222000";"78 78 63";"3000";"Участвует в конкурсе";"1912737";"—"
"1342";"11";"—";"222000";"76 68 75";"3000";"Участвует в конкурсе";"992519";"—"
"1343";"1";"Электронное";"222000";"70 85 64";"3000";"Участвует в конкурсе";"1483184";"—"
"1344";"6";"Электронное";"222000";"70 83 66";"3000";"Участвует в конкурсе";"2321259";"—"
"1345";"25";"Электронное";"222000";"72 67 78";"5000";"Участвует в конкурсе";"1858952";"—"
"1346";"7";"—";"222000";"80 72 60";"10000";"Участвует в конкурсе";"1557802";"—"
"1347";"6";"Электронное";"222000";"76 70 66";"10000";"Участвует в конкурсе";"1578073";"—"
"1348";"7";"Электронное";"222000";"74 75 63";"10000";"Участвует в конкурсе";"1310580";"—"
"1349";"2";"Электронное";"222000";"74 72 66";"10000";"Участвует в конкурсе";"2299778";"—"
"1350";"1";"Электронное";"222000";"70 70 72";"10000";"Участвует в конкурсе";"2024472";"—"
"1352";"4";"Электронное";"221000";"86 62 73";"—";"Участвует в конкурсе";"1994897";"—"
"1353";"29";"Электронное";"221000";"80 75 66";"—";"Участвует в конкурсе";"1176243";"—"
"1354";"13";"—";"221000";"80 72 69";"—";"Участвует в конкурсе";"1987385";"—"
"1355";"6";"—";"221000";"76 75 70";"—";"Участвует в конкурсе";"1216444";"—"
"1356";"21";"—";"221000";"74 83 64";"—";"Участвует в конкурсе";"1340286";"—"
"1357";"1";"—";"221000";"74 83 64";"—";"Участвует в конкурсе";"1997135";"—"
"1358";"3";"Электронное";"221000";"74 78 69";"—";"Участвует в конкурсе";"1207152";"—"
"1359";"1";"—";"221000";"70 76 75";"—";"Участвует в конкурсе";"2218183";"—"
"1360";"9";"Электронное";"221000";"82 64 73";"2000";"Участвует в конкурсе";"1267205";"—"
"1363";"4";"—";"221000";"74 72 72";"3000";"Участвует в конкурсе";"1898130";"—"
"1364";"3";"Электронное";"221000";"76 83 57";"5000";"Участвует в конкурсе";"1911960";"—"
"1365";"1";"Электронное";"221000";"74 56 81";"10000";"Участвует в конкурсе";"969260";"—"
"1366";"2";"—";"220000";"80 82 58";"—";"Участвует в конкурсе";"1633546";"—"
"1367";"7";"—";"220000";"80 62 78";"—";"Участвует в конкурсе";"1670281";"—"
"1368";"3";"—";"220000";"78 75 67";"—";"Участвует в конкурсе";"2266616";"—"
"1369";"3";"—";"220000";"78 72 70";"—";"Участвует в конкурсе";"1174925";"—"
"1371";"5";"Электронное";"220000";"76 78 66";"—";"Участвует в конкурсе";"1245491";"—"
"1372";"9";"—";"220000";"72 78 70";"—";"Участвует в конкурсе";"1200724";"—"
"1374";"5";"—";"220000";"70 72 78";"—";"Участвует в конкурсе";"1815793";"—"
"1375";"3";"Электронное";"220000";"78 65 75";"2000";"Участвует в конкурсе";"1307643";"—"
"1376";"8";"Электронное";"220000";"76 80 61";"3000";"Участвует в конкурсе";"1778848";"—"
"1377";"1";"—";"220000";"84 64 64";"8000";"Участвует в конкурсе";"1267880";"—"
"1378";"6";"Электронное";"220000";"72 75 63";"10000";"Участвует в конкурсе";"1963986";"—"
"1379";"4";"—";"220000";"72 68 70";"10000";"Участвует в конкурсе";"1714195";"—"
"1380";"7";"Электронное";"219000";"78 75 66";"—";"Участвует в конкурсе";"2118861";"—"
"1381";"2";"Электронное";"219000";"76 88 55";"—";"Участвует в конкурсе";"1267788";"—"
"1382";"2";"Электронное";"219000";"74 75 70";"—";"Участвует в конкурсе";"1768870";"—"
"1383";"13";"—";"219000";"74 75 70";"—";"Участвует в конкурсе";"1720832";"—"
"1384";"7";"Электронное";"219000";"74 72 73";"—";"Участвует в конкурсе";"1643109";"—"
"1385";"5";"—";"219000";"72 78 69";"—";"Участвует в конкурсе";"2050059";"—"
"1386";"1";"—";"219000";"70 83 66";"—";"Участвует в конкурсе";"1406320";"—"
"1387";"1";"Электронное";"219000";"70 80 69";"—";"Участвует в конкурсе";"1600976";"—"
"1388";"7";"—";"219000";"70 80 69";"—";"Участвует в конкурсе";"2261376";"—"
"1389";"13";"Электронное";"219000";"72 72 73";"2000";"Участвует в конкурсе";"2185929";"—"
"1390";"3";"—";"219000";"82 70 64";"3000";"Участвует в конкурсе";"2340838";"—"
"1392";"4";"Электронное";"219000";"76 76 64";"3000";"Участвует в конкурсе";"1725101";"—"
"1393";"2";"—";"219000";"76 76 64";"3000";"Участвует в конкурсе";"1213331";"—"
"1395";"3";"—";"219000";"70 83 63";"3000";"Участвует в конкурсе";"1652480";"—"
"1396";"4";"—";"219000";"58 78 73";"10000";"Участвует в конкурсе";"1188994";"—"
"1397";"6";"Электронное";"218000";"80 80 58";"—";"Участвует в конкурсе";"1900112";"—"
"1398";"2";"—";"218000";"76 72 70";"—";"Участвует в конкурсе";"1261714";"—"
"1399";"5";"—";"218000";"74 78 66";"—";"Участвует в конкурсе";"1204735";"—"
"1401";"2";"—";"218000";"74 71 73";"—";"Участвует в конкурсе";"1167989";"—"
"1402";"3";"—";"218000";"82 64 70";"2000";"Участвует в конкурсе";"1869716";"—"
"1403";"4";"—";"218000";"78 71 66";"3000";"Участвует в конкурсе";"1655322";"—"
"1404";"2";"Электронное";"218000";"76 78 61";"3000";"Участвует в конкурсе";"1961146";"—"
"1405";"4";"—";"218000";"74 83 58";"3000";"Участвует в конкурсе";"1361714";"—"
"1406";"3";"—";"218000";"64 76 75";"3000";"Участвует в конкурсе";"1859322";"—"
"1407";"4";"Электронное";"218000";"74 62 72";"10000";"Участвует в конкурсе";"1397944";"—"
"1408";"4";"Электронное";"217000";"86 59 72";"—";"Участвует в конкурсе";"2369021";"—"
"1409";"5";"—";"217000";"78 72 67";"—";"Участвует в конкурсе";"1783616";"—"
"1410";"8";"—";"217000";"78 72 67";"—";"Участвует в конкурсе";"1996601";"—"
"1411";"10";"—";"217000";"78 70 69";"—";"Участвует в конкурсе";"2180895";"—"
"1412";"1";"—";"217000";"76 75 66";"—";"Участвует в конкурсе";"2313270";"—"
"1413";"1";"Электронное";"217000";"76 72 69";"—";"Участвует в конкурсе";"1281318";"—"
"1414";"6";"Электронное";"217000";"74 70 73";"—";"Участвует в конкурсе";"1443666";"—"
"1416";"10";"—";"217000";"78 67 69";"3000";"Участвует в конкурсе";"2313827";"—"
"1417";"1";"—";"217000";"70 90 54";"3000";"Участвует в конкурсе";"1921899";"—"
"1418";"2";"—";"217000";"76 64 69";"8000";"Участвует в конкурсе";"1266073";"—"
"1419";"6";"Электронное";"217000";"78 51 78";"10000";"Участвует в конкурсе";"2003243";"—"
"1420";"3";"—";"217000";"76 76 55";"10000";"Участвует в конкурсе";"1213972";"—"
"1421";"1";"Электронное";"217000";"76 62 69";"10000";"Участвует в конкурсе";"2117820";"—"
"1422";"5";"Электронное";"217000";"70 62 75";"10000";"Участвует в конкурсе";"1487265";"—"
"1423";"12";"—";"216000";"82 70 64";"—";"Участвует в конкурсе";"1791758";"—"
"1424";"1";"—";"216000";"80 72 64";"—";"Участвует в конкурсе";"1330691";"—"
"1425";"3";"—";"216000";"78 68 70";"—";"Участвует в конкурсе";"1261040";"—"
"1426";"3";"—";"216000";"76 62 78";"—";"Участвует в конкурсе";"1386730";"—"
"1428";"4";"—";"216000";"76 72 66";"2000";"Участвует в конкурсе";"1265604";"—"
"1429";"7";"—";"216000";"74 70 69";"3000";"Участвует в конкурсе";"2128235";"—"
"1430";"4";"—";"216000";"78 61 67";"10000";"Участвует в конкурсе";"2354240";"—"
"1431";"1";"—";"216000";"76 64 66";"10000";"Участвует в конкурсе";"1619359";"—"
"1432";"11";"Электронное";"216000";"70 70 66";"10000";"Участвует в конкурсе";"1655708";"—"
"1433";"2";"—";"215000";"78 85 52";"—";"Участвует в конкурсе";"1423442";"—"
"1434";"2";"—";"215000";"78 70 67";"—";"Участвует в конкурсе";"1989596";"—"
"1435";"12";"—";"215000";"78 62 75";"—";"Участвует в конкурсе";"2079039";"—"
"1436";"2";"Электронное";"215000";"76 67 72";"—";"Участвует в конкурсе";"1518676";"—"
"1437";"1";"—";"215000";"72 80 63";"—";"Участвует в конкурсе";"1913384";"—"
"1439";"3";"—";"215000";"72 62 81";"—";"Участвует в конкурсе";"2270003";"—"
"1440";"4";"—";"215000";"70 67 78";"—";"Участвует в конкурсе";"2324003";"—"
"1441";"2";"—";"215000";"64 66 85";"—";"Участвует в конкурсе";"1963426";"—"
"1442";"3";"—";"215000";"82 64 66";"3000";"Участвует в конкурсе";"1994427";"—"
"1443";"10";"—";"215000";"74 71 67";"3000";"Участвует в конкурсе";"1670473";"—"
"1444";"5";"—";"215000";"76 72 57";"10000";"Участвует в конкурсе";"2227187";"—"
"1446";"4";"—";"214000";"80 70 64";"—";"Участвует в конкурсе";"1091998";"—"
"1448";"4";"—";"214000";"76 72 66";"—";"Участвует в конкурсе";"1849517";"—"
"1449";"9";"Электронное";"214000";"74 73 67";"—";"Участвует в конкурсе";"1062913";"—"
"1450";"9";"Электронное";"214000";"74 67 73";"—";"Участвует в конкурсе";"1354963";"—"
"1451";"5";"Электронное";"214000";"72 78 64";"—";"Участвует в конкурсе";"2175411";"—"
"1453";"3";"—";"214000";"82 78 51";"3000";"Участвует в конкурсе";"1442404";"—"
"1454";"1";"—";"214000";"74 67 63";"10000";"Участвует в конкурсе";"1179742";"—"
"1455";"22";"—";"213000";"88 68 57";"—";"Участвует в конкурсе";"2289347";"—"
"1457";"4";"—";"213000";"80 75 58";"—";"Участвует в конкурсе";"1914826";"—"
"1458";"1";"—";"213000";"80 64 69";"—";"Участвует в конкурсе";"2050695";"—"
"1459";"6";"—";"213000";"80 64 69";"—";"Участвует в конкурсе";"2181784";"—"
"1460";"4";"—";"213000";"74 72 67";"—";"Участвует в конкурсе";"1382286";"—"
"1461";"2";"—";"213000";"72 72 69";"—";"Участвует в конкурсе";"1438376";"—"
"1462";"16";"—";"213000";"78 75 55";"5000";"Участвует в конкурсе";"1307611";"—"
"1463";"2";"—";"213000";"76 78 51";"8000";"Участвует в конкурсе";"1201984";"—"
"1464";"11";"—";"213000";"64 75 66";"8000";"Участвует в конкурсе";"1311617";"—"
"1465";"1";"—";"212000";"82 75 55";"—";"Участвует в конкурсе";"1255446";"—"
"1466";"1";"Электронное";"212000";"78 67 67";"—";"Участвует в конкурсе";"2006425";"—"
"1467";"6";"Электронное";"212000";"74 78 60";"—";"Участвует в конкурсе";"1203295";"—"
"1468";"5";"—";"212000";"72 70 70";"—";"Участвует в конкурсе";"1640946";"—"
"1469";"3";"Электронное";"212000";"72 68 72";"—";"Участвует в конкурсе";"1729999";"—"
"1470";"3";"Электронное";"212000";"70 72 70";"—";"Участвует в конкурсе";"1720469";"—"
"1471";"9";"Электронное";"212000";"64 62 86";"—";"Участвует в конкурсе";"1712780";"—"
"1472";"3";"—";"212000";"74 68 67";"3000";"Участвует в конкурсе";"1831472";"—"
"1473";"5";"—";"212000";"72 70 67";"3000";"Участвует в конкурсе";"2087647";"—"
"1474";"8";"—";"212000";"70 70 69";"3000";"Участвует в конкурсе";"2215359";"—"
"1475";"3";"Электронное";"212000";"58 85 66";"3000";"Участвует в конкурсе";"1698825";"—"
"1476";"4";"—";"212000";"70 54 78";"10000";"Участвует в конкурсе";"2314169";"—"
"1477";"1";"—";"212000";"64 68 70";"10000";"Участвует в конкурсе";"2153404";"—"
"1478";"1";"Электронное";"212000";"58 75 69";"10000";"Участвует в конкурсе";"1903665";"—"
"1479";"2";"Электронное";"211000";"86 67 58";"—";"Участвует в конкурсе";"1899970";"—"
"1480";"18";"Электронное";"211000";"84 67 60";"—";"Участвует в конкурсе";"1876305";"—"
"1482";"1";"Электронное";"211000";"78 70 63";"—";"Участвует в конкурсе";"1683622";"—"
"1484";"8";"Электронное";"211000";"76 72 63";"—";"Участвует в конкурсе";"1549176";"—"
"1485";"3";"—";"211000";"74 64 73";"—";"Участвует в конкурсе";"2186691";"—"
"1486";"6";"Электронное";"211000";"72 78 61";"—";"Участвует в конкурсе";"1175434";"—"
"1488";"3";"—";"211000";"58 80 73";"—";"Участвует в конкурсе";"1800695";"—"
"1489";"25";"Электронное";"211000";"82 65 61";"3000";"Участвует в конкурсе";"2266482";"—"
"1490";"2";"—";"211000";"80 67 61";"3000";"Участвует в конкурсе";"1344192";"—"
"1491";"3";"—";"211000";"74 70 64";"3000";"Участвует в конкурсе";"2354261";"—"
"1492";"12";"—";"211000";"76 72 58";"5000";"Участвует в конкурсе";"2217395";"—"
"1493";"2";"—";"210000";"80 67 63";"—";"Участвует в конкурсе";"2046382";"—"
"1494";"3";"—";"210000";"76 67 67";"—";"Участвует в конкурсе";"1555589";"—"
"1495";"1";"Электронное";"210000";"74 78 58";"—";"Участвует в конкурсе";"1602059";"—"
"1496";"3";"—";"210000";"74 70 66";"—";"Участвует в конкурсе";"2359157";"—"
"1497";"7";"—";"210000";"74 67 69";"—";"Участвует в конкурсе";"2050615";"—"
"1499";"12";"—";"210000";"70 80 60";"—";"Участвует в конкурсе";"2208741";"—"
"1501";"4";"—";"210000";"76 75 57";"2000";"Участвует в конкурсе";"2337605";"—"
"1502";"2";"—";"210000";"78 78 51";"3000";"Участвует в конкурсе";"2027616";"—"
"1503";"7";"—";"210000";"70 80 57";"3000";"Участвует в конкурсе";"2217985";"—"
"1504";"11";"—";"210000";"70 70 67";"3000";"Участвует в конкурсе";"2340343";"—"
"1505";"1";"Электронное";"210000";"70 67 70";"3000";"Участвует в конкурсе";"1557289";"—"
"1506";"4";"Электронное";"210000";"64 70 73";"3000";"Участвует в конкурсе";"1514618";"—"
"1507";"2";"—";"210000";"64 80 60";"6000";"Участвует в конкурсе";"1995021";"—"
"1508";"4";"—";"210000";"72 70 60";"8000";"Участвует в конкурсе";"2216236";"—"
"1509";"2";"—";"210000";"70 67 63";"10000";"Участвует в конкурсе";"2093607";"—"
"1510";"1";"Электронное";"210000";"58 72 70";"10000";"Участвует в конкурсе";"1436762";"—"
"1511";"5";"—";"209000";"84 64 61";"—";"Участвует в конкурсе";"1361265";"—"
"1513";"2";"—";"209000";"78 64 67";"—";"Участвует в конкурсе";"1986544";"—"
"1514";"2";"Электронное";"209000";"76 70 63";"—";"Участвует в конкурсе";"1633455";"—"
"1515";"2";"—";"209000";"70 72 67";"—";"Участвует в конкурсе";"1352040";"—"
"1516";"2";"Электронное";"209000";"80 70 57";"2000";"Участвует в конкурсе";"2098645";"—"
"1517";"1";"—";"209000";"76 70 61";"2000";"Участвует в конкурсе";"1221691";"—"
"1518";"1";"—";"209000";"80 65 61";"3000";"Участвует в конкурсе";"1321520";"—"
"1519";"6";"—";"209000";"70 67 69";"3000";"Участвует в конкурсе";"2200151";"—"
"1520";"1";"Электронное";"209000";"88 59 57";"5000";"Участвует в конкурсе";"1128951";"—"
"1521";"1";"—";"209000";"64 65 75";"5000";"Участвует в конкурсе";"1946340";"—"
"1522";"11";"—";"209000";"72 75 55";"7000";"Участвует в конкурсе";"2161333";"—"
"1523";"6";"—";"209000";"72 58 69";"10000";"Участвует в конкурсе";"2362069";"—"
"1524";"3";"Электронное";"208000";"76 78 54";"—";"Участвует в конкурсе";"1216004";"—"
"1525";"8";"—";"208000";"76 72 60";"—";"Участвует в конкурсе";"1557965";"—"
"1526";"3";"Электронное";"208000";"74 65 69";"—";"Участвует в конкурсе";"1648195";"—"
"1528";"3";"Электронное";"208000";"72 79 57";"—";"Участвует в конкурсе";"1187269";"—"
"1529";"4";"—";"208000";"72 72 64";"—";"Участвует в конкурсе";"1119759";"—"
"1530";"2";"Электронное";"208000";"70 72 66";"—";"Участвует в конкурсе";"2036708";"—"
"1531";"5";"Электронное";"208000";"64 75 69";"—";"Участвует в конкурсе";"1345544";"—"
"1532";"2";"—";"208000";"70 70 66";"2000";"Участвует в конкурсе";"1859965";"—"
"1533";"3";"—";"208000";"76 59 70";"3000";"Участвует в конкурсе";"2141446";"—"
"1534";"5";"—";"208000";"74 70 61";"3000";"Участвует в конкурсе";"1053667";"—"
"1535";"5";"—";"208000";"72 78 55";"3000";"Участвует в конкурсе";"2177363";"—"
"1536";"7";"—";"208000";"70 75 60";"3000";"Участвует в конкурсе";"1849439";"—"
"1537";"1";"Электронное";"208000";"64 78 63";"3000";"Участвует в конкурсе";"1504911";"—"
"1538";"2";"—";"208000";"72 62 69";"5000";"Участвует в конкурсе";"2265587";"—"
"1540";"4";"Электронное";"207000";"82 62 63";"—";"Участвует в конкурсе";"2345208";"—"
"1541";"2";"—";"207000";"78 62 67";"—";"Участвует в конкурсе";"1858055";"—"
"1543";"9";"—";"207000";"76 64 67";"—";"Участвует в конкурсе";"1789755";"—"
"1545";"3";"—";"207000";"74 64 69";"—";"Участвует в конкурсе";"1195027";"—"
"1546";"2";"—";"207000";"72 78 57";"—";"Участвует в конкурсе";"2272758";"—"
"1548";"4";"—";"207000";"64 70 73";"—";"Участвует в конкурсе";"1886481";"—"
"1549";"2";"—";"207000";"76 71 57";"3000";"Участвует в конкурсе";"1489839";"—"
"1550";"3";"—";"207000";"74 72 58";"3000";"Участвует в конкурсе";"1440460";"—"
"1551";"4";"—";"207000";"74 70 60";"3000";"Участвует в конкурсе";"2094371";"—"
"1552";"11";"—";"207000";"72 75 57";"3000";"Участвует в конкурсе";"1626138";"—"
"1553";"3";"—";"207000";"70 71 63";"3000";"Участвует в конкурсе";"970893";"—"
"1554";"2";"—";"207000";"78 67 58";"4000";"Участвует в конкурсе";"2142313";"—"
"1555";"2";"Электронное";"206000";"78 70 58";"—";"Участвует в конкурсе";"1413582";"—"
"1556";"14";"—";"206000";"76 75 55";"—";"Участвует в конкурсе";"1555326";"—"
"1557";"2";"Электронное";"206000";"76 75 55";"—";"Участвует в конкурсе";"2395721";"—"
"1558";"3";"Электронное";"206000";"76 72 58";"—";"Участвует в конкурсе";"1603124";"—"
"1559";"1";"—";"206000";"74 59 73";"—";"Участвует в конкурсе";"2244553";"—"
"1560";"8";"—";"206000";"72 70 64";"—";"Участвует в конкурсе";"2321946";"—"
"1561";"3";"Электронное";"206000";"70 70 66";"—";"Участвует в конкурсе";"2054803";"—"
"1562";"3";"—";"206000";"70 64 72";"—";"Участвует в конкурсе";"1215737";"—"
"1563";"1";"—";"206000";"64 72 70";"—";"Участвует в конкурсе";"1793263";"—"
"1565";"1";"—";"206000";"72 62 69";"3000";"Участвует в конкурсе";"1717446";"—"
"1566";"6";"Электронное";"205000";"80 67 58";"—";"Участвует в конкурсе";"2212499";"—"
"1567";"6";"—";"205000";"80 56 69";"—";"Участвует в конкурсе";"1366430";"—"
"1568";"27";"—";"205000";"78 67 60";"—";"Участвует в конкурсе";"2390056";"—"
"1569";"8";"—";"205000";"78 64 63";"—";"Участвует в конкурсе";"2174812";"—"
"1570";"4";"—";"205000";"76 59 70";"—";"Участвует в конкурсе";"1195091";"—"
"1571";"16";"—";"205000";"74 64 67";"—";"Участвует в конкурсе";"1569590";"—"
"1572";"1";"Электронное";"205000";"72 70 63";"—";"Участвует в конкурсе";"1639478";"—"
"1573";"10";"—";"205000";"72 67 66";"—";"Участвует в конкурсе";"1179964";"—"
"1574";"4";"Электронное";"205000";"72 64 69";"—";"Участвует в конкурсе";"1205951";"—"
"1575";"4";"Электронное";"205000";"70 75 60";"—";"Участвует в конкурсе";"1352725";"—"
"1576";"2";"Электронное";"205000";"70 72 63";"—";"Участвует в конкурсе";"1614599";"—"
"1577";"14";"Электронное";"205000";"64 78 63";"—";"Участвует в конкурсе";"1624810";"—"
"1578";"3";"—";"205000";"74 71 57";"3000";"Участвует в конкурсе";"1950830";"—"
"1579";"2";"—";"205000";"74 68 60";"3000";"Участвует в конкурсе";"1378364";"—"
"1580";"18";"—";"205000";"64 72 66";"3000";"Участвует в конкурсе";"1832257";"—"
"1581";"1";"—";"205000";"80 56 61";"8000";"Участвует в конкурсе";"1164798";"—"
"1582";"7";"—";"205000";"72 72 51";"10000";"Участвует в конкурсе";"2365159";"—"
"1583";"4";"—";"205000";"70 62 63";"10000";"Участвует в конкурсе";"1179327";"—"
"1587";"4";"Электронное";"204000";"72 59 73";"—";"Участвует в конкурсе";"2178148";"—"
"1588";"5";"Электронное";"204000";"70 68 66";"—";"Участвует в конкурсе";"1697248";"—"
"1590";"1";"Электронное";"204000";"70 67 67";"—";"Участвует в конкурсе";"1397924";"—"
"1592";"3";"Электронное";"204000";"58 85 61";"—";"Участвует в конкурсе";"1209479";"—"
"1593";"6";"—";"204000";"70 62 70";"2000";"Участвует в конкурсе";"1487566";"—"
"1594";"5";"—";"204000";"74 70 57";"3000";"Участвует в конкурсе";"2231015";"—"
"1595";"13";"Электронное";"204000";"70 67 64";"3000";"Участвует в конкурсе";"2223344";"—"
"1596";"2";"—";"204000";"72 67 57";"8000";"Участвует в конкурсе";"1792266";"—"
"1597";"4";"—";"204000";"70 68 57";"9000";"Участвует в конкурсе";"2164859";"—"
"1598";"3";"Электронное";"204000";"72 62 60";"10000";"Участвует в конкурсе";"1281519";"—"
"1600";"10";"—";"204000";"58 61 75";"10000";"Участвует в конкурсе";"1465879";"—"
"1602";"1";"—";"203000";"76 60 67";"—";"Участвует в конкурсе";"2325591";"—"
"1603";"25";"—";"203000";"74 78 51";"—";"Участвует в конкурсе";"1277797";"—"
"1604";"2";"Электронное";"203000";"74 71 58";"—";"Участвует в конкурсе";"2268605";"—"
"1605";"1";"—";"203000";"74 65 64";"—";"Участвует в конкурсе";"1627969";"—"
"1606";"8";"—";"203000";"72 64 67";"—";"Участвует в конкурсе";"1944449";"—"
"1607";"2";"—";"203000";"72 56 75";"—";"Участвует в конкурсе";"2395681";"—"
"1608";"16";"Электронное";"203000";"64 78 61";"—";"Участвует в конкурсе";"1768958";"—"
"1609";"4";"Электронное";"203000";"64 75 64";"—";"Участвует в конкурсе";"1601585";"—"
"1611";"4";"—";"203000";"70 62 69";"2000";"Участвует в конкурсе";"2187952";"—"
"1613";"4";"—";"203000";"72 67 54";"10000";"Участвует в конкурсе";"1537629";"—"
"1614";"8";"Электронное";"203000";"58 74 61";"10000";"Участвует в конкурсе";"2329515";"—"
"1615";"2";"—";"202000";"76 65 61";"—";"Участвует в конкурсе";"1289931";"—"
"1616";"2";"—";"202000";"74 70 58";"—";"Участвует в конкурсе";"1790317";"—"
"1617";"5";"Электронное";"202000";"74 61 67";"—";"Участвует в конкурсе";"1915362";"—"
"1618";"12";"—";"202000";"72 70 60";"—";"Участвует в конкурсе";"2049279";"—"
"1620";"2";"—";"202000";"64 70 66";"2000";"Участвует в конкурсе";"1260549";"—"
"1621";"3";"—";"202000";"74 65 60";"3000";"Участвует в конкурсе";"2359499";"—"
"1622";"2";"—";"202000";"70 56 73";"3000";"Участвует в конкурсе";"1259577";"—"
"1624";"3";"—";"201000";"76 64 61";"—";"Участвует в конкурсе";"1619497";"—"
"1626";"13";"—";"201000";"74 75 52";"—";"Участвует в конкурсе";"2081099";"—"
"1627";"4";"—";"201000";"70 62 66";"3000";"Участвует в конкурсе";"2222697";"—"
"1628";"9";"—";"201000";"64 68 66";"3000";"Участвует в конкурсе";"1173418";"—"
"1629";"1";"Электронное";"201000";"70 56 67";"8000";"Участвует в конкурсе";"1925803";"—"
"1630";"1";"—";"201000";"74 56 61";"10000";"Участвует в конкурсе";"1855372";"—"
"1631";"1";"Электронное";"201000";"64 61 66";"10000";"Участвует в конкурсе";"1845640";"—"
"1632";"2";"—";"201000";"58 73 60";"10000";"Участвует в конкурсе";"2237356";"—"
"1633";"3";"—";"200000";"80 62 58";"—";"Участвует в конкурсе";"1307553";"—"
"1634";"5";"Электронное";"200000";"80 54 66";"—";"Участвует в конкурсе";"1986891";"—"
"1635";"1";"Электронное";"200000";"80 53 67";"—";"Участвует в конкурсе";"1869091";"—"
"1636";"12";"—";"200000";"78 64 58";"—";"Участвует в конкурсе";"2050647";"—"
"1637";"6";"Электронное";"200000";"74 72 54";"—";"Участвует в конкурсе";"1305178";"—"
"1638";"2";"—";"200000";"72 67 61";"—";"Участвует в конкурсе";"2249267";"—"
"1640";"4";"—";"200000";"70 67 63";"—";"Участвует в конкурсе";"2312115";"—"
"1641";"11";"—";"200000";"70 64 66";"—";"Участвует в конкурсе";"985510";"—"
"1643";"5";"Электронное";"200000";"58 67 75";"—";"Участвует в конкурсе";"1020843";"—"
"1645";"10";"Электронное";"200000";"58 59 81";"2000";"Участвует в конкурсе";"2363620";"—"
"1646";"4";"Электронное";"200000";"72 62 63";"3000";"Участвует в конкурсе";"2178377";"—"
"1647";"17";"—";"200000";"70 64 63";"3000";"Участвует в конкурсе";"1751032";"—"
"1648";"11";"Электронное";"200000";"58 75 61";"6000";"Участвует в конкурсе";"1702549";"—"
"1650";"2";"—";"200000";"70 56 64";"10000";"Участвует в конкурсе";"1981784";"—"
"1651";"5";"—";"199000";"76 71 52";"—";"Участвует в конкурсе";"2315319";"—"
"1652";"8";"—";"199000";"72 64 63";"—";"Участвует в конкурсе";"1197648";"—"
"1655";"2";"Электронное";"199000";"70 62 67";"—";"Участвует в конкурсе";"1319683";"—"
"1656";"10";"—";"199000";"58 62 79";"—";"Участвует в конкурсе";"1982751";"—"
"1657";"6";"Электронное";"199000";"64 72 60";"3000";"Участвует в конкурсе";"2292022";"—"
"1658";"7";"Электронное";"198000";"76 59 63";"—";"Участвует в конкурсе";"1900242";"—"
"1659";"1";"—";"198000";"74 64 60";"—";"Участвует в конкурсе";"1916529";"—"
"1660";"4";"—";"198000";"70 70 58";"—";"Участвует в конкурсе";"1636546";"—"
"1662";"12";"—";"198000";"64 59 75";"—";"Участвует в конкурсе";"1987800";"—"
"1663";"2";"—";"198000";"58 59 81";"—";"Участвует в конкурсе";"1633913";"—"
"1664";"4";"—";"198000";"70 62 60";"6000";"Участвует в конкурсе";"2149126";"—"
"1665";"3";"Электронное";"198000";"70 70 51";"7000";"Участвует в конкурсе";"1003648";"—"
"1666";"10";"—";"198000";"78 53 57";"10000";"Участвует в конкурсе";"1858873";"—"
"1667";"1";"Электронное";"197000";"74 65 58";"—";"Участвует в конкурсе";"1316137";"—"
"1668";"2";"Электронное";"197000";"74 62 61";"—";"Участвует в конкурсе";"1462543";"—"
"1669";"1";"—";"197000";"74 54 69";"—";"Участвует в конкурсе";"2260419";"—"
"1670";"5";"—";"197000";"72 67 58";"—";"Участвует в конкурсе";"1199964";"—"
"1671";"2";"Электронное";"197000";"72 62 63";"—";"Участвует в конкурсе";"1198197";"—"
"1672";"1";"Электронное";"197000";"70 70 57";"—";"Участвует в конкурсе";"1583339";"—"
"1673";"5";"Электронное";"197000";"70 67 60";"—";"Участвует в конкурсе";"2079176";"—"
"1674";"7";"Электронное";"197000";"64 64 69";"—";"Участвует в конкурсе";"1838260";"—"
"1675";"1";"Электронное";"197000";"58 75 64";"—";"Участвует в конкурсе";"1769252";"—"
"1676";"2";"Электронное";"197000";"64 75 55";"3000";"Участвует в конкурсе";"1366865";"—"
"1677";"7";"—";"197000";"58 77 55";"7000";"Участвует в конкурсе";"1957401";"—"
"1678";"10";"—";"197000";"78 51 58";"10000";"Участвует в конкурсе";"2269000";"—"
"1679";"1";"—";"196000";"74 67 55";"—";"Участвует в конкурсе";"1417758";"—"
"1680";"5";"Электронное";"196000";"72 70 54";"—";"Участвует в конкурсе";"1249499";"—"
"1681";"6";"—";"196000";"70 71 55";"—";"Участвует в конкурсе";"2287021";"—"
"1682";"5";"Электронное";"196000";"64 80 52";"—";"Участвует в конкурсе";"2100617";"—"
"1683";"8";"Электронное";"196000";"76 56 61";"3000";"Участвует в конкурсе";"1515111";"—"
"1684";"4";"—";"196000";"74 62 57";"3000";"Участвует в конкурсе";"1537280";"—"
"1685";"2";"—";"196000";"72 64 57";"3000";"Участвует в конкурсе";"1519574";"—"
"1686";"9";"Электронное";"196000";"64 62 67";"3000";"Участвует в конкурсе";"1341328";"—"
"1687";"4";"Электронное";"196000";"74 54 61";"7000";"Участвует в конкурсе";"1266021";"—"
"1689";"8";"—";"195000";"74 67 54";"—";"Участвует в конкурсе";"2269787";"—"
"1690";"21";"Электронное";"195000";"70 64 61";"—";"Участвует в конкурсе";"1906175";"—"
"1691";"2";"Электронное";"195000";"58 67 70";"—";"Участвует в конкурсе";"2167652";"—"
"1692";"6";"—";"195000";"58 59 78";"—";"Участвует в конкурсе";"1827033";"—"
"1693";"1";"Электронное";"195000";"64 64 64";"3000";"Участвует в конкурсе";"1680235";"—"
"1694";"7";"Электронное";"194000";"78 56 60";"—";"Участвует в конкурсе";"1362400";"—"
"1695";"21";"Электронное";"194000";"72 70 52";"—";"Участвует в конкурсе";"1153418";"—"
"1696";"1";"—";"194000";"72 64 58";"—";"Участвует в конкурсе";"2218650";"—"
"1697";"1";"Электронное";"194000";"70 55 69";"—";"Участвует в конкурсе";"1494639";"—"
"1698";"5";"Электронное";"194000";"70 54 70";"—";"Участвует в конкурсе";"1394967";"—"
"1699";"2";"—";"194000";"64 67 63";"—";"Участвует в конкурсе";"2424276";"—"
"1700";"4";"Электронное";"194000";"72 51 69";"2000";"Участвует в конкурсе";"956015";"—"
"1701";"2";"Электронное";"194000";"70 68 54";"2000";"Участвует в конкурсе";"1850083";"—"
"1702";"4";"—";"194000";"70 67 55";"2000";"Участвует в конкурсе";"1299202";"—"
"1703";"5";"Электронное";"194000";"74 62 55";"3000";"Участвует в конкурсе";"1980868";"—"
"1704";"15";"—";"194000";"70 67 54";"3000";"Участвует в конкурсе";"1104399";"—"
"1705";"2";"Электронное";"194000";"58 70 60";"6000";"Участвует в конкурсе";"1341447";"—"
"1706";"4";"—";"194000";"64 59 61";"10000";"Участвует в конкурсе";"2005370";"—"
"1707";"1";"—";"193000";"74 56 63";"—";"Участвует в конкурсе";"1322606";"—"
"1709";"5";"—";"193000";"72 67 54";"—";"Участвует в конкурсе";"2230224";"—"
"1710";"1";"Электронное";"193000";"72 64 57";"—";"Участвует в конкурсе";"1204235";"—"
"1711";"2";"Электронное";"193000";"72 64 57";"—";"Участвует в конкурсе";"2095903";"—"
"1712";"2";"—";"193000";"70 62 61";"—";"Участвует в конкурсе";"1308072";"—"
"1713";"13";"—";"193000";"70 59 64";"—";"Участвует в конкурсе";"1996819";"—"
"1714";"1";"Электронное";"193000";"64 78 51";"—";"Участвует в конкурсе";"2210838";"—"
"1715";"1";"Электронное";"193000";"58 74 61";"—";"Участвует в конкурсе";"1267845";"—"
"1716";"1";"—";"193000";"74 53 63";"3000";"Участвует в конкурсе";"1767317";"—"
"1717";"4";"—";"193000";"72 56 60";"5000";"Участвует в конкурсе";"2171750";"—"
"1718";"3";"—";"193000";"72 51 60";"10000";"Участвует в конкурсе";"1364328";"—"
"1719";"1";"—";"192000";"76 62 54";"—";"Участвует в конкурсе";"1374543";"—"
"1720";"4";"Электронное";"192000";"74 51 67";"—";"Участвует в конкурсе";"1570291";"—"
"1721";"3";"—";"192000";"64 67 61";"—";"Участвует в конкурсе";"1245803";"—"
"1722";"11";"—";"192000";"58 70 64";"—";"Участвует в конкурсе";"1634235";"—"
"1723";"2";"—";"192000";"70 64 55";"3000";"Участвует в конкурсе";"1644054";"—"
"1724";"10";"Электронное";"191000";"72 67 52";"—";"Участвует в конкурсе";"2307963";"—"
"1725";"2";"Электронное";"191000";"72 59 60";"—";"Участвует в конкурсе";"1852843";"—"
"1727";"3";"—";"191000";"70 54 67";"—";"Участвует в конкурсе";"2272149";"—"
"1729";"4";"Электронное";"191000";"58 70 63";"—";"Участвует в конкурсе";"1201004";"—"
"1730";"4";"—";"191000";"52 70 69";"—";"Участвует в конкурсе";"1754976";"—"
"1731";"7";"—";"191000";"52 53 86";"—";"Участвует в конкурсе";"1385627";"—"
"1732";"1";"—";"191000";"70 67 51";"3000";"Участвует в конкурсе";"1623895";"—"
"1733";"4";"Электронное";"191000";"64 51 66";"10000";"Участвует в конкурсе";"2264400";"—"
"1734";"4";"Электронное";"190000";"72 64 54";"—";"Участвует в конкурсе";"1409677";"—"
"1735";"1";"Электронное";"190000";"72 61 57";"—";"Участвует в конкурсе";"1473036";"—"
"1736";"2";"—";"190000";"72 54 64";"—";"Участвует в конкурсе";"1006726";"—"
"1737";"2";"—";"190000";"70 54 66";"—";"Участвует в конкурсе";"1969341";"—"
"1739";"1";"—";"190000";"64 65 61";"—";"Участвует в конкурсе";"2176882";"—"
"1740";"2";"—";"190000";"58 62 67";"3000";"Участвует в конкурсе";"1418811";"—"
"1741";"18";"—";"189000";"74 64 51";"—";"Участвует в конкурсе";"1283997";"—"
"1743";"2";"—";"189000";"64 67 58";"—";"Участвует в конкурсе";"2174745";"—"
"1744";"2";"—";"189000";"64 67 58";"—";"Участвует в конкурсе";"1641109";"—"
"1745";"2";"Электронное";"189000";"58 70 61";"—";"Участвует в конкурсе";"984596";"—"
"1746";"1";"—";"189000";"52 76 61";"—";"Участвует в конкурсе";"2190303";"—"
"1747";"4";"—";"189000";"52 71 66";"—";"Участвует в конкурсе";"1339229";"—"
"1749";"4";"Электронное";"189000";"72 62 52";"3000";"Участвует в конкурсе";"1099618";"—"
"1750";"12";"—";"189000";"70 64 52";"3000";"Участвует в конкурсе";"1427723";"—"
"1751";"2";"—";"189000";"64 62 60";"3000";"Участвует в конкурсе";"2364203";"—"
"1752";"1";"Электронное";"189000";"64 53 69";"3000";"Участвует в конкурсе";"2303154";"—"
"1753";"1";"—";"189000";"58 70 58";"3000";"Участвует в конкурсе";"1202558";"—"
"1754";"7";"Электронное";"189000";"70 62 52";"5000";"Участвует в конкурсе";"1498606";"—"
"1755";"1";"Электронное";"188000";"74 59 55";"—";"Участвует в конкурсе";"1632968";"—"
"1756";"4";"Электронное";"188000";"74 51 63";"—";"Участвует в конкурсе";"1356900";"—"
"1757";"6";"Электронное";"188000";"70 64 54";"—";"Участвует в конкурсе";"1501371";"—"
"1759";"6";"—";"188000";"64 61 63";"—";"Участвует в конкурсе";"1869761";"—"
"1760";"2";"Электронное";"188000";"64 64 57";"3000";"Участвует в конкурсе";"1317981";"—"
"1761";"5";"—";"188000";"70 62 51";"5000";"Участвует в конкурсе";"1558698";"—"
"1762";"1";"—";"187000";"78 51 58";"—";"Участвует в конкурсе";"987388";"—"
"1763";"4";"—";"187000";"72 64 51";"—";"Участвует в конкурсе";"2218344";"—"
"1764";"1";"—";"187000";"72 51 64";"—";"Участвует в конкурсе";"1994124";"—"
"1765";"1";"—";"187000";"64 62 61";"—";"Участвует в конкурсе";"1906668";"—"
"1766";"11";"—";"187000";"64 59 64";"—";"Участвует в конкурсе";"2394893";"—"
"1767";"3";"—";"187000";"64 53 70";"—";"Участвует в конкурсе";"2416385";"—"
"1769";"3";"—";"187000";"70 56 58";"3000";"Участвует в конкурсе";"2160814";"—"
"1770";"2";"Электронное";"187000";"64 54 64";"5000";"Участвует в конкурсе";"1156900";"—"
"1771";"2";"—";"186000";"64 59 63";"—";"Участвует в конкурсе";"2192996";"—"
"1772";"6";"—";"186000";"58 62 66";"—";"Участвует в конкурсе";"1327537";"—"
"1773";"3";"Электронное";"186000";"58 59 69";"—";"Участвует в конкурсе";"1935342";"—"
"1775";"3";"Электронное";"186000";"64 64 55";"3000";"Участвует в конкурсе";"1380329";"—"
"1776";"3";"—";"186000";"58 62 63";"3000";"Участвует в конкурсе";"1701913";"—"
"1777";"4";"—";"185000";"80 54 51";"—";"Участвует в конкурсе";"1287347";"—"
"1778";"1";"—";"185000";"72 59 54";"—";"Участвует в конкурсе";"2238869";"—"
"1779";"4";"—";"185000";"72 56 57";"—";"Участвует в конкурсе";"1213850";"—"
"1780";"7";"Электронное";"185000";"70 51 64";"—";"Участвует в конкурсе";"2004608";"—"
"1781";"2";"—";"185000";"58 75 52";"—";"Участвует в конкурсе";"1638727";"—"
"1782";"12";"—";"185000";"58 64 63";"—";"Участвует в конкурсе";"2331816";"—"
"1783";"5";"—";"185000";"58 59 58";"10000";"Участвует в конкурсе";"2249393";"—"
"1785";"8";"Электронное";"184000";"70 54 60";"—";"Участвует в конкурсе";"2369226";"—"
"1786";"9";"—";"184000";"64 68 52";"—";"Участвует в конкурсе";"2241438";"—"
"1787";"1";"—";"184000";"64 56 64";"—";"Участвует в конкурсе";"2414046";"—"
"1788";"1";"Электронное";"184000";"70 56 55";"3000";"Участвует в конкурсе";"2194709";"—"
"1789";"5";"Электронное";"184000";"64 59 51";"10000";"Участвует в конкурсе";"1997674";"—"
"1790";"3";"—";"183000";"74 51 58";"—";"Участвует в конкурсе";"1619483";"—"
"1791";"8";"—";"183000";"72 59 52";"—";"Участвует в конкурсе";"1782030";"—"
"1792";"8";"—";"183000";"64 68 51";"—";"Участвует в конкурсе";"2313702";"—"
"1793";"9";"—";"183000";"64 62 57";"—";"Участвует в конкурсе";"1361464";"—"
"1795";"1";"Электронное";"183000";"58 59 66";"—";"Участвует в конкурсе";"2213519";"—"
"1796";"5";"Электронное";"183000";"52 59 72";"—";"Участвует в конкурсе";"1699253";"—"
"1798";"8";"Электронное";"183000";"58 54 66";"5000";"Участвует в конкурсе";"1518931";"—"
"1799";"2";"Электронное";"182000";"74 51 57";"—";"Участвует в конкурсе";"1261002";"—"
"1800";"3";"—";"182000";"58 70 54";"—";"Участвует в конкурсе";"1930042";"—"
"1801";"22";"—";"182000";"52 67 63";"—";"Участвует в конкурсе";"1207696";"—"
"1802";"2";"Электронное";"182000";"58 64 57";"3000";"Участвует в конкурсе";"1760297";"—"
"1803";"11";"—";"182000";"58 54 67";"3000";"Участвует в конкурсе";"1255434";"—"
"1804";"2";"Электронное";"182000";"58 59 60";"5000";"Участвует в конкурсе";"2176621";"—"
"1805";"2";"—";"182000";"58 62 54";"8000";"Участвует в конкурсе";"1424701";"—"
"1807";"17";"—";"181000";"64 51 66";"—";"Участвует в конкурсе";"1342652";"—"
"1808";"6";"—";"181000";"58 56 67";"—";"Участвует в конкурсе";"2238763";"—"
"1809";"3";"—";"181000";"58 54 69";"—";"Участвует в конкурсе";"1195586";"—"
"1810";"2";"Электронное";"181000";"52 62 67";"—";"Участвует в конкурсе";"1036675";"—"
"1811";"2";"—";"181000";"52 62 67";"—";"Участвует в конкурсе";"1003811";"—"
"1812";"7";"Электронное";"181000";"52 54 75";"—";"Участвует в конкурсе";"2241622";"—"
"1813";"2";"—";"181000";"52 67 60";"2000";"Участвует в конкурсе";"1285777";"—"
"1814";"1";"—";"180000";"74 51 55";"—";"Участвует в конкурсе";"2197275";"—"
"1815";"9";"—";"180000";"64 59 57";"—";"Участвует в конкурсе";"2089136";"—"
"1816";"1";"Электронное";"180000";"64 56 60";"—";"Участвует в конкурсе";"1365908";"—"
"1817";"4";"—";"180000";"64 53 63";"—";"Участвует в конкурсе";"2405016";"—"
"1818";"3";"—";"180000";"58 64 58";"—";"Участвует в конкурсе";"1445604";"—"
"1819";"6";"—";"180000";"58 64 58";"—";"Участвует в конкурсе";"1163069";"—"
"1820";"5";"—";"180000";"52 70 58";"—";"Участвует в конкурсе";"1750470";"—"
"1821";"1";"Электронное";"179000";"70 54 55";"—";"Участвует в конкурсе";"2160050";"—"
"1823";"5";"Электронное";"179000";"64 54 61";"—";"Участвует в конкурсе";"1177917";"—"
"1824";"10";"—";"179000";"52 64 61";"2000";"Участвует в конкурсе";"1854854";"—"
"1826";"5";"Электронное";"179000";"64 56 51";"8000";"Участвует в конкурсе";"1085816";"—"
"1827";"1";"—";"178000";"70 54 54";"—";"Участвует в конкурсе";"2181168";"—"
"1828";"3";"Электронное";"178000";"64 51 63";"—";"Участвует в конкурсе";"2091515";"—"
"1829";"5";"—";"178000";"58 56 64";"—";"Участвует в конкурсе";"2425391";"—"
"1831";"5";"—";"178000";"64 59 52";"3000";"Участвует в конкурсе";"1855963";"—"
"1833";"2";"—";"177000";"64 56 57";"—";"Участвует в конкурсе";"1621724";"—"
"1834";"6";"—";"177000";"52 70 55";"—";"Участвует в конкурсе";"1273616";"—"
"1835";"23";"—";"177000";"52 65 60";"—";"Участвует в конкурсе";"2273348";"—"
"1836";"1";"Электронное";"177000";"52 59 64";"2000";"Участвует в конкурсе";"2054563";"—"
"1837";"6";"—";"177000";"58 62 54";"3000";"Участвует в конкурсе";"1695698";"—"
"1838";"2";"—";"176000";"74 51 51";"—";"Участвует в конкурсе";"2310297";"—"
"1839";"2";"—";"176000";"64 54 58";"—";"Участвует в конкурсе";"2320745";"—"
"1840";"7";"—";"176000";"64 54 58";"—";"Участвует в конкурсе";"2396330";"—"
"1841";"6";"—";"176000";"64 51 61";"—";"Участвует в конкурсе";"1645425";"—"
"1842";"1";"Электронное";"176000";"58 58 60";"—";"Участвует в конкурсе";"1638690";"—"
"1843";"7";"—";"176000";"58 54 64";"—";"Участвует в конкурсе";"1067623";"—"
"1844";"5";"Электронное";"176000";"52 70 54";"—";"Участвует в конкурсе";"1599886";"—"
"1845";"4";"—";"175000";"70 51 54";"—";"Участвует в конкурсе";"2389091";"—"
"1846";"4";"—";"175000";"64 54 57";"—";"Участвует в конкурсе";"1340078";"—"
"1848";"7";"Электронное";"174000";"58 58 58";"—";"Участвует в конкурсе";"1095181";"—"
"1849";"20";"Электронное";"174000";"58 56 60";"—";"Участвует в конкурсе";"1723435";"—"
"1850";"4";"—";"174000";"52 64 58";"—";"Участвует в конкурсе";"1410607";"—"
"1851";"9";"—";"174000";"52 59 60";"3000";"Участвует в конкурсе";"1580135";"—"
"1852";"1";"Электронное";"174000";"52 54 58";"10000";"Участвует в конкурсе";"2165222";"—"
"1853";"6";"—";"173000";"70 51 52";"—";"Участвует в конкурсе";"1962901";"—"
"1854";"2";"Электронное";"172000";"64 53 55";"—";"Участвует в конкурсе";"2222787";"—"
"1855";"5";"—";"172000";"58 51 63";"—";"Участвует в конкурсе";"2369926";"—"
"1856";"3";"—";"172000";"52 64 54";"2000";"Участвует в конкурсе";"1215825";"—"
"1857";"4";"Электронное";"171000";"58 59 54";"—";"Участвует в конкурсе";"1910723";"—"
"1858";"4";"—";"171000";"52 62 57";"—";"Участвует в конкурсе";"2394670";"—"
"1859";"1";"Электронное";"171000";"52 56 63";"—";"Участвует в конкурсе";"1567641";"—"
"1860";"11";"Электронное";"171000";"52 56 63";"—";"Участвует в конкурсе";"1995832";"—"
"1861";"2";"—";"171000";"52 53 66";"—";"Участвует в конкурсе";"1873196";"—"
"1863";"5";"Электронное";"171000";"52 58 58";"3000";"Участвует в конкурсе";"2241151";"—"
"1864";"23";"—";"170000";"52 51 63";"4000";"Участвует в конкурсе";"1614707";"—"
"1865";"2";"Электронное";"169000";"64 54 51";"—";"Участвует в конкурсе";"2238461";"—"
"1866";"3";"—";"169000";"64 51 54";"—";"Участвует в конкурсе";"2143404";"—"
"1868";"9";"—";"169000";"58 54 57";"—";"Участвует в конкурсе";"1777147";"—"
"1869";"4";"—";"168000";"58 56 54";"—";"Участвует в конкурсе";"2393323";"—"
"1870";"4";"—";"166000";"64 51 51";"—";"Участвует в конкурсе";"2100989";"—"
"1871";"1";"Электронное";"166000";"52 62 52";"—";"Участвует в конкурсе";"1715096";"—"
"1872";"1";"Электронное";"165000";"52 62 51";"—";"Участвует в конкурсе";"1795843";"—"
"1874";"1";"Электронное";"165000";"52 56 57";"—";"Участвует в конкурсе";"1416827";"—"
"1875";"4";"—";"164000";"52 51 61";"—";"Участвует в конкурсе";"2185204";"—"
"1876";"11";"—";"163000";"52 54 57";"—";"Участвует в конкурсе";"2246710";"—"
"1878";"4";"—";"162000";"52 56 54";"—";"Участвует в конкурсе";"1231148";"—"
"1879";"1";"Электронное";"158000";"52 54 52";"—";"Участвует в конкурсе";"1544793";"—"
"1880";"2";"—";"158000";"52 51 55";"—";"Участвует в конкурсе";"1979131";"—"
