"Порядковый номер";"Приоритет конкурса";"Подано согласие";"Сумма баллов";"Баллы за ВИ";"Баллы за ИД";"Статус";"Код поступающего";"Дата выбора конкурсной группы по Москве"
"1";"6";"—";"304000";"100 100 94";"10000";"Участвует в конкурсе";"1796316";"—"
"2";"16";"—";"304000";"100 100 94";"10000";"Участвует в конкурсе";"952832";"—"
"3";"22";"—";"304000";"98 99 97";"10000";"Участвует в конкурсе";"1914761";"—"
"4";"22";"—";"303000";"100 99 94";"10000";"Участвует в конкурсе";"1684531";"—"
"5";"8";"—";"302000";"100 98 94";"10000";"Участвует в конкурсе";"1209561";"—"
"6";"8";"—";"301000";"100 100 91";"10000";"Участвует в конкурсе";"1646082";"—"
"8";"15";"—";"301000";"100 100 91";"10000";"Участвует в конкурсе";"1958013";"—"
"9";"5";"—";"300000";"100 99 91";"10000";"Участвует в конкурсе";"1999926";"—"
"10";"13";"—";"300000";"100 90 100";"10000";"Участвует в конкурсе";"1618714";"—"
"11";"11";"—";"300000";"95 98 97";"10000";"Участвует в конкурсе";"1331541";"—"
"12";"7";"—";"299000";"100 100 89";"10000";"Участвует в конкурсе";"1615185";"—"
"13";"27";"—";"299000";"100 92 97";"10000";"Участвует в конкурсе";"1729269";"—"
"14";"24";"—";"299000";"95 97 97";"10000";"Участвует в конкурсе";"1772073";"—"
"15";"7";"—";"298000";"95 96 97";"10000";"Участвует в конкурсе";"1326997";"—"
"16";"9";"—";"298000";"95 96 97";"10000";"Участвует в конкурсе";"1209032";"—"
"17";"8";"—";"298000";"95 96 97";"10000";"Участвует в конкурсе";"1626983";"—"
"18";"9";"—";"297000";"98 94 97";"8000";"Участвует в конкурсе";"1514024";"—"
"19";"21";"—";"297000";"100 96 91";"10000";"Участвует в конкурсе";"1261735";"—"
"20";"26";"—";"297000";"100 90 97";"10000";"Участвует в конкурсе";"1784994";"—"
"21";"5";"—";"297000";"100 90 97";"10000";"Участвует в конкурсе";"1726516";"—"
"22";"11";"—";"297000";"98 98 91";"10000";"Участвует в конкурсе";"1722523";"—"
"23";"26";"—";"297000";"98 98 91";"10000";"Участвует в конкурсе";"1997125";"—"
"26";"13";"—";"296000";"95 100 91";"10000";"Участвует в конкурсе";"1798824";"—"
"27";"10";"—";"296000";"95 97 94";"10000";"Участвует в конкурсе";"1196082";"—"
"28";"10";"—";"295000";"98 96 91";"10000";"Участвует в конкурсе";"1174068";"—"
"29";"4";"—";"294000";"95 99 97";"3000";"Участвует в конкурсе";"1521257";"—"
"30";"4";"—";"294000";"100 95 89";"10000";"Участвует в конкурсе";"1291419";"—"
"31";"5";"—";"294000";"100 84 100";"10000";"Участвует в конкурсе";"1627999";"—"
"32";"10";"—";"294000";"95 100 89";"10000";"Участвует в конкурсе";"1908016";"—"
"33";"10";"—";"294000";"95 92 97";"10000";"Участвует в конкурсе";"1333982";"—"
"34";"19";"Электронное";"294000";"93 97 94";"10000";"Участвует в конкурсе";"1508498";"—"
"36";"15";"—";"293000";"100 94 89";"10000";"Участвует в конкурсе";"1352457";"—"
"37";"4";"—";"293000";"100 94 89";"10000";"Участвует в конкурсе";"1207984";"—"
"38";"20";"—";"292000";"98 97 97";"—";"Участвует в конкурсе";"2006503";"—"
"40";"4";"Электронное";"292000";"100 100 89";"3000";"Участвует в конкурсе";"1624004";"—"
"41";"18";"Электронное";"292000";"100 98 91";"3000";"Участвует в конкурсе";"2183839";"—"
"42";"18";"—";"292000";"100 98 89";"5000";"Участвует в конкурсе";"1600716";"—"
"43";"10";"—";"292000";"100 95 89";"8000";"Участвует в конкурсе";"1788572";"—"
"44";"20";"—";"292000";"100 96 86";"10000";"Участвует в конкурсе";"1958628";"—"
"45";"26";"—";"292000";"95 98 89";"10000";"Участвует в конкурсе";"2000936";"—"
"46";"13";"—";"292000";"95 90 97";"10000";"Участвует в конкурсе";"1603405";"—"
"47";"20";"—";"292000";"88 100 94";"10000";"Участвует в конкурсе";"1901413";"—"
"48";"9";"—";"291000";"100 95 86";"10000";"Участвует в конкурсе";"1505063";"—"
"49";"5";"—";"291000";"100 95 86";"10000";"Участвует в конкурсе";"1438164";"—"
"50";"7";"Электронное";"291000";"100 92 89";"10000";"Участвует в конкурсе";"1622970";"—"
"51";"7";"—";"291000";"98 92 91";"10000";"Участвует в конкурсе";"1640794";"—"
"52";"12";"—";"291000";"98 92 91";"10000";"Участвует в конкурсе";"2249276";"—"
"53";"14";"—";"291000";"93 99 89";"10000";"Участвует в конкурсе";"1480178";"—"
"54";"14";"—";"291000";"93 97 91";"10000";"Участвует в конкурсе";"1436957";"—"
"55";"9";"—";"291000";"90 97 94";"10000";"Участвует в конкурсе";"2311803";"—"
"56";"14";"—";"291000";"90 94 97";"10000";"Участвует в конкурсе";"1443343";"—"
"57";"8";"—";"291000";"83 98 100";"10000";"Участвует в конкурсе";"1656043";"—"
"58";"10";"—";"290000";"95 96 89";"10000";"Участвует в конкурсе";"1729121";"—"
"59";"11";"—";"290000";"95 94 91";"10000";"Участвует в конкурсе";"1726871";"—"
"60";"17";"—";"290000";"93 98 89";"10000";"Участвует в конкурсе";"1962427";"—"
"61";"9";"Электронное";"290000";"93 96 91";"10000";"Участвует в конкурсе";"1157172";"—"
"62";"11";"—";"289000";"100 95 94";"—";"Участвует в конкурсе";"1425676";"—"
"63";"7";"—";"289000";"95 94 97";"3000";"Участвует в конкурсе";"1481603";"—"
"64";"24";"—";"289000";"100 98 81";"10000";"Участвует в конкурсе";"1653754";"—"
"65";"16";"—";"289000";"100 88 91";"10000";"Участвует в конкурсе";"1197790";"—"
"66";"6";"—";"289000";"100 82 97";"10000";"Участвует в конкурсе";"1917593";"—"
"67";"5";"—";"289000";"98 95 86";"10000";"Участвует в конкурсе";"1291171";"—"
"68";"11";"—";"289000";"98 92 89";"10000";"Участвует в конкурсе";"1789957";"—"
"69";"20";"Электронное";"289000";"98 90 91";"10000";"Участвует в конкурсе";"1582374";"—"
"71";"17";"—";"289000";"95 84 100";"10000";"Участвует в конкурсе";"1582041";"—"
"72";"21";"—";"289000";"93 100 86";"10000";"Участвует в конкурсе";"1288256";"—"
"73";"11";"—";"289000";"93 97 89";"10000";"Участвует в конкурсе";"1076436";"—"
"74";"22";"—";"289000";"93 95 91";"10000";"Участвует в конкурсе";"1463535";"—"
"75";"2";"—";"289000";"90 100 89";"10000";"Участвует в конкурсе";"1504165";"—"
"76";"11";"—";"289000";"90 100 89";"10000";"Участвует в конкурсе";"2344911";"—"
"77";"5";"—";"289000";"90 100 89";"10000";"Участвует в конкурсе";"2253090";"—"
"78";"11";"—";"289000";"90 98 91";"10000";"Участвует в конкурсе";"1654126";"—"
"79";"10";"—";"289000";"88 100 91";"10000";"Участвует в конкурсе";"1205252";"—"
"80";"11";"—";"289000";"88 100 91";"10000";"Участвует в конкурсе";"1516325";"—"
"82";"27";"—";"288000";"98 94 86";"10000";"Участвует в конкурсе";"2254975";"—"
"83";"17";"—";"288000";"93 96 89";"10000";"Участвует в конкурсе";"1704766";"—"
"84";"11";"—";"288000";"93 96 89";"10000";"Участвует в конкурсе";"1344235";"—"
"85";"16";"—";"288000";"93 94 91";"10000";"Участвует в конкурсе";"983542";"—"
"86";"9";"Электронное";"288000";"88 90 100";"10000";"Участвует в конкурсе";"1640316";"—"
"87";"15";"—";"288000";"85 99 94";"10000";"Участвует в конкурсе";"1439269";"—"
"88";"7";"—";"288000";"80 98 100";"10000";"Участвует в конкурсе";"1548589";"—"
"89";"11";"—";"287000";"98 98 86";"5000";"Участвует в конкурсе";"1204240";"—"
"90";"11";"—";"287000";"98 90 89";"10000";"Участвует в конкурсе";"2273067";"—"
"91";"18";"—";"287000";"95 88 94";"10000";"Участвует в конкурсе";"1429917";"—"
"92";"12";"—";"287000";"90 96 91";"10000";"Участвует в конкурсе";"1515540";"—"
"93";"11";"—";"287000";"90 96 91";"10000";"Участвует в конкурсе";"1955155";"—"
"94";"11";"—";"287000";"90 90 97";"10000";"Участвует в конкурсе";"1583458";"—"
"95";"21";"—";"287000";"90 90 97";"10000";"Участвует в конкурсе";"1493775";"—"
"97";"6";"—";"287000";"88 98 91";"10000";"Участвует в конкурсе";"1772003";"—"
"98";"21";"—";"287000";"85 95 97";"10000";"Участвует в конкурсе";"2215707";"—"
"99";"26";"—";"287000";"83 97 97";"10000";"Участвует в конкурсе";"1651737";"—"
"100";"14";"—";"286000";"95 97 91";"3000";"Участвует в конкурсе";"2172642";"—"
"101";"9";"—";"286000";"100 95 81";"10000";"Участвует в конкурсе";"1634811";"—"
"102";"19";"—";"286000";"95 100 81";"10000";"Участвует в конкурсе";"2391145";"—"
"103";"6";"—";"286000";"95 95 86";"10000";"Участвует в конкурсе";"1556038";"—"
"104";"5";"—";"286000";"95 95 86";"10000";"Участвует в конкурсе";"2311042";"—"
"105";"19";"—";"286000";"93 97 86";"10000";"Участвует в конкурсе";"1846843";"—"
"106";"13";"—";"286000";"90 97 89";"10000";"Участвует в конкурсе";"1697232";"—"
"108";"11";"—";"285000";"100 97 78";"10000";"Участвует в конкурсе";"1520738";"—"
"110";"7";"—";"285000";"95 86 94";"10000";"Участвует в конкурсе";"1481367";"—"
"111";"11";"—";"285000";"93 88 94";"10000";"Участвует в конкурсе";"2100363";"—"
"114";"7";"—";"285000";"88 96 91";"10000";"Участвует в конкурсе";"1166245";"—"
"115";"13";"—";"285000";"88 90 97";"10000";"Участвует в конкурсе";"1258699";"—"
"116";"23";"—";"285000";"83 92 100";"10000";"Участвует в конкурсе";"1796557";"—"
"117";"11";"—";"284000";"95 92 94";"3000";"Участвует в конкурсе";"1203083";"—"
"118";"18";"—";"284000";"95 100 83";"6000";"Участвует в конкурсе";"1652950";"—"
"119";"20";"—";"284000";"100 99 75";"10000";"Участвует в конкурсе";"1356280";"—"
"120";"5";"—";"284000";"93 98 83";"10000";"Участвует в конкурсе";"2185570";"—"
"121";"4";"—";"284000";"93 95 86";"10000";"Участвует в конкурсе";"1214535";"—"
"122";"11";"—";"284000";"93 90 91";"10000";"Участвует в конкурсе";"1779294";"—"
"123";"7";"—";"284000";"93 90 91";"10000";"Участвует в конкурсе";"1703589";"—"
"124";"7";"—";"284000";"90 98 86";"10000";"Участвует в конкурсе";"1311105";"—"
"125";"18";"Электронное";"284000";"90 90 94";"10000";"Участвует в конкурсе";"2142949";"—"
"126";"5";"—";"284000";"88 100 86";"10000";"Участвует в конкурсе";"1699093";"—"
"128";"17";"Электронное";"284000";"88 95 91";"10000";"Участвует в конкурсе";"2097469";"—"
"129";"22";"—";"284000";"88 95 91";"10000";"Участвует в конкурсе";"2179325";"—"
"130";"16";"—";"284000";"85 98 91";"10000";"Участвует в конкурсе";"1290308";"—"
"131";"17";"—";"283000";"93 96 86";"8000";"Участвует в конкурсе";"1897359";"—"
"132";"1";"—";"283000";"98 94 81";"10000";"Участвует в конкурсе";"1784599";"—"
"133";"8";"—";"283000";"98 92 83";"10000";"Участвует в конкурсе";"1529866";"—"
"134";"9";"Электронное";"283000";"98 92 83";"10000";"Участвует в конкурсе";"2099944";"—"
"135";"11";"—";"283000";"98 84 91";"10000";"Участвует в конкурсе";"1711972";"—"
"136";"24";"—";"283000";"95 95 83";"10000";"Участвует в конкурсе";"1348946";"—"
"137";"17";"—";"283000";"93 99 81";"10000";"Участвует в конкурсе";"1482855";"—"
"138";"19";"Электронное";"283000";"93 97 83";"10000";"Участвует в конкурсе";"2341830";"—"
"139";"15";"—";"283000";"93 94 86";"10000";"Участвует в конкурсе";"1858535";"—"
"140";"8";"—";"283000";"93 86 94";"10000";"Участвует в конкурсе";"1337769";"—"
"141";"17";"—";"283000";"90 100 83";"10000";"Участвует в конкурсе";"1656782";"—"
"142";"4";"—";"283000";"90 92 91";"10000";"Участвует в конкурсе";"1259769";"—"
"143";"27";"Электронное";"283000";"88 96 89";"10000";"Участвует в конкурсе";"1910231";"—"
"145";"10";"Электронное";"283000";"85 94 94";"10000";"Участвует в конкурсе";"2031226";"—"
"146";"5";"—";"282000";"95 98 89";"—";"Участвует в конкурсе";"1287112";"—"
"147";"18";"Электронное";"282000";"95 90 97";"—";"Участвует в конкурсе";"2182087";"—"
"149";"10";"—";"282000";"98 90 91";"3000";"Участвует в конкурсе";"1195407";"—"
"151";"28";"Электронное";"282000";"98 88 86";"10000";"Участвует в конкурсе";"2216624";"—"
"153";"18";"—";"282000";"95 94 83";"10000";"Участвует в конкурсе";"1268326";"—"
"154";"12";"—";"282000";"93 90 89";"10000";"Участвует в конкурсе";"1955616";"—"
"155";"7";"Электронное";"282000";"93 88 91";"10000";"Участвует в конкурсе";"1285121";"—"
"156";"12";"—";"282000";"93 82 97";"10000";"Участвует в конкурсе";"1838980";"—"
"157";"9";"—";"282000";"88 95 89";"10000";"Участвует в конкурсе";"1842337";"—"
"158";"24";"—";"282000";"88 95 89";"10000";"Участвует в конкурсе";"1876491";"—"
"159";"15";"—";"282000";"88 95 89";"10000";"Участвует в конкурсе";"2342799";"—"
"160";"4";"—";"282000";"88 84 100";"10000";"Участвует в конкурсе";"1997463";"—"
"161";"14";"—";"281000";"93 99 89";"—";"Участвует в конкурсе";"2300308";"—"
"162";"14";"—";"281000";"95 98 86";"2000";"Участвует в конкурсе";"1666321";"—"
"163";"24";"—";"281000";"100 96 75";"10000";"Участвует в конкурсе";"1364581";"—"
"164";"17";"—";"281000";"98 90 83";"10000";"Участвует в конкурсе";"2346717";"—"
"165";"7";"Электронное";"281000";"95 90 86";"10000";"Участвует в конкурсе";"1845725";"—"
"166";"16";"Электронное";"281000";"95 82 94";"10000";"Участвует в конкурсе";"1788992";"—"
"167";"9";"Электронное";"281000";"95 82 94";"10000";"Участвует в конкурсе";"1363709";"—"
"168";"12";"—";"281000";"90 95 86";"10000";"Участвует в конкурсе";"1959799";"—"
"169";"3";"—";"281000";"90 92 89";"10000";"Участвует в конкурсе";"1502756";"—"
"170";"10";"—";"281000";"90 90 91";"10000";"Участвует в конкурсе";"1438369";"—"
"171";"21";"—";"281000";"90 90 91";"10000";"Участвует в конкурсе";"2307655";"—"
"172";"12";"—";"281000";"88 92 91";"10000";"Участвует в конкурсе";"1584567";"—"
"173";"13";"—";"281000";"83 94 94";"10000";"Участвует в конкурсе";"1420631";"—"
"174";"19";"—";"281000";"80 94 97";"10000";"Участвует в конкурсе";"1625355";"—"
"175";"5";"Электронное";"280000";"98 99 83";"—";"Участвует в конкурсе";"1858113";"—"
"176";"16";"—";"280000";"100 94 83";"3000";"Участвует в конкурсе";"2092669";"—"
"177";"7";"—";"280000";"85 96 91";"8000";"Участвует в конкурсе";"1472779";"—"
"179";"11";"Электронное";"280000";"93 86 91";"10000";"Участвует в конкурсе";"1599737";"—"
"180";"13";"—";"280000";"90 97 83";"10000";"Участвует в конкурсе";"1675328";"—"
"181";"7";"—";"280000";"90 86 94";"10000";"Участвует в конкурсе";"1559546";"—"
"182";"13";"Электронное";"280000";"88 96 86";"10000";"Участвует в конкурсе";"1280884";"—"
"183";"10";"—";"280000";"88 96 86";"10000";"Участвует в конкурсе";"1439099";"—"
"184";"23";"Электронное";"280000";"88 88 94";"10000";"Участвует в конкурсе";"2162078";"—"
"185";"5";"—";"280000";"85 96 89";"10000";"Участвует в конкурсе";"1916171";"—"
"188";"8";"—";"279000";"98 95 86";"—";"Участвует в конкурсе";"1854914";"—"
"189";"16";"—";"279000";"95 95 89";"—";"Участвует в конкурсе";"1494321";"—"
"190";"15";"—";"279000";"93 97 89";"—";"Участвует в конкурсе";"2154111";"—"
"191";"11";"Электронное";"279000";"93 95 91";"—";"Участвует в конкурсе";"1721088";"—"
"192";"17";"—";"279000";"98 96 83";"2000";"Участвует в конкурсе";"1247218";"—"
"193";"8";"Электронное";"279000";"95 92 89";"3000";"Участвует в конкурсе";"1931691";"—"
"194";"14";"—";"279000";"93 94 89";"3000";"Участвует в конкурсе";"1331761";"—"
"195";"13";"—";"279000";"85 100 91";"3000";"Участвует в конкурсе";"1469666";"—"
"196";"4";"—";"279000";"95 90 89";"5000";"Участвует в конкурсе";"1180007";"—"
"197";"1";"—";"279000";"100 100 69";"10000";"Участвует в конкурсе";"1285475";"—"
"198";"27";"—";"279000";"98 90 81";"10000";"Участвует в конкурсе";"1512113";"—"
"199";"19";"Электронное";"279000";"98 88 83";"10000";"Участвует в конкурсе";"2219230";"—"
"200";"14";"—";"279000";"98 88 83";"10000";"Участвует в конкурсе";"2223776";"—"
"201";"12";"—";"279000";"95 96 78";"10000";"Участвует в конкурсе";"2309001";"—"
"202";"14";"Электронное";"279000";"95 88 86";"10000";"Участвует в конкурсе";"1443286";"—"
"203";"26";"—";"279000";"95 88 86";"10000";"Участвует в конкурсе";"2170924";"—"
"204";"16";"—";"279000";"93 95 81";"10000";"Участвует в конкурсе";"2311722";"—"
"205";"16";"Электронное";"279000";"93 95 81";"10000";"Участвует в конкурсе";"2308288";"—"
"206";"10";"—";"279000";"93 90 86";"10000";"Участвует в конкурсе";"1196912";"—"
"207";"16";"—";"279000";"93 90 86";"10000";"Участвует в конкурсе";"1626037";"—"
"208";"19";"—";"279000";"90 96 83";"10000";"Участвует в конкурсе";"1916047";"—"
"210";"9";"Электронное";"279000";"88 92 89";"10000";"Участвует в конкурсе";"1756318";"—"
"211";"26";"—";"279000";"88 92 89";"10000";"Участвует в конкурсе";"2260910";"—"
"212";"22";"—";"279000";"88 90 91";"10000";"Участвует в конкурсе";"1613064";"—"
"213";"16";"—";"279000";"85 95 89";"10000";"Участвует в конкурсе";"1562867";"—"
"214";"1";"—";"279000";"85 84 100";"10000";"Участвует в конкурсе";"1063446";"—"
"216";"3";"—";"278000";"93 97 83";"5000";"Участвует в конкурсе";"1443514";"—"
"217";"19";"—";"278000";"93 94 86";"5000";"Участвует в конкурсе";"2172215";"—"
"218";"20";"—";"278000";"88 94 91";"5000";"Участвует в конкурсе";"1205871";"—"
"220";"6";"—";"278000";"98 84 86";"10000";"Участвует в конкурсе";"1522715";"—"
"221";"23";"—";"278000";"95 90 83";"10000";"Участвует в конкурсе";"1909885";"—"
"222";"13";"—";"278000";"95 84 89";"10000";"Участвует в конкурсе";"1324373";"—"
"223";"10";"Электронное";"278000";"93 97 78";"10000";"Участвует в конкурсе";"2099279";"—"
"224";"12";"—";"278000";"93 84 91";"10000";"Участвует в конкурсе";"1802213";"—"
"225";"9";"—";"278000";"93 84 91";"10000";"Участвует в конкурсе";"2200006";"—"
"226";"22";"Электронное";"278000";"90 92 86";"10000";"Участвует в конкурсе";"1344678";"—"
"227";"19";"—";"278000";"90 84 94";"10000";"Участвует в конкурсе";"1794236";"—"
"228";"17";"—";"278000";"90 84 94";"10000";"Участвует в конкурсе";"2219364";"—"
"229";"20";"Электронное";"278000";"88 80 100";"10000";"Участвует в конкурсе";"2116901";"—"
"230";"10";"—";"278000";"85 100 83";"10000";"Участвует в конкурсе";"1999028";"—"
"231";"13";"—";"278000";"85 92 91";"10000";"Участвует в конкурсе";"1960213";"—"
"232";"10";"—";"278000";"85 92 91";"10000";"Участвует в конкурсе";"2141312";"—"
"233";"18";"—";"278000";"83 99 86";"10000";"Участвует в конкурсе";"1795014";"—"
"234";"29";"Электронное";"278000";"83 94 91";"10000";"Участвует в конкурсе";"2035422";"—"
"235";"11";"—";"278000";"83 88 97";"10000";"Участвует в конкурсе";"2095424";"—"
"236";"1";"—";"278000";"78 96 94";"10000";"Участвует в конкурсе";"2132336";"—"
"237";"10";"—";"277000";"100 94 83";"—";"Участвует в конкурсе";"2310371";"—"
"239";"14";"—";"277000";"83 94 100";"—";"Участвует в конкурсе";"1821790";"—"
"240";"5";"—";"277000";"100 94 81";"2000";"Участвует в конкурсе";"1710356";"—"
"241";"28";"—";"277000";"100 94 73";"10000";"Участвует в конкурсе";"2220037";"—"
"242";"12";"—";"277000";"100 78 89";"10000";"Участвует в конкурсе";"1564460";"—"
"244";"9";"—";"277000";"98 88 81";"10000";"Участвует в конкурсе";"2134544";"—"
"245";"5";"—";"277000";"93 88 86";"10000";"Участвует в конкурсе";"2090544";"—"
"246";"18";"—";"277000";"93 80 94";"10000";"Участвует в конкурсе";"1851150";"—"
"247";"16";"—";"277000";"90 94 83";"10000";"Участвует в конкурсе";"2257901";"—"
"248";"23";"Электронное";"277000";"90 88 89";"10000";"Участвует в конкурсе";"1326258";"—"
"249";"9";"—";"277000";"90 88 89";"10000";"Участвует в конкурсе";"1651845";"—"
"250";"17";"—";"277000";"88 96 83";"10000";"Участвует в конкурсе";"1436036";"—"
"251";"14";"—";"277000";"88 96 83";"10000";"Участвует в конкурсе";"1208412";"—"
"252";"6";"Электронное";"277000";"88 96 83";"10000";"Участвует в конкурсе";"2180524";"—"
"253";"13";"—";"277000";"88 90 89";"10000";"Участвует в конкурсе";"1348062";"—"
"254";"8";"—";"277000";"88 90 89";"10000";"Участвует в конкурсе";"1838322";"—"
"255";"15";"—";"277000";"88 90 89";"10000";"Участвует в конкурсе";"1255788";"—"
"256";"9";"—";"277000";"85 96 86";"10000";"Участвует в конкурсе";"1963734";"—"
"257";"16";"Электронное";"277000";"85 88 94";"10000";"Участвует в конкурсе";"1422227";"—"
"259";"8";"—";"277000";"83 95 89";"10000";"Участвует в конкурсе";"2151439";"—"
"260";"17";"Электронное";"277000";"83 90 94";"10000";"Участвует в конкурсе";"1307911";"—"
"261";"21";"—";"277000";"80 96 91";"10000";"Участвует в конкурсе";"1849628";"—"
"262";"7";"—";"276000";"95 92 89";"—";"Участвует в конкурсе";"2223237";"—"
"263";"10";"—";"276000";"90 97 89";"—";"Участвует в конкурсе";"2085133";"—"
"264";"17";"Электронное";"276000";"90 95 89";"2000";"Участвует в конкурсе";"2197828";"—"
"265";"11";"—";"276000";"90 94 89";"3000";"Участвует в конкурсе";"1472335";"—"
"266";"6";"—";"276000";"88 99 83";"6000";"Участвует в конкурсе";"2046782";"—"
"267";"28";"—";"276000";"93 92 81";"10000";"Участвует в конкурсе";"1176755";"—"
"268";"9";"Электронное";"276000";"93 90 83";"10000";"Участвует в конкурсе";"1510741";"—"
"269";"22";"Электронное";"276000";"93 84 89";"10000";"Участвует в конкурсе";"2260583";"—"
"270";"6";"—";"276000";"90 90 86";"10000";"Участвует в конкурсе";"1907717";"—"
"272";"12";"—";"276000";"88 100 78";"10000";"Участвует в конкурсе";"1178514";"—"
"273";"5";"—";"276000";"88 97 81";"10000";"Участвует в конкурсе";"1881507";"—"
"274";"8";"—";"276000";"88 84 94";"10000";"Участвует в конкурсе";"1975195";"—"
"275";"14";"—";"276000";"85 100 81";"10000";"Участвует в конкурсе";"1201430";"—"
"276";"12";"Электронное";"276000";"85 90 91";"10000";"Участвует в конкурсе";"1367047";"—"
"277";"25";"Электронное";"276000";"85 84 97";"10000";"Участвует в конкурсе";"2251653";"—"
"278";"10";"Электронное";"276000";"83 97 86";"10000";"Участвует в конкурсе";"1310020";"—"
"279";"10";"—";"276000";"83 94 89";"10000";"Участвует в конкурсе";"1797231";"—"
"281";"17";"—";"276000";"83 92 91";"10000";"Участвует в конкурсе";"2174175";"—"
"282";"7";"—";"276000";"80 100 86";"10000";"Участвует в конкурсе";"1205358";"—"
"283";"7";"—";"275000";"93 84 98";"—";"Участвует в конкурсе";"2254514";"—"
"284";"27";"—";"275000";"80 92 97";"6000";"Участвует в конкурсе";"1415733";"—"
"285";"18";"—";"275000";"83 95 89";"8000";"Участвует в конкурсе";"1977029";"—"
"286";"12";"—";"275000";"93 97 75";"10000";"Участвует в конкурсе";"1342385";"—"
"287";"17";"—";"275000";"93 94 78";"10000";"Участвует в конкурсе";"1261618";"—"
"288";"12";"—";"275000";"93 86 86";"10000";"Участвует в конкурсе";"1992484";"—"
"289";"6";"Электронное";"275000";"90 94 81";"10000";"Участвует в конкурсе";"1262198";"—"
"290";"18";"Электронное";"275000";"90 84 91";"10000";"Участвует в конкурсе";"1327836";"—"
"292";"8";"—";"275000";"88 86 91";"10000";"Участвует в конкурсе";"1175177";"—"
"293";"17";"—";"275000";"80 88 97";"10000";"Участвует в конкурсе";"1904193";"—"
"294";"22";"—";"275000";"80 88 97";"10000";"Участвует в конкурсе";"2228557";"—"
"296";"4";"—";"274000";"95 94 83";"2000";"Участвует в конкурсе";"2135137";"—"
"297";"11";"—";"274000";"93 92 86";"3000";"Участвует в конкурсе";"2338542";"—"
"298";"4";"—";"274000";"93 92 86";"3000";"Участвует в конкурсе";"2305561";"—"
"299";"7";"—";"274000";"85 90 94";"5000";"Участвует в конкурсе";"1291004";"—"
"300";"11";"—";"274000";"80 100 89";"5000";"Участвует в конкурсе";"1625432";"—"
"301";"15";"Электронное";"274000";"83 90 94";"7000";"Участвует в конкурсе";"1729657";"—"
"302";"16";"—";"274000";"95 90 81";"8000";"Участвует в конкурсе";"1194676";"—"
"303";"25";"Электронное";"274000";"95 80 89";"10000";"Участвует в конкурсе";"2225351";"—"
"304";"25";"—";"274000";"90 96 78";"10000";"Участвует в конкурсе";"1582830";"—"
"305";"18";"—";"274000";"90 96 78";"10000";"Участвует в конкурсе";"1496412";"—"
"306";"15";"—";"274000";"90 92 82";"10000";"Участвует в конкурсе";"1854486";"—"
"307";"7";"—";"274000";"90 88 86";"10000";"Участвует в конкурсе";"1215320";"—"
"308";"2";"—";"274000";"88 90 86";"10000";"Участвует в конкурсе";"1644595";"—"
"309";"7";"Электронное";"274000";"88 90 86";"10000";"Участвует в конкурсе";"1429808";"—"
"310";"18";"—";"274000";"85 90 89";"10000";"Участвует в конкурсе";"1837147";"—"
"311";"18";"Электронное";"274000";"85 88 91";"10000";"Участвует в конкурсе";"1620198";"—"
"312";"8";"—";"274000";"85 88 91";"10000";"Участвует в конкурсе";"1963924";"—"
"313";"7";"Электронное";"274000";"85 82 97";"10000";"Участвует в конкурсе";"2142594";"—"
"314";"11";"—";"274000";"83 92 89";"10000";"Участвует в конкурсе";"2029453";"—"
"315";"14";"—";"274000";"80 90 94";"10000";"Участвует в конкурсе";"1205131";"—"
"316";"8";"—";"273000";"100 100 73";"—";"Участвует в конкурсе";"1442961";"—"
"317";"2";"—";"273000";"98 94 81";"—";"Участвует в конкурсе";"1195176";"—"
"318";"9";"Электронное";"273000";"95 97 81";"—";"Участвует в конкурсе";"1199595";"—"
"319";"5";"—";"273000";"95 92 86";"—";"Участвует в конкурсе";"2311797";"—"
"320";"15";"—";"273000";"95 84 94";"—";"Участвует в конкурсе";"2313837";"—"
"321";"7";"—";"273000";"93 86 94";"—";"Участвует в конкурсе";"1545862";"—"
"322";"10";"—";"273000";"88 94 91";"—";"Участвует в конкурсе";"1518237";"—"
"323";"23";"—";"273000";"98 95 78";"2000";"Участвует в конкурсе";"1244657";"—"
"324";"12";"—";"273000";"90 95 86";"2000";"Участвует в конкурсе";"1195315";"—"
"325";"9";"—";"273000";"93 99 78";"3000";"Участвует в конкурсе";"1443292";"—"
"326";"2";"—";"273000";"93 88 89";"3000";"Участвует в конкурсе";"1345198";"—"
"327";"13";"—";"273000";"83 90 97";"3000";"Участвует в конкурсе";"1916566";"—"
"328";"13";"—";"273000";"80 90 100";"3000";"Участвует в конкурсе";"1354965";"—"
"329";"13";"—";"273000";"90 88 91";"4000";"Участвует в конкурсе";"1349628";"—"
"331";"19";"—";"273000";"100 90 73";"10000";"Участвует в конкурсе";"2260612";"—"
"332";"10";"—";"273000";"95 95 73";"10000";"Участвует в конкурсе";"1440421";"—"
"333";"11";"—";"273000";"93 92 78";"10000";"Участвует в конкурсе";"1426053";"—"
"334";"15";"Электронное";"273000";"90 90 83";"10000";"Участвует в конкурсе";"1858407";"—"
"335";"8";"—";"273000";"90 90 83";"10000";"Участвует в конкурсе";"1995262";"—"
"336";"6";"—";"273000";"90 90 83";"10000";"Участвует в конкурсе";"2250004";"—"
"337";"15";"Электронное";"273000";"90 84 89";"10000";"Участвует в конкурсе";"1343659";"—"
"338";"13";"—";"273000";"88 94 81";"10000";"Участвует в конкурсе";"1516350";"—"
"339";"15";"—";"273000";"88 86 89";"10000";"Участвует в конкурсе";"1941409";"—"
"340";"19";"—";"273000";"88 86 89";"10000";"Участвует в конкурсе";"2259192";"—"
"341";"13";"—";"273000";"88 78 97";"10000";"Участвует в конкурсе";"1617478";"—"
"342";"14";"—";"273000";"85 100 78";"10000";"Участвует в конкурсе";"2096822";"—"
"343";"13";"—";"273000";"85 92 86";"10000";"Участвует в конкурсе";"2225358";"—"
"344";"4";"—";"273000";"83 97 83";"10000";"Участвует в конкурсе";"2056285";"—"
"345";"7";"—";"273000";"83 86 94";"10000";"Участвует в конкурсе";"2136311";"—"
"346";"13";"Электронное";"273000";"83 86 94";"10000";"Участвует в конкурсе";"1562778";"—"
"347";"24";"—";"272000";"93 98 81";"—";"Участвует в конкурсе";"1791564";"—"
"348";"10";"—";"272000";"93 88 91";"—";"Участвует в конкурсе";"1200067";"—"
"349";"11";"—";"272000";"85 96 91";"—";"Участвует в конкурсе";"2219482";"—"
"350";"20";"—";"272000";"90 94 83";"5000";"Участвует в конкурсе";"1181920";"—"
"351";"25";"—";"272000";"100 90 72";"10000";"Участвует в конкурсе";"1388440";"—"
"352";"7";"—";"272000";"93 94 75";"10000";"Участвует в конкурсе";"2228570";"—"
"353";"3";"Электронное";"272000";"93 88 81";"10000";"Участвует в конкурсе";"1517177";"—"
"354";"24";"—";"272000";"93 88 81";"10000";"Участвует в конкурсе";"2228657";"—"
"355";"19";"—";"272000";"93 86 83";"10000";"Участвует в конкурсе";"2297444";"—"
"356";"10";"—";"272000";"93 80 89";"10000";"Участвует в конкурсе";"1360112";"—"
"357";"14";"—";"272000";"93 80 89";"10000";"Участвует в конкурсе";"1610610";"—"
"358";"6";"—";"272000";"93 80 89";"10000";"Участвует в конкурсе";"2101004";"—"
"359";"14";"—";"272000";"93 78 91";"10000";"Участвует в конкурсе";"2252264";"—"
"361";"5";"—";"272000";"88 99 75";"10000";"Участвует в конкурсе";"1554693";"—"
"363";"14";"—";"272000";"88 88 86";"10000";"Участвует в конкурсе";"2178748";"—"
"364";"12";"—";"272000";"85 96 81";"10000";"Участвует в конкурсе";"1416387";"—"
"366";"10";"—";"272000";"85 88 89";"10000";"Участвует в конкурсе";"1648406";"—"
"367";"16";"—";"272000";"85 86 91";"10000";"Участвует в конкурсе";"1910274";"—"
"369";"16";"—";"272000";"85 86 91";"10000";"Участвует в конкурсе";"1639351";"—"
"370";"11";"Электронное";"272000";"85 86 91";"10000";"Участвует в конкурсе";"1210322";"—"
"371";"9";"Электронное";"272000";"83 88 91";"10000";"Участвует в конкурсе";"2211869";"—"
"372";"18";"Электронное";"271000";"100 88 83";"—";"Участвует в конкурсе";"2422983";"—"
"373";"7";"—";"271000";"98 92 81";"—";"Участвует в конкурсе";"1476944";"—"
"374";"8";"Электронное";"271000";"98 90 83";"—";"Участвует в конкурсе";"2308451";"—"
"375";"19";"—";"271000";"90 84 97";"—";"Участвует в конкурсе";"2340110";"—"
"376";"14";"—";"271000";"85 95 91";"—";"Участвует в конкурсе";"1907930";"—"
"377";"17";"Электронное";"271000";"85 86 100";"—";"Участвует в конкурсе";"1911837";"—"
"378";"15";"—";"271000";"80 100 91";"—";"Участвует в конкурсе";"1026107";"—"
"379";"15";"—";"271000";"85 90 94";"2000";"Участвует в конкурсе";"1827627";"—"
"380";"17";"—";"271000";"90 95 83";"3000";"Участвует в конкурсе";"1708732";"—"
"381";"15";"Электронное";"271000";"95 86 86";"4000";"Участвует в конкурсе";"1784329";"—"
"382";"10";"Электронное";"271000";"88 95 83";"5000";"Участвует в конкурсе";"2043083";"—"
"383";"15";"—";"271000";"98 94 73";"6000";"Участвует в конкурсе";"973960";"—"
"384";"3";"—";"271000";"90 82 91";"8000";"Участвует в конкурсе";"1327994";"—"
"385";"7";"—";"271000";"100 86 75";"10000";"Участвует в конкурсе";"1714898";"—"
"386";"13";"Электронное";"271000";"98 88 75";"10000";"Участвует в конкурсе";"1784033";"—"
"387";"8";"Электронное";"271000";"98 82 81";"10000";"Участвует в конкурсе";"1521245";"—"
"388";"4";"—";"271000";"93 90 78";"10000";"Участвует в конкурсе";"2255761";"—"
"389";"16";"—";"271000";"90 88 83";"10000";"Участвует в конкурсе";"1651287";"—"
"390";"23";"—";"271000";"90 82 89";"10000";"Участвует в конкурсе";"1787711";"—"
"391";"10";"—";"271000";"90 82 89";"10000";"Участвует в конкурсе";"1644741";"—"
"392";"30";"Электронное";"271000";"88 90 83";"10000";"Участвует в конкурсе";"1185036";"—"
"393";"7";"—";"271000";"88 90 83";"10000";"Участвует в конкурсе";"2216837";"—"
"394";"16";"Электронное";"271000";"88 90 83";"10000";"Участвует в конкурсе";"1906811";"—"
"395";"21";"—";"271000";"88 82 91";"10000";"Участвует в конкурсе";"1786790";"—"
"396";"7";"—";"271000";"88 82 91";"10000";"Участвует в конкурсе";"2135082";"—"
"398";"12";"—";"271000";"83 95 83";"10000";"Участвует в конкурсе";"960464";"—"
"399";"13";"—";"271000";"83 84 94";"10000";"Участвует в конкурсе";"1614728";"—"
"400";"16";"Электронное";"271000";"78 92 91";"10000";"Участвует в конкурсе";"1178784";"—"
"401";"8";"—";"271000";"75 100 86";"10000";"Участвует в конкурсе";"1985219";"—"
"403";"8";"—";"270000";"100 92 78";"—";"Участвует в конкурсе";"1203727";"—"
"404";"7";"—";"270000";"100 84 86";"—";"Участвует в конкурсе";"1205130";"—"
"405";"13";"—";"270000";"95 92 83";"—";"Участвует в конкурсе";"1236385";"—"
"406";"20";"—";"270000";"95 92 83";"—";"Участвует в конкурсе";"1981517";"—"
"407";"30";"—";"270000";"95 86 89";"—";"Участвует в конкурсе";"1854964";"—"
"408";"14";"Электронное";"270000";"95 86 89";"—";"Участвует в конкурсе";"1980340";"—"
"409";"6";"—";"270000";"90 86 94";"—";"Участвует в конкурсе";"1388079";"—"
"410";"23";"Электронное";"270000";"88 100 82";"—";"Участвует в конкурсе";"1159123";"—"
"411";"16";"—";"270000";"95 92 81";"2000";"Участвует в конкурсе";"2369029";"—"
"412";"3";"—";"270000";"88 88 91";"3000";"Участвует в конкурсе";"1212501";"—"
"413";"6";"Электронное";"270000";"88 86 91";"5000";"Участвует в конкурсе";"1916071";"—"
"414";"4";"—";"270000";"95 82 86";"7000";"Участвует в конкурсе";"1561960";"—"
"415";"21";"—";"270000";"95 86 81";"8000";"Участвует в конкурсе";"925201";"—"
"416";"17";"—";"270000";"95 90 75";"10000";"Участвует в конкурсе";"2255720";"—"
"417";"17";"—";"270000";"93 95 72";"10000";"Участвует в конкурсе";"1516957";"—"
"418";"5";"—";"270000";"93 92 75";"10000";"Участвует в конкурсе";"1639339";"—"
"419";"16";"Электронное";"270000";"93 92 75";"10000";"Участвует в конкурсе";"1197134";"—"
"420";"20";"Электронное";"270000";"93 86 81";"10000";"Участвует в конкурсе";"1405382";"—"
"421";"18";"—";"270000";"90 92 78";"10000";"Участвует в конкурсе";"2338280";"—"
"422";"2";"—";"270000";"88 94 78";"10000";"Участвует в конкурсе";"2209562";"—"
"423";"20";"—";"270000";"88 86 86";"10000";"Участвует в конкурсе";"1578976";"—"
"424";"6";"—";"270000";"85 94 81";"10000";"Участвует в конкурсе";"1844819";"—"
"425";"14";"Электронное";"270000";"85 94 81";"10000";"Участвует в конкурсе";"1885780";"—"
"427";"22";"Электронное";"270000";"85 86 89";"10000";"Участвует в конкурсе";"1481735";"—"
"429";"19";"Электронное";"270000";"85 86 89";"10000";"Участвует в конкурсе";"1807070";"—"
"430";"1";"Электронное";"270000";"85 84 91";"10000";"Участвует в конкурсе";"1356295";"—"
"432";"12";"—";"270000";"83 86 91";"10000";"Участвует в конкурсе";"2315646";"—"
"433";"16";"Электронное";"270000";"83 86 91";"10000";"Участвует в конкурсе";"1585307";"—"
"434";"8";"—";"270000";"78 88 94";"10000";"Участвует в конкурсе";"2222710";"—"
"435";"21";"—";"269000";"100 94 75";"—";"Участвует в конкурсе";"2001859";"—"
"437";"3";"—";"269000";"90 90 89";"—";"Участвует в конкурсе";"1876339";"—"
"438";"8";"—";"269000";"88 92 89";"—";"Участвует в конкурсе";"2095794";"—"
"439";"18";"Электронное";"269000";"88 90 91";"—";"Участвует в конкурсе";"1941815";"—"
"441";"15";"—";"269000";"98 88 81";"2000";"Участвует в конкурсе";"1259774";"—"
"442";"9";"—";"269000";"95 90 81";"3000";"Участвует в конкурсе";"2310253";"—"
"443";"4";"—";"269000";"93 84 89";"3000";"Участвует в конкурсе";"1409106";"—"
"444";"12";"Электронное";"269000";"90 90 86";"3000";"Участвует в конкурсе";"1779849";"—"
"445";"2";"—";"269000";"88 92 86";"3000";"Участвует в конкурсе";"1616340";"—"
"446";"21";"—";"269000";"93 88 83";"5000";"Участвует в конкурсе";"1257128";"—"
"447";"6";"—";"269000";"85 98 81";"5000";"Участвует в конкурсе";"1779016";"—"
"448";"2";"—";"269000";"100 94 67";"8000";"Участвует в конкурсе";"1521478";"—"
"449";"10";"—";"269000";"90 88 81";"10000";"Участвует в конкурсе";"995180";"—"
"451";"12";"—";"269000";"90 88 81";"10000";"Участвует в конкурсе";"1343007";"—"
"452";"6";"—";"269000";"90 86 83";"10000";"Участвует в конкурсе";"1988797";"—"
"453";"14";"Электронное";"269000";"90 86 83";"10000";"Участвует в конкурсе";"1616900";"—"
"454";"10";"Электронное";"269000";"88 98 73";"10000";"Участвует в конкурсе";"2273512";"—"
"455";"3";"—";"269000";"88 90 81";"10000";"Участвует в конкурсе";"2303660";"—"
"456";"5";"—";"269000";"85 88 86";"10000";"Участвует в конкурсе";"1503901";"—"
"457";"11";"—";"269000";"85 88 86";"10000";"Участвует в конкурсе";"2177984";"—"
"458";"16";"—";"269000";"80 90 89";"10000";"Участвует в конкурсе";"1280655";"—"
"459";"9";"—";"269000";"80 88 91";"10000";"Участвует в конкурсе";"2000090";"—"
"460";"10";"—";"269000";"78 90 91";"10000";"Участвует в конкурсе";"2033142";"—"
"461";"24";"—";"269000";"78 90 91";"10000";"Участвует в конкурсе";"2134133";"—"
"462";"7";"—";"269000";"75 90 94";"10000";"Участвует в конкурсе";"2230959";"—"
"463";"19";"—";"268000";"83 92 91";"2000";"Участвует в конкурсе";"2199091";"—"
"465";"7";"—";"268000";"95 80 83";"10000";"Участвует в конкурсе";"2333548";"—"
"466";"24";"Электронное";"268000";"93 82 83";"10000";"Участвует в конкурсе";"1627708";"—"
"467";"19";"Электронное";"268000";"88 95 75";"10000";"Участвует в конкурсе";"1403507";"—"
"468";"27";"—";"268000";"88 84 86";"10000";"Участвует в конкурсе";"1862589";"—"
"469";"6";"—";"268000";"85 92 81";"10000";"Участвует в конкурсе";"1116560";"—"
"470";"12";"—";"268000";"85 92 81";"10000";"Участвует в конкурсе";"1944539";"—"
"471";"13";"—";"268000";"85 90 83";"10000";"Участвует в конкурсе";"1645368";"—"
"472";"10";"—";"268000";"85 84 89";"10000";"Участвует в конкурсе";"2055050";"—"
"473";"21";"Электронное";"268000";"85 84 89";"10000";"Участвует в конкурсе";"2231242";"—"
"475";"5";"—";"268000";"83 97 78";"10000";"Участвует в конкурсе";"1908116";"—"
"477";"18";"—";"268000";"83 84 91";"10000";"Участвует в конкурсе";"1916360";"—"
"478";"18";"Электронное";"268000";"83 84 91";"10000";"Участвует в конкурсе";"1309691";"—"
"479";"20";"—";"268000";"83 78 97";"10000";"Участвует в конкурсе";"2100563";"—"
"480";"20";"—";"268000";"80 84 94";"10000";"Участвует в конкурсе";"1794083";"—"
"481";"16";"—";"268000";"78 94 86";"10000";"Участвует в конкурсе";"1612154";"—"
"482";"23";"—";"268000";"78 94 86";"10000";"Участвует в конкурсе";"2221118";"—"
"483";"15";"—";"268000";"72 92 94";"10000";"Участвует в конкурсе";"1962181";"—"
"484";"27";"—";"267000";"95 86 86";"—";"Участвует в конкурсе";"1717834";"—"
"485";"9";"—";"267000";"93 88 86";"—";"Участвует в конкурсе";"1513020";"—"
"486";"8";"—";"267000";"93 88 86";"—";"Участвует в конкурсе";"1913565";"—"
"487";"1";"Электронное";"267000";"90 88 89";"—";"Участвует в конкурсе";"2134276";"—"
"490";"9";"Электронное";"267000";"88 96 83";"—";"Участвует в конкурсе";"1856298";"—"
"491";"16";"—";"267000";"85 82 100";"—";"Участвует в конкурсе";"1648966";"—"
"492";"6";"—";"267000";"80 90 97";"—";"Участвует в конкурсе";"1655764";"—"
"493";"2";"—";"267000";"93 90 81";"3000";"Участвует в конкурсе";"1577482";"—"
"494";"2";"Электронное";"267000";"78 100 81";"8000";"Участвует в конкурсе";"1838231";"—"
"495";"21";"—";"267000";"95 90 72";"10000";"Участвует в конкурсе";"1787105";"—"
"496";"10";"—";"267000";"95 84 78";"10000";"Участвует в конкурсе";"2100434";"—"
"497";"10";"—";"267000";"93 86 78";"10000";"Участвует в конкурсе";"2180189";"—"
"499";"24";"Электронное";"267000";"90 92 75";"10000";"Участвует в конкурсе";"1203194";"—"
"500";"19";"—";"267000";"90 92 75";"10000";"Участвует в конкурсе";"2085299";"—"
"501";"27";"—";"267000";"90 92 75";"10000";"Участвует в конкурсе";"1284951";"—"
"502";"1";"—";"267000";"90 86 81";"10000";"Участвует в конкурсе";"1176866";"—"
"504";"13";"—";"267000";"90 86 81";"10000";"Участвует в конкурсе";"2338051";"—"
"507";"26";"Электронное";"267000";"90 76 91";"10000";"Участвует в конкурсе";"2225944";"—"
"508";"21";"Электронное";"267000";"88 88 81";"10000";"Участвует в конкурсе";"1212994";"—"
"509";"8";"Электронное";"267000";"88 88 81";"10000";"Участвует в конкурсе";"1898514";"—"
"510";"12";"—";"267000";"88 86 83";"10000";"Участвует в конкурсе";"1988929";"—"
"511";"10";"Электронное";"267000";"88 86 83";"10000";"Участвует в конкурсе";"1515438";"—"
"512";"8";"—";"267000";"85 86 86";"10000";"Участвует в конкурсе";"1594683";"—"
"513";"21";"—";"267000";"85 86 86";"10000";"Участвует в конкурсе";"2056568";"—"
"514";"13";"—";"267000";"85 86 86";"10000";"Участвует в конкурсе";"2181455";"—"
"515";"12";"—";"267000";"80 88 89";"10000";"Участвует в конкурсе";"1446025";"—"
"516";"14";"Электронное";"267000";"80 88 89";"10000";"Участвует в конкурсе";"1871738";"—"
"517";"8";"—";"267000";"80 86 91";"10000";"Участвует в конкурсе";"2410611";"—"
"518";"17";"—";"267000";"75 88 94";"10000";"Участвует в конкурсе";"1618888";"—"
"519";"11";"Электронное";"266000";"95 80 91";"—";"Участвует в конкурсе";"1581493";"—"
"520";"17";"—";"266000";"90 90 86";"—";"Участвует в конкурсе";"1289248";"—"
"521";"11";"—";"266000";"90 82 94";"—";"Участвует в конкурсе";"1445230";"—"
"522";"11";"—";"266000";"88 95 83";"—";"Участвует в конкурсе";"1907635";"—"
"523";"5";"—";"266000";"85 84 97";"—";"Участвует в конкурсе";"2354266";"—"
"524";"9";"—";"266000";"80 97 89";"—";"Участвует в конкурсе";"2254599";"—"
"525";"16";"Электронное";"266000";"80 95 91";"—";"Участвует в конкурсе";"1753966";"—"
"526";"26";"Электронное";"266000";"93 88 83";"2000";"Участвует в конкурсе";"2237941";"—"
"527";"5";"—";"266000";"93 84 86";"3000";"Участвует в конкурсе";"831141";"—"
"528";"9";"—";"266000";"93 84 86";"3000";"Участвует в конкурсе";"1681145";"—"
"529";"25";"Электронное";"266000";"90 92 81";"3000";"Участвует в конкурсе";"2043413";"—"
"530";"14";"—";"266000";"90 90 83";"3000";"Участвует в конкурсе";"1839812";"—"
"531";"16";"Электронное";"266000";"90 82 91";"3000";"Участвует в конкурсе";"1799354";"—"
"532";"1";"Электронное";"266000";"90 82 91";"3000";"Участвует в конкурсе";"1513780";"—"
"533";"13";"—";"266000";"88 94 81";"3000";"Участвует в конкурсе";"1638409";"—"
"534";"21";"Электронное";"266000";"93 96 72";"5000";"Участвует в конкурсе";"2221626";"—"
"535";"19";"—";"266000";"88 82 91";"5000";"Участвует в конкурсе";"1818558";"—"
"536";"5";"—";"266000";"78 94 89";"5000";"Участвует в конкурсе";"1828164";"—"
"537";"20";"—";"266000";"100 95 61";"10000";"Участвует в конкурсе";"1789371";"—"
"538";"8";"—";"266000";"98 88 70";"10000";"Участвует в конкурсе";"1185087";"—"
"540";"11";"—";"266000";"93 82 81";"10000";"Участвует в конкурсе";"2130385";"—"
"541";"27";"Электронное";"266000";"90 88 78";"10000";"Участвует в конкурсе";"1586491";"—"
"542";"8";"Электронное";"266000";"90 88 78";"10000";"Участвует в конкурсе";"1604891";"—"
"543";"16";"—";"266000";"90 80 86";"10000";"Участвует в конкурсе";"2176499";"—"
"544";"15";"Электронное";"266000";"88 82 86";"10000";"Участвует в конкурсе";"1472828";"—"
"545";"7";"—";"266000";"85 88 83";"10000";"Участвует в конкурсе";"1354526";"—"
"546";"17";"—";"266000";"85 80 91";"10000";"Участвует в конкурсе";"1903586";"—"
"547";"16";"—";"266000";"83 95 78";"10000";"Участвует в конкурсе";"1790806";"—"
"548";"25";"—";"266000";"83 92 81";"10000";"Участвует в конкурсе";"2241659";"—"
"549";"11";"—";"266000";"83 84 89";"10000";"Участвует в конкурсе";"1561503";"—"
"550";"12";"—";"266000";"80 95 81";"10000";"Участвует в конкурсе";"1790196";"—"
"551";"7";"Электронное";"266000";"80 82 94";"10000";"Участвует в конкурсе";"1626790";"—"
"552";"9";"—";"266000";"78 84 94";"10000";"Участвует в конкурсе";"2052420";"—"
"553";"15";"—";"266000";"75 92 89";"10000";"Участвует в конкурсе";"1164566";"—"
"555";"13";"Электронное";"265000";"98 92 75";"—";"Участвует в конкурсе";"1584080";"—"
"556";"21";"—";"265000";"90 94 81";"—";"Участвует в конкурсе";"1285331";"—"
"557";"18";"Электронное";"265000";"90 92 83";"—";"Участвует в конкурсе";"1757100";"—"
"558";"18";"—";"265000";"90 92 83";"—";"Участвует в конкурсе";"2407455";"—"
"559";"15";"Электронное";"265000";"85 86 94";"—";"Участвует в конкурсе";"2001224";"—"
"560";"10";"—";"265000";"83 96 86";"—";"Участвует в конкурсе";"1991624";"—"
"561";"7";"Электронное";"265000";"80 94 91";"—";"Участвует в конкурсе";"1627450";"—"
"562";"13";"—";"265000";"85 84 94";"2000";"Участвует в конкурсе";"1843666";"—"
"563";"24";"—";"265000";"93 100 69";"3000";"Участвует в конкурсе";"2364946";"—"
"564";"9";"—";"265000";"90 86 86";"3000";"Участвует в конкурсе";"2122267";"—"
"565";"14";"—";"265000";"88 88 86";"3000";"Участвует в конкурсе";"1444696";"—"
"566";"16";"—";"265000";"88 80 94";"3000";"Участвует в конкурсе";"2322159";"—"
"567";"9";"—";"265000";"78 90 94";"3000";"Участвует в конкурсе";"1148291";"—"
"568";"10";"Электронное";"265000";"83 86 91";"5000";"Участвует в конкурсе";"1591460";"—"
"569";"2";"—";"265000";"93 92 70";"10000";"Участвует в конкурсе";"2194272";"—"
"571";"7";"—";"265000";"90 92 73";"10000";"Участвует в конкурсе";"2274244";"—"
"572";"8";"—";"265000";"90 92 73";"10000";"Участвует в конкурсе";"1716208";"—"
"573";"2";"—";"265000";"90 84 81";"10000";"Участвует в конкурсе";"1839909";"—"
"574";"15";"—";"265000";"88 86 81";"10000";"Участвует в конкурсе";"1963857";"—"
"575";"7";"—";"265000";"88 86 81";"10000";"Участвует в конкурсе";"1725125";"—"
"576";"12";"—";"265000";"88 86 81";"10000";"Участвует в конкурсе";"1043248";"—"
"577";"15";"Электронное";"265000";"88 84 83";"10000";"Участвует в конкурсе";"2001215";"—"
"578";"10";"—";"265000";"88 78 89";"10000";"Участвует в конкурсе";"1789370";"—"
"579";"16";"—";"265000";"85 92 78";"10000";"Участвует в конкурсе";"2093577";"—"
"580";"12";"Электронное";"265000";"83 94 78";"10000";"Участвует в конкурсе";"1213224";"—"
"581";"11";"Электронное";"265000";"83 86 86";"10000";"Участвует в конкурсе";"1653287";"—"
"582";"16";"—";"265000";"83 86 86";"10000";"Участвует в конкурсе";"2094457";"—"
"583";"17";"Электронное";"265000";"83 86 86";"10000";"Участвует в конкурсе";"1916329";"—"
"585";"10";"Электронное";"265000";"78 94 83";"10000";"Участвует в конкурсе";"1184519";"—"
"587";"18";"—";"265000";"72 94 89";"10000";"Участвует в конкурсе";"1617668";"—"
"588";"17";"—";"264000";"90 88 86";"—";"Участвует в конкурсе";"1192974";"—"
"589";"21";"—";"264000";"85 88 91";"—";"Участвует в конкурсе";"1622031";"—"
"590";"23";"—";"264000";"83 92 89";"—";"Участвует в конкурсе";"1352729";"—"
"591";"18";"Электронное";"264000";"83 92 89";"—";"Участвует в конкурсе";"1358839";"—"
"592";"10";"—";"264000";"98 86 78";"2000";"Участвует в конкурсе";"1698792";"—"
"593";"6";"—";"264000";"90 88 83";"3000";"Участвует в конкурсе";"1181636";"—"
"594";"22";"—";"264000";"80 90 91";"3000";"Участвует в конкурсе";"1042667";"—"
"595";"5";"—";"264000";"80 90 86";"8000";"Участвует в конкурсе";"1910194";"—"
"596";"24";"—";"264000";"70 100 86";"8000";"Участвует в конкурсе";"2141428";"—"
"597";"17";"—";"264000";"85 84 86";"9000";"Участвует в конкурсе";"1411606";"—"
"599";"5";"Электронное";"264000";"92 80 82";"10000";"Участвует в конкурсе";"1939251";"—"
"600";"11";"Электронное";"264000";"88 88 78";"10000";"Участвует в конкурсе";"1655125";"—"
"601";"9";"Электронное";"264000";"88 80 86";"10000";"Участвует в конкурсе";"1650102";"—"
"602";"22";"—";"264000";"88 80 86";"10000";"Участвует в конкурсе";"2325670";"—"
"603";"4";"Электронное";"264000";"85 88 81";"10000";"Участвует в конкурсе";"1172397";"—"
"604";"24";"Электронное";"264000";"85 86 83";"10000";"Участвует в конкурсе";"1192919";"—"
"605";"11";"—";"264000";"85 86 83";"10000";"Участвует в конкурсе";"1562869";"—"
"608";"9";"—";"264000";"85 80 89";"10000";"Участвует в конкурсе";"1622566";"—"
"609";"7";"Электронное";"264000";"85 80 89";"10000";"Участвует в конкурсе";"1653088";"—"
"610";"3";"—";"264000";"83 90 81";"10000";"Участвует в конкурсе";"965261";"—"
"611";"3";"—";"264000";"83 88 83";"10000";"Участвует в конкурсе";"2093586";"—"
"612";"21";"—";"264000";"83 82 89";"10000";"Участвует в конкурсе";"1363973";"—"
"613";"2";"—";"264000";"83 82 89";"10000";"Участвует в конкурсе";"1557930";"—"
"614";"13";"—";"264000";"83 80 91";"10000";"Участвует в конкурсе";"1852073";"—"
"616";"12";"Электронное";"264000";"80 88 86";"10000";"Участвует в конкурсе";"1905219";"—"
"618";"2";"Электронное";"263000";"98 84 81";"—";"Участвует в конкурсе";"1481088";"—"
"621";"16";"—";"263000";"98 82 83";"—";"Участвует в конкурсе";"2183815";"—"
"622";"20";"—";"263000";"90 84 89";"—";"Участвует в конкурсе";"1517180";"—"
"623";"24";"Электронное";"263000";"90 84 89";"—";"Участвует в конкурсе";"1859160";"—"
"626";"28";"Электронное";"263000";"88 86 89";"—";"Участвует в конкурсе";"1238750";"—"
"628";"20";"—";"263000";"88 84 91";"—";"Участвует в конкурсе";"2090660";"—"
"629";"19";"—";"263000";"83 97 83";"—";"Участвует в конкурсе";"1999765";"—"
"631";"17";"Электронное";"263000";"83 84 94";"2000";"Участвует в конкурсе";"1305397";"—"
"632";"14";"—";"263000";"80 92 89";"2000";"Участвует в конкурсе";"1308311";"—"
"633";"3";"Электронное";"263000";"90 84 86";"3000";"Участвует в конкурсе";"1833608";"—"
"634";"13";"—";"263000";"88 86 83";"6000";"Участвует в конкурсе";"1656744";"—"
"635";"7";"—";"263000";"100 86 70";"7000";"Участвует в конкурсе";"2207179";"—"
"636";"20";"—";"263000";"85 90 81";"7000";"Участвует в конкурсе";"1994451";"—"
"637";"16";"Электронное";"263000";"95 86 72";"10000";"Участвует в конкурсе";"1993814";"—"
"638";"21";"Электронное";"263000";"90 82 81";"10000";"Участвует в конкурсе";"1043686";"—"
"639";"9";"Электронное";"263000";"90 80 83";"10000";"Участвует в конкурсе";"1576205";"—"
"641";"15";"Электронное";"263000";"88 84 81";"10000";"Участвует в конкурсе";"1202530";"—"
"642";"28";"—";"263000";"88 84 81";"10000";"Участвует в конкурсе";"2273883";"—"
"643";"16";"Электронное";"263000";"88 82 83";"10000";"Участвует в конкурсе";"1784503";"—"
"644";"15";"—";"263000";"88 82 83";"10000";"Участвует в конкурсе";"1984308";"—"
"645";"21";"—";"263000";"85 90 78";"10000";"Участвует в конкурсе";"1241208";"—"
"647";"21";"—";"263000";"85 82 86";"10000";"Участвует в конкурсе";"1255326";"—"
"649";"14";"—";"263000";"83 92 78";"10000";"Участвует в конкурсе";"2120359";"—"
"650";"7";"—";"263000";"83 84 86";"10000";"Участвует в конкурсе";"1612363";"—"
"651";"15";"—";"263000";"83 76 94";"10000";"Участвует в конкурсе";"2301270";"—"
"652";"23";"Электронное";"263000";"80 95 78";"10000";"Участвует в конкурсе";"1519238";"—"
"653";"15";"—";"263000";"80 95 78";"10000";"Участвует в конкурсе";"2268017";"—"
"654";"12";"Электронное";"263000";"80 90 83";"10000";"Участвует в конкурсе";"2002972";"—"
"655";"5";"—";"263000";"80 90 83";"10000";"Участвует в конкурсе";"1271103";"—"
"656";"13";"—";"263000";"80 84 89";"10000";"Участвует в конкурсе";"1852029";"—"
"657";"27";"—";"263000";"80 82 91";"10000";"Участвует в конкурсе";"2388910";"—"
"658";"7";"—";"263000";"78 94 81";"10000";"Участвует в конкурсе";"1492703";"—"
"659";"12";"—";"263000";"78 92 83";"10000";"Участвует в конкурсе";"1636112";"—"
"660";"14";"—";"263000";"75 100 78";"10000";"Участвует в конкурсе";"2240708";"—"
"661";"27";"—";"262000";"95 94 73";"—";"Участвует в конкурсе";"2098508";"—"
"662";"13";"Электронное";"262000";"93 94 75";"—";"Участвует в конкурсе";"2077563";"—"
"663";"5";"—";"262000";"90 94 78";"—";"Участвует в конкурсе";"1997352";"—"
"664";"9";"—";"262000";"85 96 81";"—";"Участвует в конкурсе";"1624563";"—"
"665";"20";"—";"262000";"85 96 81";"—";"Участвует в конкурсе";"2133229";"—"
"666";"16";"—";"262000";"85 88 89";"—";"Участвует в конкурсе";"1821642";"—"
"667";"21";"—";"262000";"83 88 91";"—";"Участвует в конкурсе";"2288046";"—"
"668";"17";"—";"262000";"88 86 86";"2000";"Участвует в конкурсе";"1353018";"—"
"669";"11";"—";"262000";"100 86 73";"3000";"Участвует в конкурсе";"1885834";"—"
"670";"17";"Электронное";"262000";"90 97 72";"3000";"Участвует в конкурсе";"1949747";"—"
"671";"6";"Электронное";"262000";"90 94 75";"3000";"Участвует в конкурсе";"2162515";"—"
"672";"9";"—";"262000";"83 95 81";"3000";"Участвует в конкурсе";"1848919";"—"
"673";"7";"Электронное";"262000";"93 92 72";"5000";"Участвует в конкурсе";"1832018";"—"
"674";"5";"—";"262000";"88 86 83";"5000";"Участвует в конкурсе";"2005818";"—"
"675";"3";"—";"262000";"93 78 81";"10000";"Участвует в конкурсе";"1849208";"—"
"676";"4";"—";"262000";"88 94 70";"10000";"Участвует в конкурсе";"1777413";"—"
"678";"24";"—";"262000";"85 94 73";"10000";"Участвует в конкурсе";"1332494";"—"
"679";"13";"—";"262000";"85 92 75";"10000";"Участвует в конкурсе";"2006324";"—"
"680";"14";"—";"262000";"85 92 75";"10000";"Участвует в конкурсе";"1107821";"—"
"681";"18";"—";"262000";"85 92 75";"10000";"Участвует в конкурсе";"1983757";"—"
"682";"13";"Электронное";"262000";"85 86 81";"10000";"Участвует в конкурсе";"2177828";"—"
"683";"3";"Электронное";"262000";"85 86 81";"10000";"Участвует в конкурсе";"2043242";"—"
"684";"23";"—";"262000";"85 86 81";"10000";"Участвует в конкурсе";"2226913";"—"
"685";"6";"—";"262000";"85 86 81";"10000";"Участвует в конкурсе";"1206914";"—"
"686";"4";"Электронное";"262000";"85 84 83";"10000";"Участвует в конкурсе";"1190182";"—"
"687";"12";"Электронное";"262000";"85 78 89";"10000";"Участвует в конкурсе";"1985698";"—"
"688";"19";"Электронное";"262000";"83 88 81";"10000";"Участвует в конкурсе";"1997022";"—"
"689";"17";"—";"262000";"83 78 91";"10000";"Участвует в конкурсе";"2221902";"—"
"690";"22";"—";"262000";"78 88 86";"10000";"Участвует в конкурсе";"2238459";"—"
"692";"7";"—";"262000";"67 88 97";"10000";"Участвует в конкурсе";"1901484";"—"
"694";"5";"—";"261000";"95 88 78";"—";"Участвует в конкурсе";"1551856";"—"
"695";"6";"—";"261000";"88 95 78";"—";"Участвует в конкурсе";"1287971";"—"
"696";"14";"—";"261000";"83 97 81";"—";"Участвует в конкурсе";"1642527";"—"
"697";"17";"—";"261000";"83 92 86";"—";"Участвует в конкурсе";"2305434";"—"
"698";"16";"—";"261000";"78 86 97";"—";"Участвует в конкурсе";"1367168";"—"
"699";"3";"—";"261000";"78 86 97";"—";"Участвует в конкурсе";"2415504";"—"
"700";"6";"—";"261000";"85 88 86";"2000";"Участвует в конкурсе";"1942926";"—"
"701";"16";"—";"261000";"78 92 89";"2000";"Участвует в конкурсе";"1856516";"—"
"703";"4";"—";"261000";"90 80 86";"5000";"Участвует в конкурсе";"1725132";"—"
"704";"12";"Электронное";"261000";"83 90 83";"5000";"Участвует в конкурсе";"1995393";"—"
"706";"11";"Электронное";"261000";"90 82 81";"8000";"Участвует в конкурсе";"1619145";"—"
"707";"5";"—";"261000";"83 92 78";"8000";"Участвует в конкурсе";"1513118";"—"
"708";"2";"—";"261000";"93 84 75";"9000";"Участвует в конкурсе";"1784081";"—"
"710";"20";"—";"261000";"93 80 78";"10000";"Участвует в конкурсе";"1624994";"—"
"711";"13";"—";"261000";"90 88 73";"10000";"Участвует в конкурсе";"1576234";"—"
"712";"5";"—";"261000";"88 88 75";"10000";"Участвует в конкурсе";"1123076";"—"
"713";"8";"Электронное";"261000";"88 82 81";"10000";"Участвует в конкурсе";"1985095";"—"
"714";"15";"—";"261000";"85 88 78";"10000";"Участвует в конкурсе";"2370537";"—"
"715";"29";"Электронное";"261000";"85 80 86";"10000";"Участвует в конкурсе";"1509700";"—"
"716";"24";"—";"261000";"85 80 86";"10000";"Участвует в конкурсе";"1962620";"—"
"717";"23";"Электронное";"261000";"85 80 86";"10000";"Участвует в конкурсе";"2116175";"—"
"718";"18";"Электронное";"261000";"85 80 86";"10000";"Участвует в конкурсе";"2251282";"—"
"719";"15";"—";"261000";"83 82 86";"10000";"Участвует в конкурсе";"2309849";"—"
"720";"12";"—";"261000";"80 90 81";"10000";"Участвует в конкурсе";"1702133";"—"
"721";"14";"—";"261000";"80 88 83";"10000";"Участвует в конкурсе";"1857464";"—"
"722";"11";"—";"261000";"80 82 89";"10000";"Участвует в конкурсе";"2297289";"—"
"723";"9";"Электронное";"261000";"78 90 83";"10000";"Участвует в конкурсе";"1508309";"—"
"725";"6";"—";"261000";"78 82 91";"10000";"Участвует в конкурсе";"1292159";"—"
"726";"2";"—";"261000";"75 90 86";"10000";"Участвует в конкурсе";"1468169";"—"
"728";"23";"Электронное";"260000";"95 84 81";"—";"Участвует в конкурсе";"2171667";"—"
"729";"18";"—";"260000";"93 86 81";"—";"Участвует в конкурсе";"1232484";"—"
"731";"11";"—";"260000";"90 95 75";"—";"Участвует в конкурсе";"1351916";"—"
"732";"10";"—";"260000";"88 97 75";"—";"Участвует в конкурсе";"1367390";"—"
"733";"10";"—";"260000";"85 86 89";"—";"Участвует в конкурсе";"2088091";"—"
"734";"7";"—";"260000";"83 99 78";"—";"Участвует в конкурсе";"1393905";"—"
"735";"18";"Электронное";"260000";"83 86 91";"—";"Участвует в конкурсе";"1617589";"—"
"736";"4";"—";"260000";"83 86 91";"—";"Участвует в конкурсе";"2322791";"—"
"737";"10";"Электронное";"260000";"80 94 86";"—";"Участвует в конкурсе";"1421460";"—"
"738";"10";"—";"260000";"95 80 83";"2000";"Участвует в конкурсе";"2229399";"—"
"739";"5";"—";"260000";"88 92 78";"2000";"Участвует в конкурсе";"1860556";"—"
"740";"6";"Электронное";"260000";"90 92 75";"3000";"Участвует в конкурсе";"1292019";"—"
"741";"8";"Электронное";"260000";"90 84 83";"3000";"Участвует в конкурсе";"2187145";"—"
"742";"16";"Электронное";"260000";"88 88 81";"3000";"Участвует в конкурсе";"1949624";"—"
"743";"11";"—";"260000";"90 95 70";"5000";"Участвует в конкурсе";"1983360";"—"
"744";"22";"—";"260000";"72 94 89";"5000";"Участвует в конкурсе";"2047526";"—"
"745";"4";"—";"260000";"83 95 75";"7000";"Участвует в конкурсе";"2225314";"—"
"746";"9";"—";"260000";"93 86 73";"8000";"Участвует в конкурсе";"1914638";"—"
"747";"10";"—";"260000";"70 100 81";"9000";"Участвует в конкурсе";"1249072";"—"
"748";"7";"—";"260000";"93 74 83";"10000";"Участвует в конкурсе";"1628995";"—"
"749";"13";"—";"260000";"90 82 78";"10000";"Участвует в конкурсе";"1915483";"—"
"750";"5";"—";"260000";"90 82 78";"10000";"Участвует в конкурсе";"1979496";"—"
"751";"7";"—";"260000";"88 84 78";"10000";"Участвует в конкурсе";"1794925";"—"
"752";"3";"—";"260000";"85 95 70";"10000";"Участвует в конкурсе";"1680671";"—"
"753";"5";"—";"260000";"85 92 73";"10000";"Участвует в конкурсе";"1359508";"—"
"754";"3";"—";"260000";"85 90 75";"10000";"Участвует в конкурсе";"1882807";"—"
"756";"7";"—";"260000";"85 84 81";"10000";"Участвует в конкурсе";"2230026";"—"
"758";"8";"—";"260000";"85 74 91";"10000";"Участвует в конкурсе";"1348748";"—"
"759";"21";"—";"260000";"83 94 73";"10000";"Участвует в конкурсе";"1446000";"—"
"760";"12";"Электронное";"260000";"83 86 81";"10000";"Участвует в конкурсе";"2204361";"—"
"761";"6";"Электронное";"260000";"83 86 81";"10000";"Участвует в конкурсе";"1613840";"—"
"762";"15";"—";"260000";"83 86 81";"10000";"Участвует в конкурсе";"1364740";"—"
"763";"5";"—";"260000";"80 100 70";"10000";"Участвует в конкурсе";"1235413";"—"
"764";"11";"—";"260000";"80 92 78";"10000";"Участвует в конкурсе";"1379943";"—"
"766";"19";"—";"260000";"80 84 86";"10000";"Участвует в конкурсе";"1467669";"—"
"767";"20";"—";"260000";"80 76 94";"10000";"Участвует в конкурсе";"1278034";"—"
"769";"23";"—";"260000";"78 86 86";"10000";"Участвует в конкурсе";"2302478";"—"
"770";"4";"—";"260000";"75 84 91";"10000";"Участвует в конкурсе";"1911845";"—"
"772";"22";"—";"260000";"72 92 86";"10000";"Участвует в конкурсе";"1169826";"—"
"773";"12";"—";"260000";"72 84 94";"10000";"Участвует в конкурсе";"2181546";"—"
"774";"7";"—";"259000";"93 88 78";"—";"Участвует в конкурсе";"2231091";"—"
"776";"18";"Электронное";"259000";"90 80 89";"—";"Участвует в конкурсе";"1675569";"—"
"777";"12";"—";"259000";"88 96 75";"—";"Участвует в конкурсе";"1069308";"—"
"778";"10";"—";"259000";"88 88 83";"—";"Участвует в конкурсе";"2193818";"—"
"779";"21";"Электронное";"259000";"88 88 83";"—";"Участвует в конкурсе";"2345531";"—"
"780";"23";"—";"259000";"88 88 83";"—";"Участвует в конкурсе";"1182784";"—"
"781";"12";"Электронное";"259000";"85 88 86";"—";"Участвует в конкурсе";"1114675";"—"
"782";"16";"Электронное";"259000";"85 88 86";"—";"Участвует в конкурсе";"1181867";"—"
"783";"20";"—";"259000";"85 88 86";"—";"Участвует в конкурсе";"1853077";"—"
"784";"7";"—";"259000";"83 90 86";"—";"Участвует в конкурсе";"1324071";"—"
"786";"2";"—";"259000";"83 82 94";"—";"Участвует в конкурсе";"1911467";"—"
"787";"8";"—";"259000";"80 88 91";"—";"Участвует в конкурсе";"2049221";"—"
"788";"10";"—";"259000";"78 92 89";"—";"Участвует в конкурсе";"2198741";"—"
"789";"4";"—";"259000";"88 90 78";"3000";"Участвует в конкурсе";"2260502";"—"
"790";"6";"Электронное";"259000";"85 88 83";"3000";"Участвует в конкурсе";"1620720";"—"
"791";"17";"—";"259000";"85 88 83";"3000";"Участвует в конкурсе";"1687492";"—"
"792";"18";"—";"259000";"85 82 89";"3000";"Участвует в конкурсе";"2053078";"—"
"793";"16";"—";"259000";"85 82 89";"3000";"Участвует в конкурсе";"2269306";"—"
"794";"13";"—";"259000";"85 80 91";"3000";"Участвует в конкурсе";"1199970";"—"
"795";"17";"—";"259000";"83 82 91";"3000";"Участвует в конкурсе";"1621523";"—"
"796";"18";"Электронное";"259000";"90 95 69";"5000";"Участвует в конкурсе";"1988229";"—"
"797";"10";"Электронное";"259000";"83 90 78";"8000";"Участвует в конкурсе";"1860268";"—"
"798";"8";"—";"259000";"83 82 86";"8000";"Участвует в конкурсе";"982550";"—"
"799";"16";"—";"259000";"95 76 78";"10000";"Участвует в конкурсе";"1004569";"—"
"800";"15";"—";"259000";"93 84 72";"10000";"Участвует в конкурсе";"1858860";"—"
"801";"7";"—";"259000";"88 92 69";"10000";"Участвует в конкурсе";"2001761";"—"
"803";"5";"—";"259000";"85 100 64";"10000";"Участвует в конкурсе";"1555031";"—"
"804";"7";"—";"259000";"85 94 70";"10000";"Участвует в конкурсе";"1499676";"—"
"805";"6";"—";"259000";"85 92 72";"10000";"Участвует в конкурсе";"1284125";"—"
"806";"14";"—";"259000";"85 86 78";"10000";"Участвует в конкурсе";"1818675";"—"
"807";"2";"—";"259000";"85 78 86";"10000";"Участвует в конкурсе";"1325766";"—"
"808";"11";"—";"259000";"83 88 78";"10000";"Участвует в конкурсе";"2127623";"—"
"809";"23";"—";"259000";"80 88 81";"10000";"Участвует в конкурсе";"2342695";"—"
"810";"25";"Электронное";"259000";"80 80 89";"10000";"Участвует в конкурсе";"1530025";"—"
"811";"12";"—";"259000";"75 80 94";"10000";"Участвует в конкурсе";"2228328";"—"
"812";"12";"Электронное";"258000";"90 96 72";"—";"Участвует в конкурсе";"1646481";"—"
"813";"17";"Электронное";"258000";"90 82 86";"—";"Участвует в конкурсе";"984727";"—"
"814";"15";"—";"258000";"88 92 78";"—";"Участвует в конкурсе";"2001258";"—"
"815";"21";"—";"258000";"88 84 86";"—";"Участвует в конкурсе";"1844618";"—"
"816";"10";"—";"258000";"85 92 81";"—";"Участвует в конкурсе";"1259728";"—"
"817";"9";"—";"258000";"85 92 81";"—";"Участвует в конкурсе";"1115084";"—"
"818";"5";"—";"258000";"85 84 89";"—";"Участвует в конкурсе";"1715068";"—"
"819";"7";"—";"258000";"83 84 91";"—";"Участвует в конкурсе";"1580461";"—"
"820";"11";"—";"258000";"83 84 91";"—";"Участвует в конкурсе";"1839719";"—"
"821";"11";"—";"258000";"80 92 86";"—";"Участвует в конкурсе";"1749425";"—"
"823";"5";"—";"258000";"93 90 73";"2000";"Участвует в конкурсе";"1773041";"—"
"824";"4";"Электронное";"258000";"85 90 81";"2000";"Участвует в конкурсе";"1902624";"—"
"825";"6";"—";"258000";"83 98 75";"2000";"Участвует в конкурсе";"1193241";"—"
"826";"16";"—";"258000";"93 90 72";"3000";"Участвует в конкурсе";"2345564";"—"
"828";"10";"—";"258000";"90 82 83";"3000";"Участвует в конкурсе";"2368656";"—"
"829";"10";"—";"258000";"88 84 83";"3000";"Участвует в конкурсе";"1832048";"—"
"831";"4";"Электронное";"258000";"88 92 73";"5000";"Участвует в конкурсе";"1831266";"—"
"832";"16";"Электронное";"258000";"85 96 72";"5000";"Участвует в конкурсе";"2099994";"—"
"833";"13";"Электронное";"258000";"83 84 86";"5000";"Участвует в конкурсе";"2068046";"—"
"834";"15";"—";"258000";"83 84 83";"8000";"Участвует в конкурсе";"1363725";"—"
"835";"26";"Электронное";"258000";"95 78 75";"10000";"Участвует в конкурсе";"2307606";"—"
"836";"16";"—";"258000";"95 72 81";"10000";"Участвует в конкурсе";"2257860";"—"
"837";"2";"—";"258000";"93 80 75";"10000";"Участвует в конкурсе";"1455386";"—"
"838";"2";"—";"258000";"90 88 70";"10000";"Участвует в конкурсе";"1994554";"—"
"839";"17";"—";"258000";"90 80 78";"10000";"Участвует в конкурсе";"1727956";"—"
"840";"6";"—";"258000";"90 80 78";"10000";"Участвует в конкурсе";"1757507";"—"
"841";"6";"—";"258000";"88 88 72";"10000";"Участвует в конкурсе";"1779439";"—"
"842";"22";"—";"258000";"88 82 78";"10000";"Участвует в конкурсе";"1355457";"—"
"843";"5";"—";"258000";"85 90 73";"10000";"Участвует в конкурсе";"1729349";"—"
"844";"21";"—";"258000";"85 88 75";"10000";"Участвует в конкурсе";"2255808";"—"
"845";"6";"—";"258000";"85 82 81";"10000";"Участвует в конкурсе";"1355377";"—"
"846";"16";"—";"258000";"85 82 81";"10000";"Участвует в конкурсе";"1493994";"—"
"847";"6";"—";"258000";"85 80 83";"10000";"Участвует в конкурсе";"970608";"—"
"849";"4";"—";"258000";"85 80 83";"10000";"Участвует в конкурсе";"1444746";"—"
"850";"13";"—";"258000";"85 80 83";"10000";"Участвует в конкурсе";"1847278";"—"
"851";"6";"—";"258000";"85 80 83";"10000";"Участвует в конкурсе";"2301670";"—"
"852";"19";"Электронное";"258000";"83 92 73";"10000";"Участвует в конкурсе";"2076416";"—"
"853";"7";"Электронное";"258000";"83 84 81";"10000";"Участвует в конкурсе";"2047776";"—"
"854";"20";"Электронное";"258000";"83 82 83";"10000";"Участвует в конкурсе";"2051415";"—"
"856";"4";"—";"258000";"78 92 78";"10000";"Участвует в конкурсе";"2314073";"—"
"857";"1";"—";"258000";"78 84 86";"10000";"Участвует в конкурсе";"2153815";"—"
"858";"9";"—";"258000";"78 84 86";"10000";"Участвует в конкурсе";"1992931";"—"
"859";"11";"—";"258000";"75 82 91";"10000";"Участвует в конкурсе";"2332066";"—"
"861";"8";"Электронное";"258000";"72 90 86";"10000";"Участвует в конкурсе";"1620539";"—"
"862";"24";"Электронное";"258000";"72 76 100";"10000";"Участвует в конкурсе";"1761508";"—"
"863";"16";"—";"258000";"70 92 86";"10000";"Участвует в конкурсе";"2272665";"—"
"864";"15";"—";"257000";"95 84 78";"—";"Участвует в конкурсе";"2054886";"—"
"865";"8";"Электронное";"257000";"93 98 66";"—";"Участвует в конкурсе";"1427134";"—"
"866";"4";"—";"257000";"93 86 78";"—";"Участвует в конкурсе";"1902344";"—"
"867";"18";"Электронное";"257000";"93 78 86";"—";"Участвует в конкурсе";"2079959";"—"
"868";"9";"—";"257000";"88 97 72";"—";"Участвует в конкурсе";"1441867";"—"
"869";"21";"—";"257000";"88 88 81";"—";"Участвует в конкурсе";"2368812";"—"
"870";"10";"—";"257000";"88 86 83";"—";"Участвует в конкурсе";"1252370";"—"
"871";"12";"—";"257000";"85 94 78";"—";"Участвует в конкурсе";"2099907";"—"
"872";"7";"—";"257000";"85 86 86";"—";"Участвует в конкурсе";"1939545";"—"
"875";"12";"Электронное";"257000";"85 84 86";"2000";"Участвует в конкурсе";"1780255";"—"
"876";"7";"—";"257000";"85 76 94";"2000";"Участвует в конкурсе";"1605199";"—"
"877";"7";"—";"257000";"90 86 78";"3000";"Участвует в конкурсе";"2249023";"—"
"878";"13";"—";"257000";"88 80 86";"3000";"Участвует в конкурсе";"2426015";"—"
"879";"10";"—";"257000";"85 88 81";"3000";"Участвует в конкурсе";"2129787";"—"
"880";"4";"Электронное";"257000";"85 80 89";"3000";"Участвует в конкурсе";"2184431";"—"
"881";"17";"—";"257000";"85 86 81";"5000";"Участвует в конкурсе";"1574784";"—"
"882";"4";"—";"257000";"88 88 75";"6000";"Участвует в конкурсе";"2003661";"—"
"883";"5";"—";"257000";"83 86 81";"7000";"Участвует в конкурсе";"2315691";"—"
"884";"17";"Электронное";"257000";"78 78 94";"7000";"Участвует в конкурсе";"2019202";"—"
"886";"1";"—";"257000";"67 95 86";"9000";"Участвует в конкурсе";"1132937";"—"
"887";"10";"—";"257000";"95 88 64";"10000";"Участвует в конкурсе";"2049513";"—"
"889";"12";"—";"257000";"93 88 66";"10000";"Участвует в конкурсе";"2356199";"—"
"890";"23";"—";"257000";"93 76 78";"10000";"Участвует в конкурсе";"1908059";"—"
"891";"13";"—";"257000";"90 94 63";"10000";"Участвует в конкурсе";"2182937";"—"
"892";"18";"Электронное";"257000";"88 86 73";"10000";"Участвует в конкурсе";"1290790";"—"
"893";"1";"—";"257000";"88 86 73";"10000";"Участвует в конкурсе";"2342881";"—"
"894";"14";"—";"257000";"88 84 75";"10000";"Участвует в конкурсе";"1955035";"—"
"896";"15";"—";"257000";"88 78 81";"10000";"Участвует в конкурсе";"1644008";"—"
"897";"10";"—";"257000";"85 84 78";"10000";"Участвует в конкурсе";"1628261";"—"
"898";"29";"—";"257000";"83 86 78";"10000";"Участвует в конкурсе";"1326816";"—"
"899";"19";"—";"257000";"83 86 78";"10000";"Участвует в конкурсе";"2166059";"—"
"900";"9";"—";"257000";"83 78 86";"10000";"Участвует в конкурсе";"1257168";"—"
"901";"20";"Электронное";"257000";"80 86 81";"10000";"Участвует в конкурсе";"2100349";"—"
"904";"20";"—";"257000";"80 84 83";"10000";"Участвует в конкурсе";"2053556";"—"
"905";"14";"—";"257000";"80 78 89";"10000";"Участвует в конкурсе";"1851052";"—"
"906";"4";"—";"257000";"80 78 89";"10000";"Участвует в конкурсе";"1341221";"—"
"907";"10";"—";"257000";"78 88 81";"10000";"Участвует в конкурсе";"977071";"—"
"909";"10";"—";"257000";"75 86 86";"10000";"Участвует в конкурсе";"1460249";"—"
"913";"23";"—";"256000";"93 82 81";"—";"Участвует в конкурсе";"2185076";"—"
"914";"7";"Электронное";"256000";"90 80 86";"—";"Участвует в конкурсе";"1398978";"—"
"915";"6";"—";"256000";"85 96 75";"—";"Участвует в конкурсе";"1445994";"—"
"916";"5";"—";"256000";"83 95 78";"—";"Участвует в конкурсе";"2224114";"—"
"918";"25";"—";"256000";"83 82 91";"—";"Участвует в конкурсе";"2245288";"—"
"919";"21";"—";"256000";"80 82 94";"—";"Участвует в конкурсе";"2249960";"—"
"920";"9";"—";"256000";"78 92 86";"—";"Участвует в конкурсе";"2310554";"—"
"921";"3";"—";"256000";"88 88 78";"2000";"Участвует в конкурсе";"1259846";"—"
"922";"12";"—";"256000";"88 80 86";"2000";"Участвует в конкурсе";"1195622";"—"
"923";"16";"—";"256000";"83 90 81";"2000";"Участвует в конкурсе";"2177425";"—"
"924";"17";"—";"256000";"83 88 83";"2000";"Участвует в конкурсе";"1940724";"—"
"925";"8";"—";"256000";"83 88 83";"2000";"Участвует в конкурсе";"2268229";"—"
"926";"8";"—";"256000";"90 80 83";"3000";"Участвует в конкурсе";"1071487";"—"
"927";"13";"Электронное";"256000";"88 92 73";"3000";"Участвует в конкурсе";"1250045";"—"
"928";"2";"—";"256000";"88 90 75";"3000";"Участвует в конкурсе";"1609170";"—"
"929";"9";"—";"256000";"85 82 86";"3000";"Участвует в конкурсе";"1649307";"—"
"930";"3";"—";"256000";"88 88 75";"5000";"Участвует в конкурсе";"2006480";"—"
"931";"22";"Электронное";"256000";"90 86 73";"7000";"Участвует в конкурсе";"1637394";"—"
"932";"12";"—";"256000";"88 86 75";"7000";"Участвует в конкурсе";"1620348";"—"
"933";"6";"—";"256000";"85 80 83";"8000";"Участвует в конкурсе";"1730236";"—"
"934";"11";"—";"256000";"93 78 75";"10000";"Участвует в конкурсе";"1915647";"—"
"935";"17";"—";"256000";"88 86 72";"10000";"Участвует в конкурсе";"1983777";"—"
"936";"9";"—";"256000";"88 80 78";"10000";"Участвует в конкурсе";"982494";"—"
"937";"25";"—";"256000";"88 72 86";"10000";"Участвует в конкурсе";"1362935";"—"
"938";"5";"—";"256000";"85 88 73";"10000";"Участвует в конкурсе";"2371541";"—"
"939";"6";"—";"256000";"85 80 81";"10000";"Участвует в конкурсе";"1902346";"—"
"941";"20";"—";"256000";"85 78 83";"10000";"Участвует в конкурсе";"1624954";"—"
"942";"22";"Электронное";"256000";"85 78 83";"10000";"Участвует в конкурсе";"2118200";"—"
"943";"15";"—";"256000";"83 88 75";"10000";"Участвует в конкурсе";"1427845";"—"
"944";"1";"—";"256000";"83 82 81";"10000";"Участвует в конкурсе";"1488893";"—"
"945";"22";"Электронное";"256000";"83 80 83";"10000";"Участвует в конкурсе";"2173102";"—"
"946";"1";"—";"256000";"80 88 78";"10000";"Участвует в конкурсе";"1888393";"—"
"947";"20";"—";"256000";"80 80 86";"10000";"Участвует в конкурсе";"1255918";"—"
"948";"28";"—";"256000";"78 82 86";"10000";"Участвует в конкурсе";"961383";"—"
"949";"5";"—";"256000";"78 82 86";"10000";"Участвует в конкурсе";"2313806";"—"
"951";"13";"—";"256000";"67 90 89";"10000";"Участвует в конкурсе";"1179008";"—"
"952";"17";"—";"256000";"62 95 89";"10000";"Участвует в конкурсе";"1617641";"—"
"953";"18";"—";"255000";"100 82 73";"—";"Участвует в конкурсе";"1484276";"—"
"954";"6";"—";"255000";"90 96 69";"—";"Участвует в конкурсе";"2049303";"—"
"955";"5";"—";"255000";"90 92 73";"—";"Участвует в конкурсе";"1725828";"—"
"957";"12";"Электронное";"255000";"90 82 83";"—";"Участвует в конкурсе";"1202931";"—"
"958";"16";"Электронное";"255000";"88 86 81";"—";"Участвует в конкурсе";"1793960";"—"
"959";"10";"—";"255000";"88 86 81";"—";"Участвует в конкурсе";"1644012";"—"
"960";"11";"—";"255000";"85 97 73";"—";"Участвует в конкурсе";"1725990";"—"
"961";"15";"Электронное";"255000";"85 84 86";"—";"Участвует в конкурсе";"1650114";"—"
"962";"15";"Электронное";"255000";"85 84 86";"—";"Участвует в конкурсе";"1856831";"—"
"963";"14";"—";"255000";"83 86 86";"—";"Участвует в конкурсе";"1280121";"—"
"964";"11";"—";"255000";"80 94 81";"—";"Участвует в конкурсе";"1771866";"—"
"965";"15";"Электронное";"255000";"80 86 89";"—";"Участвует в конкурсе";"1515932";"—"
"966";"24";"—";"255000";"80 84 91";"—";"Участвует в конкурсе";"1240015";"—"
"967";"8";"Электронное";"255000";"78 88 89";"—";"Участвует в конкурсе";"1431238";"—"
"969";"14";"—";"255000";"93 94 66";"2000";"Участвует в конкурсе";"2005528";"—"
"970";"3";"—";"255000";"85 82 86";"2000";"Участвует в конкурсе";"1899547";"—"
"971";"10";"Электронное";"255000";"95 84 73";"3000";"Участвует в конкурсе";"2269905";"—"
"972";"5";"—";"255000";"93 86 73";"3000";"Участвует в конкурсе";"1546601";"—"
"973";"16";"—";"255000";"93 78 81";"3000";"Участвует в конкурсе";"2137842";"—"
"974";"14";"Электронное";"255000";"90 90 72";"3000";"Участвует в конкурсе";"1438754";"—"
"976";"3";"—";"255000";"80 78 94";"3000";"Участвует в конкурсе";"2003964";"—"
"977";"7";"—";"255000";"88 84 78";"5000";"Участвует в конкурсе";"1905433";"—"
"978";"8";"—";"255000";"78 86 86";"5000";"Участвует в конкурсе";"1571583";"—"
"979";"12";"Электронное";"255000";"100 80 69";"6000";"Участвует в конкурсе";"1349618";"—"
"980";"6";"—";"255000";"85 90 72";"8000";"Участвует в конкурсе";"1206104";"—"
"982";"17";"Электронное";"255000";"90 80 75";"10000";"Участвует в конкурсе";"2363943";"—"
"983";"9";"Электронное";"255000";"88 84 73";"10000";"Участвует в конкурсе";"1893485";"—"
"984";"10";"—";"255000";"88 82 75";"10000";"Участвует в конкурсе";"1290569";"—"
"985";"18";"—";"255000";"88 82 75";"10000";"Участвует в конкурсе";"2207967";"—"
"986";"6";"—";"255000";"85 88 72";"10000";"Участвует в конкурсе";"2272633";"—"
"987";"8";"—";"255000";"83 90 72";"10000";"Участвует в конкурсе";"2004070";"—"
"988";"6";"—";"255000";"83 88 74";"10000";"Участвует в конкурсе";"1384509";"—"
"989";"7";"—";"255000";"80 95 70";"10000";"Участвует в конкурсе";"1785373";"—"
"990";"28";"—";"255000";"80 90 75";"10000";"Участвует в конкурсе";"2340758";"—"
"991";"13";"Электронное";"255000";"78 78 89";"10000";"Участвует в конкурсе";"2129676";"—"
"994";"10";"—";"255000";"72 92 81";"10000";"Участвует в конкурсе";"1847428";"—"
"996";"13";"—";"255000";"70 94 81";"10000";"Участвует в конкурсе";"1637333";"—"
"998";"4";"Электронное";"254000";"90 92 72";"—";"Участвует в конкурсе";"1621064";"—"
"999";"10";"—";"254000";"88 88 78";"—";"Участвует в конкурсе";"1515679";"—"
"1000";"14";"—";"254000";"88 88 78";"—";"Участвует в конкурсе";"1991847";"—"
"1001";"16";"—";"254000";"88 80 86";"—";"Участвует в конкурсе";"1463685";"—"
"1002";"6";"Электронное";"254000";"85 86 83";"—";"Участвует в конкурсе";"2310628";"—"
"1003";"12";"—";"254000";"93 90 69";"2000";"Участвует в конкурсе";"1679215";"—"
"1004";"10";"—";"254000";"83 94 75";"2000";"Участвует в конкурсе";"1788809";"—"
"1005";"14";"—";"254000";"90 86 75";"3000";"Участвует в конкурсе";"1653683";"—"
"1006";"6";"Электронное";"254000";"88 82 81";"3000";"Участвует в конкурсе";"1841461";"—"
"1007";"26";"—";"254000";"88 82 81";"3000";"Участвует в конкурсе";"2343134";"—"
"1008";"1";"—";"254000";"80 90 81";"3000";"Участвует в конкурсе";"2081321";"—"
"1009";"8";"—";"254000";"75 95 81";"3000";"Участвует в конкурсе";"2170290";"—"
"1010";"15";"Электронное";"254000";"70 95 86";"3000";"Участвует в конкурсе";"2410107";"—"
"1011";"3";"Электронное";"254000";"78 88 81";"7000";"Участвует в конкурсе";"1313729";"—"
"1012";"9";"Электронное";"254000";"90 84 72";"8000";"Участвует в конкурсе";"2265069";"—"
"1013";"7";"Электронное";"254000";"88 84 72";"10000";"Участвует в конкурсе";"1826333";"—"
"1014";"1";"—";"254000";"88 84 72";"10000";"Участвует в конкурсе";"1855539";"—"
"1015";"11";"—";"254000";"85 95 64";"10000";"Участвует в конкурсе";"2251420";"—"
"1016";"25";"Электронное";"254000";"85 90 69";"10000";"Участвует в конкурсе";"1182107";"—"
"1018";"13";"—";"254000";"85 78 81";"10000";"Участвует в конкурсе";"2341834";"—"
"1019";"13";"—";"254000";"85 70 89";"10000";"Участвует в конкурсе";"1574276";"—"
"1020";"14";"—";"254000";"83 86 75";"10000";"Участвует в конкурсе";"1628304";"—"
"1021";"28";"—";"254000";"83 86 75";"10000";"Участвует в конкурсе";"2314319";"—"
"1022";"23";"—";"254000";"83 86 75";"10000";"Участвует в конкурсе";"2387163";"—"
"1023";"8";"—";"254000";"83 80 81";"10000";"Участвует в конкурсе";"1191335";"—"
"1024";"7";"Электронное";"254000";"83 78 83";"10000";"Участвует в конкурсе";"1722349";"—"
"1025";"6";"—";"254000";"80 86 78";"10000";"Участвует в конкурсе";"1776585";"—"
"1026";"12";"—";"254000";"80 78 86";"10000";"Участвует в конкурсе";"1567354";"—"
"1027";"22";"—";"254000";"78 80 86";"10000";"Участвует в конкурсе";"2367749";"—"
"1029";"10";"—";"254000";"75 80 89";"10000";"Участвует в конкурсе";"1189857";"—"
"1030";"18";"Электронное";"254000";"75 80 89";"10000";"Участвует в конкурсе";"1557768";"—"
"1031";"17";"—";"254000";"75 80 89";"10000";"Участвует в конкурсе";"1407903";"—"
"1032";"23";"—";"254000";"75 78 91";"10000";"Участвует в конкурсе";"1931800";"—"
"1033";"13";"Электронное";"253000";"93 90 70";"—";"Участвует в конкурсе";"2255566";"—"
"1034";"30";"—";"253000";"90 82 81";"—";"Участвует в конкурсе";"2258085";"—"
"1035";"11";"—";"253000";"88 90 75";"—";"Участвует в конкурсе";"2241391";"—"
"1036";"1";"—";"253000";"88 84 81";"—";"Участвует в конкурсе";"1825402";"—"
"1037";"7";"—";"253000";"80 84 89";"—";"Участвует в конкурсе";"2098106";"—"
"1038";"17";"—";"253000";"78 84 91";"—";"Участвует в конкурсе";"1911026";"—"
"1039";"5";"—";"253000";"85 80 86";"2000";"Участвует в конкурсе";"1254145";"—"
"1040";"1";"Электронное";"253000";"80 80 91";"2000";"Участвует в конкурсе";"1360751";"—"
"1041";"6";"—";"253000";"93 88 69";"3000";"Участвует в конкурсе";"2134673";"—"
"1043";"25";"Электронное";"253000";"85 90 75";"3000";"Участвует в конкурсе";"1781614";"—"
"1044";"12";"—";"253000";"85 82 83";"3000";"Участвует в конкурсе";"1790760";"—"
"1046";"9";"—";"253000";"78 86 86";"3000";"Участвует в конкурсе";"1289341";"—"
"1047";"23";"—";"253000";"78 86 86";"3000";"Участвует в конкурсе";"2254710";"—"
"1048";"23";"—";"253000";"80 82 83";"8000";"Участвует в конкурсе";"1766426";"—"
"1049";"12";"—";"253000";"80 74 91";"8000";"Участвует в конкурсе";"2363368";"—"
"1051";"15";"—";"253000";"88 74 81";"10000";"Участвует в конкурсе";"1655472";"—"
"1052";"9";"—";"253000";"85 94 64";"10000";"Участвует в конкурсе";"1977766";"—"
"1054";"7";"—";"253000";"83 88 72";"10000";"Участвует в конкурсе";"1706749";"—"
"1055";"8";"—";"253000";"83 82 78";"10000";"Участвует в конкурсе";"1790298";"—"
"1056";"7";"—";"253000";"80 90 73";"10000";"Участвует в конкурсе";"1829880";"—"
"1057";"15";"—";"253000";"80 88 75";"10000";"Участвует в конкурсе";"1240174";"—"
"1058";"1";"—";"253000";"80 88 75";"10000";"Участвует в конкурсе";"2229446";"—"
"1059";"5";"—";"253000";"80 82 81";"10000";"Участвует в конкурсе";"2233058";"—"
"1060";"11";"Электронное";"253000";"80 80 83";"10000";"Участвует в конкурсе";"1614877";"—"
"1062";"10";"—";"253000";"80 72 91";"10000";"Участвует в конкурсе";"1263708";"—"
"1063";"8";"Электронное";"253000";"78 92 73";"10000";"Участвует в конкурсе";"1798664";"—"
"1064";"7";"—";"253000";"78 84 81";"10000";"Участвует в конкурсе";"1261843";"—"
"1066";"11";"Электронное";"253000";"75 82 86";"10000";"Участвует в конкурсе";"2287278";"—"
"1067";"13";"—";"253000";"72 96 75";"10000";"Участвует в конкурсе";"950232";"—"
"1068";"18";"Электронное";"253000";"72 90 81";"10000";"Участвует в конкурсе";"2090262";"—"
"1069";"25";"—";"252000";"93 78 81";"—";"Участвует в конкурсе";"1556929";"—"
"1070";"3";"—";"252000";"90 92 70";"—";"Участвует в конкурсе";"1958560";"—"
"1071";"15";"—";"252000";"88 86 78";"—";"Участвует в конкурсе";"1252983";"—"
"1072";"14";"—";"252000";"88 86 78";"—";"Участвует в конкурсе";"1348280";"—"
"1073";"18";"—";"252000";"85 92 75";"—";"Участвует в конкурсе";"1578257";"—"
"1074";"20";"Электронное";"252000";"85 86 81";"—";"Участвует в конкурсе";"1199391";"—"
"1076";"18";"—";"252000";"83 86 83";"—";"Участвует в конкурсе";"1623988";"—"
"1077";"2";"Электронное";"252000";"80 86 86";"—";"Участвует в конкурсе";"1874512";"—"
"1078";"13";"—";"252000";"78 88 86";"—";"Участвует в конкурсе";"2274181";"—"
"1079";"18";"—";"252000";"78 88 86";"—";"Участвует в конкурсе";"2342632";"—"
"1080";"15";"—";"252000";"75 86 91";"—";"Участвует в конкурсе";"1127872";"—"
"1081";"13";"—";"252000";"85 74 91";"2000";"Участвует в конкурсе";"1853060";"—"
"1082";"3";"—";"252000";"75 94 81";"2000";"Участвует в конкурсе";"1839999";"—"
"1083";"14";"—";"252000";"95 84 70";"3000";"Участвует в конкурсе";"1609616";"—"
"1084";"1";"—";"252000";"90 86 73";"3000";"Участвует в конкурсе";"2168415";"—"
"1085";"4";"Электронное";"252000";"85 95 69";"3000";"Участвует в конкурсе";"2179512";"—"
"1086";"9";"—";"252000";"85 95 69";"3000";"Участвует в конкурсе";"1911290";"—"
"1087";"9";"Электронное";"252000";"83 78 86";"5000";"Участвует в конкурсе";"1822981";"—"
"1088";"3";"—";"252000";"95 70 81";"6000";"Участвует в конкурсе";"2044262";"—"
"1089";"6";"—";"252000";"80 84 81";"7000";"Участвует в конкурсе";"1854849";"—"
"1090";"17";"Электронное";"252000";"95 80 69";"8000";"Участвует в конкурсе";"2304908";"—"
"1091";"7";"—";"252000";"78 80 86";"8000";"Участвует в конкурсе";"1180658";"—"
"1092";"3";"—";"252000";"100 76 66";"10000";"Участвует в конкурсе";"1076547";"—"
"1093";"19";"—";"252000";"85 88 69";"10000";"Участвует в конкурсе";"1857371";"—"
"1094";"8";"—";"252000";"83 86 73";"10000";"Участвует в конкурсе";"2334692";"—"
"1095";"6";"Электронное";"252000";"83 70 89";"10000";"Участвует в конкурсе";"1638090";"—"
"1096";"19";"—";"252000";"80 84 78";"10000";"Участвует в конкурсе";"1426412";"—"
"1097";"27";"—";"252000";"80 84 78";"10000";"Участвует в конкурсе";"2094410";"—"
"1098";"7";"—";"252000";"80 84 78";"10000";"Участвует в конкурсе";"1905417";"—"
"1099";"16";"—";"252000";"80 76 86";"10000";"Участвует в конкурсе";"2254107";"—"
"1100";"1";"—";"252000";"78 86 78";"10000";"Участвует в конкурсе";"1782269";"—"
"1102";"11";"—";"252000";"78 78 86";"10000";"Участвует в конкурсе";"2289192";"—"
"1103";"13";"—";"252000";"75 95 72";"10000";"Участвует в конкурсе";"2264840";"—"
"1104";"16";"—";"252000";"75 84 83";"10000";"Участвует в конкурсе";"1182475";"—"
"1106";"10";"—";"252000";"75 76 91";"10000";"Участвует в конкурсе";"1824078";"—"
"1107";"13";"—";"252000";"70 94 78";"10000";"Участвует в конкурсе";"1214674";"—"
"1108";"13";"—";"252000";"67 97 78";"10000";"Участвует в конкурсе";"1425169";"—"
"1109";"9";"—";"252000";"67 86 89";"10000";"Участвует в конкурсе";"1440754";"—"
"1110";"4";"Электронное";"252000";"67 84 91";"10000";"Участвует в конкурсе";"2226291";"—"
"1111";"5";"Электронное";"251000";"90 88 73";"—";"Участвует в конкурсе";"1444922";"—"
"1113";"24";"—";"251000";"90 80 81";"—";"Участвует в конкурсе";"1508989";"—"
"1114";"5";"—";"251000";"90 80 81";"—";"Участвует в конкурсе";"2298455";"—"
"1115";"10";"—";"251000";"88 94 69";"—";"Участвует в конкурсе";"1339503";"—"
"1116";"12";"—";"251000";"88 82 81";"—";"Участвует в конкурсе";"2182076";"—"
"1117";"8";"—";"251000";"88 80 83";"—";"Участвует в конкурсе";"1984418";"—"
"1118";"2";"—";"251000";"88 74 89";"—";"Участвует в конкурсе";"2253302";"—"
"1119";"10";"—";"251000";"83 82 86";"—";"Участвует в конкурсе";"1894701";"—"
"1121";"30";"—";"251000";"83 82 86";"—";"Участвует в конкурсе";"2218107";"—"
"1122";"26";"Электронное";"251000";"83 82 86";"—";"Участвует в конкурсе";"1163377";"—"
"1123";"9";"—";"251000";"78 86 87";"—";"Участвует в конкурсе";"2417297";"—"
"1124";"4";"Электронное";"251000";"78 84 89";"—";"Участвует в конкурсе";"1433947";"—"
"1125";"20";"—";"251000";"75 82 94";"—";"Участвует в конкурсе";"1104036";"—"
"1126";"13";"—";"251000";"88 78 83";"2000";"Участвует в конкурсе";"1286040";"—"
"1127";"12";"—";"251000";"93 80 75";"3000";"Участвует в конкурсе";"2301332";"—"
"1128";"6";"Электронное";"251000";"90 88 70";"3000";"Участвует в конкурсе";"1257964";"—"
"1129";"17";"Электронное";"251000";"85 90 73";"3000";"Участвует в конкурсе";"2339565";"—"
"1130";"7";"—";"251000";"85 88 75";"3000";"Участвует в конкурсе";"1819374";"—"
"1131";"15";"Электронное";"251000";"83 84 81";"3000";"Участвует в конкурсе";"1447180";"—"
"1132";"9";"Электронное";"251000";"83 82 83";"3000";"Участвует в конкурсе";"1330008";"—"
"1133";"13";"—";"251000";"75 84 89";"3000";"Участвует в конкурсе";"2093664";"—"
"1134";"23";"—";"251000";"75 82 91";"3000";"Участвует в конкурсе";"2412960";"—"
"1135";"2";"—";"251000";"85 88 73";"5000";"Участвует в конкурсе";"1367432";"—"
"1136";"16";"Электронное";"251000";"93 86 66";"6000";"Участвует в конкурсе";"1365943";"—"
"1137";"28";"—";"251000";"88 80 75";"8000";"Участвует в конкурсе";"2244359";"—"
"1138";"8";"—";"251000";"88 74 81";"8000";"Участвует в конкурсе";"2226911";"—"
"1139";"4";"—";"251000";"90 84 67";"10000";"Участвует в конкурсе";"1480767";"—"
"1140";"3";"—";"251000";"90 82 69";"10000";"Участвует в конкурсе";"2220361";"—"
"1141";"14";"—";"251000";"88 78 75";"10000";"Участвует в конкурсе";"1187147";"—"
"1142";"10";"—";"251000";"85 78 78";"10000";"Участвует в конкурсе";"1438638";"—"
"1143";"20";"—";"251000";"80 86 75";"10000";"Участвует в конкурсе";"2141152";"—"
"1144";"12";"—";"251000";"80 86 75";"10000";"Участвует в конкурсе";"1474245";"—"
"1145";"9";"—";"251000";"80 78 83";"10000";"Участвует в конкурсе";"2352743";"—"
"1146";"16";"—";"251000";"78 82 81";"10000";"Участвует в конкурсе";"1811289";"—"
"1148";"6";"Электронное";"251000";"72 86 83";"10000";"Участвует в конкурсе";"1765790";"—"
"1149";"2";"—";"251000";"72 86 83";"10000";"Участвует в конкурсе";"1288580";"—"
"1150";"8";"Электронное";"251000";"72 86 83";"10000";"Участвует в конкурсе";"1517397";"—"
"1151";"23";"—";"251000";"72 80 89";"10000";"Участвует в конкурсе";"2263975";"—"
"1152";"10";"—";"251000";"62 96 83";"10000";"Участвует в конкурсе";"1777805";"—"
"1153";"3";"—";"250000";"93 84 73";"—";"Участвует в конкурсе";"1175908";"—"
"1154";"19";"—";"250000";"93 84 73";"—";"Участвует в конкурсе";"2344974";"—"
"1155";"25";"—";"250000";"90 94 66";"—";"Участвует в конкурсе";"1261847";"—"
"1156";"4";"—";"250000";"88 92 70";"—";"Участвует в конкурсе";"2128435";"—"
"1157";"16";"—";"250000";"88 84 78";"—";"Участвует в конкурсе";"1334271";"—"
"1159";"15";"Электронное";"250000";"85 84 81";"—";"Участвует в конкурсе";"1489613";"—"
"1160";"7";"—";"250000";"85 82 83";"—";"Участвует в конкурсе";"2239537";"—"
"1161";"28";"—";"250000";"83 97 70";"—";"Участвует в конкурсе";"1915064";"—"
"1162";"4";"—";"250000";"83 84 83";"—";"Участвует в конкурсе";"1138820";"—"
"1163";"9";"—";"250000";"80 95 75";"—";"Участвует в конкурсе";"2222207";"—"
"1164";"14";"—";"250000";"80 92 78";"—";"Участвует в конкурсе";"2017597";"—"
"1165";"7";"—";"250000";"80 84 86";"—";"Участвует в конкурсе";"2273586";"—"
"1166";"4";"—";"250000";"80 84 86";"—";"Участвует в конкурсе";"1798520";"—"
"1167";"13";"—";"250000";"78 78 94";"—";"Участвует в конкурсе";"1701606";"—"
"1168";"12";"Электронное";"250000";"83 84 81";"2000";"Участвует в конкурсе";"2213290";"—"
"1169";"5";"—";"250000";"88 86 73";"3000";"Участвует в конкурсе";"2246726";"—"
"1170";"6";"—";"250000";"88 78 81";"3000";"Участвует в конкурсе";"1516722";"—"
"1171";"4";"—";"250000";"88 76 83";"3000";"Участвует в конкурсе";"1542737";"—"
"1172";"5";"Электронное";"250000";"83 86 78";"3000";"Участвует в конкурсе";"1559210";"—"
"1173";"20";"—";"250000";"80 84 83";"3000";"Участвует в конкурсе";"1996599";"—"
"1174";"1";"—";"250000";"80 84 83";"3000";"Участвует в конкурсе";"2230476";"—"
"1175";"20";"—";"250000";"78 78 91";"3000";"Участвует в конкурсе";"1961801";"—"
"1176";"12";"—";"250000";"70 96 81";"3000";"Участвует в конкурсе";"2113313";"—"
"1177";"23";"—";"250000";"70 80 97";"3000";"Участвует в конкурсе";"1606139";"—"
"1178";"24";"Электронное";"250000";"90 80 72";"8000";"Участвует в конкурсе";"2344860";"—"
"1179";"15";"Электронное";"250000";"85 80 75";"10000";"Участвует в конкурсе";"1493633";"—"
"1181";"15";"—";"250000";"85 80 75";"10000";"Участвует в конкурсе";"1792239";"—"
"1182";"14";"—";"250000";"85 80 75";"10000";"Участвует в конкурсе";"1423613";"—"
"1183";"8";"—";"250000";"83 84 73";"10000";"Участвует в конкурсе";"1207623";"—"
"1184";"7";"Электронное";"250000";"83 82 75";"10000";"Участвует в конкурсе";"1971554";"—"
"1185";"8";"—";"250000";"83 82 75";"10000";"Участвует в конкурсе";"1435514";"—"
"1186";"2";"—";"250000";"83 76 81";"10000";"Участвует в конкурсе";"2164745";"—"
"1187";"20";"—";"250000";"83 76 81";"10000";"Участвует в конкурсе";"1784334";"—"
"1188";"3";"—";"250000";"83 76 81";"10000";"Участвует в конкурсе";"1692034";"—"
"1189";"1";"—";"250000";"80 94 66";"10000";"Участвует в конкурсе";"1638500";"—"
"1191";"3";"—";"250000";"75 74 91";"10000";"Участвует в конкурсе";"1480880";"—"
"1193";"10";"—";"250000";"64 82 94";"10000";"Участвует в конкурсе";"2365032";"—"
"1194";"4";"Электронное";"249000";"95 88 66";"—";"Участвует в конкурсе";"1690299";"—"
"1195";"6";"Электронное";"249000";"95 82 72";"—";"Участвует в конкурсе";"1210078";"—"
"1196";"7";"—";"249000";"90 98 61";"—";"Участвует в конкурсе";"2340607";"—"
"1197";"8";"Электронное";"249000";"90 84 75";"—";"Участвует в конкурсе";"2142489";"—"
"1199";"5";"—";"249000";"83 88 78";"—";"Участвует в конкурсе";"2336346";"—"
"1200";"7";"—";"249000";"83 80 86";"—";"Участвует в конкурсе";"1982816";"—"
"1201";"12";"Электронное";"249000";"78 90 81";"—";"Участвует в конкурсе";"2266856";"—"
"1202";"15";"Электронное";"249000";"78 88 83";"—";"Участвует в конкурсе";"1972188";"—"
"1203";"4";"—";"249000";"78 82 89";"—";"Участвует в конкурсе";"2177541";"—"
"1204";"10";"—";"249000";"88 84 75";"2000";"Участвует в конкурсе";"1648974";"—"
"1205";"23";"—";"249000";"93 80 73";"3000";"Участвует в конкурсе";"2333034";"—"
"1206";"24";"—";"249000";"90 90 66";"3000";"Участвует в конкурсе";"2054046";"—"
"1207";"17";"—";"249000";"90 86 70";"3000";"Участвует в конкурсе";"2268322";"—"
"1208";"5";"—";"249000";"85 78 83";"3000";"Участвует в конкурсе";"1266040";"—"
"1209";"12";"—";"249000";"83 90 73";"3000";"Участвует в конкурсе";"2087656";"—"
"1210";"12";"—";"249000";"83 82 81";"3000";"Участвует в конкурсе";"1839982";"—"
"1211";"4";"Электронное";"249000";"83 82 81";"3000";"Участвует в конкурсе";"2344200";"—"
"1212";"4";"—";"249000";"83 80 83";"3000";"Участвует в конкурсе";"1983286";"—"
"1213";"21";"—";"249000";"83 80 83";"3000";"Участвует в конкурсе";"1809720";"—"
"1214";"10";"—";"249000";"80 88 78";"3000";"Участвует в конкурсе";"1601341";"—"
"1215";"10";"—";"249000";"83 78 83";"5000";"Участвует в конкурсе";"2363046";"—"
"1216";"8";"—";"249000";"75 94 75";"5000";"Участвует в конкурсе";"2390551";"—"
"1217";"6";"—";"249000";"75 88 81";"5000";"Участвует в конкурсе";"1912982";"—"
"1218";"11";"—";"249000";"90 84 67";"8000";"Участвует в конкурсе";"1620557";"—"
"1219";"9";"—";"249000";"90 76 73";"10000";"Участвует в конкурсе";"1517581";"—"
"1220";"4";"Электронное";"249000";"85 84 70";"10000";"Участвует в конкурсе";"2422203";"—"
"1221";"14";"—";"249000";"85 76 78";"10000";"Участвует в конкурсе";"1426056";"—"
"1222";"8";"—";"249000";"83 84 72";"10000";"Участвует в конкурсе";"1717973";"—"
"1223";"2";"—";"249000";"83 78 78";"10000";"Участвует в конкурсе";"1415032";"—"
"1224";"5";"—";"249000";"80 84 75";"10000";"Участвует в конкурсе";"2054704";"—"
"1225";"6";"—";"249000";"80 78 81";"10000";"Участвует в конкурсе";"1759649";"—"
"1226";"22";"—";"249000";"80 78 81";"10000";"Участвует в конкурсе";"1570322";"—"
"1227";"4";"Электронное";"249000";"78 92 69";"10000";"Участвует в конкурсе";"1858405";"—"
"1228";"23";"—";"249000";"78 80 81";"10000";"Участвует в конкурсе";"1628229";"—"
"1229";"13";"Электронное";"249000";"78 78 83";"10000";"Участвует в конкурсе";"1578596";"—"
"1230";"18";"—";"249000";"75 78 86";"10000";"Участвует в конкурсе";"2138780";"—"
"1231";"16";"—";"249000";"72 86 81";"10000";"Участвует в конкурсе";"2366547";"—"
"1232";"19";"—";"249000";"64 86 89";"10000";"Участвует в конкурсе";"2217995";"—"
"1233";"12";"Электронное";"248000";"100 88 60";"—";"Участвует в конкурсе";"1281387";"—"
"1234";"4";"—";"248000";"90 92 66";"—";"Участвует в конкурсе";"1648776";"—"
"1235";"8";"—";"248000";"90 92 66";"—";"Участвует в конкурсе";"2133476";"—"
"1236";"18";"—";"248000";"90 80 78";"—";"Участвует в конкурсе";"1847634";"—"
"1237";"19";"—";"248000";"90 76 82";"—";"Участвует в конкурсе";"2417177";"—"
"1239";"10";"—";"248000";"85 90 73";"—";"Участвует в конкурсе";"2345621";"—"
"1240";"20";"—";"248000";"85 82 81";"—";"Участвует в конкурсе";"1176423";"—"
"1241";"10";"—";"248000";"85 82 81";"—";"Участвует в конкурсе";"1552807";"—"
"1242";"2";"—";"248000";"83 96 69";"—";"Участвует в конкурсе";"1277403";"—"
"1245";"16";"—";"248000";"83 82 83";"—";"Участвует в конкурсе";"1854981";"—"
"1246";"24";"Электронное";"248000";"80 96 72";"—";"Участвует в конкурсе";"1359499";"—"
"1247";"11";"—";"248000";"80 96 72";"—";"Участвует в конкурсе";"1492788";"—"
"1248";"2";"—";"248000";"78 84 86";"—";"Участвует в конкурсе";"1578125";"—"
"1249";"1";"Электронное";"248000";"78 84 86";"—";"Участвует в конкурсе";"2180512";"—"
"1250";"7";"—";"248000";"78 84 86";"—";"Участвует в конкурсе";"1909835";"—"
"1251";"15";"—";"248000";"85 80 81";"2000";"Участвует в конкурсе";"1678840";"—"
"1252";"21";"Электронное";"248000";"83 82 81";"2000";"Участвует в конкурсе";"1625123";"—"
"1253";"17";"Электронное";"248000";"90 82 73";"3000";"Участвует в конкурсе";"1391227";"—"
"1254";"3";"—";"248000";"88 84 73";"3000";"Участвует в конкурсе";"1199266";"—"
"1255";"7";"—";"248000";"88 84 73";"3000";"Участвует в конкурсе";"1699900";"—"
"1256";"10";"—";"248000";"85 90 70";"3000";"Участвует в конкурсе";"2141419";"—"
"1257";"19";"—";"248000";"85 82 78";"3000";"Участвует в конкурсе";"1344061";"—"
"1258";"19";"—";"248000";"85 82 78";"3000";"Участвует в конкурсе";"970676";"—"
"1260";"4";"Электронное";"248000";"80 74 91";"3000";"Участвует в конкурсе";"1892087";"—"
"1261";"1";"—";"248000";"78 92 75";"3000";"Участвует в конкурсе";"2041669";"—"
"1262";"27";"—";"248000";"78 78 89";"3000";"Участвует в конкурсе";"2266822";"—"
"1263";"9";"Электронное";"248000";"88 74 81";"5000";"Участвует в конкурсе";"1406790";"—"
"1265";"4";"—";"248000";"70 82 91";"5000";"Участвует в конкурсе";"2273286";"—"
"1266";"11";"Электронное";"248000";"85 86 70";"7000";"Участвует в конкурсе";"1798102";"—"
"1267";"10";"—";"248000";"88 86 64";"10000";"Участвует в конкурсе";"1207371";"—"
"1268";"28";"—";"248000";"88 84 66";"10000";"Участвует в конкурсе";"1185442";"—"
"1269";"9";"—";"248000";"85 84 69";"10000";"Участвует в конкурсе";"2344280";"—"
"1270";"12";"Электронное";"248000";"83 82 73";"10000";"Участвует в конкурсе";"1205722";"—"
"1271";"9";"—";"248000";"83 80 75";"10000";"Участвует в конкурсе";"2311688";"—"
"1272";"9";"Электронное";"248000";"83 74 81";"10000";"Участвует в конкурсе";"2315146";"—"
"1273";"10";"—";"248000";"80 80 78";"10000";"Участвует в конкурсе";"1725189";"—"
"1275";"11";"Электронное";"248000";"78 90 70";"10000";"Участвует в конкурсе";"1794189";"—"
"1276";"4";"—";"248000";"78 88 72";"10000";"Участвует в конкурсе";"1265582";"—"
"1277";"18";"Электронное";"248000";"75 82 81";"10000";"Участвует в конкурсе";"2288995";"—"
"1278";"13";"Электронное";"248000";"75 82 81";"10000";"Участвует в конкурсе";"2242471";"—"
"1279";"12";"—";"248000";"75 82 81";"10000";"Участвует в конкурсе";"2267345";"—"
"1280";"19";"Электронное";"248000";"75 72 91";"10000";"Участвует в конкурсе";"1260821";"—"
"1281";"9";"Электронное";"248000";"72 94 72";"10000";"Участвует в конкурсе";"1445600";"—"
"1282";"3";"—";"248000";"72 80 86";"10000";"Участвует в конкурсе";"2314837";"—"
"1284";"12";"—";"247000";"93 82 72";"—";"Участвует в конкурсе";"2243305";"—"
"1285";"15";"—";"247000";"90 84 73";"—";"Участвует в конкурсе";"2259446";"—"
"1286";"5";"—";"247000";"85 92 70";"—";"Участвует в конкурсе";"2225940";"—"
"1287";"17";"Электронное";"247000";"85 90 72";"—";"Участвует в конкурсе";"1067368";"—"
"1288";"6";"—";"247000";"85 84 78";"—";"Участвует в конкурсе";"1723307";"—"
"1289";"4";"—";"247000";"85 76 86";"—";"Участвует в конкурсе";"1996764";"—"
"1290";"16";"—";"247000";"83 95 69";"—";"Участвует в конкурсе";"1639079";"—"
"1291";"17";"—";"247000";"80 95 72";"—";"Участвует в конкурсе";"2425944";"—"
"1292";"8";"—";"247000";"80 92 75";"—";"Участвует в конкурсе";"1580904";"—"
"1293";"15";"Электронное";"247000";"80 86 81";"—";"Участвует в конкурсе";"2163021";"—"
"1295";"15";"—";"247000";"80 84 83";"—";"Участвует в конкурсе";"1910690";"—"
"1296";"20";"—";"247000";"78 86 83";"—";"Участвует в конкурсе";"2294219";"—"
"1297";"10";"—";"247000";"78 80 89";"—";"Участвует в конкурсе";"2345033";"—"
"1298";"4";"—";"247000";"78 78 91";"—";"Участвует в конкурсе";"2313102";"—"
"1299";"12";"—";"247000";"75 86 86";"—";"Участвует в конкурсе";"1289240";"—"
"1300";"4";"—";"247000";"75 78 94";"—";"Участвует в конкурсе";"1729897";"—"
"1301";"8";"—";"247000";"72 94 81";"—";"Участвует в конкурсе";"1154299";"—"
"1302";"11";"—";"247000";"72 92 83";"—";"Участвует в конкурсе";"1800977";"—"
"1304";"4";"Электронное";"247000";"93 82 69";"3000";"Участвует в конкурсе";"1357557";"—"
"1305";"23";"—";"247000";"85 84 75";"3000";"Участвует в конкурсе";"2219042";"—"
"1306";"10";"—";"247000";"83 94 67";"3000";"Участвует в конкурсе";"1770872";"—"
"1307";"15";"—";"247000";"83 88 73";"3000";"Участвует в конкурсе";"2159073";"—"
"1308";"7";"Электронное";"247000";"83 88 73";"3000";"Участвует в конкурсе";"992313";"—"
"1309";"29";"—";"247000";"80 86 78";"3000";"Участвует в конкурсе";"1291839";"—"
"1310";"6";"—";"247000";"78 88 78";"3000";"Участвует в конкурсе";"1443880";"—"
"1311";"5";"—";"247000";"78 80 86";"3000";"Участвует в конкурсе";"1984861";"—"
"1312";"9";"—";"247000";"75 88 81";"3000";"Участвует в конкурсе";"2246860";"—"
"1314";"19";"—";"247000";"90 80 73";"4000";"Участвует в конкурсе";"1366563";"—"
"1315";"9";"Электронное";"247000";"75 84 83";"5000";"Участвует в конкурсе";"2114839";"—"
"1316";"9";"Электронное";"247000";"83 88 69";"7000";"Участвует в конкурсе";"967014";"—"
"1317";"7";"—";"247000";"72 76 91";"8000";"Участвует в конкурсе";"1795815";"—"
"1320";"13";"—";"247000";"83 84 70";"10000";"Участвует в конкурсе";"2119723";"—"
"1321";"15";"—";"247000";"83 82 72";"10000";"Участвует в конкурсе";"1193404";"—"
"1322";"15";"—";"247000";"80 90 67";"10000";"Участвует в конкурсе";"1984010";"—"
"1323";"7";"Электронное";"247000";"80 82 75";"10000";"Участвует в конкурсе";"1899790";"—"
"1324";"18";"—";"247000";"80 82 75";"10000";"Участвует в конкурсе";"1548714";"—"
"1325";"6";"—";"247000";"80 76 81";"10000";"Участвует в конкурсе";"2227186";"—"
"1326";"11";"—";"247000";"80 76 81";"10000";"Участвует в конкурсе";"2367846";"—"
"1327";"8";"—";"247000";"78 84 75";"10000";"Участвует в конкурсе";"2030859";"—"
"1328";"17";"Электронное";"247000";"78 84 75";"10000";"Участвует в конкурсе";"2270992";"—"
"1330";"10";"Электронное";"247000";"72 74 91";"10000";"Участвует в конкурсе";"2246379";"—"
"1334";"5";"—";"246000";"88 88 70";"—";"Участвует в конкурсе";"1835919";"—"
"1336";"2";"—";"246000";"88 80 78";"—";"Участвует в конкурсе";"2056458";"—"
"1337";"18";"—";"246000";"86 88 72";"—";"Участвует в конкурсе";"1655141";"—"
"1338";"4";"Электронное";"246000";"85 95 66";"—";"Участвует в конкурсе";"1306570";"—"
"1339";"3";"—";"246000";"85 92 69";"—";"Участвует в конкурсе";"1194694";"—"
"1341";"3";"—";"246000";"85 86 75";"—";"Участвует в конкурсе";"2199809";"—"
"1342";"15";"—";"246000";"85 80 81";"—";"Участвует в конкурсе";"2367595";"—"
"1344";"15";"—";"246000";"83 90 73";"—";"Участвует в конкурсе";"1843695";"—"
"1345";"14";"—";"246000";"83 90 73";"—";"Участвует в конкурсе";"1199279";"—"
"1346";"21";"—";"246000";"83 78 85";"—";"Участвует в конкурсе";"2260405";"—"
"1348";"13";"—";"246000";"80 80 86";"—";"Участвует в конкурсе";"1979966";"—"
"1349";"14";"—";"246000";"80 80 86";"—";"Участвует в конкурсе";"2226823";"—"
"1350";"9";"—";"246000";"78 90 78";"—";"Участвует в конкурсе";"2259359";"—"
"1351";"21";"—";"246000";"75 90 81";"—";"Участвует в конкурсе";"1800703";"—"
"1352";"2";"—";"246000";"72 88 86";"—";"Участвует в конкурсе";"2112911";"—"
"1353";"8";"—";"246000";"70 90 86";"—";"Участвует в конкурсе";"1584077";"—"
"1354";"12";"—";"246000";"93 80 70";"3000";"Участвует в конкурсе";"1179895";"—"
"1355";"7";"—";"246000";"90 80 73";"3000";"Участвует в конкурсе";"2045213";"—"
"1356";"11";"—";"246000";"88 88 67";"3000";"Участвует в конкурсе";"1380007";"—"
"1357";"12";"—";"246000";"88 82 73";"3000";"Участвует в конкурсе";"1839893";"—"
"1358";"11";"—";"246000";"85 72 86";"3000";"Участвует в конкурсе";"2321755";"—"
"1359";"5";"—";"246000";"83 88 72";"3000";"Участвует в конкурсе";"1402960";"—"
"1360";"1";"—";"246000";"83 82 78";"3000";"Участвует в конкурсе";"1337033";"—"
"1361";"10";"—";"246000";"80 88 75";"3000";"Участвует в конкурсе";"1796106";"—"
"1362";"14";"Электронное";"246000";"80 80 83";"3000";"Участвует в конкурсе";"2244312";"—"
"1363";"6";"—";"246000";"75 95 73";"3000";"Участвует в конкурсе";"1359427";"—"
"1364";"26";"—";"246000";"75 82 86";"3000";"Участвует в конкурсе";"1254708";"—"
"1366";"7";"Электронное";"246000";"83 76 81";"6000";"Участвует в конкурсе";"1396911";"—"
"1367";"17";"Электронное";"246000";"80 74 86";"6000";"Участвует в конкурсе";"2215529";"—"
"1370";"21";"—";"246000";"83 84 69";"10000";"Участвует в конкурсе";"1365871";"—"
"1372";"5";"—";"246000";"80 86 70";"10000";"Участвует в конкурсе";"1841244";"—"
"1373";"4";"—";"246000";"80 78 78";"10000";"Участвует в конкурсе";"1279933";"—"
"1374";"12";"—";"246000";"78 80 78";"10000";"Участвует в конкурсе";"1958656";"—"
"1376";"27";"—";"246000";"78 80 78";"10000";"Участвует в конкурсе";"2360215";"—"
"1377";"11";"—";"246000";"75 86 75";"10000";"Участвует в конкурсе";"1852289";"—"
"1378";"14";"—";"246000";"72 78 86";"10000";"Участвует в конкурсе";"1712794";"—"
"1379";"10";"—";"246000";"64 86 86";"10000";"Участвует в конкурсе";"2257218";"—"
"1380";"4";"—";"246000";"64 86 86";"10000";"Участвует в конкурсе";"2133492";"—"
"1382";"4";"—";"245000";"88 96 61";"—";"Участвует в конкурсе";"1612581";"—"
"1383";"12";"—";"245000";"85 90 70";"—";"Участвует в конкурсе";"1330860";"—"
"1384";"2";"—";"245000";"85 82 78";"—";"Участвует в конкурсе";"1869836";"—"
"1385";"3";"Электронное";"245000";"80 92 73";"—";"Участвует в конкурсе";"1783503";"—"
"1386";"24";"Электронное";"245000";"80 82 83";"—";"Участвует в конкурсе";"1176861";"—"
"1387";"9";"—";"245000";"78 94 73";"—";"Участвует в конкурсе";"1796506";"—"
"1388";"20";"—";"245000";"78 84 83";"—";"Участвует в конкурсе";"1435716";"—"
"1389";"9";"—";"245000";"72 86 87";"—";"Участвует в конкурсе";"1039845";"—"
"1390";"23";"Электронное";"245000";"72 84 89";"—";"Участвует в конкурсе";"1727596";"—"
"1391";"2";"—";"245000";"70 94 81";"—";"Участвует в конкурсе";"2213614";"—"
"1392";"9";"—";"245000";"70 84 91";"—";"Участвует в конкурсе";"2222986";"—"
"1393";"17";"—";"245000";"80 80 83";"2000";"Участвует в конкурсе";"1353402";"—"
"1396";"9";"Электронное";"245000";"72 94 73";"6000";"Участвует в конкурсе";"985194";"—"
"1397";"10";"—";"245000";"90 72 73";"10000";"Участвует в конкурсе";"1042807";"—"
"1398";"7";"—";"245000";"88 78 69";"10000";"Участвует в конкурсе";"1284721";"—"
"1399";"12";"—";"245000";"88 78 69";"10000";"Участвует в конкурсе";"2171154";"—"
"1400";"2";"—";"245000";"88 72 75";"10000";"Участвует в конкурсе";"1844558";"—"
"1401";"8";"—";"245000";"85 80 70";"10000";"Участвует в конкурсе";"2251976";"—"
"1402";"13";"—";"245000";"83 80 72";"10000";"Участвует в конкурсе";"2248470";"—"
"1403";"16";"—";"245000";"80 86 69";"10000";"Участвует в конкурсе";"984674";"—"
"1404";"17";"Электронное";"245000";"80 74 81";"10000";"Участвует в конкурсе";"1363329";"—"
"1405";"12";"—";"245000";"78 84 73";"10000";"Участвует в конкурсе";"1946698";"—"
"1407";"6";"—";"245000";"78 76 81";"10000";"Участвует в конкурсе";"1415756";"—"
"1408";"23";"—";"245000";"72 88 75";"10000";"Участвует в конкурсе";"1422159";"—"
"1410";"14";"—";"245000";"70 84 81";"10000";"Участвует в конкурсе";"2340151";"—"
"1411";"8";"Электронное";"245000";"70 82 83";"10000";"Участвует в конкурсе";"1794831";"—"
"1412";"4";"—";"245000";"70 82 83";"10000";"Участвует в конкурсе";"2211310";"—"
"1413";"8";"—";"245000";"67 82 86";"10000";"Участвует в конкурсе";"1365779";"—"
"1414";"15";"—";"244000";"90 84 70";"—";"Участвует в конкурсе";"2272296";"—"
"1415";"8";"—";"244000";"85 90 69";"—";"Участвует в конкурсе";"1519689";"—"
"1416";"9";"—";"244000";"85 90 69";"—";"Участвует в конкурсе";"2331907";"—"
"1417";"5";"—";"244000";"85 86 73";"—";"Участвует в конкурсе";"1845050";"—"
"1418";"7";"Электронное";"244000";"85 84 75";"—";"Участвует в конкурсе";"2000341";"—"
"1419";"6";"—";"244000";"83 86 75";"—";"Участвует в конкурсе";"2242676";"—"
"1420";"1";"—";"244000";"83 80 81";"—";"Участвует в конкурсе";"1939015";"—"
"1423";"14";"—";"244000";"75 78 91";"—";"Участвует в конкурсе";"2175374";"—"
"1424";"7";"Электронное";"244000";"83 86 73";"2000";"Участвует в конкурсе";"1526408";"—"
"1425";"2";"—";"244000";"85 86 70";"3000";"Участвует в конкурсе";"1432660";"—"
"1426";"13";"—";"244000";"85 84 72";"3000";"Участвует в конкурсе";"1518122";"—"
"1427";"8";"—";"244000";"85 84 72";"3000";"Участвует в конкурсе";"1504212";"—"
"1428";"13";"Электронное";"244000";"78 88 75";"3000";"Участвует в конкурсе";"1463817";"—"
"1429";"12";"—";"244000";"75 80 86";"3000";"Участвует в конкурсе";"2333995";"—"
"1430";"16";"—";"244000";"72 97 72";"3000";"Участвует в конкурсе";"1912445";"—"
"1431";"9";"—";"244000";"59 94 83";"8000";"Участвует в конкурсе";"2245359";"—"
"1432";"12";"—";"244000";"88 80 66";"10000";"Участвует в конкурсе";"1185449";"—"
"1433";"1";"Электронное";"244000";"88 76 70";"10000";"Участвует в конкурсе";"1198681";"—"
"1434";"1";"—";"244000";"80 82 72";"10000";"Участвует в конкурсе";"2314822";"—"
"1435";"11";"Электронное";"244000";"80 76 78";"10000";"Участвует в конкурсе";"1655150";"—"
"1436";"17";"—";"244000";"80 76 78";"10000";"Участвует в конкурсе";"1653127";"—"
"1437";"11";"—";"244000";"80 76 78";"10000";"Участвует в конкурсе";"2425016";"—"
"1438";"13";"—";"244000";"78 78 78";"10000";"Участвует в конкурсе";"2039655";"—"
"1439";"15";"—";"244000";"75 84 75";"10000";"Участвует в конкурсе";"1118141";"—"
"1440";"3";"—";"244000";"75 84 75";"10000";"Участвует в конкурсе";"2234179";"—"
"1441";"5";"Электронное";"244000";"75 78 81";"10000";"Участвует в конкурсе";"1016275";"—"
"1442";"13";"—";"244000";"72 84 78";"10000";"Участвует в конкурсе";"1754079";"—"
"1443";"4";"—";"244000";"70 86 78";"10000";"Участвует в конкурсе";"1253985";"—"
"1444";"21";"—";"243000";"90 84 69";"—";"Участвует в конкурсе";"1576148";"—"
"1445";"28";"—";"243000";"88 86 69";"—";"Участвует в конкурсе";"2315529";"—"
"1446";"19";"—";"243000";"88 80 75";"—";"Участвует в конкурсе";"1250030";"—"
"1448";"18";"Электронное";"243000";"85 95 63";"—";"Участвует в конкурсе";"2005858";"—"
"1449";"4";"Электронное";"243000";"85 88 70";"—";"Участвует в конкурсе";"1702168";"—"
"1450";"13";"—";"243000";"85 82 76";"—";"Участвует в конкурсе";"2212560";"—"
"1451";"11";"—";"243000";"85 80 78";"—";"Участвует в конкурсе";"2260738";"—"
"1452";"8";"—";"243000";"83 88 72";"—";"Участвует в конкурсе";"2004535";"—"
"1453";"10";"—";"243000";"83 82 78";"—";"Участвует в конкурсе";"2267842";"—"
"1454";"14";"—";"243000";"83 82 78";"—";"Участвует в конкурсе";"2315630";"—"
"1455";"10";"—";"243000";"80 99 64";"—";"Участвует в конкурсе";"2270264";"—"
"1456";"9";"—";"243000";"80 88 75";"—";"Участвует в конкурсе";"1719951";"—"
"1457";"16";"—";"243000";"78 92 73";"—";"Участвует в конкурсе";"1355139";"—"
"1458";"16";"—";"243000";"78 90 75";"—";"Участвует в конкурсе";"2050573";"—"
"1459";"2";"—";"243000";"78 84 81";"—";"Участвует в конкурсе";"1406264";"—"
"1461";"17";"—";"243000";"78 82 83";"—";"Участвует в конкурсе";"2340863";"—"
"1462";"1";"—";"243000";"83 86 72";"2000";"Участвует в конкурсе";"1932935";"—"
"1463";"21";"—";"243000";"90 80 70";"3000";"Участвует в конкурсе";"1392643";"—"
"1464";"4";"—";"243000";"85 88 67";"3000";"Участвует в конкурсе";"2224036";"—"
"1465";"5";"—";"243000";"85 82 73";"3000";"Участвует в конкурсе";"2312775";"—"
"1466";"12";"—";"243000";"83 74 83";"3000";"Участвует в конкурсе";"2134878";"—"
"1467";"7";"—";"243000";"75 84 81";"3000";"Участвует в конкурсе";"2315528";"—"
"1468";"10";"Электронное";"243000";"88 78 72";"5000";"Участвует в конкурсе";"1445514";"—"
"1469";"21";"—";"243000";"78 88 72";"5000";"Участвует в конкурсе";"2157837";"—"
"1471";"20";"—";"243000";"80 80 73";"10000";"Участвует в конкурсе";"1252354";"—"
"1472";"8";"—";"243000";"80 80 73";"10000";"Участвует в конкурсе";"2134095";"—"
"1473";"15";"—";"243000";"80 78 75";"10000";"Участвует в конкурсе";"1793889";"—"
"1474";"19";"—";"243000";"78 80 75";"10000";"Участвует в конкурсе";"1577866";"—"
"1475";"11";"—";"243000";"78 74 81";"10000";"Участвует в конкурсе";"2097816";"—"
"1476";"6";"—";"243000";"75 88 70";"10000";"Участвует в конкурсе";"1571041";"—"
"1477";"18";"—";"243000";"75 80 78";"10000";"Участвует в конкурсе";"1379850";"—"
"1478";"16";"—";"243000";"75 80 78";"10000";"Участвует в конкурсе";"2254549";"—"
"1479";"3";"—";"243000";"72 80 81";"10000";"Участвует в конкурсе";"1176594";"—"
"1480";"11";"Электронное";"243000";"70 88 75";"10000";"Участвует в конкурсе";"1358541";"—"
"1481";"3";"—";"243000";"67 80 86";"10000";"Участвует в конкурсе";"1076126";"—"
"1482";"23";"—";"242000";"93 80 69";"—";"Участвует в конкурсе";"2201796";"—"
"1483";"4";"—";"242000";"90 82 70";"—";"Участвует в конкурсе";"1717221";"—"
"1485";"18";"—";"242000";"85 82 75";"—";"Участвует в конкурсе";"2136696";"—"
"1486";"5";"Электронное";"242000";"85 82 75";"—";"Участвует в конкурсе";"2245161";"—"
"1487";"9";"—";"242000";"85 82 75";"—";"Участвует в конкурсе";"2349227";"—"
"1489";"4";"—";"242000";"85 72 85";"—";"Участвует в конкурсе";"2256537";"—"
"1490";"14";"—";"242000";"83 84 75";"—";"Участвует в конкурсе";"2342730";"—"
"1491";"4";"Электронное";"242000";"83 78 81";"—";"Участвует в конкурсе";"2136579";"—"
"1492";"9";"Электронное";"242000";"83 78 81";"—";"Участвует в конкурсе";"1346095";"—"
"1493";"8";"—";"242000";"83 78 81";"—";"Участвует в конкурсе";"1964685";"—"
"1494";"13";"—";"242000";"83 78 81";"—";"Участвует в конкурсе";"1504789";"—"
"1495";"11";"—";"242000";"80 90 72";"—";"Участвует в конкурсе";"2313219";"—"
"1496";"7";"—";"242000";"78 92 72";"—";"Участвует в конкурсе";"2253690";"—"
"1497";"11";"—";"242000";"75 100 67";"—";"Участвует в конкурсе";"2217574";"—"
"1501";"9";"—";"242000";"85 82 73";"2000";"Участвует в конкурсе";"2121041";"—"
"1502";"2";"—";"242000";"78 84 78";"2000";"Участвует в конкурсе";"2263084";"—"
"1503";"9";"—";"242000";"88 78 73";"3000";"Участвует в конкурсе";"1982480";"—"
"1504";"8";"—";"242000";"83 78 78";"3000";"Участвует в конкурсе";"1586842";"—"
"1505";"28";"—";"242000";"88 82 67";"5000";"Участвует в конкурсе";"2096871";"—"
"1506";"13";"—";"242000";"78 86 73";"5000";"Участвует в конкурсе";"1565317";"—"
"1507";"2";"—";"242000";"75 84 78";"5000";"Участвует в конкурсе";"2313469";"—"
"1508";"14";"—";"242000";"83 76 73";"10000";"Участвует в конкурсе";"2393331";"—"
"1509";"10";"—";"242000";"83 74 75";"10000";"Участвует в конкурсе";"1290470";"—"
"1510";"18";"—";"242000";"80 80 72";"10000";"Участвует в конкурсе";"1827751";"—"
"1511";"10";"—";"242000";"80 80 72";"10000";"Участвует в конкурсе";"2254091";"—"
"1513";"5";"—";"242000";"75 84 73";"10000";"Участвует в конкурсе";"1364459";"—"
"1514";"6";"—";"242000";"72 82 78";"10000";"Участвует в конкурсе";"1191704";"—"
"1515";"5";"Электронное";"242000";"67 90 75";"10000";"Участвует в конкурсе";"1855553";"—"
"1517";"3";"—";"242000";"59 84 89";"10000";"Участвует в конкурсе";"1579036";"—"
"1518";"5";"—";"241000";"90 82 69";"—";"Участвует в конкурсе";"2056207";"—"
"1519";"6";"—";"241000";"88 84 69";"—";"Участвует в конкурсе";"1436804";"—"
"1520";"6";"—";"241000";"83 88 70";"—";"Участвует в конкурсе";"1584681";"—"
"1522";"8";"—";"241000";"80 88 73";"—";"Участвует в конкурсе";"1961551";"—"
"1523";"2";"—";"241000";"80 80 81";"—";"Участвует в конкурсе";"1846636";"—"
"1524";"7";"—";"241000";"78 88 75";"—";"Участвует в конкурсе";"2247144";"—"
"1525";"17";"—";"241000";"72 88 81";"—";"Участвует в конкурсе";"2133957";"—"
"1526";"10";"Электронное";"241000";"88 78 72";"3000";"Участвует в конкурсе";"1239139";"—"
"1527";"5";"—";"241000";"85 86 67";"3000";"Участвует в конкурсе";"1522989";"—"
"1528";"18";"—";"241000";"85 78 75";"3000";"Участвует в конкурсе";"1290046";"—"
"1529";"19";"—";"241000";"83 74 81";"3000";"Участвует в конкурсе";"1545399";"—"
"1530";"8";"Электронное";"241000";"83 74 81";"3000";"Участвует в конкурсе";"1724191";"—"
"1531";"8";"—";"241000";"80 94 64";"3000";"Участвует в конкурсе";"2040343";"—"
"1532";"12";"—";"241000";"80 80 78";"3000";"Участвует в конкурсе";"1716361";"—"
"1533";"5";"—";"241000";"78 94 66";"3000";"Участвует в конкурсе";"1606181";"—"
"1535";"18";"—";"241000";"85 78 70";"8000";"Участвует в конкурсе";"1519144";"—"
"1536";"19";"—";"241000";"83 76 72";"10000";"Участвует в конкурсе";"2303911";"—"
"1537";"2";"—";"241000";"78 72 81";"10000";"Участвует в конкурсе";"1341186";"—"
"1538";"3";"—";"241000";"78 72 81";"10000";"Участвует в конкурсе";"2344265";"—"
"1539";"5";"—";"241000";"75 78 78";"10000";"Участвует в конкурсе";"2183312";"—"
"1540";"9";"—";"241000";"75 78 78";"10000";"Участвует в конкурсе";"2272351";"—"
"1541";"5";"—";"241000";"72 70 89";"10000";"Участвует в конкурсе";"2250517";"—"
"1542";"17";"—";"241000";"70 70 91";"10000";"Участвует в конкурсе";"2273021";"—"
"1543";"2";"—";"240000";"90 80 70";"—";"Участвует в конкурсе";"1958664";"—"
"1544";"7";"—";"240000";"88 80 72";"—";"Участвует в конкурсе";"2392419";"—"
"1545";"12";"—";"240000";"85 86 69";"—";"Участвует в конкурсе";"1716992";"—"
"1546";"13";"Электронное";"240000";"83 74 83";"—";"Участвует в конкурсе";"2066987";"—"
"1548";"1";"—";"240000";"78 84 78";"—";"Участвует в конкурсе";"1644047";"—"
"1550";"5";"—";"240000";"78 76 86";"—";"Участвует в конкурсе";"2021568";"—"
"1551";"27";"—";"240000";"64 90 86";"—";"Участвует в конкурсе";"1208017";"—"
"1552";"8";"—";"240000";"64 82 94";"—";"Участвует в конкурсе";"1363112";"—"
"1553";"15";"—";"240000";"83 82 73";"2000";"Участвует в конкурсе";"1209652";"—"
"1554";"7";"—";"240000";"75 74 89";"2000";"Участвует в конкурсе";"1243809";"—"
"1555";"8";"—";"240000";"93 78 66";"3000";"Участвует в конкурсе";"1264209";"—"
"1556";"13";"—";"240000";"90 80 67";"3000";"Участвует в конкурсе";"2049511";"—"
"1558";"7";"—";"240000";"72 84 81";"3000";"Участвует в конкурсе";"2005413";"—"
"1559";"21";"Электронное";"240000";"67 97 73";"3000";"Участвует в конкурсе";"2071585";"—"
"1560";"8";"—";"240000";"80 84 72";"4000";"Участвует в конкурсе";"2140645";"—"
"1561";"6";"—";"240000";"83 84 67";"6000";"Участвует в конкурсе";"1420640";"—"
"1562";"6";"—";"240000";"88 70 72";"10000";"Участвует в конкурсе";"1204788";"—"
"1563";"27";"Электронное";"240000";"83 86 61";"10000";"Участвует в конкурсе";"2258593";"—"
"1564";"17";"—";"240000";"75 72 83";"10000";"Участвует в конкурсе";"1858730";"—"
"1565";"7";"—";"240000";"62 82 86";"10000";"Участвует в конкурсе";"1621925";"—"
"1566";"16";"—";"240000";"59 82 89";"10000";"Участвует в конкурсе";"1329700";"—"
"1567";"13";"—";"239000";"90 80 69";"—";"Участвует в конкурсе";"2243345";"—"
"1568";"11";"—";"239000";"90 80 69";"—";"Участвует в конкурсе";"1731435";"—"
"1569";"5";"—";"239000";"90 80 69";"—";"Участвует в конкурсе";"2405665";"—"
"1570";"8";"Электронное";"239000";"88 82 69";"—";"Участвует в конкурсе";"1502615";"—"
"1571";"4";"—";"239000";"88 76 75";"—";"Участвует в конкурсе";"972790";"—"
"1572";"25";"—";"239000";"85 82 72";"—";"Участвует в конкурсе";"2369093";"—"
"1573";"7";"—";"239000";"83 90 66";"—";"Участвует в конкурсе";"2168337";"—"
"1574";"19";"—";"239000";"83 84 72";"—";"Участвует в конкурсе";"2055158";"—"
"1575";"21";"—";"239000";"80 95 64";"—";"Участвует в конкурсе";"1561283";"—"
"1576";"4";"Электронное";"239000";"80 78 81";"—";"Участвует в конкурсе";"1179284";"—"
"1577";"10";"—";"239000";"80 76 83";"—";"Участвует в конкурсе";"2262539";"—"
"1578";"21";"—";"239000";"78 86 75";"—";"Участвует в конкурсе";"1791041";"—"
"1580";"19";"—";"239000";"78 64 97";"—";"Участвует в конкурсе";"2173682";"—"
"1581";"7";"—";"239000";"75 86 78";"—";"Участвует в конкурсе";"1355963";"—"
"1582";"5";"—";"239000";"75 82 81";"1000";"Участвует в конкурсе";"1692665";"—"
"1583";"10";"—";"239000";"80 88 69";"2000";"Участвует в конкурсе";"1912700";"—"
"1584";"12";"—";"239000";"72 82 83";"2000";"Участвует в конкурсе";"2200604";"—"
"1585";"19";"Электронное";"239000";"90 74 72";"3000";"Участвует в конкурсе";"1365302";"—"
"1586";"27";"—";"239000";"85 82 69";"3000";"Участвует в конкурсе";"2313434";"—"
"1587";"19";"—";"239000";"83 86 67";"3000";"Участвует в конкурсе";"2185184";"—"
"1588";"13";"—";"239000";"78 80 78";"3000";"Участвует в конкурсе";"2087717";"—"
"1589";"8";"—";"239000";"75 80 81";"3000";"Участвует в конкурсе";"1683188";"—"
"1590";"11";"—";"239000";"70 80 86";"3000";"Участвует в конкурсе";"1196318";"—"
"1591";"14";"Электронное";"239000";"64 82 89";"4000";"Участвует в конкурсе";"2225064";"—"
"1592";"11";"—";"239000";"83 78 73";"5000";"Участвует в конкурсе";"1248615";"—"
"1593";"18";"—";"239000";"83 82 67";"7000";"Участвует в конкурсе";"958562";"—"
"1594";"4";"—";"239000";"83 80 69";"7000";"Участвует в конкурсе";"1214968";"—"
"1595";"10";"—";"239000";"64 100 67";"8000";"Участвует в конкурсе";"1077659";"—"
"1596";"9";"—";"239000";"83 76 70";"10000";"Участвует в конкурсе";"1416434";"—"
"1598";"9";"Электронное";"239000";"80 74 75";"10000";"Участвует в конкурсе";"2340361";"—"
"1599";"26";"—";"239000";"78 78 73";"10000";"Участвует в конкурсе";"1593288";"—"
"1600";"11";"Электронное";"239000";"75 84 70";"10000";"Участвует в конкурсе";"1730215";"—"
"1601";"2";"—";"239000";"75 82 72";"10000";"Участвует в конкурсе";"1912646";"—"
"1602";"11";"—";"239000";"75 76 78";"10000";"Участвует в конкурсе";"2304957";"—"
"1603";"18";"Электронное";"239000";"72 82 75";"10000";"Участвует в конкурсе";"2221965";"—"
"1604";"8";"—";"239000";"70 76 83";"10000";"Участвует в конкурсе";"1209621";"—"
"1605";"13";"—";"239000";"67 76 86";"10000";"Участвует в конкурсе";"2232806";"—"
"1606";"6";"—";"239000";"64 90 75";"10000";"Участвует в конкурсе";"2249990";"—"
"1607";"12";"—";"239000";"64 74 91";"10000";"Участвует в конкурсе";"1355588";"—"
"1608";"11";"—";"238000";"90 84 64";"—";"Участвует в конкурсе";"2339399";"—"
"1609";"6";"—";"238000";"88 84 66";"—";"Участвует в конкурсе";"1401356";"—"
"1610";"7";"Электронное";"238000";"88 84 66";"—";"Участвует в конкурсе";"2312139";"—"
"1611";"16";"—";"238000";"85 80 73";"—";"Участвует в конкурсе";"986183";"—"
"1612";"13";"Электронное";"238000";"83 80 75";"—";"Участвует в конкурсе";"1406403";"—"
"1613";"10";"—";"238000";"83 80 75";"—";"Участвует в конкурсе";"2154191";"—"
"1615";"16";"—";"238000";"80 80 78";"—";"Участвует в конкурсе";"1826645";"—"
"1616";"19";"—";"238000";"78 88 72";"—";"Участвует в конкурсе";"2423575";"—"
"1617";"8";"Электронное";"238000";"78 82 78";"—";"Участвует в конкурсе";"1911965";"—"
"1619";"12";"—";"238000";"78 74 86";"—";"Участвует в конкурсе";"1644082";"—"
"1620";"3";"—";"238000";"75 88 75";"—";"Участвует в конкурсе";"2403338";"—"
"1621";"2";"Электронное";"238000";"75 82 81";"—";"Участвует в конкурсе";"2253678";"—"
"1622";"15";"—";"238000";"72 88 78";"—";"Участвует в конкурсе";"1061593";"—"
"1626";"4";"—";"238000";"80 72 83";"3000";"Участвует в конкурсе";"2015603";"—"
"1627";"10";"—";"238000";"78 76 81";"3000";"Участвует в конкурсе";"1961364";"—"
"1628";"1";"—";"238000";"70 84 81";"3000";"Участвует в конкурсе";"1998290";"—"
"1629";"23";"—";"238000";"83 78 72";"5000";"Участвует в конкурсе";"1121254";"—"
"1631";"17";"—";"238000";"80 78 70";"10000";"Участвует в конкурсе";"1209256";"—"
"1632";"10";"—";"238000";"75 78 75";"10000";"Участвует в конкурсе";"1706403";"—"
"1634";"1";"Электронное";"238000";"70 80 78";"10000";"Участвует в конкурсе";"1477925";"—"
"1635";"9";"Электронное";"238000";"70 80 78";"10000";"Участвует в конкурсе";"2364660";"—"
"1636";"8";"—";"238000";"67 86 75";"10000";"Участвует в конкурсе";"1514330";"—"
"1637";"21";"—";"238000";"67 70 91";"10000";"Участвует в конкурсе";"2230298";"—"
"1638";"11";"—";"237000";"93 78 66";"—";"Участвует в конкурсе";"1339553";"—"
"1639";"19";"—";"237000";"88 88 61";"—";"Участвует в конкурсе";"1747799";"—"
"1640";"5";"—";"237000";"88 80 69";"—";"Участвует в конкурсе";"2250993";"—"
"1641";"10";"—";"237000";"83 88 66";"—";"Участвует в конкурсе";"1507154";"—"
"1642";"7";"—";"237000";"83 84 70";"—";"Участвует в конкурсе";"1996013";"—"
"1643";"17";"—";"237000";"83 82 72";"—";"Участвует в конкурсе";"2199351";"—"
"1644";"24";"—";"237000";"83 76 78";"—";"Участвует в конкурсе";"1913033";"—"
"1645";"4";"Электронное";"237000";"80 84 73";"—";"Участвует в конкурсе";"1682412";"—"
"1646";"17";"—";"237000";"80 76 81";"—";"Участвует в конкурсе";"1907156";"—"
"1647";"4";"—";"237000";"78 84 75";"—";"Участвует в конкурсе";"2289727";"—"
"1648";"9";"—";"237000";"80 80 75";"2000";"Участвует в конкурсе";"1909043";"—"
"1649";"12";"—";"237000";"88 80 66";"3000";"Участвует в конкурсе";"1426400";"—"
"1650";"19";"—";"237000";"83 78 73";"3000";"Участвует в конкурсе";"1396859";"—"
"1651";"3";"—";"237000";"83 78 73";"3000";"Участвует в конкурсе";"2403238";"—"
"1652";"15";"—";"237000";"83 76 75";"3000";"Участвует в конкурсе";"1540515";"—"
"1653";"15";"—";"237000";"80 82 72";"3000";"Участвует в конкурсе";"1330985";"—"
"1655";"6";"—";"237000";"85 92 55";"5000";"Участвует в конкурсе";"1320702";"—"
"1657";"3";"—";"237000";"85 76 66";"10000";"Участвует в конкурсе";"2134574";"—"
"1658";"20";"—";"237000";"70 74 83";"10000";"Участвует в конкурсе";"1988237";"—"
"1659";"20";"—";"236000";"93 88 55";"—";"Участвует в конкурсе";"1906103";"—"
"1660";"20";"—";"236000";"85 82 69";"—";"Участвует в конкурсе";"2038226";"—"
"1661";"10";"—";"236000";"85 78 73";"—";"Участвует в конкурсе";"2346140";"—"
"1662";"19";"—";"236000";"85 76 75";"—";"Участвует в конкурсе";"1209249";"—"
"1663";"15";"—";"236000";"83 86 67";"—";"Участвует в конкурсе";"2207268";"—"
"1664";"17";"—";"236000";"83 80 73";"—";"Участвует в конкурсе";"1517242";"—"
"1665";"11";"—";"236000";"83 78 75";"—";"Участвует в конкурсе";"2389135";"—"
"1666";"18";"—";"236000";"83 72 81";"—";"Участвует в конкурсе";"1620755";"—"
"1669";"15";"—";"236000";"80 78 78";"—";"Участвует в конкурсе";"2271871";"—"
"1670";"9";"Электронное";"236000";"75 80 81";"—";"Участвует в конкурсе";"965930";"—"
"1671";"5";"Электронное";"236000";"75 80 81";"—";"Участвует в конкурсе";"1304995";"—"
"1672";"17";"—";"236000";"75 78 83";"—";"Участвует в конкурсе";"2312375";"—"
"1673";"2";"Электронное";"236000";"72 86 78";"—";"Участвует в конкурсе";"1482075";"—"
"1674";"5";"—";"236000";"67 86 83";"—";"Участвует в конкурсе";"1669651";"—"
"1675";"13";"—";"236000";"67 86 83";"—";"Участвует в конкурсе";"2003167";"—"
"1676";"14";"Электронное";"236000";"62 80 94";"—";"Участвует в конкурсе";"2266108";"—"
"1677";"17";"—";"236000";"80 76 78";"2000";"Участвует в конкурсе";"1962801";"—"
"1678";"8";"Электронное";"236000";"88 78 67";"3000";"Участвует в конкурсе";"2099062";"—"
"1679";"8";"—";"236000";"85 84 64";"3000";"Участвует в конкурсе";"1287679";"—"
"1680";"11";"—";"236000";"80 72 81";"3000";"Участвует в конкурсе";"1984702";"—"
"1681";"2";"—";"236000";"78 80 75";"3000";"Участвует в конкурсе";"1349674";"—"
"1682";"13";"—";"236000";"72 80 81";"3000";"Участвует в конкурсе";"1626028";"—"
"1683";"9";"—";"236000";"72 78 83";"3000";"Участвует в конкурсе";"1424077";"—"
"1685";"11";"Электронное";"236000";"78 72 78";"8000";"Участвует в конкурсе";"2306828";"—"
"1686";"12";"Электронное";"236000";"80 82 64";"10000";"Участвует в конкурсе";"1635506";"—"
"1687";"14";"Электронное";"236000";"80 76 70";"10000";"Участвует в конкурсе";"1553644";"—"
"1688";"16";"—";"236000";"80 76 70";"10000";"Участвует в конкурсе";"2403195";"—"
"1689";"11";"—";"236000";"78 76 72";"10000";"Участвует в конкурсе";"2339492";"—"
"1690";"16";"—";"236000";"78 76 72";"10000";"Участвует в конкурсе";"1950529";"—"
"1691";"23";"—";"236000";"75 78 73";"10000";"Участвует в конкурсе";"2316371";"—"
"1692";"10";"Электронное";"235000";"90 84 61";"—";"Участвует в конкурсе";"1215372";"—"
"1694";"19";"—";"235000";"85 86 64";"—";"Участвует в конкурсе";"1339109";"—"
"1695";"16";"—";"235000";"83 74 78";"—";"Участвует в конкурсе";"1959949";"—"
"1696";"11";"—";"235000";"80 86 69";"—";"Участвует в конкурсе";"1913939";"—"
"1698";"7";"Электронное";"235000";"80 82 73";"—";"Участвует в конкурсе";"2240697";"—"
"1699";"27";"—";"235000";"78 82 75";"—";"Участвует в конкурсе";"1999167";"—"
"1700";"21";"Электронное";"235000";"78 82 75";"—";"Участвует в конкурсе";"2003542";"—"
"1701";"6";"Электронное";"235000";"78 82 75";"—";"Участвует в конкурсе";"1365911";"—"
"1702";"11";"—";"235000";"78 82 75";"—";"Участвует в конкурсе";"1908795";"—"
"1703";"1";"—";"235000";"78 74 83";"—";"Участвует в конкурсе";"1400556";"—"
"1704";"20";"—";"235000";"75 74 86";"—";"Участвует в конкурсе";"2234418";"—"
"1705";"19";"—";"235000";"70 84 81";"—";"Участвует в конкурсе";"2301638";"—"
"1706";"13";"—";"235000";"70 76 89";"—";"Участвует в конкурсе";"1285029";"—"
"1708";"3";"—";"235000";"83 72 78";"2000";"Участвует в конкурсе";"1909159";"—"
"1709";"14";"Электронное";"235000";"80 84 69";"2000";"Участвует в конкурсе";"959429";"—"
"1710";"12";"—";"235000";"85 80 67";"3000";"Участвует в конкурсе";"1066897";"—"
"1711";"5";"—";"235000";"85 78 69";"3000";"Участвует в конкурсе";"1446291";"—"
"1712";"4";"—";"235000";"83 80 69";"3000";"Участвует в конкурсе";"1097263";"—"
"1713";"23";"—";"235000";"83 80 69";"3000";"Участвует в конкурсе";"2344939";"—"
"1714";"14";"—";"235000";"83 76 73";"3000";"Участвует в конкурсе";"2234846";"—"
"1715";"3";"Электронное";"235000";"83 74 75";"3000";"Участвует в конкурсе";"1652848";"—"
"1716";"2";"Электронное";"235000";"80 82 70";"3000";"Участвует в конкурсе";"1577144";"—"
"1717";"5";"—";"235000";"80 80 72";"3000";"Участвует в конкурсе";"2204801";"—"
"1718";"15";"—";"235000";"75 84 73";"3000";"Участвует в конкурсе";"1785140";"—"
"1719";"15";"Электронное";"235000";"75 84 73";"3000";"Участвует в конкурсе";"1610774";"—"
"1720";"17";"Электронное";"235000";"75 76 81";"3000";"Участвует в конкурсе";"1774510";"—"
"1721";"10";"—";"235000";"85 82 63";"5000";"Участвует в конкурсе";"1134387";"—"
"1722";"8";"—";"235000";"72 92 66";"5000";"Участвует в конкурсе";"1842322";"—"
"1723";"17";"Электронное";"235000";"72 82 75";"6000";"Участвует в конкурсе";"1176687";"—"
"1724";"17";"—";"235000";"85 70 70";"10000";"Участвует в конкурсе";"1547609";"—"
"1725";"11";"—";"235000";"78 72 75";"10000";"Участвует в конкурсе";"2303044";"—"
"1726";"5";"—";"234000";"83 82 69";"—";"Участвует в конкурсе";"2178817";"—"
"1727";"8";"—";"234000";"83 78 73";"—";"Участвует в конкурсе";"1938352";"—"
"1728";"10";"—";"234000";"83 76 75";"—";"Участвует в конкурсе";"1989058";"—"
"1729";"7";"—";"234000";"80 84 70";"—";"Участвует в конкурсе";"2093142";"—"
"1730";"7";"—";"234000";"80 76 78";"—";"Участвует в конкурсе";"1515098";"—"
"1731";"3";"—";"234000";"78 86 70";"—";"Участвует в конкурсе";"2053394";"—"
"1732";"16";"—";"234000";"72 96 66";"—";"Участвует в конкурсе";"1915876";"—"
"1733";"13";"—";"234000";"59 94 81";"—";"Участвует в конкурсе";"2252895";"—"
"1734";"19";"—";"234000";"80 80 72";"2000";"Участвует в конкурсе";"2002578";"—"
"1735";"11";"—";"234000";"75 74 83";"2000";"Участвует в конкурсе";"1615037";"—"
"1736";"15";"—";"234000";"85 82 64";"3000";"Участвует в конкурсе";"1856490";"—"
"1737";"21";"Электронное";"234000";"83 70 78";"3000";"Участвует в конкурсе";"2100401";"—"
"1738";"18";"—";"234000";"80 76 75";"3000";"Участвует в конкурсе";"953890";"—"
"1740";"12";"—";"234000";"78 86 67";"3000";"Участвует в конкурсе";"1175679";"—"
"1741";"11";"—";"234000";"78 84 69";"3000";"Участвует в конкурсе";"1915960";"—"
"1742";"11";"—";"234000";"75 78 78";"3000";"Участвует в конкурсе";"1642161";"—"
"1743";"8";"Электронное";"234000";"67 94 70";"3000";"Участвует в конкурсе";"2269546";"—"
"1744";"14";"—";"234000";"78 82 69";"5000";"Участвует в конкурсе";"2253383";"—"
"1745";"6";"Электронное";"234000";"78 78 73";"5000";"Участвует в конкурсе";"1636382";"—"
"1746";"24";"—";"234000";"67 84 78";"5000";"Участвует в конкурсе";"1244609";"—"
"1747";"23";"—";"234000";"75 78 75";"6000";"Участвует в конкурсе";"1586526";"—"
"1748";"6";"—";"234000";"80 80 66";"8000";"Участвует в конкурсе";"1419991";"—"
"1749";"9";"Электронное";"234000";"78 88 60";"8000";"Участвует в конкурсе";"2272802";"—"
"1750";"14";"—";"234000";"70 78 78";"8000";"Участвует в конкурсе";"2273469";"—"
"1751";"3";"Электронное";"234000";"80 74 70";"10000";"Участвует в конкурсе";"1483189";"—"
"1752";"13";"—";"234000";"80 74 70";"10000";"Участвует в конкурсе";"2247353";"—"
"1753";"21";"Электронное";"234000";"75 58 91";"10000";"Участвует в конкурсе";"1290697";"—"
"1754";"23";"—";"234000";"72 82 70";"10000";"Участвует в конкурсе";"1205929";"—"
"1755";"10";"—";"234000";"72 80 72";"10000";"Участвует в конкурсе";"1884193";"—"
"1756";"13";"—";"234000";"70 90 64";"10000";"Участвует в конкурсе";"2263375";"—"
"1757";"10";"—";"234000";"67 84 73";"10000";"Участвует в конкурсе";"1443804";"—"
"1759";"17";"—";"233000";"85 84 64";"—";"Участвует в конкурсе";"2368460";"—"
"1760";"16";"—";"233000";"85 78 70";"—";"Участвует в конкурсе";"1416540";"—"
"1761";"5";"Электронное";"233000";"85 78 70";"—";"Участвует в конкурсе";"1634050";"—"
"1762";"8";"—";"233000";"83 84 66";"—";"Участвует в конкурсе";"2181196";"—"
"1764";"2";"—";"233000";"83 72 78";"—";"Участвует в конкурсе";"1564184";"—"
"1765";"21";"—";"233000";"83 72 78";"—";"Участвует в конкурсе";"2272490";"—"
"1766";"9";"Электронное";"233000";"80 84 69";"—";"Участвует в конкурсе";"1987417";"—"
"1767";"7";"Электронное";"233000";"80 80 73";"—";"Участвует в конкурсе";"2160610";"—"
"1768";"14";"—";"233000";"80 72 81";"—";"Участвует в конкурсе";"1247202";"—"
"1769";"14";"—";"233000";"78 82 73";"—";"Участвует в конкурсе";"1859347";"—"
"1770";"24";"—";"233000";"78 74 81";"—";"Участвует в конкурсе";"2294012";"—"
"1771";"10";"—";"233000";"72 64 97";"—";"Участвует в конкурсе";"1443744";"—"
"1772";"18";"—";"233000";"83 78 70";"2000";"Участвует в конкурсе";"1841278";"—"
"1774";"23";"—";"233000";"78 80 73";"2000";"Участвует в конкурсе";"1620522";"—"
"1775";"22";"—";"233000";"85 76 69";"3000";"Участвует в конкурсе";"1986305";"—"
"1776";"17";"Электронное";"233000";"80 80 70";"3000";"Участвует в конкурсе";"1255880";"—"
"1777";"4";"—";"233000";"78 72 78";"5000";"Участвует в конкурсе";"2384036";"—"
"1778";"17";"Электронное";"233000";"80 84 63";"6000";"Участвует в конкурсе";"1252028";"—"
"1780";"6";"Электронное";"233000";"75 76 72";"10000";"Участвует в конкурсе";"2225243";"—"
"1782";"15";"Электронное";"233000";"67 86 70";"10000";"Участвует в конкурсе";"2178965";"—"
"1783";"9";"—";"233000";"67 78 78";"10000";"Участвует в конкурсе";"1510884";"—"
"1784";"10";"Электронное";"232000";"88 78 66";"—";"Участвует в конкурсе";"1569834";"—"
"1785";"23";"Электронное";"232000";"88 74 70";"—";"Участвует в конкурсе";"1336504";"—"
"1786";"5";"—";"232000";"85 80 67";"—";"Участвует в конкурсе";"1467121";"—"
"1787";"3";"—";"232000";"85 78 69";"—";"Участвует в конкурсе";"2388802";"—"
"1788";"26";"Электронное";"232000";"85 78 69";"—";"Участвует в конкурсе";"1729459";"—"
"1789";"11";"—";"232000";"85 72 75";"—";"Участвует в конкурсе";"2332805";"—"
"1790";"4";"—";"232000";"83 82 67";"—";"Участвует в конкурсе";"1500499";"—"
"1791";"13";"—";"232000";"83 74 75";"—";"Участвует в конкурсе";"1653908";"—"
"1792";"8";"—";"232000";"80 82 70";"—";"Участвует в конкурсе";"959761";"—"
"1793";"6";"—";"232000";"78 82 72";"—";"Участвует в конкурсе";"1490909";"—"
"1794";"2";"—";"232000";"75 90 67";"—";"Участвует в конкурсе";"2309983";"—"
"1795";"19";"—";"232000";"75 84 73";"—";"Участвует в конкурсе";"1262118";"—"
"1796";"4";"Электронное";"232000";"75 66 91";"—";"Участвует в конкурсе";"1074547";"—"
"1798";"2";"—";"232000";"83 74 73";"2000";"Участвует в конкурсе";"2184023";"—"
"1799";"25";"—";"232000";"85 78 66";"3000";"Участвует в конкурсе";"1181412";"—"
"1800";"8";"—";"232000";"80 80 69";"3000";"Участвует в конкурсе";"1763881";"—"
"1801";"4";"—";"232000";"80 74 75";"3000";"Участвует в конкурсе";"1503182";"—"
"1802";"6";"—";"232000";"80 74 75";"3000";"Участвует в конкурсе";"1329934";"—"
"1803";"5";"—";"232000";"78 82 69";"3000";"Участвует в конкурсе";"1636190";"—"
"1804";"12";"—";"232000";"72 88 69";"3000";"Участвует в конкурсе";"1515737";"—"
"1805";"18";"—";"232000";"85 84 58";"5000";"Участвует в конкурсе";"2180787";"—"
"1806";"8";"Электронное";"232000";"78 82 67";"5000";"Участвует в конкурсе";"2083200";"—"
"1807";"2";"Электронное";"232000";"75 84 63";"10000";"Участвует в конкурсе";"1364817";"—"
"1809";"2";"—";"232000";"72 80 70";"10000";"Участвует в конкурсе";"1651074";"—"
"1810";"8";"—";"232000";"67 74 81";"10000";"Участвует в конкурсе";"1567115";"—"
"1811";"4";"—";"232000";"64 80 78";"10000";"Участвует в конкурсе";"1816397";"—"
"1812";"3";"—";"232000";"64 72 86";"10000";"Участвует в конкурсе";"1441108";"—"
"1814";"2";"—";"231000";"93 90 48";"—";"Участвует в конкурсе";"1791516";"—"
"1816";"12";"—";"231000";"83 84 64";"—";"Участвует в конкурсе";"1648603";"—"
"1817";"1";"—";"231000";"83 78 70";"—";"Участвует в конкурсе";"2251206";"—"
"1818";"1";"—";"231000";"83 78 70";"—";"Участвует в конкурсе";"1195924";"—"
"1819";"24";"—";"231000";"83 76 72";"—";"Участвует в конкурсе";"1556469";"—"
"1820";"25";"—";"231000";"83 76 72";"—";"Участвует в конкурсе";"1654967";"—"
"1821";"26";"—";"231000";"83 76 72";"—";"Участвует в конкурсе";"2359041";"—"
"1822";"6";"—";"231000";"80 82 69";"—";"Участвует в конкурсе";"2314812";"—"
"1823";"4";"Электронное";"231000";"80 70 81";"—";"Участвует в конкурсе";"2095501";"—"
"1824";"20";"Электронное";"231000";"78 80 73";"—";"Участвует в конкурсе";"1210027";"—"
"1825";"8";"—";"231000";"75 84 72";"—";"Участвует в конкурсе";"2261374";"—"
"1826";"22";"—";"231000";"72 78 81";"—";"Участвует в конкурсе";"1698703";"—"
"1829";"10";"—";"231000";"67 86 78";"—";"Участвует в конкурсе";"1258980";"—"
"1830";"9";"—";"231000";"72 82 75";"2000";"Участвует в конкурсе";"1247183";"—"
"1831";"6";"—";"231000";"83 82 63";"3000";"Участвует в конкурсе";"1362397";"—"
"1833";"15";"—";"231000";"80 72 69";"10000";"Участвует в конкурсе";"2309834";"—"
"1834";"10";"—";"231000";"80 58 83";"10000";"Участвует в конкурсе";"2362575";"—"
"1835";"29";"—";"231000";"78 76 67";"10000";"Участвует в конкурсе";"1857462";"—"
"1837";"14";"Электронное";"231000";"75 74 72";"10000";"Участвует в конкурсе";"2148449";"—"
"1838";"16";"—";"231000";"72 86 63";"10000";"Участвует в конкурсе";"2227804";"—"
"1839";"12";"—";"231000";"72 80 69";"10000";"Участвует в конкурсе";"2121098";"—"
"1840";"8";"—";"231000";"72 74 75";"10000";"Участвует в конкурсе";"1842249";"—"
"1841";"17";"Электронное";"231000";"70 76 75";"10000";"Участвует в конкурсе";"1981865";"—"
"1842";"1";"Электронное";"230000";"80 86 64";"—";"Участвует в конкурсе";"1311849";"—"
"1843";"13";"Электронное";"230000";"80 80 70";"—";"Участвует в конкурсе";"2224068";"—"
"1844";"14";"Электронное";"230000";"80 80 70";"—";"Участвует в конкурсе";"1518584";"—"
"1845";"6";"—";"230000";"78 74 78";"—";"Участвует в конкурсе";"1898689";"—"
"1846";"4";"—";"230000";"75 86 69";"—";"Участвует в конкурсе";"2265189";"—"
"1847";"12";"—";"230000";"72 88 70";"—";"Участвует в конкурсе";"981934";"—"
"1848";"13";"—";"230000";"72 80 78";"—";"Участвует в конкурсе";"1282542";"—"
"1849";"1";"—";"230000";"72 78 78";"2000";"Участвует в конкурсе";"1725925";"—"
"1850";"25";"—";"230000";"72 70 86";"2000";"Участвует в конкурсе";"1355771";"—"
"1851";"16";"—";"230000";"80 74 73";"3000";"Участвует в конкурсе";"1912315";"—"
"1852";"19";"—";"230000";"78 74 75";"3000";"Участвует в конкурсе";"1556614";"—"
"1853";"13";"—";"230000";"64 80 83";"3000";"Участвует в конкурсе";"1178303";"—"
"1854";"7";"—";"230000";"80 70 70";"10000";"Участвует в конкурсе";"1570992";"—"
"1855";"18";"—";"230000";"67 84 69";"10000";"Участвует в конкурсе";"1721711";"—"
"1856";"3";"—";"230000";"67 72 81";"10000";"Участвует в конкурсе";"1877084";"—"
"1857";"19";"—";"230000";"67 72 81";"10000";"Участвует в конкурсе";"1719296";"—"
"1858";"5";"—";"230000";"62 80 78";"10000";"Участвует в конкурсе";"2371771";"—"
"1860";"19";"—";"229000";"88 72 69";"—";"Участвует в конкурсе";"2156113";"—"
"1861";"26";"Электронное";"229000";"80 80 69";"—";"Участвует в конкурсе";"1885014";"—"
"1862";"4";"Электронное";"229000";"80 76 73";"—";"Участвует в конкурсе";"1209019";"—"
"1863";"12";"Электронное";"229000";"78 78 73";"—";"Участвует в конкурсе";"1112429";"—"
"1864";"22";"—";"229000";"78 78 73";"—";"Участвует в конкурсе";"2417993";"—"
"1865";"11";"—";"229000";"78 70 81";"—";"Участвует в конкурсе";"2052301";"—"
"1866";"8";"—";"229000";"75 82 72";"—";"Участвует в конкурсе";"1654237";"—"
"1867";"11";"—";"229000";"70 86 73";"—";"Участвует в конкурсе";"2249994";"—"
"1868";"18";"—";"229000";"70 86 73";"—";"Участвует в конкурсе";"1728880";"—"
"1869";"7";"—";"229000";"70 76 81";"2000";"Участвует в конкурсе";"1840784";"—"
"1870";"9";"—";"229000";"75 84 67";"3000";"Участвует в конкурсе";"2241797";"—"
"1871";"15";"Электронное";"229000";"75 76 72";"6000";"Участвует в конкурсе";"1953322";"—"
"1872";"2";"—";"229000";"80 70 69";"10000";"Участвует в конкурсе";"1772035";"—"
"1874";"2";"—";"229000";"72 74 73";"10000";"Участвует в конкурсе";"1246261";"—"
"1876";"23";"Электронное";"229000";"64 80 75";"10000";"Участвует в конкурсе";"1857295";"—"
"1877";"4";"—";"229000";"62 76 81";"10000";"Участвует в конкурсе";"1176812";"—"
"1879";"2";"—";"228000";"95 84 49";"—";"Участвует в конкурсе";"1322320";"—"
"1881";"26";"Электронное";"228000";"85 74 69";"—";"Участвует в конкурсе";"981973";"—"
"1882";"5";"Электронное";"228000";"83 82 63";"—";"Участвует в конкурсе";"1165790";"—"
"1883";"5";"—";"228000";"83 78 67";"—";"Участвует в конкурсе";"1853239";"—"
"1884";"9";"—";"228000";"80 78 70";"—";"Участвует в конкурсе";"1650326";"—"
"1885";"16";"Электронное";"228000";"78 86 64";"—";"Участвует в конкурсе";"1431631";"—"
"1886";"7";"—";"228000";"78 78 72";"—";"Участвует в конкурсе";"1797167";"—"
"1887";"12";"—";"228000";"78 78 72";"—";"Участвует в конкурсе";"2410797";"—"
"1888";"30";"—";"228000";"75 80 73";"—";"Участвует в конкурсе";"1333549";"—"
"1889";"1";"—";"228000";"72 78 78";"—";"Участвует в конкурсе";"2217437";"—"
"1891";"21";"—";"228000";"67 88 70";"3000";"Участвует в конкурсе";"2004238";"—"
"1893";"20";"—";"228000";"72 84 64";"8000";"Участвует в конкурсе";"1710384";"—"
"1894";"22";"—";"228000";"72 80 67";"9000";"Участвует в конкурсе";"1133255";"—"
"1895";"9";"Электронное";"228000";"83 74 61";"10000";"Участвует в конкурсе";"2364446";"—"
"1896";"13";"—";"228000";"80 52 86";"10000";"Участвует в конкурсе";"2222701";"—"
"1897";"21";"—";"228000";"75 80 63";"10000";"Участвует в конкурсе";"1860412";"—"
"1898";"7";"Электронное";"228000";"70 78 70";"10000";"Участвует в конкурсе";"2004972";"—"
"1899";"11";"—";"228000";"70 78 70";"10000";"Участвует в конкурсе";"2301119";"—"
"1901";"23";"—";"227000";"90 76 61";"—";"Участвует в конкурсе";"1355737";"—"
"1902";"9";"—";"227000";"83 74 70";"—";"Участвует в конкурсе";"1539208";"—"
"1903";"17";"Электронное";"227000";"81 82 64";"—";"Участвует в конкурсе";"1476172";"—"
"1906";"9";"—";"227000";"78 74 75";"—";"Участвует в конкурсе";"994571";"—"
"1907";"19";"—";"227000";"72 82 73";"—";"Участвует в конкурсе";"2214673";"—"
"1909";"24";"—";"227000";"70 70 87";"—";"Участвует в конкурсе";"1899885";"—"
"1910";"15";"Электронное";"227000";"67 88 72";"—";"Участвует в конкурсе";"1655253";"—"
"1911";"8";"—";"227000";"80 82 63";"2000";"Участвует в конкурсе";"1288071";"—"
"1912";"4";"—";"227000";"78 78 69";"2000";"Участвует в конкурсе";"1572894";"—"
"1913";"24";"Электронное";"227000";"80 80 64";"3000";"Участвует в конкурсе";"1732410";"—"
"1914";"7";"—";"227000";"78 80 66";"3000";"Участвует в конкурсе";"1205118";"—"
"1915";"16";"—";"227000";"78 74 72";"3000";"Участвует в конкурсе";"1651349";"—"
"1916";"21";"—";"227000";"72 80 72";"3000";"Участвует в конкурсе";"1702768";"—"
"1917";"11";"Электронное";"227000";"56 80 86";"5000";"Участвует в конкурсе";"1512258";"—"
"1918";"11";"Электронное";"227000";"75 78 66";"8000";"Участвует в конкурсе";"1491323";"—"
"1919";"7";"—";"227000";"80 76 61";"10000";"Участвует в конкурсе";"1435987";"—"
"1920";"3";"—";"227000";"75 76 66";"10000";"Участвует в конкурсе";"2218053";"—"
"1922";"11";"Электронное";"227000";"70 78 69";"10000";"Участвует в конкурсе";"2387974";"—"
"1923";"16";"—";"227000";"67 72 78";"10000";"Участвует в конкурсе";"1040407";"—"
"1924";"13";"—";"227000";"56 80 81";"10000";"Участвует в конкурсе";"1596961";"—"
"1925";"11";"—";"227000";"54 82 81";"10000";"Участвует в конкурсе";"1647681";"—"
"1926";"20";"Электронное";"226000";"85 74 67";"—";"Участвует в конкурсе";"1638106";"—"
"1929";"5";"—";"226000";"78 76 72";"—";"Участвует в конкурсе";"2417218";"—"
"1930";"15";"—";"226000";"72 82 72";"—";"Участвует в конкурсе";"2260611";"—"
"1931";"8";"—";"226000";"70 86 70";"—";"Участвует в конкурсе";"2315122";"—"
"1932";"1";"Электронное";"226000";"70 84 72";"—";"Участвует в конкурсе";"1177920";"—"
"1934";"10";"—";"226000";"83 80 60";"3000";"Участвует в конкурсе";"1764782";"—"
"1935";"8";"—";"226000";"70 78 75";"3000";"Участвует в конкурсе";"1481464";"—"
"1936";"6";"—";"226000";"56 86 81";"3000";"Участвует в конкурсе";"2089751";"—"
"1937";"14";"Электронное";"226000";"85 76 55";"10000";"Участвует в конкурсе";"1178473";"—"
"1938";"6";"—";"226000";"62 82 72";"10000";"Участвует в конкурсе";"2315155";"—"
"1939";"4";"—";"225000";"85 82 58";"—";"Участвует в конкурсе";"1543960";"—"
"1940";"7";"—";"225000";"83 76 66";"—";"Участвует в конкурсе";"1656829";"—"
"1941";"10";"—";"225000";"78 80 67";"—";"Участвует в конкурсе";"2299655";"—"
"1943";"13";"—";"225000";"72 80 73";"—";"Участвует в конкурсе";"1999134";"—"
"1944";"11";"Электронное";"225000";"72 78 75";"—";"Участвует в конкурсе";"1444529";"—"
"1945";"12";"—";"225000";"72 78 75";"—";"Участвует в конкурсе";"2341062";"—"
"1947";"18";"Электронное";"225000";"70 86 69";"—";"Участвует в конкурсе";"1516836";"—"
"1948";"1";"—";"225000";"70 72 83";"—";"Участвует в конкурсе";"2307981";"—"
"1949";"14";"—";"225000";"70 68 87";"—";"Участвует в конкурсе";"1290112";"—"
"1950";"16";"—";"225000";"67 72 86";"—";"Участвует в конкурсе";"1840531";"—"
"1951";"12";"—";"225000";"64 72 89";"—";"Участвует в конкурсе";"1689321";"—"
"1952";"3";"Электронное";"225000";"56 80 89";"—";"Участвует в конкурсе";"2324583";"—"
"1953";"3";"Электронное";"225000";"67 84 72";"2000";"Участвует в конкурсе";"1358398";"—"
"1954";"8";"—";"225000";"67 84 72";"2000";"Участвует в конкурсе";"1911529";"—"
"1955";"4";"—";"225000";"75 80 67";"3000";"Участвует в конкурсе";"1722129";"—"
"1956";"15";"—";"225000";"72 78 70";"5000";"Участвует в конкурсе";"1041073";"—"
"1957";"20";"—";"225000";"72 74 72";"7000";"Участвует в конкурсе";"2365526";"—"
"1958";"7";"Электронное";"225000";"80 74 61";"10000";"Участвует в конкурсе";"1565640";"—"
"1959";"14";"—";"225000";"75 70 70";"10000";"Участвует в конкурсе";"2309676";"—"
"1960";"6";"—";"225000";"64 76 75";"10000";"Участвует в конкурсе";"1754448";"—"
"1962";"12";"—";"224000";"88 76 60";"—";"Участвует в конкурсе";"2343240";"—"
"1963";"14";"Электронное";"224000";"83 78 63";"—";"Участвует в конкурсе";"1704507";"—"
"1964";"5";"—";"224000";"80 80 64";"—";"Участвует в конкурсе";"1798297";"—"
"1965";"7";"—";"224000";"80 80 64";"—";"Участвует в конкурсе";"2270140";"—"
"1967";"11";"—";"224000";"80 72 72";"—";"Участвует в конкурсе";"1235934";"—"
"1969";"4";"—";"224000";"75 82 67";"—";"Участвует в конкурсе";"1337622";"—"
"1970";"10";"Электронное";"224000";"75 76 73";"—";"Участвует в конкурсе";"1681894";"—"
"1971";"10";"—";"224000";"59 84 81";"—";"Участвует в конкурсе";"1194716";"—"
"1972";"14";"—";"224000";"83 72 66";"3000";"Участвует в конкурсе";"2002061";"—"
"1973";"5";"—";"224000";"72 76 73";"3000";"Участвует в конкурсе";"1245522";"—"
"1974";"1";"—";"224000";"72 76 73";"3000";"Участвует в конкурсе";"2254135";"—"
"1976";"26";"—";"224000";"62 76 81";"5000";"Участвует в конкурсе";"2135494";"—"
"1977";"16";"Электронное";"224000";"70 78 69";"7000";"Участвует в конкурсе";"2039582";"—"
"1978";"3";"—";"224000";"78 74 64";"8000";"Участвует в конкурсе";"1614178";"—"
"1979";"12";"Электронное";"224000";"70 78 66";"10000";"Участвует в конкурсе";"1891692";"—"
"1980";"20";"—";"224000";"64 80 70";"10000";"Участвует в конкурсе";"2391325";"—"
"1981";"4";"—";"224000";"59 82 73";"10000";"Участвует в конкурсе";"1360107";"—"
"1982";"6";"—";"223000";"85 74 64";"—";"Участвует в конкурсе";"1284748";"—"
"1983";"3";"Электронное";"223000";"78 82 63";"—";"Участвует в конкурсе";"1241686";"—"
"1984";"5";"—";"223000";"78 78 67";"—";"Участвует в конкурсе";"2248393";"—"
"1985";"9";"Электронное";"223000";"75 76 72";"—";"Участвует в конкурсе";"1440273";"—"
"1986";"14";"Электронное";"223000";"75 76 72";"—";"Участвует в конкурсе";"1981352";"—"
"1987";"7";"—";"223000";"72 76 75";"—";"Участвует в конкурсе";"1256899";"—"
"1988";"10";"—";"223000";"70 90 63";"—";"Участвует в конкурсе";"1417367";"—"
"1989";"6";"—";"223000";"70 72 81";"—";"Участвует в конкурсе";"2370493";"—"
"1990";"15";"—";"223000";"70 72 81";"—";"Участвует в конкурсе";"2388488";"—"
"1991";"8";"—";"223000";"67 86 70";"—";"Участвует в конкурсе";"2090702";"—"
"1992";"14";"—";"223000";"64 70 89";"—";"Участвует в конкурсе";"2393776";"—"
"1993";"15";"—";"223000";"62 70 91";"—";"Участвует в конкурсе";"1628547";"—"
"1994";"3";"—";"223000";"54 86 83";"—";"Участвует в конкурсе";"1788220";"—"
"1995";"8";"—";"223000";"78 80 63";"2000";"Участвует в конкурсе";"1499757";"—"
"1996";"7";"—";"223000";"70 76 75";"2000";"Участвует в конкурсе";"1620176";"—"
"1997";"7";"—";"223000";"64 78 78";"3000";"Участвует в конкурсе";"2173429";"—"
"1998";"28";"—";"223000";"75 74 69";"5000";"Участвует в конкурсе";"2315057";"—"
"1999";"17";"Электронное";"223000";"67 76 70";"10000";"Участвует в конкурсе";"1290117";"—"
"2000";"3";"—";"223000";"54 84 75";"10000";"Участвует в конкурсе";"2183533";"—"
"2001";"5";"—";"222000";"78 78 66";"—";"Участвует в конкурсе";"2179270";"—"
"2002";"16";"—";"222000";"75 84 63";"—";"Участвует в конкурсе";"2196169";"—"
"2003";"27";"Электронное";"222000";"75 78 69";"—";"Участвует в конкурсе";"2133320";"—"
"2004";"9";"—";"222000";"75 72 75";"—";"Участвует в конкурсе";"2313005";"—"
"2005";"5";"—";"222000";"72 84 66";"—";"Участвует в конкурсе";"1839179";"—"
"2006";"9";"Электронное";"222000";"72 80 70";"—";"Участвует в конкурсе";"1199126";"—"
"2007";"2";"Электронное";"222000";"72 80 70";"—";"Участвует в конкурсе";"2364088";"—"
"2008";"9";"—";"222000";"70 74 78";"—";"Участвует в конкурсе";"1957170";"—"
"2009";"13";"Электронное";"222000";"67 80 75";"—";"Участвует в конкурсе";"1624157";"—"
"2010";"11";"—";"222000";"67 80 75";"—";"Участвует в конкурсе";"1755039";"—"
"2011";"19";"—";"222000";"67 74 81";"—";"Участвует в конкурсе";"2394387";"—"
"2012";"3";"—";"222000";"67 64 91";"—";"Участвует в конкурсе";"1195634";"—"
"2013";"14";"Электронное";"222000";"59 80 83";"—";"Участвует в конкурсе";"1498848";"—"
"2014";"21";"—";"222000";"78 78 63";"3000";"Участвует в конкурсе";"1912737";"—"
"2016";"20";"Электронное";"222000";"59 74 86";"3000";"Участвует в конкурсе";"2228833";"—"
"2017";"23";"—";"222000";"88 64 60";"10000";"Участвует в конкурсе";"2344278";"—"
"2018";"12";"—";"222000";"80 72 60";"10000";"Участвует в конкурсе";"2255536";"—"
"2019";"5";"Электронное";"222000";"67 84 61";"10000";"Участвует в конкурсе";"1439452";"—"
"2020";"11";"—";"221000";"83 74 64";"—";"Участвует в конкурсе";"1340286";"—"
"2021";"7";"—";"221000";"83 74 64";"—";"Участвует в конкурсе";"1997135";"—"
"2022";"23";"—";"221000";"80 74 67";"—";"Участвует в конкурсе";"2314956";"—"
"2023";"3";"—";"221000";"78 82 61";"—";"Участвует в конкурсе";"1294633";"—"
"2024";"8";"—";"221000";"78 74 69";"—";"Участвует в конкурсе";"1980461";"—"
"2025";"11";"Электронное";"221000";"75 80 66";"—";"Участвует в конкурсе";"1176243";"—"
"2026";"15";"—";"221000";"75 76 70";"—";"Участвует в конкурсе";"2159522";"—"
"2027";"7";"—";"221000";"75 76 70";"—";"Участвует в конкурсе";"1948830";"—"
"2028";"9";"—";"221000";"72 76 73";"—";"Участвует в конкурсе";"1388832";"—"
"2029";"17";"Электронное";"221000";"70 76 75";"—";"Участвует в конкурсе";"2066329";"—"
"2030";"15";"—";"221000";"67 82 72";"—";"Участвует в конкурсе";"2338997";"—"
"2031";"6";"—";"221000";"64 88 69";"—";"Участвует в конкурсе";"1723255";"—"
"2032";"12";"Электронное";"221000";"56 82 83";"—";"Участвует в конкурсе";"2219298";"—"
"2033";"7";"—";"221000";"83 82 54";"2000";"Участвует в конкурсе";"1245660";"—"
"2034";"9";"—";"221000";"70 76 73";"2000";"Участвует в конкурсе";"2269105";"—"
"2035";"4";"Электронное";"221000";"64 82 73";"2000";"Участвует в конкурсе";"1267205";"—"
"2036";"15";"Электронное";"221000";"78 70 70";"3000";"Участвует в конкурсе";"1437085";"—"
"2037";"17";"Электронное";"221000";"70 76 67";"8000";"Участвует в конкурсе";"1712466";"—"
"2038";"12";"—";"221000";"67 72 72";"10000";"Участвует в конкурсе";"1818645";"—"
"2039";"26";"—";"221000";"62 88 61";"10000";"Участвует в конкурсе";"2412738";"—"
"2040";"8";"—";"221000";"62 80 69";"10000";"Участвует в конкурсе";"2305430";"—"
"2041";"15";"Электронное";"221000";"62 74 75";"10000";"Участвует в конкурсе";"1313126";"—"
"2043";"8";"—";"221000";"56 80 75";"10000";"Участвует в конкурсе";"1570407";"—"
"2045";"6";"—";"220000";"78 72 70";"—";"Участвует в конкурсе";"1438641";"—"
"2046";"9";"—";"220000";"78 72 70";"—";"Участвует в конкурсе";"2215984";"—"
"2047";"7";"—";"220000";"75 78 67";"—";"Участвует в конкурсе";"2266616";"—"
"2048";"14";"—";"220000";"75 70 75";"—";"Участвует в конкурсе";"1641355";"—"
"2049";"15";"Электронное";"220000";"72 76 72";"—";"Участвует в конкурсе";"1004161";"—"
"2050";"4";"—";"220000";"70 86 64";"—";"Участвует в конкурсе";"2176225";"—"
"2051";"10";"—";"220000";"67 86 67";"—";"Участвует в конкурсе";"2231013";"—"
"2052";"9";"—";"220000";"64 84 72";"—";"Участвует в конкурсе";"2406635";"—"
"2053";"13";"Электронное";"220000";"70 74 73";"3000";"Участвует в конкурсе";"2107745";"—"
"2054";"16";"—";"220000";"85 74 54";"7000";"Участвует в конкурсе";"1643953";"—"
"2055";"10";"—";"220000";"70 76 66";"8000";"Участвует в конкурсе";"1176406";"—"
"2056";"8";"—";"220000";"62 78 70";"10000";"Участвует в конкурсе";"1808579";"—"
"2057";"17";"—";"220000";"59 82 69";"10000";"Участвует в конкурсе";"2159885";"—"
"2058";"13";"—";"219000";"78 74 67";"—";"Участвует в конкурсе";"1258043";"—"
"2059";"8";"—";"219000";"75 84 60";"—";"Участвует в конкурсе";"1989628";"—"
"2060";"3";"Электронное";"219000";"72 78 69";"—";"Участвует в конкурсе";"1350362";"—"
"2061";"2";"Электронное";"219000";"72 78 69";"—";"Участвует в конкурсе";"2369296";"—"
"2062";"3";"Электронное";"219000";"72 74 73";"—";"Участвует в конкурсе";"1643109";"—"
"2063";"3";"—";"219000";"70 74 75";"—";"Участвует в конкурсе";"2267575";"—"
"2064";"18";"—";"219000";"67 88 64";"—";"Участвует в конкурсе";"2219503";"—"
"2066";"15";"—";"219000";"59 82 78";"—";"Участвует в конкурсе";"2173780";"—"
"2067";"9";"Электронное";"219000";"75 78 64";"2000";"Участвует в конкурсе";"1985629";"—"
"2068";"26";"Электронное";"219000";"72 72 73";"2000";"Участвует в конкурсе";"2185929";"—"
"2069";"17";"—";"219000";"78 78 60";"3000";"Участвует в конкурсе";"1909084";"—"
"2070";"10";"Электронное";"219000";"75 72 69";"3000";"Участвует в конкурсе";"1505493";"—"
"2071";"2";"—";"219000";"72 72 72";"3000";"Участвует в конкурсе";"1979924";"—"
"2072";"10";"Электронное";"219000";"78 70 61";"10000";"Участвует в конкурсе";"2309380";"—"
"2073";"10";"—";"219000";"78 58 73";"10000";"Участвует в конкурсе";"1188994";"—"
"2074";"12";"—";"219000";"70 72 67";"10000";"Участвует в конкурсе";"1094901";"—"
"2075";"4";"—";"219000";"46 82 81";"10000";"Участвует в конкурсе";"2054317";"—"
"2076";"16";"—";"218000";"75 76 67";"—";"Участвует в конкурсе";"2192880";"—"
"2078";"4";"Электронное";"218000";"70 76 72";"—";"Участвует в конкурсе";"1365522";"—"
"2080";"15";"—";"218000";"70 70 78";"—";"Участвует в конкурсе";"2313514";"—"
"2082";"9";"—";"218000";"51 84 83";"—";"Участвует в конкурсе";"1857826";"—"
"2083";"11";"—";"218000";"80 82 54";"2000";"Участвует в конкурсе";"1202206";"—"
"2084";"4";"Электронное";"218000";"78 76 61";"3000";"Участвует в конкурсе";"1961146";"—"
"2085";"2";"—";"218000";"75 80 60";"3000";"Участвует в конкурсе";"1918852";"—"
"2086";"5";"Электронное";"218000";"72 74 69";"3000";"Участвует в конкурсе";"2247848";"—"
"2087";"18";"—";"218000";"70 78 67";"3000";"Участвует в конкурсе";"1432402";"—"
"2088";"23";"—";"218000";"62 74 78";"4000";"Участвует в конкурсе";"2364146";"—"
"2089";"26";"—";"218000";"67 76 70";"5000";"Участвует в конкурсе";"2135607";"—"
"2090";"17";"—";"218000";"62 76 70";"10000";"Участвует в конкурсе";"1787963";"—"
"2092";"16";"—";"217000";"80 76 61";"—";"Участвует в конкурсе";"1573051";"—"
"2094";"5";"Электронное";"217000";"75 78 64";"—";"Участвует в конкурсе";"2191863";"—"
"2095";"17";"—";"217000";"75 78 64";"—";"Участвует в конкурсе";"2297633";"—"
"2096";"17";"—";"217000";"75 64 78";"—";"Участвует в конкурсе";"1438536";"—"
"2098";"12";"Электронное";"217000";"72 72 73";"—";"Участвует в конкурсе";"1362584";"—"
"2099";"18";"—";"217000";"70 86 61";"—";"Участвует в конкурсе";"2415819";"—"
"2100";"6";"—";"217000";"70 78 69";"—";"Участвует в конкурсе";"2180895";"—"
"2101";"8";"Электронное";"217000";"70 74 73";"—";"Участвует в конкурсе";"1443666";"—"
"2102";"22";"—";"217000";"70 74 73";"—";"Участвует в конкурсе";"2229565";"—"
"2103";"9";"—";"217000";"75 76 63";"3000";"Участвует в конкурсе";"1975518";"—"
"2104";"16";"—";"217000";"70 86 58";"3000";"Участвует в конкурсе";"1279170";"—"
"2105";"3";"—";"217000";"70 84 60";"3000";"Участвует в конкурсе";"1385534";"—"
"2107";"14";"—";"217000";"62 86 66";"3000";"Участвует в конкурсе";"1366547";"—"
"2108";"17";"—";"217000";"54 80 73";"10000";"Участвует в конкурсе";"937948";"—"
"2109";"11";"Электронное";"217000";"54 78 75";"10000";"Участвует в конкурсе";"1798610";"—"
"2110";"7";"—";"216000";"80 70 66";"—";"Участвует в конкурсе";"936904";"—"
"2111";"7";"—";"216000";"75 74 67";"—";"Участвует в конкурсе";"1596967";"—"
"2113";"12";"—";"216000";"75 72 69";"—";"Участвует в конкурсе";"1493935";"—"
"2114";"12";"—";"216000";"64 82 70";"—";"Участвует в конкурсе";"2074621";"—"
"2115";"5";"—";"216000";"72 76 66";"2000";"Участвует в конкурсе";"1265604";"—"
"2116";"5";"Электронное";"216000";"83 78 52";"3000";"Участвует в конкурсе";"1431012";"—"
"2117";"9";"Электронное";"216000";"78 74 61";"3000";"Участвует в конкурсе";"2384321";"—"
"2119";"18";"Электронное";"216000";"70 74 69";"3000";"Участвует в конкурсе";"1640709";"—"
"2120";"13";"—";"216000";"70 70 73";"3000";"Участвует в конкурсе";"1496833";"—"
"2121";"8";"—";"216000";"67 74 70";"5000";"Участвует в конкурсе";"1326017";"—"
"2122";"6";"Электронное";"216000";"59 70 81";"6000";"Участвует в конкурсе";"1410514";"—"
"2123";"8";"Электронное";"216000";"62 72 72";"10000";"Участвует в конкурсе";"1952441";"—"
"2125";"17";"—";"215000";"80 72 63";"—";"Участвует в конкурсе";"1587083";"—"
"2126";"5";"—";"215000";"80 72 63";"—";"Участвует в конкурсе";"2393785";"—"
"2127";"15";"—";"215000";"78 76 61";"—";"Участвует в конкурсе";"1584404";"—"
"2128";"1";"—";"215000";"75 74 66";"—";"Участвует в конкурсе";"1984018";"—"
"2129";"13";"Электронное";"215000";"75 74 66";"—";"Участвует в конкурсе";"1935259";"—"
"2130";"7";"Электронное";"215000";"72 74 69";"—";"Участвует в конкурсе";"1317375";"—"
"2131";"11";"Электронное";"215000";"70 82 63";"—";"Участвует в конкурсе";"1406849";"—"
"2132";"17";"Электронное";"215000";"67 78 70";"—";"Участвует в конкурсе";"1606309";"—"
"2133";"12";"—";"215000";"67 78 70";"—";"Участвует в конкурсе";"1649272";"—"
"2134";"6";"—";"215000";"64 78 73";"—";"Участвует в конкурсе";"2422896";"—"
"2135";"7";"—";"215000";"62 78 75";"—";"Участвует в конкурсе";"1890965";"—"
"2136";"9";"—";"215000";"62 72 81";"—";"Участвует в конкурсе";"2270003";"—"
"2137";"12";"Электронное";"215000";"51 84 78";"2000";"Участвует в конкурсе";"2251727";"—"
"2138";"17";"—";"215000";"78 76 58";"3000";"Участвует в конкурсе";"973827";"—"
"2139";"7";"—";"215000";"75 82 55";"3000";"Участвует в конкурсе";"2246321";"—"
"2140";"23";"Электронное";"215000";"70 72 70";"3000";"Участвует в конкурсе";"2305696";"—"
"2141";"3";"—";"215000";"72 52 81";"10000";"Участвует в конкурсе";"2301145";"—"
"2142";"1";"—";"215000";"62 74 69";"10000";"Участвует в конкурсе";"2046474";"—"
"2143";"13";"—";"215000";"54 70 81";"10000";"Участвует в конкурсе";"2225376";"—"
"2144";"9";"Электронное";"215000";"51 76 78";"10000";"Участвует в конкурсе";"1200277";"—"
"2145";"19";"—";"214000";"75 76 63";"—";"Участвует в конкурсе";"1975707";"—"
"2146";"10";"—";"214000";"75 72 67";"—";"Участвует в конкурсе";"1616688";"—"
"2147";"15";"—";"214000";"75 64 75";"—";"Участвует в конкурсе";"1751473";"—"
"2148";"5";"—";"214000";"72 84 58";"—";"Участвует в конкурсе";"1195506";"—"
"2150";"10";"—";"214000";"67 74 73";"—";"Участвует в конкурсе";"1607325";"—"
"2151";"2";"—";"214000";"64 78 72";"—";"Участвует в конкурсе";"1729257";"—"
"2152";"10";"Электронное";"214000";"75 82 55";"2000";"Участвует в конкурсе";"1906817";"—"
"2153";"15";"—";"214000";"62 72 78";"2000";"Участвует в конкурсе";"2287180";"—"
"2154";"5";"—";"214000";"75 70 66";"3000";"Участвует в конкурсе";"1511627";"—"
"2156";"7";"—";"214000";"59 74 78";"3000";"Участвует в конкурсе";"1959835";"—"
"2157";"10";"Электронное";"214000";"67 76 63";"8000";"Участвует в конкурсе";"1605082";"—"
"2158";"14";"—";"213000";"75 72 66";"—";"Участвует в конкурсе";"1498564";"—"
"2159";"26";"Электронное";"213000";"72 74 67";"—";"Участвует в конкурсе";"1354885";"—"
"2160";"18";"Электронное";"213000";"72 72 69";"—";"Участвует в конкурсе";"2125708";"—"
"2161";"19";"—";"213000";"70 82 61";"—";"Участвует в конкурсе";"2178713";"—"
"2162";"2";"Электронное";"213000";"70 74 69";"—";"Участвует в конкурсе";"2366656";"—"
"2163";"14";"—";"213000";"64 80 69";"—";"Участвует в конкурсе";"2181784";"—"
"2164";"14";"Электронное";"213000";"64 74 75";"—";"Участвует в конкурсе";"1880265";"—"
"2165";"8";"—";"213000";"51 84 78";"—";"Участвует в конкурсе";"2098588";"—"
"2166";"11";"—";"213000";"72 70 69";"2000";"Участвует в конкурсе";"1636548";"—"
"2167";"7";"—";"213000";"72 78 60";"3000";"Участвует в конкурсе";"1508300";"—"
"2168";"8";"—";"213000";"67 76 67";"3000";"Участвует в конкурсе";"1587136";"—"
"2169";"12";"—";"213000";"67 76 67";"3000";"Участвует в конкурсе";"2135764";"—"
"2170";"10";"Электронное";"213000";"67 74 69";"3000";"Участвует в конкурсе";"2401924";"—"
"2171";"27";"Электронное";"213000";"67 70 73";"3000";"Участвует в конкурсе";"2254377";"—"
"2172";"3";"—";"213000";"72 78 58";"5000";"Участвует в конкурсе";"1201610";"—"
"2173";"10";"—";"213000";"54 82 72";"5000";"Участвует в конкурсе";"2221883";"—"
"2175";"24";"Электронное";"212000";"80 80 52";"—";"Участвует в конкурсе";"1280854";"—"
"2176";"6";"—";"212000";"78 82 52";"—";"Участвует в конкурсе";"1207176";"—"
"2177";"16";"—";"212000";"78 74 60";"—";"Участвует в конкурсе";"1189029";"—"
"2178";"13";"—";"212000";"75 82 55";"—";"Участвует в конкурсе";"1255446";"—"
"2179";"20";"Электронное";"212000";"75 80 57";"—";"Участвует в конкурсе";"2081384";"—"
"2180";"13";"—";"212000";"72 74 66";"—";"Участвует в конкурсе";"1399974";"—"
"2181";"6";"—";"212000";"70 72 70";"—";"Участвует в конкурсе";"1640946";"—"
"2182";"18";"—";"212000";"67 76 69";"—";"Участвует в конкурсе";"2043252";"—"
"2183";"26";"—";"212000";"67 76 69";"—";"Участвует в конкурсе";"2255119";"—"
"2184";"5";"—";"212000";"59 84 69";"—";"Участвует в конкурсе";"1779511";"—"
"2185";"9";"Электронное";"212000";"85 58 66";"3000";"Участвует в конкурсе";"1698825";"—"
"2186";"6";"—";"212000";"75 74 60";"3000";"Участвует в конкурсе";"1510647";"—"
"2187";"14";"—";"212000";"70 76 63";"3000";"Участвует в конкурсе";"1978901";"—"
"2188";"11";"—";"212000";"70 76 63";"3000";"Участвует в конкурсе";"2113319";"—"
"2189";"19";"—";"212000";"70 72 67";"3000";"Участвует в конкурсе";"2087647";"—"
"2190";"2";"—";"212000";"59 78 72";"3000";"Участвует в конкурсе";"1943328";"—"
"2191";"6";"—";"212000";"62 74 66";"10000";"Участвует в конкурсе";"1902200";"—"
"2193";"2";"Электронное";"211000";"83 58 70";"—";"Участвует в конкурсе";"1099787";"—"
"2194";"22";"Электронное";"211000";"78 72 61";"—";"Участвует в конкурсе";"1857107";"—"
"2195";"18";"Электронное";"211000";"72 76 63";"—";"Участвует в конкурсе";"1549176";"—"
"2196";"3";"—";"211000";"70 74 67";"—";"Участвует в конкурсе";"831585";"—"
"2197";"11";"Электронное";"211000";"70 72 69";"—";"Участвует в конкурсе";"2405816";"—"
"2198";"12";"Электронное";"211000";"67 84 60";"—";"Участвует в конкурсе";"1876305";"—"
"2199";"6";"—";"211000";"67 78 66";"—";"Участвует в конкурсе";"1968579";"—"
"2200";"12";"—";"211000";"64 78 69";"—";"Участвует в конкурсе";"2342035";"—"
"2201";"14";"Электронное";"211000";"56 88 67";"—";"Участвует в конкурсе";"2338985";"—"
"2202";"14";"—";"211000";"56 74 81";"—";"Участвует в конкурсе";"1612814";"—"
"2203";"1";"—";"211000";"56 72 83";"—";"Участвует в конкурсе";"1988342";"—"
"2204";"8";"—";"211000";"67 64 78";"2000";"Участвует в конкурсе";"2053585";"—"
"2205";"13";"—";"211000";"70 74 64";"3000";"Участвует в конкурсе";"2354261";"—"
"2206";"4";"—";"211000";"67 80 61";"3000";"Участвует в конкурсе";"1854571";"—"
"2207";"9";"—";"211000";"67 74 67";"3000";"Участвует в конкурсе";"2372378";"—"
"2208";"14";"—";"211000";"62 74 72";"3000";"Участвует в конкурсе";"2229672";"—"
"2209";"5";"—";"211000";"67 64 70";"10000";"Участвует в конкурсе";"2339649";"—"
"2211";"9";"Электронное";"210000";"85 52 73";"—";"Участвует в конкурсе";"1512935";"—"
"2212";"18";"Электронное";"210000";"78 74 58";"—";"Участвует в конкурсе";"1963210";"—"
"2213";"2";"—";"210000";"70 76 64";"—";"Участвует в конкурсе";"2229805";"—"
"2214";"11";"—";"210000";"70 76 64";"—";"Участвует в конкурсе";"1203594";"—"
"2215";"3";"—";"210000";"70 74 66";"—";"Участвует в конкурсе";"2184058";"—"
"2216";"14";"—";"210000";"67 70 73";"—";"Участвует в конкурсе";"1646526";"—"
"2217";"12";"—";"210000";"64 76 70";"—";"Участвует в конкурсе";"2261114";"—"
"2218";"3";"Электронное";"210000";"54 86 70";"—";"Участвует в конкурсе";"1925185";"—"
"2219";"9";"—";"210000";"80 74 54";"2000";"Участвует в конкурсе";"2247424";"—"
"2220";"10";"—";"210000";"75 64 69";"2000";"Участвует в конкурсе";"2001577";"—"
"2221";"3";"Электронное";"210000";"72 74 61";"3000";"Участвует в конкурсе";"1402740";"—"
"2222";"8";"Электронное";"210000";"64 82 61";"3000";"Участвует в конкурсе";"2266482";"—"
"2223";"2";"—";"210000";"78 70 57";"5000";"Участвует в конкурсе";"2001513";"—"
"2224";"6";"—";"210000";"75 80 49";"6000";"Участвует в конкурсе";"1375337";"—"
"2225";"10";"Электронное";"209000";"78 74 57";"—";"Участвует в конкурсе";"1913902";"—"
"2226";"8";"—";"209000";"72 74 63";"—";"Участвует в конкурсе";"1558029";"—"
"2227";"7";"Электронное";"209000";"70 82 57";"—";"Участвует в конкурсе";"1975008";"—"
"2228";"9";"—";"209000";"70 70 69";"—";"Участвует в конкурсе";"1886495";"—"
"2229";"15";"—";"209000";"67 76 66";"—";"Участвует в конкурсе";"2373616";"—"
"2230";"23";"—";"209000";"54 84 69";"2000";"Участвует в конкурсе";"1416600";"—"
"2231";"5";"—";"209000";"62 80 64";"3000";"Участвует в конкурсе";"1509601";"—"
"2232";"16";"—";"209000";"59 78 69";"3000";"Участвует в конкурсе";"1509516";"—"
"2233";"10";"Электронное";"209000";"54 74 73";"8000";"Участвует в конкурсе";"2335289";"—"
"2234";"6";"—";"209000";"56 80 63";"10000";"Участвует в конкурсе";"1290619";"—"
"2235";"1";"—";"208000";"80 70 58";"—";"Участвует в конкурсе";"2341323";"—"
"2236";"7";"Электронное";"208000";"78 70 60";"—";"Участвует в конкурсе";"2253728";"—"
"2238";"3";"—";"208000";"72 72 64";"—";"Участвует в конкурсе";"1363398";"—"
"2239";"13";"—";"208000";"67 74 67";"—";"Участвует в конкурсе";"2251615";"—"
"2240";"4";"Электронное";"208000";"62 74 72";"—";"Участвует в конкурсе";"1204953";"—"
"2241";"7";"—";"208000";"78 72 55";"3000";"Участвует в конкурсе";"2177363";"—"
"2242";"8";"—";"208000";"67 72 66";"3000";"Участвует в конкурсе";"2142700";"—"
"2243";"16";"—";"208000";"67 72 64";"5000";"Участвует в конкурсе";"1446034";"—"
"2244";"1";"Электронное";"208000";"64 72 67";"5000";"Участвует в конкурсе";"1643239";"—"
"2245";"12";"Электронное";"207000";"80 70 57";"—";"Участвует в конкурсе";"2031845";"—"
"2246";"16";"Электронное";"207000";"70 76 61";"—";"Участвует в конкурсе";"1244858";"—"
"2247";"27";"—";"207000";"70 70 67";"—";"Участвует в конкурсе";"2270680";"—"
"2248";"17";"—";"207000";"70 64 73";"—";"Участвует в конкурсе";"1407206";"—"
"2249";"5";"—";"207000";"62 78 67";"—";"Участвует в конкурсе";"1858055";"—"
"2250";"13";"Электронное";"207000";"54 84 69";"—";"Участвует в конкурсе";"1763734";"—"
"2251";"9";"Электронное";"207000";"67 72 66";"2000";"Участвует в конкурсе";"2085073";"—"
"2252";"2";"—";"207000";"78 72 54";"3000";"Участвует в конкурсе";"2215774";"—"
"2253";"10";"—";"207000";"70 70 64";"3000";"Участвует в конкурсе";"1182386";"—"
"2255";"19";"—";"207000";"75 65 57";"10000";"Участвует в конкурсе";"1446418";"—"
"2256";"14";"—";"207000";"56 78 63";"10000";"Участвует в конкурсе";"2242104";"—"
"2257";"19";"—";"206000";"75 76 55";"—";"Участвует в конкурсе";"1555326";"—"
"2258";"11";"—";"206000";"72 70 64";"—";"Участвует в конкурсе";"2343318";"—"
"2260";"6";"—";"206000";"59 80 67";"—";"Участвует в конкурсе";"1610413";"—"
"2261";"13";"—";"206000";"59 78 69";"—";"Участвует в конкурсе";"1291319";"—"
"2262";"10";"—";"206000";"70 64 70";"2000";"Участвует в конкурсе";"2175470";"—"
"2263";"1";"Электронное";"206000";"67 74 63";"2000";"Участвует в конкурсе";"1363512";"—"
"2264";"12";"—";"206000";"75 74 54";"3000";"Участвует в конкурсе";"1518202";"—"
"2265";"8";"—";"206000";"72 70 61";"3000";"Участвует в конкурсе";"1240770";"—"
"2266";"10";"—";"206000";"72 64 67";"3000";"Участвует в конкурсе";"2389625";"—"
"2267";"2";"Электронное";"206000";"70 72 61";"3000";"Участвует в конкурсе";"2241524";"—"
"2268";"6";"—";"205000";"83 52 70";"—";"Участвует в конкурсе";"2344887";"—"
"2269";"17";"—";"205000";"75 78 52";"—";"Участвует в конкурсе";"2092284";"—"
"2270";"19";"Электронное";"205000";"75 70 60";"—";"Участвует в конкурсе";"2362249";"—"
"2271";"6";"—";"205000";"72 78 55";"—";"Участвует в конкурсе";"1727167";"—"
"2272";"5";"—";"205000";"72 72 61";"—";"Участвует в конкурсе";"1284139";"—"
"2273";"10";"Электронное";"205000";"72 70 63";"—";"Участвует в конкурсе";"1614599";"—"
"2274";"5";"—";"205000";"67 78 60";"—";"Участвует в конкурсе";"2390056";"—"
"2276";"14";"—";"205000";"64 78 63";"—";"Участвует в конкурсе";"2174812";"—"
"2277";"15";"—";"205000";"64 74 67";"—";"Участвует в конкурсе";"1569590";"—"
"2278";"18";"—";"205000";"64 74 67";"—";"Участвует в конкурсе";"2192748";"—"
"2279";"10";"—";"205000";"62 76 67";"—";"Участвует в конкурсе";"2407804";"—"
"2280";"10";"—";"205000";"62 74 69";"—";"Участвует в конкурсе";"1622428";"—"
"2282";"3";"Электронное";"205000";"62 72 69";"2000";"Участвует в конкурсе";"2226303";"—"
"2283";"4";"Электронное";"205000";"72 70 60";"3000";"Участвует в конкурсе";"1210371";"—"
"2284";"5";"—";"205000";"62 76 64";"3000";"Участвует в конкурсе";"1213331";"—"
"2285";"6";"—";"205000";"56 74 72";"3000";"Участвует в конкурсе";"2098996";"—"
"2286";"10";"—";"205000";"64 76 55";"10000";"Участвует в конкурсе";"1213972";"—"
"2287";"17";"—";"205000";"62 64 69";"10000";"Участвует в конкурсе";"1655481";"—"
"2288";"5";"—";"205000";"48 78 69";"10000";"Участвует в конкурсе";"1351467";"—"
"2289";"16";"—";"204000";"80 70 54";"—";"Участвует в конкурсе";"1656844";"—"
"2290";"28";"Электронное";"204000";"70 76 58";"—";"Участвует в конкурсе";"2271750";"—"
"2291";"6";"—";"204000";"67 76 61";"—";"Участвует в конкурсе";"1519013";"—"
"2292";"17";"—";"204000";"67 74 63";"—";"Участвует в конкурсе";"1345744";"—"
"2293";"12";"—";"204000";"67 74 63";"—";"Участвует в конкурсе";"1408646";"—"
"2294";"8";"—";"204000";"67 64 73";"—";"Участвует в конкурсе";"1652073";"—"
"2295";"15";"—";"204000";"64 70 70";"—";"Участвует в конкурсе";"1608517";"—"
"2296";"13";"—";"204000";"62 78 64";"—";"Участвует в конкурсе";"1860163";"—"
"2297";"9";"—";"204000";"62 78 64";"—";"Участвует в конкурсе";"1440013";"—"
"2298";"10";"—";"204000";"56 78 70";"—";"Участвует в конкурсе";"1964445";"—"
"2299";"2";"Электронное";"204000";"70 82 49";"3000";"Участвует в конкурсе";"1995363";"—"
"2300";"7";"Электронное";"204000";"70 74 57";"3000";"Участвует в конкурсе";"1609646";"—"
"2301";"22";"—";"204000";"70 74 57";"3000";"Участвует в конкурсе";"2231015";"—"
"2302";"18";"Электронное";"204000";"67 76 58";"3000";"Участвует в конкурсе";"2229434";"—"
"2304";"19";"—";"204000";"64 74 63";"3000";"Участвует в конкурсе";"1133656";"—"
"2305";"10";"—";"204000";"62 78 61";"3000";"Участвует в конкурсе";"1926640";"—"
"2306";"17";"Электронное";"204000";"64 70 60";"10000";"Участвует в конкурсе";"984571";"—"
"2308";"7";"Электронное";"204000";"56 78 60";"10000";"Участвует в конкурсе";"1640414";"—"
"2309";"7";"—";"203000";"78 76 49";"—";"Участвует в конкурсе";"1578629";"—"
"2310";"20";"—";"203000";"78 74 51";"—";"Участвует в конкурсе";"1277797";"—"
"2311";"8";"Электронное";"203000";"72 70 61";"—";"Участвует в конкурсе";"1903624";"—"
"2312";"10";"—";"203000";"72 58 73";"—";"Участвует в конкурсе";"1194846";"—"
"2313";"12";"—";"203000";"67 70 66";"—";"Участвует в конкурсе";"1295747";"—"
"2314";"11";"—";"203000";"67 58 78";"—";"Участвует в конкурсе";"2313626";"—"
"2315";"11";"—";"203000";"64 76 63";"—";"Участвует в конкурсе";"1628228";"—"
"2317";"18";"—";"203000";"59 72 72";"—";"Участвует в конкурсе";"1421096";"—"
"2318";"20";"—";"203000";"75 64 61";"3000";"Участвует в конкурсе";"1546278";"—"
"2321";"5";"—";"203000";"64 70 64";"5000";"Участвует в конкурсе";"1286178";"—"
"2322";"14";"Электронное";"203000";"62 64 67";"10000";"Участвует в конкурсе";"1974069";"—"
"2323";"15";"—";"203000";"54 64 75";"10000";"Участвует в конкурсе";"1534400";"—"
"2324";"6";"Электронное";"203000";"49 70 74";"10000";"Участвует в конкурсе";"1069480";"—"
"2325";"9";"Электронное";"202000";"83 58 61";"—";"Участвует в конкурсе";"1728835";"—"
"2326";"14";"—";"202000";"72 78 52";"—";"Участвует в конкурсе";"2096857";"—"
"2327";"12";"—";"202000";"72 64 66";"—";"Участвует в конкурсе";"1916626";"—"
"2328";"7";"—";"202000";"70 74 58";"—";"Участвует в конкурсе";"2252964";"—"
"2329";"8";"—";"202000";"67 72 63";"—";"Участвует в конкурсе";"1614866";"—"
"2330";"4";"Электронное";"202000";"64 78 60";"—";"Участвует в конкурсе";"1366373";"—"
"2331";"8";"—";"202000";"64 74 64";"—";"Участвует в конкурсе";"2390525";"—"
"2332";"11";"Электронное";"202000";"62 70 70";"—";"Участвует в конкурсе";"2266208";"—"
"2333";"1";"—";"202000";"56 74 72";"—";"Участвует в конкурсе";"1963195";"—"
"2334";"11";"Электронное";"202000";"62 76 61";"3000";"Участвует в конкурсе";"1199116";"—"
"2335";"11";"—";"202000";"56 72 64";"10000";"Участвует в конкурсе";"1914135";"—"
"2336";"6";"—";"202000";"48 72 72";"10000";"Участвует в конкурсе";"2236577";"—"
"2337";"4";"Электронное";"201000";"75 74 52";"—";"Участвует в конкурсе";"1176999";"—"
"2338";"9";"—";"201000";"75 74 52";"—";"Участвует в конкурсе";"2081099";"—"
"2339";"7";"Электронное";"201000";"70 74 57";"—";"Участвует в конкурсе";"2371133";"—"
"2340";"15";"—";"201000";"70 64 67";"—";"Участвует в конкурсе";"2253198";"—"
"2341";"16";"—";"201000";"67 64 70";"—";"Участвует в конкурсе";"2348346";"—"
"2342";"7";"—";"201000";"64 74 63";"—";"Участвует в конкурсе";"1340292";"—"
"2343";"11";"—";"201000";"64 70 67";"—";"Участвует в конкурсе";"1284940";"—"
"2345";"13";"—";"201000";"56 88 57";"—";"Участвует в конкурсе";"2289347";"—"
"2346";"4";"—";"201000";"46 72 83";"—";"Участвует в конкурсе";"2285406";"—"
"2347";"12";"—";"201000";"67 74 57";"3000";"Участвует в конкурсе";"1311526";"—"
"2348";"6";"—";"200000";"78 64 58";"—";"Участвует в конкурсе";"1283343";"—"
"2349";"26";"Электронное";"200000";"78 64 58";"—";"Участвует в конкурсе";"1833108";"—"
"2350";"1";"Электронное";"200000";"78 58 64";"—";"Участвует в конкурсе";"1793006";"—"
"2351";"6";"—";"200000";"75 76 49";"—";"Участвует в конкурсе";"1984060";"—"
"2352";"16";"—";"200000";"72 74 54";"—";"Участвует в конкурсе";"2228894";"—"
"2353";"6";"—";"200000";"67 72 61";"—";"Участвует в конкурсе";"2249267";"—"
"2354";"14";"—";"200000";"67 70 63";"—";"Участвует в конкурсе";"2312115";"—"
"2355";"12";"—";"200000";"64 78 58";"—";"Участвует в конкурсе";"2344094";"—"
"2356";"5";"—";"200000";"64 72 64";"—";"Участвует в конкурсе";"1367972";"—"
"2357";"14";"—";"200000";"64 72 64";"—";"Участвует в конкурсе";"1198013";"—"
"2359";"11";"—";"200000";"62 72 66";"—";"Участвует в конкурсе";"2214968";"—"
"2360";"13";"Электронное";"200000";"54 76 70";"—";"Участвует в конкурсе";"1953667";"—"
"2361";"5";"—";"200000";"51 76 73";"—";"Участвует в конкурсе";"1610692";"—"
"2362";"23";"—";"200000";"64 70 63";"3000";"Участвует в конкурсе";"1751032";"—"
"2364";"7";"Электронное";"200000";"72 46 72";"10000";"Участвует в конкурсе";"2316029";"—"
"2365";"9";"—";"200000";"56 70 64";"10000";"Участвует в конкурсе";"2217186";"—"
"2366";"12";"Электронное";"199000";"78 70 51";"—";"Участвует в конкурсе";"1889975";"—"
"2367";"12";"—";"199000";"78 64 57";"—";"Участвует в конкурсе";"2123820";"—"
"2369";"1";"Электронное";"199000";"72 70 57";"—";"Участвует в конкурсе";"1678752";"—"
"2370";"13";"Электронное";"199000";"70 74 55";"—";"Участвует в конкурсе";"2222861";"—"
"2371";"3";"Электронное";"199000";"64 74 61";"—";"Участвует в конкурсе";"1205117";"—"
"2372";"6";"—";"199000";"64 72 63";"—";"Участвует в конкурсе";"1200386";"—"
"2373";"3";"Электронное";"199000";"62 74 63";"—";"Участвует в конкурсе";"1290523";"—"
"2374";"7";"Электронное";"199000";"62 70 67";"—";"Участвует в конкурсе";"1505473";"—"
"2375";"5";"—";"199000";"59 76 64";"—";"Участвует в конкурсе";"1403929";"—"
"2376";"14";"—";"199000";"56 76 67";"—";"Участвует в конкурсе";"2244371";"—"
"2377";"7";"—";"199000";"72 64 60";"3000";"Участвует в конкурсе";"1557297";"—"
"2378";"18";"—";"199000";"70 72 54";"3000";"Участвует в конкурсе";"2051404";"—"
"2379";"20";"—";"199000";"62 80 54";"3000";"Участвует в конкурсе";"1512719";"—"
"2380";"12";"—";"199000";"54 78 64";"3000";"Участвует в конкурсе";"2225485";"—"
"2381";"6";"—";"199000";"62 74 58";"5000";"Участвует в конкурсе";"1175731";"—"
"2382";"7";"—";"199000";"70 58 61";"10000";"Участвует в конкурсе";"2314855";"—"
"2383";"10";"Электронное";"198000";"70 70 58";"—";"Участвует в конкурсе";"1517973";"—"
"2385";"10";"—";"198000";"64 74 60";"—";"Участвует в конкурсе";"1916529";"—"
"2386";"8";"Электронное";"198000";"62 70 66";"—";"Участвует в конкурсе";"1381892";"—"
"2387";"7";"—";"198000";"62 58 78";"—";"Участвует в конкурсе";"2299319";"—"
"2388";"4";"—";"198000";"59 70 69";"—";"Участвует в конкурсе";"981959";"—"
"2389";"15";"—";"198000";"59 64 75";"—";"Участвует в конкурсе";"2210617";"—"
"2390";"11";"—";"198000";"56 78 64";"—";"Участвует в конкурсе";"1351059";"—"
"2391";"8";"Электронное";"198000";"46 74 78";"—";"Участвует в конкурсе";"1481163";"—"
"2392";"10";"—";"198000";"65 76 54";"3000";"Участвует в конкурсе";"1306825";"—"
"2393";"11";"—";"198000";"64 64 67";"3000";"Участвует в конкурсе";"1366766";"—"
"2395";"6";"—";"198000";"62 70 60";"6000";"Участвует в конкурсе";"2149126";"—"
"2396";"5";"—";"198000";"48 74 69";"7000";"Участвует в конкурсе";"1913583";"—"
"2397";"14";"Электронное";"198000";"64 46 78";"10000";"Участвует в конкурсе";"1932648";"—"
"2398";"8";"—";"197000";"75 58 64";"—";"Участвует в конкурсе";"1987124";"—"
"2399";"12";"Электронное";"197000";"72 74 51";"—";"Участвует в конкурсе";"2004394";"—"
"2400";"8";"—";"197000";"72 70 55";"—";"Участвует в конкурсе";"1761520";"—"
"2401";"18";"Электронное";"197000";"70 70 57";"—";"Участвует в конкурсе";"1437512";"—"
"2402";"5";"—";"197000";"67 78 52";"—";"Участвует в конкурсе";"1029422";"—"
"2403";"2";"Электронное";"197000";"67 70 60";"—";"Участвует в конкурсе";"1827974";"—"
"2404";"5";"—";"197000";"67 58 72";"—";"Участвует в конкурсе";"2223858";"—"
"2405";"4";"—";"197000";"62 72 63";"—";"Участвует в конкурсе";"2219852";"—"
"2406";"4";"Электронное";"197000";"59 74 64";"—";"Участвует в конкурсе";"1495965";"—"
"2407";"13";"—";"197000";"59 74 64";"—";"Участвует в конкурсе";"2273609";"—"
"2408";"3";"—";"197000";"72 52 70";"3000";"Участвует в конкурсе";"1648933";"—"
"2409";"4";"Электронное";"197000";"64 70 60";"3000";"Участвует в конкурсе";"2162408";"—"
"2410";"4";"—";"197000";"59 78 57";"3000";"Участвует в конкурсе";"2268040";"—"
"2411";"1";"Электронное";"197000";"54 74 64";"5000";"Участвует в конкурсе";"1841014";"—"
"2412";"11";"Электронное";"197000";"48 72 70";"7000";"Участвует в конкурсе";"2116279";"—"
"2413";"1";"Электронное";"196000";"72 70 54";"—";"Участвует в конкурсе";"2358765";"—"
"2414";"5";"Электронное";"196000";"62 70 64";"—";"Участвует в конкурсе";"1650438";"—"
"2415";"6";"Электронное";"196000";"59 74 63";"—";"Участвует в конкурсе";"1289602";"—"
"2416";"8";"Электронное";"196000";"59 70 67";"—";"Участвует в конкурсе";"2055928";"—"
"2417";"11";"—";"196000";"51 64 81";"—";"Участвует в конкурсе";"1513186";"—"
"2418";"19";"Электронное";"196000";"59 74 60";"3000";"Участвует в конкурсе";"1075821";"—"
"2419";"9";"Электронное";"196000";"48 74 67";"7000";"Участвует в конкурсе";"1203345";"—"
"2420";"10";"Электронное";"196000";"56 70 60";"10000";"Участвует в конкурсе";"1976900";"—"
"2421";"5";"—";"196000";"51 72 63";"10000";"Участвует в конкурсе";"1614796";"—"
"2422";"12";"Электронное";"196000";"48 74 64";"10000";"Участвует в конкурсе";"2181526";"—"
"2423";"2";"—";"196000";"48 72 66";"10000";"Участвует в конкурсе";"2227917";"—"
"2424";"28";"Электронное";"195000";"70 74 51";"—";"Участвует в конкурсе";"1706720";"—"
"2425";"25";"—";"195000";"67 64 64";"—";"Участвует в конкурсе";"1542797";"—"
"2426";"16";"Электронное";"195000";"67 58 70";"—";"Участвует в конкурсе";"2167652";"—"
"2427";"12";"Электронное";"195000";"67 58 70";"—";"Участвует в конкурсе";"2409505";"—"
"2428";"6";"Электронное";"195000";"64 70 61";"—";"Участвует в конкурсе";"1906175";"—"
"2429";"10";"—";"195000";"56 64 75";"—";"Участвует в конкурсе";"1766491";"—"
"2430";"14";"—";"195000";"59 86 48";"2000";"Участвует в конкурсе";"2313072";"—"
"2431";"3";"Электронное";"194000";"78 58 58";"—";"Участвует в конкурсе";"1182179";"—"
"2432";"3";"—";"194000";"64 72 58";"—";"Участвует в конкурсе";"1792111";"—"
"2433";"2";"—";"194000";"64 64 66";"—";"Участвует в конкурсе";"1502461";"—"
"2434";"4";"—";"194000";"64 64 66";"—";"Участвует в конкурсе";"2395535";"—"
"2435";"6";"—";"194000";"62 74 58";"—";"Участвует в конкурсе";"1685180";"—"
"2436";"12";"—";"194000";"59 74 61";"—";"Участвует в конкурсе";"2257177";"—"
"2437";"8";"—";"194000";"56 72 66";"—";"Участвует в конкурсе";"1558821";"—"
"2438";"12";"Электронное";"194000";"55 70 69";"—";"Участвует в конкурсе";"1494639";"—"
"2439";"7";"—";"194000";"67 70 54";"3000";"Участвует в конкурсе";"1104399";"—"
"2440";"10";"—";"194000";"59 78 54";"3000";"Участвует в конкурсе";"2280589";"—"
"2441";"4";"Электронное";"193000";"72 58 63";"—";"Участвует в конкурсе";"2098799";"—"
"2442";"4";"Электронное";"193000";"67 74 52";"—";"Участвует в конкурсе";"1350669";"—"
"2443";"8";"—";"193000";"59 70 64";"—";"Участвует в конкурсе";"1262169";"—"
"2444";"3";"—";"193000";"56 70 67";"—";"Участвует в конкурсе";"1916894";"—"
"2445";"8";"—";"193000";"54 72 67";"—";"Участвует в конкурсе";"2334691";"—"
"2446";"7";"—";"193000";"54 64 75";"—";"Участвует в конкурсе";"1211146";"—"
"2447";"16";"—";"193000";"51 72 67";"3000";"Участвует в конкурсе";"2323430";"—"
"2448";"7";"—";"193000";"64 70 54";"5000";"Участвует в конкурсе";"1645458";"—"
"2449";"9";"—";"193000";"56 72 60";"5000";"Участвует в конкурсе";"2171750";"—"
"2450";"18";"Электронное";"193000";"54 64 67";"8000";"Участвует в конкурсе";"2344188";"—"
"2451";"8";"—";"193000";"64 58 61";"10000";"Участвует в конкурсе";"2217955";"—"
"2452";"8";"Электронное";"192000";"64 64 64";"—";"Участвует в конкурсе";"1443188";"—"
"2454";"4";"—";"192000";"62 72 58";"—";"Участвует в конкурсе";"1624352";"—"
"2455";"7";"—";"192000";"62 70 60";"—";"Участвует в конкурсе";"2314911";"—"
"2456";"8";"—";"192000";"56 70 61";"5000";"Участвует в конкурсе";"1908101";"—"
"2457";"8";"—";"192000";"72 52 60";"8000";"Участвует в конкурсе";"1343061";"—"
"2458";"3";"Электронное";"192000";"46 70 66";"10000";"Участвует в конкурсе";"1774661";"—"
"2459";"12";"Электронное";"191000";"70 58 63";"—";"Участвует в конкурсе";"1366529";"—"
"2460";"14";"Электронное";"191000";"70 58 63";"—";"Участвует в конкурсе";"2099618";"—"
"2461";"1";"—";"191000";"70 46 75";"—";"Участвует в конкурсе";"2368500";"—"
"2462";"28";"—";"191000";"64 76 51";"—";"Участвует в конкурсе";"1327711";"—"
"2464";"15";"Электронное";"191000";"64 70 57";"—";"Участвует в конкурсе";"1482169";"—"
"2466";"8";"—";"191000";"64 64 63";"—";"Участвует в конкурсе";"1979221";"—"
"2467";"9";"—";"191000";"56 52 83";"—";"Участвует в конкурсе";"1370244";"—"
"2468";"6";"—";"191000";"54 70 67";"—";"Участвует в конкурсе";"1547038";"—"
"2469";"12";"Электронное";"191000";"67 64 57";"3000";"Участвует в конкурсе";"1727218";"—"
"2470";"1";"Электронное";"191000";"51 74 63";"3000";"Участвует в конкурсе";"1333594";"—"
"2471";"19";"—";"191000";"56 64 61";"10000";"Участвует в конкурсе";"2248575";"—"
"2472";"3";"Электронное";"190000";"72 64 54";"—";"Участвует в конкурсе";"1779102";"—"
"2473";"17";"—";"190000";"59 70 61";"—";"Участвует в конкурсе";"1359517";"—"
"2474";"12";"—";"190000";"56 70 64";"—";"Участвует в конкурсе";"1853161";"—"
"2475";"1";"Электронное";"190000";"51 76 63";"—";"Участвует в конкурсе";"1785039";"—"
"2476";"5";"—";"190000";"48 84 58";"—";"Участвует в конкурсе";"2260620";"—"
"2477";"2";"Электронное";"190000";"46 74 70";"—";"Участвует в конкурсе";"2239032";"—"
"2478";"17";"—";"190000";"59 70 54";"7000";"Участвует в конкурсе";"2268635";"—"
"2480";"18";"—";"189000";"67 70 52";"—";"Участвует в конкурсе";"1560173";"—"
"2481";"15";"Электронное";"189000";"67 64 58";"—";"Участвует в конкурсе";"1258287";"—"
"2482";"15";"—";"189000";"64 74 51";"—";"Участвует в конкурсе";"1283997";"—"
"2483";"6";"—";"189000";"62 70 57";"—";"Участвует в конкурсе";"1473888";"—"
"2484";"8";"—";"189000";"62 70 57";"—";"Участвует в конкурсе";"2329798";"—"
"2485";"6";"Электронное";"189000";"56 64 69";"—";"Участвует в конкурсе";"2156888";"—"
"2486";"5";"—";"189000";"51 78 60";"—";"Участвует в конкурсе";"1155409";"—"
"2487";"14";"—";"189000";"51 82 54";"2000";"Участвует в конкурсе";"2273768";"—"
"2489";"11";"—";"189000";"46 70 70";"3000";"Участвует в конкурсе";"1189097";"—"
"2490";"1";"—";"189000";"72 58 54";"5000";"Участвует в конкурсе";"1572993";"—"
"2491";"1";"—";"189000";"59 76 49";"5000";"Участвует в конкурсе";"2171942";"—"
"2492";"1";"—";"189000";"48 64 67";"10000";"Участвует в конкурсе";"2184626";"—"
"2493";"6";"Электронное";"188000";"72 52 64";"—";"Участвует в конкурсе";"2270961";"—"
"2494";"9";"—";"188000";"67 72 49";"—";"Участвует в конкурсе";"1717562";"—"
"2495";"3";"Электронное";"188000";"64 58 66";"—";"Участвует в конкурсе";"1838690";"—"
"2496";"14";"—";"188000";"62 72 54";"—";"Участвует в конкурсе";"2184646";"—"
"2497";"27";"—";"188000";"62 72 54";"—";"Участвует в конкурсе";"2299247";"—"
"2498";"8";"Электронное";"188000";"59 72 57";"—";"Участвует в конкурсе";"1788095";"—"
"2499";"2";"—";"188000";"56 74 58";"—";"Участвует в конкурсе";"2230465";"—"
"2500";"10";"—";"188000";"56 72 60";"—";"Участвует в конкурсе";"1330225";"—"
"2501";"8";"Электронное";"188000";"54 82 52";"—";"Участвует в конкурсе";"1625156";"—"
"2502";"6";"—";"188000";"51 64 73";"—";"Участвует в конкурсе";"1827323";"—"
"2503";"11";"Электронное";"188000";"56 64 66";"2000";"Участвует в конкурсе";"2315176";"—"
"2504";"7";"Электронное";"188000";"64 64 57";"3000";"Участвует в конкурсе";"1317981";"—"
"2505";"2";"Электронное";"188000";"59 80 46";"3000";"Участвует в конкурсе";"1598910";"—"
"2506";"16";"—";"188000";"62 70 51";"5000";"Участвует в конкурсе";"1558698";"—"
"2507";"2";"—";"188000";"46 46 86";"10000";"Участвует в конкурсе";"2254133";"—"
"2509";"4";"—";"187000";"59 70 58";"—";"Участвует в конкурсе";"1845867";"—"
"2510";"14";"Электронное";"187000";"59 70 58";"—";"Участвует в конкурсе";"1470878";"—"
"2511";"11";"Электронное";"187000";"59 70 58";"—";"Участвует в конкурсе";"2173671";"—"
"2512";"11";"Электронное";"187000";"59 58 70";"—";"Участвует в конкурсе";"1626892";"—"
"2514";"16";"—";"187000";"54 72 61";"—";"Участвует в конкурсе";"1958696";"—"
"2515";"6";"—";"187000";"51 76 60";"—";"Участвует в конкурсе";"1241043";"—"
"2516";"2";"—";"187000";"46 72 69";"—";"Участвует в конкурсе";"2260850";"—"
"2518";"11";"—";"187000";"51 74 60";"2000";"Участвует в конкурсе";"2179135";"—"
"2519";"10";"Электронное";"186000";"70 58 58";"—";"Участвует в конкурсе";"1675084";"—"
"2520";"16";"—";"186000";"62 64 60";"—";"Участвует в конкурсе";"2344549";"—"
"2521";"10";"—";"186000";"62 58 66";"—";"Участвует в конкурсе";"1327537";"—"
"2522";"10";"Электронное";"186000";"56 70 60";"—";"Участвует в конкурсе";"1242081";"—"
"2523";"9";"Электронное";"186000";"54 74 58";"—";"Участвует в конкурсе";"2224997";"—"
"2524";"10";"—";"186000";"59 72 52";"3000";"Участвует в конкурсе";"1621357";"—"
"2525";"5";"—";"186000";"54 78 51";"3000";"Участвует в конкурсе";"1696864";"—"
"2526";"12";"Электронное";"186000";"46 70 63";"7000";"Участвует в конкурсе";"1791472";"—"
"2527";"2";"Электронное";"186000";"67 46 63";"10000";"Участвует в конкурсе";"1489215";"—"
"2528";"10";"—";"186000";"48 70 58";"10000";"Участвует в конкурсе";"2238965";"—"
"2529";"6";"—";"185000";"75 58 52";"—";"Участвует в конкурсе";"1638727";"—"
"2530";"3";"—";"185000";"62 74 49";"—";"Участвует в конкурсе";"1175917";"—"
"2531";"21";"—";"185000";"59 74 52";"—";"Участвует в конкурсе";"2421447";"—"
"2532";"9";"—";"185000";"59 72 54";"—";"Участвует в конкурсе";"2238869";"—"
"2533";"12";"Электронное";"185000";"56 74 55";"—";"Участвует в конкурсе";"1292115";"—"
"2534";"6";"—";"185000";"51 80 54";"—";"Участвует в конкурсе";"2230045";"—"
"2535";"3";"—";"185000";"48 74 63";"—";"Участвует в конкурсе";"2302114";"—"
"2537";"4";"—";"185000";"70 64 48";"3000";"Участвует в конкурсе";"2047793";"—"
"2538";"3";"Электронное";"185000";"51 70 61";"3000";"Участвует в конкурсе";"2078238";"—"
"2539";"20";"—";"185000";"62 52 61";"10000";"Участвует в конкурсе";"2054883";"—"
"2540";"5";"Электронное";"185000";"51 60 64";"10000";"Участвует в конкурсе";"1397442";"—"
"2541";"6";"—";"184000";"62 70 52";"—";"Участвует в конкурсе";"1627653";"—"
"2542";"11";"—";"184000";"59 58 67";"—";"Участвует в конкурсе";"1440783";"—"
"2543";"10";"—";"184000";"54 72 58";"—";"Участвует в конкурсе";"1833980";"—"
"2544";"6";"Электронное";"184000";"54 70 60";"—";"Участвует в конкурсе";"2369226";"—"
"2545";"3";"—";"184000";"51 78 55";"—";"Участвует в конкурсе";"1748863";"—"
"2546";"8";"Электронное";"184000";"51 72 61";"—";"Участвует в конкурсе";"1120958";"—"
"2548";"4";"—";"184000";"62 40 72";"10000";"Участвует в конкурсе";"1819729";"—"
"2550";"10";"—";"183000";"67 70 46";"—";"Участвует в конкурсе";"2392965";"—"
"2551";"9";"—";"183000";"67 58 58";"—";"Участвует в конкурсе";"2335987";"—"
"2552";"17";"—";"183000";"59 72 52";"—";"Участвует в конкурсе";"1782030";"—"
"2553";"12";"Электронное";"183000";"59 52 72";"—";"Участвует в конкурсе";"1699253";"—"
"2554";"8";"—";"183000";"48 72 63";"—";"Участвует в конкурсе";"1186089";"—"
"2555";"3";"Электронное";"183000";"46 74 63";"—";"Участвует в конкурсе";"1721283";"—"
"2557";"25";"—";"183000";"70 58 52";"3000";"Участвует в конкурсе";"2255620";"—"
"2558";"11";"Электронное";"183000";"59 64 57";"3000";"Участвует в конкурсе";"1616839";"—"
"2559";"10";"—";"183000";"56 58 64";"5000";"Участвует в конкурсе";"1953272";"—"
"2560";"5";"Электронное";"182000";"67 64 51";"—";"Участвует в конкурсе";"1425140";"—"
"2561";"2";"—";"182000";"67 52 63";"—";"Участвует в конкурсе";"1207696";"—"
"2562";"1";"—";"182000";"67 46 69";"—";"Участвует в конкурсе";"1635029";"—"
"2563";"7";"—";"182000";"64 72 46";"—";"Участвует в конкурсе";"2321452";"—"
"2564";"7";"—";"182000";"59 72 51";"—";"Участвует в конкурсе";"1438104";"—"
"2565";"15";"—";"182000";"54 74 54";"—";"Участвует в конкурсе";"2269787";"—"
"2566";"5";"Электронное";"182000";"54 64 64";"—";"Участвует в конкурсе";"2250878";"—"
"2567";"1";"—";"182000";"51 74 57";"—";"Участвует в конкурсе";"1768922";"—"
"2568";"6";"Электронное";"182000";"51 74 57";"—";"Участвует в конкурсе";"2340644";"—"
"2569";"2";"—";"182000";"51 70 61";"—";"Участвует в конкурсе";"1215649";"—"
"2570";"10";"—";"182000";"48 70 64";"—";"Участвует в конкурсе";"1215418";"—"
"2571";"18";"—";"182000";"67 52 61";"2000";"Участвует в конкурсе";"1647504";"—"
"2572";"8";"Электронное";"182000";"48 58 73";"3000";"Участвует в конкурсе";"1915716";"—"
"2573";"11";"Электронное";"182000";"59 58 60";"5000";"Участвует в конкурсе";"2176621";"—"
"2574";"2";"—";"182000";"56 58 58";"10000";"Участвует в конкурсе";"2249393";"—"
"2575";"7";"Электронное";"181000";"72 52 57";"—";"Участвует в конкурсе";"2186912";"—"
"2576";"14";"Электронное";"181000";"62 64 55";"—";"Участвует в конкурсе";"1640379";"—"
"2577";"12";"Электронное";"181000";"59 70 52";"—";"Участвует в конкурсе";"1261651";"—"
"2578";"16";"—";"181000";"59 70 52";"—";"Участвует в конкурсе";"1793011";"—"
"2579";"9";"—";"181000";"54 72 55";"—";"Участвует в конкурсе";"1246551";"—"
"2580";"18";"—";"181000";"51 70 60";"—";"Участвует в конкурсе";"1893212";"—"
"2581";"7";"—";"181000";"51 64 66";"—";"Участвует в конкурсе";"1342652";"—"
"2582";"7";"—";"181000";"48 70 63";"—";"Участвует в конкурсе";"2364846";"—"
"2583";"8";"Электронное";"181000";"62 64 52";"3000";"Участвует в конкурсе";"1172802";"—"
"2584";"7";"Электронное";"181000";"70 64 42";"5000";"Участвует в конкурсе";"1656246";"—"
"2585";"23";"—";"181000";"59 58 54";"10000";"Участвует в конкурсе";"2419132";"—"
"2586";"2";"—";"180000";"70 52 58";"—";"Участвует в конкурсе";"1750470";"—"
"2587";"5";"—";"180000";"67 64 49";"—";"Участвует в конкурсе";"1302908";"—"
"2589";"13";"—";"180000";"59 64 57";"—";"Участвует в конкурсе";"2089136";"—"
"2590";"5";"—";"180000";"56 52 72";"—";"Участвует в конкурсе";"1576379";"—"
"2592";"6";"—";"179000";"64 52 61";"2000";"Участвует в конкурсе";"1854854";"—"
"2593";"6";"—";"178000";"59 70 49";"—";"Участвует в конкурсе";"1603215";"—"
"2594";"13";"—";"178000";"56 70 52";"—";"Участвует в конкурсе";"1253238";"—"
"2595";"4";"—";"178000";"56 58 64";"—";"Участвует в конкурсе";"1286204";"—"
"2596";"3";"Электронное";"178000";"54 52 72";"—";"Участвует в конкурсе";"1727639";"—"
"2597";"5";"—";"178000";"51 76 51";"—";"Участвует в конкурсе";"1703061";"—"
"2598";"8";"Электронное";"178000";"46 72 60";"—";"Участвует в конкурсе";"1987484";"—"
"2600";"9";"—";"178000";"59 52 64";"3000";"Участвует в конкурсе";"1929558";"—"
"2601";"5";"—";"177000";"46 76 55";"—";"Участвует в конкурсе";"2310934";"—"
"2602";"3";"Электронное";"177000";"59 70 46";"2000";"Участвует в конкурсе";"1171050";"—"
"2603";"8";"Электронное";"177000";"59 52 64";"2000";"Участвует в конкурсе";"2054563";"—"
"2604";"18";"—";"177000";"59 64 51";"3000";"Участвует в конкурсе";"1259115";"—"
"2605";"3";"Электронное";"177000";"48 72 54";"3000";"Участвует в конкурсе";"1000907";"—"
"2606";"7";"—";"177000";"48 72 54";"3000";"Участвует в конкурсе";"1431777";"—"
"2607";"8";"Электронное";"177000";"56 64 51";"6000";"Участвует в конкурсе";"1929484";"—"
"2608";"9";"—";"176000";"54 70 52";"—";"Участвует в конкурсе";"2229058";"—"
"2609";"1";"Электронное";"176000";"54 64 58";"—";"Участвует в конкурсе";"1292054";"—"
"2611";"8";"—";"176000";"56 64 54";"2000";"Участвует в конкурсе";"2197633";"—"
"2612";"16";"—";"176000";"54 58 61";"3000";"Участвует в конкурсе";"2341532";"—"
"2613";"8";"—";"175000";"62 52 61";"—";"Участвует в конкурсе";"1178805";"—"
"2614";"18";"—";"175000";"59 64 52";"—";"Участвует в конкурсе";"1652760";"—"
"2615";"8";"—";"175000";"56 64 55";"—";"Участвует в конкурсе";"2000264";"—"
"2616";"8";"Электронное";"175000";"62 52 58";"3000";"Участвует в конкурсе";"2214788";"—"
"2617";"2";"Электронное";"175000";"56 64 52";"3000";"Участвует в конкурсе";"1337567";"—"
"2618";"9";"—";"175000";"51 70 51";"3000";"Участвует в конкурсе";"1248596";"—"
"2621";"4";"—";"174000";"59 72 43";"—";"Участвует в конкурсе";"2296944";"—"
"2622";"20";"—";"174000";"59 64 51";"—";"Участвует в конкурсе";"1080048";"—"
"2623";"4";"Электронное";"174000";"56 70 48";"—";"Участвует в конкурсе";"1347040";"—"
"2624";"8";"—";"174000";"56 58 60";"—";"Участвует в конкурсе";"2381287";"—"
"2625";"6";"—";"174000";"46 70 58";"—";"Участвует в конкурсе";"2425492";"—"
"2626";"10";"—";"174000";"46 74 52";"2000";"Участвует в конкурсе";"1799324";"—"
"2627";"14";"—";"174000";"59 52 60";"3000";"Участвует в конкурсе";"1580135";"—"
"2628";"5";"Электронное";"174000";"46 64 61";"3000";"Участвует в конкурсе";"2268042";"—"
"2629";"1";"—";"173000";"75 46 52";"—";"Участвует в конкурсе";"2142576";"—"
"2631";"1";"Электронное";"173000";"70 58 45";"—";"Участвует в конкурсе";"1908718";"—"
"2632";"4";"—";"173000";"64 58 51";"—";"Участвует в конкурсе";"2176844";"—"
"2634";"9";"—";"173000";"54 58 61";"—";"Участвует в конкурсе";"1882656";"—"
"2635";"19";"Электронное";"172000";"62 58 52";"—";"Участвует в конкурсе";"1851972";"—"
"2636";"7";"Электронное";"172000";"62 58 52";"—";"Участвует в конкурсе";"1329672";"—"
"2637";"4";"—";"172000";"54 58 60";"—";"Участвует в конкурсе";"1581666";"—"
"2638";"8";"—";"172000";"51 72 49";"—";"Участвует в конкурсе";"2254547";"—"
"2639";"2";"Электронное";"172000";"64 46 60";"2000";"Участвует в конкурсе";"1443862";"—"
"2640";"10";"Электронное";"171000";"62 52 57";"—";"Участвует в конкурсе";"2289814";"—"
"2641";"4";"—";"171000";"59 64 48";"—";"Участвует в конкурсе";"2416459";"—"
"2642";"14";"Электронное";"171000";"59 58 54";"—";"Участвует в конкурсе";"1910723";"—"
"2643";"8";"Электронное";"171000";"67 58 43";"3000";"Участвует в конкурсе";"2220723";"—"
"2645";"2";"Электронное";"170000";"70 46 54";"—";"Участвует в конкурсе";"1328961";"—"
"2646";"4";"—";"170000";"64 58 48";"—";"Участвует в конкурсе";"1561719";"—"
"2647";"7";"Электронное";"170000";"56 72 42";"—";"Участвует в конкурсе";"1277656";"—"
"2648";"3";"—";"170000";"54 76 40";"—";"Участвует в конкурсе";"2390885";"—"
"2649";"3";"—";"170000";"48 58 64";"—";"Участвует в конкурсе";"2090392";"—"
"2650";"10";"—";"170000";"51 52 63";"4000";"Участвует в конкурсе";"1614707";"—"
"2651";"4";"Электронное";"169000";"48 52 69";"—";"Участвует в конкурсе";"1244809";"—"
"2652";"7";"—";"169000";"54 70 43";"2000";"Участвует в конкурсе";"2274306";"—"
"2653";"9";"—";"169000";"51 52 63";"3000";"Участвует в конкурсе";"2095749";"—"
"2654";"7";"Электронное";"169000";"48 64 54";"3000";"Участвует в конкурсе";"2302507";"—"
"2655";"3";"—";"168000";"62 58 48";"—";"Участвует в конкурсе";"1175423";"—"
"2657";"13";"Электронное";"168000";"56 70 42";"—";"Участвует в конкурсе";"1430446";"—"
"2658";"11";"—";"168000";"56 52 60";"—";"Участвует в конкурсе";"2273348";"—"
"2659";"8";"—";"168000";"59 58 48";"3000";"Участвует в конкурсе";"2132318";"—"
"2661";"8";"—";"167000";"51 64 52";"—";"Участвует в конкурсе";"1646652";"—"
"2662";"11";"Электронное";"167000";"46 64 57";"—";"Участвует в конкурсе";"2244016";"—"
"2663";"6";"—";"166000";"59 58 49";"—";"Участвует в конкурсе";"831396";"—"
"2664";"11";"—";"166000";"59 52 55";"—";"Участвует в конкурсе";"1153736";"—"
"2665";"2";"Электронное";"166000";"54 64 48";"—";"Участвует в конкурсе";"2004709";"—"
"2666";"6";"Электронное";"166000";"51 64 51";"—";"Участвует в конкурсе";"1181860";"—"
"2667";"10";"—";"166000";"51 64 51";"—";"Участвует в конкурсе";"2100989";"—"
"2668";"13";"—";"166000";"59 52 48";"7000";"Участвует в конкурсе";"1547846";"—"
"2669";"4";"—";"165000";"56 58 51";"—";"Участвует в конкурсе";"1974876";"—"
"2670";"8";"—";"164000";"54 52 58";"—";"Участвует в конкурсе";"2127860";"—"
"2671";"9";"—";"164000";"48 64 52";"—";"Участвует в конкурсе";"1269614";"—"
"2672";"12";"—";"164000";"46 58 58";"2000";"Участвует в конкурсе";"1055473";"—"
"2673";"2";"Электронное";"163000";"62 58 43";"—";"Участвует в конкурсе";"1795155";"—"
"2674";"3";"Электронное";"163000";"62 40 61";"—";"Участвует в конкурсе";"1361721";"—"
"2675";"4";"—";"163000";"56 64 43";"—";"Участвует в конкурсе";"2308608";"—"
"2676";"6";"—";"163000";"54 58 51";"—";"Участвует в конкурсе";"2411829";"—"
"2677";"14";"—";"163000";"54 52 57";"—";"Участвует в конкурсе";"2246710";"—"
"2678";"7";"—";"163000";"54 52 57";"—";"Участвует в конкурсе";"2314759";"—"
"2679";"7";"—";"161000";"46 58 57";"—";"Участвует в конкурсе";"1287741";"—"
"2680";"11";"—";"161000";"46 58 54";"3000";"Участвует в конкурсе";"1695698";"—"
"2681";"2";"Электронное";"161000";"51 52 48";"10000";"Участвует в конкурсе";"1389123";"—"
"2682";"9";"Электронное";"160000";"48 46 66";"—";"Участвует в конкурсе";"1719613";"—"
"2683";"2";"—";"160000";"64 40 46";"10000";"Участвует в конкурсе";"1441065";"—"
"2685";"7";"Электронное";"159000";"46 52 61";"—";"Участвует в конкурсе";"1843206";"—"
"2686";"6";"—";"159000";"46 52 57";"4000";"Участвует в конкурсе";"2371119";"—"
"2687";"11";"—";"159000";"59 46 49";"5000";"Участвует в конкурсе";"1542157";"—"
"2688";"8";"—";"159000";"54 52 43";"10000";"Участвует в конкурсе";"2253931";"—"
"2689";"2";"—";"158000";"48 58 52";"—";"Участвует в конкурсе";"2369992";"—"
"2690";"6";"Электронное";"158000";"46 64 48";"—";"Участвует в конкурсе";"2269202";"—"
"2691";"7";"—";"158000";"46 58 54";"—";"Участвует в конкурсе";"1847787";"—"
"2692";"3";"—";"158000";"46 52 60";"—";"Участвует в конкурсе";"2356065";"—"
"2693";"9";"—";"157000";"62 46 49";"—";"Участвует в конкурсе";"1896147";"—"
"2694";"7";"—";"157000";"56 52 49";"—";"Участвует в конкурсе";"1366346";"—"
"2695";"6";"—";"157000";"54 46 57";"—";"Участвует в конкурсе";"1078275";"—"
"2696";"10";"—";"157000";"46 58 51";"2000";"Участвует в конкурсе";"1792336";"—"
"2697";"7";"—";"157000";"51 46 55";"5000";"Участвует в конкурсе";"1361777";"—"
"2698";"7";"—";"156000";"46 58 52";"—";"Участвует в конкурсе";"2224644";"—"
"2699";"5";"Электронное";"155000";"46 52 57";"—";"Участвует в конкурсе";"2177322";"—"
"2700";"15";"—";"155000";"46 52 57";"—";"Участвует в конкурсе";"2314989";"—"
"2701";"2";"—";"154000";"51 58 45";"—";"Участвует в конкурсе";"2394638";"—"
"2702";"13";"Электронное";"154000";"51 52 51";"—";"Участвует в конкурсе";"2241018";"—"
"2703";"8";"—";"154000";"56 52 43";"3000";"Участвует в конкурсе";"1195359";"—"
"2704";"7";"Электронное";"153000";"51 46 54";"2000";"Участвует в конкурсе";"1404170";"—"
"2705";"3";"—";"152000";"51 52 49";"—";"Участвует в конкурсе";"1940661";"—"
"2707";"8";"Электронное";"152000";"46 58 48";"—";"Участвует в конкурсе";"2281945";"—"
"2708";"4";"—";"152000";"56 40 51";"5000";"Участвует в конкурсе";"952260";"—"
"2710";"13";"Электронное";"151000";"48 58 45";"—";"Участвует в конкурсе";"2389803";"—"
"2711";"10";"Электронное";"151000";"48 40 61";"2000";"Участвует в конкурсе";"2264793";"—"
"2712";"1";"—";"150000";"46 64 40";"—";"Участвует в конкурсе";"1145405";"—"
"2715";"1";"—";"150000";"46 46 55";"3000";"Участвует в конкурсе";"1722480";"—"
"2716";"4";"Электронное";"149000";"48 40 61";"—";"Участвует в конкурсе";"2367641";"—"
"2717";"10";"—";"149000";"46 58 45";"—";"Участвует в конкурсе";"2242537";"—"
"2718";"12";"Электронное";"148000";"51 46 51";"—";"Участвует в конкурсе";"1951946";"—"
"2719";"2";"—";"146000";"48 46 52";"—";"Участвует в конкурсе";"2405078";"—"
"2720";"7";"Электронное";"146000";"46 52 48";"—";"Участвует в конкурсе";"1311714";"—"
"2721";"8";"Электронное";"146000";"46 52 48";"—";"Участвует в конкурсе";"1194876";"—"
"2722";"4";"Электронное";"146000";"46 52 48";"—";"Участвует в конкурсе";"2314654";"—"
"2723";"8";"Электронное";"145000";"54 46 45";"—";"Участвует в конкурсе";"2383728";"—"
"2724";"5";"Электронное";"145000";"51 40 54";"—";"Участвует в конкурсе";"1794581";"—"
"2725";"13";"—";"145000";"48 52 45";"—";"Участвует в конкурсе";"2124069";"—"
"2726";"6";"—";"144000";"46 58 40";"—";"Участвует в конкурсе";"1515433";"—"
"2727";"4";"—";"144000";"46 46 52";"—";"Участвует в конкурсе";"1761346";"—"
"2728";"3";"Электронное";"144000";"46 40 58";"—";"Участвует в конкурсе";"2239076";"—"
"2729";"9";"Электронное";"143000";"51 46 46";"—";"Участвует в конкурсе";"2303993";"—"
"2730";"5";"—";"142000";"62 40 40";"—";"Участвует в конкурсе";"2308073";"—"
"2731";"7";"—";"141000";"46 46 49";"—";"Участвует в конкурсе";"2273288";"—"
"2732";"2";"Электронное";"141000";"51 46 42";"2000";"Участвует в конкурсе";"1385392";"—"
"2733";"7";"Электронное";"140000";"51 40 49";"—";"Участвует в конкурсе";"1576236";"—"
"2734";"11";"Электронное";"140000";"48 52 40";"—";"Участвует в конкурсе";"1950635";"—"
"2735";"6";"Электронное";"139000";"48 46 45";"—";"Участвует в конкурсе";"1336327";"—"
"2736";"2";"Электронное";"138000";"46 46 46";"—";"Участвует в конкурсе";"2158946";"—"
"2737";"5";"Электронное";"136000";"51 40 45";"—";"Участвует в конкурсе";"2179375";"—"
"2739";"4";"—";"134000";"48 40 43";"3000";"Участвует в конкурсе";"2208126";"—"
