"Порядковый номер";"Приоритет конкурса";"Наличие договора";"Сумма баллов";"Баллы за ВИ";"Баллы за ИД";"Статус";"Код поступающего";"Дата выбора конкурсной группы по Москве"
"1";"3";"—";"304000";"98 99 97";"10000";"Участвует в конкурсе";"1914761";"—"
"2";"9";"—";"300000";"98 98 94";"10000";"Участвует в конкурсе";"1202951";"—"
"3";"15";"—";"300000";"95 98 97";"10000";"Участвует в конкурсе";"1331541";"—"
"4";"4";"—";"299000";"93 96 100";"10000";"Участвует в конкурсе";"1516062";"—"
"5";"19";"—";"297000";"98 100 89";"10000";"Участвует в конкурсе";"1167293";"—"
"6";"16";"—";"297000";"95 92 100";"10000";"Участвует в конкурсе";"1501339";"—"
"8";"12";"—";"296000";"100 86 100";"10000";"Участвует в конкурсе";"1702101";"—"
"9";"13";"—";"296000";"90 96 100";"10000";"Участвует в конкурсе";"1334560";"—"
"10";"20";"—";"295000";"95 99 91";"10000";"Участвует в конкурсе";"1783449";"—"
"11";"3";"—";"295000";"90 98 97";"10000";"Участвует в конкурсе";"2341831";"—"
"12";"6";"—";"294000";"95 92 97";"10000";"Участвует в конкурсе";"1333982";"—"
"13";"16";"—";"293000";"100 94 89";"10000";"Участвует в конкурсе";"2134514";"—"
"15";"10";"—";"292000";"98 100 89";"5000";"Участвует в конкурсе";"1637473";"—"
"16";"14";"—";"292000";"100 95 89";"8000";"Участвует в конкурсе";"1788572";"—"
"17";"3";"—";"292000";"95 98 89";"10000";"Участвует в конкурсе";"2000936";"—"
"18";"13";"—";"291000";"95 92 94";"10000";"Участвует в конкурсе";"1963797";"—"
"19";"5";"—";"291000";"93 97 91";"10000";"Участвует в конкурсе";"1493568";"—"
"20";"17";"—";"290000";"95 96 89";"10000";"Участвует в конкурсе";"1729121";"—"
"21";"7";"—";"290000";"93 90 97";"10000";"Участвует в конкурсе";"1983588";"—"
"22";"10";"—";"290000";"90 96 94";"10000";"Участвует в конкурсе";"1536693";"—"
"23";"14";"—";"290000";"88 95 97";"10000";"Участвует в конкурсе";"2005775";"—"
"24";"14";"—";"289000";"95 98 91";"5000";"Участвует в конкурсе";"1175736";"—"
"25";"13";"—";"288000";"85 96 97";"10000";"Участвует в конкурсе";"1200904";"—"
"26";"14";"—";"287000";"95 96 86";"10000";"Участвует в конкурсе";"1652121";"—"
"27";"20";"—";"287000";"90 90 97";"10000";"Участвует в конкурсе";"1493775";"—"
"29";"11";"—";"286000";"90 92 94";"10000";"Участвует в конкурсе";"2415700";"—"
"30";"9";"—";"285000";"100 94 81";"10000";"Участвует в конкурсе";"1904436";"—"
"31";"10";"—";"284000";"98 100 86";"—";"Участвует в конкурсе";"1915078";"—"
"32";"10";"—";"284000";"95 92 94";"3000";"Участвует в конкурсе";"1203083";"—"
"33";"13";"—";"284000";"100 88 86";"10000";"Участвует в конкурсе";"1174226";"—"
"34";"16";"—";"284000";"93 95 86";"10000";"Участвует в конкурсе";"1214535";"—"
"35";"4";"—";"284000";"93 95 86";"10000";"Участвует в конкурсе";"1953967";"—"
"36";"4";"—";"283000";"90 94 89";"10000";"Участвует в конкурсе";"1705022";"—"
"37";"14";"—";"281000";"95 92 94";"—";"Участвует в конкурсе";"1995422";"—"
"38";"4";"—";"281000";"95 98 86";"2000";"Участвует в конкурсе";"1666321";"—"
"39";"8";"—";"281000";"100 88 83";"10000";"Участвует в конкурсе";"1782077";"—"
"40";"8";"—";"281000";"95 90 86";"10000";"Участвует в конкурсе";"2222914";"—"
"41";"5";"—";"281000";"90 95 86";"10000";"Участвует в конкурсе";"1949664";"—"
"42";"16";"—";"281000";"90 95 86";"10000";"Участвует в конкурсе";"1959799";"—"
"43";"6";"—";"280000";"100 94 83";"3000";"Участвует в конкурсе";"2092669";"—"
"44";"4";"—";"280000";"95 92 83";"10000";"Участвует в конкурсе";"1180537";"—"
"45";"9";"—";"280000";"93 94 83";"10000";"Участвует в конкурсе";"2060704";"—"
"46";"8";"—";"280000";"93 88 89";"10000";"Участвует в конкурсе";"2117392";"—"
"47";"20";"—";"280000";"90 97 83";"10000";"Участвует в конкурсе";"1675328";"—"
"48";"19";"—";"280000";"88 96 86";"10000";"Участвует в конкурсе";"1280884";"—"
"49";"14";"—";"279000";"98 100 81";"—";"Участвует в конкурсе";"2179972";"—"
"50";"8";"—";"279000";"98 95 86";"—";"Участвует в конкурсе";"1854914";"—"
"51";"29";"—";"279000";"98 88 83";"10000";"Участвует в конкурсе";"2219230";"—"
"52";"5";"—";"279000";"95 96 78";"10000";"Участвует в конкурсе";"2309001";"—"
"53";"21";"—";"279000";"95 88 86";"10000";"Участвует в конкурсе";"2170924";"—"
"54";"14";"—";"279000";"90 96 83";"10000";"Участвует в конкурсе";"2071592";"—"
"56";"25";"—";"279000";"90 88 91";"10000";"Участвует в конкурсе";"1788034";"—"
"57";"20";"—";"279000";"88 92 89";"10000";"Участвует в конкурсе";"2260910";"—"
"58";"19";"—";"278000";"93 97 78";"10000";"Участвует в конкурсе";"2099279";"—"
"59";"12";"—";"278000";"90 95 83";"10000";"Участвует в конкурсе";"1755808";"—"
"60";"25";"—";"278000";"83 99 86";"10000";"Участвует в конкурсе";"1795014";"—"
"61";"7";"—";"278000";"83 94 91";"10000";"Участвует в конкурсе";"2035422";"—"
"62";"6";"—";"277000";"100 94 83";"—";"Участвует в конкурсе";"2310371";"—"
"63";"10";"—";"277000";"100 94 81";"2000";"Участвует в конкурсе";"1710356";"—"
"64";"9";"—";"277000";"93 95 86";"3000";"Участвует в конкурсе";"2057172";"—"
"65";"10";"—";"277000";"88 90 94";"5000";"Участвует в конкурсе";"1291026";"—"
"66";"14";"—";"277000";"95 97 75";"10000";"Участвует в конкурсе";"971765";"—"
"67";"17";"—";"277000";"90 94 83";"10000";"Участвует в конкурсе";"2257901";"—"
"68";"18";"—";"277000";"85 88 94";"10000";"Участвует в конкурсе";"1584455";"—"
"69";"7";"—";"277000";"83 90 94";"10000";"Участвует в конкурсе";"1565127";"—"
"70";"17";"—";"277000";"80 98 89";"10000";"Участвует в конкурсе";"1332216";"—"
"71";"18";"—";"276000";"90 95 89";"2000";"Участвует в конкурсе";"2197828";"—"
"72";"10";"—";"276000";"95 80 91";"10000";"Участвует в конкурсе";"2101357";"—"
"73";"20";"—";"276000";"88 97 81";"10000";"Участвует в конкурсе";"1881507";"—"
"74";"7";"—";"275000";"90 86 89";"10000";"Участвует в конкурсе";"2133199";"—"
"75";"15";"—";"275000";"83 88 94";"10000";"Участвует в конкурсе";"2141022";"—"
"76";"4";"—";"275000";"80 94 91";"10000";"Участвует в конкурсе";"1194504";"—"
"77";"18";"—";"274000";"83 90 94";"7000";"Участвует в конкурсе";"1729657";"—"
"78";"18";"—";"274000";"90 88 86";"10000";"Участвует в конкурсе";"1408384";"—"
"79";"13";"—";"274000";"85 88 91";"10000";"Участвует в конкурсе";"1620198";"—"
"80";"13";"—";"274000";"83 95 86";"10000";"Участвует в конкурсе";"1601346";"—"
"81";"5";"—";"273000";"95 92 86";"—";"Участвует в конкурсе";"1082593";"—"
"82";"17";"—";"273000";"98 95 78";"2000";"Участвует в конкурсе";"1244657";"—"
"83";"9";"—";"273000";"88 92 91";"2000";"Участвует в конкурсе";"1786326";"—"
"84";"13";"—";"273000";"95 90 78";"10000";"Участвует в конкурсе";"2318493";"—"
"85";"9";"—";"273000";"93 84 86";"10000";"Участвует в конкурсе";"1975290";"—"
"86";"18";"—";"273000";"90 90 83";"10000";"Участвует в конкурсе";"1995262";"—"
"87";"3";"—";"273000";"88 94 81";"10000";"Участвует в конкурсе";"1516350";"—"
"88";"10";"—";"272000";"98 96 78";"—";"Участвует в конкурсе";"1702271";"—"
"89";"23";"—";"272000";"93 98 81";"—";"Участвует в конкурсе";"1791564";"—"
"91";"5";"—";"272000";"88 88 86";"10000";"Участвует в конкурсе";"1915560";"—"
"92";"14";"—";"272000";"85 96 81";"10000";"Участвует в конкурсе";"1416387";"—"
"94";"4";"—";"272000";"83 90 89";"10000";"Участвует в конкурсе";"1197146";"—"
"95";"10";"—";"271000";"90 95 83";"3000";"Участвует в конкурсе";"1708732";"—"
"96";"19";"—";"271000";"85 90 89";"7000";"Участвует в конкурсе";"1465820";"—"
"97";"4";"—";"271000";"88 90 83";"10000";"Участвует в конкурсе";"1185036";"—"
"98";"24";"—";"271000";"85 98 78";"10000";"Участвует в конкурсе";"1724996";"—"
"99";"23";"—";"271000";"83 95 83";"10000";"Участвует в конкурсе";"960464";"—"
"100";"6";"—";"271000";"78 92 91";"10000";"Участвует в конкурсе";"1178784";"—"
"101";"18";"—";"270000";"93 95 72";"10000";"Участвует в конкурсе";"1516957";"—"
"102";"20";"—";"270000";"93 92 75";"10000";"Участвует в конкурсе";"1197134";"—"
"103";"28";"—";"270000";"93 86 81";"10000";"Участвует в конкурсе";"1405382";"—"
"104";"15";"—";"270000";"90 97 73";"10000";"Участвует в конкурсе";"1730696";"—"
"105";"20";"—";"270000";"83 86 91";"10000";"Участвует в конкурсе";"1585307";"—"
"106";"5";"—";"270000";"80 86 94";"10000";"Участвует в конкурсе";"1122763";"—"
"107";"7";"—";"269000";"85 90 94";"—";"Участвует в конкурсе";"1358534";"—"
"108";"17";"—";"269000";"83 95 89";"2000";"Участвует в конкурсе";"1981536";"—"
"109";"13";"—";"269000";"95 90 81";"3000";"Участвует в конкурсе";"2310253";"—"
"110";"27";"—";"269000";"93 84 89";"3000";"Участвует в конкурсе";"1409106";"—"
"111";"19";"—";"269000";"85 90 91";"3000";"Участвует в конкурсе";"1992429";"—"
"112";"4";"—";"269000";"80 84 100";"5000";"Участвует в конкурсе";"2127681";"—"
"113";"5";"—";"269000";"98 72 89";"10000";"Участвует в конкурсе";"1964745";"—"
"114";"15";"—";"269000";"90 88 81";"10000";"Участвует в конкурсе";"1343007";"—"
"115";"11";"—";"269000";"90 86 83";"10000";"Участвует в конкурсе";"1616900";"—"
"116";"12";"—";"269000";"88 90 81";"10000";"Участвует в конкурсе";"2303660";"—"
"117";"5";"—";"269000";"88 88 83";"10000";"Участвует в конкурсе";"1719894";"—"
"118";"10";"—";"269000";"85 88 86";"10000";"Участвует в конкурсе";"2177984";"—"
"119";"9";"—";"269000";"83 90 86";"10000";"Участвует в конкурсе";"2315090";"—"
"121";"6";"—";"268000";"88 88 86";"6000";"Участвует в конкурсе";"1690345";"—"
"122";"13";"—";"268000";"95 82 83";"8000";"Участвует в конкурсе";"1253719";"—"
"123";"13";"—";"268000";"95 80 83";"10000";"Участвует в конкурсе";"2028980";"—"
"124";"14";"—";"268000";"90 90 78";"10000";"Участвует в конкурсе";"1417152";"—"
"125";"13";"—";"268000";"90 82 86";"10000";"Участвует в конкурсе";"1500822";"—"
"126";"9";"—";"268000";"88 95 75";"10000";"Участвует в конкурсе";"1403507";"—"
"127";"16";"—";"268000";"88 84 86";"10000";"Участвует в конкурсе";"1862589";"—"
"128";"9";"—";"268000";"85 92 81";"10000";"Участвует в конкурсе";"1116560";"—"
"129";"12";"—";"268000";"83 84 91";"10000";"Участвует в конкурсе";"1199422";"—"
"130";"10";"—";"268000";"83 84 91";"10000";"Участвует в конкурсе";"1309691";"—"
"131";"6";"—";"268000";"80 84 94";"10000";"Участвует в конкурсе";"1794083";"—"
"132";"6";"—";"268000";"72 92 94";"10000";"Участвует в конкурсе";"1962181";"—"
"133";"21";"—";"267000";"85 82 100";"—";"Участвует в конкурсе";"1648966";"—"
"134";"20";"—";"267000";"80 90 97";"—";"Участвует в конкурсе";"1655764";"—"
"136";"19";"—";"267000";"90 76 91";"10000";"Участвует в конкурсе";"2225944";"—"
"137";"6";"—";"267000";"88 88 81";"10000";"Участвует в конкурсе";"1212994";"—"
"138";"25";"—";"267000";"85 86 86";"10000";"Участвует в конкурсе";"2056568";"—"
"139";"14";"—";"266000";"100 80 86";"—";"Участвует в конкурсе";"1916586";"—"
"140";"18";"—";"266000";"90 90 86";"—";"Участвует в конкурсе";"1289248";"—"
"141";"12";"—";"266000";"80 95 91";"—";"Участвует в конкурсе";"1753966";"—"
"142";"8";"—";"266000";"93 95 75";"3000";"Участвует в конкурсе";"2252536";"—"
"143";"8";"—";"266000";"90 84 89";"3000";"Участвует в конкурсе";"1487062";"—"
"144";"8";"—";"266000";"95 92 69";"10000";"Участвует в конкурсе";"2343231";"—"
"145";"7";"—";"266000";"93 80 83";"10000";"Участвует в конкурсе";"2314984";"—"
"146";"15";"—";"266000";"90 80 86";"10000";"Участвует в конкурсе";"2176499";"—"
"147";"5";"—";"266000";"88 82 86";"10000";"Участвует в конкурсе";"1353624";"—"
"148";"10";"—";"266000";"85 82 89";"10000";"Участвует в конкурсе";"2050195";"—"
"149";"22";"—";"266000";"83 92 81";"10000";"Участвует в конкурсе";"2241659";"—"
"150";"11";"—";"266000";"83 82 91";"10000";"Участвует в конкурсе";"1907619";"—"
"151";"5";"—";"266000";"78 84 94";"10000";"Участвует в конкурсе";"1983774";"—"
"152";"5";"—";"266000";"75 90 91";"10000";"Участвует в конкурсе";"2028287";"—"
"153";"19";"—";"265000";"90 94 81";"—";"Участвует в конкурсе";"1285331";"—"
"154";"17";"—";"265000";"90 92 83";"—";"Участвует в конкурсе";"2407455";"—"
"155";"6";"—";"265000";"88 86 89";"2000";"Участвует в конкурсе";"1441778";"—"
"156";"18";"—";"265000";"90 94 78";"3000";"Участвует в конкурсе";"2050853";"—"
"157";"9";"—";"265000";"78 95 89";"3000";"Участвует в конкурсе";"1350730";"—"
"158";"12";"—";"265000";"90 92 73";"10000";"Участвует в конкурсе";"1716208";"—"
"159";"9";"—";"265000";"88 86 81";"10000";"Участвует в конкурсе";"1963857";"—"
"161";"1";"—";"264000";"90 96 78";"—";"Участвует в конкурсе";"1317735";"—"
"162";"5";"—";"264000";"93 95 73";"3000";"Участвует в конкурсе";"1612339";"—"
"163";"16";"—";"264000";"93 82 86";"3000";"Участвует в конкурсе";"1619733";"—"
"164";"6";"—";"264000";"88 92 81";"3000";"Участвует в конкурсе";"1182902";"—"
"165";"20";"—";"264000";"88 88 78";"10000";"Участвует в конкурсе";"1655125";"—"
"166";"23";"—";"264000";"88 80 86";"10000";"Участвует в конкурсе";"1650102";"—"
"167";"8";"—";"264000";"88 80 86";"10000";"Участвует в конкурсе";"2325670";"—"
"168";"18";"—";"263000";"98 82 83";"—";"Участвует в конкурсе";"1413445";"—"
"169";"3";"—";"263000";"93 98 72";"—";"Участвует в конкурсе";"2031579";"—"
"170";"9";"—";"263000";"90 90 83";"—";"Участвует в конкурсе";"1357157";"—"
"171";"13";"—";"263000";"85 84 94";"—";"Участвует в конкурсе";"2042943";"—"
"172";"4";"—";"263000";"83 84 94";"2000";"Участвует в конкурсе";"1251594";"—"
"173";"4";"—";"263000";"80 92 89";"2000";"Участвует в конкурсе";"1308311";"—"
"174";"7";"—";"263000";"90 95 75";"3000";"Участвует в конкурсе";"2244388";"—"
"175";"5";"—";"263000";"88 86 83";"6000";"Участвует в конкурсе";"1656744";"—"
"176";"9";"—";"263000";"80 86 89";"8000";"Участвует в конкурсе";"1713076";"—"
"177";"26";"—";"263000";"95 86 72";"10000";"Участвует в конкурсе";"1993814";"—"
"178";"13";"—";"263000";"90 80 83";"10000";"Участвует в конкурсе";"1642720";"—"
"180";"11";"—";"263000";"88 92 73";"10000";"Участвует в конкурсе";"2183027";"—"
"181";"5";"—";"263000";"85 90 78";"10000";"Участвует в конкурсе";"1241208";"—"
"182";"9";"—";"263000";"85 82 86";"10000";"Участвует в конкурсе";"1636155";"—"
"184";"1";"—";"263000";"80 90 83";"10000";"Участвует в конкурсе";"1599498";"—"
"185";"5";"—";"263000";"80 82 91";"10000";"Участвует в конкурсе";"1791667";"—"
"186";"16";"—";"263000";"78 94 81";"10000";"Участвует в конкурсе";"1492703";"—"
"187";"21";"—";"262000";"90 86 83";"3000";"Участвует в конкурсе";"1565862";"—"
"188";"16";"—";"262000";"78 90 91";"3000";"Участвует в конкурсе";"1726406";"—"
"189";"12";"—";"262000";"93 86 73";"10000";"Участвует в конкурсе";"2252296";"—"
"190";"6";"—";"262000";"88 78 86";"10000";"Участвует в конкурсе";"1684713";"—"
"191";"7";"—";"262000";"83 78 91";"10000";"Участвует в конкурсе";"2221902";"—"
"192";"5";"—";"262000";"75 80 97";"10000";"Участвует в конкурсе";"2179151";"—"
"193";"2";"—";"261000";"85 88 86";"2000";"Участвует в конкурсе";"1942926";"—"
"194";"17";"—";"261000";"88 76 94";"3000";"Участвует в конкурсе";"1838852";"—"
"195";"15";"—";"261000";"83 86 89";"3000";"Участвует в конкурсе";"2162234";"—"
"196";"7";"—";"261000";"78 94 86";"3000";"Участвует в конкурсе";"1331846";"—"
"197";"25";"—";"261000";"90 82 81";"8000";"Участвует в конкурсе";"1619145";"—"
"198";"18";"—";"261000";"83 90 78";"10000";"Участвует в конкурсе";"1441421";"—"
"199";"7";"—";"260000";"98 90 72";"—";"Участвует в конкурсе";"2191929";"—"
"200";"14";"—";"260000";"88 86 86";"—";"Участвует в конкурсе";"2076244";"—"
"201";"26";"—";"260000";"85 86 89";"—";"Участвует в конкурсе";"2088091";"—"
"202";"15";"—";"260000";"72 94 89";"5000";"Участвует в конкурсе";"2047526";"—"
"203";"20";"—";"260000";"90 88 72";"10000";"Участвует в конкурсе";"2271395";"—"
"204";"2";"—";"260000";"90 82 78";"10000";"Участвует в конкурсе";"974748";"—"
"205";"14";"—";"260000";"88 84 78";"10000";"Участвует в конкурсе";"1196595";"—"
"206";"18";"—";"260000";"85 95 70";"10000";"Участвует в конкурсе";"1680671";"—"
"207";"11";"—";"260000";"83 84 83";"10000";"Участвует в конкурсе";"1860530";"—"
"208";"3";"—";"259000";"95 94 70";"—";"Участвует в конкурсе";"1384544";"—"
"209";"19";"—";"259000";"95 78 86";"—";"Участвует в конкурсе";"1475965";"—"
"210";"9";"—";"259000";"88 96 75";"—";"Участвует в конкурсе";"1069308";"—"
"211";"17";"—";"259000";"88 82 89";"—";"Участвует в конкурсе";"2056464";"—"
"212";"18";"—";"259000";"85 88 86";"—";"Участвует в конкурсе";"1853077";"—"
"213";"9";"—";"259000";"78 92 89";"—";"Участвует в конкурсе";"2198741";"—"
"214";"14";"—";"259000";"90 84 83";"2000";"Участвует в конкурсе";"1048743";"—"
"215";"19";"—";"259000";"85 88 83";"3000";"Участвует в конкурсе";"1687492";"—"
"216";"3";"—";"259000";"85 82 89";"3000";"Участвует в конкурсе";"1256808";"—"
"217";"4";"—";"259000";"95 76 78";"10000";"Участвует в конкурсе";"1004569";"—"
"218";"4";"—";"259000";"93 84 72";"10000";"Участвует в конкурсе";"1858860";"—"
"219";"24";"—";"259000";"80 86 83";"10000";"Участвует в конкурсе";"1259912";"—"
"220";"8";"—";"259000";"80 80 89";"10000";"Участвует в конкурсе";"2003299";"—"
"221";"16";"—";"259000";"80 80 89";"10000";"Участвует в конкурсе";"1580223";"—"
"222";"22";"—";"259000";"78 82 89";"10000";"Участвует в конкурсе";"2180578";"—"
"223";"14";"—";"259000";"70 90 89";"10000";"Участвует в конкурсе";"1855068";"—"
"224";"3";"—";"258000";"90 82 86";"—";"Участвует в конкурсе";"984727";"—"
"225";"9";"—";"258000";"88 84 86";"—";"Участвует в конкурсе";"1844618";"—"
"226";"17";"—";"258000";"85 84 89";"—";"Участвует в конкурсе";"1715068";"—"
"227";"15";"—";"258000";"93 90 73";"2000";"Участвует в конкурсе";"1773041";"—"
"228";"21";"—";"258000";"88 92 73";"5000";"Участвует в конкурсе";"1831266";"—"
"229";"13";"—";"258000";"83 95 75";"5000";"Участвует в конкурсе";"1651059";"—"
"230";"14";"—";"258000";"83 92 78";"5000";"Участвует в конкурсе";"1200226";"—"
"231";"7";"—";"258000";"90 88 72";"8000";"Участвует в конкурсе";"1203711";"—"
"232";"8";"—";"258000";"95 72 81";"10000";"Участвует в конкурсе";"2257860";"—"
"233";"13";"—";"258000";"93 82 73";"10000";"Участвует в конкурсе";"2371750";"—"
"234";"4";"—";"258000";"85 100 63";"10000";"Участвует в конкурсе";"1503202";"—"
"235";"7";"—";"258000";"85 82 81";"10000";"Участвует в конкурсе";"1895378";"—"
"236";"10";"—";"258000";"83 82 83";"10000";"Участвует в конкурсе";"2051415";"—"
"237";"4";"—";"258000";"83 76 89";"10000";"Участвует в конкурсе";"1189909";"—"
"238";"14";"—";"258000";"78 76 94";"10000";"Участвует в конкурсе";"2082842";"—"
"240";"8";"—";"257000";"95 84 78";"—";"Участвует в конкурсе";"2054886";"—"
"241";"24";"—";"257000";"90 84 83";"—";"Участвует в конкурсе";"1594692";"—"
"242";"20";"—";"257000";"88 88 81";"—";"Участвует в конкурсе";"2368812";"—"
"243";"16";"—";"257000";"88 86 83";"—";"Участвует в конкурсе";"1252370";"—"
"245";"6";"—";"257000";"90 94 63";"10000";"Участвует в конкурсе";"2182937";"—"
"246";"7";"—";"257000";"88 86 73";"10000";"Участвует в конкурсе";"1290790";"—"
"247";"12";"—";"257000";"83 97 67";"10000";"Участвует в конкурсе";"1291340";"—"
"248";"7";"—";"257000";"83 86 78";"10000";"Участвует в конкурсе";"2166059";"—"
"249";"4";"—";"256000";"95 88 73";"—";"Участвует в конкурсе";"1683826";"—"
"250";"4";"—";"256000";"90 88 78";"—";"Участвует в конкурсе";"1195834";"—"
"251";"16";"—";"256000";"85 90 81";"—";"Участвует в конкурсе";"1715932";"—"
"252";"17";"—";"256000";"88 80 86";"2000";"Участвует в конкурсе";"1195622";"—"
"253";"7";"—";"256000";"95 86 72";"3000";"Участвует в конкурсе";"971405";"—"
"254";"5";"—";"256000";"85 82 86";"3000";"Участвует в конкурсе";"1649307";"—"
"255";"18";"—";"256000";"88 86 75";"7000";"Участвует в конкурсе";"1620348";"—"
"256";"6";"—";"256000";"88 82 78";"8000";"Участвует в конкурсе";"2213190";"—"
"257";"8";"—";"256000";"78 97 72";"9000";"Участвует в конкурсе";"2312445";"—"
"258";"10";"—";"256000";"88 86 72";"10000";"Участвует в конкурсе";"1983777";"—"
"259";"4";"—";"256000";"88 80 78";"10000";"Участвует в конкурсе";"1988432";"—"
"260";"14";"—";"256000";"85 80 81";"10000";"Участвует в конкурсе";"2251526";"—"
"261";"8";"—";"256000";"85 78 83";"10000";"Участвует в конкурсе";"1624954";"—"
"262";"20";"—";"256000";"83 80 83";"10000";"Участвует в конкурсе";"2173102";"—"
"263";"3";"—";"256000";"83 80 83";"10000";"Участвует в конкурсе";"2114449";"—"
"264";"11";"—";"256000";"80 80 86";"10000";"Участвует в конкурсе";"1417434";"—"
"265";"17";"—";"256000";"75 82 89";"10000";"Участвует в конкурсе";"1132644";"—"
"266";"7";"—";"256000";"67 90 89";"10000";"Участвует в конкурсе";"1179008";"—"
"267";"5";"—";"255000";"85 84 86";"—";"Участвует в конкурсе";"1650114";"—"
"268";"13";"—";"255000";"78 94 83";"—";"Участвует в конкурсе";"1678214";"—"
"269";"6";"—";"255000";"83 98 72";"2000";"Участвует в конкурсе";"1963061";"—"
"270";"3";"—";"255000";"78 88 86";"3000";"Участвует в конкурсе";"1952300";"—"
"271";"11";"—";"255000";"85 80 83";"7000";"Участвует в конкурсе";"1725009";"—"
"272";"15";"—";"255000";"75 92 81";"7000";"Участвует в конкурсе";"2344024";"—"
"273";"17";"—";"255000";"85 82 78";"10000";"Участвует в конкурсе";"1711939";"—"
"274";"7";"—";"255000";"83 84 78";"10000";"Участвует в конкурсе";"1652533";"—"
"275";"12";"—";"255000";"80 92 73";"10000";"Участвует в конкурсе";"1181853";"—"
"276";"1";"—";"255000";"80 84 81";"10000";"Участвует в конкурсе";"2200238";"—"
"277";"5";"—";"255000";"78 86 81";"10000";"Участвует в конкурсе";"1565459";"—"
"278";"26";"—";"254000";"90 92 72";"—";"Участвует в конкурсе";"1621064";"—"
"279";"4";"—";"254000";"85 78 91";"—";"Участвует в конкурсе";"1361622";"—"
"280";"10";"—";"254000";"83 88 83";"—";"Участвует в конкурсе";"1573732";"—"
"281";"23";"—";"254000";"93 90 69";"2000";"Участвует в конкурсе";"1679215";"—"
"282";"7";"—";"254000";"83 94 75";"2000";"Участвует в конкурсе";"1788809";"—"
"283";"1";"—";"254000";"93 84 72";"5000";"Участвует в конкурсе";"1561422";"—"
"284";"2";"—";"254000";"90 92 67";"5000";"Участвует в конкурсе";"1697239";"—"
"285";"4";"—";"254000";"78 88 81";"7000";"Участвует в конкурсе";"1313729";"—"
"286";"18";"—";"254000";"90 84 72";"8000";"Участвует в конкурсе";"2265069";"—"
"287";"19";"—";"254000";"85 78 81";"10000";"Участвует в конкурсе";"2119027";"—"
"288";"20";"—";"254000";"83 86 75";"10000";"Участвует в конкурсе";"2314319";"—"
"289";"4";"—";"254000";"80 78 86";"10000";"Участвует в конкурсе";"1567354";"—"
"290";"11";"—";"254000";"75 80 89";"10000";"Участвует в конкурсе";"1557768";"—"
"291";"7";"—";"253000";"98 74 81";"—";"Участвует в конкурсе";"2220679";"—"
"292";"18";"—";"253000";"93 90 70";"—";"Участвует в конкурсе";"2255566";"—"
"293";"14";"—";"253000";"83 92 78";"—";"Участвует в конкурсе";"1425201";"—"
"294";"23";"—";"253000";"85 90 75";"3000";"Участвует в конкурсе";"1781614";"—"
"295";"5";"—";"253000";"80 74 91";"8000";"Участвует в конкурсе";"2363368";"—"
"297";"5";"—";"253000";"72 96 75";"10000";"Участвует в конкурсе";"950232";"—"
"298";"10";"—";"253000";"70 82 91";"10000";"Участвует в конкурсе";"2366537";"—"
"299";"13";"—";"252000";"93 78 81";"—";"Участвует в конкурсе";"1556929";"—"
"300";"10";"—";"252000";"88 86 78";"—";"Участвует в конкурсе";"1252983";"—"
"301";"10";"—";"252000";"78 88 86";"—";"Участвует в конкурсе";"2342632";"—"
"302";"15";"—";"252000";"85 74 91";"2000";"Участвует в конкурсе";"1853060";"—"
"303";"6";"—";"252000";"83 86 81";"2000";"Участвует в конкурсе";"1265651";"—"
"304";"23";"—";"252000";"75 94 81";"2000";"Участвует в конкурсе";"1839999";"—"
"305";"5";"—";"252000";"93 84 72";"3000";"Участвует в конкурсе";"1937448";"—"
"306";"6";"—";"252000";"80 84 81";"7000";"Участвует в конкурсе";"1854849";"—"
"307";"2";"—";"252000";"88 78 78";"8000";"Участвует в конкурсе";"1635065";"—"
"308";"20";"—";"252000";"85 88 69";"10000";"Участвует в конкурсе";"1857371";"—"
"309";"15";"—";"252000";"85 84 73";"10000";"Участвует в конкурсе";"1618159";"—"
"310";"1";"—";"252000";"85 74 83";"10000";"Участвует в конкурсе";"1366763";"—"
"311";"4";"—";"252000";"80 76 86";"10000";"Участвует в конкурсе";"2004671";"—"
"312";"13";"—";"252000";"75 84 83";"10000";"Участвует в конкурсе";"1182475";"—"
"313";"11";"—";"252000";"70 78 94";"10000";"Участвует в конкурсе";"2121231";"—"
"314";"8";"—";"251000";"85 88 78";"—";"Участвует в конкурсе";"1579133";"—"
"315";"12";"—";"251000";"83 82 86";"—";"Участвует в конкурсе";"2218107";"—"
"316";"18";"—";"251000";"83 82 86";"—";"Участвует в конкурсе";"1163377";"—"
"317";"14";"—";"251000";"78 82 91";"—";"Участвует в конкурсе";"1192832";"—"
"318";"12";"—";"251000";"88 82 78";"3000";"Участвует в конкурсе";"2273712";"—"
"319";"5";"—";"251000";"85 90 73";"3000";"Участвует в конкурсе";"2339565";"—"
"320";"6";"—";"251000";"80 90 78";"3000";"Участвует в конкурсе";"2298674";"—"
"321";"12";"—";"251000";"93 86 66";"6000";"Участвует в конкурсе";"1365943";"—"
"322";"16";"—";"251000";"88 78 75";"10000";"Участвует в конкурсе";"1187147";"—"
"323";"4";"—";"251000";"83 72 86";"10000";"Участвует в конкурсе";"1817443";"—"
"324";"10";"—";"251000";"80 88 73";"10000";"Участвует в конкурсе";"2184783";"—"
"325";"15";"—";"251000";"80 78 83";"10000";"Участвует в конкурсе";"1200594";"—"
"326";"4";"—";"251000";"78 80 83";"10000";"Участвует в конкурсе";"1157979";"—"
"327";"15";"—";"250000";"85 90 75";"—";"Участвует в конкурсе";"1181882";"—"
"328";"7";"—";"250000";"85 84 81";"—";"Участвует в конкурсе";"1489613";"—"
"329";"10";"—";"250000";"83 76 91";"—";"Участвует в конкурсе";"2124279";"—"
"330";"3";"—";"250000";"80 84 86";"—";"Участвует в конкурсе";"1882249";"—"
"331";"8";"—";"250000";"80 84 86";"—";"Участвует в конкурсе";"1798520";"—"
"332";"22";"—";"250000";"88 76 83";"3000";"Участвует в конкурсе";"1542737";"—"
"333";"5";"—";"250000";"93 82 70";"5000";"Участвует в конкурсе";"2308131";"—"
"334";"25";"—";"250000";"85 80 75";"10000";"Участвует в конкурсе";"1423613";"—"
"335";"6";"—";"250000";"83 76 81";"10000";"Участвует в конкурсе";"2164745";"—"
"336";"2";"—";"249000";"90 86 73";"—";"Участвует в конкурсе";"1121940";"—"
"337";"23";"—";"249000";"83 80 86";"—";"Участвует в конкурсе";"1982816";"—"
"338";"3";"—";"249000";"80 88 81";"—";"Участвует в конкурсе";"2371556";"—"
"339";"1";"—";"249000";"88 84 75";"2000";"Участвует в конкурсе";"1648974";"—"
"340";"4";"—";"249000";"85 84 75";"5000";"Участвует в конкурсе";"1872712";"—"
"341";"3";"—";"249000";"88 86 69";"6000";"Участвует в конкурсе";"1348339";"—"
"342";"16";"—";"249000";"83 86 70";"10000";"Участвует в конкурсе";"1792209";"—"
"343";"5";"—";"249000";"64 86 89";"10000";"Участвует в конкурсе";"2253040";"—"
"344";"7";"—";"248000";"100 88 60";"—";"Участвует в конкурсе";"1281387";"—"
"345";"11";"—";"248000";"83 82 83";"—";"Участвует в конкурсе";"2247436";"—"
"346";"16";"—";"248000";"80 96 72";"—";"Участвует в конкурсе";"1359499";"—"
"347";"22";"—";"248000";"78 84 86";"—";"Участвует в конкурсе";"1578125";"—"
"348";"23";"—";"248000";"85 80 81";"2000";"Участвует в конкурсе";"1678840";"—"
"349";"18";"—";"248000";"85 90 70";"3000";"Участвует в конкурсе";"2141419";"—"
"350";"8";"—";"248000";"70 86 89";"3000";"Участвует в конкурсе";"2307724";"—"
"351";"4";"—";"248000";"85 78 75";"10000";"Участвует в конкурсе";"1933059";"—"
"352";"11";"—";"248000";"75 82 81";"10000";"Участвует в конкурсе";"2242471";"—"
"353";"16";"—";"248000";"75 82 81";"10000";"Участвует в конкурсе";"2004552";"—"
"354";"14";"—";"248000";"75 72 91";"10000";"Участвует в конкурсе";"1260821";"—"
"355";"18";"—";"247000";"93 82 72";"—";"Участвует в конкурсе";"2243305";"—"
"356";"8";"—";"247000";"88 84 75";"—";"Участвует в конкурсе";"1633981";"—"
"357";"9";"—";"247000";"85 90 72";"—";"Участвует в конкурсе";"1860849";"—"
"358";"5";"—";"247000";"83 95 69";"—";"Участвует в конкурсе";"1639079";"—"
"359";"17";"—";"247000";"83 78 86";"—";"Участвует в конкурсе";"1354230";"—"
"360";"7";"—";"247000";"80 86 81";"—";"Участвует в конкурсе";"2163021";"—"
"361";"19";"—";"247000";"80 76 91";"—";"Участвует в конкурсе";"1948356";"—"
"362";"6";"—";"247000";"78 78 91";"—";"Участвует в конкурсе";"1397215";"—"
"363";"5";"—";"247000";"90 82 72";"3000";"Участвует в конкурсе";"1209976";"—"
"364";"14";"—";"247000";"83 86 75";"3000";"Участвует в конкурсе";"2251782";"—"
"365";"23";"—";"247000";"75 88 81";"3000";"Участвует в конкурсе";"2246860";"—"
"366";"17";"—";"247000";"90 80 73";"4000";"Участвует в конкурсе";"1366563";"—"
"368";"5";"—";"247000";"80 82 75";"10000";"Участвует в конкурсе";"1899790";"—"
"370";"4";"—";"246000";"90 84 72";"—";"Участвует в конкурсе";"1571939";"—"
"371";"13";"—";"246000";"88 88 70";"—";"Участвует в конкурсе";"1835919";"—"
"372";"4";"—";"246000";"85 86 75";"—";"Участвует в конкурсе";"1617257";"—"
"373";"7";"—";"246000";"83 74 89";"—";"Участвует в конкурсе";"1191350";"—"
"374";"24";"—";"246000";"78 90 78";"—";"Участвует в конкурсе";"2259359";"—"
"375";"12";"—";"246000";"78 82 86";"—";"Участвует в конкурсе";"1350465";"—"
"376";"29";"—";"246000";"90 80 73";"3000";"Участвует в конкурсе";"2045213";"—"
"377";"10";"—";"246000";"83 90 70";"3000";"Участвует в конкурсе";"1649555";"—"
"378";"3";"—";"246000";"88 78 70";"10000";"Участвует в конкурсе";"1988515";"—"
"379";"17";"—";"246000";"78 72 86";"10000";"Участвует в конкурсе";"1499331";"—"
"380";"8";"—";"246000";"75 86 75";"10000";"Участвует в конкурсе";"1852289";"—"
"381";"17";"—";"245000";"90 82 73";"—";"Участвует в конкурсе";"1428253";"—"
"382";"4";"—";"245000";"85 88 72";"—";"Участвует в конкурсе";"2331374";"—"
"383";"4";"—";"245000";"80 92 73";"—";"Участвует в конкурсе";"1783503";"—"
"384";"25";"—";"245000";"78 94 73";"—";"Участвует в конкурсе";"1796506";"—"
"385";"25";"—";"245000";"78 84 83";"—";"Участвует в конкурсе";"1435716";"—"
"386";"10";"—";"245000";"80 82 81";"2000";"Участвует в конкурсе";"1284288";"—"
"387";"9";"—";"245000";"85 82 75";"3000";"Участвует в конкурсе";"1798317";"—"
"388";"1";"—";"245000";"83 86 73";"3000";"Участвует в конкурсе";"1258668";"—"
"389";"3";"—";"245000";"80 86 73";"6000";"Участвует в конкурсе";"2263277";"—"
"390";"11";"—";"245000";"90 90 58";"7000";"Участвует в конкурсе";"1637370";"—"
"391";"8";"—";"245000";"85 80 70";"10000";"Участвует в конкурсе";"2245282";"—"
"392";"6";"—";"245000";"80 86 69";"10000";"Участвует в конкурсе";"984674";"—"
"393";"20";"—";"245000";"78 84 73";"10000";"Участвует в конкурсе";"1946698";"—"
"394";"2";"—";"245000";"72 82 81";"10000";"Участвует в конкурсе";"1725531";"—"
"395";"4";"—";"244000";"90 82 72";"—";"Участвует в конкурсе";"2363438";"—"
"396";"13";"—";"244000";"86 86 72";"—";"Участвует в конкурсе";"1914936";"—"
"397";"19";"—";"244000";"83 88 73";"—";"Участвует в конкурсе";"2244194";"—"
"398";"8";"—";"244000";"83 86 75";"—";"Участвует в конкурсе";"1571692";"—"
"400";"5";"—";"244000";"80 92 72";"—";"Участвует в конкурсе";"1446274";"—"
"401";"13";"—";"244000";"80 86 78";"—";"Участвует в конкурсе";"1621692";"—"
"402";"4";"—";"244000";"75 86 83";"—";"Участвует в конкурсе";"1586766";"—"
"403";"28";"—";"244000";"85 86 70";"3000";"Участвует в конкурсе";"1432660";"—"
"404";"13";"—";"244000";"85 84 72";"3000";"Участвует в конкурсе";"1518122";"—"
"405";"9";"—";"244000";"80 80 81";"3000";"Участвует в конкурсе";"1502082";"—"
"406";"7";"—";"244000";"72 97 72";"3000";"Участвует в конкурсе";"1912445";"—"
"409";"1";"—";"244000";"80 76 78";"10000";"Участвует в конкурсе";"2425016";"—"
"410";"16";"—";"244000";"75 78 81";"10000";"Участвует в конкурсе";"2228274";"—"
"411";"9";"—";"244000";"72 84 78";"10000";"Участвует в конкурсе";"1754079";"—"
"412";"22";"—";"243000";"90 84 69";"—";"Участвует в конкурсе";"1576148";"—"
"413";"14";"—";"243000";"85 95 63";"—";"Участвует в конкурсе";"2005858";"—"
"414";"8";"—";"243000";"83 82 78";"—";"Участвует в конкурсе";"1520490";"—"
"415";"18";"—";"243000";"78 84 81";"—";"Участвует в конкурсе";"1406264";"—"
"416";"12";"—";"243000";"78 82 83";"—";"Участвует в конкурсе";"2340863";"—"
"417";"24";"—";"243000";"90 80 70";"3000";"Участвует в конкурсе";"1392643";"—"
"418";"9";"—";"243000";"85 84 69";"5000";"Участвует в конкурсе";"1750643";"—"
"419";"9";"—";"243000";"90 80 63";"10000";"Участвует в конкурсе";"1472603";"—"
"420";"7";"—";"243000";"80 86 67";"10000";"Участвует в конкурсе";"2223755";"—"
"421";"20";"—";"242000";"85 82 75";"—";"Участвует в конкурсе";"2136696";"—"
"422";"15";"—";"242000";"83 84 75";"—";"Участвует в конкурсе";"2342730";"—"
"423";"15";"—";"242000";"75 100 67";"—";"Участвует в конкурсе";"2217574";"—"
"424";"23";"—";"242000";"85 82 73";"2000";"Участвует в конкурсе";"2121041";"—"
"425";"11";"—";"242000";"83 90 66";"3000";"Участвует в конкурсе";"2243761";"—"
"426";"17";"—";"242000";"88 82 67";"5000";"Участвует в конкурсе";"2096871";"—"
"427";"26";"—";"242000";"78 86 73";"5000";"Участвует в конкурсе";"1565317";"—"
"428";"9";"—";"242000";"85 78 69";"10000";"Участвует в конкурсе";"1206624";"—"
"429";"10";"—";"242000";"83 76 73";"10000";"Участвует в конкурсе";"1687514";"—"
"430";"3";"—";"242000";"83 76 73";"10000";"Участвует в конкурсе";"2298215";"—"
"431";"9";"—";"242000";"83 76 73";"10000";"Участвует в конкурсе";"2393331";"—"
"432";"6";"—";"242000";"83 74 75";"10000";"Участвует в конкурсе";"1290470";"—"
"433";"21";"—";"242000";"75 76 81";"10000";"Участвует в конкурсе";"1898346";"—"
"434";"22";"—";"242000";"56 82 94";"10000";"Участвует в конкурсе";"1907895";"—"
"435";"2";"—";"241000";"85 78 78";"—";"Участвует в конкурсе";"1446009";"—"
"436";"10";"—";"241000";"85 78 78";"—";"Участвует в конкурсе";"1857056";"—"
"437";"9";"—";"241000";"83 82 73";"3000";"Участвует в конкурсе";"1357261";"—"
"438";"25";"—";"241000";"80 78 73";"10000";"Участвует в конкурсе";"1994580";"—"
"439";"14";"—";"241000";"80 78 73";"10000";"Участвует в конкурсе";"2181549";"—"
"440";"15";"—";"240000";"85 86 69";"—";"Участвует в конкурсе";"1716992";"—"
"441";"9";"—";"240000";"83 88 69";"—";"Участвует в конкурсе";"1266173";"—"
"442";"7";"—";"240000";"83 82 75";"—";"Участвует в конкурсе";"1426492";"—"
"443";"6";"—";"240000";"83 82 73";"2000";"Участвует в конкурсе";"1209652";"—"
"444";"25";"—";"240000";"80 84 72";"4000";"Участвует в конкурсе";"2140645";"—"
"445";"13";"—";"240000";"75 82 78";"5000";"Участвует в конкурсе";"1285720";"—"
"446";"15";"—";"240000";"88 74 72";"6000";"Участвует в конкурсе";"2087089";"—"
"447";"4";"—";"240000";"83 90 61";"6000";"Участвует в конкурсе";"2225311";"—"
"448";"11";"—";"240000";"83 86 61";"10000";"Участвует в конкурсе";"2258593";"—"
"449";"29";"—";"240000";"75 72 83";"10000";"Участвует в конкурсе";"1858730";"—"
"450";"21";"—";"240000";"62 82 86";"10000";"Участвует в конкурсе";"1621925";"—"
"451";"17";"—";"240000";"59 82 89";"10000";"Участвует в конкурсе";"2003355";"—"
"452";"13";"—";"239000";"90 80 69";"—";"Участвует в конкурсе";"2405665";"—"
"454";"3";"—";"239000";"83 84 72";"—";"Участвует в конкурсе";"2055158";"—"
"455";"11";"—";"239000";"83 78 78";"—";"Участвует в конкурсе";"1893739";"—"
"456";"20";"—";"239000";"78 86 75";"—";"Участвует в конкурсе";"1583370";"—"
"457";"23";"—";"239000";"78 86 75";"—";"Участвует в конкурсе";"1791041";"—"
"458";"27";"—";"239000";"78 64 97";"—";"Участвует в конкурсе";"2173682";"—"
"459";"4";"—";"239000";"72 78 89";"—";"Участвует в конкурсе";"2389407";"—"
"460";"10";"—";"239000";"85 82 69";"3000";"Участвует в конкурсе";"2255488";"—"
"461";"8";"—";"239000";"85 82 69";"3000";"Участвует в конкурсе";"2313434";"—"
"462";"7";"—";"239000";"78 86 72";"3000";"Участвует в конкурсе";"2167604";"—"
"463";"6";"—";"239000";"83 82 67";"7000";"Участвует в конкурсе";"958562";"—"
"464";"4";"—";"239000";"83 74 72";"10000";"Участвует в конкурсе";"1325041";"—"
"465";"18";"—";"239000";"80 80 69";"10000";"Участвует в конкурсе";"1948129";"—"
"466";"11";"—";"239000";"67 76 86";"10000";"Участвует в конкурсе";"1203449";"—"
"467";"7";"—";"238000";"93 84 61";"—";"Участвует в конкурсе";"2183753";"—"
"468";"20";"—";"238000";"90 84 64";"—";"Участвует в конкурсе";"2339399";"—"
"469";"15";"—";"238000";"88 84 66";"—";"Участвует в конкурсе";"1401356";"—"
"470";"15";"—";"238000";"88 84 66";"—";"Участвует в конкурсе";"2312139";"—"
"471";"5";"—";"238000";"83 80 75";"—";"Участвует в конкурсе";"2183030";"—"
"472";"8";"—";"238000";"78 74 86";"—";"Участвует в конкурсе";"1644082";"—"
"473";"19";"—";"238000";"80 86 69";"3000";"Участвует в конкурсе";"1995663";"—"
"474";"2";"—";"238000";"80 74 81";"3000";"Участвует в конкурсе";"1787630";"—"
"475";"11";"—";"238000";"88 70 75";"5000";"Участвует в конкурсе";"1286974";"—"
"476";"12";"—";"238000";"67 80 86";"5000";"Участвует в конкурсе";"1399269";"—"
"477";"8";"—";"238000";"80 82 66";"10000";"Участвует в конкурсе";"1697667";"—"
"478";"28";"—";"238000";"80 78 70";"10000";"Участвует в конкурсе";"1209256";"—"
"479";"15";"—";"238000";"75 78 75";"10000";"Участвует в конкурсе";"1706403";"—"
"480";"22";"—";"238000";"75 78 75";"10000";"Участвует в конкурсе";"1731696";"—"
"481";"8";"—";"238000";"72 84 72";"10000";"Участвует в конкурсе";"2187633";"—"
"482";"18";"—";"238000";"67 70 91";"10000";"Участвует в конкурсе";"2230298";"—"
"483";"15";"—";"237000";"83 76 78";"—";"Участвует в конкурсе";"1913033";"—"
"484";"11";"—";"237000";"78 84 75";"—";"Участвует в конкурсе";"1287994";"—"
"485";"12";"—";"237000";"85 82 67";"3000";"Участвует в конкурсе";"2084694";"—"
"486";"3";"—";"237000";"83 76 75";"3000";"Участвует в конкурсе";"1540515";"—"
"487";"4";"—";"237000";"80 82 72";"3000";"Участвует в конкурсе";"981989";"—"
"488";"5";"—";"237000";"83 74 70";"10000";"Участвует в конкурсе";"1486769";"—"
"489";"4";"—";"236000";"93 88 55";"—";"Участвует в конкурсе";"1906103";"—"
"490";"12";"—";"236000";"83 80 73";"—";"Участвует в конкурсе";"1486804";"—"
"491";"3";"—";"236000";"83 78 75";"—";"Участвует в конкурсе";"1760981";"—"
"492";"13";"—";"236000";"83 72 81";"—";"Участвует в конкурсе";"1620755";"—"
"493";"17";"—";"236000";"80 78 78";"—";"Участвует в конкурсе";"2271871";"—"
"494";"8";"—";"236000";"75 92 69";"—";"Участвует в конкурсе";"1200119";"—"
"495";"7";"—";"236000";"75 78 83";"—";"Участвует в конкурсе";"2312375";"—"
"496";"12";"—";"236000";"75 70 91";"—";"Участвует в конкурсе";"1156192";"—"
"497";"4";"—";"236000";"67 80 89";"—";"Участвует в конкурсе";"979110";"—"
"498";"9";"—";"236000";"85 74 75";"2000";"Участвует в конкурсе";"2047374";"—"
"499";"6";"—";"236000";"80 76 78";"2000";"Участвует в конкурсе";"1962801";"—"
"500";"27";"—";"236000";"88 78 67";"3000";"Участвует в конкурсе";"2099062";"—"
"501";"24";"—";"236000";"78 74 81";"3000";"Участвует в конкурсе";"1645354";"—"
"502";"26";"—";"236000";"72 80 81";"3000";"Участвует в конкурсе";"1626028";"—"
"503";"8";"—";"236000";"72 78 83";"3000";"Участвует в конкурсе";"2179292";"—"
"504";"16";"—";"236000";"64 84 78";"10000";"Участвует в конкурсе";"1916109";"—"
"505";"7";"—";"235000";"90 76 69";"—";"Участвует в конкурсе";"1237980";"—"
"506";"3";"—";"235000";"88 80 67";"—";"Участвует в конкурсе";"2139816";"—"
"507";"3";"—";"235000";"85 86 64";"—";"Участвует в конкурсе";"1339109";"—"
"508";"6";"—";"235000";"85 84 66";"—";"Участвует в конкурсе";"1333049";"—"
"509";"18";"—";"235000";"83 74 78";"—";"Участвует в конкурсе";"1959949";"—"
"510";"14";"—";"235000";"78 82 75";"—";"Участвует в конкурсе";"1999167";"—"
"511";"10";"—";"235000";"70 92 73";"—";"Участвует в конкурсе";"2264860";"—"
"513";"7";"—";"235000";"85 74 73";"3000";"Участвует в конкурсе";"1910478";"—"
"514";"26";"—";"235000";"83 80 69";"3000";"Участвует в конкурсе";"2344939";"—"
"515";"16";"—";"235000";"75 76 81";"3000";"Участвует в конкурсе";"1774510";"—"
"517";"2";"—";"235000";"80 76 69";"10000";"Участвует в конкурсе";"1567492";"—"
"518";"13";"—";"235000";"75 72 78";"10000";"Участвует в конкурсе";"2249271";"—"
"519";"12";"—";"235000";"67 72 86";"10000";"Участвует в конкурсе";"2198188";"—"
"520";"2";"—";"234000";"83 76 75";"—";"Участвует в конкурсе";"1618982";"—"
"521";"4";"—";"234000";"83 76 75";"—";"Участвует в конкурсе";"1795955";"—"
"523";"13";"—";"234000";"80 82 72";"—";"Участвует в конкурсе";"1192632";"—"
"525";"3";"—";"234000";"70 78 86";"—";"Участвует в конкурсе";"1788962";"—"
"526";"4";"—";"234000";"59 100 75";"—";"Участвует в конкурсе";"2416497";"—"
"527";"7";"—";"234000";"83 80 69";"2000";"Участвует в конкурсе";"1878649";"—"
"528";"12";"—";"234000";"80 80 72";"2000";"Участвует в конкурсе";"2002578";"—"
"529";"7";"—";"234000";"88 80 63";"3000";"Участвует в конкурсе";"2256490";"—"
"530";"8";"—";"234000";"85 74 72";"3000";"Участвует в конкурсе";"1261172";"—"
"531";"8";"—";"234000";"83 70 78";"3000";"Участвует в конкурсе";"2100401";"—"
"532";"16";"—";"234000";"75 78 78";"3000";"Участвует в конкурсе";"1642161";"—"
"533";"3";"—";"234000";"90 78 60";"6000";"Участвует в конкурсе";"1585778";"—"
"534";"16";"—";"234000";"75 78 75";"6000";"Участвует в конкурсе";"1586526";"—"
"535";"7";"—";"234000";"83 78 63";"10000";"Участвует в конкурсе";"1350241";"—"
"536";"7";"—";"234000";"80 74 70";"10000";"Участвует в конкурсе";"2247353";"—"
"537";"9";"—";"234000";"72 82 70";"10000";"Участвует в конкурсе";"1205929";"—"
"538";"15";"—";"234000";"72 82 70";"10000";"Участвует в конкурсе";"1996585";"—"
"539";"17";"—";"234000";"70 90 64";"10000";"Участвует в конкурсе";"2263375";"—"
"540";"11";"—";"233000";"88 78 67";"—";"Участвует в конкурсе";"1361263";"—"
"541";"10";"—";"233000";"85 78 70";"—";"Участвует в конкурсе";"1416540";"—"
"542";"4";"—";"233000";"83 78 72";"—";"Участвует в конкурсе";"1187490";"—"
"543";"17";"—";"233000";"83 78 72";"—";"Участвует в конкурсе";"1201836";"—"
"544";"27";"—";"233000";"83 72 78";"—";"Участвует в конкурсе";"1627783";"—"
"545";"10";"—";"233000";"80 86 67";"—";"Участвует в конкурсе";"1182155";"—"
"546";"1";"—";"233000";"75 80 78";"—";"Участвует в конкурсе";"2344141";"—"
"547";"2";"—";"233000";"72 80 81";"—";"Участвует в конкурсе";"2140274";"—"
"548";"7";"—";"233000";"72 64 97";"—";"Участвует в конкурсе";"1443744";"—"
"549";"16";"—";"233000";"78 80 73";"2000";"Участвует в конкурсе";"1620522";"—"
"550";"18";"—";"233000";"85 76 69";"3000";"Участвует в конкурсе";"1986305";"—"
"551";"9";"—";"233000";"78 82 70";"3000";"Участвует в конкурсе";"1338833";"—"
"552";"10";"—";"233000";"78 74 78";"3000";"Участвует в конкурсе";"1337025";"—"
"553";"12";"—";"233000";"80 84 63";"6000";"Участвует в конкурсе";"1252028";"—"
"554";"4";"—";"233000";"72 76 75";"10000";"Участвует в конкурсе";"2313852";"—"
"555";"18";"—";"233000";"67 84 72";"10000";"Участвует в конкурсе";"1988615";"—"
"556";"4";"—";"232000";"88 74 70";"—";"Участвует в конкурсе";"1336504";"—"
"557";"8";"—";"232000";"83 76 73";"—";"Участвует в конкурсе";"1976730";"—"
"558";"3";"—";"232000";"80 86 66";"—";"Участвует в конкурсе";"1598061";"—"
"559";"5";"—";"232000";"80 80 72";"—";"Участвует в конкурсе";"1318824";"—"
"560";"9";"—";"232000";"83 74 73";"2000";"Участвует в конкурсе";"2184023";"—"
"561";"7";"—";"232000";"80 82 67";"3000";"Участвует в конкурсе";"1482348";"—"
"562";"21";"—";"232000";"80 74 75";"3000";"Участвует в конкурсе";"1329934";"—"
"563";"2";"—";"232000";"78 76 75";"3000";"Участвует в конкурсе";"1129461";"—"
"564";"11";"—";"232000";"85 84 58";"5000";"Участвует в конкурсе";"2180787";"—"
"565";"9";"—";"232000";"75 78 69";"10000";"Участвует в конкурсе";"1291762";"—"
"566";"4";"—";"232000";"70 88 64";"10000";"Участвует в конкурсе";"2335905";"—"
"568";"12";"—";"231000";"83 78 70";"—";"Участвует в конкурсе";"2251206";"—"
"569";"14";"—";"231000";"83 76 72";"—";"Участвует в конкурсе";"1654967";"—"
"570";"2";"—";"231000";"75 84 72";"—";"Участвует в конкурсе";"1961871";"—"
"571";"8";"—";"231000";"70 86 72";"3000";"Участвует в конкурсе";"2268689";"—"
"572";"6";"—";"231000";"80 72 69";"10000";"Участвует в конкурсе";"2309834";"—"
"573";"4";"—";"231000";"80 58 83";"10000";"Участвует в конкурсе";"2362575";"—"
"574";"22";"—";"231000";"78 76 67";"10000";"Участвует в конкурсе";"1857462";"—"
"575";"20";"—";"231000";"70 76 75";"10000";"Участвует в конкурсе";"1981865";"—"
"577";"8";"—";"230000";"83 72 75";"—";"Участвует в конкурсе";"1344892";"—"
"578";"8";"—";"230000";"72 88 70";"—";"Участвует в конкурсе";"981934";"—"
"579";"7";"—";"230000";"72 80 78";"—";"Участвует в конкурсе";"1282542";"—"
"580";"13";"—";"230000";"72 70 86";"2000";"Участвует в конкурсе";"1355771";"—"
"581";"13";"—";"230000";"80 78 69";"3000";"Участвует в конкурсе";"1958178";"—"
"582";"21";"—";"230000";"80 74 73";"3000";"Участвует в конкурсе";"1912315";"—"
"583";"9";"—";"230000";"93 72 60";"5000";"Участвует в конкурсе";"2180082";"—"
"584";"10";"—";"230000";"80 78 67";"5000";"Участвует в конкурсе";"1358041";"—"
"585";"5";"—";"230000";"80 78 66";"6000";"Участвует в конкурсе";"2020683";"—"
"586";"12";"—";"230000";"72 80 72";"6000";"Участвует в конкурсе";"1704755";"—"
"587";"4";"—";"230000";"80 82 60";"8000";"Участвует в конкурсе";"1260377";"—"
"588";"9";"—";"230000";"90 70 60";"10000";"Участвует в конкурсе";"2124684";"—"
"589";"15";"—";"230000";"67 72 81";"10000";"Участвует в конкурсе";"1877084";"—"
"590";"6";"—";"229000";"88 72 69";"—";"Участвует в конкурсе";"2156113";"—"
"591";"11";"—";"229000";"85 86 58";"—";"Участвует в конкурсе";"2290476";"—"
"592";"27";"—";"229000";"80 80 69";"—";"Участвует в конкурсе";"1885014";"—"
"593";"6";"—";"229000";"80 76 73";"—";"Участвует в конкурсе";"1791879";"—"
"594";"12";"—";"229000";"78 84 67";"—";"Участвует в конкурсе";"1840308";"—"
"595";"20";"—";"229000";"78 78 73";"—";"Участвует в конкурсе";"1856191";"—"
"596";"4";"—";"229000";"70 76 83";"—";"Участвует в конкурсе";"1981743";"—"
"597";"2";"—";"229000";"83 74 69";"3000";"Участвует в конкурсе";"2309199";"—"
"598";"3";"—";"229000";"80 74 72";"3000";"Участвует в конкурсе";"1442868";"—"
"599";"12";"—";"229000";"78 78 70";"3000";"Участвует в конкурсе";"1584819";"—"
"600";"6";"—";"229000";"75 82 69";"3000";"Участвует в конкурсе";"2215115";"—"
"601";"5";"—";"229000";"72 78 72";"7000";"Участвует в конкурсе";"2019839";"—"
"602";"4";"—";"229000";"78 74 67";"10000";"Участвует в конкурсе";"2220036";"—"
"603";"20";"—";"229000";"67 74 78";"10000";"Участвует в конкурсе";"2040377";"—"
"604";"2";"—";"229000";"59 82 78";"10000";"Участвует в конкурсе";"1295023";"—"
"605";"11";"—";"228000";"95 84 49";"—";"Выбыл из конкурса";"1322320";"—"
"606";"4";"—";"228000";"83 76 69";"—";"Участвует в конкурсе";"2263108";"—"
"607";"20";"—";"228000";"78 86 64";"—";"Участвует в конкурсе";"1431631";"—"
"608";"4";"—";"228000";"78 84 66";"—";"Участвует в конкурсе";"1651803";"—"
"609";"15";"—";"228000";"80 70 75";"3000";"Участвует в конкурсе";"1642592";"—"
"610";"10";"—";"228000";"72 84 64";"8000";"Участвует в конкурсе";"1710384";"—"
"611";"8";"—";"228000";"80 72 66";"10000";"Участвует в конкурсе";"1129565";"—"
"612";"23";"—";"228000";"80 52 86";"10000";"Участвует в конкурсе";"2222701";"—"
"613";"3";"—";"228000";"70 78 70";"10000";"Участвует в конкурсе";"2004972";"—"
"614";"22";"—";"228000";"70 78 70";"10000";"Участвует в конкурсе";"2270235";"—"
"615";"11";"—";"227000";"78 92 57";"—";"Участвует в конкурсе";"1860324";"—"
"617";"4";"—";"227000";"75 74 78";"—";"Участвует в конкурсе";"1325071";"—"
"618";"28";"—";"227000";"70 70 87";"—";"Участвует в конкурсе";"1899885";"—"
"619";"5";"—";"227000";"75 72 78";"2000";"Участвует в конкурсе";"1663933";"—"
"620";"3";"—";"227000";"80 78 66";"3000";"Участвует в конкурсе";"1289454";"—"
"621";"9";"—";"227000";"80 78 66";"3000";"Участвует в конкурсе";"1428119";"—"
"622";"3";"—";"227000";"78 80 66";"3000";"Участвует в конкурсе";"1205118";"—"
"623";"6";"—";"227000";"64 84 69";"10000";"Участвует в конкурсе";"1775234";"—"
"624";"14";"—";"226000";"80 74 72";"—";"Участвует в конкурсе";"1203631";"—"
"625";"1";"—";"226000";"78 84 64";"—";"Участвует в конкурсе";"2037613";"—"
"626";"5";"—";"226000";"78 82 66";"—";"Участвует в конкурсе";"1275063";"—"
"627";"19";"—";"226000";"67 86 70";"3000";"Участвует в конкурсе";"2327567";"—"
"628";"8";"—";"226000";"75 74 67";"10000";"Участвует в конкурсе";"1288897";"—"
"629";"6";"—";"226000";"72 80 64";"10000";"Участвует в конкурсе";"1358908";"—"
"631";"9";"—";"225000";"85 82 58";"—";"Участвует в конкурсе";"1791101";"—"
"632";"17";"—";"225000";"78 74 73";"—";"Участвует в конкурсе";"1381441";"—"
"633";"20";"—";"225000";"70 82 73";"—";"Участвует в конкурсе";"2267133";"—"
"634";"6";"—";"225000";"70 74 81";"—";"Участвует в конкурсе";"1911074";"—"
"635";"18";"—";"225000";"70 72 83";"—";"Участвует в конкурсе";"2141851";"—"
"636";"8";"—";"225000";"70 68 87";"—";"Участвует в конкурсе";"1290112";"—"
"637";"13";"—";"225000";"80 74 69";"2000";"Участвует в конкурсе";"1291393";"—"
"638";"3";"—";"225000";"78 74 69";"4000";"Участвует в конкурсе";"1829364";"—"
"639";"6";"—";"225000";"80 72 63";"10000";"Участвует в конкурсе";"1788408";"—"
"640";"14";"—";"225000";"70 76 69";"10000";"Участвует в конкурсе";"1566649";"—"
"641";"10";"—";"225000";"59 70 86";"10000";"Участвует в конкурсе";"1615479";"—"
"642";"5";"—";"224000";"85 64 75";"—";"Участвует в конкурсе";"1275339";"—"
"643";"8";"—";"224000";"80 84 60";"—";"Участвует в конкурсе";"1484925";"—"
"644";"4";"—";"224000";"80 84 60";"—";"Участвует в конкурсе";"2054112";"—"
"645";"16";"—";"224000";"75 82 67";"—";"Участвует в конкурсе";"1547316";"—"
"646";"4";"—";"224000";"75 76 73";"—";"Участвует в конкурсе";"2261243";"—"
"647";"16";"—";"224000";"67 88 69";"—";"Участвует в конкурсе";"1200038";"—"
"648";"12";"—";"224000";"67 84 73";"—";"Участвует в конкурсе";"2339551";"—"
"649";"28";"—";"224000";"83 72 66";"3000";"Участвует в конкурсе";"2002061";"—"
"650";"2";"—";"224000";"78 86 57";"3000";"Участвует в конкурсе";"1651593";"—"
"651";"10";"—";"224000";"78 80 63";"3000";"Участвует в конкурсе";"1174902";"—"
"652";"8";"—";"224000";"78 70 73";"3000";"Участвует в конкурсе";"1786872";"—"
"653";"10";"—";"224000";"75 86 60";"3000";"Участвует в конкурсе";"2273305";"—"
"654";"5";"—";"224000";"75 80 66";"3000";"Участвует в конкурсе";"2255852";"—"
"655";"7";"—";"224000";"54 84 83";"3000";"Участвует в конкурсе";"1644795";"—"
"656";"7";"—";"224000";"78 74 64";"8000";"Участвует в конкурсе";"1614178";"—"
"657";"4";"—";"224000";"72 78 64";"10000";"Участвует в конкурсе";"2255448";"—"
"658";"26";"—";"224000";"64 80 70";"10000";"Участвует в конкурсе";"2391325";"—"
"659";"10";"—";"224000";"59 74 81";"10000";"Участвует в конкурсе";"2225308";"—"
"660";"23";"—";"223000";"90 72 61";"—";"Участвует в конкурсе";"963416";"—"
"661";"19";"—";"223000";"85 74 64";"—";"Участвует в конкурсе";"1284748";"—"
"663";"13";"—";"223000";"75 78 70";"—";"Участвует в конкурсе";"2309561";"—"
"664";"5";"—";"223000";"72 78 73";"—";"Участвует в конкурсе";"1517809";"—"
"665";"14";"—";"223000";"70 78 75";"—";"Участвует в конкурсе";"2134593";"—"
"666";"6";"—";"223000";"70 72 81";"—";"Участвует в конкурсе";"2370493";"—"
"667";"8";"—";"223000";"67 84 72";"—";"Участвует в конкурсе";"1910810";"—"
"668";"23";"—";"223000";"62 70 91";"—";"Участвует в конкурсе";"1628547";"—"
"669";"17";"—";"223000";"72 74 75";"2000";"Участвует в конкурсе";"2369121";"—"
"670";"1";"—";"223000";"75 78 67";"3000";"Участвует в конкурсе";"1356176";"—"
"671";"11";"—";"223000";"75 74 69";"5000";"Участвует в конкурсе";"2315057";"—"
"672";"22";"—";"223000";"67 76 70";"10000";"Участвует в конкурсе";"1290117";"—"
"673";"14";"—";"223000";"54 84 75";"10000";"Участвует в конкурсе";"2183533";"—"
"674";"13";"—";"222000";"83 72 67";"—";"Участвует в конкурсе";"1710224";"—"
"675";"19";"—";"222000";"80 76 66";"—";"Участвует в конкурсе";"2394603";"—"
"676";"11";"—";"222000";"78 80 64";"—";"Участвует в конкурсе";"2221736";"—"
"677";"16";"—";"222000";"75 78 69";"—";"Участвует в конкурсе";"1444251";"—"
"678";"7";"—";"222000";"72 84 66";"—";"Участвует в конкурсе";"1839179";"—"
"679";"6";"—";"222000";"70 74 78";"—";"Участвует в конкурсе";"1133922";"—"
"680";"23";"—";"222000";"70 74 78";"—";"Участвует в конкурсе";"1957170";"—"
"681";"23";"—";"222000";"67 80 75";"—";"Участвует в конкурсе";"1624157";"—"
"682";"14";"—";"222000";"67 74 81";"—";"Участвует в конкурсе";"1177036";"—"
"683";"14";"—";"222000";"75 78 67";"2000";"Участвует в конкурсе";"1353340";"—"
"684";"4";"—";"222000";"83 70 66";"3000";"Участвует в конкурсе";"1179414";"—"
"686";"23";"—";"222000";"59 74 86";"3000";"Участвует в конкурсе";"2228833";"—"
"687";"17";"—";"222000";"88 64 60";"10000";"Участвует в конкурсе";"2344278";"—"
"688";"5";"—";"222000";"67 84 61";"10000";"Участвует в конкурсе";"1439452";"—"
"689";"9";"—";"222000";"62 84 66";"10000";"Участвует в конкурсе";"2142584";"—"
"690";"10";"—";"221000";"78 74 69";"—";"Участвует в конкурсе";"1207152";"—"
"691";"18";"—";"221000";"75 80 66";"—";"Участвует в конкурсе";"1176243";"—"
"692";"11";"—";"221000";"72 80 69";"—";"Участвует в конкурсе";"1987385";"—"
"693";"16";"—";"221000";"70 76 75";"—";"Участвует в конкурсе";"2066329";"—"
"694";"11";"—";"221000";"67 82 72";"—";"Участвует в конкурсе";"2338997";"—"
"696";"11";"—";"221000";"56 84 81";"—";"Участвует в конкурсе";"2219071";"—"
"697";"7";"—";"221000";"56 82 83";"—";"Участвует в конкурсе";"2219298";"—"
"698";"13";"—";"221000";"72 74 73";"2000";"Участвует в конкурсе";"2226183";"—"
"699";"10";"—";"221000";"70 80 69";"2000";"Участвует в конкурсе";"2169292";"—"
"700";"12";"—";"221000";"83 72 63";"3000";"Участвует в конкурсе";"2344169";"—"
"701";"9";"—";"221000";"75 76 67";"3000";"Участвует в конкурсе";"1391938";"—"
"702";"14";"—";"221000";"70 76 67";"8000";"Участвует в конкурсе";"1712466";"—"
"703";"12";"—";"221000";"62 88 61";"10000";"Участвует в конкурсе";"2412738";"—"
"704";"30";"—";"221000";"62 80 69";"10000";"Участвует в конкурсе";"2305430";"—"
"705";"6";"—";"221000";"56 74 81";"10000";"Участвует в конкурсе";"2185731";"—"
"706";"15";"—";"220000";"83 64 73";"—";"Участвует в конкурсе";"1727024";"—"
"707";"14";"—";"220000";"80 76 64";"—";"Участвует в конкурсе";"1579243";"—"
"708";"16";"—";"220000";"75 78 67";"—";"Участвует в конкурсе";"2266616";"—"
"709";"17";"—";"220000";"72 76 72";"—";"Участвует в конкурсе";"2305495";"—"
"710";"19";"—";"220000";"64 84 72";"—";"Участвует в конкурсе";"2406635";"—"
"711";"9";"—";"220000";"80 70 67";"3000";"Участвует в конкурсе";"1583987";"—"
"712";"7";"—";"220000";"78 78 61";"3000";"Участвует в конкурсе";"1183502";"—"
"713";"4";"—";"220000";"67 72 78";"3000";"Участвует в конкурсе";"2310338";"—"
"714";"26";"—";"220000";"67 72 78";"3000";"Участвует в конкурсе";"1258295";"—"
"715";"3";"—";"220000";"59 84 72";"5000";"Участвует в конкурсе";"2252067";"—"
"716";"9";"—";"220000";"64 80 66";"10000";"Участвует в конкурсе";"1625459";"—"
"717";"5";"—";"219000";"80 82 57";"—";"Участвует в конкурсе";"1200025";"—"
"718";"20";"—";"219000";"80 82 57";"—";"Участвует в конкурсе";"1211392";"—"
"719";"13";"—";"219000";"80 70 69";"—";"Участвует в конкурсе";"2315437";"—"
"720";"2";"—";"219000";"75 74 70";"—";"Участвует в конкурсе";"1566136";"—"
"721";"6";"—";"219000";"72 78 69";"—";"Участвует в конкурсе";"1350362";"—"
"722";"17";"—";"219000";"67 88 64";"—";"Участвует в конкурсе";"2219503";"—"
"723";"13";"—";"219000";"59 82 78";"—";"Участвует в конкурсе";"2173780";"—"
"724";"11";"—";"219000";"54 76 89";"—";"Участвует в конкурсе";"2215060";"—"
"725";"5";"—";"219000";"78 76 63";"2000";"Участвует в конкурсе";"2093914";"—"
"726";"4";"—";"219000";"72 72 73";"2000";"Участвует в конкурсе";"2185929";"—"
"727";"18";"—";"219000";"51 94 72";"2000";"Участвует в конкурсе";"1505175";"—"
"728";"3";"—";"219000";"72 72 72";"3000";"Участвует в конкурсе";"2249520";"—"
"729";"1";"—";"219000";"67 76 73";"3000";"Участвует в конкурсе";"2304382";"—"
"730";"9";"—";"219000";"62 82 72";"3000";"Участвует в конкурсе";"2352623";"—"
"731";"13";"—";"219000";"72 82 57";"8000";"Участвует в конкурсе";"1361541";"—"
"732";"13";"—";"219000";"78 70 61";"10000";"Участвует в конкурсе";"2309380";"—"
"733";"18";"—";"218000";"75 76 67";"—";"Участвует в конкурсе";"1644113";"—"
"734";"5";"—";"218000";"70 78 70";"—";"Участвует в конкурсе";"2344544";"—"
"735";"16";"—";"218000";"70 76 72";"—";"Участвует в конкурсе";"1365522";"—"
"736";"16";"—";"218000";"80 82 54";"2000";"Участвует в конкурсе";"1202206";"—"
"737";"17";"—";"218000";"70 82 64";"2000";"Участвует в конкурсе";"1364135";"—"
"739";"7";"—";"218000";"78 70 67";"3000";"Участвует в конкурсе";"1767356";"—"
"740";"18";"—";"218000";"62 74 78";"4000";"Участвует в конкурсе";"2364146";"—"
"741";"18";"—";"218000";"67 76 70";"5000";"Участвует в конкурсе";"2135607";"—"
"742";"22";"—";"218000";"62 76 70";"10000";"Участвует в конкурсе";"1787963";"—"
"743";"10";"—";"217000";"80 76 61";"—";"Участвует в конкурсе";"1573051";"—"
"744";"5";"—";"217000";"78 76 63";"—";"Участвует в конкурсе";"1911540";"—"
"745";"10";"—";"217000";"75 78 64";"—";"Участвует в конкурсе";"2191863";"—"
"746";"10";"—";"217000";"75 78 64";"—";"Участвует в конкурсе";"2297633";"—"
"748";"26";"—";"217000";"72 72 73";"—";"Участвует в конкурсе";"1362584";"—"
"749";"12";"—";"217000";"64 84 69";"—";"Участвует в конкурсе";"2417550";"—"
"751";"16";"—";"217000";"62 86 66";"3000";"Участвует в конкурсе";"1366547";"—"
"755";"15";"—";"216000";"75 72 69";"—";"Участвует в конкурсе";"1493935";"—"
"756";"2";"—";"216000";"72 78 66";"—";"Участвует в конкурсе";"2243821";"—"
"757";"17";"—";"216000";"70 82 64";"—";"Участвует в конкурсе";"1791758";"—"
"758";"10";"—";"216000";"67 82 67";"—";"Участвует в конкурсе";"1565871";"—"
"759";"10";"—";"216000";"83 78 52";"3000";"Участвует в конкурсе";"1431012";"—"
"760";"11";"—";"216000";"72 78 63";"3000";"Участвует в конкурсе";"1410994";"—"
"762";"9";"—";"216000";"70 70 66";"10000";"Участвует в конкурсе";"1655708";"—"
"763";"11";"—";"216000";"56 80 70";"10000";"Участвует в конкурсе";"2234833";"—"
"764";"8";"—";"215000";"78 74 63";"—";"Участвует в конкурсе";"1507575";"—"
"765";"23";"—";"215000";"75 74 66";"—";"Участвует в конкурсе";"1935259";"—"
"766";"9";"—";"215000";"72 76 67";"—";"Участвует в конкурсе";"1726993";"—"
"767";"7";"—";"215000";"72 74 69";"—";"Участвует в конкурсе";"1317375";"—"
"768";"9";"—";"215000";"70 72 73";"—";"Участвует в конкурсе";"2393586";"—"
"769";"18";"—";"215000";"62 78 75";"—";"Участвует в конкурсе";"1890965";"—"
"770";"7";"—";"215000";"72 82 58";"3000";"Участвует в конкурсе";"1176252";"—"
"771";"17";"—";"215000";"67 78 67";"3000";"Участвует в конкурсе";"1200618";"—"
"772";"10";"—";"215000";"62 64 81";"8000";"Участвует в конкурсе";"2396438";"—"
"773";"9";"—";"215000";"72 52 81";"10000";"Участвует в конкурсе";"2301145";"—"
"774";"8";"—";"215000";"70 72 63";"10000";"Участвует в конкурсе";"2263080";"—"
"775";"14";"—";"215000";"51 76 78";"10000";"Участвует в конкурсе";"1200277";"—"
"777";"5";"—";"214000";"72 72 70";"—";"Участвует в конкурсе";"2052348";"—"
"778";"3";"—";"214000";"70 84 60";"—";"Участвует в конкурсе";"1157522";"—"
"779";"9";"—";"214000";"70 78 66";"—";"Участвует в конкурсе";"1495378";"—"
"780";"5";"—";"214000";"72 70 69";"3000";"Участвует в конкурсе";"2056952";"—"
"781";"3";"—";"214000";"64 80 67";"3000";"Участвует в конкурсе";"1567352";"—"
"782";"9";"—";"213000";"85 74 54";"—";"Участвует в конкурсе";"2378143";"—"
"783";"5";"—";"213000";"80 70 63";"—";"Участвует в конкурсе";"1175709";"—"
"784";"5";"—";"213000";"78 72 63";"—";"Участвует в конкурсе";"1471085";"—"
"785";"14";"—";"213000";"72 74 67";"—";"Участвует в конкурсе";"1354885";"—"
"786";"4";"—";"213000";"72 72 69";"—";"Участвует в конкурсе";"1210843";"—"
"787";"17";"—";"213000";"72 72 69";"—";"Участвует в конкурсе";"2125708";"—"
"788";"3";"—";"213000";"70 70 73";"—";"Участвует в конкурсе";"2282651";"—"
"789";"14";"—";"213000";"64 82 67";"—";"Участвует в конкурсе";"2225018";"—"
"790";"6";"—";"213000";"62 74 75";"2000";"Участвует в конкурсе";"2365790";"—"
"791";"11";"—";"213000";"70 82 58";"3000";"Участвует в конкурсе";"2367586";"—"
"792";"21";"—";"213000";"67 70 73";"3000";"Участвует в конкурсе";"2254377";"—"
"793";"4";"—";"213000";"64 82 64";"3000";"Участвует в конкурсе";"1988257";"—"
"794";"8";"—";"213000";"59 76 75";"3000";"Участвует в конкурсе";"1243499";"—"
"795";"12";"—";"213000";"75 78 55";"5000";"Участвует в конкурсе";"1307611";"—"
"796";"4";"—";"213000";"64 78 66";"5000";"Участвует в конкурсе";"2228487";"—"
"797";"14";"—";"213000";"78 76 51";"8000";"Участвует в конкурсе";"1201984";"—"
"798";"5";"—";"213000";"75 64 66";"8000";"Участвует в конкурсе";"1311617";"—"
"799";"18";"—";"213000";"72 70 61";"10000";"Участвует в конкурсе";"1386658";"—"
"800";"10";"—";"213000";"67 72 64";"10000";"Участвует в конкурсе";"1493064";"—"
"801";"11";"—";"213000";"64 76 63";"10000";"Участвует в конкурсе";"1106143";"—"
"802";"17";"—";"212000";"80 80 52";"—";"Участвует в конкурсе";"1280854";"—"
"803";"11";"—";"212000";"78 74 60";"—";"Участвует в конкурсе";"1189029";"—"
"804";"22";"—";"212000";"75 70 67";"—";"Участвует в конкурсе";"2409957";"—"
"805";"17";"—";"212000";"72 80 60";"—";"Участвует в конкурсе";"1511663";"—"
"806";"18";"—";"212000";"72 80 60";"—";"Участвует в конкурсе";"2355690";"—"
"807";"3";"—";"212000";"72 74 66";"—";"Участвует в конкурсе";"1253032";"—"
"808";"1";"—";"212000";"72 70 70";"—";"Участвует в конкурсе";"1542584";"—"
"809";"9";"—";"212000";"70 82 60";"—";"Участвует в конкурсе";"2056410";"—"
"810";"13";"—";"212000";"70 82 60";"—";"Участвует в конкурсе";"2341748";"—"
"811";"2";"—";"212000";"70 64 78";"—";"Участвует в конкурсе";"2100721";"—"
"812";"25";"—";"212000";"67 76 69";"—";"Участвует в конкурсе";"2255119";"—"
"813";"7";"—";"212000";"70 78 61";"3000";"Участвует в конкурсе";"1785844";"—"
"814";"3";"—";"212000";"70 76 63";"3000";"Участвует в конкурсе";"1978901";"—"
"815";"18";"—";"212000";"70 72 67";"3000";"Участвует в конкурсе";"2220833";"—"
"816";"2";"—";"212000";"67 72 70";"3000";"Участвует в конкурсе";"1361323";"—"
"818";"9";"—";"211000";"78 82 51";"—";"Участвует в конкурсе";"1294092";"—"
"819";"5";"—";"211000";"78 72 61";"—";"Участвует в конкурсе";"1331882";"—"
"820";"21";"—";"211000";"78 72 61";"—";"Участвует в конкурсе";"1857107";"—"
"821";"20";"—";"211000";"75 64 72";"—";"Участвует в конкурсе";"1434771";"—"
"822";"23";"—";"211000";"72 76 63";"—";"Участвует в конкурсе";"1549176";"—"
"823";"15";"—";"211000";"72 70 69";"—";"Участвует в конкурсе";"2351849";"—"
"824";"5";"—";"211000";"70 80 61";"—";"Участвует в конкурсе";"1356627";"—"
"825";"2";"—";"211000";"67 78 66";"—";"Участвует в конкурсе";"1434681";"—"
"826";"4";"—";"211000";"64 74 73";"—";"Участвует в конкурсе";"1504219";"—"
"827";"21";"—";"211000";"62 82 67";"—";"Участвует в конкурсе";"2416693";"—"
"828";"8";"—";"211000";"56 88 67";"—";"Участвует в конкурсе";"1175560";"—"
"829";"13";"—";"211000";"64 76 69";"2000";"Участвует в конкурсе";"1987291";"—"
"830";"4";"—";"211000";"75 76 57";"3000";"Участвует в конкурсе";"1430802";"—"
"831";"3";"—";"211000";"70 72 66";"3000";"Участвует в конкурсе";"2240335";"—"
"832";"5";"—";"211000";"75 76 55";"5000";"Участвует в конкурсе";"1567464";"—"
"833";"15";"—";"211000";"72 76 58";"5000";"Участвует в конкурсе";"2217395";"—"
"835";"3";"—";"210000";"85 52 73";"—";"Участвует в конкурсе";"1512935";"—"
"836";"5";"—";"210000";"80 70 60";"—";"Участвует в конкурсе";"2208741";"—"
"837";"12";"—";"210000";"78 74 58";"—";"Участвует в конкурсе";"1963210";"—"
"838";"16";"—";"210000";"72 74 64";"—";"Участвует в конкурсе";"1705478";"—"
"839";"17";"—";"210000";"70 76 64";"—";"Участвует в конкурсе";"2229805";"—"
"840";"11";"—";"210000";"62 78 70";"—";"Участвует в конкурсе";"2070430";"—"
"841";"20";"—";"210000";"59 76 75";"—";"Участвует в конкурсе";"2152139";"—"
"843";"8";"—";"210000";"70 76 61";"3000";"Участвует в конкурсе";"2243392";"—"
"844";"4";"—";"210000";"67 80 60";"3000";"Участвует в конкурсе";"2343553";"—"
"845";"10";"—";"210000";"67 76 64";"3000";"Участвует в конкурсе";"1985168";"—"
"846";"14";"—";"210000";"62 82 63";"3000";"Участвует в конкурсе";"1516713";"—"
"847";"7";"—";"210000";"70 72 60";"8000";"Участвует в конкурсе";"2216236";"—"
"848";"25";"—";"210000";"59 72 69";"10000";"Участвует в конкурсе";"1875314";"—"
"849";"24";"—";"210000";"43 88 69";"10000";"Выбыл из конкурса";"1853641";"—"
"850";"12";"—";"209000";"78 74 57";"—";"Участвует в конкурсе";"1913902";"—"
"851";"6";"—";"209000";"78 58 73";"—";"Участвует в конкурсе";"2252425";"—"
"852";"6";"—";"209000";"78 58 73";"—";"Участвует в конкурсе";"1148993";"—"
"853";"23";"—";"209000";"70 82 57";"—";"Участвует в конкурсе";"1975008";"—"
"854";"13";"—";"209000";"70 76 63";"—";"Участвует в конкурсе";"1584486";"—"
"855";"7";"—";"209000";"70 70 69";"—";"Участвует в конкурсе";"2158139";"—"
"856";"25";"—";"209000";"67 76 66";"—";"Участвует в конкурсе";"2373616";"—"
"857";"2";"—";"209000";"54 72 83";"—";"Участвует в конкурсе";"1584664";"—"
"858";"7";"—";"209000";"72 74 60";"3000";"Участвует в конкурсе";"1485159";"—"
"859";"4";"—";"209000";"67 70 69";"3000";"Участвует в конкурсе";"1570585";"—"
"860";"8";"—";"209000";"67 70 69";"3000";"Участвует в конкурсе";"1262687";"—"
"861";"24";"—";"209000";"62 80 64";"3000";"Участвует в конкурсе";"1509601";"—"
"862";"25";"—";"209000";"59 78 69";"3000";"Участвует в конкурсе";"1509516";"—"
"863";"25";"—";"208000";"80 64 64";"—";"Участвует в конкурсе";"2099353";"—"
"864";"10";"—";"208000";"78 70 60";"—";"Участвует в конкурсе";"1206333";"—"
"865";"2";"—";"208000";"75 72 61";"—";"Участвует в конкурсе";"1796777";"—"
"867";"7";"—";"208000";"72 70 66";"—";"Участвует в конкурсе";"1684000";"—"
"868";"13";"—";"208000";"70 78 60";"—";"Участвует в конкурсе";"1757589";"—"
"869";"8";"—";"208000";"67 74 67";"—";"Участвует в конкурсе";"2251615";"—"
"870";"5";"—";"208000";"67 72 66";"3000";"Участвует в конкурсе";"1175157";"—"
"871";"6";"—";"208000";"64 80 61";"3000";"Участвует в конкурсе";"1363551";"—"
"872";"10";"—";"208000";"54 88 63";"3000";"Участвует в конкурсе";"1941429";"—"
"874";"12";"—";"207000";"72 72 63";"—";"Участвует в конкурсе";"2394502";"—"
"875";"2";"—";"207000";"70 76 61";"—";"Участвует в конкурсе";"1244858";"—"
"876";"4";"—";"207000";"64 72 69";"2000";"Участвует в конкурсе";"1731746";"—"
"877";"3";"—";"207000";"64 74 66";"3000";"Участвует в конкурсе";"2099436";"—"
"878";"7";"—";"207000";"80 52 69";"6000";"Участвует в конкурсе";"2267343";"—"
"879";"28";"—";"206000";"75 76 55";"—";"Участвует в конкурсе";"1555326";"—"
"880";"10";"—";"206000";"72 76 58";"—";"Участвует в конкурсе";"1603124";"—"
"881";"10";"—";"206000";"72 70 64";"—";"Участвует в конкурсе";"2343318";"—"
"882";"3";"—";"206000";"72 70 64";"—";"Участвует в конкурсе";"1816870";"—"
"883";"7";"—";"206000";"70 82 54";"—";"Участвует в конкурсе";"1290920";"—"
"884";"13";"—";"206000";"70 72 64";"—";"Участвует в конкурсе";"2321946";"—"
"886";"11";"—";"206000";"59 78 69";"—";"Участвует в конкурсе";"1291319";"—"
"887";"9";"—";"206000";"70 64 70";"2000";"Участвует в конкурсе";"2175470";"—"
"888";"11";"—";"206000";"62 74 67";"3000";"Участвует в конкурсе";"1675693";"—"
"889";"8";"—";"206000";"56 74 66";"10000";"Участвует в конкурсе";"2215154";"—"
"890";"12";"—";"205000";"78 64 63";"—";"Участвует в конкурсе";"1624810";"—"
"891";"4";"—";"205000";"78 58 69";"—";"Участвует в конкурсе";"1235938";"—"
"892";"21";"—";"205000";"75 70 60";"—";"Участвует в конкурсе";"2362249";"—"
"893";"3";"—";"205000";"72 78 55";"—";"Участвует в конкурсе";"1727167";"—"
"894";"22";"—";"205000";"67 78 60";"—";"Участвует в конкурсе";"2390056";"—"
"895";"12";"—";"205000";"67 72 66";"—";"Участвует в конкурсе";"1179964";"—"
"896";"7";"—";"205000";"67 72 66";"—";"Участвует в конкурсе";"1215440";"—"
"897";"13";"—";"205000";"67 72 66";"—";"Участвует в конкурсе";"2426803";"—"
"898";"14";"—";"205000";"64 74 67";"—";"Участвует в конкурсе";"1569590";"—"
"899";"8";"—";"205000";"62 80 63";"—";"Участвует в конкурсе";"1979578";"—"
"900";"8";"—";"205000";"59 76 70";"—";"Участвует в конкурсе";"1351610";"—"
"901";"6";"—";"205000";"59 74 72";"—";"Участвует в конкурсе";"1580276";"—"
"902";"27";"—";"205000";"72 70 60";"3000";"Участвует в конкурсе";"1210371";"—"
"903";"18";"—";"205000";"62 76 64";"3000";"Участвует в конкурсе";"1213331";"—"
"904";"15";"—";"205000";"62 64 69";"10000";"Участвует в конкурсе";"1655481";"—"
"905";"29";"—";"204000";"70 76 58";"—";"Участвует в конкурсе";"2271750";"—"
"906";"3";"—";"204000";"70 76 58";"—";"Участвует в конкурсе";"2043611";"—"
"907";"1";"—";"204000";"70 70 64";"—";"Участвует в конкурсе";"2318862";"—"
"908";"5";"—";"204000";"67 76 61";"—";"Участвует в конкурсе";"1519013";"—"
"909";"2";"—";"204000";"67 74 63";"—";"Участвует в конкурсе";"1345744";"—"
"910";"7";"—";"204000";"67 74 63";"—";"Участвует в конкурсе";"2340491";"—"
"911";"4";"—";"204000";"62 78 64";"—";"Участвует в конкурсе";"1860163";"—"
"912";"5";"—";"204000";"62 70 72";"—";"Участвует в конкурсе";"2180459";"—"
"913";"6";"—";"204000";"59 70 75";"—";"Участвует в конкурсе";"1732794";"—"
"914";"5";"—";"204000";"59 64 81";"—";"Участвует в конкурсе";"1994568";"—"
"916";"24";"—";"204000";"67 76 58";"3000";"Участвует в конкурсе";"2229434";"—"
"917";"21";"—";"204000";"64 74 63";"3000";"Участвует в конкурсе";"1133656";"—"
"918";"11";"—";"204000";"64 70 60";"10000";"Участвует в конкурсе";"984571";"—"
"919";"12";"—";"204000";"64 70 60";"10000";"Участвует в конкурсе";"2141320";"—"
"920";"26";"—";"204000";"56 78 60";"10000";"Участвует в конкурсе";"1640414";"—"
"921";"17";"—";"203000";"78 74 51";"—";"Участвует в конкурсе";"1277797";"—"
"922";"8";"—";"203000";"78 64 61";"—";"Участвует в конкурсе";"1768958";"—"
"923";"2";"—";"203000";"75 70 58";"—";"Участвует в конкурсе";"1710027";"—"
"924";"12";"—";"203000";"72 76 55";"—";"Участвует в конкурсе";"2274153";"—"
"925";"5";"—";"203000";"70 72 61";"—";"Участвует в конкурсе";"2182026";"—"
"927";"23";"—";"203000";"67 70 66";"—";"Участвует в конкурсе";"1295747";"—"
"928";"5";"—";"203000";"67 58 78";"—";"Участвует в конкурсе";"2313626";"—"
"930";"12";"—";"203000";"62 74 67";"—";"Участвует в конкурсе";"1898427";"—"
"932";"22";"—";"203000";"56 72 75";"—";"Участвует в конкурсе";"2273040";"—"
"933";"12";"—";"203000";"78 70 52";"3000";"Участвует в конкурсе";"2097806";"—"
"934";"16";"—";"203000";"75 64 61";"3000";"Участвует в конкурсе";"1546278";"—"
"935";"13";"—";"203000";"70 70 60";"3000";"Участвует в конкурсе";"1599651";"—"
"936";"24";"—";"203000";"67 70 63";"3000";"Участвует в конкурсе";"1583188";"—"
"937";"12";"—";"203000";"59 78 60";"6000";"Участвует в конкурсе";"2211983";"—"
"938";"12";"—";"202000";"75 70 57";"—";"Участвует в конкурсе";"1357289";"—"
"939";"17";"—";"202000";"75 64 63";"—";"Участвует в конкурсе";"1434690";"—"
"940";"18";"—";"202000";"72 64 66";"—";"Участвует в конкурсе";"1916626";"—"
"941";"7";"—";"202000";"70 74 58";"—";"Участвует в конкурсе";"1790317";"—"
"942";"16";"—";"202000";"70 72 60";"—";"Участвует в конкурсе";"2371837";"—"
"943";"3";"—";"202000";"62 70 70";"—";"Участвует в конкурсе";"2171150";"—"
"944";"23";"—";"202000";"67 72 60";"3000";"Участвует в конкурсе";"1519920";"—"
"945";"17";"—";"202000";"62 76 61";"3000";"Участвует в конкурсе";"1199116";"—"
"946";"7";"—";"202000";"56 74 69";"3000";"Участвует в конкурсе";"1271278";"—"
"947";"7";"—";"202000";"62 74 58";"8000";"Участвует в конкурсе";"983345";"—"
"948";"2";"—";"202000";"70 58 64";"10000";"Участвует в конкурсе";"1552355";"—"
"949";"17";"—";"202000";"56 72 64";"10000";"Участвует в конкурсе";"1914135";"—"
"950";"18";"—";"202000";"46 74 72";"10000";"Выбыл из конкурса";"1780560";"—"
"951";"11";"—";"201000";"70 74 57";"—";"Участвует в конкурсе";"1794465";"—"
"952";"24";"—";"201000";"70 74 57";"—";"Участвует в конкурсе";"2371133";"—"
"953";"13";"—";"201000";"70 70 61";"—";"Участвует в конкурсе";"1914869";"—"
"954";"8";"—";"201000";"70 64 67";"—";"Участвует в конкурсе";"1209787";"—"
"955";"7";"—";"201000";"67 64 70";"—";"Участвует в конкурсе";"1279279";"—"
"956";"20";"—";"201000";"64 70 67";"—";"Участвует в конкурсе";"1284940";"—"
"957";"4";"—";"201000";"62 66 73";"—";"Участвует в конкурсе";"964137";"—"
"958";"6";"—";"201000";"59 76 66";"—";"Участвует в конкурсе";"1768587";"—"
"959";"2";"—";"201000";"51 78 72";"—";"Участвует в конкурсе";"2230913";"—"
"960";"2";"—";"201000";"70 76 52";"3000";"Участвует в конкурсе";"1564754";"—"
"961";"3";"—";"201000";"54 74 70";"3000";"Участвует в конкурсе";"2302274";"—"
"963";"5";"—";"201000";"67 64 63";"7000";"Участвует в конкурсе";"1798802";"—"
"964";"6";"—";"201000";"78 52 61";"10000";"Участвует в конкурсе";"2027908";"—"
"965";"2";"—";"200000";"78 64 58";"—";"Участвует в конкурсе";"1833108";"—"
"966";"9";"—";"200000";"70 78 52";"—";"Участвует в конкурсе";"1887168";"—"
"967";"6";"—";"200000";"70 72 58";"—";"Участвует в конкурсе";"1870570";"—"
"968";"17";"—";"200000";"70 72 58";"—";"Участвует в конкурсе";"2148109";"—"
"969";"11";"—";"200000";"67 70 63";"—";"Участвует в конкурсе";"2312115";"—"
"970";"26";"—";"200000";"64 72 64";"—";"Участвует в конкурсе";"1198013";"—"
"971";"13";"—";"200000";"64 70 66";"—";"Участвует в конкурсе";"985510";"—"
"972";"8";"—";"200000";"54 76 70";"—";"Участвует в конкурсе";"1953667";"—"
"973";"11";"—";"200000";"54 74 72";"—";"Участвует в конкурсе";"2229591";"—"
"974";"23";"—";"200000";"70 72 55";"3000";"Участвует в конкурсе";"1728736";"—"
"975";"17";"—";"200000";"64 70 63";"3000";"Участвует в конкурсе";"1751032";"—"
"976";"15";"—";"200000";"54 74 69";"3000";"Участвует в конкурсе";"1212143";"—"
"977";"3";"—";"200000";"75 58 61";"6000";"Участвует в конкурсе";"1702549";"—"
"978";"4";"—";"200000";"64 70 60";"6000";"Участвует в конкурсе";"1434834";"—"
"979";"3";"—";"200000";"56 70 64";"10000";"Участвует в конкурсе";"2217186";"—"
"980";"22";"—";"200000";"54 72 64";"10000";"Участвует в конкурсе";"1913064";"—"
"981";"8";"—";"199000";"78 70 51";"—";"Участвует в конкурсе";"1619659";"—"
"982";"31";"—";"199000";"78 64 57";"—";"Участвует в конкурсе";"2123820";"—"
"984";"3";"—";"199000";"72 70 57";"—";"Участвует в конкурсе";"1279568";"—"
"985";"9";"—";"199000";"64 72 63";"—";"Участвует в конкурсе";"1200386";"—"
"986";"9";"—";"199000";"64 72 63";"—";"Участвует в конкурсе";"1559781";"—"
"987";"5";"—";"199000";"62 70 67";"—";"Участвует в конкурсе";"1206660";"—"
"988";"4";"—";"199000";"62 70 67";"—";"Участвует в конкурсе";"1505473";"—"
"989";"8";"—";"199000";"56 76 67";"—";"Участвует в конкурсе";"2244371";"—"
"990";"2";"—";"199000";"59 76 61";"3000";"Участвует в конкурсе";"1396542";"—"
"991";"6";"—";"198000";"72 74 52";"—";"Участвует в конкурсе";"1203726";"—"
"992";"11";"—";"198000";"72 72 54";"—";"Участвует в конкурсе";"1911507";"—"
"993";"15";"—";"198000";"70 70 58";"—";"Участвует в конкурсе";"1636546";"—"
"994";"18";"—";"198000";"70 70 58";"—";"Участвует в конкурсе";"1517973";"—"
"996";"9";"—";"198000";"62 72 64";"—";"Участвует в конкурсе";"2044895";"—"
"997";"10";"—";"198000";"62 70 66";"—";"Участвует в конкурсе";"2329753";"—"
"998";"4";"—";"198000";"62 64 72";"—";"Участвует в конкурсе";"1504318";"—"
"999";"4";"—";"198000";"59 70 69";"—";"Участвует в конкурсе";"1265861";"—"
"1000";"9";"—";"198000";"59 70 69";"—";"Участвует в конкурсе";"2261376";"—"
"1001";"13";"—";"198000";"59 64 75";"—";"Участвует в конкурсе";"1812065";"—"
"1002";"11";"—";"198000";"59 64 75";"—";"Участвует в конкурсе";"1987800";"—"
"1003";"8";"—";"198000";"59 64 75";"—";"Участвует в конкурсе";"2210617";"—"
"1004";"8";"—";"198000";"56 84 55";"3000";"Участвует в конкурсе";"1206603";"—"
"1005";"9";"—";"198000";"62 64 67";"5000";"Участвует в конкурсе";"1214007";"—"
"1006";"10";"—";"197000";"70 70 57";"—";"Участвует в конкурсе";"1437512";"—"
"1007";"1";"Электронное";"197000";"70 64 63";"—";"Участвует в конкурсе";"2163097";"—"
"1008";"2";"—";"197000";"62 74 61";"—";"Участвует в конкурсе";"1824373";"—"
"1009";"8";"—";"197000";"54 80 63";"—";"Участвует в конкурсе";"1703374";"—"
"1010";"9";"—";"197000";"64 64 66";"3000";"Участвует в конкурсе";"1857073";"—"
"1011";"14";"—";"197000";"59 78 57";"3000";"Участвует в конкурсе";"2268040";"—"
"1012";"1";"—";"197000";"59 70 64";"4000";"Участвует в конкурсе";"2286072";"—"
"1013";"18";"—";"197000";"59 74 57";"7000";"Участвует в конкурсе";"2157119";"—"
"1014";"18";"—";"196000";"75 70 51";"—";"Участвует в конкурсе";"1339730";"—"
"1015";"10";"—";"196000";"59 74 63";"—";"Участвует в конкурсе";"1284722";"—"
"1016";"4";"—";"196000";"56 76 64";"—";"Участвует в конкурсе";"1998030";"—"
"1018";"15";"—";"196000";"54 72 70";"—";"Участвует в конкурсе";"1519820";"—"
"1019";"3";"—";"196000";"51 70 75";"—";"Участвует в конкурсе";"2245966";"—"
"1020";"3";"—";"196000";"56 74 64";"2000";"Участвует в конкурсе";"1944531";"—"
"1021";"5";"—";"196000";"70 70 52";"4000";"Участвует в конкурсе";"1304556";"—"
"1022";"7";"—";"195000";"70 74 51";"—";"Участвует в конкурсе";"1706720";"—"
"1023";"7";"—";"195000";"70 70 55";"—";"Участвует в конкурсе";"1828491";"—"
"1024";"13";"—";"195000";"70 58 67";"—";"Участвует в конкурсе";"1907411";"—"
"1025";"17";"—";"195000";"67 70 58";"—";"Участвует в конкурсе";"1523114";"—"
"1026";"3";"—";"195000";"67 64 64";"—";"Участвует в конкурсе";"1542797";"—"
"1027";"10";"—";"195000";"67 64 64";"—";"Участвует в конкурсе";"1182421";"—"
"1028";"13";"—";"195000";"67 58 70";"—";"Участвует в конкурсе";"2167652";"—"
"1029";"9";"—";"195000";"67 58 70";"—";"Участвует в конкурсе";"2409505";"—"
"1030";"9";"—";"195000";"62 72 61";"—";"Участвует в конкурсе";"1914286";"—"
"1031";"17";"—";"195000";"62 72 61";"—";"Участвует в конкурсе";"1752198";"—"
"1032";"3";"—";"195000";"62 64 69";"—";"Участвует в конкурсе";"2181524";"—"
"1033";"4";"—";"195000";"59 72 64";"—";"Участвует в конкурсе";"1758899";"—"
"1034";"25";"—";"195000";"51 74 70";"—";"Участвует в конкурсе";"2291838";"—"
"1035";"17";"—";"195000";"59 86 48";"2000";"Выбыл из конкурса";"2313072";"—"
"1036";"5";"—";"195000";"67 70 55";"3000";"Участвует в конкурсе";"992927";"—"
"1037";"14";"—";"195000";"70 64 55";"6000";"Участвует в конкурсе";"2017005";"—"
"1038";"19";"—";"194000";"70 72 52";"—";"Участвует в конкурсе";"2242179";"—"
"1039";"6";"—";"194000";"64 78 52";"—";"Участвует в конкурсе";"1346908";"—"
"1040";"7";"—";"194000";"56 80 58";"—";"Участвует в конкурсе";"1372758";"—"
"1041";"7";"—";"194000";"56 80 58";"—";"Участвует в конкурсе";"1546239";"—"
"1042";"23";"—";"194000";"56 72 66";"—";"Участвует в конкурсе";"1558821";"—"
"1043";"3";"—";"194000";"78 58 55";"3000";"Участвует в конкурсе";"2000673";"—"
"1044";"25";"—";"194000";"64 76 51";"3000";"Участвует в конкурсе";"1157585";"—"
"1045";"30";"—";"194000";"64 58 69";"3000";"Участвует в конкурсе";"2244498";"—"
"1046";"5";"—";"194000";"51 76 64";"3000";"Участвует в конкурсе";"1194491";"—"
"1047";"2";"—";"193000";"75 58 60";"—";"Участвует в конкурсе";"1617099";"—"
"1048";"8";"—";"193000";"67 72 54";"—";"Участвует в конкурсе";"1432633";"—"
"1049";"14";"—";"193000";"64 78 51";"—";"Участвует в конкурсе";"1654999";"—"
"1051";"3";"—";"193000";"64 72 57";"—";"Участвует в конкурсе";"1834225";"—"
"1052";"5";"—";"193000";"62 70 61";"—";"Участвует в конкурсе";"2100431";"—"
"1053";"24";"—";"193000";"59 70 64";"—";"Участвует в конкурсе";"1262169";"—"
"1054";"6";"—";"193000";"56 76 61";"—";"Участвует в конкурсе";"1583283";"—"
"1055";"9";"—";"193000";"51 76 66";"—";"Участвует в конкурсе";"2077450";"—"
"1057";"11";"—";"193000";"80 58 52";"3000";"Участвует в конкурсе";"1579827";"—"
"1058";"8";"—";"193000";"72 58 60";"3000";"Участвует в конкурсе";"1323823";"—"
"1059";"16";"—";"193000";"64 70 54";"5000";"Участвует в конкурсе";"1645458";"—"
"1060";"19";"—";"193000";"54 64 67";"8000";"Участвует в конкурсе";"2344188";"—"
"1061";"16";"—";"192000";"70 58 64";"—";"Участвует в конкурсе";"1634235";"—"
"1062";"26";"—";"192000";"67 70 55";"—";"Участвует в конкурсе";"1204568";"—"
"1064";"2";"—";"192000";"64 74 54";"—";"Участвует в конкурсе";"2101551";"—"
"1065";"24";"—";"192000";"64 64 64";"—";"Участвует в конкурсе";"1443188";"—"
"1066";"10";"—";"192000";"64 64 64";"—";"Участвует в конкурсе";"957246";"—"
"1067";"19";"—";"192000";"62 72 58";"—";"Участвует в конкурсе";"2101160";"—"
"1068";"16";"—";"192000";"62 70 60";"—";"Участвует в конкурсе";"2314911";"—"
"1069";"3";"—";"192000";"59 70 63";"—";"Участвует в конкурсе";"2410865";"—"
"1071";"7";"—";"192000";"72 64 54";"2000";"Участвует в конкурсе";"2006948";"—"
"1072";"3";"—";"192000";"51 70 69";"2000";"Участвует в конкурсе";"1535715";"—"
"1073";"5";"—";"192000";"70 64 55";"3000";"Участвует в конкурсе";"2335662";"—"
"1074";"7";"—";"192000";"67 64 58";"3000";"Участвует в конкурсе";"1423040";"—"
"1075";"7";"—";"192000";"46 76 67";"3000";"Выбыл из конкурса";"1584176";"—"
"1076";"4";"—";"191000";"70 52 69";"—";"Участвует в конкурсе";"1754976";"—"
"1077";"20";"—";"191000";"64 76 51";"—";"Участвует в конкурсе";"1327711";"—"
"1078";"25";"—";"191000";"64 70 57";"—";"Участвует в конкурсе";"1482169";"—"
"1079";"20";"—";"191000";"59 80 52";"—";"Участвует в конкурсе";"2297710";"—"
"1080";"5";"—";"191000";"59 74 58";"—";"Участвует в конкурсе";"2206581";"—"
"1081";"4";"—";"191000";"54 74 63";"—";"Участвует в конкурсе";"1654122";"—"
"1082";"4";"—";"191000";"70 70 48";"3000";"Выбыл из конкурса";"1307179";"—"
"1083";"12";"—";"191000";"64 64 60";"3000";"Участвует в конкурсе";"1180542";"—"
"1084";"24";"—";"191000";"51 74 63";"3000";"Участвует в конкурсе";"1333594";"—"
"1085";"9";"—";"191000";"56 64 61";"10000";"Участвует в конкурсе";"2005370";"—"
"1086";"10";"—";"191000";"51 64 66";"10000";"Участвует в конкурсе";"2264400";"—"
"1087";"19";"—";"190000";"72 52 66";"—";"Участвует в конкурсе";"2322216";"—"
"1088";"12";"—";"190000";"59 70 61";"—";"Участвует в конкурсе";"1359517";"—"
"1089";"9";"—";"190000";"59 70 61";"—";"Участвует в конкурсе";"2233795";"—"
"1090";"10";"—";"190000";"59 70 61";"—";"Участвует в конкурсе";"2295985";"—"
"1091";"2";"—";"190000";"56 64 70";"—";"Участвует в конкурсе";"2180873";"—"
"1093";"15";"—";"190000";"46 74 70";"—";"Выбыл из конкурса";"2239032";"—"
"1095";"2";"—";"190000";"67 64 54";"5000";"Участвует в конкурсе";"1439113";"—"
"1096";"22";"—";"189000";"67 64 58";"—";"Участвует в конкурсе";"1258287";"—"
"1097";"4";"—";"189000";"64 64 61";"—";"Участвует в конкурсе";"1716791";"—"
"1098";"19";"—";"189000";"62 72 55";"—";"Участвует в конкурсе";"1571062";"—"
"1099";"15";"—";"189000";"62 70 57";"—";"Участвует в конкурсе";"2329798";"—"
"1100";"14";"—";"189000";"59 70 60";"—";"Участвует в конкурсе";"1180983";"—"
"1101";"11";"—";"189000";"59 70 60";"—";"Участвует в конкурсе";"1985034";"—"
"1102";"3";"—";"189000";"59 58 72";"—";"Участвует в конкурсе";"1618761";"—"
"1104";"15";"—";"189000";"56 64 69";"—";"Участвует в конкурсе";"2156888";"—"
"1105";"3";"—";"189000";"54 74 61";"—";"Участвует в конкурсе";"1383949";"—"
"1106";"3";"—";"189000";"70 58 58";"3000";"Участвует в конкурсе";"1202558";"—"
"1108";"10";"—";"189000";"56 64 66";"3000";"Участвует в конкурсе";"2270002";"—"
"1109";"7";"—";"188000";"62 72 54";"—";"Участвует в конкурсе";"2184646";"—"
"1110";"6";"—";"188000";"62 72 54";"—";"Участвует в конкурсе";"2299247";"—"
"1111";"18";"—";"188000";"59 72 57";"—";"Участвует в конкурсе";"1788095";"—"
"1112";"27";"—";"188000";"56 72 60";"—";"Участвует в конкурсе";"1330225";"—"
"1113";"23";"—";"188000";"54 70 64";"—";"Участвует в конкурсе";"2219840";"—"
"1114";"14";"—";"188000";"56 64 66";"2000";"Участвует в конкурсе";"2315176";"—"
"1115";"10";"—";"188000";"64 64 57";"3000";"Участвует в конкурсе";"1317981";"—"
"1116";"8";"—";"187000";"72 52 63";"—";"Участвует в конкурсе";"1999470";"—"
"1117";"16";"—";"187000";"59 70 58";"—";"Участвует в конкурсе";"1470878";"—"
"1118";"4";"—";"187000";"59 70 58";"—";"Участвует в конкурсе";"1984536";"—"
"1119";"21";"—";"187000";"59 70 58";"—";"Участвует в конкурсе";"2173671";"—"
"1120";"13";"—";"187000";"59 64 64";"—";"Участвует в конкурсе";"2394893";"—"
"1121";"6";"—";"187000";"59 58 70";"—";"Участвует в конкурсе";"1903244";"—"
"1122";"24";"—";"187000";"54 72 61";"—";"Участвует в конкурсе";"1958696";"—"
"1123";"19";"—";"187000";"75 58 51";"3000";"Участвует в конкурсе";"1441556";"—"
"1124";"12";"—";"187000";"54 70 60";"3000";"Участвует в конкурсе";"1851689";"—"
"1125";"24";"—";"186000";"62 64 60";"—";"Участвует в конкурсе";"2344549";"—"
"1126";"8";"—";"186000";"59 76 51";"—";"Участвует в конкурсе";"1995965";"—"
"1127";"6";"—";"186000";"59 64 63";"—";"Участвует в конкурсе";"1599964";"—"
"1128";"12";"—";"186000";"56 70 60";"—";"Участвует в конкурсе";"1242081";"—"
"1129";"13";"—";"186000";"54 74 58";"—";"Участвует в конкурсе";"2224997";"—"
"1130";"11";"—";"186000";"62 72 49";"3000";"Выбыл из конкурса";"2229599";"—"
"1131";"8";"—";"186000";"59 72 52";"3000";"Участвует в конкурсе";"1621357";"—"
"1132";"27";"—";"186000";"54 78 51";"3000";"Участвует в конкурсе";"1696864";"—"
"1133";"11";"—";"186000";"59 58 64";"5000";"Участвует в конкурсе";"1028532";"—"
"1134";"11";"—";"185000";"78 52 55";"—";"Участвует в конкурсе";"1644472";"—"
"1136";"12";"—";"185000";"67 58 60";"—";"Участвует в конкурсе";"2171589";"—"
"1137";"4";"—";"185000";"64 70 51";"—";"Участвует в конкурсе";"1412548";"—"
"1138";"15";"—";"185000";"59 72 54";"—";"Участвует в конкурсе";"2238869";"—"
"1139";"10";"—";"185000";"56 74 55";"—";"Участвует в конкурсе";"1292115";"—"
"1140";"8";"—";"185000";"54 70 61";"—";"Участвует в конкурсе";"2266622";"—"
"1141";"1";"—";"185000";"64 64 54";"3000";"Участвует в конкурсе";"1504686";"—"
"1142";"3";"—";"185000";"51 78 51";"5000";"Участвует в конкурсе";"1554814";"—"
"1143";"19";"—";"185000";"62 52 61";"10000";"Участвует в конкурсе";"2054883";"—"
"1144";"5";"—";"184000";"72 52 60";"—";"Участвует в конкурсе";"2216359";"—"
"1145";"16";"—";"184000";"59 74 51";"—";"Участвует в конкурсе";"1003551";"—"
"1146";"8";"—";"184000";"54 72 58";"—";"Участвует в конкурсе";"1833980";"—"
"1147";"3";"—";"184000";"72 58 52";"2000";"Участвует в конкурсе";"1291929";"—"
"1148";"4";"—";"184000";"56 72 54";"2000";"Участвует в конкурсе";"1365360";"—"
"1149";"14";"—";"184000";"56 58 67";"3000";"Участвует в конкурсе";"1971581";"—"
"1150";"3";"—";"183000";"70 52 61";"—";"Участвует в конкурсе";"1509479";"—"
"1151";"27";"—";"183000";"67 52 64";"—";"Участвует в конкурсе";"1885144";"—"
"1152";"12";"—";"183000";"62 64 57";"—";"Участвует в конкурсе";"1361464";"—"
"1153";"3";"—";"183000";"59 72 52";"—";"Участвует в конкурсе";"1782030";"—"
"1154";"7";"—";"183000";"59 70 54";"—";"Участвует в конкурсе";"2382667";"—"
"1155";"3";"Электронное";"183000";"56 70 57";"—";"Участвует в конкурсе";"1720625";"—"
"1157";"14";"—";"183000";"56 70 57";"—";"Участвует в конкурсе";"1953697";"—"
"1158";"14";"—";"183000";"56 70 57";"—";"Участвует в конкурсе";"2341631";"—"
"1159";"9";"—";"183000";"70 58 52";"3000";"Участвует в конкурсе";"2255620";"—"
"1160";"16";"—";"182000";"67 64 51";"—";"Участвует в конкурсе";"1425140";"—"
"1161";"9";"—";"182000";"67 58 57";"—";"Участвует в конкурсе";"2307742";"—"
"1162";"24";"—";"182000";"64 72 46";"—";"Выбыл из конкурса";"2321452";"—"
"1163";"27";"—";"182000";"59 72 51";"—";"Участвует в конкурсе";"1438104";"—"
"1164";"22";"—";"182000";"59 72 51";"—";"Участвует в конкурсе";"2218344";"—"
"1165";"18";"—";"182000";"51 70 61";"—";"Участвует в конкурсе";"1215649";"—"
"1166";"6";"—";"182000";"64 58 58";"2000";"Участвует в конкурсе";"2236763";"—"
"1167";"7";"—";"182000";"51 70 58";"3000";"Участвует в конкурсе";"2221894";"—"
"1168";"21";"—";"182000";"48 58 73";"3000";"Выбыл из конкурса";"1915716";"—"
"1169";"7";"—";"181000";"78 52 51";"—";"Участвует в конкурсе";"2227098";"—"
"1170";"16";"—";"181000";"62 64 55";"—";"Участвует в конкурсе";"1640379";"—"
"1171";"25";"—";"181000";"59 70 52";"—";"Участвует в конкурсе";"1261651";"—"
"1173";"17";"—";"181000";"54 78 49";"—";"Выбыл из конкурса";"1782200";"—"
"1174";"19";"—";"181000";"54 58 69";"—";"Участвует в конкурсе";"1798024";"—"
"1175";"14";"—";"181000";"67 52 60";"2000";"Участвует в конкурсе";"1285777";"—"
"1176";"21";"—";"181000";"54 64 61";"2000";"Участвует в конкурсе";"2140784";"—"
"1177";"11";"—";"181000";"51 58 69";"3000";"Участвует в конкурсе";"1882146";"—"
"1178";"3";"—";"181000";"59 58 54";"10000";"Участвует в конкурсе";"2419132";"—"
"1179";"11";"—";"180000";"64 64 52";"—";"Участвует в конкурсе";"1421454";"—"
"1180";"1";"—";"180000";"59 64 57";"—";"Участвует в конкурсе";"2089136";"—"
"1182";"14";"—";"179000";"54 64 61";"—";"Участвует в конкурсе";"2018646";"—"
"1183";"15";"—";"179000";"54 64 61";"—";"Участвует в конкурсе";"2233572";"—"
"1184";"10";"—";"179000";"54 64 61";"—";"Участвует в конкурсе";"2355026";"—"
"1185";"7";"—";"179000";"64 58 52";"5000";"Участвует в конкурсе";"2101527";"—"
"1186";"3";"—";"178000";"59 64 55";"—";"Участвует в конкурсе";"1239637";"—"
"1187";"22";"—";"178000";"56 70 52";"—";"Участвует в конкурсе";"1253238";"—"
"1188";"6";"—";"178000";"56 58 64";"—";"Участвует в конкурсе";"1252314";"—"
"1189";"13";"—";"178000";"54 64 60";"—";"Участвует в конкурсе";"2330624";"—"
"1191";"14";"—";"178000";"51 70 57";"—";"Участвует в конкурсе";"1643936";"—"
"1192";"24";"—";"178000";"40 72 66";"—";"Выбыл из конкурса";"2227782";"—"
"1193";"19";"—";"178000";"51 58 61";"8000";"Участвует в конкурсе";"1357732";"—"
"1194";"5";"—";"177000";"64 52 61";"—";"Участвует в конкурсе";"1586661";"—"
"1195";"19";"—";"177000";"59 58 60";"—";"Участвует в конкурсе";"1418462";"—"
"1196";"18";"—";"177000";"56 64 57";"—";"Участвует в конкурсе";"2367106";"—"
"1197";"10";"—";"177000";"59 64 51";"3000";"Участвует в конкурсе";"1259115";"—"
"1198";"5";"—";"177000";"56 58 60";"3000";"Участвует в конкурсе";"2021196";"—"
"1199";"6";"—";"176000";"70 58 48";"—";"Выбыл из конкурса";"1777525";"—"
"1200";"11";"—";"176000";"64 58 54";"—";"Участвует в конкурсе";"1982313";"—"
"1201";"9";"—";"176000";"54 64 58";"—";"Участвует в конкурсе";"2320745";"—"
"1202";"5";"—";"176000";"54 64 58";"—";"Участвует в конкурсе";"2396330";"—"
"1203";"3";"—";"176000";"51 70 55";"—";"Участвует в конкурсе";"1211228";"—"
"1204";"10";"—";"176000";"56 64 54";"2000";"Участвует в конкурсе";"2197633";"—"
"1205";"13";"—";"176000";"54 58 61";"3000";"Участвует в конкурсе";"2341532";"—"
"1206";"14";"—";"175000";"56 64 55";"—";"Участвует в конкурсе";"1290286";"—"
"1207";"17";"—";"175000";"56 64 55";"—";"Участвует в конкурсе";"2000264";"—"
"1208";"2";"—";"175000";"51 58 66";"—";"Участвует в конкурсе";"2242049";"—"
"1209";"5";"—";"175000";"48 64 63";"—";"Выбыл из конкурса";"2412836";"—"
"1210";"19";"—";"175000";"51 64 58";"2000";"Участвует в конкурсе";"1261176";"—"
"1211";"2";"—";"175000";"56 64 52";"3000";"Участвует в конкурсе";"1337567";"—"
"1212";"3";"—";"175000";"46 74 52";"3000";"Выбыл из конкурса";"2221723";"—"
"1213";"4";"Электронное";"174000";"62 52 60";"—";"Участвует в конкурсе";"1040877";"—"
"1214";"6";"—";"174000";"62 52 60";"—";"Участвует в конкурсе";"1346096";"—"
"1215";"20";"—";"174000";"59 64 51";"—";"Участвует в конкурсе";"1080048";"—"
"1216";"8";"—";"173000";"64 52 57";"—";"Участвует в конкурсе";"2003745";"—"
"1217";"14";"—";"173000";"54 58 61";"—";"Участвует в конкурсе";"1882656";"—"
"1218";"8";"—";"173000";"54 58 61";"—";"Участвует в конкурсе";"2229968";"—"
"1219";"13";"—";"173000";"51 52 70";"—";"Участвует в конкурсе";"1855700";"—"
"1220";"11";"—";"173000";"48 64 61";"—";"Выбыл из конкурса";"2289578";"—"
"1221";"12";"—";"173000";"43 70 60";"—";"Выбыл из конкурса";"2100676";"—"
"1222";"8";"—";"173000";"46 64 60";"3000";"Выбыл из конкурса";"1798891";"—"
"1223";"8";"—";"172000";"72 46 54";"—";"Выбыл из конкурса";"1840231";"—"
"1224";"21";"—";"172000";"62 58 52";"—";"Участвует в конкурсе";"1851972";"—"
"1225";"21";"—";"172000";"51 64 57";"—";"Участвует в конкурсе";"1353932";"—"
"1226";"12";"—";"172000";"51 58 63";"—";"Участвует в конкурсе";"1257734";"—"
"1227";"5";"—";"171000";"62 52 57";"—";"Участвует в конкурсе";"2394670";"—"
"1228";"17";"—";"171000";"59 70 42";"—";"Выбыл из конкурса";"2039259";"—"
"1229";"4";"—";"171000";"59 58 54";"—";"Участвует в конкурсе";"1910723";"—"
"1230";"10";"—";"171000";"51 58 62";"—";"Участвует в конкурсе";"2274391";"—"
"1231";"4";"—";"171000";"46 70 55";"—";"Выбыл из конкурса";"2370403";"—"
"1233";"7";"—";"170000";"64 58 48";"—";"Выбыл из конкурса";"1431946";"—"
"1234";"14";"—";"170000";"54 76 40";"—";"Выбыл из конкурса";"2390885";"—"
"1235";"4";"—";"170000";"54 52 64";"—";"Участвует в конкурсе";"2268352";"—"
"1236";"22";"—";"170000";"51 52 63";"4000";"Участвует в конкурсе";"1614707";"—"
"1237";"15";"—";"170000";"51 58 54";"7000";"Участвует в конкурсе";"1719088";"—"
"1238";"1";"—";"169000";"64 46 59";"—";"Выбыл из конкурса";"1787029";"—"
"1239";"5";"—";"169000";"59 52 58";"—";"Участвует в конкурсе";"1349561";"—"
"1240";"12";"—";"169000";"56 64 49";"—";"Выбыл из конкурса";"1211093";"—"
"1241";"10";"—";"169000";"56 58 55";"—";"Участвует в конкурсе";"1251167";"—"
"1242";"6";"—";"169000";"56 52 61";"—";"Участвует в конкурсе";"1502834";"—"
"1243";"13";"—";"169000";"54 58 57";"—";"Участвует в конкурсе";"1777147";"—"
"1245";"13";"—";"169000";"51 58 60";"—";"Участвует в конкурсе";"2341233";"—"
"1246";"12";"—";"169000";"59 46 54";"10000";"Выбыл из конкурса";"2212649";"—"
"1247";"18";"—";"168000";"56 52 60";"—";"Участвует в конкурсе";"2273348";"—"
"1248";"19";"—";"168000";"46 52 70";"—";"Выбыл из конкурса";"1507037";"—"
"1249";"9";"—";"167000";"54 58 55";"—";"Участвует в конкурсе";"1287508";"—"
"1250";"26";"—";"166000";"59 58 49";"—";"Выбыл из конкурса";"831396";"—"
"1251";"23";"—";"166000";"59 52 55";"—";"Участвует в конкурсе";"1153736";"—"
"1252";"10";"—";"166000";"56 46 61";"3000";"Выбыл из конкурса";"2273706";"—"
"1253";"5";"—";"165000";"64 58 43";"—";"Выбыл из конкурса";"1187901";"—"
"1254";"11";"—";"165000";"62 58 45";"—";"Выбыл из конкурса";"1529785";"—"
"1255";"7";"—";"165000";"62 52 51";"—";"Участвует в конкурсе";"1795843";"—"
"1256";"8";"—";"165000";"62 52 51";"—";"Участвует в конкурсе";"1988881";"—"
"1257";"19";"—";"165000";"56 58 51";"—";"Участвует в конкурсе";"1974876";"—"
"1258";"12";"—";"165000";"48 52 60";"5000";"Выбыл из конкурса";"2219629";"—"
"1259";"9";"—";"164000";"54 58 52";"—";"Участвует в конкурсе";"2311687";"—"
"1260";"23";"—";"164000";"51 52 61";"—";"Участвует в конкурсе";"1906421";"—"
"1261";"19";"—";"164000";"46 58 58";"2000";"Выбыл из конкурса";"1055473";"—"
"1262";"21";"—";"163000";"62 40 61";"—";"Выбыл из конкурса";"1361721";"—"
"1263";"16";"—";"163000";"54 58 51";"—";"Участвует в конкурсе";"2225398";"—"
"1264";"6";"—";"163000";"54 52 57";"—";"Участвует в конкурсе";"2246710";"—"
"1265";"9";"—";"163000";"51 58 54";"—";"Участвует в конкурсе";"1039665";"—"
"1266";"4";"—";"163000";"51 58 54";"—";"Участвует в конкурсе";"1791922";"—"
"1267";"16";"—";"162000";"67 46 49";"—";"Выбыл из конкурса";"2334998";"—"
"1268";"25";"—";"162000";"59 46 57";"—";"Выбыл из конкурса";"2230582";"—"
"1269";"7";"—";"160000";"56 52 52";"—";"Участвует в конкурсе";"2056864";"—"
"1271";"14";"—";"160000";"64 40 46";"10000";"Выбыл из конкурса";"1441065";"—"
"1272";"3";"—";"159000";"62 40 57";"—";"Выбыл из конкурса";"2227700";"—"
"1273";"19";"—";"159000";"46 58 45";"10000";"Выбыл из конкурса";"1627637";"—"
"1275";"20";"—";"158000";"46 64 48";"—";"Выбыл из конкурса";"1325396";"—"
"1277";"5";"—";"157000";"54 46 54";"3000";"Выбыл из конкурса";"2346533";"—"
"1278";"26";"—";"157000";"48 46 60";"3000";"Выбыл из конкурса";"1967834";"—"
"1279";"17";"—";"156000";"59 46 51";"—";"Выбыл из конкурса";"2405191";"—"
"1280";"17";"—";"156000";"56 52 48";"—";"Выбыл из конкурса";"1793218";"—"
"1281";"14";"—";"156000";"46 58 52";"—";"Выбыл из конкурса";"2224644";"—"
"1282";"6";"—";"155000";"54 52 49";"—";"Выбыл из конкурса";"1575559";"—"
"1284";"14";"—";"155000";"46 52 57";"—";"Выбыл из конкурса";"2314989";"—"
"1285";"1";"—";"155000";"43 58 54";"—";"Выбыл из конкурса";"2233384";"—"
"1286";"4";"—";"154000";"51 52 51";"—";"Участвует в конкурсе";"1394878";"—"
"1287";"5";"—";"153000";"56 52 40";"5000";"Выбыл из конкурса";"2163947";"—"
"1288";"3";"—";"152000";"54 46 52";"—";"Выбыл из конкурса";"1790682";"—"
"1289";"10";"—";"152000";"51 52 49";"—";"Выбыл из конкурса";"2184275";"—"
"1290";"17";"—";"152000";"48 52 52";"—";"Выбыл из конкурса";"2176877";"—"
"1291";"2";"—";"152000";"43 46 63";"—";"Выбыл из конкурса";"1934240";"—"
"1293";"24";"—";"151000";"48 58 45";"—";"Выбыл из конкурса";"2389803";"—"
"1294";"4";"—";"151000";"48 52 51";"—";"Выбыл из конкурса";"2426651";"—"
"1295";"5";"—";"151000";"54 46 48";"3000";"Выбыл из конкурса";"2169056";"—"
"1296";"10";"—";"150000";"56 52 42";"—";"Выбыл из конкурса";"1498212";"—"
"1297";"3";"—";"149000";"46 52 51";"—";"Выбыл из конкурса";"1253081";"—"
"1298";"6";"—";"148000";"48 46 54";"—";"Выбыл из конкурса";"2311757";"—"
"1299";"29";"—";"147000";"75 72 0";"—";"Выбыл из конкурса";"831094";"—"
"1300";"9";"—";"146000";"46 52 48";"—";"Выбыл из конкурса";"1311714";"—"
"1301";"7";"—";"146000";"46 58 40";"2000";"Выбыл из конкурса";"1487763";"—"
"1303";"18";"—";"144000";"43 52 49";"—";"Выбыл из конкурса";"2343011";"—"
"1304";"8";"—";"142000";"54 40 48";"—";"Выбыл из конкурса";"2246498";"—"
"1305";"10";"—";"141000";"46 52 43";"—";"Выбыл из конкурса";"2332955";"—"
"1307";"6";"—";"138000";"46 46 46";"—";"Выбыл из конкурса";"2158946";"—"
"1308";"22";"—";"137000";"43 40 51";"3000";"Выбыл из конкурса";"2225658";"—"
"1309";"18";"—";"136000";"51 40 45";"—";"Выбыл из конкурса";"2179375";"—"
"1310";"1";"—";"134000";"43 40 51";"—";"Выбыл из конкурса";"1433208";"—"
"1311";"9";"—";"131000";"48 40 43";"—";"Выбыл из конкурса";"2408983";"—"
"1312";"12";"—";"129000";"51 27 51";"—";"Выбыл из конкурса";"1573460";"—"
"1313";"23";"—";"129000";"40 34 52";"3000";"Выбыл из конкурса";"1177110";"—"
"1314";"10";"—";"122000";"40 34 48";"—";"Выбыл из конкурса";"2364290";"—"
"1316";"10";"—";"103000";"0 52 51";"—";"Выбыл из конкурса";"1139997";"—"
"1317";"27";"—";"98000";"0 40 58";"—";"Выбыл из конкурса";"2213309";"—"
"1318";"2";"—";"95000";"0 52 43";"—";"Выбыл из конкурса";"971126";"—"
"1319";"3";"—";"85000";"0 40 45";"—";"Выбыл из конкурса";"2177332";"—"
"1320";"11";"—";"76000";"0 27 49";"—";"Выбыл из конкурса";"1984385";"—"
"1321";"13";"—";"54000";"0 0 54";"—";"Выбыл из конкурса";"969910";"—"
"1324";"3";"—";"166000";"- 86 78";"2000";"Ожидание результатов ВИ";"1908092";"—"
"1325";"11";"—";"164000";"- 86 78";"—";"Ожидание результатов ВИ";"1907577";"—"
"1328";"10";"—";"156000";"- 84 72";"—";"Ожидание результатов ВИ";"1350994";"—"
"1329";"21";"—";"154000";"- 84 70";"—";"Ожидание результатов ВИ";"2091217";"—"
"1331";"8";"—";"152000";"- 64 83";"5000";"Ожидание результатов ВИ";"2182311";"—"
"1332";"4";"—";"150000";"- 78 72";"—";"Ожидание результатов ВИ";"1521223";"—"
"1334";"9";"—";"149000";"- 74 72";"3000";"Ожидание результатов ВИ";"1075571";"—"
"1335";"3";"—";"148000";"- 70 73";"5000";"Ожидание результатов ВИ";"1652671";"—"
"1336";"3";"—";"148000";"- 74 64";"10000";"Ожидание результатов ВИ";"2162015";"—"
"1337";"14";"—";"146000";"- 76 70";"—";"Ожидание результатов ВИ";"1069131";"—"
"1338";"8";"—";"142000";"- 72 70";"—";"Ожидание результатов ВИ";"1261460";"—"
"1339";"6";"—";"140000";"- 76 64";"—";"Ожидание результатов ВИ";"2226262";"—"
"1340";"1";"—";"136000";"- 76 60";"—";"Ожидание результатов ВИ";"1205146";"—"
"1341";"5";"—";"136000";"- 64 66";"6000";"Ожидание результатов ВИ";"1638363";"—"
"1343";"3";"—";"131000";"- 74 57";"—";"Ожидание результатов ВИ";"1399651";"—"
"1344";"12";"—";"127000";"- 78 49";"—";"Выбыл из конкурса";"2056566";"—"
"1345";"21";"—";"127000";"- 70 57";"—";"Ожидание результатов ВИ";"1750923";"—"
"1346";"3";"—";"127000";"- 64 63";"—";"Ожидание результатов ВИ";"1503243";"—"
"1348";"19";"—";"124000";"- 64 60";"—";"Ожидание результатов ВИ";"1726925";"—"
"1349";"3";"—";"122000";"- 58 64";"—";"Ожидание результатов ВИ";"1119727";"—"
"1352";"10";"—";"116000";"- 64 52";"—";"Ожидание результатов ВИ";"1625547";"—"
"1353";"5";"—";"115000";"- 58 57";"—";"Ожидание результатов ВИ";"1909064";"—"
"1354";"11";"—";"115000";"- 58 54";"3000";"Ожидание результатов ВИ";"2080016";"—"
"1355";"4";"—";"110000";"- 52 55";"3000";"Ожидание результатов ВИ";"1081433";"—"
"1356";"7";"—";"109000";"- 58 51";"—";"Ожидание результатов ВИ";"1502366";"—"
"1357";"26";"—";"107000";"- 52 55";"—";"Ожидание результатов ВИ";"1273616";"—"
"1359";"12";"—";"101000";"- 52 49";"—";"Выбыл из конкурса";"1485143";"—"
"1360";"16";"—";"62000";"- - 62";"—";"Ожидание результатов ВИ";"1473734";"—"
"1361";"1";"—";"50000";"- 40 -";"10000";"Выбыл из конкурса";"1622365";"—"
"1362";"25";"—";"49000";"- 0 49";"—";"Выбыл из конкурса";"1397614";"—"
"1363";"9";"—";"42000";"0 - 42";"—";"Выбыл из конкурса";"1942137";"—"
"1364";"9";"—";"10000";"x x x";"10000";"На рассмотрении";"1858405";"—"
"1367";"10";"—";"10000";"- - -";"10000";"Ожидание результатов ВИ";"1358309";"—"
"1368";"3";"—";"10000";"- - -";"10000";"Ожидание результатов ВИ";"1743336";"—"
"1370";"10";"—";"10000";"- - -";"10000";"Ожидание результатов ВИ";"1729208";"—"
"1371";"7";"—";"10000";"- - -";"10000";"Ожидание результатов ВИ";"2086031";"—"
"1375";"1";"—";"3000";"x x x";"3000";"На рассмотрении";"1505988";"—"
"1376";"15";"—";"3000";"- - -";"3000";"Ожидание результатов ВИ";"1953278";"—"
"1378";"3";"—";"—";"- - -";"—";"Ожидание результатов ВИ";"964851";"—"
"1382";"18";"—";"—";"- - -";"—";"Ожидание результатов ВИ";"961668";"—"
"1383";"4";"—";"—";"- - -";"—";"Ожидание результатов ВИ";"1085325";"—"
"1384";"10";"—";"—";"- - -";"—";"Ожидание результатов ВИ";"1269092";"—"
"1385";"9";"—";"—";"- - -";"—";"Ожидание результатов ВИ";"1442710";"—"
"1388";"19";"—";"—";"- - -";"—";"Ожидание результатов ВИ";"1200744";"—"
"1389";"18";"—";"—";"- - -";"—";"Ожидание результатов ВИ";"1414024";"—"
"1391";"18";"—";"—";"- - -";"—";"Ожидание результатов ВИ";"1618220";"—"
"1392";"14";"—";"—";"- - -";"—";"Ожидание результатов ВИ";"1615822";"—"
"1394";"13";"—";"—";"- - -";"—";"Ожидание результатов ВИ";"1334557";"—"
"1395";"10";"—";"—";"- - -";"—";"Ожидание результатов ВИ";"1728115";"—"
"1396";"11";"—";"—";"- - -";"—";"Ожидание результатов ВИ";"1774025";"—"
"1397";"6";"—";"—";"- - -";"—";"Ожидание результатов ВИ";"1005492";"—"
"1398";"20";"—";"—";"- - -";"—";"Ожидание результатов ВИ";"1955990";"—"
"1399";"3";"—";"—";"- - -";"—";"Ожидание результатов ВИ";"1044269";"—"
"1401";"8";"—";"—";"- - -";"—";"Ожидание результатов ВИ";"1148139";"—"
"1402";"3";"—";"—";"- - -";"—";"Ожидание результатов ВИ";"2082579";"—"
"1404";"1";"—";"—";"- - -";"—";"Ожидание результатов ВИ";"2273537";"—"
"1407";"8";"—";"—";"- - -";"—";"Ожидание результатов ВИ";"1488566";"—"
