"Порядковый номер";"Приоритет конкурса";"Подано согласие";"Сумма баллов";"Баллы за ВИ";"Баллы за ИД";"Статус";"Код поступающего";"Дата выбора конкурсной группы по Москве"
"1";"1";"Электронное";"246";"244";"2";"Участвуете в конкурсе";"1888662";"—"
"2";"3";"Электронное";"240";"240";"0";"Участвуете в конкурсе";"1795199";"—"
"3";"1";"Электронное";"238";"234";"4";"Участвуете в конкурсе";"974734";"—"
"4";"1";"—";"238";"233";"5";"Участвуете в конкурсе";"2298773";"—"
"5";"3";"—";"229";"227";"2";"Участвуете в конкурсе";"990291";"—"
"6";"1";"—";"225";"215";"10";"Участвуете в конкурсе";"1304842";"—"
"4";"1";"Электронное";"224";"222";"2";"Участвуете в конкурсе";"1351769";"—"
"8";"1";"—";"223";"221";"2";"Участвуете в конкурсе";"1643068";"—"
"5";"1";"Электронное";"223";"218";"5";"Участвуете в конкурсе";"1683729";"—"
"10";"1";"Электронное";"213";"210";"3";"Участвуете в конкурсе";"1186955";"—"
"11";"3";"Электронное";"209";"204";"5";"Участвуете в конкурсе";"1995021";"—"
"6";"1";"Электронное";"207";"205";"2";"Участвуете в конкурсе";"1888646";"—"
"13";"2";"Электронное";"196";"194";"2";"Участвуете в конкурсе";"1468665";"—"
"14";"1";"—";"287";"287";"0";"Участвуете в конкурсе";"1722010";"—"
"15";"6";"—";"284";"284";"0";"Участвуете в конкурсе";"1728313";"—"
"16";"1";"—";"282";"272";"10";"Участвуете в конкурсе";"2154272";"—"
"17";"3";"—";"275";"265";"10";"Участвуете в конкурсе";"2021531";"—"
"18";"3";"—";"274";"264";"10";"Участвуете в конкурсе";"1776521";"—"
"19";"3";"Электронное";"274";"264";"10";"Участвуете в конкурсе";"938617";"—"
"20";"11";"—";"267";"257";"10";"Участвуете в конкурсе";"1854486";"—"
"21";"6";"—";"263";"253";"10";"Участвуете в конкурсе";"2153821";"—"
"22";"2";"—";"261";"261";"0";"Участвуете в конкурсе";"1696986";"—"
"23";"17";"Электронное";"260";"260";"0";"Участвуете в конкурсе";"1629892";"—"
"24";"9";"—";"259";"259";"0";"Участвуете в конкурсе";"1424003";"—"
"25";"4";"—";"259";"249";"10";"Участвуете в конкурсе";"1616589";"—"
"26";"11";"—";"258";"258";"0";"Участвуете в конкурсе";"1141239";"—"
"27";"2";"—";"258";"248";"10";"Участвуете в конкурсе";"1353395";"—"
"28";"4";"Электронное";"258";"248";"10";"Участвуете в конкурсе";"1715288";"—"
"29";"1";"—";"257";"247";"10";"Участвуете в конкурсе";"1314562";"—"
"1";"1";"Электронное";"255";"255";"0";"Участвуете в конкурсе";"1631412";"—"
"31";"4";"Электронное";"255";"250";"5";"Участвуете в конкурсе";"2070922";"—"
"32";"4";"—";"254";"244";"10";"Участвуете в конкурсе";"2220150";"—"
"33";"4";"—";"253";"253";"0";"Участвуете в конкурсе";"1493829";"—"
"34";"2";"—";"253";"243";"10";"Участвуете в конкурсе";"1991819";"—"
"35";"6";"—";"250";"250";"0";"Участвуете в конкурсе";"1848238";"—"
"36";"4";"Электронное";"250";"248";"2";"Участвуете в конкурсе";"1694592";"—"
"37";"2";"—";"250";"240";"10";"Участвуете в конкурсе";"2248399";"—"
"38";"9";"—";"249";"239";"10";"Участвуете в конкурсе";"1847194";"—"
"39";"2";"—";"248";"248";"0";"Участвуете в конкурсе";"2074190";"—"
"2";"1";"Электронное";"248";"238";"10";"Участвуете в конкурсе";"1889377";"—"
"41";"7";"—";"245";"245";"0";"Участвуете в конкурсе";"1330860";"—"
"42";"2";"—";"245";"245";"0";"Участвуете в конкурсе";"1651090";"—"
"43";"2";"—";"245";"240";"5";"Участвуете в конкурсе";"2181000";"—"
"44";"4";"—";"244";"244";"0";"Участвуете в конкурсе";"1904650";"—"
"45";"7";"—";"244";"234";"10";"Участвуете в конкурсе";"1198681";"—"
"46";"7";"—";"239";"237";"2";"Участвуете в конкурсе";"2370785";"—"
"47";"3";"—";"237";"237";"0";"Участвуете в конкурсе";"1653572";"—"
"48";"6";"—";"237";"227";"10";"Участвуете в конкурсе";"2313365";"—"
"49";"4";"—";"236";"226";"10";"Участвуете в конкурсе";"1585866";"—"
"50";"7";"—";"235";"235";"0";"Участвуете в конкурсе";"1999167";"—"
"51";"6";"—";"235";"235";"0";"Участвуете в конкурсе";"2306178";"—"
"52";"9";"—";"235";"235";"0";"Участвуете в конкурсе";"2182294";"—"
"53";"4";"—";"235";"230";"5";"Участвуете в конкурсе";"1254830";"—"
"54";"3";"—";"234";"234";"0";"Участвуете в конкурсе";"1713077";"—"
"55";"13";"Электронное";"234";"229";"5";"Участвуете в конкурсе";"1853137";"—"
"56";"2";"Электронное";"234";"224";"10";"Участвуете в конкурсе";"1565839";"—"
"57";"1";"—";"233";"223";"10";"Участвуете в конкурсе";"1413062";"—"
"58";"7";"Электронное";"230";"220";"10";"Участвуете в конкурсе";"1656474";"—"
"59";"8";"—";"229";"229";"0";"Участвуете в конкурсе";"1847764";"—"
"60";"5";"—";"229";"219";"10";"Участвуете в конкурсе";"1387203";"—"
"61";"3";"—";"228";"228";"0";"Участвуете в конкурсе";"2285078";"—"
"62";"8";"—";"228";"218";"10";"Участвуете в конкурсе";"1933999";"—"
"63";"2";"Электронное";"227";"227";"0";"Участвуете в конкурсе";"1288631";"—"
"64";"4";"Электронное";"225";"225";"0";"Участвуете в конкурсе";"1896458";"—"
"3";"1";"Электронное";"225";"225";"0";"Участвуете в конкурсе";"1867810";"—"
"66";"4";"—";"224";"224";"0";"Участвуете в конкурсе";"2309526";"—"
"67";"1";"—";"224";"214";"10";"Участвуете в конкурсе";"1175911";"—"
"68";"1";"—";"223";"223";"0";"Участвуете в конкурсе";"2170954";"—"
"69";"4";"Электронное";"223";"223";"0";"Участвуете в конкурсе";"1503281";"—"
"70";"2";"—";"223";"223";"0";"Участвуете в конкурсе";"2392201";"—"
"71";"5";"—";"223";"223";"0";"Участвуете в конкурсе";"1602774";"—"
"72";"8";"—";"222";"222";"0";"Участвуете в конкурсе";"1772505";"—"
"73";"14";"—";"222";"222";"0";"Участвуете в конкурсе";"2416677";"—"
"74";"1";"—";"222";"222";"0";"Участвуете в конкурсе";"1155074";"—"
"75";"1";"—";"221";"221";"0";"Участвуете в конкурсе";"1022024";"—"
"76";"3";"—";"221";"221";"0";"Участвуете в конкурсе";"1176243";"—"
"77";"4";"—";"221";"211";"10";"Участвуете в конкурсе";"2345277";"—"
"78";"12";"Электронное";"220";"220";"0";"Участвуете в конкурсе";"1174925";"—"
"79";"1";"—";"220";"218";"2";"Участвуете в конкурсе";"1325517";"—"
"80";"1";"—";"219";"217";"2";"Участвуете в конкурсе";"1130724";"—"
"81";"10";"Электронное";"218";"208";"10";"Участвуете в конкурсе";"1915999";"—"
"82";"2";"—";"217";"217";"0";"Участвуете в конкурсе";"1443666";"—"
"83";"16";"—";"215";"212";"3";"Участвуете в конкурсе";"1354549";"—"
"84";"12";"Электронное";"213";"210";"3";"Участвуете в конкурсе";"1040065";"—"
"85";"5";"—";"213";"203";"10";"Участвуете в конкурсе";"1996748";"—"
"86";"6";"—";"212";"212";"0";"Участвуете в конкурсе";"1728751";"—"
"87";"3";"—";"212";"212";"0";"Участвуете в конкурсе";"2006425";"—"
"88";"2";"—";"212";"205";"7";"Участвуете в конкурсе";"1323836";"—"
"89";"1";"—";"210";"208";"2";"Участвуете в конкурсе";"2255280";"—"
"90";"2";"—";"210";"200";"10";"Участвуете в конкурсе";"1026522";"—"
"91";"10";"—";"210";"200";"10";"Участвуете в конкурсе";"1253703";"—"
"92";"2";"—";"208";"208";"0";"Участвуете в конкурсе";"1790515";"—"
"93";"1";"—";"208";"198";"10";"Участвуете в конкурсе";"1632713";"—"
"94";"1";"—";"207";"207";"0";"Участвуете в конкурсе";"2029267";"—"
"95";"2";"—";"204";"204";"0";"Участвуете в конкурсе";"1836228";"—"
"96";"9";"Электронное";"204";"204";"0";"Участвуете в конкурсе";"1977149";"—"
"97";"10";"—";"201";"198";"3";"Участвуете в конкурсе";"1721809";"—"
"98";"1";"—";"198";"198";"0";"Участвуете в конкурсе";"1909010";"—"
"99";"4";"—";"196";"196";"0";"Участвуете в конкурсе";"2055928";"—"
"100";"1";"—";"196";"186";"10";"Участвуете в конкурсе";"2252417";"—"
"101";"9";"—";"195";"195";"0";"Участвуете в конкурсе";"2012378";"—"
"102";"5";"—";"195";"195";"0";"Участвуете в конкурсе";"1781586";"—"
"103";"1";"—";"194";"194";"0";"Участвуете в конкурсе";"1043273";"—"
"104";"4";"—";"193";"193";"0";"Участвуете в конкурсе";"2176411";"—"
"105";"3";"—";"193";"183";"10";"Участвуете в конкурсе";"1348784";"—"
"106";"2";"—";"187";"187";"0";"Участвуете в конкурсе";"1489697";"—"
"107";"1";"—";"185";"183";"2";"Участвуете в конкурсе";"2155969";"—"
"108";"4";"—";"181";"181";"0";"Участвуете в конкурсе";"1571266";"—"
"109";"1";"—";"10";"0";"10";"Участвуете в конкурсе";"831371";"—"
"110";"5";"Электронное";"10";"0";"10";"Участвуете в конкурсе";"1498427";"—"
"111";"7";"Электронное";"10";"0";"10";"Участвуете в конкурсе";"1600855";"—"
"112";"3";"Электронное";"10";"0";"10";"Участвуете в конкурсе";"1653482";"—"
"113";"10";"—";"10";"0";"10";"Участвуете в конкурсе";"2097792";"—"
"114";"9";"—";"9";"0";"9";"Участвуете в конкурсе";"831311";"—"
"115";"2";"—";"5";"0";"5";"Участвуете в конкурсе";"2219629";"—"
"116";"9";"—";"4";"0";"4";"Участвуете в конкурсе";"2084323";"—"
"117";"8";"—";"4";"0";"4";"Участвуете в конкурсе";"2231197";"—"
"118";"2";"—";"3";"0";"3";"Участвуете в конкурсе";"1233448";"—"
"119";"14";"—";"3";"0";"3";"Участвуете в конкурсе";"1259833";"—"
"120";"2";"—";"3";"0";"3";"Участвуете в конкурсе";"1342186";"—"
"121";"9";"—";"3";"0";"3";"Участвуете в конкурсе";"2030125";"—"
"122";"1";"—";"2";"0";"2";"Участвуете в конкурсе";"1291256";"—"
"123";"2";"—";"2";"0";"2";"Участвуете в конкурсе";"1312420";"—"
"124";"4";"—";"2";"0";"2";"Участвуете в конкурсе";"1335635";"—"
"125";"5";"—";"2";"0";"2";"Участвуете в конкурсе";"1447274";"—"
"126";"5";"—";"2";"0";"2";"Участвуете в конкурсе";"1885659";"—"
"127";"5";"—";"2";"0";"2";"Участвуете в конкурсе";"1949366";"—"
"128";"2";"—";"2";"0";"2";"Участвуете в конкурсе";"1980402";"—"
"129";"2";"Электронное";"2";"0";"2";"Участвуете в конкурсе";"2183829";"—"
"130";"1";"—";"2";"0";"2";"Участвуете в конкурсе";"2257784";"—"
"131";"2";"Электронное";"2";"0";"2";"Участвуете в конкурсе";"2273899";"—"
"132";"1";"—";"0";"0";"0";"Участвуете в конкурсе";"959929";"—"
"133";"1";"—";"0";"0";"0";"Участвуете в конкурсе";"995802";"—"
"134";"3";"—";"0";"0";"0";"Участвуете в конкурсе";"1028017";"—"
"135";"2";"—";"0";"0";"0";"Участвуете в конкурсе";"1254944";"—"
"136";"4";"—";"0";"0";"0";"Участвуете в конкурсе";"1356884";"—"
"137";"4";"—";"0";"0";"0";"Участвуете в конкурсе";"1375975";"—"
"138";"3";"—";"0";"0";"0";"Участвуете в конкурсе";"1504905";"—"
"139";"8";"—";"0";"0";"0";"Участвуете в конкурсе";"1576660";"—"
"140";"10";"Электронное";"0";"0";"0";"Участвуете в конкурсе";"1645058";"—"
"141";"1";"—";"0";"0";"0";"Участвуете в конкурсе";"1649199";"—"
"142";"17";"Электронное";"0";"0";"0";"Участвуете в конкурсе";"1850407";"—"
"143";"5";"—";"0";"0";"0";"Участвуете в конкурсе";"1891391";"—"
"1";"1";"Электронное";"0";"0";"0";"Участвуете в конкурсе";"1897640";"—"
"145";"6";"—";"0";"0";"0";"Участвуете в конкурсе";"1933285";"—"
"146";"1";"—";"0";"0";"0";"Участвуете в конкурсе";"1964850";"—"
"147";"3";"—";"0";"0";"0";"Участвуете в конкурсе";"2066463";"—"
"148";"6";"—";"0";"0";"0";"Участвуете в конкурсе";"2136579";"—"
"149";"1";"—";"0";"0";"0";"Участвуете в конкурсе";"2221187";"—"
"150";"3";"—";"0";"0";"0";"Участвуете в конкурсе";"2228548";"—"
"151";"8";"—";"0";"0";"0";"Участвуете в конкурсе";"2235006";"—"
"152";"2";"—";"0";"0";"0";"Участвуете в конкурсе";"2243902";"—"
"153";"7";"—";"0";"0";"0";"Участвуете в конкурсе";"2254048";"—"
"154";"1";"—";"0";"0";"0";"Участвуете в конкурсе";"2260268";"—"
"155";"2";"—";"291";"281";"10";"Участвуете в конкурсе";"1385930";"—"
"156";"1";"—";"290";"288";"2";"Участвуете в конкурсе";"990237";"—"
"157";"3";"—";"289";"279";"10";"Участвуете в конкурсе";"2303086";"—"
"1";"1";"Электронное";"287";"282";"5";"Участвуете в конкурсе";"1792266";"—"
"159";"3";"—";"287";"277";"10";"Участвуете в конкурсе";"1645061";"—"
"160";"13";"Электронное";"287";"277";"10";"Участвуете в конкурсе";"1695438";"—"
"161";"4";"Электронное";"284";"274";"10";"Участвуете в конкурсе";"1779294";"—"
"162";"1";"—";"283";"273";"10";"Участвуете в конкурсе";"2138900";"—"
"163";"8";"—";"282";"272";"10";"Участвуете в конкурсе";"1392416";"—"
"164";"8";"—";"280";"280";"0";"Участвуете в конкурсе";"1999764";"—"
"165";"19";"Электронное";"279";"279";"0";"Участвуете в конкурсе";"964851";"—"
"166";"3";"—";"279";"279";"0";"Участвуете в конкурсе";"1785368";"—"
"167";"13";"—";"279";"269";"10";"Участвуете в конкурсе";"1855542";"—"
"168";"6";"Электронное";"277";"277";"0";"Участвуете в конкурсе";"1133115";"—"
"169";"2";"—";"277";"267";"10";"Участвуете в конкурсе";"1339150";"—"
"170";"6";"Электронное";"277";"267";"10";"Участвуете в конкурсе";"1039174";"—"
"171";"4";"Электронное";"274";"264";"10";"Участвуете в конкурсе";"2200232";"—"
"172";"3";"—";"273";"263";"10";"Участвуете в конкурсе";"2181935";"—"
"173";"5";"—";"273";"263";"10";"Участвуете в конкурсе";"1817624";"—"
"174";"2";"—";"272";"262";"10";"Участвуете в конкурсе";"1910274";"—"
"175";"1";"—";"271";"261";"10";"Участвуете в конкурсе";"1899355";"—"
"176";"2";"—";"269";"259";"10";"Участвуете в конкурсе";"1581994";"—"
"177";"8";"—";"269";"259";"10";"Участвуете в конкурсе";"1647363";"—"
"178";"1";"—";"269";"259";"10";"Участвуете в конкурсе";"2210603";"—"
"179";"2";"—";"269";"259";"10";"Участвуете в конкурсе";"1913763";"—"
"180";"11";"—";"268";"258";"10";"Участвуете в конкурсе";"1699762";"—"
"2";"1";"Электронное";"267";"257";"10";"Участвуете в конкурсе";"1580019";"—"
"182";"2";"—";"267";"257";"10";"Участвуете в конкурсе";"1555414";"—"
"183";"13";"—";"266";"256";"10";"Участвуете в конкурсе";"1787825";"—"
"184";"4";"—";"266";"256";"10";"Участвуете в конкурсе";"2197520";"—"
"185";"2";"—";"265";"255";"10";"Участвуете в конкурсе";"1731388";"—"
"186";"2";"—";"265";"255";"10";"Участвуете в конкурсе";"1248051";"—"
"187";"2";"—";"264";"254";"10";"Участвуете в конкурсе";"2056431";"—"
"188";"11";"—";"263";"261";"2";"Участвуете в конкурсе";"1490949";"—"
"189";"4";"—";"263";"258";"5";"Участвуете в конкурсе";"1511626";"—"
"190";"1";"—";"263";"253";"10";"Участвуете в конкурсе";"1586396";"—"
"3";"1";"Электронное";"262";"260";"2";"Участвуете в конкурсе";"1630882";"—"
"192";"1";"—";"262";"260";"2";"Участвуете в конкурсе";"1405175";"—"
"193";"2";"—";"262";"257";"5";"Участвуете в конкурсе";"1419781";"—"
"194";"7";"Электронное";"261";"251";"10";"Участвуете в конкурсе";"1618584";"—"
"195";"17";"Электронное";"260";"260";"0";"Участвуете в конкурсе";"1629892";"—"
"196";"5";"—";"260";"250";"10";"Участвуете в конкурсе";"1485872";"—"
"197";"7";"—";"258";"258";"0";"Участвуете в конкурсе";"1171806";"—"
"198";"11";"—";"258";"258";"0";"Участвуете в конкурсе";"1141239";"—"
"199";"2";"—";"258";"248";"10";"Участвуете в конкурсе";"1473113";"—"
"200";"4";"—";"257";"247";"10";"Участвуете в конкурсе";"1421808";"—"
"201";"10";"Электронное";"257";"247";"10";"Участвуете в конкурсе";"2313032";"—"
"202";"1";"—";"257";"247";"10";"Участвуете в конкурсе";"1915567";"—"
"203";"2";"—";"256";"246";"10";"Участвуете в конкурсе";"1757493";"—"
"4";"1";"Электронное";"256";"246";"10";"Участвуете в конкурсе";"1008001";"—"
"205";"4";"—";"255";"255";"0";"Участвуете в конкурсе";"1285354";"—"
"206";"1";"—";"254";"254";"0";"Участвуете в конкурсе";"1826211";"—"
"207";"1";"—";"254";"250";"4";"Участвуете в конкурсе";"999082";"—"
"208";"2";"—";"253";"253";"0";"Участвуете в конкурсе";"1119243";"—"
"209";"9";"—";"253";"253";"0";"Участвуете в конкурсе";"1425612";"—"
"210";"2";"—";"253";"251";"2";"Участвуете в конкурсе";"2362879";"—"
"211";"2";"—";"253";"243";"10";"Участвуете в конкурсе";"1727676";"—"
"212";"10";"—";"253";"243";"10";"Участвуете в конкурсе";"1197132";"—"
"213";"4";"—";"253";"243";"10";"Участвуете в конкурсе";"1999701";"—"
"214";"3";"—";"252";"252";"0";"Участвуете в конкурсе";"2212787";"—"
"215";"7";"—";"251";"246";"5";"Участвуете в конкурсе";"1266040";"—"
"216";"3";"Электронное";"251";"241";"10";"Участвуете в конкурсе";"1387287";"—"
"217";"2";"—";"250";"248";"2";"Участвуете в конкурсе";"1975368";"—"
"218";"5";"—";"249";"239";"10";"Участвуете в конкурсе";"1246636";"—"
"219";"1";"—";"249";"239";"10";"Участвуете в конкурсе";"1858405";"—"
"220";"2";"—";"248";"246";"2";"Участвуете в конкурсе";"2089393";"—"
"221";"5";"Электронное";"248";"238";"10";"Участвуете в конкурсе";"1350248";"—"
"222";"1";"—";"248";"238";"10";"Участвуете в конкурсе";"1402084";"—"
"223";"2";"—";"248";"238";"10";"Участвуете в конкурсе";"1844403";"—"
"224";"11";"—";"246";"236";"10";"Участвуете в конкурсе";"1712794";"—"
"225";"5";"—";"245";"235";"10";"Участвуете в конкурсе";"1287737";"—"
"226";"3";"Электронное";"244";"244";"0";"Участвуете в конкурсе";"1440294";"—"
"227";"6";"—";"244";"242";"2";"Участвуете в конкурсе";"1975642";"—"
"228";"1";"—";"244";"234";"10";"Участвуете в конкурсе";"1622659";"—"
"229";"5";"—";"243";"233";"10";"Участвуете в конкурсе";"1765926";"—"
"230";"12";"—";"242";"242";"0";"Участвуете в конкурсе";"2114839";"—"
"231";"11";"—";"242";"234";"8";"Участвуете в конкурсе";"1248615";"—"
"232";"12";"Электронное";"241";"241";"0";"Участвуете в конкурсе";"1932465";"—"
"233";"7";"—";"241";"241";"0";"Участвуете в конкурсе";"2302239";"—"
"234";"6";"—";"241";"241";"0";"Участвуете в конкурсе";"2304338";"—"
"5";"1";"Электронное";"241";"231";"10";"Участвуете в конкурсе";"1214527";"—"
"236";"1";"—";"240";"235";"5";"Участвуете в конкурсе";"2212235";"—"
"237";"11";"—";"239";"239";"0";"Участвуете в конкурсе";"1517076";"—"
"238";"1";"—";"239";"229";"10";"Участвуете в конкурсе";"1655104";"—"
"239";"10";"—";"238";"236";"2";"Участвуете в конкурсе";"2120847";"—"
"240";"6";"—";"237";"237";"0";"Участвуете в конкурсе";"1210416";"—"
"241";"4";"—";"237";"237";"0";"Участвуете в конкурсе";"1631664";"—"
"242";"3";"—";"237";"235";"2";"Участвуете в конкурсе";"2255307";"—"
"243";"1";"—";"236";"236";"0";"Участвуете в конкурсе";"1622886";"—"
"244";"2";"—";"236";"233";"3";"Участвуете в конкурсе";"959429";"—"
"245";"9";"—";"236";"232";"4";"Участвуете в конкурсе";"1181447";"—"
"246";"10";"Электронное";"236";"226";"10";"Участвуете в конкурсе";"2339492";"—"
"247";"1";"—";"235";"233";"2";"Участвуете в конкурсе";"2160610";"—"
"248";"5";"—";"234";"234";"0";"Участвуете в конкурсе";"1901118";"—"
"249";"2";"—";"234";"234";"0";"Участвуете в конкурсе";"2341207";"—"
"250";"11";"—";"234";"229";"5";"Участвуете в конкурсе";"1229783";"—"
"6";"4";"Электронное";"234";"224";"10";"Участвуете в конкурсе";"1074875";"—"
"252";"4";"—";"234";"224";"10";"Участвуете в конкурсе";"1072010";"—"
"253";"2";"—";"233";"223";"10";"Участвуете в конкурсе";"1338346";"—"
"254";"4";"—";"232";"232";"0";"Участвуете в конкурсе";"1906173";"—"
"255";"3";"—";"232";"232";"0";"Участвуете в конкурсе";"1262118";"—"
"256";"2";"—";"232";"227";"5";"Участвуете в конкурсе";"1556614";"—"
"257";"6";"—";"232";"222";"10";"Участвуете в конкурсе";"1907006";"—"
"258";"5";"—";"231";"231";"0";"Участвуете в конкурсе";"1133262";"—"
"259";"2";"—";"230";"230";"0";"Участвуете в конкурсе";"1124303";"—"
"260";"2";"—";"230";"225";"5";"Участвуете в конкурсе";"2047844";"—"
"261";"7";"Электронное";"230";"220";"10";"Участвуете в конкурсе";"1656474";"—"
"262";"2";"—";"230";"220";"10";"Участвуете в конкурсе";"1163972";"—"
"263";"1";"—";"229";"229";"0";"Участвуете в конкурсе";"1885014";"—"
"264";"1";"—";"229";"229";"0";"Участвуете в конкурсе";"1438950";"—"
"265";"6";"Электронное";"229";"229";"0";"Участвуете в конкурсе";"2249994";"—"
"266";"1";"—";"229";"227";"2";"Участвуете в конкурсе";"1179612";"—"
"267";"1";"—";"229";"227";"2";"Участвуете в конкурсе";"1308872";"—"
"268";"7";"—";"229";"219";"10";"Участвуете в конкурсе";"1138064";"—"
"269";"3";"—";"229";"219";"10";"Участвуете в конкурсе";"2218929";"—"
"270";"6";"—";"228";"228";"0";"Участвуете в конкурсе";"1262893";"—"
"271";"8";"—";"228";"228";"0";"Участвуете в конкурсе";"1794059";"—"
"7";"1";"Электронное";"227";"227";"0";"Участвуете в конкурсе";"1513186";"—"
"273";"11";"—";"227";"227";"0";"Участвуете в конкурсе";"1192535";"—"
"274";"10";"—";"227";"227";"0";"Участвуете в конкурсе";"2214673";"—"
"8";"1";"Электронное";"227";"227";"0";"Участвуете в конкурсе";"1650321";"—"
"276";"1";"—";"227";"225";"2";"Участвуете в конкурсе";"1642592";"—"
"9";"1";"Электронное";"227";"217";"10";"Участвуете в конкурсе";"1484540";"—"
"278";"1";"—";"226";"224";"2";"Участвуете в конкурсе";"1798297";"—"
"279";"2";"—";"226";"221";"5";"Участвуете в конкурсе";"1293468";"—"
"280";"3";"—";"226";"221";"5";"Участвуете в конкурсе";"1332134";"—"
"281";"1";"—";"226";"216";"10";"Участвуете в конкурсе";"1446690";"—"
"282";"9";"—";"225";"225";"0";"Участвуете в конкурсе";"1543960";"—"
"283";"3";"—";"225";"225";"0";"Участвуете в конкурсе";"1223041";"—"
"284";"7";"—";"225";"222";"3";"Участвуете в конкурсе";"1238004";"—"
"285";"2";"—";"224";"224";"0";"Участвуете в конкурсе";"1715621";"—"
"286";"3";"—";"224";"224";"0";"Участвуете в конкурсе";"2265433";"—"
"287";"1";"—";"224";"224";"0";"Участвуете в конкурсе";"1208601";"—"
"288";"2";"Электронное";"224";"222";"2";"Участвуете в конкурсе";"1894096";"—"
"289";"2";"—";"224";"222";"2";"Участвуете в конкурсе";"1504683";"—"
"290";"3";"—";"223";"223";"0";"Участвуете в конкурсе";"1028220";"—"
"291";"4";"—";"223";"219";"4";"Участвуете в конкурсе";"1445944";"—"
"292";"5";"—";"222";"222";"0";"Участвуете в конкурсе";"1700258";"—"
"293";"4";"—";"222";"222";"0";"Участвуете в конкурсе";"1717370";"—"
"294";"1";"—";"222";"222";"0";"Участвуете в конкурсе";"1832786";"—"
"295";"14";"—";"222";"222";"0";"Участвуете в конкурсе";"1655141";"—"
"296";"1";"—";"222";"217";"5";"Участвуете в конкурсе";"2251199";"—"
"297";"10";"—";"222";"217";"5";"Участвуете в конкурсе";"1968960";"—"
"298";"11";"—";"221";"221";"0";"Участвуете в конкурсе";"2076158";"—"
"299";"2";"—";"220";"220";"0";"Участвуете в конкурсе";"1579243";"—"
"300";"12";"Электронное";"220";"220";"0";"Участвуете в конкурсе";"2049876";"—"
"301";"5";"—";"220";"218";"2";"Участвуете в конкурсе";"2076943";"—"
"302";"1";"Электронное";"219";"219";"0";"Участвуете в конкурсе";"1934798";"—"
"303";"3";"—";"219";"219";"0";"Участвуете в конкурсе";"2143282";"—"
"304";"8";"—";"219";"217";"2";"Участвуете в конкурсе";"1754104";"—"
"305";"6";"Электронное";"219";"209";"10";"Участвуете в конкурсе";"1196751";"—"
"306";"2";"—";"217";"217";"0";"Участвуете в конкурсе";"1249569";"—"
"307";"1";"—";"217";"215";"2";"Участвуете в конкурсе";"2270003";"—"
"308";"5";"—";"217";"207";"10";"Участвуете в конкурсе";"1841532";"—"
"309";"8";"—";"216";"212";"4";"Участвуете в конкурсе";"1894290";"—"
"310";"1";"—";"215";"215";"0";"Участвуете в конкурсе";"1842411";"—"
"311";"4";"Электронное";"215";"215";"0";"Участвуете в конкурсе";"1935128";"—"
"312";"9";"—";"214";"214";"0";"Участвуете в конкурсе";"1631128";"—"
"313";"1";"—";"214";"214";"0";"Участвуете в конкурсе";"2307154";"—"
"314";"6";"—";"214";"214";"0";"Участвуете в конкурсе";"1354963";"—"
"315";"2";"—";"214";"212";"2";"Участвуете в конкурсе";"1643093";"—"
"316";"2";"—";"214";"204";"10";"Участвуете в конкурсе";"2370801";"—"
"317";"14";"—";"213";"213";"0";"Участвуете в конкурсе";"1907839";"—"
"318";"3";"—";"213";"213";"0";"Участвуете в конкурсе";"1442245";"—"
"319";"1";"—";"213";"213";"0";"Участвуете в конкурсе";"1470468";"—"
"320";"4";"—";"213";"213";"0";"Участвуете в конкурсе";"1880265";"—"
"321";"2";"—";"213";"211";"2";"Участвуете в конкурсе";"2299429";"—"
"322";"7";"—";"212";"212";"0";"Участвуете в конкурсе";"2289096";"—"
"323";"3";"—";"212";"210";"2";"Участвуете в конкурсе";"1500436";"—"
"324";"3";"Электронное";"212";"202";"10";"Участвуете в конкурсе";"2034707";"—"
"325";"7";"Электронное";"211";"211";"0";"Участвуете в конкурсе";"2056479";"—"
"326";"5";"—";"211";"209";"2";"Участвуете в конкурсе";"2310993";"—"
"327";"8";"—";"211";"201";"10";"Участвуете в конкурсе";"2339649";"—"
"328";"1";"—";"210";"210";"0";"Участвуете в конкурсе";"2313361";"—"
"329";"2";"—";"210";"208";"2";"Участвуете в конкурсе";"1514582";"—"
"330";"1";"—";"210";"208";"2";"Участвуете в конкурсе";"2229672";"—"
"331";"2";"—";"209";"207";"2";"Участвуете в конкурсе";"2335157";"—"
"332";"4";"Электронное";"209";"204";"5";"Участвуете в конкурсе";"1436359";"—"
"333";"5";"—";"209";"199";"10";"Участвуете в конкурсе";"1063925";"—"
"334";"8";"—";"208";"208";"0";"Участвуете в конкурсе";"1868563";"—"
"335";"1";"Электронное";"208";"206";"2";"Участвуете в конкурсе";"1215737";"—"
"336";"1";"—";"208";"198";"10";"Участвуете в конкурсе";"2299289";"—"
"337";"1";"—";"207";"207";"0";"Участвуете в конкурсе";"2345208";"—"
"338";"4";"—";"207";"205";"2";"Участвуете в конкурсе";"1244989";"—"
"339";"9";"—";"206";"204";"2";"Участвуете в конкурсе";"1978976";"—"
"340";"4";"—";"205";"205";"0";"Участвуете в конкурсе";"2042370";"—"
"341";"1";"—";"205";"203";"2";"Участвуете в конкурсе";"1439844";"—"
"342";"4";"—";"205";"203";"2";"Участвуете в конкурсе";"2389625";"—"
"343";"4";"—";"205";"195";"10";"Участвуете в конкурсе";"2164859";"—"
"344";"7";"—";"203";"201";"2";"Участвуете в конкурсе";"1609646";"—"
"345";"2";"—";"203";"201";"2";"Участвуете в конкурсе";"2229434";"—"
"346";"3";"—";"203";"199";"4";"Участвуете в конкурсе";"1519920";"—"
"347";"4";"—";"202";"202";"0";"Участвуете в конкурсе";"2131773";"—"
"348";"7";"Электронное";"201";"201";"0";"Участвуете в конкурсе";"1284940";"—"
"349";"4";"—";"200";"200";"0";"Участвуете в конкурсе";"2177724";"—"
"350";"1";"—";"200";"198";"2";"Участвуете в конкурсе";"2273178";"—"
"351";"1";"—";"198";"198";"0";"Участвуете в конкурсе";"1636546";"—"
"352";"2";"—";"196";"189";"7";"Участвуете в конкурсе";"978586";"—"
"353";"11";"—";"195";"195";"0";"Участвуете в конкурсе";"1542797";"—"
"354";"3";"Электронное";"195";"195";"0";"Участвуете в конкурсе";"1766491";"—"
"355";"2";"—";"194";"194";"0";"Участвуете в конкурсе";"1429221";"—"
"356";"5";"—";"194";"194";"0";"Участвуете в конкурсе";"2415151";"—"
"357";"2";"—";"193";"193";"0";"Участвуете в конкурсе";"1996819";"—"
"358";"3";"—";"193";"193";"0";"Участвуете в конкурсе";"1521770";"—"
"359";"2";"—";"193";"190";"3";"Участвуете в конкурсе";"1231595";"—"
"360";"8";"Электронное";"192";"192";"0";"Участвуете в конкурсе";"2101160";"—"
"361";"1";"—";"191";"191";"0";"Участвуете в конкурсе";"2212908";"—"
"362";"1";"—";"191";"189";"2";"Участвуете в конкурсе";"1644388";"—"
"363";"1";"—";"191";"189";"2";"Участвуете в конкурсе";"1585350";"—"
"364";"11";"—";"190";"190";"0";"Участвуете в конкурсе";"1194963";"—"
"365";"4";"—";"189";"189";"0";"Участвуете в конкурсе";"1561506";"—"
"366";"2";"—";"189";"187";"2";"Участвуете в конкурсе";"1928584";"—"
"367";"4";"Электронное";"189";"187";"2";"Участвуете в конкурсе";"1953955";"—"
"368";"13";"—";"188";"188";"0";"Участвуете в конкурсе";"2221544";"—"
"369";"12";"Электронное";"186";"186";"0";"Участвуете в конкурсе";"2339208";"—"
"370";"1";"—";"183";"183";"0";"Участвуете в конкурсе";"1070696";"—"
"371";"4";"—";"181";"181";"0";"Участвуете в конкурсе";"1608227";"—"
"372";"4";"—";"181";"181";"0";"Участвуете в конкурсе";"1654998";"—"
"373";"1";"—";"180";"180";"0";"Участвуете в конкурсе";"1846111";"—"
"374";"4";"—";"174";"174";"0";"Участвуете в конкурсе";"1316626";"—"
"375";"1";"—";"310";"300";"10";"Участвуете в конкурсе";"1262710";"—"
"376";"2";"Электронное";"307";"297";"10";"Участвуете в конкурсе";"1146548";"—"
"377";"3";"—";"306";"296";"10";"Участвуете в конкурсе";"1916785";"—"
"1";"1";"Электронное";"305";"295";"10";"Участвуете в конкурсе";"1492892";"—"
"379";"5";"—";"305";"295";"10";"Участвуете в конкурсе";"1928315";"—"
"380";"3";"—";"302";"292";"10";"Участвуете в конкурсе";"1256319";"—"
"381";"9";"Электронное";"302";"292";"10";"Участвуете в конкурсе";"978031";"—"
"2";"1";"Электронное";"301";"291";"10";"Участвуете в конкурсе";"1299502";"—"
"383";"2";"Электронное";"301";"291";"10";"Участвуете в конкурсе";"1837774";"—"
"3";"1";"Электронное";"300";"300";"0";"Участвуете в конкурсе";"1791166";"—"
"385";"8";"—";"300";"300";"0";"Участвуете в конкурсе";"1871814";"—"
"386";"2";"—";"300";"290";"10";"Участвуете в конкурсе";"1209660";"—"
"387";"10";"—";"300";"290";"10";"Участвуете в конкурсе";"1796188";"—"
"388";"14";"Электронное";"299";"289";"10";"Участвуете в конкурсе";"1767515";"—"
"389";"1";"—";"299";"289";"10";"Участвуете в конкурсе";"1511207";"—"
"390";"6";"Электронное";"297";"297";"0";"Участвуете в конкурсе";"831660";"—"
"391";"4";"Электронное";"297";"297";"0";"Участвуете в конкурсе";"1153227";"—"
"392";"5";"Электронное";"297";"297";"0";"Участвуете в конкурсе";"1939504";"—"
"393";"5";"—";"297";"287";"10";"Участвуете в конкурсе";"2002640";"—"
"394";"11";"—";"297";"287";"10";"Участвуете в конкурсе";"1782295";"—"
"395";"7";"—";"296";"286";"10";"Участвуете в конкурсе";"1341272";"—"
"396";"3";"—";"296";"286";"10";"Участвуете в конкурсе";"2100564";"—"
"397";"1";"—";"296";"286";"10";"Участвуете в конкурсе";"1706728";"—"
"398";"3";"—";"295";"285";"10";"Участвуете в конкурсе";"2200314";"—"
"399";"4";"—";"295";"285";"10";"Участвуете в конкурсе";"1650598";"—"
"400";"19";"—";"294";"284";"10";"Участвуете в конкурсе";"1508498";"—"
"401";"8";"—";"294";"284";"10";"Участвуете в конкурсе";"1506474";"—"
"402";"10";"Электронное";"294";"284";"10";"Участвуете в конкурсе";"1152949";"—"
"403";"3";"Электронное";"294";"284";"10";"Участвуете в конкурсе";"1348133";"—"
"404";"1";"—";"294";"284";"10";"Участвуете в конкурсе";"1580037";"—"
"405";"2";"—";"293";"293";"0";"Участвуете в конкурсе";"1742383";"—"
"406";"1";"—";"293";"291";"2";"Участвуете в конкурсе";"1604793";"—"
"407";"6";"—";"293";"283";"10";"Участвуете в конкурсе";"1514243";"—"
"408";"2";"Электронное";"292";"292";"0";"Участвуете в конкурсе";"1419378";"—"
"409";"17";"—";"292";"282";"10";"Участвуете в конкурсе";"1093652";"—"
"410";"12";"—";"292";"282";"10";"Участвуете в конкурсе";"1989208";"—"
"411";"5";"—";"292";"282";"10";"Участвуете в конкурсе";"1722411";"—"
"412";"5";"—";"292";"282";"10";"Участвуете в конкурсе";"1214887";"—"
"413";"10";"—";"292";"282";"10";"Участвуете в конкурсе";"1154591";"—"
"414";"5";"—";"292";"282";"10";"Участвуете в конкурсе";"1613206";"—"
"415";"14";"Электронное";"292";"282";"10";"Участвуете в конкурсе";"1211019";"—"
"416";"7";"—";"291";"289";"2";"Участвуете в конкурсе";"1786523";"—"
"417";"2";"—";"291";"281";"10";"Участвуете в конкурсе";"1385930";"—"
"418";"4";"—";"291";"281";"10";"Участвуете в конкурсе";"1397044";"—"
"419";"8";"—";"290";"290";"0";"Участвуете в конкурсе";"1901475";"—"
"420";"1";"—";"290";"288";"2";"Участвуете в конкурсе";"990237";"—"
"421";"3";"—";"290";"280";"10";"Участвуете в конкурсе";"1201378";"—"
"422";"11";"—";"290";"280";"10";"Участвуете в конкурсе";"999715";"—"
"423";"4";"—";"290";"280";"10";"Участвуете в конкурсе";"1570226";"—"
"424";"7";"—";"290";"280";"10";"Участвуете в конкурсе";"2005775";"—"
"425";"3";"Электронное";"290";"280";"10";"Участвуете в конкурсе";"1649552";"—"
"4";"1";"Электронное";"289";"287";"2";"Участвуете в конкурсе";"1039218";"—"
"427";"2";"—";"289";"279";"10";"Участвуете в конкурсе";"1382474";"—"
"428";"1";"—";"289";"279";"10";"Участвуете в конкурсе";"1719539";"—"
"429";"4";"—";"289";"279";"10";"Участвуете в конкурсе";"1788487";"—"
"430";"3";"—";"289";"279";"10";"Участвуете в конкурсе";"2303086";"—"
"431";"15";"Электронное";"288";"288";"0";"Участвуете в конкурсе";"949692";"—"
"432";"2";"Электронное";"288";"288";"0";"Участвуете в конкурсе";"1096326";"—"
"433";"8";"Электронное";"288";"288";"0";"Участвуете в конкурсе";"1784930";"—"
"434";"1";"—";"288";"285";"3";"Участвуете в конкурсе";"1493867";"—"
"435";"9";"—";"288";"278";"10";"Участвуете в конкурсе";"1364162";"—"
"436";"9";"—";"288";"278";"10";"Участвуете в конкурсе";"948620";"—"
"437";"11";"—";"288";"278";"10";"Участвуете в конкурсе";"1785624";"—"
"5";"1";"Электронное";"288";"278";"10";"Участвуете в конкурсе";"1601826";"—"
"439";"7";"—";"288";"278";"10";"Участвуете в конкурсе";"1323208";"—"
"440";"1";"—";"288";"278";"10";"Участвуете в конкурсе";"1953715";"—"
"441";"1";"—";"287";"287";"0";"Участвуете в конкурсе";"1722010";"—"
"442";"1";"—";"287";"287";"0";"Участвуете в конкурсе";"1182465";"—"
"443";"5";"—";"287";"285";"2";"Участвуете в конкурсе";"1727756";"—"
"444";"1";"Электронное";"287";"282";"5";"Участвуете в конкурсе";"1792266";"—"
"445";"4";"—";"287";"277";"10";"Участвуете в конкурсе";"1126649";"—"
"446";"5";"Электронное";"287";"277";"10";"Участвуете в конкурсе";"1708283";"—"
"447";"3";"—";"287";"277";"10";"Участвуете в конкурсе";"1645061";"—"
"448";"5";"Электронное";"287";"277";"10";"Участвуете в конкурсе";"1078419";"—"
"449";"13";"Электронное";"287";"277";"10";"Участвуете в конкурсе";"1695438";"—"
"450";"3";"Электронное";"286";"286";"0";"Участвуете в конкурсе";"1168276";"—"
"451";"2";"Электронное";"286";"284";"2";"Участвуете в конкурсе";"1619871";"—"
"452";"3";"—";"286";"276";"10";"Участвуете в конкурсе";"1964282";"—"
"453";"9";"—";"286";"276";"10";"Участвуете в конкурсе";"1986602";"—"
"454";"6";"—";"286";"276";"10";"Участвуете в конкурсе";"1978153";"—"
"455";"3";"—";"286";"276";"10";"Участвуете в конкурсе";"2051141";"—"
"456";"13";"—";"285";"285";"0";"Участвуете в конкурсе";"1780575";"—"
"457";"4";"—";"285";"285";"0";"Участвуете в конкурсе";"1883301";"—"
"458";"1";"—";"285";"285";"0";"Участвуете в конкурсе";"1852249";"—"
"459";"10";"—";"285";"283";"2";"Участвуете в конкурсе";"1288149";"—"
"460";"3";"—";"285";"275";"10";"Участвуете в конкурсе";"1727022";"—"
"461";"7";"—";"285";"275";"10";"Участвуете в конкурсе";"1897359";"—"
"462";"7";"—";"285";"275";"10";"Участвуете в конкурсе";"1380091";"—"
"463";"9";"—";"285";"275";"10";"Участвуете в конкурсе";"1606981";"—"
"464";"3";"—";"284";"284";"0";"Участвуете в конкурсе";"1730941";"—"
"465";"3";"—";"284";"284";"0";"Участвуете в конкурсе";"1252705";"—"
"466";"6";"—";"284";"284";"0";"Участвуете в конкурсе";"1728313";"—"
"467";"2";"Электронное";"284";"284";"0";"Участвуете в конкурсе";"1854305";"—"
"468";"3";"—";"284";"274";"10";"Участвуете в конкурсе";"2201584";"—"
"469";"4";"Электронное";"284";"274";"10";"Участвуете в конкурсе";"1779294";"—"
"470";"2";"—";"284";"274";"10";"Участвуете в конкурсе";"1795508";"—"
"471";"4";"—";"284";"274";"10";"Участвуете в конкурсе";"1349655";"—"
"472";"1";"—";"284";"274";"10";"Участвуете в конкурсе";"1576211";"—"
"473";"8";"—";"284";"274";"10";"Участвуете в конкурсе";"1860065";"—"
"474";"1";"—";"283";"283";"0";"Участвуете в конкурсе";"1621676";"—"
"475";"3";"—";"283";"283";"0";"Участвуете в конкурсе";"2202992";"—"
"476";"3";"Электронное";"283";"283";"0";"Участвуете в конкурсе";"1694425";"—"
"477";"1";"—";"283";"281";"2";"Участвуете в конкурсе";"1425360";"—"
"478";"5";"—";"283";"280";"3";"Участвуете в конкурсе";"1323325";"—"
"479";"1";"—";"283";"273";"10";"Участвуете в конкурсе";"2138900";"—"
"480";"13";"—";"283";"273";"10";"Участвуете в конкурсе";"1766527";"—"
"481";"1";"—";"283";"273";"10";"Участвуете в конкурсе";"1546562";"—"
"482";"6";"—";"283";"273";"10";"Участвуете в конкурсе";"2219348";"—"
"483";"3";"—";"283";"273";"10";"Участвуете в конкурсе";"1504560";"—"
"484";"2";"—";"283";"273";"10";"Участвуете в конкурсе";"1336723";"—"
"485";"1";"—";"283";"273";"10";"Участвуете в конкурсе";"1405782";"—"
"486";"8";"—";"283";"273";"10";"Участвуете в конкурсе";"2130633";"—"
"487";"3";"—";"283";"273";"10";"Участвуете в конкурсе";"1883589";"—"
"488";"2";"—";"283";"273";"10";"Участвуете в конкурсе";"1436946";"—"
"489";"2";"—";"283";"273";"10";"Участвуете в конкурсе";"1236374";"—"
"490";"9";"—";"283";"273";"10";"Участвуете в конкурсе";"978020";"—"
"491";"9";"—";"283";"273";"10";"Участвуете в конкурсе";"1432313";"—"
"492";"1";"—";"283";"273";"10";"Участвуете в конкурсе";"1940078";"—"
"493";"3";"Электронное";"283";"273";"10";"Участвуете в конкурсе";"1381377";"—"
"494";"2";"Электронное";"282";"282";"0";"Участвуете в конкурсе";"1197200";"—"
"495";"5";"Электронное";"282";"282";"0";"Участвуете в конкурсе";"1628436";"—"
"496";"3";"Электронное";"282";"282";"0";"Участвуете в конкурсе";"1091884";"—"
"497";"7";"—";"282";"279";"3";"Участвуете в конкурсе";"1909814";"—"
"498";"8";"—";"282";"272";"10";"Участвуете в конкурсе";"1392416";"—"
"499";"3";"Электронное";"282";"272";"10";"Участвуете в конкурсе";"1767349";"—"
"500";"2";"—";"282";"272";"10";"Участвуете в конкурсе";"1317835";"—"
"501";"1";"—";"282";"272";"10";"Участвуете в конкурсе";"2154272";"—"
"502";"3";"—";"282";"272";"10";"Участвуете в конкурсе";"1850783";"—"
"503";"3";"—";"282";"272";"10";"Участвуете в конкурсе";"1937859";"—"
"504";"5";"—";"282";"272";"10";"Участвуете в конкурсе";"1512618";"—"
"505";"2";"—";"282";"272";"10";"Участвуете в конкурсе";"1360109";"—"
"506";"6";"—";"282";"272";"10";"Участвуете в конкурсе";"1601966";"—"
"507";"6";"—";"282";"272";"10";"Участвуете в конкурсе";"1285121";"—"
"508";"1";"—";"282";"272";"10";"Участвуете в конкурсе";"1574092";"—"
"509";"10";"—";"282";"272";"10";"Участвуете в конкурсе";"1842337";"—"
"510";"11";"Электронное";"282";"272";"10";"Участвуете в конкурсе";"1908074";"—"
"511";"14";"—";"282";"272";"10";"Участвуете в конкурсе";"1363702";"—"
"512";"4";"—";"281";"281";"0";"Участвуете в конкурсе";"1102738";"—"
"513";"5";"Электронное";"281";"281";"0";"Участвуете в конкурсе";"1242076";"—"
"514";"10";"Электронное";"281";"281";"0";"Участвуете в конкурсе";"1728115";"—"
"515";"2";"—";"281";"281";"0";"Участвуете в конкурсе";"1774361";"—"
"516";"10";"Электронное";"281";"279";"2";"Участвуете в конкурсе";"1027077";"—"
"517";"5";"—";"281";"271";"10";"Участвуете в конкурсе";"1616124";"—"
"518";"6";"—";"281";"271";"10";"Участвуете в конкурсе";"1515925";"—"
"519";"1";"—";"281";"271";"10";"Участвуете в конкурсе";"1793397";"—"
"520";"7";"—";"281";"271";"10";"Участвуете в конкурсе";"1981959";"—"
"521";"4";"—";"281";"271";"10";"Участвуете в конкурсе";"1405221";"—"
"522";"9";"—";"281";"271";"10";"Участвуете в конкурсе";"2226145";"—"
"523";"9";"—";"281";"271";"10";"Участвуете в конкурсе";"2222914";"—"
"524";"4";"—";"281";"271";"10";"Участвуете в конкурсе";"1499209";"—"
"525";"7";"Электронное";"281";"271";"10";"Участвуете в конкурсе";"1569745";"—"
"526";"4";"—";"281";"271";"10";"Участвуете в конкурсе";"1643785";"—"
"527";"8";"—";"280";"280";"0";"Участвуете в конкурсе";"1999764";"—"
"528";"14";"—";"280";"277";"3";"Участвуете в конкурсе";"1292893";"—"
"529";"10";"—";"280";"274";"6";"Участвуете в конкурсе";"1199343";"—"
"530";"6";"—";"280";"270";"10";"Участвуете в конкурсе";"1758000";"—"
"531";"1";"—";"280";"270";"10";"Участвуете в конкурсе";"1259516";"—"
"532";"5";"—";"280";"270";"10";"Участвуете в конкурсе";"1606273";"—"
"533";"1";"—";"280";"270";"10";"Участвуете в конкурсе";"1649514";"—"
"534";"5";"—";"280";"270";"10";"Участвуете в конкурсе";"1273749";"—"
"535";"2";"—";"280";"270";"10";"Участвуете в конкурсе";"1611221";"—"
"536";"1";"—";"280";"270";"10";"Участвуете в конкурсе";"1863632";"—"
"537";"9";"Электронное";"280";"270";"10";"Участвуете в конкурсе";"1365066";"—"
"6";"1";"Электронное";"280";"270";"10";"Участвуете в конкурсе";"1857453";"—"
"539";"2";"Электронное";"280";"270";"10";"Участвуете в конкурсе";"2184743";"—"
"540";"1";"—";"280";"270";"10";"Участвуете в конкурсе";"1707537";"—"
"541";"2";"Электронное";"280";"270";"10";"Участвуете в конкурсе";"1587124";"—"
"542";"4";"Электронное";"279";"279";"0";"Участвуете в конкурсе";"1494321";"—"
"543";"3";"—";"279";"279";"0";"Участвуете в конкурсе";"1739395";"—"
"544";"19";"Электронное";"279";"279";"0";"Участвуете в конкурсе";"964851";"—"
"545";"3";"—";"279";"279";"0";"Участвуете в конкурсе";"1785368";"—"
"546";"1";"—";"279";"279";"0";"Участвуете в конкурсе";"1794849";"—"
"547";"2";"Электронное";"279";"279";"0";"Участвуете в конкурсе";"1257336";"—"
"548";"6";"—";"279";"270";"9";"Участвуете в конкурсе";"1240079";"—"
"549";"1";"—";"279";"269";"10";"Участвуете в конкурсе";"1130377";"—"
"550";"11";"—";"279";"269";"10";"Участвуете в конкурсе";"2309001";"—"
"551";"1";"—";"279";"269";"10";"Участвуете в конкурсе";"1160578";"—"
"552";"10";"—";"279";"269";"10";"Участвуете в конкурсе";"1511213";"—"
"553";"4";"—";"279";"269";"10";"Участвуете в конкурсе";"1252046";"—"
"554";"6";"—";"279";"269";"10";"Участвуете в конкурсе";"2071592";"—"
"555";"13";"—";"279";"269";"10";"Участвуете в конкурсе";"1855542";"—"
"556";"4";"—";"279";"269";"10";"Участвуете в конкурсе";"1770345";"—"
"557";"16";"—";"279";"269";"10";"Участвуете в конкурсе";"1788034";"—"
"558";"1";"—";"279";"269";"10";"Участвуете в конкурсе";"2138002";"—"
"559";"15";"—";"279";"269";"10";"Участвуете в конкурсе";"972309";"—"
"560";"6";"—";"279";"269";"10";"Участвуете в конкурсе";"1910974";"—"
"561";"11";"—";"279";"269";"10";"Участвуете в конкурсе";"1613064";"—"
"562";"1";"—";"279";"269";"10";"Участвуете в конкурсе";"1287559";"—"
"563";"4";"Электронное";"279";"269";"10";"Участвуете в конкурсе";"1767848";"—"
"564";"4";"Электронное";"279";"269";"10";"Участвуете в конкурсе";"1775985";"—"
"7";"1";"Электронное";"279";"269";"10";"Участвуете в конкурсе";"1033011";"—"
"566";"2";"—";"279";"269";"10";"Участвуете в конкурсе";"1741481";"—"
"567";"6";"Электронное";"279";"269";"10";"Участвуете в конкурсе";"2262416";"—"
"568";"6";"—";"279";"269";"10";"Участвуете в конкурсе";"1572682";"—"
"569";"1";"—";"278";"278";"0";"Участвуете в конкурсе";"1259537";"—"
"570";"9";"Электронное";"278";"278";"0";"Участвуете в конкурсе";"1400461";"—"
"571";"2";"Электронное";"278";"278";"0";"Участвуете в конкурсе";"1415184";"—"
"572";"11";"—";"278";"278";"0";"Участвуете в конкурсе";"1839719";"—"
"573";"14";"—";"278";"276";"2";"Участвуете в конкурсе";"1931691";"—"
"574";"5";"—";"278";"268";"10";"Участвуете в конкурсе";"2261900";"—"
"575";"4";"—";"278";"268";"10";"Участвуете в конкурсе";"1505484";"—"
"576";"10";"—";"278";"268";"10";"Участвуете в конкурсе";"987063";"—"
"577";"9";"—";"278";"268";"10";"Участвуете в конкурсе";"1721284";"—"
"578";"4";"—";"278";"268";"10";"Участвуете в конкурсе";"1338718";"—"
"579";"14";"—";"278";"268";"10";"Участвуете в конкурсе";"1344678";"—"
"580";"5";"Электронное";"278";"268";"10";"Участвуете в конкурсе";"1554079";"—"
"581";"4";"—";"278";"268";"10";"Участвуете в конкурсе";"1291845";"—"
"582";"7";"—";"278";"268";"10";"Участвуете в конкурсе";"1359522";"—"
"583";"3";"—";"277";"277";"0";"Участвуете в конкурсе";"1572021";"—"
"584";"1";"—";"277";"277";"0";"Участвуете в конкурсе";"1952512";"—"
"8";"1";"Электронное";"277";"277";"0";"Участвуете в конкурсе";"1117744";"—"
"9";"1";"Электронное";"277";"277";"0";"Участвуете в конкурсе";"1399718";"—"
"587";"6";"Электронное";"277";"277";"0";"Участвуете в конкурсе";"1133115";"—"
"588";"6";"—";"277";"275";"2";"Участвуете в конкурсе";"1624563";"—"
"589";"10";"—";"277";"271";"6";"Участвуете в конкурсе";"1344019";"—"
"590";"9";"—";"277";"267";"10";"Участвуете в конкурсе";"1982966";"—"
"591";"7";"—";"277";"267";"10";"Участвуете в конкурсе";"1846564";"—"
"592";"3";"—";"277";"267";"10";"Участвуете в конкурсе";"2341529";"—"
"593";"2";"—";"277";"267";"10";"Участвуете в конкурсе";"1339150";"—"
"594";"2";"—";"277";"267";"10";"Участвуете в конкурсе";"1425099";"—"
"595";"2";"—";"277";"267";"10";"Участвуете в конкурсе";"1642913";"—"
"596";"3";"—";"277";"267";"10";"Участвуете в конкурсе";"1534549";"—"
"597";"3";"—";"277";"267";"10";"Участвуете в конкурсе";"2340387";"—"
"598";"7";"—";"277";"267";"10";"Участвуете в конкурсе";"2394084";"—"
"599";"6";"—";"277";"267";"10";"Участвуете в конкурсе";"2250815";"—"
"600";"3";"Электронное";"277";"267";"10";"Участвуете в конкурсе";"1016998";"—"
"601";"6";"Электронное";"277";"267";"10";"Участвуете в конкурсе";"1039174";"—"
"602";"2";"Электронное";"277";"267";"10";"Участвуете в конкурсе";"2033142";"—"
"603";"4";"—";"277";"267";"10";"Участвуете в конкурсе";"1325063";"—"
"604";"3";"—";"276";"276";"0";"Участвуете в конкурсе";"1654057";"—"
"605";"4";"—";"276";"276";"0";"Участвуете в конкурсе";"1171888";"—"
"10";"1";"Электронное";"276";"274";"2";"Участвуете в конкурсе";"1622597";"—"
"607";"4";"—";"276";"273";"3";"Участвуете в конкурсе";"2044602";"—"
"608";"2";"—";"276";"266";"10";"Участвуете в конкурсе";"1885032";"—"
"609";"3";"—";"276";"266";"10";"Участвуете в конкурсе";"1472025";"—"
"610";"9";"—";"276";"266";"10";"Участвуете в конкурсе";"1554693";"—"
"611";"9";"—";"276";"266";"10";"Участвуете в конкурсе";"1650314";"—"
"612";"3";"Электронное";"276";"266";"10";"Участвуете в конкурсе";"1552743";"—"
"613";"4";"Электронное";"276";"266";"10";"Участвуете в конкурсе";"1705064";"—"
"614";"9";"—";"276";"266";"10";"Участвуете в конкурсе";"1418906";"—"
"615";"5";"—";"276";"266";"10";"Участвуете в конкурсе";"1347030";"—"
"616";"4";"—";"276";"266";"10";"Участвуете в конкурсе";"1793439";"—"
"617";"6";"—";"276";"266";"10";"Участвуете в конкурсе";"2043083";"—"
"618";"9";"—";"276";"266";"10";"Участвуете в конкурсе";"1707705";"—"
"619";"9";"—";"276";"266";"10";"Участвуете в конкурсе";"1362113";"—"
"620";"1";"—";"276";"266";"10";"Участвуете в конкурсе";"1362818";"—"
"621";"7";"Электронное";"276";"266";"10";"Участвуете в конкурсе";"1426685";"—"
"622";"7";"—";"276";"266";"10";"Участвуете в конкурсе";"1521077";"—"
"623";"11";"—";"276";"266";"10";"Участвуете в конкурсе";"2121324";"—"
"624";"10";"—";"276";"266";"10";"Участвуете в конкурсе";"1975188";"—"
"625";"3";"—";"276";"266";"10";"Участвуете в конкурсе";"1500149";"—"
"626";"9";"—";"275";"275";"0";"Участвуете в конкурсе";"996095";"—"
"627";"14";"—";"275";"275";"0";"Участвуете в конкурсе";"2254514";"—"
"628";"4";"Электронное";"275";"275";"0";"Участвуете в конкурсе";"1011942";"—"
"629";"6";"Электронное";"275";"275";"0";"Участвуете в конкурсе";"1512919";"—"
"630";"9";"—";"275";"275";"0";"Участвуете в конкурсе";"2056033";"—"
"631";"6";"—";"275";"273";"2";"Участвуете в конкурсе";"1722901";"—"
"632";"10";"Электронное";"275";"273";"2";"Участвуете в конкурсе";"1536009";"—"
"11";"1";"Электронное";"275";"272";"3";"Участвуете в конкурсе";"1904465";"—"
"634";"6";"—";"275";"267";"8";"Участвуете в конкурсе";"1614792";"—"
"635";"6";"—";"275";"265";"10";"Участвуете в конкурсе";"2365028";"—"
"636";"9";"—";"275";"265";"10";"Участвуете в конкурсе";"2173734";"—"
"637";"7";"—";"275";"265";"10";"Участвуете в конкурсе";"1407597";"—"
"638";"5";"—";"275";"265";"10";"Участвуете в конкурсе";"1273432";"—"
"639";"1";"—";"275";"265";"10";"Участвуете в конкурсе";"1203757";"—"
"640";"8";"—";"275";"265";"10";"Участвуете в конкурсе";"1485691";"—"
"641";"14";"—";"275";"265";"10";"Участвуете в конкурсе";"1572403";"—"
"642";"8";"Электронное";"275";"265";"10";"Участвуете в конкурсе";"2266801";"—"
"643";"6";"Электронное";"275";"265";"10";"Участвуете в конкурсе";"1175177";"—"
"644";"8";"—";"275";"265";"10";"Участвуете в конкурсе";"1349559";"—"
"645";"4";"—";"275";"265";"10";"Участвуете в конкурсе";"1633188";"—"
"646";"7";"—";"275";"265";"10";"Участвуете в конкурсе";"2255189";"—"
"647";"6";"—";"275";"265";"10";"Участвуете в конкурсе";"2122020";"—"
"648";"4";"—";"275";"265";"10";"Участвуете в конкурсе";"1987997";"—"
"12";"1";"Электронное";"275";"265";"10";"Участвуете в конкурсе";"1399850";"—"
"650";"11";"—";"275";"265";"10";"Участвуете в конкурсе";"1199686";"—"
"651";"5";"Электронное";"275";"265";"10";"Участвуете в конкурсе";"1586889";"—"
"652";"3";"—";"275";"265";"10";"Участвуете в конкурсе";"2228557";"—"
"653";"13";"—";"274";"274";"0";"Участвуете в конкурсе";"1194103";"—"
"654";"4";"—";"274";"274";"0";"Участвуете в конкурсе";"1820958";"—"
"655";"2";"Электронное";"274";"274";"0";"Участвуете в конкурсе";"1484414";"—"
"656";"5";"Электронное";"274";"274";"0";"Участвуете в конкурсе";"1633028";"—"
"657";"5";"—";"274";"269";"5";"Участвуете в конкурсе";"1353708";"—"
"658";"1";"—";"274";"269";"5";"Участвуете в конкурсе";"2221783";"—"
"659";"1";"—";"274";"268";"6";"Участвуете в конкурсе";"2270132";"—"
"660";"4";"—";"274";"267";"7";"Участвуете в конкурсе";"1996420";"—"
"661";"1";"—";"274";"264";"10";"Участвуете в конкурсе";"1176536";"—"
"662";"11";"—";"274";"264";"10";"Участвуете в конкурсе";"2369242";"—"
"663";"4";"Электронное";"274";"264";"10";"Участвуете в конкурсе";"2200232";"—"
"664";"7";"—";"274";"264";"10";"Участвуете в конкурсе";"1258478";"—"
"665";"11";"—";"274";"264";"10";"Участвуете в конкурсе";"2225351";"—"
"666";"3";"—";"274";"264";"10";"Участвуете в конкурсе";"1776521";"—"
"667";"6";"—";"274";"264";"10";"Участвуете в конкурсе";"2262383";"—"
"668";"2";"Электронное";"274";"264";"10";"Участвуете в конкурсе";"1388097";"—"
"669";"1";"—";"274";"264";"10";"Участвуете в конкурсе";"1259663";"—"
"670";"12";"—";"274";"264";"10";"Участвуете в конкурсе";"1833411";"—"
"671";"1";"—";"274";"264";"10";"Участвуете в конкурсе";"1848589";"—"
"672";"5";"—";"274";"264";"10";"Участвуете в конкурсе";"1994315";"—"
"673";"10";"—";"274";"264";"10";"Участвуете в конкурсе";"1951298";"—"
"674";"5";"—";"274";"264";"10";"Участвуете в конкурсе";"2394991";"—"
"675";"3";"—";"274";"264";"10";"Участвуете в конкурсе";"1415165";"—"
"676";"8";"—";"274";"264";"10";"Участвуете в конкурсе";"2252951";"—"
"677";"4";"—";"274";"264";"10";"Участвуете в конкурсе";"1426874";"—"
"678";"2";"—";"274";"264";"10";"Участвуете в конкурсе";"1318344";"—"
"679";"2";"—";"274";"264";"10";"Участвуете в конкурсе";"1431508";"—"
"680";"8";"—";"274";"264";"10";"Участвуете в конкурсе";"1391905";"—"
"681";"3";"Электронное";"274";"264";"10";"Участвуете в конкурсе";"938617";"—"
"682";"9";"—";"274";"264";"10";"Участвуете в конкурсе";"1349493";"—"
"683";"2";"—";"274";"264";"10";"Участвуете в конкурсе";"1433428";"—"
"684";"13";"—";"274";"264";"10";"Участвуете в конкурсе";"2134939";"—"
"685";"1";"—";"274";"264";"10";"Участвуете в конкурсе";"1208069";"—"
"686";"3";"—";"274";"264";"10";"Участвуете в конкурсе";"1903437";"—"
"687";"3";"—";"273";"273";"0";"Участвуете в конкурсе";"1951005";"—"
"688";"1";"—";"273";"273";"0";"Участвуете в конкурсе";"1062320";"—"
"689";"5";"—";"273";"273";"0";"Участвуете в конкурсе";"2245952";"—"
"690";"2";"Электронное";"273";"273";"0";"Участвуете в конкурсе";"1441422";"—"
"691";"1";"—";"273";"271";"2";"Участвуете в конкурсе";"1859121";"—"
"692";"4";"—";"273";"271";"2";"Участвуете в конкурсе";"1647589";"—"
"693";"8";"—";"273";"271";"2";"Участвуете в конкурсе";"2296774";"—"
"694";"4";"—";"273";"271";"2";"Участвуете в конкурсе";"1730551";"—"
"695";"3";"—";"273";"263";"10";"Участвуете в конкурсе";"2181935";"—"
"696";"14";"—";"273";"263";"10";"Участвуете в конкурсе";"2318493";"—"
"697";"2";"—";"273";"263";"10";"Участвуете в конкурсе";"1283709";"—"
"698";"7";"—";"273";"263";"10";"Участвуете в конкурсе";"1543675";"—"
"699";"1";"—";"273";"263";"10";"Участвуете в конкурсе";"2253077";"—"
"700";"2";"—";"273";"263";"10";"Участвуете в конкурсе";"1104171";"—"
"701";"4";"—";"273";"263";"10";"Участвуете в конкурсе";"2031022";"—"
"702";"5";"—";"273";"263";"10";"Участвуете в конкурсе";"1817624";"—"
"703";"1";"—";"273";"263";"10";"Участвуете в конкурсе";"1512713";"—"
"704";"5";"—";"273";"263";"10";"Участвуете в конкурсе";"2330678";"—"
"705";"2";"—";"273";"263";"10";"Участвуете в конкурсе";"1858407";"—"
"706";"10";"—";"273";"263";"10";"Участвуете в конкурсе";"2266362";"—"
"707";"7";"—";"273";"263";"10";"Участвуете в конкурсе";"1618132";"—"
"708";"2";"—";"273";"263";"10";"Участвуете в конкурсе";"1327994";"—"
"709";"9";"—";"273";"263";"10";"Участвуете в конкурсе";"2004285";"—"
"710";"5";"—";"273";"263";"10";"Участвуете в конкурсе";"1702491";"—"
"711";"7";"—";"273";"263";"10";"Участвуете в конкурсе";"1429443";"—"
"712";"2";"—";"273";"263";"10";"Участвуете в конкурсе";"1619566";"—"
"713";"6";"—";"273";"263";"10";"Участвуете в конкурсе";"1941409";"—"
"714";"10";"—";"273";"263";"10";"Участвуете в конкурсе";"2265455";"—"
"715";"3";"—";"273";"263";"10";"Участвуете в конкурсе";"1276280";"—"
"716";"13";"—";"273";"263";"10";"Участвуете в конкурсе";"2141364";"—"
"717";"1";"—";"273";"263";"10";"Участвуете в конкурсе";"2251496";"—"
"718";"4";"—";"273";"263";"10";"Участвуете в конкурсе";"1384509";"—"
"719";"10";"—";"273";"263";"10";"Участвуете в конкурсе";"1663013";"—"
"720";"2";"—";"273";"263";"10";"Участвуете в конкурсе";"1322645";"—"
"721";"13";"—";"273";"263";"10";"Участвуете в конкурсе";"1692532";"—"
"722";"1";"—";"273";"263";"10";"Участвуете в конкурсе";"1622243";"—"
"723";"5";"—";"273";"263";"10";"Участвуете в конкурсе";"1438941";"—"
"724";"6";"—";"272";"272";"0";"Участвуете в конкурсе";"2424028";"—"
"725";"2";"—";"272";"272";"0";"Участвуете в конкурсе";"1028969";"—"
"726";"8";"—";"272";"270";"2";"Участвуете в конкурсе";"1519044";"—"
"727";"13";"Электронное";"272";"270";"2";"Участвуете в конкурсе";"1827627";"—"
"728";"2";"—";"272";"269";"3";"Участвуете в конкурсе";"1654121";"—"
"729";"7";"Электронное";"272";"268";"4";"Участвуете в конкурсе";"1186383";"—"
"730";"1";"—";"272";"266";"6";"Участвуете в конкурсе";"1634337";"—"
"731";"17";"—";"272";"266";"6";"Участвуете в конкурсе";"2095977";"—"
"732";"2";"—";"272";"262";"10";"Участвуете в конкурсе";"1351782";"—"
"733";"7";"—";"272";"262";"10";"Участвуете в конкурсе";"2098508";"—"
"734";"6";"—";"272";"262";"10";"Участвуете в конкурсе";"1998899";"—"
"735";"6";"—";"272";"262";"10";"Участвуете в конкурсе";"1848366";"—"
"736";"4";"—";"272";"262";"10";"Участвуете в конкурсе";"1970678";"—"
"737";"5";"—";"272";"262";"10";"Участвуете в конкурсе";"2004898";"—"
"738";"2";"—";"272";"262";"10";"Участвуете в конкурсе";"1727162";"—"
"739";"6";"—";"272";"262";"10";"Участвуете в конкурсе";"2228657";"—"
"740";"3";"—";"272";"262";"10";"Участвуете в конкурсе";"1643144";"—"
"741";"9";"—";"272";"262";"10";"Участвуете в конкурсе";"1610610";"—"
"742";"5";"—";"272";"262";"10";"Участвуете в конкурсе";"1568127";"—"
"743";"6";"—";"272";"262";"10";"Участвуете в конкурсе";"1213224";"—"
"744";"4";"—";"272";"262";"10";"Участвуете в конкурсе";"1851903";"—"
"745";"1";"—";"272";"262";"10";"Участвуете в конкурсе";"1575233";"—"
"746";"6";"—";"272";"262";"10";"Участвуете в конкурсе";"2095075";"—"
"747";"1";"—";"272";"262";"10";"Участвуете в конкурсе";"1701930";"—"
"748";"2";"—";"272";"262";"10";"Участвуете в конкурсе";"1910274";"—"
"749";"2";"—";"272";"262";"10";"Участвуете в конкурсе";"1267068";"—"
"750";"1";"—";"272";"262";"10";"Участвуете в конкурсе";"1978707";"—"
"751";"9";"—";"272";"262";"10";"Участвуете в конкурсе";"2212590";"—"
"752";"9";"Электронное";"272";"262";"10";"Участвуете в конкурсе";"2228558";"—"
"753";"1";"—";"271";"271";"0";"Участвуете в конкурсе";"1853122";"—"
"754";"11";"—";"271";"271";"0";"Участвуете в конкурсе";"1963929";"—"
"755";"12";"—";"271";"271";"0";"Участвуете в конкурсе";"1348656";"—"
"756";"4";"Электронное";"271";"271";"0";"Участвуете в конкурсе";"1001962";"—"
"757";"5";"Электронное";"271";"271";"0";"Участвуете в конкурсе";"1550709";"—"
"758";"2";"—";"271";"271";"0";"Участвуете в конкурсе";"1419256";"—"
"759";"4";"—";"271";"271";"0";"Участвуете в конкурсе";"1620649";"—"
"760";"5";"—";"271";"269";"2";"Участвуете в конкурсе";"1017554";"—"
"761";"5";"Электронное";"271";"269";"2";"Участвуете в конкурсе";"1518756";"—"
"762";"3";"—";"271";"269";"2";"Участвуете в конкурсе";"1929942";"—"
"763";"10";"—";"271";"267";"4";"Участвуете в конкурсе";"1693868";"—"
"764";"3";"—";"271";"265";"6";"Участвуете в конкурсе";"1626473";"—"
"765";"3";"—";"271";"262";"9";"Участвуете в конкурсе";"1513118";"—"
"766";"1";"—";"271";"261";"10";"Участвуете в конкурсе";"1434067";"—"
"767";"3";"—";"271";"261";"10";"Участвуете в конкурсе";"1274077";"—"
"768";"10";"—";"271";"261";"10";"Участвуете в конкурсе";"2261735";"—"
"769";"3";"—";"271";"261";"10";"Участвуете в конкурсе";"1636993";"—"
"770";"1";"—";"271";"261";"10";"Участвуете в конкурсе";"1698881";"—"
"771";"3";"—";"271";"261";"10";"Участвуете в конкурсе";"2264401";"—"
"772";"1";"—";"271";"261";"10";"Участвуете в конкурсе";"1777368";"—"
"773";"11";"—";"271";"261";"10";"Участвуете в конкурсе";"1787711";"—"
"774";"4";"—";"271";"261";"10";"Участвуете в конкурсе";"1792320";"—"
"775";"5";"—";"271";"261";"10";"Участвуете в конкурсе";"1362210";"—"
"776";"4";"—";"271";"261";"10";"Участвуете в конкурсе";"1557282";"—"
"777";"4";"—";"271";"261";"10";"Участвуете в конкурсе";"2053841";"—"
"778";"1";"—";"271";"261";"10";"Участвуете в конкурсе";"1335577";"—"
"779";"1";"—";"271";"261";"10";"Участвуете в конкурсе";"2161450";"—"
"780";"1";"—";"271";"261";"10";"Участвуете в конкурсе";"1445320";"—"
"781";"8";"Электронное";"271";"261";"10";"Участвуете в конкурсе";"2023345";"—"
"782";"4";"—";"271";"261";"10";"Участвуете в конкурсе";"2097027";"—"
"783";"3";"—";"271";"261";"10";"Участвуете в конкурсе";"1845825";"—"
"13";"1";"Электронное";"271";"261";"10";"Участвуете в конкурсе";"1428140";"—"
"14";"1";"Электронное";"271";"261";"10";"Участвуете в конкурсе";"1633122";"—"
"786";"5";"—";"271";"261";"10";"Участвуете в конкурсе";"2389123";"—"
"787";"1";"—";"271";"261";"10";"Участвуете в конкурсе";"1899355";"—"
"788";"11";"—";"270";"270";"0";"Участвуете в конкурсе";"1388079";"—"
"789";"3";"Электронное";"270";"270";"0";"Участвуете в конкурсе";"2340647";"—"
"790";"1";"—";"270";"270";"0";"Участвуете в конкурсе";"1487392";"—"
"791";"2";"Электронное";"270";"267";"3";"Участвуете в конкурсе";"1902468";"—"
"792";"7";"—";"270";"265";"5";"Участвуете в конкурсе";"1633279";"—"
"793";"8";"—";"270";"265";"5";"Участвуете в конкурсе";"1724945";"—"
"794";"7";"—";"270";"260";"10";"Участвуете в конкурсе";"1512005";"—"
"795";"12";"—";"270";"260";"10";"Участвуете в конкурсе";"2268004";"—"
"796";"4";"—";"270";"260";"10";"Участвуете в конкурсе";"1622313";"—"
"797";"4";"—";"270";"260";"10";"Участвуете в конкурсе";"1405382";"—"
"798";"7";"—";"270";"260";"10";"Участвуете в конкурсе";"1568837";"—"
"799";"7";"—";"270";"260";"10";"Участвуете в конкурсе";"1603058";"—"
"800";"2";"—";"270";"260";"10";"Участвуете в конкурсе";"1616622";"—"
"801";"1";"—";"270";"260";"10";"Участвуете в конкурсе";"2330906";"—"
"802";"9";"—";"270";"260";"10";"Участвуете в конкурсе";"2209562";"—"
"803";"6";"—";"270";"260";"10";"Участвуете в конкурсе";"2302478";"—"
"804";"4";"Электронное";"270";"260";"10";"Участвуете в конкурсе";"1333039";"—"
"805";"2";"—";"270";"260";"10";"Участвуете в конкурсе";"1399972";"—"
"806";"1";"—";"270";"260";"10";"Участвуете в конкурсе";"1429984";"—"
"807";"7";"—";"270";"260";"10";"Участвуете в конкурсе";"1481735";"—"
"808";"17";"—";"270";"260";"10";"Участвуете в конкурсе";"1356295";"—"
"809";"6";"—";"270";"260";"10";"Участвуете в конкурсе";"1551430";"—"
"810";"6";"—";"270";"260";"10";"Участвуете в конкурсе";"2339554";"—"
"811";"12";"—";"270";"260";"10";"Участвуете в конкурсе";"2368664";"—"
"812";"6";"—";"270";"260";"10";"Участвуете в конкурсе";"1042671";"—"
"813";"8";"Электронное";"270";"260";"10";"Участвуете в конкурсе";"1908522";"—"
"814";"7";"—";"270";"260";"10";"Участвуете в конкурсе";"1599171";"—"
"815";"5";"—";"270";"260";"10";"Участвуете в конкурсе";"1951329";"—"
"816";"4";"—";"269";"269";"0";"Участвуете в конкурсе";"1517539";"—"
"817";"6";"—";"269";"269";"0";"Участвуете в конкурсе";"1694422";"—"
"818";"11";"—";"269";"269";"0";"Участвуете в конкурсе";"2313957";"—"
"819";"4";"—";"269";"269";"0";"Участвуете в конкурсе";"2088484";"—"
"820";"1";"—";"269";"269";"0";"Участвуете в конкурсе";"1994965";"—"
"821";"9";"Электронное";"269";"269";"0";"Участвуете в конкурсе";"1710830";"—"
"822";"2";"Электронное";"269";"267";"2";"Участвуете в конкурсе";"1969867";"—"
"823";"11";"—";"269";"267";"2";"Участвуете в конкурсе";"1982918";"—"
"824";"5";"—";"269";"267";"2";"Участвуете в конкурсе";"1032315";"—"
"825";"13";"—";"269";"267";"2";"Участвуете в конкурсе";"1644179";"—"
"826";"11";"—";"269";"266";"3";"Участвуете в конкурсе";"2271645";"—"
"15";"1";"Электронное";"269";"265";"4";"Участвуете в конкурсе";"1363504";"—"
"828";"10";"—";"269";"263";"6";"Участвуете в конкурсе";"1242355";"—"
"829";"4";"—";"269";"260";"9";"Участвуете в конкурсе";"1795779";"—"
"830";"2";"—";"269";"259";"10";"Участвуете в конкурсе";"1859157";"—"
"831";"2";"—";"269";"259";"10";"Участвуете в конкурсе";"1581994";"—"
"16";"1";"Электронное";"269";"259";"10";"Участвуете в конкурсе";"1720777";"—"
"833";"2";"—";"269";"259";"10";"Участвуете в конкурсе";"1884605";"—"
"834";"2";"—";"269";"259";"10";"Участвуете в конкурсе";"1633016";"—"
"835";"6";"—";"269";"259";"10";"Участвуете в конкурсе";"1596096";"—"
"836";"11";"Электронное";"269";"259";"10";"Участвуете в конкурсе";"1786441";"—"
"837";"1";"—";"269";"259";"10";"Участвуете в конкурсе";"1431100";"—"
"838";"1";"—";"269";"259";"10";"Участвуете в конкурсе";"2303660";"—"
"839";"11";"—";"269";"259";"10";"Участвуете в конкурсе";"1782077";"—"
"840";"6";"—";"269";"259";"10";"Участвуете в конкурсе";"1846478";"—"
"841";"1";"—";"269";"259";"10";"Участвуете в конкурсе";"1916398";"—"
"842";"1";"—";"269";"259";"10";"Участвуете в конкурсе";"1828967";"—"
"843";"2";"—";"269";"259";"10";"Участвуете в конкурсе";"1133458";"—"
"844";"10";"—";"269";"259";"10";"Участвуете в конкурсе";"1903586";"—"
"845";"5";"—";"269";"259";"10";"Участвуете в конкурсе";"2387390";"—"
"846";"2";"—";"269";"259";"10";"Участвуете в конкурсе";"1617955";"—"
"847";"8";"—";"269";"259";"10";"Участвуете в конкурсе";"1647363";"—"
"848";"3";"Электронное";"269";"259";"10";"Участвуете в конкурсе";"1311146";"—"
"849";"1";"—";"269";"259";"10";"Участвуете в конкурсе";"2210603";"—"
"850";"4";"—";"269";"259";"10";"Участвуете в конкурсе";"1556508";"—"
"851";"3";"—";"269";"259";"10";"Участвуете в конкурсе";"1709613";"—"
"852";"4";"—";"269";"259";"10";"Участвуете в конкурсе";"1714835";"—"
"17";"1";"Электронное";"269";"259";"10";"Участвуете в конкурсе";"2257372";"—"
"854";"6";"—";"269";"259";"10";"Участвуете в конкурсе";"2296883";"—"
"855";"11";"—";"269";"259";"10";"Участвуете в конкурсе";"2217310";"—"
"856";"2";"—";"269";"259";"10";"Участвуете в конкурсе";"1913763";"—"
"857";"4";"Электронное";"269";"259";"10";"Участвуете в конкурсе";"1280655";"—"
"858";"1";"—";"269";"259";"10";"Участвуете в конкурсе";"1554083";"—"
"859";"14";"Электронное";"269";"259";"10";"Участвуете в конкурсе";"2230959";"—"
"860";"5";"—";"269";"259";"10";"Участвуете в конкурсе";"1689877";"—"
"861";"6";"—";"268";"268";"0";"Участвуете в конкурсе";"1988199";"—"
"862";"1";"—";"268";"268";"0";"Участвуете в конкурсе";"1259421";"—"
"863";"6";"—";"268";"268";"0";"Участвуете в конкурсе";"1066970";"—"
"864";"6";"Электронное";"268";"268";"0";"Участвуете в конкурсе";"1039863";"—"
"865";"6";"—";"268";"268";"0";"Участвуете в конкурсе";"2055082";"—"
"866";"4";"Электронное";"268";"268";"0";"Участвуете в конкурсе";"1772236";"—"
"18";"1";"Электронное";"268";"268";"0";"Участвуете в конкурсе";"1258538";"—"
"868";"5";"—";"268";"268";"0";"Участвуете в конкурсе";"1052984";"—"
"869";"3";"Электронное";"268";"268";"0";"Участвуете в конкурсе";"1290772";"—"
"870";"1";"—";"268";"268";"0";"Участвуете в конкурсе";"2242339";"—"
"871";"8";"—";"268";"268";"0";"Участвуете в конкурсе";"1489386";"—"
"872";"1";"—";"268";"266";"2";"Участвуете в конкурсе";"1458998";"—"
"873";"1";"—";"268";"265";"3";"Участвуете в конкурсе";"1456192";"—"
"874";"1";"—";"268";"262";"6";"Участвуете в конкурсе";"1361437";"—"
"875";"2";"Электронное";"268";"258";"10";"Участвуете в конкурсе";"1562000";"—"
"876";"4";"—";"268";"258";"10";"Участвуете в конкурсе";"2336470";"—"
"877";"7";"—";"268";"258";"10";"Участвуете в конкурсе";"1789015";"—"
"878";"1";"—";"268";"258";"10";"Участвуете в конкурсе";"1673633";"—"
"879";"4";"—";"268";"258";"10";"Участвуете в конкурсе";"1627708";"—"
"880";"6";"Электронное";"268";"258";"10";"Участвуете в конкурсе";"1787299";"—"
"881";"4";"—";"268";"258";"10";"Участвуете в конкурсе";"2225314";"—"
"882";"2";"—";"268";"258";"10";"Участвуете в конкурсе";"1362630";"—"
"883";"9";"Электронное";"268";"258";"10";"Участвуете в конкурсе";"1437508";"—"
"884";"9";"—";"268";"258";"10";"Участвуете в конкурсе";"2233966";"—"
"885";"8";"—";"268";"258";"10";"Участвуете в конкурсе";"2259442";"—"
"886";"10";"—";"268";"258";"10";"Участвуете в конкурсе";"1438251";"—"
"887";"6";"—";"268";"258";"10";"Участвуете в конкурсе";"1980750";"—"
"888";"11";"—";"268";"258";"10";"Участвуете в конкурсе";"2231242";"—"
"889";"9";"—";"268";"258";"10";"Участвуете в конкурсе";"2314044";"—"
"890";"10";"—";"268";"258";"10";"Участвуете в конкурсе";"1392431";"—"
"891";"13";"—";"268";"258";"10";"Участвуете в конкурсе";"1309691";"—"
"892";"5";"—";"268";"258";"10";"Участвуете в конкурсе";"1956490";"—"
"893";"7";"—";"268";"258";"10";"Участвуете в конкурсе";"2175049";"—"
"894";"5";"—";"268";"258";"10";"Участвуете в конкурсе";"1936901";"—"
"895";"4";"—";"268";"258";"10";"Участвуете в конкурсе";"2192143";"—"
"896";"4";"Электронное";"268";"258";"10";"Участвуете в конкурсе";"1106385";"—"
"897";"19";"Электронное";"268";"258";"10";"Участвуете в конкурсе";"1743218";"—"
"898";"4";"—";"268";"258";"10";"Участвуете в конкурсе";"1976217";"—"
"899";"11";"—";"268";"258";"10";"Участвуете в конкурсе";"1699762";"—"
"900";"3";"—";"268";"258";"10";"Участвуете в конкурсе";"1689859";"—"
"901";"6";"—";"267";"267";"0";"Участвуете в конкурсе";"1475200";"—"
"902";"1";"—";"267";"267";"0";"Участвуете в конкурсе";"1431782";"—"
"903";"3";"—";"267";"267";"0";"Участвуете в конкурсе";"1610695";"—"
"904";"3";"—";"267";"267";"0";"Участвуете в конкурсе";"1235344";"—"
"905";"2";"—";"267";"267";"0";"Участвуете в конкурсе";"2250081";"—"
"906";"8";"—";"267";"267";"0";"Участвуете в конкурсе";"2343788";"—"
"907";"8";"—";"267";"267";"0";"Участвуете в конкурсе";"1845208";"—"
"908";"6";"—";"267";"267";"0";"Участвуете в конкурсе";"1237500";"—"
"909";"6";"Электронное";"267";"267";"0";"Участвуете в конкурсе";"1168227";"—"
"910";"16";"—";"267";"267";"0";"Участвуете в конкурсе";"1541185";"—"
"911";"6";"Электронное";"267";"265";"2";"Участвуете в конкурсе";"2245046";"—"
"912";"7";"—";"267";"265";"2";"Участвуете в конкурсе";"1333437";"—"
"913";"12";"—";"267";"265";"2";"Участвуете в конкурсе";"2183531";"—"
"914";"2";"—";"267";"265";"2";"Участвуете в конкурсе";"1167493";"—"
"915";"6";"Электронное";"267";"265";"2";"Участвуете в конкурсе";"1257965";"—"
"916";"1";"—";"267";"265";"2";"Участвуете в конкурсе";"1512750";"—"
"917";"2";"Электронное";"267";"263";"4";"Участвуете в конкурсе";"1174866";"—"
"918";"10";"—";"267";"262";"5";"Участвуете в конкурсе";"2099917";"—"
"919";"4";"—";"267";"260";"7";"Участвуете в конкурсе";"2086181";"—"
"920";"5";"—";"267";"257";"10";"Участвуете в конкурсе";"1428858";"—"
"921";"14";"—";"267";"257";"10";"Участвуете в конкурсе";"2242676";"—"
"19";"1";"Электронное";"267";"257";"10";"Участвуете в конкурсе";"1791126";"—"
"923";"3";"Электронное";"267";"257";"10";"Участвуете в конкурсе";"1954909";"—"
"924";"2";"—";"267";"257";"10";"Участвуете в конкурсе";"2327968";"—"
"925";"6";"—";"267";"257";"10";"Участвуете в конкурсе";"1612050";"—"
"926";"11";"—";"267";"257";"10";"Участвуете в конкурсе";"1854486";"—"
"927";"8";"—";"267";"257";"10";"Участвуете в конкурсе";"1192510";"—"
"928";"10";"—";"267";"257";"10";"Участвуете в конкурсе";"1284951";"—"
"929";"13";"—";"267";"257";"10";"Участвуете в конкурсе";"2085299";"—"
"930";"9";"—";"267";"257";"10";"Участвуете в конкурсе";"1464194";"—"
"931";"4";"—";"267";"257";"10";"Участвуете в конкурсе";"1790409";"—"
"932";"2";"—";"267";"257";"10";"Участвуете в конкурсе";"2413334";"—"
"933";"12";"—";"267";"257";"10";"Участвуете в конкурсе";"1680490";"—"
"934";"5";"—";"267";"257";"10";"Участвуете в конкурсе";"2269717";"—"
"935";"2";"—";"267";"257";"10";"Участвуете в конкурсе";"1644961";"—"
"936";"1";"Электронное";"267";"257";"10";"Участвуете в конкурсе";"1580019";"—"
"937";"2";"Электронное";"267";"257";"10";"Участвуете в конкурсе";"1266259";"—"
"938";"5";"—";"267";"257";"10";"Участвуете в конкурсе";"1985013";"—"
"939";"3";"—";"267";"257";"10";"Участвуете в конкурсе";"2074490";"—"
"940";"8";"—";"267";"257";"10";"Участвуете в конкурсе";"2361897";"—"
"941";"2";"—";"267";"257";"10";"Участвуете в конкурсе";"1619830";"—"
"942";"1";"—";"267";"257";"10";"Участвуете в конкурсе";"1672012";"—"
"943";"2";"—";"267";"257";"10";"Участвуете в конкурсе";"1555414";"—"
"944";"5";"Электронное";"267";"257";"10";"Участвуете в конкурсе";"1410867";"—"
"945";"6";"—";"267";"257";"10";"Участвуете в конкурсе";"1519446";"—"
"946";"1";"—";"267";"257";"10";"Участвуете в конкурсе";"1481583";"—"
"947";"2";"—";"267";"257";"10";"Участвуете в конкурсе";"2043554";"—"
"948";"1";"—";"267";"257";"10";"Участвуете в конкурсе";"1191044";"—"
"949";"4";"—";"267";"257";"10";"Участвуете в конкурсе";"1962834";"—"
"950";"2";"—";"267";"257";"10";"Участвуете в конкурсе";"2263833";"—"
"951";"1";"—";"267";"257";"10";"Участвуете в конкурсе";"1450470";"—"
"952";"8";"—";"266";"266";"0";"Участвуете в конкурсе";"1916586";"—"
"953";"6";"—";"266";"266";"0";"Участвуете в конкурсе";"1237188";"—"
"954";"5";"—";"266";"266";"0";"Участвуете в конкурсе";"2051719";"—"
"955";"6";"—";"266";"266";"0";"Участвуете в конкурсе";"1204467";"—"
"956";"2";"—";"266";"266";"0";"Участвуете в конкурсе";"1790478";"—"
"957";"1";"—";"266";"266";"0";"Участвуете в конкурсе";"1290721";"—"
"958";"3";"—";"266";"266";"0";"Участвуете в конкурсе";"1649453";"—"
"959";"9";"—";"266";"266";"0";"Участвуете в конкурсе";"2253490";"—"
"960";"7";"—";"266";"266";"0";"Участвуете в конкурсе";"1206696";"—"
"961";"2";"—";"266";"264";"2";"Участвуете в конкурсе";"1794815";"—"
"962";"7";"—";"266";"264";"2";"Участвуете в конкурсе";"1353116";"—"
"963";"1";"—";"266";"264";"2";"Участвуете в конкурсе";"1324079";"—"
"964";"2";"—";"266";"264";"2";"Участвуете в конкурсе";"2269713";"—"
"965";"3";"Электронное";"266";"264";"2";"Участвуете в конкурсе";"1199739";"—"
"966";"2";"Электронное";"266";"263";"3";"Участвуете в конкурсе";"1954061";"—"
"967";"1";"—";"266";"261";"5";"Участвуете в конкурсе";"1098083";"—"
"968";"1";"—";"266";"258";"8";"Участвуете в конкурсе";"2162234";"—"
"969";"1";"—";"266";"256";"10";"Участвуете в конкурсе";"1396056";"—"
"970";"13";"—";"266";"256";"10";"Участвуете в конкурсе";"1787825";"—"
"971";"5";"—";"266";"256";"10";"Участвуете в конкурсе";"1726886";"—"
"972";"12";"—";"266";"256";"10";"Участвуете в конкурсе";"2206388";"—"
"973";"5";"—";"266";"256";"10";"Участвуете в конкурсе";"1914450";"—"
"974";"6";"—";"266";"256";"10";"Участвуете в конкурсе";"2043309";"—"
"975";"4";"—";"266";"256";"10";"Участвуете в конкурсе";"2242722";"—"
"976";"9";"Электронное";"266";"256";"10";"Участвуете в конкурсе";"1479125";"—"
"977";"6";"Электронное";"266";"256";"10";"Участвуете в конкурсе";"1239426";"—"
"978";"9";"—";"266";"256";"10";"Участвуете в конкурсе";"2239248";"—"
"979";"3";"—";"266";"256";"10";"Участвуете в конкурсе";"1299021";"—"
"980";"4";"—";"266";"256";"10";"Участвуете в конкурсе";"2271492";"—"
"981";"4";"—";"266";"256";"10";"Участвуете в конкурсе";"1214223";"—"
"982";"5";"—";"266";"256";"10";"Участвуете в конкурсе";"2420172";"—"
"983";"13";"—";"266";"256";"10";"Участвуете в конкурсе";"1375463";"—"
"984";"1";"—";"266";"256";"10";"Участвуете в конкурсе";"1522640";"—"
"985";"11";"—";"266";"256";"10";"Участвуете в конкурсе";"1815059";"—"
"986";"11";"—";"266";"256";"10";"Участвуете в конкурсе";"1848006";"—"
"987";"5";"—";"266";"256";"10";"Участвуете в конкурсе";"2100603";"—"
"988";"5";"—";"266";"256";"10";"Участвуете в конкурсе";"1897183";"—"
"989";"5";"—";"266";"256";"10";"Участвуете в конкурсе";"2143138";"—"
"990";"5";"—";"266";"256";"10";"Участвуете в конкурсе";"1641394";"—"
"991";"18";"—";"266";"256";"10";"Участвуете в конкурсе";"1959633";"—"
"992";"4";"—";"266";"256";"10";"Участвуете в конкурсе";"2197520";"—"
"993";"7";"Электронное";"266";"256";"10";"Участвуете в конкурсе";"1627384";"—"
"994";"4";"—";"266";"256";"10";"Участвуете в конкурсе";"1959251";"—"
"995";"5";"—";"266";"256";"10";"Участвуете в конкурсе";"1983774";"—"
"996";"4";"Электронное";"266";"256";"10";"Участвуете в конкурсе";"1687276";"—"
"997";"5";"—";"265";"265";"0";"Участвуете в конкурсе";"2425944";"—"
"998";"5";"Электронное";"265";"265";"0";"Участвуете в конкурсе";"1726141";"—"
"999";"2";"—";"265";"265";"0";"Участвуете в конкурсе";"2052830";"—"
"1000";"4";"—";"265";"265";"0";"Участвуете в конкурсе";"2128900";"—"
"1001";"4";"—";"265";"265";"0";"Участвуете в конкурсе";"1399086";"—"
"1002";"2";"—";"265";"265";"0";"Участвуете в конкурсе";"1939871";"—"
"1003";"3";"Электронное";"265";"265";"0";"Участвуете в конкурсе";"2244334";"—"
"1004";"2";"—";"265";"265";"0";"Участвуете в конкурсе";"2001224";"—"
"1005";"9";"—";"265";"265";"0";"Участвуете в конкурсе";"1342889";"—"
"1006";"2";"—";"265";"265";"0";"Участвуете в конкурсе";"2087960";"—"
"1007";"7";"—";"265";"263";"2";"Участвуете в конкурсе";"2043413";"—"
"1008";"11";"Электронное";"265";"263";"2";"Участвуете в конкурсе";"1384744";"—"
"1009";"14";"—";"265";"263";"2";"Участвуете в конкурсе";"1799354";"—"
"1010";"4";"—";"265";"263";"2";"Участвуете в конкурсе";"1612295";"—"
"1011";"9";"—";"265";"263";"2";"Участвуете в конкурсе";"2090660";"—"
"1012";"12";"—";"265";"263";"2";"Участвуете в конкурсе";"1843666";"—"
"1013";"9";"—";"265";"263";"2";"Участвуете в конкурсе";"2141262";"—"
"1014";"11";"—";"265";"263";"2";"Участвуете в конкурсе";"1777231";"—"
"1015";"5";"—";"265";"263";"2";"Участвуете в конкурсе";"1501451";"—"
"1016";"7";"—";"265";"259";"6";"Участвуете в конкурсе";"2392425";"—"
"1017";"2";"—";"265";"255";"10";"Участвуете в конкурсе";"1731388";"—"
"1018";"6";"—";"265";"255";"10";"Участвуете в конкурсе";"1340344";"—"
"1019";"2";"—";"265";"255";"10";"Участвуете в конкурсе";"1248051";"—"
"1020";"2";"—";"265";"255";"10";"Участвуете в конкурсе";"2274244";"—"
"1021";"10";"—";"265";"255";"10";"Участвуете в конкурсе";"1565208";"—"
"1022";"7";"—";"265";"255";"10";"Участвуете в конкурсе";"2175840";"—"
"1023";"4";"—";"265";"255";"10";"Участвуете в конкурсе";"1282844";"—"
"1024";"13";"—";"265";"255";"10";"Участвуете в конкурсе";"1916174";"—"
"1025";"5";"—";"265";"255";"10";"Участвуете в конкурсе";"1238520";"—"
"1026";"6";"—";"265";"255";"10";"Участвуете в конкурсе";"1282013";"—"
"1027";"4";"Электронное";"265";"255";"10";"Участвуете в конкурсе";"1602832";"—"
"1028";"9";"—";"265";"255";"10";"Участвуете в конкурсе";"1362802";"—"
"1029";"2";"—";"265";"255";"10";"Участвуете в конкурсе";"1789370";"—"
"1030";"4";"—";"265";"255";"10";"Участвуете в конкурсе";"1517026";"—"
"1031";"10";"—";"265";"255";"10";"Участвуете в конкурсе";"1213942";"—"
"1032";"9";"Электронное";"265";"255";"10";"Участвуете в конкурсе";"1626478";"—"
"1033";"12";"—";"265";"255";"10";"Участвуете в конкурсе";"2273419";"—"
"1034";"2";"—";"265";"255";"10";"Участвуете в конкурсе";"1797789";"—"
"1035";"2";"—";"265";"255";"10";"Участвуете в конкурсе";"2175842";"—"
"1036";"9";"—";"265";"255";"10";"Участвуете в конкурсе";"1988525";"—"
"1037";"2";"Электронное";"265";"255";"10";"Участвуете в конкурсе";"1978557";"—"
"1038";"3";"—";"265";"255";"10";"Участвуете в конкурсе";"2412972";"—"
"1039";"1";"—";"265";"255";"10";"Участвуете в конкурсе";"1408802";"—"
"1040";"1";"—";"265";"255";"10";"Участвуете в конкурсе";"1346707";"—"
"1041";"11";"—";"265";"255";"10";"Участвуете в конкурсе";"1235082";"—"
"1042";"12";"—";"265";"255";"10";"Участвуете в конкурсе";"1576075";"—"
"1043";"6";"—";"265";"255";"10";"Участвуете в конкурсе";"1658289";"—"
"1044";"5";"—";"265";"255";"10";"Участвуете в конкурсе";"2252781";"—"
"1045";"7";"Электронное";"265";"255";"10";"Участвуете в конкурсе";"1678214";"—"
"1046";"6";"—";"265";"255";"10";"Участвуете в конкурсе";"1354355";"—"
"1047";"10";"—";"265";"255";"10";"Участвуете в конкурсе";"1179008";"—"
"1048";"4";"—";"265";"255";"10";"Участвуете в конкурсе";"1546778";"—"
"1049";"3";"—";"264";"264";"0";"Участвуете в конкурсе";"2001604";"—"
"1050";"1";"—";"264";"264";"0";"Участвуете в конкурсе";"2117708";"—"
"1051";"6";"Электронное";"264";"264";"0";"Участвуете в конкурсе";"1480255";"—"
"1052";"12";"—";"264";"262";"2";"Участвуете в конкурсе";"2333231";"—"
"1053";"19";"—";"264";"262";"2";"Участвуете в конкурсе";"1554165";"—"
"1054";"3";"—";"264";"261";"3";"Участвуете в конкурсе";"1636081";"—"
"1055";"3";"Электронное";"264";"261";"3";"Участвуете в конкурсе";"1647688";"—"
"1056";"2";"—";"264";"260";"4";"Участвуете в конкурсе";"1832483";"—"
"1057";"8";"—";"264";"254";"10";"Участвуете в конкурсе";"2143384";"—"
"1058";"12";"—";"264";"254";"10";"Участвуете в конкурсе";"1984568";"—"
"1059";"3";"—";"264";"254";"10";"Участвуете в конкурсе";"1651481";"—"
"1060";"5";"—";"264";"254";"10";"Участвуете в конкурсе";"1211745";"—"
"1061";"2";"Электронное";"264";"254";"10";"Участвуете в конкурсе";"2226150";"—"
"1062";"1";"—";"264";"254";"10";"Участвуете в конкурсе";"2243558";"—"
"1063";"11";"—";"264";"254";"10";"Участвуете в конкурсе";"1445600";"—"
"1064";"2";"—";"264";"254";"10";"Участвуете в конкурсе";"1655125";"—"
"1065";"2";"—";"264";"254";"10";"Участвуете в конкурсе";"1156830";"—"
"1066";"2";"—";"264";"254";"10";"Участвуете в конкурсе";"1441714";"—"
"1067";"5";"—";"264";"254";"10";"Участвуете в конкурсе";"1523519";"—"
"1068";"2";"—";"264";"254";"10";"Участвуете в конкурсе";"2056431";"—"
"1069";"5";"—";"264";"254";"10";"Участвуете в конкурсе";"1444270";"—"
"1070";"2";"—";"264";"254";"10";"Участвуете в конкурсе";"1628128";"—"
"1071";"13";"—";"264";"254";"10";"Участвуете в конкурсе";"1653088";"—"
"1072";"6";"—";"264";"254";"10";"Участвуете в конкурсе";"1792605";"—"
"1073";"1";"—";"264";"254";"10";"Участвуете в конкурсе";"1437416";"—"
"1074";"1";"—";"264";"254";"10";"Участвуете в конкурсе";"2174688";"—"
"1075";"5";"—";"264";"254";"10";"Участвуете в конкурсе";"2393948";"—"
"1076";"10";"—";"264";"254";"10";"Участвуете в конкурсе";"1767963";"—"
"1077";"2";"Электронное";"264";"254";"10";"Участвуете в конкурсе";"1836764";"—"
"1078";"1";"—";"264";"254";"10";"Участвуете в конкурсе";"1957538";"—"
"1079";"4";"—";"264";"254";"10";"Участвуете в конкурсе";"2038420";"—"
"1080";"12";"—";"264";"254";"10";"Участвуете в конкурсе";"1606996";"—"
"1081";"2";"—";"264";"254";"10";"Участвуете в конкурсе";"1692761";"—"
"1082";"3";"—";"264";"254";"10";"Участвуете в конкурсе";"1796558";"—"
"1083";"1";"—";"264";"254";"10";"Участвуете в конкурсе";"1611683";"—"
"1084";"4";"—";"263";"263";"0";"Участвуете в конкурсе";"1431340";"—"
"1085";"3";"—";"263";"263";"0";"Участвуете в конкурсе";"1347180";"—"
"1086";"7";"—";"263";"263";"0";"Участвуете в конкурсе";"1334557";"—"
"1087";"4";"—";"263";"263";"0";"Участвуете в конкурсе";"1153485";"—"
"1088";"12";"—";"263";"263";"0";"Участвуете в конкурсе";"1730622";"—"
"1089";"2";"—";"263";"263";"0";"Участвуете в конкурсе";"1073081";"—"
"1090";"4";"—";"263";"263";"0";"Участвуете в конкурсе";"2209040";"—"
"1091";"3";"—";"263";"263";"0";"Участвуете в конкурсе";"2359006";"—"
"1092";"13";"—";"263";"263";"0";"Участвуете в конкурсе";"1643203";"—"
"1093";"8";"—";"263";"263";"0";"Участвуете в конкурсе";"2042943";"—"
"1094";"8";"—";"263";"261";"2";"Участвуете в конкурсе";"1181636";"—"
"1095";"11";"—";"263";"261";"2";"Участвуете в конкурсе";"1490949";"—"
"1096";"5";"—";"263";"261";"2";"Участвуете в конкурсе";"1182902";"—"
"1097";"11";"—";"263";"261";"2";"Участвуете в конкурсе";"1251594";"—"
"1098";"3";"—";"263";"259";"4";"Участвуете в конкурсе";"2183048";"—"
"1099";"4";"—";"263";"258";"5";"Участвуете в конкурсе";"1511626";"—"
"1100";"4";"—";"263";"258";"5";"Участвуете в конкурсе";"2032712";"—"
"1101";"2";"—";"263";"253";"10";"Участвуете в конкурсе";"2381320";"—"
"1102";"3";"Электронное";"263";"253";"10";"Участвуете в конкурсе";"2003741";"—"
"1103";"1";"—";"263";"253";"10";"Участвуете в конкурсе";"1586396";"—"
"1104";"5";"—";"263";"253";"10";"Участвуете в конкурсе";"2394398";"—"
"1105";"10";"—";"263";"253";"10";"Участвуете в конкурсе";"1043686";"—"
"1106";"3";"—";"263";"253";"10";"Участвуете в конкурсе";"1286472";"—"
"1107";"11";"—";"263";"253";"10";"Участвуете в конкурсе";"1580711";"—"
"1108";"3";"Электронное";"263";"253";"10";"Участвуете в конкурсе";"1651646";"—"
"1109";"2";"—";"263";"253";"10";"Участвуете в конкурсе";"1246536";"—"
"1110";"13";"—";"263";"253";"10";"Участвуете в конкурсе";"1242070";"—"
"1111";"14";"—";"263";"253";"10";"Участвуете в конкурсе";"1606735";"—"
"1112";"1";"—";"263";"253";"10";"Участвуете в конкурсе";"1312078";"—"
"1113";"6";"—";"263";"253";"10";"Участвуете в конкурсе";"1505654";"—"
"1114";"2";"—";"263";"253";"10";"Участвуете в конкурсе";"1574434";"—"
"1115";"1";"—";"263";"253";"10";"Участвуете в конкурсе";"1727970";"—"
"1116";"2";"—";"263";"253";"10";"Участвуете в конкурсе";"1775323";"—"
"1117";"5";"—";"263";"253";"10";"Участвуете в конкурсе";"1465994";"—"
"1118";"4";"—";"263";"253";"10";"Участвуете в конкурсе";"1532271";"—"
"1119";"8";"—";"263";"253";"10";"Участвуете в конкурсе";"1794831";"—"
"1120";"6";"—";"263";"253";"10";"Участвуете в конкурсе";"2216924";"—"
"1121";"3";"—";"263";"253";"10";"Участвуете в конкурсе";"2139148";"—"
"1122";"2";"—";"263";"253";"10";"Участвуете в конкурсе";"2196329";"—"
"1123";"1";"—";"263";"253";"10";"Участвуете в конкурсе";"1428637";"—"
"1124";"3";"Электронное";"263";"253";"10";"Участвуете в конкурсе";"2080656";"—"
"1125";"3";"Электронное";"263";"253";"10";"Участвуете в конкурсе";"1913528";"—"
"1126";"1";"—";"263";"253";"10";"Участвуете в конкурсе";"2172828";"—"
"1127";"6";"—";"263";"253";"10";"Участвуете в конкурсе";"1483797";"—"
"1128";"6";"—";"263";"253";"10";"Участвуете в конкурсе";"2301270";"—"
"1129";"3";"—";"263";"253";"10";"Участвуете в конкурсе";"1852029";"—"
"1130";"4";"—";"263";"253";"10";"Участвуете в конкурсе";"1916823";"—"
"1131";"10";"—";"263";"253";"10";"Участвуете в конкурсе";"2388910";"—"
"1132";"6";"—";"263";"253";"10";"Участвуете в конкурсе";"2153821";"—"
"1133";"7";"—";"263";"253";"10";"Участвуете в конкурсе";"2288424";"—"
"1134";"3";"—";"263";"253";"10";"Участвуете в конкурсе";"1584182";"—"
"1135";"2";"—";"263";"253";"10";"Участвуете в конкурсе";"2171882";"—"
"1136";"8";"—";"263";"253";"10";"Участвуете в конкурсе";"1394678";"—"
"1137";"4";"Электронное";"262";"262";"0";"Участвуете в конкурсе";"1892199";"—"
"1138";"1";"—";"262";"262";"0";"Участвуете в конкурсе";"1318587";"—"
"1139";"2";"—";"262";"262";"0";"Участвуете в конкурсе";"1965838";"—"
"1140";"13";"—";"262";"262";"0";"Участвуете в конкурсе";"1437818";"—"
"1141";"4";"—";"262";"262";"0";"Участвуете в конкурсе";"1854580";"—"
"1142";"3";"—";"262";"262";"0";"Участвуете в конкурсе";"1620697";"—"
"1143";"16";"—";"262";"262";"0";"Участвуете в конкурсе";"1858084";"—"
"1144";"3";"—";"262";"260";"2";"Участвуете в конкурсе";"1202800";"—"
"1145";"1";"Электронное";"262";"260";"2";"Участвуете в конкурсе";"1630882";"—"
"1146";"1";"—";"262";"260";"2";"Участвуете в конкурсе";"1175200";"—"
"1147";"8";"—";"262";"260";"2";"Участвуете в конкурсе";"1850717";"—"
"1148";"4";"Электронное";"262";"260";"2";"Участвуете в конкурсе";"1817751";"—"
"1149";"1";"—";"262";"260";"2";"Участвуете в конкурсе";"1405175";"—"
"1150";"2";"—";"262";"259";"3";"Участвуете в конкурсе";"1574438";"—"
"1151";"2";"—";"262";"259";"3";"Участвуете в конкурсе";"2365423";"—"
"1152";"1";"—";"262";"258";"4";"Участвуете в конкурсе";"1788099";"—"
"1153";"2";"Электронное";"262";"257";"5";"Участвуете в конкурсе";"1209673";"—"
"1154";"5";"—";"262";"257";"5";"Участвуете в конкурсе";"1518509";"—"
"1155";"2";"—";"262";"257";"5";"Участвуете в конкурсе";"1419781";"—"
"1156";"11";"—";"262";"256";"6";"Участвуете в конкурсе";"1777793";"—"
"1157";"7";"—";"262";"256";"6";"Участвуете в конкурсе";"1979197";"—"
"1158";"6";"—";"262";"252";"10";"Участвуете в конкурсе";"1435370";"—"
"1159";"6";"—";"262";"252";"10";"Участвуете в конкурсе";"1687874";"—"
"1160";"10";"Электронное";"262";"252";"10";"Участвуете в конкурсе";"2000615";"—"
"1161";"14";"—";"262";"252";"10";"Участвуете в конкурсе";"1332494";"—"
"1162";"12";"—";"262";"252";"10";"Участвуете в конкурсе";"2006324";"—"
"1163";"8";"—";"262";"252";"10";"Участвуете в конкурсе";"1629297";"—"
"1164";"12";"—";"262";"252";"10";"Участвуете в конкурсе";"2226913";"—"
"1165";"2";"—";"262";"252";"10";"Участвуете в конкурсе";"1385491";"—"
"1166";"6";"Электронное";"262";"252";"10";"Участвуете в конкурсе";"1257033";"—"
"1167";"3";"—";"262";"252";"10";"Участвуете в конкурсе";"1265674";"—"
"1168";"13";"—";"262";"252";"10";"Участвуете в конкурсе";"1985698";"—"
"1169";"11";"—";"262";"252";"10";"Участвуете в конкурсе";"1344475";"—"
"1170";"3";"—";"262";"252";"10";"Участвуете в конкурсе";"1191860";"—"
"1171";"6";"—";"262";"252";"10";"Участвуете в конкурсе";"1605386";"—"
"1172";"2";"—";"262";"252";"10";"Участвуете в конкурсе";"1434484";"—"
"1173";"8";"—";"262";"252";"10";"Участвуете в конкурсе";"1914768";"—"
"1174";"3";"—";"262";"252";"10";"Участвуете в конкурсе";"1520168";"—"
"1175";"5";"—";"262";"252";"10";"Участвуете в конкурсе";"2099319";"—"
"1176";"3";"—";"262";"252";"10";"Участвуете в конкурсе";"2392701";"—"
"1177";"2";"—";"262";"252";"10";"Участвуете в конкурсе";"1506032";"—"
"1178";"1";"—";"262";"252";"10";"Участвуете в конкурсе";"1580637";"—"
"1179";"2";"—";"262";"252";"10";"Участвуете в конкурсе";"2271004";"—"
"20";"1";"Электронное";"262";"252";"10";"Участвуете в конкурсе";"1793959";"—"
"1181";"2";"—";"262";"252";"10";"Участвуете в конкурсе";"1202021";"—"
"1182";"2";"—";"262";"252";"10";"Участвуете в конкурсе";"1128681";"—"
"1183";"19";"Электронное";"262";"252";"10";"Участвуете в конкурсе";"1743456";"—"
"1184";"5";"—";"261";"261";"0";"Участвуете в конкурсе";"1551856";"—"
"1185";"2";"—";"261";"261";"0";"Участвуете в конкурсе";"1696986";"—"
"1186";"1";"—";"261";"261";"0";"Участвуете в конкурсе";"1433277";"—"
"1187";"7";"—";"261";"261";"0";"Участвуете в конкурсе";"2313440";"—"
"1188";"3";"—";"261";"261";"0";"Участвуете в конкурсе";"1769776";"—"
"1189";"10";"—";"261";"261";"0";"Участвуете в конкурсе";"1722922";"—"
"1190";"2";"—";"261";"261";"0";"Участвуете в конкурсе";"2275949";"—"
"1191";"9";"—";"261";"261";"0";"Участвуете в конкурсе";"1614822";"—"
"1192";"1";"—";"261";"261";"0";"Участвуете в конкурсе";"2240497";"—"
"1193";"5";"—";"261";"261";"0";"Участвуете в конкурсе";"1207472";"—"
"1194";"8";"—";"261";"261";"0";"Участвуете в конкурсе";"1719945";"—"
"1195";"14";"—";"261";"261";"0";"Участвуете в конкурсе";"2057945";"—"
"1196";"4";"—";"261";"261";"0";"Участвуете в конкурсе";"1985322";"—"
"1197";"16";"—";"261";"261";"0";"Участвуете в конкурсе";"2415504";"—"
"1198";"1";"—";"261";"259";"2";"Участвуете в конкурсе";"1336298";"—"
"1199";"7";"—";"261";"259";"2";"Участвуете в конкурсе";"1190654";"—"
"1200";"6";"—";"261";"259";"2";"Участвуете в конкурсе";"1622217";"—"
"1201";"4";"—";"261";"259";"2";"Участвуете в конкурсе";"1818575";"—"
"1202";"8";"Электронное";"261";"258";"3";"Участвуете в конкурсе";"2382298";"—"
"1203";"1";"—";"261";"257";"4";"Участвуете в конкурсе";"1177470";"—"
"1204";"5";"—";"261";"256";"5";"Участвуете в конкурсе";"1902624";"—"
"1205";"13";"—";"261";"254";"7";"Участвуете в конкурсе";"2042631";"—"
"1206";"5";"—";"261";"253";"8";"Участвуете в конкурсе";"1561283";"—"
"1207";"7";"—";"261";"251";"10";"Участвуете в конкурсе";"1501881";"—"
"1208";"6";"—";"261";"251";"10";"Участвуете в конкурсе";"2334410";"—"
"1209";"12";"—";"261";"251";"10";"Участвуете в конкурсе";"2136968";"—"
"1210";"3";"—";"261";"251";"10";"Участвуете в конкурсе";"1325537";"—"
"1211";"2";"—";"261";"251";"10";"Участвуете в конкурсе";"2312584";"—"
"1212";"2";"—";"261";"251";"10";"Участвуете в конкурсе";"1493498";"—"
"1213";"4";"—";"261";"251";"10";"Участвуете в конкурсе";"1996099";"—"
"1214";"8";"—";"261";"251";"10";"Участвуете в конкурсе";"2209386";"—"
"1215";"12";"—";"261";"251";"10";"Участвуете в конкурсе";"1860342";"—"
"1216";"9";"—";"261";"251";"10";"Участвуете в конкурсе";"1985095";"—"
"1217";"3";"—";"261";"251";"10";"Участвуете в конкурсе";"2240510";"—"
"1218";"10";"—";"261";"251";"10";"Участвуете в конкурсе";"1175606";"—"
"1219";"4";"—";"261";"251";"10";"Участвуете в конкурсе";"2154899";"—"
"1220";"8";"—";"261";"251";"10";"Участвуете в конкурсе";"1575946";"—"
"1221";"3";"—";"261";"251";"10";"Участвуете в конкурсе";"1960608";"—"
"1222";"4";"Электронное";"261";"251";"10";"Участвуете в конкурсе";"1512042";"—"
"1223";"1";"Электронное";"261";"251";"10";"Участвуете в конкурсе";"1243668";"—"
"1224";"7";"Электронное";"261";"251";"10";"Участвуете в конкурсе";"1618584";"—"
"1225";"5";"Электронное";"261";"251";"10";"Участвуете в конкурсе";"2269655";"—"
"1226";"1";"—";"261";"251";"10";"Участвуете в конкурсе";"1702031";"—"
"1227";"8";"—";"261";"251";"10";"Участвуете в конкурсе";"2116175";"—"
"1228";"11";"—";"261";"251";"10";"Участвуете в конкурсе";"2251282";"—"
"1229";"4";"—";"261";"251";"10";"Участвуете в конкурсе";"1561121";"—"
"1230";"2";"Электронное";"261";"251";"10";"Участвуете в конкурсе";"1286830";"—"
"21";"1";"Электронное";"261";"251";"10";"Участвуете в конкурсе";"2140142";"—"
"1232";"12";"—";"261";"251";"10";"Участвуете в конкурсе";"2309849";"—"
"1233";"4";"—";"261";"251";"10";"Участвуете в конкурсе";"2084516";"—"
"1234";"7";"—";"261";"251";"10";"Участвуете в конкурсе";"1292789";"—"
"1235";"5";"—";"261";"251";"10";"Участвуете в конкурсе";"1338807";"—"
"1236";"6";"Электронное";"261";"251";"10";"Участвуете в конкурсе";"1753492";"—"
"1237";"3";"—";"261";"251";"10";"Участвуете в конкурсе";"2048869";"—"
"1238";"3";"—";"261";"251";"10";"Участвуете в конкурсе";"1953240";"—"
"1239";"5";"—";"261";"251";"10";"Участвуете в конкурсе";"1508309";"—"
"1240";"2";"—";"261";"251";"10";"Участвуете в конкурсе";"1257213";"—"
"1241";"12";"—";"261";"251";"10";"Участвуете в конкурсе";"1954598";"—"
"1242";"8";"—";"261";"251";"10";"Участвуете в конкурсе";"1955853";"—"
"1243";"4";"—";"261";"251";"10";"Участвуете в конкурсе";"1292159";"—"
"1244";"10";"—";"261";"251";"10";"Участвуете в конкурсе";"1417969";"—"
"1245";"4";"Электронное";"261";"251";"10";"Участвуете в конкурсе";"1480017";"—"
"1246";"4";"—";"261";"251";"10";"Участвуете в конкурсе";"1389914";"—"
"1247";"3";"—";"261";"251";"10";"Участвуете в конкурсе";"1507758";"—"
"1248";"10";"—";"260";"260";"0";"Участвуете в конкурсе";"2030296";"—"
"1249";"7";"—";"260";"260";"0";"Участвуете в конкурсе";"1787259";"—"
"1250";"12";"—";"260";"260";"0";"Участвуете в конкурсе";"2171667";"—"
"1251";"2";"Электронное";"260";"260";"0";"Участвуете в конкурсе";"989460";"—"
"1252";"2";"—";"260";"260";"0";"Участвуете в конкурсе";"2255009";"—"
"1253";"4";"—";"260";"260";"0";"Участвуете в конкурсе";"1978305";"—"
"1254";"12";"—";"260";"260";"0";"Участвуете в конкурсе";"1579904";"—"
"1255";"17";"Электронное";"260";"260";"0";"Участвуете в конкурсе";"1629892";"—"
"1256";"4";"—";"260";"260";"0";"Участвуете в конкурсе";"1518567";"—"
"1257";"4";"—";"260";"260";"0";"Участвуете в конкурсе";"2343292";"—"
"1258";"11";"—";"260";"260";"0";"Участвуете в конкурсе";"1617589";"—"
"1259";"5";"Электронное";"260";"260";"0";"Участвуете в конкурсе";"1202476";"—"
"1260";"3";"—";"260";"258";"2";"Участвуете в конкурсе";"2229399";"—"
"1261";"10";"Электронное";"260";"258";"2";"Участвуете в конкурсе";"2076844";"—"
"1262";"5";"—";"260";"258";"2";"Участвуете в конкурсе";"1442047";"—"
"1263";"11";"—";"260";"258";"2";"Участвуете в конкурсе";"1968179";"—"
"1264";"8";"—";"260";"257";"3";"Участвуете в конкурсе";"1273393";"—"
"1265";"4";"—";"260";"256";"4";"Участвуете в конкурсе";"1620720";"—"
"1266";"12";"—";"260";"255";"5";"Участвуете в конкурсе";"1439161";"—"
"1267";"4";"—";"260";"253";"7";"Участвуете в конкурсе";"2005528";"—"
"1268";"6";"—";"260";"250";"10";"Участвуете в конкурсе";"2173802";"—"
"1269";"3";"—";"260";"250";"10";"Участвуете в конкурсе";"978421";"—"
"1270";"3";"—";"260";"250";"10";"Участвуете в конкурсе";"1390182";"—"
"1271";"2";"—";"260";"250";"10";"Участвуете в конкурсе";"1765964";"—"
"1272";"9";"—";"260";"250";"10";"Участвуете в конкурсе";"2271395";"—"
"1273";"6";"—";"260";"250";"10";"Участвуете в конкурсе";"1071183";"—"
"1274";"7";"—";"260";"250";"10";"Участвуете в конкурсе";"1914245";"—"
"1275";"7";"—";"260";"250";"10";"Участвуете в конкурсе";"1979496";"—"
"1276";"7";"—";"260";"250";"10";"Участвуете в конкурсе";"1915483";"—"
"1277";"18";"—";"260";"250";"10";"Участвуете в конкурсе";"1196595";"—"
"1278";"5";"—";"260";"250";"10";"Участвуете в конкурсе";"1485872";"—"
"1279";"8";"—";"260";"250";"10";"Участвуете в конкурсе";"1984349";"—"
"1280";"4";"—";"260";"250";"10";"Участвуете в конкурсе";"1435055";"—"
"1281";"9";"—";"260";"250";"10";"Участвуете в конкурсе";"1520096";"—"
"1282";"9";"—";"260";"250";"10";"Участвуете в конкурсе";"1446000";"—"
"1283";"5";"—";"260";"250";"10";"Участвуете в конкурсе";"1424227";"—"
"1284";"9";"—";"260";"250";"10";"Участвуете в конкурсе";"1691559";"—"
"1285";"5";"—";"260";"250";"10";"Участвуете в конкурсе";"1708692";"—"
"1286";"4";"Электронное";"260";"250";"10";"Участвуете в конкурсе";"1860530";"—"
"1287";"6";"Электронное";"260";"250";"10";"Участвуете в конкурсе";"1826196";"—"
"1288";"1";"—";"260";"250";"10";"Участвуете в конкурсе";"2392370";"—"
"1289";"2";"—";"260";"250";"10";"Участвуете в конкурсе";"2003679";"—"
"1290";"7";"—";"260";"250";"10";"Участвуете в конкурсе";"1435287";"—"
"1291";"6";"—";"260";"250";"10";"Участвуете в конкурсе";"2370338";"—"
"1292";"5";"—";"260";"250";"10";"Участвуете в конкурсе";"2414506";"—"
"1293";"8";"—";"260";"250";"10";"Участвуете в конкурсе";"1278034";"—"
"1294";"13";"—";"260";"250";"10";"Участвуете в конкурсе";"2101840";"—"
"1295";"2";"Электронное";"260";"250";"10";"Участвуете в конкурсе";"1908192";"—"
"1296";"9";"—";"260";"250";"10";"Участвуете в конкурсе";"2189019";"—"
"1297";"5";"Электронное";"260";"250";"10";"Участвуете в конкурсе";"1365866";"—"
"1298";"3";"—";"260";"250";"10";"Участвуете в конкурсе";"1898408";"—"
"1299";"5";"—";"260";"250";"10";"Участвуете в конкурсе";"2001013";"—"
"1300";"6";"—";"259";"259";"0";"Участвуете в конкурсе";"1384544";"—"
"1301";"5";"—";"259";"259";"0";"Участвуете в конкурсе";"1209801";"—"
"1302";"2";"—";"259";"259";"0";"Участвуете в конкурсе";"1312400";"—"
"1303";"6";"—";"259";"259";"0";"Участвуете в конкурсе";"1999350";"—"
"1304";"2";"Электронное";"259";"259";"0";"Участвуете в конкурсе";"2164760";"—"
"1305";"1";"—";"259";"259";"0";"Участвуете в конкурсе";"1775165";"—"
"1306";"1";"—";"259";"259";"0";"Участвуете в конкурсе";"2254512";"—"
"1307";"9";"—";"259";"259";"0";"Участвуете в конкурсе";"1424003";"—"
"1308";"1";"—";"259";"259";"0";"Участвуете в конкурсе";"1653414";"—"
"1309";"2";"—";"259";"259";"0";"Участвуете в конкурсе";"1929119";"—"
"1310";"2";"Электронное";"259";"259";"0";"Участвуете в конкурсе";"1162651";"—"
"1311";"21";"—";"259";"259";"0";"Участвуете в конкурсе";"1721857";"—"
"1312";"5";"—";"259";"259";"0";"Участвуете в конкурсе";"1411767";"—"
"1313";"6";"Электронное";"259";"257";"2";"Участвуете в конкурсе";"1902344";"—"
"1314";"5";"—";"259";"257";"2";"Участвуете в конкурсе";"2069710";"—"
"1315";"2";"—";"259";"257";"2";"Участвуете в конкурсе";"1853866";"—"
"1316";"10";"—";"259";"257";"2";"Участвуете в конкурсе";"1489539";"—"
"1317";"8";"Электронное";"259";"257";"2";"Участвуете в конкурсе";"1367440";"—"
"1318";"2";"—";"259";"257";"2";"Участвуете в конкурсе";"1645031";"—"
"1319";"11";"—";"259";"256";"3";"Участвуете в конкурсе";"1725132";"—"
"1320";"10";"—";"259";"252";"7";"Участвуете в конкурсе";"1285720";"—"
"1321";"1";"—";"259";"251";"8";"Участвуете в конкурсе";"1192557";"—"
"1322";"7";"—";"259";"251";"8";"Участвуете в конкурсе";"1104036";"—"
"1323";"7";"Электронное";"259";"249";"10";"Участвуете в конкурсе";"1084287";"—"
"1324";"11";"—";"259";"249";"10";"Участвуете в конкурсе";"1283878";"—"
"1325";"4";"—";"259";"249";"10";"Участвуете в конкурсе";"1697239";"—"
"1326";"3";"—";"259";"249";"10";"Участвуете в конкурсе";"2247979";"—"
"1327";"5";"—";"259";"249";"10";"Участвуете в конкурсе";"1573207";"—"
"1328";"1";"—";"259";"249";"10";"Участвуете в конкурсе";"1937843";"—"
"1329";"6";"—";"259";"249";"10";"Участвуете в конкурсе";"1514622";"—"
"1330";"8";"Электронное";"259";"249";"10";"Участвуете в конкурсе";"1652826";"—"
"1331";"5";"—";"259";"249";"10";"Участвуете в конкурсе";"2134412";"—"
"1332";"3";"—";"259";"249";"10";"Участвуете в конкурсе";"1284125";"—"
"1333";"10";"—";"259";"249";"10";"Участвуете в конкурсе";"1818675";"—"
"1334";"1";"—";"259";"249";"10";"Участвуете в конкурсе";"1584660";"—"
"1335";"5";"—";"259";"249";"10";"Участвуете в конкурсе";"1980567";"—"
"1336";"4";"—";"259";"249";"10";"Участвуете в конкурсе";"1387252";"—"
"1337";"4";"—";"259";"249";"10";"Участвуете в конкурсе";"1616589";"—"
"1338";"7";"—";"259";"249";"10";"Участвуете в конкурсе";"1273250";"—"
"1339";"3";"—";"259";"249";"10";"Участвуете в конкурсе";"1438016";"—"
"1340";"2";"—";"259";"249";"10";"Участвуете в конкурсе";"1690709";"—"
"1341";"1";"—";"259";"249";"10";"Участвуете в конкурсе";"1115664";"—"
"1342";"10";"—";"259";"249";"10";"Участвуете в конкурсе";"1317733";"—"
"1343";"1";"—";"259";"249";"10";"Участвуете в конкурсе";"1146735";"—"
"1344";"10";"—";"259";"249";"10";"Участвуете в конкурсе";"950928";"—"
"1345";"3";"Электронное";"259";"249";"10";"Участвуете в конкурсе";"1655240";"—"
"1346";"8";"—";"259";"249";"10";"Участвуете в конкурсе";"1845762";"—"
"1347";"6";"—";"259";"249";"10";"Участвуете в конкурсе";"2230922";"—"
"1348";"1";"—";"259";"249";"10";"Участвуете в конкурсе";"831371";"—"
"1349";"5";"Электронное";"259";"249";"10";"Участвуете в конкурсе";"2230310";"—"
"1350";"9";"—";"259";"249";"10";"Участвуете в конкурсе";"1562414";"—"
"1351";"3";"—";"259";"249";"10";"Участвуете в конкурсе";"1182684";"—"
"1352";"15";"Электронное";"259";"249";"10";"Участвуете в конкурсе";"1883842";"—"
"1353";"4";"Электронное";"259";"249";"10";"Участвуете в конкурсе";"1839828";"—"
"1354";"4";"—";"259";"249";"10";"Участвуете в конкурсе";"1180734";"—"
"1355";"1";"—";"259";"249";"10";"Участвуете в конкурсе";"1654410";"—"
"1356";"5";"—";"259";"249";"10";"Участвуете в конкурсе";"1437629";"—"
"1357";"1";"—";"259";"249";"10";"Участвуете в конкурсе";"1444954";"—"
"1358";"7";"—";"258";"258";"0";"Участвуете в конкурсе";"974962";"—"
"1359";"1";"—";"258";"258";"0";"Участвуете в конкурсе";"2221835";"—"
"1360";"2";"—";"258";"258";"0";"Участвуете в конкурсе";"2307357";"—"
"1361";"7";"—";"258";"258";"0";"Участвуете в конкурсе";"1384800";"—"
"1362";"7";"—";"258";"258";"0";"Участвуете в конкурсе";"2086817";"—"
"1363";"13";"—";"258";"258";"0";"Участвуете в конкурсе";"1206861";"—"
"1364";"2";"Электронное";"258";"258";"0";"Участвуете в конкурсе";"1125678";"—"
"1365";"6";"—";"258";"258";"0";"Участвуете в конкурсе";"1330816";"—"
"1366";"3";"—";"258";"258";"0";"Участвуете в конкурсе";"2249829";"—"
"1367";"16";"Электронное";"258";"258";"0";"Участвуете в конкурсе";"1115084";"—"
"1368";"5";"—";"258";"258";"0";"Участвуете в конкурсе";"1264189";"—"
"1369";"9";"Электронное";"258";"258";"0";"Участвуете в конкурсе";"1639967";"—"
"1370";"12";"—";"258";"258";"0";"Участвуете в конкурсе";"2422769";"—"
"1371";"7";"—";"258";"258";"0";"Участвуете в конкурсе";"1171806";"—"
"1372";"1";"—";"258";"258";"0";"Участвуете в конкурсе";"1793557";"—"
"1373";"11";"—";"258";"258";"0";"Участвуете в конкурсе";"1141239";"—"
"1374";"1";"—";"258";"258";"0";"Участвуете в конкурсе";"1798364";"—"
"1375";"1";"—";"258";"256";"2";"Участвуете в конкурсе";"1818372";"—"
"1376";"7";"—";"258";"256";"2";"Участвуете в конкурсе";"2040575";"—"
"1377";"5";"—";"258";"256";"2";"Участвуете в конкурсе";"1516082";"—"
"1378";"3";"—";"258";"256";"2";"Участвуете в конкурсе";"1694640";"—"
"1379";"2";"—";"258";"256";"2";"Участвуете в конкурсе";"1432911";"—"
"1380";"1";"—";"258";"256";"2";"Участвуете в конкурсе";"1624905";"—"
"1381";"8";"—";"258";"256";"2";"Участвуете в конкурсе";"1621523";"—"
"1382";"5";"—";"258";"256";"2";"Участвуете в конкурсе";"1705674";"—"
"1383";"10";"—";"258";"255";"3";"Участвуете в конкурсе";"1571980";"—"
"1384";"5";"—";"258";"255";"3";"Участвуете в конкурсе";"1084115";"—"
"1385";"2";"—";"258";"255";"3";"Участвуете в конкурсе";"1038254";"—"
"1386";"1";"—";"258";"255";"3";"Участвуете в конкурсе";"1963899";"—"
"1387";"6";"—";"258";"254";"4";"Участвуете в конкурсе";"2230881";"—"
"1388";"4";"—";"258";"253";"5";"Участвуете в конкурсе";"2108542";"—"
"1389";"2";"—";"258";"253";"5";"Участвуете в конкурсе";"2221566";"—"
"1390";"1";"—";"258";"251";"7";"Участвуете в конкурсе";"2206994";"—"
"1391";"8";"—";"258";"248";"10";"Участвуете в конкурсе";"2267800";"—"
"1392";"3";"Электронное";"258";"248";"10";"Участвуете в конкурсе";"1983539";"—"
"1393";"2";"Электронное";"258";"248";"10";"Участвуете в конкурсе";"1289467";"—"
"22";"1";"Электронное";"258";"248";"10";"Участвуете в конкурсе";"1347680";"—"
"1395";"2";"—";"258";"248";"10";"Участвуете в конкурсе";"1155507";"—"
"1396";"3";"—";"258";"248";"10";"Участвуете в конкурсе";"1252350";"—"
"1397";"12";"—";"258";"248";"10";"Участвуете в конкурсе";"1244609";"—"
"1398";"4";"—";"258";"248";"10";"Участвуете в конкурсе";"2047387";"—"
"1399";"3";"—";"258";"248";"10";"Участвуете в конкурсе";"1712898";"—"
"1400";"10";"—";"258";"248";"10";"Участвуете в конкурсе";"1854930";"—"
"1401";"4";"Электронное";"258";"248";"10";"Участвуете в конкурсе";"1715288";"—"
"23";"1";"Электронное";"258";"248";"10";"Участвуете в конкурсе";"1727487";"—"
"1403";"2";"—";"258";"248";"10";"Участвуете в конкурсе";"1473113";"—"
"1404";"5";"—";"258";"248";"10";"Участвуете в конкурсе";"1283332";"—"
"1405";"3";"—";"258";"248";"10";"Участвуете в конкурсе";"1979789";"—"
"1406";"7";"—";"258";"248";"10";"Участвуете в конкурсе";"2047776";"—"
"1407";"2";"Электронное";"258";"248";"10";"Участвуете в конкурсе";"1513687";"—"
"24";"1";"Электронное";"258";"248";"10";"Участвуете в конкурсе";"1634407";"—"
"1409";"5";"—";"258";"248";"10";"Участвуете в конкурсе";"1711073";"—"
"1410";"4";"Электронное";"258";"248";"10";"Участвуете в конкурсе";"1784667";"—"
"1411";"2";"—";"258";"248";"10";"Участвуете в конкурсе";"2410208";"—"
"1412";"2";"Электронное";"258";"248";"10";"Участвуете в конкурсе";"2223438";"—"
"1413";"2";"—";"258";"248";"10";"Участвуете в конкурсе";"1412196";"—"
"25";"1";"Электронное";"258";"248";"10";"Участвуете в конкурсе";"1585407";"—"
"1415";"7";"—";"258";"248";"10";"Участвуете в конкурсе";"1419230";"—"
"26";"2";"Электронное";"258";"248";"10";"Участвуете в конкурсе";"1654127";"—"
"1417";"3";"—";"258";"248";"10";"Участвуете в конкурсе";"2240027";"—"
"1418";"5";"—";"258";"248";"10";"Участвуете в конкурсе";"1992931";"—"
"1419";"2";"—";"258";"248";"10";"Участвуете в конкурсе";"1266796";"—"
"1420";"5";"Электронное";"258";"248";"10";"Участвуете в конкурсе";"1515801";"—"
"1421";"1";"—";"258";"248";"10";"Участвуете в конкурсе";"1513297";"—"
"1422";"3";"—";"258";"248";"10";"Участвуете в конкурсе";"1577897";"—"
"1423";"2";"—";"258";"248";"10";"Участвуете в конкурсе";"1535513";"—"
"1424";"10";"—";"258";"248";"10";"Участвуете в конкурсе";"1761508";"—"
"1425";"8";"—";"257";"257";"0";"Участвуете в конкурсе";"1733814";"—"
"1426";"2";"—";"257";"257";"0";"Участвуете в конкурсе";"2054886";"—"
"1427";"4";"—";"257";"257";"0";"Участвуете в конкурсе";"2394244";"—"
"1428";"5";"—";"257";"257";"0";"Участвуете в конкурсе";"2195140";"—"
"1429";"12";"—";"257";"257";"0";"Участвуете в конкурсе";"1432121";"—"
"1430";"13";"—";"257";"257";"0";"Участвуете в конкурсе";"1594692";"—"
"1431";"2";"—";"257";"257";"0";"Участвуете в конкурсе";"2170596";"—"
"1432";"3";"—";"257";"257";"0";"Участвуете в конкурсе";"2135248";"—"
"1433";"2";"—";"257";"257";"0";"Участвуете в конкурсе";"1416720";"—"
"1434";"13";"—";"257";"257";"0";"Участвуете в конкурсе";"1156369";"—"
"1435";"1";"—";"257";"257";"0";"Участвуете в конкурсе";"2366621";"—"
"1436";"1";"—";"257";"257";"0";"Участвуете в конкурсе";"1248301";"—"
"1437";"11";"—";"257";"257";"0";"Участвуете в конкурсе";"1829778";"—"
"1438";"11";"—";"257";"257";"0";"Участвуете в конкурсе";"1994793";"—"
"1439";"4";"Электронное";"257";"257";"0";"Участвуете в конкурсе";"2102128";"—"
"1440";"3";"—";"257";"255";"2";"Участвуете в конкурсе";"1723874";"—"
"1441";"10";"—";"257";"255";"2";"Участвуете в конкурсе";"2220374";"—"
"1442";"3";"—";"257";"255";"2";"Участвуете в конкурсе";"1729749";"—"
"1443";"4";"—";"257";"255";"2";"Участвуете в конкурсе";"2083378";"—"
"1444";"3";"—";"257";"254";"3";"Участвуете в конкурсе";"2426015";"—"
"1445";"1";"—";"257";"254";"3";"Участвуете в конкурсе";"1686335";"—"
"1446";"4";"—";"257";"253";"4";"Участвуете в конкурсе";"1355838";"—"
"1447";"13";"—";"257";"252";"5";"Участвуете в конкурсе";"2137842";"—"
"1448";"5";"Электронное";"257";"252";"5";"Участвуете в конкурсе";"1574784";"—"
"1449";"6";"Электронное";"257";"251";"6";"Участвуете в конкурсе";"1999486";"—"
"1450";"4";"—";"257";"250";"7";"Участвуете в конкурсе";"1910448";"—"
"1451";"13";"—";"257";"250";"7";"Участвуете в конкурсе";"1571583";"—"
"1452";"3";"—";"257";"248";"9";"Участвуете в конкурсе";"1771421";"—"
"1453";"2";"—";"257";"248";"9";"Участвуете в конкурсе";"1730236";"—"
"1454";"2";"—";"257";"247";"10";"Участвуете в конкурсе";"1276959";"—"
"1455";"2";"Электронное";"257";"247";"10";"Участвуете в конкурсе";"1264943";"—"
"1456";"3";"—";"257";"247";"10";"Участвуете в конкурсе";"2004850";"—"
"1457";"6";"—";"257";"247";"10";"Участвуете в конкурсе";"1367099";"—"
"1458";"2";"Электронное";"257";"247";"10";"Участвуете в конкурсе";"2273711";"—"
"1459";"3";"—";"257";"247";"10";"Участвуете в конкурсе";"2310328";"—"
"1460";"4";"—";"257";"247";"10";"Участвуете в конкурсе";"1190259";"—"
"1461";"1";"—";"257";"247";"10";"Участвуете в конкурсе";"1314562";"—"
"1462";"8";"—";"257";"247";"10";"Участвуете в конкурсе";"1320729";"—"
"1463";"1";"—";"257";"247";"10";"Участвуете в конкурсе";"1642700";"—"
"1464";"5";"—";"257";"247";"10";"Участвуете в конкурсе";"1822981";"—"
"1465";"4";"—";"257";"247";"10";"Участвуете в конкурсе";"1565044";"—"
"1466";"4";"—";"257";"247";"10";"Участвуете в конкурсе";"1421808";"—"
"1467";"1";"—";"257";"247";"10";"Участвуете в конкурсе";"1548823";"—"
"1468";"3";"—";"257";"247";"10";"Участвуете в конкурсе";"1760623";"—"
"1469";"7";"—";"257";"247";"10";"Участвуете в конкурсе";"1979410";"—"
"1470";"10";"Электронное";"257";"247";"10";"Участвуете в конкурсе";"2313032";"—"
"1471";"6";"—";"257";"247";"10";"Участвуете в конкурсе";"1286077";"—"
"1472";"2";"—";"257";"247";"10";"Участвуете в конкурсе";"1281257";"—"
"1473";"7";"—";"257";"247";"10";"Участвуете в конкурсе";"1339449";"—"
"1474";"9";"—";"257";"247";"10";"Участвуете в конкурсе";"1616484";"—"
"1475";"1";"—";"257";"247";"10";"Участвуете в конкурсе";"2242599";"—"
"1476";"1";"—";"257";"247";"10";"Участвуете в конкурсе";"1915567";"—"
"1477";"6";"—";"257";"247";"10";"Участвуете в конкурсе";"2299890";"—"
"1478";"6";"—";"257";"247";"10";"Участвуете в конкурсе";"1358006";"—"
"1479";"3";"—";"257";"247";"10";"Участвуете в конкурсе";"1973616";"—"
"1480";"13";"—";"257";"247";"10";"Участвуете в конкурсе";"2273286";"—"
"1481";"1";"—";"257";"247";"10";"Участвуете в конкурсе";"2328406";"—"
"1482";"6";"—";"257";"247";"10";"Участвуете в конкурсе";"2095442";"—"
"1483";"3";"—";"257";"247";"10";"Участвуете в конкурсе";"2396021";"—"
"1484";"6";"Электронное";"256";"256";"0";"Участвуете в конкурсе";"1713688";"—"
"1485";"9";"—";"256";"256";"0";"Участвуете в конкурсе";"1612686";"—"
"1486";"7";"—";"256";"256";"0";"Участвуете в конкурсе";"1323393";"—"
"1487";"2";"—";"256";"256";"0";"Участвуете в конкурсе";"1957056";"—"
"1488";"1";"—";"256";"256";"0";"Участвуете в конкурсе";"1627616";"—"
"1489";"2";"—";"256";"256";"0";"Участвуете в конкурсе";"1859749";"—"
"1490";"1";"—";"256";"256";"0";"Участвуете в конкурсе";"1568473";"—"
"1491";"1";"—";"256";"256";"0";"Участвуете в конкурсе";"1259490";"—"
"1492";"2";"—";"256";"256";"0";"Участвуете в конкурсе";"1640837";"—"
"1493";"12";"—";"256";"256";"0";"Участвуете в конкурсе";"2413759";"—"
"1494";"4";"—";"256";"256";"0";"Участвуете в конкурсе";"973656";"—"
"1495";"6";"Электронное";"256";"256";"0";"Участвуете в конкурсе";"1194614";"—"
"1496";"1";"—";"256";"256";"0";"Участвуете в конкурсе";"1292291";"—"
"1497";"1";"—";"256";"254";"2";"Участвуете в конкурсе";"1478028";"—"
"1498";"9";"Электронное";"256";"254";"2";"Участвуете в конкурсе";"2185385";"—"
"1499";"3";"—";"256";"254";"2";"Участвуете в конкурсе";"1506713";"—"
"1500";"2";"—";"256";"254";"2";"Участвуете в конкурсе";"1320225";"—"
"1501";"3";"—";"256";"254";"2";"Участвуете в конкурсе";"831162";"—"
"1502";"4";"—";"256";"253";"3";"Участвуете в конкурсе";"1993814";"—"
"1503";"3";"—";"256";"252";"4";"Участвуете в конкурсе";"2288982";"—"
"1504";"10";"—";"256";"251";"5";"Участвуете в конкурсе";"2218107";"—"
"1505";"10";"—";"256";"251";"5";"Участвуете в конкурсе";"2267786";"—"
"1506";"1";"—";"256";"249";"7";"Участвуете в конкурсе";"1631343";"—"
"1507";"12";"Электронное";"256";"246";"10";"Участвуете в конкурсе";"2054046";"—"
"1508";"10";"—";"256";"246";"10";"Участвуете в конкурсе";"1392442";"—"
"1509";"9";"—";"256";"246";"10";"Участвуете в конкурсе";"1632313";"—"
"1510";"7";"—";"256";"246";"10";"Участвуете в конкурсе";"1664488";"—"
"1511";"3";"—";"256";"246";"10";"Участвуете в конкурсе";"982494";"—"
"1512";"5";"—";"256";"246";"10";"Участвуете в конкурсе";"2053545";"—"
"1513";"13";"—";"256";"246";"10";"Участвуете в конкурсе";"1000428";"—"
"1514";"1";"—";"256";"246";"10";"Участвуете в конкурсе";"1437363";"—"
"1515";"5";"—";"256";"246";"10";"Участвуете в конкурсе";"1640364";"—"
"1516";"3";"—";"256";"246";"10";"Участвуете в конкурсе";"1724246";"—"
"1517";"13";"—";"256";"246";"10";"Участвуете в конкурсе";"1577589";"—"
"1518";"5";"—";"256";"246";"10";"Участвуете в конкурсе";"1654824";"—"
"1519";"10";"Электронное";"256";"246";"10";"Участвуете в конкурсе";"2224327";"—"
"1520";"6";"—";"256";"246";"10";"Участвуете в конкурсе";"1400283";"—"
"1521";"6";"—";"256";"246";"10";"Участвуете в конкурсе";"2118200";"—"
"1522";"5";"Электронное";"256";"246";"10";"Участвуете в конкурсе";"2181024";"—"
"1523";"4";"—";"256";"246";"10";"Участвуете в конкурсе";"2086147";"—"
"1524";"4";"—";"256";"246";"10";"Участвуете в конкурсе";"2311682";"—"
"1525";"12";"—";"256";"246";"10";"Участвуете в конкурсе";"1427845";"—"
"1526";"5";"—";"256";"246";"10";"Участвуете в конкурсе";"1911608";"—"
"1527";"3";"—";"256";"246";"10";"Участвуете в конкурсе";"2310986";"—"
"1528";"1";"—";"256";"246";"10";"Участвуете в конкурсе";"1258346";"—"
"1529";"7";"—";"256";"246";"10";"Участвуете в конкурсе";"1642627";"—"
"1530";"6";"—";"256";"246";"10";"Участвуете в конкурсе";"1580983";"—"
"1531";"1";"—";"256";"246";"10";"Участвуете в конкурсе";"1915889";"—"
"1532";"4";"—";"256";"246";"10";"Участвуете в конкурсе";"1966152";"—"
"1533";"9";"Электронное";"256";"246";"10";"Участвуете в конкурсе";"1494230";"—"
"1534";"3";"—";"256";"246";"10";"Участвуете в конкурсе";"1275903";"—"
"1535";"6";"—";"256";"246";"10";"Участвуете в конкурсе";"1592109";"—"
"1536";"1";"—";"256";"246";"10";"Участвуете в конкурсе";"2227793";"—"
"1537";"10";"—";"256";"246";"10";"Участвуете в конкурсе";"1326891";"—"
"1538";"1";"—";"256";"246";"10";"Участвуете в конкурсе";"1957623";"—"
"1539";"2";"—";"256";"246";"10";"Участвуете в конкурсе";"1757493";"—"
"1540";"11";"Электронное";"256";"246";"10";"Участвуете в конкурсе";"1519522";"—"
"1541";"6";"—";"256";"246";"10";"Участвуете в конкурсе";"1281386";"—"
"27";"1";"Электронное";"256";"246";"10";"Участвуете в конкурсе";"980818";"—"
"1543";"9";"—";"256";"246";"10";"Участвуете в конкурсе";"2228518";"—"
"1544";"5";"—";"256";"246";"10";"Участвуете в конкурсе";"2315808";"—"
"1545";"1";"—";"256";"246";"10";"Участвуете в конкурсе";"2266793";"—"
"1546";"4";"Электронное";"256";"246";"10";"Участвуете в конкурсе";"2160270";"—"
"1547";"1";"Электронное";"256";"246";"10";"Участвуете в конкурсе";"1008001";"—"
"1548";"2";"—";"255";"255";"0";"Участвуете в конкурсе";"2193827";"—"
"1549";"1";"—";"255";"255";"0";"Участвуете в конкурсе";"1548810";"—"
"1550";"4";"Электронное";"255";"255";"0";"Участвуете в конкурсе";"2282031";"—"
"1551";"3";"—";"255";"255";"0";"Участвуете в конкурсе";"1725828";"—"
"1552";"3";"—";"255";"255";"0";"Участвуете в конкурсе";"1775072";"—"
"1553";"5";"Электронное";"255";"255";"0";"Участвуете в конкурсе";"1627796";"—"
"1554";"1";"—";"255";"255";"0";"Участвуете в конкурсе";"1179559";"—"
"1555";"2";"—";"255";"255";"0";"Участвуете в конкурсе";"1622918";"—"
"1556";"5";"—";"255";"255";"0";"Участвуете в конкурсе";"2245541";"—"
"1557";"1";"—";"255";"255";"0";"Участвуете в конкурсе";"2255784";"—"
"1558";"11";"—";"255";"255";"0";"Участвуете в конкурсе";"1719104";"—"
"1559";"9";"—";"255";"255";"0";"Участвуете в конкурсе";"1644012";"—"
"1560";"10";"—";"255";"255";"0";"Участвуете в конкурсе";"2217577";"—"
"1561";"4";"—";"255";"255";"0";"Участвуете в конкурсе";"1285354";"—"
"1562";"4";"Электронное";"255";"255";"0";"Участвуете в конкурсе";"1795396";"—"
"1563";"8";"—";"255";"255";"0";"Участвуете в конкурсе";"1991409";"—"
"1564";"1";"Электронное";"255";"255";"0";"Участвуете в конкурсе";"1631412";"—"
"1565";"3";"—";"255";"255";"0";"Участвуете в конкурсе";"1079805";"—"
"1566";"2";"—";"255";"255";"0";"Участвуете в конкурсе";"1824336";"—"
"1567";"5";"Электронное";"255";"255";"0";"Участвуете в конкурсе";"1640446";"—"
"1568";"9";"—";"255";"253";"2";"Участвуете в конкурсе";"2371449";"—"
"1569";"2";"—";"255";"253";"2";"Участвуете в конкурсе";"1206482";"—"
"1570";"2";"—";"255";"253";"2";"Участвуете в конкурсе";"2234877";"—"
"1571";"8";"—";"255";"253";"2";"Участвуете в конкурсе";"1772438";"—"
"1572";"1";"—";"255";"253";"2";"Участвуете в конкурсе";"1963061";"—"
"1573";"3";"—";"255";"253";"2";"Участвуете в конкурсе";"2236605";"—"
"1574";"4";"—";"255";"253";"2";"Участвуете в конкурсе";"1856618";"—"
"1575";"3";"—";"255";"251";"4";"Участвуете в конкурсе";"2308589";"—"
"1576";"9";"—";"255";"251";"4";"Участвуете в конкурсе";"1348035";"—"
"1577";"4";"Электронное";"255";"250";"5";"Участвуете в конкурсе";"2070922";"—"
"1578";"9";"—";"255";"250";"5";"Участвуете в конкурсе";"1633298";"—"
"1579";"11";"—";"255";"250";"5";"Участвуете в конкурсе";"2019202";"—"
"1580";"4";"Электронное";"255";"249";"6";"Участвуете в конкурсе";"2247420";"—"
"1581";"4";"—";"255";"247";"8";"Участвуете в конкурсе";"1516455";"—"
"1582";"4";"—";"255";"245";"10";"Участвуете в конкурсе";"1543927";"—"
"1583";"5";"—";"255";"245";"10";"Участвуете в конкурсе";"2239059";"—"
"1584";"8";"—";"255";"245";"10";"Участвуете в конкурсе";"1995078";"—"
"1585";"7";"—";"255";"245";"10";"Участвуете в конкурсе";"2311048";"—"
"1586";"10";"—";"255";"245";"10";"Участвуете в конкурсе";"2097792";"—"
"1587";"5";"Электронное";"255";"245";"10";"Участвуете в конкурсе";"1139247";"—"
"1588";"3";"—";"255";"245";"10";"Участвуете в конкурсе";"1290081";"—"
"1589";"1";"—";"255";"245";"10";"Участвуете в конкурсе";"1576575";"—"
"1590";"1";"—";"255";"245";"10";"Участвуете в конкурсе";"1654207";"—"
"1591";"9";"—";"255";"245";"10";"Участвуете в конкурсе";"1889374";"—"
"1592";"3";"—";"255";"245";"10";"Участвуете в конкурсе";"1094196";"—"
"1593";"7";"—";"255";"245";"10";"Участвуете в конкурсе";"2092507";"—"
"1594";"9";"—";"255";"245";"10";"Участвуете в конкурсе";"2067113";"—"
"1595";"3";"—";"255";"245";"10";"Участвуете в конкурсе";"1248669";"—"
"1596";"2";"—";"255";"245";"10";"Участвуете в конкурсе";"1847951";"—"
"1597";"2";"—";"255";"245";"10";"Участвуете в конкурсе";"1706706";"—"
"1598";"10";"—";"255";"245";"10";"Участвуете в конкурсе";"2038679";"—"
"1599";"2";"—";"255";"245";"10";"Участвуете в конкурсе";"1955068";"—"
"1600";"1";"—";"255";"245";"10";"Участвуете в конкурсе";"1435546";"—"
"1601";"6";"—";"255";"245";"10";"Участвуете в конкурсе";"1841834";"—"
"1602";"5";"—";"255";"245";"10";"Участвуете в конкурсе";"2296289";"—"
"1603";"4";"—";"255";"245";"10";"Участвуете в конкурсе";"1559964";"—"
"1604";"2";"—";"255";"245";"10";"Участвуете в конкурсе";"2197752";"—"
"1605";"4";"Электронное";"255";"245";"10";"Участвуете в конкурсе";"1559333";"—"
"1606";"5";"—";"254";"254";"0";"Участвуете в конкурсе";"2211996";"—"
"1607";"5";"—";"254";"254";"0";"Участвуете в конкурсе";"2262819";"—"
"1608";"5";"—";"254";"254";"0";"Участвуете в конкурсе";"1988229";"—"
"1609";"1";"—";"254";"254";"0";"Участвуете в конкурсе";"1826211";"—"
"1610";"1";"—";"254";"254";"0";"Участвуете в конкурсе";"1251558";"—"
"1611";"4";"—";"254";"254";"0";"Участвуете в конкурсе";"1991847";"—"
"1612";"1";"—";"254";"254";"0";"Участвуете в конкурсе";"2246639";"—"
"1613";"6";"—";"254";"254";"0";"Участвуете в конкурсе";"2250426";"—"
"1614";"2";"—";"254";"254";"0";"Участвуете в конкурсе";"1443236";"—"
"1615";"8";"—";"254";"254";"0";"Участвуете в конкурсе";"1039604";"—"
"1616";"5";"—";"254";"254";"0";"Участвуете в конкурсе";"1995282";"—"
"1617";"1";"—";"254";"254";"0";"Участвуете в конкурсе";"2155933";"—"
"1618";"12";"—";"254";"254";"0";"Участвуете в конкурсе";"1855547";"—"
"1619";"8";"—";"254";"254";"0";"Участвуете в конкурсе";"2417056";"—"
"1620";"1";"—";"254";"254";"0";"Участвуете в конкурсе";"1219322";"—"
"1621";"8";"—";"254";"254";"0";"Участвуете в конкурсе";"1573732";"—"
"1622";"2";"—";"254";"254";"0";"Участвуете в конкурсе";"1362645";"—"
"1623";"3";"—";"254";"254";"0";"Участвуете в конкурсе";"1730031";"—"
"1624";"2";"Электронное";"254";"254";"0";"Участвуете в конкурсе";"1761308";"—"
"1625";"4";"—";"254";"254";"0";"Участвуете в конкурсе";"1346195";"—"
"1626";"2";"—";"254";"254";"0";"Участвуете в конкурсе";"2005918";"—"
"1627";"5";"—";"254";"254";"0";"Участвуете в конкурсе";"1246090";"—"
"1628";"4";"—";"254";"252";"2";"Участвуете в конкурсе";"2413602";"—"
"1629";"1";"—";"254";"252";"2";"Участвуете в конкурсе";"2221548";"—"
"1630";"6";"—";"254";"252";"2";"Участвуете в конкурсе";"1992916";"—"
"1631";"1";"—";"254";"252";"2";"Участвуете в конкурсе";"1714257";"—"
"1632";"7";"—";"254";"252";"2";"Участвуете в конкурсе";"2127077";"—"
"1633";"10";"—";"254";"252";"2";"Участвуете в конкурсе";"1360803";"—"
"1634";"5";"—";"254";"252";"2";"Участвуете в конкурсе";"1709024";"—"
"1635";"9";"—";"254";"252";"2";"Участвуете в конкурсе";"1175088";"—"
"1636";"6";"—";"254";"252";"2";"Участвуете в конкурсе";"1421563";"—"
"1637";"1";"—";"254";"252";"2";"Участвуете в конкурсе";"1004331";"—"
"1638";"6";"—";"254";"251";"3";"Участвуете в конкурсе";"2182076";"—"
"1639";"6";"—";"254";"250";"4";"Участвуете в конкурсе";"984031";"—"
"1640";"1";"—";"254";"250";"4";"Участвуете в конкурсе";"999082";"—"
"1641";"9";"—";"254";"250";"4";"Участвуете в конкурсе";"1853060";"—"
"1642";"4";"—";"254";"250";"4";"Участвуете в конкурсе";"1644315";"—"
"1643";"1";"—";"254";"249";"5";"Участвуете в конкурсе";"2222309";"—"
"1644";"7";"—";"254";"249";"5";"Участвуете в конкурсе";"1822990";"—"
"1645";"6";"—";"254";"249";"5";"Участвуете в конкурсе";"1989157";"—"
"1646";"3";"—";"254";"249";"5";"Участвуете в конкурсе";"2167110";"—"
"1647";"4";"Электронное";"254";"249";"5";"Участвуете в конкурсе";"2312852";"—"
"1648";"1";"—";"254";"249";"5";"Участвуете в конкурсе";"2020573";"—"
"28";"1";"Электронное";"254";"248";"6";"Участвуете в конкурсе";"1977795";"—"
"1650";"14";"—";"254";"244";"10";"Участвуете в конкурсе";"2004014";"—"
"1651";"1";"—";"254";"244";"10";"Участвуете в конкурсе";"1401711";"—"
"1652";"2";"—";"254";"244";"10";"Участвуете в конкурсе";"1826333";"—"
"1653";"7";"—";"254";"244";"10";"Участвуете в конкурсе";"1616145";"—"
"1654";"5";"—";"254";"244";"10";"Участвуете в конкурсе";"2246913";"—"
"29";"1";"Электронное";"254";"244";"10";"Участвуете в конкурсе";"1497244";"—"
"1656";"2";"—";"254";"244";"10";"Участвуете в конкурсе";"1638081";"—"
"1657";"1";"—";"254";"244";"10";"Участвуете в конкурсе";"1361668";"—"
"1658";"6";"—";"254";"244";"10";"Участвуете в конкурсе";"1716134";"—"
"1659";"6";"—";"254";"244";"10";"Участвуете в конкурсе";"1722349";"—"
"1660";"8";"—";"254";"244";"10";"Участвуете в конкурсе";"2255062";"—"
"1661";"1";"—";"254";"244";"10";"Участвуете в конкурсе";"1978476";"—"
"1662";"2";"—";"254";"244";"10";"Участвуете в конкурсе";"1506311";"—"
"30";"1";"Электронное";"254";"244";"10";"Участвуете в конкурсе";"1702018";"—"
"1664";"6";"—";"254";"244";"10";"Участвуете в конкурсе";"2167087";"—"
"1665";"12";"—";"254";"244";"10";"Участвуете в конкурсе";"1776585";"—"
"1666";"4";"—";"254";"244";"10";"Участвуете в конкурсе";"2220150";"—"
"1667";"7";"Электронное";"254";"244";"10";"Участвуете в конкурсе";"1619101";"—"
"1668";"3";"Электронное";"254";"244";"10";"Участвуете в конкурсе";"1183617";"—"
"1669";"2";"—";"254";"244";"10";"Участвуете в конкурсе";"1562477";"—"
"1670";"2";"—";"254";"244";"10";"Участвуете в конкурсе";"1733526";"—"
"1671";"1";"—";"254";"244";"10";"Участвуете в конкурсе";"2390551";"—"
"1672";"4";"—";"254";"244";"10";"Участвуете в конкурсе";"1557768";"—"
"1673";"3";"—";"254";"244";"10";"Участвуете в конкурсе";"1347047";"—"
"1674";"2";"Электронное";"254";"244";"10";"Участвуете в конкурсе";"2416626";"—"
"1675";"6";"—";"254";"244";"10";"Участвуете в конкурсе";"1340742";"—"
"1676";"5";"—";"253";"253";"0";"Участвуете в конкурсе";"1726355";"—"
"31";"1";"Электронное";"253";"253";"0";"Участвуете в конкурсе";"1415641";"—"
"1678";"4";"—";"253";"253";"0";"Участвуете в конкурсе";"1493829";"—"
"1679";"3";"—";"253";"253";"0";"Участвуете в конкурсе";"1622159";"—"
"1680";"8";"Электронное";"253";"253";"0";"Участвуете в конкурсе";"1769125";"—"
"1681";"1";"—";"253";"253";"0";"Участвуете в конкурсе";"1499163";"—"
"1682";"5";"—";"253";"253";"0";"Участвуете в конкурсе";"2309902";"—"
"1683";"2";"—";"253";"253";"0";"Участвуете в конкурсе";"2099994";"—"
"1684";"12";"—";"253";"253";"0";"Участвуете в конкурсе";"1765456";"—"
"1685";"2";"—";"253";"253";"0";"Участвуете в конкурсе";"1119243";"—"
"1686";"12";"Электронное";"253";"253";"0";"Участвуете в конкурсе";"1177312";"—"
"1687";"3";"Электронное";"253";"253";"0";"Участвуете в конкурсе";"2041842";"—"
"1688";"5";"Электронное";"253";"253";"0";"Участвуете в конкурсе";"2135918";"—"
"32";"1";"Электронное";"253";"253";"0";"Участвуете в конкурсе";"1715423";"—"
"1690";"9";"—";"253";"253";"0";"Участвуете в конкурсе";"1425612";"—"
"1691";"4";"—";"253";"251";"2";"Участвуете в конкурсе";"1653683";"—"
"33";"1";"Электронное";"253";"251";"2";"Участвуете в конкурсе";"1706059";"—"
"1693";"6";"—";"253";"251";"2";"Участвуете в конкурсе";"2088250";"—"
"1694";"1";"—";"253";"251";"2";"Участвуете в конкурсе";"1829308";"—"
"1695";"2";"—";"253";"251";"2";"Участвуете в конкурсе";"2362879";"—"
"1696";"2";"—";"253";"251";"2";"Участвуете в конкурсе";"1716027";"—"
"1697";"1";"—";"253";"250";"3";"Участвуете в конкурсе";"1882807";"—"
"1698";"14";"—";"253";"248";"5";"Участвуете в конкурсе";"2339565";"—"
"1699";"1";"—";"253";"248";"5";"Участвуете в конкурсе";"2342717";"—"
"34";"2";"Электронное";"253";"248";"5";"Участвуете в конкурсе";"2249419";"—"
"1701";"1";"—";"253";"248";"5";"Участвуете в конкурсе";"2265340";"—"
"35";"1";"Электронное";"253";"248";"5";"Участвуете в конкурсе";"1715693";"—"
"1703";"1";"—";"253";"246";"7";"Участвуете в конкурсе";"1367432";"—"
"1704";"2";"—";"253";"246";"7";"Участвуете в конкурсе";"2182217";"—"
"1705";"6";"Электронное";"253";"243";"10";"Участвуете в конкурсе";"1650577";"—"
"1706";"1";"—";"253";"243";"10";"Участвуете в конкурсе";"2220140";"—"
"1707";"2";"—";"253";"243";"10";"Участвуете в конкурсе";"1727676";"—"
"1708";"4";"—";"253";"243";"10";"Участвуете в конкурсе";"1769485";"—"
"1709";"8";"Электронное";"253";"243";"10";"Участвуете в конкурсе";"1655472";"—"
"1710";"4";"—";"253";"243";"10";"Участвуете в конкурсе";"1326094";"—"
"1711";"1";"—";"253";"243";"10";"Участвуете в конкурсе";"1712967";"—"
"1712";"2";"—";"253";"243";"10";"Участвуете в конкурсе";"1731251";"—"
"1713";"9";"—";"253";"243";"10";"Участвуете в конкурсе";"1560624";"—"
"1714";"1";"—";"253";"243";"10";"Участвуете в конкурсе";"1764419";"—"
"1715";"9";"—";"253";"243";"10";"Участвуете в конкурсе";"2252093";"—"
"1716";"2";"—";"253";"243";"10";"Участвуете в конкурсе";"1210096";"—"
"1717";"8";"—";"253";"243";"10";"Участвуете в конкурсе";"1855398";"—"
"1718";"2";"—";"253";"243";"10";"Участвуете в конкурсе";"1991819";"—"
"1719";"2";"—";"253";"243";"10";"Участвуете в конкурсе";"1496024";"—"
"1720";"2";"—";"253";"243";"10";"Участвуете в конкурсе";"1555280";"—"
"36";"1";"Электронное";"253";"243";"10";"Участвуете в конкурсе";"2249471";"—"
"1722";"5";"—";"253";"243";"10";"Участвуете в конкурсе";"1180220";"—"
"1723";"3";"—";"253";"243";"10";"Участвуете в конкурсе";"1954473";"—"
"1724";"1";"—";"253";"243";"10";"Участвуете в конкурсе";"1413625";"—"
"1725";"4";"Электронное";"253";"243";"10";"Участвуете в конкурсе";"2222996";"—"
"1726";"6";"—";"253";"243";"10";"Участвуете в конкурсе";"2217760";"—"
"1727";"4";"—";"253";"243";"10";"Участвуете в конкурсе";"1999701";"—"
"1728";"7";"—";"253";"243";"10";"Участвуете в конкурсе";"2148915";"—"
"1729";"3";"—";"253";"243";"10";"Участвуете в конкурсе";"2003048";"—"
"1730";"6";"—";"253";"243";"10";"Участвуете в конкурсе";"2267452";"—"
"1731";"8";"—";"253";"243";"10";"Участвуете в конкурсе";"1215228";"—"
"1732";"18";"—";"253";"243";"10";"Участвуете в конкурсе";"950232";"—"
"1733";"6";"—";"253";"243";"10";"Участвуете в конкурсе";"1796496";"—"
"1734";"1";"—";"253";"243";"10";"Участвуете в конкурсе";"1531855";"—"
"1735";"1";"—";"252";"252";"0";"Участвуете в конкурсе";"1984115";"—"
"1736";"7";"—";"252";"252";"0";"Участвуете в конкурсе";"1415815";"—"
"1737";"5";"—";"252";"252";"0";"Участвуете в конкурсе";"2237543";"—"
"1738";"4";"—";"252";"252";"0";"Участвуете в конкурсе";"1517252";"—"
"1739";"3";"—";"252";"252";"0";"Участвуете в конкурсе";"1876855";"—"
"1740";"7";"—";"252";"252";"0";"Участвуете в конкурсе";"1443883";"—"
"1741";"4";"—";"252";"252";"0";"Участвуете в конкурсе";"1783292";"—"
"1742";"2";"—";"252";"252";"0";"Участвуете в конкурсе";"1523394";"—"
"1743";"5";"—";"252";"252";"0";"Участвуете в конкурсе";"1583385";"—"
"1744";"5";"Электронное";"252";"252";"0";"Участвуете в конкурсе";"1571844";"—"
"1745";"11";"—";"252";"252";"0";"Участвуете в конкурсе";"2092453";"—"
"1746";"1";"—";"252";"252";"0";"Участвуете в конкурсе";"2149345";"—"
"1747";"3";"—";"252";"252";"0";"Участвуете в конкурсе";"2212787";"—"
"1748";"6";"—";"252";"252";"0";"Участвуете в конкурсе";"2274181";"—"
"1749";"7";"—";"252";"252";"0";"Участвуете в конкурсе";"2089884";"—"
"1750";"1";"—";"252";"250";"2";"Участвуете в конкурсе";"1286623";"—"
"1751";"5";"Электронное";"252";"250";"2";"Участвуете в конкурсе";"1324239";"—"
"1752";"5";"Электронное";"252";"250";"2";"Участвуете в конкурсе";"2252388";"—"
"37";"1";"Электронное";"252";"250";"2";"Участвуете в конкурсе";"1618626";"—"
"1754";"5";"—";"252";"250";"2";"Участвуете в конкурсе";"1685404";"—"
"1755";"2";"—";"252";"250";"2";"Участвуете в конкурсе";"2255849";"—"
"1756";"1";"—";"252";"250";"2";"Участвуете в конкурсе";"1547618";"—"
"1757";"4";"Электронное";"252";"250";"2";"Участвуете в конкурсе";"1966227";"—"
"1758";"4";"—";"252";"250";"2";"Участвуете в конкурсе";"1590628";"—"
"1759";"5";"—";"252";"250";"2";"Участвуете в конкурсе";"1242223";"—"
"1760";"2";"—";"252";"250";"2";"Участвуете в конкурсе";"1403124";"—"
"1761";"4";"Электронное";"252";"250";"2";"Участвуете в конкурсе";"2124279";"—"
"1762";"5";"—";"252";"250";"2";"Участвуете в конкурсе";"2262746";"—"
"38";"1";"Электронное";"252";"250";"2";"Участвуете в конкурсе";"2114670";"—"
"1764";"1";"—";"252";"249";"3";"Участвуете в конкурсе";"1203306";"—"
"1765";"2";"—";"252";"249";"3";"Участвуете в конкурсе";"1387614";"—"
"1766";"5";"—";"252";"248";"4";"Участвуете в конкурсе";"2301332";"—"
"1767";"5";"—";"252";"248";"4";"Участвуете в конкурсе";"1641576";"—"
"1768";"4";"—";"252";"248";"4";"Участвуете в конкурсе";"1985535";"—"
"1769";"1";"—";"252";"245";"7";"Участвуете в конкурсе";"1914545";"—"
"1770";"3";"—";"252";"245";"7";"Участвуете в конкурсе";"1318641";"—"
"1771";"3";"Электронное";"252";"245";"7";"Участвуете в конкурсе";"1562777";"—"
"1772";"2";"—";"252";"242";"10";"Участвуете в конкурсе";"1520086";"—"
"1773";"8";"Электронное";"252";"242";"10";"Участвуете в конкурсе";"2089439";"—"
"1774";"1";"—";"252";"242";"10";"Участвуете в конкурсе";"2182830";"—"
"1775";"1";"—";"252";"242";"10";"Участвуете в конкурсе";"1281415";"—"
"1776";"4";"—";"252";"242";"10";"Участвуете в конкурсе";"2334692";"—"
"1777";"6";"—";"252";"242";"10";"Участвуете в конкурсе";"2236256";"—"
"1778";"11";"Электронное";"252";"242";"10";"Участвуете в конкурсе";"1421767";"—"
"1779";"5";"—";"252";"242";"10";"Участвуете в конкурсе";"2344227";"—"
"1780";"2";"—";"252";"242";"10";"Участвуете в конкурсе";"1654447";"—"
"1781";"3";"—";"252";"242";"10";"Участвуете в конкурсе";"1931824";"—"
"1782";"3";"—";"252";"242";"10";"Участвуете в конкурсе";"1624706";"—"
"1783";"2";"—";"252";"242";"10";"Участвуете в конкурсе";"2266962";"—"
"1784";"4";"—";"252";"242";"10";"Участвуете в конкурсе";"1247258";"—"
"1785";"3";"—";"252";"242";"10";"Участвуете в конкурсе";"1654106";"—"
"1786";"5";"—";"252";"242";"10";"Участвуете в конкурсе";"1690151";"—"
"1787";"1";"—";"252";"242";"10";"Участвуете в конкурсе";"2139455";"—"
"1788";"4";"—";"251";"251";"0";"Участвуете в конкурсе";"1883543";"—"
"1789";"13";"—";"251";"251";"0";"Участвуете в конкурсе";"1132610";"—"
"1790";"6";"—";"251";"251";"0";"Участвуете в конкурсе";"1508989";"—"
"1791";"8";"—";"251";"251";"0";"Участвуете в конкурсе";"1985486";"—"
"1792";"2";"Электронное";"251";"251";"0";"Участвуете в конкурсе";"1339503";"—"
"1793";"13";"Электронное";"251";"251";"0";"Участвуете в конкурсе";"1570582";"—"
"1794";"5";"Электронное";"251";"251";"0";"Участвуете в конкурсе";"1200571";"—"
"1795";"13";"—";"251";"251";"0";"Участвуете в конкурсе";"2249629";"—"
"1796";"7";"—";"251";"251";"0";"Участвуете в конкурсе";"1579133";"—"
"1797";"2";"—";"251";"251";"0";"Участвуете в конкурсе";"2136880";"—"
"1798";"9";"Электронное";"251";"251";"0";"Участвуете в конкурсе";"1506878";"—"
"1799";"14";"—";"251";"251";"0";"Участвуете в конкурсе";"1894701";"—"
"1800";"3";"—";"251";"251";"0";"Участвуете в конкурсе";"1514442";"—"
"1801";"3";"Электронное";"251";"251";"0";"Участвуете в конкурсе";"1602715";"—"
"1802";"12";"—";"251";"251";"0";"Участвуете в конкурсе";"1928138";"—"
"1803";"1";"—";"251";"251";"0";"Участвуете в конкурсе";"1382262";"—"
"1804";"2";"Электронное";"251";"251";"0";"Участвуете в конкурсе";"2343387";"—"
"1805";"1";"—";"251";"251";"0";"Участвуете в конкурсе";"2252895";"—"
"1806";"2";"Электронное";"251";"251";"0";"Участвуете в конкурсе";"1073606";"—"
"1807";"3";"—";"251";"251";"0";"Участвуете в конкурсе";"2252390";"—"
"39";"1";"Электронное";"251";"251";"0";"Участвуете в конкурсе";"1561775";"—"
"1809";"4";"—";"251";"249";"2";"Участвуете в конкурсе";"2168415";"—"
"1810";"7";"—";"251";"249";"2";"Участвуете в конкурсе";"2326310";"—"
"1811";"2";"—";"251";"249";"2";"Участвуете в конкурсе";"1606659";"—"
"40";"1";"Электронное";"251";"249";"2";"Участвуете в конкурсе";"2251244";"—"
"1813";"6";"—";"251";"249";"2";"Участвуете в конкурсе";"2168984";"—"
"1814";"10";"—";"251";"249";"2";"Участвуете в конкурсе";"2216531";"—"
"1815";"7";"—";"251";"249";"2";"Участвуете в конкурсе";"1287023";"—"
"1816";"1";"—";"251";"249";"2";"Участвуете в конкурсе";"1503757";"—"
"1817";"7";"—";"251";"248";"3";"Участвуете в конкурсе";"2383594";"—"
"1818";"6";"—";"251";"248";"3";"Участвуете в конкурсе";"1847634";"—"
"1819";"1";"—";"251";"248";"3";"Участвуете в конкурсе";"2313219";"—"
"1820";"6";"Электронное";"251";"248";"3";"Участвуете в конкурсе";"1426534";"—"
"1821";"4";"—";"251";"247";"4";"Участвуете в конкурсе";"2283530";"—"
"1822";"7";"—";"251";"246";"5";"Участвуете в конкурсе";"1266040";"—"
"1823";"6";"—";"251";"246";"5";"Участвуете в конкурсе";"2308842";"—"
"1824";"8";"—";"251";"246";"5";"Участвуете в конкурсе";"1347092";"—"
"1825";"9";"—";"251";"246";"5";"Участвуете в конкурсе";"964013";"—"
"1826";"4";"Электронное";"251";"245";"6";"Участвуете в конкурсе";"944463";"—"
"1827";"3";"—";"251";"244";"7";"Участвуете в конкурсе";"2179554";"—"
"1828";"10";"—";"251";"244";"7";"Участвуете в конкурсе";"1180658";"—"
"1829";"2";"—";"251";"241";"10";"Участвуете в конкурсе";"1266114";"—"
"1830";"5";"—";"251";"241";"10";"Участвуете в конкурсе";"1620557";"—"
"1831";"9";"—";"251";"241";"10";"Участвуете в конкурсе";"1365218";"—"
"1832";"3";"—";"251";"241";"10";"Участвуете в конкурсе";"2216646";"—"
"1833";"4";"—";"251";"241";"10";"Участвуете в конкурсе";"1625909";"—"
"1834";"6";"—";"251";"241";"10";"Участвуете в конкурсе";"1204752";"—"
"1835";"2";"—";"251";"241";"10";"Участвуете в конкурсе";"1786192";"—"
"1836";"3";"Электронное";"251";"241";"10";"Участвуете в конкурсе";"1387287";"—"
"1837";"3";"Электронное";"251";"241";"10";"Участвуете в конкурсе";"1196024";"—"
"1838";"8";"—";"251";"241";"10";"Участвуете в конкурсе";"1375663";"—"
"1839";"1";"—";"251";"241";"10";"Участвуете в конкурсе";"1825068";"—"
"1840";"7";"Электронное";"251";"241";"10";"Участвуете в конкурсе";"2141152";"—"
"1841";"4";"—";"251";"241";"10";"Участвуете в конкурсе";"1346561";"—"
"1842";"3";"—";"251";"241";"10";"Участвуете в конкурсе";"2423755";"—"
"1843";"4";"—";"251";"241";"10";"Участвуете в конкурсе";"1309544";"—"
"1844";"1";"—";"251";"241";"10";"Участвуете в конкурсе";"970270";"—"
"1845";"10";"—";"251";"241";"10";"Участвуете в конкурсе";"1320677";"—"
"1846";"10";"—";"251";"241";"10";"Участвуете в конкурсе";"1642057";"—"
"1847";"10";"—";"251";"241";"10";"Участвуете в конкурсе";"1556543";"—"
"1848";"4";"—";"251";"241";"10";"Участвуете в конкурсе";"1361797";"—"
"1849";"1";"—";"251";"241";"10";"Участвуете в конкурсе";"1175879";"—"
"1850";"2";"—";"250";"250";"0";"Участвуете в конкурсе";"1519346";"—"
"1851";"7";"Электронное";"250";"250";"0";"Участвуете в конкурсе";"1764255";"—"
"1852";"5";"—";"250";"250";"0";"Участвуете в конкурсе";"2344974";"—"
"1853";"14";"—";"250";"250";"0";"Участвуете в конкурсе";"1206048";"—"
"1854";"10";"—";"250";"250";"0";"Участвуете в конкурсе";"2128435";"—"
"1855";"12";"—";"250";"250";"0";"Участвуете в конкурсе";"1728941";"—"
"1856";"3";"—";"250";"250";"0";"Участвуете в конкурсе";"2274258";"—"
"1857";"1";"—";"250";"250";"0";"Участвуете в конкурсе";"1330040";"—"
"1858";"12";"—";"250";"250";"0";"Участвуете в конкурсе";"2370287";"—"
"1859";"6";"—";"250";"250";"0";"Участвуете в конкурсе";"1848238";"—"
"1860";"7";"—";"250";"250";"0";"Участвуете в конкурсе";"1061711";"—"
"1861";"19";"—";"250";"250";"0";"Участвуете в конкурсе";"1240182";"—"
"1862";"2";"—";"250";"250";"0";"Участвуете в конкурсе";"1807378";"—"
"1863";"3";"—";"250";"250";"0";"Участвуете в конкурсе";"1994272";"—"
"1864";"2";"—";"250";"250";"0";"Участвуете в конкурсе";"2084235";"—"
"1865";"3";"—";"250";"250";"0";"Участвуете в конкурсе";"1977586";"—"
"1866";"14";"—";"250";"250";"0";"Участвуете в конкурсе";"1708005";"—"
"1867";"9";"—";"250";"250";"0";"Участвуете в конкурсе";"1236376";"—"
"1868";"2";"—";"250";"250";"0";"Участвуете в конкурсе";"2304871";"—"
"1869";"5";"—";"250";"250";"0";"Участвуете в конкурсе";"2254158";"—"
"1870";"4";"Электронное";"250";"250";"0";"Участвуете в конкурсе";"2112911";"—"
"1871";"11";"—";"250";"250";"0";"Участвуете в конкурсе";"2189351";"—"
"41";"1";"Электронное";"250";"250";"0";"Участвуете в конкурсе";"1659212";"—"
"1873";"7";"—";"250";"248";"2";"Участвуете в конкурсе";"2180817";"—"
"1874";"3";"—";"250";"248";"2";"Участвуете в конкурсе";"1725009";"—"
"1875";"2";"—";"250";"248";"2";"Участвуете в конкурсе";"1349231";"—"
"42";"3";"Электронное";"250";"248";"2";"Участвуете в конкурсе";"1559639";"—"
"1877";"2";"Электронное";"250";"248";"2";"Участвуете в конкурсе";"1515749";"—"
"1878";"1";"—";"250";"248";"2";"Участвуете в конкурсе";"1789306";"—"
"1879";"8";"—";"250";"248";"2";"Участвуете в конкурсе";"2413009";"—"
"1880";"2";"—";"250";"248";"2";"Участвуете в конкурсе";"1975368";"—"
"1881";"3";"—";"250";"248";"2";"Участвуете в конкурсе";"1528918";"—"
"1882";"4";"Электронное";"250";"248";"2";"Участвуете в конкурсе";"1694592";"—"
"43";"1";"Электронное";"250";"247";"3";"Участвуете в конкурсе";"2273740";"—"
"1884";"2";"—";"250";"247";"3";"Участвуете в конкурсе";"1019913";"—"
"1885";"2";"—";"250";"247";"3";"Участвуете в конкурсе";"955473";"—"
"1886";"8";"Электронное";"250";"247";"3";"Участвуете в конкурсе";"1606139";"—"
"1887";"4";"—";"250";"246";"4";"Участвуете в конкурсе";"1852594";"—"
"1888";"6";"—";"250";"245";"5";"Участвуете в конкурсе";"2343208";"—"
"1889";"3";"—";"250";"245";"5";"Участвуете в конкурсе";"1580949";"—"
"1890";"4";"—";"250";"245";"5";"Участвуете в конкурсе";"2315919";"—"
"1891";"2";"—";"250";"245";"5";"Участвуете в конкурсе";"1419554";"—"
"1892";"1";"—";"250";"245";"5";"Участвуете в конкурсе";"2307724";"—"
"1893";"13";"—";"250";"243";"7";"Участвуете в конкурсе";"1708435";"—"
"1894";"6";"—";"250";"243";"7";"Участвуете в конкурсе";"959533";"—"
"1895";"8";"—";"250";"240";"10";"Участвуете в конкурсе";"2342982";"—"
"1896";"2";"—";"250";"240";"10";"Участвуете в конкурсе";"2248399";"—"
"1897";"2";"—";"250";"240";"10";"Участвуете в конкурсе";"1361438";"—"
"1898";"9";"—";"250";"240";"10";"Участвуете в конкурсе";"2236075";"—"
"1899";"3";"—";"250";"240";"10";"Участвуете в конкурсе";"1423613";"—"
"1900";"1";"—";"250";"240";"10";"Участвуете в конкурсе";"1703088";"—"
"1901";"14";"—";"250";"240";"10";"Участвуете в конкурсе";"1792239";"—"
"1902";"2";"—";"250";"240";"10";"Участвуете в конкурсе";"2173935";"—"
"1903";"5";"—";"250";"240";"10";"Участвуете в конкурсе";"1792254";"—"
"1904";"1";"—";"250";"240";"10";"Участвуете в конкурсе";"2273236";"—"
"1905";"2";"—";"250";"240";"10";"Участвуете в конкурсе";"1179304";"—"
"1906";"1";"—";"250";"240";"10";"Участвуете в конкурсе";"1182645";"—"
"1907";"11";"—";"250";"240";"10";"Участвуете в конкурсе";"1435514";"—"
"1908";"3";"—";"250";"240";"10";"Участвуете в конкурсе";"1304531";"—"
"1909";"12";"—";"250";"240";"10";"Участвуете в конкурсе";"1784334";"—"
"1910";"6";"—";"250";"240";"10";"Участвуете в конкурсе";"2327213";"—"
"1911";"6";"—";"250";"240";"10";"Участвуете в конкурсе";"1486305";"—"
"1912";"3";"—";"250";"240";"10";"Участвуете в конкурсе";"1521083";"—"
"1913";"4";"—";"250";"240";"10";"Участвуете в конкурсе";"1990898";"—"
"1914";"2";"—";"250";"240";"10";"Участвуете в конкурсе";"2132744";"—"
"1915";"8";"—";"250";"240";"10";"Участвуете в конкурсе";"2311155";"—"
"1916";"2";"—";"250";"240";"10";"Участвуете в конкурсе";"1749742";"—"
"1917";"5";"Электронное";"250";"240";"10";"Участвуете в конкурсе";"2266847";"—"
"1918";"3";"—";"250";"240";"10";"Участвуете в конкурсе";"1908890";"—"
"1919";"7";"—";"250";"240";"10";"Участвуете в конкурсе";"2132797";"—"
"1920";"1";"—";"250";"240";"10";"Участвуете в конкурсе";"1778918";"—"
"1921";"4";"—";"250";"240";"10";"Участвуете в конкурсе";"1794594";"—"
"1922";"6";"—";"250";"240";"10";"Участвуете в конкурсе";"2226168";"—"
"1923";"4";"—";"250";"240";"10";"Участвуете в конкурсе";"2274228";"—"
"1924";"5";"—";"250";"240";"10";"Участвуете в конкурсе";"2214640";"—"
"1925";"4";"—";"250";"240";"10";"Участвуете в конкурсе";"1480880";"—"
"1926";"1";"—";"250";"240";"10";"Участвуете в конкурсе";"1839684";"—"
"1927";"5";"—";"250";"240";"10";"Участвуете в конкурсе";"1644756";"—"
"1928";"6";"—";"250";"240";"10";"Участвуете в конкурсе";"1757086";"—"
"1929";"7";"Электронное";"250";"240";"10";"Участвуете в конкурсе";"1678456";"—"
"1930";"3";"—";"250";"240";"10";"Участвуете в конкурсе";"1633623";"—"
"1931";"12";"—";"249";"249";"0";"Участвуете в конкурсе";"2141004";"—"
"1932";"5";"—";"249";"249";"0";"Участвуете в конкурсе";"1563214";"—"
"1933";"12";"—";"249";"249";"0";"Участвуете в конкурсе";"1512830";"—"
"1934";"5";"—";"249";"249";"0";"Участвуете в конкурсе";"1316982";"—"
"44";"5";"Электронное";"249";"249";"0";"Участвуете в конкурсе";"1976727";"—"
"1936";"2";"—";"249";"249";"0";"Участвуете в конкурсе";"2195717";"—"
"1937";"11";"—";"249";"249";"0";"Участвуете в конкурсе";"2142489";"—"
"1938";"4";"—";"249";"249";"0";"Участвуете в конкурсе";"1717881";"—"
"1939";"1";"—";"249";"249";"0";"Участвуете в конкурсе";"1895791";"—"
"45";"1";"Электронное";"249";"249";"0";"Участвуете в конкурсе";"1264603";"—"
"1941";"13";"—";"249";"249";"0";"Участвуете в конкурсе";"959558";"—"
"1942";"5";"Электронное";"249";"249";"0";"Участвуете в конкурсе";"1616154";"—"
"1943";"1";"—";"249";"249";"0";"Участвуете в конкурсе";"1502082";"—"
"1944";"1";"—";"249";"249";"0";"Участвуете в конкурсе";"2138129";"—"
"1945";"4";"—";"249";"249";"0";"Участвуете в конкурсе";"1732007";"—"
"1946";"3";"—";"249";"249";"0";"Участвуете в конкурсе";"1399114";"—"
"1947";"3";"—";"249";"249";"0";"Участвуете в конкурсе";"2331689";"—"
"1948";"2";"—";"249";"249";"0";"Участвуете в конкурсе";"1522326";"—"
"1949";"3";"Электронное";"249";"249";"0";"Участвуете в конкурсе";"1982816";"—"
"1950";"4";"—";"249";"249";"0";"Участвуете в конкурсе";"1666542";"—"
"1951";"7";"—";"249";"249";"0";"Участвуете в конкурсе";"1287447";"—"
"1952";"2";"Электронное";"249";"249";"0";"Участвуете в конкурсе";"1441445";"—"
"1953";"6";"—";"249";"249";"0";"Участвуете в конкурсе";"1197053";"—"
"1954";"3";"—";"249";"249";"0";"Участвуете в конкурсе";"2394117";"—"
"1955";"11";"—";"249";"249";"0";"Участвуете в конкурсе";"2395232";"—"
"1956";"2";"—";"249";"247";"2";"Участвуете в конкурсе";"1208645";"—"
"1957";"2";"—";"249";"247";"2";"Участвуете в конкурсе";"1854952";"—"
"1958";"8";"—";"249";"247";"2";"Участвуете в конкурсе";"1559210";"—"
"1959";"3";"—";"249";"247";"2";"Участвуете в конкурсе";"1052478";"—"
"1960";"3";"—";"249";"247";"2";"Участвуете в конкурсе";"1996599";"—"
"1961";"2";"—";"249";"247";"2";"Участвуете в конкурсе";"2230476";"—"
"1962";"11";"—";"249";"247";"2";"Участвуете в конкурсе";"1982096";"—"
"1963";"1";"—";"249";"246";"3";"Участвуете в конкурсе";"2269671";"—"
"1964";"1";"—";"249";"245";"4";"Участвуете в конкурсе";"1796575";"—"
"1965";"1";"—";"249";"245";"4";"Участвуете в конкурсе";"1892087";"—"
"1966";"2";"—";"249";"244";"5";"Участвуете в конкурсе";"1646999";"—"
"1967";"3";"—";"249";"244";"5";"Участвуете в конкурсе";"1608866";"—"
"1968";"4";"—";"249";"243";"6";"Участвуете в конкурсе";"1702168";"—"
"1969";"8";"Электронное";"249";"243";"6";"Участвуете в конкурсе";"2273956";"—"
"1970";"7";"—";"249";"240";"9";"Участвуете в конкурсе";"1963531";"—"
"1971";"9";"Электронное";"249";"239";"10";"Участвуете в конкурсе";"2182107";"—"
"1972";"1";"—";"249";"239";"10";"Участвуете в конкурсе";"1610678";"—"
"1973";"5";"Электронное";"249";"239";"10";"Участвуете в конкурсе";"1517581";"—"
"1974";"13";"Электронное";"249";"239";"10";"Участвуете в конкурсе";"1444563";"—"
"1975";"1";"—";"249";"239";"10";"Участвуете в конкурсе";"1259739";"—"
"46";"1";"Электронное";"249";"239";"10";"Участвуете в конкурсе";"1206726";"—"
"1977";"3";"—";"249";"239";"10";"Участвуете в конкурсе";"1292158";"—"
"1978";"5";"—";"249";"239";"10";"Участвуете в конкурсе";"1246636";"—"
"1979";"5";"—";"249";"239";"10";"Участвуете в конкурсе";"2194935";"—"
"1980";"2";"—";"249";"239";"10";"Участвуете в конкурсе";"1518960";"—"
"1981";"11";"—";"249";"239";"10";"Участвуете в конкурсе";"1607972";"—"
"1982";"2";"—";"249";"239";"10";"Участвуете в конкурсе";"1190379";"—"
"47";"1";"Электронное";"249";"239";"10";"Участвуете в конкурсе";"1288146";"—"
"1984";"2";"—";"249";"239";"10";"Участвуете в конкурсе";"1655081";"—"
"1985";"15";"—";"249";"239";"10";"Участвуете в конкурсе";"1853641";"—"
"1986";"9";"—";"249";"239";"10";"Участвуете в конкурсе";"1847194";"—"
"1987";"6";"—";"249";"239";"10";"Участвуете в конкурсе";"2313785";"—"
"1988";"3";"—";"249";"239";"10";"Участвуете в конкурсе";"1964715";"—"
"1989";"1";"—";"249";"239";"10";"Участвуете в конкурсе";"1826410";"—"
"1990";"1";"—";"249";"239";"10";"Участвуете в конкурсе";"1910475";"—"
"1991";"2";"—";"249";"239";"10";"Участвуете в конкурсе";"1747252";"—"
"1992";"7";"—";"249";"239";"10";"Участвуете в конкурсе";"1759649";"—"
"1993";"14";"—";"249";"239";"10";"Участвуете в конкурсе";"2263218";"—"
"1994";"3";"—";"249";"239";"10";"Участвуете в конкурсе";"2284728";"—"
"1995";"2";"Электронное";"249";"239";"10";"Участвуете в конкурсе";"2388092";"—"
"1996";"1";"—";"249";"239";"10";"Участвуете в конкурсе";"1858405";"—"
"1997";"3";"—";"249";"239";"10";"Участвуете в конкурсе";"1725038";"—"
"1998";"3";"—";"249";"239";"10";"Участвуете в конкурсе";"1908180";"—"
"1999";"3";"—";"249";"239";"10";"Участвуете в конкурсе";"2153963";"—"
"2000";"8";"—";"249";"239";"10";"Участвуете в конкурсе";"2240999";"—"
"48";"1";"Электронное";"249";"239";"10";"Участвуете в конкурсе";"2244566";"—"
"2002";"9";"—";"249";"239";"10";"Участвуете в конкурсе";"2108045";"—"
"2003";"1";"—";"249";"239";"10";"Участвуете в конкурсе";"2193373";"—"
"2004";"5";"—";"249";"239";"10";"Участвуете в конкурсе";"1582166";"—"
"2005";"3";"—";"249";"239";"10";"Участвуете в конкурсе";"1650371";"—"
"2006";"2";"—";"249";"239";"10";"Участвуете в конкурсе";"2031793";"—"
"2007";"4";"—";"249";"239";"10";"Участвуете в конкурсе";"1514273";"—"
"2008";"9";"Электронное";"249";"239";"10";"Участвуете в конкурсе";"1930478";"—"
"2009";"1";"—";"249";"239";"10";"Участвуете в конкурсе";"2307226";"—"
"2010";"7";"Электронное";"249";"239";"10";"Участвуете в конкурсе";"2024577";"—"
"2011";"9";"Электронное";"249";"239";"10";"Участвуете в конкурсе";"2263270";"—"
"2012";"5";"—";"249";"239";"10";"Участвуете в конкурсе";"1640041";"—"
"2013";"9";"Электронное";"249";"239";"10";"Участвуете в конкурсе";"1968125";"—"
"2014";"7";"—";"248";"248";"0";"Участвуете в конкурсе";"1281387";"—"
"2015";"8";"—";"248";"248";"0";"Участвуете в конкурсе";"2343509";"—"
"49";"1";"Электронное";"248";"248";"0";"Участвуете в конкурсе";"1942012";"—"
"2017";"5";"—";"248";"248";"0";"Участвуете в конкурсе";"2133476";"—"
"2018";"8";"—";"248";"248";"0";"Участвуете в конкурсе";"1869737";"—"
"2019";"10";"—";"248";"248";"0";"Участвуете в конкурсе";"2303049";"—"
"2020";"2";"—";"248";"248";"0";"Участвуете в конкурсе";"2164836";"—"
"2021";"6";"Электронное";"248";"248";"0";"Участвуете в конкурсе";"1749356";"—"
"2022";"4";"—";"248";"248";"0";"Участвуете в конкурсе";"1934937";"—"
"2023";"3";"—";"248";"248";"0";"Участвуете в конкурсе";"2090320";"—"
"2024";"9";"—";"248";"248";"0";"Участвуете в конкурсе";"1845147";"—"
"50";"1";"Электронное";"248";"248";"0";"Участвуете в конкурсе";"1604437";"—"
"2026";"7";"Электронное";"248";"248";"0";"Участвуете в конкурсе";"1176423";"—"
"2027";"6";"—";"248";"248";"0";"Участвуете в конкурсе";"1792308";"—"
"2028";"8";"—";"248";"248";"0";"Участвуете в конкурсе";"2260325";"—"
"2029";"5";"—";"248";"248";"0";"Участвуете в конкурсе";"1559751";"—"
"2030";"1";"—";"248";"248";"0";"Участвуете в конкурсе";"1781770";"—"
"2031";"2";"—";"248";"248";"0";"Участвуете в конкурсе";"2259643";"—"
"2032";"2";"—";"248";"248";"0";"Участвуете в конкурсе";"1228665";"—"
"2033";"2";"—";"248";"248";"0";"Участвуете в конкурсе";"2339259";"—"
"2034";"7";"Электронное";"248";"248";"0";"Участвуете в конкурсе";"2380069";"—"
"2035";"2";"—";"248";"248";"0";"Участвуете в конкурсе";"2074190";"—"
"2036";"12";"—";"248";"248";"0";"Участвуете в конкурсе";"2247436";"—"
"2037";"3";"—";"248";"248";"0";"Участвуете в конкурсе";"1068496";"—"
"2038";"7";"—";"248";"248";"0";"Участвуете в конкурсе";"1393259";"—"
"2039";"5";"—";"248";"248";"0";"Участвуете в конкурсе";"1553270";"—"
"2040";"4";"—";"248";"248";"0";"Участвуете в конкурсе";"1910291";"—"
"2041";"12";"—";"248";"248";"0";"Участвуете в конкурсе";"1578125";"—"
"2042";"11";"—";"248";"248";"0";"Участвуете в конкурсе";"1235655";"—"
"2043";"1";"—";"248";"248";"0";"Участвуете в конкурсе";"2249137";"—"
"2044";"2";"—";"248";"248";"0";"Участвуете в конкурсе";"2135077";"—"
"2045";"6";"—";"248";"246";"2";"Участвуете в конкурсе";"2361763";"—"
"2046";"2";"—";"248";"246";"2";"Участвуете в конкурсе";"1876995";"—"
"2047";"1";"—";"248";"246";"2";"Участвуете в конкурсе";"1457715";"—"
"2048";"12";"—";"248";"246";"2";"Участвуете в конкурсе";"2109626";"—"
"2049";"2";"—";"248";"246";"2";"Участвуете в конкурсе";"2089393";"—"
"2050";"4";"—";"248";"246";"2";"Участвуете в конкурсе";"1439622";"—"
"2051";"9";"—";"248";"246";"2";"Участвуете в конкурсе";"1518844";"—"
"51";"1";"Электронное";"248";"245";"3";"Участвуете в конкурсе";"1853826";"—"
"2053";"3";"—";"248";"244";"4";"Участвуете в конкурсе";"1748187";"—"
"2054";"1";"—";"248";"243";"5";"Участвуете в конкурсе";"1211766";"—"
"2055";"1";"—";"248";"240";"8";"Участвуете в конкурсе";"1646351";"—"
"2056";"2";"—";"248";"239";"9";"Участвуете в конкурсе";"2248944";"—"
"2057";"13";"—";"248";"238";"10";"Участвуете в конкурсе";"1084201";"—"
"2058";"5";"—";"248";"238";"10";"Участвуете в конкурсе";"2296260";"—"
"2059";"3";"—";"248";"238";"10";"Участвуете в конкурсе";"2255200";"—"
"2060";"2";"Электронное";"248";"238";"10";"Участвуете в конкурсе";"1750643";"—"
"2061";"1";"—";"248";"238";"10";"Участвуете в конкурсе";"2388811";"—"
"2062";"5";"—";"248";"238";"10";"Участвуете в конкурсе";"1244494";"—"
"2063";"4";"—";"248";"238";"10";"Участвуете в конкурсе";"1912646";"—"
"2064";"2";"Электронное";"248";"238";"10";"Участвуете в конкурсе";"2308518";"—"
"2065";"4";"Электронное";"248";"238";"10";"Участвуете в конкурсе";"2223760";"—"
"2066";"5";"—";"248";"238";"10";"Участвуете в конкурсе";"1205722";"—"
"52";"1";"Электронное";"248";"238";"10";"Участвуете в конкурсе";"2167071";"—"
"2068";"2";"—";"248";"238";"10";"Участвуете в конкурсе";"1681069";"—"
"2069";"2";"—";"248";"238";"10";"Участвуете в конкурсе";"2126185";"—"
"2070";"6";"—";"248";"238";"10";"Участвуете в конкурсе";"2311688";"—"
"2071";"1";"—";"248";"238";"10";"Участвуете в конкурсе";"1402084";"—"
"2072";"4";"—";"248";"238";"10";"Участвуете в конкурсе";"2255057";"—"
"2073";"3";"Электронное";"248";"238";"10";"Участвуете в конкурсе";"1203334";"—"
"2074";"5";"—";"248";"238";"10";"Участвуете в конкурсе";"1708850";"—"
"2075";"4";"—";"248";"238";"10";"Участвуете в конкурсе";"1351410";"—"
"2076";"2";"—";"248";"238";"10";"Участвуете в конкурсе";"1332059";"—"
"2077";"5";"—";"248";"238";"10";"Участвуете в конкурсе";"1674158";"—"
"2078";"5";"—";"248";"238";"10";"Участвуете в конкурсе";"2165564";"—"
"2079";"8";"—";"248";"238";"10";"Участвуете в конкурсе";"1833366";"—"
"2080";"1";"—";"248";"238";"10";"Участвуете в конкурсе";"1987042";"—"
"2081";"7";"—";"248";"238";"10";"Участвуете в конкурсе";"1997690";"—"
"2082";"3";"—";"248";"238";"10";"Участвуете в конкурсе";"2249753";"—"
"2083";"2";"—";"248";"238";"10";"Участвуете в конкурсе";"1844403";"—"
"2084";"2";"Электронное";"248";"238";"10";"Участвуете в конкурсе";"1314195";"—"
"2085";"7";"—";"248";"238";"10";"Участвуете в конкурсе";"1424077";"—"
"2086";"14";"—";"248";"238";"10";"Участвуете в конкурсе";"2338009";"—"
"2087";"1";"—";"248";"238";"10";"Участвуете в конкурсе";"1407384";"—"
"2088";"1";"Электронное";"248";"238";"10";"Участвуете в конкурсе";"1889377";"—"
"2089";"6";"—";"248";"238";"10";"Участвуете в конкурсе";"1260821";"—"
"2090";"12";"—";"248";"238";"10";"Участвуете в конкурсе";"1544166";"—"
"2091";"2";"—";"248";"238";"10";"Участвуете в конкурсе";"2314837";"—"
"2092";"1";"—";"248";"238";"10";"Участвуете в конкурсе";"2416777";"—"
"2093";"2";"—";"248";"238";"10";"Участвуете в конкурсе";"1257920";"—"
"2094";"6";"—";"248";"238";"10";"Участвуете в конкурсе";"1954362";"—"
"2095";"12";"—";"248";"238";"10";"Участвуете в конкурсе";"1907036";"—"
"2096";"2";"—";"248";"238";"10";"Участвуете в конкурсе";"1214019";"—"
"2097";"6";"—";"247";"247";"0";"Участвуете в конкурсе";"1632339";"—"
"2098";"1";"—";"247";"247";"0";"Участвуете в конкурсе";"2301172";"—"
"2099";"2";"—";"247";"247";"0";"Участвуете в конкурсе";"1391538";"—"
"2100";"5";"Электронное";"247";"247";"0";"Участвуете в конкурсе";"2234745";"—"
"2101";"5";"—";"247";"247";"0";"Участвуете в конкурсе";"2309899";"—"
"2102";"1";"—";"247";"247";"0";"Участвуете в конкурсе";"1561554";"—"
"2103";"10";"—";"247";"247";"0";"Участвуете в конкурсе";"2360771";"—"
"2104";"4";"—";"247";"247";"0";"Участвуете в конкурсе";"1581082";"—"
"2105";"7";"—";"247";"247";"0";"Участвуете в конкурсе";"1583510";"—"
"2106";"1";"—";"247";"247";"0";"Участвуете в конкурсе";"1188336";"—"
"2107";"7";"—";"247";"247";"0";"Участвуете в конкурсе";"1904053";"—"
"2108";"3";"—";"247";"247";"0";"Участвуете в конкурсе";"2089313";"—"
"2109";"7";"Электронное";"247";"247";"0";"Участвуете в конкурсе";"1847244";"—"
"2110";"10";"—";"247";"247";"0";"Участвуете в конкурсе";"2001262";"—"
"2111";"3";"—";"247";"247";"0";"Участвуете в конкурсе";"1067368";"—"
"2112";"4";"Электронное";"247";"247";"0";"Участвуете в конкурсе";"1563702";"—"
"2113";"1";"—";"247";"247";"0";"Участвуете в конкурсе";"1723307";"—"
"2114";"4";"—";"247";"247";"0";"Участвуете в конкурсе";"1767332";"—"
"2115";"1";"—";"247";"247";"0";"Участвуете в конкурсе";"1960956";"—"
"2116";"7";"Электронное";"247";"247";"0";"Участвуете в конкурсе";"1354230";"—"
"2117";"5";"—";"247";"247";"0";"Участвуете в конкурсе";"2266398";"—"
"2118";"9";"—";"247";"247";"0";"Участвуете в конкурсе";"1581187";"—"
"2119";"1";"—";"247";"247";"0";"Участвуете в конкурсе";"1964850";"—"
"2120";"1";"—";"247";"247";"0";"Участвуете в конкурсе";"1356672";"—"
"2121";"1";"—";"247";"247";"0";"Участвуете в конкурсе";"1543659";"—"
"2122";"7";"Электронное";"247";"247";"0";"Участвуете в конкурсе";"1687147";"—"
"2123";"5";"—";"247";"247";"0";"Участвуете в конкурсе";"1473457";"—"
"2124";"2";"—";"247";"247";"0";"Участвуете в конкурсе";"1004730";"—"
"2125";"8";"—";"247";"245";"2";"Участвуете в конкурсе";"1626748";"—"
"2126";"7";"—";"247";"245";"2";"Участвуете в конкурсе";"2248426";"—"
"2127";"13";"—";"247";"245";"2";"Участвуете в конкурсе";"2253714";"—"
"2128";"3";"Электронное";"247";"245";"2";"Участвуете в конкурсе";"1613503";"—"
"2129";"11";"—";"247";"245";"2";"Участвуете в конкурсе";"2312873";"—"
"2130";"3";"—";"247";"244";"3";"Участвуете в конкурсе";"2321356";"—"
"2131";"10";"—";"247";"242";"5";"Участвуете в конкурсе";"1509282";"—"
"2132";"3";"—";"247";"242";"5";"Участвуете в конкурсе";"1723615";"—"
"2133";"7";"Электронное";"247";"242";"5";"Участвуете в конкурсе";"2005631";"—"
"2134";"2";"—";"247";"239";"8";"Участвуете в конкурсе";"1445196";"—"
"2135";"5";"—";"247";"237";"10";"Участвуете в конкурсе";"1367331";"—"
"2136";"2";"—";"247";"237";"10";"Участвуете в конкурсе";"1799665";"—"
"2137";"2";"—";"247";"237";"10";"Участвуете в конкурсе";"1268405";"—"
"2138";"1";"—";"247";"237";"10";"Участвуете в конкурсе";"1289461";"—"
"2139";"1";"—";"247";"237";"10";"Участвуете в конкурсе";"1614953";"—"
"2140";"5";"—";"247";"237";"10";"Участвуете в конкурсе";"1502040";"—"
"2141";"6";"—";"247";"237";"10";"Участвуете в конкурсе";"1907308";"—"
"2142";"12";"—";"247";"237";"10";"Участвуете в конкурсе";"2173610";"—"
"53";"6";"Электронное";"247";"237";"10";"Участвуете в конкурсе";"1778695";"—"
"2144";"4";"—";"247";"237";"10";"Участвуете в конкурсе";"2228354";"—"
"54";"1";"Электронное";"247";"237";"10";"Участвуете в конкурсе";"1981267";"—"
"2146";"5";"—";"247";"237";"10";"Участвуете в конкурсе";"1645070";"—"
"2147";"9";"—";"247";"237";"10";"Участвуете в конкурсе";"1857619";"—"
"2148";"9";"—";"247";"237";"10";"Участвуете в конкурсе";"2367846";"—"
"2149";"4";"—";"247";"237";"10";"Участвуете в конкурсе";"2199042";"—"
"2150";"11";"Электронное";"247";"237";"10";"Участвуете в конкурсе";"2002398";"—"
"2151";"2";"Электронное";"247";"237";"10";"Участвуете в конкурсе";"1479039";"—"
"2152";"2";"—";"247";"237";"10";"Участвуете в конкурсе";"1607159";"—"
"2153";"6";"—";"247";"237";"10";"Участвуете в конкурсе";"1347716";"—"
"2154";"5";"—";"247";"237";"10";"Участвуете в конкурсе";"2338884";"—"
"2155";"8";"—";"247";"237";"10";"Участвуете в конкурсе";"2137155";"—"
"2156";"1";"—";"247";"237";"10";"Участвуете в конкурсе";"1796056";"—"
"2157";"2";"—";"247";"237";"10";"Участвуете в конкурсе";"1212993";"—"
"2158";"2";"—";"247";"237";"10";"Участвуете в конкурсе";"2177210";"—"
"2159";"1";"—";"246";"246";"0";"Участвуете в конкурсе";"1572228";"—"
"2160";"4";"—";"246";"246";"0";"Участвуете в конкурсе";"1624526";"—"
"2161";"8";"—";"246";"246";"0";"Участвуете в конкурсе";"2005858";"—"
"2162";"2";"—";"246";"246";"0";"Участвуете в конкурсе";"1903376";"—"
"2163";"6";"—";"246";"246";"0";"Участвуете в конкурсе";"2056458";"—"
"2164";"2";"—";"246";"246";"0";"Участвуете в конкурсе";"1521478";"—"
"2165";"7";"—";"246";"246";"0";"Участвуете в конкурсе";"1194694";"—"
"55";"1";"Электронное";"246";"246";"0";"Участвуете в конкурсе";"2185361";"—"
"2167";"13";"—";"246";"246";"0";"Участвуете в конкурсе";"2199809";"—"
"2168";"3";"—";"246";"246";"0";"Участвуете в конкурсе";"1753070";"—"
"2169";"7";"—";"246";"246";"0";"Участвуете в конкурсе";"2389969";"—"
"2170";"9";"—";"246";"246";"0";"Участвуете в конкурсе";"1721002";"—"
"2171";"3";"—";"246";"246";"0";"Участвуете в конкурсе";"2137346";"—"
"2172";"1";"—";"246";"246";"0";"Участвуете в конкурсе";"950127";"—"
"2173";"5";"—";"246";"246";"0";"Участвуете в конкурсе";"2240775";"—"
"2174";"8";"—";"246";"246";"0";"Участвуете в конкурсе";"2182405";"—"
"2175";"5";"—";"246";"246";"0";"Участвуете в конкурсе";"1563790";"—"
"2176";"1";"—";"246";"246";"0";"Участвуете в конкурсе";"2259359";"—"
"2177";"11";"Электронное";"246";"246";"0";"Участвуете в конкурсе";"2288623";"—"
"2178";"1";"—";"246";"244";"2";"Участвуете в конкурсе";"1181733";"—"
"2179";"7";"—";"246";"244";"2";"Участвуете в конкурсе";"1939015";"—"
"2180";"11";"—";"246";"244";"2";"Участвуете в конкурсе";"2225487";"—"
"2181";"1";"—";"246";"244";"2";"Участвуете в конкурсе";"1640292";"—"
"2182";"7";"—";"246";"244";"2";"Участвуете в конкурсе";"1194886";"—"
"2183";"2";"—";"246";"243";"3";"Участвуете в конкурсе";"1140702";"—"
"2184";"1";"—";"246";"241";"5";"Участвуете в конкурсе";"1156751";"—"
"2185";"5";"—";"246";"241";"5";"Участвуете в конкурсе";"2091450";"—"
"2186";"15";"—";"246";"241";"5";"Участвуете в конкурсе";"1648328";"—"
"2187";"5";"—";"246";"241";"5";"Участвуете в конкурсе";"2266538";"—"
"2188";"1";"—";"246";"240";"6";"Участвуете в конкурсе";"1426492";"—"
"2189";"2";"—";"246";"239";"7";"Участвуете в конкурсе";"2141179";"—"
"56";"1";"Электронное";"246";"238";"8";"Участвуете в конкурсе";"992537";"—"
"57";"1";"Электронное";"246";"236";"10";"Участвуете в конкурсе";"1343690";"—"
"2192";"1";"—";"246";"236";"10";"Участвуете в конкурсе";"1473569";"—"
"2193";"1";"—";"246";"236";"10";"Участвуете в конкурсе";"1880042";"—"
"2194";"8";"—";"246";"236";"10";"Участвуете в конкурсе";"2357557";"—"
"2195";"1";"—";"246";"236";"10";"Участвуете в конкурсе";"1991153";"—"
"2196";"10";"—";"246";"236";"10";"Участвуете в конкурсе";"2131557";"—"
"2197";"3";"—";"246";"236";"10";"Участвуете в конкурсе";"1694679";"—"
"2198";"2";"—";"246";"236";"10";"Участвуете в конкурсе";"2364924";"—"
"2199";"10";"Электронное";"246";"236";"10";"Участвуете в конкурсе";"2268689";"—"
"2200";"4";"—";"246";"236";"10";"Участвуете в конкурсе";"1625058";"—"
"2201";"7";"—";"246";"236";"10";"Участвуете в конкурсе";"2308182";"—"
"2202";"1";"—";"246";"236";"10";"Участвуете в конкурсе";"2360215";"—"
"2203";"1";"—";"246";"236";"10";"Участвуете в конкурсе";"2087717";"—"
"2204";"5";"—";"246";"236";"10";"Участвуете в конкурсе";"2234179";"—"
"2205";"3";"—";"246";"236";"10";"Участвуете в конкурсе";"2252042";"—"
"2206";"1";"—";"246";"236";"10";"Участвуете в конкурсе";"1379030";"—"
"2207";"2";"Электронное";"246";"236";"10";"Участвуете в конкурсе";"2261680";"—"
"2208";"11";"—";"246";"236";"10";"Участвуете в конкурсе";"2229665";"—"
"2209";"15";"—";"246";"236";"10";"Участвуете в конкурсе";"1267228";"—"
"2210";"3";"—";"246";"236";"10";"Участвуете в конкурсе";"1919942";"—"
"2211";"11";"—";"246";"236";"10";"Участвуете в конкурсе";"1712794";"—"
"2212";"7";"—";"246";"236";"10";"Участвуете в конкурсе";"2218416";"—"
"2213";"3";"—";"246";"236";"10";"Участвуете в конкурсе";"2249245";"—"
"2214";"4";"—";"246";"236";"10";"Участвуете в конкурсе";"1515383";"—"
"2215";"3";"Электронное";"245";"245";"0";"Участвуете в конкурсе";"2308131";"—"
"2216";"7";"—";"245";"245";"0";"Участвуете в конкурсе";"2049473";"—"
"2217";"2";"—";"245";"245";"0";"Участвуете в конкурсе";"1714827";"—"
"2218";"1";"—";"245";"245";"0";"Участвуете в конкурсе";"1028167";"—"
"2219";"3";"—";"245";"245";"0";"Участвуете в конкурсе";"1247481";"—"
"2220";"1";"—";"245";"245";"0";"Участвуете в конкурсе";"2332650";"—"
"2221";"1";"—";"245";"245";"0";"Участвуете в конкурсе";"2411540";"—"
"2222";"3";"—";"245";"245";"0";"Участвуете в конкурсе";"1768409";"—"
"2223";"2";"—";"245";"245";"0";"Участвуете в конкурсе";"2030765";"—"
"2224";"7";"—";"245";"245";"0";"Участвуете в конкурсе";"1330860";"—"
"2225";"7";"Электронное";"245";"245";"0";"Участвуете в конкурсе";"2417893";"—"
"2226";"14";"—";"245";"245";"0";"Участвуете в конкурсе";"2054967";"—"
"2227";"13";"—";"245";"245";"0";"Участвуете в конкурсе";"2367984";"—"
"2228";"1";"—";"245";"245";"0";"Участвуете в конкурсе";"1911096";"—"
"2229";"1";"—";"245";"245";"0";"Участвуете в конкурсе";"1909862";"—"
"2230";"1";"—";"245";"245";"0";"Участвуете в конкурсе";"1783503";"—"
"2231";"10";"Электронное";"245";"245";"0";"Участвуете в конкурсе";"1645058";"—"
"2232";"2";"—";"245";"245";"0";"Участвуете в конкурсе";"1858538";"—"
"2233";"3";"—";"245";"245";"0";"Участвуете в конкурсе";"1822093";"—"
"2234";"1";"—";"245";"245";"0";"Участвуете в конкурсе";"2340337";"—"
"2235";"4";"—";"245";"245";"0";"Участвуете в конкурсе";"2370555";"—"
"2236";"1";"—";"245";"245";"0";"Участвуете в конкурсе";"1619632";"—"
"2237";"3";"—";"245";"245";"0";"Участвуете в конкурсе";"1796506";"—"
"2238";"12";"—";"245";"245";"0";"Участвуете в конкурсе";"975399";"—"
"2239";"1";"—";"245";"245";"0";"Участвуете в конкурсе";"1900374";"—"
"2240";"4";"—";"245";"245";"0";"Участвуете в конкурсе";"2421624";"—"
"2241";"6";"—";"245";"245";"0";"Участвуете в конкурсе";"1854270";"—"
"2242";"3";"—";"245";"245";"0";"Участвуете в конкурсе";"2099627";"—"
"58";"2";"Электронное";"245";"245";"0";"Участвуете в конкурсе";"2425827";"—"
"2244";"3";"—";"245";"245";"0";"Участвуете в конкурсе";"1419946";"—"
"2245";"2";"—";"245";"245";"0";"Участвуете в конкурсе";"1651090";"—"
"2246";"7";"—";"245";"243";"2";"Участвуете в конкурсе";"2045213";"—"
"2247";"1";"—";"245";"243";"2";"Участвуете в конкурсе";"2139688";"—"
"59";"5";"Электронное";"245";"243";"2";"Участвуете в конкурсе";"1649555";"—"
"2249";"4";"—";"245";"243";"2";"Участвуете в конкурсе";"1353402";"—"
"2250";"1";"—";"245";"243";"2";"Участвуете в конкурсе";"2055660";"—"
"2251";"1";"—";"245";"243";"2";"Участвуете в конкурсе";"2169399";"—"
"2252";"3";"—";"245";"243";"2";"Участвуете в конкурсе";"1951508";"—"
"2253";"8";"Электронное";"245";"243";"2";"Участвуете в конкурсе";"1719452";"—"
"2254";"6";"Электронное";"245";"243";"2";"Участвуете в конкурсе";"2237432";"—"
"2255";"13";"Электронное";"245";"242";"3";"Участвуете в конкурсе";"1624144";"—"
"2256";"6";"—";"245";"242";"3";"Участвуете в конкурсе";"1727481";"—"
"2257";"8";"—";"245";"241";"4";"Участвуете в конкурсе";"2223297";"—"
"2258";"2";"—";"245";"240";"5";"Участвуете в конкурсе";"2181000";"—"
"2259";"4";"—";"245";"235";"10";"Участвуете в конкурсе";"1285246";"—"
"2260";"5";"—";"245";"235";"10";"Участвуете в конкурсе";"1844558";"—"
"2261";"4";"—";"245";"235";"10";"Участвуете в конкурсе";"2251976";"—"
"2262";"5";"—";"245";"235";"10";"Участвуете в конкурсе";"1405254";"—"
"2263";"3";"—";"245";"235";"10";"Участвуете в конкурсе";"1363001";"—"
"2264";"4";"—";"245";"235";"10";"Участвуете в конкурсе";"1594619";"—"
"2265";"2";"Электронное";"245";"235";"10";"Участвуете в конкурсе";"2248470";"—"
"2266";"3";"Электронное";"245";"235";"10";"Участвуете в конкурсе";"2303991";"—"
"2267";"1";"—";"245";"235";"10";"Участвуете в конкурсе";"1306382";"—"
"2268";"5";"—";"245";"235";"10";"Участвуете в конкурсе";"1648598";"—"
"2269";"12";"—";"245";"235";"10";"Участвуете в конкурсе";"2265315";"—"
"2270";"4";"—";"245";"235";"10";"Участвуете в конкурсе";"1145957";"—"
"2271";"4";"Электронное";"245";"235";"10";"Участвуете в конкурсе";"2219944";"—"
"2272";"5";"—";"245";"235";"10";"Участвуете в конкурсе";"1287737";"—"
"2273";"5";"—";"245";"235";"10";"Участвуете в конкурсе";"1255877";"—"
"2274";"3";"—";"245";"235";"10";"Участвуете в конкурсе";"1681244";"—"
"2275";"2";"—";"245";"235";"10";"Участвуете в конкурсе";"1794895";"—"
"2276";"1";"—";"245";"235";"10";"Участвуете в конкурсе";"2092052";"—"
"2277";"5";"—";"245";"235";"10";"Участвуете в конкурсе";"1977750";"—"
"2278";"2";"—";"245";"235";"10";"Участвуете в конкурсе";"2115087";"—"
"2279";"4";"—";"245";"235";"10";"Участвуете в конкурсе";"1077367";"—"
"60";"1";"Электронное";"245";"235";"10";"Участвуете в конкурсе";"1623651";"—"
"2281";"6";"Электронное";"245";"235";"10";"Участвуете в конкурсе";"1640845";"—"
"2282";"11";"—";"244";"244";"0";"Участвуете в конкурсе";"2304908";"—"
"2283";"4";"—";"244";"244";"0";"Участвуете в конкурсе";"1904650";"—"
"2284";"7";"—";"244";"244";"0";"Участвуете в конкурсе";"1357557";"—"
"2285";"1";"—";"244";"244";"0";"Участвуете в конкурсе";"1149778";"—"
"2286";"1";"—";"244";"244";"0";"Участвуете в конкурсе";"2272296";"—"
"61";"1";"Электронное";"244";"244";"0";"Участвуете в конкурсе";"2363438";"—"
"2288";"3";"—";"244";"244";"0";"Участвуете в конкурсе";"2000341";"—"
"2289";"1";"—";"244";"244";"0";"Участвуете в конкурсе";"2199101";"—"
"2290";"6";"—";"244";"244";"0";"Участвуете в конкурсе";"1289350";"—"
"2291";"2";"—";"244";"244";"0";"Участвуете в конкурсе";"1687949";"—"
"2292";"3";"—";"244";"244";"0";"Участвуете в конкурсе";"2271163";"—"
"2293";"6";"Электронное";"244";"244";"0";"Участвуете в конкурсе";"1998113";"—"
"2294";"1";"—";"244";"244";"0";"Участвуете в конкурсе";"1346633";"—"
"2295";"5";"Электронное";"244";"244";"0";"Участвуете в конкурсе";"1547210";"—"
"2296";"1";"—";"244";"244";"0";"Участвуете в конкурсе";"2305995";"—"
"2297";"3";"Электронное";"244";"244";"0";"Участвуете в конкурсе";"1440294";"—"
"2298";"2";"—";"244";"244";"0";"Участвуете в конкурсе";"1617354";"—"
"2299";"4";"—";"244";"242";"2";"Участвуете в конкурсе";"1847704";"—"
"2300";"2";"—";"244";"242";"2";"Участвуете в конкурсе";"1170676";"—"
"2301";"5";"—";"244";"242";"2";"Участвуете в конкурсе";"2284520";"—"
"2302";"8";"—";"244";"242";"2";"Участвуете в конкурсе";"2305670";"—"
"2303";"4";"Электронное";"244";"242";"2";"Участвуете в конкурсе";"1379997";"—"
"2304";"7";"—";"244";"242";"2";"Участвуете в конкурсе";"1793112";"—"
"2305";"5";"—";"244";"242";"2";"Участвуете в конкурсе";"1988823";"—"
"2306";"6";"—";"244";"242";"2";"Участвуете в конкурсе";"1975642";"—"
"2307";"8";"—";"244";"242";"2";"Участвуете в конкурсе";"1798259";"—"
"2308";"13";"Электронное";"244";"242";"2";"Участвуете в конкурсе";"1984166";"—"
"2309";"2";"—";"244";"242";"2";"Участвуете в конкурсе";"1900220";"—"
"2310";"1";"—";"244";"241";"3";"Участвуете в конкурсе";"2000188";"—"
"2311";"1";"—";"244";"241";"3";"Участвуете в конкурсе";"2363812";"—"
"2312";"4";"Электронное";"244";"241";"3";"Участвуете в конкурсе";"2207559";"—"
"2313";"3";"Электронное";"244";"240";"4";"Участвуете в конкурсе";"1249015";"—"
"2314";"1";"—";"244";"240";"4";"Участвуете в конкурсе";"1987285";"—"
"2315";"14";"—";"244";"239";"5";"Участвуете в конкурсе";"1930180";"—"
"2316";"4";"—";"244";"239";"5";"Участвуете в конкурсе";"1637506";"—"
"2317";"3";"Электронное";"244";"239";"5";"Участвуете в конкурсе";"1860231";"—"
"2318";"7";"—";"244";"239";"5";"Участвуете в конкурсе";"1497456";"—"
"62";"1";"Электронное";"244";"239";"5";"Участвуете в конкурсе";"1257331";"—"
"2320";"5";"—";"244";"236";"8";"Участвуете в конкурсе";"1586101";"—"
"2321";"7";"—";"244";"234";"10";"Участвуете в конкурсе";"2305227";"—"
"2322";"3";"—";"244";"234";"10";"Участвуете в конкурсе";"1256690";"—"
"2323";"7";"—";"244";"234";"10";"Участвуете в конкурсе";"1276829";"—"
"2324";"3";"—";"244";"234";"10";"Участвуете в конкурсе";"1572583";"—"
"2325";"7";"Электронное";"244";"234";"10";"Участвуете в конкурсе";"1574637";"—"
"2326";"1";"—";"244";"234";"10";"Участвуете в конкурсе";"1725316";"—"
"2327";"4";"Электронное";"244";"234";"10";"Участвуете в конкурсе";"2314822";"—"
"2328";"4";"—";"244";"234";"10";"Участвуете в конкурсе";"1534982";"—"
"2329";"2";"—";"244";"234";"10";"Участвуете в конкурсе";"1285585";"—"
"2330";"4";"—";"244";"234";"10";"Участвуете в конкурсе";"1655150";"—"
"2331";"10";"—";"244";"234";"10";"Участвуете в конкурсе";"2342721";"—"
"2332";"2";"—";"244";"234";"10";"Участвуете в конкурсе";"2425016";"—"
"2333";"5";"—";"244";"234";"10";"Участвуете в конкурсе";"1425132";"—"
"2334";"3";"—";"244";"234";"10";"Участвуете в конкурсе";"1205980";"—"
"2335";"2";"—";"244";"234";"10";"Участвуете в конкурсе";"1263169";"—"
"63";"2";"Электронное";"244";"234";"10";"Участвуете в конкурсе";"1514322";"—"
"2337";"6";"—";"244";"234";"10";"Участвуете в конкурсе";"1572343";"—"
"2338";"1";"—";"244";"234";"10";"Участвуете в конкурсе";"1904422";"—"
"2339";"1";"—";"244";"234";"10";"Участвуете в конкурсе";"1754079";"—"
"2340";"5";"—";"244";"234";"10";"Участвуете в конкурсе";"2098223";"—"
"2341";"1";"—";"244";"234";"10";"Участвуете в конкурсе";"1043460";"—"
"2342";"2";"—";"244";"234";"10";"Участвуете в конкурсе";"1540652";"—"
"2343";"1";"—";"243";"243";"0";"Участвуете в конкурсе";"1762393";"—"
"2344";"9";"Электронное";"243";"243";"0";"Участвуете в конкурсе";"2181989";"—"
"2345";"5";"—";"243";"243";"0";"Участвуете в конкурсе";"2315529";"—"
"2346";"3";"Электронное";"243";"243";"0";"Участвуете в конкурсе";"1288682";"—"
"2347";"12";"—";"243";"243";"0";"Участвуете в конкурсе";"1509465";"—"
"2348";"7";"—";"243";"243";"0";"Участвуете в конкурсе";"1779486";"—"
"2349";"6";"—";"243";"243";"0";"Участвуете в конкурсе";"2246178";"—"
"2350";"7";"Электронное";"243";"243";"0";"Участвуете в конкурсе";"1507247";"—"
"2351";"1";"—";"243";"243";"0";"Участвуете в конкурсе";"1495756";"—"
"2352";"12";"Электронное";"243";"243";"0";"Участвуете в конкурсе";"1856429";"—"
"2353";"9";"—";"243";"243";"0";"Участвуете в конкурсе";"2270264";"—"
"2354";"8";"—";"243";"243";"0";"Участвуете в конкурсе";"1771293";"—"
"2355";"2";"—";"243";"243";"0";"Участвуете в конкурсе";"2312081";"—"
"2356";"1";"—";"243";"243";"0";"Участвуете в конкурсе";"1716051";"—"
"2357";"5";"—";"243";"243";"0";"Участвуете в конкурсе";"1654629";"—"
"2358";"2";"—";"243";"243";"0";"Участвуете в конкурсе";"2230116";"—"
"2359";"1";"—";"243";"243";"0";"Участвуете в конкурсе";"2389775";"—"
"2360";"1";"—";"243";"243";"0";"Участвуете в конкурсе";"2229248";"—"
"2361";"2";"—";"243";"243";"0";"Участвуете в конкурсе";"1061593";"—"
"2362";"4";"Электронное";"243";"243";"0";"Участвуете в конкурсе";"1897839";"—"
"2363";"7";"—";"243";"243";"0";"Участвуете в конкурсе";"2176167";"—"
"2364";"1";"—";"243";"243";"0";"Участвуете в конкурсе";"1248731";"—"
"2365";"1";"—";"243";"243";"0";"Участвуете в конкурсе";"2425284";"—"
"2366";"5";"Электронное";"243";"241";"2";"Участвуете в конкурсе";"2219877";"—"
"2367";"19";"—";"243";"241";"2";"Участвуете в конкурсе";"1958421";"—"
"2368";"3";"—";"243";"241";"2";"Участвуете в конкурсе";"1845263";"—"
"2369";"4";"—";"243";"241";"2";"Участвуете в конкурсе";"2180148";"—"
"2370";"1";"—";"243";"241";"2";"Участвуете в конкурсе";"1432660";"—"
"2371";"1";"—";"243";"241";"2";"Участвуете в конкурсе";"1576826";"—"
"2372";"5";"—";"243";"241";"2";"Участвуете в конкурсе";"1949366";"—"
"2373";"1";"—";"243";"241";"2";"Участвуете в конкурсе";"1939684";"—"
"2374";"2";"—";"243";"241";"2";"Участвуете в конкурсе";"1411511";"—"
"2375";"8";"—";"243";"241";"2";"Участвуете в конкурсе";"1905923";"—"
"2376";"1";"—";"243";"241";"2";"Участвуете в конкурсе";"1799404";"—"
"2377";"1";"—";"243";"241";"2";"Участвуете в конкурсе";"1429892";"—"
"2378";"5";"—";"243";"241";"2";"Участвуете в конкурсе";"1881727";"—"
"2379";"4";"—";"243";"240";"3";"Участвуете в конкурсе";"1182264";"—"
"2380";"6";"—";"243";"240";"3";"Участвуете в конкурсе";"1573529";"—"
"2381";"2";"—";"243";"240";"3";"Участвуете в конкурсе";"2362521";"—"
"2382";"5";"—";"243";"240";"3";"Участвуете в конкурсе";"1171747";"—"
"2383";"2";"—";"243";"238";"5";"Участвуете в конкурсе";"1969314";"—"
"2384";"14";"Электронное";"243";"238";"5";"Участвуете в конкурсе";"2252765";"—"
"2385";"14";"—";"243";"238";"5";"Участвуете в конкурсе";"2176110";"—"
"2386";"3";"—";"243";"238";"5";"Участвуете в конкурсе";"1633806";"—"
"2387";"8";"—";"243";"237";"6";"Участвуете в конкурсе";"2227186";"—"
"2388";"3";"—";"243";"237";"6";"Участвуете в конкурсе";"1935378";"—"
"2389";"9";"—";"243";"234";"9";"Участвуете в конкурсе";"1963962";"—"
"2390";"3";"—";"243";"233";"10";"Участвуете в конкурсе";"1555371";"—"
"64";"3";"Электронное";"243";"233";"10";"Участвуете в конкурсе";"2317531";"—"
"2392";"1";"—";"243";"233";"10";"Участвуете в конкурсе";"1635524";"—"
"2393";"1";"—";"243";"233";"10";"Участвуете в конкурсе";"1775193";"—"
"2394";"1";"—";"243";"233";"10";"Участвуете в конкурсе";"1959337";"—"
"2395";"8";"—";"243";"233";"10";"Участвуете в конкурсе";"2315378";"—"
"2396";"1";"—";"243";"233";"10";"Участвуете в конкурсе";"2081098";"—"
"2397";"5";"—";"243";"233";"10";"Участвуете в конкурсе";"1636207";"—"
"2398";"3";"Электронное";"243";"233";"10";"Участвуете в конкурсе";"1881541";"—"
"2399";"1";"—";"243";"233";"10";"Участвуете в конкурсе";"1335692";"—"
"2400";"3";"—";"243";"233";"10";"Участвуете в конкурсе";"2006131";"—"
"2401";"6";"—";"243";"233";"10";"Участвуете в конкурсе";"1503708";"—"
"2402";"3";"—";"243";"233";"10";"Участвуете в конкурсе";"1559909";"—"
"2403";"1";"—";"243";"233";"10";"Участвуете в конкурсе";"1177591";"—"
"2404";"1";"—";"243";"233";"10";"Участвуете в конкурсе";"1725765";"—"
"2405";"2";"—";"243";"233";"10";"Участвуете в конкурсе";"1323593";"—"
"2406";"5";"—";"243";"233";"10";"Участвуете в конкурсе";"1765926";"—"
"2407";"8";"—";"243";"233";"10";"Участвуете в конкурсе";"1654477";"—"
"2408";"5";"—";"243";"233";"10";"Участвуете в конкурсе";"1975631";"—"
"2409";"2";"—";"243";"233";"10";"Участвуете в конкурсе";"1291134";"—"
"2410";"1";"—";"243";"233";"10";"Участвуете в конкурсе";"1441883";"—"
"2411";"2";"—";"243";"233";"10";"Участвуете в конкурсе";"1888907";"—"
"2412";"2";"—";"243";"233";"10";"Участвуете в конкурсе";"1921758";"—"
"2413";"1";"—";"243";"233";"10";"Участвуете в конкурсе";"1678829";"—"
"2414";"13";"Электронное";"242";"242";"0";"Участвуете в конкурсе";"1711290";"—"
"2415";"2";"Электронное";"242";"242";"0";"Участвуете в конкурсе";"1345069";"—"
"2416";"2";"—";"242";"242";"0";"Участвуете в конкурсе";"2196548";"—"
"2417";"1";"—";"242";"242";"0";"Участвуете в конкурсе";"2245161";"—"
"2418";"1";"—";"242";"242";"0";"Участвуете в конкурсе";"2382237";"—"
"2419";"6";"—";"242";"242";"0";"Участвуете в конкурсе";"2136579";"—"
"2420";"9";"—";"242";"242";"0";"Участвуете в конкурсе";"2392377";"—"
"2421";"2";"—";"242";"242";"0";"Участвуете в конкурсе";"2135334";"—"
"2422";"5";"—";"242";"242";"0";"Участвуете в конкурсе";"2277678";"—"
"2423";"5";"—";"242";"242";"0";"Участвуете в конкурсе";"1915163";"—"
"2424";"4";"—";"242";"242";"0";"Участвуете в конкурсе";"1956621";"—"
"2425";"12";"—";"242";"242";"0";"Участвуете в конкурсе";"2114839";"—"
"2426";"7";"—";"242";"242";"0";"Участвуете в конкурсе";"1951783";"—"
"2427";"4";"—";"242";"242";"0";"Участвуете в конкурсе";"2181668";"—"
"2428";"4";"—";"242";"242";"0";"Участвуете в конкурсе";"1627306";"—"
"2429";"9";"—";"242";"242";"0";"Участвуете в конкурсе";"1626815";"—"
"2430";"8";"Электронное";"242";"242";"0";"Участвуете в конкурсе";"2245553";"—"
"2431";"9";"—";"242";"240";"2";"Участвуете в конкурсе";"1898052";"—"
"2432";"1";"—";"242";"240";"2";"Участвуете в конкурсе";"1185160";"—"
"2433";"4";"—";"242";"240";"2";"Участвуете в конкурсе";"1998276";"—"
"2434";"7";"—";"242";"240";"2";"Участвуете в конкурсе";"1315404";"—"
"2435";"5";"—";"242";"240";"2";"Участвуете в конкурсе";"1625709";"—"
"2436";"4";"Электронное";"242";"240";"2";"Участвуете в конкурсе";"2182110";"—"
"2437";"7";"—";"242";"240";"2";"Участвуете в конкурсе";"1627362";"—"
"2438";"2";"—";"242";"240";"2";"Участвуете в конкурсе";"1061374";"—"
"2439";"3";"—";"242";"240";"2";"Участвуете в конкурсе";"1193152";"—"
"2440";"8";"—";"242";"240";"2";"Участвуете в конкурсе";"1511610";"—"
"2441";"9";"—";"242";"240";"2";"Участвуете в конкурсе";"2302785";"—"
"2442";"7";"Электронное";"242";"240";"2";"Участвуете в конкурсе";"1909780";"—"
"2443";"4";"—";"242";"239";"3";"Участвуете в конкурсе";"1570994";"—"
"2444";"1";"—";"242";"238";"4";"Участвуете в конкурсе";"1357261";"—"
"2445";"1";"—";"242";"237";"5";"Участвуете в конкурсе";"1264209";"—"
"2446";"10";"—";"242";"237";"5";"Участвуете в конкурсе";"2254733";"—"
"2447";"11";"—";"242";"234";"8";"Участвуете в конкурсе";"1248615";"—"
"2448";"8";"—";"242";"232";"10";"Участвуете в конкурсе";"2222350";"—"
"2449";"1";"—";"242";"232";"10";"Участвуете в конкурсе";"1598791";"—"
"2450";"7";"—";"242";"232";"10";"Участвуете в конкурсе";"2181190";"—"
"2451";"4";"—";"242";"232";"10";"Участвуете в конкурсе";"1773474";"—"
"2452";"2";"—";"242";"232";"10";"Участвуете в конкурсе";"2239920";"—"
"2453";"6";"—";"242";"232";"10";"Участвуете в конкурсе";"1445369";"—"
"2454";"9";"Электронное";"242";"232";"10";"Участвуете в конкурсе";"1702870";"—"
"2455";"1";"—";"242";"232";"10";"Участвуете в конкурсе";"1655407";"—"
"2456";"2";"—";"242";"232";"10";"Участвуете в конкурсе";"1247864";"—"
"2457";"7";"—";"242";"232";"10";"Участвуете в конкурсе";"1658971";"—"
"2458";"1";"—";"242";"232";"10";"Участвуете в конкурсе";"1711291";"—"
"2459";"1";"—";"242";"232";"10";"Участвуете в конкурсе";"1898346";"—"
"2460";"4";"—";"242";"232";"10";"Участвуете в конкурсе";"1391830";"—"
"2461";"7";"—";"242";"232";"10";"Участвуете в конкурсе";"1334740";"—"
"2462";"2";"—";"241";"241";"0";"Участвуете в конкурсе";"2180429";"—"
"2463";"1";"—";"241";"241";"0";"Участвуете в конкурсе";"1142666";"—"
"2464";"2";"—";"241";"241";"0";"Участвуете в конкурсе";"1651275";"—"
"2465";"3";"—";"241";"241";"0";"Участвуете в конкурсе";"2216953";"—"
"2466";"2";"—";"241";"241";"0";"Участвуете в конкурсе";"1613456";"—"
"2467";"1";"—";"241";"241";"0";"Участвуете в конкурсе";"1840305";"—"
"2468";"6";"—";"241";"241";"0";"Участвуете в конкурсе";"1330889";"—"
"2469";"8";"—";"241";"241";"0";"Участвуете в конкурсе";"2338408";"—"
"2470";"12";"—";"241";"241";"0";"Участвуете в конкурсе";"968797";"—"
"2471";"12";"Электронное";"241";"241";"0";"Участвуете в конкурсе";"1932465";"—"
"2472";"1";"—";"241";"241";"0";"Участвуете в конкурсе";"1232541";"—"
"2473";"1";"—";"241";"241";"0";"Участвуете в конкурсе";"1335081";"—"
"2474";"7";"—";"241";"241";"0";"Участвуете в конкурсе";"1961551";"—"
"2475";"4";"—";"241";"241";"0";"Участвуете в конкурсе";"1638009";"—"
"2476";"5";"—";"241";"241";"0";"Участвуете в конкурсе";"1846636";"—"
"2477";"2";"—";"241";"241";"0";"Участвуете в конкурсе";"1298954";"—"
"2478";"2";"—";"241";"241";"0";"Участвуете в конкурсе";"1598034";"—"
"2479";"9";"—";"241";"241";"0";"Участвуете в конкурсе";"2388902";"—"
"2480";"2";"—";"241";"241";"0";"Участвуете в конкурсе";"1182001";"—"
"2481";"7";"—";"241";"241";"0";"Участвуете в конкурсе";"1587293";"—"
"2482";"1";"—";"241";"241";"0";"Участвуете в конкурсе";"1794088";"—"
"2483";"2";"—";"241";"241";"0";"Участвуете в конкурсе";"2190548";"—"
"2484";"1";"—";"241";"241";"0";"Участвуете в конкурсе";"1952587";"—"
"2485";"3";"—";"241";"239";"2";"Участвуете в конкурсе";"1723959";"—"
"2486";"1";"—";"241";"239";"2";"Участвуете в конкурсе";"2209806";"—"
"2487";"5";"—";"241";"239";"2";"Участвуете в конкурсе";"1310117";"—"
"65";"2";"Электронное";"241";"238";"3";"Участвуете в конкурсе";"1262058";"—"
"2489";"8";"—";"241";"238";"3";"Участвуете в конкурсе";"1480801";"—"
"66";"1";"Электронное";"241";"237";"4";"Участвуете в конкурсе";"1722498";"—"
"2491";"6";"Электронное";"241";"236";"5";"Участвуете в конкурсе";"1428691";"—"
"2492";"1";"—";"241";"236";"5";"Участвуете в конкурсе";"2389792";"—"
"2493";"1";"—";"241";"231";"10";"Участвуете в конкурсе";"1061265";"—"
"2494";"5";"—";"241";"231";"10";"Участвуете в конкурсе";"1929767";"—"
"2495";"4";"—";"241";"231";"10";"Участвуете в конкурсе";"1945526";"—"
"2496";"1";"—";"241";"231";"10";"Участвуете в конкурсе";"2231077";"—"
"2497";"2";"—";"241";"231";"10";"Участвуете в конкурсе";"1125112";"—"
"2498";"2";"—";"241";"231";"10";"Участвуете в конкурсе";"1788404";"—"
"2499";"3";"—";"241";"231";"10";"Участвуете в конкурсе";"1501648";"—"
"2500";"9";"Электронное";"241";"231";"10";"Участвуете в конкурсе";"1653157";"—"
"2501";"6";"—";"241";"231";"10";"Участвуете в конкурсе";"1716430";"—"
"2502";"6";"—";"241";"231";"10";"Участвуете в конкурсе";"2218232";"—"
"2503";"2";"Электронное";"241";"231";"10";"Участвуете в конкурсе";"1793985";"—"
"2504";"4";"—";"241";"231";"10";"Участвуете в конкурсе";"1482304";"—"
"2505";"1";"—";"241";"231";"10";"Участвуете в конкурсе";"1846102";"—"
"2506";"1";"Электронное";"241";"231";"10";"Участвуете в конкурсе";"1214527";"—"
"2507";"10";"Электронное";"241";"231";"10";"Участвуете в конкурсе";"2255240";"—"
"2508";"11";"—";"241";"231";"10";"Участвуете в конкурсе";"1690541";"—"
"2509";"5";"—";"241";"231";"10";"Участвуете в конкурсе";"1728792";"—"
"2510";"5";"—";"241";"231";"10";"Участвуете в конкурсе";"2275137";"—"
"2511";"4";"—";"241";"231";"10";"Участвуете в конкурсе";"1272817";"—"
"2512";"2";"Электронное";"241";"231";"10";"Участвуете в конкурсе";"1648540";"—"
"2513";"10";"—";"241";"231";"10";"Участвуете в конкурсе";"1649669";"—"
"2514";"2";"—";"241";"231";"10";"Участвуете в конкурсе";"1850307";"—"
"2515";"2";"—";"241";"231";"10";"Участвуете в конкурсе";"1033323";"—"
"2516";"6";"—";"241";"231";"10";"Участвуете в конкурсе";"1913852";"—"
"2517";"1";"—";"240";"240";"0";"Участвуете в конкурсе";"1842055";"—"
"2518";"2";"—";"240";"240";"0";"Участвуете в конкурсе";"1776428";"—"
"2519";"2";"—";"240";"240";"0";"Участвуете в конкурсе";"2254799";"—"
"2520";"1";"—";"240";"240";"0";"Участвуете в конкурсе";"1207186";"—"
"2521";"10";"—";"240";"240";"0";"Участвуете в конкурсе";"2244267";"—"
"2522";"3";"—";"240";"240";"0";"Участвуете в конкурсе";"1605327";"—"
"2523";"1";"—";"240";"240";"0";"Участвуете в конкурсе";"1196678";"—"
"2524";"4";"—";"240";"240";"0";"Участвуете в конкурсе";"1279997";"—"
"2525";"5";"—";"240";"240";"0";"Участвуете в конкурсе";"2066987";"—"
"2526";"1";"—";"240";"240";"0";"Участвуете в конкурсе";"1344113";"—"
"2527";"2";"—";"240";"240";"0";"Участвуете в конкурсе";"1648838";"—"
"2528";"2";"Электронное";"240";"240";"0";"Участвуете в конкурсе";"1795199";"—"
"2529";"3";"—";"240";"240";"0";"Участвуете в конкурсе";"1169359";"—"
"2530";"1";"—";"240";"240";"0";"Участвуете в конкурсе";"1644047";"—"
"2531";"5";"Электронное";"240";"240";"0";"Участвуете в конкурсе";"1345786";"—"
"2532";"6";"—";"240";"240";"0";"Участвуете в конкурсе";"2229488";"—"
"2533";"2";"—";"240";"240";"0";"Участвуете в конкурсе";"1425016";"—"
"2534";"2";"—";"240";"240";"0";"Участвуете в конкурсе";"2257517";"—"
"2535";"9";"—";"240";"240";"0";"Участвуете в конкурсе";"2143047";"—"
"2536";"10";"—";"240";"240";"0";"Участвуете в конкурсе";"2378335";"—"
"2537";"11";"—";"240";"240";"0";"Участвуете в конкурсе";"2308187";"—"
"2538";"2";"—";"240";"240";"0";"Участвуете в конкурсе";"2257710";"—"
"2539";"5";"—";"240";"240";"0";"Участвуете в конкурсе";"2145898";"—"
"2540";"8";"—";"240";"238";"2";"Участвуете в конкурсе";"2308806";"—"
"2541";"3";"—";"240";"238";"2";"Участвуете в конкурсе";"1239139";"—"
"2542";"10";"—";"240";"238";"2";"Участвуете в конкурсе";"1651009";"—"
"2543";"6";"—";"240";"238";"2";"Участвуете в конкурсе";"1583586";"—"
"2544";"1";"—";"240";"238";"2";"Участвуете в конкурсе";"2273081";"—"
"2545";"3";"—";"240";"238";"2";"Участвуете в конкурсе";"1545399";"—"
"2546";"12";"—";"240";"238";"2";"Участвуете в конкурсе";"1576283";"—"
"2547";"2";"—";"240";"238";"2";"Участвуете в конкурсе";"1265757";"—"
"2548";"5";"—";"240";"238";"2";"Участвуете в конкурсе";"2002981";"—"
"2549";"13";"—";"240";"238";"2";"Участвуете в конкурсе";"2248942";"—"
"2550";"4";"—";"240";"238";"2";"Участвуете в конкурсе";"2416313";"—"
"2551";"5";"—";"240";"238";"2";"Участвуете в конкурсе";"1644785";"—"
"2552";"1";"—";"240";"238";"2";"Участвуете в конкурсе";"1827630";"—"
"2553";"1";"—";"240";"238";"2";"Участвуете в конкурсе";"1209304";"—"
"2554";"1";"—";"240";"238";"2";"Участвуете в конкурсе";"1915669";"—"
"2555";"5";"—";"240";"238";"2";"Участвуете в конкурсе";"2187876";"—"
"2556";"1";"—";"240";"237";"3";"Участвуете в конкурсе";"2356605";"—"
"2557";"5";"Электронное";"240";"237";"3";"Участвуете в конкурсе";"2183736";"—"
"2558";"5";"—";"240";"237";"3";"Участвуете в конкурсе";"2089982";"—"
"2559";"7";"Электронное";"240";"236";"4";"Участвуете в конкурсе";"1360209";"—"
"2560";"5";"—";"240";"236";"4";"Участвуете в конкурсе";"2257202";"—"
"2561";"2";"—";"240";"236";"4";"Участвуете в конкурсе";"2312375";"—"
"2562";"2";"—";"240";"235";"5";"Участвуете в конкурсе";"1240716";"—"
"2563";"1";"—";"240";"235";"5";"Участвуете в конкурсе";"1176599";"—"
"67";"2";"Электронное";"240";"235";"5";"Участвуете в конкурсе";"1445614";"—"
"2565";"1";"—";"240";"235";"5";"Участвуете в конкурсе";"2212235";"—"
"2566";"4";"—";"240";"234";"6";"Участвуете в конкурсе";"1220961";"—"
"2567";"12";"—";"240";"234";"6";"Участвуете в конкурсе";"1099270";"—"
"2568";"1";"—";"240";"233";"7";"Участвуете в конкурсе";"2250094";"—"
"2569";"1";"—";"240";"232";"8";"Участвуете в конкурсе";"2307083";"—"
"2570";"1";"—";"240";"230";"10";"Участвуете в конкурсе";"1204788";"—"
"2571";"3";"—";"240";"230";"10";"Участвуете в конкурсе";"2184349";"—"
"2572";"9";"—";"240";"230";"10";"Участвуете в конкурсе";"1509020";"—"
"2573";"5";"—";"240";"230";"10";"Участвуете в конкурсе";"2084630";"—"
"2574";"5";"Электронное";"240";"230";"10";"Участвуете в конкурсе";"1627624";"—"
"2575";"2";"Электронное";"240";"230";"10";"Участвуете в конкурсе";"2219205";"—"
"2576";"13";"—";"240";"230";"10";"Участвуете в конкурсе";"2264847";"—"
"2577";"9";"Электронное";"240";"230";"10";"Участвуете в конкурсе";"1504235";"—"
"2578";"6";"—";"240";"230";"10";"Участвуете в конкурсе";"1726249";"—"
"2579";"13";"—";"240";"230";"10";"Участвуете в конкурсе";"1858730";"—"
"2580";"4";"—";"240";"230";"10";"Участвуете в конкурсе";"2033424";"—"
"2581";"2";"—";"240";"230";"10";"Участвуете в конкурсе";"2316283";"—"
"2582";"8";"—";"240";"230";"10";"Участвуете в конкурсе";"1988769";"—"
"2583";"1";"—";"240";"230";"10";"Участвуете в конкурсе";"1635313";"—"
"68";"1";"Электронное";"240";"230";"10";"Участвуете в конкурсе";"2049080";"—"
"2585";"1";"—";"240";"230";"10";"Участвуете в конкурсе";"1483356";"—"
"2586";"1";"—";"240";"230";"10";"Участвуете в конкурсе";"1064781";"—"
"2587";"6";"—";"240";"230";"10";"Участвуете в конкурсе";"1795132";"—"
"2588";"6";"—";"240";"230";"10";"Участвуете в конкурсе";"1791976";"—"
"2589";"2";"—";"240";"230";"10";"Участвуете в конкурсе";"2416745";"—"
"2590";"2";"Электронное";"240";"230";"10";"Участвуете в конкурсе";"1848035";"—"
"2591";"8";"—";"240";"230";"10";"Участвуете в конкурсе";"1574719";"—"
"2592";"8";"—";"239";"239";"0";"Участвуете в конкурсе";"1507287";"—"
"2593";"2";"—";"239";"239";"0";"Участвуете в конкурсе";"1677650";"—"
"2594";"2";"Электронное";"239";"239";"0";"Участвуете в конкурсе";"1988293";"—"
"2595";"1";"—";"239";"239";"0";"Участвуете в конкурсе";"2243345";"—"
"2596";"11";"—";"239";"239";"0";"Участвуете в конкурсе";"1517076";"—"
"2597";"2";"—";"239";"239";"0";"Участвуете в конкурсе";"2410690";"—"
"2598";"5";"Электронное";"239";"239";"0";"Участвуете в конкурсе";"1579913";"—"
"2599";"5";"—";"239";"239";"0";"Участвуете в конкурсе";"2369093";"—"
"2600";"1";"—";"239";"239";"0";"Участвуете в конкурсе";"1789371";"—"
"2601";"9";"—";"239";"239";"0";"Участвуете в конкурсе";"1730855";"—"
"2602";"12";"—";"239";"239";"0";"Участвуете в конкурсе";"2055158";"—"
"2603";"6";"Электронное";"239";"239";"0";"Участвуете в конкурсе";"2339782";"—"
"2604";"6";"—";"239";"239";"0";"Участвуете в конкурсе";"962544";"—"
"2605";"1";"—";"239";"239";"0";"Участвуете в конкурсе";"1622816";"—"
"2606";"2";"—";"239";"239";"0";"Участвуете в конкурсе";"1728880";"—"
"2607";"7";"—";"239";"239";"0";"Участвуете в конкурсе";"2238152";"—"
"2608";"5";"—";"239";"239";"0";"Участвуете в конкурсе";"1259195";"—"
"2609";"10";"—";"239";"239";"0";"Участвуете в конкурсе";"2339265";"—"
"2610";"3";"—";"239";"239";"0";"Участвуете в конкурсе";"1574260";"—"
"2611";"1";"—";"239";"239";"0";"Участвуете в конкурсе";"2143296";"—"
"2612";"3";"—";"239";"239";"0";"Участвуете в конкурсе";"1581506";"—"
"2613";"7";"Электронное";"239";"239";"0";"Участвуете в конкурсе";"1628437";"—"
"2614";"4";"—";"239";"239";"0";"Участвуете в конкурсе";"1466766";"—"
"2615";"1";"—";"239";"239";"0";"Участвуете в конкурсе";"1289938";"—"
"69";"1";"Электронное";"239";"239";"0";"Участвуете в конкурсе";"1610335";"—"
"2617";"4";"—";"239";"239";"0";"Участвуете в конкурсе";"2131823";"—"
"2618";"12";"—";"239";"239";"0";"Участвуете в конкурсе";"2267350";"—"
"2619";"5";"—";"239";"237";"2";"Участвуете в конкурсе";"1199097";"—"
"2620";"13";"Электронное";"239";"237";"2";"Участвуете в конкурсе";"1619700";"—"
"2621";"3";"—";"239";"237";"2";"Участвуете в конкурсе";"2218784";"—"
"2622";"7";"—";"239";"237";"2";"Участвуете в конкурсе";"2370785";"—"
"2623";"6";"—";"239";"237";"2";"Участвуете в конкурсе";"1641930";"—"
"2624";"7";"—";"239";"237";"2";"Участвуете в конкурсе";"1911906";"—"
"2625";"5";"—";"239";"237";"2";"Участвуете в конкурсе";"1212161";"—"
"2626";"3";"Электронное";"239";"237";"2";"Участвуете в конкурсе";"1715479";"—"
"2627";"1";"—";"239";"237";"2";"Участвуете в конкурсе";"1644795";"—"
"70";"2";"Электронное";"239";"236";"3";"Участвуете в конкурсе";"2177306";"—"
"2629";"12";"—";"239";"236";"3";"Участвуете в конкурсе";"831373";"—"
"2630";"12";"—";"239";"235";"4";"Участвуете в конкурсе";"1911203";"—"
"2631";"11";"Электронное";"239";"235";"4";"Участвуете в конкурсе";"2224427";"—"
"2632";"1";"—";"239";"235";"4";"Участвуете в конкурсе";"2362593";"—"
"2633";"3";"—";"239";"234";"5";"Участвуете в конкурсе";"2089906";"—"
"2634";"2";"—";"239";"234";"5";"Участвуете в конкурсе";"1259373";"—"
"2635";"9";"—";"239";"233";"6";"Участвуете в конкурсе";"1209621";"—"
"2636";"7";"Электронное";"239";"231";"8";"Участвуете в конкурсе";"2344960";"—"
"2637";"6";"—";"239";"229";"10";"Участвуете в конкурсе";"970688";"—"
"2638";"3";"—";"239";"229";"10";"Участвуете в конкурсе";"1908361";"—"
"2639";"6";"—";"239";"229";"10";"Участвуете в конкурсе";"2266977";"—"
"2640";"4";"—";"239";"229";"10";"Участвуете в конкурсе";"1421713";"—"
"2641";"11";"—";"239";"229";"10";"Участвуете в конкурсе";"2340361";"—"
"2642";"1";"—";"239";"229";"10";"Участвуете в конкурсе";"1409932";"—"
"2643";"9";"—";"239";"229";"10";"Участвуете в конкурсе";"2263523";"—"
"2644";"4";"—";"239";"229";"10";"Участвуете в конкурсе";"1995487";"—"
"2645";"9";"—";"239";"229";"10";"Участвуете в конкурсе";"1729763";"—"
"2646";"5";"—";"239";"229";"10";"Участвуете в конкурсе";"1390919";"—"
"2647";"1";"—";"239";"229";"10";"Участвуете в конкурсе";"2100361";"—"
"2648";"1";"—";"239";"229";"10";"Участвуете в конкурсе";"2262451";"—"
"2649";"2";"—";"239";"229";"10";"Участвуете в конкурсе";"1558060";"—"
"2650";"9";"Электронное";"239";"229";"10";"Участвуете в конкурсе";"1958550";"—"
"2651";"12";"Электронное";"239";"229";"10";"Участвуете в конкурсе";"2232806";"—"
"2652";"5";"—";"239";"229";"10";"Участвуете в конкурсе";"1773638";"—"
"71";"3";"Электронное";"239";"229";"10";"Участвуете в конкурсе";"2249990";"—"
"2654";"6";"—";"239";"229";"10";"Участвуете в конкурсе";"1577164";"—"
"2655";"3";"—";"239";"229";"10";"Участвуете в конкурсе";"1957821";"—"
"2656";"6";"—";"238";"238";"0";"Участвуете в конкурсе";"1331351";"—"
"2657";"2";"—";"238";"238";"0";"Участвуете в конкурсе";"1360779";"—"
"2658";"18";"—";"238";"238";"0";"Участвуете в конкурсе";"2412638";"—"
"2659";"4";"—";"238";"238";"0";"Участвуете в конкурсе";"1755736";"—"
"2660";"4";"—";"238";"238";"0";"Участвуете в конкурсе";"2162664";"—"
"2661";"2";"—";"238";"238";"0";"Участвуете в конкурсе";"1344888";"—"
"72";"3";"Электронное";"238";"238";"0";"Участвуете в конкурсе";"1186301";"—"
"2663";"11";"—";"238";"238";"0";"Участвуете в конкурсе";"2195018";"—"
"2664";"4";"—";"238";"238";"0";"Участвуете в конкурсе";"2372286";"—"
"2665";"6";"—";"238";"238";"0";"Участвуете в конкурсе";"1609504";"—"
"2666";"3";"—";"238";"238";"0";"Участвуете в конкурсе";"2127870";"—"
"2667";"1";"—";"238";"238";"0";"Участвуете в конкурсе";"2292221";"—"
"2668";"1";"—";"238";"238";"0";"Участвуете в конкурсе";"2106079";"—"
"2669";"8";"—";"238";"238";"0";"Участвуете в конкурсе";"1495292";"—"
"2670";"15";"—";"238";"238";"0";"Участвуете в конкурсе";"2182070";"—"
"2671";"12";"—";"238";"238";"0";"Участвуете в конкурсе";"1604858";"—"
"2672";"17";"—";"238";"238";"0";"Участвуете в конкурсе";"2316254";"—"
"2673";"8";"—";"238";"238";"0";"Участвуете в конкурсе";"2098145";"—"
"2674";"4";"—";"238";"238";"0";"Участвуете в конкурсе";"1826645";"—"
"2675";"16";"—";"238";"238";"0";"Участвуете в конкурсе";"2423575";"—"
"2676";"11";"—";"238";"238";"0";"Участвуете в конкурсе";"1644082";"—"
"2677";"8";"—";"238";"238";"0";"Участвуете в конкурсе";"2259100";"—"
"2678";"10";"Электронное";"238";"238";"0";"Участвуете в конкурсе";"2205728";"—"
"2679";"2";"—";"238";"238";"0";"Участвуете в конкурсе";"1833803";"—"
"2680";"3";"—";"238";"238";"0";"Участвуете в конкурсе";"2246554";"—"
"2681";"3";"—";"238";"238";"0";"Участвуете в конкурсе";"1859552";"—"
"2682";"8";"—";"238";"236";"2";"Участвуете в конкурсе";"1468373";"—"
"2683";"10";"—";"238";"236";"2";"Участвуете в конкурсе";"2120847";"—"
"2684";"10";"—";"238";"236";"2";"Участвуете в конкурсе";"1178337";"—"
"2685";"4";"—";"238";"236";"2";"Участвуете в конкурсе";"1203656";"—"
"2686";"16";"—";"238";"236";"2";"Участвуете в конкурсе";"1211294";"—"
"2687";"2";"—";"238";"236";"2";"Участвуете в конкурсе";"1486804";"—"
"2688";"11";"—";"238";"236";"2";"Участвуете в конкурсе";"1620755";"—"
"2689";"4";"—";"238";"236";"2";"Участвуете в конкурсе";"1495822";"—"
"2690";"3";"—";"238";"236";"2";"Участвуете в конкурсе";"2177685";"—"
"2691";"10";"—";"238";"236";"2";"Участвуете в конкурсе";"1872812";"—"
"2692";"2";"—";"238";"236";"2";"Участвуете в конкурсе";"1971439";"—"
"2693";"2";"—";"238";"236";"2";"Участвуете в конкурсе";"1946708";"—"
"2694";"6";"—";"238";"236";"2";"Участвуете в конкурсе";"2003167";"—"
"2695";"5";"—";"238";"236";"2";"Участвуете в конкурсе";"2163090";"—"
"2696";"2";"—";"238";"235";"3";"Участвуете в конкурсе";"1604059";"—"
"2697";"9";"—";"238";"235";"3";"Участвуете в конкурсе";"2419140";"—"
"2698";"2";"Электронное";"238";"234";"4";"Участвуете в конкурсе";"974734";"—"
"2699";"3";"—";"238";"233";"5";"Участвуете в конкурсе";"1315922";"—"
"2700";"3";"—";"238";"233";"5";"Участвуете в конкурсе";"1832388";"—"
"2701";"10";"—";"238";"229";"9";"Участвуете в конкурсе";"2255958";"—"
"2702";"6";"—";"238";"228";"10";"Участвуете в конкурсе";"1566655";"—"
"2703";"2";"—";"238";"228";"10";"Участвуете в конкурсе";"1209256";"—"
"2704";"10";"—";"238";"228";"10";"Участвуете в конкурсе";"1928890";"—"
"2705";"1";"—";"238";"228";"10";"Участвуете в конкурсе";"1847018";"—"
"2706";"3";"—";"238";"228";"10";"Участвуете в конкурсе";"2369323";"—"
"2707";"15";"—";"238";"228";"10";"Участвуете в конкурсе";"2306828";"—"
"2708";"1";"—";"238";"228";"10";"Участвуете в конкурсе";"2175557";"—"
"2709";"1";"—";"238";"228";"10";"Участвуете в конкурсе";"2096782";"—"
"2710";"3";"—";"238";"228";"10";"Участвуете в конкурсе";"2402338";"—"
"2711";"6";"—";"237";"237";"0";"Участвуете в конкурсе";"1210416";"—"
"73";"2";"Электронное";"237";"237";"0";"Участвуете в конкурсе";"2207254";"—"
"2713";"7";"—";"237";"237";"0";"Участвуете в конкурсе";"2053023";"—"
"2714";"1";"—";"237";"237";"0";"Участвуете в конкурсе";"2023867";"—"
"2715";"1";"—";"237";"237";"0";"Участвуете в конкурсе";"1903433";"—"
"2716";"3";"—";"237";"237";"0";"Участвуете в конкурсе";"1774576";"—"
"2717";"7";"—";"237";"237";"0";"Участвуете в конкурсе";"2243130";"—"
"2718";"5";"—";"237";"237";"0";"Участвуете в конкурсе";"1325872";"—"
"2719";"7";"—";"237";"237";"0";"Участвуете в конкурсе";"1515014";"—"
"2720";"13";"—";"237";"237";"0";"Участвуете в конкурсе";"1913033";"—"
"2721";"6";"—";"237";"237";"0";"Участвуете в конкурсе";"2096043";"—"
"2722";"1";"—";"237";"237";"0";"Участвуете в конкурсе";"1252389";"—"
"2723";"1";"Электронное";"237";"237";"0";"Участвуете в конкурсе";"1423653";"—"
"2724";"5";"—";"237";"237";"0";"Участвуете в конкурсе";"1522759";"—"
"2725";"1";"Электронное";"237";"237";"0";"Участвуете в конкурсе";"1586114";"—"
"2726";"4";"—";"237";"237";"0";"Участвуете в конкурсе";"1631664";"—"
"2727";"3";"—";"237";"237";"0";"Участвуете в конкурсе";"1653572";"—"
"2728";"12";"—";"237";"237";"0";"Участвуете в конкурсе";"1287994";"—"
"2729";"2";"—";"237";"237";"0";"Участвуете в конкурсе";"1261585";"—"
"2730";"5";"—";"237";"237";"0";"Участвуете в конкурсе";"1973405";"—"
"2731";"1";"—";"237";"237";"0";"Участвуете в конкурсе";"1281672";"—"
"2732";"4";"—";"237";"237";"0";"Участвуете в конкурсе";"1336864";"—"
"2733";"3";"—";"237";"237";"0";"Участвуете в конкурсе";"1622935";"—"
"2734";"12";"Электронное";"237";"237";"0";"Участвуете в конкурсе";"2344765";"—"
"2735";"6";"—";"237";"237";"0";"Участвуете в конкурсе";"2257804";"—"
"2736";"4";"—";"237";"237";"0";"Участвуете в конкурсе";"1288136";"—"
"2737";"9";"—";"237";"237";"0";"Участвуете в конкурсе";"1647745";"—"
"2738";"1";"—";"237";"235";"2";"Участвуете в конкурсе";"1178944";"—"
"2739";"3";"—";"237";"235";"2";"Участвуете в конкурсе";"2255307";"—"
"2740";"6";"—";"237";"235";"2";"Участвуете в конкурсе";"2015603";"—"
"2741";"7";"—";"237";"235";"2";"Участвуете в конкурсе";"2218634";"—"
"2742";"1";"—";"237";"235";"2";"Участвуете в конкурсе";"973887";"—"
"2743";"4";"—";"237";"235";"2";"Участвуете в конкурсе";"1243079";"—"
"2744";"4";"Электронное";"237";"235";"2";"Участвуете в конкурсе";"2171264";"—"
"2745";"1";"—";"237";"235";"2";"Участвуете в конкурсе";"1430731";"—"
"2746";"6";"—";"237";"233";"4";"Участвуете в конкурсе";"1726714";"—"
"2747";"2";"—";"237";"233";"4";"Участвуете в конкурсе";"2391524";"—"
"2748";"14";"—";"237";"232";"5";"Участвуете в конкурсе";"1730529";"—"
"2749";"6";"—";"237";"232";"5";"Участвуете в конкурсе";"1577144";"—"
"2750";"3";"—";"237";"232";"5";"Участвуете в конкурсе";"1615037";"—"
"2751";"5";"—";"237";"232";"5";"Участвуете в конкурсе";"2220733";"—"
"2752";"2";"Электронное";"237";"232";"5";"Участвуете в конкурсе";"2179182";"—"
"2753";"18";"—";"237";"231";"6";"Участвуете в конкурсе";"953890";"—"
"2754";"5";"—";"237";"227";"10";"Участвуете в конкурсе";"2269816";"—"
"2755";"11";"—";"237";"227";"10";"Участвуете в конкурсе";"2184609";"—"
"2756";"7";"—";"237";"227";"10";"Участвуете в конкурсе";"1584773";"—"
"2757";"6";"—";"237";"227";"10";"Участвуете в конкурсе";"1486769";"—"
"2758";"2";"—";"237";"227";"10";"Участвуете в конкурсе";"1286169";"—"
"2759";"1";"—";"237";"227";"10";"Участвуете в конкурсе";"1655569";"—"
"2760";"12";"—";"237";"227";"10";"Участвуете в конкурсе";"2143299";"—"
"2761";"3";"—";"237";"227";"10";"Участвуете в конкурсе";"1843816";"—"
"2762";"1";"—";"237";"227";"10";"Участвуете в конкурсе";"1792362";"—"
"2763";"2";"—";"237";"227";"10";"Участвуете в конкурсе";"1852774";"—"
"2764";"2";"—";"237";"227";"10";"Участвуете в конкурсе";"1897045";"—"
"2765";"3";"Электронное";"237";"227";"10";"Участвуете в конкурсе";"2002700";"—"
"2766";"6";"—";"237";"227";"10";"Участвуете в конкурсе";"2313365";"—"
"2767";"2";"—";"237";"227";"10";"Участвуете в конкурсе";"1896003";"—"
"2768";"11";"—";"237";"227";"10";"Участвуете в конкурсе";"1826230";"—"
"2769";"2";"Электронное";"237";"227";"10";"Участвуете в конкурсе";"1403756";"—"
"2770";"7";"—";"237";"227";"10";"Участвуете в конкурсе";"1366585";"—"
"2771";"2";"Электронное";"237";"227";"10";"Участвуете в конкурсе";"2338166";"—"
"2772";"11";"Электронное";"237";"227";"10";"Участвуете в конкурсе";"1949336";"—"
"2773";"1";"—";"236";"236";"0";"Участвуете в конкурсе";"1337127";"—"
"2774";"5";"—";"236";"236";"0";"Участвуете в конкурсе";"1956950";"—"
"2775";"2";"—";"236";"236";"0";"Участвуете в конкурсе";"1584274";"—"
"2776";"5";"—";"236";"236";"0";"Участвуете в конкурсе";"1493322";"—"
"2777";"1";"—";"236";"236";"0";"Участвуете в конкурсе";"1216882";"—"
"2778";"7";"—";"236";"236";"0";"Участвуете в конкурсе";"2038226";"—"
"2779";"6";"—";"236";"236";"0";"Участвуете в конкурсе";"2369504";"—"
"2780";"1";"—";"236";"236";"0";"Участвуете в конкурсе";"1026257";"—"
"2781";"1";"—";"236";"236";"0";"Участвуете в конкурсе";"1622886";"—"
"2782";"1";"—";"236";"236";"0";"Участвуете в конкурсе";"2299194";"—"
"2783";"5";"—";"236";"236";"0";"Участвуете в конкурсе";"2371199";"—"
"2784";"2";"—";"236";"236";"0";"Участвуете в конкурсе";"1075141";"—"
"2785";"5";"—";"236";"236";"0";"Участвуете в конкурсе";"2207268";"—"
"2786";"3";"Электронное";"236";"236";"0";"Участвуете в конкурсе";"2055782";"—"
"2787";"3";"—";"236";"236";"0";"Участвуете в конкурсе";"1563932";"—"
"2788";"4";"Электронное";"236";"236";"0";"Участвуете в конкурсе";"1659894";"—"
"2789";"3";"—";"236";"236";"0";"Участвуете в конкурсе";"1182206";"—"
"2790";"2";"—";"236";"236";"0";"Участвуете в конкурсе";"1270718";"—"
"2791";"7";"Электронное";"236";"236";"0";"Участвуете в конкурсе";"1782617";"—"
"2792";"2";"—";"236";"236";"0";"Участвуете в конкурсе";"1690156";"—"
"2793";"3";"—";"236";"236";"0";"Участвуете в конкурсе";"1702230";"—"
"2794";"4";"—";"236";"236";"0";"Участвуете в конкурсе";"1648287";"—"
"2795";"4";"—";"236";"236";"0";"Участвуете в конкурсе";"1987588";"—"
"2796";"6";"—";"236";"236";"0";"Участвуете в конкурсе";"1289697";"—"
"2797";"2";"Электронное";"236";"236";"0";"Участвуете в конкурсе";"1337580";"—"
"2798";"1";"—";"236";"236";"0";"Участвуете в конкурсе";"1443466";"—"
"2799";"2";"—";"236";"236";"0";"Участвуете в конкурсе";"2097986";"—"
"2800";"3";"—";"236";"236";"0";"Участвуете в конкурсе";"995876";"—"
"2801";"6";"—";"236";"236";"0";"Участвуете в конкурсе";"1558278";"—"
"2802";"4";"—";"236";"234";"2";"Участвуете в конкурсе";"1792934";"—"
"2803";"7";"—";"236";"234";"2";"Участвуете в конкурсе";"2179243";"—"
"2804";"4";"—";"236";"234";"2";"Участвуете в конкурсе";"2047374";"—"
"2805";"2";"—";"236";"234";"2";"Участвуете в конкурсе";"1411803";"—"
"2806";"9";"—";"236";"234";"2";"Участвуете в конкурсе";"1989058";"—"
"2807";"1";"Электронное";"236";"234";"2";"Участвуете в конкурсе";"1850253";"—"
"2808";"5";"—";"236";"234";"2";"Участвуете в конкурсе";"2363674";"—"
"2809";"3";"Электронное";"236";"234";"2";"Участвуете в конкурсе";"2223504";"—"
"2810";"13";"—";"236";"234";"2";"Участвуете в конкурсе";"1287760";"—"
"2811";"1";"Электронное";"236";"234";"2";"Участвуете в конкурсе";"1371191";"—"
"2812";"4";"—";"236";"233";"3";"Участвуете в конкурсе";"1932800";"—"
"2813";"2";"—";"236";"233";"3";"Участвуете в конкурсе";"959429";"—"
"2814";"1";"—";"236";"233";"3";"Участвуете в конкурсе";"1965027";"—"
"2815";"4";"—";"236";"233";"3";"Участвуете в конкурсе";"1444185";"—"
"2816";"5";"Электронное";"236";"233";"3";"Участвуете в конкурсе";"1707719";"—"
"2817";"5";"—";"236";"232";"4";"Участвуете в конкурсе";"1232814";"—"
"2818";"12";"Электронное";"236";"232";"4";"Участвуете в конкурсе";"2002578";"—"
"2819";"9";"—";"236";"232";"4";"Участвуете в конкурсе";"1181447";"—"
"2820";"1";"—";"236";"231";"5";"Участвуете в конкурсе";"2177395";"—"
"2821";"11";"—";"236";"231";"5";"Участвуете в конкурсе";"2359041";"—"
"2822";"14";"—";"236";"231";"5";"Участвуете в конкурсе";"2282738";"—"
"2823";"6";"Электронное";"236";"229";"7";"Участвуете в конкурсе";"1985303";"—"
"2824";"3";"Электронное";"236";"226";"10";"Участвуете в конкурсе";"2226433";"—"
"2825";"9";"Электронное";"236";"226";"10";"Участвуете в конкурсе";"1133943";"—"
"2826";"13";"—";"236";"226";"10";"Участвуете в конкурсе";"1291607";"—"
"2827";"10";"—";"236";"226";"10";"Участвуете в конкурсе";"1419991";"—"
"2828";"9";"—";"236";"226";"10";"Участвуете в конкурсе";"1705442";"—"
"2829";"1";"—";"236";"226";"10";"Участвуете в конкурсе";"2317850";"—"
"2830";"10";"Электронное";"236";"226";"10";"Участвуете в конкурсе";"2339492";"—"
"2831";"2";"Электронное";"236";"226";"10";"Участвуете в конкурсе";"2337189";"—"
"2832";"4";"—";"236";"226";"10";"Участвуете в конкурсе";"1585866";"—"
"2833";"2";"—";"236";"226";"10";"Участвуете в конкурсе";"1212730";"—"
"2834";"3";"—";"236";"226";"10";"Участвуете в конкурсе";"2365209";"—"
"2835";"4";"Электронное";"236";"226";"10";"Участвуете в конкурсе";"1599979";"—"
"2836";"1";"Электронное";"236";"226";"10";"Участвуете в конкурсе";"1856246";"—"
"2837";"9";"Электронное";"236";"226";"10";"Участвуете в конкурсе";"1701795";"—"
"2838";"2";"—";"236";"226";"10";"Участвуете в конкурсе";"1984396";"—"
"2839";"3";"—";"235";"235";"0";"Участвуете в конкурсе";"1515777";"—"
"2840";"10";"Электронное";"235";"235";"0";"Участвуете в конкурсе";"1857325";"—"
"2841";"10";"—";"235";"235";"0";"Участвуете в конкурсе";"2250991";"—"
"2842";"7";"—";"235";"235";"0";"Участвуете в конкурсе";"2309549";"—"
"2843";"6";"—";"235";"235";"0";"Участвуете в конкурсе";"1915908";"—"
"2844";"8";"—";"235";"235";"0";"Участвуете в конкурсе";"1215609";"—"
"2845";"1";"—";"235";"235";"0";"Участвуете в конкурсе";"2051644";"—"
"2846";"5";"—";"235";"235";"0";"Участвуете в конкурсе";"2182235";"—"
"2847";"2";"—";"235";"235";"0";"Участвуете в конкурсе";"1490401";"—"
"2848";"1";"—";"235";"235";"0";"Участвуете в конкурсе";"1141070";"—"
"2849";"7";"—";"235";"235";"0";"Участвуете в конкурсе";"1999167";"—"
"2850";"6";"—";"235";"235";"0";"Участвуете в конкурсе";"2306178";"—"
"2851";"12";"—";"235";"235";"0";"Участвуете в конкурсе";"1618816";"—"
"2852";"4";"—";"235";"235";"0";"Участвуете в конкурсе";"1799278";"—"
"2853";"5";"—";"235";"235";"0";"Участвуете в конкурсе";"1843824";"—"
"2854";"3";"—";"235";"235";"0";"Участвуете в конкурсе";"1635234";"—"
"2855";"3";"Электронное";"235";"235";"0";"Участвуете в конкурсе";"1652022";"—"
"2856";"7";"—";"235";"235";"0";"Участвуете в конкурсе";"987025";"—"
"2857";"9";"—";"235";"235";"0";"Участвуете в конкурсе";"2182294";"—"
"2858";"1";"Электронное";"235";"235";"0";"Участвуете в конкурсе";"1847359";"—"
"2859";"2";"—";"235";"235";"0";"Участвуете в конкурсе";"974834";"—"
"2860";"1";"—";"235";"235";"0";"Участвуете в конкурсе";"1298587";"—"
"2861";"7";"—";"235";"235";"0";"Участвуете в конкурсе";"1522560";"—"
"2862";"7";"—";"235";"235";"0";"Участвуете в конкурсе";"1398682";"—"
"2863";"1";"—";"235";"235";"0";"Участвуете в конкурсе";"1553841";"—"
"2864";"8";"—";"235";"235";"0";"Участвуете в конкурсе";"1472238";"—"
"2865";"2";"—";"235";"233";"2";"Участвуете в конкурсе";"2244386";"—"
"2866";"7";"Электронное";"235";"233";"2";"Участвуете в конкурсе";"1422107";"—"
"2867";"8";"—";"235";"233";"2";"Участвуете в конкурсе";"1627193";"—"
"2868";"1";"—";"235";"233";"2";"Участвуете в конкурсе";"2160610";"—"
"2869";"3";"—";"235";"233";"2";"Участвуете в конкурсе";"1825963";"—"
"2870";"5";"—";"235";"233";"2";"Участвуете в конкурсе";"2169147";"—"
"2871";"7";"—";"235";"233";"2";"Участвуете в конкурсе";"1608607";"—"
"2872";"1";"—";"235";"233";"2";"Участвуете в конкурсе";"2184837";"—"
"2873";"5";"—";"235";"233";"2";"Участвуете в конкурсе";"1250349";"—"
"2874";"1";"—";"235";"233";"2";"Участвуете в конкурсе";"1687881";"—"
"2875";"3";"—";"235";"233";"2";"Участвуете в конкурсе";"2124487";"—"
"2876";"1";"—";"235";"232";"3";"Участвуете в конкурсе";"2361134";"—"
"2877";"2";"Электронное";"235";"232";"3";"Участвуете в конкурсе";"1192805";"—"
"2878";"5";"—";"235";"232";"3";"Участвуете в конкурсе";"2260649";"—"
"2879";"1";"—";"235";"232";"3";"Участвуете в конкурсе";"2370418";"—"
"2880";"7";"Электронное";"235";"232";"3";"Участвуете в конкурсе";"1422157";"—"
"2881";"4";"—";"235";"230";"5";"Участвуете в конкурсе";"1254830";"—"
"2882";"5";"Электронное";"235";"230";"5";"Участвуете в конкурсе";"1729047";"—"
"2883";"3";"—";"235";"230";"5";"Участвуете в конкурсе";"2335323";"—"
"2884";"5";"—";"235";"229";"6";"Участвуете в конкурсе";"1777325";"—"
"2885";"2";"—";"235";"228";"7";"Участвуете в конкурсе";"975181";"—"
"2886";"8";"Электронное";"235";"226";"9";"Участвуете в конкурсе";"1292389";"—"
"2887";"9";"—";"235";"225";"10";"Участвуете в конкурсе";"1547609";"—"
"2888";"2";"—";"235";"225";"10";"Участвуете в конкурсе";"1911226";"—"
"2889";"9";"—";"235";"225";"10";"Участвуете в конкурсе";"1983237";"—"
"2890";"4";"—";"235";"225";"10";"Участвуете в конкурсе";"1567492";"—"
"2891";"4";"—";"235";"225";"10";"Участвуете в конкурсе";"1766187";"—"
"2892";"3";"—";"235";"225";"10";"Участвуете в конкурсе";"1254535";"—"
"2893";"1";"—";"235";"225";"10";"Участвуете в конкурсе";"1784929";"—"
"2894";"1";"—";"235";"225";"10";"Участвуете в конкурсе";"1652935";"—"
"2895";"1";"—";"235";"225";"10";"Участвуете в конкурсе";"1329948";"—"
"2896";"2";"—";"235";"225";"10";"Участвуете в конкурсе";"1242303";"—"
"2897";"7";"—";"235";"225";"10";"Участвуете в конкурсе";"1936106";"—"
"2898";"1";"—";"235";"225";"10";"Участвуете в конкурсе";"1692218";"—"
"2899";"9";"—";"235";"225";"10";"Участвуете в конкурсе";"2223890";"—"
"2900";"9";"—";"235";"225";"10";"Участвуете в конкурсе";"1623010";"—"
"2901";"1";"—";"234";"234";"0";"Участвуете в конкурсе";"2264063";"—"
"2902";"5";"—";"234";"234";"0";"Участвуете в конкурсе";"1901118";"—"
"2903";"1";"—";"234";"234";"0";"Участвуете в конкурсе";"1770273";"—"
"2904";"1";"Электронное";"234";"234";"0";"Участвуете в конкурсе";"2387847";"—"
"2905";"1";"—";"234";"234";"0";"Участвуете в конкурсе";"2207333";"—"
"2906";"1";"—";"234";"234";"0";"Участвуете в конкурсе";"1922191";"—"
"2907";"1";"—";"234";"234";"0";"Участвуете в конкурсе";"2303147";"—"
"2908";"3";"—";"234";"234";"0";"Участвуете в конкурсе";"1872804";"—"
"2909";"7";"—";"234";"234";"0";"Участвуете в конкурсе";"1284077";"—"
"2910";"7";"—";"234";"234";"0";"Участвуете в конкурсе";"1975140";"—"
"2911";"3";"—";"234";"234";"0";"Участвуете в конкурсе";"1713077";"—"
"2912";"1";"—";"234";"234";"0";"Участвуете в конкурсе";"1827748";"—"
"2913";"5";"—";"234";"234";"0";"Участвуете в конкурсе";"2179488";"—"
"2914";"4";"Электронное";"234";"234";"0";"Участвуете в конкурсе";"2071456";"—"
"2915";"1";"—";"234";"234";"0";"Участвуете в конкурсе";"2053394";"—"
"2916";"2";"—";"234";"234";"0";"Участвуете в конкурсе";"1580592";"—"
"2917";"5";"—";"234";"234";"0";"Участвуете в конкурсе";"2082435";"—"
"2918";"1";"—";"234";"234";"0";"Участвуете в конкурсе";"1633653";"—"
"2919";"8";"Электронное";"234";"234";"0";"Участвуете в конкурсе";"1558659";"—"
"2920";"5";"—";"234";"234";"0";"Участвуете в конкурсе";"2238099";"—"
"2921";"4";"—";"234";"234";"0";"Участвуете в конкурсе";"1487530";"—"
"2922";"6";"Электронное";"234";"234";"0";"Участвуете в конкурсе";"2278821";"—"
"2923";"5";"—";"234";"234";"0";"Участвуете в конкурсе";"1490819";"—"
"2924";"2";"—";"234";"234";"0";"Участвуете в конкурсе";"2341207";"—"
"2925";"16";"—";"234";"232";"2";"Участвуете в конкурсе";"1910478";"—"
"2926";"1";"—";"234";"232";"2";"Участвуете в конкурсе";"2234846";"—"
"2927";"11";"—";"234";"232";"2";"Участвуете в конкурсе";"1519028";"—"
"2928";"2";"—";"234";"232";"2";"Участвуете в конкурсе";"1275802";"—"
"2929";"1";"—";"234";"232";"2";"Участвуете в конкурсе";"1906298";"—"
"2930";"13";"—";"234";"231";"3";"Участвуете в конкурсе";"2227482";"—"
"2931";"1";"—";"234";"231";"3";"Участвуете в конкурсе";"1359727";"—"
"2932";"7";"—";"234";"231";"3";"Участвуете в конкурсе";"2203309";"—"
"2933";"5";"—";"234";"231";"3";"Участвуете в конкурсе";"984749";"—"
"2934";"4";"Электронное";"234";"230";"4";"Участвуете в конкурсе";"1986305";"—"
"2935";"2";"—";"234";"230";"4";"Участвуете в конкурсе";"1798447";"—"
"2936";"5";"—";"234";"229";"5";"Участвуете в конкурсе";"1512986";"—"
"2937";"1";"—";"234";"229";"5";"Участвуете в конкурсе";"1345569";"—"
"2938";"13";"Электронное";"234";"229";"5";"Участвуете в конкурсе";"1853137";"—"
"2939";"1";"—";"234";"229";"5";"Участвуете в конкурсе";"1980070";"—"
"2940";"11";"—";"234";"229";"5";"Участвуете в конкурсе";"1229783";"—"
"2941";"2";"—";"234";"224";"10";"Участвуете в конкурсе";"1350241";"—"
"2942";"3";"—";"234";"224";"10";"Участвуете в конкурсе";"1521671";"—"
"2943";"2";"—";"234";"224";"10";"Участвуете в конкурсе";"1521207";"—"
"2944";"2";"—";"234";"224";"10";"Участвуете в конкурсе";"2088767";"—"
"2945";"4";"—";"234";"224";"10";"Участвуете в конкурсе";"2247353";"—"
"2946";"1";"—";"234";"224";"10";"Участвуете в конкурсе";"1586778";"—"
"2947";"2";"—";"234";"224";"10";"Участвуете в конкурсе";"2264140";"—"
"2948";"11";"Электронное";"234";"224";"10";"Участвуете в конкурсе";"2308673";"—"
"2949";"1";"—";"234";"224";"10";"Участвуете в конкурсе";"2085510";"—"
"2950";"2";"Электронное";"234";"224";"10";"Участвуете в конкурсе";"1565839";"—"
"2951";"1";"—";"234";"224";"10";"Участвуете в конкурсе";"1636832";"—"
"2952";"4";"Электронное";"234";"224";"10";"Участвуете в конкурсе";"1074875";"—"
"2953";"1";"—";"234";"224";"10";"Участвуете в конкурсе";"1512009";"—"
"2954";"3";"—";"234";"224";"10";"Участвуете в конкурсе";"1502412";"—"
"2955";"4";"—";"234";"224";"10";"Участвуете в конкурсе";"1072010";"—"
"2956";"3";"—";"234";"224";"10";"Участвуете в конкурсе";"976000";"—"
"2957";"2";"—";"233";"233";"0";"Участвуете в конкурсе";"2075009";"—"
"2958";"10";"—";"233";"233";"0";"Участвуете в конкурсе";"1205696";"—"
"2959";"1";"—";"233";"233";"0";"Участвуете в конкурсе";"2311192";"—"
"2960";"10";"—";"233";"233";"0";"Участвуете в конкурсе";"1175674";"—"
"2961";"5";"—";"233";"233";"0";"Участвуете в конкурсе";"1241590";"—"
"2962";"5";"Электронное";"233";"233";"0";"Участвуете в конкурсе";"1857268";"—"
"2963";"6";"—";"233";"233";"0";"Участвуете в конкурсе";"1642327";"—"
"2964";"1";"Электронное";"233";"233";"0";"Участвуете в конкурсе";"1187809";"—"
"2965";"12";"—";"233";"233";"0";"Участвуете в конкурсе";"2220209";"—"
"2966";"2";"Электронное";"233";"233";"0";"Участвуете в конкурсе";"2243105";"—"
"2967";"2";"—";"233";"233";"0";"Участвуете в конкурсе";"1041783";"—"
"2968";"1";"Электронное";"233";"233";"0";"Участвуете в конкурсе";"1335688";"—"
"2969";"1";"Электронное";"233";"233";"0";"Участвуете в конкурсе";"1637507";"—"
"2970";"3";"Электронное";"233";"233";"0";"Участвуете в конкурсе";"1622138";"—"
"2971";"9";"—";"233";"233";"0";"Участвуете в конкурсе";"2344141";"—"
"2972";"8";"—";"233";"233";"0";"Участвуете в конкурсе";"2287641";"—"
"2973";"5";"—";"233";"233";"0";"Участвуете в конкурсе";"2310829";"—"
"2974";"4";"—";"233";"233";"0";"Участвуете в конкурсе";"1248637";"—"
"2975";"4";"—";"233";"233";"0";"Участвуете в конкурсе";"2255098";"—"
"2976";"1";"—";"233";"233";"0";"Участвуете в конкурсе";"1910159";"—"
"2977";"1";"—";"233";"233";"0";"Участвуете в конкурсе";"2228215";"—"
"2978";"4";"—";"233";"231";"2";"Участвуете в конкурсе";"2221964";"—"
"2979";"8";"—";"233";"231";"2";"Участвуете в конкурсе";"2134539";"—"
"2980";"4";"—";"233";"231";"2";"Участвуете в конкурсе";"2244121";"—"
"2981";"7";"—";"233";"231";"2";"Участвуете в конкурсе";"2104104";"—"
"2982";"1";"—";"233";"231";"2";"Участвуете в конкурсе";"2248221";"—"
"2983";"4";"—";"233";"231";"2";"Участвуете в конкурсе";"1718008";"—"
"2984";"10";"—";"233";"230";"3";"Участвуете в конкурсе";"1823904";"—"
"2985";"9";"—";"233";"228";"5";"Участвуете в конкурсе";"1619811";"—"
"2986";"1";"—";"233";"228";"5";"Участвуете в конкурсе";"1906494";"—"
"2987";"3";"—";"233";"228";"5";"Участвуете в конкурсе";"1537415";"—"
"2988";"5";"—";"233";"226";"7";"Участвуете в конкурсе";"1194433";"—"
"2989";"7";"—";"233";"223";"10";"Участвуете в конкурсе";"2137807";"—"
"2990";"5";"—";"233";"223";"10";"Участвуете в конкурсе";"1284062";"—"
"2991";"2";"—";"233";"223";"10";"Участвуете в конкурсе";"1285922";"—"
"2992";"5";"—";"233";"223";"10";"Участвуете в конкурсе";"1795022";"—"
"2993";"3";"—";"233";"223";"10";"Участвуете в конкурсе";"1230664";"—"
"2994";"2";"—";"233";"223";"10";"Участвуете в конкурсе";"1850703";"—"
"2995";"1";"—";"233";"223";"10";"Участвуете в конкурсе";"1413062";"—"
"2996";"2";"—";"233";"223";"10";"Участвуете в конкурсе";"956587";"—"
"2997";"14";"Электронное";"233";"223";"10";"Участвуете в конкурсе";"2305904";"—"
"2998";"2";"—";"233";"223";"10";"Участвуете в конкурсе";"1338346";"—"
"2999";"1";"—";"233";"223";"10";"Участвуете в конкурсе";"1569742";"—"
"3000";"2";"—";"233";"223";"10";"Участвуете в конкурсе";"969474";"—"
"3001";"1";"—";"233";"223";"10";"Участвуете в конкурсе";"2178965";"—"
"3002";"9";"Электронное";"233";"223";"10";"Участвуете в конкурсе";"1510884";"—"
"3003";"4";"—";"233";"223";"10";"Участвуете в конкурсе";"2273337";"—"
"3004";"9";"Электронное";"233";"223";"10";"Участвуете в конкурсе";"1686374";"—"
"3005";"1";"—";"232";"232";"0";"Участвуете в конкурсе";"1214540";"—"
"3006";"12";"—";"232";"232";"0";"Участвуете в конкурсе";"1620324";"—"
"3007";"12";"—";"232";"232";"0";"Участвуете в конкурсе";"2388802";"—"
"3008";"1";"—";"232";"232";"0";"Участвуете в конкурсе";"1350383";"—"
"3009";"2";"—";"232";"232";"0";"Участвуете в конкурсе";"2413881";"—"
"3010";"11";"—";"232";"232";"0";"Участвуете в конкурсе";"1643157";"—"
"3011";"6";"—";"232";"232";"0";"Участвуете в конкурсе";"1687700";"—"
"3012";"16";"—";"232";"232";"0";"Участвуете в конкурсе";"2424799";"—"
"3013";"13";"—";"232";"232";"0";"Участвуете в конкурсе";"1613009";"—"
"3014";"2";"—";"232";"232";"0";"Участвуете в конкурсе";"1524812";"—"
"3015";"2";"—";"232";"232";"0";"Участвуете в конкурсе";"1976730";"—"
"3016";"3";"—";"232";"232";"0";"Участвуете в конкурсе";"1598061";"—"
"3017";"7";"Электронное";"232";"232";"0";"Участвуете в конкурсе";"1279648";"—"
"3018";"1";"—";"232";"232";"0";"Участвуете в конкурсе";"1330703";"—"
"3019";"2";"Электронное";"232";"232";"0";"Участвуете в конкурсе";"2256596";"—"
"3020";"11";"—";"232";"232";"0";"Участвуете в конкурсе";"1855507";"—"
"3021";"11";"—";"232";"232";"0";"Участвуете в конкурсе";"1490909";"—"
"3022";"10";"—";"232";"232";"0";"Участвуете в конкурсе";"1955530";"—"
"3023";"2";"—";"232";"232";"0";"Участвуете в конкурсе";"2178358";"—"
"3024";"3";"Электронное";"232";"232";"0";"Участвуете в конкурсе";"957094";"—"
"3025";"3";"Электронное";"232";"232";"0";"Участвуете в конкурсе";"1196425";"—"
"3026";"3";"—";"232";"232";"0";"Участвуете в конкурсе";"1262118";"—"
"3027";"2";"—";"232";"232";"0";"Участвуете в конкурсе";"2335144";"—"
"3028";"7";"Электронное";"232";"232";"0";"Участвуете в конкурсе";"2028292";"—"
"3029";"5";"—";"232";"232";"0";"Участвуете в конкурсе";"1770046";"—"
"3030";"3";"—";"232";"232";"0";"Участвуете в конкурсе";"1400731";"—"
"3031";"1";"Электронное";"232";"232";"0";"Участвуете в конкурсе";"1106633";"—"
"3032";"11";"—";"232";"232";"0";"Участвуете в конкурсе";"1442939";"—"
"3033";"9";"Электронное";"232";"232";"0";"Участвуете в конкурсе";"1153694";"—"
"3034";"3";"—";"232";"232";"0";"Участвуете в конкурсе";"1520293";"—"
"3035";"1";"—";"232";"230";"2";"Участвуете в конкурсе";"1270080";"—"
"3036";"7";"—";"232";"230";"2";"Участвуете в конкурсе";"2300705";"—"
"3037";"4";"—";"232";"230";"2";"Участвуете в конкурсе";"1255880";"—"
"3038";"1";"—";"232";"230";"2";"Участвуете в конкурсе";"2257784";"—"
"3039";"5";"—";"232";"230";"2";"Участвуете в конкурсе";"2132661";"—"
"3040";"2";"Электронное";"232";"230";"2";"Участвуете в конкурсе";"1999286";"—"
"3041";"3";"—";"232";"230";"2";"Участвуете в конкурсе";"1439062";"—"
"3042";"4";"—";"232";"230";"2";"Участвуете в конкурсе";"1759535";"—"
"3043";"1";"—";"232";"229";"3";"Участвуете в конкурсе";"1801306";"—"
"3044";"2";"—";"232";"229";"3";"Участвуете в конкурсе";"1579689";"—"
"3045";"1";"—";"232";"229";"3";"Участвуете в конкурсе";"1498115";"—"
"3046";"2";"—";"232";"227";"5";"Участвуете в конкурсе";"1556614";"—"
"3047";"2";"—";"232";"226";"6";"Участвуете в конкурсе";"1306578";"—"
"3048";"4";"—";"232";"225";"7";"Участвуете в конкурсе";"1229708";"—"
"3049";"13";"Электронное";"232";"222";"10";"Участвуете в конкурсе";"2363638";"—"
"3050";"2";"—";"232";"222";"10";"Участвуете в конкурсе";"1507277";"—"
"3051";"6";"—";"232";"222";"10";"Участвуете в конкурсе";"1645118";"—"
"3052";"2";"—";"232";"222";"10";"Участвуете в конкурсе";"2273356";"—"
"3053";"7";"—";"232";"222";"10";"Участвуете в конкурсе";"1433934";"—"
"3054";"1";"—";"232";"222";"10";"Участвуете в конкурсе";"1688844";"—"
"3055";"1";"—";"232";"222";"10";"Участвуете в конкурсе";"2330054";"—"
"3056";"5";"—";"232";"222";"10";"Участвуете в конкурсе";"2205774";"—"
"3057";"6";"—";"232";"222";"10";"Участвуете в конкурсе";"1907006";"—"
"3058";"5";"Электронное";"232";"222";"10";"Участвуете в конкурсе";"959862";"—"
"3059";"6";"—";"232";"222";"10";"Участвуете в конкурсе";"2340691";"—"
"3060";"6";"—";"231";"231";"0";"Участвуете в конкурсе";"1747511";"—"
"3061";"5";"—";"231";"231";"0";"Участвуете в конкурсе";"1133262";"—"
"3062";"1";"—";"231";"231";"0";"Участвуете в конкурсе";"1640108";"—"
"3063";"8";"—";"231";"231";"0";"Участвуете в конкурсе";"1528259";"—"
"3064";"4";"—";"231";"231";"0";"Участвуете в конкурсе";"1614009";"—"
"3065";"2";"—";"231";"231";"0";"Участвуете в конкурсе";"1789402";"—"
"3066";"2";"—";"231";"231";"0";"Участвуете в конкурсе";"1427027";"—"
"3067";"14";"—";"231";"231";"0";"Участвуете в конкурсе";"1595097";"—"
"3068";"1";"—";"231";"231";"0";"Участвуете в конкурсе";"1335278";"—"
"3069";"7";"—";"231";"231";"0";"Участвуете в конкурсе";"1904890";"—"
"3070";"9";"—";"231";"231";"0";"Участвуете в конкурсе";"2261374";"—"
"3071";"1";"—";"231";"231";"0";"Участвуете в конкурсе";"2367401";"—"
"3072";"1";"—";"231";"231";"0";"Участвуете в конкурсе";"2046011";"—"
"3073";"8";"—";"231";"231";"0";"Участвуете в конкурсе";"1201359";"—"
"3074";"2";"—";"231";"229";"2";"Участвуете в конкурсе";"2415145";"—"
"3075";"2";"—";"231";"229";"2";"Участвуете в конкурсе";"1312420";"—"
"3076";"4";"—";"231";"229";"2";"Участвуете в конкурсе";"1954101";"—"
"3077";"5";"—";"231";"229";"2";"Участвуете в конкурсе";"1763881";"—"
"3078";"1";"—";"231";"229";"2";"Участвуете в конкурсе";"2004048";"—"
"3079";"2";"—";"231";"229";"2";"Участвуете в конкурсе";"1259578";"—"
"3080";"5";"—";"231";"228";"3";"Участвуете в конкурсе";"1304800";"—"
"3081";"7";"Электронное";"231";"228";"3";"Участвуете в конкурсе";"950108";"—"
"3082";"4";"—";"231";"228";"3";"Участвуете в конкурсе";"1508113";"—"
"3083";"2";"Электронное";"231";"228";"3";"Участвуете в конкурсе";"1725925";"—"
"3084";"2";"Электронное";"231";"227";"4";"Участвуете в конкурсе";"2237818";"—"
"3085";"3";"—";"231";"227";"4";"Участвуете в конкурсе";"1727158";"—"
"3086";"4";"—";"231";"227";"4";"Участвуете в конкурсе";"1701198";"—"
"3087";"7";"—";"231";"222";"9";"Участвуете в конкурсе";"1586262";"—"
"3088";"1";"—";"231";"221";"10";"Участвуете в конкурсе";"1815070";"—"
"3089";"5";"—";"231";"221";"10";"Участвуете в конкурсе";"1181169";"—"
"3090";"5";"—";"231";"221";"10";"Участвуете в конкурсе";"1566575";"—"
"3091";"1";"—";"231";"221";"10";"Участвуете в конкурсе";"1815444";"—"
"3092";"7";"—";"231";"221";"10";"Участвуете в конкурсе";"1430711";"—"
"3093";"2";"—";"231";"221";"10";"Участвуете в конкурсе";"1502810";"—"
"3094";"4";"—";"231";"221";"10";"Участвуете в конкурсе";"2367865";"—"
"3095";"1";"—";"230";"230";"0";"Участвуете в конкурсе";"1498536";"—"
"3096";"5";"—";"230";"230";"0";"Участвуете в конкурсе";"2047896";"—"
"3097";"3";"—";"230";"230";"0";"Участвуете в конкурсе";"1335077";"—"
"3098";"3";"—";"230";"230";"0";"Участвуете в конкурсе";"1883587";"—"
"3099";"1";"—";"230";"230";"0";"Участвуете в конкурсе";"2384000";"—"
"3100";"3";"—";"230";"230";"0";"Участвуете в конкурсе";"1175151";"—"
"3101";"5";"—";"230";"230";"0";"Участвуете в конкурсе";"1311849";"—"
"3102";"2";"—";"230";"230";"0";"Участвуете в конкурсе";"1437349";"—"
"3103";"1";"—";"230";"230";"0";"Участвуете в конкурсе";"1518584";"—"
"3104";"7";"—";"230";"230";"0";"Участвуете в конкурсе";"1876126";"—"
"3105";"12";"—";"230";"230";"0";"Участвуете в конкурсе";"1914933";"—"
"3106";"2";"—";"230";"230";"0";"Участвуете в конкурсе";"1793926";"—"
"3107";"1";"Электронное";"230";"230";"0";"Участвуете в конкурсе";"1898689";"—"
"3108";"1";"—";"230";"230";"0";"Участвуете в конкурсе";"1489670";"—"
"3109";"5";"—";"230";"230";"0";"Участвуете в конкурсе";"2177121";"—"
"3110";"3";"—";"230";"230";"0";"Участвуете в конкурсе";"2379341";"—"
"3111";"3";"—";"230";"230";"0";"Участвуете в конкурсе";"2411047";"—"
"3112";"8";"—";"230";"230";"0";"Участвуете в конкурсе";"2425004";"—"
"3113";"6";"—";"230";"230";"0";"Участвуете в конкурсе";"1961906";"—"
"3114";"1";"—";"230";"230";"0";"Участвуете в конкурсе";"1214897";"—"
"3115";"1";"—";"230";"230";"0";"Участвуете в конкурсе";"1791854";"—"
"3116";"2";"—";"230";"230";"0";"Участвуете в конкурсе";"1792701";"—"
"3117";"2";"—";"230";"230";"0";"Участвуете в конкурсе";"1124303";"—"
"3118";"2";"—";"230";"230";"0";"Участвуете в конкурсе";"1478768";"—"
"3119";"11";"—";"230";"228";"2";"Участвуете в конкурсе";"1365918";"—"
"3120";"5";"—";"230";"228";"2";"Участвуете в конкурсе";"1533661";"—"
"3121";"6";"—";"230";"228";"2";"Участвуете в конкурсе";"1363520";"—"
"3122";"5";"—";"230";"228";"2";"Участвуете в конкурсе";"1582671";"—"
"3123";"4";"—";"230";"228";"2";"Участвуете в конкурсе";"1790583";"—"
"3124";"10";"—";"230";"228";"2";"Участвуете в конкурсе";"1355771";"—"
"3125";"9";"—";"230";"228";"2";"Участвуете в конкурсе";"2305009";"—"
"3126";"5";"—";"230";"228";"2";"Участвуете в конкурсе";"1689915";"—"
"3127";"2";"—";"230";"228";"2";"Участвуете в конкурсе";"1262865";"—"
"3128";"14";"—";"230";"227";"3";"Участвуете в конкурсе";"1259833";"—"
"3129";"1";"—";"230";"227";"3";"Участвуете в конкурсе";"1912612";"—"
"3130";"1";"—";"230";"225";"5";"Участвуете в конкурсе";"2039392";"—"
"3131";"2";"—";"230";"225";"5";"Участвуете в конкурсе";"2047844";"—"
"3132";"3";"—";"230";"222";"8";"Участвуете в конкурсе";"1574325";"—"
"3133";"10";"—";"230";"220";"10";"Участвуете в конкурсе";"1212552";"—"
"3134";"5";"—";"230";"220";"10";"Участвуете в конкурсе";"1653085";"—"
"3135";"7";"Электронное";"230";"220";"10";"Участвуете в конкурсе";"1656474";"—"
"3136";"4";"—";"230";"220";"10";"Участвуете в конкурсе";"1512301";"—"
"3137";"3";"—";"230";"220";"10";"Участвуете в конкурсе";"2340674";"—"
"3138";"18";"—";"230";"220";"10";"Участвуете в конкурсе";"1710384";"—"
"3139";"2";"—";"230";"220";"10";"Участвуете в конкурсе";"1041073";"—"
"3140";"6";"—";"230";"220";"10";"Участвуете в конкурсе";"1507737";"—"
"3141";"2";"—";"230";"220";"10";"Участвуете в конкурсе";"2045342";"—"
"3142";"2";"—";"230";"220";"10";"Участвуете в конкурсе";"1163972";"—"
"3143";"1";"—";"230";"220";"10";"Участвуете в конкурсе";"2301348";"—"
"3144";"6";"—";"230";"220";"10";"Участвуете в конкурсе";"2247296";"—"
"3145";"1";"—";"229";"229";"0";"Участвуете в конкурсе";"2156113";"—"
"3146";"17";"—";"229";"229";"0";"Участвуете в конкурсе";"1209770";"—"
"3147";"8";"—";"229";"229";"0";"Участвуете в конкурсе";"2260321";"—"
"3148";"12";"—";"229";"229";"0";"Участвуете в конкурсе";"1678120";"—"
"3149";"6";"—";"229";"229";"0";"Участвуете в конкурсе";"2329677";"—"
"3150";"1";"—";"229";"229";"0";"Участвуете в конкурсе";"1885014";"—"
"3151";"13";"Электронное";"229";"229";"0";"Участвуете в конкурсе";"1033603";"—"
"3152";"17";"—";"229";"229";"0";"Участвуете в конкурсе";"1903771";"—"
"3153";"6";"Электронное";"229";"229";"0";"Участвуете в конкурсе";"1299868";"—"
"3154";"8";"—";"229";"229";"0";"Участвуете в конкурсе";"2417993";"—"
"3155";"8";"—";"229";"229";"0";"Участвуете в конкурсе";"2197529";"—"
"3156";"1";"—";"229";"229";"0";"Участвуете в конкурсе";"1438950";"—"
"3157";"1";"—";"229";"229";"0";"Участвуете в конкурсе";"1261826";"—"
"3158";"6";"—";"229";"229";"0";"Участвуете в конкурсе";"1265349";"—"
"3159";"1";"—";"229";"229";"0";"Участвуете в конкурсе";"1140770";"—"
"3160";"3";"Электронное";"229";"229";"0";"Участвуете в конкурсе";"1546282";"—"
"3161";"7";"—";"229";"229";"0";"Участвуете в конкурсе";"1988804";"—"
"3162";"6";"Электронное";"229";"229";"0";"Участвуете в конкурсе";"2249994";"—"
"3163";"8";"—";"229";"229";"0";"Участвуете в конкурсе";"1847764";"—"
"3164";"4";"—";"229";"227";"2";"Участвуете в конкурсе";"1423490";"—"
"3165";"1";"—";"229";"227";"2";"Участвуете в конкурсе";"990291";"—"
"3166";"1";"Электронное";"229";"227";"2";"Участвуете в конкурсе";"1440829";"—"
"3167";"2";"—";"229";"227";"2";"Участвуете в конкурсе";"2102065";"—"
"3168";"8";"—";"229";"227";"2";"Участвуете в конкурсе";"1568002";"—"
"3169";"7";"—";"229";"227";"2";"Участвуете в конкурсе";"1408998";"—"
"3170";"9";"—";"229";"226";"3";"Участвуете в конкурсе";"1896170";"—"
"3171";"8";"—";"229";"226";"3";"Участвуете в конкурсе";"2225164";"—"
"3172";"3";"—";"229";"226";"3";"Участвуете в конкурсе";"2005643";"—"
"3173";"7";"—";"229";"224";"5";"Участвуете в конкурсе";"1207631";"—"
"3174";"6";"—";"229";"222";"7";"Участвуете в конкурсе";"1996793";"—"
"3175";"13";"—";"229";"219";"10";"Участвуете в конкурсе";"1942868";"—"
"3176";"7";"—";"229";"219";"10";"Участвуете в конкурсе";"1138064";"—"
"3177";"3";"—";"229";"219";"10";"Участвуете в конкурсе";"2218929";"—"
"3178";"5";"—";"229";"219";"10";"Участвуете в конкурсе";"1631929";"—"
"3179";"4";"—";"229";"219";"10";"Участвуете в конкурсе";"2220036";"—"
"3180";"18";"—";"229";"219";"10";"Участвуете в конкурсе";"2313523";"—"
"3181";"7";"—";"229";"219";"10";"Участвуете в конкурсе";"1721704";"—"
"3182";"5";"—";"229";"219";"10";"Участвуете в конкурсе";"2200316";"—"
"3183";"5";"—";"229";"219";"10";"Участвуете в конкурсе";"1286858";"—"
"3184";"3";"—";"229";"219";"10";"Участвуете в конкурсе";"1422451";"—"
"3185";"4";"—";"229";"219";"10";"Участвуете в конкурсе";"1798893";"—"
"3186";"9";"Электронное";"229";"219";"10";"Участвуете в конкурсе";"2269750";"—"
"3187";"1";"—";"229";"219";"10";"Участвуете в конкурсе";"1203153";"—"
"3188";"2";"—";"229";"219";"10";"Участвуете в конкурсе";"2241515";"—"
"3189";"1";"—";"229";"219";"10";"Участвуете в конкурсе";"1230261";"—"
"3190";"1";"—";"229";"219";"10";"Участвуете в конкурсе";"1176398";"—"
"3191";"6";"—";"228";"228";"0";"Участвуете в конкурсе";"1262893";"—"
"3192";"1";"—";"228";"228";"0";"Участвуете в конкурсе";"1701900";"—"
"3193";"1";"Электронное";"228";"228";"0";"Участвуете в конкурсе";"1725302";"—"
"3194";"8";"—";"228";"228";"0";"Участвуете в конкурсе";"1794059";"—"
"3195";"1";"—";"228";"228";"0";"Участвуете в конкурсе";"981973";"—"
"3196";"3";"—";"228";"228";"0";"Участвуете в конкурсе";"1636673";"—"
"3197";"11";"Электронное";"228";"228";"0";"Участвуете в конкурсе";"1432947";"—"
"3198";"1";"—";"228";"228";"0";"Участвуете в конкурсе";"1389907";"—"
"3199";"2";"—";"228";"228";"0";"Участвуете в конкурсе";"1290522";"—"
"3200";"6";"—";"228";"228";"0";"Участвуете в конкурсе";"1431631";"—"
"3201";"2";"Электронное";"228";"228";"0";"Участвуете в конкурсе";"1722043";"—"
"3202";"1";"—";"228";"228";"0";"Участвуете в конкурсе";"1901247";"—"
"3203";"1";"—";"228";"228";"0";"Участвуете в конкурсе";"1833730";"—"
"3204";"2";"—";"228";"228";"0";"Участвуете в конкурсе";"978173";"—"
"3205";"1";"—";"228";"228";"0";"Участвуете в конкурсе";"1498759";"—"
"3206";"3";"—";"228";"228";"0";"Участвуете в конкурсе";"2285078";"—"
"3207";"1";"—";"228";"226";"2";"Участвуете в конкурсе";"1317250";"—"
"3208";"1";"—";"228";"226";"2";"Участвуете в конкурсе";"1574302";"—"
"3209";"2";"—";"228";"226";"2";"Участвуете в конкурсе";"1832754";"—"
"3210";"1";"—";"228";"226";"2";"Участвуете в конкурсе";"2203376";"—"
"3211";"7";"—";"228";"226";"2";"Участвуете в конкурсе";"2205656";"—"
"3212";"8";"Электронное";"228";"226";"2";"Участвуете в конкурсе";"1711991";"—"
"3213";"3";"—";"228";"226";"2";"Участвуете в конкурсе";"1792075";"—"
"3214";"3";"—";"228";"226";"2";"Участвуете в конкурсе";"2172336";"—"
"3215";"13";"—";"228";"226";"2";"Участвуете в конкурсе";"2307163";"—"
"3216";"6";"—";"228";"226";"2";"Участвуете в конкурсе";"1393933";"—"
"3217";"1";"—";"228";"223";"5";"Участвуете в конкурсе";"1639791";"—"
"3218";"2";"—";"228";"223";"5";"Участвуете в конкурсе";"1953322";"—"
"3219";"13";"—";"228";"223";"5";"Участвуете в конкурсе";"2287202";"—"
"3220";"1";"—";"228";"222";"6";"Участвуете в конкурсе";"1743410";"—"
"3221";"2";"—";"228";"218";"10";"Участвуете в конкурсе";"1847683";"—"
"3222";"6";"—";"228";"218";"10";"Участвуете в конкурсе";"1443652";"—"
"3223";"1";"—";"228";"218";"10";"Участвуете в конкурсе";"2365526";"—"
"3224";"6";"—";"228";"218";"10";"Участвуете в конкурсе";"1452666";"—"
"3225";"6";"—";"228";"218";"10";"Участвуете в конкурсе";"1359266";"—"
"3226";"6";"—";"228";"218";"10";"Участвуете в конкурсе";"1639346";"—"
"3227";"1";"—";"228";"218";"10";"Участвуете в конкурсе";"1412597";"—"
"3228";"11";"—";"228";"218";"10";"Участвуете в конкурсе";"1268078";"—"
"3229";"8";"—";"228";"218";"10";"Участвуете в конкурсе";"1513013";"—"
"3230";"9";"—";"228";"218";"10";"Участвуете в конкурсе";"2092164";"—"
"3231";"4";"—";"228";"218";"10";"Участвуете в конкурсе";"2294584";"—"
"3232";"4";"—";"227";"227";"0";"Участвуете в конкурсе";"2421571";"—"
"3233";"13";"—";"227";"227";"0";"Участвуете в конкурсе";"1849743";"—"
"3234";"5";"—";"227";"227";"0";"Участвуете в конкурсе";"1380929";"—"
"3235";"6";"—";"227";"227";"0";"Участвуете в конкурсе";"1193147";"—"
"3236";"2";"—";"227";"227";"0";"Участвуете в конкурсе";"1316391";"—"
"3237";"8";"—";"227";"227";"0";"Участвуете в конкурсе";"1439818";"—"
"3238";"1";"—";"227";"227";"0";"Участвуете в конкурсе";"1539208";"—"
"3239";"6";"—";"227";"227";"0";"Участвуете в конкурсе";"2357198";"—"
"3240";"1";"Электронное";"227";"227";"0";"Участвуете в конкурсе";"1513186";"—"
"3241";"1";"—";"227";"227";"0";"Участвуете в конкурсе";"1515516";"—"
"3242";"1";"—";"227";"227";"0";"Участвуете в конкурсе";"1677402";"—"
"3243";"4";"—";"227";"227";"0";"Участвуете в конкурсе";"1271617";"—"
"3244";"3";"—";"227";"227";"0";"Участвуете в конкурсе";"1067177";"—"
"3245";"6";"—";"227";"227";"0";"Участвуете в конкурсе";"1573576";"—"
"3246";"7";"—";"227";"227";"0";"Участвуете в конкурсе";"2049553";"—"
"3247";"1";"—";"227";"227";"0";"Участвуете в конкурсе";"2056303";"—"
"3248";"11";"—";"227";"227";"0";"Участвуете в конкурсе";"1192535";"—"
"3249";"1";"—";"227";"227";"0";"Участвуете в конкурсе";"1606792";"—"
"3250";"5";"—";"227";"227";"0";"Участвуете в конкурсе";"1441823";"—"
"3251";"1";"—";"227";"227";"0";"Участвуете в конкурсе";"1791114";"—"
"3252";"5";"—";"227";"227";"0";"Участвуете в конкурсе";"2160321";"—"
"3253";"10";"—";"227";"227";"0";"Участвуете в конкурсе";"2214673";"—"
"3254";"2";"—";"227";"227";"0";"Участвуете в конкурсе";"1982350";"—"
"3255";"16";"—";"227";"227";"0";"Участвуете в конкурсе";"2252606";"—"
"3256";"1";"—";"227";"227";"0";"Участвуете в конкурсе";"2424633";"—"
"3257";"1";"Электронное";"227";"227";"0";"Участвуете в конкурсе";"1650321";"—"
"3258";"4";"—";"227";"227";"0";"Участвуете в конкурсе";"1476470";"—"
"3259";"13";"—";"227";"227";"0";"Участвуете в конкурсе";"1899885";"—"
"3260";"2";"—";"227";"225";"2";"Участвуете в конкурсе";"1195677";"—"
"3261";"11";"—";"227";"225";"2";"Участвуете в конкурсе";"2326888";"—"
"3262";"9";"—";"227";"225";"2";"Участвуете в конкурсе";"1629127";"—"
"3263";"7";"—";"227";"225";"2";"Участвуете в конкурсе";"2159501";"—"
"3264";"1";"—";"227";"225";"2";"Участвуете в конкурсе";"1642592";"—"
"3265";"2";"—";"227";"225";"2";"Участвуете в конкурсе";"2239389";"—"
"3266";"6";"—";"227";"225";"2";"Участвуете в конкурсе";"1284971";"—"
"3267";"3";"—";"227";"225";"2";"Участвуете в конкурсе";"2004238";"—"
"3268";"1";"—";"227";"223";"4";"Участвуете в конкурсе";"1265616";"—"
"3269";"1";"—";"227";"222";"5";"Участвуете в конкурсе";"1930176";"—"
"3270";"5";"—";"227";"217";"10";"Участвуете в конкурсе";"1988344";"—"
"3271";"3";"Электронное";"227";"217";"10";"Участвуете в конкурсе";"1637211";"—"
"3272";"2";"—";"227";"217";"10";"Участвуете в конкурсе";"1645260";"—"
"3273";"9";"—";"227";"217";"10";"Участвуете в конкурсе";"1700625";"—"
"3274";"1";"—";"227";"217";"10";"Участвуете в конкурсе";"1618076";"—"
"3275";"1";"—";"227";"217";"10";"Участвуете в конкурсе";"2004922";"—"
"3276";"1";"Электронное";"227";"217";"10";"Участвуете в конкурсе";"1484540";"—"
"3277";"9";"—";"227";"217";"10";"Участвуете в конкурсе";"1040407";"—"
"3278";"4";"—";"227";"217";"10";"Участвуете в конкурсе";"1638923";"—"
"3279";"6";"—";"227";"217";"10";"Участвуете в конкурсе";"1396733";"—"
"3280";"3";"Электронное";"227";"217";"10";"Участвуете в конкурсе";"1634474";"—"
"3281";"4";"—";"226";"226";"0";"Участвуете в конкурсе";"2030327";"—"
"3282";"5";"—";"226";"226";"0";"Участвуете в конкурсе";"1609620";"—"
"3283";"8";"—";"226";"226";"0";"Участвуете в конкурсе";"1040302";"—"
"3284";"4";"—";"226";"226";"0";"Участвуете в конкурсе";"1520497";"—"
"3285";"14";"—";"226";"226";"0";"Участвуете в конкурсе";"1677845";"—"
"3286";"9";"—";"226";"226";"0";"Участвуете в конкурсе";"1577146";"—"
"3287";"1";"—";"226";"226";"0";"Участвуете в конкурсе";"2271886";"—"
"3288";"2";"—";"226";"226";"0";"Участвуете в конкурсе";"1689709";"—"
"3289";"2";"—";"226";"226";"0";"Участвуете в конкурсе";"1809951";"—"
"3290";"1";"—";"226";"226";"0";"Участвуете в конкурсе";"1338890";"—"
"3291";"8";"—";"226";"226";"0";"Участвуете в конкурсе";"1426342";"—"
"3292";"2";"—";"226";"226";"0";"Участвуете в конкурсе";"1580908";"—"
"3293";"3";"—";"226";"226";"0";"Участвуете в конкурсе";"2099183";"—"
"3294";"5";"—";"226";"226";"0";"Участвуете в конкурсе";"1577058";"—"
"3295";"6";"—";"226";"226";"0";"Участвуете в конкурсе";"2206776";"—"
"3296";"4";"—";"226";"224";"2";"Участвуете в конкурсе";"1995306";"—"
"3297";"1";"—";"226";"224";"2";"Участвуете в конкурсе";"1798297";"—"
"3298";"6";"—";"226";"224";"2";"Участвуете в конкурсе";"1343846";"—"
"3299";"1";"—";"226";"224";"2";"Участвуете в конкурсе";"1557798";"—"
"3300";"9";"—";"226";"224";"2";"Участвуете в конкурсе";"1982928";"—"
"3301";"9";"—";"226";"224";"2";"Участвуете в конкурсе";"1436275";"—"
"3302";"1";"—";"226";"224";"2";"Участвуете в конкурсе";"1599697";"—"
"3303";"11";"—";"226";"224";"2";"Участвуете в конкурсе";"2304340";"—"
"3304";"2";"—";"226";"223";"3";"Участвуете в конкурсе";"2096295";"—"
"3305";"3";"—";"226";"223";"3";"Участвуете в конкурсе";"1434232";"—"
"3306";"2";"—";"226";"223";"3";"Участвуете в конкурсе";"1233448";"—"
"3307";"1";"—";"226";"222";"4";"Участвуете в конкурсе";"1555630";"—"
"3308";"1";"—";"226";"222";"4";"Участвуете в конкурсе";"1199126";"—"
"3309";"1";"—";"226";"221";"5";"Участвуете в конкурсе";"2313816";"—"
"3310";"2";"—";"226";"221";"5";"Участвуете в конкурсе";"1293468";"—"
"3311";"3";"—";"226";"221";"5";"Участвуете в конкурсе";"1332134";"—"
"3312";"11";"Электронное";"226";"221";"5";"Участвуете в конкурсе";"2042993";"—"
"3313";"13";"—";"226";"219";"7";"Участвуете в конкурсе";"1410514";"—"
"3314";"6";"—";"226";"216";"10";"Участвуете в конкурсе";"1797443";"—"
"3315";"5";"—";"226";"216";"10";"Участвуете в конкурсе";"1288897";"—"
"3316";"3";"Электронное";"226";"216";"10";"Участвуете в конкурсе";"1715972";"—"
"3317";"8";"—";"226";"216";"10";"Участвуете в конкурсе";"1353977";"—"
"3318";"4";"—";"226";"216";"10";"Участвуете в конкурсе";"1879308";"—"
"3319";"3";"—";"226";"216";"10";"Участвуете в конкурсе";"2371304";"—"
"3320";"14";"—";"226";"216";"10";"Участвуете в конкурсе";"1725300";"—"
"3321";"1";"—";"226";"216";"10";"Участвуете в конкурсе";"1446690";"—"
"3322";"3";"—";"226";"216";"10";"Участвуете в конкурсе";"1251019";"—"
"3323";"1";"—";"226";"216";"10";"Участвуете в конкурсе";"1420674";"—"
"3324";"1";"—";"225";"225";"0";"Участвуете в конкурсе";"1208186";"—"
"3325";"9";"—";"225";"225";"0";"Участвуете в конкурсе";"1543960";"—"
"3326";"4";"—";"225";"225";"0";"Участвуете в конкурсе";"1656829";"—"
"3327";"3";"—";"225";"225";"0";"Участвуете в конкурсе";"1785156";"—"
"3328";"4";"—";"225";"225";"0";"Участвуете в конкурсе";"1709777";"—"
"3329";"6";"—";"225";"225";"0";"Участвуете в конкурсе";"1246022";"—"
"3330";"3";"—";"225";"225";"0";"Участвуете в конкурсе";"1223041";"—"
"3331";"1";"—";"225";"225";"0";"Участвуете в конкурсе";"1197952";"—"
"3332";"1";"—";"225";"225";"0";"Участвуете в конкурсе";"1485752";"—"
"3333";"4";"—";"225";"225";"0";"Участвуете в конкурсе";"1881122";"—"
"3334";"10";"—";"225";"225";"0";"Участвуете в конкурсе";"1263418";"—"
"3335";"2";"—";"225";"225";"0";"Участвуете в конкурсе";"2182658";"—"
"3336";"3";"—";"225";"225";"0";"Участвуете в конкурсе";"1605563";"—"
"3337";"5";"Электронное";"225";"225";"0";"Участвуете в конкурсе";"2096285";"—"
"3338";"1";"—";"225";"225";"0";"Участвуете в конкурсе";"2214350";"—"
"3339";"4";"—";"225";"225";"0";"Участвуете в конкурсе";"998620";"—"
"3340";"4";"—";"225";"225";"0";"Участвуете в конкурсе";"1251519";"—"
"3341";"1";"—";"225";"225";"0";"Участвуете в конкурсе";"1381441";"—"
"3342";"12";"—";"225";"225";"0";"Участвуете в конкурсе";"1837851";"—"
"3343";"5";"—";"225";"225";"0";"Участвуете в конкурсе";"2138864";"—"
"3344";"1";"Электронное";"225";"225";"0";"Участвуете в конкурсе";"1512229";"—"
"3345";"3";"—";"225";"225";"0";"Участвуете в конкурсе";"1204064";"—"
"3346";"4";"—";"225";"225";"0";"Участвуете в конкурсе";"2385801";"—"
"3347";"1";"—";"225";"225";"0";"Участвуете в конкурсе";"1175364";"—"
"3348";"1";"—";"225";"225";"0";"Участвуете в конкурсе";"1487590";"—"
"3349";"2";"—";"225";"225";"0";"Участвуете в конкурсе";"1857955";"—"
"3350";"1";"—";"225";"225";"0";"Участвуете в конкурсе";"1287795";"—"
"3351";"10";"—";"225";"225";"0";"Участвуете в конкурсе";"1548321";"—"
"3352";"6";"—";"225";"223";"2";"Участвуете в конкурсе";"1764782";"—"
"3353";"6";"—";"225";"223";"2";"Участвуете в конкурсе";"2221949";"—"
"3354";"4";"—";"225";"223";"2";"Участвуете в конкурсе";"1248662";"—"
"3355";"4";"—";"225";"223";"2";"Участвуете в конкурсе";"1653469";"—"
"3356";"4";"—";"225";"223";"2";"Участвуете в конкурсе";"2336220";"—"
"3357";"2";"—";"225";"223";"2";"Участвуете в конкурсе";"1932941";"—"
"3358";"7";"—";"225";"222";"3";"Участвуете в конкурсе";"1238004";"—"
"3359";"15";"—";"225";"218";"7";"Участвуете в конкурсе";"1860412";"—"
"3360";"9";"—";"225";"215";"10";"Участвуете в конкурсе";"2423612";"—"
"3361";"2";"—";"225";"215";"10";"Участвуете в конкурсе";"1565640";"—"
"3362";"2";"—";"225";"215";"10";"Участвуете в конкурсе";"1304842";"—"
"3363";"6";"—";"225";"215";"10";"Участвуете в конкурсе";"943973";"—"
"3364";"6";"—";"225";"215";"10";"Участвуете в конкурсе";"2195993";"—"
"3365";"5";"—";"225";"215";"10";"Участвуете в конкурсе";"1714221";"—"
"3366";"1";"—";"225";"215";"10";"Участвуете в конкурсе";"2384109";"—"
"3367";"8";"Электронное";"225";"215";"10";"Участвуете в конкурсе";"2421525";"—"
"3368";"1";"—";"224";"224";"0";"Участвуете в конкурсе";"1103046";"—"
"3369";"2";"—";"224";"224";"0";"Участвуете в конкурсе";"1715621";"—"
"3370";"1";"—";"224";"224";"0";"Участвуете в конкурсе";"2002954";"—"
"3371";"8";"—";"224";"224";"0";"Участвуете в конкурсе";"2423986";"—"
"3372";"4";"—";"224";"224";"0";"Участвуете в конкурсе";"1606082";"—"
"3373";"2";"—";"224";"224";"0";"Участвуете в конкурсе";"1813701";"—"
"3374";"1";"—";"224";"224";"0";"Участвуете в конкурсе";"1601624";"—"
"3375";"9";"—";"224";"224";"0";"Участвуете в конкурсе";"1631499";"—"
"3376";"1";"—";"224";"224";"0";"Участвуете в конкурсе";"1653905";"—"
"3377";"2";"—";"224";"224";"0";"Участвуете в конкурсе";"1705975";"—"
"3378";"3";"—";"224";"224";"0";"Участвуете в конкурсе";"2265433";"—"
"3379";"1";"—";"224";"224";"0";"Участвуете в конкурсе";"1425611";"—"
"3380";"1";"—";"224";"224";"0";"Участвуете в конкурсе";"1208601";"—"
"3381";"9";"—";"224";"224";"0";"Участвуете в конкурсе";"2313005";"—"
"3382";"2";"—";"224";"224";"0";"Участвуете в конкурсе";"1509312";"—"
"3383";"5";"—";"224";"224";"0";"Участвуете в конкурсе";"1780175";"—"
"3384";"1";"—";"224";"224";"0";"Участвуете в конкурсе";"1696625";"—"
"3385";"3";"—";"224";"224";"0";"Участвуете в конкурсе";"1511276";"—"
"3386";"12";"—";"224";"224";"0";"Участвуете в конкурсе";"1722149";"—"
"3387";"6";"—";"224";"224";"0";"Участвуете в конкурсе";"1290464";"—"
"3388";"1";"—";"224";"224";"0";"Участвуете в конкурсе";"1252235";"—"
"3389";"5";"—";"224";"224";"0";"Участвуете в конкурсе";"1400762";"—"
"3390";"2";"—";"224";"224";"0";"Участвуете в конкурсе";"1776434";"—"
"3391";"3";"—";"224";"224";"0";"Участвуете в конкурсе";"1797966";"—"
"3392";"3";"—";"224";"224";"0";"Участвуете в конкурсе";"1793551";"—"
"3393";"2";"—";"224";"224";"0";"Участвуете в конкурсе";"1473617";"—"
"3394";"2";"Электронное";"224";"224";"0";"Участвуете в конкурсе";"1858928";"—"
"3395";"2";"—";"224";"224";"0";"Участвуете в конкурсе";"982567";"—"
"3396";"8";"—";"224";"222";"2";"Участвуете в конкурсе";"1225686";"—"
"3397";"3";"—";"224";"222";"2";"Участвуете в конкурсе";"1852601";"—"
"3398";"4";"—";"224";"222";"2";"Участвуете в конкурсе";"1598525";"—"
"3399";"2";"Электронное";"224";"222";"2";"Участвуете в конкурсе";"1894096";"—"
"3400";"6";"—";"224";"222";"2";"Участвуете в конкурсе";"2261129";"—"
"3401";"2";"—";"224";"222";"2";"Участвуете в конкурсе";"1504683";"—"
"3402";"5";"—";"224";"222";"2";"Участвуете в конкурсе";"1410194";"—"
"3403";"4";"—";"224";"222";"2";"Участвуете в конкурсе";"2224399";"—"
"3404";"16";"—";"224";"222";"2";"Участвуете в конкурсе";"1193375";"—"
"3405";"5";"—";"224";"222";"2";"Участвуете в конкурсе";"2134014";"—"
"3406";"2";"—";"224";"222";"2";"Участвуете в конкурсе";"2307816";"—"
"3407";"8";"—";"224";"222";"2";"Участвуете в конкурсе";"973982";"—"
"3408";"8";"Электронное";"224";"221";"3";"Участвуете в конкурсе";"1216444";"—"
"3409";"1";"—";"224";"219";"5";"Участвуете в конкурсе";"1487803";"—"
"3410";"1";"—";"224";"219";"5";"Участвуете в конкурсе";"1103750";"—"
"3411";"3";"—";"224";"219";"5";"Участвуете в конкурсе";"1571791";"—"
"3412";"1";"—";"224";"219";"5";"Участвуете в конкурсе";"2135494";"—"
"3413";"7";"—";"224";"216";"8";"Участвуете в конкурсе";"1652480";"—"
"3414";"3";"—";"224";"214";"10";"Участвуете в конкурсе";"2262315";"—"
"3415";"5";"—";"224";"214";"10";"Участвуете в конкурсе";"2209684";"—"
"3416";"1";"—";"224";"214";"10";"Участвуете в конкурсе";"2334231";"—"
"3417";"4";"—";"224";"214";"10";"Участвуете в конкурсе";"1579949";"—"
"3418";"2";"—";"224";"214";"10";"Участвуете в конкурсе";"1990680";"—"
"3419";"8";"—";"224";"214";"10";"Участвуете в конкурсе";"2212137";"—"
"3420";"10";"—";"224";"214";"10";"Участвуете в конкурсе";"2142584";"—"
"3421";"5";"—";"224";"214";"10";"Участвуете в конкурсе";"1990563";"—"
"3422";"2";"—";"224";"214";"10";"Участвуете в конкурсе";"2391325";"—"
"3423";"1";"—";"224";"214";"10";"Участвуете в конкурсе";"1360107";"—"
"3424";"3";"—";"224";"214";"10";"Участвуете в конкурсе";"1344794";"—"
"3425";"2";"—";"223";"223";"0";"Участвуете в конкурсе";"2177799";"—"
"3426";"7";"—";"223";"223";"0";"Участвуете в конкурсе";"1205166";"—"
"3427";"12";"—";"223";"223";"0";"Участвуете в конкурсе";"2304339";"—"
"3428";"14";"—";"223";"223";"0";"Участвуете в конкурсе";"1347916";"—"
"3429";"6";"—";"223";"223";"0";"Участвуете в конкурсе";"1392403";"—"
"3430";"3";"—";"223";"223";"0";"Участвуете в конкурсе";"1028220";"—"
"3431";"1";"—";"223";"223";"0";"Участвуете в конкурсе";"2170954";"—"
"3432";"2";"—";"223";"223";"0";"Участвуете в конкурсе";"2190167";"—"
"3433";"1";"—";"223";"223";"0";"Участвуете в конкурсе";"1565564";"—"
"3434";"1";"—";"223";"223";"0";"Участвуете в конкурсе";"1764076";"—"
"3435";"9";"—";"223";"223";"0";"Участвуете в конкурсе";"2062058";"—"
"3436";"3";"—";"223";"223";"0";"Участвуете в конкурсе";"1712259";"—"
"3437";"8";"—";"223";"223";"0";"Участвуете в конкурсе";"1731117";"—"
"3438";"10";"—";"223";"223";"0";"Участвуете в конкурсе";"2254297";"—"
"3439";"18";"—";"223";"223";"0";"Участвуете в конкурсе";"2394990";"—"
"3440";"13";"—";"223";"223";"0";"Участвуете в конкурсе";"2086655";"—"
"3441";"4";"Электронное";"223";"223";"0";"Участвуете в конкурсе";"1503281";"—"
"3442";"6";"—";"223";"223";"0";"Участвуете в конкурсе";"1220683";"—"
"3443";"11";"—";"223";"223";"0";"Участвуете в конкурсе";"2254474";"—"
"3444";"2";"—";"223";"223";"0";"Участвуете в конкурсе";"2392201";"—"
"3445";"5";"—";"223";"223";"0";"Участвуете в конкурсе";"1602774";"—"
"3446";"8";"—";"223";"221";"2";"Участвуете в конкурсе";"1643068";"—"
"3447";"1";"—";"223";"221";"2";"Участвуете в конкурсе";"2125871";"—"
"3448";"1";"Электронное";"223";"221";"2";"Участвуете в конкурсе";"1539569";"—"
"3449";"6";"—";"223";"221";"2";"Участвуете в конкурсе";"1777741";"—"
"3450";"4";"Электронное";"223";"221";"2";"Участвуете в конкурсе";"2254135";"—"
"3451";"19";"—";"223";"220";"3";"Участвуете в конкурсе";"1643147";"—"
"3452";"5";"—";"223";"220";"3";"Участвуете в конкурсе";"2317582";"—"
"3453";"10";"—";"223";"220";"3";"Участвуете в конкурсе";"2231013";"—"
"3454";"11";"—";"223";"218";"5";"Участвуете в конкурсе";"1691627";"—"
"3455";"1";"—";"223";"217";"6";"Участвуете в конкурсе";"1621764";"—"
"3456";"1";"—";"223";"213";"10";"Участвуете в конкурсе";"1605303";"—"
"3457";"7";"—";"223";"213";"10";"Участвуете в конкурсе";"1961409";"—"
"3458";"3";"—";"223";"213";"10";"Участвуете в конкурсе";"1094901";"—"
"3459";"10";"—";"223";"213";"10";"Участвуете в конкурсе";"1698373";"—"
"3460";"6";"—";"223";"213";"10";"Участвуете в конкурсе";"1609357";"—"
"3461";"9";"—";"223";"213";"10";"Участвуете в конкурсе";"1503566";"—"
"3462";"7";"—";"222";"222";"0";"Участвуете в конкурсе";"1783135";"—"
"3463";"6";"—";"222";"222";"0";"Участвуете в конкурсе";"2248923";"—"
"3464";"1";"—";"222";"222";"0";"Участвуете в конкурсе";"1607905";"—"
"3465";"4";"—";"222";"222";"0";"Участвуете в конкурсе";"2345962";"—"
"3466";"1";"—";"222";"222";"0";"Участвуете в конкурсе";"1252438";"—"
"3467";"3";"—";"222";"222";"0";"Участвуете в конкурсе";"1257397";"—"
"3468";"1";"—";"222";"222";"0";"Участвуете в конкурсе";"1495850";"—"
"3469";"5";"—";"222";"222";"0";"Участвуете в конкурсе";"1700258";"—"
"3470";"6";"Электронное";"222";"222";"0";"Участвуете в конкурсе";"2179426";"—"
"3471";"3";"—";"222";"222";"0";"Участвуете в конкурсе";"2066463";"—"
"3472";"11";"—";"222";"222";"0";"Участвуете в конкурсе";"1591356";"—"
"3473";"4";"—";"222";"222";"0";"Участвуете в конкурсе";"1703773";"—"
"3474";"1";"—";"222";"222";"0";"Участвуете в конкурсе";"1155074";"—"
"3475";"5";"—";"222";"222";"0";"Участвуете в конкурсе";"1102972";"—"
"3476";"1";"—";"222";"222";"0";"Участвуете в конкурсе";"1347241";"—"
"3477";"2";"—";"222";"222";"0";"Участвуете в конкурсе";"1444251";"—"
"3478";"7";"Электронное";"222";"222";"0";"Участвуете в конкурсе";"1786522";"—"
"3479";"1";"—";"222";"222";"0";"Участвуете в конкурсе";"2137865";"—"
"3480";"4";"—";"222";"222";"0";"Участвуете в конкурсе";"1517549";"—"
"3481";"3";"—";"222";"222";"0";"Участвуете в конкурсе";"2292172";"—"
"3482";"7";"—";"222";"222";"0";"Участвуете в конкурсе";"1597043";"—"
"3483";"4";"—";"222";"222";"0";"Участвуете в конкурсе";"1625277";"—"
"3484";"3";"—";"222";"222";"0";"Участвуете в конкурсе";"1075759";"—"
"3485";"6";"—";"222";"222";"0";"Участвуете в конкурсе";"1935684";"—"
"3486";"4";"—";"222";"222";"0";"Участвуете в конкурсе";"1717370";"—"
"3487";"1";"—";"222";"222";"0";"Участвуете в конкурсе";"1501466";"—"
"3488";"4";"—";"222";"222";"0";"Участвуете в конкурсе";"2322954";"—"
"3489";"1";"—";"222";"222";"0";"Участвуете в конкурсе";"1624157";"—"
"3490";"7";"—";"222";"222";"0";"Участвуете в конкурсе";"2270247";"—"
"3491";"3";"—";"222";"222";"0";"Участвуете в конкурсе";"1723255";"—"
"3492";"1";"—";"222";"222";"0";"Участвуете в конкурсе";"1832786";"—"
"3493";"14";"—";"222";"222";"0";"Участвуете в конкурсе";"1655141";"—"
"3494";"1";"—";"222";"222";"0";"Участвуете в конкурсе";"961364";"—"
"3495";"2";"—";"222";"222";"0";"Участвуете в конкурсе";"1204277";"—"
"3496";"7";"—";"222";"220";"2";"Участвуете в конкурсе";"1398886";"—"
"3497";"4";"Электронное";"222";"220";"2";"Участвуете в конкурсе";"831606";"—"
"3498";"3";"—";"222";"220";"2";"Участвуете в конкурсе";"2130452";"—"
"3499";"3";"—";"222";"220";"2";"Участвуете в конкурсе";"2033525";"—"
"3500";"2";"Электронное";"222";"220";"2";"Участвуете в конкурсе";"2266616";"—"
"3501";"1";"—";"222";"220";"2";"Участвуете в конкурсе";"1257205";"—"
"3502";"4";"—";"222";"220";"2";"Участвуете в конкурсе";"1276152";"—"
"3503";"4";"—";"222";"220";"2";"Участвуете в конкурсе";"2305495";"—"
"3504";"1";"Электронное";"222";"220";"2";"Участвуете в конкурсе";"1835399";"—"
"3505";"1";"—";"222";"220";"2";"Участвуете в конкурсе";"1339247";"—"
"3506";"2";"—";"222";"220";"2";"Участвуете в конкурсе";"2223114";"—"
"3507";"9";"—";"222";"219";"3";"Участвуете в конкурсе";"1849276";"—"
"3508";"1";"—";"222";"217";"5";"Участвуете в конкурсе";"2251199";"—"
"3509";"3";"Электронное";"222";"217";"5";"Участвуете в конкурсе";"1146279";"—"
"3510";"2";"—";"222";"217";"5";"Участвуете в конкурсе";"1932469";"—"
"3511";"10";"—";"222";"217";"5";"Участвуете в конкурсе";"1968960";"—"
"3512";"4";"—";"222";"215";"7";"Участвуете в конкурсе";"1979750";"—"
"3513";"8";"—";"222";"213";"9";"Участвуете в конкурсе";"1712466";"—"
"3514";"2";"—";"222";"212";"10";"Участвуете в конкурсе";"2255536";"—"
"3515";"7";"—";"222";"212";"10";"Участвуете в конкурсе";"2001892";"—"
"3516";"1";"—";"222";"212";"10";"Участвуете в конкурсе";"1179850";"—"
"3517";"9";"—";"222";"212";"10";"Участвуете в конкурсе";"1567137";"—"
"3518";"1";"—";"222";"212";"10";"Участвуете в конкурсе";"2024472";"—"
"3519";"7";"—";"222";"212";"10";"Участвуете в конкурсе";"1698864";"—"
"3520";"8";"—";"222";"212";"10";"Участвуете в конкурсе";"2382846";"—"
"3521";"1";"—";"221";"221";"0";"Участвуете в конкурсе";"1585304";"—"
"3522";"12";"—";"221";"221";"0";"Участвуете в конкурсе";"2090581";"—"
"3523";"1";"—";"221";"221";"0";"Участвуете в конкурсе";"1224898";"—"
"3524";"3";"—";"221";"221";"0";"Участвуете в конкурсе";"1294633";"—"
"3525";"4";"—";"221";"221";"0";"Участвуете в конкурсе";"1304420";"—"
"3526";"11";"—";"221";"221";"0";"Участвуете в конкурсе";"2076158";"—"
"3527";"2";"—";"221";"221";"0";"Участвуете в конкурсе";"2218183";"—"
"3528";"1";"—";"221";"221";"0";"Участвуете в конкурсе";"1022024";"—"
"3529";"7";"—";"221";"221";"0";"Участвуете в конкурсе";"2209316";"—"
"3530";"3";"—";"221";"221";"0";"Участвуете в конкурсе";"1176243";"—"
"3531";"13";"—";"221";"221";"0";"Участвуете в конкурсе";"1439852";"—"
"3532";"13";"—";"221";"221";"0";"Участвуете в конкурсе";"1987385";"—"
"3533";"2";"—";"221";"221";"0";"Участвуете в конкурсе";"1859051";"—"
"3534";"3";"—";"221";"221";"0";"Участвуете в конкурсе";"1602676";"—"
"3535";"8";"—";"221";"221";"0";"Участвуете в конкурсе";"1202078";"—"
"3536";"13";"—";"221";"221";"0";"Участвуете в конкурсе";"2066329";"—"
"3537";"6";"—";"221";"221";"0";"Участвуете в конкурсе";"2190336";"—"
"3538";"4";"Электронное";"221";"221";"0";"Участвуете в конкурсе";"1504159";"—"
"3539";"3";"Электронное";"221";"221";"0";"Участвуете в конкурсе";"1794658";"—"
"3540";"1";"—";"221";"221";"0";"Участвуете в конкурсе";"2379948";"—"
"3541";"1";"—";"221";"221";"0";"Участвуете в конкурсе";"1855378";"—"
"3542";"7";"—";"221";"221";"0";"Участвуете в конкурсе";"2324522";"—"
"3543";"13";"—";"221";"221";"0";"Участвуете в конкурсе";"2219298";"—"
"3544";"1";"—";"221";"219";"2";"Участвуете в конкурсе";"2249145";"—"
"3545";"1";"—";"221";"219";"2";"Участвуете в конкурсе";"2165449";"—"
"3546";"1";"—";"221";"219";"2";"Участвуете в конкурсе";"2307233";"—"
"3547";"9";"—";"221";"219";"2";"Участвуете в конкурсе";"1989628";"—"
"3548";"1";"—";"221";"219";"2";"Участвуете в конкурсе";"1438264";"—"
"3549";"2";"—";"221";"219";"2";"Участвуете в конкурсе";"2269105";"—"
"3550";"1";"—";"221";"219";"2";"Участвуете в конкурсе";"1428554";"—"
"3551";"7";"—";"221";"219";"2";"Участвуете в конкурсе";"1473550";"—"
"3552";"7";"—";"221";"218";"3";"Участвуете в конкурсе";"2343763";"—"
"3553";"2";"—";"221";"218";"3";"Участвуете в конкурсе";"1307643";"—"
"3554";"1";"—";"221";"216";"5";"Участвуете в конкурсе";"1626791";"—"
"3555";"3";"—";"221";"216";"5";"Участвуете в конкурсе";"2199581";"—"
"3556";"5";"—";"221";"215";"6";"Участвуете в конкурсе";"1593699";"—"
"3557";"1";"—";"221";"211";"10";"Участвуете в конкурсе";"1640414";"—"
"3558";"4";"—";"221";"211";"10";"Участвуете в конкурсе";"2345277";"—"
"3559";"7";"—";"221";"211";"10";"Участвуете в конкурсе";"1608577";"—"
"3560";"11";"—";"221";"211";"10";"Участвуете в конкурсе";"1651383";"—"
"3561";"2";"—";"221";"211";"10";"Участвуете в конкурсе";"1795146";"—"
"3562";"4";"—";"221";"211";"10";"Участвуете в конкурсе";"1507692";"—"
"3563";"1";"—";"221";"211";"10";"Участвуете в конкурсе";"2083912";"—"
"3564";"1";"—";"221";"211";"10";"Участвуете в конкурсе";"1649358";"—"
"3565";"9";"—";"220";"220";"0";"Участвуете в конкурсе";"2345307";"—"
"3566";"16";"—";"220";"220";"0";"Участвуете в конкурсе";"1609483";"—"
"3567";"3";"Электронное";"220";"220";"0";"Участвуете в конкурсе";"1358467";"—"
"3568";"2";"—";"220";"220";"0";"Участвуете в конкурсе";"1579243";"—"
"3569";"9";"—";"220";"220";"0";"Участвуете в конкурсе";"1359286";"—"
"3570";"9";"—";"220";"220";"0";"Участвуете в конкурсе";"1644299";"—"
"3571";"2";"—";"220";"220";"0";"Участвуете в конкурсе";"1208190";"—"
"3572";"1";"—";"220";"220";"0";"Участвуете в конкурсе";"1245491";"—"
"3573";"2";"—";"220";"220";"0";"Участвуете в конкурсе";"1490697";"—"
"3574";"5";"—";"220";"220";"0";"Участвуете в конкурсе";"1199624";"—"
"3575";"5";"Электронное";"220";"220";"0";"Участвуете в конкурсе";"2376350";"—"
"3576";"8";"—";"220";"220";"0";"Участвуете в конкурсе";"1576660";"—"
"3577";"1";"—";"220";"220";"0";"Участвуете в конкурсе";"1243180";"—"
"3578";"12";"Электронное";"220";"220";"0";"Участвуете в конкурсе";"1174925";"—"
"3579";"5";"—";"220";"220";"0";"Участвуете в конкурсе";"1179967";"—"
"3580";"13";"—";"220";"220";"0";"Участвуете в конкурсе";"1234995";"—"
"3581";"12";"Электронное";"220";"220";"0";"Участвуете в конкурсе";"2049876";"—"
"3582";"4";"Электронное";"220";"220";"0";"Участвуете в конкурсе";"1247278";"—"
"3583";"1";"—";"220";"220";"0";"Участвуете в конкурсе";"1859787";"—"
"3584";"1";"—";"220";"220";"0";"Участвуете в конкурсе";"1795970";"—"
"3585";"8";"—";"220";"220";"0";"Участвуете в конкурсе";"1670281";"—"
"3586";"2";"—";"220";"220";"0";"Участвуете в конкурсе";"1651493";"—"
"3587";"5";"—";"220";"220";"0";"Участвуете в конкурсе";"1163693";"—"
"3588";"5";"—";"220";"218";"2";"Участвуете в конкурсе";"2076943";"—"
"3589";"1";"—";"220";"218";"2";"Участвуете в конкурсе";"2173287";"—"
"3590";"6";"—";"220";"218";"2";"Участвуете в конкурсе";"1753763";"—"
"3591";"2";"Электронное";"220";"218";"2";"Участвуете в конкурсе";"2183829";"—"
"3592";"3";"—";"220";"218";"2";"Участвуете в конкурсе";"1391938";"—"
"3593";"1";"—";"220";"218";"2";"Участвуете в конкурсе";"1325517";"—"
"3594";"5";"—";"220";"218";"2";"Участвуете в конкурсе";"2273369";"—"
"3595";"5";"—";"220";"218";"2";"Участвуете в конкурсе";"1765316";"—"
"3596";"6";"—";"220";"217";"3";"Участвуете в конкурсе";"2206503";"—"
"3597";"3";"—";"220";"217";"3";"Участвуете в конкурсе";"2280259";"—"
"3598";"8";"Электронное";"220";"217";"3";"Участвуете в конкурсе";"1469936";"—"
"3599";"4";"—";"220";"216";"4";"Участвуете в конкурсе";"1199838";"—"
"3600";"2";"—";"220";"216";"4";"Участвуете в конкурсе";"1833710";"—"
"3601";"1";"—";"220";"210";"10";"Участвуете в конкурсе";"1686248";"—"
"3602";"4";"—";"220";"210";"10";"Участвуете в конкурсе";"1534430";"—"
"3603";"2";"—";"220";"210";"10";"Участвуете в конкурсе";"2212154";"—"
"3604";"7";"—";"220";"210";"10";"Участвуете в конкурсе";"1572246";"—"
"3605";"3";"Электронное";"220";"210";"10";"Участвуете в конкурсе";"1196898";"—"
"3606";"18";"—";"220";"210";"10";"Участвуете в конкурсе";"2159885";"—"
"3607";"1";"Электронное";"219";"219";"0";"Участвуете в конкурсе";"1934798";"—"
"3608";"5";"—";"219";"219";"0";"Участвуете в конкурсе";"1198005";"—"
"3609";"10";"—";"219";"219";"0";"Участвуете в конкурсе";"1402951";"—"
"3610";"7";"Электронное";"219";"219";"0";"Участвуете в конкурсе";"2144528";"—"
"3611";"2";"—";"219";"219";"0";"Участвуете в конкурсе";"1381969";"—"
"3612";"1";"—";"219";"219";"0";"Участвуете в конкурсе";"1246261";"—"
"3613";"1";"—";"219";"219";"0";"Участвуете в конкурсе";"1374200";"—"
"3614";"4";"—";"219";"219";"0";"Участвуете в конкурсе";"2046435";"—"
"3615";"1";"—";"219";"219";"0";"Участвуете в конкурсе";"974058";"—"
"3616";"3";"—";"219";"219";"0";"Участвуете в конкурсе";"1908873";"—"
"3617";"6";"—";"219";"219";"0";"Участвуете в конкурсе";"1654839";"—"
"3618";"2";"—";"219";"219";"0";"Участвуете в конкурсе";"2253046";"—"
"3619";"2";"—";"219";"219";"0";"Участвуете в конкурсе";"2385827";"—"
"3620";"3";"—";"219";"219";"0";"Участвуете в конкурсе";"2143282";"—"
"3621";"11";"—";"219";"219";"0";"Участвуете в конкурсе";"2003370";"—"
"3622";"2";"—";"219";"219";"0";"Участвуете в конкурсе";"2288354";"—"
"3623";"8";"—";"219";"217";"2";"Участвуете в конкурсе";"1236073";"—"
"3624";"9";"—";"219";"217";"2";"Участвуете в конкурсе";"2004129";"—"
"3625";"8";"—";"219";"217";"2";"Участвуете в конкурсе";"1754104";"—"
"3626";"1";"—";"219";"217";"2";"Участвуете в конкурсе";"1260482";"—"
"3627";"3";"—";"219";"217";"2";"Участвуете в конкурсе";"2269263";"—"
"3628";"2";"—";"219";"217";"2";"Участвуете в конкурсе";"2267632";"—"
"3629";"1";"—";"219";"217";"2";"Участвуете в конкурсе";"1201753";"—"
"3630";"4";"—";"219";"217";"2";"Участвуете в конкурсе";"1665541";"—"
"3631";"6";"—";"219";"217";"2";"Участвуете в конкурсе";"1274713";"—"
"3632";"1";"—";"219";"216";"3";"Участвуете в конкурсе";"1553618";"—"
"3633";"3";"—";"219";"214";"5";"Участвуете в конкурсе";"1284908";"—"
"3634";"3";"Электронное";"219";"212";"7";"Участвуете в конкурсе";"1359444";"—"
"3635";"1";"Электронное";"219";"211";"8";"Участвуете в конкурсе";"2184628";"—"
"3636";"3";"—";"219";"209";"10";"Участвуете в конкурсе";"2254545";"—"
"3637";"6";"Электронное";"219";"209";"10";"Участвуете в конкурсе";"1196751";"—"
"3638";"1";"—";"219";"209";"10";"Участвуете в конкурсе";"1485587";"—"
"3639";"1";"—";"219";"209";"10";"Участвуете в конкурсе";"1787791";"—"
"3640";"17";"—";"219";"209";"10";"Участвуете в конкурсе";"1542701";"—"
"3641";"6";"—";"218";"218";"0";"Участвуете в конкурсе";"1196905";"—"
"3642";"3";"—";"218";"218";"0";"Участвуете в конкурсе";"1900112";"—"
"3643";"10";"—";"218";"218";"0";"Участвуете в конкурсе";"2342874";"—"
"3644";"11";"—";"218";"218";"0";"Участвуете в конкурсе";"2371339";"—"
"3645";"5";"—";"218";"218";"0";"Участвуете в конкурсе";"1707212";"—"
"3646";"4";"—";"218";"218";"0";"Участвуете в конкурсе";"1720342";"—"
"3647";"1";"—";"218";"218";"0";"Участвуете в конкурсе";"1549649";"—"
"3648";"4";"—";"218";"218";"0";"Участвуете в конкурсе";"1644113";"—"
"3649";"7";"—";"218";"218";"0";"Участвуете в конкурсе";"1648261";"—"
"3650";"1";"—";"218";"218";"0";"Участвуете в конкурсе";"1177958";"—"
"3651";"5";"Электронное";"218";"218";"0";"Участвуете в конкурсе";"2177465";"—"
"3652";"1";"—";"218";"218";"0";"Участвуете в конкурсе";"1261714";"—"
"3653";"2";"—";"218";"218";"0";"Участвуете в конкурсе";"1167989";"—"
"3654";"3";"—";"218";"218";"0";"Участвуете в конкурсе";"1266763";"—"
"3655";"1";"Электронное";"218";"218";"0";"Участвуете в конкурсе";"1264841";"—"
"3656";"1";"—";"218";"218";"0";"Участвуете в конкурсе";"1364987";"—"
"3657";"1";"Электронное";"218";"218";"0";"Участвуете в конкурсе";"1773760";"—"
"3658";"6";"—";"218";"218";"0";"Участвуете в конкурсе";"2003136";"—"
"3659";"6";"Электронное";"218";"218";"0";"Участвуете в конкурсе";"1838328";"—"
"3660";"1";"—";"218";"218";"0";"Участвуете в конкурсе";"1551556";"—"
"3661";"1";"—";"218";"218";"0";"Участвуете в конкурсе";"1626386";"—"
"3662";"2";"Электронное";"218";"218";"0";"Участвуете в конкурсе";"2086163";"—"
"3663";"4";"—";"218";"218";"0";"Участвуете в конкурсе";"1981554";"—"
"3664";"2";"Электронное";"218";"218";"0";"Участвуете в конкурсе";"1796805";"—"
"3665";"2";"—";"218";"216";"2";"Участвуете в конкурсе";"2370818";"—"
"3666";"9";"—";"218";"216";"2";"Участвуете в конкурсе";"1364135";"—"
"3667";"4";"—";"218";"216";"2";"Участвуете в конкурсе";"1416361";"—"
"3668";"5";"—";"218";"216";"2";"Участвуете в конкурсе";"2396170";"—"
"3669";"4";"—";"218";"216";"2";"Участвуете в конкурсе";"1257124";"—"
"3670";"7";"—";"218";"214";"4";"Участвуете в конкурсе";"1430482";"—"
"3671";"5";"—";"218";"213";"5";"Участвуете в конкурсе";"1231104";"—"
"3672";"10";"—";"218";"213";"5";"Участвуете в конкурсе";"1912201";"—"
"3673";"6";"—";"218";"210";"8";"Участвуете в конкурсе";"2248594";"—"
"3674";"2";"—";"218";"208";"10";"Участвуете в конкурсе";"2330472";"—"
"3675";"5";"—";"218";"208";"10";"Участвуете в конкурсе";"2222556";"—"
"3676";"1";"—";"218";"208";"10";"Участвуете в конкурсе";"1907492";"—"
"3677";"6";"—";"218";"208";"10";"Участвуете в конкурсе";"1408931";"—"
"3678";"4";"—";"218";"208";"10";"Участвуете в конкурсе";"2307683";"—"
"3679";"2";"—";"218";"208";"10";"Участвуете в конкурсе";"1397944";"—"
"3680";"10";"Электронное";"218";"208";"10";"Участвуете в конкурсе";"1915999";"—"
"3681";"3";"—";"218";"208";"10";"Участвуете в конкурсе";"2295718";"—"
"3682";"2";"—";"217";"217";"0";"Участвуете в конкурсе";"2343260";"—"
"3683";"1";"—";"217";"217";"0";"Участвуете в конкурсе";"1720998";"—"
"3684";"1";"—";"217";"217";"0";"Участвуете в конкурсе";"1868929";"—"
"3685";"2";"—";"217";"217";"0";"Участвуете в конкурсе";"2250668";"—"
"3686";"2";"—";"217";"217";"0";"Участвуете в конкурсе";"2308918";"—"
"3687";"6";"—";"217";"217";"0";"Участвуете в конкурсе";"1650127";"—"
"3688";"5";"—";"217";"217";"0";"Участвуете в конкурсе";"1914901";"—"
"3689";"9";"—";"217";"217";"0";"Участвуете в конкурсе";"1438536";"—"
"3690";"4";"—";"217";"217";"0";"Участвуете в конкурсе";"2393246";"—"
"3691";"1";"—";"217";"217";"0";"Участвуете в конкурсе";"2253477";"—"
"3692";"7";"—";"217";"217";"0";"Участвуете в конкурсе";"1358756";"—"
"3693";"2";"—";"217";"217";"0";"Участвуете в конкурсе";"1613492";"—"
"3694";"10";"—";"217";"217";"0";"Участвуете в конкурсе";"1000153";"—"
"3695";"3";"Электронное";"217";"217";"0";"Участвуете в конкурсе";"1715854";"—"
"3696";"1";"—";"217";"217";"0";"Участвуете в конкурсе";"2354697";"—"
"3697";"1";"—";"217";"217";"0";"Участвуете в конкурсе";"1958071";"—"
"3698";"6";"—";"217";"217";"0";"Участвуете в конкурсе";"2238876";"—"
"3699";"2";"—";"217";"217";"0";"Участвуете в конкурсе";"1249569";"—"
"3700";"2";"—";"217";"217";"0";"Участвуете в конкурсе";"1443666";"—"
"3701";"5";"—";"217";"217";"0";"Участвуете в конкурсе";"1513003";"—"
"3702";"2";"—";"217";"215";"2";"Участвуете в конкурсе";"1616961";"—"
"3703";"2";"—";"217";"215";"2";"Участвуете в конкурсе";"1422605";"—"
"3704";"1";"—";"217";"215";"2";"Участвуете в конкурсе";"1480084";"—"
"3705";"1";"—";"217";"215";"2";"Участвуете в конкурсе";"1213199";"—"
"3706";"2";"—";"217";"215";"2";"Участвуете в конкурсе";"2247848";"—"
"3707";"2";"—";"217";"215";"2";"Участвуете в конкурсе";"2238478";"—"
"3708";"1";"—";"217";"215";"2";"Участвуете в конкурсе";"2270003";"—"
"3709";"3";"—";"217";"214";"3";"Участвуете в конкурсе";"1786561";"—"
"3710";"19";"—";"217";"211";"6";"Участвуете в конкурсе";"1618532";"—"
"3711";"5";"—";"217";"207";"10";"Участвуете в конкурсе";"1841532";"—"
"3712";"7";"—";"217";"207";"10";"Участвуете в конкурсе";"1969522";"—"
"3713";"13";"—";"217";"207";"10";"Участвуете в конкурсе";"1286273";"—"
"3714";"7";"—";"217";"207";"10";"Участвуете в конкурсе";"2218334";"—"
"3715";"4";"—";"217";"207";"10";"Участвуете в конкурсе";"1563289";"—"
"3716";"13";"—";"216";"216";"0";"Участвуете в конкурсе";"1616478";"—"
"3717";"1";"—";"216";"216";"0";"Участвуете в конкурсе";"1790844";"—"
"3718";"12";"Электронное";"216";"216";"0";"Участвуете в конкурсе";"1624311";"—"
"3719";"1";"—";"216";"216";"0";"Участвуете в конкурсе";"1175076";"—"
"3720";"7";"—";"216";"216";"0";"Участвуете в конкурсе";"1582303";"—"
"3721";"1";"—";"216";"216";"0";"Участвуете в конкурсе";"1267289";"—"
"3722";"3";"—";"216";"216";"0";"Участвуете в конкурсе";"1323745";"—"
"3723";"16";"Электронное";"216";"216";"0";"Участвуете в конкурсе";"2230262";"—"
"3724";"3";"—";"216";"216";"0";"Участвуете в конкурсе";"1715263";"—"
"3725";"4";"—";"216";"216";"0";"Участвуете в конкурсе";"1813274";"—"
"3726";"1";"—";"216";"216";"0";"Участвуете в конкурсе";"1992523";"—"
"3727";"13";"—";"216";"216";"0";"Участвуете в конкурсе";"1626687";"—"
"3728";"8";"—";"216";"216";"0";"Участвуете в конкурсе";"1394876";"—"
"3729";"4";"Электронное";"216";"216";"0";"Участвуете в конкурсе";"2365915";"—"
"3730";"7";"—";"216";"216";"0";"Участвуете в конкурсе";"1466530";"—"
"3731";"1";"—";"216";"216";"0";"Участвуете в конкурсе";"2086913";"—"
"3732";"3";"—";"216";"216";"0";"Участвуете в конкурсе";"2136709";"—"
"3733";"7";"—";"216";"214";"2";"Участвуете в конкурсе";"1356385";"—"
"3734";"3";"—";"216";"214";"2";"Участвуете в конкурсе";"2368285";"—"
"3735";"4";"—";"216";"214";"2";"Участвуете в конкурсе";"1893255";"—"
"3736";"2";"—";"216";"214";"2";"Участвуете в конкурсе";"1369171";"—"
"3737";"1";"—";"216";"213";"3";"Участвуете в конкурсе";"2343822";"—"
"3738";"8";"—";"216";"212";"4";"Участвуете в конкурсе";"1894290";"—"
"3739";"2";"—";"216";"211";"5";"Участвуете в конкурсе";"1367902";"—"
"3740";"12";"Электронное";"216";"211";"5";"Участвуете в конкурсе";"1485146";"—"
"3741";"2";"—";"216";"211";"5";"Участвуете в конкурсе";"1106322";"—"
"3742";"2";"—";"216";"211";"5";"Участвуете в конкурсе";"1615953";"—"
"3743";"12";"—";"216";"210";"6";"Участвуете в конкурсе";"1104166";"—"
"3744";"9";"—";"216";"207";"9";"Участвуете в конкурсе";"1389125";"—"
"3745";"8";"—";"216";"206";"10";"Участвуете в конкурсе";"1489736";"—"
"3746";"2";"—";"216";"206";"10";"Участвуете в конкурсе";"1485159";"—"
"3747";"8";"—";"216";"206";"10";"Участвуете в конкурсе";"2010989";"—"
"3748";"4";"—";"216";"206";"10";"Участвуете в конкурсе";"1503532";"—"
"3749";"1";"—";"216";"206";"10";"Участвуете в конкурсе";"2354240";"—"
"3750";"3";"—";"215";"215";"0";"Участвуете в конкурсе";"2054173";"—"
"3751";"3";"—";"215";"215";"0";"Участвуете в конкурсе";"1369798";"—"
"3752";"1";"—";"215";"215";"0";"Участвуете в конкурсе";"1788408";"—"
"3753";"1";"—";"215";"215";"0";"Участвуете в конкурсе";"1186961";"—"
"3754";"1";"—";"215";"215";"0";"Участвуете в конкурсе";"1507575";"—"
"3755";"2";"Электронное";"215";"215";"0";"Участвуете в конкурсе";"1357459";"—"
"3756";"2";"—";"215";"215";"0";"Участвуете в конкурсе";"1716852";"—"
"3757";"2";"Электронное";"215";"215";"0";"Участвуете в конкурсе";"1617840";"—"
"3758";"17";"—";"215";"215";"0";"Участвуете в конкурсе";"2142674";"—"
"3759";"1";"—";"215";"215";"0";"Участвуете в конкурсе";"1989596";"—"
"3760";"1";"—";"215";"215";"0";"Участвуете в конкурсе";"1842411";"—"
"3761";"14";"—";"215";"215";"0";"Участвуете в конкурсе";"1959487";"—"
"3762";"1";"—";"215";"215";"0";"Участвуете в конкурсе";"1643619";"—"
"3763";"1";"—";"215";"215";"0";"Участвуете в конкурсе";"2324003";"—"
"3764";"2";"—";"215";"215";"0";"Участвуете в конкурсе";"1963426";"—"
"3765";"4";"Электронное";"215";"215";"0";"Участвуете в конкурсе";"1935128";"—"
"3766";"17";"—";"215";"215";"0";"Участвуете в конкурсе";"2053001";"—"
"3767";"1";"—";"215";"215";"0";"Участвуете в конкурсе";"2413201";"—"
"3768";"7";"—";"215";"213";"2";"Участвуете в конкурсе";"1534344";"—"
"3769";"3";"—";"215";"213";"2";"Участвуете в конкурсе";"1618285";"—"
"3770";"2";"—";"215";"212";"3";"Участвуете в конкурсе";"2182311";"—"
"3771";"4";"—";"215";"209";"6";"Участвуете в конкурсе";"1797494";"—"
"3772";"11";"Электронное";"215";"208";"7";"Участвуете в конкурсе";"1201610";"—"
"3773";"3";"—";"215";"205";"10";"Участвуете в конкурсе";"2001513";"—"
"3774";"2";"—";"215";"205";"10";"Участвуете в конкурсе";"1642320";"—"
"3775";"2";"—";"215";"205";"10";"Участвуете в конкурсе";"2226906";"—"
"3776";"1";"—";"215";"205";"10";"Участвуете в конкурсе";"1311617";"—"
"3777";"3";"—";"215";"205";"10";"Участвуете в конкурсе";"1392821";"—"
"3778";"15";"—";"214";"214";"0";"Участвуете в конкурсе";"1235097";"—"
"3779";"4";"—";"214";"214";"0";"Участвуете в конкурсе";"1518179";"—"
"3780";"10";"—";"214";"214";"0";"Участвуете в конкурсе";"2007018";"—"
"3781";"6";"—";"214";"214";"0";"Участвуете в конкурсе";"1339388";"—"
"3782";"1";"—";"214";"214";"0";"Участвуете в конкурсе";"1729574";"—"
"3783";"1";"—";"214";"214";"0";"Участвуете в конкурсе";"1754413";"—"
"3784";"7";"—";"214";"214";"0";"Участвуете в конкурсе";"1087573";"—"
"3785";"9";"—";"214";"214";"0";"Участвуете в конкурсе";"1631128";"—"
"3786";"1";"—";"214";"214";"0";"Участвуете в конкурсе";"2307154";"—"
"3787";"2";"—";"214";"214";"0";"Участвуете в конкурсе";"1849517";"—"
"3788";"1";"—";"214";"214";"0";"Участвуете в конкурсе";"1236478";"—"
"3789";"2";"—";"214";"214";"0";"Участвуете в конкурсе";"1569988";"—"
"3790";"1";"—";"214";"214";"0";"Участвуете в конкурсе";"2195933";"—"
"3791";"2";"—";"214";"214";"0";"Участвуете в конкурсе";"1881427";"—"
"3792";"6";"—";"214";"214";"0";"Участвуете в конкурсе";"1988651";"—"
"3793";"6";"—";"214";"214";"0";"Участвуете в конкурсе";"1354963";"—"
"3794";"1";"—";"214";"214";"0";"Участвуете в конкурсе";"1497535";"—"
"3795";"3";"—";"214";"214";"0";"Участвуете в конкурсе";"2362250";"—"
"3796";"2";"—";"214";"214";"0";"Участвуете в конкурсе";"2229257";"—"
"3797";"7";"—";"214";"214";"0";"Участвуете в конкурсе";"1179652";"—"
"3798";"2";"—";"214";"214";"0";"Участвуете в конкурсе";"1594182";"—"
"3799";"1";"—";"214";"212";"2";"Участвуете в конкурсе";"1208979";"—"
"3800";"4";"—";"214";"212";"2";"Участвуете в конкурсе";"1691861";"—"
"3801";"5";"—";"214";"212";"2";"Участвуете в конкурсе";"2246321";"—"
"3802";"1";"—";"214";"212";"2";"Участвуете в конкурсе";"2175588";"—"
"3803";"4";"—";"214";"212";"2";"Участвуете в конкурсе";"1381884";"—"
"3804";"7";"—";"214";"212";"2";"Участвуете в конкурсе";"1722022";"—"
"3805";"6";"—";"214";"211";"3";"Участвуете в конкурсе";"1246044";"—"
"3806";"1";"—";"214";"211";"3";"Участвуете в конкурсе";"1549176";"—"
"3807";"3";"—";"214";"211";"3";"Участвуете в конкурсе";"1107878";"—"
"3808";"13";"—";"214";"210";"4";"Участвуете в конкурсе";"1208517";"—"
"3809";"6";"Электронное";"214";"209";"5";"Участвуете в конкурсе";"2199072";"—"
"3810";"2";"Электронное";"214";"205";"9";"Участвуете в конкурсе";"2306737";"—"
"3811";"1";"—";"214";"204";"10";"Участвуете в конкурсе";"1179742";"—"
"3812";"1";"—";"214";"204";"10";"Участвуете в конкурсе";"981786";"—"
"3813";"2";"—";"214";"204";"10";"Участвуете в конкурсе";"2370801";"—"
"3814";"7";"—";"214";"204";"10";"Участвуете в конкурсе";"2259916";"—"
"3815";"3";"—";"213";"213";"0";"Участвуете в конкурсе";"1789367";"—"
"3816";"5";"—";"213";"213";"0";"Участвуете в конкурсе";"1283633";"—"
"3817";"1";"—";"213";"213";"0";"Участвуете в конкурсе";"1477168";"—"
"3818";"14";"—";"213";"213";"0";"Участвуете в конкурсе";"1907839";"—"
"3819";"2";"—";"213";"213";"0";"Участвуете в конкурсе";"2197082";"—"
"3820";"8";"—";"213";"213";"0";"Участвуете в конкурсе";"1505511";"—"
"3821";"3";"—";"213";"213";"0";"Участвуете в конкурсе";"1778400";"—"
"3822";"4";"—";"213";"213";"0";"Участвуете в конкурсе";"1356955";"—"
"3823";"1";"—";"213";"213";"0";"Участвуете в конкурсе";"1470468";"—"
"3824";"7";"—";"213";"213";"0";"Участвуете в конкурсе";"1191211";"—"
"3825";"1";"—";"213";"213";"0";"Участвуете в конкурсе";"1354885";"—"
"3826";"2";"—";"213";"213";"0";"Участвуете в конкурсе";"2206640";"—"
"3827";"1";"—";"213";"213";"0";"Участвуете в конкурсе";"1335436";"—"
"3828";"1";"—";"213";"213";"0";"Участвуете в конкурсе";"1960935";"—"
"3829";"7";"—";"213";"213";"0";"Участвуете в конкурсе";"2125708";"—"
"3830";"4";"—";"213";"213";"0";"Участвуете в конкурсе";"2390288";"—"
"3831";"2";"—";"213";"213";"0";"Участвуете в конкурсе";"1799199";"—"
"3832";"2";"—";"213";"213";"0";"Участвуете в конкурсе";"2229055";"—"
"3833";"11";"—";"213";"213";"0";"Участвуете в конкурсе";"1336693";"—"
"3834";"11";"—";"213";"213";"0";"Участвуете в конкурсе";"2289347";"—"
"3835";"6";"—";"213";"213";"0";"Участвуете в конкурсе";"1888990";"—"
"3836";"3";"—";"213";"213";"0";"Участвуете в конкурсе";"2128163";"—"
"3837";"2";"—";"213";"213";"0";"Участвуете в конкурсе";"2180881";"—"
"3838";"4";"—";"213";"213";"0";"Участвуете в конкурсе";"1880265";"—"
"3839";"18";"—";"213";"213";"0";"Участвуете в конкурсе";"1648304";"—"
"3840";"3";"—";"213";"211";"2";"Участвуете в конкурсе";"1335032";"—"
"3841";"2";"—";"213";"211";"2";"Участвуете в конкурсе";"1511627";"—"
"3842";"6";"Электронное";"213";"211";"2";"Участвуете в конкурсе";"1728913";"—"
"3843";"9";"—";"213";"211";"2";"Участвуете в конкурсе";"2140473";"—"
"3844";"2";"—";"213";"211";"2";"Участвуете в конкурсе";"2304787";"—"
"3845";"2";"—";"213";"211";"2";"Участвуете в конкурсе";"2299429";"—"
"3846";"3";"—";"213";"211";"2";"Участвуете в конкурсе";"1499665";"—"
"3847";"4";"—";"213";"211";"2";"Участвуете в конкурсе";"2214781";"—"
"3848";"3";"—";"213";"210";"3";"Участвуете в конкурсе";"1154057";"—"
"3849";"3";"Электронное";"213";"210";"3";"Участвуете в конкурсе";"1186955";"—"
"3850";"2";"—";"213";"210";"3";"Участвуете в конкурсе";"2228377";"—"
"3851";"3";"—";"213";"210";"3";"Участвуете в конкурсе";"2280482";"—"
"3852";"3";"—";"213";"209";"4";"Участвуете в конкурсе";"1363571";"—"
"3853";"7";"—";"213";"208";"5";"Участвуете в конкурсе";"1490744";"—"
"3854";"2";"—";"213";"207";"6";"Участвуете в конкурсе";"1487265";"—"
"3855";"5";"Электронное";"213";"203";"10";"Участвуете в конкурсе";"1386658";"—"
"3856";"5";"—";"213";"203";"10";"Участвуете в конкурсе";"1442850";"—"
"3857";"4";"—";"213";"203";"10";"Участвуете в конкурсе";"2343494";"—"
"3858";"5";"—";"212";"212";"0";"Участвуете в конкурсе";"1647982";"—"
"3859";"1";"—";"212";"212";"0";"Участвуете в конкурсе";"1787020";"—"
"3860";"2";"—";"212";"212";"0";"Участвуете в конкурсе";"1282139";"—"
"3861";"7";"—";"212";"212";"0";"Участвуете в конкурсе";"1905147";"—"
"3862";"6";"—";"212";"212";"0";"Участвуете в конкурсе";"2162330";"—"
"3863";"3";"—";"212";"212";"0";"Участвуете в конкурсе";"1907454";"—"
"3864";"6";"—";"212";"212";"0";"Участвуете в конкурсе";"1728751";"—"
"3865";"2";"—";"212";"212";"0";"Участвуете в конкурсе";"1464772";"—"
"3866";"2";"—";"212";"212";"0";"Участвуете в конкурсе";"1891556";"—"
"3867";"3";"—";"212";"212";"0";"Участвуете в конкурсе";"2006425";"—"
"3868";"5";"—";"212";"212";"0";"Участвуете в конкурсе";"1527314";"—"
"3869";"5";"—";"212";"212";"0";"Участвуете в конкурсе";"2045230";"—"
"3870";"7";"—";"212";"212";"0";"Участвуете в конкурсе";"2366232";"—"
"3871";"2";"—";"212";"212";"0";"Участвуете в конкурсе";"1491903";"—"
"3872";"1";"—";"212";"212";"0";"Участвуете в конкурсе";"2424152";"—"
"3873";"5";"—";"212";"212";"0";"Участвуете в конкурсе";"1482474";"—"
"3874";"6";"—";"212";"212";"0";"Участвуете в конкурсе";"1698285";"—"
"3875";"1";"Электронное";"212";"212";"0";"Участвуете в конкурсе";"1727294";"—"
"3876";"1";"—";"212";"210";"2";"Участвуете в конкурсе";"1644259";"—"
"3877";"2";"—";"212";"210";"2";"Участвуете в конкурсе";"1444514";"—"
"3878";"4";"—";"212";"210";"2";"Участвуете в конкурсе";"2401924";"—"
"3879";"3";"—";"212";"210";"2";"Участвуете в конкурсе";"1500436";"—"
"3880";"4";"—";"212";"209";"3";"Участвуете в конкурсе";"2344336";"—"
"3881";"1";"—";"212";"209";"3";"Участвуете в конкурсе";"2135571";"—"
"3882";"1";"—";"212";"209";"3";"Участвуете в конкурсе";"1637042";"—"
"3883";"3";"—";"212";"207";"5";"Участвуете в конкурсе";"2340343";"—"
"3884";"2";"—";"212";"205";"7";"Участвуете в конкурсе";"1323836";"—"
"3885";"6";"—";"212";"204";"8";"Участвуете в конкурсе";"1489839";"—"
"3886";"1";"—";"212";"202";"10";"Участвуете в конкурсе";"2161333";"—"
"3887";"3";"—";"212";"202";"10";"Участвуете в конкурсе";"1889352";"—"
"3888";"3";"Электронное";"212";"202";"10";"Участвуете в конкурсе";"2034707";"—"
"3889";"1";"—";"212";"202";"10";"Участвуете в конкурсе";"1440965";"—"
"3890";"2";"—";"211";"211";"0";"Участвуете в конкурсе";"1800695";"—"
"3891";"2";"—";"211";"211";"0";"Участвуете в конкурсе";"1336037";"—"
"3892";"12";"—";"211";"211";"0";"Участвуете в конкурсе";"2222180";"—"
"3893";"3";"—";"211";"211";"0";"Участвуете в конкурсе";"1522250";"—"
"3894";"5";"—";"211";"211";"0";"Участвуете в конкурсе";"1326176";"—"
"3895";"4";"—";"211";"211";"0";"Участвуете в конкурсе";"1898314";"—"
"3896";"2";"—";"211";"211";"0";"Участвуете в конкурсе";"1863769";"—"
"3897";"1";"—";"211";"211";"0";"Участвуете в конкурсе";"2227435";"—"
"3898";"8";"—";"211";"211";"0";"Участвуете в конкурсе";"2266296";"—"
"3899";"7";"Электронное";"211";"211";"0";"Участвуете в конкурсе";"2056479";"—"
"3900";"3";"—";"211";"211";"0";"Участвуете в конкурсе";"1027777";"—"
"3901";"4";"—";"211";"211";"0";"Участвуете в конкурсе";"1252467";"—"
"3902";"3";"—";"211";"211";"0";"Участвуете в конкурсе";"1362428";"—"
"3903";"3";"—";"211";"211";"0";"Участвуете в конкурсе";"1088356";"—"
"3904";"14";"—";"211";"211";"0";"Участвуете в конкурсе";"2416693";"—"
"3905";"5";"—";"211";"211";"0";"Участвуете в конкурсе";"2051526";"—"
"3906";"5";"—";"211";"211";"0";"Участвуете в конкурсе";"2338985";"—"
"3907";"5";"—";"211";"209";"2";"Участвуете в конкурсе";"1988412";"—"
"3908";"2";"—";"211";"209";"2";"Участвуете в конкурсе";"2287483";"—"
"3909";"15";"—";"211";"209";"2";"Участвуете в конкурсе";"2423823";"—"
"3910";"6";"—";"211";"209";"2";"Участвуете в конкурсе";"1129448";"—"
"3911";"2";"—";"211";"209";"2";"Участвуете в конкурсе";"1175353";"—"
"3912";"2";"Электронное";"211";"209";"2";"Участвуете в конкурсе";"2273899";"—"
"3913";"5";"—";"211";"209";"2";"Участвуете в конкурсе";"2310993";"—"
"3914";"4";"—";"211";"209";"2";"Участвуете в конкурсе";"2215359";"—"
"3915";"11";"—";"211";"209";"2";"Участвуете в конкурсе";"2277558";"—"
"3916";"1";"Электронное";"211";"209";"2";"Участвуете в конкурсе";"1717304";"—"
"3917";"3";"—";"211";"201";"10";"Участвуете в конкурсе";"2394554";"—"
"3918";"8";"—";"211";"201";"10";"Участвуете в конкурсе";"2339649";"—"
"3919";"1";"—";"211";"201";"10";"Участвуете в конкурсе";"2266266";"—"
"3920";"3";"—";"210";"210";"0";"Участвуете в конкурсе";"2227723";"—"
"3921";"3";"—";"210";"210";"0";"Участвуете в конкурсе";"1828146";"—"
"3922";"1";"—";"210";"210";"0";"Участвуете в конкурсе";"2020054";"—"
"3923";"4";"—";"210";"210";"0";"Участвуете в конкурсе";"1798300";"—"
"3924";"4";"—";"210";"210";"0";"Участвуете в конкурсе";"2094081";"—"
"3925";"2";"—";"210";"210";"0";"Участвуете в конкурсе";"1416655";"—"
"3926";"1";"—";"210";"210";"0";"Участвуете в конкурсе";"1950828";"—"
"3927";"1";"—";"210";"210";"0";"Участвуете в конкурсе";"2330903";"—"
"3928";"1";"—";"210";"210";"0";"Участвуете в конкурсе";"1640208";"—"
"3929";"1";"Электронное";"210";"210";"0";"Участвуете в конкурсе";"1107442";"—"
"3930";"1";"—";"210";"210";"0";"Участвуете в конкурсе";"2313361";"—"
"3931";"1";"—";"210";"210";"0";"Участвуете в конкурсе";"1804171";"—"
"3932";"5";"—";"210";"210";"0";"Участвуете в конкурсе";"2152139";"—"
"3933";"6";"—";"210";"210";"0";"Участвуете в конкурсе";"2096879";"—"
"3934";"3";"Электронное";"210";"208";"2";"Участвуете в конкурсе";"2313787";"—"
"3935";"2";"—";"210";"208";"2";"Участвуете в конкурсе";"1211462";"—"
"3936";"1";"Электронное";"210";"208";"2";"Участвуете в конкурсе";"2354261";"—"
"3937";"2";"—";"210";"208";"2";"Участвуете в конкурсе";"1514582";"—"
"3938";"1";"—";"210";"208";"2";"Участвуете в конкурсе";"2229672";"—"
"3939";"7";"—";"210";"207";"3";"Участвуете в конкурсе";"2194900";"—"
"3940";"8";"—";"210";"200";"10";"Участвуете в конкурсе";"1332515";"—"
"3941";"2";"—";"210";"200";"10";"Участвуете в конкурсе";"1026522";"—"
"3942";"1";"—";"209";"209";"0";"Участвуете в конкурсе";"1250908";"—"
"3943";"7";"—";"209";"209";"0";"Участвуете в конкурсе";"1982100";"—"
"3944";"1";"—";"209";"209";"0";"Участвуете в конкурсе";"2268594";"—"
"3945";"1";"—";"209";"209";"0";"Участвуете в конкурсе";"1623508";"—"
"3946";"2";"—";"209";"209";"0";"Участвуете в конкурсе";"1791513";"—"
"3947";"1";"—";"209";"209";"0";"Участвуете в конкурсе";"1352040";"—"
"3948";"3";"Электронное";"209";"209";"0";"Участвуете в конкурсе";"2131845";"—"
"3949";"1";"—";"209";"209";"0";"Участвуете в конкурсе";"1633455";"—"
"3950";"3";"—";"209";"209";"0";"Участвуете в конкурсе";"1886495";"—"
"3951";"1";"—";"209";"209";"0";"Участвуете в конкурсе";"2004056";"—"
"3952";"1";"—";"209";"209";"0";"Участвуете в конкурсе";"1281568";"—"
"3953";"1";"—";"209";"209";"0";"Участвуете в конкурсе";"2301357";"—"
"3954";"17";"—";"209";"209";"0";"Участвуете в конкурсе";"1583139";"—"
"3955";"2";"Электронное";"209";"209";"0";"Участвуете в конкурсе";"1639669";"—"
"3956";"6";"—";"209";"209";"0";"Участвуете в конкурсе";"1098652";"—"
"3957";"2";"—";"209";"209";"0";"Участвуете в конкурсе";"1192028";"—"
"3958";"6";"—";"209";"209";"0";"Участвуете в конкурсе";"1730008";"—"
"3959";"2";"—";"209";"207";"2";"Участвуете в конкурсе";"2335157";"—"
"3960";"3";"—";"209";"206";"3";"Участвуете в конкурсе";"1006117";"—"
"3961";"1";"—";"209";"205";"4";"Участвуете в конкурсе";"1339375";"—"
"3962";"1";"Электронное";"209";"204";"5";"Участвуете в конкурсе";"1995021";"—"
"3963";"5";"—";"209";"204";"5";"Участвуете в конкурсе";"1343034";"—"
"3964";"6";"—";"209";"199";"10";"Участвуете в конкурсе";"2260455";"—"
"3965";"5";"—";"209";"199";"10";"Участвуете в конкурсе";"1023701";"—"
"3966";"1";"—";"209";"199";"10";"Участвуете в конкурсе";"2230368";"—"
"3967";"5";"—";"209";"199";"10";"Участвуете в конкурсе";"1063925";"—"
"3968";"2";"—";"208";"208";"0";"Участвуете в конкурсе";"2341323";"—"
"3969";"5";"—";"208";"208";"0";"Участвуете в конкурсе";"1187269";"—"
"3970";"1";"—";"208";"208";"0";"Участвуете в конкурсе";"1623231";"—"
"3971";"7";"—";"208";"208";"0";"Участвуете в конкурсе";"2100919";"—"
"3972";"4";"—";"208";"208";"0";"Участвуете в конкурсе";"2168587";"—"
"3973";"11";"—";"208";"208";"0";"Участвуете в конкурсе";"1622371";"—"
"3974";"8";"—";"208";"208";"0";"Участвуете в конкурсе";"1868563";"—"
"3975";"7";"—";"208";"208";"0";"Участвуете в конкурсе";"2271291";"—"
"3976";"1";"—";"208";"208";"0";"Участвуете в конкурсе";"1307502";"—"
"3977";"4";"—";"208";"208";"0";"Участвуете в конкурсе";"2005852";"—"
"3978";"2";"—";"208";"208";"0";"Участвуете в конкурсе";"1790515";"—"
"3979";"2";"—";"208";"208";"0";"Участвуете в конкурсе";"2265849";"—"
"3980";"2";"—";"208";"208";"0";"Участвуете в конкурсе";"1272820";"—"
"3981";"1";"—";"208";"208";"0";"Участвуете в конкурсе";"2269353";"—"
"3982";"2";"—";"208";"208";"0";"Участвуете в конкурсе";"2252942";"—"
"3983";"10";"—";"208";"208";"0";"Участвуете в конкурсе";"1648195";"—"
"3984";"1";"—";"208";"208";"0";"Участвуете в конкурсе";"1519745";"—"
"3985";"8";"—";"208";"206";"2";"Участвуете в конкурсе";"1185017";"—"
"3986";"1";"—";"208";"206";"2";"Участвуете в конкурсе";"1520621";"—"
"3987";"1";"—";"208";"206";"2";"Участвуете в конкурсе";"1667666";"—"
"3988";"7";"—";"208";"206";"2";"Участвуете в конкурсе";"1601544";"—"
"3989";"5";"—";"208";"206";"2";"Участвуете в конкурсе";"1447274";"—"
"3990";"1";"Электронное";"208";"206";"2";"Участвуете в конкурсе";"1215737";"—"
"3991";"1";"—";"208";"205";"3";"Участвуете в конкурсе";"1772816";"—"
"3992";"2";"—";"208";"203";"5";"Участвуете в конкурсе";"1039625";"—"
"3993";"5";"—";"208";"198";"10";"Участвуете в конкурсе";"2238965";"—"
"3994";"1";"—";"208";"198";"10";"Участвуете в конкурсе";"2194890";"—"
"3995";"4";"—";"208";"198";"10";"Участвуете в конкурсе";"1475927";"—"
"3996";"4";"Электронное";"208";"198";"10";"Участвуете в конкурсе";"2345078";"—"
"3997";"4";"—";"208";"198";"10";"Участвуете в конкурсе";"2036296";"—"
"3998";"3";"Электронное";"208";"198";"10";"Участвуете в конкурсе";"1859107";"—"
"3999";"5";"—";"207";"207";"0";"Участвуете в конкурсе";"1424780";"—"
"4000";"4";"—";"207";"207";"0";"Участвуете в конкурсе";"1680809";"—"
"4001";"2";"—";"207";"207";"0";"Участвуете в конкурсе";"1678061";"—"
"4002";"2";"—";"207";"207";"0";"Участвуете в конкурсе";"2311800";"—"
"4003";"6";"—";"207";"207";"0";"Участвуете в конкурсе";"2394502";"—"
"4004";"13";"—";"207";"207";"0";"Участвуете в конкурсе";"1909809";"—"
"4005";"2";"—";"207";"207";"0";"Участвуете в конкурсе";"1176138";"—"
"4006";"11";"—";"207";"207";"0";"Участвуете в конкурсе";"1616772";"—"
"4007";"19";"—";"207";"207";"0";"Участвуете в конкурсе";"1351416";"—"
"4008";"1";"—";"207";"207";"0";"Участвуете в конкурсе";"1997412";"—"
"4009";"1";"—";"207";"207";"0";"Участвуете в конкурсе";"2305230";"—"
"4010";"1";"—";"207";"207";"0";"Участвуете в конкурсе";"2338551";"—"
"4011";"1";"—";"207";"207";"0";"Участвуете в конкурсе";"2029267";"—"
"4012";"4";"—";"207";"207";"0";"Участвуете в конкурсе";"1850167";"—"
"4013";"3";"Электронное";"207";"205";"2";"Участвуете в конкурсе";"1339454";"—"
"4014";"4";"—";"207";"205";"2";"Участвуете в конкурсе";"1244989";"—"
"4015";"2";"—";"207";"205";"2";"Участвуете в конкурсе";"1620608";"—"
"4016";"6";"—";"207";"205";"2";"Участвуете в конкурсе";"1321402";"—"
"4017";"4";"—";"207";"205";"2";"Участвуете в конкурсе";"2142700";"—"
"4018";"2";"Электронное";"207";"205";"2";"Участвуете в конкурсе";"1195091";"—"
"4019";"6";"—";"207";"204";"3";"Участвуете в конкурсе";"1210366";"—"
"4020";"13";"—";"207";"201";"6";"Участвуете в конкурсе";"2371133";"—"
"4021";"2";"—";"207";"197";"10";"Участвуете в конкурсе";"2276223";"—"
"4022";"1";"—";"206";"206";"0";"Участвуете в конкурсе";"1195655";"—"
"4023";"9";"—";"206";"206";"0";"Участвуете в конкурсе";"1555326";"—"
"4024";"1";"—";"206";"206";"0";"Участвуете в конкурсе";"2370682";"—"
"4025";"8";"—";"206";"206";"0";"Участвуете в конкурсе";"1646030";"—"
"4026";"1";"—";"206";"206";"0";"Участвуете в конкурсе";"1722281";"—"
"4027";"2";"—";"206";"206";"0";"Участвуете в конкурсе";"2006539";"—"
"4028";"18";"—";"206";"206";"0";"Участвуете в конкурсе";"1215955";"—"
"4029";"11";"—";"206";"206";"0";"Участвуете в конкурсе";"2371141";"—"
"4030";"11";"—";"206";"206";"0";"Участвуете в конкурсе";"1604255";"—"
"4031";"2";"—";"206";"204";"2";"Участвуете в конкурсе";"1367307";"—"
"4032";"11";"—";"206";"204";"2";"Участвуете в конкурсе";"1155893";"—"
"4033";"12";"—";"206";"204";"2";"Участвуете в конкурсе";"2175470";"—"
"4034";"2";"—";"206";"204";"2";"Участвуете в конкурсе";"2295168";"—"
"4035";"3";"—";"206";"204";"2";"Участвуете в конкурсе";"2223278";"—"
"4036";"9";"—";"206";"204";"2";"Участвуете в конкурсе";"1978976";"—"
"4037";"2";"—";"206";"204";"2";"Участвуете в конкурсе";"1291113";"—"
"4038";"8";"—";"206";"204";"2";"Участвуете в конкурсе";"2246408";"—"
"4039";"2";"—";"206";"203";"3";"Участвуете в конкурсе";"1483461";"—"
"4040";"6";"—";"206";"196";"10";"Участвуете в конкурсе";"2236703";"—"
"4041";"3";"—";"205";"205";"0";"Участвуете в конкурсе";"2313807";"—"
"4042";"5";"—";"205";"205";"0";"Участвуете в конкурсе";"1624810";"—"
"4043";"13";"—";"205";"205";"0";"Участвуете в конкурсе";"2344754";"—"
"4044";"4";"—";"205";"205";"0";"Участвуете в конкурсе";"960215";"—"
"4045";"2";"—";"205";"205";"0";"Участвуете в конкурсе";"1352725";"—"
"4046";"2";"—";"205";"205";"0";"Участвуете в конкурсе";"967404";"—"
"4047";"2";"—";"205";"205";"0";"Участвуете в конкурсе";"2365457";"—"
"4048";"6";"Электронное";"205";"205";"0";"Участвуете в конкурсе";"1639393";"—"
"4049";"1";"—";"205";"205";"0";"Участвуете в конкурсе";"2212499";"—"
"4050";"2";"—";"205";"205";"0";"Участвуете в конкурсе";"2310577";"—"
"4051";"9";"—";"205";"205";"0";"Участвуете в конкурсе";"1306927";"—"
"4052";"5";"—";"205";"205";"0";"Участвуете в конкурсе";"1458454";"—"
"4053";"14";"Электронное";"205";"205";"0";"Участвуете в конкурсе";"1264590";"—"
"4054";"1";"—";"205";"205";"0";"Участвуете в конкурсе";"1364456";"—"
"4055";"4";"—";"205";"205";"0";"Участвуете в конкурсе";"2174812";"—"
"4056";"4";"—";"205";"205";"0";"Участвуете в конкурсе";"1758584";"—"
"4057";"8";"—";"205";"205";"0";"Участвуете в конкурсе";"1279500";"—"
"4058";"4";"—";"205";"205";"0";"Участвуете в конкурсе";"2042370";"—"
"4059";"3";"Электронное";"205";"205";"0";"Участвуете в конкурсе";"1366430";"—"
"4060";"2";"—";"205";"203";"2";"Участвуете в конкурсе";"1914654";"—"
"4061";"1";"—";"205";"203";"2";"Участвуете в конкурсе";"1439844";"—"
"4062";"4";"—";"205";"203";"2";"Участвуете в конкурсе";"2389625";"—"
"4063";"1";"—";"205";"203";"2";"Участвуете в конкурсе";"1786527";"—"
"4064";"1";"—";"205";"203";"2";"Участвуете в конкурсе";"1189341";"—"
"4065";"1";"—";"205";"203";"2";"Участвуете в конкурсе";"1729838";"—"
"4066";"5";"—";"205";"202";"3";"Участвуете в конкурсе";"1622672";"—"
"4067";"1";"—";"205";"201";"4";"Участвуете в конкурсе";"1623624";"—"
"4068";"1";"Электронное";"205";"200";"5";"Участвуете в конкурсе";"2003643";"—"
"4069";"4";"—";"205";"200";"5";"Участвуете в конкурсе";"2219874";"—"
"4070";"4";"—";"205";"200";"5";"Участвуете в конкурсе";"2239384";"—"
"4071";"1";"—";"205";"198";"7";"Участвуете в конкурсе";"2173222";"—"
"4072";"4";"—";"205";"195";"10";"Участвуете в конкурсе";"2164859";"—"
"4073";"2";"—";"205";"195";"10";"Участвуете в конкурсе";"1179327";"—"
"4074";"6";"—";"205";"195";"10";"Участвуете в конкурсе";"1620060";"—"
"4075";"3";"—";"205";"195";"10";"Участвуете в конкурсе";"2230658";"—"
"4076";"3";"—";"205";"195";"10";"Участвуете в конкурсе";"1191243";"—"
"4077";"2";"—";"204";"204";"0";"Участвуете в конкурсе";"1960294";"—"
"4078";"14";"—";"204";"204";"0";"Участвуете в конкурсе";"1960082";"—"
"4079";"1";"—";"204";"204";"0";"Участвуете в конкурсе";"2225084";"—"
"4080";"1";"—";"204";"204";"0";"Участвуете в конкурсе";"1981886";"—"
"4081";"2";"—";"204";"204";"0";"Участвуете в конкурсе";"2142350";"—"
"4082";"2";"—";"204";"204";"0";"Участвуете в конкурсе";"2050641";"—"
"4083";"1";"—";"204";"204";"0";"Участвуете в конкурсе";"2388908";"—"
"4084";"2";"—";"204";"204";"0";"Участвуете в конкурсе";"1535453";"—"
"4085";"4";"—";"204";"204";"0";"Участвуете в конкурсе";"1883984";"—"
"4086";"2";"—";"204";"204";"0";"Участвуете в конкурсе";"1608517";"—"
"4087";"3";"—";"204";"204";"0";"Участвуете в конкурсе";"1440013";"—"
"4088";"1";"—";"204";"204";"0";"Участвуете в конкурсе";"2166602";"—"
"4089";"2";"—";"204";"204";"0";"Участвуете в конкурсе";"1836228";"—"
"4090";"4";"—";"204";"204";"0";"Участвуете в конкурсе";"1937079";"—"
"4091";"4";"—";"204";"204";"0";"Участвуете в конкурсе";"1941350";"—"
"4092";"6";"—";"204";"204";"0";"Участвуете в конкурсе";"2001632";"—"
"4093";"9";"Электронное";"204";"204";"0";"Участвуете в конкурсе";"1977149";"—"
"4094";"4";"—";"204";"204";"0";"Участвуете в конкурсе";"2228181";"—"
"4095";"4";"—";"204";"204";"0";"Участвуете в конкурсе";"1323424";"—"
"4096";"4";"—";"204";"202";"2";"Участвуете в конкурсе";"1407275";"—"
"4097";"1";"—";"204";"202";"2";"Участвуете в конкурсе";"1268225";"—"
"4098";"3";"—";"204";"202";"2";"Участвуете в конкурсе";"2309294";"—"
"4099";"1";"—";"204";"201";"3";"Участвуете в конкурсе";"1187677";"—"
"4100";"6";"—";"204";"199";"5";"Участвуете в конкурсе";"1205049";"—"
"4101";"2";"—";"204";"195";"9";"Участвуете в конкурсе";"1347095";"—"
"4102";"1";"—";"204";"194";"10";"Участвуете в конкурсе";"984571";"—"
"4103";"1";"—";"204";"194";"10";"Участвуете в конкурсе";"1066926";"—"
"4104";"7";"—";"203";"203";"0";"Участвуете в конкурсе";"1600865";"—"
"4105";"16";"—";"203";"203";"0";"Участвуете в конкурсе";"1958696";"—"
"4106";"5";"—";"203";"203";"0";"Участвуете в конкурсе";"1366516";"—"
"4107";"5";"—";"203";"203";"0";"Участвуете в конкурсе";"2057940";"—"
"4108";"1";"—";"203";"203";"0";"Участвуете в конкурсе";"1627969";"—"
"4109";"7";"—";"203";"203";"0";"Участвуете в конкурсе";"1944449";"—"
"4110";"2";"—";"203";"203";"0";"Участвуете в конкурсе";"2003436";"—"
"4111";"1";"—";"203";"203";"0";"Участвуете в конкурсе";"2221187";"—"
"4112";"2";"Электронное";"203";"203";"0";"Участвуете в конкурсе";"1142239";"—"
"4113";"12";"—";"203";"203";"0";"Участвуете в конкурсе";"2215110";"—"
"4114";"5";"—";"203";"203";"0";"Участвуете в конкурсе";"1210132";"—"
"4115";"1";"Электронное";"203";"203";"0";"Участвуете в конкурсе";"1715622";"—"
"4116";"7";"—";"203";"201";"2";"Участвуете в конкурсе";"2139860";"—"
"4117";"7";"—";"203";"201";"2";"Участвуете в конкурсе";"1609646";"—"
"4118";"1";"—";"203";"201";"2";"Участвуете в конкурсе";"2231015";"—"
"4119";"4";"—";"203";"201";"2";"Участвуете в конкурсе";"1557097";"—"
"4120";"2";"—";"203";"201";"2";"Участвуете в конкурсе";"2229434";"—"
"4121";"10";"—";"203";"201";"2";"Участвуете в конкурсе";"1955990";"—"
"4122";"2";"—";"203";"201";"2";"Участвуете в конкурсе";"1133656";"—"
"4123";"1";"—";"203";"201";"2";"Участвуете в конкурсе";"2092556";"—"
"4124";"2";"—";"203";"201";"2";"Участвуете в конкурсе";"1926640";"—"
"4125";"6";"—";"203";"201";"2";"Участвуете в конкурсе";"1619902";"—"
"4126";"3";"—";"203";"200";"3";"Участвуете в конкурсе";"2130153";"—"
"4127";"3";"—";"203";"199";"4";"Участвуете в конкурсе";"1519920";"—"
"4128";"1";"Электронное";"203";"198";"5";"Участвуете в конкурсе";"1132707";"—"
"4129";"5";"—";"203";"198";"5";"Участвуете в конкурсе";"1573070";"—"
"4130";"3";"—";"203";"198";"5";"Участвуете в конкурсе";"1173418";"—"
"4131";"1";"—";"203";"198";"5";"Участвуете в конкурсе";"1985057";"—"
"4132";"1";"Электронное";"203";"193";"10";"Участвуете в конкурсе";"2246664";"—"
"4133";"19";"—";"202";"202";"0";"Участвуете в конкурсе";"2394062";"—"
"4134";"2";"—";"202";"202";"0";"Участвуете в конкурсе";"1288490";"—"
"4135";"1";"—";"202";"202";"0";"Участвуете в конкурсе";"2418632";"—"
"4136";"2";"—";"202";"202";"0";"Участвуете в конкурсе";"1035932";"—"
"4137";"2";"Электронное";"202";"202";"0";"Участвуете в конкурсе";"2117415";"—"
"4138";"2";"—";"202";"202";"0";"Участвуете в конкурсе";"2275530";"—"
"4139";"9";"—";"202";"202";"0";"Участвуете в конкурсе";"1768922";"—"
"4140";"1";"—";"202";"202";"0";"Участвуете в конкурсе";"2049279";"—"
"4141";"1";"—";"202";"202";"0";"Участвуете в конкурсе";"2131801";"—"
"4142";"2";"—";"202";"202";"0";"Участвуете в конкурсе";"1742097";"—"
"4143";"2";"—";"202";"202";"0";"Участвуете в конкурсе";"1342915";"—"
"4144";"13";"—";"202";"202";"0";"Участвуете в конкурсе";"2076631";"—"
"4145";"3";"—";"202";"202";"0";"Участвуете в конкурсе";"1811139";"—"
"4146";"6";"—";"202";"200";"2";"Участвуете в конкурсе";"1599651";"—"
"4147";"2";"—";"202";"200";"2";"Участвуете в конкурсе";"1651782";"—"
"4148";"5";"—";"202";"199";"3";"Участвуете в конкурсе";"1304234";"—"
"4149";"1";"—";"202";"197";"5";"Участвуете в конкурсе";"1603599";"—"
"4150";"5";"—";"202";"192";"10";"Участвуете в конкурсе";"1829301";"—"
"4151";"1";"—";"201";"201";"0";"Участвуете в конкурсе";"2247111";"—"
"4152";"4";"—";"201";"201";"0";"Участвуете в конкурсе";"2305161";"—"
"4153";"1";"—";"201";"201";"0";"Участвуете в конкурсе";"1006174";"—"
"4154";"1";"—";"201";"201";"0";"Участвуете в конкурсе";"1292552";"—"
"4155";"2";"—";"201";"201";"0";"Участвуете в конкурсе";"1554185";"—"
"4156";"19";"—";"201";"201";"0";"Участвуете в конкурсе";"1909716";"—"
"4157";"1";"—";"201";"201";"0";"Участвуете в конкурсе";"1557609";"—"
"4158";"7";"Электронное";"201";"201";"0";"Участвуете в конкурсе";"1284940";"—"
"4159";"9";"—";"201";"201";"0";"Участвуете в конкурсе";"1057425";"—"
"4160";"3";"—";"201";"201";"0";"Участвуете в конкурсе";"1610270";"—"
"4161";"8";"—";"201";"201";"0";"Участвуете в конкурсе";"1570857";"—"
"4162";"2";"—";"201";"201";"0";"Участвуете в конкурсе";"2394683";"—"
"4163";"1";"Электронное";"201";"201";"0";"Участвуете в конкурсе";"1334106";"—"
"4164";"5";"—";"201";"199";"2";"Участвуете в конкурсе";"2390843";"—"
"4165";"2";"—";"201";"199";"2";"Участвуете в конкурсе";"1790812";"—"
"4166";"1";"—";"201";"199";"2";"Участвуете в конкурсе";"2296156";"—"
"4167";"13";"—";"201";"199";"2";"Участвуете в конкурсе";"1271278";"—"
"4168";"8";"—";"201";"195";"6";"Участвуете в конкурсе";"1911918";"—"
"4169";"1";"Электронное";"201";"192";"9";"Участвуете в конкурсе";"1814092";"—"
"4170";"5";"Электронное";"201";"191";"10";"Участвуете в конкурсе";"1619860";"—"
"4171";"3";"—";"201";"191";"10";"Участвуете в конкурсе";"1635273";"—"
"4172";"1";"—";"200";"200";"0";"Участвуете в конкурсе";"1476337";"—"
"4173";"5";"—";"200";"200";"0";"Участвуете в конкурсе";"1793006";"—"
"4174";"4";"—";"200";"200";"0";"Участвуете в конкурсе";"1971936";"—"
"4175";"9";"—";"200";"200";"0";"Участвуете в конкурсе";"1666387";"—"
"4176";"4";"—";"200";"200";"0";"Участвуете в конкурсе";"1177396";"—"
"4177";"3";"—";"200";"200";"0";"Участвуете в конкурсе";"1504905";"—"
"4178";"2";"—";"200";"200";"0";"Участвуете в конкурсе";"1726692";"—"
"4179";"4";"—";"200";"200";"0";"Участвуете в конкурсе";"2177724";"—"
"4180";"4";"—";"200";"200";"0";"Участвуете в конкурсе";"2202895";"—"
"4181";"2";"Электронное";"200";"200";"0";"Участвуете в конкурсе";"1444206";"—"
"4182";"6";"—";"200";"200";"0";"Участвуете в конкурсе";"1595220";"—"
"4183";"2";"—";"200";"200";"0";"Участвуете в конкурсе";"1884238";"—"
"4184";"2";"—";"200";"200";"0";"Участвуете в конкурсе";"1849736";"—"
"4185";"7";"—";"200";"200";"0";"Участвуете в конкурсе";"1988807";"—"
"4186";"3";"—";"200";"200";"0";"Участвуете в конкурсе";"1721889";"—"
"4187";"7";"—";"200";"198";"2";"Участвуете в конкурсе";"2354399";"—"
"4188";"2";"—";"200";"198";"2";"Участвуете в конкурсе";"982480";"—"
"4189";"1";"—";"200";"198";"2";"Участвуете в конкурсе";"1256529";"—"
"4190";"13";"—";"200";"198";"2";"Участвуете в конкурсе";"1927453";"—"
"4191";"2";"—";"200";"198";"2";"Участвуете в конкурсе";"1364007";"—"
"4192";"3";"—";"200";"198";"2";"Участвуете в конкурсе";"2222697";"—"
"4193";"8";"—";"200";"198";"2";"Участвуете в конкурсе";"2045398";"—"
"4194";"1";"—";"200";"198";"2";"Участвуете в конкурсе";"2273178";"—"
"4195";"2";"—";"200";"197";"3";"Участвуете в конкурсе";"1436403";"—"
"4196";"10";"—";"200";"195";"5";"Участвуете в конкурсе";"1173604";"—"
"4197";"3";"—";"200";"190";"10";"Участвуете в конкурсе";"1399094";"—"
"4198";"2";"—";"199";"199";"0";"Участвуете в конкурсе";"2336784";"—"
"4199";"14";"—";"199";"199";"0";"Участвуете в конкурсе";"2222861";"—"
"4200";"5";"—";"199";"199";"0";"Участвуете в конкурсе";"1929232";"—"
"4201";"3";"Электронное";"199";"199";"0";"Участвуете в конкурсе";"1697180";"—"
"4202";"7";"—";"199";"199";"0";"Участвуете в конкурсе";"1649454";"—"
"4203";"1";"—";"199";"199";"0";"Участвуете в конкурсе";"1559781";"—"
"4204";"3";"—";"199";"199";"0";"Участвуете в конкурсе";"2228548";"—"
"4205";"2";"—";"199";"199";"0";"Участвуете в конкурсе";"1666783";"—"
"4206";"5";"—";"199";"199";"0";"Участвуете в конкурсе";"1191688";"—"
"4207";"1";"—";"199";"199";"0";"Участвуете в конкурсе";"1438987";"—"
"4208";"1";"—";"199";"197";"2";"Участвуете в конкурсе";"1984743";"—"
"4209";"1";"—";"199";"197";"2";"Участвуете в конкурсе";"1018497";"—"
"4210";"6";"—";"199";"197";"2";"Участвуете в конкурсе";"1397381";"—"
"4211";"1";"—";"199";"197";"2";"Участвуете в конкурсе";"1366437";"—"
"4212";"9";"Электронное";"199";"190";"9";"Участвуете в конкурсе";"1323823";"—"
"4213";"2";"—";"199";"189";"10";"Участвуете в конкурсе";"1469535";"—"
"4214";"5";"—";"199";"189";"10";"Участвуете в конкурсе";"1687565";"—"
"4215";"1";"—";"198";"198";"0";"Участвуете в конкурсе";"1636546";"—"
"4216";"5";"—";"198";"198";"0";"Участвуете в конкурсе";"1786249";"—"
"4217";"4";"—";"198";"198";"0";"Участвуете в конкурсе";"1506718";"—"
"4218";"2";"—";"198";"198";"0";"Участвуете в конкурсе";"2206733";"—"
"4219";"1";"—";"198";"198";"0";"Участвуете в конкурсе";"2189163";"—"
"4220";"2";"—";"198";"198";"0";"Участвуете в конкурсе";"1704358";"—"
"4221";"13";"—";"198";"198";"0";"Участвуете в конкурсе";"1517740";"—"
"4222";"10";"—";"198";"198";"0";"Участвуете в конкурсе";"2044895";"—"
"4223";"1";"—";"198";"198";"0";"Участвуете в конкурсе";"1909010";"—"
"4224";"2";"—";"198";"198";"0";"Участвуете в конкурсе";"1414727";"—"
"4225";"3";"—";"198";"198";"0";"Участвуете в конкурсе";"1834904";"—"
"4226";"3";"Электронное";"198";"198";"0";"Участвуете в конкурсе";"1192951";"—"
"4227";"5";"—";"198";"198";"0";"Участвуете в конкурсе";"1617899";"—"
"4228";"11";"—";"198";"198";"0";"Участвуете в конкурсе";"1354700";"—"
"4229";"4";"—";"198";"198";"0";"Участвуете в конкурсе";"1265861";"—"
"4230";"2";"—";"198";"198";"0";"Участвуете в конкурсе";"1633913";"—"
"4231";"9";"—";"198";"198";"0";"Участвуете в конкурсе";"2389306";"—"
"4232";"9";"—";"198";"198";"0";"Участвуете в конкурсе";"2005070";"—"
"4233";"2";"—";"198";"198";"0";"Участвуете в конкурсе";"2270911";"—"
"4234";"4";"Электронное";"198";"196";"2";"Участвуете в конкурсе";"2002099";"—"
"4235";"4";"—";"198";"196";"2";"Участвуете в конкурсе";"1906577";"—"
"4236";"1";"—";"198";"195";"3";"Участвуете в конкурсе";"1599214";"—"
"4237";"6";"—";"198";"195";"3";"Участвуете в конкурсе";"2260059";"—"
"4238";"5";"—";"197";"197";"0";"Участвуете в конкурсе";"2248870";"—"
"4239";"6";"—";"197";"197";"0";"Участвуете в конкурсе";"1994950";"—"
"4240";"11";"—";"197";"197";"0";"Участвуете в конкурсе";"1366529";"—"
"4241";"4";"—";"197";"197";"0";"Участвуете в конкурсе";"1443031";"—"
"4242";"4";"—";"197";"197";"0";"Участвуете в конкурсе";"2345194";"—"
"4243";"7";"—";"197";"197";"0";"Участвуете в конкурсе";"1994270";"—"
"4244";"2";"—";"197";"197";"0";"Участвуете в конкурсе";"1728361";"—"
"4245";"1";"Электронное";"197";"197";"0";"Участвуете в конкурсе";"2037474";"—"
"4246";"1";"—";"197";"197";"0";"Участвуете в конкурсе";"1515595";"—"
"4247";"8";"—";"197";"197";"0";"Участвуете в конкурсе";"1591340";"—"
"4248";"14";"—";"197";"197";"0";"Участвуете в конкурсе";"2307627";"—"
"4249";"3";"—";"197";"197";"0";"Участвуете в конкурсе";"1390936";"—"
"4250";"2";"—";"197";"197";"0";"Участвуете в конкурсе";"2162015";"—"
"4251";"3";"—";"197";"197";"0";"Участвуете в конкурсе";"1645871";"—"
"4252";"3";"—";"197";"197";"0";"Участвуете в конкурсе";"2394456";"—"
"4253";"3";"Электронное";"197";"197";"0";"Участвуете в конкурсе";"1790532";"—"
"4254";"1";"—";"197";"195";"2";"Участвуете в конкурсе";"2203915";"—"
"4255";"1";"—";"197";"195";"2";"Участвуете в конкурсе";"1623334";"—"
"4256";"1";"—";"197";"195";"2";"Участвуете в конкурсе";"2162440";"—"
"4257";"2";"—";"197";"195";"2";"Участвуете в конкурсе";"2045472";"—"
"4258";"1";"—";"197";"195";"2";"Участвуете в конкурсе";"2253576";"—"
"4259";"5";"—";"197";"195";"2";"Участвуете в конкурсе";"1233678";"—"
"4260";"4";"—";"197";"195";"2";"Участвуете в конкурсе";"1671253";"—"
"4261";"10";"—";"197";"194";"3";"Участвуете в конкурсе";"2297226";"—"
"4262";"1";"—";"197";"193";"4";"Участвуете в конкурсе";"2098799";"—"
"4263";"5";"—";"197";"192";"5";"Участвуете в конкурсе";"1505220";"—"
"4264";"4";"—";"197";"192";"5";"Участвуете в конкурсе";"1628422";"—"
"4265";"1";"—";"197";"187";"10";"Участвуете в конкурсе";"2248575";"—"
"4266";"4";"—";"196";"196";"0";"Участвуете в конкурсе";"1358500";"—"
"4267";"1";"—";"196";"196";"0";"Участвуете в конкурсе";"1270972";"—"
"4268";"1";"Электронное";"196";"196";"0";"Участвуете в конкурсе";"1417758";"—"
"4269";"8";"—";"196";"196";"0";"Участвуете в конкурсе";"2289950";"—"
"4270";"4";"—";"196";"196";"0";"Участвуете в конкурсе";"1049492";"—"
"4271";"1";"—";"196";"196";"0";"Участвуете в конкурсе";"2226620";"—"
"4272";"4";"—";"196";"196";"0";"Участвуете в конкурсе";"2159268";"—"
"4273";"9";"—";"196";"196";"0";"Участвуете в конкурсе";"2235900";"—"
"4274";"6";"Электронное";"196";"196";"0";"Участвуете в конкурсе";"1459783";"—"
"4275";"4";"—";"196";"196";"0";"Участвуете в конкурсе";"2055928";"—"
"4276";"8";"—";"196";"196";"0";"Участвуете в конкурсе";"1446618";"—"
"4277";"18";"Электронное";"196";"196";"0";"Участвуете в конкурсе";"1036157";"—"
"4278";"1";"—";"196";"194";"2";"Участвуете в конкурсе";"1366865";"—"
"4279";"5";"—";"196";"194";"2";"Участвуете в конкурсе";"1280489";"—"
"4280";"4";"—";"196";"194";"2";"Участвуете в конкурсе";"1982544";"—"
"4281";"1";"Электронное";"196";"194";"2";"Участвуете в конкурсе";"1468665";"—"
"4282";"1";"—";"196";"192";"4";"Участвуете в конкурсе";"2221218";"—"
"4283";"2";"—";"196";"189";"7";"Участвуете в конкурсе";"978586";"—"
"4284";"1";"—";"196";"186";"10";"Участвуете в конкурсе";"2252417";"—"
"4285";"1";"—";"196";"186";"10";"Участвуете в конкурсе";"1602690";"—"
"4286";"9";"—";"195";"195";"0";"Участвуете в конкурсе";"2012378";"—"
"4287";"11";"—";"195";"195";"0";"Участвуете в конкурсе";"1542797";"—"
"4288";"5";"—";"195";"195";"0";"Участвуете в конкурсе";"1607674";"—"
"4289";"5";"—";"195";"195";"0";"Участвуете в конкурсе";"1171369";"—"
"4290";"1";"—";"195";"195";"0";"Участвуете в конкурсе";"2341326";"—"
"4291";"1";"—";"195";"195";"0";"Участвуете в конкурсе";"2271634";"—"
"4292";"7";"—";"195";"195";"0";"Участвуете в конкурсе";"2254120";"—"
"4293";"8";"—";"195";"195";"0";"Участвуете в конкурсе";"1628839";"—"
"4294";"2";"—";"195";"195";"0";"Участвуете в конкурсе";"1206492";"—"
"4295";"2";"—";"195";"195";"0";"Участвуете в конкурсе";"1827033";"—"
"4296";"5";"Электронное";"195";"195";"0";"Участвуете в конкурсе";"1200144";"—"
"4297";"1";"—";"195";"195";"0";"Участвуете в конкурсе";"1629087";"—"
"4298";"3";"Электронное";"195";"195";"0";"Участвуете в конкурсе";"1766491";"—"
"4299";"5";"—";"195";"195";"0";"Участвуете в конкурсе";"1781586";"—"
"4300";"5";"—";"195";"193";"2";"Участвуете в конкурсе";"1519574";"—"
"4301";"6";"—";"195";"193";"2";"Участвуете в конкурсе";"1810524";"—"
"4302";"4";"—";"194";"194";"0";"Участвуете в конкурсе";"1182179";"—"
"4303";"2";"—";"194";"194";"0";"Участвуете в конкурсе";"1429221";"—"
"4304";"5";"—";"194";"194";"0";"Участвуете в конкурсе";"2029122";"—"
"4305";"1";"—";"194";"194";"0";"Участвуете в конкурсе";"1043273";"—"
"4306";"3";"—";"194";"194";"0";"Участвуете в конкурсе";"1955257";"—"
"4307";"5";"—";"194";"194";"0";"Участвуете в конкурсе";"2415151";"—"
"4308";"8";"—";"194";"194";"0";"Участвуете в конкурсе";"1314719";"—"
"4309";"3";"—";"194";"194";"0";"Участвуете в конкурсе";"1475947";"—"
"4310";"10";"—";"194";"194";"0";"Участвуете в конкурсе";"1329611";"—"
"4311";"1";"—";"194";"194";"0";"Участвуете в конкурсе";"1511667";"—"
"4312";"2";"—";"194";"194";"0";"Участвуете в конкурсе";"2257177";"—"
"4313";"1";"—";"194";"194";"0";"Участвуете в конкурсе";"1968162";"—"
"4314";"4";"—";"194";"194";"0";"Участвуете в конкурсе";"1614015";"—"
"4315";"1";"—";"194";"194";"0";"Участвуете в конкурсе";"2290994";"—"
"4316";"12";"Электронное";"194";"192";"2";"Участвуете в конкурсе";"2294294";"—"
"4317";"4";"—";"193";"193";"0";"Участвуете в конкурсе";"2176411";"—"
"4318";"1";"—";"193";"193";"0";"Участвуете в конкурсе";"1834225";"—"
"4319";"4";"—";"193";"193";"0";"Участвуете в конкурсе";"1957843";"—"
"4320";"10";"—";"193";"193";"0";"Участвуете в конкурсе";"1915810";"—"
"4321";"3";"—";"193";"193";"0";"Участвуете в конкурсе";"2143166";"—"
"4322";"3";"—";"193";"193";"0";"Участвуете в конкурсе";"1075821";"—"
"4323";"2";"—";"193";"193";"0";"Участвуете в конкурсе";"1996819";"—"
"4324";"3";"—";"193";"193";"0";"Участвуете в конкурсе";"1521770";"—"
"4325";"4";"—";"193";"193";"0";"Участвуете в конкурсе";"1583283";"—"
"4326";"5";"—";"193";"193";"0";"Участвуете в конкурсе";"1256048";"—"
"4327";"1";"—";"193";"193";"0";"Участвуете в конкурсе";"957121";"—"
"4328";"1";"—";"193";"193";"0";"Участвуете в конкурсе";"1721662";"—"
"4329";"2";"Электронное";"193";"191";"2";"Участвуете в конкурсе";"1258260";"—"
"4330";"10";"—";"192";"192";"0";"Участвуете в конкурсе";"2217549";"—"
"4331";"3";"—";"192";"192";"0";"Участвуете в конкурсе";"2249976";"—"
"4332";"1";"—";"192";"192";"0";"Участвуете в конкурсе";"1078633";"—"
"4333";"1";"—";"192";"192";"0";"Участвуете в конкурсе";"1718369";"—"
"4334";"6";"—";"192";"192";"0";"Участвуете в конкурсе";"2307002";"—"
"4335";"1";"—";"192";"192";"0";"Участвуете в конкурсе";"2425125";"—"
"4336";"1";"—";"192";"192";"0";"Участвуете в конкурсе";"1346132";"—"
"4337";"6";"—";"192";"192";"0";"Участвуете в конкурсе";"2216813";"—"
"4338";"8";"Электронное";"192";"192";"0";"Участвуете в конкурсе";"2101160";"—"
"4339";"5";"—";"192";"192";"0";"Участвуете в конкурсе";"1558037";"—"
"4340";"7";"—";"192";"192";"0";"Участвуете в конкурсе";"2314911";"—"
"4341";"5";"—";"192";"192";"0";"Участвуете в конкурсе";"1295310";"—"
"4342";"1";"—";"192";"192";"0";"Участвуете в конкурсе";"1653269";"—"
"4343";"1";"Электронное";"192";"192";"0";"Участвуете в конкурсе";"2366483";"—"
"4344";"3";"—";"192";"192";"0";"Участвуете в конкурсе";"2391224";"—"
"4345";"12";"—";"192";"192";"0";"Участвуете в конкурсе";"1178399";"—"
"4346";"2";"—";"192";"190";"2";"Участвуете в конкурсе";"1178181";"—"
"4347";"3";"—";"192";"190";"2";"Участвуете в конкурсе";"2293833";"—"
"4348";"2";"—";"192";"190";"2";"Участвуете в конкурсе";"1641150";"—"
"4349";"1";"—";"191";"191";"0";"Участвуете в конкурсе";"2273925";"—"
"4350";"3";"—";"191";"191";"0";"Участвуете в конкурсе";"2056766";"—"
"4351";"1";"—";"191";"191";"0";"Участвуете в конкурсе";"1855372";"—"
"4352";"1";"—";"191";"191";"0";"Участвуете в конкурсе";"2212908";"—"
"4353";"1";"—";"191";"189";"2";"Участвуете в конкурсе";"1644388";"—"
"4354";"4";"—";"191";"189";"2";"Участвуете в конкурсе";"2245086";"—"
"4355";"1";"—";"190";"190";"0";"Участвуете в конкурсе";"2409436";"—"
"4356";"1";"—";"190";"190";"0";"Участвуете в конкурсе";"1178118";"—"
"4357";"2";"—";"190";"190";"0";"Участвуете в конкурсе";"1417396";"—"
"4358";"11";"—";"190";"190";"0";"Участвуете в конкурсе";"1194963";"—"
"4359";"3";"—";"190";"190";"0";"Участвуете в конкурсе";"985464";"—"
"4360";"4";"—";"190";"190";"0";"Участвуете в конкурсе";"1602032";"—"
"4361";"2";"—";"190";"190";"0";"Участвуете в конкурсе";"2356804";"—"
"4362";"1";"—";"190";"188";"2";"Участвуете в конкурсе";"1839532";"—"
"4363";"1";"—";"190";"188";"2";"Участвуете в конкурсе";"1642562";"—"
"4364";"1";"—";"190";"180";"10";"Участвуете в конкурсе";"1829755";"—"
"4365";"11";"—";"189";"189";"0";"Участвуете в конкурсе";"1257452";"—"
"4366";"1";"—";"189";"189";"0";"Участвуете в конкурсе";"1473888";"—"
"4367";"1";"—";"189";"189";"0";"Участвуете в конкурсе";"974108";"—"
"4368";"4";"—";"189";"189";"0";"Участвуете в конкурсе";"1574301";"—"
"4369";"3";"—";"189";"189";"0";"Участвуете в конкурсе";"2181255";"—"
"4370";"2";"—";"189";"189";"0";"Участвуете в конкурсе";"1349772";"—"
"4371";"1";"—";"189";"189";"0";"Участвуете в конкурсе";"2156141";"—"
"4372";"1";"—";"189";"189";"0";"Участвуете в конкурсе";"2234620";"—"
"4373";"1";"—";"189";"189";"0";"Участвуете в конкурсе";"2127824";"—"
"4374";"4";"—";"189";"189";"0";"Участвуете в конкурсе";"1561506";"—"
"4375";"1";"—";"189";"189";"0";"Участвуете в конкурсе";"1728699";"—"
"4376";"2";"—";"189";"189";"0";"Участвуете в конкурсе";"1985622";"—"
"4377";"2";"—";"189";"189";"0";"Участвуете в конкурсе";"2389926";"—"
"4378";"2";"—";"189";"187";"2";"Участвуете в конкурсе";"1928584";"—"
"4379";"6";"—";"189";"187";"2";"Участвуете в конкурсе";"2175333";"—"
"4380";"2";"—";"189";"187";"2";"Участвуете в конкурсе";"2126221";"—"
"4381";"2";"—";"189";"187";"2";"Участвуете в конкурсе";"2062739";"—"
"4382";"4";"Электронное";"189";"187";"2";"Участвуете в конкурсе";"1953955";"—"
"4383";"13";"—";"188";"188";"0";"Участвуете в конкурсе";"2221544";"—"
"4384";"3";"—";"188";"188";"0";"Участвуете в конкурсе";"2043341";"—"
"4385";"6";"—";"188";"188";"0";"Участвуете в конкурсе";"1449588";"—"
"4386";"2";"—";"188";"188";"0";"Участвуете в конкурсе";"1942105";"—"
"4387";"1";"—";"188";"188";"0";"Участвуете в конкурсе";"1788095";"—"
"4388";"6";"—";"188";"186";"2";"Участвуете в конкурсе";"1331466";"—"
"4389";"3";"—";"188";"186";"2";"Участвуете в конкурсе";"1814353";"—"
"4390";"4";"—";"188";"186";"2";"Участвуете в конкурсе";"1442325";"—"
"4391";"5";"Электронное";"188";"186";"2";"Участвуете в конкурсе";"1405759";"—"
"4392";"1";"—";"188";"186";"2";"Участвуете в конкурсе";"2037635";"—"
"4393";"1";"—";"188";"186";"2";"Участвуете в конкурсе";"2306941";"—"
"4394";"3";"—";"188";"186";"2";"Участвуете в конкурсе";"1267341";"—"
"4395";"8";"—";"187";"187";"0";"Участвуете в конкурсе";"1473795";"—"
"4396";"7";"—";"187";"187";"0";"Участвуете в конкурсе";"2173671";"—"
"4397";"2";"—";"187";"187";"0";"Участвуете в конкурсе";"2222625";"—"
"4398";"12";"—";"187";"187";"0";"Участвуете в конкурсе";"2394893";"—"
"4399";"6";"Электронное";"187";"187";"0";"Участвуете в конкурсе";"2391941";"—"
"4400";"3";"—";"186";"186";"0";"Участвуете в конкурсе";"1347262";"—"
"4401";"2";"—";"186";"186";"0";"Участвуете в конкурсе";"2228760";"—"
"4402";"2";"Электронное";"186";"186";"0";"Участвуете в конкурсе";"2183033";"—"
"4403";"1";"—";"186";"186";"0";"Участвуете в конкурсе";"1376512";"—"
"4404";"2";"—";"186";"186";"0";"Участвуете в конкурсе";"2404032";"—"
"4405";"4";"—";"186";"186";"0";"Участвуете в конкурсе";"2268709";"—"
"4406";"4";"—";"185";"185";"0";"Участвуете в конкурсе";"2171589";"—"
"4407";"1";"—";"185";"185";"0";"Участвуете в конкурсе";"1290140";"—"
"4408";"4";"—";"185";"185";"0";"Участвуете в конкурсе";"2320273";"—"
"4409";"2";"—";"185";"183";"2";"Участвуете в конкурсе";"1980402";"—"
"4410";"1";"—";"185";"183";"2";"Участвуете в конкурсе";"1699445";"—"
"4411";"10";"—";"184";"184";"0";"Участвуете в конкурсе";"1520120";"—"
"4412";"11";"—";"184";"184";"0";"Участвуете в конкурсе";"1190221";"—"
"4413";"2";"—";"184";"184";"0";"Участвуете в конкурсе";"1523590";"—"
"4414";"2";"—";"184";"184";"0";"Участвуете в конкурсе";"1606262";"—"
"4415";"18";"—";"183";"183";"0";"Участвуете в конкурсе";"2184746";"—"
"4416";"5";"—";"183";"183";"0";"Участвуете в конкурсе";"2330572";"—"
"4417";"1";"—";"183";"183";"0";"Участвуете в конкурсе";"1324037";"—"
"4418";"2";"—";"183";"183";"0";"Участвуете в конкурсе";"1247460";"—"
"4419";"1";"—";"183";"183";"0";"Участвуете в конкурсе";"2213519";"—"
"4420";"1";"—";"183";"183";"0";"Участвуете в конкурсе";"1116780";"—"
"4421";"7";"—";"183";"183";"0";"Участвуете в конкурсе";"1589624";"—"
"4422";"2";"—";"183";"183";"0";"Участвуете в конкурсе";"1953697";"—"
"4423";"3";"—";"183";"181";"2";"Участвуете в конкурсе";"2371891";"—"
"4424";"2";"—";"182";"180";"2";"Участвуете в конкурсе";"1214348";"—"
"4425";"1";"Электронное";"182";"177";"5";"Участвуете в конкурсе";"1643543";"—"
"4426";"4";"—";"181";"181";"0";"Участвуете в конкурсе";"1608227";"—"
"4427";"2";"—";"181";"181";"0";"Участвуете в конкурсе";"1576708";"—"
"4428";"1";"—";"181";"181";"0";"Участвуете в конкурсе";"1483289";"—"
"4429";"4";"—";"181";"181";"0";"Участвуете в конкурсе";"1654998";"—"
"4430";"4";"—";"181";"178";"3";"Участвуете в конкурсе";"2051766";"—"
"4431";"2";"—";"181";"178";"3";"Участвуете в конкурсе";"1587747";"—"
"4432";"1";"—";"181";"178";"3";"Участвуете в конкурсе";"2213642";"—"
"4433";"6";"—";"180";"180";"0";"Участвуете в конкурсе";"1727454";"—"
"4434";"1";"—";"180";"180";"0";"Участвуете в конкурсе";"1846111";"—"
"4435";"4";"—";"178";"178";"0";"Участвуете в конкурсе";"2255003";"—"
"4436";"10";"—";"178";"178";"0";"Участвуете в конкурсе";"1914759";"—"
"4437";"4";"—";"178";"178";"0";"Участвуете в конкурсе";"1461074";"—"
"4438";"13";"—";"178";"176";"2";"Участвуете в конкурсе";"1289040";"—"
"4439";"5";"—";"178";"175";"3";"Участвуете в конкурсе";"2249393";"—"
"4440";"1";"—";"177";"177";"0";"Участвуете в конкурсе";"1203668";"—"
"4441";"1";"—";"177";"177";"0";"Участвуете в конкурсе";"2036685";"—"
"4442";"2";"—";"177";"177";"0";"Участвуете в конкурсе";"2182273";"—"
"4443";"1";"—";"177";"174";"3";"Участвуете в конкурсе";"1723435";"—"
"4444";"5";"—";"176";"176";"0";"Участвуете в конкурсе";"1325628";"—"
"4445";"4";"—";"176";"176";"0";"Участвуете в конкурсе";"1346486";"—"
"4446";"1";"—";"176";"176";"0";"Участвуете в конкурсе";"1509546";"—"
"4447";"4";"—";"175";"175";"0";"Участвуете в конкурсе";"979046";"—"
"4448";"4";"—";"174";"174";"0";"Участвуете в конкурсе";"1316626";"—"
"4449";"4";"—";"174";"174";"0";"Участвуете в конкурсе";"1723791";"—"
"4450";"2";"—";"172";"172";"0";"Участвуете в конкурсе";"1152620";"—"
"4451";"1";"—";"171";"171";"0";"Участвуете в конкурсе";"2252910";"—"
