"Порядковый номер";"Приоритет конкурса";"Подано согласие";"Сумма баллов";"Баллы за ВИ";"Баллы за ИД";"Статус";"Код поступающего";"Дата выбора конкурсной группы по Москве"
"1";"18";"—";"284";"284";"0";"Участвуете в конкурсе";"1728313";"—"
"2";"4";"—";"276";"266";"10";"Участвуете в конкурсе";"1354628";"—"
"3";"5";"Электронное";"268";"264";"4";"Участвуете в конкурсе";"1542070";"—"
"4";"9";"—";"266";"256";"10";"Участвуете в конкурсе";"2119866";"—"
"5";"7";"—";"265";"262";"3";"Участвуете в конкурсе";"1520198";"—"
"6";"1";"—";"265";"255";"10";"Участвуете в конкурсе";"1614083";"—"
"7";"1";"—";"263";"253";"10";"Участвуете в конкурсе";"966646";"—"
"8";"16";"Электронное";"260";"260";"0";"Участвуете в конкурсе";"1629892";"—"
"9";"11";"—";"259";"259";"0";"Участвуете в конкурсе";"1424003";"—"
"10";"6";"—";"258";"258";"0";"Участвуете в конкурсе";"1141239";"—"
"11";"7";"Электронное";"258";"248";"10";"Участвуете в конкурсе";"1715288";"—"
"12";"4";"—";"257";"247";"10";"Участвуете в конкурсе";"1314562";"—"
"13";"10";"—";"254";"244";"10";"Участвуете в конкурсе";"2220150";"—"
"14";"8";"—";"253";"253";"0";"Участвуете в конкурсе";"1493829";"—"
"15";"1";"—";"252";"242";"10";"Участвуете в конкурсе";"1788807";"—"
"16";"12";"—";"251";"241";"10";"Участвуете в конкурсе";"1286125";"—"
"17";"8";"—";"250";"240";"10";"Участвуете в конкурсе";"2248399";"—"
"18";"8";"—";"248";"238";"10";"Участвуете в конкурсе";"1556116";"—"
"19";"8";"—";"245";"245";"0";"Участвуете в конкурсе";"1330860";"—"
"20";"11";"Электронное";"238";"238";"0";"Участвуете в конкурсе";"1267575";"—"
"21";"7";"—";"238";"228";"10";"Участвуете в конкурсе";"1346524";"—"
"22";"11";"—";"236";"226";"10";"Участвуете в конкурсе";"1585866";"—"
"23";"8";"—";"235";"235";"0";"Участвуете в конкурсе";"2306178";"—"
"24";"6";"—";"234";"234";"0";"Участвуете в конкурсе";"1713077";"—"
"25";"8";"Электронное";"234";"229";"5";"Участвуете в конкурсе";"1853137";"—"
"26";"6";"Электронное";"234";"224";"10";"Участвуете в конкурсе";"1565839";"—"
"27";"10";"—";"233";"223";"10";"Участвуете в конкурсе";"1413062";"—"
"28";"10";"—";"230";"228";"2";"Участвуете в конкурсе";"1514477";"—"
"29";"5";"—";"228";"228";"0";"Участвуете в конкурсе";"1651529";"—"
"30";"1";"—";"228";"218";"10";"Участвуете в конкурсе";"1933999";"—"
"31";"12";"—";"226";"216";"10";"Участвуете в конкурсе";"2245367";"—"
"32";"2";"Электронное";"225";"225";"0";"Участвуете в конкурсе";"1867810";"—"
"33";"2";"—";"224";"224";"0";"Участвуете в конкурсе";"2309526";"—"
"34";"4";"—";"223";"223";"0";"Участвуете в конкурсе";"1353792";"—"
"35";"3";"—";"223";"223";"0";"Участвуете в конкурсе";"1602774";"—"
"36";"7";"—";"221";"221";"0";"Участвуете в конкурсе";"1022024";"—"
"1";"1";"Электронное";"220";"220";"0";"Участвуете в конкурсе";"1174925";"—"
"38";"5";"—";"220";"218";"2";"Участвуете в конкурсе";"1325517";"—"
"39";"8";"Электронное";"218";"208";"10";"Участвуете в конкурсе";"1915999";"—"
"40";"2";"—";"217";"217";"0";"Участвуете в конкурсе";"2369920";"—"
"41";"3";"—";"212";"212";"0";"Участвуете в конкурсе";"2081384";"—"
"42";"11";"—";"212";"212";"0";"Участвуете в конкурсе";"2056410";"—"
"43";"6";"—";"211";"211";"0";"Участвуете в конкурсе";"2050353";"—"
"44";"4";"—";"210";"200";"10";"Участвуете в конкурсе";"1253703";"—"
"45";"3";"—";"207";"207";"0";"Участвуете в конкурсе";"2029267";"—"
"46";"1";"—";"207";"207";"0";"Участвуете в конкурсе";"2306929";"—"
"47";"1";"—";"203";"203";"0";"Участвуете в конкурсе";"2254428";"—"
"48";"1";"—";"201";"198";"3";"Участвуете в конкурсе";"1721809";"—"
"49";"2";"—";"199";"199";"0";"Участвуете в конкурсе";"1982751";"—"
"50";"8";"—";"198";"198";"0";"Участвуете в конкурсе";"1909010";"—"
"51";"7";"—";"197";"197";"0";"Участвуете в конкурсе";"1925260";"—"
"52";"16";"—";"195";"195";"0";"Участвуете в конкурсе";"2012378";"—"
"53";"9";"—";"181";"181";"0";"Участвуете в конкурсе";"1571266";"—"
"54";"1";"—";"10";"0";"10";"Участвуете в конкурсе";"1425562";"—"
"55";"13";"—";"10";"0";"10";"Участвуете в конкурсе";"1624426";"—"
"56";"8";"—";"9";"0";"9";"Участвуете в конкурсе";"831311";"—"
"57";"16";"—";"6";"0";"6";"Участвуете в конкурсе";"1413069";"—"
"58";"11";"—";"4";"0";"4";"Участвуете в конкурсе";"2231197";"—"
"59";"4";"—";"3";"0";"3";"Участвуете в конкурсе";"1259833";"—"
"60";"12";"—";"2";"0";"2";"Участвуете в конкурсе";"1312420";"—"
"61";"10";"—";"2";"0";"2";"Участвуете в конкурсе";"1949366";"—"
"62";"14";"—";"2";"0";"2";"Участвуете в конкурсе";"1980402";"—"
"63";"7";"—";"2";"0";"2";"Участвуете в конкурсе";"2257784";"—"
"64";"13";"Электронное";"2";"0";"2";"Участвуете в конкурсе";"2273899";"—"
"65";"6";"—";"0";"0";"0";"Участвуете в конкурсе";"1028017";"—"
"66";"6";"—";"0";"0";"0";"Участвуете в конкурсе";"1254944";"—"
"67";"5";"—";"0";"0";"0";"Участвуете в конкурсе";"1375975";"—"
"68";"2";"—";"0";"0";"0";"Участвуете в конкурсе";"1576660";"—"
"69";"12";"Электронное";"0";"0";"0";"Участвуете в конкурсе";"1645058";"—"
"70";"7";"Электронное";"0";"0";"0";"Участвуете в конкурсе";"1897640";"—"
"71";"2";"—";"0";"0";"0";"Участвуете в конкурсе";"1933285";"—"
"72";"4";"—";"0";"0";"0";"Участвуете в конкурсе";"1974720";"—"
"73";"4";"Электронное";"0";"0";"0";"Участвуете в конкурсе";"2005718";"—"
"74";"1";"—";"0";"0";"0";"Участвуете в конкурсе";"2066463";"—"
"75";"2";"—";"0";"0";"0";"Участвуете в конкурсе";"2238350";"—"
"76";"2";"—";"0";"0";"0";"Участвуете в конкурсе";"2260268";"—"
"77";"6";"—";"289";"279";"10";"Участвуете в конкурсе";"2303086";"—"
"78";"14";"—";"287";"277";"10";"Участвуете в конкурсе";"1436173";"—"
"79";"5";"—";"287";"277";"10";"Участвуете в конкурсе";"1645061";"—"
"80";"9";"—";"282";"272";"10";"Участвуете в конкурсе";"1392416";"—"
"81";"18";"Электронное";"279";"279";"0";"Участвуете в конкурсе";"964851";"—"
"82";"9";"—";"279";"279";"0";"Участвуете в конкурсе";"1785368";"—"
"83";"13";"Электронное";"277";"267";"10";"Участвуете в конкурсе";"1039174";"—"
"84";"12";"—";"269";"259";"10";"Участвуете в конкурсе";"1647363";"—"
"85";"5";"—";"269";"259";"10";"Участвуете в конкурсе";"2210603";"—"
"86";"10";"—";"268";"258";"10";"Участвуете в конкурсе";"1646096";"—"
"87";"12";"—";"268";"258";"10";"Участвуете в конкурсе";"1699762";"—"
"88";"14";"—";"266";"256";"10";"Участвуете в конкурсе";"1787825";"—"
"89";"3";"—";"265";"255";"10";"Участвуете в конкурсе";"1248051";"—"
"90";"1";"—";"264";"254";"10";"Участвуете в конкурсе";"2056431";"—"
"91";"7";"—";"263";"261";"2";"Участвуете в конкурсе";"1490949";"—"
"92";"9";"—";"263";"258";"5";"Участвуете в конкурсе";"1511626";"—"
"93";"6";"—";"262";"257";"5";"Участвуете в конкурсе";"1419781";"—"
"94";"9";"Электронное";"261";"251";"10";"Участвуете в конкурсе";"1618584";"—"
"95";"16";"Электронное";"260";"260";"0";"Участвуете в конкурсе";"1629892";"—"
"96";"1";"—";"258";"258";"0";"Участвуете в конкурсе";"1171806";"—"
"97";"6";"—";"258";"258";"0";"Участвуете в конкурсе";"1141239";"—"
"98";"11";"—";"258";"248";"10";"Участвуете в конкурсе";"2272665";"—"
"99";"5";"Электронное";"257";"257";"0";"Участвуете в конкурсе";"1599030";"—"
"100";"1";"—";"257";"247";"10";"Участвуете в конкурсе";"1421808";"—"
"101";"10";"—";"256";"246";"10";"Участвуете в конкурсе";"1488960";"—"
"102";"11";"—";"254";"254";"0";"Участвуете в конкурсе";"1826211";"—"
"103";"1";"—";"253";"253";"0";"Участвуете в конкурсе";"1119243";"—"
"104";"7";"—";"253";"251";"2";"Участвуете в конкурсе";"2362879";"—"
"105";"5";"—";"253";"243";"10";"Участвуете в конкурсе";"1999701";"—"
"106";"9";"—";"251";"246";"5";"Участвуете в конкурсе";"1266040";"—"
"107";"6";"—";"249";"247";"2";"Участвуете в конкурсе";"1516722";"—"
"108";"7";"—";"249";"239";"10";"Участвуете в конкурсе";"1246636";"—"
"109";"13";"Электронное";"248";"238";"10";"Участвуете в конкурсе";"1350248";"—"
"110";"7";"—";"247";"237";"10";"Участвуете в конкурсе";"1324410";"—"
"111";"5";"—";"246";"246";"0";"Участвуете в конкурсе";"1244593";"—"
"112";"7";"—";"246";"236";"10";"Участвуете в конкурсе";"2257218";"—"
"113";"5";"Электронное";"244";"244";"0";"Участвуете в конкурсе";"1440294";"—"
"114";"3";"—";"244";"234";"10";"Участвуете в конкурсе";"1622659";"—"
"115";"8";"—";"243";"233";"10";"Участвуете в конкурсе";"1765926";"—"
"116";"16";"—";"242";"242";"0";"Участвуете в конкурсе";"2114839";"—"
"117";"10";"—";"242";"235";"7";"Участвуете в конкурсе";"1909043";"—"
"118";"6";"—";"242";"232";"10";"Участвуете в конкурсе";"1639802";"—"
"119";"4";"—";"241";"241";"0";"Участвуете в конкурсе";"2302239";"—"
"120";"5";"—";"241";"241";"0";"Участвуете в конкурсе";"2304338";"—"
"121";"2";"—";"240";"238";"2";"Участвуете в конкурсе";"2040343";"—"
"122";"1";"—";"240";"236";"4";"Участвуете в конкурсе";"1482216";"—"
"123";"3";"—";"238";"228";"10";"Участвуете в конкурсе";"1423548";"—"
"124";"1";"—";"237";"235";"2";"Участвуете в конкурсе";"2255307";"—"
"125";"4";"—";"237";"231";"6";"Участвуете в конкурсе";"1325931";"—"
"126";"14";"—";"236";"233";"3";"Участвуете в конкурсе";"959429";"—"
"127";"10";"—";"236";"232";"4";"Участвуете в конкурсе";"1181447";"—"
"128";"13";"Электронное";"236";"226";"10";"Участвуете в конкурсе";"2339492";"—"
"129";"5";"Электронное";"236";"226";"10";"Участвуете в конкурсе";"1465883";"—"
"130";"11";"—";"234";"234";"0";"Участвуете в конкурсе";"1901118";"—"
"131";"3";"—";"234";"234";"0";"Участвуете в конкурсе";"2341207";"—"
"132";"4";"Электронное";"233";"233";"0";"Участвуете в конкурсе";"2227952";"—"
"133";"7";"—";"233";"223";"10";"Участвуете в конкурсе";"1338346";"—"
"134";"16";"—";"232";"232";"0";"Участвуете в конкурсе";"1262118";"—"
"135";"11";"—";"231";"231";"0";"Участвуете в конкурсе";"1133262";"—"
"136";"10";"—";"230";"230";"0";"Участвуете в конкурсе";"1124303";"—"
"137";"5";"—";"230";"225";"5";"Участвуете в конкурсе";"2047844";"—"
"1";"1";"Электронное";"229";"229";"0";"Участвуете в конкурсе";"2088714";"—"
"139";"6";"—";"229";"219";"10";"Участвуете в конкурсе";"2218929";"—"
"140";"11";"—";"228";"228";"0";"Участвуете в конкурсе";"1262893";"—"
"141";"1";"—";"228";"218";"10";"Участвуете в конкурсе";"1670647";"—"
"142";"10";"Электронное";"227";"227";"0";"Участвуете в конкурсе";"1513186";"—"
"143";"5";"—";"227";"225";"2";"Участвуете в конкурсе";"1642592";"—"
"144";"1";"—";"227";"225";"2";"Участвуете в конкурсе";"1197757";"—"
"145";"1";"—";"226";"226";"0";"Участвуете в конкурсе";"1513851";"—"
"146";"7";"—";"226";"226";"0";"Участвуете в конкурсе";"2342395";"—"
"147";"3";"—";"226";"216";"10";"Участвуете в конкурсе";"1446690";"—"
"148";"10";"—";"225";"225";"0";"Участвуете в конкурсе";"1543960";"—"
"149";"10";"—";"225";"222";"3";"Участвуете в конкурсе";"1238004";"—"
"150";"9";"—";"224";"224";"0";"Участвуете в конкурсе";"1263530";"—"
"151";"13";"—";"223";"223";"0";"Участвуете в конкурсе";"1028220";"—"
"152";"4";"—";"223";"223";"0";"Участвуете в конкурсе";"1353792";"—"
"153";"3";"—";"223";"219";"4";"Участвуете в конкурсе";"1445944";"—"
"154";"1";"—";"222";"222";"0";"Участвуете в конкурсе";"1700258";"—"
"155";"7";"—";"222";"222";"0";"Участвуете в конкурсе";"1717370";"—"
"156";"8";"—";"222";"222";"0";"Участвуете в конкурсе";"1655141";"—"
"157";"2";"—";"222";"217";"5";"Участвуете в конкурсе";"2251199";"—"
"158";"3";"—";"222";"212";"10";"Участвуете в конкурсе";"1562153";"—"
"159";"1";"—";"221";"221";"0";"Участвуете в конкурсе";"2076158";"—"
"160";"12";"—";"221";"219";"2";"Участвуете в конкурсе";"1922482";"—"
"161";"11";"—";"220";"220";"0";"Участвуете в конкурсе";"1579243";"—"
"162";"1";"—";"220";"220";"0";"Участвуете в конкурсе";"2310763";"—"
"163";"3";"—";"220";"218";"2";"Участвуете в конкурсе";"1603596";"—"
"164";"1";"—";"219";"219";"0";"Участвуете в конкурсе";"1130271";"—"
"165";"6";"—";"219";"219";"0";"Участвуете в конкурсе";"2130546";"—"
"166";"2";"Электронное";"219";"209";"10";"Участвуете в конкурсе";"1196751";"—"
"167";"4";"—";"219";"209";"10";"Участвуете в конкурсе";"1651886";"—"
"168";"6";"—";"217";"217";"0";"Участвуете в конкурсе";"1249569";"—"
"169";"5";"—";"217";"215";"2";"Участвуете в конкурсе";"1908206";"—"
"170";"14";"—";"217";"215";"2";"Участвуете в конкурсе";"2270003";"—"
"171";"4";"—";"217";"207";"10";"Участвуете в конкурсе";"1841532";"—"
"172";"1";"—";"214";"214";"0";"Участвуете в конкурсе";"1631128";"—"
"173";"7";"—";"214";"214";"0";"Участвуете в конкурсе";"1844343";"—"
"174";"3";"—";"214";"204";"10";"Участвуете в конкурсе";"2271675";"—"
"175";"2";"—";"214";"204";"10";"Участвуете в конкурсе";"1185979";"—"
"176";"14";"—";"213";"213";"0";"Участвуете в конкурсе";"1145591";"—"
"177";"3";"—";"213";"211";"2";"Участвуете в конкурсе";"2299429";"—"
"178";"11";"—";"212";"212";"0";"Участвуете в конкурсе";"2289096";"—"
"179";"1";"—";"212";"204";"8";"Участвуете в конкурсе";"2236706";"—"
"180";"3";"—";"211";"209";"2";"Участвуете в конкурсе";"2310993";"—"
"181";"1";"—";"211";"201";"10";"Участвуете в конкурсе";"2339649";"—"
"182";"16";"—";"210";"210";"0";"Участвуете в конкурсе";"1646526";"—"
"183";"5";"—";"210";"208";"2";"Участвуете в конкурсе";"2229672";"—"
"184";"7";"Электронное";"209";"204";"5";"Участвуете в конкурсе";"1436359";"—"
"185";"6";"—";"208";"208";"0";"Участвуете в конкурсе";"1868563";"—"
"186";"7";"—";"208";"208";"0";"Участвуете в конкурсе";"1426965";"—"
"187";"3";"—";"207";"207";"0";"Участвуете в конкурсе";"2345208";"—"
"188";"1";"—";"207";"205";"2";"Участвуете в конкурсе";"2407039";"—"
"189";"2";"—";"207";"203";"4";"Участвуете в конкурсе";"1609343";"—"
"190";"12";"—";"206";"204";"2";"Участвуете в конкурсе";"1978976";"—"
"191";"8";"—";"205";"203";"2";"Участвуете в конкурсе";"2389625";"—"
"192";"4";"—";"204";"204";"0";"Участвуете в конкурсе";"1860163";"—"
"193";"10";"—";"204";"204";"0";"Участвуете в конкурсе";"2259288";"—"
"194";"3";"—";"204";"201";"3";"Участвуете в конкурсе";"1728330";"—"
"195";"12";"—";"203";"201";"2";"Участвуете в конкурсе";"2229434";"—"
"196";"6";"—";"202";"202";"0";"Участвуете в конкурсе";"2131773";"—"
"197";"5";"—";"202";"202";"0";"Участвуете в конкурсе";"1397718";"—"
"198";"1";"—";"202";"197";"5";"Участвуете в конкурсе";"2285883";"—"
"199";"10";"—";"200";"198";"2";"Участвуете в конкурсе";"2273178";"—"
"200";"8";"Электронное";"197";"195";"2";"Участвуете в конкурсе";"1615011";"—"
"201";"12";"—";"195";"195";"0";"Участвуете в конкурсе";"1542797";"—"
"202";"4";"—";"195";"195";"0";"Участвуете в конкурсе";"1254824";"—"
"203";"12";"Электронное";"195";"195";"0";"Участвуете в конкурсе";"1766491";"—"
"204";"3";"—";"194";"194";"0";"Участвуете в конкурсе";"2415151";"—"
"205";"1";"—";"194";"194";"0";"Участвуете в конкурсе";"1627065";"—"
"206";"10";"Электронное";"194";"189";"5";"Участвуете в конкурсе";"2344097";"—"
"207";"6";"—";"193";"193";"0";"Участвуете в конкурсе";"1996819";"—"
"208";"6";"—";"193";"190";"3";"Участвуете в конкурсе";"1231595";"—"
"209";"10";"Электронное";"192";"192";"0";"Участвуете в конкурсе";"2101160";"—"
"210";"4";"—";"191";"191";"0";"Участвуете в конкурсе";"2212908";"—"
"211";"12";"—";"190";"190";"0";"Участвуете в конкурсе";"1194963";"—"
"212";"11";"Электронное";"189";"187";"2";"Участвуете в конкурсе";"1953955";"—"
"213";"14";"—";"188";"188";"0";"Участвуете в конкурсе";"2221544";"—"
"214";"5";"Электронное";"186";"186";"0";"Участвуете в конкурсе";"2339208";"—"
"215";"10";"—";"304";"294";"10";"Участвуете в конкурсе";"1620311";"—"
"216";"6";"—";"304";"294";"10";"Участвуете в конкурсе";"1842883";"—"
"217";"5";"Электронное";"302";"292";"10";"Участвуете в конкурсе";"978031";"—"
"218";"5";"Электронное";"301";"291";"10";"Участвуете в конкурсе";"1180515";"—"
"219";"4";"—";"300";"290";"10";"Участвуете в конкурсе";"1209660";"—"
"220";"4";"—";"297";"287";"10";"Участвуете в конкурсе";"2002640";"—"
"221";"12";"—";"297";"287";"10";"Участвуете в конкурсе";"1782295";"—"
"222";"5";"Электронное";"296";"296";"0";"Участвуете в конкурсе";"1035996";"—"
"223";"16";"—";"296";"286";"10";"Участвуете в конкурсе";"1978769";"—"
"224";"5";"—";"296";"286";"10";"Участвуете в конкурсе";"975709";"—"
"225";"12";"—";"294";"284";"10";"Участвуете в конкурсе";"1311217";"—"
"226";"9";"—";"294";"284";"10";"Участвуете в конкурсе";"1506474";"—"
"227";"8";"—";"293";"283";"10";"Участвуете в конкурсе";"1514243";"—"
"228";"1";"—";"293";"283";"10";"Участвуете в конкурсе";"1913549";"—"
"229";"3";"—";"293";"283";"10";"Участвуете в конкурсе";"1910904";"—"
"230";"3";"—";"292";"282";"10";"Участвуете в конкурсе";"1093652";"—"
"231";"7";"—";"292";"282";"10";"Участвуете в конкурсе";"1627617";"—"
"232";"14";"—";"292";"282";"10";"Участвуете в конкурсе";"1154591";"—"
"233";"13";"Электронное";"292";"282";"10";"Участвуете в конкурсе";"1211019";"—"
"234";"8";"—";"291";"289";"2";"Участвуете в конкурсе";"1786523";"—"
"235";"12";"—";"291";"281";"10";"Участвуете в конкурсе";"1636087";"—"
"236";"3";"—";"291";"281";"10";"Участвуете в конкурсе";"1278254";"—"
"237";"3";"—";"291";"281";"10";"Участвуете в конкурсе";"1618873";"—"
"238";"3";"—";"290";"290";"0";"Участвуете в конкурсе";"1707258";"—"
"239";"10";"—";"290";"280";"10";"Участвуете в конкурсе";"999715";"—"
"240";"7";"—";"290";"280";"10";"Участвуете в конкурсе";"1570226";"—"
"241";"3";"—";"290";"280";"10";"Участвуете в конкурсе";"2005775";"—"
"242";"5";"Электронное";"290";"280";"10";"Участвуете в конкурсе";"2076238";"—"
"243";"4";"Электронное";"289";"287";"2";"Участвуете в конкурсе";"1039218";"—"
"244";"6";"—";"289";"279";"10";"Участвуете в конкурсе";"1058034";"—"
"245";"1";"—";"289";"279";"10";"Участвуете в конкурсе";"1788487";"—"
"246";"6";"—";"289";"279";"10";"Участвуете в конкурсе";"1799749";"—"
"247";"10";"—";"289";"279";"10";"Участвуете в конкурсе";"2423267";"—"
"248";"6";"—";"289";"279";"10";"Участвуете в конкурсе";"2303086";"—"
"249";"7";"Электронное";"288";"288";"0";"Участвуете в конкурсе";"949692";"—"
"250";"12";"Электронное";"288";"288";"0";"Участвуете в конкурсе";"1784930";"—"
"251";"4";"—";"288";"285";"3";"Участвуете в конкурсе";"1493867";"—"
"252";"1";"—";"288";"278";"10";"Участвуете в конкурсе";"1364162";"—"
"253";"4";"—";"288";"278";"10";"Участвуете в конкурсе";"948620";"—"
"254";"7";"—";"288";"278";"10";"Участвуете в конкурсе";"1342132";"—"
"1";"1";"Электронное";"288";"278";"10";"Участвуете в конкурсе";"1583391";"—"
"256";"7";"—";"288";"278";"10";"Участвуете в конкурсе";"1549219";"—"
"257";"2";"—";"288";"278";"10";"Участвуете в конкурсе";"1953715";"—"
"258";"5";"—";"287";"277";"10";"Участвуете в конкурсе";"1126649";"—"
"259";"4";"—";"287";"277";"10";"Участвуете в конкурсе";"1258242";"—"
"260";"14";"—";"287";"277";"10";"Участвуете в конкурсе";"1436173";"—"
"261";"3";"—";"287";"277";"10";"Участвуете в конкурсе";"1585599";"—"
"262";"3";"—";"287";"277";"10";"Участвуете в конкурсе";"2178486";"—"
"263";"5";"—";"287";"277";"10";"Участвуете в конкурсе";"1645061";"—"
"264";"6";"—";"287";"277";"10";"Участвуете в конкурсе";"1913356";"—"
"265";"1";"—";"286";"276";"10";"Участвуете в конкурсе";"1986602";"—"
"266";"1";"—";"286";"276";"10";"Участвуете в конкурсе";"1181839";"—"
"267";"6";"—";"286";"276";"10";"Участвуете в конкурсе";"2051141";"—"
"268";"4";"—";"286";"276";"10";"Участвуете в конкурсе";"1361149";"—"
"269";"6";"—";"285";"285";"0";"Участвуете в конкурсе";"1883301";"—"
"270";"1";"—";"285";"283";"2";"Участвуете в конкурсе";"1288149";"—"
"271";"14";"—";"285";"275";"10";"Участвуете в конкурсе";"1380091";"—"
"272";"10";"—";"285";"275";"10";"Участвуете в конкурсе";"1606981";"—"
"273";"2";"—";"285";"275";"10";"Участвуете в конкурсе";"1252521";"—"
"274";"4";"—";"285";"275";"10";"Участвуете в конкурсе";"1200459";"—"
"275";"2";"Электронное";"284";"284";"0";"Участвуете в конкурсе";"1200744";"—"
"276";"18";"—";"284";"284";"0";"Участвуете в конкурсе";"1728313";"—"
"277";"9";"—";"284";"274";"10";"Участвуете в конкурсе";"1634811";"—"
"278";"5";"—";"284";"274";"10";"Участвуете в конкурсе";"2201584";"—"
"279";"10";"—";"284";"274";"10";"Участвуете в конкурсе";"1576211";"—"
"280";"6";"—";"284";"274";"10";"Участвуете в конкурсе";"1860065";"—"
"281";"13";"—";"283";"283";"0";"Участвуете в конкурсе";"1522271";"—"
"282";"13";"Электронное";"283";"283";"0";"Участвуете в конкурсе";"1694425";"—"
"283";"7";"—";"283";"281";"2";"Участвуете в конкурсе";"1856405";"—"
"284";"14";"—";"283";"281";"2";"Участвуете в конкурсе";"1960162";"—"
"285";"14";"—";"283";"273";"10";"Участвуете в конкурсе";"1766527";"—"
"286";"7";"—";"283";"273";"10";"Участвуете в конкурсе";"2244776";"—"
"287";"7";"—";"283";"273";"10";"Участвуете в конкурсе";"1830204";"—"
"288";"12";"—";"283";"273";"10";"Участвуете в конкурсе";"2219348";"—"
"289";"5";"—";"283";"273";"10";"Участвуете в конкурсе";"1504560";"—"
"290";"3";"—";"283";"273";"10";"Участвуете в конкурсе";"1405782";"—"
"291";"5";"—";"283";"273";"10";"Участвуете в конкурсе";"1709405";"—"
"292";"6";"—";"283";"273";"10";"Участвуете в конкурсе";"1436946";"—"
"293";"8";"Электронное";"283";"273";"10";"Участвуете в конкурсе";"1625959";"—"
"294";"3";"—";"283";"273";"10";"Участвуете в конкурсе";"1940078";"—"
"295";"9";"—";"282";"272";"10";"Участвуете в конкурсе";"1392416";"—"
"296";"11";"—";"282";"272";"10";"Участвуете в конкурсе";"990904";"—"
"297";"6";"Электронное";"282";"272";"10";"Участвуете в конкурсе";"1767349";"—"
"298";"1";"—";"282";"272";"10";"Участвуете в конкурсе";"1850783";"—"
"299";"1";"—";"282";"272";"10";"Участвуете в конкурсе";"1601966";"—"
"300";"4";"—";"282";"272";"10";"Участвуете в конкурсе";"2259536";"—"
"301";"6";"—";"282";"272";"10";"Участвуете в конкурсе";"1392657";"—"
"302";"12";"—";"282";"272";"10";"Участвуете в конкурсе";"1842337";"—"
"303";"5";"—";"281";"279";"2";"Участвуете в конкурсе";"1179709";"—"
"304";"11";"—";"281";"271";"10";"Участвуете в конкурсе";"1616124";"—"
"305";"3";"—";"281";"271";"10";"Участвуете в конкурсе";"2358615";"—"
"306";"14";"—";"281";"271";"10";"Участвуете в конкурсе";"1499209";"—"
"307";"6";"—";"281";"271";"10";"Участвуете в конкурсе";"1443319";"—"
"308";"4";"—";"281";"271";"10";"Участвуете в конкурсе";"2080578";"—"
"309";"5";"—";"281";"271";"10";"Участвуете в конкурсе";"2315296";"—"
"310";"2";"—";"280";"277";"3";"Участвуете в конкурсе";"1624441";"—"
"311";"3";"—";"280";"270";"10";"Участвуете в конкурсе";"1273749";"—"
"312";"2";"—";"280";"270";"10";"Участвуете в конкурсе";"1467234";"—"
"313";"10";"—";"280";"270";"10";"Участвуете в конкурсе";"1424470";"—"
"314";"8";"—";"280";"270";"10";"Участвуете в конкурсе";"2098374";"—"
"315";"8";"—";"280";"270";"10";"Участвуете в конкурсе";"1707537";"—"
"2";"1";"Электронное";"280";"270";"10";"Участвуете в конкурсе";"1587124";"—"
"317";"13";"Электронное";"279";"279";"0";"Участвуете в конкурсе";"1494321";"—"
"318";"18";"Электронное";"279";"279";"0";"Участвуете в конкурсе";"964851";"—"
"319";"9";"—";"279";"279";"0";"Участвуете в конкурсе";"1785368";"—"
"320";"6";"—";"279";"279";"0";"Участвуете в конкурсе";"1227483";"—"
"321";"8";"Электронное";"279";"279";"0";"Участвуете в конкурсе";"1257336";"—"
"322";"5";"—";"279";"269";"10";"Участвуете в конкурсе";"1925793";"—"
"323";"8";"—";"279";"269";"10";"Участвуете в конкурсе";"2309001";"—"
"324";"10";"—";"279";"269";"10";"Участвуете в конкурсе";"1443286";"—"
"325";"3";"—";"279";"269";"10";"Участвуете в конкурсе";"1624129";"—"
"326";"3";"—";"279";"269";"10";"Участвуете в конкурсе";"1730685";"—"
"327";"8";"—";"279";"269";"10";"Участвуете в конкурсе";"2071592";"—"
"328";"2";"—";"279";"269";"10";"Участвуете в конкурсе";"2138002";"—"
"329";"6";"—";"279";"269";"10";"Участвуете в конкурсе";"972309";"—"
"330";"13";"—";"279";"269";"10";"Участвуете в конкурсе";"1774785";"—"
"331";"2";"—";"279";"269";"10";"Участвуете в конкурсе";"1287559";"—"
"332";"3";"—";"279";"269";"10";"Участвуете в конкурсе";"1741481";"—"
"333";"9";"—";"279";"269";"10";"Участвуете в конкурсе";"1519451";"—"
"334";"6";"—";"279";"269";"10";"Участвуете в конкурсе";"2203677";"—"
"335";"1";"—";"279";"269";"10";"Участвуете в конкурсе";"1572682";"—"
"336";"6";"—";"278";"278";"0";"Участвуете в конкурсе";"1259537";"—"
"337";"9";"—";"278";"278";"0";"Участвуете в конкурсе";"1839719";"—"
"338";"13";"—";"278";"276";"2";"Участвуете в конкурсе";"1931691";"—"
"339";"3";"—";"278";"268";"10";"Участвуете в конкурсе";"2216599";"—"
"340";"10";"—";"278";"268";"10";"Участвуете в конкурсе";"1505484";"—"
"341";"3";"—";"278";"268";"10";"Участвуете в конкурсе";"1692002";"—"
"342";"11";"—";"278";"268";"10";"Участвуете в конкурсе";"1721284";"—"
"343";"13";"—";"278";"268";"10";"Участвуете в конкурсе";"1344678";"—"
"344";"9";"—";"278";"268";"10";"Участвуете в конкурсе";"1291845";"—"
"345";"10";"—";"278";"268";"10";"Участвуете в конкурсе";"1999028";"—"
"346";"2";"—";"278";"268";"10";"Участвуете в конкурсе";"1960213";"—"
"347";"11";"—";"278";"268";"10";"Участвуете в конкурсе";"2248932";"—"
"348";"1";"—";"278";"268";"10";"Участвуете в конкурсе";"1631591";"—"
"349";"4";"Электронное";"277";"277";"0";"Участвуете в конкурсе";"1117744";"—"
"350";"8";"—";"277";"275";"2";"Участвуете в конкурсе";"1624563";"—"
"351";"10";"—";"277";"267";"10";"Участвуете в конкурсе";"1982966";"—"
"352";"5";"—";"277";"267";"10";"Участвуете в конкурсе";"1846564";"—"
"353";"1";"—";"277";"267";"10";"Участвуете в конкурсе";"1642913";"—"
"354";"13";"—";"277";"267";"10";"Участвуете в конкурсе";"1534549";"—"
"355";"4";"—";"277";"267";"10";"Участвуете в конкурсе";"2244929";"—"
"356";"4";"—";"277";"267";"10";"Участвуете в конкурсе";"2394084";"—"
"357";"13";"Электронное";"277";"267";"10";"Участвуете в конкурсе";"1039174";"—"
"358";"1";"—";"277";"267";"10";"Участвуете в конкурсе";"1263064";"—"
"359";"5";"—";"277";"267";"10";"Участвуете в конкурсе";"1974080";"—"
"360";"7";"—";"277";"267";"10";"Участвуете в конкурсе";"1584485";"—"
"361";"1";"—";"277";"267";"10";"Участвуете в конкурсе";"1609615";"—"
"362";"4";"—";"277";"267";"10";"Участвуете в конкурсе";"1600029";"—"
"363";"9";"—";"276";"276";"0";"Участвуете в конкурсе";"1654057";"—"
"364";"7";"Электронное";"276";"266";"10";"Участвуете в конкурсе";"1324851";"—"
"365";"5";"—";"276";"266";"10";"Участвуете в конкурсе";"1778088";"—"
"366";"7";"—";"276";"266";"10";"Участвуете в конкурсе";"1940619";"—"
"367";"8";"—";"276";"266";"10";"Участвуете в конкурсе";"1554693";"—"
"368";"8";"—";"276";"266";"10";"Участвуете в конкурсе";"1650314";"—"
"369";"13";"—";"276";"266";"10";"Участвуете в конкурсе";"1823600";"—"
"370";"5";"Электронное";"276";"266";"10";"Участвуете в конкурсе";"1705064";"—"
"371";"2";"—";"276";"266";"10";"Участвуете в конкурсе";"1845366";"—"
"372";"7";"—";"276";"266";"10";"Участвуете в конкурсе";"1418906";"—"
"373";"5";"—";"276";"266";"10";"Участвуете в конкурсе";"2043083";"—"
"374";"12";"—";"276";"266";"10";"Участвуете в конкурсе";"1707705";"—"
"375";"3";"—";"276";"266";"10";"Участвуете в конкурсе";"1362113";"—"
"376";"4";"—";"276";"266";"10";"Участвуете в конкурсе";"1354628";"—"
"377";"6";"—";"276";"266";"10";"Участвуете в конкурсе";"1975188";"—"
"378";"4";"—";"276";"266";"10";"Участвуете в конкурсе";"2416228";"—"
"379";"4";"—";"276";"266";"10";"Участвуете в конкурсе";"1500149";"—"
"380";"6";"—";"275";"275";"0";"Участвуете в конкурсе";"996095";"—"
"381";"1";"—";"275";"275";"0";"Участвуете в конкурсе";"2254514";"—"
"382";"9";"—";"275";"273";"2";"Участвуете в конкурсе";"1722901";"—"
"383";"8";"—";"275";"273";"2";"Участвуете в конкурсе";"1656388";"—"
"384";"6";"—";"275";"273";"2";"Участвуете в конкурсе";"1958153";"—"
"385";"13";"—";"275";"265";"10";"Участвуете в конкурсе";"2173734";"—"
"386";"4";"—";"275";"265";"10";"Участвуете в конкурсе";"2174665";"—"
"387";"2";"—";"275";"265";"10";"Участвуете в конкурсе";"1652494";"—"
"388";"4";"—";"275";"265";"10";"Участвуете в конкурсе";"2314399";"—"
"389";"11";"—";"275";"265";"10";"Участвуете в конкурсе";"1485691";"—"
"390";"5";"—";"275";"265";"10";"Участвуете в конкурсе";"1443001";"—"
"391";"2";"—";"275";"265";"10";"Участвуете в конкурсе";"1572403";"—"
"392";"6";"Электронное";"275";"265";"10";"Участвуете в конкурсе";"2266801";"—"
"393";"6";"—";"275";"265";"10";"Участвуете в конкурсе";"2255189";"—"
"394";"6";"—";"275";"265";"10";"Участвуете в конкурсе";"2282462";"—"
"395";"1";"—";"275";"265";"10";"Участвуете в конкурсе";"2122020";"—"
"396";"11";"—";"275";"265";"10";"Участвуете в конкурсе";"1987997";"—"
"397";"1";"—";"275";"265";"10";"Участвуете в конкурсе";"1627368";"—"
"398";"12";"Электронное";"275";"265";"10";"Участвуете в конкурсе";"1399850";"—"
"399";"3";"—";"275";"265";"10";"Участвуете в конкурсе";"1873324";"—"
"400";"9";"—";"275";"265";"10";"Участвуете в конкурсе";"1199686";"—"
"401";"10";"—";"275";"265";"10";"Участвуете в конкурсе";"2228557";"—"
"402";"6";"—";"274";"274";"0";"Участвуете в конкурсе";"1194103";"—"
"403";"2";"—";"274";"274";"0";"Участвуете в конкурсе";"1820958";"—"
"404";"9";"—";"274";"269";"5";"Участвуете в конкурсе";"1353708";"—"
"405";"5";"—";"274";"268";"6";"Участвуете в конкурсе";"2270132";"—"
"406";"7";"—";"274";"267";"7";"Участвуете в конкурсе";"1996420";"—"
"407";"10";"—";"274";"264";"10";"Участвуете в конкурсе";"2369242";"—"
"408";"1";"—";"274";"264";"10";"Участвуете в конкурсе";"1425562";"—"
"409";"4";"—";"274";"264";"10";"Участвуете в конкурсе";"1558466";"—"
"410";"1";"—";"274";"264";"10";"Участвуете в конкурсе";"1258478";"—"
"411";"9";"—";"274";"264";"10";"Участвуете в конкурсе";"1496412";"—"
"412";"12";"—";"274";"264";"10";"Участвуете в конкурсе";"1408384";"—"
"413";"7";"—";"274";"264";"10";"Участвуете в конкурсе";"1833411";"—"
"414";"5";"—";"274";"264";"10";"Участвуете в конкурсе";"1848589";"—"
"415";"12";"—";"274";"264";"10";"Участвуете в конкурсе";"1951298";"—"
"416";"5";"—";"274";"264";"10";"Участвуете в конкурсе";"1415165";"—"
"417";"1";"—";"274";"264";"10";"Участвуете в конкурсе";"1356986";"—"
"418";"1";"—";"274";"264";"10";"Участвуете в конкурсе";"1349493";"—"
"419";"7";"—";"274";"264";"10";"Участвуете в конкурсе";"1433428";"—"
"420";"3";"—";"274";"264";"10";"Участвуете в конкурсе";"1208069";"—"
"421";"4";"—";"273";"273";"0";"Участвуете в конкурсе";"2245952";"—"
"422";"5";"—";"273";"271";"2";"Участвуете в конкурсе";"2308451";"—"
"423";"10";"—";"273";"271";"2";"Участвуете в конкурсе";"2296774";"—"
"424";"3";"—";"273";"271";"2";"Участвуете в конкурсе";"1355119";"—"
"425";"5";"—";"273";"271";"2";"Участвуете в конкурсе";"1730551";"—"
"426";"5";"—";"273";"269";"4";"Участвуете в конкурсе";"2005179";"—"
"427";"4";"—";"273";"267";"6";"Участвуете в конкурсе";"1329096";"—"
"428";"5";"—";"273";"263";"10";"Участвуете в конкурсе";"2318493";"—"
"429";"9";"—";"273";"263";"10";"Участвуете в конкурсе";"1543675";"—"
"430";"3";"—";"273";"263";"10";"Участвуете в конкурсе";"2253077";"—"
"431";"6";"—";"273";"263";"10";"Участвуете в конкурсе";"1104171";"—"
"432";"7";"—";"273";"263";"10";"Участвуете в конкурсе";"2031022";"—"
"433";"5";"—";"273";"263";"10";"Участвуете в конкурсе";"2266362";"—"
"434";"11";"—";"273";"263";"10";"Участвуете в конкурсе";"1327994";"—"
"435";"11";"—";"273";"263";"10";"Участвуете в конкурсе";"2004285";"—"
"436";"8";"—";"273";"263";"10";"Участвуете в конкурсе";"1702491";"—"
"437";"13";"—";"273";"263";"10";"Участвуете в конкурсе";"1619566";"—"
"438";"1";"—";"273";"263";"10";"Участвуете в конкурсе";"2246164";"—"
"439";"14";"—";"273";"263";"10";"Участвуете в конкурсе";"1276280";"—"
"440";"6";"—";"273";"263";"10";"Участвуете в конкурсе";"2251496";"—"
"441";"9";"—";"273";"263";"10";"Участвуете в конкурсе";"1777231";"—"
"442";"3";"—";"273";"263";"10";"Участвуете в конкурсе";"1322645";"—"
"443";"12";"—";"273";"263";"10";"Участвуете в конкурсе";"1692532";"—"
"444";"3";"Электронное";"273";"263";"10";"Участвуете в конкурсе";"2268333";"—"
"445";"10";"—";"273";"263";"10";"Участвуете в конкурсе";"1438941";"—"
"446";"5";"—";"272";"272";"0";"Участвуете в конкурсе";"1780665";"—"
"447";"2";"—";"272";"272";"0";"Участвуете в конкурсе";"1478425";"—"
"448";"10";"Электронное";"272";"272";"0";"Участвуете в конкурсе";"2001882";"—"
"449";"4";"—";"272";"272";"0";"Участвуете в конкурсе";"1028969";"—"
"450";"14";"Электронное";"272";"270";"2";"Участвуете в конкурсе";"1827627";"—"
"451";"11";"—";"272";"269";"3";"Участвуете в конкурсе";"1941815";"—"
"452";"1";"—";"272";"267";"5";"Участвуете в конкурсе";"2414124";"—"
"453";"18";"—";"272";"266";"6";"Участвуете в конкурсе";"2095977";"—"
"454";"12";"—";"272";"262";"10";"Участвуете в конкурсе";"2098508";"—"
"455";"6";"Электронное";"272";"262";"10";"Участвуете в конкурсе";"925201";"—"
"456";"5";"—";"272";"262";"10";"Участвуете в конкурсе";"2228657";"—"
"457";"9";"—";"272";"262";"10";"Участвуете в конкурсе";"1568127";"—"
"458";"4";"—";"272";"262";"10";"Участвуете в конкурсе";"1176167";"—"
"459";"12";"—";"272";"262";"10";"Участвуете в конкурсе";"2196382";"—"
"460";"10";"—";"272";"262";"10";"Участвуете в конкурсе";"1213224";"—"
"461";"7";"—";"272";"262";"10";"Участвуете в конкурсе";"1575233";"—"
"462";"1";"—";"272";"262";"10";"Участвуете в конкурсе";"2304703";"—"
"463";"13";"—";"272";"262";"10";"Участвуете в конкурсе";"1701930";"—"
"464";"6";"—";"272";"262";"10";"Участвуете в конкурсе";"2100292";"—"
"3";"2";"Электронное";"272";"262";"10";"Участвуете в конкурсе";"1621536";"—"
"466";"4";"—";"271";"271";"0";"Участвуете в конкурсе";"1963929";"—"
"467";"1";"—";"271";"271";"0";"Участвуете в конкурсе";"1348656";"—"
"468";"4";"—";"271";"269";"2";"Участвуете в конкурсе";"1604006";"—"
"469";"4";"—";"271";"269";"2";"Участвуете в конкурсе";"1544596";"—"
"470";"7";"—";"271";"269";"2";"Участвуете в конкурсе";"1929942";"—"
"471";"4";"—";"271";"267";"4";"Участвуете в конкурсе";"1693868";"—"
"472";"11";"—";"271";"265";"6";"Участвуете в конкурсе";"1626473";"—"
"473";"5";"—";"271";"261";"10";"Участвуете в конкурсе";"1714898";"—"
"474";"13";"—";"271";"261";"10";"Участвуете в конкурсе";"1888237";"—"
"475";"1";"—";"271";"261";"10";"Участвуете в конкурсе";"2044282";"—"
"476";"6";"—";"271";"261";"10";"Участвуете в конкурсе";"2213790";"—"
"477";"2";"—";"271";"261";"10";"Участвуете в конкурсе";"1344333";"—"
"478";"6";"—";"271";"261";"10";"Участвуете в конкурсе";"1636993";"—"
"479";"1";"—";"271";"261";"10";"Участвуете в конкурсе";"1634096";"—"
"480";"12";"—";"271";"261";"10";"Участвуете в конкурсе";"1787711";"—"
"481";"2";"—";"271";"261";"10";"Участвуете в конкурсе";"1325061";"—"
"482";"7";"—";"271";"261";"10";"Участвуете в конкурсе";"1950085";"—"
"483";"11";"—";"271";"261";"10";"Участвуете в конкурсе";"2161450";"—"
"484";"5";"Электронное";"271";"261";"10";"Участвуете в конкурсе";"1618564";"—"
"485";"6";"Электронное";"271";"261";"10";"Участвуете в конкурсе";"1882654";"—"
"486";"3";"—";"271";"261";"10";"Участвуете в конкурсе";"1531094";"—"
"487";"3";"—";"270";"265";"5";"Участвуете в конкурсе";"1724945";"—"
"488";"13";"—";"270";"260";"10";"Участвуете в конкурсе";"1512005";"—"
"489";"4";"—";"270";"260";"10";"Участвуете в конкурсе";"2268004";"—"
"490";"10";"—";"270";"260";"10";"Участвуете в конкурсе";"2196661";"—"
"491";"3";"—";"270";"260";"10";"Участвуете в конкурсе";"1603058";"—"
"492";"5";"Электронное";"270";"260";"10";"Участвуете в конкурсе";"1515653";"—"
"493";"7";"—";"270";"260";"10";"Участвуете в конкурсе";"1786096";"—"
"494";"10";"—";"270";"260";"10";"Участвуете в конкурсе";"2209562";"—"
"495";"12";"—";"270";"260";"10";"Участвуете в конкурсе";"2302478";"—"
"496";"5";"Электронное";"270";"260";"10";"Участвуете в конкурсе";"1333039";"—"
"497";"4";"—";"270";"260";"10";"Участвуете в конкурсе";"1429984";"—"
"498";"19";"—";"270";"260";"10";"Участвуете в конкурсе";"1356295";"—"
"499";"8";"—";"270";"260";"10";"Участвуете в конкурсе";"1448184";"—"
"500";"13";"—";"270";"260";"10";"Участвуете в конкурсе";"1551430";"—"
"501";"14";"—";"270";"260";"10";"Участвуете в конкурсе";"2339554";"—"
"502";"13";"—";"270";"260";"10";"Участвуете в конкурсе";"2368664";"—"
"503";"5";"—";"270";"260";"10";"Участвуете в конкурсе";"2273990";"—"
"504";"11";"—";"269";"269";"0";"Участвуете в конкурсе";"1517539";"—"
"505";"16";"—";"269";"269";"0";"Участвуете в конкурсе";"2313957";"—"
"506";"6";"—";"269";"267";"2";"Участвуете в конкурсе";"1085542";"—"
"507";"1";"—";"269";"267";"2";"Участвуете в конкурсе";"1982918";"—"
"508";"4";"—";"269";"267";"2";"Участвуете в конкурсе";"1644179";"—"
"509";"6";"—";"269";"267";"2";"Участвуете в конкурсе";"1856298";"—"
"510";"9";"—";"269";"267";"2";"Участвуете в конкурсе";"1292995";"—"
"511";"5";"—";"269";"264";"5";"Участвуете в конкурсе";"1691116";"—"
"512";"5";"—";"269";"263";"6";"Участвуете в конкурсе";"1242355";"—"
"513";"3";"—";"269";"259";"10";"Участвуете в конкурсе";"1582279";"—"
"514";"5";"—";"269";"259";"10";"Участвуете в конкурсе";"1624275";"—"
"515";"12";"Электронное";"269";"259";"10";"Участвуете в конкурсе";"1720777";"—"
"516";"4";"—";"269";"259";"10";"Участвуете в конкурсе";"1884605";"—"
"517";"1";"—";"269";"259";"10";"Участвуете в конкурсе";"2058637";"—"
"518";"2";"—";"269";"259";"10";"Участвуете в конкурсе";"1355393";"—"
"519";"1";"—";"269";"259";"10";"Участвуете в конкурсе";"1584443";"—"
"520";"1";"—";"269";"259";"10";"Участвуете в конкурсе";"1629247";"—"
"521";"5";"Электронное";"269";"259";"10";"Участвуете в конкурсе";"1786441";"—"
"522";"6";"—";"269";"259";"10";"Участвуете в конкурсе";"2273512";"—"
"523";"7";"—";"269";"259";"10";"Участвуете в конкурсе";"1203795";"—"
"524";"14";"—";"269";"259";"10";"Участвуете в конкурсе";"2303660";"—"
"525";"4";"—";"269";"259";"10";"Участвуете в конкурсе";"1133458";"—"
"526";"11";"—";"269";"259";"10";"Участвуете в конкурсе";"1903586";"—"
"527";"1";"—";"269";"259";"10";"Участвуете в конкурсе";"1905226";"—"
"528";"12";"—";"269";"259";"10";"Участвуете в конкурсе";"1647363";"—"
"529";"4";"Электронное";"269";"259";"10";"Участвуете в конкурсе";"1311146";"—"
"530";"5";"—";"269";"259";"10";"Участвуете в конкурсе";"2210603";"—"
"531";"5";"—";"269";"259";"10";"Участвуете в конкурсе";"1521427";"—"
"532";"2";"—";"269";"259";"10";"Участвуете в конкурсе";"1556508";"—"
"533";"5";"—";"269";"259";"10";"Участвуете в конкурсе";"1709613";"—"
"534";"6";"—";"269";"259";"10";"Участвуете в конкурсе";"1714835";"—"
"535";"3";"—";"269";"259";"10";"Участвуете в конкурсе";"1016293";"—"
"4";"1";"Электронное";"269";"259";"10";"Участвуете в конкурсе";"2230959";"—"
"537";"6";"Электронное";"268";"268";"0";"Участвуете в конкурсе";"1290772";"—"
"538";"11";"—";"268";"268";"0";"Участвуете в конкурсе";"2242339";"—"
"539";"4";"—";"268";"266";"2";"Участвуете в конкурсе";"1458998";"—"
"540";"5";"Электронное";"268";"264";"4";"Участвуете в конкурсе";"1542070";"—"
"541";"2";"—";"268";"263";"5";"Участвуете в конкурсе";"2229669";"—"
"542";"2";"—";"268";"258";"10";"Участвуете в конкурсе";"1336959";"—"
"543";"2";"—";"268";"258";"10";"Участвуете в конкурсе";"1327023";"—"
"544";"6";"—";"268";"258";"10";"Участвуете в конкурсе";"1613763";"—"
"545";"9";"Электронное";"268";"258";"10";"Участвуете в конкурсе";"1787299";"—"
"546";"10";"—";"268";"258";"10";"Участвуете в конкурсе";"2233966";"—"
"547";"9";"—";"268";"258";"10";"Участвуете в конкурсе";"2259442";"—"
"548";"9";"—";"268";"258";"10";"Участвуете в конкурсе";"1980750";"—"
"549";"1";"—";"268";"258";"10";"Участвуете в конкурсе";"1259828";"—"
"550";"10";"—";"268";"258";"10";"Участвуете в конкурсе";"2231242";"—"
"551";"4";"—";"268";"258";"10";"Участвуете в конкурсе";"2314044";"—"
"552";"8";"—";"268";"258";"10";"Участвуете в конкурсе";"1309691";"—"
"553";"10";"—";"268";"258";"10";"Участвуете в конкурсе";"1646096";"—"
"554";"12";"—";"268";"258";"10";"Участвуете в конкурсе";"2175049";"—"
"555";"6";"Электронное";"268";"258";"10";"Участвуете в конкурсе";"1619294";"—"
"556";"12";"—";"268";"258";"10";"Участвуете в конкурсе";"1699762";"—"
"557";"8";"—";"267";"267";"0";"Участвуете в конкурсе";"1475200";"—"
"558";"8";"—";"267";"267";"0";"Участвуете в конкурсе";"1431782";"—"
"559";"5";"—";"267";"267";"0";"Участвуете в конкурсе";"2343788";"—"
"560";"9";"—";"267";"267";"0";"Участвуете в конкурсе";"1237500";"—"
"561";"6";"—";"267";"267";"0";"Участвуете в конкурсе";"1541185";"—"
"562";"3";"—";"267";"265";"2";"Участвуете в конкурсе";"1207773";"—"
"563";"5";"Электронное";"267";"265";"2";"Участвуете в конкурсе";"2245046";"—"
"564";"14";"Электронное";"267";"265";"2";"Участвуете в конкурсе";"1732084";"—"
"565";"9";"—";"267";"260";"7";"Участвуете в конкурсе";"2086181";"—"
"566";"13";"—";"267";"260";"7";"Участвуете в конкурсе";"2238900";"—"
"567";"4";"—";"267";"257";"10";"Участвуете в конкурсе";"1428858";"—"
"568";"12";"—";"267";"257";"10";"Участвуете в конкурсе";"2242676";"—"
"569";"5";"—";"267";"257";"10";"Участвуете в конкурсе";"961317";"—"
"570";"3";"—";"267";"257";"10";"Участвуете в конкурсе";"1441524";"—"
"571";"4";"—";"267";"257";"10";"Участвуете в конкурсе";"2080301";"—"
"572";"3";"—";"267";"257";"10";"Участвуете в конкурсе";"1612050";"—"
"573";"13";"—";"267";"257";"10";"Участвуете в конкурсе";"1192510";"—"
"574";"12";"—";"267";"257";"10";"Участвуете в конкурсе";"1284951";"—"
"575";"14";"—";"267";"257";"10";"Участвуете в конкурсе";"2085299";"—"
"576";"3";"—";"267";"257";"10";"Участвуете в конкурсе";"1256646";"—"
"577";"5";"—";"267";"257";"10";"Участвуете в конкурсе";"1464194";"—"
"578";"5";"—";"267";"257";"10";"Участвуете в конкурсе";"1680490";"—"
"579";"11";"—";"267";"257";"10";"Участвуете в конкурсе";"1208112";"—"
"580";"11";"—";"267";"257";"10";"Участвуете в конкурсе";"2269717";"—"
"581";"14";"—";"267";"257";"10";"Участвуете в конкурсе";"1212994";"—"
"582";"9";"—";"267";"257";"10";"Участвуете в конкурсе";"2250557";"—"
"583";"11";"—";"267";"257";"10";"Участвуете в конкурсе";"2361897";"—"
"584";"1";"—";"267";"257";"10";"Участвуете в конкурсе";"1619830";"—"
"585";"4";"—";"267";"257";"10";"Участвуете в конкурсе";"1395965";"—"
"586";"8";"—";"267";"257";"10";"Участвуете в конкурсе";"1672012";"—"
"587";"2";"—";"267";"257";"10";"Участвуете в конкурсе";"1481583";"—"
"588";"6";"—";"267";"257";"10";"Участвуете в конкурсе";"1131307";"—"
"589";"5";"—";"267";"257";"10";"Участвуете в конкурсе";"1191044";"—"
"590";"5";"—";"267";"257";"10";"Участвуете в конкурсе";"2282442";"—"
"591";"12";"—";"266";"266";"0";"Участвуете в конкурсе";"1916586";"—"
"592";"3";"—";"266";"266";"0";"Участвуете в конкурсе";"2051719";"—"
"593";"11";"—";"266";"266";"0";"Участвуете в конкурсе";"1204467";"—"
"594";"6";"—";"266";"266";"0";"Участвуете в конкурсе";"1290721";"—"
"595";"7";"—";"266";"266";"0";"Участвуете в конкурсе";"1649453";"—"
"596";"7";"—";"266";"266";"0";"Участвуете в конкурсе";"2199749";"—"
"597";"6";"—";"266";"264";"2";"Участвуете в конкурсе";"1794815";"—"
"598";"4";"—";"266";"264";"2";"Участвуете в конкурсе";"1520654";"—"
"599";"9";"Электронное";"266";"264";"2";"Участвуете в конкурсе";"1199739";"—"
"600";"8";"—";"266";"261";"5";"Участвуете в конкурсе";"1098083";"—"
"601";"6";"—";"266";"256";"10";"Участвуете в конкурсе";"1717207";"—"
"602";"8";"—";"266";"256";"10";"Участвуете в конкурсе";"1396056";"—"
"603";"14";"—";"266";"256";"10";"Участвуете в конкурсе";"1787825";"—"
"604";"9";"—";"266";"256";"10";"Участвуете в конкурсе";"2119866";"—"
"605";"14";"—";"266";"256";"10";"Участвуете в конкурсе";"1726886";"—"
"606";"14";"—";"266";"256";"10";"Участвуете в конкурсе";"2206388";"—"
"607";"3";"—";"266";"256";"10";"Участвуете в конкурсе";"1914450";"—"
"608";"13";"—";"266";"256";"10";"Участвуете в конкурсе";"1586491";"—"
"609";"13";"Электронное";"266";"256";"10";"Участвуете в конкурсе";"1239426";"—"
"610";"10";"—";"266";"256";"10";"Участвуете в конкурсе";"2271492";"—"
"611";"1";"—";"266";"256";"10";"Участвуете в конкурсе";"1214223";"—"
"612";"11";"Электронное";"266";"256";"10";"Участвуете в конкурсе";"2177576";"—"
"613";"10";"—";"266";"256";"10";"Участвуете в конкурсе";"1815059";"—"
"614";"5";"—";"266";"256";"10";"Участвуете в конкурсе";"1290929";"—"
"615";"13";"—";"266";"256";"10";"Участвуете в конкурсе";"1848006";"—"
"616";"9";"—";"266";"256";"10";"Участвуете в конкурсе";"2338658";"—"
"617";"3";"—";"266";"256";"10";"Участвуете в конкурсе";"1641394";"—"
"618";"1";"—";"266";"256";"10";"Участвуете в конкурсе";"1959633";"—"
"619";"1";"—";"266";"256";"10";"Участвуете в конкурсе";"1441658";"—"
"620";"11";"—";"265";"265";"0";"Участвуете в конкурсе";"2425944";"—"
"621";"10";"—";"265";"265";"0";"Участвуете в конкурсе";"1578257";"—"
"622";"13";"—";"265";"265";"0";"Участвуете в конкурсе";"2128900";"—"
"623";"2";"—";"265";"265";"0";"Участвуете в конкурсе";"1399086";"—"
"624";"2";"—";"265";"265";"0";"Участвуете в конкурсе";"1178254";"—"
"625";"6";"Электронное";"265";"265";"0";"Участвуете в конкурсе";"2244334";"—"
"626";"6";"—";"265";"265";"0";"Участвуете в конкурсе";"1342889";"—"
"627";"5";"—";"265";"263";"2";"Участвуете в конкурсе";"1964903";"—"
"628";"5";"—";"265";"263";"2";"Участвуете в конкурсе";"1198554";"—"
"629";"7";"—";"265";"263";"2";"Участвуете в конкурсе";"2252575";"—"
"630";"1";"—";"265";"263";"2";"Участвуете в конкурсе";"2043413";"—"
"631";"5";"Электронное";"265";"263";"2";"Участвуете в конкурсе";"1384744";"—"
"632";"18";"—";"265";"263";"2";"Участвуете в конкурсе";"1799354";"—"
"633";"14";"—";"265";"263";"2";"Участвуете в конкурсе";"2090660";"—"
"634";"5";"—";"265";"263";"2";"Участвуете в конкурсе";"1843666";"—"
"635";"7";"—";"265";"262";"3";"Участвуете в конкурсе";"1520198";"—"
"636";"6";"—";"265";"262";"3";"Участвуете в конкурсе";"2322159";"—"
"637";"2";"—";"265";"260";"5";"Участвуете в конкурсе";"2001651";"—"
"638";"4";"—";"265";"259";"6";"Участвуете в конкурсе";"2392425";"—"
"5";"1";"Электронное";"265";"255";"10";"Участвуете в конкурсе";"1416077";"—"
"640";"3";"—";"265";"255";"10";"Участвуете в конкурсе";"1248051";"—"
"641";"2";"—";"265";"255";"10";"Участвуете в конкурсе";"1565208";"—"
"642";"13";"Электронное";"265";"255";"10";"Участвуете в конкурсе";"1839909";"—"
"643";"5";"—";"265";"255";"10";"Участвуете в конкурсе";"1956593";"—"
"644";"5";"—";"265";"255";"10";"Участвуете в конкурсе";"1307760";"—"
"645";"12";"—";"265";"255";"10";"Участвуете в конкурсе";"1916174";"—"
"646";"1";"—";"265";"255";"10";"Участвуете в конкурсе";"1614083";"—"
"647";"4";"—";"265";"255";"10";"Участвуете в конкурсе";"1931850";"—"
"648";"10";"—";"265";"255";"10";"Участвуете в конкурсе";"1362802";"—"
"649";"4";"—";"265";"255";"10";"Участвуете в конкурсе";"1324046";"—"
"650";"12";"—";"265";"255";"10";"Участвуете в конкурсе";"1213942";"—"
"651";"8";"Электронное";"265";"255";"10";"Участвуете в конкурсе";"1626478";"—"
"652";"1";"—";"265";"255";"10";"Участвуете в конкурсе";"2273419";"—"
"653";"2";"—";"265";"255";"10";"Участвуете в конкурсе";"1988525";"—"
"654";"17";"—";"265";"255";"10";"Участвуете в конкурсе";"1743336";"—"
"655";"10";"—";"265";"255";"10";"Участвуете в конкурсе";"1235082";"—"
"656";"14";"—";"265";"255";"10";"Участвуете в конкурсе";"1658289";"—"
"657";"11";"—";"265";"255";"10";"Участвуете в конкурсе";"2252781";"—"
"658";"7";"—";"265";"255";"10";"Участвуете в конкурсе";"1354355";"—"
"659";"1";"—";"265";"255";"10";"Участвуете в конкурсе";"1179008";"—"
"660";"5";"—";"264";"264";"0";"Участвуете в конкурсе";"1719487";"—"
"661";"1";"—";"264";"264";"0";"Участвуете в конкурсе";"1282220";"—"
"662";"7";"—";"264";"264";"0";"Участвуете в конкурсе";"1104404";"—"
"663";"8";"—";"264";"264";"0";"Участвуете в конкурсе";"1095558";"—"
"664";"12";"—";"264";"264";"0";"Участвуете в конкурсе";"2117708";"—"
"665";"5";"—";"264";"262";"2";"Участвуете в конкурсе";"2333231";"—"
"666";"1";"—";"264";"262";"2";"Участвуете в конкурсе";"1554165";"—"
"667";"9";"Электронное";"264";"261";"3";"Участвуете в конкурсе";"1647688";"—"
"668";"3";"—";"264";"260";"4";"Участвуете в конкурсе";"1832483";"—"
"669";"14";"—";"264";"259";"5";"Участвуете в конкурсе";"1828702";"—"
"670";"12";"—";"264";"254";"10";"Участвуете в конкурсе";"2143384";"—"
"671";"2";"—";"264";"254";"10";"Участвуете в конкурсе";"1240768";"—"
"672";"3";"—";"264";"254";"10";"Участвуете в конкурсе";"1880836";"—"
"673";"11";"—";"264";"254";"10";"Участвуете в конкурсе";"1211745";"—"
"674";"11";"—";"264";"254";"10";"Участвуете в конкурсе";"2243558";"—"
"675";"7";"—";"264";"254";"10";"Участвуете в конкурсе";"1436225";"—"
"676";"5";"—";"264";"254";"10";"Участвуете в конкурсе";"2246764";"—"
"677";"14";"—";"264";"254";"10";"Участвуете в конкурсе";"1523519";"—"
"678";"1";"—";"264";"254";"10";"Участвуете в конкурсе";"2056431";"—"
"679";"11";"—";"264";"254";"10";"Участвуете в конкурсе";"1444270";"—"
"680";"5";"—";"264";"254";"10";"Участвуете в конкурсе";"2040243";"—"
"681";"4";"—";"264";"254";"10";"Участвуете в конкурсе";"1954959";"—"
"682";"6";"—";"264";"254";"10";"Участвуете в конкурсе";"2393948";"—"
"683";"9";"—";"264";"254";"10";"Участвуете в конкурсе";"1767963";"—"
"684";"8";"Электронное";"264";"254";"10";"Участвуете в конкурсе";"1761308";"—"
"685";"5";"—";"264";"254";"10";"Участвуете в конкурсе";"1692761";"—"
"686";"6";"—";"264";"254";"10";"Участвуете в конкурсе";"1796558";"—"
"687";"6";"—";"264";"254";"10";"Участвуете в конкурсе";"1611683";"—"
"688";"8";"—";"263";"263";"0";"Участвуете в конкурсе";"1347180";"—"
"689";"13";"—";"263";"263";"0";"Участвуете в конкурсе";"1730622";"—"
"690";"3";"—";"263";"263";"0";"Участвуете в конкурсе";"1073081";"—"
"691";"15";"—";"263";"263";"0";"Участвуете в конкурсе";"1598436";"—"
"692";"9";"Электронное";"263";"263";"0";"Участвуете в конкурсе";"1435238";"—"
"693";"13";"—";"263";"263";"0";"Участвуете в конкурсе";"2136311";"—"
"694";"10";"Электронное";"263";"261";"2";"Участвуете в конкурсе";"2178547";"—"
"695";"7";"—";"263";"261";"2";"Участвуете в конкурсе";"1490949";"—"
"696";"4";"—";"263";"261";"2";"Участвуете в конкурсе";"1182902";"—"
"697";"14";"—";"263";"261";"2";"Участвуете в конкурсе";"1251594";"—"
"698";"5";"—";"263";"261";"2";"Участвуете в конкурсе";"2246780";"—"
"699";"9";"—";"263";"258";"5";"Участвуете в конкурсе";"1511626";"—"
"700";"10";"—";"263";"253";"10";"Участвуете в конкурсе";"2381320";"—"
"701";"2";"—";"263";"253";"10";"Участвуете в конкурсе";"1125504";"—"
"702";"4";"—";"263";"253";"10";"Участвуете в конкурсе";"2033281";"—"
"703";"7";"—";"263";"253";"10";"Участвуете в конкурсе";"2394398";"—"
"704";"13";"—";"263";"253";"10";"Участвуете в конкурсе";"1043686";"—"
"705";"10";"—";"263";"253";"10";"Участвуете в конкурсе";"1580711";"—"
"706";"12";"Электронное";"263";"253";"10";"Участвуете в конкурсе";"1854299";"—"
"707";"6";"—";"263";"253";"10";"Участвуете в конкурсе";"1242070";"—"
"708";"11";"—";"263";"253";"10";"Участвуете в конкурсе";"1606735";"—"
"709";"11";"—";"263";"253";"10";"Участвуете в конкурсе";"1505654";"—"
"710";"4";"—";"263";"253";"10";"Участвуете в конкурсе";"1574434";"—"
"711";"3";"—";"263";"253";"10";"Участвуете в конкурсе";"1775323";"—"
"712";"3";"—";"263";"253";"10";"Участвуете в конкурсе";"1289101";"—"
"713";"9";"—";"263";"253";"10";"Участвуете в конкурсе";"1465994";"—"
"714";"12";"—";"263";"253";"10";"Участвуете в конкурсе";"1532271";"—"
"715";"9";"—";"263";"253";"10";"Участвуете в конкурсе";"1794831";"—"
"716";"6";"—";"263";"253";"10";"Участвуете в конкурсе";"1567763";"—"
"717";"1";"—";"263";"253";"10";"Участвуете в конкурсе";"2139148";"—"
"718";"3";"—";"263";"253";"10";"Участвуете в конкурсе";"2196329";"—"
"719";"4";"—";"263";"253";"10";"Участвуете в конкурсе";"1428637";"—"
"720";"2";"—";"263";"253";"10";"Участвуете в конкурсе";"1727764";"—"
"721";"5";"Электронное";"263";"253";"10";"Участвуете в конкурсе";"1913528";"—"
"722";"1";"—";"263";"253";"10";"Участвуете в конкурсе";"2393013";"—"
"723";"11";"—";"263";"253";"10";"Участвуете в конкурсе";"2268017";"—"
"724";"15";"—";"263";"253";"10";"Участвуете в конкурсе";"2388910";"—"
"725";"1";"—";"263";"253";"10";"Участвуете в конкурсе";"1621628";"—"
"726";"8";"—";"263";"253";"10";"Участвуете в конкурсе";"1584182";"—"
"727";"10";"—";"263";"253";"10";"Участвуете в конкурсе";"1394678";"—"
"728";"11";"—";"262";"262";"0";"Участвуете в конкурсе";"1965838";"—"
"729";"1";"—";"262";"262";"0";"Участвуете в конкурсе";"2335536";"—"
"730";"6";"Электронное";"262";"262";"0";"Участвуете в конкурсе";"2031216";"—"
"731";"6";"—";"262";"262";"0";"Участвуете в конкурсе";"1624245";"—"
"732";"7";"—";"262";"262";"0";"Участвуете в конкурсе";"1437818";"—"
"733";"4";"—";"262";"262";"0";"Участвуете в конкурсе";"1620697";"—"
"734";"7";"—";"262";"262";"0";"Участвуете в конкурсе";"1655142";"—"
"735";"10";"—";"262";"262";"0";"Участвуете в конкурсе";"1214503";"—"
"736";"1";"—";"262";"262";"0";"Участвуете в конкурсе";"1870041";"—"
"737";"6";"—";"262";"260";"2";"Участвуете в конкурсе";"1175200";"—"
"738";"5";"—";"262";"260";"2";"Участвуете в конкурсе";"1890805";"—"
"739";"1";"—";"262";"260";"2";"Участвуете в конкурсе";"1850717";"—"
"740";"5";"Электронное";"262";"260";"2";"Участвуете в конкурсе";"1817751";"—"
"741";"5";"—";"262";"259";"3";"Участвуете в конкурсе";"2365423";"—"
"742";"3";"Электронное";"262";"257";"5";"Участвуете в конкурсе";"1209673";"—"
"743";"6";"—";"262";"257";"5";"Участвуете в конкурсе";"1419781";"—"
"744";"1";"—";"262";"256";"6";"Участвуете в конкурсе";"1777793";"—"
"745";"6";"—";"262";"253";"9";"Участвуете в конкурсе";"1179110";"—"
"746";"7";"—";"262";"253";"9";"Участвуете в конкурсе";"1653372";"—"
"747";"9";"—";"262";"252";"10";"Участвуете в конкурсе";"1289868";"—"
"748";"3";"—";"262";"252";"10";"Участвуете в конкурсе";"1435370";"—"
"749";"2";"—";"262";"252";"10";"Участвуете в конкурсе";"1741731";"—"
"750";"19";"—";"262";"252";"10";"Участвуете в конкурсе";"1332494";"—"
"751";"1";"—";"262";"252";"10";"Участвуете в конкурсе";"1483440";"—"
"752";"10";"—";"262";"252";"10";"Участвуете в конкурсе";"1629297";"—"
"753";"8";"—";"262";"252";"10";"Участвуете в конкурсе";"1985698";"—"
"754";"13";"—";"262";"252";"10";"Участвуете в конкурсе";"1605386";"—"
"755";"7";"—";"262";"252";"10";"Участвуете в конкурсе";"1914768";"—"
"756";"8";"—";"262";"252";"10";"Участвуете в конкурсе";"2392701";"—"
"757";"11";"—";"262";"252";"10";"Участвуете в конкурсе";"1580637";"—"
"758";"4";"—";"262";"252";"10";"Участвуете в конкурсе";"1620762";"—"
"759";"7";"Электронное";"262";"252";"10";"Участвуете в конкурсе";"1793959";"—"
"760";"13";"—";"261";"261";"0";"Участвуете в конкурсе";"1433277";"—"
"761";"16";"Электронное";"261";"261";"0";"Участвуете в конкурсе";"1202482";"—"
"762";"1";"—";"261";"261";"0";"Участвуете в конкурсе";"1398751";"—"
"763";"1";"—";"261";"261";"0";"Участвуете в конкурсе";"965350";"—"
"764";"13";"—";"261";"261";"0";"Участвуете в конкурсе";"1722922";"—"
"765";"4";"—";"261";"261";"0";"Участвуете в конкурсе";"2275949";"—"
"766";"5";"—";"261";"261";"0";"Участвуете в конкурсе";"1204659";"—"
"767";"10";"—";"261";"261";"0";"Участвуете в конкурсе";"1614822";"—"
"768";"11";"—";"261";"261";"0";"Участвуете в конкурсе";"1719945";"—"
"769";"7";"—";"261";"261";"0";"Участвуете в конкурсе";"2057945";"—"
"770";"3";"—";"261";"259";"2";"Участвуете в конкурсе";"1391053";"—"
"771";"5";"—";"261";"259";"2";"Участвуете в конкурсе";"1622217";"—"
"772";"2";"—";"261";"259";"2";"Участвуете в конкурсе";"1372060";"—"
"773";"5";"—";"261";"258";"3";"Участвуете в конкурсе";"1496126";"—"
"774";"12";"—";"261";"257";"4";"Участвуете в конкурсе";"1177470";"—"
"775";"10";"—";"261";"256";"5";"Участвуете в конкурсе";"1902624";"—"
"776";"12";"—";"261";"254";"7";"Участвуете в конкурсе";"2042631";"—"
"777";"8";"—";"261";"251";"10";"Участвуете в конкурсе";"1501881";"—"
"778";"13";"—";"261";"251";"10";"Участвуете в конкурсе";"2136968";"—"
"779";"3";"—";"261";"251";"10";"Участвуете в конкурсе";"1603432";"—"
"780";"8";"—";"261";"251";"10";"Участвуете в конкурсе";"1325537";"—"
"781";"3";"—";"261";"251";"10";"Участвуете в конкурсе";"2312584";"—"
"782";"6";"—";"261";"251";"10";"Участвуете в конкурсе";"1493498";"—"
"783";"1";"—";"261";"251";"10";"Участвуете в конкурсе";"1996099";"—"
"784";"8";"—";"261";"251";"10";"Участвуете в конкурсе";"1860342";"—"
"785";"13";"—";"261";"251";"10";"Участвуете в конкурсе";"1985095";"—"
"786";"7";"—";"261";"251";"10";"Участвуете в конкурсе";"2240510";"—"
"787";"9";"Электронное";"261";"251";"10";"Участвуете в конкурсе";"1618584";"—"
"788";"7";"Электронное";"261";"251";"10";"Участвуете в конкурсе";"2269655";"—"
"789";"13";"—";"261";"251";"10";"Участвуете в конкурсе";"2116175";"—"
"790";"10";"—";"261";"251";"10";"Участвуете в конкурсе";"2251282";"—"
"791";"1";"—";"261";"251";"10";"Участвуете в конкурсе";"1784092";"—"
"792";"5";"Электронное";"261";"251";"10";"Участвуете в конкурсе";"2140142";"—"
"793";"8";"—";"261";"251";"10";"Участвуете в конкурсе";"1193851";"—"
"794";"11";"—";"261";"251";"10";"Участвуете в конкурсе";"2309849";"—"
"795";"8";"—";"261";"251";"10";"Участвуете в конкурсе";"1338807";"—"
"796";"9";"—";"261";"251";"10";"Участвуете в конкурсе";"1953240";"—"
"797";"15";"—";"261";"251";"10";"Участвуете в конкурсе";"1508309";"—"
"798";"8";"—";"261";"251";"10";"Участвуете в конкурсе";"1954598";"—"
"799";"3";"—";"261";"251";"10";"Участвуете в конкурсе";"1955853";"—"
"800";"12";"—";"261";"251";"10";"Участвуете в конкурсе";"1417969";"—"
"801";"13";"—";"261";"251";"10";"Участвуете в конкурсе";"2254089";"—"
"802";"6";"—";"260";"260";"0";"Участвуете в конкурсе";"2030296";"—"
"803";"7";"—";"260";"260";"0";"Участвуете в конкурсе";"1613527";"—"
"804";"1";"—";"260";"260";"0";"Участвуете в конкурсе";"2289575";"—"
"805";"14";"—";"260";"260";"0";"Участвуете в конкурсе";"2171667";"—"
"806";"8";"—";"260";"260";"0";"Участвуете в конкурсе";"2255009";"—"
"807";"11";"—";"260";"260";"0";"Участвуете в конкурсе";"1579904";"—"
"808";"16";"Электронное";"260";"260";"0";"Участвуете в конкурсе";"1629892";"—"
"809";"9";"—";"260";"260";"0";"Участвуете в конкурсе";"2343292";"—"
"810";"10";"—";"260";"258";"2";"Участвуете в конкурсе";"2229399";"—"
"811";"2";"—";"260";"258";"2";"Участвуете в конкурсе";"1442047";"—"
"812";"12";"—";"260";"258";"2";"Участвуете в конкурсе";"1968179";"—"
"813";"10";"—";"260";"257";"3";"Участвуете в конкурсе";"1273393";"—"
"814";"7";"—";"260";"255";"5";"Участвуете в конкурсе";"2345564";"—"
"815";"6";"—";"260";"255";"5";"Участвуете в конкурсе";"1522072";"—"
"816";"1";"—";"260";"255";"5";"Участвуете в конкурсе";"1439161";"—"
"817";"12";"—";"260";"255";"5";"Участвуете в конкурсе";"1436188";"—"
"818";"2";"—";"260";"253";"7";"Участвуете в конкурсе";"1215571";"—"
"819";"1";"—";"260";"250";"10";"Участвуете в конкурсе";"2173802";"—"
"820";"6";"—";"260";"250";"10";"Участвуете в конкурсе";"1390182";"—"
"821";"7";"—";"260";"250";"10";"Участвуете в конкурсе";"1071183";"—"
"822";"8";"—";"260";"250";"10";"Участвуете в конкурсе";"1320223";"—"
"823";"5";"—";"260";"250";"10";"Участвуете в конкурсе";"1915483";"—"
"824";"2";"—";"260";"250";"10";"Участвуете в конкурсе";"2015758";"—"
"825";"5";"—";"260";"250";"10";"Участвуете в конкурсе";"1435055";"—"
"6";"1";"Электронное";"260";"250";"10";"Участвуете в конкурсе";"1586276";"—"
"827";"10";"—";"260";"250";"10";"Участвуете в конкурсе";"2305087";"—"
"828";"6";"—";"260";"250";"10";"Участвуете в конкурсе";"1446000";"—"
"829";"4";"—";"260";"250";"10";"Участвуете в конкурсе";"1691559";"—"
"830";"10";"—";"260";"250";"10";"Участвуете в конкурсе";"1708692";"—"
"831";"14";"Электронное";"260";"250";"10";"Участвуете в конкурсе";"1826196";"—"
"832";"1";"—";"260";"250";"10";"Участвуете в конкурсе";"1854481";"—"
"833";"6";"—";"260";"250";"10";"Участвуете в конкурсе";"2392370";"—"
"834";"7";"—";"260";"250";"10";"Участвуете в конкурсе";"979634";"—"
"835";"6";"—";"260";"250";"10";"Участвуете в конкурсе";"1435287";"—"
"836";"3";"—";"260";"250";"10";"Участвуете в конкурсе";"1523288";"—"
"837";"3";"—";"260";"250";"10";"Участвуете в конкурсе";"2414506";"—"
"838";"14";"—";"260";"250";"10";"Участвуете в конкурсе";"2101840";"—"
"839";"8";"Электронное";"260";"250";"10";"Участвуете в конкурсе";"1908192";"—"
"840";"6";"—";"260";"250";"10";"Участвуете в конкурсе";"2189019";"—"
"841";"12";"Электронное";"260";"250";"10";"Участвуете в конкурсе";"1365866";"—"
"842";"10";"—";"260";"250";"10";"Участвуете в конкурсе";"1898408";"—"
"843";"3";"—";"260";"250";"10";"Участвуете в конкурсе";"1818108";"—"
"844";"2";"—";"260";"250";"10";"Участвуете в конкурсе";"2181546";"—"
"845";"1";"—";"259";"259";"0";"Участвуете в конкурсе";"1384544";"—"
"846";"9";"—";"259";"259";"0";"Участвуете в конкурсе";"1209801";"—"
"847";"3";"Электронное";"259";"259";"0";"Участвуете в конкурсе";"1938712";"—"
"848";"5";"Электронное";"259";"259";"0";"Участвуете в конкурсе";"2164760";"—"
"849";"11";"—";"259";"259";"0";"Участвуете в конкурсе";"1424003";"—"
"850";"7";"—";"259";"259";"0";"Участвуете в конкурсе";"1824102";"—"
"851";"4";"—";"259";"259";"0";"Участвуете в конкурсе";"1214873";"—"
"852";"14";"—";"259";"259";"0";"Участвуете в конкурсе";"1411767";"—"
"853";"7";"—";"259";"257";"2";"Участвуете в конкурсе";"1489539";"—"
"854";"6";"Электронное";"259";"257";"2";"Участвуете в конкурсе";"1367440";"—"
"855";"4";"—";"259";"257";"2";"Участвуете в конкурсе";"1569090";"—"
"856";"4";"—";"259";"254";"5";"Участвуете в конкурсе";"2249023";"—"
"857";"11";"—";"259";"252";"7";"Участвуете в конкурсе";"1285720";"—"
"858";"12";"—";"259";"251";"8";"Участвуете в конкурсе";"1104036";"—"
"859";"3";"—";"259";"249";"10";"Участвуете в конкурсе";"1824403";"—"
"860";"1";"—";"259";"249";"10";"Участвуете в конкурсе";"1563397";"—"
"861";"1";"—";"259";"249";"10";"Участвуете в конкурсе";"1283878";"—"
"862";"11";"—";"259";"249";"10";"Участвуете в конкурсе";"1385601";"—"
"863";"4";"—";"259";"249";"10";"Участвуете в конкурсе";"1937843";"—"
"864";"8";"—";"259";"249";"10";"Участвуете в конкурсе";"1514622";"—"
"865";"3";"—";"259";"249";"10";"Участвуете в конкурсе";"2134412";"—"
"866";"3";"—";"259";"249";"10";"Участвуете в конкурсе";"1818675";"—"
"867";"9";"—";"259";"249";"10";"Участвуете в конкурсе";"1387252";"—"
"868";"13";"—";"259";"249";"10";"Участвуете в конкурсе";"1115664";"—"
"869";"1";"—";"259";"249";"10";"Участвуете в конкурсе";"1956423";"—"
"870";"1";"—";"259";"249";"10";"Участвуете в конкурсе";"1226477";"—"
"871";"4";"—";"259";"249";"10";"Участвуете в конкурсе";"950928";"—"
"872";"8";"—";"259";"249";"10";"Участвуете в конкурсе";"1562414";"—"
"873";"4";"—";"259";"249";"10";"Участвуете в конкурсе";"1997138";"—"
"874";"3";"—";"259";"249";"10";"Участвуете в конкурсе";"1287712";"—"
"875";"12";"Электронное";"259";"249";"10";"Участвуете в конкурсе";"1039627";"—"
"876";"5";"—";"259";"249";"10";"Участвуете в конкурсе";"1444954";"—"
"877";"8";"—";"258";"258";"0";"Участвуете в конкурсе";"974962";"—"
"878";"5";"—";"258";"258";"0";"Участвуете в конкурсе";"2307357";"—"
"879";"7";"—";"258";"258";"0";"Участвуете в конкурсе";"1206861";"—"
"880";"10";"—";"258";"258";"0";"Участвуете в конкурсе";"1264189";"—"
"881";"5";"—";"258";"258";"0";"Участвуете в конкурсе";"1611819";"—"
"882";"14";"—";"258";"258";"0";"Участвуете в конкурсе";"2422769";"—"
"883";"1";"—";"258";"258";"0";"Участвуете в конкурсе";"1171806";"—"
"884";"6";"—";"258";"258";"0";"Участвуете в конкурсе";"1141239";"—"
"885";"9";"—";"258";"256";"2";"Участвуете в конкурсе";"2040575";"—"
"886";"1";"—";"258";"256";"2";"Участвуете в конкурсе";"1516082";"—"
"887";"4";"—";"258";"256";"2";"Участвуете в конкурсе";"1705674";"—"
"888";"7";"—";"258";"255";"3";"Участвуете в конкурсе";"1571980";"—"
"889";"13";"—";"258";"254";"4";"Участвуете в конкурсе";"2230881";"—"
"890";"1";"—";"258";"252";"6";"Участвуете в конкурсе";"1664877";"—"
"891";"7";"—";"258";"248";"10";"Участвуете в конкурсе";"2267800";"—"
"892";"9";"Электронное";"258";"248";"10";"Участвуете в конкурсе";"1289467";"—"
"893";"9";"—";"258";"248";"10";"Участвуете в конкурсе";"1155507";"—"
"894";"1";"—";"258";"248";"10";"Участвуете в конкурсе";"1244609";"—"
"895";"7";"—";"258";"248";"10";"Участвуете в конкурсе";"1799306";"—"
"896";"9";"—";"258";"248";"10";"Участвуете в конкурсе";"1854930";"—"
"897";"7";"Электронное";"258";"248";"10";"Участвуете в конкурсе";"1715288";"—"
"898";"11";"Электронное";"258";"248";"10";"Участвуете в конкурсе";"1727487";"—"
"899";"13";"—";"258";"248";"10";"Участвуете в конкурсе";"1439041";"—"
"900";"8";"—";"258";"248";"10";"Участвуете в конкурсе";"1979789";"—"
"901";"6";"Электронное";"258";"248";"10";"Участвуете в конкурсе";"1634407";"—"
"902";"10";"Электронное";"258";"248";"10";"Участвуете в конкурсе";"1654127";"—"
"903";"6";"—";"258";"248";"10";"Участвуете в конкурсе";"1992931";"—"
"904";"6";"—";"258";"248";"10";"Участвуете в конкурсе";"1577897";"—"
"905";"11";"—";"258";"248";"10";"Участвуете в конкурсе";"2272665";"—"
"906";"5";"—";"257";"257";"0";"Участвуете в конкурсе";"1629694";"—"
"907";"9";"—";"257";"257";"0";"Участвуете в конкурсе";"1733814";"—"
"908";"17";"—";"257";"257";"0";"Участвуете в конкурсе";"2054886";"—"
"909";"1";"—";"257";"257";"0";"Участвуете в конкурсе";"1889905";"—"
"910";"5";"—";"257";"257";"0";"Участвуете в конкурсе";"2394244";"—"
"911";"4";"—";"257";"257";"0";"Участвуете в конкурсе";"2195140";"—"
"912";"5";"Электронное";"257";"257";"0";"Участвуете в конкурсе";"1599030";"—"
"913";"9";"—";"257";"257";"0";"Участвуете в конкурсе";"1594692";"—"
"914";"5";"—";"257";"257";"0";"Участвуете в конкурсе";"1939545";"—"
"915";"14";"—";"257";"257";"0";"Участвуете в конкурсе";"1156369";"—"
"916";"5";"—";"257";"257";"0";"Участвуете в конкурсе";"2366621";"—"
"917";"6";"—";"257";"257";"0";"Участвуете в конкурсе";"2384173";"—"
"918";"3";"—";"257";"257";"0";"Участвуете в конкурсе";"2254426";"—"
"919";"4";"—";"257";"255";"2";"Участвуете в конкурсе";"1723874";"—"
"920";"7";"—";"257";"255";"2";"Участвуете в конкурсе";"1605199";"—"
"921";"7";"—";"257";"254";"3";"Участвуете в конкурсе";"2426015";"—"
"922";"12";"—";"257";"254";"3";"Участвуете в конкурсе";"1686335";"—"
"923";"6";"—";"257";"253";"4";"Участвуете в конкурсе";"1355838";"—"
"924";"14";"—";"257";"252";"5";"Участвуете в конкурсе";"2137842";"—"
"925";"5";"Электронное";"257";"252";"5";"Участвуете в конкурсе";"2003964";"—"
"926";"13";"Электронное";"257";"251";"6";"Участвуете в конкурсе";"1999486";"—"
"927";"10";"Электронное";"257";"249";"8";"Участвуете в конкурсе";"1786111";"—"
"928";"8";"—";"257";"247";"10";"Участвуете в конкурсе";"1367099";"—"
"929";"8";"—";"257";"247";"10";"Участвуете в конкурсе";"2342881";"—"
"930";"5";"—";"257";"247";"10";"Участвуете в конкурсе";"1076595";"—"
"931";"5";"—";"257";"247";"10";"Участвуете в конкурсе";"1190259";"—"
"932";"6";"—";"257";"247";"10";"Участвуете в конкурсе";"2375022";"—"
"7";"2";"Электронное";"257";"247";"10";"Участвуете в конкурсе";"1364323";"—"
"934";"4";"—";"257";"247";"10";"Участвуете в конкурсе";"1314562";"—"
"935";"11";"—";"257";"247";"10";"Участвуете в конкурсе";"1320729";"—"
"936";"2";"—";"257";"247";"10";"Участвуете в конкурсе";"1554882";"—"
"937";"11";"—";"257";"247";"10";"Участвуете в конкурсе";"1565044";"—"
"938";"1";"—";"257";"247";"10";"Участвуете в конкурсе";"1421808";"—"
"939";"1";"—";"257";"247";"10";"Участвуете в конкурсе";"1265653";"—"
"940";"4";"—";"257";"247";"10";"Участвуете в конкурсе";"1745855";"—"
"941";"13";"—";"257";"247";"10";"Участвуете в конкурсе";"1979410";"—"
"942";"7";"—";"257";"247";"10";"Участвуете в конкурсе";"1286077";"—"
"943";"6";"—";"257";"247";"10";"Участвуете в конкурсе";"1281257";"—"
"944";"9";"—";"257";"247";"10";"Участвуете в конкурсе";"1339449";"—"
"945";"10";"—";"257";"247";"10";"Участвуете в конкурсе";"1616484";"—"
"946";"1";"—";"257";"247";"10";"Участвуете в конкурсе";"1973616";"—"
"947";"14";"—";"257";"247";"10";"Участвуете в конкурсе";"2273286";"—"
"948";"5";"—";"257";"247";"10";"Участвуете в конкурсе";"2328406";"—"
"949";"6";"—";"256";"256";"0";"Участвуете в конкурсе";"1631313";"—"
"950";"10";"—";"256";"256";"0";"Участвуете в конкурсе";"1612686";"—"
"951";"2";"Электронное";"256";"256";"0";"Участвуете в конкурсе";"1758208";"—"
"952";"5";"—";"256";"256";"0";"Участвуете в конкурсе";"1859749";"—"
"953";"9";"—";"256";"256";"0";"Участвуете в конкурсе";"1568473";"—"
"954";"13";"Электронное";"256";"256";"0";"Участвуете в конкурсе";"2224114";"—"
"955";"8";"—";"256";"256";"0";"Участвуете в конкурсе";"1259490";"—"
"956";"5";"—";"256";"256";"0";"Участвуете в конкурсе";"1422078";"—"
"957";"1";"—";"256";"256";"0";"Участвуете в конкурсе";"1616976";"—"
"958";"10";"—";"256";"256";"0";"Участвуете в конкурсе";"1292291";"—"
"959";"5";"—";"256";"256";"0";"Участвуете в конкурсе";"1616721";"—"
"960";"5";"—";"256";"254";"2";"Участвуете в конкурсе";"1506713";"—"
"961";"11";"—";"256";"254";"2";"Участвуете в конкурсе";"831162";"—"
"962";"7";"—";"256";"252";"4";"Участвуете в конкурсе";"2288982";"—"
"963";"12";"—";"256";"251";"5";"Участвуете в конкурсе";"2218107";"—"
"964";"9";"—";"256";"251";"5";"Участвуете в конкурсе";"2267786";"—"
"965";"5";"—";"256";"249";"7";"Участвуете в конкурсе";"1857762";"—"
"966";"9";"—";"256";"246";"10";"Участвуете в конкурсе";"1798223";"—"
"967";"7";"Электронное";"256";"246";"10";"Участвуете в конкурсе";"2054046";"—"
"968";"13";"—";"256";"246";"10";"Участвуете в конкурсе";"1632313";"—"
"969";"9";"—";"256";"246";"10";"Участвуете в конкурсе";"1664488";"—"
"970";"5";"—";"256";"246";"10";"Участвуете в конкурсе";"1000428";"—"
"971";"2";"—";"256";"246";"10";"Участвуете в конкурсе";"1737670";"—"
"972";"4";"—";"256";"246";"10";"Участвуете в конкурсе";"1437363";"—"
"973";"7";"—";"256";"246";"10";"Участвуете в конкурсе";"1577589";"—"
"974";"14";"—";"256";"246";"10";"Участвуете в конкурсе";"1654824";"—"
"975";"10";"—";"256";"246";"10";"Участвуете в конкурсе";"2118200";"—"
"976";"14";"—";"256";"246";"10";"Участвуете в конкурсе";"1427845";"—"
"977";"2";"—";"256";"246";"10";"Участвуете в конкурсе";"1506860";"—"
"978";"4";"—";"256";"246";"10";"Участвуете в конкурсе";"2310986";"—"
"979";"6";"—";"256";"246";"10";"Участвуете в конкурсе";"1966152";"—"
"980";"4";"—";"256";"246";"10";"Участвуете в конкурсе";"2367875";"—"
"981";"3";"—";"256";"246";"10";"Участвуете в конкурсе";"2099138";"—"
"982";"3";"—";"256";"246";"10";"Участвуете в конкурсе";"1997041";"—"
"983";"5";"—";"256";"246";"10";"Участвуете в конкурсе";"1477395";"—"
"984";"12";"Электронное";"256";"246";"10";"Участвуете в конкурсе";"1519522";"—"
"985";"4";"—";"256";"246";"10";"Участвуете в конкурсе";"1939264";"—"
"986";"4";"—";"256";"246";"10";"Участвуете в конкурсе";"2315808";"—"
"987";"10";"—";"256";"246";"10";"Участвуете в конкурсе";"1488960";"—"
"988";"8";"—";"255";"255";"0";"Участвуете в конкурсе";"2193827";"—"
"989";"6";"—";"255";"255";"0";"Участвуете в конкурсе";"1548810";"—"
"990";"1";"—";"255";"255";"0";"Участвуете в конкурсе";"1319781";"—"
"991";"2";"—";"255";"255";"0";"Участвуете в конкурсе";"1780846";"—"
"992";"12";"—";"255";"255";"0";"Участвуете в конкурсе";"1719104";"—"
"993";"10";"—";"255";"255";"0";"Участвуете в конкурсе";"1644012";"—"
"994";"9";"—";"255";"255";"0";"Участвуете в конкурсе";"2217577";"—"
"995";"11";"—";"255";"255";"0";"Участвуете в конкурсе";"1991409";"—"
"996";"3";"Электронное";"255";"255";"0";"Участвуете в конкурсе";"1726742";"—"
"997";"1";"—";"255";"255";"0";"Участвуете в конкурсе";"1079805";"—"
"998";"9";"—";"255";"255";"0";"Участвуете в конкурсе";"1437646";"—"
"999";"4";"—";"255";"253";"2";"Участвуете в конкурсе";"2371449";"—"
"1000";"5";"—";"255";"253";"2";"Участвуете в конкурсе";"2234877";"—"
"1001";"10";"—";"255";"253";"2";"Участвуете в конкурсе";"1772438";"—"
"1002";"5";"—";"255";"253";"2";"Участвуете в конкурсе";"1341010";"—"
"1003";"5";"—";"255";"253";"2";"Участвуете в конкурсе";"1963061";"—"
"1004";"3";"—";"255";"253";"2";"Участвуете в конкурсе";"1856618";"—"
"1005";"1";"—";"255";"252";"3";"Участвуете в конкурсе";"1568248";"—"
"1006";"8";"—";"255";"251";"4";"Участвуете в конкурсе";"2308589";"—"
"1007";"11";"—";"255";"251";"4";"Участвуете в конкурсе";"1348035";"—"
"1008";"12";"—";"255";"245";"10";"Участвуете в конкурсе";"2239059";"—"
"1009";"2";"—";"255";"245";"10";"Участвуете в конкурсе";"1995078";"—"
"1010";"13";"—";"255";"245";"10";"Участвуете в конкурсе";"1344213";"—"
"1011";"5";"—";"255";"245";"10";"Участвуете в конкурсе";"1576575";"—"
"1012";"7";"—";"255";"245";"10";"Участвуете в конкурсе";"1789204";"—"
"1013";"14";"—";"255";"245";"10";"Участвуете в конкурсе";"1654207";"—"
"1014";"13";"—";"255";"245";"10";"Участвуете в конкурсе";"2169802";"—"
"1015";"9";"—";"255";"245";"10";"Участвуете в конкурсе";"2092507";"—"
"1016";"12";"—";"255";"245";"10";"Участвуете в конкурсе";"2067113";"—"
"1017";"4";"—";"255";"245";"10";"Участвуете в конкурсе";"1827574";"—"
"1018";"7";"—";"255";"245";"10";"Участвуете в конкурсе";"2141773";"—"
"1019";"7";"—";"255";"245";"10";"Участвуете в конкурсе";"1706706";"—"
"1020";"5";"—";"255";"245";"10";"Участвуете в конкурсе";"1821386";"—"
"1021";"1";"—";"255";"245";"10";"Участвуете в конкурсе";"2038679";"—"
"1022";"5";"—";"255";"245";"10";"Участвуете в конкурсе";"1955068";"—"
"1023";"6";"—";"255";"245";"10";"Участвуете в конкурсе";"2296289";"—"
"1024";"3";"—";"255";"245";"10";"Участвуете в конкурсе";"1776410";"—"
"1025";"10";"—";"255";"245";"10";"Участвуете в конкурсе";"1559964";"—"
"1026";"11";"—";"255";"245";"10";"Участвуете в конкурсе";"2197752";"—"
"1027";"5";"Электронное";"255";"245";"10";"Участвуете в конкурсе";"1559333";"—"
"1028";"1";"—";"255";"245";"10";"Участвуете в конкурсе";"1513242";"—"
"1029";"2";"—";"254";"254";"0";"Участвуете в конкурсе";"2211996";"—"
"1030";"12";"—";"254";"254";"0";"Участвуете в конкурсе";"2262819";"—"
"1031";"11";"—";"254";"254";"0";"Участвуете в конкурсе";"1826211";"—"
"1032";"17";"—";"254";"254";"0";"Участвуете в конкурсе";"1251558";"—"
"1033";"1";"—";"254";"254";"0";"Участвуете в конкурсе";"1530608";"—"
"1034";"7";"—";"254";"254";"0";"Участвуете в конкурсе";"1245503";"—"
"1035";"7";"—";"254";"254";"0";"Участвуете в конкурсе";"1443236";"—"
"1036";"1";"—";"254";"254";"0";"Участвуете в конкурсе";"1039604";"—"
"1037";"5";"—";"254";"254";"0";"Участвуете в конкурсе";"1855547";"—"
"1038";"11";"—";"254";"254";"0";"Участвуете в конкурсе";"2417056";"—"
"1039";"10";"—";"254";"254";"0";"Участвуете в конкурсе";"1219322";"—"
"1040";"1";"—";"254";"254";"0";"Участвуете в конкурсе";"1362645";"—"
"8";"1";"Электронное";"254";"254";"0";"Участвуете в конкурсе";"1039845";"—"
"1042";"13";"—";"254";"252";"2";"Участвуете в конкурсе";"2221548";"—"
"1043";"10";"—";"254";"252";"2";"Участвуете в конкурсе";"1992916";"—"
"1044";"2";"—";"254";"252";"2";"Участвуете в конкурсе";"2127077";"—"
"1045";"9";"—";"254";"252";"2";"Участвуете в конкурсе";"1360803";"—"
"1046";"6";"—";"254";"252";"2";"Участвуете в конкурсе";"1175088";"—"
"1047";"4";"—";"254";"252";"2";"Участвуете в конкурсе";"1421563";"—"
"1048";"5";"—";"254";"252";"2";"Участвуете в конкурсе";"2392070";"—"
"1049";"4";"—";"254";"250";"4";"Участвуете в конкурсе";"984031";"—"
"1050";"12";"—";"254";"249";"5";"Участвуете в конкурсе";"1989157";"—"
"1051";"3";"—";"254";"249";"5";"Участвуете в конкурсе";"1513761";"—"
"1052";"5";"Электронное";"254";"248";"6";"Участвуете в конкурсе";"1977795";"—"
"1053";"3";"—";"254";"247";"7";"Участвуете в конкурсе";"1640820";"—"
"1054";"3";"—";"254";"245";"9";"Участвуете в конкурсе";"2002310";"—"
"1055";"8";"—";"254";"244";"10";"Участвуете в конкурсе";"2004014";"—"
"1056";"11";"—";"254";"244";"10";"Участвуете в конкурсе";"1247967";"—"
"1057";"13";"—";"254";"244";"10";"Участвуете в конкурсе";"1401711";"—"
"1058";"2";"—";"254";"244";"10";"Участвуете в конкурсе";"1716134";"—"
"1059";"5";"—";"254";"244";"10";"Участвуете в конкурсе";"1255601";"—"
"1060";"10";"—";"254";"244";"10";"Участвуете в конкурсе";"2220150";"—"
"1061";"2";"—";"254";"244";"10";"Участвуете в конкурсе";"1521209";"—"
"1062";"4";"—";"254";"244";"10";"Участвуете в конкурсе";"1733526";"—"
"1063";"8";"—";"254";"244";"10";"Участвуете в конкурсе";"1557768";"—"
"1064";"10";"Электронное";"254";"244";"10";"Участвуете в конкурсе";"966066";"—"
"1065";"10";"—";"253";"253";"0";"Участвуете в конкурсе";"1612858";"—"
"1066";"13";"—";"253";"253";"0";"Участвуете в конкурсе";"1991357";"—"
"1067";"8";"—";"253";"253";"0";"Участвуете в конкурсе";"1493829";"—"
"1068";"5";"—";"253";"253";"0";"Участвуете в конкурсе";"1622159";"—"
"1069";"12";"—";"253";"253";"0";"Участвуете в конкурсе";"1174995";"—"
"1070";"11";"—";"253";"253";"0";"Участвуете в конкурсе";"1499163";"—"
"1071";"13";"—";"253";"253";"0";"Участвуете в конкурсе";"1765456";"—"
"1072";"2";"—";"253";"253";"0";"Участвуете в конкурсе";"2270724";"—"
"1073";"1";"—";"253";"253";"0";"Участвуете в конкурсе";"1119243";"—"
"1074";"11";"—";"253";"253";"0";"Участвуете в конкурсе";"1722308";"—"
"1075";"5";"—";"253";"253";"0";"Участвуете в конкурсе";"1656204";"—"
"1076";"14";"—";"253";"251";"2";"Участвуете в конкурсе";"1653683";"—"
"1077";"5";"—";"253";"251";"2";"Участвуете в конкурсе";"1331479";"—"
"1078";"2";"—";"253";"251";"2";"Участвуете в конкурсе";"2088250";"—"
"1079";"7";"—";"253";"251";"2";"Участвуете в конкурсе";"2362879";"—"
"1080";"2";"—";"253";"250";"3";"Участвуете в конкурсе";"2246367";"—"
"1081";"13";"—";"253";"250";"3";"Участвуете в конкурсе";"1882807";"—"
"1082";"1";"—";"253";"248";"5";"Участвуете в конкурсе";"2339565";"—"
"1083";"7";"Электронное";"253";"248";"5";"Участвуете в конкурсе";"2249419";"—"
"1084";"8";"—";"253";"246";"7";"Участвуете в конкурсе";"1367432";"—"
"1085";"8";"Электронное";"253";"243";"10";"Участвуете в конкурсе";"1650577";"—"
"1086";"2";"—";"253";"243";"10";"Участвуете в конкурсе";"2220140";"—"
"1087";"8";"—";"253";"243";"10";"Участвуете в конкурсе";"1769485";"—"
"1088";"14";"—";"253";"243";"10";"Участвуете в конкурсе";"2244359";"—"
"1089";"11";"Электронное";"253";"243";"10";"Участвуете в конкурсе";"1655472";"—"
"1090";"6";"—";"253";"243";"10";"Участвуете в конкурсе";"1483805";"—"
"1091";"4";"—";"253";"243";"10";"Участвуете в конкурсе";"1712967";"—"
"1092";"5";"—";"253";"243";"10";"Участвуете в конкурсе";"1731251";"—"
"1093";"11";"—";"253";"243";"10";"Участвуете в конкурсе";"1560624";"—"
"1094";"3";"—";"253";"243";"10";"Участвуете в конкурсе";"1692514";"—"
"1095";"6";"—";"253";"243";"10";"Участвуете в конкурсе";"1855398";"—"
"1096";"1";"—";"253";"243";"10";"Участвуете в конкурсе";"1725446";"—"
"1097";"6";"—";"253";"243";"10";"Участвуете в конкурсе";"1496024";"—"
"1098";"6";"—";"253";"243";"10";"Участвуете в конкурсе";"1555280";"—"
"1099";"6";"—";"253";"243";"10";"Участвуете в конкурсе";"1854282";"—"
"1100";"1";"—";"253";"243";"10";"Участвуете в конкурсе";"2371064";"—"
"1101";"1";"—";"253";"243";"10";"Участвуете в конкурсе";"1641274";"—"
"1102";"7";"—";"253";"243";"10";"Участвуете в конкурсе";"1361561";"—"
"1103";"5";"—";"253";"243";"10";"Участвуете в конкурсе";"1999701";"—"
"1104";"17";"—";"253";"243";"10";"Участвуете в конкурсе";"950232";"—"
"1105";"7";"—";"253";"243";"10";"Участвуете в конкурсе";"1778585";"—"
"1106";"11";"—";"252";"252";"0";"Участвуете в конкурсе";"1517252";"—"
"1107";"4";"—";"252";"252";"0";"Участвуете в конкурсе";"1523394";"—"
"1108";"5";"—";"252";"252";"0";"Участвуете в конкурсе";"2149345";"—"
"1109";"7";"Электронное";"252";"252";"0";"Участвуете в конкурсе";"1857118";"—"
"1110";"7";"—";"252";"252";"0";"Участвуете в конкурсе";"2274181";"—"
"1111";"6";"Электронное";"252";"252";"0";"Участвуете в конкурсе";"1653751";"—"
"1112";"9";"Электронное";"252";"250";"2";"Участвуете в конкурсе";"1324239";"—"
"9";"2";"Электронное";"252";"250";"2";"Участвуете в конкурсе";"2252388";"—"
"1114";"8";"—";"252";"250";"2";"Участвуете в конкурсе";"1685404";"—"
"1115";"1";"—";"252";"250";"2";"Участвуете в конкурсе";"2255849";"—"
"1116";"8";"—";"252";"250";"2";"Участвуете в конкурсе";"2170692";"—"
"1117";"8";"—";"252";"250";"2";"Участвуете в конкурсе";"1547618";"—"
"1118";"14";"—";"252";"250";"2";"Участвуете в конкурсе";"1790760";"—"
"1119";"12";"—";"252";"250";"2";"Участвуете в конкурсе";"1999973";"—"
"1120";"3";"—";"252";"250";"2";"Участвуете в конкурсе";"1242223";"—"
"1121";"8";"—";"252";"250";"2";"Участвуете в конкурсе";"2262746";"—"
"1122";"2";"—";"252";"249";"3";"Участвуете в конкурсе";"1203306";"—"
"1123";"5";"—";"252";"248";"4";"Участвуете в конкурсе";"1985535";"—"
"1124";"4";"—";"252";"243";"9";"Участвуете в конкурсе";"1432784";"—"
"1125";"1";"—";"252";"242";"10";"Участвуете в конкурсе";"2047783";"—"
"1126";"7";"—";"252";"242";"10";"Участвуете в конкурсе";"2334692";"—"
"1127";"5";"—";"252";"242";"10";"Участвуете в конкурсе";"2236256";"—"
"1128";"5";"—";"252";"242";"10";"Участвуете в конкурсе";"1654447";"—"
"1129";"4";"—";"252";"242";"10";"Участвуете в конкурсе";"1624706";"—"
"1130";"12";"—";"252";"242";"10";"Участвуете в конкурсе";"2266962";"—"
"1131";"12";"Электронное";"252";"242";"10";"Участвуете в конкурсе";"1769039";"—"
"1132";"10";"—";"252";"242";"10";"Участвуете в конкурсе";"2264840";"—"
"1133";"1";"—";"252";"242";"10";"Участвуете в конкурсе";"1788807";"—"
"1134";"5";"—";"252";"242";"10";"Участвуете в конкурсе";"2139455";"—"
"1135";"9";"—";"251";"251";"0";"Участвуете в конкурсе";"2334410";"—"
"1136";"4";"—";"251";"251";"0";"Участвуете в конкурсе";"1132610";"—"
"1137";"1";"—";"251";"251";"0";"Участвуете в конкурсе";"1998476";"—"
"1138";"7";"—";"251";"251";"0";"Участвуете в конкурсе";"1508989";"—"
"1139";"10";"Электронное";"251";"251";"0";"Участвуете в конкурсе";"1339503";"—"
"1140";"12";"Электронное";"251";"251";"0";"Участвуете в конкурсе";"1570582";"—"
"1141";"2";"Электронное";"251";"251";"0";"Участвуете в конкурсе";"1200571";"—"
"1142";"3";"—";"251";"251";"0";"Участвуете в конкурсе";"2100408";"—"
"1143";"1";"—";"251";"251";"0";"Участвуете в конкурсе";"2304746";"—"
"1144";"6";"—";"251";"251";"0";"Участвуете в конкурсе";"1514442";"—"
"1145";"5";"Электронное";"251";"251";"0";"Участвуете в конкурсе";"1602715";"—"
"1146";"11";"—";"251";"251";"0";"Участвуете в конкурсе";"2258030";"—"
"1147";"6";"—";"251";"251";"0";"Участвуете в конкурсе";"2041052";"—"
"1148";"4";"—";"251";"251";"0";"Участвуете в конкурсе";"2252895";"—"
"1149";"5";"—";"251";"251";"0";"Участвуете в конкурсе";"2252390";"—"
"1150";"3";"—";"251";"249";"2";"Участвуете в конкурсе";"2098509";"—"
"1151";"8";"—";"251";"249";"2";"Участвуете в конкурсе";"2168415";"—"
"1152";"10";"Электронное";"251";"249";"2";"Участвуете в конкурсе";"1286783";"—"
"1153";"1";"—";"251";"249";"2";"Участвуете в конкурсе";"1775222";"—"
"1154";"8";"—";"251";"249";"2";"Участвуете в конкурсе";"2005245";"—"
"1155";"3";"—";"251";"249";"2";"Участвуете в конкурсе";"1606659";"—"
"1156";"3";"Электронное";"251";"249";"2";"Участвуете в конкурсе";"2251244";"—"
"1157";"12";"—";"251";"248";"3";"Участвуете в конкурсе";"1847634";"—"
"1158";"8";"Электронное";"251";"248";"3";"Участвуете в конкурсе";"1426534";"—"
"1159";"6";"—";"251";"248";"3";"Участвуете в конкурсе";"2238893";"—"
"1160";"9";"—";"251";"246";"5";"Участвуете в конкурсе";"1266040";"—"
"1161";"7";"—";"251";"246";"5";"Участвуете в конкурсе";"1347092";"—"
"10";"1";"Электронное";"251";"245";"6";"Участвуете в конкурсе";"944463";"—"
"1163";"6";"—";"251";"245";"6";"Участвуете в конкурсе";"1483056";"—"
"1164";"5";"—";"251";"244";"7";"Участвуете в конкурсе";"2179554";"—"
"1165";"6";"—";"251";"241";"10";"Участвуете в конкурсе";"1266114";"—"
"1166";"11";"—";"251";"241";"10";"Участвуете в конкурсе";"1365218";"—"
"1167";"12";"—";"251";"241";"10";"Участвуете в конкурсе";"1204752";"—"
"1168";"5";"—";"251";"241";"10";"Участвуете в конкурсе";"1438638";"—"
"1169";"1";"—";"251";"241";"10";"Участвуете в конкурсе";"2212273";"—"
"1170";"6";"—";"251";"241";"10";"Участвуете в конкурсе";"1375663";"—"
"1171";"5";"—";"251";"241";"10";"Участвуете в конкурсе";"1825068";"—"
"1172";"14";"Электронное";"251";"241";"10";"Участвуете в конкурсе";"2141152";"—"
"1173";"8";"—";"251";"241";"10";"Участвуете в конкурсе";"2352743";"—"
"1174";"3";"—";"251";"241";"10";"Участвуете в конкурсе";"1853517";"—"
"1175";"11";"Электронное";"251";"241";"10";"Участвуете в конкурсе";"1133771";"—"
"1176";"12";"—";"251";"241";"10";"Участвуете в конкурсе";"1642057";"—"
"1177";"9";"—";"251";"241";"10";"Участвуете в конкурсе";"1556543";"—"
"1178";"1";"—";"251";"241";"10";"Участвуете в конкурсе";"2422755";"—"
"1179";"8";"—";"251";"241";"10";"Участвуете в конкурсе";"1175879";"—"
"1180";"11";"—";"250";"250";"0";"Участвуете в конкурсе";"1206048";"—"
"1181";"7";"—";"250";"250";"0";"Участвуете в конкурсе";"1728941";"—"
"1182";"7";"—";"250";"250";"0";"Участвуете в конкурсе";"1473109";"—"
"1183";"2";"—";"250";"250";"0";"Участвуете в конкурсе";"2274258";"—"
"1184";"14";"—";"250";"250";"0";"Участвуете в конкурсе";"1061711";"—"
"1185";"5";"—";"250";"250";"0";"Участвуете в конкурсе";"1488027";"—"
"1186";"18";"—";"250";"250";"0";"Участвуете в конкурсе";"1240182";"—"
"1187";"6";"—";"250";"250";"0";"Участвуете в конкурсе";"2084235";"—"
"1188";"11";"—";"250";"250";"0";"Участвуете в конкурсе";"1977586";"—"
"1189";"6";"—";"250";"250";"0";"Участвуете в конкурсе";"1708005";"—"
"1190";"6";"—";"250";"250";"0";"Участвуете в конкурсе";"1236376";"—"
"1191";"5";"—";"250";"250";"0";"Участвуете в конкурсе";"2304871";"—"
"1192";"10";"—";"250";"248";"2";"Участвуете в конкурсе";"1725009";"—"
"1193";"1";"—";"250";"248";"2";"Участвуете в конкурсе";"1349231";"—"
"1194";"4";"Электронное";"250";"248";"2";"Участвуете в конкурсе";"1559639";"—"
"1195";"12";"—";"250";"248";"2";"Участвуете в конкурсе";"2213290";"—"
"1196";"3";"—";"250";"248";"2";"Участвуете в конкурсе";"2413009";"—"
"1197";"1";"—";"250";"248";"2";"Участвуете в конкурсе";"1528918";"—"
"1198";"4";"—";"250";"247";"3";"Участвуете в конкурсе";"1207386";"—"
"1199";"13";"Электронное";"250";"247";"3";"Участвуете в конкурсе";"1606139";"—"
"1200";"8";"—";"250";"246";"4";"Участвуете в конкурсе";"1208870";"—"
"1201";"3";"—";"250";"246";"4";"Участвуете в конкурсе";"2260405";"—"
"1202";"1";"—";"250";"245";"5";"Участвуете в конкурсе";"2315919";"—"
"1203";"10";"—";"250";"243";"7";"Участвуете в конкурсе";"959533";"—"
"1204";"10";"—";"250";"240";"10";"Участвуете в конкурсе";"2342982";"—"
"1205";"8";"—";"250";"240";"10";"Участвуете в конкурсе";"2248399";"—"
"1206";"5";"—";"250";"240";"10";"Участвуете в конкурсе";"2228240";"—"
"1207";"16";"—";"250";"240";"10";"Участвуете в конкурсе";"2236075";"—"
"1208";"2";"—";"250";"240";"10";"Участвуете в конкурсе";"1423613";"—"
"1209";"7";"—";"250";"240";"10";"Участвуете в конкурсе";"1703088";"—"
"1210";"12";"—";"250";"240";"10";"Участвуете в конкурсе";"1792239";"—"
"1211";"1";"—";"250";"240";"10";"Участвуете в конкурсе";"1774227";"—"
"1212";"13";"—";"250";"240";"10";"Участвуете в конкурсе";"1182645";"—"
"1213";"11";"—";"250";"240";"10";"Участвуете в конкурсе";"1995361";"—"
"1214";"3";"—";"250";"240";"10";"Участвуете в конкурсе";"2341315";"—"
"1215";"8";"—";"250";"240";"10";"Участвуете в конкурсе";"1435514";"—"
"1216";"8";"Электронное";"250";"240";"10";"Участвуете в конкурсе";"1692034";"—"
"1217";"7";"—";"250";"240";"10";"Участвуете в конкурсе";"2327213";"—"
"1218";"7";"—";"250";"240";"10";"Участвуете в конкурсе";"2311155";"—"
"1219";"1";"—";"250";"240";"10";"Участвуете в конкурсе";"1749742";"—"
"1220";"12";"Электронное";"250";"240";"10";"Участвуете в конкурсе";"2266847";"—"
"1221";"3";"—";"250";"240";"10";"Участвуете в конкурсе";"1677409";"—"
"1222";"7";"—";"250";"240";"10";"Участвуете в конкурсе";"2272994";"—"
"1223";"9";"—";"250";"240";"10";"Участвуете в конкурсе";"1561341";"—"
"1224";"4";"—";"250";"240";"10";"Участвуете в конкурсе";"2240721";"—"
"1225";"10";"—";"250";"240";"10";"Участвуете в конкурсе";"2226168";"—"
"1226";"11";"—";"250";"240";"10";"Участвуете в конкурсе";"2274228";"—"
"1227";"6";"—";"250";"240";"10";"Участвуете в конкурсе";"2214640";"—"
"1228";"7";"—";"250";"240";"10";"Участвуете в конкурсе";"1480880";"—"
"1229";"2";"—";"250";"240";"10";"Участвуете в конкурсе";"1644756";"—"
"1230";"9";"Электронное";"250";"240";"10";"Участвуете в конкурсе";"1678456";"—"
"1231";"9";"Электронное";"249";"249";"0";"Участвуете в конкурсе";"1976727";"—"
"1232";"13";"—";"249";"249";"0";"Участвуете в конкурсе";"2142489";"—"
"1233";"5";"—";"249";"249";"0";"Участвуете в конкурсе";"1717881";"—"
"1234";"7";"Электронное";"249";"249";"0";"Участвуете в конкурсе";"1264603";"—"
"1235";"12";"—";"249";"249";"0";"Участвуете в конкурсе";"1429720";"—"
"1236";"7";"—";"249";"249";"0";"Участвуете в конкурсе";"1556394";"—"
"1237";"10";"—";"249";"249";"0";"Участвуете в конкурсе";"1399114";"—"
"1238";"6";"—";"249";"249";"0";"Участвуете в конкурсе";"1522326";"—"
"1239";"8";"Электронное";"249";"249";"0";"Участвуете в конкурсе";"1982816";"—"
"1240";"1";"—";"249";"249";"0";"Участвуете в конкурсе";"1596709";"—"
"1241";"4";"—";"249";"249";"0";"Участвуете в конкурсе";"1197053";"—"
"1242";"6";"Электронное";"249";"249";"0";"Участвуете в конкурсе";"2048100";"—"
"1243";"7";"—";"249";"247";"2";"Участвуете в конкурсе";"1208645";"—"
"1244";"6";"—";"249";"247";"2";"Участвуете в конкурсе";"1516722";"—"
"1245";"1";"—";"249";"247";"2";"Участвуете в конкурсе";"1559210";"—"
"1246";"14";"—";"249";"247";"2";"Участвуете в конкурсе";"1996599";"—"
"1247";"3";"—";"249";"247";"2";"Участвуете в конкурсе";"2230476";"—"
"1248";"3";"—";"249";"247";"2";"Участвуете в конкурсе";"1982096";"—"
"1249";"4";"—";"249";"246";"3";"Участвуете в конкурсе";"2269671";"—"
"1250";"11";"—";"249";"245";"4";"Участвуете в конкурсе";"1796575";"—"
"1251";"9";"—";"249";"244";"5";"Участвуете в конкурсе";"2172455";"—"
"1252";"6";"—";"249";"244";"5";"Участвуете в конкурсе";"1608866";"—"
"1253";"15";"—";"249";"243";"6";"Участвуете в конкурсе";"1334536";"—"
"1254";"9";"—";"249";"243";"6";"Участвуете в конкурсе";"1702168";"—"
"1255";"7";"Электронное";"249";"243";"6";"Участвуете в конкурсе";"2273956";"—"
"1256";"4";"—";"249";"239";"10";"Участвуете в конкурсе";"2240540";"—"
"1257";"9";"Электронное";"249";"239";"10";"Участвуете в конкурсе";"1444563";"—"
"1258";"7";"—";"249";"239";"10";"Участвуете в конкурсе";"1246636";"—"
"1259";"1";"—";"249";"239";"10";"Участвуете в конкурсе";"1518960";"—"
"1260";"13";"—";"249";"239";"10";"Участвуете в конкурсе";"1607972";"—"
"1261";"11";"—";"249";"239";"10";"Участвуете в конкурсе";"2311262";"—"
"1262";"4";"Электронное";"249";"239";"10";"Участвуете в конкурсе";"1268221";"—"
"1263";"6";"—";"249";"239";"10";"Участвуете в конкурсе";"1826410";"—"
"1264";"1";"—";"249";"239";"10";"Участвуете в конкурсе";"2263218";"—"
"1265";"13";"—";"249";"239";"10";"Участвуете в конкурсе";"2284728";"—"
"1266";"6";"—";"249";"239";"10";"Участвуете в конкурсе";"1364661";"—"
"1267";"13";"—";"249";"239";"10";"Участвуете в конкурсе";"1650371";"—"
"1268";"6";"—";"249";"239";"10";"Участвуете в конкурсе";"1692620";"—"
"1269";"8";"—";"249";"239";"10";"Участвуете в конкурсе";"2366547";"—"
"1270";"2";"—";"249";"239";"10";"Участвуете в конкурсе";"1651073";"—"
"1271";"2";"—";"248";"248";"0";"Участвуете в конкурсе";"1281387";"—"
"1272";"2";"—";"248";"248";"0";"Участвуете в конкурсе";"1264710";"—"
"1273";"1";"—";"248";"248";"0";"Участвуете в конкурсе";"2303049";"—"
"11";"1";"Электронное";"248";"248";"0";"Участвуете в конкурсе";"1749356";"—"
"1275";"1";"—";"248";"248";"0";"Участвуете в конкурсе";"2090320";"—"
"1276";"5";"—";"248";"248";"0";"Участвуете в конкурсе";"1845147";"—"
"1277";"1";"—";"248";"248";"0";"Участвуете в конкурсе";"1460327";"—"
"1278";"14";"Электронное";"248";"248";"0";"Участвуете в конкурсе";"1176423";"—"
"1279";"11";"—";"248";"248";"0";"Участвуете в конкурсе";"2206407";"—"
"1280";"12";"Электронное";"248";"248";"0";"Участвуете в конкурсе";"2089321";"—"
"1281";"9";"Электронное";"248";"248";"0";"Участвуете в конкурсе";"2380069";"—"
"1282";"7";"—";"248";"248";"0";"Участвуете в конкурсе";"1149491";"—"
"1283";"6";"—";"248";"246";"2";"Участвуете в конкурсе";"1457715";"—"
"1284";"11";"—";"248";"246";"2";"Участвуете в конкурсе";"1408401";"—"
"1285";"3";"—";"248";"246";"2";"Участвуете в конкурсе";"1439622";"—"
"1286";"5";"Электронное";"248";"245";"3";"Участвуете в конкурсе";"1853826";"—"
"1287";"5";"—";"248";"244";"4";"Участвуете в конкурсе";"1748187";"—"
"1288";"11";"—";"248";"243";"5";"Участвуете в конкурсе";"1366563";"—"
"1289";"3";"—";"248";"243";"5";"Участвуете в конкурсе";"1551052";"—"
"1290";"6";"—";"248";"243";"5";"Участвуете в конкурсе";"1211766";"—"
"1291";"6";"—";"248";"243";"5";"Участвуете в конкурсе";"1567573";"—"
"1292";"9";"Электронное";"248";"242";"6";"Участвуете в конкурсе";"1799058";"—"
"1293";"6";"Электронное";"248";"241";"7";"Участвуете в конкурсе";"2336698";"—"
"1294";"2";"—";"248";"240";"8";"Участвуете в конкурсе";"1646351";"—"
"1295";"3";"—";"248";"239";"9";"Участвуете в конкурсе";"2248944";"—"
"1296";"6";"—";"248";"238";"10";"Участвуете в конкурсе";"2296260";"—"
"1297";"5";"—";"248";"238";"10";"Участвуете в конкурсе";"2090829";"—"
"1298";"2";"—";"248";"238";"10";"Участвуете в конкурсе";"1911704";"—"
"1299";"1";"—";"248";"238";"10";"Участвуете в конкурсе";"2255200";"—"
"1300";"3";"—";"248";"238";"10";"Участвуете в конкурсе";"2388811";"—"
"1301";"3";"Электронное";"248";"238";"10";"Участвуете в конкурсе";"2223760";"—"
"1302";"3";"—";"248";"238";"10";"Участвуете в конкурсе";"1681069";"—"
"1303";"16";"—";"248";"238";"10";"Участвуете в конкурсе";"2126185";"—"
"1304";"10";"—";"248";"238";"10";"Участвуете в конкурсе";"2311688";"—"
"1305";"6";"—";"248";"238";"10";"Участвуете в конкурсе";"2255057";"—"
"1306";"8";"—";"248";"238";"10";"Участвуете в конкурсе";"1556116";"—"
"1307";"8";"Электронное";"248";"238";"10";"Участвуете в конкурсе";"1203334";"—"
"1308";"8";"—";"248";"238";"10";"Участвуете в конкурсе";"1351410";"—"
"1309";"4";"—";"248";"238";"10";"Участвуете в конкурсе";"1580676";"—"
"1310";"4";"—";"248";"238";"10";"Участвуете в конкурсе";"1674158";"—"
"1311";"6";"—";"248";"238";"10";"Участвуете в конкурсе";"2165564";"—"
"1312";"1";"—";"248";"238";"10";"Участвуете в конкурсе";"1608265";"—"
"1313";"12";"—";"248";"238";"10";"Участвуете в конкурсе";"1987042";"—"
"1314";"10";"—";"248";"238";"10";"Участвуете в конкурсе";"1997690";"—"
"1315";"11";"—";"248";"238";"10";"Участвуете в конкурсе";"2249753";"—"
"1316";"13";"—";"248";"238";"10";"Участвуете в конкурсе";"1306125";"—"
"1317";"3";"—";"248";"238";"10";"Участвуете в конкурсе";"1642643";"—"
"1318";"9";"—";"248";"238";"10";"Участвуете в конкурсе";"1260821";"—"
"1319";"3";"—";"248";"238";"10";"Участвуете в конкурсе";"2164367";"—"
"1320";"11";"—";"248";"238";"10";"Участвуете в конкурсе";"1544166";"—"
"1321";"8";"—";"248";"238";"10";"Участвуете в конкурсе";"1214019";"—"
"1322";"7";"—";"247";"247";"0";"Участвуете в конкурсе";"1875983";"—"
"1323";"1";"—";"247";"247";"0";"Участвуете в конкурсе";"2120716";"—"
"1324";"8";"—";"247";"247";"0";"Участвуете в конкурсе";"1561554";"—"
"1325";"6";"—";"247";"247";"0";"Участвуете в конкурсе";"1199206";"—"
"1326";"2";"Электронное";"247";"247";"0";"Участвуете в конкурсе";"2402619";"—"
"1327";"1";"—";"247";"247";"0";"Участвуете в конкурсе";"1581082";"—"
"1328";"13";"—";"247";"247";"0";"Участвуете в конкурсе";"1904053";"—"
"1329";"13";"—";"247";"247";"0";"Участвуете в конкурсе";"2089313";"—"
"1330";"6";"—";"247";"247";"0";"Участвуете в конкурсе";"1960956";"—"
"1331";"13";"Электронное";"247";"247";"0";"Участвуете в конкурсе";"1354230";"—"
"1332";"2";"—";"247";"247";"0";"Участвуете в конкурсе";"2333506";"—"
"1333";"11";"—";"247";"247";"0";"Участвуете в конкурсе";"1581187";"—"
"1334";"10";"—";"247";"247";"0";"Участвуете в конкурсе";"1356672";"—"
"1335";"6";"Электронное";"247";"247";"0";"Участвуете в конкурсе";"1687147";"—"
"1336";"7";"—";"247";"247";"0";"Участвуете в конкурсе";"1473457";"—"
"1337";"14";"Электронное";"247";"247";"0";"Участвуете в конкурсе";"1775547";"—"
"1338";"9";"—";"247";"245";"2";"Участвуете в конкурсе";"1626748";"—"
"1339";"11";"—";"247";"245";"2";"Участвуете в конкурсе";"2248426";"—"
"1340";"11";"—";"247";"245";"2";"Участвуете в конкурсе";"2253714";"—"
"1341";"5";"Электронное";"247";"245";"2";"Участвуете в конкурсе";"1613503";"—"
"1342";"12";"—";"247";"245";"2";"Участвуете в конкурсе";"1998721";"—"
"1343";"6";"—";"247";"245";"2";"Участвуете в конкурсе";"2312873";"—"
"1344";"3";"—";"247";"243";"4";"Участвуете в конкурсе";"2315630";"—"
"1345";"2";"Электронное";"247";"243";"4";"Участвуете в конкурсе";"1462093";"—"
"1346";"4";"—";"247";"242";"5";"Участвуете в конкурсе";"2086742";"—"
"1347";"5";"—";"247";"242";"5";"Участвуете в конкурсе";"1509282";"—"
"1348";"1";"—";"247";"242";"5";"Участвуете в конкурсе";"1723615";"—"
"1349";"8";"Электронное";"247";"242";"5";"Участвуете в конкурсе";"2005631";"—"
"1350";"5";"—";"247";"239";"8";"Участвуете в конкурсе";"1445196";"—"
"1351";"3";"—";"247";"239";"8";"Участвуете в конкурсе";"1175558";"—"
"1352";"5";"—";"247";"237";"10";"Участвуете в конкурсе";"2176362";"—"
"1353";"9";"—";"247";"237";"10";"Участвуете в конкурсе";"1367331";"—"
"1354";"9";"Электронное";"247";"237";"10";"Участвуете в конкурсе";"2412999";"—"
"1355";"4";"—";"247";"237";"10";"Участвуете в конкурсе";"1289461";"—"
"1356";"2";"—";"247";"237";"10";"Участвуете в конкурсе";"1474898";"—"
"1357";"6";"—";"247";"237";"10";"Участвуете в конкурсе";"1502040";"—"
"1358";"5";"—";"247";"237";"10";"Участвуете в конкурсе";"2173610";"—"
"1359";"7";"—";"247";"237";"10";"Участвуете в конкурсе";"1324410";"—"
"1360";"6";"—";"247";"237";"10";"Участвуете в конкурсе";"2246662";"—"
"1361";"8";"—";"247";"237";"10";"Участвуете в конкурсе";"1857619";"—"
"1362";"7";"—";"247";"237";"10";"Участвуете в конкурсе";"2367846";"—"
"1363";"14";"—";"247";"237";"10";"Участвуете в конкурсе";"2199042";"—"
"1364";"2";"—";"247";"237";"10";"Участвуете в конкурсе";"1673681";"—"
"12";"1";"Электронное";"247";"237";"10";"Участвуете в конкурсе";"1418897";"—"
"1366";"2";"—";"247";"237";"10";"Участвуете в конкурсе";"1419659";"—"
"1367";"1";"—";"247";"237";"10";"Участвуете в конкурсе";"2338884";"—"
"1368";"7";"—";"247";"237";"10";"Участвуете в конкурсе";"2137155";"—"
"1369";"2";"—";"247";"237";"10";"Участвуете в конкурсе";"1986195";"—"
"1370";"1";"—";"247";"237";"10";"Участвуете в конкурсе";"1410830";"—"
"1371";"3";"—";"247";"237";"10";"Участвуете в конкурсе";"1748036";"—"
"1372";"6";"—";"246";"246";"0";"Участвуете в конкурсе";"1555827";"—"
"1373";"6";"—";"246";"246";"0";"Участвуете в конкурсе";"1183808";"—"
"1374";"9";"—";"246";"246";"0";"Участвуете в конкурсе";"1572228";"—"
"1375";"14";"—";"246";"246";"0";"Участвуете в конкурсе";"1624526";"—"
"1376";"9";"—";"246";"246";"0";"Участвуете в конкурсе";"2005858";"—"
"1377";"5";"—";"246";"246";"0";"Участвуете в конкурсе";"1727896";"—"
"1378";"4";"—";"246";"246";"0";"Участвуете в конкурсе";"2056458";"—"
"1379";"5";"—";"246";"246";"0";"Участвуете в конкурсе";"1244593";"—"
"1380";"5";"—";"246";"246";"0";"Участвуете в конкурсе";"1351580";"—"
"1381";"9";"—";"246";"246";"0";"Участвуете в конкурсе";"2389969";"—"
"1382";"4";"—";"246";"246";"0";"Участвуете в конкурсе";"1179339";"—"
"1383";"6";"—";"246";"246";"0";"Участвуете в конкурсе";"2137346";"—"
"1384";"10";"—";"246";"246";"0";"Участвуете в конкурсе";"2182405";"—"
"1385";"18";"—";"246";"246";"0";"Участвуете в конкурсе";"1563790";"—"
"1386";"10";"—";"246";"246";"0";"Участвуете в конкурсе";"2259359";"—"
"1387";"10";"—";"246";"246";"0";"Участвуете в конкурсе";"2394958";"—"
"1388";"9";"—";"246";"244";"2";"Участвуете в конкурсе";"1291839";"—"
"1389";"10";"—";"246";"244";"2";"Участвуете в конкурсе";"2225487";"—"
"1390";"4";"—";"246";"244";"2";"Участвуете в конкурсе";"1640292";"—"
"1391";"5";"—";"246";"244";"2";"Участвуете в конкурсе";"1194886";"—"
"1392";"1";"—";"246";"241";"5";"Участвуете в конкурсе";"2091450";"—"
"1393";"16";"—";"246";"241";"5";"Участвуете в конкурсе";"1648328";"—"
"1394";"1";"—";"246";"241";"5";"Участвуете в конкурсе";"2266538";"—"
"1395";"11";"—";"246";"241";"5";"Участвуете в конкурсе";"1718600";"—"
"1396";"9";"—";"246";"236";"10";"Участвуете в конкурсе";"1880042";"—"
"1397";"13";"—";"246";"236";"10";"Участвуете в конкурсе";"2131557";"—"
"1398";"2";"—";"246";"236";"10";"Участвуете в конкурсе";"2389113";"—"
"1399";"8";"—";"246";"236";"10";"Участвуете в конкурсе";"2296950";"—"
"1400";"1";"—";"246";"236";"10";"Участвуете в конкурсе";"2317299";"—"
"1401";"11";"Электронное";"246";"236";"10";"Участвуете в конкурсе";"2268689";"—"
"1402";"10";"—";"246";"236";"10";"Участвуете в конкурсе";"1518615";"—"
"1403";"14";"Электронное";"246";"236";"10";"Участвуете в конкурсе";"2261680";"—"
"1404";"4";"—";"246";"236";"10";"Участвуете в конкурсе";"2229665";"—"
"1405";"17";"—";"246";"236";"10";"Участвуете в конкурсе";"1267228";"—"
"1406";"6";"Электронное";"246";"236";"10";"Участвуете в конкурсе";"1399644";"—"
"1407";"5";"—";"246";"236";"10";"Участвуете в конкурсе";"1919942";"—"
"1408";"1";"—";"246";"236";"10";"Участвуете в конкурсе";"2218416";"—"
"1409";"12";"—";"246";"236";"10";"Участвуете в конкурсе";"2249245";"—"
"1410";"13";"Электронное";"246";"236";"10";"Участвуете в конкурсе";"1329975";"—"
"1411";"2";"—";"246";"236";"10";"Участвуете в конкурсе";"1569147";"—"
"1412";"7";"—";"246";"236";"10";"Участвуете в конкурсе";"2257218";"—"
"1413";"6";"—";"245";"245";"0";"Участвуете в конкурсе";"2049473";"—"
"1414";"3";"—";"245";"245";"0";"Участвуете в конкурсе";"1028167";"—"
"1415";"5";"—";"245";"245";"0";"Участвуете в конкурсе";"2332650";"—"
"1416";"8";"—";"245";"245";"0";"Участвуете в конкурсе";"1330860";"—"
"1417";"5";"—";"245";"245";"0";"Участвуете в конкурсе";"1776648";"—"
"1418";"9";"—";"245";"245";"0";"Участвуете в конкурсе";"2054967";"—"
"1419";"14";"—";"245";"245";"0";"Участвуете в конкурсе";"2367984";"—"
"1420";"14";"—";"245";"245";"0";"Участвуете в конкурсе";"1783503";"—"
"1421";"12";"Электронное";"245";"245";"0";"Участвуете в конкурсе";"1645058";"—"
"1422";"6";"—";"245";"245";"0";"Участвуете в конкурсе";"1858538";"—"
"1423";"3";"—";"245";"245";"0";"Участвуете в конкурсе";"1619632";"—"
"1424";"1";"—";"245";"245";"0";"Участвуете в конкурсе";"975399";"—"
"1425";"13";"—";"245";"245";"0";"Участвуете в конкурсе";"1900374";"—"
"1426";"12";"—";"245";"245";"0";"Участвуете в конкурсе";"2421624";"—"
"1427";"5";"—";"245";"245";"0";"Участвуете в конкурсе";"1498777";"—"
"13";"3";"Электронное";"245";"245";"0";"Участвуете в конкурсе";"1871965";"—"
"1429";"5";"Электронное";"245";"243";"2";"Участвуете в конкурсе";"1608537";"—"
"1430";"13";"—";"245";"243";"2";"Участвуете в конкурсе";"2045213";"—"
"1431";"1";"—";"245";"243";"2";"Участвуете в конкурсе";"1304869";"—"
"1432";"8";"—";"245";"243";"2";"Участвуете в конкурсе";"1472075";"—"
"1433";"5";"—";"245";"243";"2";"Участвуете в конкурсе";"1608442";"—"
"1434";"8";"—";"245";"243";"2";"Участвуете в конкурсе";"2270328";"—"
"1435";"7";"Электронное";"245";"243";"2";"Участвуете в конкурсе";"2237432";"—"
"1436";"12";"Электронное";"245";"242";"3";"Участвуете в конкурсе";"1624144";"—"
"1437";"9";"—";"245";"242";"3";"Участвуете в конкурсе";"1727481";"—"
"1438";"7";"—";"245";"241";"4";"Участвуете в конкурсе";"2223297";"—"
"1439";"11";"—";"245";"241";"4";"Участвуете в конкурсе";"1996980";"—"
"1440";"12";"—";"245";"238";"7";"Участвуете в конкурсе";"1643630";"—"
"1441";"8";"—";"245";"235";"10";"Участвуете в конкурсе";"1285246";"—"
"1442";"8";"—";"245";"235";"10";"Участвуете в конкурсе";"1844558";"—"
"1443";"12";"—";"245";"235";"10";"Участвуете в конкурсе";"2251976";"—"
"1444";"2";"—";"245";"235";"10";"Участвуете в конкурсе";"1602821";"—"
"1445";"6";"—";"245";"235";"10";"Участвуете в конкурсе";"1405254";"—"
"1446";"1";"—";"245";"235";"10";"Участвуете в конкурсе";"1594619";"—"
"1447";"13";"Электронное";"245";"235";"10";"Участвуете в конкурсе";"2248470";"—"
"1448";"2";"—";"245";"235";"10";"Участвуете в конкурсе";"1741460";"—"
"1449";"2";"—";"245";"235";"10";"Участвуете в конкурсе";"2209723";"—"
"1450";"2";"—";"245";"235";"10";"Участвуете в конкурсе";"1306382";"—"
"1451";"8";"—";"245";"235";"10";"Участвуете в конкурсе";"1209488";"—"
"1452";"1";"—";"245";"235";"10";"Участвуете в конкурсе";"1363329";"—"
"1453";"2";"—";"245";"235";"10";"Участвуете в конкурсе";"1605283";"—"
"1454";"14";"Электронное";"245";"235";"10";"Участвуете в конкурсе";"1946698";"—"
"1455";"9";"—";"245";"235";"10";"Участвуете в конкурсе";"1681244";"—"
"1456";"3";"—";"245";"235";"10";"Участвуете в конкурсе";"1794895";"—"
"1457";"9";"—";"245";"235";"10";"Участвуете в конкурсе";"1436857";"—"
"1458";"12";"—";"245";"235";"10";"Участвуете в конкурсе";"1992540";"—"
"1459";"8";"Электронное";"245";"235";"10";"Участвуете в конкурсе";"1996444";"—"
"1460";"4";"—";"245";"235";"10";"Участвуете в конкурсе";"2424892";"—"
"1461";"4";"—";"245";"235";"10";"Участвуете в конкурсе";"1604821";"—"
"1462";"8";"Электронное";"245";"235";"10";"Участвуете в конкурсе";"2230762";"—"
"1463";"8";"—";"244";"244";"0";"Участвуете в конкурсе";"2304908";"—"
"1464";"10";"—";"244";"244";"0";"Участвуете в конкурсе";"1357557";"—"
"1465";"5";"—";"244";"244";"0";"Участвуете в конкурсе";"2199101";"—"
"1466";"2";"Электронное";"244";"244";"0";"Участвуете в конкурсе";"1998113";"—"
"1467";"5";"—";"244";"244";"0";"Участвуете в конкурсе";"1346633";"—"
"1468";"5";"Электронное";"244";"244";"0";"Участвуете в конкурсе";"1440294";"—"
"1469";"13";"—";"244";"244";"0";"Участвуете в конкурсе";"1617354";"—"
"1470";"1";"—";"244";"244";"0";"Участвуете в конкурсе";"1674050";"—"
"1471";"6";"—";"244";"244";"0";"Участвуете в конкурсе";"2313819";"—"
"1472";"4";"—";"244";"244";"0";"Участвуете в конкурсе";"2142694";"—"
"1473";"5";"Электронное";"244";"242";"2";"Участвуете в конкурсе";"1241928";"—"
"1474";"13";"—";"244";"242";"2";"Участвуете в конкурсе";"2284520";"—"
"1475";"9";"—";"244";"242";"2";"Участвуете в конкурсе";"2305670";"—"
"1476";"13";"—";"244";"242";"2";"Участвуете в конкурсе";"1988823";"—"
"1477";"4";"—";"244";"242";"2";"Участвуете в конкурсе";"2219361";"—"
"1478";"14";"—";"244";"242";"2";"Участвуете в конкурсе";"1798259";"—"
"1479";"6";"Электронное";"244";"242";"2";"Участвуете в конкурсе";"1984166";"—"
"1480";"7";"—";"244";"242";"2";"Участвуете в конкурсе";"2214075";"—"
"1481";"15";"—";"244";"242";"2";"Участвуете в конкурсе";"1721136";"—"
"1482";"6";"—";"244";"241";"3";"Участвуете в конкурсе";"2363812";"—"
"1483";"8";"Электронное";"244";"241";"3";"Участвуете в конкурсе";"2207559";"—"
"1484";"8";"—";"244";"241";"3";"Участвуете в конкурсе";"2248099";"—"
"1485";"3";"—";"244";"239";"5";"Участвуете в конкурсе";"1174708";"—"
"1486";"3";"—";"244";"239";"5";"Участвуете в конкурсе";"1497456";"—"
"1487";"7";"—";"244";"239";"5";"Участвуете в конкурсе";"1282285";"—"
"1488";"17";"—";"244";"237";"7";"Участвуете в конкурсе";"2096871";"—"
"1489";"8";"—";"244";"237";"7";"Участвуете в конкурсе";"1715156";"—"
"1490";"9";"—";"244";"236";"8";"Участвуете в конкурсе";"1586101";"—"
"1491";"7";"Электронное";"244";"234";"10";"Участвуете в конкурсе";"1940778";"—"
"1492";"1";"—";"244";"234";"10";"Участвуете в конкурсе";"1349560";"—"
"1493";"4";"—";"244";"234";"10";"Участвуете в конкурсе";"2305227";"—"
"1494";"11";"—";"244";"234";"10";"Участвуете в конкурсе";"1276829";"—"
"1495";"1";"—";"244";"234";"10";"Участвуете в конкурсе";"1572583";"—"
"1496";"6";"Электронное";"244";"234";"10";"Участвуете в конкурсе";"1574637";"—"
"1497";"9";"—";"244";"234";"10";"Участвуете в конкурсе";"2033623";"—"
"1498";"4";"—";"244";"234";"10";"Участвуете в конкурсе";"1725316";"—"
"1499";"3";"—";"244";"234";"10";"Участвуете в конкурсе";"1534982";"—"
"1500";"4";"—";"244";"234";"10";"Участвуете в конкурсе";"1782855";"—"
"1501";"14";"—";"244";"234";"10";"Участвуете в конкурсе";"2342721";"—"
"1502";"1";"—";"244";"234";"10";"Участвуете в конкурсе";"1205980";"—"
"1503";"19";"—";"244";"234";"10";"Участвуете в конкурсе";"1118141";"—"
"1504";"1";"—";"244";"234";"10";"Участвуете в конкурсе";"1572343";"—"
"1505";"1";"—";"244";"234";"10";"Участвуете в конкурсе";"1401643";"—"
"1506";"9";"—";"244";"234";"10";"Участвуете в конкурсе";"1754079";"—"
"1507";"3";"—";"244";"234";"10";"Участвуете в конкурсе";"2214562";"—"
"1508";"4";"—";"243";"243";"0";"Участвуете в конкурсе";"2056771";"—"
"1509";"14";"—";"243";"243";"0";"Участвуете в конкурсе";"2315529";"—"
"1510";"7";"Электронное";"243";"243";"0";"Участвуете в конкурсе";"1250030";"—"
"1511";"6";"—";"243";"243";"0";"Участвуете в конкурсе";"1509465";"—"
"1512";"5";"—";"243";"243";"0";"Участвуете в конкурсе";"2246178";"—"
"1513";"10";"Электронное";"243";"243";"0";"Участвуете в конкурсе";"1507247";"—"
"1514";"2";"—";"243";"243";"0";"Участвуете в конкурсе";"1520490";"—"
"1515";"8";"—";"243";"243";"0";"Участвуете в конкурсе";"2267842";"—"
"14";"5";"Электронное";"243";"243";"0";"Участвуете в конкурсе";"1856429";"—"
"1517";"13";"—";"243";"243";"0";"Участвуете в конкурсе";"2270264";"—"
"1518";"10";"—";"243";"243";"0";"Участвуете в конкурсе";"1771293";"—"
"1519";"7";"—";"243";"243";"0";"Участвуете в конкурсе";"2312081";"—"
"1520";"7";"Электронное";"243";"243";"0";"Участвуете в конкурсе";"993127";"—"
"1521";"6";"—";"243";"243";"0";"Участвуете в конкурсе";"1654629";"—"
"1522";"6";"—";"243";"243";"0";"Участвуете в конкурсе";"2230116";"—"
"1523";"7";"—";"243";"243";"0";"Участвуете в конкурсе";"1572814";"—"
"1524";"10";"—";"243";"243";"0";"Участвуете в конкурсе";"1061593";"—"
"1525";"6";"Электронное";"243";"243";"0";"Участвуете в конкурсе";"2156928";"—"
"1526";"4";"—";"243";"243";"0";"Участвуете в конкурсе";"1936680";"—"
"1527";"3";"—";"243";"241";"2";"Участвуете в конкурсе";"1958421";"—"
"1528";"2";"—";"243";"241";"2";"Участвуете в конкурсе";"1845263";"—"
"1529";"9";"—";"243";"241";"2";"Участвуете в конкурсе";"2180148";"—"
"1530";"10";"—";"243";"241";"2";"Участвуете в конкурсе";"1432660";"—"
"1531";"10";"—";"243";"241";"2";"Участвуете в конкурсе";"1949366";"—"
"1532";"7";"—";"243";"241";"2";"Участвуете в конкурсе";"1939684";"—"
"1533";"7";"—";"243";"241";"2";"Участвуете в конкурсе";"1799404";"—"
"1534";"6";"Электронное";"243";"241";"2";"Участвуете в конкурсе";"1409319";"—"
"1535";"4";"—";"243";"240";"3";"Участвуете в конкурсе";"1989075";"—"
"1536";"5";"—";"243";"240";"3";"Участвуете в конкурсе";"1182264";"—"
"1537";"5";"—";"243";"240";"3";"Участвуете в конкурсе";"1573529";"—"
"1538";"5";"—";"243";"240";"3";"Участвуете в конкурсе";"2362521";"—"
"1539";"10";"—";"243";"240";"3";"Участвуете в конкурсе";"1171747";"—"
"1540";"12";"Электронное";"243";"238";"5";"Участвуете в конкурсе";"2048046";"—"
"1541";"6";"Электронное";"243";"238";"5";"Участвуете в конкурсе";"2252765";"—"
"1542";"2";"—";"243";"238";"5";"Участвуете в конкурсе";"1609433";"—"
"1543";"9";"—";"243";"237";"6";"Участвуете в конкурсе";"2227186";"—"
"1544";"1";"—";"243";"237";"6";"Участвуете в конкурсе";"1935378";"—"
"1545";"3";"Электронное";"243";"233";"10";"Участвуете в конкурсе";"1596631";"—"
"1546";"8";"—";"243";"233";"10";"Участвуете в конкурсе";"1775193";"—"
"1547";"13";"—";"243";"233";"10";"Участвуете в конкурсе";"2315378";"—"
"1548";"7";"—";"243";"233";"10";"Участвуете в конкурсе";"2081098";"—"
"1549";"2";"Электронное";"243";"233";"10";"Участвуете в конкурсе";"1881541";"—"
"1550";"7";"—";"243";"233";"10";"Участвуете в конкурсе";"1900350";"—"
"1551";"4";"—";"243";"233";"10";"Участвуете в конкурсе";"2006131";"—"
"1552";"13";"—";"243";"233";"10";"Участвуете в конкурсе";"1503708";"—"
"1553";"5";"—";"243";"233";"10";"Участвуете в конкурсе";"1559909";"—"
"1554";"1";"—";"243";"233";"10";"Участвуете в конкурсе";"1072866";"—"
"1555";"6";"—";"243";"233";"10";"Участвуете в конкурсе";"1943948";"—"
"1556";"1";"—";"243";"233";"10";"Участвуете в конкурсе";"2389948";"—"
"1557";"12";"—";"243";"233";"10";"Участвуете в конкурсе";"1631177";"—"
"1558";"8";"—";"243";"233";"10";"Участвуете в конкурсе";"1765926";"—"
"1559";"6";"—";"243";"233";"10";"Участвуете в конкурсе";"1581831";"—"
"1560";"10";"—";"243";"233";"10";"Участвуете в конкурсе";"1654477";"—"
"1561";"17";"—";"243";"233";"10";"Участвуете в конкурсе";"1975631";"—"
"1562";"5";"—";"243";"233";"10";"Участвуете в конкурсе";"1291134";"—"
"1563";"1";"—";"243";"233";"10";"Участвуете в конкурсе";"1921758";"—"
"1564";"7";"—";"243";"233";"10";"Участвуете в конкурсе";"1288275";"—"
"1565";"12";"—";"243";"233";"10";"Участвуете в конкурсе";"1678829";"—"
"1566";"6";"—";"242";"242";"0";"Участвуете в конкурсе";"2189580";"—"
"1567";"4";"—";"242";"242";"0";"Участвуете в конкурсе";"1216824";"—"
"1568";"11";"—";"242";"242";"0";"Участвуете в конкурсе";"2223664";"—"
"1569";"12";"—";"242";"242";"0";"Участвуете в конкурсе";"1562555";"—"
"1570";"7";"—";"242";"242";"0";"Участвуете в конкурсе";"2136696";"—"
"1571";"1";"—";"242";"242";"0";"Участвуете в конкурсе";"1353767";"—"
"1572";"14";"—";"242";"242";"0";"Участвуете в конкурсе";"1722610";"—"
"1573";"6";"—";"242";"242";"0";"Участвуете в конкурсе";"1911249";"—"
"1574";"10";"—";"242";"242";"0";"Участвуете в конкурсе";"2392377";"—"
"15";"5";"Электронное";"242";"242";"0";"Участвуете в конкурсе";"2415589";"—"
"1576";"10";"—";"242";"242";"0";"Участвуете в конкурсе";"1513151";"—"
"1577";"9";"—";"242";"242";"0";"Участвуете в конкурсе";"2277678";"—"
"1578";"11";"—";"242";"242";"0";"Участвуете в конкурсе";"1915163";"—"
"1579";"16";"—";"242";"242";"0";"Участвуете в конкурсе";"2114839";"—"
"1580";"9";"—";"242";"242";"0";"Участвуете в конкурсе";"2181668";"—"
"1581";"5";"Электронное";"242";"242";"0";"Участвуете в конкурсе";"1859440";"—"
"1582";"11";"—";"242";"240";"2";"Участвуете в конкурсе";"1406616";"—"
"1583";"11";"—";"242";"240";"2";"Участвуете в конкурсе";"1367754";"—"
"1584";"4";"—";"242";"240";"2";"Участвуете в конкурсе";"1185160";"—"
"1585";"1";"—";"242";"240";"2";"Участвуете в конкурсе";"1909478";"—"
"1586";"13";"—";"242";"240";"2";"Участвуете в конкурсе";"1998276";"—"
"1587";"6";"—";"242";"240";"2";"Участвуете в конкурсе";"1100301";"—"
"1588";"5";"—";"242";"240";"2";"Участвуете в конкурсе";"1315404";"—"
"1589";"2";"—";"242";"240";"2";"Участвуете в конкурсе";"1911494";"—"
"1590";"4";"—";"242";"240";"2";"Участвуете в конкурсе";"1602881";"—"
"1591";"13";"—";"242";"240";"2";"Участвуете в конкурсе";"1625709";"—"
"1592";"5";"—";"242";"240";"2";"Участвуете в конкурсе";"2182039";"—"
"1593";"6";"—";"242";"240";"2";"Участвуете в конкурсе";"1061374";"—"
"1594";"9";"—";"242";"240";"2";"Участвуете в конкурсе";"1511610";"—"
"1595";"9";"—";"242";"240";"2";"Участвуете в конкурсе";"1388307";"—"
"1596";"11";"Электронное";"242";"240";"2";"Участвуете в конкурсе";"1909780";"—"
"1597";"4";"—";"242";"240";"2";"Участвуете в конкурсе";"2062652";"—"
"1598";"19";"—";"242";"239";"3";"Участвуете в конкурсе";"2166936";"—"
"1599";"9";"—";"242";"239";"3";"Участвуете в конкурсе";"1570994";"—"
"1600";"6";"—";"242";"237";"5";"Участвуете в конкурсе";"1264209";"—"
"1601";"8";"—";"242";"237";"5";"Участвуете в конкурсе";"1984215";"—"
"1602";"7";"Электронное";"242";"237";"5";"Участвуете в конкурсе";"2178050";"—"
"1603";"4";"Электронное";"242";"237";"5";"Участвуете в конкурсе";"1775388";"—"
"1604";"7";"—";"242";"237";"5";"Участвуете в конкурсе";"938401";"—"
"1605";"10";"—";"242";"235";"7";"Участвуете в конкурсе";"1909043";"—"
"1606";"5";"—";"242";"232";"10";"Участвуете в конкурсе";"1598791";"—"
"1607";"4";"—";"242";"232";"10";"Участвуете в конкурсе";"2181190";"—"
"1608";"13";"Электронное";"242";"232";"10";"Участвуете в конкурсе";"1702870";"—"
"1609";"7";"—";"242";"232";"10";"Участвуете в конкурсе";"1827751";"—"
"1610";"2";"—";"242";"232";"10";"Участвуете в конкурсе";"1144196";"—"
"1611";"18";"Электронное";"242";"232";"10";"Участвуете в конкурсе";"1360119";"—"
"1612";"4";"—";"242";"232";"10";"Участвуете в конкурсе";"1711291";"—"
"1613";"1";"—";"242";"232";"10";"Участвуете в конкурсе";"1314216";"—"
"1614";"6";"—";"242";"232";"10";"Участвуете в конкурсе";"2365261";"—"
"1615";"3";"—";"242";"232";"10";"Участвуете в конкурсе";"1699694";"—"
"1616";"9";"—";"242";"232";"10";"Участвуете в конкурсе";"1443877";"—"
"1617";"2";"—";"242";"232";"10";"Участвуете в конкурсе";"2339728";"—"
"1618";"17";"Электронное";"242";"232";"10";"Участвуете в конкурсе";"2141539";"—"
"1619";"1";"—";"242";"232";"10";"Участвуете в конкурсе";"1391830";"—"
"1620";"5";"—";"242";"232";"10";"Участвуете в конкурсе";"1772662";"—"
"1621";"6";"—";"242";"232";"10";"Участвуете в конкурсе";"1639802";"—"
"1622";"2";"—";"242";"232";"10";"Участвуете в конкурсе";"1707083";"—"
"1623";"14";"—";"241";"241";"0";"Участвуете в конкурсе";"1142666";"—"
"1624";"16";"—";"241";"241";"0";"Участвуете в конкурсе";"1575917";"—"
"1625";"7";"—";"241";"241";"0";"Участвуете в конкурсе";"2216953";"—"
"1626";"1";"—";"241";"241";"0";"Участвуете в конкурсе";"2308489";"—"
"1627";"9";"—";"241";"241";"0";"Участвуете в конкурсе";"1335081";"—"
"1628";"2";"—";"241";"241";"0";"Участвуете в конкурсе";"1853435";"—"
"1629";"12";"—";"241";"241";"0";"Участвуете в конкурсе";"1638009";"—"
"1630";"3";"—";"241";"241";"0";"Участвуете в конкурсе";"2374262";"—"
"1631";"4";"—";"241";"241";"0";"Участвуете в конкурсе";"1598034";"—"
"1632";"1";"—";"241";"241";"0";"Участвуете в конкурсе";"2388902";"—"
"1633";"4";"Электронное";"241";"241";"0";"Участвуете в конкурсе";"2051396";"—"
"1634";"9";"—";"241";"241";"0";"Участвуете в конкурсе";"1794088";"—"
"1635";"1";"—";"241";"241";"0";"Участвуете в конкурсе";"2295009";"—"
"1636";"4";"—";"241";"241";"0";"Участвуете в конкурсе";"1952587";"—"
"1637";"8";"Электронное";"241";"239";"2";"Участвуете в конкурсе";"2183929";"—"
"1638";"7";"—";"241";"239";"2";"Участвуете в конкурсе";"2209806";"—"
"1639";"3";"Электронное";"241";"239";"2";"Участвуете в конкурсе";"1522969";"—"
"1640";"13";"—";"241";"239";"2";"Участвуете в конкурсе";"2326564";"—"
"16";"1";"Электронное";"241";"239";"2";"Участвуете в конкурсе";"1579913";"—"
"1642";"7";"Электронное";"241";"238";"3";"Участвуете в конкурсе";"1262058";"—"
"1643";"14";"—";"241";"238";"3";"Участвуете в конкурсе";"1480801";"—"
"1644";"12";"—";"241";"238";"3";"Участвуете в конкурсе";"2253463";"—"
"1645";"9";"—";"241";"238";"3";"Участвуете в конкурсе";"1789818";"—"
"1646";"12";"—";"241";"237";"4";"Участвуете в конкурсе";"2230731";"—"
"1647";"1";"—";"241";"237";"4";"Участвуете в конкурсе";"2338417";"—"
"1648";"13";"Электронное";"241";"236";"5";"Участвуете в конкурсе";"1428691";"—"
"1649";"1";"—";"241";"236";"5";"Участвуете в конкурсе";"1395006";"—"
"1650";"5";"—";"241";"236";"5";"Участвуете в конкурсе";"1379104";"—"
"1651";"2";"—";"241";"236";"5";"Участвуете в конкурсе";"2313630";"—"
"1652";"12";"—";"241";"236";"5";"Участвуете в конкурсе";"1983239";"—"
"1653";"5";"—";"241";"234";"7";"Участвуете в конкурсе";"2266811";"—"
"1654";"7";"—";"241";"231";"10";"Участвуете в конкурсе";"1338407";"—"
"1655";"5";"Электронное";"241";"231";"10";"Участвуете в конкурсе";"1444198";"—"
"1656";"3";"Электронное";"241";"231";"10";"Участвуете в конкурсе";"1603839";"—"
"1657";"10";"—";"241";"231";"10";"Участвуете в конкурсе";"1945526";"—"
"1658";"11";"—";"241";"231";"10";"Участвуете в конкурсе";"2231077";"—"
"1659";"5";"—";"241";"231";"10";"Участвуете в конкурсе";"1501648";"—"
"1660";"11";"Электронное";"241";"231";"10";"Участвуете в конкурсе";"1653157";"—"
"1661";"2";"Электронное";"241";"231";"10";"Участвуете в конкурсе";"1294068";"—"
"1662";"6";"—";"241";"231";"10";"Участвуете в конкурсе";"1264156";"—"
"1663";"12";"—";"241";"231";"10";"Участвуете в конкурсе";"1690541";"—"
"1664";"2";"—";"241";"231";"10";"Участвуете в конкурсе";"1728792";"—"
"1665";"10";"—";"241";"231";"10";"Участвуете в конкурсе";"2183312";"—"
"1666";"3";"—";"241";"231";"10";"Участвуете в конкурсе";"1272817";"—"
"1667";"7";"—";"241";"231";"10";"Участвуете в конкурсе";"2056660";"—"
"17";"4";"Электронное";"241";"231";"10";"Участвуете в конкурсе";"1937954";"—"
"1669";"6";"—";"241";"231";"10";"Участвуете в конкурсе";"1442955";"—"
"1670";"1";"—";"241";"231";"10";"Участвуете в конкурсе";"2143080";"—"
"1671";"2";"—";"241";"231";"10";"Участвуете в конкурсе";"1895981";"—"
"1672";"3";"Электронное";"241";"231";"10";"Участвуете в конкурсе";"1648540";"—"
"1673";"4";"—";"241";"231";"10";"Участвуете в конкурсе";"1434396";"—"
"1674";"7";"Электронное";"241";"231";"10";"Участвуете в конкурсе";"2331668";"—"
"1675";"3";"—";"241";"231";"10";"Участвуете в конкурсе";"1033323";"—"
"1676";"1";"—";"240";"240";"0";"Участвуете в конкурсе";"1761161";"—"
"1677";"6";"—";"240";"240";"0";"Участвуете в конкурсе";"1842055";"—"
"1678";"11";"—";"240";"240";"0";"Участвуете в конкурсе";"1334133";"—"
"1679";"5";"—";"240";"240";"0";"Участвуете в конкурсе";"1911354";"—"
"1680";"5";"—";"240";"240";"0";"Участвуете в конкурсе";"1776428";"—"
"1681";"4";"—";"240";"240";"0";"Участвуете в конкурсе";"2078450";"—"
"1682";"7";"—";"240";"240";"0";"Участвуете в конкурсе";"2229255";"—"
"1683";"6";"—";"240";"240";"0";"Участвуете в конкурсе";"2254799";"—"
"1684";"11";"—";"240";"240";"0";"Участвуете в конкурсе";"1701107";"—"
"1685";"7";"—";"240";"240";"0";"Участвуете в конкурсе";"2118864";"—"
"1686";"5";"—";"240";"240";"0";"Участвуете в конкурсе";"2248761";"—"
"18";"1";"Электронное";"240";"240";"0";"Участвуете в конкурсе";"2344424";"—"
"1688";"1";"—";"240";"240";"0";"Участвуете в конкурсе";"1212084";"—"
"1689";"2";"—";"240";"240";"0";"Участвуете в конкурсе";"1405676";"—"
"1690";"5";"Электронное";"240";"240";"0";"Участвуете в конкурсе";"1559620";"—"
"1691";"5";"Электронное";"240";"240";"0";"Участвуете в конкурсе";"2200799";"—"
"1692";"7";"—";"240";"240";"0";"Участвуете в конкурсе";"2125914";"—"
"1693";"8";"—";"240";"240";"0";"Участвуете в конкурсе";"2229488";"—"
"1694";"2";"—";"240";"240";"0";"Участвуете в конкурсе";"1605677";"—"
"1695";"1";"—";"240";"240";"0";"Участвуете в конкурсе";"1425016";"—"
"1696";"1";"—";"240";"240";"0";"Участвуете в конкурсе";"2143047";"—"
"1697";"4";"—";"240";"240";"0";"Участвуете в конкурсе";"2378335";"—"
"1698";"4";"—";"240";"240";"0";"Участвуете в конкурсе";"1259193";"—"
"1699";"3";"—";"240";"240";"0";"Участвуете в конкурсе";"2145898";"—"
"1700";"4";"—";"240";"238";"2";"Участвуете в конкурсе";"2177058";"—"
"1701";"6";"—";"240";"238";"2";"Участвуете в конкурсе";"1147820";"—"
"1702";"10";"—";"240";"238";"2";"Участвуете в конкурсе";"2308806";"—"
"1703";"13";"—";"240";"238";"2";"Участвуете в конкурсе";"1651009";"—"
"1704";"5";"Электронное";"240";"238";"2";"Участвуете в конкурсе";"1265261";"—"
"1705";"2";"—";"240";"238";"2";"Участвуете в конкурсе";"2040343";"—"
"1706";"1";"—";"240";"238";"2";"Участвуете в конкурсе";"1576283";"—"
"1707";"6";"—";"240";"238";"2";"Участвуете в конкурсе";"1578239";"—"
"1708";"14";"—";"240";"238";"2";"Участвуете в конкурсе";"2248942";"—"
"1709";"14";"—";"240";"238";"2";"Участвуете в конкурсе";"2416313";"—"
"1710";"4";"—";"240";"238";"2";"Участвуете в конкурсе";"1644785";"—"
"1711";"12";"—";"240";"238";"2";"Участвуете в конкурсе";"2366300";"—"
"1712";"6";"—";"240";"237";"3";"Участвуете в конкурсе";"2356605";"—"
"1713";"11";"Электронное";"240";"237";"3";"Участвуете в конкурсе";"2183736";"—"
"1714";"7";"—";"240";"237";"3";"Участвуете в конкурсе";"2089982";"—"
"1715";"1";"—";"240";"236";"4";"Участвуете в конкурсе";"1482216";"—"
"1716";"1";"—";"240";"236";"4";"Участвуете в конкурсе";"2312375";"—"
"1717";"1";"—";"240";"235";"5";"Участвуете в конкурсе";"1354468";"—"
"1718";"8";"Электронное";"240";"235";"5";"Участвуете в конкурсе";"1445614";"—"
"1719";"4";"—";"240";"235";"5";"Участвуете в конкурсе";"2212235";"—"
"1720";"5";"—";"240";"234";"6";"Участвуете в конкурсе";"1220961";"—"
"1721";"5";"—";"240";"233";"7";"Участвуете в конкурсе";"2250094";"—"
"1722";"2";"—";"240";"233";"7";"Участвуете в конкурсе";"1281570";"—"
"1723";"7";"—";"240";"232";"8";"Участвуете в конкурсе";"1345574";"—"
"1724";"19";"—";"240";"231";"9";"Участвуете в конкурсе";"2167852";"—"
"1725";"6";"Электронное";"240";"230";"10";"Участвуете в конкурсе";"1783116";"—"
"1726";"3";"—";"240";"230";"10";"Участвуете в конкурсе";"1255151";"—"
"1727";"11";"—";"240";"230";"10";"Участвуете в конкурсе";"1509020";"—"
"1728";"7";"Электронное";"240";"230";"10";"Участвуете в конкурсе";"1261505";"—"
"1729";"4";"—";"240";"230";"10";"Участвуете в конкурсе";"1513229";"—"
"1730";"4";"—";"240";"230";"10";"Участвуете в конкурсе";"1647903";"—"
"19";"1";"Электронное";"240";"230";"10";"Участвуете в конкурсе";"2219205";"—"
"1732";"11";"—";"240";"230";"10";"Участвуете в конкурсе";"2264847";"—"
"1733";"7";"Электронное";"240";"230";"10";"Участвуете в конкурсе";"1504235";"—"
"1734";"4";"Электронное";"240";"230";"10";"Участвуете в конкурсе";"1333550";"—"
"20";"1";"Электронное";"240";"230";"10";"Участвуете в конкурсе";"1796975";"—"
"1736";"5";"Электронное";"240";"230";"10";"Участвуете в конкурсе";"2044603";"—"
"1737";"5";"—";"240";"230";"10";"Участвуете в конкурсе";"2033988";"—"
"1738";"9";"—";"240";"230";"10";"Участвуете в конкурсе";"1709355";"—"
"1739";"12";"—";"240";"230";"10";"Участвуете в конкурсе";"2365080";"—"
"1740";"7";"—";"240";"230";"10";"Участвуете в конкурсе";"1858730";"—"
"1741";"5";"—";"240";"230";"10";"Участвуете в конкурсе";"1976876";"—"
"1742";"3";"—";"240";"230";"10";"Участвуете в конкурсе";"958787";"—"
"1743";"4";"Электронное";"240";"230";"10";"Участвуете в конкурсе";"2049080";"—"
"1744";"10";"—";"240";"230";"10";"Участвуете в конкурсе";"1574719";"—"
"1745";"5";"—";"239";"239";"0";"Участвуете в конкурсе";"1677650";"—"
"1746";"10";"—";"239";"239";"0";"Участвуете в конкурсе";"1719237";"—"
"1747";"11";"—";"239";"239";"0";"Участвуете в конкурсе";"2243345";"—"
"1748";"2";"—";"239";"239";"0";"Участвуете в конкурсе";"1329753";"—"
"1749";"6";"Электронное";"239";"239";"0";"Участвуете в конкурсе";"1794330";"—"
"1750";"2";"—";"239";"239";"0";"Участвуете в конкурсе";"1469275";"—"
"1751";"13";"—";"239";"239";"0";"Участвуете в конкурсе";"2369093";"—"
"1752";"6";"Электронное";"239";"239";"0";"Участвуете в конкурсе";"2271496";"—"
"1753";"7";"—";"239";"239";"0";"Участвуете в конкурсе";"2318327";"—"
"1754";"2";"—";"239";"239";"0";"Участвуете в конкурсе";"1198742";"—"
"1755";"7";"—";"239";"239";"0";"Участвуете в конкурсе";"1214600";"—"
"1756";"14";"—";"239";"239";"0";"Участвуете в конкурсе";"962544";"—"
"1757";"4";"Электронное";"239";"239";"0";"Участвуете в конкурсе";"2229826";"—"
"1758";"8";"—";"239";"239";"0";"Участвуете в конкурсе";"1999899";"—"
"1759";"6";"Электронное";"239";"239";"0";"Участвуете в конкурсе";"2220829";"—"
"1760";"3";"—";"239";"239";"0";"Участвуете в конкурсе";"1248347";"—"
"1761";"1";"—";"239";"239";"0";"Участвуете в конкурсе";"1961828";"—"
"1762";"3";"—";"239";"239";"0";"Участвуете в конкурсе";"2142650";"—"
"1763";"11";"—";"239";"239";"0";"Участвуете в конкурсе";"2339265";"—"
"1764";"5";"—";"239";"239";"0";"Участвуете в конкурсе";"1574260";"—"
"1765";"5";"—";"239";"239";"0";"Участвуете в конкурсе";"1209301";"—"
"1766";"5";"Электронное";"239";"239";"0";"Участвуете в конкурсе";"2129979";"—"
"1767";"6";"—";"239";"239";"0";"Участвуете в конкурсе";"1581506";"—"
"1768";"9";"Электронное";"239";"239";"0";"Участвуете в конкурсе";"1628437";"—"
"1769";"11";"—";"239";"239";"0";"Участвуете в конкурсе";"2274164";"—"
"1770";"2";"—";"239";"239";"0";"Участвуете в конкурсе";"1905964";"—"
"1771";"9";"—";"239";"239";"0";"Участвуете в конкурсе";"1515035";"—"
"1772";"3";"—";"239";"239";"0";"Участвуете в конкурсе";"1289938";"—"
"1773";"14";"—";"239";"239";"0";"Участвуете в конкурсе";"2131823";"—"
"1774";"1";"—";"239";"239";"0";"Участвуете в конкурсе";"2309322";"—"
"21";"2";"Электронное";"239";"237";"2";"Участвуете в конкурсе";"1619700";"—"
"1776";"5";"—";"239";"237";"2";"Участвуете в конкурсе";"1975682";"—"
"1777";"14";"Электронное";"239";"237";"2";"Участвуете в конкурсе";"2053203";"—"
"1778";"4";"—";"239";"237";"2";"Участвуете в конкурсе";"1315151";"—"
"1779";"12";"Электронное";"239";"237";"2";"Участвуете в конкурсе";"1240294";"—"
"1780";"5";"—";"239";"237";"2";"Участвуете в конкурсе";"1980278";"—"
"1781";"4";"—";"239";"237";"2";"Участвуете в конкурсе";"1577407";"—"
"1782";"4";"—";"239";"237";"2";"Участвуете в конкурсе";"2201790";"—"
"1783";"3";"—";"239";"237";"2";"Участвуете в конкурсе";"2314036";"—"
"1784";"6";"—";"239";"237";"2";"Участвуете в конкурсе";"2313388";"—"
"1785";"5";"—";"239";"237";"2";"Участвуете в конкурсе";"2325802";"—"
"1786";"5";"—";"239";"236";"3";"Участвуете в конкурсе";"831373";"—"
"1787";"11";"—";"239";"235";"4";"Участвуете в конкурсе";"1911203";"—"
"1788";"8";"—";"239";"233";"6";"Участвуете в конкурсе";"1209621";"—"
"1789";"4";"—";"239";"232";"7";"Участвуете в конкурсе";"1320702";"—"
"1790";"9";"—";"239";"232";"7";"Участвуете в конкурсе";"1349618";"—"
"1791";"13";"—";"239";"229";"10";"Участвуете в конкурсе";"2333185";"—"
"1792";"1";"—";"239";"229";"10";"Участвуете в конкурсе";"1493953";"—"
"1793";"14";"—";"239";"229";"10";"Участвуете в конкурсе";"1908361";"—"
"1794";"12";"—";"239";"229";"10";"Участвуете в конкурсе";"2266977";"—"
"1795";"7";"—";"239";"229";"10";"Участвуете в конкурсе";"1702595";"—"
"1796";"4";"Электронное";"239";"229";"10";"Участвуете в конкурсе";"1943837";"—"
"1797";"2";"—";"239";"229";"10";"Участвуете в конкурсе";"1409932";"—"
"1798";"13";"—";"239";"229";"10";"Участвуете в конкурсе";"1593288";"—"
"1799";"10";"—";"239";"229";"10";"Участвуете в конкурсе";"2263523";"—"
"1800";"4";"—";"239";"229";"10";"Участвуете в конкурсе";"1729763";"—"
"1801";"9";"Электронное";"239";"229";"10";"Участвуете в конкурсе";"1904503";"—"
"1802";"3";"—";"239";"229";"10";"Участвуете в конкурсе";"1190243";"—"
"1803";"1";"—";"239";"229";"10";"Участвуете в конкурсе";"1960272";"—"
"1804";"8";"—";"239";"229";"10";"Участвуете в конкурсе";"2100361";"—"
"1805";"4";"—";"239";"229";"10";"Участвуете в конкурсе";"1793328";"—"
"1806";"14";"Электронное";"239";"229";"10";"Участвуете в конкурсе";"1958550";"—"
"1807";"10";"—";"239";"229";"10";"Участвуете в конкурсе";"1577164";"—"
"1808";"7";"—";"238";"238";"0";"Участвуете в конкурсе";"2183753";"—"
"1809";"7";"—";"238";"238";"0";"Участвуете в конкурсе";"1203862";"—"
"1810";"14";"—";"238";"238";"0";"Участвуете в конкурсе";"2412638";"—"
"1811";"15";"—";"238";"238";"0";"Участвуете в конкурсе";"2162664";"—"
"1812";"1";"—";"238";"238";"0";"Участвуете в конкурсе";"1190553";"—"
"1813";"12";"—";"238";"238";"0";"Участвуете в конкурсе";"2195018";"—"
"1814";"8";"—";"238";"238";"0";"Участвуете в конкурсе";"2372286";"—"
"1815";"2";"—";"238";"238";"0";"Участвуете в конкурсе";"1622342";"—"
"1816";"12";"—";"238";"238";"0";"Участвуете в конкурсе";"1495292";"—"
"1817";"5";"—";"238";"238";"0";"Участвуете в конкурсе";"2182070";"—"
"1818";"7";"—";"238";"238";"0";"Участвуете в конкурсе";"2252355";"—"
"1819";"13";"—";"238";"238";"0";"Участвуете в конкурсе";"1604858";"—"
"1820";"1";"—";"238";"238";"0";"Участвуете в конкурсе";"2316254";"—"
"1821";"1";"—";"238";"238";"0";"Участвуете в конкурсе";"1722276";"—"
"1822";"9";"—";"238";"238";"0";"Участвуете в конкурсе";"2098145";"—"
"1823";"5";"—";"238";"238";"0";"Участвуете в конкурсе";"2142769";"—"
"1824";"11";"—";"238";"238";"0";"Участвуете в конкурсе";"1860740";"—"
"1825";"3";"—";"238";"238";"0";"Участвуете в конкурсе";"1423217";"—"
"22";"3";"Электронное";"238";"238";"0";"Участвуете в конкурсе";"2205728";"—"
"1827";"8";"—";"238";"238";"0";"Участвуете в конкурсе";"1833803";"—"
"1828";"5";"—";"238";"238";"0";"Участвуете в конкурсе";"1859552";"—"
"1829";"3";"—";"238";"238";"0";"Участвуете в конкурсе";"1253466";"—"
"1830";"12";"—";"238";"236";"2";"Участвуете в конкурсе";"1178337";"—"
"1831";"5";"—";"238";"236";"2";"Участвуете в конкурсе";"1486804";"—"
"1832";"1";"—";"238";"236";"2";"Участвуете в конкурсе";"1434192";"—"
"1833";"7";"Электронное";"238";"236";"2";"Участвуете в конкурсе";"1640071";"—"
"1834";"1";"—";"238";"236";"2";"Участвуете в конкурсе";"2177685";"—"
"1835";"5";"—";"238";"236";"2";"Участвуете в конкурсе";"2060043";"—"
"1836";"6";"—";"238";"235";"3";"Участвуете в конкурсе";"1964301";"—"
"1837";"5";"—";"238";"235";"3";"Участвуете в конкурсе";"1604059";"—"
"1838";"6";"—";"238";"235";"3";"Участвуете в конкурсе";"1240254";"—"
"1839";"12";"—";"238";"235";"3";"Участвуете в конкурсе";"2419140";"—"
"1840";"4";"Электронное";"238";"233";"5";"Участвуете в конкурсе";"2006471";"—"
"1841";"4";"—";"238";"233";"5";"Участвуете в конкурсе";"1315922";"—"
"1842";"2";"—";"238";"233";"5";"Участвуете в конкурсе";"2298773";"—"
"1843";"8";"—";"238";"229";"9";"Участвуете в конкурсе";"2255958";"—"
"1844";"8";"—";"238";"228";"10";"Участвуете в конкурсе";"2111373";"—"
"1845";"2";"—";"238";"228";"10";"Участвуете в конкурсе";"1985829";"—"
"1846";"5";"—";"238";"228";"10";"Участвуете в конкурсе";"1429954";"—"
"1847";"12";"—";"238";"228";"10";"Участвуете в конкурсе";"1928890";"—"
"1848";"10";"—";"238";"228";"10";"Участвуете в конкурсе";"2369323";"—"
"1849";"5";"—";"238";"228";"10";"Участвуете в конкурсе";"2006255";"—"
"1850";"12";"—";"238";"228";"10";"Участвуете в конкурсе";"2228880";"—"
"1851";"5";"—";"238";"228";"10";"Участвуете в конкурсе";"2308265";"—"
"1852";"11";"—";"238";"228";"10";"Участвуете в конкурсе";"1510208";"—"
"1853";"3";"—";"238";"228";"10";"Участвуете в конкурсе";"1423548";"—"
"1854";"3";"—";"238";"228";"10";"Участвуете в конкурсе";"1841601";"—"
"1855";"12";"—";"238";"228";"10";"Участвуете в конкурсе";"2175557";"—"
"1856";"12";"—";"238";"228";"10";"Участвуете в конкурсе";"2096782";"—"
"1857";"11";"—";"238";"228";"10";"Участвуете в конкурсе";"2097589";"—"
"1858";"1";"—";"238";"228";"10";"Участвуете в конкурсе";"2402338";"—"
"23";"1";"Электронное";"238";"228";"10";"Участвуете в конкурсе";"1516383";"—"
"1860";"1";"—";"238";"228";"10";"Участвуете в конкурсе";"1915281";"—"
"1861";"7";"Электронное";"237";"237";"0";"Участвуете в конкурсе";"2207254";"—"
"1862";"2";"—";"237";"237";"0";"Участвуете в конкурсе";"2023867";"—"
"1863";"2";"—";"237";"237";"0";"Участвуете в конкурсе";"1903433";"—"
"1864";"3";"—";"237";"237";"0";"Участвуете в конкурсе";"1200161";"—"
"1865";"4";"—";"237";"237";"0";"Участвуете в конкурсе";"1719093";"—"
"1866";"10";"—";"237";"237";"0";"Участвуете в конкурсе";"1515014";"—"
"1867";"3";"—";"237";"237";"0";"Участвуете в конкурсе";"1934065";"—"
"1868";"9";"—";"237";"237";"0";"Участвуете в конкурсе";"2096043";"—"
"1869";"3";"—";"237";"237";"0";"Участвуете в конкурсе";"1522759";"—"
"24";"8";"Электронное";"237";"237";"0";"Участвуете в конкурсе";"1586114";"—"
"1871";"5";"—";"237";"237";"0";"Участвуете в конкурсе";"1083175";"—"
"1872";"3";"—";"237";"237";"0";"Участвуете в конкурсе";"1695945";"—"
"1873";"10";"—";"237";"237";"0";"Участвуете в конкурсе";"1267822";"—"
"1874";"4";"—";"237";"237";"0";"Участвуете в конкурсе";"1287994";"—"
"1875";"3";"—";"237";"237";"0";"Участвуете в конкурсе";"1261585";"—"
"1876";"3";"—";"237";"237";"0";"Участвуете в конкурсе";"1973405";"—"
"1877";"3";"—";"237";"237";"0";"Участвуете в конкурсе";"1281672";"—"
"1878";"9";"—";"237";"237";"0";"Участвуете в конкурсе";"1336864";"—"
"1879";"12";"—";"237";"237";"0";"Участвуете в конкурсе";"1622935";"—"
"1880";"6";"Электронное";"237";"237";"0";"Участвуете в конкурсе";"2344765";"—"
"1881";"17";"—";"237";"237";"0";"Участвуете в конкурсе";"2257804";"—"
"1882";"5";"—";"237";"237";"0";"Участвуете в конкурсе";"1850761";"—"
"1883";"10";"—";"237";"237";"0";"Участвуете в конкурсе";"1647745";"—"
"1884";"1";"—";"237";"237";"0";"Участвуете в конкурсе";"1759490";"—"
"1885";"1";"—";"237";"235";"2";"Участвуете в конкурсе";"1581084";"—"
"1886";"10";"—";"237";"235";"2";"Участвуете в конкурсе";"1071713";"—"
"1887";"5";"—";"237";"235";"2";"Участвуете в конкурсе";"1570678";"—"
"1888";"1";"—";"237";"235";"2";"Участвуете в конкурсе";"2255307";"—"
"1889";"6";"Электронное";"237";"235";"2";"Участвуете в конкурсе";"1334867";"—"
"1890";"17";"—";"237";"235";"2";"Участвуете в конкурсе";"2015603";"—"
"1891";"4";"—";"237";"235";"2";"Участвуете в конкурсе";"1889681";"—"
"1892";"1";"—";"237";"235";"2";"Участвуете в конкурсе";"954887";"—"
"1893";"9";"—";"237";"235";"2";"Участвуете в конкурсе";"1443323";"—"
"1894";"13";"Электронное";"237";"235";"2";"Участвуете в конкурсе";"1650359";"—"
"1895";"9";"Электронное";"237";"235";"2";"Участвуете в конкурсе";"2171264";"—"
"1896";"5";"—";"237";"235";"2";"Участвуете в конкурсе";"1430731";"—"
"25";"1";"Электронное";"237";"233";"4";"Участвуете в конкурсе";"1001082";"—"
"1898";"13";"—";"237";"232";"5";"Участвуете в конкурсе";"1730529";"—"
"1899";"10";"—";"237";"232";"5";"Участвуете в конкурсе";"2102008";"—"
"1900";"16";"—";"237";"231";"6";"Участвуете в конкурсе";"953890";"—"
"1901";"4";"—";"237";"231";"6";"Участвуете в конкурсе";"1325931";"—"
"1902";"6";"—";"237";"231";"6";"Участвуете в конкурсе";"1289714";"—"
"1903";"13";"—";"237";"227";"10";"Участвуете в конкурсе";"2269816";"—"
"1904";"9";"—";"237";"227";"10";"Участвуете в конкурсе";"2184609";"—"
"1905";"3";"—";"237";"227";"10";"Участвуете в конкурсе";"1584773";"—"
"1906";"2";"—";"237";"227";"10";"Участвуете в конкурсе";"1486769";"—"
"1907";"5";"—";"237";"227";"10";"Участвуете в конкурсе";"1286169";"—"
"1908";"2";"—";"237";"227";"10";"Участвуете в конкурсе";"1794880";"—"
"1909";"5";"—";"237";"227";"10";"Участвуете в конкурсе";"1825260";"—"
"1910";"15";"Электронное";"237";"227";"10";"Участвуете в конкурсе";"1514685";"—"
"1911";"2";"—";"237";"227";"10";"Участвуете в конкурсе";"2143299";"—"
"1912";"1";"—";"237";"227";"10";"Участвуете в конкурсе";"1925808";"—"
"1913";"5";"—";"237";"227";"10";"Участвуете в конкурсе";"1852774";"—"
"1914";"1";"—";"237";"227";"10";"Участвуете в конкурсе";"1200266";"—"
"1915";"7";"Электронное";"237";"227";"10";"Участвуете в конкурсе";"1470218";"—"
"1916";"2";"—";"237";"227";"10";"Участвуете в конкурсе";"2100801";"—"
"1917";"5";"—";"237";"227";"10";"Участвуете в конкурсе";"1788596";"—"
"1918";"5";"—";"237";"227";"10";"Участвуете в конкурсе";"1826230";"—"
"1919";"2";"—";"237";"227";"10";"Участвуете в конкурсе";"1213450";"—"
"1920";"6";"—";"237";"227";"10";"Участвуете в конкурсе";"1518319";"—"
"26";"1";"Электронное";"237";"227";"10";"Участвуете в конкурсе";"2338166";"—"
"1922";"7";"—";"236";"236";"0";"Участвуете в конкурсе";"1395746";"—"
"1923";"4";"—";"236";"236";"0";"Участвуете в конкурсе";"1493322";"—"
"1924";"1";"—";"236";"236";"0";"Участвуете в конкурсе";"2038226";"—"
"1925";"8";"—";"236";"236";"0";"Участвуете в конкурсе";"2346140";"—"
"1926";"11";"—";"236";"236";"0";"Участвуете в конкурсе";"1905895";"—"
"1927";"13";"—";"236";"236";"0";"Участвуете в конкурсе";"2299194";"—"
"1928";"5";"Электронное";"236";"236";"0";"Участвуете в конкурсе";"1167697";"—"
"1929";"10";"—";"236";"236";"0";"Участвуете в конкурсе";"2371199";"—"
"1930";"5";"—";"236";"236";"0";"Участвуете в конкурсе";"1765628";"—"
"1931";"12";"—";"236";"236";"0";"Участвуете в конкурсе";"2207268";"—"
"1932";"6";"Электронное";"236";"236";"0";"Участвуете в конкурсе";"2055782";"—"
"1933";"2";"—";"236";"236";"0";"Участвуете в конкурсе";"1563932";"—"
"1934";"2";"—";"236";"236";"0";"Участвуете в конкурсе";"2329840";"—"
"1935";"5";"—";"236";"236";"0";"Участвуете в конкурсе";"1785009";"—"
"1936";"9";"—";"236";"236";"0";"Участвуете в конкурсе";"2370895";"—"
"1937";"4";"—";"236";"236";"0";"Участвуете в конкурсе";"1270718";"—"
"1938";"1";"—";"236";"236";"0";"Участвуете в конкурсе";"1462626";"—"
"1939";"12";"Электронное";"236";"236";"0";"Участвуете в конкурсе";"1782617";"—"
"1940";"2";"—";"236";"236";"0";"Участвуете в конкурсе";"1702230";"—"
"1941";"2";"—";"236";"236";"0";"Участвуете в конкурсе";"2208411";"—"
"1942";"8";"—";"236";"236";"0";"Участвуете в конкурсе";"2054966";"—"
"1943";"5";"—";"236";"236";"0";"Участвуете в конкурсе";"1558278";"—"
"1944";"1";"—";"236";"234";"2";"Участвуете в конкурсе";"1182048";"—"
"1945";"8";"—";"236";"234";"2";"Участвуете в конкурсе";"2179243";"—"
"1946";"5";"—";"236";"234";"2";"Участвуете в конкурсе";"2047374";"—"
"1947";"6";"—";"236";"234";"2";"Участвуете в конкурсе";"1885972";"—"
"1948";"11";"Электронное";"236";"234";"2";"Участвуете в конкурсе";"1646316";"—"
"1949";"7";"—";"236";"234";"2";"Участвуете в конкурсе";"2363674";"—"
"1950";"10";"—";"236";"234";"2";"Участвуете в конкурсе";"1287760";"—"
"27";"2";"Электронное";"236";"234";"2";"Участвуете в конкурсе";"2162098";"—"
"1952";"14";"—";"236";"233";"3";"Участвуете в конкурсе";"959429";"—"
"1953";"14";"—";"236";"233";"3";"Участвуете в конкурсе";"1217880";"—"
"1954";"5";"—";"236";"233";"3";"Участвуете в конкурсе";"1444185";"—"
"1955";"11";"—";"236";"232";"4";"Участвуете в конкурсе";"1232814";"—"
"1956";"14";"Электронное";"236";"232";"4";"Участвуете в конкурсе";"2002578";"—"
"1957";"10";"—";"236";"232";"4";"Участвуете в конкурсе";"1181447";"—"
"1958";"9";"—";"236";"231";"5";"Участвуете в конкурсе";"2359041";"—"
"1959";"8";"—";"236";"231";"5";"Участвуете в конкурсе";"2282738";"—"
"1960";"10";"—";"236";"229";"7";"Участвуете в конкурсе";"2253383";"—"
"1961";"6";"—";"236";"226";"10";"Участвуете в конкурсе";"1616598";"—"
"1962";"2";"—";"236";"226";"10";"Участвуете в конкурсе";"1390302";"—"
"1963";"14";"—";"236";"226";"10";"Участвуете в конкурсе";"1291607";"—"
"1964";"3";"—";"236";"226";"10";"Участвуете в конкурсе";"1651032";"—"
"1965";"4";"—";"236";"226";"10";"Участвуете в конкурсе";"2182821";"—"
"1966";"7";"—";"236";"226";"10";"Участвуете в конкурсе";"2317850";"—"
"1967";"5";"—";"236";"226";"10";"Участвуете в конкурсе";"1959342";"—"
"1968";"13";"Электронное";"236";"226";"10";"Участвуете в конкурсе";"2339492";"—"
"1969";"2";"—";"236";"226";"10";"Участвуете в конкурсе";"2314006";"—"
"1970";"11";"—";"236";"226";"10";"Участвуете в конкурсе";"1585866";"—"
"1971";"8";"Электронное";"236";"226";"10";"Участвуете в конкурсе";"1607941";"—"
"1972";"5";"—";"236";"226";"10";"Участвуете в конкурсе";"2365209";"—"
"1973";"5";"Электронное";"236";"226";"10";"Участвуете в конкурсе";"1465883";"—"
"1974";"1";"—";"236";"226";"10";"Участвуете в конкурсе";"2229371";"—"
"1975";"6";"—";"236";"226";"10";"Участвуете в конкурсе";"1155942";"—"
"1976";"2";"—";"236";"226";"10";"Участвуете в конкурсе";"1515382";"—"
"1977";"11";"Электронное";"235";"235";"0";"Участвуете в конкурсе";"1857325";"—"
"1978";"8";"—";"235";"235";"0";"Участвуете в конкурсе";"2250991";"—"
"1979";"10";"—";"235";"235";"0";"Участвуете в конкурсе";"2309549";"—"
"1980";"4";"—";"235";"235";"0";"Участвуете в конкурсе";"1264330";"—"
"1981";"1";"—";"235";"235";"0";"Участвуете в конкурсе";"2244369";"—"
"1982";"1";"—";"235";"235";"0";"Участвуете в конкурсе";"1215609";"—"
"1983";"2";"—";"235";"235";"0";"Участвуете в конкурсе";"1444245";"—"
"1984";"7";"—";"235";"235";"0";"Участвуете в конкурсе";"2090159";"—"
"1985";"9";"—";"235";"235";"0";"Участвуете в конкурсе";"977048";"—"
"28";"1";"Электронное";"235";"235";"0";"Участвуете в конкурсе";"1650953";"—"
"1987";"11";"—";"235";"235";"0";"Участвуете в конкурсе";"1911372";"—"
"1988";"8";"—";"235";"235";"0";"Участвуете в конкурсе";"2182235";"—"
"1989";"5";"Электронное";"235";"235";"0";"Участвуете в конкурсе";"1786941";"—"
"1990";"5";"—";"235";"235";"0";"Участвуете в конкурсе";"1141070";"—"
"1991";"8";"—";"235";"235";"0";"Участвуете в конкурсе";"2306178";"—"
"1992";"4";"Электронное";"235";"235";"0";"Участвуете в конкурсе";"1481706";"—"
"1993";"7";"—";"235";"235";"0";"Участвуете в конкурсе";"2039663";"—"
"1994";"2";"—";"235";"235";"0";"Участвуете в конкурсе";"987025";"—"
"29";"6";"Электронное";"235";"235";"0";"Участвуете в конкурсе";"1847359";"—"
"1996";"13";"—";"235";"235";"0";"Участвуете в конкурсе";"1522560";"—"
"1997";"1";"—";"235";"235";"0";"Участвуете в конкурсе";"1285029";"—"
"1998";"5";"—";"235";"235";"0";"Участвуете в конкурсе";"1283509";"—"
"1999";"2";"Электронное";"235";"235";"0";"Участвуете в конкурсе";"1789067";"—"
"2000";"5";"—";"235";"235";"0";"Участвуете в конкурсе";"1472238";"—"
"30";"8";"Электронное";"235";"233";"2";"Участвуете в конкурсе";"1422107";"—"
"2002";"9";"—";"235";"233";"2";"Участвуете в конкурсе";"1627193";"—"
"2003";"10";"—";"235";"233";"2";"Участвуете в конкурсе";"2174784";"—"
"2004";"3";"—";"235";"233";"2";"Участвуете в конкурсе";"1200938";"—"
"2005";"1";"—";"235";"233";"2";"Участвуете в конкурсе";"2220987";"—"
"2006";"5";"—";"235";"233";"2";"Участвуете в конкурсе";"2124487";"—"
"2007";"4";"—";"235";"233";"2";"Участвуете в конкурсе";"1489351";"—"
"2008";"7";"—";"235";"232";"3";"Участвуете в конкурсе";"2361134";"—"
"2009";"6";"—";"235";"232";"3";"Участвуете в конкурсе";"2273764";"—"
"31";"4";"Электронное";"235";"230";"5";"Участвуете в конкурсе";"1729047";"—"
"2011";"2";"—";"235";"229";"6";"Участвуете в конкурсе";"1696142";"—"
"2012";"3";"—";"235";"227";"8";"Участвуете в конкурсе";"1771465";"—"
"2013";"9";"Электронное";"235";"226";"9";"Участвуете в конкурсе";"1292389";"—"
"2014";"6";"—";"235";"225";"10";"Участвуете в конкурсе";"1547609";"—"
"2015";"7";"—";"235";"225";"10";"Участвуете в конкурсе";"2056827";"—"
"2016";"3";"—";"235";"225";"10";"Участвуете в конкурсе";"1616995";"—"
"2017";"12";"Электронное";"235";"225";"10";"Участвуете в конкурсе";"1340372";"—"
"2018";"4";"—";"235";"225";"10";"Участвуете в конкурсе";"1425497";"—"
"2019";"9";"—";"235";"225";"10";"Участвуете в конкурсе";"1766187";"—"
"2020";"5";"—";"235";"225";"10";"Участвуете в конкурсе";"2396651";"—"
"2021";"10";"—";"235";"225";"10";"Участвуете в конкурсе";"1854665";"—"
"2022";"3";"—";"235";"225";"10";"Участвуете в конкурсе";"2131838";"—"
"2023";"4";"—";"235";"225";"10";"Участвуете в конкурсе";"1433600";"—"
"32";"1";"Электронное";"235";"225";"10";"Участвуете в конкурсе";"1622955";"—"
"2025";"1";"—";"235";"225";"10";"Участвуете в конкурсе";"1478417";"—"
"2026";"2";"—";"235";"225";"10";"Участвуете в конкурсе";"1655040";"—"
"2027";"4";"—";"235";"225";"10";"Участвуете в конкурсе";"2223890";"—"
"2028";"1";"—";"235";"225";"10";"Участвуете в конкурсе";"1623010";"—"
"33";"1";"Электронное";"235";"225";"10";"Участвуете в конкурсе";"1790978";"—"
"2030";"11";"—";"234";"234";"0";"Участвуете в конкурсе";"1901118";"—"
"2031";"12";"—";"234";"234";"0";"Участвуете в конкурсе";"1770273";"—"
"2032";"5";"—";"234";"234";"0";"Участвуете в конкурсе";"1922191";"—"
"2033";"4";"—";"234";"234";"0";"Участвуете в конкурсе";"1284077";"—"
"2034";"13";"—";"234";"234";"0";"Участвуете в конкурсе";"1975140";"—"
"2035";"6";"—";"234";"234";"0";"Участвуете в конкурсе";"1713077";"—"
"2036";"2";"Электронное";"234";"234";"0";"Участвуете в конкурсе";"1999581";"—"
"2037";"3";"—";"234";"234";"0";"Участвуете в конкурсе";"1653314";"—"
"2038";"2";"—";"234";"234";"0";"Участвуете в конкурсе";"2182708";"—"
"2039";"6";"—";"234";"234";"0";"Участвуете в конкурсе";"1575207";"—"
"2040";"13";"—";"234";"234";"0";"Участвуете в конкурсе";"2053394";"—"
"34";"1";"Электронное";"234";"234";"0";"Участвуете в конкурсе";"1455821";"—"
"35";"1";"Электронное";"234";"234";"0";"Участвуете в конкурсе";"1558659";"—"
"2043";"3";"—";"234";"234";"0";"Участвуете в конкурсе";"2239949";"—"
"2044";"9";"—";"234";"234";"0";"Участвуете в конкурсе";"2238099";"—"
"2045";"7";"Электронное";"234";"234";"0";"Участвуете в конкурсе";"2278821";"—"
"2046";"5";"Электронное";"234";"234";"0";"Участвуете в конкурсе";"1321391";"—"
"2047";"3";"—";"234";"234";"0";"Участвуете в конкурсе";"2341207";"—"
"2048";"1";"—";"234";"232";"2";"Участвуете в конкурсе";"1500654";"—"
"2049";"4";"—";"234";"232";"2";"Участвуете в конкурсе";"2296498";"—"
"2050";"10";"—";"234";"232";"2";"Участвуете в конкурсе";"1910478";"—"
"2051";"10";"—";"234";"232";"2";"Участвуете в конкурсе";"1342003";"—"
"2052";"6";"—";"234";"232";"2";"Участвуете в конкурсе";"1275802";"—"
"2053";"5";"—";"234";"232";"2";"Участвуете в конкурсе";"1439022";"—"
"2054";"3";"—";"234";"232";"2";"Участвуете в конкурсе";"2252234";"—"
"2055";"9";"—";"234";"232";"2";"Участвуете в конкурсе";"1264837";"—"
"2056";"6";"—";"234";"232";"2";"Участвуете в конкурсе";"1361765";"—"
"2057";"4";"—";"234";"232";"2";"Участвуете в конкурсе";"1798278";"—"
"2058";"3";"—";"234";"231";"3";"Участвуете в конкурсе";"1776668";"—"
"2059";"2";"—";"234";"231";"3";"Участвуете в конкурсе";"2227482";"—"
"2060";"6";"—";"234";"231";"3";"Участвуете в конкурсе";"2312109";"—"
"2061";"1";"—";"234";"230";"4";"Участвуете в конкурсе";"1339433";"—"
"2062";"6";"—";"234";"229";"5";"Участвуете в конкурсе";"1512986";"—"
"2063";"15";"—";"234";"229";"5";"Участвуете в конкурсе";"1997455";"—"
"2064";"10";"—";"234";"229";"5";"Участвуете в конкурсе";"1345569";"—"
"2065";"8";"Электронное";"234";"229";"5";"Участвуете в конкурсе";"1853137";"—"
"2066";"14";"—";"234";"229";"5";"Участвуете в конкурсе";"1517625";"—"
"2067";"4";"—";"234";"224";"10";"Участвуете в конкурсе";"1548591";"—"
"2068";"8";"—";"234";"224";"10";"Участвуете в конкурсе";"831683";"—"
"2069";"8";"—";"234";"224";"10";"Участвуете в конкурсе";"1350241";"—"
"2070";"1";"—";"234";"224";"10";"Участвуете в конкурсе";"1521207";"—"
"2071";"12";"—";"234";"224";"10";"Участвуете в конкурсе";"1640515";"—"
"2072";"2";"—";"234";"224";"10";"Участвуете в конкурсе";"2064263";"—"
"2073";"10";"—";"234";"224";"10";"Участвуете в конкурсе";"2247353";"—"
"2074";"7";"Электронное";"234";"224";"10";"Участвуете в конкурсе";"1895159";"—"
"2075";"4";"—";"234";"224";"10";"Участвуете в конкурсе";"2264140";"—"
"2076";"4";"—";"234";"224";"10";"Участвуете в конкурсе";"1691961";"—"
"2077";"6";"Электронное";"234";"224";"10";"Участвуете в конкурсе";"1565839";"—"
"2078";"4";"Электронное";"234";"224";"10";"Участвуете в конкурсе";"1999366";"—"
"2079";"1";"—";"234";"224";"10";"Участвуете в конкурсе";"1434685";"—"
"2080";"9";"—";"234";"224";"10";"Участвуете в конкурсе";"1512009";"—"
"2081";"5";"—";"234";"224";"10";"Участвуете в конкурсе";"1654411";"—"
"2082";"5";"—";"234";"224";"10";"Участвуете в конкурсе";"1224106";"—"
"2083";"12";"—";"234";"224";"10";"Участвуете в конкурсе";"2263375";"—"
"2084";"11";"—";"234";"224";"10";"Участвуете в конкурсе";"1435957";"—"
"2085";"9";"—";"234";"224";"10";"Участвуете в конкурсе";"2100508";"—"
"2086";"6";"—";"234";"224";"10";"Участвуете в конкурсе";"1784645";"—"
"2087";"8";"—";"233";"233";"0";"Участвуете в конкурсе";"2184042";"—"
"2088";"4";"Электронное";"233";"233";"0";"Участвуете в конкурсе";"2227952";"—"
"2089";"1";"—";"233";"233";"0";"Участвуете в конкурсе";"2367386";"—"
"2090";"7";"—";"233";"233";"0";"Участвуете в конкурсе";"1205696";"—"
"2091";"3";"—";"233";"233";"0";"Участвуете в конкурсе";"1851342";"—"
"2092";"6";"—";"233";"233";"0";"Участвуете в конкурсе";"1175674";"—"
"2093";"2";"—";"233";"233";"0";"Участвуете в конкурсе";"1352954";"—"
"2094";"5";"—";"233";"233";"0";"Участвуете в конкурсе";"1177552";"—"
"2095";"4";"—";"233";"233";"0";"Участвуете в конкурсе";"1359973";"—"
"2096";"13";"—";"233";"233";"0";"Участвуете в конкурсе";"2238082";"—"
"2097";"1";"—";"233";"233";"0";"Участвуете в конкурсе";"2263583";"—"
"2098";"1";"—";"233";"233";"0";"Участвуете в конкурсе";"2156618";"—"
"2099";"5";"—";"233";"233";"0";"Участвуете в конкурсе";"2265001";"—"
"2100";"2";"—";"233";"233";"0";"Участвуете в конкурсе";"1960491";"—"
"2101";"18";"—";"233";"233";"0";"Участвуете в конкурсе";"2338212";"—"
"2102";"12";"—";"233";"233";"0";"Участвуете в конкурсе";"2169157";"—"
"2103";"2";"—";"233";"233";"0";"Участвуете в конкурсе";"1584337";"—"
"2104";"5";"—";"233";"233";"0";"Участвуете в конкурсе";"2287208";"—"
"2105";"12";"—";"233";"233";"0";"Участвуете в конкурсе";"2310829";"—"
"2106";"1";"—";"233";"233";"0";"Участвуете в конкурсе";"1248637";"—"
"2107";"8";"—";"233";"233";"0";"Участвуете в конкурсе";"2228215";"—"
"2108";"1";"—";"233";"233";"0";"Участвуете в конкурсе";"2309444";"—"
"2109";"1";"—";"233";"233";"0";"Участвуете в конкурсе";"2002712";"—"
"2110";"8";"—";"233";"231";"2";"Участвуете в конкурсе";"1205082";"—"
"2111";"2";"—";"233";"231";"2";"Участвуете в конкурсе";"2264047";"—"
"2112";"7";"—";"233";"231";"2";"Участвуете в конкурсе";"2221964";"—"
"2113";"7";"—";"233";"231";"2";"Участвуете в конкурсе";"2053684";"—"
"2114";"9";"—";"233";"231";"2";"Участвуете в конкурсе";"2134539";"—"
"2115";"10";"—";"233";"231";"2";"Участвуете в конкурсе";"2395083";"—"
"2116";"3";"—";"233";"231";"2";"Участвуете в конкурсе";"2104104";"—"
"2117";"12";"—";"233";"231";"2";"Участвуете в конкурсе";"1519123";"—"
"2118";"1";"—";"233";"231";"2";"Участвуете в конкурсе";"2268932";"—"
"2119";"2";"—";"233";"231";"2";"Участвуете в конкурсе";"2154152";"—"
"2120";"6";"—";"233";"231";"2";"Участвуете в конкурсе";"2248221";"—"
"2121";"1";"—";"233";"231";"2";"Участвуете в конкурсе";"2248209";"—"
"2122";"1";"—";"233";"230";"3";"Участвуете в конкурсе";"1823904";"—"
"2123";"2";"—";"233";"230";"3";"Участвуете в конкурсе";"2232929";"—"
"2124";"3";"—";"233";"229";"4";"Участвуете в конкурсе";"2140754";"—"
"2125";"9";"—";"233";"226";"7";"Участвуете в конкурсе";"2267865";"—"
"2126";"2";"—";"233";"223";"10";"Участвуете в конкурсе";"1153192";"—"
"2127";"4";"—";"233";"223";"10";"Участвуете в конкурсе";"2137807";"—"
"2128";"7";"—";"233";"223";"10";"Участвуете в конкурсе";"1284062";"—"
"2129";"2";"—";"233";"223";"10";"Участвуете в конкурсе";"1630353";"—"
"2130";"2";"—";"233";"223";"10";"Участвуете в конкурсе";"1230664";"—"
"2131";"10";"—";"233";"223";"10";"Участвуете в конкурсе";"1413062";"—"
"2132";"7";"—";"233";"223";"10";"Участвуете в конкурсе";"956587";"—"
"2133";"9";"Электронное";"233";"223";"10";"Участвуете в конкурсе";"2305904";"—"
"2134";"5";"Электронное";"233";"223";"10";"Участвуете в конкурсе";"1157446";"—"
"2135";"2";"—";"233";"223";"10";"Участвуете в конкурсе";"1483546";"—"
"2136";"7";"—";"233";"223";"10";"Участвуете в конкурсе";"1338346";"—"
"2137";"3";"Электронное";"233";"223";"10";"Участвуете в конкурсе";"2214512";"—"
"2138";"1";"—";"233";"223";"10";"Участвуете в конкурсе";"2268718";"—"
"2139";"3";"—";"233";"223";"10";"Участвуете в конкурсе";"2221812";"—"
"2140";"1";"—";"233";"223";"10";"Участвуете в конкурсе";"2057092";"—"
"2141";"11";"Электронное";"233";"223";"10";"Участвуете в конкурсе";"1686374";"—"
"2142";"1";"—";"232";"232";"0";"Участвуете в конкурсе";"1620324";"—"
"2143";"13";"—";"232";"232";"0";"Участвуете в конкурсе";"1467121";"—"
"2144";"7";"—";"232";"232";"0";"Участвуете в конкурсе";"2388802";"—"
"2145";"8";"—";"232";"232";"0";"Участвуете в конкурсе";"1643157";"—"
"2146";"11";"—";"232";"232";"0";"Участвуете в конкурсе";"2424799";"—"
"2147";"3";"Электронное";"232";"232";"0";"Участвуете в конкурсе";"2078597";"—"
"36";"1";"Электронное";"232";"232";"0";"Участвуете в конкурсе";"2312244";"—"
"2149";"8";"—";"232";"232";"0";"Участвуете в конкурсе";"1613009";"—"
"2150";"13";"—";"232";"232";"0";"Участвуете в конкурсе";"2248052";"—"
"2151";"2";"—";"232";"232";"0";"Участвуете в конкурсе";"1260305";"—"
"2152";"14";"—";"232";"232";"0";"Участвуете в конкурсе";"1976730";"—"
"2153";"4";"—";"232";"232";"0";"Участвуете в конкурсе";"1383150";"—"
"2154";"2";"—";"232";"232";"0";"Участвуете в конкурсе";"2195085";"—"
"2155";"3";"—";"232";"232";"0";"Участвуете в конкурсе";"1330703";"—"
"2156";"13";"Электронное";"232";"232";"0";"Участвуете в конкурсе";"1483117";"—"
"2157";"5";"—";"232";"232";"0";"Участвуете в конкурсе";"1743349";"—"
"2158";"12";"—";"232";"232";"0";"Участвуете в конкурсе";"1855507";"—"
"2159";"5";"—";"232";"232";"0";"Участвуете в конкурсе";"1575376";"—"
"2160";"2";"Электронное";"232";"232";"0";"Участвуете в конкурсе";"1329226";"—"
"2161";"5";"—";"232";"232";"0";"Участвуете в конкурсе";"1654640";"—"
"2162";"6";"Электронное";"232";"232";"0";"Участвуете в конкурсе";"2041036";"—"
"2163";"2";"—";"232";"232";"0";"Участвуете в конкурсе";"1638547";"—"
"2164";"16";"—";"232";"232";"0";"Участвуете в конкурсе";"1262118";"—"
"2165";"4";"—";"232";"232";"0";"Участвуете в конкурсе";"1128260";"—"
"2166";"10";"Электронное";"232";"232";"0";"Участвуете в конкурсе";"2028292";"—"
"2167";"1";"—";"232";"232";"0";"Участвуете в конкурсе";"1471164";"—"
"2168";"14";"Электронное";"232";"232";"0";"Участвуете в конкурсе";"1106633";"—"
"2169";"10";"—";"232";"232";"0";"Участвуете в конкурсе";"1442939";"—"
"2170";"11";"Электронное";"232";"232";"0";"Участвуете в конкурсе";"1153694";"—"
"2171";"1";"—";"232";"232";"0";"Участвуете в конкурсе";"2086404";"—"
"2172";"6";"Электронное";"232";"230";"2";"Участвуете в конкурсе";"2184409";"—"
"2173";"2";"—";"232";"230";"2";"Участвуете в конкурсе";"1270080";"—"
"2174";"6";"—";"232";"230";"2";"Участвуете в конкурсе";"2300705";"—"
"2175";"13";"—";"232";"230";"2";"Участвуете в конкурсе";"1255880";"—"
"2176";"7";"—";"232";"230";"2";"Участвуете в конкурсе";"1653102";"—"
"2177";"7";"—";"232";"230";"2";"Участвуете в конкурсе";"2257784";"—"
"2178";"1";"—";"232";"230";"2";"Участвуете в конкурсе";"1287332";"—"
"2179";"7";"Электронное";"232";"230";"2";"Участвуете в конкурсе";"1999286";"—"
"2180";"9";"—";"232";"230";"2";"Участвуете в конкурсе";"2087319";"—"
"2181";"1";"—";"232";"230";"2";"Участвуете в конкурсе";"2211383";"—"
"2182";"14";"—";"232";"230";"2";"Участвуете в конкурсе";"1506404";"—"
"2183";"2";"—";"232";"230";"2";"Участвуете в конкурсе";"2086001";"—"
"2184";"3";"—";"232";"229";"3";"Участвуете в конкурсе";"1579689";"—"
"2185";"10";"—";"232";"229";"3";"Участвуете в конкурсе";"1498115";"—"
"2186";"5";"—";"232";"229";"3";"Участвуете в конкурсе";"1187234";"—"
"2187";"7";"Электронное";"232";"229";"3";"Участвуете в конкурсе";"1516819";"—"
"2188";"4";"—";"232";"229";"3";"Участвуете в конкурсе";"2247558";"—"
"2189";"5";"—";"232";"226";"6";"Участвуете в конкурсе";"1306578";"—"
"2190";"1";"—";"232";"226";"6";"Участвуете в конкурсе";"1250758";"—"
"2191";"1";"—";"232";"225";"7";"Участвуете в конкурсе";"1229708";"—"
"2192";"11";"—";"232";"222";"10";"Участвуете в конкурсе";"1415154";"—"
"2193";"5";"—";"232";"222";"10";"Участвуете в конкурсе";"2175758";"—"
"37";"1";"Электронное";"232";"222";"10";"Участвуете в конкурсе";"2363638";"—"
"2195";"1";"—";"232";"222";"10";"Участвуете в конкурсе";"1284460";"—"
"2196";"3";"—";"232";"222";"10";"Участвуете в конкурсе";"2339748";"—"
"2197";"13";"—";"232";"222";"10";"Участвуете в конкурсе";"1985510";"—"
"2198";"6";"—";"232";"222";"10";"Участвуете в конкурсе";"2205774";"—"
"2199";"2";"Электронное";"232";"222";"10";"Участвуете в конкурсе";"958511";"—"
"2200";"7";"—";"232";"222";"10";"Участвуете в конкурсе";"1441108";"—"
"2201";"8";"Электронное";"232";"222";"10";"Участвуете в конкурсе";"2000543";"—"
"2202";"8";"—";"232";"222";"10";"Участвуете в конкурсе";"2340691";"—"
"2203";"11";"—";"231";"231";"0";"Участвуете в конкурсе";"1133262";"—"
"2204";"6";"Электронное";"231";"231";"0";"Участвуете в конкурсе";"1267134";"—"
"2205";"14";"—";"231";"231";"0";"Участвуете в конкурсе";"1195924";"—"
"2206";"5";"—";"231";"231";"0";"Участвуете в конкурсе";"1654967";"—"
"2207";"1";"—";"231";"231";"0";"Участвуете в конкурсе";"1610438";"—"
"38";"5";"Электронное";"231";"231";"0";"Участвуете в конкурсе";"2029248";"—"
"2209";"3";"—";"231";"231";"0";"Участвуете в конкурсе";"1504210";"—"
"2210";"10";"—";"231";"231";"0";"Участвуете в конкурсе";"1614009";"—"
"2211";"9";"—";"231";"231";"0";"Участвуете в конкурсе";"1789402";"—"
"2212";"6";"—";"231";"231";"0";"Участвуете в конкурсе";"2411394";"—"
"2213";"11";"—";"231";"231";"0";"Участвуете в конкурсе";"1210027";"—"
"2214";"1";"—";"231";"231";"0";"Участвуете в конкурсе";"1403978";"—"
"2215";"13";"—";"231";"231";"0";"Участвуете в конкурсе";"1595097";"—"
"2216";"7";"—";"231";"231";"0";"Участвуете в конкурсе";"2422017";"—"
"2217";"6";"—";"231";"231";"0";"Участвуете в конкурсе";"1904890";"—"
"2218";"13";"—";"231";"231";"0";"Участвуете в конкурсе";"2261374";"—"
"2219";"1";"—";"231";"231";"0";"Участвуете в конкурсе";"1340819";"—"
"2220";"6";"—";"231";"231";"0";"Участвуете в конкурсе";"1901477";"—"
"2221";"3";"—";"231";"231";"0";"Участвуете в конкурсе";"1885901";"—"
"2222";"18";"—";"231";"231";"0";"Участвуете в конкурсе";"1201359";"—"
"2223";"11";"Электронное";"231";"229";"2";"Участвуете в конкурсе";"1181412";"—"
"2224";"3";"—";"231";"229";"2";"Участвуете в конкурсе";"2415145";"—"
"2225";"12";"—";"231";"229";"2";"Участвуете в конкурсе";"1312420";"—"
"2226";"12";"—";"231";"229";"2";"Участвуете в конкурсе";"1285346";"—"
"2227";"12";"—";"231";"229";"2";"Участвуете в конкурсе";"1763881";"—"
"2228";"5";"Электронное";"231";"229";"2";"Участвуете в конкурсе";"2262021";"—"
"2229";"8";"—";"231";"229";"2";"Участвуете в конкурсе";"1559089";"—"
"2230";"5";"—";"231";"229";"2";"Участвуете в конкурсе";"1636009";"—"
"2231";"9";"—";"231";"229";"2";"Участвуете в конкурсе";"1600348";"—"
"39";"2";"Электронное";"231";"228";"3";"Участвуете в конкурсе";"950108";"—"
"2233";"3";"—";"231";"228";"3";"Участвуете в конкурсе";"1643866";"—"
"2234";"2";"—";"231";"227";"4";"Участвуете в конкурсе";"1720035";"—"
"2235";"2";"—";"231";"227";"4";"Участвуете в конкурсе";"1584310";"—"
"2236";"4";"—";"231";"226";"5";"Участвуете в конкурсе";"2340547";"—"
"2237";"10";"—";"231";"222";"9";"Участвуете в конкурсе";"1586262";"—"
"2238";"5";"—";"231";"221";"10";"Участвуете в конкурсе";"2001350";"—"
"2239";"6";"—";"231";"221";"10";"Участвуете в конкурсе";"1359824";"—"
"2240";"10";"—";"231";"221";"10";"Участвуете в конкурсе";"1181169";"—"
"2241";"6";"Электронное";"231";"221";"10";"Участвуете в конкурсе";"2225434";"—"
"2242";"7";"—";"231";"221";"10";"Участвуете в конкурсе";"1566575";"—"
"2243";"1";"—";"231";"221";"10";"Участвуете в конкурсе";"1218196";"—"
"2244";"1";"—";"231";"221";"10";"Участвуете в конкурсе";"1514106";"—"
"2245";"1";"—";"231";"221";"10";"Участвуете в конкурсе";"1859017";"—"
"2246";"4";"—";"231";"221";"10";"Участвуете в конкурсе";"1713123";"—"
"2247";"4";"Электронное";"231";"221";"10";"Участвуете в конкурсе";"2249529";"—"
"2248";"2";"—";"231";"221";"10";"Участвуете в конкурсе";"1247176";"—"
"2249";"6";"—";"231";"221";"10";"Участвуете в конкурсе";"1502810";"—"
"2250";"7";"—";"231";"221";"10";"Участвуете в конкурсе";"2367865";"—"
"2251";"3";"—";"231";"221";"10";"Участвуете в конкурсе";"2049797";"—"
"2252";"6";"—";"231";"221";"10";"Участвуете в конкурсе";"1673059";"—"
"2253";"7";"—";"231";"221";"10";"Участвуете в конкурсе";"1618679";"—"
"2254";"8";"—";"231";"221";"10";"Участвуете в конкурсе";"1640010";"—"
"2255";"3";"—";"230";"230";"0";"Участвуете в конкурсе";"2270671";"—"
"2256";"3";"—";"230";"230";"0";"Участвуете в конкурсе";"1963440";"—"
"2257";"11";"—";"230";"230";"0";"Участвуете в конкурсе";"1857557";"—"
"2258";"2";"—";"230";"230";"0";"Участвуете в конкурсе";"1511151";"—"
"2259";"1";"—";"230";"230";"0";"Участвуете в конкурсе";"2337843";"—"
"2260";"5";"—";"230";"230";"0";"Участвуете в конкурсе";"1335077";"—"
"2261";"2";"—";"230";"230";"0";"Участвуете в конкурсе";"2384000";"—"
"2262";"6";"—";"230";"230";"0";"Участвуете в конкурсе";"2250068";"—"
"2263";"4";"—";"230";"230";"0";"Участвуете в конкурсе";"1175151";"—"
"40";"1";"Электронное";"230";"230";"0";"Участвуете в конкурсе";"1346297";"—"
"2265";"5";"—";"230";"230";"0";"Участвуете в конкурсе";"1914933";"—"
"2266";"6";"—";"230";"230";"0";"Участвуете в конкурсе";"1268657";"—"
"2267";"2";"—";"230";"230";"0";"Участвуете в конкурсе";"2237018";"—"
"2268";"5";"—";"230";"230";"0";"Участвуете в конкурсе";"1534378";"—"
"2269";"4";"—";"230";"230";"0";"Участвуете в конкурсе";"1793050";"—"
"2270";"14";"Электронное";"230";"230";"0";"Участвуете в конкурсе";"1898689";"—"
"2271";"7";"—";"230";"230";"0";"Участвуете в конкурсе";"1476118";"—"
"41";"1";"Электронное";"230";"230";"0";"Участвуете в конкурсе";"1855574";"—"
"2273";"1";"—";"230";"230";"0";"Участвуете в конкурсе";"2254855";"—"
"2274";"8";"—";"230";"230";"0";"Участвуете в конкурсе";"2247448";"—"
"2275";"1";"—";"230";"230";"0";"Участвуете в конкурсе";"2411047";"—"
"2276";"1";"—";"230";"230";"0";"Участвуете в конкурсе";"1961906";"—"
"2277";"3";"—";"230";"230";"0";"Участвуете в конкурсе";"1214897";"—"
"2278";"3";"—";"230";"230";"0";"Участвуете в конкурсе";"2343676";"—"
"2279";"12";"—";"230";"230";"0";"Участвуете в конкурсе";"951025";"—"
"2280";"4";"—";"230";"230";"0";"Участвуете в конкурсе";"1509939";"—"
"2281";"10";"—";"230";"230";"0";"Участвуете в конкурсе";"1124303";"—"
"2282";"8";"—";"230";"230";"0";"Участвуете в конкурсе";"1478768";"—"
"42";"2";"Электронное";"230";"228";"2";"Участвуете в конкурсе";"1653722";"—"
"2284";"6";"—";"230";"228";"2";"Участвуете в конкурсе";"2003849";"—"
"2285";"1";"—";"230";"228";"2";"Участвуете в конкурсе";"2097427";"—"
"2286";"1";"—";"230";"228";"2";"Участвуете в конкурсе";"1061221";"—"
"2287";"8";"—";"230";"228";"2";"Участвуете в конкурсе";"1365918";"—"
"2288";"3";"—";"230";"228";"2";"Участвуете в конкурсе";"2241624";"—"
"2289";"10";"—";"230";"228";"2";"Участвуете в конкурсе";"1514477";"—"
"2290";"6";"—";"230";"228";"2";"Участвуете в конкурсе";"1582671";"—"
"2291";"1";"—";"230";"228";"2";"Участвуете в конкурсе";"2405335";"—"
"2292";"4";"—";"230";"228";"2";"Участвуете в конкурсе";"2305009";"—"
"2293";"7";"—";"230";"228";"2";"Участвуете в конкурсе";"1262865";"—"
"2294";"4";"—";"230";"227";"3";"Участвуете в конкурсе";"1259833";"—"
"2295";"2";"—";"230";"227";"3";"Участвуете в конкурсе";"1325745";"—"
"2296";"13";"—";"230";"226";"4";"Участвуете в конкурсе";"1401880";"—"
"2297";"11";"—";"230";"225";"5";"Участвуете в конкурсе";"2039392";"—"
"2298";"5";"—";"230";"225";"5";"Участвуете в конкурсе";"2047844";"—"
"2299";"2";"—";"230";"224";"6";"Участвуете в конкурсе";"2254921";"—"
"2300";"2";"—";"230";"222";"8";"Участвуете в конкурсе";"1574325";"—"
"2301";"5";"—";"230";"220";"10";"Участвуете в конкурсе";"2335854";"—"
"2302";"2";"—";"230";"220";"10";"Участвуете в конкурсе";"1512301";"—"
"2303";"4";"—";"230";"220";"10";"Участвуете в конкурсе";"1957854";"—"
"2304";"5";"—";"230";"220";"10";"Участвуете в конкурсе";"1714986";"—"
"2305";"6";"—";"230";"220";"10";"Участвуете в конкурсе";"1710384";"—"
"2306";"12";"—";"230";"220";"10";"Участвуете в конкурсе";"1041073";"—"
"2307";"7";"—";"230";"220";"10";"Участвуете в конкурсе";"1507737";"—"
"2308";"5";"—";"230";"220";"10";"Участвуете в конкурсе";"1721779";"—"
"2309";"4";"—";"230";"220";"10";"Участвуете в конкурсе";"2225157";"—"
"2310";"8";"—";"230";"220";"10";"Участвуете в конкурсе";"1986958";"—"
"2311";"1";"—";"230";"220";"10";"Участвуете в конкурсе";"2341240";"—"
"2312";"4";"—";"230";"220";"10";"Участвуете в конкурсе";"2301348";"—"
"2313";"1";"—";"230";"220";"10";"Участвуете в конкурсе";"998350";"—"
"2314";"5";"Электронное";"229";"229";"0";"Участвуете в конкурсе";"1981109";"—"
"2315";"11";"—";"229";"229";"0";"Участвуете в конкурсе";"2156113";"—"
"2316";"6";"—";"229";"229";"0";"Участвуете в конкурсе";"1209770";"—"
"43";"1";"Электронное";"229";"229";"0";"Участвуете в конкурсе";"2099834";"—"
"2318";"5";"—";"229";"229";"0";"Участвуете в конкурсе";"1575025";"—"
"2319";"2";"—";"229";"229";"0";"Участвуете в конкурсе";"1678120";"—"
"2320";"3";"—";"229";"229";"0";"Участвуете в конкурсе";"2358006";"—"
"44";"1";"Электронное";"229";"229";"0";"Участвуете в конкурсе";"1033603";"—"
"2322";"18";"—";"229";"229";"0";"Участвуете в конкурсе";"1903771";"—"
"2323";"5";"Электронное";"229";"229";"0";"Участвуете в конкурсе";"1637862";"—"
"2324";"12";"Электронное";"229";"229";"0";"Участвуете в конкурсе";"1299868";"—"
"2325";"14";"—";"229";"229";"0";"Участвуете в конкурсе";"2417993";"—"
"2326";"1";"Электронное";"229";"229";"0";"Участвуете в конкурсе";"2088714";"—"
"2327";"11";"—";"229";"229";"0";"Участвуете в конкурсе";"1779685";"—"
"2328";"2";"—";"229";"229";"0";"Участвуете в конкурсе";"1140770";"—"
"2329";"4";"—";"229";"229";"0";"Участвуете в конкурсе";"1993293";"—"
"2330";"1";"—";"229";"229";"0";"Участвуете в конкурсе";"1641677";"—"
"2331";"11";"—";"229";"229";"0";"Участвуете в конкурсе";"2250364";"—"
"2332";"2";"—";"229";"229";"0";"Участвуете в конкурсе";"1988804";"—"
"2333";"1";"—";"229";"229";"0";"Участвуете в конкурсе";"1622453";"—"
"2334";"8";"—";"229";"227";"2";"Участвуете в конкурсе";"2151845";"—"
"2335";"8";"—";"229";"227";"2";"Участвуете в конкурсе";"990291";"—"
"2336";"15";"—";"229";"227";"2";"Участвуете в конкурсе";"1958178";"—"
"2337";"1";"—";"229";"227";"2";"Участвуете в конкурсе";"2102065";"—"
"2338";"7";"Электронное";"229";"227";"2";"Участвуете в конкурсе";"1560027";"—"
"2339";"15";"—";"229";"227";"2";"Участвуете в конкурсе";"2055109";"—"
"2340";"5";"—";"229";"227";"2";"Участвуете в конкурсе";"2004145";"—"
"2341";"4";"—";"229";"227";"2";"Участвуете в конкурсе";"1081959";"—"
"2342";"5";"—";"229";"227";"2";"Участвуете в конкурсе";"1557652";"—"
"2343";"11";"—";"229";"227";"2";"Участвуете в конкурсе";"1568002";"—"
"2344";"3";"—";"229";"227";"2";"Участвуете в конкурсе";"1408998";"—"
"2345";"9";"—";"229";"226";"3";"Участвуете в конкурсе";"2225164";"—"
"2346";"1";"—";"229";"225";"4";"Участвуете в конкурсе";"1178329";"—"
"2347";"5";"Электронное";"229";"225";"4";"Участвуете в конкурсе";"1288911";"—"
"2348";"14";"—";"229";"224";"5";"Участвуете в конкурсе";"2028809";"—"
"2349";"5";"—";"229";"224";"5";"Участвуете в конкурсе";"2310216";"—"
"2350";"1";"—";"229";"222";"7";"Участвуете в конкурсе";"1778003";"—"
"45";"1";"Электронное";"229";"219";"10";"Участвуете в конкурсе";"1473021";"—"
"2352";"3";"—";"229";"219";"10";"Участвуете в конкурсе";"1770074";"—"
"2353";"6";"—";"229";"219";"10";"Участвуете в конкурсе";"2218929";"—"
"2354";"5";"—";"229";"219";"10";"Участвуете в конкурсе";"2220036";"—"
"2355";"5";"—";"229";"219";"10";"Участвуете в конкурсе";"1465151";"—"
"2356";"3";"Электронное";"229";"219";"10";"Участвуете в конкурсе";"1407904";"—"
"2357";"3";"—";"229";"219";"10";"Участвуете в конкурсе";"1721704";"—"
"2358";"1";"—";"229";"219";"10";"Участвуете в конкурсе";"2200316";"—"
"2359";"1";"—";"229";"219";"10";"Участвуете в конкурсе";"1286858";"—"
"2360";"10";"—";"229";"219";"10";"Участвуете в конкурсе";"1422451";"—"
"46";"5";"Электронное";"229";"219";"10";"Участвуете в конкурсе";"2269750";"—"
"2362";"5";"—";"229";"219";"10";"Участвуете в конкурсе";"1533113";"—"
"2363";"4";"—";"229";"219";"10";"Участвуете в конкурсе";"1608147";"—"
"2364";"4";"—";"229";"219";"10";"Участвуете в конкурсе";"2241515";"—"
"2365";"1";"—";"229";"219";"10";"Участвуете в конкурсе";"2006564";"—"
"47";"1";"Электронное";"229";"219";"10";"Участвуете в конкурсе";"2214954";"—"
"2367";"11";"—";"228";"228";"0";"Участвуете в конкурсе";"1262893";"—"
"2368";"3";"—";"228";"228";"0";"Участвуете в конкурсе";"1264241";"—"
"2369";"9";"—";"228";"228";"0";"Участвуете в конкурсе";"1853239";"—"
"2370";"2";"—";"228";"228";"0";"Участвуете в конкурсе";"1418417";"—"
"2371";"8";"—";"228";"228";"0";"Участвуете в конкурсе";"1353474";"—"
"2372";"1";"—";"228";"228";"0";"Участвуете в конкурсе";"1894611";"—"
"2373";"13";"Электронное";"228";"228";"0";"Участвуете в конкурсе";"1432947";"—"
"2374";"11";"Электронное";"228";"228";"0";"Участвуете в конкурсе";"2115960";"—"
"2375";"1";"—";"228";"228";"0";"Участвуете в конкурсе";"1207993";"—"
"2376";"13";"—";"228";"228";"0";"Участвуете в конкурсе";"1431631";"—"
"2377";"12";"—";"228";"228";"0";"Участвуете в конкурсе";"2121553";"—"
"2378";"4";"—";"228";"228";"0";"Участвуете в конкурсе";"1829806";"—"
"2379";"5";"—";"228";"228";"0";"Участвуете в конкурсе";"1651529";"—"
"2380";"2";"—";"228";"228";"0";"Участвуете в конкурсе";"2012996";"—"
"2381";"14";"—";"228";"228";"0";"Участвуете в конкурсе";"1901247";"—"
"2382";"5";"Электронное";"228";"228";"0";"Участвуете в конкурсе";"1705758";"—"
"2383";"13";"—";"228";"228";"0";"Участвуете в конкурсе";"1508018";"—"
"2384";"7";"—";"228";"228";"0";"Участвуете в конкурсе";"1198265";"—"
"2385";"3";"—";"228";"228";"0";"Участвуете в конкурсе";"980086";"—"
"2386";"2";"—";"228";"228";"0";"Участвуете в конкурсе";"1498759";"—"
"2387";"2";"—";"228";"228";"0";"Участвуете в конкурсе";"1823060";"—"
"2388";"1";"—";"228";"226";"2";"Участвуете в конкурсе";"1177793";"—"
"2389";"4";"—";"228";"226";"2";"Участвуете в конкурсе";"1648394";"—"
"2390";"4";"—";"228";"226";"2";"Участвуете в конкурсе";"1317250";"—"
"2391";"1";"—";"228";"226";"2";"Участвуете в конкурсе";"1625321";"—"
"2392";"3";"—";"228";"226";"2";"Участвуете в конкурсе";"1832754";"—"
"2393";"1";"—";"228";"226";"2";"Участвуете в конкурсе";"2205656";"—"
"48";"7";"Электронное";"228";"226";"2";"Участвуете в конкурсе";"1711991";"—"
"2395";"2";"—";"228";"226";"2";"Участвуете в конкурсе";"2252351";"—"
"2396";"14";"—";"228";"226";"2";"Участвуете в конкурсе";"2307163";"—"
"2397";"1";"—";"228";"226";"2";"Участвуете в конкурсе";"2181505";"—"
"2398";"2";"—";"228";"226";"2";"Участвуете в конкурсе";"2137454";"—"
"2399";"3";"—";"228";"225";"3";"Участвуете в конкурсе";"2334031";"—"
"2400";"1";"—";"228";"225";"3";"Участвуете в конкурсе";"2230065";"—"
"2401";"1";"Электронное";"228";"224";"4";"Участвуете в конкурсе";"2176622";"—"
"2402";"1";"Электронное";"228";"221";"7";"Участвуете в конкурсе";"2159522";"—"
"2403";"5";"—";"228";"218";"10";"Участвуете в конкурсе";"2222156";"—"
"2404";"5";"—";"228";"218";"10";"Участвуете в конкурсе";"1847683";"—"
"2405";"1";"—";"228";"218";"10";"Участвуете в конкурсе";"1670647";"—"
"2406";"1";"—";"228";"218";"10";"Участвуете в конкурсе";"1569798";"—"
"2407";"2";"—";"228";"218";"10";"Участвуете в конкурсе";"1642323";"—"
"2408";"3";"—";"228";"218";"10";"Участвуете в конкурсе";"1792989";"—"
"2409";"13";"—";"228";"218";"10";"Участвуете в конкурсе";"2365526";"—"
"2410";"1";"—";"228";"218";"10";"Участвуете в конкурсе";"1332264";"—"
"2411";"1";"—";"228";"218";"10";"Участвуете в конкурсе";"1452666";"—"
"2412";"6";"—";"228";"218";"10";"Участвуете в конкурсе";"1520875";"—"
"2413";"3";"—";"228";"218";"10";"Участвуете в конкурсе";"1268078";"—"
"2414";"1";"—";"228";"218";"10";"Участвуете в конкурсе";"1513013";"—"
"2415";"11";"—";"228";"218";"10";"Участвуете в конкурсе";"2092164";"—"
"2416";"7";"Электронное";"227";"227";"0";"Участвуете в конкурсе";"2424481";"—"
"2417";"11";"—";"227";"227";"0";"Участвуете в конкурсе";"2421571";"—"
"2418";"8";"—";"227";"227";"0";"Участвуете в конкурсе";"1849743";"—"
"2419";"14";"—";"227";"227";"0";"Участвуете в конкурсе";"1380929";"—"
"2420";"3";"—";"227";"227";"0";"Участвуете в конкурсе";"2247421";"—"
"2421";"1";"—";"227";"227";"0";"Участвуете в конкурсе";"1501260";"—"
"2422";"3";"—";"227";"227";"0";"Участвуете в конкурсе";"1787275";"—"
"2423";"10";"Электронное";"227";"227";"0";"Участвуете в конкурсе";"2207367";"—"
"2424";"12";"—";"227";"227";"0";"Участвуете в конкурсе";"2357198";"—"
"2425";"10";"Электронное";"227";"227";"0";"Участвуете в конкурсе";"1513186";"—"
"2426";"11";"—";"227";"227";"0";"Участвуете в конкурсе";"1515516";"—"
"2427";"1";"—";"227";"227";"0";"Участвуете в конкурсе";"2097762";"—"
"2428";"5";"—";"227";"227";"0";"Участвуете в конкурсе";"1271617";"—"
"2429";"1";"—";"227";"227";"0";"Участвуете в конкурсе";"965989";"—"
"2430";"8";"—";"227";"227";"0";"Участвуете в конкурсе";"2049553";"—"
"2431";"1";"Электронное";"227";"227";"0";"Участвуете в конкурсе";"1892154";"—"
"2432";"1";"—";"227";"227";"0";"Участвуете в конкурсе";"2254488";"—"
"2433";"5";"—";"227";"227";"0";"Участвуете в конкурсе";"1606792";"—"
"2434";"2";"—";"227";"227";"0";"Участвуете в конкурсе";"2302421";"—"
"2435";"11";"—";"227";"227";"0";"Участвуете в конкурсе";"1791114";"—"
"2436";"1";"—";"227";"227";"0";"Участвуете в конкурсе";"2207802";"—"
"2437";"4";"Электронное";"227";"227";"0";"Участвуете в конкурсе";"1901930";"—"
"2438";"9";"—";"227";"227";"0";"Участвуете в конкурсе";"2424633";"—"
"2439";"1";"—";"227";"227";"0";"Участвуете в конкурсе";"1628426";"—"
"2440";"1";"—";"227";"227";"0";"Участвуете в конкурсе";"2243397";"—"
"2441";"1";"—";"227";"227";"0";"Участвуете в конкурсе";"2218059";"—"
"2442";"3";"Электронное";"227";"227";"0";"Участвуете в конкурсе";"2416630";"—"
"2443";"1";"—";"227";"227";"0";"Участвуете в конкурсе";"1781329";"—"
"2444";"8";"—";"227";"225";"2";"Участвуете в конкурсе";"2326888";"—"
"2445";"6";"—";"227";"225";"2";"Участвуете в конкурсе";"1305248";"—"
"2446";"7";"—";"227";"225";"2";"Участвуете в конкурсе";"1509517";"—"
"2447";"4";"Электронное";"227";"225";"2";"Участвуете в конкурсе";"2178005";"—"
"2448";"5";"—";"227";"225";"2";"Участвуете в конкурсе";"1642592";"—"
"2449";"1";"—";"227";"225";"2";"Участвуете в конкурсе";"1197757";"—"
"2450";"4";"—";"227";"225";"2";"Участвуете в конкурсе";"1284971";"—"
"2451";"15";"—";"227";"224";"3";"Участвуете в конкурсе";"1175701";"—"
"2452";"6";"—";"227";"224";"3";"Участвуете в конкурсе";"1257066";"—"
"2453";"2";"—";"227";"223";"4";"Участвуете в конкурсе";"2390990";"—"
"2454";"9";"Электронное";"227";"220";"7";"Участвуете в конкурсе";"2176225";"—"
"2455";"8";"—";"227";"217";"10";"Участвуете в конкурсе";"1988344";"—"
"2456";"9";"—";"227";"217";"10";"Участвуете в конкурсе";"2403753";"—"
"2457";"4";"—";"227";"217";"10";"Участвуете в конкурсе";"1700625";"—"
"2458";"8";"—";"227";"217";"10";"Участвуете в конкурсе";"1515194";"—"
"2459";"2";"—";"227";"217";"10";"Участвуете в конкурсе";"1284148";"—"
"2460";"11";"—";"227";"217";"10";"Участвуете в конкурсе";"1040407";"—"
"2461";"11";"—";"227";"217";"10";"Участвуете в конкурсе";"1396733";"—"
"2462";"8";"Электронное";"227";"217";"10";"Участвуете в конкурсе";"1634474";"—"
"2463";"1";"—";"227";"217";"10";"Участвуете в конкурсе";"1895465";"—"
"2464";"10";"—";"227";"217";"10";"Участвуете в конкурсе";"1870198";"—"
"2465";"6";"—";"226";"226";"0";"Участвуете в конкурсе";"1255051";"—"
"2466";"3";"—";"226";"226";"0";"Участвуете в конкурсе";"1434510";"—"
"2467";"3";"Электронное";"226";"226";"0";"Участвуете в конкурсе";"2188538";"—"
"2468";"5";"—";"226";"226";"0";"Участвуете в конкурсе";"2243508";"—"
"2469";"3";"—";"226";"226";"0";"Участвуете в конкурсе";"2113424";"—"
"2470";"10";"—";"226";"226";"0";"Участвуете в конкурсе";"1040302";"—"
"2471";"1";"—";"226";"226";"0";"Участвуете в конкурсе";"1520497";"—"
"2472";"2";"—";"226";"226";"0";"Участвуете в конкурсе";"2184678";"—"
"2473";"1";"—";"226";"226";"0";"Участвуете в конкурсе";"1379433";"—"
"2474";"6";"—";"226";"226";"0";"Участвуете в конкурсе";"2269615";"—"
"2475";"4";"—";"226";"226";"0";"Участвуете в конкурсе";"2301911";"—"
"2476";"1";"—";"226";"226";"0";"Участвуете в конкурсе";"1513851";"—"
"2477";"1";"—";"226";"226";"0";"Участвуете в конкурсе";"1647351";"—"
"2478";"4";"—";"226";"226";"0";"Участвуете в конкурсе";"1494590";"—"
"2479";"13";"—";"226";"226";"0";"Участвуете в конкурсе";"1677845";"—"
"2480";"12";"—";"226";"226";"0";"Участвуете в конкурсе";"1822468";"—"
"2481";"1";"—";"226";"226";"0";"Участвуете в конкурсе";"1347709";"—"
"2482";"6";"—";"226";"226";"0";"Участвуете в конкурсе";"1577146";"—"
"2483";"1";"—";"226";"226";"0";"Участвуете в конкурсе";"1023090";"—"
"2484";"4";"—";"226";"226";"0";"Участвуете в конкурсе";"1689709";"—"
"2485";"7";"—";"226";"226";"0";"Участвуете в конкурсе";"2342395";"—"
"2486";"9";"—";"226";"226";"0";"Участвуете в конкурсе";"1426342";"—"
"2487";"2";"Электронное";"226";"226";"0";"Участвуете в конкурсе";"1508169";"—"
"2488";"1";"—";"226";"226";"0";"Участвуете в конкурсе";"1439440";"—"
"2489";"1";"—";"226";"226";"0";"Участвуете в конкурсе";"1589911";"—"
"2490";"1";"—";"226";"226";"0";"Участвуете в конкурсе";"2099183";"—"
"2491";"7";"—";"226";"226";"0";"Участвуете в конкурсе";"1577058";"—"
"2492";"8";"Электронное";"226";"226";"0";"Участвуете в конкурсе";"1607572";"—"
"2493";"2";"—";"226";"226";"0";"Участвуете в конкурсе";"1724934";"—"
"2494";"10";"—";"226";"226";"0";"Участвуете в конкурсе";"1612670";"—"
"2495";"3";"—";"226";"226";"0";"Участвуете в конкурсе";"1723818";"—"
"2496";"8";"—";"226";"226";"0";"Участвуете в конкурсе";"2206776";"—"
"2497";"1";"—";"226";"226";"0";"Участвуете в конкурсе";"2254670";"—"
"2498";"2";"—";"226";"224";"2";"Участвуете в конкурсе";"1343846";"—"
"2499";"4";"—";"226";"224";"2";"Участвуете в конкурсе";"2262935";"—"
"2500";"1";"—";"226";"224";"2";"Участвуете в конкурсе";"1513164";"—"
"2501";"11";"—";"226";"224";"2";"Участвуете в конкурсе";"1982928";"—"
"2502";"3";"—";"226";"224";"2";"Участвуете в конкурсе";"958019";"—"
"2503";"11";"—";"226";"224";"2";"Участвуете в конкурсе";"1436275";"—"
"2504";"9";"—";"226";"224";"2";"Участвуете в конкурсе";"1175980";"—"
"2505";"4";"—";"226";"224";"2";"Участвуете в конкурсе";"2325600";"—"
"2506";"1";"Электронное";"226";"223";"3";"Участвуете в конкурсе";"1858499";"—"
"2507";"5";"—";"226";"223";"3";"Участвуете в конкурсе";"1434232";"—"
"2508";"3";"—";"226";"222";"4";"Участвуете в конкурсе";"1199126";"—"
"2509";"7";"—";"226";"221";"5";"Участвуете в конкурсе";"1846267";"—"
"2510";"4";"—";"226";"220";"6";"Участвуете в конкурсе";"2387079";"—"
"2511";"11";"Электронное";"226";"219";"7";"Участвуете в конкурсе";"1819169";"—"
"2512";"1";"—";"226";"219";"7";"Участвуете в конкурсе";"1410514";"—"
"2513";"2";"—";"226";"216";"10";"Участвуете в конкурсе";"1797443";"—"
"2514";"6";"—";"226";"216";"10";"Участвуете в конкурсе";"1288897";"—"
"2515";"2";"—";"226";"216";"10";"Участвуете в конкурсе";"1558179";"—"
"2516";"4";"—";"226";"216";"10";"Участвуете в конкурсе";"1480906";"—"
"2517";"1";"—";"226";"216";"10";"Участвуете в конкурсе";"2266137";"—"
"2518";"11";"Электронное";"226";"216";"10";"Участвуете в конкурсе";"2417592";"—"
"2519";"7";"—";"226";"216";"10";"Участвуете в конкурсе";"1725300";"—"
"2520";"3";"—";"226";"216";"10";"Участвуете в конкурсе";"1446690";"—"
"2521";"2";"—";"226";"216";"10";"Участвуете в конкурсе";"1251019";"—"
"2522";"1";"—";"226";"216";"10";"Участвуете в конкурсе";"2423899";"—"
"2523";"12";"—";"226";"216";"10";"Участвуете в конкурсе";"2245367";"—"
"2524";"5";"—";"225";"225";"0";"Участвуете в конкурсе";"1208186";"—"
"2525";"10";"—";"225";"225";"0";"Участвуете в конкурсе";"1543960";"—"
"2526";"12";"—";"225";"225";"0";"Участвуете в конкурсе";"1339664";"—"
"2527";"1";"—";"225";"225";"0";"Участвуете в конкурсе";"1490887";"—"
"2528";"3";"—";"225";"225";"0";"Участвуете в конкурсе";"1656829";"—"
"2529";"1";"—";"225";"225";"0";"Участвуете в конкурсе";"1814615";"—"
"2530";"9";"—";"225";"225";"0";"Участвуете в конкурсе";"1985448";"—"
"2531";"5";"—";"225";"225";"0";"Участвуете в конкурсе";"1263418";"—"
"2532";"5";"—";"225";"225";"0";"Участвуете в конкурсе";"2182658";"—"
"2533";"2";"Электронное";"225";"225";"0";"Участвуете в конкурсе";"1227178";"—"
"2534";"6";"Электронное";"225";"225";"0";"Участвуете в конкурсе";"2096285";"—"
"2535";"3";"—";"225";"225";"0";"Участвуете в конкурсе";"998620";"—"
"2536";"2";"—";"225";"225";"0";"Участвуете в конкурсе";"1509347";"—"
"2537";"8";"—";"225";"225";"0";"Участвуете в конкурсе";"1837851";"—"
"2538";"3";"—";"225";"225";"0";"Участвуете в конкурсе";"2340713";"—"
"2539";"1";"—";"225";"225";"0";"Участвуете в конкурсе";"2383113";"—"
"2540";"5";"—";"225";"225";"0";"Участвуете в конкурсе";"1780628";"—"
"2541";"13";"—";"225";"225";"0";"Участвуете в конкурсе";"2138864";"—"
"2542";"4";"—";"225";"225";"0";"Участвуете в конкурсе";"2218696";"—"
"2543";"5";"—";"225";"225";"0";"Участвуете в конкурсе";"1204064";"—"
"2544";"5";"—";"225";"225";"0";"Участвуете в конкурсе";"1268934";"—"
"2545";"1";"—";"225";"225";"0";"Участвуете в конкурсе";"2385801";"—"
"2546";"6";"—";"225";"225";"0";"Участвуете в конкурсе";"2225939";"—"
"2547";"8";"—";"225";"225";"0";"Участвуете в конкурсе";"1785891";"—"
"2548";"9";"—";"225";"225";"0";"Участвуете в конкурсе";"1999134";"—"
"2549";"4";"—";"225";"225";"0";"Участвуете в конкурсе";"1175364";"—"
"2550";"4";"—";"225";"225";"0";"Участвуете в конкурсе";"1487590";"—"
"2551";"4";"—";"225";"225";"0";"Участвуете в конкурсе";"1854700";"—"
"2552";"2";"—";"225";"225";"0";"Участвуете в конкурсе";"1275990";"—"
"2553";"5";"—";"225";"225";"0";"Участвуете в конкурсе";"2325883";"—"
"2554";"2";"—";"225";"225";"0";"Участвуете в конкурсе";"1287795";"—"
"2555";"1";"—";"225";"225";"0";"Участвуете в конкурсе";"1384814";"—"
"2556";"8";"—";"225";"225";"0";"Участвуете в конкурсе";"1446419";"—"
"2557";"3";"—";"225";"225";"0";"Участвуете в конкурсе";"2242894";"—"
"2558";"9";"—";"225";"225";"0";"Участвуете в конкурсе";"1548321";"—"
"2559";"1";"—";"225";"223";"2";"Участвуете в конкурсе";"1764782";"—"
"2560";"2";"—";"225";"223";"2";"Участвуете в конкурсе";"1941854";"—"
"2561";"12";"—";"225";"223";"2";"Участвуете в конкурсе";"1721878";"—"
"2562";"5";"—";"225";"223";"2";"Участвуете в конкурсе";"1932941";"—"
"2563";"10";"—";"225";"222";"3";"Участвуете в конкурсе";"1238004";"—"
"2564";"6";"—";"225";"222";"3";"Участвуете в конкурсе";"1651181";"—"
"2565";"6";"—";"225";"222";"3";"Участвуете в конкурсе";"1727113";"—"
"2566";"2";"Электронное";"225";"221";"4";"Участвуете в конкурсе";"1267372";"—"
"2567";"5";"—";"225";"220";"5";"Участвуете в конкурсе";"1959577";"—"
"2568";"13";"—";"225";"219";"6";"Участвуете в конкурсе";"2265600";"—"
"2569";"6";"—";"225";"215";"10";"Участвуете в конкурсе";"2423612";"—"
"2570";"7";"—";"225";"215";"10";"Участвуете в конкурсе";"1364109";"—"
"2571";"12";"—";"225";"215";"10";"Участвуете в конкурсе";"2340972";"—"
"2572";"1";"—";"225";"215";"10";"Участвуете в конкурсе";"1962703";"—"
"2573";"9";"Электронное";"225";"215";"10";"Участвуете в конкурсе";"1741269";"—"
"2574";"2";"—";"225";"215";"10";"Участвуете в конкурсе";"1831785";"—"
"2575";"5";"—";"225";"215";"10";"Участвуете в конкурсе";"1754448";"—"
"2576";"3";"—";"225";"215";"10";"Участвуете в конкурсе";"1714221";"—"
"2577";"17";"—";"225";"215";"10";"Участвуете в конкурсе";"1213908";"—"
"2578";"6";"—";"224";"224";"0";"Участвуете в конкурсе";"2343240";"—"
"2579";"6";"—";"224";"224";"0";"Участвуете в конкурсе";"2002954";"—"
"2580";"12";"—";"224";"224";"0";"Участвуете в конкурсе";"2423986";"—"
"2581";"2";"—";"224";"224";"0";"Участвуете в конкурсе";"1606082";"—"
"2582";"5";"—";"224";"224";"0";"Участвуете в конкурсе";"2166352";"—"
"2583";"2";"—";"224";"224";"0";"Участвуете в конкурсе";"1601624";"—"
"2584";"6";"—";"224";"224";"0";"Участвуете в конкурсе";"2265404";"—"
"2585";"3";"—";"224";"224";"0";"Участвуете в конкурсе";"1791288";"—"
"2586";"9";"—";"224";"224";"0";"Участвуете в конкурсе";"1263530";"—"
"2587";"3";"—";"224";"224";"0";"Участвуете в конкурсе";"1705975";"—"
"2588";"4";"—";"224";"224";"0";"Участвуете в конкурсе";"1425611";"—"
"2589";"1";"—";"224";"224";"0";"Участвуете в конкурсе";"1628553";"—"
"2590";"8";"—";"224";"224";"0";"Участвуете в конкурсе";"2392162";"—"
"2591";"12";"—";"224";"224";"0";"Участвуете в конкурсе";"2313005";"—"
"2592";"4";"—";"224";"224";"0";"Участвуете в конкурсе";"1509312";"—"
"2593";"2";"—";"224";"224";"0";"Участвуете в конкурсе";"1962447";"—"
"2594";"5";"—";"224";"224";"0";"Участвуете в конкурсе";"1696625";"—"
"2595";"9";"—";"224";"224";"0";"Участвуете в конкурсе";"1722149";"—"
"2596";"5";"—";"224";"224";"0";"Участвуете в конкурсе";"1288696";"—"
"2597";"4";"—";"224";"224";"0";"Участвуете в конкурсе";"1285810";"—"
"2598";"5";"Электронное";"224";"224";"0";"Участвуете в конкурсе";"1570421";"—"
"2599";"1";"—";"224";"224";"0";"Участвуете в конкурсе";"1272364";"—"
"2600";"3";"—";"224";"224";"0";"Участвуете в конкурсе";"1714526";"—"
"2601";"5";"—";"224";"224";"0";"Участвуете в конкурсе";"1797966";"—"
"2602";"1";"—";"224";"224";"0";"Участвуете в конкурсе";"1473617";"—"
"2603";"2";"—";"224";"224";"0";"Участвуете в конкурсе";"1512395";"—"
"2604";"12";"—";"224";"224";"0";"Участвуете в конкурсе";"2307523";"—"
"2605";"1";"—";"224";"222";"2";"Участвуете в конкурсе";"2340093";"—"
"2606";"13";"—";"224";"222";"2";"Участвуете в конкурсе";"2056406";"—"
"2607";"6";"—";"224";"222";"2";"Участвуете в конкурсе";"2050866";"—"
"2608";"4";"—";"224";"222";"2";"Участвуете в конкурсе";"1517608";"—"
"2609";"1";"—";"224";"222";"2";"Участвуете в конкурсе";"2106635";"—"
"2610";"5";"—";"224";"222";"2";"Участвуете в конкурсе";"2203471";"—"
"2611";"3";"—";"224";"222";"2";"Участвуете в конкурсе";"2261129";"—"
"2612";"1";"—";"224";"222";"2";"Участвуете в конкурсе";"1941429";"—"
"2613";"3";"Электронное";"224";"222";"2";"Участвуете в конкурсе";"2306598";"—"
"2614";"2";"—";"224";"222";"2";"Участвуете в конкурсе";"2224399";"—"
"2615";"8";"—";"224";"222";"2";"Участвуете в конкурсе";"1193375";"—"
"2616";"6";"—";"224";"219";"5";"Участвуете в конкурсе";"1487803";"—"
"2617";"7";"—";"224";"219";"5";"Участвуете в конкурсе";"1103750";"—"
"2618";"1";"—";"224";"219";"5";"Участвуете в конкурсе";"2302668";"—"
"2619";"1";"—";"224";"219";"5";"Участвуете в конкурсе";"1571791";"—"
"2620";"13";"—";"224";"219";"5";"Участвуете в конкурсе";"2135494";"—"
"2621";"5";"—";"224";"216";"8";"Участвуете в конкурсе";"1652480";"—"
"2622";"12";"—";"224";"216";"8";"Участвуете в конкурсе";"1824773";"—"
"2623";"1";"—";"224";"214";"10";"Участвуете в конкурсе";"1622866";"—"
"2624";"3";"—";"224";"214";"10";"Участвуете в конкурсе";"2313383";"—"
"2625";"7";"—";"224";"214";"10";"Участвуете в конкурсе";"1912953";"—"
"2626";"2";"—";"224";"214";"10";"Участвуете в конкурсе";"1214843";"—"
"2627";"5";"—";"224";"214";"10";"Участвуете в конкурсе";"1687187";"—"
"2628";"11";"Электронное";"224";"214";"10";"Участвуете в конкурсе";"990638";"—"
"2629";"10";"—";"224";"214";"10";"Участвуете в конкурсе";"1579949";"—"
"2630";"12";"—";"224";"214";"10";"Участвуете в конкурсе";"2142584";"—"
"2631";"16";"—";"224";"214";"10";"Участвуете в конкурсе";"2391325";"—"
"2632";"8";"—";"224";"214";"10";"Участвуете в конкурсе";"1360107";"—"
"2633";"7";"—";"224";"214";"10";"Участвуете в конкурсе";"1344794";"—"
"2634";"17";"Электронное";"224";"214";"10";"Участвуете в конкурсе";"2228797";"—"
"2635";"6";"—";"223";"223";"0";"Участвуете в конкурсе";"1743782";"—"
"2636";"1";"—";"223";"223";"0";"Участвуете в конкурсе";"1205166";"—"
"2637";"4";"—";"223";"223";"0";"Участвуете в конкурсе";"1622660";"—"
"2638";"14";"—";"223";"223";"0";"Участвуете в конкурсе";"1558434";"—"
"2639";"14";"—";"223";"223";"0";"Участвуете в конкурсе";"2304339";"—"
"2640";"1";"—";"223";"223";"0";"Участвуете в конкурсе";"952426";"—"
"2641";"1";"—";"223";"223";"0";"Участвуете в конкурсе";"2179270";"—"
"2642";"7";"—";"223";"223";"0";"Участвуете в конкурсе";"1347916";"—"
"2643";"12";"—";"223";"223";"0";"Участвуете в конкурсе";"1326828";"—"
"2644";"2";"—";"223";"223";"0";"Участвуете в конкурсе";"1392403";"—"
"2645";"13";"—";"223";"223";"0";"Участвуете в конкурсе";"1028220";"—"
"2646";"1";"—";"223";"223";"0";"Участвуете в конкурсе";"1726840";"—"
"2647";"8";"—";"223";"223";"0";"Участвуете в конкурсе";"2190167";"—"
"2648";"1";"—";"223";"223";"0";"Участвуете в конкурсе";"2309561";"—"
"2649";"5";"—";"223";"223";"0";"Участвуете в конкурсе";"1495679";"—"
"2650";"1";"Электронное";"223";"223";"0";"Участвуете в конкурсе";"2203433";"—"
"2651";"4";"—";"223";"223";"0";"Участвуете в конкурсе";"1565564";"—"
"2652";"3";"—";"223";"223";"0";"Участвуете в конкурсе";"1764076";"—"
"2653";"6";"—";"223";"223";"0";"Участвуете в конкурсе";"2210745";"—"
"2654";"4";"—";"223";"223";"0";"Участвуете в конкурсе";"1353792";"—"
"2655";"2";"—";"223";"223";"0";"Участвуете в конкурсе";"1246818";"—"
"2656";"1";"Электронное";"223";"223";"0";"Участвуете в конкурсе";"1581602";"—"
"2657";"2";"—";"223";"223";"0";"Участвуете в конкурсе";"2165503";"—"
"2658";"6";"—";"223";"223";"0";"Участвуете в конкурсе";"1731117";"—"
"2659";"2";"—";"223";"223";"0";"Участвуете в конкурсе";"1250177";"—"
"2660";"7";"—";"223";"223";"0";"Участвуете в конкурсе";"1204129";"—"
"2661";"6";"—";"223";"223";"0";"Участвуете в конкурсе";"2254297";"—"
"2662";"3";"—";"223";"223";"0";"Участвуете в конкурсе";"2394990";"—"
"2663";"12";"—";"223";"223";"0";"Участвуете в конкурсе";"1220683";"—"
"2664";"1";"—";"223";"223";"0";"Участвуете в конкурсе";"1912850";"—"
"2665";"1";"—";"223";"223";"0";"Участвуете в конкурсе";"2254474";"—"
"2666";"11";"—";"223";"223";"0";"Участвуете в конкурсе";"1728010";"—"
"2667";"3";"—";"223";"223";"0";"Участвуете в конкурсе";"1602774";"—"
"2668";"4";"—";"223";"221";"2";"Участвуете в конкурсе";"1643068";"—"
"2669";"2";"—";"223";"221";"2";"Участвуете в конкурсе";"1480267";"—"
"2670";"1";"—";"223";"221";"2";"Участвуете в конкурсе";"2130611";"—"
"2671";"5";"—";"223";"221";"2";"Участвуете в конкурсе";"2274852";"—"
"2672";"7";"—";"223";"220";"3";"Участвуете в конкурсе";"1620962";"—"
"2673";"21";"—";"223";"220";"3";"Участвуете в конкурсе";"989399";"—"
"2674";"9";"—";"223";"220";"3";"Участвуете в конкурсе";"1643147";"—"
"2675";"7";"—";"223";"220";"3";"Участвуете в конкурсе";"2005003";"—"
"2676";"3";"—";"223";"219";"4";"Участвуете в конкурсе";"1445944";"—"
"2677";"1";"—";"223";"218";"5";"Участвуете в конкурсе";"2170491";"—"
"2678";"7";"—";"223";"218";"5";"Участвуете в конкурсе";"1691627";"—"
"2679";"3";"—";"223";"218";"5";"Участвуете в конкурсе";"2052727";"—"
"2680";"9";"—";"223";"213";"10";"Участвуете в конкурсе";"1961409";"—"
"2681";"1";"—";"223";"213";"10";"Участвуете в конкурсе";"1929269";"—"
"2682";"1";"Электронное";"223";"213";"10";"Участвуете в конкурсе";"1353722";"—"
"2683";"6";"—";"223";"213";"10";"Участвуете в конкурсе";"2222085";"—"
"2684";"10";"—";"223";"213";"10";"Участвуете в конкурсе";"1472485";"—"
"2685";"14";"—";"223";"213";"10";"Участвуете в конкурсе";"2176360";"—"
"2686";"8";"—";"223";"213";"10";"Участвуете в конкурсе";"1609357";"—"
"2687";"2";"—";"223";"213";"10";"Участвуете в конкурсе";"1503566";"—"
"2688";"4";"—";"222";"222";"0";"Участвуете в конкурсе";"1783135";"—"
"2689";"3";"—";"222";"222";"0";"Участвуете в конкурсе";"2246561";"—"
"2690";"2";"—";"222";"222";"0";"Участвуете в конкурсе";"2312076";"—"
"2691";"12";"—";"222";"222";"0";"Участвуете в конкурсе";"2345962";"—"
"2692";"5";"—";"222";"222";"0";"Участвуете в конкурсе";"1312801";"—"
"2693";"4";"—";"222";"222";"0";"Участвуете в конкурсе";"1257397";"—"
"2694";"7";"—";"222";"222";"0";"Участвуете в конкурсе";"1495850";"—"
"2695";"1";"—";"222";"222";"0";"Участвуете в конкурсе";"1700258";"—"
"2696";"3";"—";"222";"222";"0";"Участвуете в конкурсе";"2395087";"—"
"2697";"2";"—";"222";"222";"0";"Участвуете в конкурсе";"2404500";"—"
"2698";"1";"—";"222";"222";"0";"Участвуете в конкурсе";"2066463";"—"
"2699";"14";"—";"222";"222";"0";"Участвуете в конкурсе";"1591356";"—"
"2700";"2";"—";"222";"222";"0";"Участвуете в конкурсе";"2101257";"—"
"2701";"4";"—";"222";"222";"0";"Участвуете в конкурсе";"2331473";"—"
"2702";"2";"—";"222";"222";"0";"Участвуете в конкурсе";"1102972";"—"
"2703";"3";"—";"222";"222";"0";"Участвуете в конкурсе";"1352012";"—"
"2704";"5";"—";"222";"222";"0";"Участвуете в конкурсе";"1995919";"—"
"2705";"10";"—";"222";"222";"0";"Участвуете в конкурсе";"2394955";"—"
"2706";"5";"Электронное";"222";"222";"0";"Участвуете в конкурсе";"1786522";"—"
"2707";"3";"—";"222";"222";"0";"Участвуете в конкурсе";"1102161";"—"
"2708";"8";"—";"222";"222";"0";"Участвуете в конкурсе";"1285943";"—"
"2709";"3";"—";"222";"222";"0";"Участвуете в конкурсе";"1644013";"—"
"2710";"1";"—";"222";"222";"0";"Участвуете в конкурсе";"1532355";"—"
"2711";"3";"—";"222";"222";"0";"Участвуете в конкурсе";"1572942";"—"
"2712";"5";"—";"222";"222";"0";"Участвуете в конкурсе";"2292172";"—"
"2713";"3";"—";"222";"222";"0";"Участвуете в конкурсе";"1597043";"—"
"2714";"8";"—";"222";"222";"0";"Участвуете в конкурсе";"1719693";"—"
"2715";"2";"—";"222";"222";"0";"Участвуете в конкурсе";"1075759";"—"
"2716";"13";"—";"222";"222";"0";"Участвуете в конкурсе";"1935684";"—"
"2717";"7";"—";"222";"222";"0";"Участвуете в конкурсе";"1717370";"—"
"2718";"4";"—";"222";"222";"0";"Участвуете в конкурсе";"2216631";"—"
"2719";"4";"—";"222";"222";"0";"Участвуете в конкурсе";"1199783";"—"
"2720";"5";"—";"222";"222";"0";"Участвуете в конкурсе";"1723255";"—"
"2721";"8";"—";"222";"222";"0";"Участвуете в конкурсе";"1655141";"—"
"2722";"1";"—";"222";"220";"2";"Участвуете в конкурсе";"1387160";"—"
"2723";"8";"—";"222";"220";"2";"Участвуете в конкурсе";"1962006";"—"
"2724";"3";"—";"222";"220";"2";"Участвуете в конкурсе";"2310830";"—"
"2725";"10";"—";"222";"220";"2";"Участвуете в конкурсе";"1398886";"—"
"2726";"9";"—";"222";"220";"2";"Участвуете в конкурсе";"2130452";"—"
"2727";"5";"—";"222";"220";"2";"Участвуете в конкурсе";"2033525";"—"
"2728";"4";"—";"222";"220";"2";"Участвуете в конкурсе";"1258030";"—"
"2729";"11";"—";"222";"220";"2";"Участвуете в конкурсе";"2305495";"—"
"2730";"1";"—";"222";"220";"2";"Участвуете в конкурсе";"2340649";"—"
"2731";"3";"—";"222";"220";"2";"Участвуете в конкурсе";"2298266";"—"
"2732";"3";"Электронное";"222";"220";"2";"Участвуете в конкурсе";"1835399";"—"
"2733";"3";"—";"222";"220";"2";"Участвуете в конкурсе";"1367423";"—"
"2734";"3";"—";"222";"220";"2";"Участвуете в конкурсе";"2311876";"—"
"2735";"4";"—";"222";"219";"3";"Участвуете в конкурсе";"1849276";"—"
"2736";"2";"—";"222";"217";"5";"Участвуете в конкурсе";"2251199";"—"
"2737";"7";"Электронное";"222";"217";"5";"Участвуете в конкурсе";"1146279";"—"
"2738";"2";"—";"222";"217";"5";"Участвуете в конкурсе";"1277233";"—"
"2739";"7";"—";"222";"216";"6";"Участвуете в конкурсе";"1328811";"—"
"2740";"18";"Электронное";"222";"214";"8";"Участвуете в конкурсе";"1979919";"—"
"2741";"3";"—";"222";"212";"10";"Участвуете в конкурсе";"2255536";"—"
"2742";"4";"—";"222";"212";"10";"Участвуете в конкурсе";"2001892";"—"
"2743";"5";"—";"222";"212";"10";"Участвуете в конкурсе";"1567137";"—"
"2744";"1";"—";"222";"212";"10";"Участвуете в конкурсе";"1875314";"—"
"2745";"10";"—";"222";"212";"10";"Участвуете в конкурсе";"2382846";"—"
"2746";"8";"—";"222";"212";"10";"Участвуете в конкурсе";"1645554";"—"
"2747";"2";"—";"221";"221";"0";"Участвуете в конкурсе";"2412564";"—"
"2748";"2";"—";"221";"221";"0";"Участвуете в конкурсе";"1576168";"—"
"2749";"9";"—";"221";"221";"0";"Участвуете в конкурсе";"1224898";"—"
"2750";"11";"—";"221";"221";"0";"Участвуете в конкурсе";"1294633";"—"
"2751";"1";"—";"221";"221";"0";"Участвуете в конкурсе";"2076158";"—"
"2752";"2";"—";"221";"221";"0";"Участвуете в конкурсе";"1143244";"—"
"2753";"3";"—";"221";"221";"0";"Участвуете в конкурсе";"1858549";"—"
"2754";"7";"—";"221";"221";"0";"Участвуете в конкурсе";"1022024";"—"
"2755";"14";"—";"221";"221";"0";"Участвуете в конкурсе";"1439852";"—"
"2756";"5";"—";"221";"221";"0";"Участвуете в конкурсе";"1898076";"—"
"2757";"3";"—";"221";"221";"0";"Участвуете в конкурсе";"1205244";"—"
"2758";"1";"—";"221";"221";"0";"Участвуете в конкурсе";"1944388";"—"
"2759";"9";"—";"221";"221";"0";"Участвуете в конкурсе";"1582886";"—"
"2760";"15";"—";"221";"221";"0";"Участвуете в конкурсе";"1202078";"—"
"2761";"2";"Электронное";"221";"221";"0";"Участвуете в конкурсе";"2180501";"—"
"2762";"5";"—";"221";"221";"0";"Участвуете в конкурсе";"2190336";"—"
"2763";"13";"Электронное";"221";"221";"0";"Участвуете в конкурсе";"1794658";"—"
"2764";"2";"—";"221";"221";"0";"Участвуете в конкурсе";"1857457";"—"
"2765";"6";"—";"221";"219";"2";"Участвуете в конкурсе";"2165449";"—"
"2766";"1";"—";"221";"219";"2";"Участвуете в конкурсе";"1441232";"—"
"2767";"3";"—";"221";"219";"2";"Участвуете в конкурсе";"2215273";"—"
"2768";"1";"—";"221";"219";"2";"Участвуете в конкурсе";"2119185";"—"
"2769";"7";"—";"221";"219";"2";"Участвуете в конкурсе";"2307233";"—"
"2770";"5";"—";"221";"219";"2";"Участвуете в конкурсе";"2355279";"—"
"2771";"14";"—";"221";"219";"2";"Участвуете в конкурсе";"1438264";"—"
"2772";"4";"—";"221";"219";"2";"Участвуете в конкурсе";"1974504";"—"
"2773";"1";"—";"221";"219";"2";"Участвуете в конкурсе";"1473550";"—"
"2774";"12";"—";"221";"219";"2";"Участвуете в конкурсе";"1922482";"—"
"2775";"2";"—";"221";"218";"3";"Участвуете в конкурсе";"2142386";"—"
"2776";"5";"—";"221";"218";"3";"Участвуете в конкурсе";"1307643";"—"
"2777";"10";"—";"221";"217";"4";"Участвуете в конкурсе";"2254145";"—"
"2778";"1";"—";"221";"216";"5";"Участвуете в конкурсе";"2304431";"—"
"2779";"2";"—";"221";"211";"10";"Участвуете в конкурсе";"1364303";"—"
"2780";"6";"—";"221";"211";"10";"Участвуете в конкурсе";"1651383";"—"
"2781";"3";"—";"221";"211";"10";"Участвуете в конкурсе";"2351775";"—"
"2782";"5";"—";"221";"211";"10";"Участвуете в конкурсе";"1795146";"—"
"2783";"5";"—";"221";"211";"10";"Участвуете в конкурсе";"1649358";"—"
"2784";"5";"—";"220";"220";"0";"Участвуете в конкурсе";"2345307";"—"
"2785";"1";"—";"220";"220";"0";"Участвуете в конкурсе";"1609483";"—"
"2786";"1";"—";"220";"220";"0";"Участвуете в конкурсе";"1655085";"—"
"2787";"9";"Электронное";"220";"220";"0";"Участвуете в конкурсе";"1358467";"—"
"2788";"11";"—";"220";"220";"0";"Участвуете в конкурсе";"1579243";"—"
"2789";"7";"—";"220";"220";"0";"Участвуете в конкурсе";"1644299";"—"
"2790";"1";"—";"220";"220";"0";"Участвуете в конкурсе";"2165806";"—"
"2791";"4";"—";"220";"220";"0";"Участвуете в конкурсе";"1453746";"—"
"2792";"1";"—";"220";"220";"0";"Участвуете в конкурсе";"2258401";"—"
"2793";"2";"—";"220";"220";"0";"Участвуете в конкурсе";"1576660";"—"
"2794";"5";"—";"220";"220";"0";"Участвуете в конкурсе";"1243180";"—"
"2795";"1";"—";"220";"220";"0";"Участвуете в конкурсе";"2310763";"—"
"2796";"1";"Электронное";"220";"220";"0";"Участвуете в конкурсе";"1174925";"—"
"2797";"1";"Электронное";"220";"220";"0";"Участвуете в конкурсе";"1512546";"—"
"2798";"1";"—";"220";"220";"0";"Участвуете в конкурсе";"2330868";"—"
"2799";"13";"—";"220";"220";"0";"Участвуете в конкурсе";"1913613";"—"
"2800";"11";"—";"220";"220";"0";"Участвуете в конкурсе";"2406635";"—"
"2801";"13";"—";"220";"220";"0";"Участвуете в конкурсе";"1670281";"—"
"2802";"2";"—";"220";"220";"0";"Участвуете в конкурсе";"1163693";"—"
"2803";"13";"—";"220";"218";"2";"Участвуете в конкурсе";"2173287";"—"
"2804";"2";"—";"220";"218";"2";"Участвуете в конкурсе";"2263049";"—"
"2805";"4";"—";"220";"218";"2";"Участвуете в конкурсе";"1753763";"—"
"2806";"5";"—";"220";"218";"2";"Участвуете в конкурсе";"1437085";"—"
"2807";"1";"—";"220";"218";"2";"Участвуете в конкурсе";"1391938";"—"
"2808";"5";"—";"220";"218";"2";"Участвуете в конкурсе";"1325517";"—"
"2809";"1";"—";"220";"218";"2";"Участвуете в конкурсе";"2254400";"—"
"2810";"11";"—";"220";"218";"2";"Участвуете в конкурсе";"2273369";"—"
"2811";"3";"—";"220";"218";"2";"Участвуете в конкурсе";"1603596";"—"
"2812";"5";"—";"220";"218";"2";"Участвуете в конкурсе";"1508619";"—"
"2813";"11";"—";"220";"218";"2";"Участвуете в конкурсе";"2052613";"—"
"2814";"9";"—";"220";"218";"2";"Участвуете в конкурсе";"1765316";"—"
"2815";"12";"—";"220";"218";"2";"Участвуете в конкурсе";"1986079";"—"
"2816";"7";"Электронное";"220";"217";"3";"Участвуете в конкурсе";"1469936";"—"
"2817";"3";"—";"220";"210";"10";"Участвуете в конкурсе";"1686248";"—"
"2818";"3";"—";"220";"210";"10";"Участвуете в конкурсе";"1534430";"—"
"2819";"8";"—";"220";"210";"10";"Участвуете в конкурсе";"2198010";"—"
"2820";"2";"—";"220";"210";"10";"Участвуете в конкурсе";"2264371";"—"
"2821";"5";"—";"220";"210";"10";"Участвуете в конкурсе";"1236491";"—"
"2822";"7";"Электронное";"220";"210";"10";"Участвуете в конкурсе";"1854137";"—"
"2823";"6";"—";"220";"210";"10";"Участвуете в конкурсе";"1572246";"—"
"2824";"3";"—";"220";"210";"10";"Участвуете в конкурсе";"1292170";"—"
"2825";"5";"—";"220";"210";"10";"Участвуете в конкурсе";"2327971";"—"
"2826";"4";"—";"220";"210";"10";"Участвуете в конкурсе";"2183038";"—"
"2827";"3";"—";"219";"219";"0";"Участвуете в конкурсе";"1198005";"—"
"2828";"5";"—";"219";"219";"0";"Участвуете в конкурсе";"2379538";"—"
"2829";"12";"—";"219";"219";"0";"Участвуете в конкурсе";"1402951";"—"
"2830";"5";"—";"219";"219";"0";"Участвуете в конкурсе";"1322279";"—"
"2831";"8";"Электронное";"219";"219";"0";"Участвуете в конкурсе";"2144528";"—"
"2832";"1";"—";"219";"219";"0";"Участвуете в конкурсе";"1130271";"—"
"2833";"5";"—";"219";"219";"0";"Участвуете в конкурсе";"1374200";"—"
"2834";"2";"Электронное";"219";"219";"0";"Участвуете в конкурсе";"2290278";"—"
"2835";"8";"—";"219";"219";"0";"Участвуете в конкурсе";"2390228";"—"
"2836";"1";"Электронное";"219";"219";"0";"Участвуете в конкурсе";"1956097";"—"
"2837";"1";"—";"219";"219";"0";"Участвуете в конкурсе";"1300748";"—"
"2838";"6";"—";"219";"219";"0";"Участвуете в конкурсе";"2130546";"—"
"2839";"8";"—";"219";"219";"0";"Участвуете в конкурсе";"1654839";"—"
"2840";"6";"—";"219";"219";"0";"Участвуете в конкурсе";"1915313";"—"
"2841";"11";"Электронное";"219";"219";"0";"Участвуете в конкурсе";"1246043";"—"
"2842";"6";"—";"219";"217";"2";"Участвуете в конкурсе";"2294911";"—"
"2843";"4";"—";"219";"217";"2";"Участвуете в конкурсе";"1236073";"—"
"2844";"8";"Электронное";"219";"217";"2";"Участвуете в конкурсе";"1723911";"—"
"2845";"7";"—";"219";"217";"2";"Участвуете в конкурсе";"2004129";"—"
"2846";"5";"—";"219";"217";"2";"Участвуете в конкурсе";"1260482";"—"
"2847";"7";"—";"219";"217";"2";"Участвуете в конкурсе";"2267632";"—"
"2848";"8";"—";"219";"217";"2";"Участвуете в конкурсе";"1274713";"—"
"2849";"5";"—";"219";"216";"3";"Участвуете в конкурсе";"1291068";"—"
"2850";"10";"—";"219";"216";"3";"Участвуете в конкурсе";"1980066";"—"
"2851";"1";"—";"219";"215";"4";"Участвуете в конкурсе";"1918852";"—"
"2852";"5";"—";"219";"214";"5";"Участвуете в конкурсе";"1284908";"—"
"2853";"14";"—";"219";"214";"5";"Участвуете в конкурсе";"1840470";"—"
"2854";"2";"Электронное";"219";"209";"10";"Участвуете в конкурсе";"1196751";"—"
"2855";"4";"—";"219";"209";"10";"Участвуете в конкурсе";"1651886";"—"
"2856";"1";"—";"219";"209";"10";"Участвуете в конкурсе";"1542701";"—"
"2857";"5";"—";"219";"209";"10";"Участвуете в конкурсе";"2311473";"—"
"2858";"1";"—";"218";"218";"0";"Участвуете в конкурсе";"1196905";"—"
"2859";"10";"—";"218";"218";"0";"Участвуете в конкурсе";"2371339";"—"
"2860";"3";"—";"218";"218";"0";"Участвуете в конкурсе";"1720342";"—"
"2861";"5";"—";"218";"218";"0";"Участвуете в конкурсе";"1549649";"—"
"2862";"5";"—";"218";"218";"0";"Участвуете в конкурсе";"1648261";"—"
"2863";"3";"—";"218";"218";"0";"Участвуете в конкурсе";"2085514";"—"
"2864";"10";"Электронное";"218";"218";"0";"Участвуете в конкурсе";"2086163";"—"
"2865";"5";"—";"218";"218";"0";"Участвуете в конкурсе";"966549";"—"
"2866";"1";"—";"218";"216";"2";"Участвуете в конкурсе";"1963695";"—"
"2867";"11";"—";"218";"216";"2";"Участвуете в конкурсе";"2370818";"—"
"2868";"3";"—";"218";"216";"2";"Участвуете в конкурсе";"1506142";"—"
"2869";"17";"—";"218";"216";"2";"Участвуете в конкурсе";"2396170";"—"
"2870";"14";"—";"218";"216";"2";"Участвуете в конкурсе";"1257124";"—"
"2871";"5";"—";"218";"215";"3";"Участвуете в конкурсе";"1962983";"—"
"2872";"10";"—";"218";"215";"3";"Участвуете в конкурсе";"1794326";"—"
"2873";"8";"—";"218";"215";"3";"Участвуете в конкурсе";"2311513";"—"
"2874";"8";"—";"218";"214";"4";"Участвуете в конкурсе";"1430482";"—"
"2875";"6";"—";"218";"213";"5";"Участвуете в конкурсе";"1231104";"—"
"2876";"5";"—";"218";"208";"10";"Участвуете в конкурсе";"1907492";"—"
"2877";"5";"—";"218";"208";"10";"Участвуете в конкурсе";"1408931";"—"
"2878";"3";"—";"218";"208";"10";"Участвуете в конкурсе";"2180357";"—"
"2879";"1";"—";"218";"208";"10";"Участвуете в конкурсе";"2308639";"—"
"2880";"4";"—";"218";"208";"10";"Участвуете в конкурсе";"1832015";"—"
"2881";"1";"—";"218";"208";"10";"Участвуете в конкурсе";"2307683";"—"
"2882";"12";"—";"218";"208";"10";"Участвуете в конкурсе";"1154953";"—"
"2883";"1";"—";"218";"208";"10";"Участвуете в конкурсе";"1378018";"—"
"2884";"8";"Электронное";"218";"208";"10";"Участвуете в конкурсе";"1915999";"—"
"2885";"2";"—";"218";"208";"10";"Участвуете в конкурсе";"1774362";"—"
"2886";"6";"Электронное";"217";"217";"0";"Участвуете в конкурсе";"1682443";"—"
"2887";"1";"—";"217";"217";"0";"Участвуете в конкурсе";"2074027";"—"
"2888";"5";"—";"217";"217";"0";"Участвуете в конкурсе";"2002304";"—"
"2889";"7";"—";"217";"217";"0";"Участвуете в конкурсе";"2308918";"—"
"2890";"7";"—";"217";"217";"0";"Участвуете в конкурсе";"1650127";"—"
"2891";"4";"—";"217";"217";"0";"Участвуете в конкурсе";"1914901";"—"
"2892";"13";"—";"217";"217";"0";"Участвуете в конкурсе";"1438536";"—"
"2893";"5";"—";"217";"217";"0";"Участвуете в конкурсе";"2393246";"—"
"2894";"8";"—";"217";"217";"0";"Участвуете в конкурсе";"1358756";"—"
"2895";"4";"—";"217";"217";"0";"Участвуете в конкурсе";"938228";"—"
"2896";"2";"—";"217";"217";"0";"Участвуете в конкурсе";"2379490";"—"
"2897";"8";"Электронное";"217";"217";"0";"Участвуете в конкурсе";"2415819";"—"
"2898";"2";"—";"217";"217";"0";"Участвуете в конкурсе";"2354697";"—"
"2899";"6";"—";"217";"217";"0";"Участвуете в конкурсе";"1249569";"—"
"2900";"1";"Электронное";"217";"217";"0";"Участвуете в конкурсе";"2229565";"—"
"2901";"2";"Электронное";"217";"217";"0";"Участвуете в конкурсе";"2312868";"—"
"2902";"2";"—";"217";"217";"0";"Участвуете в конкурсе";"2369920";"—"
"2903";"15";"—";"217";"217";"0";"Участвуете в конкурсе";"2165901";"—"
"2904";"5";"—";"217";"215";"2";"Участвуете в конкурсе";"1616961";"—"
"2905";"1";"—";"217";"215";"2";"Участвуете в конкурсе";"1767356";"—"
"2906";"5";"—";"217";"215";"2";"Участвуете в конкурсе";"1908206";"—"
"2907";"2";"—";"217";"215";"2";"Участвуете в конкурсе";"1521625";"—"
"2908";"14";"—";"217";"215";"2";"Участвуете в конкурсе";"2270003";"—"
"2909";"13";"—";"217";"214";"3";"Участвуете в конкурсе";"1786561";"—"
"2910";"4";"—";"217";"213";"4";"Участвуете в конкурсе";"2183222";"—"
"2911";"1";"—";"217";"211";"6";"Участвуете в конкурсе";"1618532";"—"
"2912";"4";"—";"217";"207";"10";"Участвуете в конкурсе";"1841532";"—"
"2913";"6";"—";"217";"207";"10";"Участвуете в конкурсе";"1969522";"—"
"2914";"1";"—";"217";"207";"10";"Участвуете в конкурсе";"1286273";"—"
"2915";"5";"—";"217";"207";"10";"Участвуете в конкурсе";"2218334";"—"
"2916";"3";"—";"217";"207";"10";"Участвуете в конкурсе";"1616476";"—"
"2917";"4";"—";"216";"216";"0";"Участвуете в конкурсе";"1175076";"—"
"2918";"1";"Электронное";"216";"216";"0";"Участвуете в конкурсе";"1892243";"—"
"2919";"17";"Электронное";"216";"216";"0";"Участвуете в конкурсе";"2230262";"—"
"2920";"3";"—";"216";"216";"0";"Участвуете в конкурсе";"1852720";"—"
"2921";"1";"—";"216";"216";"0";"Участвуете в конкурсе";"1813274";"—"
"2922";"5";"—";"216";"216";"0";"Участвуете в конкурсе";"1992523";"—"
"2923";"14";"—";"216";"216";"0";"Участвуете в конкурсе";"1626687";"—"
"2924";"3";"Электронное";"216";"216";"0";"Участвуете в конкурсе";"2266290";"—"
"2925";"5";"—";"216";"216";"0";"Участвуете в конкурсе";"2220971";"—"
"2926";"6";"—";"216";"216";"0";"Участвуете в конкурсе";"1466530";"—"
"2927";"5";"—";"216";"216";"0";"Участвуете в конкурсе";"2086913";"—"
"2928";"5";"—";"216";"216";"0";"Участвуете в конкурсе";"2136709";"—"
"2929";"5";"—";"216";"214";"2";"Участвуете в конкурсе";"1893255";"—"
"2930";"3";"—";"216";"214";"2";"Участвуете в конкурсе";"1369171";"—"
"2931";"7";"—";"216";"214";"2";"Участвуете в конкурсе";"1989132";"—"
"2932";"3";"—";"216";"213";"3";"Участвуете в конкурсе";"1338910";"—"
"2933";"3";"—";"216";"213";"3";"Участвуете в конкурсе";"1311380";"—"
"2934";"1";"—";"216";"211";"5";"Участвуете в конкурсе";"1415443";"—"
"2935";"3";"—";"216";"211";"5";"Участвуете в конкурсе";"1615953";"—"
"2936";"1";"—";"216";"206";"10";"Участвуете в конкурсе";"2254182";"—"
"2937";"4";"—";"216";"206";"10";"Участвуете в конкурсе";"2218086";"—"
"2938";"2";"—";"216";"206";"10";"Участвуете в конкурсе";"1503532";"—"
"2939";"10";"—";"216";"206";"10";"Участвуете в конкурсе";"2272586";"—"
"2940";"1";"—";"215";"215";"0";"Участвуете в конкурсе";"1564605";"—"
"2941";"10";"—";"215";"215";"0";"Участвуете в конкурсе";"1788408";"—"
"2942";"7";"—";"215";"215";"0";"Участвуете в конкурсе";"2394678";"—"
"2943";"2";"—";"215";"215";"0";"Участвуете в конкурсе";"1507575";"—"
"2944";"5";"Электронное";"215";"215";"0";"Участвуете в конкурсе";"1357459";"—"
"2945";"4";"—";"215";"215";"0";"Участвуете в конкурсе";"1716852";"—"
"2946";"4";"—";"215";"215";"0";"Участвуете в конкурсе";"1884448";"—"
"2947";"4";"Электронное";"215";"215";"0";"Участвуете в конкурсе";"2005718";"—"
"2948";"3";"—";"215";"215";"0";"Участвуете в конкурсе";"2142674";"—"
"2949";"5";"—";"215";"215";"0";"Участвуете в конкурсе";"2416229";"—"
"2950";"13";"—";"215";"215";"0";"Участвуете в конкурсе";"1505633";"—"
"2951";"6";"—";"215";"215";"0";"Участвуете в конкурсе";"1795314";"—"
"2952";"1";"Электронное";"215";"215";"0";"Участвуете в конкурсе";"1265081";"—"
"2953";"5";"—";"215";"215";"0";"Участвуете в конкурсе";"1286398";"—"
"2954";"7";"—";"215";"215";"0";"Участвуете в конкурсе";"2093944";"—"
"2955";"2";"—";"215";"215";"0";"Участвуете в конкурсе";"1776804";"—"
"2956";"6";"—";"215";"215";"0";"Участвуете в конкурсе";"2422896";"—"
"2957";"5";"—";"215";"213";"2";"Участвуете в конкурсе";"1361023";"—"
"2958";"4";"—";"215";"213";"2";"Участвуете в конкурсе";"2207602";"—"
"2959";"4";"—";"215";"213";"2";"Участвуете в конкурсе";"1650319";"—"
"2960";"1";"—";"215";"212";"3";"Участвуете в конкурсе";"1833500";"—"
"2961";"14";"Электронное";"215";"208";"7";"Участвуете в конкурсе";"1201610";"—"
"2962";"11";"—";"215";"205";"10";"Участвуете в конкурсе";"1828589";"—"
"2963";"1";"—";"215";"205";"10";"Участвуете в конкурсе";"2226906";"—"
"2964";"6";"Электронное";"215";"205";"10";"Участвуете в конкурсе";"2046474";"—"
"2965";"2";"—";"214";"214";"0";"Участвуете в конкурсе";"1890156";"—"
"2966";"14";"—";"214";"214";"0";"Участвуете в конкурсе";"1235097";"—"
"2967";"8";"—";"214";"214";"0";"Участвуете в конкурсе";"2007018";"—"
"2968";"6";"—";"214";"214";"0";"Участвуете в конкурсе";"1729574";"—"
"2969";"11";"—";"214";"214";"0";"Участвуете в конкурсе";"1754413";"—"
"2970";"1";"—";"214";"214";"0";"Участвуете в конкурсе";"1631128";"—"
"2971";"6";"—";"214";"214";"0";"Участвуете в конкурсе";"2311625";"—"
"2972";"9";"—";"214";"214";"0";"Участвуете в конкурсе";"2326682";"—"
"2973";"1";"—";"214";"214";"0";"Участвуете в конкурсе";"2259944";"—"
"2974";"3";"—";"214";"214";"0";"Участвуете в конкурсе";"2195933";"—"
"2975";"5";"—";"214";"214";"0";"Участвуете в конкурсе";"1881427";"—"
"2976";"10";"—";"214";"214";"0";"Участвуете в конкурсе";"2041844";"—"
"2977";"7";"—";"214";"214";"0";"Участвуете в конкурсе";"1253630";"—"
"2978";"6";"—";"214";"214";"0";"Участвуете в конкурсе";"2362250";"—"
"2979";"13";"—";"214";"214";"0";"Участвуете в конкурсе";"1179652";"—"
"2980";"1";"—";"214";"214";"0";"Участвуете в конкурсе";"1813569";"—"
"2981";"4";"—";"214";"214";"0";"Участвуете в конкурсе";"1594182";"—"
"2982";"11";"—";"214";"212";"2";"Участвуете в конкурсе";"1208979";"—"
"2983";"1";"—";"214";"212";"2";"Участвуете в конкурсе";"2095142";"—"
"2984";"7";"Электронное";"214";"212";"2";"Участвуете в конкурсе";"1366050";"—"
"2985";"5";"—";"214";"212";"2";"Участвуете в конкурсе";"1685020";"—"
"2986";"1";"Электронное";"214";"212";"2";"Участвуете в конкурсе";"2230648";"—"
"2987";"8";"—";"214";"212";"2";"Участвуете в конкурсе";"1642555";"—"
"2988";"3";"—";"214";"211";"3";"Участвуете в конкурсе";"1246044";"—"
"2989";"2";"—";"214";"211";"3";"Участвуете в конкурсе";"1549176";"—"
"2990";"6";"—";"214";"211";"3";"Участвуете в конкурсе";"1107878";"—"
"2991";"6";"—";"214";"210";"4";"Участвуете в конкурсе";"2046382";"—"
"2992";"10";"—";"214";"210";"4";"Участвуете в конкурсе";"1208517";"—"
"2993";"3";"—";"214";"204";"10";"Участвуете в конкурсе";"2271675";"—"
"2994";"4";"—";"214";"204";"10";"Участвуете в конкурсе";"2259916";"—"
"2995";"2";"—";"214";"204";"10";"Участвуете в конкурсе";"1185979";"—"
"2996";"4";"—";"213";"213";"0";"Участвуете в конкурсе";"1789367";"—"
"2997";"3";"—";"213";"213";"0";"Участвуете в конкурсе";"1283633";"—"
"2998";"3";"—";"213";"213";"0";"Участвуете в конкурсе";"1477168";"—"
"2999";"1";"—";"213";"213";"0";"Участвуете в конкурсе";"2197082";"—"
"3000";"14";"—";"213";"213";"0";"Участвуете в конкурсе";"1145591";"—"
"3001";"5";"—";"213";"213";"0";"Участвуете в конкурсе";"1505511";"—"
"3002";"1";"—";"213";"213";"0";"Участвуете в конкурсе";"1191211";"—"
"3003";"2";"—";"213";"213";"0";"Участвуете в конкурсе";"2289347";"—"
"3004";"7";"—";"213";"213";"0";"Участвуете в конкурсе";"1888990";"—"
"3005";"8";"—";"213";"213";"0";"Участвуете в конкурсе";"2128163";"—"
"3006";"19";"—";"213";"213";"0";"Участвуете в конкурсе";"1648304";"—"
"3007";"6";"—";"213";"211";"2";"Участвуете в конкурсе";"1335032";"—"
"3008";"3";"—";"213";"211";"2";"Участвуете в конкурсе";"1195247";"—"
"3009";"7";"—";"213";"211";"2";"Участвуете в конкурсе";"1511627";"—"
"3010";"3";"—";"213";"211";"2";"Участвуете в конкурсе";"2304787";"—"
"3011";"3";"—";"213";"211";"2";"Участвуете в конкурсе";"2299429";"—"
"3012";"9";"—";"213";"211";"2";"Участвуете в конкурсе";"1988257";"—"
"3013";"3";"—";"213";"211";"2";"Участвуете в конкурсе";"2005814";"—"
"3014";"7";"Электронное";"213";"210";"3";"Участвуете в конкурсе";"1186955";"—"
"3015";"1";"—";"213";"210";"3";"Участвуете в конкурсе";"2228377";"—"
"3016";"2";"—";"213";"210";"3";"Участвуете в конкурсе";"2280482";"—"
"3017";"2";"Электронное";"213";"209";"4";"Участвуете в конкурсе";"1701748";"—"
"3018";"4";"Электронное";"213";"203";"10";"Участвуете в конкурсе";"1386658";"—"
"3019";"4";"—";"213";"203";"10";"Участвуете в конкурсе";"1515711";"—"
"3020";"6";"—";"213";"203";"10";"Участвуете в конкурсе";"2259340";"—"
"3021";"4";"—";"212";"212";"0";"Участвуете в конкурсе";"2017533";"—"
"3022";"3";"—";"212";"212";"0";"Участвуете в конкурсе";"2081384";"—"
"3023";"6";"—";"212";"212";"0";"Участвуете в конкурсе";"1787020";"—"
"3024";"5";"—";"212";"212";"0";"Участвуете в конкурсе";"1367193";"—"
"3025";"7";"—";"212";"212";"0";"Участвуете в конкурсе";"2162330";"—"
"3026";"1";"—";"212";"212";"0";"Участвуете в конкурсе";"1582616";"—"
"3027";"11";"—";"212";"212";"0";"Участвуете в конкурсе";"2056410";"—"
"3028";"1";"—";"212";"212";"0";"Участвуете в конкурсе";"1433950";"—"
"3029";"5";"—";"212";"212";"0";"Участвуете в конкурсе";"1320864";"—"
"3030";"9";"—";"212";"212";"0";"Участвуете в конкурсе";"1891556";"—"
"3031";"1";"—";"212";"212";"0";"Участвуете в конкурсе";"2130210";"—"
"3032";"9";"—";"212";"212";"0";"Участвуете в конкурсе";"2255119";"—"
"3033";"1";"—";"212";"212";"0";"Участвуете в конкурсе";"2271286";"—"
"3034";"2";"—";"212";"212";"0";"Участвуете в конкурсе";"2395505";"—"
"3035";"14";"—";"212";"212";"0";"Участвуете в конкурсе";"2045230";"—"
"3036";"5";"—";"212";"212";"0";"Участвуете в конкурсе";"1491903";"—"
"3037";"9";"—";"212";"212";"0";"Участвуете в конкурсе";"2424152";"—"
"3038";"4";"—";"212";"212";"0";"Участвуете в конкурсе";"1970837";"—"
"3039";"1";"—";"212";"210";"2";"Участвуете в конкурсе";"1253899";"—"
"3040";"17";"—";"212";"210";"2";"Участвуете в конкурсе";"2401924";"—"
"3041";"1";"—";"212";"210";"2";"Участвуете в конкурсе";"982467";"—"
"3042";"16";"—";"212";"209";"3";"Участвуете в конкурсе";"2344336";"—"
"3043";"3";"—";"212";"209";"3";"Участвуете в конкурсе";"2135571";"—"
"3044";"5";"—";"212";"207";"5";"Участвуете в конкурсе";"2340343";"—"
"3045";"1";"—";"212";"204";"8";"Участвуете в конкурсе";"2236706";"—"
"3046";"3";"—";"212";"202";"10";"Участвуете в конкурсе";"1439967";"—"
"3047";"9";"—";"212";"202";"10";"Участвуете в конкурсе";"1440965";"—"
"3048";"1";"—";"211";"211";"0";"Участвуете в конкурсе";"1857107";"—"
"3049";"11";"—";"211";"211";"0";"Участвуете в конкурсе";"2222180";"—"
"3050";"1";"—";"211";"211";"0";"Участвуете в конкурсе";"2304797";"—"
"3051";"5";"—";"211";"211";"0";"Участвуете в конкурсе";"1522250";"—"
"3052";"3";"—";"211";"211";"0";"Участвуете в конкурсе";"1863769";"—"
"3053";"6";"—";"211";"211";"0";"Участвуете в конкурсе";"2227435";"—"
"3054";"6";"—";"211";"211";"0";"Участвуете в конкурсе";"2228149";"—"
"3055";"4";"—";"211";"211";"0";"Участвуете в конкурсе";"1476885";"—"
"3056";"8";"—";"211";"211";"0";"Участвуете в конкурсе";"1088356";"—"
"3057";"7";"—";"211";"211";"0";"Участвуете в конкурсе";"2342035";"—"
"3058";"1";"—";"211";"211";"0";"Участвуете в конкурсе";"2416693";"—"
"3059";"4";"—";"211";"211";"0";"Участвуете в конкурсе";"2051526";"—"
"3060";"6";"—";"211";"211";"0";"Участвуете в конкурсе";"2050353";"—"
"3061";"4";"—";"211";"211";"0";"Участвуете в конкурсе";"2128778";"—"
"3062";"11";"—";"211";"209";"2";"Участвуете в конкурсе";"2423823";"—"
"3063";"9";"—";"211";"209";"2";"Участвуете в конкурсе";"1129448";"—"
"3064";"13";"Электронное";"211";"209";"2";"Участвуете в конкурсе";"2273899";"—"
"3065";"3";"—";"211";"209";"2";"Участвуете в конкурсе";"2310993";"—"
"3066";"12";"—";"211";"209";"2";"Участвуете в конкурсе";"2215359";"—"
"3067";"2";"—";"211";"209";"2";"Участвуете в конкурсе";"2192693";"—"
"3068";"10";"Электронное";"211";"209";"2";"Участвуете в конкурсе";"1717304";"—"
"3069";"4";"—";"211";"208";"3";"Участвуете в конкурсе";"1860167";"—"
"3070";"9";"—";"211";"201";"10";"Участвуете в конкурсе";"2225090";"—"
"3071";"1";"—";"211";"201";"10";"Участвуете в конкурсе";"2339649";"—"
"3072";"2";"—";"211";"201";"10";"Участвуете в конкурсе";"2398704";"—"
"3073";"1";"—";"211";"201";"10";"Участвуете в конкурсе";"2290526";"—"
"3074";"7";"—";"210";"210";"0";"Участвуете в конкурсе";"1828146";"—"
"3075";"11";"—";"210";"210";"0";"Участвуете в конкурсе";"1798300";"—"
"3076";"7";"Электронное";"210";"210";"0";"Участвуете в конкурсе";"1203594";"—"
"3077";"11";"—";"210";"210";"0";"Участвуете в конкурсе";"1950828";"—"
"3078";"8";"—";"210";"210";"0";"Участвуете в конкурсе";"2150778";"—"
"3079";"1";"Электронное";"210";"210";"0";"Участвуете в конкурсе";"1200582";"—"
"3080";"16";"—";"210";"210";"0";"Участвуете в конкурсе";"1646526";"—"
"3081";"2";"—";"210";"210";"0";"Участвуете в конкурсе";"1804171";"—"
"3082";"12";"—";"210";"210";"0";"Участвуете в конкурсе";"2152139";"—"
"3083";"1";"—";"210";"210";"0";"Участвуете в конкурсе";"1721343";"—"
"3084";"5";"Электронное";"210";"208";"2";"Участвуете в конкурсе";"2313787";"—"
"3085";"3";"—";"210";"208";"2";"Участвуете в конкурсе";"1946609";"—"
"3086";"12";"Электронное";"210";"208";"2";"Участвуете в конкурсе";"2354261";"—"
"3087";"3";"—";"210";"208";"2";"Участвуете в конкурсе";"1302022";"—"
"3088";"1";"—";"210";"208";"2";"Участвуете в конкурсе";"2260100";"—"
"3089";"2";"—";"210";"208";"2";"Участвуете в конкурсе";"1242484";"—"
"3090";"5";"—";"210";"208";"2";"Участвуете в конкурсе";"2229672";"—"
"3091";"1";"—";"210";"205";"5";"Участвуете в конкурсе";"1642702";"—"
"3092";"7";"Электронное";"210";"200";"10";"Участвуете в конкурсе";"1614796";"—"
"3093";"3";"Электронное";"210";"200";"10";"Участвуете в конкурсе";"2328101";"—"
"3094";"4";"—";"209";"209";"0";"Участвуете в конкурсе";"1982100";"—"
"3095";"5";"—";"209";"209";"0";"Участвуете в конкурсе";"1359457";"—"
"3096";"2";"—";"209";"209";"0";"Участвуете в конкурсе";"1382629";"—"
"3097";"4";"—";"209";"209";"0";"Участвуете в конкурсе";"1521346";"—"
"3098";"7";"—";"209";"209";"0";"Участвуете в конкурсе";"1651490";"—"
"3099";"1";"—";"209";"209";"0";"Участвуете в конкурсе";"1365646";"—"
"3100";"18";"—";"209";"209";"0";"Участвуете в конкурсе";"1583139";"—"
"3101";"5";"—";"209";"209";"0";"Участвуете в конкурсе";"1192028";"—"
"3102";"2";"—";"209";"207";"2";"Участвуете в конкурсе";"2207735";"—"
"3103";"3";"—";"209";"207";"2";"Участвуете в конкурсе";"1608368";"—"
"3104";"2";"—";"209";"207";"2";"Участвуете в конкурсе";"2301460";"—"
"3105";"6";"—";"209";"206";"3";"Участвуете в конкурсе";"2267000";"—"
"3106";"1";"—";"208";"208";"0";"Участвуете в конкурсе";"1187269";"—"
"3107";"1";"—";"208";"208";"0";"Участвуете в конкурсе";"1344818";"—"
"3108";"6";"—";"208";"208";"0";"Участвуете в конкурсе";"1868563";"—"
"3109";"1";"—";"208";"208";"0";"Участвуете в конкурсе";"1185047";"—"
"3110";"7";"—";"208";"208";"0";"Участвуете в конкурсе";"1426965";"—"
"3111";"12";"—";"208";"208";"0";"Участвуете в конкурсе";"2269353";"—"
"3112";"3";"—";"208";"208";"0";"Участвуете в конкурсе";"2339682";"—"
"3113";"8";"—";"208";"208";"0";"Участвуете в конкурсе";"1648195";"—"
"3114";"5";"—";"208";"208";"0";"Участвуете в конкурсе";"2354013";"—"
"3115";"1";"—";"208";"208";"0";"Участвуете в конкурсе";"1900427";"—"
"3116";"1";"—";"208";"208";"0";"Участвуете в конкурсе";"1200609";"—"
"3117";"3";"—";"208";"206";"2";"Участвуете в конкурсе";"1270203";"—"
"3118";"10";"—";"208";"206";"2";"Участвуете в конкурсе";"1185017";"—"
"3119";"3";"—";"208";"206";"2";"Участвуете в конкурсе";"1520621";"—"
"3120";"3";"—";"208";"206";"2";"Участвуете в конкурсе";"1601544";"—"
"3121";"4";"—";"208";"206";"2";"Участвуете в конкурсе";"1972515";"—"
"3122";"1";"—";"208";"206";"2";"Участвуете в конкурсе";"1381990";"—"
"3123";"3";"—";"208";"205";"3";"Участвуете в конкурсе";"1235938";"—"
"3124";"7";"Электронное";"208";"205";"3";"Участвуете в конкурсе";"1586435";"—"
"3125";"13";"—";"208";"203";"5";"Участвуете в конкурсе";"1039625";"—"
"3126";"9";"—";"208";"198";"10";"Участвуете в конкурсе";"2238965";"—"
"3127";"1";"Электронное";"208";"198";"10";"Участвуете в конкурсе";"1859107";"—"
"3128";"1";"—";"207";"207";"0";"Участвуете в конкурсе";"1424780";"—"
"3129";"1";"—";"207";"207";"0";"Участвуете в конкурсе";"1678061";"—"
"3130";"5";"—";"207";"207";"0";"Участвуете в конкурсе";"2394502";"—"
"3131";"1";"—";"207";"207";"0";"Участвуете в конкурсе";"1175850";"—"
"3132";"1";"—";"207";"207";"0";"Участвуете в конкурсе";"1909809";"—"
"3133";"9";"—";"207";"207";"0";"Участвуете в конкурсе";"1616772";"—"
"3134";"5";"—";"207";"207";"0";"Участвуете в конкурсе";"2253487";"—"
"3135";"2";"—";"207";"207";"0";"Участвуете в конкурсе";"1576440";"—"
"3136";"2";"—";"207";"207";"0";"Участвуете в конкурсе";"2001507";"—"
"3137";"5";"—";"207";"207";"0";"Участвуете в конкурсе";"2305230";"—"
"3138";"1";"—";"207";"207";"0";"Участвуете в конкурсе";"1583387";"—"
"3139";"3";"—";"207";"207";"0";"Участвуете в конкурсе";"2029267";"—"
"3140";"1";"—";"207";"207";"0";"Участвуете в конкурсе";"1391860";"—"
"3141";"1";"—";"207";"205";"2";"Участвуете в конкурсе";"2407039";"—"
"3142";"12";"—";"207";"205";"2";"Участвуете в конкурсе";"2142700";"—"
"3143";"8";"—";"207";"204";"3";"Участвуете в конкурсе";"1307993";"—"
"3144";"2";"—";"207";"203";"4";"Участвуете в конкурсе";"1609343";"—"
"3145";"4";"—";"207";"197";"10";"Участвуете в конкурсе";"2276223";"—"
"3146";"5";"—";"207";"197";"10";"Участвуете в конкурсе";"1192701";"—"
"3147";"6";"—";"206";"206";"0";"Участвуете в конкурсе";"2370682";"—"
"3148";"2";"Электронное";"206";"206";"0";"Участвуете в конкурсе";"1177669";"—"
"3149";"5";"—";"206";"206";"0";"Участвуете в конкурсе";"2041493";"—"
"3150";"2";"—";"206";"206";"0";"Участвуете в конкурсе";"2136544";"—"
"3151";"1";"—";"206";"204";"2";"Участвуете в конкурсе";"2295168";"—"
"3152";"12";"—";"206";"204";"2";"Участвуете в конкурсе";"1978976";"—"
"3153";"5";"—";"206";"196";"10";"Участвуете в конкурсе";"2215154";"—"
"3154";"3";"—";"205";"205";"0";"Участвуете в конкурсе";"1906258";"—"
"3155";"4";"—";"205";"205";"0";"Участвуете в конкурсе";"1459733";"—"
"3156";"5";"—";"205";"205";"0";"Участвуете в конкурсе";"2365457";"—"
"3157";"7";"—";"205";"205";"0";"Участвуете в конкурсе";"2212499";"—"
"3158";"7";"—";"205";"205";"0";"Участвуете в конкурсе";"1306927";"—"
"3159";"1";"Электронное";"205";"205";"0";"Участвуете в конкурсе";"1264590";"—"
"3160";"15";"—";"205";"205";"0";"Участвуете в конкурсе";"1279500";"—"
"3161";"4";"—";"205";"205";"0";"Участвуете в конкурсе";"1849632";"—"
"3162";"3";"—";"205";"205";"0";"Участвуете в конкурсе";"2417349";"—"
"3163";"8";"—";"205";"203";"2";"Участвуете в конкурсе";"2389625";"—"
"3164";"2";"—";"205";"203";"2";"Участвуете в конкурсе";"1786527";"—"
"3165";"3";"—";"205";"203";"2";"Участвуете в конкурсе";"2045994";"—"
"3166";"4";"—";"205";"203";"2";"Участвуете в конкурсе";"1729838";"—"
"3167";"1";"—";"205";"202";"3";"Участвуете в конкурсе";"1178500";"—"
"3168";"1";"—";"205";"202";"3";"Участвуете в конкурсе";"2225545";"—"
"3169";"2";"—";"205";"201";"4";"Участвуете в конкурсе";"1623624";"—"
"3170";"4";"Электронное";"205";"200";"5";"Участвуете в конкурсе";"1283343";"—"
"3171";"1";"—";"205";"197";"8";"Участвуете в конкурсе";"2185976";"—"
"3172";"3";"—";"205";"195";"10";"Участвуете в конкурсе";"1851173";"—"
"3173";"1";"Электронное";"205";"195";"10";"Участвуете в конкурсе";"1093211";"—"
"3174";"10";"—";"205";"195";"10";"Участвуете в конкурсе";"1179327";"—"
"3175";"14";"—";"205";"195";"10";"Участвуете в конкурсе";"1655481";"—"
"3176";"1";"—";"205";"195";"10";"Участвуете в конкурсе";"1191243";"—"
"3177";"7";"—";"204";"204";"0";"Участвуете в конкурсе";"1960294";"—"
"3178";"13";"—";"204";"204";"0";"Участвуете в конкурсе";"1960082";"—"
"3179";"7";"—";"204";"204";"0";"Участвуете в конкурсе";"1847798";"—"
"3180";"3";"—";"204";"204";"0";"Участвуете в конкурсе";"2142350";"—"
"3181";"7";"—";"204";"204";"0";"Участвуете в конкурсе";"1519013";"—"
"3182";"9";"—";"204";"204";"0";"Участвуете в конкурсе";"1535453";"—"
"3183";"1";"—";"204";"204";"0";"Участвуете в конкурсе";"2186167";"—"
"3184";"6";"—";"204";"204";"0";"Участвуете в конкурсе";"2296213";"—"
"3185";"1";"—";"204";"204";"0";"Участвуете в конкурсе";"1936440";"—"
"3186";"4";"—";"204";"204";"0";"Участвуете в конкурсе";"1860163";"—"
"3187";"6";"—";"204";"204";"0";"Участвуете в конкурсе";"2228181";"—"
"3188";"10";"—";"204";"204";"0";"Участвуете в конкурсе";"2259288";"—"
"3189";"5";"—";"204";"202";"2";"Участвуете в конкурсе";"2414158";"—"
"3190";"7";"—";"204";"202";"2";"Участвуете в конкурсе";"2177702";"—"
"3191";"2";"—";"204";"202";"2";"Участвуете в конкурсе";"1407275";"—"
"3192";"3";"—";"204";"202";"2";"Участвуете в конкурсе";"1374724";"—"
"3193";"1";"—";"204";"202";"2";"Участвуете в конкурсе";"1282232";"—"
"3194";"5";"—";"204";"201";"3";"Участвуете в конкурсе";"2425996";"—"
"3195";"3";"—";"204";"201";"3";"Участвуете в конкурсе";"1728330";"—"
"3196";"1";"—";"204";"194";"10";"Участвуете в конкурсе";"1816600";"—"
"3197";"10";"—";"204";"194";"10";"Участвуете в конкурсе";"984571";"—"
"3198";"6";"—";"204";"194";"10";"Участвуете в конкурсе";"1291898";"—"
"3199";"2";"—";"204";"194";"10";"Участвуете в конкурсе";"1066926";"—"
"3200";"2";"—";"203";"203";"0";"Участвуете в конкурсе";"1695860";"—"
"3201";"1";"—";"203";"203";"0";"Участвуете в конкурсе";"1600865";"—"
"3202";"4";"—";"203";"203";"0";"Участвуете в конкурсе";"1671443";"—"
"3203";"4";"—";"203";"203";"0";"Участвуете в конкурсе";"1958696";"—"
"3204";"2";"—";"203";"203";"0";"Участвуете в конкурсе";"1569628";"—"
"3205";"1";"—";"203";"203";"0";"Участвуете в конкурсе";"1366516";"—"
"3206";"7";"—";"203";"203";"0";"Участвуете в конкурсе";"2057940";"—"
"3207";"5";"—";"203";"203";"0";"Участвуете в конкурсе";"2404919";"—"
"3208";"1";"—";"203";"203";"0";"Участвуете в конкурсе";"2254428";"—"
"3209";"5";"Электронное";"203";"203";"0";"Участвуете в конкурсе";"1142239";"—"
"3210";"3";"—";"203";"203";"0";"Участвуете в конкурсе";"2215110";"—"
"3211";"6";"—";"203";"203";"0";"Участвуете в конкурсе";"1210132";"—"
"3212";"8";"—";"203";"203";"0";"Участвуете в конкурсе";"1550795";"—"
"3213";"5";"—";"203";"201";"2";"Участвуете в конкурсе";"2235858";"—"
"3214";"12";"—";"203";"201";"2";"Участвуете в конкурсе";"2229434";"—"
"3215";"4";"—";"203";"201";"2";"Участвуете в конкурсе";"2092556";"—"
"3216";"4";"—";"203";"201";"2";"Участвуете в конкурсе";"1718227";"—"
"3217";"7";"—";"203";"200";"3";"Участвуете в конкурсе";"2130153";"—"
"3218";"8";"—";"203";"198";"5";"Участвуете в конкурсе";"1573070";"—"
"3219";"8";"—";"203";"197";"6";"Участвуете в конкурсе";"1366437";"—"
"3220";"6";"—";"203";"193";"10";"Участвуете в конкурсе";"1024711";"—"
"3221";"2";"—";"202";"202";"0";"Участвуете в конкурсе";"2394062";"—"
"3222";"5";"—";"202";"202";"0";"Участвуете в конкурсе";"2275530";"—"
"3223";"10";"—";"202";"202";"0";"Участвуете в конкурсе";"1611480";"—"
"3224";"10";"—";"202";"202";"0";"Участвуете в конкурсе";"1768922";"—"
"3225";"4";"—";"202";"202";"0";"Участвуете в конкурсе";"2203825";"—"
"3226";"2";"—";"202";"202";"0";"Участвуете в конкурсе";"2048423";"—"
"3227";"6";"—";"202";"202";"0";"Участвуете в конкурсе";"1742097";"—"
"3228";"9";"—";"202";"202";"0";"Участвуете в конкурсе";"1342915";"—"
"3229";"5";"—";"202";"202";"0";"Участвуете в конкурсе";"1397718";"—"
"3230";"1";"—";"202";"202";"0";"Участвуете в конкурсе";"1184414";"—"
"3231";"9";"—";"202";"202";"0";"Участвуете в конкурсе";"2183764";"—"
"3232";"5";"—";"202";"200";"2";"Участвуете в конкурсе";"1213542";"—"
"3233";"1";"—";"202";"200";"2";"Участвуете в конкурсе";"1599651";"—"
"3234";"3";"—";"202";"199";"3";"Участвуете в конкурсе";"1304234";"—"
"3235";"2";"—";"202";"197";"5";"Участвуете в конкурсе";"1603599";"—"
"3236";"1";"—";"202";"197";"5";"Участвуете в конкурсе";"2285883";"—"
"3237";"6";"—";"202";"192";"10";"Участвуете в конкурсе";"1301551";"—"
"3238";"1";"—";"202";"192";"10";"Участвуете в конкурсе";"1829301";"—"
"3239";"1";"—";"202";"192";"10";"Участвуете в конкурсе";"1514270";"—"
"3240";"9";"—";"201";"201";"0";"Участвуете в конкурсе";"2247111";"—"
"3241";"10";"—";"201";"201";"0";"Участвуете в конкурсе";"1292552";"—"
"3242";"2";"—";"201";"201";"0";"Участвуете в конкурсе";"1909716";"—"
"3243";"8";"—";"201";"201";"0";"Участвуете в конкурсе";"1279279";"—"
"3244";"3";"—";"201";"201";"0";"Участвуете в конкурсе";"1501407";"—"
"3245";"1";"—";"201";"201";"0";"Участвуете в конкурсе";"1636822";"—"
"3246";"6";"—";"201";"201";"0";"Участвуете в конкурсе";"1057425";"—"
"3247";"12";"—";"201";"201";"0";"Участвуете в конкурсе";"2048013";"—"
"3248";"1";"—";"201";"201";"0";"Участвуете в конкурсе";"1029255";"—"
"3249";"4";"Электронное";"201";"201";"0";"Участвуете в конкурсе";"1334106";"—"
"3250";"4";"—";"201";"199";"2";"Участвуете в конкурсе";"1902038";"—"
"3251";"9";"—";"201";"199";"2";"Участвуете в конкурсе";"2390843";"—"
"3252";"4";"—";"201";"199";"2";"Участвуете в конкурсе";"1271278";"—"
"3253";"1";"Электронное";"201";"191";"10";"Участвуете в конкурсе";"1619860";"—"
"3254";"2";"—";"200";"200";"0";"Участвуете в конкурсе";"1476337";"—"
"3255";"2";"—";"200";"200";"0";"Участвуете в конкурсе";"1582311";"—"
"3256";"7";"—";"200";"200";"0";"Участвуете в конкурсе";"1971936";"—"
"3257";"1";"—";"200";"200";"0";"Участвуете в конкурсе";"1492347";"—"
"3258";"10";"—";"200";"200";"0";"Участвуете в конкурсе";"2202895";"—"
"3259";"2";"—";"200";"200";"0";"Участвуете в конкурсе";"1645049";"—"
"3260";"4";"—";"200";"200";"0";"Участвуете в конкурсе";"1849736";"—"
"3261";"12";"—";"200";"198";"2";"Участвуете в конкурсе";"2354399";"—"
"3262";"4";"—";"200";"198";"2";"Участвуете в конкурсе";"982480";"—"
"3263";"15";"—";"200";"198";"2";"Участвуете в конкурсе";"1689729";"—"
"3264";"10";"—";"200";"198";"2";"Участвуете в конкурсе";"2045398";"—"
"3265";"10";"—";"200";"198";"2";"Участвуете в конкурсе";"2273178";"—"
"3266";"7";"—";"199";"199";"0";"Участвуете в конкурсе";"2231123";"—"
"3267";"5";"—";"199";"199";"0";"Участвуете в конкурсе";"1495050";"—"
"3268";"11";"—";"199";"199";"0";"Участвуете в конкурсе";"1197648";"—"
"3269";"12";"—";"199";"199";"0";"Участвуете в конкурсе";"1559781";"—"
"3270";"3";"Электронное";"199";"199";"0";"Участвуете в конкурсе";"2237824";"—"
"3271";"2";"—";"199";"199";"0";"Участвуете в конкурсе";"1982751";"—"
"3272";"1";"—";"199";"199";"0";"Участвуете в конкурсе";"1851439";"—"
"3273";"9";"—";"199";"197";"2";"Участвуете в конкурсе";"1984743";"—"
"3274";"4";"—";"199";"197";"2";"Участвуете в конкурсе";"1397381";"—"
"3275";"1";"—";"199";"190";"9";"Участвуете в конкурсе";"1981784";"—"
"3276";"3";"—";"199";"189";"10";"Участвуете в конкурсе";"2314855";"—"
"3277";"12";"—";"199";"189";"10";"Участвуете в конкурсе";"1687565";"—"
"3278";"1";"—";"199";"189";"10";"Участвуете в конкурсе";"2195730";"—"
"3279";"11";"—";"198";"198";"0";"Участвуете в конкурсе";"1786249";"—"
"3280";"2";"—";"198";"198";"0";"Участвуете в конкурсе";"1958280";"—"
"3281";"5";"—";"198";"198";"0";"Участвуете в конкурсе";"2206733";"—"
"3282";"1";"—";"198";"198";"0";"Участвуете в конкурсе";"2006391";"—"
"3283";"14";"—";"198";"198";"0";"Участвуете в конкурсе";"1517740";"—"
"3284";"9";"—";"198";"198";"0";"Участвуете в конкурсе";"2044895";"—"
"3285";"8";"—";"198";"198";"0";"Участвуете в конкурсе";"1909010";"—"
"3286";"7";"—";"198";"198";"0";"Участвуете в конкурсе";"1617899";"—"
"3287";"13";"—";"198";"198";"0";"Участвуете в конкурсе";"1354700";"—"
"3288";"1";"—";"198";"198";"0";"Участвуете в конкурсе";"2424349";"—"
"3289";"18";"—";"198";"198";"0";"Участвуете в конкурсе";"2389306";"—"
"3290";"2";"—";"198";"198";"0";"Участвуете в конкурсе";"1216326";"—"
"3291";"2";"—";"198";"196";"2";"Участвуете в конкурсе";"1730403";"—"
"3292";"5";"—";"198";"195";"3";"Участвуете в конкурсе";"1599214";"—"
"3293";"2";"—";"197";"197";"0";"Участвуете в конкурсе";"1576005";"—"
"3294";"5";"—";"197";"197";"0";"Участвуете в конкурсе";"2100886";"—"
"3295";"3";"—";"197";"197";"0";"Участвуете в конкурсе";"1443031";"—"
"3296";"2";"Электронное";"197";"197";"0";"Участвуете в конкурсе";"2037474";"—"
"3297";"3";"—";"197";"197";"0";"Участвуете в конкурсе";"1515595";"—"
"3298";"7";"—";"197";"197";"0";"Участвуете в конкурсе";"1925260";"—"
"3299";"1";"—";"197";"197";"0";"Участвуете в конкурсе";"2307627";"—"
"3300";"12";"—";"197";"197";"0";"Участвуете в конкурсе";"1645871";"—"
"3301";"8";"Электронное";"197";"195";"2";"Участвуете в конкурсе";"1615011";"—"
"3302";"10";"—";"197";"195";"2";"Участвуете в конкурсе";"2203915";"—"
"3303";"6";"—";"197";"195";"2";"Участвуете в конкурсе";"2162440";"—"
"3304";"3";"—";"197";"195";"2";"Участвуете в конкурсе";"1671253";"—"
"3305";"7";"—";"197";"192";"5";"Участвуете в конкурсе";"1628422";"—"
"3306";"14";"—";"196";"196";"0";"Участвуете в конкурсе";"2289950";"—"
"3307";"1";"—";"196";"196";"0";"Участвуете в конкурсе";"1982878";"—"
"3308";"8";"—";"196";"196";"0";"Участвуете в конкурсе";"2159268";"—"
"3309";"7";"—";"196";"194";"2";"Участвуете в конкурсе";"1427698";"—"
"3310";"1";"—";"196";"194";"2";"Участвуете в конкурсе";"1640790";"—"
"3311";"3";"—";"196";"194";"2";"Участвуете в конкурсе";"2171686";"—"
"3312";"6";"Электронное";"196";"194";"2";"Участвуете в конкурсе";"1468665";"—"
"3313";"8";"—";"196";"186";"10";"Участвуете в конкурсе";"1602690";"—"
"3314";"6";"—";"196";"186";"10";"Участвуете в конкурсе";"1291738";"—"
"3315";"16";"—";"195";"195";"0";"Участвуете в конкурсе";"2012378";"—"
"3316";"14";"—";"195";"195";"0";"Участвуете в конкурсе";"1134250";"—"
"3317";"5";"—";"195";"195";"0";"Участвуете в конкурсе";"2333645";"—"
"3318";"12";"—";"195";"195";"0";"Участвуете в конкурсе";"1542797";"—"
"3319";"5";"—";"195";"195";"0";"Участвуете в конкурсе";"2409505";"—"
"3320";"12";"—";"195";"195";"0";"Участвуете в конкурсе";"2271634";"—"
"3321";"3";"—";"195";"195";"0";"Участвуете в конкурсе";"2254120";"—"
"3322";"3";"—";"195";"195";"0";"Участвуете в конкурсе";"2341568";"—"
"3323";"12";"—";"195";"195";"0";"Участвуете в конкурсе";"1827033";"—"
"3324";"5";"Электронное";"195";"195";"0";"Участвуете в конкурсе";"2363834";"—"
"3325";"12";"Электронное";"195";"195";"0";"Участвуете в конкурсе";"1766491";"—"
"3326";"9";"—";"195";"193";"2";"Участвуете в конкурсе";"1884150";"—"
"3327";"5";"—";"195";"193";"2";"Участвуете в конкурсе";"1515111";"—"
"3328";"4";"—";"194";"194";"0";"Участвуете в конкурсе";"2029122";"—"
"3329";"2";"Электронное";"194";"194";"0";"Участвуете в конкурсе";"1152069";"—"
"3330";"1";"—";"194";"194";"0";"Участвуете в конкурсе";"1955257";"—"
"3331";"3";"—";"194";"194";"0";"Участвуете в конкурсе";"2415151";"—"
"3332";"1";"—";"194";"194";"0";"Участвуете в конкурсе";"1627065";"—"
"3333";"9";"—";"194";"194";"0";"Участвуете в конкурсе";"1329611";"—"
"3334";"8";"—";"194";"192";"2";"Участвуете в конкурсе";"2318070";"—"
"3335";"4";"—";"194";"192";"2";"Участвуете в конкурсе";"1498716";"—"
"3336";"3";"—";"193";"193";"0";"Участвуете в конкурсе";"2273261";"—"
"3337";"1";"—";"193";"193";"0";"Участвуете в конкурсе";"1957843";"—"
"3338";"13";"—";"193";"193";"0";"Участвуете в конкурсе";"2143166";"—"
"3339";"18";"—";"193";"193";"0";"Участвуете в конкурсе";"1244277";"—"
"3340";"6";"—";"193";"193";"0";"Участвуете в конкурсе";"1996819";"—"
"3341";"1";"—";"193";"193";"0";"Участвуете в конкурсе";"1017748";"—"
"3342";"1";"—";"192";"192";"0";"Участвуете в конкурсе";"2217549";"—"
"3343";"6";"—";"192";"192";"0";"Участвуете в конкурсе";"2249976";"—"
"3344";"6";"—";"192";"192";"0";"Участвуете в конкурсе";"1287369";"—"
"3345";"4";"—";"192";"192";"0";"Участвуете в конкурсе";"2216813";"—"
"3346";"10";"Электронное";"192";"192";"0";"Участвуете в конкурсе";"2101160";"—"
"3347";"7";"—";"192";"192";"0";"Участвуете в конкурсе";"1558037";"—"
"3348";"12";"—";"192";"192";"0";"Участвуете в конкурсе";"2314911";"—"
"3349";"5";"—";"192";"192";"0";"Участвуете в конкурсе";"2303778";"—"
"3350";"3";"—";"192";"192";"0";"Участвуете в конкурсе";"1204570";"—"
"3351";"4";"—";"192";"192";"0";"Участвуете в конкурсе";"1653269";"—"
"3352";"6";"—";"192";"192";"0";"Участвуете в конкурсе";"2415554";"—"
"3353";"5";"—";"192";"192";"0";"Участвуете в конкурсе";"2410865";"—"
"3354";"1";"—";"192";"192";"0";"Участвуете в конкурсе";"2391224";"—"
"3355";"15";"—";"192";"192";"0";"Участвуете в конкурсе";"1178399";"—"
"3356";"7";"—";"192";"192";"0";"Участвуете в конкурсе";"1181102";"—"
"3357";"2";"—";"192";"190";"2";"Участвуете в конкурсе";"2293833";"—"
"3358";"9";"—";"192";"190";"2";"Участвуете в конкурсе";"1641150";"—"
"3359";"1";"—";"192";"189";"3";"Участвуете в конкурсе";"1328020";"—"
"3360";"4";"—";"191";"191";"0";"Участвуете в конкурсе";"2056766";"—"
"3361";"4";"—";"191";"191";"0";"Участвуете в конкурсе";"2212908";"—"
"3362";"7";"—";"191";"189";"2";"Участвуете в конкурсе";"2245086";"—"
"3363";"4";"—";"190";"190";"0";"Участвуете в конкурсе";"2409436";"—"
"3364";"5";"—";"190";"190";"0";"Участвуете в конкурсе";"1417396";"—"
"3365";"10";"—";"190";"190";"0";"Участвуете в конкурсе";"2390572";"—"
"3366";"12";"—";"190";"190";"0";"Участвуете в конкурсе";"1194963";"—"
"3367";"2";"—";"190";"190";"0";"Участвуете в конкурсе";"985464";"—"
"3368";"6";"—";"190";"190";"0";"Участвуете в конкурсе";"1359517";"—"
"3369";"5";"Электронное";"190";"190";"0";"Участвуете в конкурсе";"1704725";"—"
"3370";"6";"—";"190";"190";"0";"Участвуете в конкурсе";"2356804";"—"
"3371";"9";"—";"190";"188";"2";"Участвуете в конкурсе";"1642562";"—"
"3372";"2";"—";"190";"188";"2";"Участвуете в конкурсе";"1419172";"—"
"3373";"5";"—";"189";"189";"0";"Участвуете в конкурсе";"1158236";"—"
"3374";"1";"—";"189";"189";"0";"Участвуете в конкурсе";"1257452";"—"
"3375";"1";"—";"189";"189";"0";"Участвуете в конкурсе";"2176772";"—"
"3376";"8";"—";"189";"189";"0";"Участвуете в конкурсе";"1473888";"—"
"3377";"3";"—";"189";"189";"0";"Участвуете в конкурсе";"974108";"—"
"3378";"4";"—";"189";"189";"0";"Участвуете в конкурсе";"2181255";"—"
"3379";"5";"—";"189";"189";"0";"Участвуете в конкурсе";"1728699";"—"
"3380";"3";"—";"189";"189";"0";"Участвуете в конкурсе";"1268837";"—"
"3381";"14";"—";"189";"189";"0";"Участвуете в конкурсе";"2389926";"—"
"3382";"11";"Электронное";"189";"187";"2";"Участвуете в конкурсе";"1953955";"—"
"3383";"14";"—";"188";"188";"0";"Участвуете в конкурсе";"2221544";"—"
"3384";"5";"—";"188";"188";"0";"Участвуете в конкурсе";"1449588";"—"
"3385";"15";"—";"188";"188";"0";"Участвуете в конкурсе";"1725604";"—"
"3386";"8";"—";"188";"188";"0";"Участвуете в конкурсе";"1788095";"—"
"3387";"4";"—";"188";"188";"0";"Участвуете в конкурсе";"2363362";"—"
"3388";"2";"—";"188";"186";"2";"Участвуете в конкурсе";"1331466";"—"
"3389";"4";"Электронное";"188";"183";"5";"Участвуете в конкурсе";"1624227";"—"
"3390";"8";"—";"187";"187";"0";"Участвуете в конкурсе";"2173671";"—"
"3391";"4";"Электронное";"186";"186";"0";"Участвуете в конкурсе";"1166347";"—"
"3392";"6";"—";"185";"185";"0";"Участвуете в конкурсе";"2171589";"—"
"3393";"14";"—";"185";"183";"2";"Участвуете в конкурсе";"1980402";"—"
"3394";"7";"—";"184";"184";"0";"Участвуете в конкурсе";"1520120";"—"
"3395";"5";"—";"184";"184";"0";"Участвуете в конкурсе";"2363538";"—"
"3396";"7";"—";"184";"184";"0";"Участвуете в конкурсе";"1606262";"—"
"3397";"5";"—";"183";"183";"0";"Участвуете в конкурсе";"1247460";"—"
"3398";"5";"—";"183";"183";"0";"Участвуете в конкурсе";"1964124";"—"
"3399";"3";"—";"182";"180";"2";"Участвуете в конкурсе";"1214348";"—"
"3400";"2";"—";"181";"181";"0";"Участвуете в конкурсе";"2360907";"—"
"3401";"4";"—";"181";"181";"0";"Участвуете в конкурсе";"1576708";"—"
"3402";"9";"—";"181";"178";"3";"Участвуете в конкурсе";"2051766";"—"
"3403";"9";"—";"181";"178";"3";"Участвуете в конкурсе";"2213642";"—"
"3404";"8";"—";"180";"180";"0";"Участвуете в конкурсе";"974536";"—"
"3405";"1";"—";"180";"180";"0";"Участвуете в конкурсе";"1163069";"—"
"3406";"8";"Электронное";"180";"180";"0";"Участвуете в конкурсе";"1366098";"—"
"3407";"3";"—";"180";"180";"0";"Участвуете в конкурсе";"1625043";"—"
"3408";"4";"—";"180";"180";"0";"Участвуете в конкурсе";"1727454";"—"
"3409";"4";"—";"180";"180";"0";"Участвуете в конкурсе";"1247254";"—"
"3410";"5";"—";"180";"178";"2";"Участвуете в конкурсе";"1495260";"—"
"3411";"5";"—";"178";"178";"0";"Участвуете в конкурсе";"2255003";"—"
"3412";"6";"—";"178";"178";"0";"Участвуете в конкурсе";"2140708";"—"
"3413";"1";"—";"178";"178";"0";"Участвуете в конкурсе";"1461074";"—"
"3414";"8";"—";"178";"175";"3";"Участвуете в конкурсе";"2249393";"—"
"3415";"1";"—";"177";"177";"0";"Участвуете в конкурсе";"2367106";"—"
"3416";"3";"Электронное";"173";"173";"0";"Участвуете в конкурсе";"1909064";"—"
"3417";"4";"—";"172";"172";"0";"Участвуете в конкурсе";"1152620";"—"
"3418";"13";"—";"172";"172";"0";"Участвуете в конкурсе";"1475230";"—"
"3419";"8";"—";"171";"171";"0";"Участвуете в конкурсе";"2252910";"—"
