"Порядковый номер";"Приоритет конкурса";"Наличие договора";"Сумма баллов";"Баллы за ВИ";"Баллы за ИД";"Статус";"Код поступающего";"Дата выбора конкурсной группы по Москве"
"1";"1";"—";"310";"49095 100 100 100 Нет";"10";"Участвуете в конкурсе";"1602754";"—"
"2";"1";"—";"310";"49777 100 100 100 Нет";"10";"Участвуете в конкурсе";"1603413";"—"
"3";"1";"—";"308";"46118 100 100 98 Нет";"10";"Участвуете в конкурсе";"1102658";"—"
"4";"1";"—";"308";"50534 100 100 98 Нет";"10";"Участвуете в конкурсе";"1651333";"—"
"5";"1";"—";"307";"52847 100 100 100 Нет";"7";"Участвуете в конкурсе";"1653569";"—"
"6";"5";"—";"306";"56170 96 100 100 Нет";"10";"Участвуете в конкурсе";"1746830";"—"
"7";"3";"—";"303";"49493 94 100 99 Нет";"10";"Участвуете в конкурсе";"1581706";"—"
"8";"2";"—";"302";"45856 98 100 94 Нет";"10";"Участвуете в конкурсе";"1055505";"—"
"9";"1";"—";"302";"46467 100 100 92 Нет";"10";"Участвуете в конкурсе";"1172282";"—"
"10";"1";"—";"302";"48508 96 100 96 Нет";"10";"Участвуете в конкурсе";"1471709";"—"
"11";"1";"—";"299";"54449 90 100 99 Нет";"10";"Участвуете в конкурсе";"2091031";"—"
"12";"2";"—";"299";"45295 90 100 99 Нет";"10";"Участвуете в конкурсе";"954532";"—"
"13";"1";"—";"298";"48539 92 100 96 Нет";"10";"Участвуете в конкурсе";"1481037";"—"
"14";"1";"—";"297";"55117 96 100 91 Нет";"10";"Участвуете в конкурсе";"1381746";"—"
"15";"1";"—";"297";"50032 100 100 87 Нет";"10";"Участвуете в конкурсе";"1637515";"—"
"16";"1";"Да";"297";"45240 100 100 97 Нет";"—";"Участвуете в конкурсе";"953013";"—"
"17";"1";"—";"297";"45412 98 100 99 Нет";"—";"Участвуете в конкурсе";"971265";"—"
"18";"1";"—";"296";"48487 98 100 88 Нет";"10";"Участвуете в конкурсе";"1466470";"—"
"19";"1";"—";"296";"48557 94 100 92 Нет";"10";"Участвуете в конкурсе";"1482022";"—"
"20";"7";"—";"296";"52804 96 100 100 Нет";"—";"Участвуете в конкурсе";"1739395";"—"
"21";"1";"—";"296";"52255 88 100 98 Нет";"10";"Участвуете в конкурсе";"1860959";"—"
"22";"1";"—";"296";"45272 98 100 98 Нет";"—";"Участвуете в конкурсе";"965566";"—"
"23";"1";"—";"296";"45616 96 100 90 Нет";"10";"Участвуете в конкурсе";"983173";"—"
"24";"3";"—";"295";"54434 100 100 85 Нет";"10";"Участвуете в конкурсе";"2086031";"—"
"25";"1";"—";"294";"52280 84 100 100 Нет";"10";"Участвуете в конкурсе";"1721857";"—"
"26";"1";"—";"294";"52779 98 100 86 Нет";"10";"Участвуете в конкурсе";"1947485";"—"
"27";"2";"—";"294";"53352 98 100 93 Нет";"3";"Участвуете в конкурсе";"1983419";"—"
"28";"1";"—";"294";"45485 96 100 95 Нет";"3";"Участвуете в конкурсе";"955932";"—"
"29";"3";"—";"292";"45989 98 90 94 Нет";"10";"Участвуете в конкурсе";"1072251";"—"
"30";"5";"—";"292";"53025 92 96 94 Нет";"10";"Участвуете в конкурсе";"1323249";"—"
"31";"1";"—";"292";"49852 90 100 92 Нет";"10";"Участвуете в конкурсе";"1604365";"—"
"32";"1";"Да";"292";"49748 94 100 98 Да";"—";"Участвуете в конкурсе";"1607320";"—"
"33";"1";"—";"292";"53882 96 100 86 Нет";"10";"Участвуете в конкурсе";"1611457";"—"
"34";"2";"—";"292";"55860 86 100 96 Нет";"10";"Участвуете в конкурсе";"1742024";"—"
"35";"1";"—";"292";"52501 98 100 84 Нет";"10";"Участвуете в конкурсе";"1743218";"—"
"36";"2";"—";"292";"51233 96 100 86 Нет";"10";"Участвуете в конкурсе";"1780850";"—"
"37";"2";"—";"291";"51122 88 100 93 Нет";"10";"Участвуете в конкурсе";"1619911";"—"
"38";"1";"—";"290";"45922 98 100 92 Нет";"—";"Участвуете в конкурсе";"1067601";"—"
"39";"2";"—";"290";"51252 98 100 92 Нет";"—";"Участвуете в конкурсе";"1495657";"—"
"40";"3";"—";"290";"52473 93 96 91 Нет";"10";"Участвуете в конкурсе";"1798245";"—"
"41";"2";"—";"290";"53591 100 90 100 Нет";"—";"Участвуете в конкурсе";"2005983";"—"
"42";"1";"—";"290";"54051 82 100 98 Нет";"10";"Участвуете в конкурсе";"2051094";"—"
"43";"2";"—";"290";"45540 98 100 92 Нет";"—";"Участвуете в конкурсе";"975836";"—"
"44";"4";"—";"289";"46697 100 90 89 Нет";"10";"Участвуете в конкурсе";"1169120";"—"
"45";"4";"—";"289";"47526 98 100 91 Нет";"—";"Участвуете в конкурсе";"1334557";"—"
"46";"2";"—";"289";"52773 92 90 97 Нет";"10";"Участвуете в конкурсе";"1832303";"—"
"47";"1";"—";"288";"45973 86 100 92 Нет";"10";"Участвуете в конкурсе";"1077482";"—"
"48";"1";"—";"288";"48184 96 100 92 Нет";"—";"Участвуете в конкурсе";"1425749";"—"
"49";"1";"—";"288";"48329 98 100 90 Нет";"—";"Участвуете в конкурсе";"1442710";"—"
"50";"4";"—";"288";"48650 98 97 83 Нет";"10";"Участвуете в конкурсе";"1496139";"—"
"51";"1";"—";"288";"51037 98 100 90 Нет";"—";"Участвуете в конкурсе";"1760107";"—"
"52";"3";"—";"288";"56141 94 100 84 Нет";"10";"Участвуете в конкурсе";"2224888";"—"
"53";"2";"—";"288";"45387 100 90 98 Нет";"—";"Участвуете в конкурсе";"969291";"—"
"54";"4";"—";"287";"60122 90 90 97 Нет";"10";"Участвуете в конкурсе";"1493775";"—"
"55";"2";"—";"287";"50652 86 100 91 Нет";"10";"Участвуете в конкурсе";"1707394";"—"
"56";"1";"—";"287";"60244 98 88 91 Нет";"10";"Участвуете в конкурсе";"2409550";"—"
"57";"1";"Да";"287";"45253 94 100 93 Да";"—";"Участвуете в конкурсе";"951217";"—"
"58";"3";"—";"287";"46029 94 90 93 Нет";"10";"Участвуете в конкурсе";"964483";"—"
"59";"4";"—";"286";"51936 90 100 96 Нет";"—";"Участвуете в конкурсе";"1128106";"—"
"60";"1";"—";"286";"47183 92 100 91 Нет";"3";"Участвуете в конкурсе";"1257965";"—"
"61";"1";"—";"286";"48493 98 100 88 Нет";"—";"Участвуете в конкурсе";"1486610";"—"
"62";"1";"—";"286";"54729 92 100 94 Нет";"—";"Участвуете в конкурсе";"2014620";"—"
"63";"1";"—";"286";"45363 92 100 94 Нет";"—";"Участвуете в конкурсе";"986238";"—"
"64";"2";"—";"285";"45573 84 100 91 Нет";"10";"Участвуете в конкурсе";"973641";"—"
"65";"1";"Да";"284";"47363 98 100 76 Нет";"10";"Участвуете в конкурсе";"1308796";"—"
"66";"1";"—";"284";"49878 92 100 92 Нет";"—";"Участвуете в конкурсе";"1352549";"—"
"67";"1";"—";"284";"48214 98 100 86 Нет";"—";"Участвуете в конкурсе";"1426242";"—"
"68";"2";"—";"284";"50672 90 100 84 Нет";"10";"Участвуете в конкурсе";"1696954";"—"
"69";"1";"—";"283";"51410 90 100 83 Нет";"10";"Участвуете в конкурсе";"1742658";"—"
"70";"1";"—";"282";"45909 90 100 82 Нет";"10";"Участвуете в конкурсе";"1066916";"—"
"71";"1";"—";"282";"48516 90 100 92 Нет";"—";"Участвуете в конкурсе";"1466464";"—"
"72";"1";"—";"282";"51750 84 90 98 Нет";"10";"Участвуете в конкурсе";"1743614";"—"
"73";"1";"—";"282";"33581 88 90 94 Нет";"10";"Участвуете в конкурсе";"999721";"—"
"74";"1";"—";"281";"52057 84 100 97 Нет";"—";"Участвуете в конкурсе";"1855356";"—"
"75";"1";"—";"281";"52209 80 100 91 Нет";"10";"Участвуете в конкурсе";"1873217";"—"
"76";"2";"—";"280";"45959 94 90 96 Нет";"—";"Участвуете в конкурсе";"1074162";"—"
"77";"1";"—";"280";"46374 80 100 100 Нет";"—";"Участвуете в конкурсе";"1095991";"—"
"78";"2";"—";"280";"44976 94 100 86 Нет";"—";"Участвуете в конкурсе";"1256067";"—"
"79";"1";"—";"280";"48091 90 86 94 Нет";"10";"Участвуете в конкурсе";"1419174";"—"
"80";"1";"—";"280";"51190 90 90 100 Нет";"—";"Участвуете в конкурсе";"1773880";"—"
"81";"1";"—";"280";"45353 86 100 84 Нет";"10";"Участвуете в конкурсе";"968829";"—"
"82";"1";"—";"279";"46295 90 90 99 Нет";"—";"Участвуете в конкурсе";"1145872";"—"
"83";"6";"—";"279";"54888 90 88 91 Нет";"10";"Участвуете в конкурсе";"1788034";"—"
"84";"1";"—";"279";"51710 98 100 81 Нет";"—";"Участвуете в конкурсе";"1819822";"—"
"85";"1";"—";"279";"54809 86 100 93 Нет";"—";"Участвуете в конкурсе";"2126538";"—"
"86";"1";"Да";"278";"46252 90 90 98 Да";"—";"Участвуете в конкурсе";"1058131";"—"
"87";"6";"—";"278";"49193 78 100 100 Нет";"—";"Участвуете в конкурсе";"1558890";"—"
"88";"3";"—";"278";"50074 80 100 98 Нет";"—";"Участвуете в конкурсе";"1646768";"—"
"89";"1";"—";"278";"51449 82 90 96 Нет";"10";"Участвуете в конкурсе";"1795251";"—"
"90";"2";"—";"278";"52797 94 100 84 Нет";"—";"Участвуете в конкурсе";"1944112";"—"
"91";"1";"—";"278";"54105 86 90 92 Нет";"10";"Участвуете в конкурсе";"2055123";"—"
"92";"1";"—";"278";"45487 94 90 94 Нет";"—";"Участвуете в конкурсе";"975069";"—"
"93";"1";"—";"278";"45551 96 90 89 Нет";"3";"Участвуете в конкурсе";"981713";"—"
"94";"1";"—";"278";"45346 90 100 78 Нет";"10";"Участвуете в конкурсе";"981771";"—"
"95";"3";"—";"277";"50673 90 100 87 Нет";"—";"Участвуете в конкурсе";"1455892";"—"
"96";"2";"—";"277";"50290 90 100 87 Нет";"—";"Участвуете в конкурсе";"1683251";"—"
"97";"1";"—";"277";"36305 90 100 87 Нет";"—";"Участвуете в конкурсе";"1787837";"—"
"98";"1";"—";"276";"30373 90 100 86 Нет";"—";"Участвуете в конкурсе";"1201390";"—"
"99";"3";"—";"276";"50380 90 90 94 Нет";"2";"Участвуете в конкурсе";"1510388";"—"
"100";"1";"—";"276";"51274 90 90 86 Нет";"10";"Участвуете в конкурсе";"1782148";"—"
"101";"1";"Да";"276";"51486 90 100 76 Нет";"10";"Участвуете в конкурсе";"1788773";"—"
"102";"1";"—";"276";"51456 90 100 86 Нет";"—";"Участвуете в конкурсе";"1795825";"—"
"103";"1";"—";"276";"52794 96 100 70 Нет";"10";"Участвуете в конкурсе";"1947581";"—"
"104";"1";"—";"276";"45216 94 80 92 Нет";"10";"Участвуете в конкурсе";"942734";"—"
"105";"1";"Да";"275";"37004 100 90 75 Нет";"10";"Участвуете в конкурсе";"1333981";"—"
"106";"1";"—";"275";"50449 82 100 83 Нет";"10";"Участвуете в конкурсе";"1685560";"—"
"107";"1";"Да";"275";"49877 92 90 83 Да";"10";"Участвуете в конкурсе";"1686174";"—"
"108";"7";"—";"275";"51652 92 90 93 Нет";"—";"Участвуете в конкурсе";"1784930";"—"
"109";"1";"Да";"275";"53097 89 92 94 Нет";"—";"Участвуете в конкурсе";"1983899";"—"
"110";"1";"—";"275";"53611 84 100 91 Нет";"—";"Участвуете в конкурсе";"1984016";"—"
"111";"1";"—";"275";"53696 94 100 81 Нет";"—";"Участвуете в конкурсе";"1999185";"—"
"112";"1";"—";"275";"45525 94 90 81 Нет";"10";"Участвуете в конкурсе";"956059";"—"
"113";"1";"Да";"274";"54557 86 90 88 Да";"10";"Участвуете в конкурсе";"1741697";"—"
"114";"1";"—";"274";"46300 82 100 82 Нет";"10";"Участвуете в конкурсе";"973635";"—"
"115";"1";"Да";"273";"49842 76 100 97 Нет";"—";"Участвуете в конкурсе";"1557828";"—"
"116";"2";"—";"273";"3284 92 90 81 Нет";"10";"Участвуете в конкурсе";"1723902";"—"
"117";"1";"—";"273";"55183 88 92 83 Нет";"10";"Участвуете в конкурсе";"1756285";"—"
"118";"1";"—";"273";"51387 94 100 69 Нет";"10";"Участвуете в конкурсе";"1787444";"—"
"119";"1";"—";"273";"52348 98 90 85 Нет";"—";"Участвуете в конкурсе";"1894393";"—"
"120";"5";"—";"273";"52976 98 80 95 Нет";"—";"Участвуете в конкурсе";"1958039";"—"
"121";"2";"—";"273";"56602 90 100 73 Нет";"10";"Участвуете в конкурсе";"2244402";"—"
"122";"4";"—";"273";"45306 96 90 87 Нет";"—";"Участвуете в конкурсе";"964596";"—"
"123";"1";"Да";"273";"44759 92 100 81 Нет";"—";"Участвуете в конкурсе";"984488";"—"
"124";"1";"Да";"273";"45579 88 90 95 Да";"—";"Участвуете в конкурсе";"996120";"—"
"125";"6";"—";"272";"47326 85 88 89 Нет";"10";"Участвуете в конкурсе";"1263063";"—"
"126";"1";"—";"272";"50631 84 100 88 Нет";"—";"Участвуете в конкурсе";"1701314";"—"
"127";"3";"—";"272";"53225 98 86 78 Нет";"10";"Участвуете в конкурсе";"1827370";"—"
"128";"1";"—";"272";"52214 82 80 100 Нет";"10";"Участвуете в конкурсе";"1873353";"—"
"129";"1";"Да";"272";"53912 94 80 88 Да";"10";"Участвуете в конкурсе";"1961656";"—"
"130";"1";"—";"272";"53718 94 100 68 Нет";"10";"Участвуете в конкурсе";"1997122";"—"
"131";"1";"—";"272";"53885 90 90 82 Нет";"10";"Участвуете в конкурсе";"2038564";"—"
"132";"1";"—";"271";"49809 88 100 83 Нет";"—";"Участвуете в конкурсе";"1642064";"—"
"133";"1";"—";"271";"54358 100 90 81 Нет";"—";"Участвуете в конкурсе";"2077108";"—"
"134";"1";"—";"271";"55175 90 100 81 Нет";"—";"Участвуете в конкурсе";"2136013";"—"
"135";"1";"—";"271";"45541 94 100 67 Нет";"10";"Участвуете в конкурсе";"961717";"—"
"136";"2";"—";"270";"49154 80 90 100 Нет";"—";"Участвуете в конкурсе";"1559548";"—"
"137";"2";"—";"270";"52515 78 84 98 Нет";"10";"Участвуете в конкурсе";"1908135";"—"
"138";"3";"—";"270";"56222 86 100 84 Нет";"—";"Участвуете в конкурсе";"2226077";"—"
"139";"1";"Да";"270";"45523 92 100 78 Нет";"—";"Участвуете в конкурсе";"976990";"—"
"140";"1";"—";"269";"45748 78 100 81 Нет";"10";"Участвуете в конкурсе";"1027913";"—"
"141";"1";"—";"269";"51637 90 90 89 Нет";"—";"Участвуете в конкурсе";"1215606";"—"
"142";"1";"—";"269";"54188 86 100 83 Нет";"—";"Участвуете в конкурсе";"1722872";"—"
"143";"6";"—";"269";"57916 95 88 86 Нет";"—";"Участвуете в конкурсе";"2215384";"—"
"144";"1";"—";"269";"26761 98 74 87 Нет";"10";"Участвуете в конкурсе";"980713";"—"
"145";"1";"Да";"269";"45478 96 100 73 Нет";"—";"Участвуете в конкурсе";"984365";"—"
"146";"4";"—";"268";"52241 88 90 90 Нет";"—";"Участвуете в конкурсе";"1064706";"—"
"147";"2";"—";"268";"48084 96 80 82 Нет";"10";"Участвуете в конкурсе";"1417510";"—"
"148";"3";"—";"268";"48189 88 92 78 Нет";"10";"Участвуете в конкурсе";"1437508";"—"
"149";"1";"—";"268";"50250 84 100 74 Нет";"10";"Участвуете в конкурсе";"1619971";"—"
"150";"1";"—";"268";"50551 84 80 94 Нет";"10";"Участвуете в конкурсе";"1651395";"—"
"151";"1";"—";"268";"50573 94 80 94 Нет";"—";"Участвуете в конкурсе";"1706291";"—"
"152";"1";"—";"268";"52505 92 100 66 Нет";"10";"Участвуете в конкурсе";"1743456";"—"
"153";"4";"—";"268";"51220 86 100 82 Нет";"—";"Участвуете в конкурсе";"1778914";"—"
"154";"2";"—";"268";"45598 86 90 82 Нет";"10";"Участвуете в конкурсе";"986804";"—"
"155";"1";"—";"267";"46183 86 90 81 Нет";"10";"Участвуете в конкурсе";"1002063";"—"
"156";"1";"Да";"267";"46042 94 80 83 Нет";"10";"Участвуете в конкурсе";"1099804";"—"
"157";"2";"—";"267";"46464 84 80 93 Нет";"10";"Участвуете в конкурсе";"1125254";"—"
"158";"3";"Да";"267";"46191 92 100 75 Нет";"—";"Участвуете в конкурсе";"1126654";"—"
"159";"1";"—";"267";"46945 88 86 83 Нет";"10";"Участвуете в конкурсе";"1249451";"—"
"160";"1";"—";"267";"47491 88 80 89 Нет";"10";"Участвуете в конкурсе";"1310248";"—"
"161";"1";"—";"267";"48442 98 90 69 Нет";"10";"Участвуете в конкурсе";"1482338";"—"
"162";"2";"—";"267";"49908 90 100 77 Нет";"—";"Участвуете в конкурсе";"1599514";"—"
"163";"1";"—";"267";"49834 88 90 79 Нет";"10";"Участвуете в конкурсе";"1604022";"—"
"164";"1";"—";"267";"51667 100 100 67 Нет";"—";"Участвуете в конкурсе";"1814693";"—"
"165";"1";"—";"267";"53546 76 100 91 Нет";"—";"Участвуете в конкурсе";"1971134";"—"
"166";"2";"—";"267";"55822 82 100 85 Нет";"—";"Участвуете в конкурсе";"2173709";"—"
"167";"1";"—";"266";"45686 78 100 88 Нет";"—";"Участвуете в конкурсе";"1015989";"—"
"168";"5";"—";"266";"46556 93 90 73 Нет";"10";"Участвуете в конкурсе";"1180243";"—"
"169";"1";"—";"266";"48917 84 100 82 Нет";"—";"Участвуете в конкурсе";"1514422";"—"
"170";"2";"—";"266";"49871 84 80 92 Нет";"10";"Участвуете в конкурсе";"1680941";"—"
"171";"1";"—";"266";"50916 85 82 89 Нет";"10";"Участвуете в конкурсе";"1721042";"—"
"172";"3";"—";"265";"59724 85 92 81 Нет";"7";"Участвуете в конкурсе";"1248849";"—"
"173";"7";"—";"265";"50091 80 94 91 Нет";"—";"Участвуете в конкурсе";"1627450";"—"
"174";"1";"Да";"265";"50689 82 90 83 Нет";"10";"Участвуете в конкурсе";"1713738";"—"
"175";"1";"—";"265";"54466 84 90 81 Нет";"10";"Участвуете в конкурсе";"2097898";"—"
"176";"3";"—";"265";"56179 86 90 89 Нет";"—";"Участвуете в конкурсе";"2151466";"—"
"177";"2";"—";"265";"58495 84 82 89 Нет";"10";"Участвуете в конкурсе";"2343473";"—"
"178";"1";"Да";"264";"45409 84 90 80 Нет";"10";"Участвуете в конкурсе";"1015960";"—"
"179";"1";"—";"264";"45897 88 80 96 Нет";"—";"Участвуете в конкурсе";"1064317";"—"
"180";"4";"—";"264";"53947 88 80 96 Нет";"—";"Участвуете в конкурсе";"1610954";"—"
"181";"1";"—";"264";"54988 89 84 91 Нет";"—";"Участвуете в конкурсе";"2132429";"—"
"182";"1";"Да";"264";"45410 90 100 74 Да";"—";"Участвуете в конкурсе";"997986";"—"
"183";"2";"—";"263";"48585 76 90 87 Нет";"10";"Участвуете в конкурсе";"1008001";"—"
"184";"1";"—";"263";"46105 86 90 87 Нет";"—";"Участвуете в конкурсе";"1106261";"—"
"185";"6";"—";"263";"48683 98 84 81 Нет";"—";"Участвуете в конкурсе";"1481088";"—"
"186";"3";"—";"263";"59049 80 95 83 Нет";"5";"Участвуете в конкурсе";"1521988";"—"
"187";"1";"Да";"263";"52894 90 80 93 Да";"—";"Участвуете в конкурсе";"1856163";"—"
"188";"1";"—";"263";"55720 86 100 77 Нет";"—";"Участвуете в конкурсе";"2127633";"—"
"189";"1";"—";"263";"28747 85 86 82 Нет";"10";"Участвуете в конкурсе";"2419711";"—"
"190";"5";"—";"262";"46814 84 90 78 Нет";"10";"Участвуете в конкурсе";"1191860";"—"
"191";"6";"—";"262";"48104 90 80 92 Нет";"—";"Участвуете в конкурсе";"1415184";"—"
"192";"1";"—";"262";"58941 83 78 91 Нет";"10";"Участвуете в конкурсе";"1507271";"—"
"193";"2";"—";"262";"45317 80 90 82 Нет";"10";"Участвуете в конкурсе";"962408";"—"
"194";"1";"—";"262";"45554 80 100 82 Нет";"—";"Участвуете в конкурсе";"981860";"—"
"195";"1";"Да";"261";"45975 72 100 89 Да";"—";"Участвуете в конкурсе";"1078096";"—"
"196";"1";"—";"261";"46225 94 70 87 Нет";"10";"Участвуете в конкурсе";"1131694";"—"
"197";"6";"—";"261";"48740 90 100 61 Нет";"10";"Участвуете в конкурсе";"1534454";"—"
"198";"1";"—";"261";"53166 78 90 83 Нет";"10";"Участвуете в конкурсе";"1976232";"—"
"199";"1";"—";"261";"55521 90 82 89 Нет";"—";"Участвуете в конкурсе";"2180475";"—"
"200";"4";"—";"260";"45947 80 100 80 Нет";"—";"Участвуете в конкурсе";"1078257";"—"
"201";"1";"—";"260";"36927 90 100 70 Нет";"—";"Участвуете в конкурсе";"1352886";"—"
"202";"4";"—";"260";"49853 98 84 78 Нет";"—";"Участвуете в конкурсе";"1613527";"—"
"203";"1";"—";"260";"22272 78 86 86 Нет";"10";"Участвуете в конкурсе";"1628824";"—"
"204";"1";"Да";"260";"51078 92 80 88 Да";"—";"Участвуете в конкурсе";"1749917";"—"
"205";"5";"—";"260";"54669 82 80 88 Нет";"10";"Участвуете в конкурсе";"1948627";"—"
"206";"4";"—";"259";"46211 80 80 89 Нет";"10";"Участвуете в конкурсе";"1002363";"—"
"207";"5";"—";"259";"50790 90 92 67 Нет";"10";"Участвуете в конкурсе";"1697239";"—"
"208";"5";"—";"259";"54202 90 76 83 Нет";"10";"Участвуете в конкурсе";"2056989";"—"
"209";"1";"—";"259";"45224 94 80 83 Нет";"2";"Участвуете в конкурсе";"959657";"—"
"210";"1";"—";"259";"45641 86 90 83 Нет";"—";"Участвуете в конкурсе";"978032";"—"
"211";"1";"—";"259";"45590 88 90 81 Нет";"—";"Участвуете в конкурсе";"985550";"—"
"212";"1";"Да";"258";"46227 90 90 78 Нет";"—";"Участвуете в конкурсе";"1133034";"—"
"213";"8";"—";"258";"47804 90 80 78 Нет";"10";"Участвуете в конкурсе";"1357846";"—"
"214";"3";"—";"258";"47765 93 84 81 Нет";"—";"Участвуете в конкурсе";"1358716";"—"
"215";"7";"—";"258";"50502 88 82 86 Нет";"2";"Участвуете в конкурсе";"1432911";"—"
"216";"2";"—";"258";"53344 88 78 82 Нет";"10";"Участвуете в конкурсе";"1988895";"—"
"217";"4";"—";"258";"55213 78 76 94 Нет";"10";"Участвуете в конкурсе";"2082842";"—"
"218";"6";"—";"258";"57574 85 88 83 Нет";"2";"Участвуете в конкурсе";"2333013";"—"
"219";"3";"—";"258";"45280 78 90 90 Нет";"—";"Участвуете в конкурсе";"965082";"—"
"220";"1";"—";"257";"47900 96 100 61 Нет";"—";"Участвуете в конкурсе";"1393155";"—"
"221";"1";"—";"257";"45500 82 80 85 Нет";"10";"Участвуете в конкурсе";"979290";"—"
"222";"1";"—";"256";"46398 88 80 78 Нет";"10";"Участвуете в конкурсе";"1157710";"—"
"223";"1";"—";"256";"46583 100 90 66 Нет";"—";"Участвуете в конкурсе";"1179774";"—"
"224";"1";"—";"256";"49257 76 100 70 Нет";"10";"Участвуете в конкурсе";"1566721";"—"
"225";"2";"—";"256";"49708 66 90 100 Нет";"—";"Участвуете в конкурсе";"1611870";"—"
"226";"1";"—";"256";"53802 86 100 70 Нет";"—";"Участвуете в конкурсе";"1980994";"—"
"227";"1";"—";"256";"58689 89 74 93 Нет";"—";"Участвуете в конкурсе";"2273508";"—"
"228";"1";"—";"256";"27065 83 84 89 Нет";"—";"Участвуете в конкурсе";"2413759";"—"
"229";"1";"Да";"255";"45669 92 90 73 Да";"—";"Участвуете в конкурсе";"1015523";"—"
"230";"6";"—";"255";"48876 88 84 83 Нет";"—";"Участвуете в конкурсе";"1513435";"—"
"231";"6";"—";"255";"54175 83 90 72 Нет";"10";"Участвуете в конкурсе";"2004070";"—"
"232";"1";"—";"255";"56177 78 84 83 Нет";"10";"Участвуете в конкурсе";"2231253";"—"
"233";"1";"—";"254";"45964 85 84 85 Нет";"—";"Участвуете в конкурсе";"1077929";"—"
"234";"8";"—";"254";"49355 83 88 83 Нет";"—";"Участвуете в конкурсе";"1573732";"—"
"235";"1";"—";"254";"49573 100 58 96 Нет";"—";"Участвуете в конкурсе";"1582883";"—"
"236";"6";"—";"254";"53248 85 94 73 Нет";"2";"Участвуете в конкурсе";"1986028";"—"
"237";"1";"—";"254";"45267 80 100 74 Нет";"—";"Участвуете в конкурсе";"956246";"—"
"238";"2";"—";"254";"45490 88 100 66 Нет";"—";"Участвуете в конкурсе";"978276";"—"
"239";"1";"Да";"253";"38539 88 80 75 Да";"10";"Участвуете в конкурсе";"1043971";"—"
"240";"1";"—";"253";"47607 82 90 71 Нет";"10";"Участвуете в конкурсе";"1355796";"—"
"241";"4";"—";"253";"48661 80 97 72 Нет";"4";"Участвуете в конкурсе";"1504492";"—"
"242";"1";"—";"253";"52211 92 90 71 Нет";"—";"Участвуете в конкурсе";"1873245";"—"
"243";"5";"—";"253";"57279 90 78 75 Нет";"10";"Участвуете в конкурсе";"2270440";"—"
"244";"7";"—";"253";"58296 85 90 73 Нет";"5";"Участвуете в конкурсе";"2339565";"—"
"245";"3";"—";"253";"45362 78 74 91 Нет";"10";"Участвуете в конкурсе";"969583";"—"
"246";"1";"—";"252";"45662 78 80 94 Нет";"—";"Участвуете в конкурсе";"1015372";"—"
"247";"8";"—";"252";"58735 84 82 86 Нет";"—";"Участвуете в конкурсе";"1163377";"—"
"248";"5";"—";"252";"51773 90 88 72 Нет";"2";"Участвуете в конкурсе";"1206048";"—"
"249";"1";"—";"252";"50196 84 80 78 Нет";"10";"Участвуете в конкурсе";"1624537";"—"
"250";"1";"—";"252";"51145 66 90 86 Нет";"10";"Участвуете в конкурсе";"1763986";"—"
"251";"4";"—";"252";"58223 78 88 86 Нет";"—";"Участвуете в конкурсе";"2342632";"—"
"252";"5";"—";"252";"60118 90 96 66 Нет";"—";"Участвуете в конкурсе";"2411313";"—"
"253";"2";"—";"252";"60229 85 76 81 Нет";"10";"Участвуете в конкурсе";"2420325";"—"
"254";"2";"—";"252";"45294 80 90 82 Нет";"—";"Участвуете в конкурсе";"962334";"—"
"255";"1";"Да";"252";"45585 80 90 82 Нет";"—";"Участвуете в конкурсе";"983980";"—"
"256";"1";"—";"251";"45699 90 90 71 Нет";"—";"Участвуете в конкурсе";"1030703";"—"
"257";"2";"—";"251";"48696 84 100 67 Нет";"—";"Участвуете в конкурсе";"1425521";"—"
"258";"1";"Да";"251";"50190 94 100 47 Нет";"10";"Участвуете в конкурсе";"1557696";"—"
"259";"1";"—";"251";"55052 94 100 57 Нет";"—";"Участвуете в конкурсе";"2147802";"—"
"260";"1";"—";"251";"38197 83 82 86 Нет";"—";"Участвуете в конкурсе";"2412765";"—"
"261";"1";"Да";"251";"46097 88 80 83 Да";"—";"Участвуете в конкурсе";"948133";"—"
"262";"1";"—";"250";"45571 80 90 70 Нет";"10";"Участвуете в конкурсе";"1015998";"—"
"263";"1";"—";"250";"46833 86 100 64 Нет";"—";"Участвуете в конкурсе";"1213571";"—"
"264";"1";"—";"250";"47011 85 86 79 Нет";"—";"Участвуете в конкурсе";"1253874";"—"
"265";"3";"—";"250";"57633 94 86 70 Нет";"—";"Участвуете в конкурсе";"1471865";"—"
"266";"2";"—";"250";"49961 82 80 88 Нет";"—";"Участвуете в конкурсе";"1619493";"—"
"267";"1";"—";"250";"52667 98 80 72 Нет";"—";"Участвуете в конкурсе";"1926376";"—"
"268";"7";"—";"250";"53302 100 100 48 Нет";"2";"Участвуете в конкурсе";"1988719";"—"
"269";"1";"—";"250";"55431 77 82 81 Нет";"10";"Участвуете в конкурсе";"2169776";"—"
"270";"1";"—";"250";"55653 95 80 70 Нет";"5";"Участвуете в конкурсе";"2183176";"—"
"271";"6";"—";"250";"58022 80 92 78 Нет";"—";"Участвуете в конкурсе";"2304871";"—"
"272";"4";"—";"250";"45455 80 90 78 Нет";"2";"Участвуете в конкурсе";"952209";"—"
"273";"1";"—";"249";"52483 94 90 55 Нет";"10";"Участвуете в конкурсе";"1002125";"—"
"274";"2";"—";"249";"50135 88 100 61 Нет";"—";"Участвуете в конкурсе";"1607333";"—"
"275";"1";"Да";"249";"52789 72 76 91 Да";"10";"Участвуете в конкурсе";"1943581";"—"
"276";"1";"—";"249";"54370 88 72 79 Нет";"10";"Участвуете в конкурсе";"2080024";"—"
"277";"2";"Да";"248";"44537 92 70 76 Нет";"10";"Участвуете в конкурсе";"1098493";"—"
"278";"1";"—";"248";"51598 86 100 62 Нет";"—";"Участвуете в конкурсе";"1683089";"—"
"279";"7";"—";"248";"57559 77 86 75 Нет";"10";"Участвуете в конкурсе";"1852289";"—"
"280";"7";"—";"248";"56592 78 90 78 Нет";"2";"Участвуете в конкурсе";"2259359";"—"
"281";"1";"—";"248";"45389 88 80 70 Нет";"10";"Участвуете в конкурсе";"968016";"—"
"282";"8";"—";"248";"51174 90 88 70 Нет";"—";"Участвуете в конкурсе";"979710";"—"
"283";"1";"Да";"247";"46148 72 100 75 Да";"—";"Участвуете в конкурсе";"1115484";"—"
"284";"1";"Да";"247";"46351 80 80 87 Нет";"—";"Участвуете в конкурсе";"1153035";"—"
"285";"1";"—";"247";"53016 86 90 71 Нет";"—";"Участвуете в конкурсе";"1396629";"—"
"286";"1";"Да";"247";"49779 84 80 73 Нет";"10";"Участвуете в конкурсе";"1635514";"—"
"287";"1";"—";"247";"51189 92 70 85 Нет";"—";"Участвуете в конкурсе";"1773871";"—"
"288";"1";"—";"247";"52921 88 82 77 Нет";"—";"Участвуете в конкурсе";"1955673";"—"
"289";"7";"—";"246";"52660 85 86 75 Нет";"—";"Участвуете в конкурсе";"1572899";"—"
"290";"6";"—";"246";"54173 88 86 72 Нет";"—";"Участвуете в конкурсе";"2056652";"—"
"291";"1";"Да";"246";"60042 83 74 89 Нет";"—";"Участвуете в конкурсе";"2361198";"—"
"292";"1";"—";"246";"45603 72 90 84 Нет";"—";"Участвуете в конкурсе";"984887";"—"
"293";"5";"—";"245";"53241 88 84 73 Нет";"—";"Участвуете в конкурсе";"1028167";"—"
"294";"1";"—";"245";"47156 92 100 53 Нет";"—";"Участвуете в конкурсе";"1256052";"—"
"295";"3";"—";"245";"55273 80 82 81 Нет";"2";"Участвуете в конкурсе";"1284288";"—"
"296";"6";"—";"245";"52787 72 76 97 Нет";"—";"Участвуете в конкурсе";"1688813";"—"
"297";"1";"—";"245";"51851 86 80 79 Нет";"—";"Участвуете в конкурсе";"1838697";"—"
"298";"1";"—";"245";"45373 70 90 75 Нет";"10";"Участвуете в конкурсе";"910181";"—"
"299";"1";"—";"245";"45468 88 100 57 Нет";"—";"Участвуете в конкурсе";"960715";"—"
"300";"3";"—";"244";"49322 83 86 75 Нет";"—";"Участвуете в конкурсе";"1571692";"—"
"301";"1";"Да";"244";"50001 72 80 92 Да";"—";"Участвуете в конкурсе";"1608582";"—"
"302";"8";"—";"244";"60375 80 76 78 Нет";"10";"Участвуете в конкурсе";"2425016";"—"
"303";"1";"—";"244";"45281 88 90 56 Нет";"10";"Участвуете в конкурсе";"960518";"—"
"304";"1";"Да";"244";"45489 86 100 55 Нет";"3";"Участвуете в конкурсе";"971089";"—"
"305";"1";"—";"243";"46365 76 70 87 Нет";"10";"Участвуете в конкурсе";"1084641";"—"
"306";"1";"—";"243";"51834 76 100 57 Нет";"10";"Участвуете в конкурсе";"1585096";"—"
"307";"1";"—";"243";"50565 80 100 63 Нет";"—";"Участвуете в конкурсе";"1654732";"—"
"308";"1";"—";"243";"32265 83 78 72 Нет";"10";"Участвуете в конкурсе";"2113767";"—"
"309";"1";"—";"243";"55164 82 80 81 Нет";"—";"Участвуете в конкурсе";"2158436";"—"
"310";"1";"—";"243";"25231 83 90 70 Нет";"—";"Участвуете в конкурсе";"2429718";"—"
"311";"1";"—";"243";"45555 90 100 53 Нет";"—";"Участвуете в конкурсе";"963871";"—"
"312";"1";"—";"243";"45645 82 70 88 Нет";"3";"Участвуете в конкурсе";"986170";"—"
"313";"4";"—";"242";"58119 85 76 81 Нет";"—";"Участвуете в конкурсе";"1499837";"—"
"314";"4";"—";"242";"49641 88 90 64 Нет";"—";"Участвуете в конкурсе";"1599849";"—"
"315";"6";"—";"242";"54974 85 82 75 Нет";"—";"Участвуете в конкурсе";"2136696";"—"
"316";"4";"—";"242";"58579 85 82 75 Нет";"—";"Участвуете в конкурсе";"2349227";"—"
"317";"2";"—";"241";"48400 72 86 81 Нет";"2";"Участвуете в конкурсе";"1265126";"—"
"318";"5";"—";"241";"52087 64 78 89 Нет";"10";"Участвуете в конкурсе";"1430503";"—"
"319";"3";"—";"241";"55538 64 96 81 Нет";"—";"Участвуете в конкурсе";"2182085";"—"
"320";"5";"Да";"241";"8336 88 80 73 Нет";"—";"Участвуете в конкурсе";"2384232";"—"
"321";"1";"Да";"241";"45529 74 90 77 Нет";"—";"Участвуете в конкурсе";"975736";"—"
"322";"4";"—";"240";"47678 82 80 78 Нет";"—";"Участвуете в конкурсе";"1155627";"—"
"323";"2";"—";"240";"48247 92 80 68 Нет";"—";"Участвуете в конкурсе";"1416024";"—"
"324";"1";"—";"240";"48550 90 80 70 Нет";"—";"Участвуете в конкурсе";"1479976";"—"
"325";"1";"Да";"240";"49108 80 90 70 Да";"—";"Участвуете в конкурсе";"1516613";"—"
"326";"1";"—";"240";"49137 78 74 78 Нет";"10";"Участвуете в конкурсе";"1521149";"—"
"327";"8";"—";"239";"47973 83 76 70 Нет";"10";"Участвуете в конкурсе";"1361236";"—"
"328";"4";"—";"239";"48438 72 70 87 Нет";"10";"Участвуете в конкурсе";"1480725";"—"
"329";"1";"—";"239";"45575 84 90 65 Нет";"—";"Участвуете в конкурсе";"975444";"—"
"330";"1";"—";"238";"46179 96 70 72 Нет";"—";"Участвуете в конкурсе";"1000490";"—"
"331";"1";"Да";"238";"46503 96 90 52 Нет";"—";"Участвуете в конкурсе";"1196251";"—"
"332";"3";"—";"238";"48279 90 78 70 Нет";"—";"Участвуете в конкурсе";"1432133";"—"
"333";"1";"—";"238";"49054 80 80 78 Нет";"—";"Участвуете в конкурсе";"1508502";"—"
"334";"1";"—";"238";"50866 72 74 82 Нет";"10";"Участвуете в конкурсе";"1653294";"—"
"335";"3";"—";"238";"52075 84 90 64 Нет";"—";"Участвуете в конкурсе";"1857912";"—"
"336";"1";"—";"238";"52795 76 70 82 Нет";"10";"Участвуете в конкурсе";"1943773";"—"
"337";"1";"Да";"238";"45241 82 80 76 Да";"—";"Участвуете в конкурсе";"964610";"—"
"338";"1";"—";"237";"53640 75 74 78 Нет";"10";"Участвуете в конкурсе";"1408262";"—"
"339";"4";"—";"237";"48434 82 80 75 Нет";"—";"Участвуете в конкурсе";"1452909";"—"
"340";"3";"—";"237";"56847 72 82 83 Нет";"—";"Участвуете в конкурсе";"1557837";"—"
"341";"3";"—";"237";"58671 85 94 58 Нет";"—";"Участвуете в конкурсе";"2243130";"—"
"342";"2";"—";"237";"57401 79 76 72 Нет";"10";"Участвуете в конкурсе";"2313706";"—"
"343";"2";"—";"237";"45428 84 80 70 Нет";"3";"Участвуете в конкурсе";"972113";"—"
"344";"1";"Да";"236";"46108 94 100 42 Нет";"—";"Участвуете в конкурсе";"1103152";"—"
"345";"1";"—";"236";"50530 83 78 75 Нет";"—";"Участвуете в конкурсе";"1659894";"—"
"346";"6";"—";"236";"55492 85 74 75 Нет";"2";"Участвуете в конкурсе";"2047374";"—"
"347";"1";"Да";"236";"45515 88 100 48 Нет";"—";"Участвуете в конкурсе";"976930";"—"
"348";"4";"—";"236";"45438 96 80 58 Нет";"2";"Участвуете в конкурсе";"998121";"—"
"349";"2";"—";"235";"51263 80 80 75 Нет";"—";"Участвуете в конкурсе";"1425537";"—"
"350";"6";"—";"235";"50541 84 76 75 Нет";"—";"Участвуете в конкурсе";"1658596";"—"
"351";"4";"—";"235";"51218 86 100 49 Нет";"—";"Участвуете в конкурсе";"1778900";"—"
"352";"4";"—";"235";"52061 68 84 83 Нет";"—";"Участвуете в конкурсе";"1857826";"—"
"353";"3";"—";"235";"55568 78 78 79 Нет";"—";"Участвуете в конкурсе";"1988859";"—"
"354";"1";"—";"235";"54714 78 80 77 Нет";"—";"Участвуете в конкурсе";"2106566";"—"
"355";"2";"—";"235";"57598 72 72 81 Нет";"10";"Участвуете в конкурсе";"2331746";"—"
"356";"1";"—";"235";"56868 79 78 78 Нет";"—";"Участвуете в конкурсе";"962730";"—"
"357";"1";"Да";"235";"45580 86 80 59 Нет";"10";"Участвуете в конкурсе";"984458";"—"
"358";"7";"—";"234";"47825 77 82 75 Нет";"—";"Участвуете в конкурсе";"1283987";"—"
"359";"7";"—";"234";"48575 72 84 78 Нет";"—";"Участвуете в конкурсе";"1487530";"—"
"360";"1";"Да";"234";"49052 72 76 86 Нет";"—";"Участвуете в конкурсе";"1519270";"—"
"361";"6";"—";"234";"50000 80 76 78 Нет";"—";"Участвуете в конкурсе";"1522963";"—"
"362";"6";"—";"234";"56779 70 86 73 Нет";"5";"Участвуете в конкурсе";"1777325";"—"
"363";"1";"—";"234";"51884 82 90 62 Нет";"—";"Участвуете в конкурсе";"1845547";"—"
"364";"6";"—";"234";"56831 75 84 75 Нет";"—";"Участвуете в конкурсе";"2164408";"—"
"365";"6";"—";"234";"58377 78 80 66 Нет";"10";"Участвуете в конкурсе";"2308673";"—"
"366";"1";"Да";"234";"49957 72 90 72 Нет";"—";"Участвуете в конкурсе";"968797";"—"
"367";"1";"—";"233";"48476 72 80 81 Нет";"—";"Участвуете в конкурсе";"1478385";"—"
"368";"5";"—";"233";"49580 90 84 54 Нет";"5";"Участвуете в конкурсе";"1587310";"—"
"369";"3";"—";"233";"58293 83 76 72 Нет";"2";"Участвуете в конкурсе";"2359041";"—"
"370";"1";"—";"233";"45324 86 80 67 Нет";"—";"Участвуете в конкурсе";"963061";"—"
"371";"4";"—";"233";"45516 70 100 53 Нет";"10";"Участвуете в конкурсе";"997143";"—"
"372";"1";"—";"232";"46269 84 50 88 Нет";"10";"Участвуете в конкурсе";"1132596";"—"
"373";"7";"—";"232";"53577 77 74 81 Нет";"—";"Участвуете в конкурсе";"1177036";"—"
"374";"2";"—";"232";"52487 72 100 50 Нет";"10";"Участвуете в конкурсе";"1288336";"—"
"375";"3";"—";"232";"48297 67 95 70 Нет";"—";"Участвуете в конкурсе";"1455517";"—"
"376";"1";"—";"232";"48970 90 70 72 Нет";"—";"Участвуете в конкурсе";"1519261";"—"
"377";"8";"—";"232";"50485 75 78 69 Нет";"10";"Участвуете в конкурсе";"1633463";"—"
"378";"1";"—";"232";"50243 70 76 86 Нет";"—";"Участвуете в конкурсе";"1645181";"—"
"379";"1";"—";"232";"50839 82 100 50 Нет";"—";"Участвуете в конкурсе";"1653249";"—"
"380";"1";"—";"232";"50598 82 70 70 Нет";"10";"Участвуете в конкурсе";"1705708";"—"
"381";"1";"Да";"232";"58918 68 80 84 Да";"—";"Участвуете в конкурсе";"1713122";"—"
"382";"5";"—";"232";"54540 76 78 78 Нет";"—";"Участвуете в конкурсе";"1731525";"—"
"383";"3";"—";"232";"51205 74 90 68 Нет";"—";"Участвуете в конкурсе";"1777689";"—"
"384";"3";"—";"232";"54054 85 76 66 Нет";"5";"Участвуете в конкурсе";"1955084";"—"
"385";"1";"—";"232";"53176 90 72 70 Нет";"—";"Участвуете в конкурсе";"1969133";"—"
"386";"1";"—";"232";"40453 74 80 78 Нет";"—";"Участвуете в конкурсе";"2295953";"—"
"387";"1";"—";"232";"45442 90 90 52 Нет";"—";"Участвуете в конкурсе";"971911";"—"
"388";"6";"—";"232";"57020 80 88 64 Нет";"—";"Участвуете в конкурсе";"983564";"—"
"389";"1";"Да";"232";"23694 84 80 58 Нет";"10";"Участвуете в конкурсе";"993117";"—"
"390";"1";"Да";"231";"46345 72 90 59 Нет";"10";"Участвуете в конкурсе";"1156817";"—"
"391";"5";"—";"231";"46771 75 76 78 Нет";"2";"Участвуете в конкурсе";"1182468";"—"
"392";"1";"—";"231";"60060 80 76 75 Нет";"—";"Участвуете в конкурсе";"1403924";"—"
"393";"6";"—";"231";"53024 82 80 67 Нет";"2";"Участвуете в конкурсе";"1951894";"—"
"394";"1";"—";"231";"53237 80 90 61 Нет";"—";"Участвуете в конкурсе";"1979075";"—"
"395";"6";"—";"231";"60307 78 80 73 Нет";"—";"Участвуете в конкурсе";"2422017";"—"
"396";"2";"—";"230";"33971 76 70 74 Нет";"10";"Участвуете в конкурсе";"1018060";"—"
"397";"1";"—";"230";"48536 70 100 60 Нет";"—";"Участвуете в конкурсе";"1486596";"—"
"398";"4";"—";"230";"45415 84 80 66 Нет";"—";"Участвуете в конкурсе";"998404";"—"
"399";"5";"—";"229";"55692 83 80 66 Нет";"—";"Участвуете в конкурсе";"1292320";"—"
"400";"1";"Да";"229";"1070 84 70 75 Нет";"—";"Участвуете в конкурсе";"1421542";"—"
"401";"1";"Да";"229";"48339 80 82 67 Нет";"—";"Участвуете в конкурсе";"1427450";"—"
"402";"1";"—";"229";"48218 77 82 70 Нет";"—";"Участвуете в конкурсе";"1438950";"—"
"403";"1";"—";"229";"58687 70 70 89 Нет";"—";"Участвуете в конкурсе";"1609746";"—"
"404";"1";"Да";"229";"51188 72 100 47 Да";"10";"Участвуете в конкурсе";"1777111";"—"
"405";"1";"Да";"229";"45429 78 90 61 Нет";"—";"Участвуете в конкурсе";"951299";"—"
"406";"2";"—";"228";"54584 85 78 60 Нет";"5";"Участвуете в конкурсе";"1261574";"—"
"407";"6";"—";"228";"48498 80 78 70 Нет";"—";"Участвуете в конкурсе";"1432947";"—"
"408";"1";"—";"228";"55003 85 74 69 Нет";"—";"Участвуете в конкурсе";"2097300";"—"
"409";"1";"—";"228";"8002 75 66 87 Нет";"—";"Участвуете в конкурсе";"2140981";"—"
"410";"1";"—";"228";"59879 67 74 87 Нет";"—";"Участвуете в конкурсе";"2423414";"—"
"411";"1";"—";"228";"45370 94 80 54 Нет";"—";"Участвуете в конкурсе";"962924";"—"
"412";"1";"—";"228";"45256 78 90 60 Нет";"—";"Участвуете в конкурсе";"966557";"—"
"413";"1";"—";"228";"45262 92 100 36 Нет";"—";"Участвуете в конкурсе";"967119";"—"
"414";"2";"—";"228";"45475 88 80 60 Нет";"—";"Участвуете в конкурсе";"973631";"—"
"415";"1";"Да";"228";"24934 64 70 94 Да";"—";"Участвуете в конкурсе";"985363";"—"
"416";"3";"—";"227";"53287 70 88 69 Нет";"—";"Участвуете в конкурсе";"1696528";"—"
"417";"3";"—";"227";"54964 83 78 61 Нет";"5";"Участвуете в конкурсе";"2056049";"—"
"418";"1";"—";"227";"58923 78 80 69 Нет";"—";"Участвуете в конкурсе";"2292895";"—"
"419";"2";"—";"227";"60072 75 74 78 Нет";"—";"Участвуете в конкурсе";"2388710";"—"
"420";"1";"Да";"227";"45846 72 80 65 Да";"10";"Участвуете в конкурсе";"963477";"—"
"421";"1";"—";"226";"46254 72 72 82 Нет";"—";"Участвуете в конкурсе";"1129253";"—"
"422";"1";"—";"226";"48002 80 70 76 Нет";"—";"Участвуете в конкурсе";"1408777";"—"
"423";"7";"—";"226";"50543 98 40 88 Нет";"—";"Участвуете в конкурсе";"1694425";"—"
"424";"1";"—";"226";"23879 62 78 86 Нет";"—";"Участвуете в конкурсе";"2344153";"—"
"425";"1";"—";"226";"45390 72 90 62 Нет";"2";"Участвуете в конкурсе";"999538";"—"
"426";"1";"—";"225";"46060 54 90 71 Нет";"10";"Участвуете в конкурсе";"1100589";"—"
"427";"8";"—";"225";"50193 54 86 81 Нет";"4";"Участвуете в конкурсе";"1128408";"—"
"428";"5";"—";"225";"50603 86 76 63 Нет";"—";"Участвуете в конкурсе";"1208186";"—"
"429";"2";"—";"225";"46480 78 58 89 Нет";"—";"Участвуете в конкурсе";"1210031";"—"
"430";"1";"—";"225";"49747 74 90 61 Нет";"—";"Участвуете в конкурсе";"1599953";"—"
"431";"3";"—";"225";"59682 78 76 69 Нет";"2";"Участвуете в конкурсе";"1602092";"—"
"432";"1";"—";"225";"56579 72 72 81 Нет";"—";"Участвуете в конкурсе";"2257870";"—"
"433";"1";"—";"225";"34110 78 74 73 Нет";"—";"Участвуете в конкурсе";"2270758";"—"
"434";"1";"Да";"225";"58889 80 72 73 Да";"—";"Участвуете в конкурсе";"2287852";"—"
"435";"1";"—";"225";"58005 83 70 72 Нет";"—";"Участвуете в конкурсе";"2341018";"—"
"436";"2";"—";"225";"59296 54 78 93 Нет";"—";"Участвуете в конкурсе";"2393326";"—"
"437";"1";"Да";"225";"60571 85 76 64 Нет";"—";"Участвуете в конкурсе";"2411457";"—"
"438";"1";"—";"224";"47256 70 70 84 Нет";"—";"Участвуете в конкурсе";"1275968";"—"
"439";"8";"—";"224";"47310 78 64 72 Нет";"10";"Участвуете в конкурсе";"1315327";"—"
"440";"5";"—";"224";"58327 53 78 83 Нет";"10";"Участвуете в конкурсе";"1317288";"—"
"441";"5";"—";"224";"48656 72 94 58 Нет";"—";"Участвуете в конкурсе";"1498100";"—"
"442";"5";"—";"224";"57938 70 76 78 Нет";"—";"Участвуете в конкурсе";"1881620";"—"
"443";"1";"—";"224";"53783 59 74 91 Нет";"—";"Участвуете в конкурсе";"2001123";"—"
"444";"2";"—";"224";"54935 70 78 66 Нет";"10";"Участвуете в конкурсе";"2140800";"—"
"445";"1";"—";"224";"42251 72 74 78 Нет";"—";"Участвуете в конкурсе";"2206152";"—"
"446";"1";"—";"224";"56548 83 76 65 Нет";"—";"Участвуете в конкурсе";"2239992";"—"
"447";"2";"—";"224";"58306 75 76 73 Нет";"—";"Участвуете в конкурсе";"2312869";"—"
"448";"2";"—";"223";"37146 68 80 75 Нет";"—";"Участвуете в конкурсе";"1056488";"—"
"449";"4";"—";"223";"46863 72 70 81 Нет";"—";"Участвуете в конкурсе";"1205412";"—"
"450";"9";"—";"223";"47877 66 60 97 Нет";"—";"Участвуете в конкурсе";"1361716";"—"
"451";"3";"—";"223";"48221 70 80 73 Нет";"—";"Участвуете в конкурсе";"1435598";"—"
"452";"1";"—";"223";"48524 80 74 69 Нет";"—";"Участвуете в конкурсе";"1479309";"—"
"453";"1";"Да";"223";"51084 66 90 57 Нет";"10";"Участвуете в конкурсе";"1763012";"—"
"454";"2";"—";"223";"55231 84 80 59 Нет";"—";"Участвуете в конкурсе";"1873749";"—"
"455";"7";"—";"223";"52967 70 72 81 Нет";"—";"Участвуете в конкурсе";"1956959";"—"
"456";"1";"Да";"223";"53841 80 80 63 Нет";"—";"Участвуете в конкурсе";"2030519";"—"
"457";"1";"—";"223";"57031 75 72 76 Нет";"—";"Участвуете в конкурсе";"2265351";"—"
"458";"2";"—";"223";"57388 67 74 72 Нет";"10";"Участвуете в конкурсе";"2313565";"—"
"459";"1";"—";"223";"58639 67 74 72 Нет";"10";"Участвуете в конкурсе";"2371726";"—"
"460";"1";"—";"223";"12973 54 72 87 Нет";"10";"Участвуете в конкурсе";"2429915";"—"
"461";"7";"—";"222";"58634 85 72 63 Нет";"2";"Участвуете в конкурсе";"1279380";"—"
"462";"2";"—";"222";"47575 80 76 64 Нет";"2";"Участвуете в конкурсе";"1279498";"—"
"463";"7";"—";"222";"60809 78 78 66 Нет";"—";"Участвуете в конкурсе";"1420853";"—"
"464";"4";"—";"222";"55044 80 72 70 Нет";"—";"Участвуете в конкурсе";"2146475";"—"
"465";"1";"—";"222";"58025 64 70 78 Нет";"10";"Участвуете в конкурсе";"2298990";"—"
"466";"1";"—";"222";"60591 80 66 76 Нет";"—";"Участвуете в конкурсе";"2365525";"—"
"467";"8";"—";"221";"57887 78 76 57 Нет";"10";"Участвуете в конкурсе";"1153939";"—"
"468";"6";"—";"221";"54125 73 78 60 Нет";"10";"Участвуете в конкурсе";"1640414";"—"
"469";"1";"—";"221";"54468 70 80 71 Нет";"—";"Участвуете в конкурсе";"2101653";"—"
"470";"1";"—";"221";"60389 58 78 85 Нет";"—";"Участвуете в конкурсе";"2260647";"—"
"471";"2";"—";"221";"45659 82 90 49 Нет";"—";"Участвуете в конкурсе";"986219";"—"
"472";"1";"—";"220";"48630 56 90 74 Нет";"—";"Участвуете в конкурсе";"1493882";"—"
"473";"2";"—";"220";"49000 80 64 76 Нет";"—";"Участвуете в конкурсе";"1533196";"—"
"474";"1";"Да";"220";"48799 42 90 88 Да";"—";"Участвуете в конкурсе";"1537040";"—"
"475";"8";"—";"220";"59457 72 80 66 Нет";"2";"Участвуете в конкурсе";"1608966";"—"
"476";"1";"Да";"220";"1606 86 80 54 Нет";"—";"Участвуете в конкурсе";"1729382";"—"
"477";"3";"—";"220";"51503 53 74 83 Нет";"10";"Участвуете в конкурсе";"1769225";"—"
"478";"4";"—";"220";"57871 75 76 69 Нет";"—";"Участвуете в конкурсе";"2000129";"—"
"479";"1";"—";"220";"45222 70 80 70 Нет";"—";"Участвуете в конкурсе";"960734";"—"
"480";"7";"—";"219";"47756 72 76 69 Нет";"2";"Участвуете в конкурсе";"1000153";"—"
"481";"6";"—";"219";"58630 78 58 73 Нет";"10";"Участвуете в конкурсе";"1188994";"—"
"482";"6";"—";"219";"53693 83 70 66 Нет";"—";"Участвуете в конкурсе";"1406320";"—"
"483";"1";"—";"219";"53123 82 60 67 Нет";"10";"Участвуете в конкурсе";"1975266";"—"
"484";"4";"—";"219";"58172 70 64 85 Нет";"—";"Участвуете в конкурсе";"2201787";"—"
"485";"7";"—";"219";"56092 70 70 69 Нет";"10";"Участвуете в конкурсе";"2222231";"—"
"486";"2";"—";"219";"59898 72 74 73 Нет";"—";"Участвуете в конкурсе";"2232879";"—"
"487";"1";"—";"218";"46021 64 74 80 Нет";"—";"Участвуете в конкурсе";"1086208";"—"
"488";"8";"—";"218";"51228 70 76 72 Нет";"—";"Участвуете в конкурсе";"1773760";"—"
"489";"1";"Да";"218";"51781 70 90 58 Да";"—";"Участвуете в конкурсе";"1833745";"—"
"490";"1";"—";"218";"60199 70 72 66 Нет";"10";"Участвуете в конкурсе";"2411705";"—"
"491";"1";"—";"217";"46058 66 80 61 Нет";"10";"Участвуете в конкурсе";"1044943";"—"
"492";"3";"—";"217";"46775 83 70 64 Нет";"—";"Участвуете в конкурсе";"1190305";"—"
"493";"5";"—";"217";"56072 64 80 73 Нет";"—";"Участвуете в конкурсе";"1417480";"—"
"494";"2";"—";"217";"48462 72 64 81 Нет";"—";"Участвуете в конкурсе";"1477082";"—"
"495";"6";"—";"217";"60146 72 74 69 Нет";"2";"Участвуете в конкурсе";"1521625";"—"
"496";"5";"—";"217";"49569 59 76 72 Нет";"10";"Участвуете в конкурсе";"1616476";"—"
"497";"1";"—";"217";"50262 72 72 73 Нет";"—";"Участвуете в конкурсе";"1626667";"—"
"498";"6";"—";"217";"53026 78 70 67 Нет";"2";"Участвуете в конкурсе";"1964132";"—"
"499";"1";"—";"217";"54364 76 70 71 Нет";"—";"Участвуете в конкурсе";"2079401";"—"
"500";"4";"—";"217";"58497 62 90 60 Нет";"5";"Участвуете в конкурсе";"2243509";"—"
"501";"1";"Да";"217";"45344 98 60 59 Нет";"—";"Участвуете в конкурсе";"971426";"—"
"502";"1";"Да";"216";"21952 82 30 94 Нет";"10";"Участвуете в конкурсе";"1027888";"—"
"503";"1";"—";"216";"48662 80 80 56 Нет";"—";"Участвуете в конкурсе";"1499282";"—"
"504";"1";"—";"216";"49015 59 64 93 Нет";"—";"Участвуете в конкурсе";"1520527";"—"
"505";"3";"—";"216";"54815 64 72 78 Нет";"2";"Участвуете в конкурсе";"1979919";"—"
"506";"2";"—";"216";"30521 70 74 72 Нет";"—";"Участвуете в конкурсе";"2178703";"—"
"507";"5";"—";"216";"59575 61 78 67 Нет";"10";"Участвуете в конкурсе";"2354240";"—"
"508";"1";"—";"216";"59436 61 70 75 Нет";"10";"Участвуете в конкурсе";"2386122";"—"
"509";"1";"—";"216";"60355 70 80 66 Нет";"—";"Участвуете в конкурсе";"2423713";"—"
"510";"1";"—";"216";"45527 70 70 66 Нет";"10";"Участвуете в конкурсе";"977026";"—"
"511";"2";"Да";"215";"30519 74 80 61 Нет";"—";"Участвуете в конкурсе";"1130055";"—"
"512";"1";"—";"215";"46893 67 70 73 Нет";"5";"Участвуете в конкурсе";"1208517";"—"
"513";"2";"—";"215";"47597 79 76 60 Нет";"—";"Участвуете в конкурсе";"1360890";"—"
"514";"6";"—";"215";"52557 80 72 63 Нет";"—";"Участвуете в конкурсе";"1501415";"—"
"515";"10";"—";"215";"60322 64 78 63 Нет";"10";"Участвуете в конкурсе";"1516883";"—"
"516";"2";"—";"215";"55255 68 84 63 Нет";"—";"Участвуете в конкурсе";"1806856";"—"
"517";"5";"—";"215";"56596 67 78 70 Нет";"—";"Участвуете в конкурсе";"2259747";"—"
"518";"1";"—";"214";"46799 67 80 67 Нет";"—";"Участвуете в конкурсе";"1201359";"—"
"519";"1";"Да";"214";"2250 72 72 70 Нет";"—";"Участвуете в конкурсе";"1413956";"—"
"520";"2";"—";"214";"48597 86 100 28 Нет";"—";"Участвуете в конкурсе";"1490483";"—"
"521";"1";"—";"214";"50075 77 74 63 Нет";"—";"Участвуете в конкурсе";"1625937";"—"
"522";"2";"—";"213";"46784 56 66 81 Нет";"10";"Участвуете в конкурсе";"1233956";"—"
"523";"1";"—";"213";"55091 86 90 27 Нет";"10";"Участвуете в конкурсе";"1281464";"—"
"524";"5";"—";"213";"48165 72 74 67 Нет";"—";"Участвуете в конкурсе";"1354885";"—"
"525";"1";"—";"213";"57506 71 72 70 Нет";"—";"Участвуете в конкурсе";"1581199";"—"
"526";"1";"Да";"213";"49855 70 70 73 Да";"—";"Участвуете в конкурсе";"1640619";"—"
"527";"4";"—";"213";"50312 56 74 83 Нет";"—";"Участвуете в конкурсе";"1648304";"—"
"528";"1";"—";"213";"53469 67 84 60 Нет";"2";"Участвуете в конкурсе";"1876305";"—"
"529";"6";"—";"213";"59587 54 76 73 Нет";"10";"Участвуете в конкурсе";"1881904";"—"
"530";"8";"—";"213";"56286 64 82 67 Нет";"—";"Участвуете в конкурсе";"2241234";"—"
"531";"1";"—";"213";"58029 76 80 57 Нет";"—";"Участвуете в конкурсе";"2304899";"—"
"532";"2";"—";"213";"60673 60 66 87 Нет";"—";"Участвуете в конкурсе";"2421631";"—"
"533";"1";"Да";"213";"15128 70 58 85 Да";"—";"Участвуете в конкурсе";"945113";"—"
"534";"2";"—";"213";"45536 80 70 63 Нет";"—";"Участвуете в конкурсе";"977491";"—"
"535";"3";"—";"213";"45565 74 80 59 Нет";"—";"Участвуете в конкурсе";"978592";"—"
"536";"1";"—";"212";"45665 59 78 75 Нет";"—";"Участвуете в конкурсе";"1014301";"—"
"537";"4";"—";"212";"53780 59 84 69 Нет";"—";"Участвуете в конкурсе";"1177733";"—"
"538";"1";"Да";"212";"46590 70 70 72 Да";"—";"Участвуете в конкурсе";"1181592";"—"
"539";"5";"—";"212";"54003 70 82 60 Нет";"—";"Участвуете в конкурсе";"2056410";"—"
"540";"6";"—";"212";"57470 70 82 60 Нет";"—";"Участвуете в конкурсе";"2268792";"—"
"541";"1";"—";"211";"45672 76 90 45 Нет";"—";"Участвуете в конкурсе";"1016556";"—"
"542";"1";"—";"211";"49188 72 100 39 Нет";"—";"Участвуете в конкурсе";"1558531";"—"
"543";"1";"—";"211";"49431 64 76 71 Нет";"—";"Участвуете в конкурсе";"1583477";"—"
"544";"1";"—";"211";"50437 78 78 55 Нет";"—";"Участвуете в конкурсе";"1650848";"—"
"545";"2";"—";"211";"34818 78 82 51 Нет";"—";"Участвуете в конкурсе";"1789005";"—"
"546";"1";"—";"211";"54428 70 72 67 Нет";"2";"Участвуете в конкурсе";"2087647";"—"
"547";"1";"—";"211";"45245 74 80 57 Нет";"—";"Участвуете в конкурсе";"944834";"—"
"548";"2";"—";"210";"49460 76 80 54 Нет";"—";"Участвуете в конкурсе";"1080710";"—"
"549";"1";"—";"210";"60270 70 64 76 Нет";"—";"Участвуете в конкурсе";"1188371";"—"
"550";"2";"—";"210";"48198 88 70 49 Нет";"3";"Участвуете в конкурсе";"1423691";"—"
"551";"1";"—";"210";"49635 59 76 75 Нет";"—";"Участвуете в конкурсе";"1597211";"—"
"552";"5";"—";"210";"49893 75 70 63 Нет";"2";"Участвуете в конкурсе";"1616859";"—"
"553";"1";"—";"210";"50838 62 80 68 Нет";"—";"Участвуете в конкурсе";"1728794";"—"
"554";"7";"—";"210";"57865 75 72 55 Нет";"8";"Участвуете в конкурсе";"2161333";"—"
"555";"6";"—";"210";"58861 70 74 66 Нет";"—";"Участвуете в конкурсе";"2359157";"—"
"556";"1";"—";"210";"29173 56 78 76 Нет";"—";"Участвуете в конкурсе";"2422494";"—"
"557";"1";"Да";"210";"45282 82 90 38 Да";"—";"Участвуете в конкурсе";"966054";"—"
"558";"2";"—";"209";"34198 62 80 67 Нет";"—";"Участвуете в конкурсе";"1106809";"—"
"559";"2";"Да";"209";"50239 90 60 59 Да";"—";"Участвуете в конкурсе";"1548875";"—"
"560";"1";"—";"209";"50614 72 70 67 Нет";"—";"Участвуете в конкурсе";"1697180";"—"
"561";"7";"—";"209";"50911 64 64 81 Нет";"—";"Участвуете в конкурсе";"1729803";"—"
"562";"1";"—";"209";"51416 62 80 67 Нет";"—";"Участвуете в конкурсе";"1794680";"—"
"563";"3";"—";"209";"56628 78 74 57 Нет";"—";"Участвуете в конкурсе";"1913902";"—"
"564";"1";"—";"209";"59218 51 78 70 Нет";"10";"Участвуете в конкурсе";"2403289";"—"
"565";"3";"—";"208";"46768 46 76 86 Нет";"—";"Участвуете в конкурсе";"1188824";"—"
"566";"1";"Да";"208";"47382 71 58 69 Да";"10";"Участвуете в конкурсе";"1324979";"—"
"567";"3";"—";"208";"49666 70 80 58 Нет";"—";"Участвуете в конкурсе";"1601334";"—"
"568";"2";"—";"208";"51344 70 72 64 Нет";"2";"Участвуете в конкурсе";"1793223";"—"
"569";"1";"—";"208";"56804 54 76 78 Нет";"—";"Участвуете в конкурсе";"2255729";"—"
"570";"8";"—";"208";"57043 67 78 63 Нет";"—";"Участвуете в конкурсе";"2265849";"—"
"571";"2";"—";"207";"45887 62 74 71 Нет";"—";"Участвуете в конкурсе";"1065091";"—"
"572";"2";"—";"207";"48265 56 78 73 Нет";"—";"Участвуете в конкурсе";"1436908";"—"
"573";"1";"—";"207";"51455 60 60 77 Нет";"10";"Участвуете в конкурсе";"1795401";"—"
"574";"1";"—";"207";"35556 56 70 81 Нет";"—";"Участвуете в конкурсе";"1896623";"—"
"575";"1";"—";"207";"54172 56 68 83 Нет";"—";"Участвуете в конкурсе";"2053417";"—"
"576";"7";"—";"207";"56276 54 70 73 Нет";"10";"Участвуете в конкурсе";"2220669";"—"
"577";"1";"—";"207";"57195 54 66 87 Нет";"—";"Участвуете в конкурсе";"2265294";"—"
"578";"3";"—";"206";"48195 59 88 57 Нет";"2";"Участвуете в конкурсе";"1128951";"—"
"579";"4";"—";"206";"49356 75 64 67 Нет";"—";"Участвуете в конкурсе";"1212137";"—"
"580";"2";"—";"206";"54687 51 70 75 Нет";"10";"Участвуете в конкурсе";"1330096";"—"
"581";"1";"—";"206";"6323 56 100 50 Нет";"—";"Участвуете в конкурсе";"1484792";"—"
"582";"1";"—";"206";"49361 46 90 60 Нет";"10";"Участвуете в конкурсе";"1574261";"—"
"583";"6";"—";"206";"55367 70 64 70 Нет";"2";"Участвуете в конкурсе";"2175470";"—"
"584";"1";"—";"206";"60439 65 74 67 Нет";"—";"Участвуете в конкурсе";"2414286";"—"
"585";"2";"Да";"206";"45991 64 90 52 Нет";"—";"Участвуете в конкурсе";"994053";"—"
"586";"1";"—";"205";"45657 48 74 83 Нет";"—";"Участвуете в конкурсе";"1026918";"—"
"587";"2";"—";"205";"60492 67 72 66 Нет";"—";"Участвуете в конкурсе";"1215440";"—"
"588";"1";"—";"205";"47070 72 70 61 Нет";"2";"Участвуете в конкурсе";"1240770";"—"
"589";"5";"—";"205";"47226 60 70 75 Нет";"—";"Участвуете в конкурсе";"1271206";"—"
"590";"1";"—";"205";"47444 72 64 69 Нет";"—";"Участвуете в конкурсе";"1341299";"—"
"591";"5";"—";"205";"47997 67 72 66 Нет";"—";"Участвуете в конкурсе";"1407446";"—"
"592";"2";"—";"205";"48590 76 40 79 Нет";"10";"Участвуете в конкурсе";"1489798";"—"
"593";"3";"—";"205";"59112 67 78 60 Нет";"—";"Участвуете в конкурсе";"2390056";"—"
"594";"3";"—";"204";"50525 72 70 60 Нет";"2";"Участвуете в конкурсе";"1210371";"—"
"595";"2";"—";"204";"47052 62 72 70 Нет";"—";"Участвуете в конкурсе";"1261460";"—"
"596";"2";"—";"204";"49558 67 74 63 Нет";"—";"Участвуете в конкурсе";"1345744";"—"
"597";"4";"—";"204";"50840 72 70 52 Нет";"10";"Участвуете в конкурсе";"1729268";"—"
"598";"1";"—";"204";"55056 67 52 83 Нет";"2";"Участвуете в конкурсе";"1903044";"—"
"599";"1";"—";"204";"52443 62 70 72 Нет";"—";"Участвуете в конкурсе";"1906099";"—"
"600";"1";"—";"204";"53830 58 70 76 Нет";"—";"Участвуете в конкурсе";"2024369";"—"
"601";"7";"—";"203";"49140 56 78 69 Нет";"—";"Участвуете в конкурсе";"1550795";"—"
"602";"1";"—";"203";"51990 78 70 55 Нет";"—";"Участвуете в конкурсе";"1777019";"—"
"603";"2";"—";"203";"58661 70 72 61 Нет";"—";"Участвуете в конкурсе";"1958696";"—"
"604";"6";"—";"203";"57928 64 58 81 Нет";"—";"Участвуете в конкурсе";"2215110";"—"
"605";"4";"—";"203";"56169 70 74 57 Нет";"2";"Участвуете в конкурсе";"2231015";"—"
"606";"5";"—";"203";"57617 60 76 67 Нет";"—";"Участвуете в конкурсе";"2325591";"—"
"607";"1";"—";"203";"60965 70 72 61 Нет";"—";"Участвуете в конкурсе";"2471160";"—"
"608";"1";"—";"203";"61103 64 64 75 Нет";"—";"Участвуете в конкурсе";"2484235";"—"
"609";"1";"Да";"202";"46087 64 74 54 Нет";"10";"Участвуете в конкурсе";"1101703";"—"
"610";"2";"—";"202";"48254 62 64 66 Нет";"10";"Участвуете в конкурсе";"1437522";"—"
"611";"1";"Да";"202";"50989 54 74 64 Нет";"10";"Участвуете в конкурсе";"1715977";"—"
"612";"8";"—";"202";"51249 46 74 72 Нет";"10";"Участвуете в конкурсе";"1780560";"—"
"613";"1";"—";"202";"51535 92 100 Нет";"10";"Участвуете в конкурсе";"1796976";"—"
"614";"2";"—";"202";"52490 74 80 48 Нет";"—";"Участвуете в конкурсе";"1907019";"—"
"615";"1";"—";"202";"55888 54 68 80 Нет";"—";"Участвуете в конкурсе";"2205470";"—"
"616";"6";"—";"202";"58074 64 78 58 Нет";"2";"Участвуете в конкурсе";"2344094";"—"
"617";"1";"—";"202";"60555 58 74 70 Нет";"—";"Участвуете в конкурсе";"2425011";"—"
"618";"1";"Да";"202";"45613 46 64 82 Да";"10";"Участвуете в конкурсе";"985273";"—"
"619";"3";"—";"201";"47324 62 70 69 Нет";"—";"Участвуете в конкурсе";"1288969";"—"
"620";"2";"—";"201";"55313 67 64 70 Нет";"—";"Участвуете в конкурсе";"1434481";"—"
"621";"3";"—";"201";"49309 62 76 63 Нет";"—";"Участвуете в конкурсе";"1570857";"—"
"622";"1";"—";"201";"54440 64 74 63 Нет";"—";"Участвуете в конкурсе";"2086198";"—"
"623";"6";"—";"201";"55495 67 64 70 Нет";"—";"Участвуете в конкурсе";"2182478";"—"
"624";"7";"—";"201";"58559 67 64 70 Нет";"—";"Участвуете в конкурсе";"2348346";"—"
"625";"1";"—";"200";"45800 84 60 56 Нет";"—";"Участвуете в конкурсе";"1044841";"—"
"626";"8";"—";"200";"50751 72 58 63 Нет";"7";"Участвуете в конкурсе";"1697750";"—"
"627";"6";"—";"200";"55012 59 70 69 Нет";"2";"Участвуете в конкурсе";"1748088";"—"
"628";"3";"—";"200";"57987 70 64 66 Нет";"—";"Участвуете в конкурсе";"2219874";"—"
"629";"2";"—";"200";"34730 100 100 Нет";"—";"Участвуете в конкурсе";"984813";"—"
"630";"3";"—";"199";"45945 66 70 63 Нет";"—";"Участвуете в конкурсе";"1073606";"—"
"631";"1";"—";"199";"55262 54 72 63 Нет";"10";"Участвуете в конкурсе";"1807782";"—"
"632";"2";"—";"199";"14259 70 58 71 Нет";"—";"Участвуете в конкурсе";"1994263";"—"
"633";"1";"—";"199";"53986 62 58 79 Нет";"—";"Участвуете в конкурсе";"2048356";"—"
"634";"5";"—";"199";"55891 54 76 69 Нет";"—";"Участвуете в конкурсе";"2204283";"—"
"635";"7";"—";"199";"58199 62 74 63 Нет";"—";"Участвуете в конкурсе";"2340360";"—"
"636";"1";"—";"199";"28806 59 70 70 Нет";"—";"Участвуете в конкурсе";"2419201";"—"
"637";"1";"—";"199";"61073 78 52 69 Нет";"—";"Участвуете в конкурсе";"2486527";"—"
"638";"1";"Да";"199";"45467 54 70 65 Да";"10";"Участвуете в конкурсе";"952568";"—"
"639";"1";"Да";"199";"45309 78 70 51 Нет";"—";"Участвуете в конкурсе";"957918";"—"
"640";"2";"Да";"198";"45448 62 70 66 Нет";"—";"Участвуете в конкурсе";"1023782";"—"
"641";"1";"Да";"198";"36934 54 60 74 Да";"10";"Участвуете в конкурсе";"1052273";"—"
"642";"1";"Да";"198";"46424 80 40 78 Нет";"—";"Участвуете в конкурсе";"1167930";"—"
"643";"3";"—";"198";"50094 53 88 55 Нет";"2";"Участвуете в конкурсе";"1193190";"—"
"644";"2";"—";"198";"56725 51 74 73 Нет";"—";"Участвуете в конкурсе";"1245593";"—"
"645";"1";"—";"198";"49907 62 72 64 Нет";"—";"Участвуете в конкурсе";"1618530";"—"
"646";"1";"—";"198";"52020 88 100 Нет";"10";"Участвуете в конкурсе";"1856221";"—"
"647";"1";"—";"198";"52516 98 100 Нет √";"—";"Участвуете в конкурсе";"1904000";"—"
"648";"2";"—";"198";"55674 40 70 78 Нет";"10";"Участвуете в конкурсе";"2209133";"—"
"649";"1";"—";"198";"56444 74 52 72 Нет";"—";"Участвуете в конкурсе";"2250757";"—"
"650";"2";"—";"198";"58101 65 76 57 Нет";"—";"Участвуете в конкурсе";"2255070";"—"
"651";"6";"—";"198";"58314 80 46 72 Нет";"—";"Участвуете в конкурсе";"2312922";"—"
"652";"6";"—";"198";"59825 70 76 52 Нет";"—";"Участвуете в конкурсе";"2377873";"—"
"653";"5";"—";"198";"60887 59 70 69 Нет";"—";"Участвуете в конкурсе";"981959";"—"
"654";"2";"—";"197";"45774 68 72 55 Нет";"2";"Участвуете в конкурсе";"1040660";"—"
"655";"3";"—";"197";"46857 68 58 61 Нет";"10";"Участвуете в конкурсе";"1205312";"—"
"656";"1";"Да";"197";"50655 64 64 69 Нет";"—";"Участвуете в конкурсе";"1751837";"—"
"657";"1";"—";"197";"54543 59 64 74 Нет";"—";"Участвуете в конкурсе";"2054790";"—"
"658";"2";"—";"197";"60063 58 70 69 Нет";"—";"Участвуете в конкурсе";"2362332";"—"
"659";"1";"Да";"197";"45211 70 52 75 Да";"—";"Участвуете в конкурсе";"939312";"—"
"660";"1";"—";"197";"45296 56 64 77 Нет";"—";"Участвуете в конкурсе";"963932";"—"
"661";"1";"—";"197";"45263 70 50 67 Нет";"10";"Участвуете в конкурсе";"966256";"—"
"662";"1";"—";"196";"40359 54 78 64 Нет";"—";"Участвуете в конкурсе";"1005342";"—"
"663";"2";"—";"196";"45582 72 50 74 Нет";"—";"Участвуете в конкурсе";"1034869";"—"
"664";"3";"—";"196";"48019 59 74 63 Нет";"—";"Участвуете в конкурсе";"1284722";"—"
"665";"6";"—";"196";"52070 56 74 61 Нет";"5";"Участвуете в конкурсе";"1855372";"—"
"666";"1";"—";"196";"53586 59 64 73 Нет";"—";"Участвуете в конкурсе";"2009101";"—"
"667";"4";"—";"196";"57970 43 70 83 Нет";"—";"Участвуете в конкурсе";"2153172";"—"
"668";"3";"Да";"196";"60457 54 64 78 Нет";"—";"Участвуете в конкурсе";"2431699";"—"
"669";"4";"—";"195";"45649 61 64 70 Нет";"—";"Участвуете в конкурсе";"1013792";"—"
"670";"2";"—";"195";"50359 78 70 47 Нет";"—";"Участвуете в конкурсе";"1088611";"—"
"671";"2";"—";"195";"47331 51 72 72 Нет";"—";"Участвуете в конкурсе";"1317352";"—"
"672";"5";"—";"195";"55234 100 85 Нет";"10";"Участвуете в конкурсе";"1652970";"—"
"673";"1";"Да";"195";"54316 62 72 61 Да";"—";"Участвуете в конкурсе";"2069462";"—"
"674";"8";"—";"195";"55722 51 72 72 Нет";"—";"Участвуете в конкурсе";"2189392";"—"
"675";"2";"—";"195";"60880 68 70 55 Нет";"2";"Участвуете в конкурсе";"2237804";"—"
"676";"3";"—";"195";"46279 50 90 55 Нет";"—";"Участвуете в конкурсе";"997446";"—"
"677";"5";"—";"194";"46409 62 64 66 Нет";"2";"Участвуете в конкурсе";"1167711";"—"
"678";"2";"—";"194";"48008 40 90 64 Нет";"—";"Участвуете в конкурсе";"1411053";"—"
"679";"7";"—";"194";"49136 56 80 58 Нет";"—";"Участвуете в конкурсе";"1546239";"—"
"680";"6";"—";"194";"50590 72 72 48 Нет";"2";"Участвуете в конкурсе";"1675763";"—"
"681";"6";"—";"194";"59777 64 58 72 Нет";"—";"Участвуете в конкурсе";"1710711";"—"
"682";"6";"—";"194";"60087 43 76 75 Нет";"—";"Участвуете в конкурсе";"2389366";"—"
"683";"1";"—";"194";"40226 70 58 64 Нет";"2";"Участвуете в конкурсе";"2394543";"—"
"684";"1";"—";"194";"45228 94 100 Нет";"—";"Участвуете в конкурсе";"831038";"—"
"685";"1";"—";"193";"45829 76 90 27 Нет";"—";"Участвуете в конкурсе";"1038723";"—"
"686";"2";"Да";"193";"53626 46 64 83 Нет";"—";"Участвуете в конкурсе";"1549510";"—"
"687";"1";"—";"193";"49382 66 70 57 Нет";"—";"Участвуете в конкурсе";"1616042";"—"
"688";"5";"—";"193";"60781 78 58 55 Нет";"2";"Участвуете в конкурсе";"1617058";"—"
"689";"2";"—";"193";"60018 78 52 63 Нет";"—";"Участвуете в конкурсе";"1624889";"—"
"690";"3";"—";"193";"60612 59 74 60 Нет";"—";"Участвуете в конкурсе";"2427312";"—"
"691";"8";"—";"192";"56094 56 72 64 Нет";"—";"Участвуете в конкурсе";"1178399";"—"
"692";"4";"—";"192";"51271 67 70 55 Нет";"—";"Участвуете в конкурсе";"1212629";"—"
"693";"1";"—";"192";"52105 52 90 40 Нет";"10";"Участвуете в конкурсе";"1479133";"—"
"694";"1";"Да";"192";"49618 60 60 62 Нет";"10";"Участвуете в конкурсе";"1598167";"—"
"695";"3";"—";"192";"50043 67 76 49 Нет";"—";"Участвуете в конкурсе";"1637593";"—"
"696";"8";"—";"192";"50851 59 72 61 Нет";"—";"Участвуете в конкурсе";"1653269";"—"
"697";"4";"—";"192";"52932 53 64 73 Нет";"2";"Участвуете в конкурсе";"1956255";"—"
"698";"9";"—";"192";"58132 56 70 64 Нет";"2";"Участвуете в конкурсе";"2293833";"—"
"699";"3";"—";"192";"58900 59 76 57 Нет";"—";"Участвуете в конкурсе";"2370230";"—"
"700";"1";"—";"191";"46385 64 76 51 Нет";"—";"Участвуете в конкурсе";"1157585";"—"
"701";"7";"—";"191";"47237 64 58 69 Нет";"—";"Участвуете в конкурсе";"1290653";"—"
"702";"1";"—";"191";"47629 54 70 67 Нет";"—";"Участвуете в конкурсе";"1347993";"—"
"703";"5";"—";"191";"51644 78 64 49 Нет";"—";"Участвуете в конкурсе";"1824864";"—"
"704";"4";"—";"191";"59452 62 72 57 Нет";"—";"Участвуете в конкурсе";"2289696";"—"
"705";"2";"—";"190";"48197 51 76 63 Нет";"—";"Участвуете в конкурсе";"1098766";"—"
"706";"1";"Да";"190";"47020 54 72 64 Нет";"—";"Участвуете в конкурсе";"1325307";"—"
"707";"1";"—";"190";"49004 92 52 46 Нет";"—";"Участвуете в конкурсе";"1531861";"—"
"708";"1";"—";"190";"53705 80 100 0 Нет";"10";"Участвуете в конкурсе";"1740618";"—"
"709";"1";"—";"190";"51076 58 80 52 Нет";"—";"Участвуете в конкурсе";"1750633";"—"
"710";"1";"—";"190";"45204 90 100 0 Нет";"—";"Участвуете в конкурсе";"945002";"—"
"711";"4";"—";"189";"45976 44 60 85 Нет";"—";"Участвуете в конкурсе";"1078353";"—"
"712";"4";"—";"189";"57573 51 72 66 Нет";"—";"Участвуете в конкурсе";"1179191";"—"
"713";"3";"—";"189";"47309 48 74 67 Нет";"—";"Участвуете в конкурсе";"1285508";"—"
"714";"3";"—";"189";"60963 62 76 49 Нет";"2";"Участвуете в конкурсе";"1342247";"—"
"715";"2";"—";"189";"50691 64 64 61 Нет";"—";"Участвуете в конкурсе";"1715314";"—"
"716";"2";"—";"189";"35369 74 70 45 Нет";"—";"Участвуете в конкурсе";"1851191";"—"
"717";"1";"—";"189";"52436 54 68 67 Нет";"—";"Участвуете в конкурсе";"1905670";"—"
"718";"1";"—";"189";"2338 72 40 77 Нет";"—";"Участвуете в конкурсе";"2066688";"—"
"719";"2";"—";"189";"55258 56 64 69 Нет";"—";"Участвуете в конкурсе";"2156888";"—"
"720";"6";"—";"189";"58273 62 70 57 Нет";"—";"Участвуете в конкурсе";"2329798";"—"
"721";"8";"—";"189";"60100 56 64 69 Нет";"—";"Участвуете в конкурсе";"2389926";"—"
"722";"1";"—";"189";"6720 64 58 67 Нет";"—";"Участвуете в конкурсе";"2393154";"—"
"723";"1";"—";"189";"26977 48 68 73 Нет";"—";"Участвуете в конкурсе";"2411616";"—"
"724";"5";"—";"188";"50299 62 70 51 Нет";"5";"Участвуете в конкурсе";"1359814";"—"
"725";"1";"Да";"188";"48618 51 76 61 Да";"—";"Участвуете в конкурсе";"1498724";"—"
"726";"1";"—";"188";"49594 59 64 60 Нет";"5";"Участвуете в конкурсе";"1588997";"—"
"727";"11";"—";"188";"50333 64 52 70 Нет";"2";"Участвуете в конкурсе";"1649662";"—"
"728";"6";"—";"188";"51305 59 72 57 Нет";"—";"Участвуете в конкурсе";"1788095";"—"
"729";"6";"—";"188";"51388 58 64 66 Нет";"—";"Участвуете в конкурсе";"1791936";"—"
"730";"1";"—";"188";"53800 100 88 Нет";"—";"Участвуете в конкурсе";"2028493";"—"
"731";"3";"—";"188";"61038 67 52 69 Нет";"—";"Участвуете в конкурсе";"2300611";"—"
"732";"1";"—";"188";"45351 88 100 Нет";"—";"Участвуете в конкурсе";"977366";"—"
"733";"8";"—";"188";"55917 70 64 54 Нет";"—";"Участвуете в конкурсе";"998407";"—"
"734";"4";"—";"187";"56190 62 64 61 Нет";"—";"Участвуете в конкурсе";"1058302";"—"
"735";"1";"Да";"187";"46294 60 58 69 Да";"—";"Участвуете в конкурсе";"1142426";"—"
"736";"3";"—";"187";"50207 48 72 67 Нет";"—";"Участвуете в конкурсе";"1167869";"—"
"737";"6";"—";"187";"46537 54 64 69 Нет";"—";"Участвуете в конкурсе";"1175944";"—"
"738";"2";"—";"187";"55276 62 64 61 Нет";"—";"Участвуете в конкурсе";"1511425";"—"
"739";"1";"Да";"187";"49918 60 60 57 Да";"10";"Участвуете в конкурсе";"1608293";"—"
"740";"1";"—";"187";"50821 76 70 31 Нет";"10";"Участвуете в конкурсе";"1727571";"—"
"741";"4";"—";"187";"53607 72 52 63 Нет";"—";"Участвуете в конкурсе";"1999470";"—"
"742";"1";"—";"187";"54413 70 70 47 Нет";"—";"Участвуете в конкурсе";"2084220";"—"
"743";"1";"—";"187";"54745 58 80 49 Нет";"—";"Участвуете в конкурсе";"2107662";"—"
"744";"2";"—";"187";"55354 78 52 54 Нет";"3";"Участвуете в конкурсе";"2170550";"—"
"745";"8";"—";"187";"56313 48 70 67 Нет";"2";"Участвуете в конкурсе";"2230231";"—"
"746";"5";"—";"187";"57321 54 74 57 Нет";"2";"Участвуете в конкурсе";"2262980";"—"
"747";"7";"—";"187";"57818 59 74 54 Нет";"—";"Участвуете в конкурсе";"2338309";"—"
"748";"1";"—";"187";"58230 46 74 67 Нет";"—";"Участвуете в конкурсе";"2343408";"—"
"749";"2";"—";"187";"45488 51 72 64 Нет";"—";"Участвуете в конкурсе";"996722";"—"
"750";"6";"—";"186";"47231 48 70 66 Нет";"2";"Участвуете в конкурсе";"1245551";"—"
"751";"4";"—";"186";"60086 48 72 64 Нет";"2";"Участвуете в конкурсе";"1427432";"—"
"752";"10";"—";"186";"54289 49 74 63 Нет";"—";"Участвуете в конкурсе";"1438655";"—"
"753";"2";"Да";"186";"57213 75 58 51 Нет";"2";"Участвуете в конкурсе";"1441556";"—"
"754";"1";"—";"186";"48899 53 72 61 Нет";"—";"Участвуете в конкурсе";"1525230";"—"
"755";"1";"—";"186";"50951 51 72 63 Нет";"—";"Участвуете в конкурсе";"1706620";"—"
"756";"3";"—";"186";"53954 48 72 64 Нет";"2";"Участвуете в конкурсе";"1829226";"—"
"757";"5";"—";"186";"52466 48 64 64 Нет";"10";"Участвуете в конкурсе";"1911399";"—"
"758";"1";"Да";"186";"52891 70 46 60 Нет";"10";"Участвуете в конкурсе";"1933587";"—"
"759";"3";"—";"186";"57712 67 58 58 Нет";"3";"Участвуете в конкурсе";"2335987";"—"
"760";"4";"—";"186";"58966 46 70 70 Нет";"—";"Участвуете в конкурсе";"2374398";"—"
"761";"1";"—";"186";"60078 61 70 55 Нет";"—";"Участвуете в конкурсе";"2410498";"—"
"762";"6";"—";"185";"47626 64 64 55 Нет";"2";"Участвуете в конкурсе";"1341279";"—"
"763";"9";"—";"185";"56109 54 72 57 Нет";"2";"Участвуете в конкурсе";"1625375";"—"
"764";"3";"—";"185";"50560 46 58 81 Нет";"—";"Участвуете в конкурсе";"1677263";"—"
"765";"1";"—";"185";"51131 62 70 53 Нет";"—";"Участвуете в конкурсе";"1772255";"—"
"766";"2";"—";"185";"33031 67 52 66 Нет";"—";"Участвуете в конкурсе";"1892855";"—"
"767";"4";"—";"185";"61090 67 70 48 Нет";"—";"Участвуете в конкурсе";"1910313";"—"
"768";"2";"—";"185";"53904 51 70 64 Нет";"—";"Участвуете в конкурсе";"2039526";"—"
"769";"4";"—";"185";"54959 62 72 49 Нет";"2";"Участвуете в конкурсе";"2143545";"—"
"770";"1";"—";"185";"56871 67 64 54 Нет";"—";"Участвуете в конкурсе";"2243411";"—"
"771";"3";"—";"185";"59019 43 72 70 Нет";"—";"Участвуете в конкурсе";"2245924";"—"
"772";"5";"—";"185";"56882 62 74 49 Нет";"—";"Участвуете в конкурсе";"2250077";"—"
"773";"8";"—";"185";"58154 48 74 63 Нет";"—";"Участвуете в конкурсе";"2302114";"—"
"774";"2";"—";"185";"60123 40 76 69 Нет";"—";"Участвуете в конкурсе";"2421395";"—"
"775";"3";"—";"184";"46111 56 64 64 Нет";"—";"Участвуете в конкурсе";"1102036";"—"
"776";"2";"—";"184";"46189 51 72 61 Нет";"—";"Участвуете в конкурсе";"1120958";"—"
"777";"1";"—";"184";"48068 66 60 58 Нет";"—";"Участвуете в конкурсе";"1415267";"—"
"778";"1";"—";"184";"48231 59 72 51 Нет";"2";"Участвуете в конкурсе";"1438104";"—"
"779";"1";"—";"184";"57596 56 70 58 Нет";"—";"Участвуете в конкурсе";"1462896";"—"
"780";"1";"—";"184";"49723 74 70 40 Нет";"—";"Участвуете в конкурсе";"1643453";"—"
"781";"5";"—";"184";"54397 59 34 81 Нет";"10";"Участвуете в конкурсе";"2081278";"—"
"782";"7";"—";"184";"55409 62 70 52 Нет";"—";"Участвуете в конкурсе";"2176094";"—"
"783";"2";"—";"184";"59045 62 58 64 Нет";"—";"Участвуете в конкурсе";"2396693";"—"
"784";"1";"—";"184";"22049 56 64 64 Нет";"—";"Участвуете в конкурсе";"2414046";"—"
"785";"3";"—";"184";"45394 84 90 0 Нет";"10";"Участвуете в конкурсе";"969096";"—"
"786";"2";"—";"184";"45553 51 68 65 Нет";"—";"Участвуете в конкурсе";"995714";"—"
"787";"1";"—";"183";"35217 56 80 47 Нет";"—";"Участвуете в конкурсе";"1157441";"—"
"788";"9";"—";"183";"59709 67 64 52 Нет";"—";"Участвуете в конкурсе";"1421918";"—"
"789";"5";"—";"183";"52857 48 70 61 Нет";"4";"Участвуете в конкурсе";"1619701";"—"
"790";"1";"—";"183";"53253 92 91 Нет";"—";"Участвуете в конкурсе";"2013988";"—"
"791";"1";"Да";"183";"56394 62 70 51 Нет";"—";"Участвуете в конкурсе";"2286416";"—"
"792";"3";"—";"183";"60384 61 64 58 Нет";"—";"Участвуете в конкурсе";"2426059";"—"
"793";"1";"—";"182";"49256 82 100 Нет";"—";"Участвуете в конкурсе";"1568205";"—"
"794";"1";"—";"182";"51661 54 64 64 Нет";"—";"Участвуете в конкурсе";"1731601";"—"
"795";"5";"—";"182";"55740 51 64 67 Нет";"—";"Участвуете в конкурсе";"2202393";"—"
"796";"1";"—";"182";"59149 61 64 57 Нет";"—";"Участвуете в конкурсе";"2270311";"—"
"797";"3";"—";"182";"59959 51 76 55 Нет";"—";"Участвуете в конкурсе";"2394597";"—"
"798";"8";"—";"181";"53249 59 58 64 Нет";"—";"Участвуете в конкурсе";"1028532";"—"
"799";"4";"—";"181";"47450 46 64 61 Нет";"10";"Участвуете в конкурсе";"1291599";"—"
"800";"5";"—";"181";"53118 56 70 55 Нет";"—";"Участвуете в конкурсе";"1483289";"—"
"801";"1";"—";"181";"48617 59 52 60 Нет";"10";"Участвуете в конкурсе";"1495144";"—"
"802";"1";"—";"181";"49921 54 66 61 Нет";"—";"Участвуете в конкурсе";"1599887";"—"
"803";"2";"—";"181";"50020 76 60 45 Нет";"—";"Участвуете в конкурсе";"1606605";"—"
"804";"3";"—";"181";"51491 54 58 69 Нет";"—";"Участвуете в конкурсе";"1798024";"—"
"805";"1";"—";"181";"52989 62 70 49 Нет";"—";"Участвуете в конкурсе";"1961504";"—"
"806";"1";"—";"181";"39952 48 70 63 Нет";"—";"Участвуете в конкурсе";"2065398";"—"
"807";"2";"—";"181";"58527 56 40 75 Нет";"10";"Участвуете в конкурсе";"2176364";"—"
"808";"1";"Да";"181";"57533 48 58 75 Нет";"—";"Участвуете в конкурсе";"2310858";"—"
"809";"3";"—";"181";"45223 51 58 72 Нет";"—";"Участвуете в конкурсе";"944872";"—"
"810";"4";"Да";"181";"45303 56 80 45 Да";"—";"Участвуете в конкурсе";"964443";"—"
"811";"2";"—";"180";"47833 80 100 Нет";"—";"Участвуете в конкурсе";"1396558";"—"
"812";"1";"Да";"180";"48267 59 70 51 Нет";"—";"Участвуете в конкурсе";"1429651";"—"
"813";"1";"—";"180";"48495 59 46 70 Нет";"5";"Участвуете в конкурсе";"1473159";"—"
"814";"3";"—";"180";"50013 47 64 69 Нет";"—";"Участвуете в конкурсе";"1637306";"—"
"815";"1";"—";"180";"52330 64 70 46 Нет";"—";"Участвуете в конкурсе";"1758385";"—"
"816";"9";"—";"180";"51282 62 52 66 Нет";"—";"Участвуете в конкурсе";"1782191";"—"
"817";"1";"Да";"180";"54256 47 70 63 Да";"—";"Участвуете в конкурсе";"2083978";"—"
"818";"2";"—";"180";"45365 90 90 0 Нет";"—";"Участвуете в конкурсе";"981283";"—"
"819";"6";"—";"179";"57978 61 70 48 Нет";"—";"Участвуете в конкурсе";"1170323";"—"
"820";"3";"—";"179";"47319 94 83 Нет";"2";"Участвуете в конкурсе";"1314378";"—"
"821";"1";"Да";"179";"50344 51 64 64 Да";"—";"Участвуете в конкурсе";"1688824";"—"
"822";"3";"—";"179";"51024 46 70 63 Нет";"—";"Участвуете в конкурсе";"1760078";"—"
"823";"1";"—";"179";"53792 48 58 73 Нет";"—";"Участвуете в конкурсе";"2006645";"—"
"824";"1";"—";"179";"53807 46 58 75 Нет";"—";"Участвуете в конкурсе";"2027369";"—"
"825";"8";"—";"179";"55942 62 64 51 Нет";"2";"Участвуете в конкурсе";"2218781";"—"
"826";"1";"—";"179";"56867 54 58 67 Нет";"—";"Участвуете в конкурсе";"2247340";"—"
"827";"3";"—";"179";"59799 43 70 66 Нет";"—";"Участвуете в конкурсе";"2381224";"—"
"828";"2";"—";"179";"45293 72 60 47 Нет";"—";"Участвуете в конкурсе";"961668";"—"
"829";"1";"—";"178";"48776 92 76 Нет";"10";"Участвуете в конкурсе";"1510034";"—"
"830";"1";"—";"178";"54108 56 52 70 Нет";"—";"Участвуете в конкурсе";"2055130";"—"
"831";"1";"—";"177";"48042 96 81 Нет";"—";"Участвуете в конкурсе";"1413664";"—"
"832";"5";"—";"177";"50237 59 58 60 Нет";"—";"Участвуете в конкурсе";"1418462";"—"
"833";"1";"—";"177";"49989 51 52 64 Нет";"10";"Участвуете в конкурсе";"1606231";"—"
"834";"2";"—";"177";"57971 65 52 60 Нет";"—";"Участвуете в конкурсе";"2273348";"—"
"835";"5";"—";"177";"45636 70 40 57 Нет";"10";"Участвуете в конкурсе";"990471";"—"
"836";"5";"—";"176";"48332 56 72 48 Нет";"—";"Участвуете в конкурсе";"1214712";"—"
"837";"2";"—";"176";"50539 80 96 Нет";"—";"Участвуете в конкурсе";"1698581";"—"
"838";"2";"—";"176";"51681 51 58 67 Нет";"—";"Участвуете в конкурсе";"1827055";"—"
"839";"9";"—";"176";"57873 54 64 58 Нет";"—";"Участвуете в конкурсе";"2169478";"—"
"840";"1";"Да";"176";"56632 43 64 69 Да";"—";"Участвуете в конкурсе";"2239255";"—"
"841";"2";"—";"176";"57332 54 64 58 Нет";"—";"Участвуете в конкурсе";"2320745";"—"
"842";"1";"—";"175";"46296 86 79 Нет";"10";"Участвуете в конкурсе";"1144422";"—"
"843";"2";"—";"175";"48732 80 27 58 Нет";"10";"Участвуете в конкурсе";"1540001";"—"
"844";"2";"—";"175";"49568 58 46 61 Нет";"10";"Участвуете в конкурсе";"1586417";"—"
"845";"1";"—";"175";"53247 40 72 63 Нет";"—";"Участвуете в конкурсе";"1979143";"—"
"846";"2";"—";"175";"57218 64 52 54 Нет";"5";"Участвуете в конкурсе";"2100631";"—"
"847";"1";"—";"175";"60284 62 58 55 Нет";"—";"Участвуете в конкурсе";"2418477";"—"
"848";"1";"—";"175";"60362 46 52 77 Нет";"—";"Участвуете в конкурсе";"2424538";"—"
"849";"2";"—";"175";"60597 48 70 55 Нет";"2";"Участвуете в конкурсе";"2426502";"—"
"850";"1";"—";"175";"45510 59 52 64 Нет";"—";"Участвуете в конкурсе";"991728";"—"
"851";"4";"—";"174";"35075 74 50 50 Нет";"—";"Участвуете в конкурсе";"1213701";"—"
"852";"7";"—";"174";"58566 51 70 51 Нет";"2";"Участвуете в конкурсе";"1248596";"—"
"853";"1";"—";"174";"47805 88 86 Нет";"—";"Участвуете в конкурсе";"1402857";"—"
"854";"3";"—";"174";"55479 46 70 58 Нет";"—";"Участвуете в конкурсе";"1585665";"—"
"855";"1";"Да";"174";"49827 51 34 89 Нет";"—";"Участвуете в конкурсе";"1596473";"—"
"856";"1";"—";"174";"58020 49 58 67 Нет";"—";"Участвуете в конкурсе";"1721678";"—"
"857";"5";"—";"174";"59906 43 70 61 Нет";"—";"Участвуете в конкурсе";"2238312";"—"
"858";"1";"—";"174";"45250 94 0 80 Нет";"—";"Участвуете в конкурсе";"967212";"—"
"859";"1";"—";"173";"60504 56 58 49 Нет";"10";"Участвуете в конкурсе";"1014406";"—"
"860";"1";"—";"173";"47157 100 73 Нет";"—";"Участвуете в конкурсе";"1243736";"—"
"861";"3";"—";"173";"55470 49 52 70 Нет";"2";"Участвуете в конкурсе";"2178140";"—"
"862";"1";"—";"173";"58967 54 58 61 Нет";"—";"Участвуете в конкурсе";"2378790";"—"
"863";"3";"—";"172";"55749 59 70 43 Нет";"—";"Участвуете в конкурсе";"1263958";"—"
"864";"4";"—";"172";"47284 43 64 63 Нет";"2";"Участвуете в конкурсе";"1289921";"—"
"865";"5";"—";"172";"47308 51 52 69 Нет";"—";"Участвуете в конкурсе";"1315959";"—"
"866";"5";"—";"172";"51525 54 58 60 Нет";"—";"Участвуете в конкурсе";"1581666";"—"
"867";"2";"—";"172";"51327 48 58 66 Нет";"—";"Участвуете в конкурсе";"1790494";"—"
"868";"3";"—";"172";"59919 62 46 64 Нет";"—";"Участвуете в конкурсе";"1851085";"—"
"869";"4";"—";"172";"53539 41 64 67 Нет";"—";"Участвуете в конкурсе";"1995546";"—"
"870";"2";"—";"172";"54645 74 40 58 Нет";"—";"Участвуете в конкурсе";"2087529";"—"
"871";"7";"—";"172";"58698 46 72 54 Нет";"—";"Участвуете в конкурсе";"2160232";"—"
"872";"1";"—";"172";"58510 40 72 60 Нет";"—";"Участвуете в конкурсе";"2309306";"—"
"873";"1";"—";"172";"32558 46 64 60 Нет";"2";"Участвуете в конкурсе";"2407038";"—"
"874";"1";"Да";"172";"45338 44 80 48 Да";"—";"Участвуете в конкурсе";"969562";"—"
"875";"1";"Да";"171";"49399 54 60 57 Нет";"—";"Участвуете в конкурсе";"1515761";"—"
"876";"1";"—";"171";"52858 46 40 85 Нет";"—";"Участвуете в конкурсе";"1952407";"—"
"877";"1";"—";"171";"525 46 64 61 Нет";"—";"Участвуете в конкурсе";"2430621";"—"
"878";"5";"—";"170";"60625 54 58 58 Нет";"—";"Участвуете в конкурсе";"1000022";"—"
"879";"4";"—";"170";"46662 64 64 42 Нет";"—";"Участвуете в конкурсе";"1198596";"—"
"880";"1";"—";"170";"48486 46 70 54 Нет";"—";"Участвуете в конкурсе";"1446301";"—"
"881";"1";"Да";"170";"48983 46 58 66 Да";"—";"Участвуете в конкурсе";"1550564";"—"
"882";"1";"Да";"170";"49563 62 52 54 Да";"2";"Участвуете в конкурсе";"1564136";"—"
"883";"1";"Да";"170";"49872 46 52 72 Нет";"—";"Участвуете в конкурсе";"1640514";"—"
"884";"7";"—";"170";"52669 66 80 24 Нет";"—";"Участвуете в конкурсе";"1900409";"—"
"885";"2";"Да";"170";"60917 64 46 60 Нет";"—";"Участвуете в конкурсе";"2216483";"—"
"886";"4";"—";"170";"57868 46 46 78 Нет";"—";"Участвуете в конкурсе";"2249199";"—"
"887";"7";"—";"170";"57420 48 64 58 Нет";"—";"Участвуете в конкурсе";"2308102";"—"
"888";"1";"—";"170";"58092 51 58 61 Нет";"—";"Участвуете в конкурсе";"2310181";"—"
"889";"2";"—";"170";"60415 48 58 64 Нет";"—";"Участвуете в конкурсе";"2337477";"—"
"890";"1";"—";"170";"60881 40 72 58 Нет";"—";"Участвуете в конкурсе";"2343190";"—"
"891";"2";"Да";"170";"45777 42 80 38 Нет";"10";"Участвуете в конкурсе";"950898";"—"
"892";"1";"—";"170";"45359 68 50 52 Нет";"—";"Участвуете в конкурсе";"975654";"—"
"893";"1";"—";"169";"45781 51 46 67 Нет";"5";"Участвуете в конкурсе";"1034221";"—"
"894";"3";"—";"169";"46100 48 40 81 Нет";"—";"Участвуете в конкурсе";"1063882";"—"
"895";"6";"—";"169";"49124 48 64 57 Нет";"—";"Участвуете в конкурсе";"1519243";"—"
"896";"2";"Да";"169";"49408 56 58 55 Нет";"—";"Участвуете в конкурсе";"1572297";"—"
"897";"1";"—";"169";"49944 84 60 25 Нет";"—";"Участвуете в конкурсе";"1619228";"—"
"898";"1";"—";"169";"52218 82 77 Нет";"10";"Участвуете в конкурсе";"1873816";"—"
"899";"1";"—";"169";"52920 46 52 61 Нет";"10";"Участвуете в конкурсе";"1941091";"—"
"900";"8";"—";"169";"53297 75 46 48 Нет";"—";"Участвуете в конкурсе";"1970180";"—"
"901";"7";"—";"169";"53639 62 64 43 Нет";"—";"Участвуете в конкурсе";"1979484";"—"
"902";"1";"—";"169";"53555 74 40 55 Нет";"—";"Участвуете в конкурсе";"2004502";"—"
"903";"3";"—";"169";"60633 53 70 46 Нет";"—";"Участвуете в конкурсе";"2273002";"—"
"904";"1";"—";"168";"48421 86 0 72 Нет";"10";"Участвуете в конкурсе";"1439781";"—"
"905";"5";"—";"168";"50735 56 52 60 Нет";"—";"Участвуете в конкурсе";"1713393";"—"
"906";"2";"—";"168";"57005 67 58 43 Нет";"—";"Участвуете в конкурсе";"1781373";"—"
"907";"1";"—";"168";"51473 92 76 Нет";"—";"Участвуете в конкурсе";"1790938";"—"
"908";"1";"—";"168";"52086 22 100 46 Нет";"—";"Участвуете в конкурсе";"1855768";"—"
"909";"1";"—";"168";"52529 43 64 61 Нет";"—";"Участвуете в конкурсе";"1913221";"—"
"910";"1";"—";"168";"53365 43 52 73 Нет";"—";"Участвуете в конкурсе";"2006953";"—"
"911";"9";"—";"168";"55099 54 52 60 Нет";"2";"Участвуете в конкурсе";"2152782";"—"
"912";"1";"Да";"168";"56752 56 40 72 Нет";"—";"Участвуете в конкурсе";"2258541";"—"
"913";"4";"—";"168";"59042 56 58 52 Нет";"2";"Участвуете в конкурсе";"2381368";"—"
"914";"1";"—";"167";"45696 64 46 57 Нет";"—";"Участвуете в конкурсе";"1020413";"—"
"915";"2";"—";"167";"4511 40 66 61 Нет";"—";"Участвуете в конкурсе";"1273891";"—"
"916";"1";"—";"167";"50710 90 67 Нет √";"10";"Участвуете в конкурсе";"1714111";"—"
"917";"3";"—";"167";"53673 62 40 55 Нет";"10";"Участвуете в конкурсе";"1934481";"—"
"918";"4";"—";"167";"45203 51 64 52 Нет";"—";"Участвуете в конкурсе";"938134";"—"
"919";"1";"—";"167";"50755 51 58 58 Нет";"—";"Участвуете в конкурсе";"983799";"—"
"920";"5";"—";"167";"46282 70 97 Нет";"—";"Участвуете в конкурсе";"986255";"—"
"921";"4";"—";"166";"46436 53 58 55 Нет";"—";"Участвуете в конкурсе";"1111869";"—"
"922";"1";"—";"166";"47516 43 46 67 Нет";"10";"Участвуете в конкурсе";"1341651";"—"
"923";"3";"—";"166";"55751 54 52 58 Нет";"2";"Участвуете в конкурсе";"1390495";"—"
"924";"2";"—";"166";"51077 48 52 66 Нет";"—";"Участвуете в конкурсе";"1764020";"—"
"925";"1";"—";"166";"54286 54 46 64 Нет";"2";"Участвуете в конкурсе";"2074042";"—"
"926";"1";"—";"166";"57412 43 64 57 Нет";"2";"Участвуете в конкурсе";"2261283";"—"
"927";"2";"—";"166";"60909 46 66 54 Нет";"—";"Участвуете в конкурсе";"2464146";"—"
"928";"1";"—";"165";"49471 58 52 55 Нет";"—";"Участвуете в конкурсе";"1580307";"—"
"929";"1";"—";"165";"52080 48 70 47 Нет";"—";"Участвуете в конкурсе";"1857399";"—"
"930";"1";"—";"165";"53038 96 69 Нет";"—";"Участвуете в конкурсе";"1958455";"—"
"931";"2";"—";"165";"1125 47 52 66 Нет";"—";"Участвуете в конкурсе";"1972424";"—"
"932";"1";"—";"165";"53116 62 52 51 Нет";"—";"Участвуете в конкурсе";"1988881";"—"
"933";"1";"—";"165";"53721 92 73 Нет";"—";"Участвуете в конкурсе";"2006597";"—"
"934";"1";"—";"165";"54814 68 20 77 Нет";"—";"Участвуете в конкурсе";"2097312";"—"
"935";"2";"—";"165";"59408 48 64 51 Нет";"2";"Участвуете в конкурсе";"2219546";"—"
"936";"6";"—";"164";"48530 54 58 52 Нет";"—";"Участвуете в конкурсе";"1467502";"—"
"937";"1";"—";"164";"53154 48 52 64 Нет";"—";"Участвуете в конкурсе";"1578977";"—"
"938";"3";"—";"164";"53058 51 52 61 Нет";"—";"Участвуете в конкурсе";"1906421";"—"
"939";"1";"—";"164";"44879 49 64 51 Нет";"—";"Участвуете в конкурсе";"1943182";"—"
"940";"1";"—";"164";"58162 48 46 70 Нет";"—";"Участвуете в конкурсе";"2308483";"—"
"941";"1";"—";"164";"40347 51 58 55 Нет";"—";"Участвуете в конкурсе";"2460158";"—"
"942";"6";"—";"163";"58668 48 58 55 Нет";"2";"Участвуете в конкурсе";"1197280";"—"
"943";"2";"—";"163";"36485 100 53 Нет";"10";"Участвуете в конкурсе";"1395353";"—"
"944";"4";"—";"163";"49560 94 69 Нет √";"—";"Участвуете в конкурсе";"1568613";"—"
"945";"5";"—";"163";"52666 40 64 57 Нет";"2";"Участвуете в конкурсе";"1599719";"—"
"946";"1";"—";"163";"52456 90 63 Нет";"10";"Участвуете в конкурсе";"1916866";"—"
"947";"1";"Да";"163";"53376 46 46 61 Да";"10";"Участвуете в конкурсе";"1984506";"—"
"948";"7";"—";"163";"54422 70 46 43 Нет";"4";"Участвуете в конкурсе";"2092061";"—"
"949";"1";"—";"163";"56842 54 52 57 Нет";"—";"Участвуете в конкурсе";"2246710";"—"
"950";"2";"—";"162";"48705 42 52 66 Нет";"2";"Участвуете в конкурсе";"1501831";"—"
"951";"4";"—";"162";"55718 43 52 67 Нет";"—";"Участвуете в конкурсе";"2192028";"—"
"952";"1";"—";"162";"56614 66 30 56 Нет";"10";"Участвуете в конкурсе";"2243705";"—"
"953";"9";"—";"162";"56881 59 58 45 Нет";"—";"Участвуете в конкурсе";"2247571";"—"
"954";"1";"—";"162";"45401 54 70 38 Нет";"—";"Участвуете в конкурсе";"969667";"—"
"955";"6";"—";"162";"45552 46 74 42 Нет";"—";"Участвуете в конкурсе";"995503";"—"
"956";"1";"—";"161";"45734 56 30 65 Нет";"10";"Участвуете в конкурсе";"1033149";"—"
"957";"1";"—";"161";"46533 43 46 72 Нет";"—";"Участвуете в конкурсе";"1094943";"—"
"958";"1";"—";"161";"46444 94 67 Нет";"—";"Участвуете в конкурсе";"1168729";"—"
"959";"5";"—";"161";"53655 48 58 55 Нет";"—";"Участвуете в конкурсе";"1357653";"—"
"960";"4";"—";"161";"48993 51 58 52 Нет";"—";"Участвуете в конкурсе";"1550193";"—"
"961";"3";"—";"161";"53600 62 50 47 Нет";"2";"Участвуете в конкурсе";"1577953";"—"
"962";"1";"—";"161";"51409 50 60 51 Нет";"—";"Участвуете в конкурсе";"1794663";"—"
"963";"1";"Да";"161";"52141 64 34 63 Нет";"—";"Участвуете в конкурсе";"1846293";"—"
"964";"1";"—";"161";"53950 48 58 55 Нет";"—";"Участвуете в конкурсе";"2039966";"—"
"965";"8";"—";"161";"55919 56 52 51 Нет";"2";"Участвуете в конкурсе";"2175561";"—"
"966";"5";"—";"161";"56753 48 52 61 Нет";"—";"Участвуете в конкурсе";"2241807";"—"
"967";"1";"—";"160";"45742 40 60 50 Нет";"10";"Участвуете в конкурсе";"1030039";"—"
"968";"2";"—";"160";"45786 94 66 Нет";"—";"Участвуете в конкурсе";"1050216";"—"
"969";"1";"Да";"160";"48924 43 52 65 Нет";"—";"Участвуете в конкурсе";"1542135";"—"
"970";"1";"Да";"160";"49402 51 46 63 Да";"—";"Участвуете в конкурсе";"1612748";"—"
"971";"3";"—";"160";"50556 80 80 Нет";"—";"Участвуете в конкурсе";"1628101";"—"
"972";"1";"—";"160";"56016 54 52 54 Нет";"—";"Участвуете в конкурсе";"2231593";"—"
"973";"3";"—";"160";"58667 54 64 42 Нет";"—";"Участвуете в конкурсе";"2344356";"—"
"974";"3";"—";"160";"59591 46 52 60 Нет";"2";"Участвуете в конкурсе";"2356065";"—"
"975";"1";"—";"160";"45315 60 100 0 Нет";"—";"Участвуете в конкурсе";"958850";"—"
"976";"3";"—";"159";"50140 40 52 67 Нет";"—";"Участвуете в конкурсе";"1630280";"—"
"977";"1";"—";"159";"53448 46 40 73 Нет";"—";"Участвуете в конкурсе";"1995704";"—"
"978";"1";"—";"159";"54499 50 60 49 Нет";"—";"Участвуете в конкурсе";"2095236";"—"
"979";"6";"—";"159";"59994 54 46 54 Нет";"5";"Участвуете в конкурсе";"2346533";"—"
"980";"1";"—";"159";"60286 40 58 61 Нет";"—";"Участвуете в конкурсе";"2418791";"—"
"981";"1";"—";"159";"60643 43 46 70 Нет";"—";"Участвуете в конкурсе";"2431064";"—"
"982";"2";"—";"159";"45322 51 58 48 Нет";"2";"Участвуете в конкурсе";"957607";"—"
"983";"1";"—";"159";"47957 84 65 Нет";"10";"Участвуете в конкурсе";"989516";"—"
"984";"1";"—";"158";"48942 58 40 58 Нет";"2";"Участвуете в конкурсе";"1300144";"—"
"985";"3";"—";"158";"49326 46 58 54 Нет";"—";"Участвуете в конкурсе";"1405230";"—"
"986";"1";"Да";"158";"49093 54 52 52 Да";"—";"Участвуете в конкурсе";"1549049";"—"
"987";"1";"—";"158";"51324 90 58 Нет";"10";"Участвуете в конкурсе";"1792817";"—"
"988";"3";"—";"158";"52951 51 52 55 Нет";"—";"Участвуете в конкурсе";"1941853";"—"
"989";"4";"—";"158";"57285 48 70 40 Нет";"—";"Участвуете в конкурсе";"2196723";"—"
"990";"4";"—";"158";"56757 51 58 49 Нет";"—";"Участвуете в конкурсе";"2256523";"—"
"991";"4";"—";"158";"59594 46 58 52 Нет";"2";"Участвуете в конкурсе";"2358091";"—"
"992";"1";"—";"158";"59468 40 64 54 Нет";"—";"Участвуете в конкурсе";"2390334";"—"
"993";"1";"—";"158";"59437 43 46 69 Нет";"—";"Участвуете в конкурсе";"2390973";"—"
"994";"4";"—";"157";"39210 53 52 52 Нет";"—";"Участвуете в конкурсе";"1269871";"—"
"995";"1";"—";"157";"47487 0 72 75 Нет";"10";"Участвуете в конкурсе";"1332425";"—"
"996";"1";"—";"157";"47951 90 67 Нет";"—";"Участвуете в конкурсе";"1360467";"—"
"997";"1";"—";"157";"50679 54 46 57 Нет";"—";"Участвуете в конкурсе";"1703649";"—"
"998";"3";"—";"156";"45767 64 10 72 Нет";"10";"Участвуете в конкурсе";"1040515";"—"
"999";"2";"—";"156";"50581 59 52 40 Нет";"5";"Участвуете в конкурсе";"1706148";"—"
"1000";"1";"—";"156";"21208 53 46 57 Нет";"—";"Участвуете в конкурсе";"1730170";"—"
"1001";"3";"—";"156";"58894 46 52 58 Нет";"—";"Участвуете в конкурсе";"1766519";"—"
"1002";"1";"—";"156";"39536 40 58 58 Нет";"—";"Участвуете в конкурсе";"2004764";"—"
"1003";"3";"—";"156";"54189 44 70 42 Нет";"—";"Участвуете в конкурсе";"2052251";"—"
"1004";"2";"—";"156";"57799 46 58 52 Нет";"—";"Участвуете в конкурсе";"2169224";"—"
"1005";"1";"—";"155";"56716 70 46 39 Нет";"—";"Участвуете в конкурсе";"1764451";"—"
"1006";"1";"Да";"155";"51484 40 52 63 Нет";"—";"Участвуете в конкурсе";"1791455";"—"
"1007";"2";"—";"155";"54569 68 50 37 Нет";"—";"Участвуете в конкурсе";"1838700";"—"
"1008";"1";"—";"155";"35684 44 40 71 Нет";"—";"Участвуете в конкурсе";"1886642";"—"
"1009";"1";"—";"155";"56201 51 58 46 Нет";"—";"Участвуете в конкурсе";"2229118";"—"
"1010";"1";"—";"155";"57369 46 52 57 Нет";"—";"Участвуете в конкурсе";"2314989";"—"
"1011";"1";"—";"155";"59462 40 70 45 Нет";"—";"Участвуете в конкурсе";"2403813";"—"
"1012";"1";"Да";"155";"45566 51 52 52 Нет";"—";"Участвуете в конкурсе";"986381";"—"
"1013";"2";"Да";"155";"60774 43 46 66 Нет";"—";"Участвуете в конкурсе";"995665";"—"
"1014";"2";"—";"154";"47619 43 58 51 Нет";"2";"Участвуете в конкурсе";"1174437";"—"
"1015";"1";"—";"154";"51200 100 54 Нет";"—";"Участвуете в конкурсе";"1771638";"—"
"1016";"2";"—";"154";"53266 80 74 Нет";"—";"Участвуете в конкурсе";"1986479";"—"
"1017";"6";"—";"154";"57287 46 52 54 Нет";"2";"Участвуете в конкурсе";"2273384";"—"
"1018";"1";"—";"154";"60577 51 46 57 Нет";"—";"Участвуете в конкурсе";"2418228";"—"
"1019";"1";"—";"154";"1303 66 30 58 Нет";"—";"Участвуете в конкурсе";"957134";"—"
"1020";"4";"—";"154";"45577 49 34 71 Нет";"—";"Участвуете в конкурсе";"982271";"—"
"1021";"2";"—";"153";"46040 62 50 41 Нет";"—";"Участвуете в конкурсе";"1040629";"—"
"1022";"4";"—";"153";"47694 40 52 61 Нет";"—";"Участвуете в конкурсе";"1331808";"—"
"1023";"1";"—";"153";"51941 90 63 Нет";"—";"Участвуете в конкурсе";"1849231";"—"
"1024";"1";"Да";"153";"52849 40 52 61 Нет";"—";"Участвуете в конкурсе";"1978387";"—"
"1025";"3";"—";"153";"57954 64 52 37 Нет";"—";"Участвуете в конкурсе";"2158495";"—"
"1026";"3";"—";"153";"60282 49 58 46 Нет";"—";"Участвуете в конкурсе";"2417945";"—"
"1027";"1";"—";"153";"45357 48 60 45 Нет";"—";"Участвуете в конкурсе";"983857";"—"
"1028";"1";"Да";"152";"51514 51 46 55 Нет";"—";"Участвуете в конкурсе";"1795451";"—"
"1029";"1";"—";"152";"52215 43 52 57 Нет";"—";"Участвуете в конкурсе";"1894616";"—"
"1030";"7";"—";"152";"37341 40 58 54 Нет";"—";"Участвуете в конкурсе";"1908781";"—"
"1031";"4";"—";"152";"59769 40 58 54 Нет";"—";"Участвуете в конкурсе";"2198742";"—"
"1032";"3";"—";"152";"59810 36 58 58 Нет";"—";"Участвуете в конкурсе";"2385572";"—"
"1033";"7";"—";"151";"51827 54 52 45 Нет";"—";"Участвуете в конкурсе";"1843312";"—"
"1034";"2";"—";"151";"51935 48 34 66 Нет";"3";"Участвуете в конкурсе";"1860690";"—"
"1035";"7";"—";"151";"52289 42 60 49 Нет";"—";"Участвуете в конкурсе";"1897343";"—"
"1036";"1";"—";"150";"60969 53 52 43 Нет";"2";"Участвуете в конкурсе";"1209365";"—"
"1037";"1";"—";"150";"50217 43 64 43 Нет";"—";"Участвуете в конкурсе";"1260229";"—"
"1038";"7";"—";"150";"50640 40 40 70 Нет";"—";"Участвуете в конкурсе";"1439083";"—"
"1039";"4";"—";"150";"50236 56 34 60 Нет";"—";"Участвуете в конкурсе";"1619242";"—"
"1040";"2";"—";"150";"56659 59 34 55 Нет";"2";"Участвуете в конкурсе";"2230855";"—"
"1041";"8";"—";"150";"57925 43 52 55 Нет";"—";"Участвуете в конкурсе";"2249587";"—"
"1042";"8";"—";"150";"61207 44 46 60 Нет";"—";"Участвуете в конкурсе";"2298070";"—"
"1043";"1";"—";"150";"61214 59 40 51 Нет";"—";"Участвуете в конкурсе";"2298425";"—"
"1044";"1";"Да";"150";"57482 40 64 46 Да";"—";"Участвуете в конкурсе";"2309878";"—"
"1045";"1";"—";"150";"45288 76 40 34 Нет";"—";"Участвуете в конкурсе";"961602";"—"
"1046";"2";"—";"150";"35419 56 52 42 Нет";"—";"Участвуете в конкурсе";"999254";"—"
"1047";"1";"—";"149";"40932 40 52 57 Нет";"—";"Участвуете в конкурсе";"1627810";"—"
"1048";"2";"—";"149";"52960 94 55 Нет";"—";"Участвуете в конкурсе";"1740469";"—"
"1049";"1";"—";"149";"59617 46 58 45 Нет";"—";"Участвуете в конкурсе";"2383989";"—"
"1050";"1";"Да";"149";"45708 46 46 57 Да";"—";"Участвуете в конкурсе";"913622";"—"
"1051";"2";"—";"148";"40721 80 68 Нет";"—";"Участвуете в конкурсе";"1074084";"—"
"1052";"6";"—";"148";"50126 56 46 46 Нет";"—";"Участвуете в конкурсе";"1437027";"—"
"1053";"3";"—";"148";"57495 48 40 60 Нет";"—";"Участвуете в конкурсе";"2325023";"—"
"1054";"2";"—";"148";"59448 40 40 58 Нет";"10";"Участвуете в конкурсе";"2355381";"—"
"1055";"1";"—";"148";"49627 48 46 54 Нет";"—";"Участвуете в конкурсе";"989124";"—"
"1056";"1";"—";"147";"56748 40 58 45 Нет";"4";"Участвуете в конкурсе";"2156359";"—"
"1057";"2";"—";"147";"57105 49 58 40 Нет";"—";"Участвуете в конкурсе";"2272295";"—"
"1058";"1";"Да";"147";"61071 46 52 49 Нет";"—";"Участвуете в конкурсе";"2488041";"—"
"1059";"2";"—";"146";"46081 46 52 48 Нет";"—";"Участвуете в конкурсе";"1092977";"—"
"1060";"1";"Да";"146";"50323 51 52 43 Да";"—";"Участвуете в конкурсе";"1114786";"—"
"1061";"1";"—";"146";"46451 56 60 30 Нет";"—";"Участвуете в конкурсе";"1123030";"—"
"1062";"4";"—";"146";"59732 51 46 49 Нет";"—";"Участвуете в конкурсе";"1279983";"—"
"1063";"2";"—";"146";"46286 43 40 63 Нет";"—";"Участвуете в конкурсе";"959969";"—"
"1064";"1";"Да";"145";"48460 62 34 49 Да";"—";"Участвуете в конкурсе";"1462565";"—"
"1065";"1";"—";"145";"49765 44 34 67 Нет";"—";"Участвуете в конкурсе";"1594824";"—"
"1066";"2";"—";"145";"50535 54 40 49 Нет";"2";"Участвуете в конкурсе";"1698402";"—"
"1067";"2";"—";"145";"51866 40 52 53 Нет";"—";"Участвуете в конкурсе";"1836505";"—"
"1068";"1";"—";"145";"60638 43 27 65 Нет";"10";"Участвуете в конкурсе";"2430616";"—"
"1069";"2";"—";"145";"43918 54 34 57 Нет";"—";"Участвуете в конкурсе";"2444160";"—"
"1070";"1";"Да";"144";"48505 43 40 61 Нет";"—";"Участвуете в конкурсе";"1498307";"—"
"1071";"1";"—";"144";"51638 38 60 36 Нет";"10";"Участвуете в конкурсе";"1823900";"—"
"1072";"1";"—";"144";"52491 56 40 48 Нет";"—";"Участвуете в конкурсе";"1912070";"—"
"1073";"1";"—";"144";"54053 48 40 56 Нет";"—";"Участвуете в конкурсе";"2045521";"—"
"1074";"2";"—";"144";"54383 46 52 46 Нет";"—";"Участвуете в конкурсе";"2081952";"—"
"1075";"1";"—";"144";"54933 74 70 Нет";"—";"Участвуете в конкурсе";"2151453";"—"
"1076";"5";"—";"144";"58265 43 52 49 Нет";"—";"Участвуете в конкурсе";"2343011";"—"
"1077";"1";"—";"144";"45493 54 50 40 Нет";"—";"Участвуете в конкурсе";"975361";"—"
"1078";"1";"—";"143";"52368 48 40 55 Нет";"—";"Участвуете в конкурсе";"1072986";"—"
"1079";"1";"—";"143";"33128 42 60 41 Нет";"—";"Участвуете в конкурсе";"1141416";"—"
"1080";"6";"—";"143";"59660 40 46 57 Нет";"—";"Участвуете в конкурсе";"1356306";"—"
"1081";"1";"Да";"143";"49866 46 46 51 Нет";"—";"Участвуете в конкурсе";"1600087";"—"
"1082";"3";"—";"143";"50271 90 53 Нет";"—";"Участвуете в конкурсе";"1627497";"—"
"1083";"1";"—";"143";"50492 48 46 49 Нет";"—";"Участвуете в конкурсе";"1667003";"—"
"1084";"1";"—";"143";"53041 43 58 42 Нет";"—";"Участвуете в конкурсе";"1963510";"—"
"1085";"1";"—";"142";"50414 74 58 Нет";"10";"Участвуете в конкурсе";"1651955";"—"
"1086";"4";"—";"142";"45407 68 40 34 Нет";"—";"Участвуете в конкурсе";"999134";"—"
"1087";"1";"—";"141";"59498 43 34 64 Нет";"—";"Участвуете в конкурсе";"1130352";"—"
"1088";"1";"—";"141";"52268 74 64 Нет";"3";"Участвуете в конкурсе";"1886878";"—"
"1089";"2";"—";"141";"45021 40 52 49 Нет";"—";"Участвуете в конкурсе";"2267676";"—"
"1090";"1";"Да";"141";"57793 40 34 67 Нет";"—";"Участвуете в конкурсе";"2336145";"—"
"1091";"1";"—";"140";"47122 40 40 58 Нет";"2";"Участвуете в конкурсе";"1197580";"—"
"1092";"1";"Да";"140";"52898 46 46 48 Нет";"—";"Участвуете в конкурсе";"1925523";"—"
"1093";"3";"—";"140";"57480 56 27 57 Нет";"—";"Участвуете в конкурсе";"2176085";"—"
"1094";"8";"—";"140";"56555 43 46 51 Нет";"—";"Участвуете в конкурсе";"2240372";"—"
"1095";"3";"—";"140";"57273 46 34 60 Нет";"—";"Участвуете в конкурсе";"2275764";"—"
"1096";"5";"—";"140";"58329 51 46 43 Нет";"—";"Участвуете в конкурсе";"2307645";"—"
"1097";"1";"—";"140";"51258 46 40 54 Нет";"—";"Участвуете в конкурсе";"974765";"—"
"1098";"2";"—";"139";"50438 30 70 39 Нет";"—";"Участвуете в конкурсе";"1692420";"—"
"1099";"1";"—";"139";"52342 76 63 Нет";"—";"Участвуете в конкурсе";"1893481";"—"
"1100";"3";"—";"139";"56386 48 40 51 Нет";"—";"Участвуете в конкурсе";"2261949";"—"
"1101";"1";"—";"138";"51643 46 30 52 Нет";"10";"Участвуете в конкурсе";"1825799";"—"
"1102";"1";"—";"138";"52577 43 46 49 Нет";"—";"Участвуете в конкурсе";"1915793";"—"
"1103";"2";"—";"138";"54352 46 46 46 Нет";"—";"Участвуете в конкурсе";"2072169";"—"
"1104";"1";"Да";"137";"45831 46 40 51 Да";"—";"Участвуете в конкурсе";"1005920";"—"
"1105";"6";"—";"137";"47222 40 40 57 Нет";"—";"Участвуете в конкурсе";"1276643";"—"
"1106";"2";"—";"137";"52091 30 50 57 Нет";"—";"Участвуете в конкурсе";"1853080";"—"
"1107";"2";"—";"137";"52500 46 40 51 Нет";"—";"Участвуете в конкурсе";"1912188";"—"
"1108";"1";"—";"137";"54970 88 0 39 Нет";"10";"Участвуете в конкурсе";"2144331";"—"
"1109";"5";"—";"137";"59785 40 52 45 Нет";"—";"Участвуете в конкурсе";"2249154";"—"
"1110";"2";"—";"137";"45458 56 60 21 Нет";"—";"Участвуете в конкурсе";"973276";"—"
"1111";"7";"—";"136";"55883 53 34 49 Нет";"—";"Участвуете в конкурсе";"1193135";"—"
"1112";"1";"—";"136";"1274 48 34 54 Нет";"—";"Участвуете в конкурсе";"1782147";"—"
"1113";"5";"—";"136";"55619 40 40 54 Нет";"2";"Участвуете в конкурсе";"2179897";"—"
"1114";"4";"Да";"136";"56251 54 40 42 Нет";"—";"Участвуете в конкурсе";"2180193";"—"
"1115";"1";"—";"136";"45237 36 40 55 Нет";"5";"Участвуете в конкурсе";"960391";"—"
"1116";"2";"—";"135";"40188 40 46 49 Нет";"—";"Участвуете в конкурсе";"1078205";"—"
"1117";"3";"—";"135";"49576 74 61 Нет";"—";"Участвуете в конкурсе";"1178307";"—"
"1118";"1";"Да";"135";"46897 40 46 49 Нет";"—";"Участвуете в конкурсе";"1206043";"—"
"1119";"1";"—";"135";"50136 43 34 58 Нет";"—";"Участвуете в конкурсе";"1630063";"—"
"1120";"1";"—";"135";"38802 43 52 40 Нет";"—";"Участвуете в конкурсе";"2204967";"—"
"1121";"1";"—";"134";"53235 43 34 57 Нет";"—";"Участвуете в конкурсе";"1671822";"—"
"1122";"2";"—";"134";"53050 40 34 60 Нет";"—";"Участвуете в конкурсе";"1960233";"—"
"1123";"1";"—";"134";"54474 80 54 Нет";"—";"Участвуете в конкурсе";"2037916";"—"
"1124";"1";"—";"134";"59916 43 46 43 Нет";"2";"Участвуете в конкурсе";"2175895";"—"
"1125";"2";"—";"134";"56074 46 40 48 Нет";"—";"Участвуете в конкурсе";"2227956";"—"
"1126";"1";"Да";"133";"46529 48 27 58 Да";"—";"Участвуете в конкурсе";"1174077";"—"
"1127";"1";"Да";"133";"53066 48 27 54 Нет";"4";"Участвуете в конкурсе";"1220973";"—"
"1128";"1";"—";"133";"48472 46 27 60 Нет";"—";"Участвуете в конкурсе";"1412760";"—"
"1129";"4";"—";"133";"55586 56 34 43 Нет";"—";"Участвуете в конкурсе";"2183515";"—"
"1130";"2";"—";"133";"60630 54 34 45 Нет";"—";"Участвуете в конкурсе";"2430058";"—"
"1131";"2";"—";"133";"45403 46 87 Нет";"—";"Участвуете в конкурсе";"998228";"—"
"1132";"1";"—";"132";"51840 56 76 Нет";"—";"Участвуете в конкурсе";"1838189";"—"
"1133";"1";"—";"131";"47263 51 40 40 Нет";"—";"Участвуете в конкурсе";"1263114";"—"
"1134";"2";"—";"131";"48515 46 27 48 Нет";"10";"Участвуете в конкурсе";"1463826";"—"
"1135";"1";"—";"131";"50717 70 61 Нет";"—";"Участвуете в конкурсе";"1681304";"—"
"1136";"1";"—";"131";"50888 43 34 54 Нет";"—";"Участвуете в конкурсе";"1720566";"—"
"1137";"3";"—";"131";"50775 0 58 63 Нет";"10";"Участвуете в конкурсе";"1723826";"—"
"1138";"5";"—";"131";"56750 48 40 43 Нет";"—";"Участвуете в конкурсе";"2208126";"—"
"1139";"7";"—";"129";"56873 44 46 39 Нет";"—";"Участвуете в конкурсе";"981430";"—"
"1140";"1";"Да";"129";"45624 41 34 54 Нет";"—";"Участвуете в конкурсе";"987284";"—"
"1141";"1";"—";"128";"45905 70 10 38 Нет";"10";"Участвуете в конкурсе";"1070029";"—"
"1142";"6";"—";"128";"56666 22 30 76 Нет";"—";"Участвуете в конкурсе";"1142239";"—"
"1143";"2";"—";"128";"48420 0 64 64 Нет";"—";"Участвуете в конкурсе";"1465385";"—"
"1144";"2";"—";"128";"51787 66 62 Нет";"—";"Участвуете в конкурсе";"1815816";"—"
"1145";"7";"—";"128";"55867 49 27 52 Нет";"—";"Участвуете в конкурсе";"2199528";"—"
"1146";"6";"—";"128";"56643 54 34 40 Нет";"—";"Участвуете в конкурсе";"2240802";"—"
"1147";"1";"—";"128";"45218 58 70 Нет";"—";"Участвуете в конкурсе";"959747";"—"
"1148";"1";"—";"128";"45532 80 0 48 Нет";"—";"Участвуете в конкурсе";"980575";"—"
"1149";"1";"—";"127";"55226 60 57 Нет";"10";"Участвуете в конкурсе";"2165630";"—"
"1150";"1";"—";"126";"23447 70 56 Нет";"—";"Участвуете в конкурсе";"1073840";"—"
"1151";"1";"—";"126";"50404 54 62 Нет";"10";"Участвуете в конкурсе";"1622333";"—"
"1152";"1";"—";"126";"52866 40 50 36 Нет";"—";"Участвуете в конкурсе";"1795411";"—"
"1153";"1";"Да";"126";"51944 51 34 41 Нет";"—";"Участвуете в конкурсе";"1840420";"—"
"1154";"1";"Да";"126";"54153 40 40 46 Нет";"—";"Участвуете в конкурсе";"2068353";"—"
"1155";"2";"—";"126";"56639 40 34 52 Нет";"—";"Участвуете в конкурсе";"2302508";"—"
"1156";"1";"—";"126";"45470 66 60 0 Нет";"—";"Участвуете в конкурсе";"973467";"—"
"1157";"1";"—";"126";"45533 40 40 46 Нет";"—";"Участвуете в конкурсе";"995242";"—"
"1158";"1";"—";"125";"57656 43 34 48 Нет";"—";"Участвуете в конкурсе";"2326086";"—"
"1159";"1";"Да";"125";"60575 40 27 58 Нет";"—";"Участвуете в конкурсе";"2368536";"—"
"1160";"1";"—";"124";"46107 20 30 74 Нет";"—";"Участвуете в конкурсе";"1106298";"—"
"1161";"3";"—";"123";"45895 16 50 57 Нет";"—";"Участвуете в конкурсе";"1069784";"—"
"1162";"2";"—";"123";"52479 42 20 51 Нет";"10";"Участвуете в конкурсе";"1519775";"—"
"1163";"1";"—";"123";"48935 0 58 65 Нет";"—";"Участвуете в конкурсе";"998217";"—"
"1164";"2";"—";"122";"54528 40 40 42 Нет";"—";"Участвуете в конкурсе";"2089381";"—"
"1165";"6";"—";"122";"57902 36 34 52 Нет";"—";"Участвуете в конкурсе";"2164988";"—"
"1166";"1";"—";"122";"45312 66 56 Нет";"—";"Участвуете в конкурсе";"960574";"—"
"1167";"5";"—";"121";"46142 68 53 Нет";"—";"Участвуете в конкурсе";"1118533";"—"
"1168";"1";"—";"121";"48298 60 51 Нет";"10";"Участвуете в конкурсе";"1444196";"—"
"1169";"1";"—";"121";"53965 46 40 35 Нет";"—";"Участвуете в конкурсе";"1965707";"—"
"1170";"1";"—";"119";"15380 42 20 57 Нет";"—";"Участвуете в конкурсе";"1055747";"—"
"1171";"5";"—";"119";"50506 49 27 43 Нет";"—";"Участвуете в конкурсе";"1659130";"—"
"1172";"1";"—";"119";"45343 0 58 61 Нет";"—";"Участвуете в конкурсе";"955852";"—"
"1173";"1";"—";"116";"49433 0 58 58 Нет";"—";"Участвуете в конкурсе";"1157003";"—"
"1174";"4";"—";"116";"52886 46 27 43 Нет";"—";"Участвуете в конкурсе";"1932566";"—"
"1175";"1";"—";"116";"55329 46 70 Нет";"—";"Участвуете в конкурсе";"2142229";"—"
"1176";"7";"—";"115";"52388 16 70 29 Нет";"—";"Участвуете в конкурсе";"1897344";"—"
"1177";"4";"—";"115";"57194 0 64 51 Нет";"—";"Участвуете в конкурсе";"2271246";"—"
"1178";"1";"—";"115";"58718 58 57 Нет";"—";"Участвуете в конкурсе";"2370847";"—"
"1179";"1";"—";"114";"60840 0 52 62 Нет";"—";"Участвуете в конкурсе";"1958923";"—"
"1180";"1";"—";"113";"58852 40 63 Нет";"10";"Участвуете в конкурсе";"1838743";"—"
"1181";"1";"—";"110";"46459 100 Нет";"10";"Участвуете в конкурсе";"1173332";"—"
"1182";"4";"Да";"110";"48350 40 34 36 Да";"—";"Участвуете в конкурсе";"1425964";"—"
"1183";"2";"—";"107";"50919 40 27 40 Нет";"—";"Участвуете в конкурсе";"1724584";"—"
"1184";"2";"—";"106";"49067 34 62 Нет";"10";"Участвуете в конкурсе";"1519956";"—"
"1185";"5";"—";"106";"52351 40 27 37 Нет";"2";"Участвуете в конкурсе";"1886957";"—"
"1186";"1";"—";"106";"54344 64 30 12 Нет";"—";"Участвуете в конкурсе";"1976837";"—"
"1187";"1";"—";"106";"45474 30 40 36 Нет";"—";"Участвуете в конкурсе";"974114";"—"
"1188";"2";"—";"105";"52017 100 Нет";"5";"Участвуете в конкурсе";"1728366";"—"
"1189";"1";"—";"105";"45761 46 49 Нет";"10";"Участвуете в конкурсе";"941554";"—"
"1190";"4";"—";"104";"45903 28 30 46 Нет";"—";"Участвуете в конкурсе";"1060016";"—"
"1191";"8";"—";"104";"61028 0 58 46 Нет";"—";"Участвуете в конкурсе";"2215945";"—"
"1192";"1";"—";"104";"56360 0 34 70 Нет";"—";"Участвуете в конкурсе";"2259929";"—"
"1193";"3";"—";"104";"58345 0 58 46 Нет";"—";"Участвуете в конкурсе";"2345059";"—"
"1194";"2";"—";"104";"45998 16 10 78 Нет";"—";"Участвуете в конкурсе";"958946";"—"
"1195";"1";"—";"103";"53112 39 0 54 Нет";"10";"Участвуете в конкурсе";"1989080";"—"
"1196";"5";"—";"102";"51875 92 Нет √";"10";"Участвуете в конкурсе";"1848035";"—"
"1197";"1";"—";"100";"43813 46 0 54 Нет";"—";"Участвуете в конкурсе";"1000011";"—"
"1198";"1";"—";"100";"48523 52 48 Нет";"—";"Участвуете в конкурсе";"1479191";"—"
"1199";"1";"—";"100";"50097 0 34 66 Нет";"—";"Участвуете в конкурсе";"1606003";"—"
"1200";"2";"—";"100";"50305 54 46 Нет";"—";"Участвуете в конкурсе";"1625029";"—"
"1201";"1";"—";"100";"50512 0 46 54 Нет";"—";"Участвуете в конкурсе";"1654257";"—"
"1202";"1";"—";"98";"48636 34 64 Нет";"—";"Участвуете в конкурсе";"1494409";"—"
"1203";"1";"—";"98";"49365 88 Нет";"10";"Участвуете в конкурсе";"1575638";"—"
"1204";"2";"—";"98";"58965 0 34 64 Нет";"—";"Участвуете в конкурсе";"1833978";"—"
"1205";"1";"—";"98";"54792 88 Нет";"10";"Участвуете в конкурсе";"2117299";"—"
"1206";"2";"—";"98";"45570 34 20 44 Нет";"—";"Участвуете в конкурсе";"982529";"—"
"1207";"1";"—";"97";"49244 0 40 57 Нет";"—";"Участвуете в конкурсе";"1560145";"—"
"1208";"1";"—";"96";"51357 96 Нет";"—";"Участвуете в конкурсе";"1002787";"—"
"1209";"2";"—";"95";"48083 18 20 47 Нет";"10";"Участвуете в конкурсе";"1421112";"—"
"1210";"1";"—";"95";"45261 40 0 55 Нет";"—";"Участвуете в конкурсе";"891170";"—"
"1211";"4";"—";"94";"49080 0 27 57 Нет";"10";"Участвуете в конкурсе";"1520255";"—"
"1212";"1";"—";"94";"43988 94 Нет";"—";"Участвуете в конкурсе";"1581677";"—"
"1213";"1";"—";"94";"50941 94 Нет";"—";"Участвуете в конкурсе";"1714095";"—"
"1214";"1";"—";"94";"54674 84 Нет";"10";"Участвуете в конкурсе";"2115203";"—"
"1215";"3";"—";"94";"58724 0 34 60 Нет";"—";"Участвуете в конкурсе";"2366999";"—"
"1216";"1";"—";"92";"50385 82 10 Нет";"—";"Участвуете в конкурсе";"1647520";"—"
"1217";"5";"—";"92";"53089 92 Нет";"—";"Участвуете в конкурсе";"1922537";"—"
"1218";"1";"—";"91";"8797 40 51 Нет";"—";"Участвуете в конкурсе";"2363962";"—"
"1219";"1";"—";"90";"48038 90 Нет";"—";"Участвуете в конкурсе";"1011455";"—"
"1220";"1";"—";"90";"46195 90 Нет";"—";"Участвуете в конкурсе";"1126422";"—"
"1221";"2";"—";"90";"49734 90 Нет";"—";"Участвуете в конкурсе";"1612030";"—"
"1222";"1";"—";"90";"51658 90 Нет";"—";"Участвуете в конкурсе";"1817114";"—"
"1223";"1";"—";"90";"54143 90 Нет";"—";"Участвуете в конкурсе";"2052498";"—"
"1224";"1";"—";"89";"46592 28 10 41 Нет";"10";"Участвуете в конкурсе";"1216569";"—"
"1225";"2";"—";"89";"45436 46 43 Нет";"—";"Участвуете в конкурсе";"986321";"—"
"1226";"4";"—";"87";"53874 24 30 33 Нет";"—";"Участвуете в конкурсе";"1262445";"—"
"1227";"2";"—";"87";"61246 87 Нет";"—";"Участвуете в конкурсе";"2303587";"—"
"1228";"2";"—";"87";"45892 27 60 Нет";"—";"Участвуете в конкурсе";"951720";"—"
"1229";"1";"—";"86";"50339 0 34 52 Нет";"—";"Участвуете в конкурсе";"1683185";"—"
"1230";"1";"—";"85";"51655 0 34 51 Нет";"—";"Участвуете в конкурсе";"1693346";"—"
"1231";"5";"—";"84";"21013 74 Нет";"10";"Участвуете в конкурсе";"1515725";"—"
"1232";"1";"—";"82";"46433 82 Нет";"—";"Участвуете в конкурсе";"1168846";"—"
"1233";"1";"—";"82";"49149 82 Нет";"—";"Участвуете в конкурсе";"1508842";"—"
"1234";"2";"—";"82";"51001 34 48 Нет";"—";"Участвуете в конкурсе";"1745637";"—"
"1235";"1";"Да";"81";"52326 41 0 40 Да";"—";"Участвуете в конкурсе";"1887552";"—"
"1236";"1";"—";"81";"45341 46 0 35 Нет";"—";"Участвуете в конкурсе";"967668";"—"
"1237";"1";"—";"80";"48166 80 Нет";"—";"Участвуете в конкурсе";"1440603";"—"
"1238";"2";"—";"80";"49909 80 Нет";"—";"Участвуете в конкурсе";"1608258";"—"
"1239";"1";"—";"79";"49709 69 Нет";"10";"Участвуете в конкурсе";"1637062";"—"
"1240";"1";"—";"78";"51453 10 58 Нет";"10";"Участвуете в конкурсе";"1793479";"—"
"1241";"1";"—";"78";"54271 78 Нет";"—";"Участвуете в конкурсе";"2069348";"—"
"1242";"1";"—";"78";"59630 0 27 51 Нет";"—";"Участвуете в конкурсе";"2387662";"—"
"1243";"1";"—";"77";"50324 0 34 43 Нет";"—";"Участвуете в конкурсе";"1691188";"—"
"1244";"2";"—";"77";"24901 77 Нет";"—";"Участвуете в конкурсе";"1724575";"—"
"1245";"1";"—";"76";"46232 76 Нет";"—";"Участвуете в конкурсе";"1130051";"—"
"1246";"3";"—";"76";"58316 0 27 49 Нет";"—";"Участвуете в конкурсе";"1521434";"—"
"1247";"1";"—";"76";"54079 76 Нет";"—";"Участвуете в конкурсе";"2051930";"—"
"1248";"2";"—";"76";"60459 0 40 36 Нет";"—";"Участвуете в конкурсе";"2410925";"—"
"1249";"1";"—";"75";"45819 75 Нет";"—";"Участвуете в конкурсе";"1044586";"—"
"1250";"1";"—";"75";"50579 0 75 Нет";"—";"Участвуете в конкурсе";"1480255";"—"
"1251";"2";"—";"75";"49485 75 Нет";"—";"Участвуете в конкурсе";"1582126";"—"
"1252";"2";"—";"74";"47557 74 Нет √";"—";"Участвуете в конкурсе";"1013358";"—"
"1253";"3";"—";"74";"52354 0 64 Нет √";"10";"Участвуете в конкурсе";"1069480";"—"
"1254";"1";"—";"74";"49541 0 64 Нет";"10";"Участвуете в конкурсе";"1586142";"—"
"1255";"1";"—";"74";"54310 0 64 Нет";"10";"Участвуете в конкурсе";"2076078";"—"
"1256";"1";"—";"72";"30561 8 0 64 Нет";"—";"Участвуете в конкурсе";"1054117";"—"
"1257";"1";"—";"72";"45462 72 Нет";"—";"Участвуете в конкурсе";"960265";"—"
"1258";"2";"—";"72";"45854 26 20 26 Нет";"—";"Участвуете в конкурсе";"965760";"—"
"1259";"2";"—";"71";"51149 71 Нет";"—";"Участвуете в конкурсе";"1764026";"—"
"1260";"1";"—";"71";"51430 26 10 35 Нет";"—";"Участвуете в конкурсе";"1789863";"—"
"1261";"1";"—";"71";"52694 71 Нет";"—";"Участвуете в конкурсе";"1897848";"—"
"1262";"2";"—";"70";"52559 60 Нет";"10";"Участвуете в конкурсе";"1740495";"—"
"1263";"1";"—";"69";"49487 16 20 33 Нет";"—";"Участвуете в конкурсе";"1038825";"—"
"1264";"1";"—";"67";"46466 67 Нет";"—";"Участвуете в конкурсе";"1170403";"—"
"1265";"3";"—";"67";"52066 67 Нет";"—";"Участвуете в конкурсе";"1851344";"—"
"1266";"2";"—";"66";"52464 66 Нет";"—";"Участвуете в конкурсе";"1909947";"—"
"1267";"2";"—";"65";"51908 0 55 Нет";"10";"Участвуете в конкурсе";"1721405";"—"
"1268";"1";"—";"64";"49339 64 Нет";"—";"Участвуете в конкурсе";"1574906";"—"
"1269";"1";"—";"64";"45259 44 20 0 Нет";"—";"Участвуете в конкурсе";"966927";"—"
"1270";"1";"—";"63";"52461 63 Нет";"—";"Участвуете в конкурсе";"1396569";"—"
"1271";"1";"—";"63";"60599 63 Нет";"—";"Участвуете в конкурсе";"2419628";"—"
"1272";"1";"—";"63";"60886 0 63 Нет";"—";"Участвуете в конкурсе";"2461458";"—"
"1273";"1";"—";"62";"54035 52 Нет";"10";"Участвуете в конкурсе";"1041991";"—"
"1274";"2";"—";"62";"52011 62 Нет";"—";"Участвуете в конкурсе";"1858592";"—"
"1275";"1";"—";"62";"52246 62 Нет";"—";"Участвуете в конкурсе";"1875440";"—"
"1276";"3";"—";"62";"53939 30 32 Нет";"—";"Участвуете в конкурсе";"2040073";"—"
"1277";"1";"—";"62";"54627 62 Нет";"—";"Участвуете в конкурсе";"2100120";"—"
"1278";"1";"—";"61";"45721 0 61 Нет";"—";"Участвуете в конкурсе";"1026377";"—"
"1279";"1";"—";"61";"45205 51 Нет";"10";"Участвуете в конкурсе";"954695";"—"
"1280";"2";"—";"60";"46251 60 Нет";"—";"Участвуете в конкурсе";"1132654";"—"
"1281";"1";"—";"60";"51374 0 0 60 Нет";"—";"Участвуете в конкурсе";"1789200";"—"
"1282";"4";"—";"58";"53228 48 Нет √";"10";"Участвуете в конкурсе";"1002278";"—"
"1283";"2";"—";"58";"52018 58 Нет";"—";"Участвуете в конкурсе";"1843150";"—"
"1284";"1";"—";"58";"56899 58 Нет";"—";"Участвуете в конкурсе";"2248747";"—"
"1285";"1";"—";"58";"61204 58 Нет";"—";"Участвуете в конкурсе";"2298078";"—"
"1286";"3";"—";"57";"48509 57 Нет";"—";"Участвуете в конкурсе";"1216057";"—"
"1287";"1";"—";"57";"47827 26 31 Нет";"—";"Участвуете в конкурсе";"1398446";"—"
"1288";"1";"—";"57";"30609 0 0 57 Нет";"—";"Участвуете в конкурсе";"1961827";"—"
"1289";"2";"—";"56";"55694 0 46 Нет √";"10";"Участвуете в конкурсе";"2105725";"—"
"1290";"1";"—";"55";"46190 0 0 55 Нет";"—";"Участвуете в конкурсе";"1122663";"—"
"1291";"1";"—";"55";"48356 55 Нет";"—";"Участвуете в конкурсе";"1452844";"—"
"1292";"1";"—";"54";"47032 0 0 54 Нет";"—";"Участвуете в конкурсе";"1281028";"—"
"1293";"1";"—";"54";"51237 54 Нет";"—";"Участвуете в конкурсе";"1775461";"—"
"1294";"1";"—";"54";"51665 16 0 38 Нет";"—";"Участвуете в конкурсе";"1811880";"—"
"1295";"1";"—";"54";"31055 44 Нет";"10";"Участвуете в конкурсе";"2127741";"—"
"1296";"1";"—";"54";"30687 54 Нет";"—";"Участвуете в конкурсе";"2314949";"—"
"1297";"1";"—";"53";"52518 53 Нет";"—";"Участвуете в конкурсе";"1908271";"—"
"1298";"5";"—";"52";"60235 52 Нет √ √";"—";"Участвуете в конкурсе";"1050405";"—"
"1299";"1";"—";"52";"49587 52 Нет";"—";"Участвуете в конкурсе";"1586460";"—"
"1300";"1";"—";"52";"45423 42 Нет";"10";"Участвуете в конкурсе";"995475";"—"
"1301";"1";"—";"51";"45881 51 Нет";"—";"Участвуете в конкурсе";"1055762";"—"
"1302";"2";"—";"51";"49300 0 51 Нет";"—";"Участвуете в конкурсе";"1497043";"—"
"1303";"1";"—";"49";"48448 49 Нет";"—";"Участвуете в конкурсе";"1461050";"—"
"1304";"1";"—";"49";"49368 0 49 Нет";"—";"Участвуете в конкурсе";"1574804";"—"
"1305";"2";"—";"49";"49750 49 Нет";"—";"Участвуете в конкурсе";"1641713";"—"
"1306";"2";"—";"49";"52614 49 Нет";"—";"Участвуете в конкурсе";"1924965";"—"
"1307";"1";"—";"48";"48173 48 Нет";"—";"Участвуете в конкурсе";"1414900";"—"
"1308";"1";"—";"48";"52169 0 0 48 Нет";"—";"Участвуете в конкурсе";"1703757";"—"
"1309";"1";"—";"48";"58588 48 Нет";"—";"Участвуете в конкурсе";"2350089";"—"
"1310";"6";"—";"48";"59494 48 Нет";"—";"Участвуете в конкурсе";"2407669";"—"
"1311";"1";"—";"46";"48273 0 0 46 Нет";"—";"Участвуете в конкурсе";"1043062";"—"
"1312";"1";"—";"46";"53975 46 Нет √";"—";"Участвуете в конкурсе";"1903994";"—"
"1313";"1";"—";"45";"58974 0 0 45 Нет";"—";"Участвуете в конкурсе";"1704678";"—"
"1314";"1";"—";"44";"50366 44 Нет √";"—";"Участвуете в конкурсе";"1627154";"—"
"1315";"2";"—";"43";"49923 33 Нет";"10";"Участвуете в конкурсе";"1608391";"—"
"1316";"1";"—";"42";"59471 42 Нет √ √";"—";"Участвуете в конкурсе";"2392181";"—"
"1317";"1";"—";"41";"45844 41 Нет";"—";"Участвуете в конкурсе";"1039435";"—"
"1318";"1";"—";"41";"41393 41 0 0 Нет";"—";"Участвуете в конкурсе";"1998658";"—"
"1319";"2";"—";"40";"51441 30 Нет √";"10";"Участвуете в конкурсе";"1761149";"—"
"1320";"1";"—";"39";"45828 39 Нет";"—";"Участвуете в конкурсе";"1043282";"—"
"1321";"1";"—";"37";"31095 0 37 Нет";"—";"Участвуете в конкурсе";"1117643";"—"
"1322";"1";"—";"37";"51467 37 Нет";"—";"Участвуете в конкурсе";"1797327";"—"
"1323";"4";"—";"37";"59413 0 37 Нет √";"—";"Участвуете в конкурсе";"1837836";"—"
"1324";"1";"—";"36";"48074 36 Нет";"—";"Участвуете в конкурсе";"1416915";"—"
"1325";"1";"—";"32";"51052 32 Нет";"—";"Участвуете в конкурсе";"1744488";"—"
"1326";"1";"—";"31";"52358 31 Нет";"—";"Участвуете в конкурсе";"1887309";"—"
"1327";"3";"—";"30";"46297 30 Нет";"—";"Участвуете в конкурсе";"1145938";"—"
"1328";"1";"—";"30";"51213 20 0 Нет";"10";"Участвуете в конкурсе";"1779889";"—"
"1329";"1";"—";"26";"45502 26 0 0 Нет";"—";"Участвуете в конкурсе";"997081";"—"
"1330";"1";"—";"24";"53170 24 Нет";"—";"Участвуете в конкурсе";"1841636";"—"
"1331";"1";"—";"24";"52390 24 Нет";"—";"Участвуете в конкурсе";"1900348";"—"
"1332";"1";"—";"20";"45899 10 Нет";"10";"Участвуете в конкурсе";"1065894";"—"
"1333";"1";"—";"20";"35184 20 Нет √";"—";"Участвуете в конкурсе";"999380";"—"
"1334";"1";"—";"10";"60736 Нет";"10";"Участвуете в конкурсе";"1015396";"—"
"1335";"1";"—";"10";"30970 Нет";"10";"Участвуете в конкурсе";"1018825";"—"
"1336";"1";"—";"10";"29883 Нет";"10";"Участвуете в конкурсе";"1018844";"—"
"1337";"1";"—";"10";"45782 Нет";"10";"Участвуете в конкурсе";"1040950";"—"
"1338";"1";"—";"10";"45755 Нет";"10";"Участвуете в конкурсе";"1051126";"—"
"1339";"1";"—";"10";"45759 Нет";"10";"Участвуете в конкурсе";"1051178";"—"
"1340";"1";"—";"10";"56479 Нет";"10";"Участвуете в конкурсе";"1120124";"—"
"1341";"1";"—";"10";"56475 Нет";"10";"Участвуете в конкурсе";"1120289";"—"
"1342";"1";"—";"10";"46238 Нет";"10";"Участвуете в конкурсе";"1137787";"—"
"1343";"4";"—";"10";"46400 Нет";"10";"Участвуете в конкурсе";"1158396";"—"
"1344";"1";"—";"10";"46695 Нет";"10";"Участвуете в конкурсе";"1180405";"—"
"1345";"1";"—";"10";"46502 Нет";"10";"Участвуете в конкурсе";"1218481";"—"
"1346";"1";"—";"10";"56447 Нет";"10";"Участвуете в конкурсе";"1416678";"—"
"1347";"1";"—";"10";"48111 Нет";"10";"Участвуете в конкурсе";"1444985";"—"
"1348";"10";"—";"10";"48531 Нет";"10";"Участвуете в конкурсе";"1445779";"—"
"1349";"1";"—";"10";"48814 Нет";"10";"Участвуете в конкурсе";"1497386";"—"
"1350";"1";"—";"10";"49031 Нет";"10";"Участвуете в конкурсе";"1518258";"—"
"1351";"1";"—";"10";"56341 Нет";"10";"Участвуете в конкурсе";"1534417";"—"
"1352";"1";"—";"10";"49233 Нет";"10";"Участвуете в конкурсе";"1562096";"—"
"1353";"3";"—";"10";"55160 Нет";"10";"Участвуете в конкурсе";"1590773";"—"
"1354";"1";"—";"10";"49706 Нет √";"10";"Участвуете в конкурсе";"1602444";"—"
"1355";"1";"—";"10";"49927 Нет";"10";"Участвуете в конкурсе";"1605087";"—"
"1356";"1";"—";"10";"50012 Нет √";"10";"Участвуете в конкурсе";"1606580";"—"
"1357";"2";"—";"10";"49764 Нет";"10";"Участвуете в конкурсе";"1612096";"—"
"1358";"1";"—";"10";"49397 Нет";"10";"Участвуете в конкурсе";"1613705";"—"
"1359";"1";"—";"10";"51566 Нет";"10";"Участвуете в конкурсе";"1616226";"—"
"1360";"2";"—";"10";"52228 0 Нет";"10";"Участвуете в конкурсе";"1624186";"—"
"1361";"1";"—";"10";"53556 Нет";"10";"Участвуете в конкурсе";"1631407";"—"
"1362";"1";"—";"10";"50318 Нет";"10";"Участвуете в конкурсе";"1639875";"—"
"1363";"2";"—";"10";"50270 Нет";"10";"Участвуете в конкурсе";"1644734";"—"
"1364";"1";"—";"10";"50591 Нет";"10";"Участвуете в конкурсе";"1645844";"—"
"1365";"2";"—";"10";"49940 Нет";"10";"Участвуете в конкурсе";"1675041";"—"
"1366";"1";"—";"10";"50582 Нет";"10";"Участвуете в конкурсе";"1677824";"—"
"1367";"2";"—";"10";"50439 Нет";"10";"Участвуете в конкурсе";"1683379";"—"
"1368";"1";"—";"10";"49896 Нет";"10";"Участвуете в конкурсе";"1688381";"—"
"1369";"1";"—";"10";"54951 Нет";"10";"Участвуете в конкурсе";"1709934";"—"
"1370";"1";"—";"10";"52489 Нет";"10";"Участвуете в конкурсе";"1712629";"—"
"1371";"1";"—";"10";"50929 Нет";"10";"Участвуете в конкурсе";"1723193";"—"
"1372";"1";"—";"10";"52175 Нет √";"10";"Участвуете в конкурсе";"1723195";"—"
"1373";"1";"—";"10";"50741 Нет";"10";"Участвуете в конкурсе";"1729553";"—"
"1374";"3";"—";"10";"50978 Нет";"10";"Участвуете в конкурсе";"1731893";"—"
"1375";"1";"—";"10";"51113 Нет";"10";"Участвуете в конкурсе";"1762527";"—"
"1376";"1";"—";"10";"51192 Нет";"10";"Участвуете в конкурсе";"1776055";"—"
"1377";"1";"—";"10";"51224 Нет";"10";"Участвуете в конкурсе";"1780027";"—"
"1378";"1";"—";"10";"51242 Нет";"10";"Участвуете в конкурсе";"1781504";"—"
"1379";"6";"—";"10";"51392 Нет";"10";"Участвуете в конкурсе";"1784286";"—"
"1380";"1";"—";"10";"55251 Нет";"10";"Участвуете в конкурсе";"1799817";"—"
"1381";"1";"—";"10";"51771 Нет";"10";"Участвуете в конкурсе";"1824783";"—"
"1382";"2";"—";"10";"51863 Нет";"10";"Участвуете в конкурсе";"1827631";"—"
"1383";"1";"—";"10";"51685 Нет";"10";"Участвуете в конкурсе";"1828935";"—"
"1384";"1";"—";"10";"56482 Нет";"10";"Участвуете в конкурсе";"1831901";"—"
"1385";"2";"—";"10";"58927 Нет";"10";"Участвуете в конкурсе";"1834128";"—"
"1386";"1";"—";"10";"52251 Нет";"10";"Участвуете в конкурсе";"1838138";"—"
"1387";"1";"—";"10";"51991 Нет √";"10";"Участвуете в конкурсе";"1850608";"—"
"1388";"1";"—";"10";"52172 Нет";"10";"Участвуете в конкурсе";"1854819";"—"
"1389";"1";"—";"10";"52469 Нет";"10";"Участвуете в конкурсе";"1892189";"—"
"1390";"2";"—";"10";"52652 Нет";"10";"Участвуете в конкурсе";"1897292";"—"
"1391";"1";"—";"10";"52397 Нет";"10";"Участвуете в конкурсе";"1899875";"—"
"1392";"1";"—";"10";"52535 Нет";"10";"Участвуете в конкурсе";"1910343";"—"
"1393";"2";"—";"10";"52471 Нет";"10";"Участвуете в конкурсе";"1916051";"—"
"1394";"1";"—";"10";"56744 Нет";"10";"Участвуете в конкурсе";"1920528";"—"
"1395";"1";"—";"10";"52963 Нет";"10";"Участвуете в конкурсе";"1923121";"—"
"1396";"2";"—";"10";"52770 Нет";"10";"Участвуете в конкурсе";"1936244";"—"
"1397";"1";"—";"10";"55408 Нет";"10";"Участвуете в конкурсе";"1951830";"—"
"1398";"1";"—";"10";"53155 Нет";"10";"Участвуете в конкурсе";"1968934";"—"
"1399";"1";"—";"10";"53180 Нет";"10";"Участвуете в конкурсе";"1975167";"—"
"1400";"1";"—";"10";"60829 Нет";"10";"Участвуете в конкурсе";"1987499";"—"
"1401";"1";"—";"10";"53565 Нет";"10";"Участвуете в конкурсе";"2004620";"—"
"1402";"1";"—";"10";"53246 Нет";"10";"Участвуете в конкурсе";"2014098";"—"
"1403";"1";"—";"10";"53811 Нет";"10";"Участвуете в конкурсе";"2033242";"—"
"1404";"2";"—";"10";"53991 Нет";"10";"Участвуете в конкурсе";"2046410";"—"
"1405";"2";"—";"10";"54113 Нет";"10";"Участвуете в конкурсе";"2047201";"—"
"1406";"4";"—";"10";"54244 Нет √";"10";"Участвуете в конкурсе";"2057061";"—"
"1407";"1";"—";"10";"54198 Нет";"10";"Участвуете в конкурсе";"2073575";"—"
"1408";"1";"—";"10";"37471 Нет";"10";"Участвуете в конкурсе";"2095353";"—"
"1409";"1";"—";"10";"54567 Нет";"10";"Участвуете в конкурсе";"2102333";"—"
"1410";"1";"—";"10";"55063 Нет";"10";"Участвуете в конкурсе";"2137676";"—"
"1411";"1";"—";"10";"55065 Нет";"10";"Участвуете в конкурсе";"2137736";"—"
"1412";"1";"—";"10";"60897 Нет";"10";"Участвуете в конкурсе";"2149077";"—"
"1413";"1";"—";"10";"58938 Нет";"10";"Участвуете в конкурсе";"2163117";"—"
"1414";"1";"—";"10";"55454 Нет";"10";"Участвуете в конкурсе";"2178846";"—"
"1415";"1";"—";"10";"58038 Нет";"10";"Участвуете в конкурсе";"2207962";"—"
"1416";"1";"—";"10";"57772 Нет";"10";"Участвуете в конкурсе";"2257192";"—"
"1417";"2";"—";"10";"56314 Нет";"10";"Участвуете в конкурсе";"2259780";"—"
"1418";"1";"—";"10";"56762 Нет";"10";"Участвуете в конкурсе";"2261518";"—"
"1419";"1";"—";"10";"57329 Нет";"10";"Участвуете в конкурсе";"2278287";"—"
"1420";"1";"—";"10";"59503 Нет";"10";"Участвуете в конкурсе";"2281916";"—"
"1421";"1";"—";"10";"57930 Нет √";"10";"Участвуете в конкурсе";"2287619";"—"
"1422";"1";"—";"10";"57654 Нет";"10";"Участвуете в конкурсе";"2298337";"—"
"1423";"1";"—";"10";"57787 Нет";"10";"Участвуете в конкурсе";"2309738";"—"
"1424";"1";"—";"10";"58524 Нет";"10";"Участвуете в конкурсе";"2346023";"—"
"1425";"2";"—";"10";"58833 Нет";"10";"Участвуете в конкурсе";"2369447";"—"
"1426";"1";"—";"10";"58792 Нет √";"10";"Участвуете в конкурсе";"2369791";"—"
"1427";"1";"—";"10";"59478 Нет";"10";"Участвуете в конкурсе";"2401310";"—"
"1428";"1";"—";"10";"28320 Нет √";"10";"Участвуете в конкурсе";"2407709";"—"
"1429";"2";"—";"10";"60631 Нет";"10";"Участвуете в конкурсе";"2428218";"—"
"1430";"1";"—";"10";"60627 Нет";"10";"Участвуете в конкурсе";"2435774";"—"
"1431";"1";"—";"10";"60634 Нет";"10";"Участвуете в конкурсе";"2435827";"—"
"1432";"3";"—";"10";"60702 Нет";"10";"Участвуете в конкурсе";"2446406";"—"
"1433";"1";"—";"10";"60907 Нет";"10";"Участвуете в конкурсе";"2463876";"—"
"1434";"1";"—";"10";"45234 Нет";"10";"Участвуете в конкурсе";"960868";"—"
"1435";"1";"—";"10";"58460 Нет";"10";"Участвуете в конкурсе";"964184";"—"
"1436";"3";"—";"10";"51876 Нет";"10";"Участвуете в конкурсе";"964248";"—"
"1437";"2";"—";"10";"45418 Нет";"10";"Участвуете в конкурсе";"968416";"—"
"1438";"1";"—";"10";"60640 Нет";"10";"Участвуете в конкурсе";"971569";"—"
"1439";"4";"—";"10";"45762 Нет √";"10";"Участвуете в конкурсе";"988095";"—"
"1440";"1";"—";"5";"59057 Нет √";"5";"Участвуете в конкурсе";"2386958";"—"
"1441";"2";"—";"3";"54741 Нет";"3";"Участвуете в конкурсе";"1496355";"—"
"1442";"1";"—";"3";"55900 Нет";"3";"Участвуете в конкурсе";"1873549";"—"
"1443";"1";"—";"3";"54032 Нет";"3";"Участвуете в конкурсе";"2053468";"—"
"1444";"1";"—";"3";"61255 Нет";"3";"Участвуете в конкурсе";"2309652";"—"
"1445";"2";"—";"2";"61157 Нет";"2";"Участвуете в конкурсе";"1616569";"—"
"1446";"1";"—";"2";"58087 Нет";"2";"Участвуете в конкурсе";"1788840";"—"
"1447";"1";"—";"2";"51934 Нет";"2";"Участвуете в конкурсе";"1849073";"—"
"1448";"1";"—";"2";"52367 Нет";"2";"Участвуете в конкурсе";"1898804";"—"
"1449";"2";"—";"2";"57479 Нет";"2";"Участвуете в конкурсе";"2047515";"—"
"1450";"2";"—";"2";"54546 Нет";"2";"Участвуете в конкурсе";"2095759";"—"
"1451";"1";"—";"2";"45562 2 Нет";"—";"Участвуете в конкурсе";"981893";"—"
"1452";"1";"—";"—";"45882 Нет";"—";"Участвуете в конкурсе";"1002667";"—"
"1453";"1";"—";"—";"54304 Нет";"—";"Участвуете в конкурсе";"1003252";"—"
"1454";"2";"—";"—";"45770 Нет";"—";"Участвуете в конкурсе";"1003485";"—"
"1455";"1";"—";"—";"45888 Нет";"—";"Участвуете в конкурсе";"1005328";"—"
"1456";"1";"—";"—";"45929 Нет √";"—";"Участвуете в конкурсе";"1006458";"—"
"1457";"1";"—";"—";"46200 Нет";"—";"Участвуете в конкурсе";"1007834";"—"
"1458";"1";"—";"—";"45671 Нет";"—";"Участвуете в конкурсе";"1008155";"—"
"1459";"2";"—";"—";"51060 Нет";"—";"Участвуете в конкурсе";"1013213";"—"
"1460";"3";"—";"—";"30688 Нет";"—";"Участвуете в конкурсе";"1013220";"—"
"1461";"1";"—";"—";"35234 Нет";"—";"Участвуете в конкурсе";"1013720";"—"
"1462";"1";"—";"—";"45691 Нет";"—";"Участвуете в конкурсе";"1016250";"—"
"1463";"1";"—";"—";"54927 Нет";"—";"Участвуете в конкурсе";"1016470";"—"
"1464";"1";"—";"—";"45698 Нет";"—";"Участвуете в конкурсе";"1021219";"—"
"1465";"1";"—";"—";"45780 Нет";"—";"Участвуете в конкурсе";"1026936";"—"
"1466";"2";"—";"—";"46289 Нет";"—";"Участвуете в конкурсе";"1031321";"—"
"1467";"1";"—";"—";"45655 Нет";"—";"Участвуете в конкурсе";"1035300";"—"
"1468";"1";"—";"—";"9856 Нет";"—";"Участвуете в конкурсе";"1042540";"—"
"1469";"1";"—";"—";"45857 Нет √";"—";"Участвуете в конкурсе";"1042949";"—"
"1470";"1";"—";"—";"60700 Нет";"—";"Участвуете в конкурсе";"1047321";"—"
"1471";"1";"—";"—";"45769 Нет";"—";"Участвуете в конкурсе";"1051693";"—"
"1472";"2";"—";"—";"50201 Нет";"—";"Участвуете в конкурсе";"1052814";"—"
"1473";"2";"—";"—";"52370 Нет";"—";"Участвуете в конкурсе";"1057284";"—"
"1474";"1";"—";"—";"45900 Нет";"—";"Участвуете в конкурсе";"1060907";"—"
"1475";"1";"—";"—";"48055 Нет";"—";"Участвуете в конкурсе";"1061550";"—"
"1476";"1";"—";"—";"45948 Нет";"—";"Участвуете в конкурсе";"1073815";"—"
"1477";"1";"—";"—";"45999 Нет";"—";"Участвуете в конкурсе";"1075363";"—"
"1478";"1";"—";"—";"46022 Нет";"—";"Участвуете в конкурсе";"1088957";"—"
"1479";"1";"—";"—";"50898 Нет";"—";"Участвуете в конкурсе";"1097408";"—"
"1480";"1";"—";"—";"46099 Нет";"—";"Участвуете в конкурсе";"1103216";"—"
"1481";"1";"—";"—";"47966 Нет";"—";"Участвуете в конкурсе";"1104156";"—"
"1482";"3";"—";"—";"46185 Нет";"—";"Участвуете в конкурсе";"1119454";"—"
"1483";"1";"—";"—";"46249 Нет";"—";"Участвуете в конкурсе";"1129391";"—"
"1484";"1";"—";"—";"46234 Нет";"—";"Участвуете в конкурсе";"1130202";"—"
"1485";"1";"—";"—";"46233 Нет";"—";"Участвуете в конкурсе";"1133158";"—"
"1486";"2";"—";"—";"46290 Нет";"—";"Участвуете в конкурсе";"1138703";"—"
"1487";"1";"—";"—";"46284 Нет √";"—";"Участвуете в конкурсе";"1146280";"—"
"1488";"2";"—";"—";"46389 Нет";"—";"Участвуете в конкурсе";"1156272";"—"
"1489";"1";"—";"—";"46438 Нет";"—";"Участвуете в конкурсе";"1165729";"—"
"1490";"2";"—";"—";"46427 Нет";"—";"Участвуете в конкурсе";"1168118";"—"
"1491";"1";"—";"—";"46928 Нет";"—";"Участвуете в конкурсе";"1176716";"—"
"1492";"1";"—";"—";"49707 Нет";"—";"Участвуете в конкурсе";"1178793";"—"
"1493";"1";"—";"—";"52772 Нет";"—";"Участвуете в конкурсе";"1192827";"—"
"1494";"1";"—";"—";"46851 Нет";"—";"Участвуете в конкурсе";"1200070";"—"
"1495";"1";"—";"—";"47553 Нет";"—";"Участвуете в конкурсе";"1200451";"—"
"1496";"5";"—";"—";"53918 Нет";"—";"Участвуете в конкурсе";"1203074";"—"
"1497";"1";"—";"—";"46626 0 Нет";"—";"Участвуете в конкурсе";"1207415";"—"
"1498";"1";"—";"—";"55640 Нет";"—";"Участвуете в конкурсе";"1216998";"—"
"1499";"1";"—";"—";"46520 Нет";"—";"Участвуете в конкурсе";"1218875";"—"
"1500";"1";"—";"—";"48175 Нет";"—";"Участвуете в конкурсе";"1219177";"—"
"1501";"1";"—";"—";"47244 Нет";"—";"Участвуете в конкурсе";"1258641";"—"
"1502";"1";"—";"—";"47037 Нет";"—";"Участвуете в конкурсе";"1263086";"—"
"1503";"1";"—";"—";"47039 Нет";"—";"Участвуете в конкурсе";"1268150";"—"
"1504";"1";"—";"—";"47556 Нет";"—";"Участвуете в конкурсе";"1344850";"—"
"1505";"2";"—";"—";"47933 0 Нет";"—";"Участвуете в конкурсе";"1361954";"—"
"1506";"1";"—";"—";"51797 Нет";"—";"Участвуете в конкурсе";"1394389";"—"
"1507";"1";"—";"—";"60959 Нет";"—";"Участвуете в конкурсе";"1399755";"—"
"1508";"1";"—";"—";"48029 Нет";"—";"Участвуете в конкурсе";"1402722";"—"
"1509";"1";"—";"—";"54361 Нет";"—";"Участвуете в конкурсе";"1402837";"—"
"1510";"1";"—";"—";"50210 Нет";"—";"Участвуете в конкурсе";"1404768";"—"
"1511";"1";"—";"—";"48021 Нет";"—";"Участвуете в конкурсе";"1410077";"—"
"1512";"1";"—";"—";"48082 Нет";"—";"Участвуете в конкурсе";"1419566";"—"
"1513";"1";"—";"—";"60623 Нет";"—";"Участвуете в конкурсе";"1421945";"—"
"1514";"1";"—";"—";"48317 Нет";"—";"Участвуете в конкурсе";"1430959";"—"
"1515";"3";"—";"—";"48229 Нет";"—";"Участвуете в конкурсе";"1451537";"—"
"1516";"1";"—";"—";"44364 Нет";"—";"Участвуете в конкурсе";"1458547";"—"
"1517";"1";"—";"—";"56648 Нет";"—";"Участвуете в конкурсе";"1462694";"—"
"1518";"1";"—";"—";"31469 Нет";"—";"Участвуете в конкурсе";"1497354";"—"
"1519";"4";"—";"—";"59054 Нет";"—";"Участвуете в конкурсе";"1499648";"—"
"1520";"1";"—";"—";"48718 Нет";"—";"Участвуете в конкурсе";"1502076";"—"
"1521";"1";"—";"—";"48646 Нет";"—";"Участвуете в конкурсе";"1503521";"—"
"1522";"1";"—";"—";"48774 Нет";"—";"Участвуете в конкурсе";"1507545";"—"
"1523";"2";"—";"—";"56148 Нет";"—";"Участвуете в конкурсе";"1508512";"—"
"1524";"2";"—";"—";"48960 Нет";"—";"Участвуете в конкурсе";"1510863";"—"
"1525";"1";"—";"—";"48750 Нет";"—";"Участвуете в конкурсе";"1520967";"—"
"1526";"2";"—";"—";"50889 Нет";"—";"Участвуете в конкурсе";"1522872";"—"
"1527";"1";"—";"—";"48729 Нет";"—";"Участвуете в конкурсе";"1538969";"—"
"1528";"1";"—";"—";"49342 Нет √";"—";"Участвуете в конкурсе";"1561327";"—"
"1529";"2";"—";"—";"49243 Нет";"—";"Участвуете в конкурсе";"1562447";"—"
"1530";"1";"—";"—";"59265 Нет √";"—";"Участвуете в конкурсе";"1564735";"—"
"1531";"1";"—";"—";"61168 Нет";"—";"Участвуете в конкурсе";"1564930";"—"
"1532";"1";"—";"—";"49856 Нет";"—";"Участвуете в конкурсе";"1599173";"—"
"1533";"1";"—";"—";"49662 Нет";"—";"Участвуете в конкурсе";"1601101";"—"
"1534";"1";"—";"—";"49700 Нет";"—";"Участвуете в конкурсе";"1601948";"—"
"1535";"1";"—";"—";"49993 Нет";"—";"Участвуете в конкурсе";"1606327";"—"
"1536";"1";"—";"—";"50142 Нет";"—";"Участвуете в конкурсе";"1610375";"—"
"1537";"1";"—";"—";"50358 Нет";"—";"Участвуете в конкурсе";"1614776";"—"
"1538";"1";"—";"—";"50246 Нет";"—";"Участвуете в конкурсе";"1619728";"—"
"1539";"1";"—";"—";"50249 Нет";"—";"Участвуете в конкурсе";"1625859";"—"
"1540";"1";"—";"—";"51079 Нет";"—";"Участвуете в конкурсе";"1634129";"—"
"1541";"1";"—";"—";"41878 Нет";"—";"Участвуете в конкурсе";"1636519";"—"
"1542";"1";"—";"—";"49705 Нет";"—";"Участвуете в конкурсе";"1637432";"—"
"1543";"1";"—";"—";"50033 Нет";"—";"Участвуете в конкурсе";"1639014";"—"
"1544";"1";"—";"—";"50205 Нет";"—";"Участвуете в конкурсе";"1639227";"—"
"1545";"1";"—";"—";"49821 Нет";"—";"Участвуете в конкурсе";"1644003";"—"
"1546";"2";"—";"—";"50545 Нет";"—";"Участвуете в конкурсе";"1646101";"—"
"1547";"1";"—";"—";"49810 Нет";"—";"Участвуете в конкурсе";"1650056";"—"
"1548";"1";"—";"—";"50580 Нет";"—";"Участвуете в конкурсе";"1655167";"—"
"1549";"2";"—";"—";"50524 Нет";"—";"Участвуете в конкурсе";"1660943";"—"
"1550";"1";"—";"—";"35735 Нет";"—";"Участвуете в конкурсе";"1662752";"—"
"1551";"1";"—";"—";"60877 Нет";"—";"Участвуете в конкурсе";"1664543";"—"
"1552";"1";"—";"—";"60879 Нет";"—";"Участвуете в конкурсе";"1665475";"—"
"1553";"4";"—";"—";"51589 Нет";"—";"Участвуете в конкурсе";"1675886";"—"
"1554";"1";"—";"—";"52402 Нет";"—";"Участвуете в конкурсе";"1682326";"—"
"1555";"3";"—";"—";"60725 Нет";"—";"Участвуете в конкурсе";"1684254";"—"
"1556";"1";"—";"—";"50310 Нет";"—";"Участвуете в конкурсе";"1684675";"—"
"1557";"3";"—";"—";"50348 Нет";"—";"Участвуете в конкурсе";"1685062";"—"
"1558";"1";"—";"—";"57801 Нет";"—";"Участвуете в конкурсе";"1690291";"—"
"1559";"1";"—";"—";"50597 Нет √";"—";"Участвуете в конкурсе";"1698654";"—"
"1560";"1";"—";"—";"50659 Нет √";"—";"Участвуете в конкурсе";"1700881";"—"
"1561";"1";"—";"—";"55767 Нет";"—";"Участвуете в конкурсе";"1701711";"—"
"1562";"1";"—";"—";"53260 Нет";"—";"Участвуете в конкурсе";"1702167";"—"
"1563";"1";"—";"—";"50725 Нет";"—";"Участвуете в конкурсе";"1712086";"—"
"1564";"1";"—";"—";"55264 Нет";"—";"Участвуете в конкурсе";"1713021";"—"
"1565";"1";"—";"—";"50954 Нет";"—";"Участвуете в конкурсе";"1713903";"—"
"1566";"1";"—";"—";"58951 Нет";"—";"Участвуете в конкурсе";"1716410";"—"
"1567";"1";"—";"—";"50996 Нет";"—";"Участвуете в конкурсе";"1716847";"—"
"1568";"4";"—";"—";"50834 Нет";"—";"Участвуете в конкурсе";"1723939";"—"
"1569";"4";"—";"—";"50809 Нет";"—";"Участвуете в конкурсе";"1725115";"—"
"1570";"1";"—";"—";"50905 Нет";"—";"Участвуете в конкурсе";"1725488";"—"
"1571";"1";"—";"—";"54991 Нет";"—";"Участвуете в конкурсе";"1726622";"—"
"1572";"1";"—";"—";"50998 Нет";"—";"Участвуете в конкурсе";"1726983";"—"
"1573";"1";"—";"—";"50938 Нет";"—";"Участвуете в конкурсе";"1736040";"—"
"1574";"2";"—";"—";"58114 Нет";"—";"Участвуете в конкурсе";"1744064";"—"
"1575";"1";"—";"—";"51162 Нет";"—";"Участвуете в конкурсе";"1746085";"—"
"1576";"2";"—";"—";"51105 Нет";"—";"Участвуете в конкурсе";"1755035";"—"
"1577";"1";"—";"—";"51081 Нет";"—";"Участвуете в конкурсе";"1756205";"—"
"1578";"1";"—";"—";"60622 Нет";"—";"Участвуете в конкурсе";"1761185";"—"
"1579";"2";"—";"—";"51158 Нет";"—";"Участвуете в конкурсе";"1768503";"—"
"1580";"1";"—";"—";"51533 Нет";"—";"Участвуете в конкурсе";"1774276";"—"
"1581";"3";"—";"—";"59778 Нет";"—";"Участвуете в конкурсе";"1780391";"—"
"1582";"1";"—";"—";"32954 Нет";"—";"Участвуете в конкурсе";"1784638";"—"
"1583";"3";"—";"—";"51341 Нет";"—";"Участвуете в конкурсе";"1785426";"—"
"1584";"1";"—";"—";"51399 Нет";"—";"Участвуете в конкурсе";"1794505";"—"
"1585";"2";"—";"—";"51559 Нет";"—";"Участвуете в конкурсе";"1798558";"—"
"1586";"2";"—";"—";"51539 Нет";"—";"Участвуете в конкурсе";"1798626";"—"
"1587";"4";"—";"—";"55420 0 Нет";"—";"Участвуете в конкурсе";"1805091";"—"
"1588";"1";"—";"—";"55266 Нет";"—";"Участвуете в конкурсе";"1808669";"—"
"1589";"2";"—";"—";"51645 Нет";"—";"Участвуете в конкурсе";"1810914";"—"
"1590";"1";"—";"—";"53847 Нет";"—";"Участвуете в конкурсе";"1818789";"—"
"1591";"1";"—";"—";"51872 Нет";"—";"Участвуете в конкурсе";"1822938";"—"
"1592";"2";"—";"—";"51729 Нет";"—";"Участвуете в конкурсе";"1828070";"—"
"1593";"1";"—";"—";"59497 Нет";"—";"Участвуете в конкурсе";"1833869";"—"
"1594";"1";"—";"—";"52109 Нет";"—";"Участвуете в конкурсе";"1836429";"—"
"1595";"1";"—";"—";"60106 Нет";"—";"Участвуете в конкурсе";"1838650";"—"
"1596";"1";"—";"—";"51835 Нет";"—";"Участвуете в конкурсе";"1840928";"—"
"1597";"1";"—";"—";"51842 Нет";"—";"Участвуете в конкурсе";"1842663";"—"
"1598";"1";"—";"—";"51854 Нет";"—";"Участвуете в конкурсе";"1842719";"—"
"1599";"1";"—";"—";"51909 Нет";"—";"Участвуете в конкурсе";"1844966";"—"
"1600";"1";"—";"—";"51899 Нет";"—";"Участвуете в конкурсе";"1845207";"—"
"1601";"1";"—";"—";"58875 Нет";"—";"Участвуете в конкурсе";"1846171";"—"
"1602";"6";"—";"—";"51956 Нет";"—";"Участвуете в конкурсе";"1848106";"—"
"1603";"1";"—";"—";"51976 Нет";"—";"Участвуете в конкурсе";"1848724";"—"
"1604";"1";"—";"—";"51886 Нет √";"—";"Участвуете в конкурсе";"1849480";"—"
"1605";"1";"—";"—";"52090 Нет";"—";"Участвуете в конкурсе";"1851007";"—"
"1606";"1";"—";"—";"52071 Нет";"—";"Участвуете в конкурсе";"1853793";"—"
"1607";"5";"—";"—";"52051 Нет √";"—";"Участвуете в конкурсе";"1855263";"—"
"1608";"2";"—";"—";"52036 Нет";"—";"Участвуете в конкурсе";"1856429";"—"
"1609";"1";"—";"—";"52030 Нет";"—";"Участвуете в конкурсе";"1857455";"—"
"1610";"1";"—";"—";"52089 Нет √";"—";"Участвуете в конкурсе";"1871153";"—"
"1611";"1";"—";"—";"59792 Нет";"—";"Участвуете в конкурсе";"1875693";"—"
"1612";"1";"—";"—";"60667 Нет";"—";"Участвуете в конкурсе";"1887544";"—"
"1613";"1";"—";"—";"60928 Нет";"—";"Участвуете в конкурсе";"1899735";"—"
"1614";"2";"—";"—";"52258 Нет";"—";"Участвуете в конкурсе";"1901823";"—"
"1615";"3";"—";"—";"53860 Нет";"—";"Участвуете в конкурсе";"1902729";"—"
"1616";"1";"—";"—";"52743 Нет";"—";"Участвуете в конкурсе";"1902960";"—"
"1617";"2";"—";"—";"52506 Нет";"—";"Участвуете в конкурсе";"1904096";"—"
"1618";"1";"—";"—";"52545 Нет";"—";"Участвуете в конкурсе";"1915211";"—"
"1619";"1";"—";"—";"52637 Нет";"—";"Участвуете в конкурсе";"1915703";"—"
"1620";"1";"—";"—";"52672 Нет";"—";"Участвуете в конкурсе";"1916972";"—"
"1621";"1";"—";"—";"54544 Нет";"—";"Участвуете в конкурсе";"1921455";"—"
"1622";"2";"—";"—";"57353 Нет";"—";"Участвуете в конкурсе";"1923240";"—"
"1623";"1";"—";"—";"57090 Нет";"—";"Участвуете в конкурсе";"1924850";"—"
"1624";"1";"—";"—";"52833 Нет";"—";"Участвуете в конкурсе";"1948699";"—"
"1625";"1";"—";"—";"52987 Нет";"—";"Участвуете в конкурсе";"1952972";"—"
"1626";"1";"—";"—";"54588 0 0 Нет";"—";"Участвуете в конкурсе";"1953828";"—"
"1627";"2";"—";"—";"53064 Нет";"—";"Участвуете в конкурсе";"1961439";"—"
"1628";"1";"—";"—";"60512 Нет";"—";"Участвуете в конкурсе";"1963073";"—"
"1629";"1";"—";"—";"53007 Нет";"—";"Участвуете в конкурсе";"1963078";"—"
"1630";"1";"—";"—";"53111 Нет";"—";"Участвуете в конкурсе";"1965327";"—"
"1631";"1";"—";"—";"56111 Нет";"—";"Участвуете в конкурсе";"1966549";"—"
"1632";"1";"—";"—";"53109 Нет";"—";"Участвуете в конкурсе";"1968130";"—"
"1633";"1";"—";"—";"53349 Нет";"—";"Участвуете в конкурсе";"1974549";"—"
"1634";"1";"—";"—";"52851 Нет";"—";"Участвуете в конкурсе";"1978152";"—"
"1635";"1";"—";"—";"54997 Нет";"—";"Участвуете в конкурсе";"1981694";"—"
"1636";"1";"—";"—";"53298 Нет";"—";"Участвуете в конкурсе";"1984368";"—"
"1637";"1";"—";"—";"55696 Нет";"—";"Участвуете в конкурсе";"1988699";"—"
"1638";"1";"—";"—";"53757 Нет";"—";"Участвуете в конкурсе";"1997504";"—"
"1639";"1";"—";"—";"60620 Нет";"—";"Участвуете в конкурсе";"1999232";"—"
"1640";"1";"—";"—";"55216 Нет";"—";"Участвуете в конкурсе";"2000671";"—"
"1641";"1";"—";"—";"55204 Нет";"—";"Участвуете в конкурсе";"2003940";"—"
"1642";"3";"—";"—";"53593 Нет";"—";"Участвуете в конкурсе";"2004219";"—"
"1643";"1";"—";"—";"53354 Нет √";"—";"Участвуете в конкурсе";"2007381";"—"
"1644";"3";"—";"—";"55902 Нет";"—";"Участвуете в конкурсе";"2017079";"—"
"1645";"2";"—";"—";"53823 Нет";"—";"Участвуете в конкурсе";"2020242";"—"
"1646";"1";"—";"—";"53828 Нет";"—";"Участвуете в конкурсе";"2021737";"—"
"1647";"1";"—";"—";"53808 Нет";"—";"Участвуете в конкурсе";"2024920";"—"
"1648";"1";"—";"—";"53737 Нет";"—";"Участвуете в конкурсе";"2034758";"—"
"1649";"1";"—";"—";"59228 Нет";"—";"Участвуете в конкурсе";"2043570";"—"
"1650";"1";"—";"—";"58963 Нет";"—";"Участвуете в конкурсе";"2044418";"—"
"1651";"1";"—";"—";"54050 Нет";"—";"Участвуете в конкурсе";"2044926";"—"
"1652";"1";"—";"—";"54062 Нет";"—";"Участвуете в конкурсе";"2046587";"—"
"1653";"1";"—";"—";"54146 Нет";"—";"Участвуете в конкурсе";"2047675";"—"
"1654";"1";"—";"—";"54135 Нет";"—";"Участвуете в конкурсе";"2051358";"—"
"1655";"1";"—";"—";"54124 Нет";"—";"Участвуете в конкурсе";"2052305";"—"
"1656";"1";"—";"—";"60464 Нет";"—";"Участвуете в конкурсе";"2052550";"—"
"1657";"1";"—";"—";"54675 Нет";"—";"Участвуете в конкурсе";"2053878";"—"
"1658";"1";"—";"—";"54142 Нет";"—";"Участвуете в конкурсе";"2054184";"—"
"1659";"1";"—";"—";"54150 Нет";"—";"Участвуете в конкурсе";"2055144";"—"
"1660";"1";"—";"—";"54057 Нет";"—";"Участвуете в конкурсе";"2059513";"—"
"1661";"1";"—";"—";"54230 Нет";"—";"Участвуете в конкурсе";"2059922";"—"
"1662";"1";"—";"—";"54285 Нет";"—";"Участвуете в конкурсе";"2069369";"—"
"1663";"2";"—";"—";"60686 Нет";"—";"Участвуете в конкурсе";"2070286";"—"
"1664";"1";"—";"—";"54323 Нет";"—";"Участвуете в конкурсе";"2074807";"—"
"1665";"2";"—";"—";"54346 Нет";"—";"Участвуете в конкурсе";"2078546";"—"
"1666";"1";"—";"—";"54375 Нет";"—";"Участвуете в конкурсе";"2080386";"—"
"1667";"3";"—";"—";"54728 Нет";"—";"Участвуете в конкурсе";"2081060";"—"
"1668";"1";"—";"—";"54531 Нет";"—";"Участвуете в конкурсе";"2084407";"—"
"1669";"1";"—";"—";"60619 Нет";"—";"Участвуете в конкурсе";"2084740";"—"
"1670";"1";"—";"—";"54536 Нет";"—";"Участвуете в конкурсе";"2084858";"—"
"1671";"1";"—";"—";"54586 Нет";"—";"Участвуете в конкурсе";"2089728";"—"
"1672";"1";"—";"—";"60958 Нет";"—";"Участвуете в конкурсе";"2090575";"—"
"1673";"3";"—";"—";"55540 Нет √";"—";"Участвуете в конкурсе";"2090706";"—"
"1674";"2";"—";"—";"54503 Нет √";"—";"Участвуете в конкурсе";"2091371";"—"
"1675";"1";"—";"—";"54458 Нет";"—";"Участвуете в конкурсе";"2092741";"—"
"1676";"1";"—";"—";"54565 Нет";"—";"Участвуете в конкурсе";"2094852";"—"
"1677";"1";"—";"—";"55660 Нет √ √";"—";"Участвуете в конкурсе";"2095267";"—"
"1678";"1";"—";"—";"54493 Нет";"—";"Участвуете в конкурсе";"2098209";"—"
"1679";"2";"—";"—";"26360 Нет";"—";"Участвуете в конкурсе";"2099086";"—"
"1680";"1";"—";"—";"54633 Нет";"—";"Участвуете в конкурсе";"2100336";"—"
"1681";"2";"—";"—";"54659 Нет";"—";"Участвуете в конкурсе";"2100727";"—"
"1682";"1";"—";"—";"54662 Нет";"—";"Участвуете в конкурсе";"2114014";"—"
"1683";"1";"—";"—";"55002 Нет";"—";"Участвуете в конкурсе";"2135691";"—"
"1684";"1";"—";"—";"55057 Нет";"—";"Участвуете в конкурсе";"2137480";"—"
"1685";"1";"—";"—";"55027 Нет";"—";"Участвуете в конкурсе";"2143231";"—"
"1686";"1";"—";"—";"55030 Нет";"—";"Участвуете в конкурсе";"2143238";"—"
"1687";"1";"—";"—";"55090 Нет";"—";"Участвуете в конкурсе";"2151329";"—"
"1688";"1";"—";"—";"55244 Нет";"—";"Участвуете в конкурсе";"2165069";"—"
"1689";"1";"—";"—";"58885 Нет";"—";"Участвуете в конкурсе";"2168739";"—"
"1690";"1";"—";"—";"61199 Нет";"—";"Участвуете в конкурсе";"2171690";"—"
"1691";"1";"—";"—";"55583 Нет";"—";"Участвуете в конкурсе";"2172202";"—"
"1692";"1";"—";"—";"55379 Нет";"—";"Участвуете в конкурсе";"2175747";"—"
"1693";"1";"—";"—";"55384 Нет";"—";"Участвуете в конкурсе";"2175751";"—"
"1694";"2";"—";"—";"56832 Нет";"—";"Участвуете в конкурсе";"2177508";"—"
"1695";"2";"—";"—";"55459 Нет";"—";"Участвуете в конкурсе";"2179104";"—"
"1696";"1";"—";"—";"55597 Нет";"—";"Участвуете в конкурсе";"2182002";"—"
"1697";"1";"—";"—";"33436 Нет";"—";"Участвуете в конкурсе";"2182500";"—"
"1698";"1";"—";"—";"55714 Нет";"—";"Участвуете в конкурсе";"2187720";"—"
"1699";"1";"—";"—";"55724 Нет";"—";"Участвуете в конкурсе";"2194310";"—"
"1700";"2";"—";"—";"55763 Нет";"—";"Участвуете в конкурсе";"2197480";"—"
"1701";"1";"—";"—";"59226 Нет";"—";"Участвуете в конкурсе";"2215744";"—"
"1702";"1";"—";"—";"59239 Нет";"—";"Участвуете в конкурсе";"2215872";"—"
"1703";"2";"—";"—";"61146 Нет";"—";"Участвуете в конкурсе";"2216751";"—"
"1704";"1";"—";"—";"56159 Нет";"—";"Участвуете в конкурсе";"2230808";"—"
"1705";"1";"—";"—";"56681 Нет";"—";"Участвуете в конкурсе";"2243456";"—"
"1706";"1";"—";"—";"56665 Нет";"—";"Участвуете в конкурсе";"2253671";"—"
"1707";"1";"—";"—";"56768 Нет";"—";"Участвуете в конкурсе";"2255616";"—"
"1708";"1";"—";"—";"57808 Нет";"—";"Участвуете в конкурсе";"2257941";"—"
"1709";"1";"—";"—";"57015 Нет";"—";"Участвуете в конкурсе";"2262092";"—"
"1710";"1";"—";"—";"57183 Нет";"—";"Участвуете в конкурсе";"2264676";"—"
"1711";"1";"—";"—";"61258 Нет";"—";"Участвуете в конкурсе";"2264930";"—"
"1712";"1";"—";"—";"57487 Нет";"—";"Участвуете в конкурсе";"2269186";"—"
"1713";"3";"—";"—";"57066 Нет";"—";"Участвуете в конкурсе";"2271660";"—"
"1714";"1";"—";"—";"57275 Нет";"—";"Участвуете в конкурсе";"2272117";"—"
"1715";"1";"—";"—";"57049 Нет";"—";"Участвуете в конкурсе";"2273294";"—"
"1716";"1";"—";"—";"60505 Нет";"—";"Участвуете в конкурсе";"2275927";"—"
"1717";"1";"—";"—";"57350 Нет";"—";"Участвуете в конкурсе";"2276922";"—"
"1718";"1";"—";"—";"57312 Нет";"—";"Участвуете в конкурсе";"2280260";"—"
"1719";"1";"—";"—";"44620 Нет";"—";"Участвуете в конкурсе";"2286751";"—"
"1720";"5";"—";"—";"58004 Нет";"—";"Участвуете в конкурсе";"2297060";"—"
"1721";"2";"—";"—";"61216 Нет";"—";"Участвуете в конкурсе";"2301874";"—"
"1722";"1";"—";"—";"58015 Нет";"—";"Участвуете в конкурсе";"2303244";"—"
"1723";"1";"—";"—";"58411 Нет";"—";"Участвуете в конкурсе";"2307408";"—"
"1724";"1";"—";"—";"40623 Нет";"—";"Участвуете в конкурсе";"2314985";"—"
"1725";"1";"—";"—";"57522 Нет";"—";"Участвуете в конкурсе";"2316814";"—"
"1726";"1";"—";"—";"57443 Нет";"—";"Участвуете в конкурсе";"2317638";"—"
"1727";"1";"—";"—";"57416 Нет";"—";"Участвуете в конкурсе";"2318763";"—"
"1728";"1";"—";"—";"57469 Нет";"—";"Участвуете в конкурсе";"2321588";"—"
"1729";"4";"—";"—";"57632 Нет";"—";"Участвуете в конкурсе";"2327486";"—"
"1730";"1";"—";"—";"57615 Нет";"—";"Участвуете в конкурсе";"2331479";"—"
"1731";"1";"—";"—";"57797 Нет";"—";"Участвуете в конкурсе";"2336707";"—"
"1732";"4";"—";"—";"58250 Нет";"—";"Участвуете в конкурсе";"2341972";"—"
"1733";"1";"—";"—";"58252 Нет";"—";"Участвуете в конкурсе";"2342051";"—"
"1734";"2";"—";"—";"59641 Нет";"—";"Участвуете в конкурсе";"2357868";"—"
"1735";"1";"—";"—";"58750 Нет";"—";"Участвуете в конкурсе";"2364639";"—"
"1736";"1";"—";"—";"58756 Нет";"—";"Участвуете в конкурсе";"2365655";"—"
"1737";"1";"—";"—";"58703 Нет";"—";"Участвуете в конкурсе";"2368122";"—"
"1738";"1";"—";"—";"58884 Нет";"—";"Участвуете в конкурсе";"2375370";"—"
"1739";"1";"—";"—";"60753 Нет";"—";"Участвуете в конкурсе";"2380311";"—"
"1740";"1";"—";"—";"59614 Нет";"—";"Участвуете в конкурсе";"2382812";"—"
"1741";"2";"—";"—";"59622 Нет";"—";"Участвуете в конкурсе";"2384596";"—"
"1742";"1";"—";"—";"59629 Нет";"—";"Участвуете в конкурсе";"2386768";"—"
"1743";"1";"—";"—";"59402 Нет";"—";"Участвуете в конкурсе";"2390406";"—"
"1744";"1";"—";"—";"59181 Нет √";"—";"Участвуете в конкурсе";"2392021";"—"
"1745";"1";"—";"—";"59279 Нет";"—";"Участвуете в конкурсе";"2392040";"—"
"1746";"1";"—";"—";"59213 Нет";"—";"Участвуете в конкурсе";"2397361";"—"
"1747";"1";"—";"—";"10019 0 Нет";"—";"Участвуете в конкурсе";"2398969";"—"
"1748";"1";"—";"—";"59156 Нет";"—";"Участвуете в конкурсе";"2403313";"—"
"1749";"3";"—";"—";"59801 Нет";"—";"Участвуете в конкурсе";"2407317";"—"
"1750";"1";"—";"—";"30883 Нет";"—";"Участвуете в конкурсе";"2411760";"—"
"1751";"1";"—";"—";"60531 Нет";"—";"Участвуете в конкурсе";"2414413";"—"
"1752";"1";"—";"—";"60463 Нет";"—";"Участвуете в конкурсе";"2415212";"—"
"1753";"1";"—";"—";"60663 Нет";"—";"Участвуете в конкурсе";"2421248";"—"
"1754";"1";"—";"—";"60506 Нет";"—";"Участвуете в конкурсе";"2422689";"—"
"1755";"3";"—";"—";"60519 Нет";"—";"Участвуете в конкурсе";"2423728";"—"
"1756";"1";"—";"—";"60499 Нет";"—";"Участвуете в конкурсе";"2424823";"—"
"1757";"1";"—";"—";"60605 Нет";"—";"Участвуете в конкурсе";"2427114";"—"
"1758";"2";"—";"—";"60652 Нет";"—";"Участвуете в конкурсе";"2431405";"—"
"1759";"1";"—";"—";"60614 Нет";"—";"Участвуете в конкурсе";"2432836";"—"
"1760";"5";"—";"—";"60642 Нет";"—";"Участвуете в конкурсе";"2434420";"—"
"1761";"1";"—";"—";"60618 Нет";"—";"Участвуете в конкурсе";"2437262";"—"
"1762";"1";"—";"—";"60695 Нет";"—";"Участвуете в конкурсе";"2445849";"—"
"1763";"1";"—";"—";"60745 Нет";"—";"Участвуете в конкурсе";"2446350";"—"
"1764";"4";"—";"—";"60957 Нет";"—";"Участвуете в конкурсе";"2450674";"—"
"1765";"1";"—";"—";"60815 Нет";"—";"Участвуете в конкурсе";"2457913";"—"
"1766";"1";"—";"—";"60890 Нет";"—";"Участвуете в конкурсе";"2459490";"—"
"1767";"1";"—";"—";"6538 Нет";"—";"Участвуете в конкурсе";"2460287";"—"
"1768";"1";"—";"—";"60900 Нет";"—";"Участвуете в конкурсе";"2460862";"—"
"1769";"1";"—";"—";"61163 Нет √";"—";"Участвуете в конкурсе";"2464647";"—"
"1770";"1";"—";"—";"60964 Нет";"—";"Участвуете в конкурсе";"2465269";"—"
"1771";"1";"—";"—";"60935 Нет";"—";"Участвуете в конкурсе";"2466214";"—"
"1772";"1";"—";"—";"60923 Нет";"—";"Участвуете в конкурсе";"2469372";"—"
"1773";"1";"—";"—";"61115 Нет";"—";"Участвуете в конкурсе";"2481586";"—"
"1774";"3";"—";"—";"61126 Нет";"—";"Участвуете в конкурсе";"2483168";"—"
"1775";"1";"—";"—";"61119 Нет";"—";"Участвуете в конкурсе";"2483850";"—"
"1776";"1";"—";"—";"61096 Нет";"—";"Участвуете в конкурсе";"2484646";"—"
"1777";"2";"—";"—";"45330 Нет";"—";"Участвуете в конкурсе";"831082";"—"
"1778";"1";"—";"—";"31164 Нет";"—";"Участвуете в конкурсе";"848421";"—"
"1779";"1";"—";"—";"40532 Нет";"—";"Участвуете в конкурсе";"949791";"—"
"1780";"1";"—";"—";"58369 Нет";"—";"Участвуете в конкурсе";"954437";"—"
"1781";"1";"—";"—";"45242 Нет";"—";"Участвуете в конкурсе";"955918";"—"
"1782";"1";"—";"—";"45260 0 Нет";"—";"Участвуете в конкурсе";"956131";"—"
"1783";"1";"—";"—";"48896 Нет";"—";"Участвуете в конкурсе";"962093";"—"
"1784";"2";"—";"—";"45229 Нет";"—";"Участвуете в конкурсе";"962386";"—"
"1785";"3";"—";"—";"34418 Нет";"—";"Участвуете в конкурсе";"962742";"—"
"1786";"1";"—";"—";"52424 Нет";"—";"Участвуете в конкурсе";"967819";"—"
"1787";"1";"—";"—";"45391 Нет";"—";"Участвуете в конкурсе";"969819";"—"
"1788";"4";"—";"—";"45334 Нет";"—";"Участвуете в конкурсе";"974334";"—"
"1789";"2";"—";"—";"32113 Нет";"—";"Участвуете в конкурсе";"974780";"—"
"1790";"1";"—";"—";"45526 Нет";"—";"Участвуете в конкурсе";"975687";"—"
"1791";"1";"—";"—";"45538 Нет";"—";"Участвуете в конкурсе";"977852";"—"
"1792";"1";"—";"—";"45543 Нет";"—";"Участвуете в конкурсе";"977901";"—"
"1793";"1";"—";"—";"45335 Нет";"—";"Участвуете в конкурсе";"978674";"—"
"1794";"1";"—";"—";"45508 Нет";"—";"Участвуете в конкурсе";"979201";"—"
"1795";"1";"—";"—";"45779 Нет";"—";"Участвуете в конкурсе";"979565";"—"
"1796";"2";"—";"—";"45355 Нет";"—";"Участвуете в конкурсе";"981439";"—"
"1797";"1";"—";"—";"45411 Нет √";"—";"Участвуете в конкурсе";"984154";"—"
"1798";"1";"—";"—";"6628 Нет";"—";"Участвуете в конкурсе";"987100";"—"
"1799";"1";"—";"—";"45620 Нет";"—";"Участвуете в конкурсе";"992408";"—"
"1800";"4";"—";"—";"60884 Нет √";"—";"Участвуете в конкурсе";"994142";"—"
"1801";"1";"—";"—";"33502 Нет";"—";"Участвуете в конкурсе";"994614";"—"
"1802";"1";"—";"—";"45990 Нет √";"—";"Участвуете в конкурсе";"995176";"—"
"1803";"1";"—";"—";"45497 Нет √";"—";"Участвуете в конкурсе";"996863";"—"
"1804";"1";"—";"—";"9603 Нет";"—";"Участвуете в конкурсе";"996972";"—"
"1805";"1";"—";"—";"45484 Нет";"—";"Участвуете в конкурсе";"997872";"—"
"1806";"1";"—";"—";"45396 Нет";"—";"Участвуете в конкурсе";"998069";"—"
"1807";"1";"—";"—";"45435 Нет";"—";"Участвуете в конкурсе";"998108";"—"
