"Порядковый номер";"Приоритет конкурса";"Подано согласие";"Сумма баллов";"Баллы за ВИ";"Баллы за ИД";"Статус";"Код поступающего";"Дата выбора конкурсной группы по Москве"
"1";"1";"—";"10";"59651 Без вступительных испытаний 10 Да Победитель всероссийской олимпиады";"1";"Участвуете в конкурсе";"2053378";"—"
"2";"1";"—";"10";"59212 Без вступительных испытаний 10 Да Призер всероссийской олимпиады";"1";"Участвуете в конкурсе";"2397214";"—"
"3";"1";"—";"10";"59627 Без вступительных испытаний 10 Да Призер всероссийской олимпиады";"1";"Участвуете в конкурсе";"2413433";"—"
"4";"1";"—";"10";"59655 Без вступительных испытаний 10 Да Призер всероссийской олимпиады";"1";"Участвуете в конкурсе";"2416237";"—"
"5";"—";"—";"—";"59712 Без вступительных испытаний Нет √ Призер всероссийской олимпиады";"1";"Участвуете в конкурсе";"2425608";"—"
"6";"1";"—";"10";"59119 Без вступительных испытаний 10 Да Победитель олимпиады школьников";"1";"Участвуете в конкурсе";"1001866";"—"
"7";"1";"—";"10";"57354 Без вступительных испытаний 10 Да Победитель олимпиады школьников";"1";"Участвуете в конкурсе";"1761482";"—"
"8";"1";"—";"10";"28253 Без вступительных испытаний 10 Да Победитель олимпиады школьников";"1";"Участвуете в конкурсе";"1916549";"—"
"9";"1";"—";"10";"59719 Без вступительных испытаний 10 Да Победитель олимпиады школьников";"1";"Участвуете в конкурсе";"2369238";"—"
"10";"1";"—";"—";"57866 Без вступительных испытаний Да Победитель олимпиады школьников";"1";"Участвуете в конкурсе";"1727398";"—"
"11";"1";"—";"10";"56307 Без вступительных испытаний 10 Да √";"1";"Участвуете в конкурсе";"1181134";"—"
"12";"1";"—";"10";"58826 Без вступительных испытаний 10 Да Призер олимпиады школьников";"1";"Участвуете в конкурсе";"1962024";"—"
"13";"1";"—";"10";"58880 Без вступительных испытаний 10 Да √";"1";"Участвуете в конкурсе";"1989226";"—"
"14";"1";"—";"10";"56450 Без вступительных испытаний 10 Да Призер олимпиады школьников";"1";"Участвуете в конкурсе";"2095790";"—"
"15";"1";"—";"10";"58396 Без вступительных испытаний 10 Да Призер олимпиады школьников";"1";"Участвуете в конкурсе";"2121218";"—"
"16";"—";"—";"10";"58824 Без вступительных испытаний 10 Нет Призер олимпиады школьников";"1";"Участвуете в конкурсе";"2381980";"—"
"17";"1";"—";"10";"59205 Без вступительных испытаний 10 Да Призер олимпиады школьников";"1";"Участвуете в конкурсе";"2400421";"—"
"18";"1";"—";"10";"43072 Без вступительных испытаний 10 Да Призер олимпиады школьников";"1";"Участвуете в конкурсе";"2422576";"—"
"19";"1";"—";"—";"50487 Без вступительных испытаний Да Призер олимпиады школьников";"1";"Участвуете в конкурсе";"1424455";"—"
"20";"1";"—";"—";"41957 Без вступительных испытаний Да Призер олимпиады школьников";"1";"Участвуете в конкурсе";"2102721";"—"
"21";"1";"—";"—";"56290 Без вступительных испытаний Да √ Призер олимпиады школьников";"1";"Участвуете в конкурсе";"2167851";"—"
"22";"1";"—";"10";"54855 Без вступительных испытаний 10 Да Призер олимпиады школьников";"1";"Участвуете в конкурсе";"1900845";"—"
"23";"1";"—";"10";"58823 Без вступительных испытаний 10 Да √";"1";"Участвуете в конкурсе";"2389111";"—"
"24";"1";"—";"—";"55918 Без вступительных испытаний Да Призер олимпиады школьников";"1";"Участвуете в конкурсе";"2222940";"—"
"25";"1";"—";"—";"59666 Без вступительных испытаний Да Призер олимпиады школьников";"1";"Участвуете в конкурсе";"2416982";"—"
"26";"1";"—";"10";"50334 Без вступительных испытаний 10 Да Призер олимпиады школьников";"1";"Участвуете в конкурсе";"1582212";"—"
"27";"1";"—";"10";"59612 Без вступительных испытаний 10 Да Призер олимпиады школьников";"1";"Участвуете в конкурсе";"1925171";"—"
"28";"1";"—";"—";"58552 Без вступительных испытаний Да Призер олимпиады школьников";"1";"Участвуете в конкурсе";"2364512";"—"
"29";"3";"—";"307";"53595 100 100 97 1";"10";"Участвуете в конкурсе";"1949578";"—"
"30";"6";"Электронное";"307";"59293 100 100 97 1";"10";"Участвуете в конкурсе";"2216823";"—"
"31";"4";"Электронное";"305";"46382 100 100 98 1";"7";"Участвуете в конкурсе";"1129565";"—"
"32";"3";"Электронное";"305";"54498 100 95 100 2";"10";"Участвуете в конкурсе";"1268572";"—"
"33";"3";"Электронное";"305";"48660 98 100 97 1";"10";"Участвуете в конкурсе";"1498663";"—"
"34";"4";"—";"303";"52691 100 99 94 3";"10";"Участвуете в конкурсе";"1353341";"—"
"35";"4";"—";"302";"60309 100 95 97 2";"10";"Участвуете в конкурсе";"2209634";"—"
"36";"1";"—";"302";"49646 98 100 94 1";"10";"Участвуете в конкурсе";"1205102";"—"
"37";"6";"—";"300";"49760 100 100 100 1";"—";"Участвуете в конкурсе";"1569590";"—"
"38";"2";"Электронное";"300";"52871 90 100 100 1";"10";"Участвуете в конкурсе";"1712794";"—"
"39";"1";"Электронное";"299";"59146 97 92 100 1";"10";"Участвуете в конкурсе";"2392515";"—"
"40";"6";"Электронное";"297";"48105 98 92 97 4";"10";"Участвуете в конкурсе";"1418549";"—"
"41";"2";"Электронное";"296";"52804 96 100 100 11";"—";"Участвуете в конкурсе";"1739395";"—"
"42";"7";"Электронное";"296";"55432 100 92 94 1";"10";"Участвуете в конкурсе";"1185233";"—"
"43";"3";"Электронное";"296";"57827 98 94 94 1";"10";"Участвуете в конкурсе";"2245428";"—"
"44";"9";"Электронное";"296";"52255 88 100 98 3";"10";"Участвуете в конкурсе";"1860959";"—"
"45";"5";"—";"295";"47272 100 100 95 7";"—";"Участвуете в конкурсе";"1256711";"—"
"46";"8";"Электронное";"294";"49544 96 100 98 1";"—";"Участвуете в конкурсе";"1587217";"—"
"47";"6";"Электронное";"294";"55425 96 100 94 1";"4";"Участвуете в конкурсе";"1915669";"—"
"48";"5";"Электронное";"294";"59453 93 100 91 1";"10";"Участвуете в конкурсе";"2259536";"—"
"49";"3";"—";"293";"58924 100 97 86 3";"10";"Участвуете в конкурсе";"1456409";"—"
"50";"2";"—";"293";"60096 97 86 100 1";"10";"Участвуете в конкурсе";"2425911";"—"
"51";"3";"Электронное";"293";"46463 94 100 89 3";"10";"Участвуете в конкурсе";"1123141";"—"
"52";"3";"—";"292";"52568 96 100 96 3";"—";"Участвуете в конкурсе";"1883301";"—"
"53";"9";"—";"292";"52501 98 100 84 8";"10";"Участвуете в конкурсе";"1743218";"—"
"54";"2";"Электронное";"292";"52423 93 95 94 1";"10";"Участвуете в конкурсе";"1905508";"—"
"55";"11";"Электронное";"291";"50314 92 100 99 2";"—";"Участвуете в конкурсе";"1687538";"—"
"56";"1";"Электронное";"291";"59683 100 86 100 1";"5";"Участвуете в конкурсе";"1384739";"—"
"57";"2";"Электронное";"291";"41555 100 100 81 1";"10";"Участвуете в конкурсе";"2088718";"—"
"58";"3";"—";"291";"52396 98 92 91 1";"10";"Участвуете в конкурсе";"1552992";"—"
"59";"11";"—";"291";"51122 88 100 93 2";"10";"Участвуете в конкурсе";"1619911";"—"
"60";"1";"Электронное";"290";"45348 100 90 100 1";"—";"Участвуете в конкурсе";"980585";"—"
"61";"6";"Электронное";"290";"51252 98 100 92 6";"—";"Участвуете в конкурсе";"1495657";"—"
"62";"4";"Электронное";"290";"45540 98 100 92 4";"—";"Участвуете в конкурсе";"975836";"—"
"63";"4";"Электронное";"290";"48915 92 100 98 4";"—";"Участвуете в конкурсе";"1517252";"—"
"64";"1";"Электронное";"290";"47229 92 100 88 1";"10";"Участвуете в конкурсе";"1340624";"—"
"65";"4";"Электронное";"290";"54556 88 100 92 1";"10";"Участвуете в конкурсе";"2083640";"—"
"66";"5";"Электронное";"289";"52758 100 96 83 5";"10";"Участвуете в конкурсе";"1945610";"—"
"67";"4";"Электронное";"289";"45518 96 100 83 1";"10";"Участвуете в конкурсе";"975065";"—"
"68";"4";"—";"289";"51012 94 100 85 2";"10";"Участвуете в конкурсе";"1338578";"—"
"69";"7";"Электронное";"289";"57370 90 100 89 1";"10";"Участвуете в конкурсе";"2285905";"—"
"70";"4";"—";"289";"50615 90 95 94 3";"10";"Участвуете в конкурсе";"1647747";"—"
"71";"1";"Электронное";"289";"46324 88 100 91 1";"10";"Участвуете в конкурсе";"1152415";"—"
"72";"8";"Электронное";"288";"48329 98 100 90 4";"—";"Участвуете в конкурсе";"1442710";"—"
"73";"1";"—";"288";"48424 90 100 98 1";"—";"Участвуете в конкурсе";"1201621";"—"
"74";"4";"Электронное";"288";"51707 95 92 91 4";"10";"Участвуете в конкурсе";"1819579";"—"
"75";"1";"Электронное";"288";"56141 94 100 84 1";"10";"Участвуете в конкурсе";"2224888";"—"
"76";"2";"—";"288";"54746 93 92 93 1";"10";"Участвуете в конкурсе";"1429296";"—"
"77";"4";"—";"287";"55031 100 96 86 1";"5";"Участвуете в конкурсе";"1762901";"—"
"78";"4";"—";"287";"52884 100 86 91 3";"10";"Участвуете в конкурсе";"1202892";"—"
"79";"6";"—";"287";"56297 98 90 89 4";"10";"Участвуете в конкурсе";"1955616";"—"
"80";"5";"—";"287";"48186 98 88 91 5";"10";"Участвуете в конкурсе";"1436173";"—"
"81";"5";"—";"287";"49986 93 90 94 5";"10";"Участвуете в конкурсе";"1645061";"—"
"82";"3";"Электронное";"287";"47627 90 100 87 3";"10";"Участвуете в конкурсе";"1207714";"—"
"83";"5";"—";"287";"58301 90 96 91 4";"10";"Участвуете в конкурсе";"1955155";"—"
"84";"7";"—";"287";"53020 83 100 94 2";"10";"Участвуете в конкурсе";"1307030";"—"
"85";"4";"Электронное";"286";"48769 96 100 90 4";"—";"Участвуете в конкурсе";"1517539";"—"
"86";"5";"Электронное";"286";"50507 96 100 90 4";"—";"Участвуете в конкурсе";"1712181";"—"
"87";"5";"—";"286";"56503 98 92 86 2";"10";"Участвуете в конкурсе";"1785091";"—"
"88";"1";"Электронное";"286";"52816 96 100 80 1";"10";"Участвуете в конкурсе";"1945271";"—"
"89";"1";"Электронное";"286";"53173 96 100 80 1";"10";"Участвуете в конкурсе";"1978731";"—"
"90";"6";"—";"286";"49987 96 97 83 5";"10";"Участвуете в конкурсе";"1181839";"—"
"91";"9";"—";"286";"49445 90 95 91 2";"10";"Участвуете в конкурсе";"1580934";"—"
"92";"2";"—";"286";"54008 90 92 94 1";"10";"Участвуете в конкурсе";"2047967";"—"
"93";"3";"Электронное";"285";"48868 98 88 89 2";"10";"Участвуете в конкурсе";"1513249";"—"
"94";"5";"—";"285";"52676 93 88 94 5";"10";"Участвуете в конкурсе";"1901621";"—"
"95";"3";"Электронное";"284";"48766 94 90 100 3";"—";"Участвуете в конкурсе";"994793";"—"
"96";"6";"—";"284";"59211 95 92 94 5";"3";"Участвуете в конкурсе";"1838380";"—"
"97";"2";"—";"284";"55637 93 98 83 1";"10";"Участвуете в конкурсе";"2185570";"—"
"98";"1";"—";"284";"49912 90 95 89 1";"10";"Участвуете в конкурсе";"1515128";"—"
"99";"5";"—";"283";"51295 100 84 89 5";"10";"Участвуете в конкурсе";"1785186";"—"
"100";"4";"—";"283";"56776 96 94 83 2";"10";"Участвуете в конкурсе";"2262425";"—"
"101";"2";"—";"283";"50121 94 88 91 2";"10";"Участвуете в конкурсе";"1610191";"—"
"102";"1";"—";"283";"49019 92 100 81 1";"10";"Участвуете в конкурсе";"1266486";"—"
"103";"5";"—";"283";"55634 90 97 86 3";"10";"Участвуете в конкурсе";"1415243";"—"
"104";"5";"Электронное";"283";"50031 90 94 89 5";"10";"Участвуете в конкурсе";"1417121";"—"
"105";"5";"Электронное";"282";"45790 94 100 88 5";"—";"Участвуете в конкурсе";"1028969";"—"
"106";"1";"—";"282";"50744 82 100 100 1";"—";"Участвуете в конкурсе";"1727817";"—"
"107";"7";"Электронное";"282";"50399 96 90 94 6";"2";"Участвуете в конкурсе";"1025664";"—"
"108";"3";"—";"282";"52751 100 100 72 3";"10";"Участвуете в конкурсе";"954862";"—"
"109";"5";"—";"282";"46845 96 90 86 1";"10";"Участвуете в конкурсе";"1204107";"—"
"110";"5";"—";"282";"57879 96 90 86 5";"10";"Участвуете в конкурсе";"2305843";"—"
"111";"5";"—";"282";"50112 94 92 86 5";"10";"Участвуете в конкурсе";"1609989";"—"
"112";"4";"Электронное";"282";"45909 90 100 82 4";"10";"Участвуете в конкурсе";"1066916";"—"
"113";"6";"—";"282";"49139 90 100 82 3";"10";"Участвуете в конкурсе";"1508782";"—"
"114";"6";"—";"282";"49888 85 96 91 5";"10";"Участвуете в конкурсе";"1614863";"—"
"115";"2";"Электронное";"282";"48188 84 100 88 2";"10";"Участвуете в конкурсе";"1437030";"—"
"116";"1";"Электронное";"281";"57588 98 94 89 1";"—";"Участвуете в конкурсе";"2158681";"—"
"117";"5";"—";"281";"58100 98 92 91 5";"—";"Участвуете в конкурсе";"1631389";"—"
"118";"2";"Электронное";"281";"55373 94 100 87 2";"—";"Участвуете в конкурсе";"1036043";"—"
"119";"4";"Электронное";"281";"46497 86 100 95 3";"—";"Участвуете в конкурсе";"1142666";"—"
"120";"5";"—";"281";"50459 100 96 75 4";"10";"Участвуете в конкурсе";"1364581";"—"
"121";"5";"—";"281";"52734 100 90 81 5";"10";"Участвуете в конкурсе";"1561648";"—"
"122";"2";"—";"281";"59094 88 92 91 2";"10";"Участвуете в конкурсе";"972532";"—"
"123";"2";"—";"281";"49828 85 100 86 2";"10";"Участвуете в конкурсе";"1643785";"—"
"124";"3";"Электронное";"280";"42010 85 100 95 1";"—";"Участвуете в конкурсе";"2340871";"—"
"125";"4";"—";"280";"51587 98 94 78 4";"10";"Участвуете в конкурсе";"1802418";"—"
"126";"4";"—";"280";"49156 90 86 94 4";"10";"Участвуете в конкурсе";"1559546";"—"
"127";"5";"—";"279";"51381 98 88 83 4";"10";"Участвуете в конкурсе";"1651287";"—"
"128";"4";"—";"279";"52567 93 82 94 4";"10";"Участвуете в конкурсе";"1694422";"—"
"129";"2";"Электронное";"279";"46967 90 98 81 2";"10";"Участвуете в конкурсе";"1252046";"—"
"130";"2";"—";"279";"60205 85 98 86 1";"10";"Участвуете в конкурсе";"2413416";"—"
"131";"3";"—";"278";"49367 98 100 80 3";"—";"Участвуете в конкурсе";"1574726";"—"
"132";"1";"Электронное";"278";"52797 94 100 84 1";"—";"Участвуете в конкурсе";"1944112";"—"
"133";"7";"Электронное";"278";"45487 94 90 94 7";"—";"Участвуете в конкурсе";"975069";"—"
"134";"2";"—";"278";"47781 80 100 98 2";"—";"Участвуете в конкурсе";"1366771";"—"
"135";"2";"—";"278";"50074 80 100 98 2";"—";"Участвуете в конкурсе";"1646768";"—"
"136";"5";"—";"278";"51907 93 86 97 5";"2";"Участвуете в конкурсе";"1845188";"—"
"137";"2";"—";"278";"56561 96 86 86 1";"10";"Участвуете в конкурсе";"1871047";"—"
"138";"3";"—";"278";"59958 92 95 81 2";"10";"Участвуете в конкурсе";"1977074";"—"
"139";"3";"—";"278";"48135 90 84 94 2";"10";"Участвуете в конкурсе";"1419413";"—"
"140";"4";"—";"278";"53678 88 86 94 4";"10";"Участвуете в конкурсе";"1438724";"—"
"141";"6";"Электронное";"277";"46006 100 90 87 6";"—";"Участвуете в конкурсе";"1090196";"—"
"142";"1";"Электронное";"277";"52083 92 100 85 1";"—";"Участвуете в конкурсе";"1902650";"—"
"143";"2";"Электронное";"277";"48118 92 100 83 1";"2";"Участвуете в конкурсе";"1413677";"—"
"144";"3";"—";"277";"58539 92 100 83 1";"2";"Участвуете в конкурсе";"1865047";"—"
"145";"6";"—";"277";"45612 96 90 81 5";"10";"Участвуете в конкурсе";"978031";"—"
"146";"3";"—";"277";"52494 96 88 83 3";"10";"Участвуете в конкурсе";"1640538";"—"
"147";"1";"Электронное";"277";"47492 95 86 86 1";"10";"Участвуете в конкурсе";"1163182";"—"
"148";"5";"—";"277";"54891 95 86 86 5";"10";"Участвуете в конкурсе";"2130301";"—"
"149";"3";"Электронное";"277";"45360 90 100 77 2";"10";"Участвуете в конкурсе";"979401";"—"
"150";"5";"—";"277";"59818 90 88 89 5";"10";"Участвуете в конкурсе";"1651845";"—"
"151";"5";"—";"277";"55514 88 96 83 5";"10";"Участвуете в конкурсе";"2180524";"—"
"152";"6";"—";"277";"54280 86 90 91 5";"10";"Участвуете в конкурсе";"2069703";"—"
"153";"7";"Электронное";"276";"59172 100 94 72 2";"10";"Участвуете в конкурсе";"2404135";"—"
"154";"3";"—";"276";"60411 90 82 94 2";"10";"Участвуете в конкурсе";"1759045";"—"
"155";"4";"—";"276";"55632 88 95 83 4";"10";"Участвуете в конкурсе";"2181712";"—"
"156";"3";"—";"276";"52983 88 92 86 3";"10";"Участвуете в конкурсе";"1044296";"—"
"157";"3";"Электронное";"276";"56202 88 92 86 2";"10";"Участвуете в конкурсе";"2078354";"—"
"158";"6";"—";"275";"51652 92 90 93 5";"—";"Участвуете в конкурсе";"1784930";"—"
"159";"5";"—";"275";"48615 96 88 83 5";"8";"Участвуете в конкурсе";"1432944";"—"
"160";"6";"—";"275";"48061 98 95 72 4";"10";"Участвуете в конкурсе";"1182967";"—"
"161";"1";"—";"275";"54916 94 88 83 1";"10";"Участвуете в конкурсе";"1611198";"—"
"162";"8";"Электронное";"275";"59935 94 82 89 7";"10";"Участвуете в конкурсе";"1961095";"—"
"163";"3";"—";"275";"56521 92 90 83 2";"10";"Участвуете в конкурсе";"1237256";"—"
"164";"1";"—";"275";"55048 92 90 83 1";"10";"Участвуете в конкурсе";"1650969";"—"
"165";"4";"—";"275";"50643 92 90 83 4";"10";"Участвуете в конкурсе";"1703028";"—"
"166";"5";"—";"275";"53736 90 92 83 5";"10";"Участвуете в конкурсе";"1551875";"—"
"167";"7";"—";"275";"46641 88 86 91 4";"10";"Участвуете в конкурсе";"1175177";"—"
"168";"2";"—";"275";"47254 88 80 97 2";"10";"Участвуете в конкурсе";"1291770";"—"
"169";"5";"—";"275";"58500 86 90 89 4";"10";"Участвуете в конкурсе";"1543702";"—"
"170";"11";"Электронное";"275";"50449 82 100 83 10";"10";"Участвуете в конкурсе";"1685560";"—"
"171";"3";"—";"274";"48680 98 90 86 2";"—";"Участвуете в конкурсе";"1494678";"—"
"172";"2";"Электронное";"274";"49738 96 100 78 1";"—";"Участвуете в конкурсе";"1674336";"—"
"173";"3";"—";"274";"25561 95 94 85 2";"—";"Участвуете в конкурсе";"1985754";"—"
"174";"1";"Электронное";"274";"51810 94 90 90 1";"—";"Участвуете в конкурсе";"1823798";"—"
"175";"5";"—";"274";"56904 88 97 89 5";"—";"Участвуете в конкурсе";"2254599";"—"
"176";"3";"Электронное";"274";"51748 84 90 100 2";"—";"Участвуете в конкурсе";"1485737";"—"
"177";"2";"Электронное";"274";"47180 82 100 92 2";"—";"Участвуете в конкурсе";"1245453";"—"
"178";"5";"Электронное";"274";"46000 86 100 86 5";"2";"Участвуете в конкурсе";"1039830";"—"
"179";"8";"—";"274";"56374 90 88 91 8";"5";"Участвуете в конкурсе";"1640225";"—"
"180";"2";"Электронное";"274";"52151 85 90 89 1";"10";"Участвуете в конкурсе";"1561934";"—"
"181";"3";"Электронное";"274";"50924 84 86 94 1";"10";"Участвуете в конкурсе";"1033743";"—"
"182";"5";"—";"274";"49360 84 80 100 4";"10";"Участвуете в конкурсе";"1575605";"—"
"183";"2";"—";"274";"52835 79 94 91 2";"10";"Участвуете в конкурсе";"1262598";"—"
"184";"2";"Электронное";"273";"50921 96 100 77 1";"—";"Участвуете в конкурсе";"1760248";"—"
"185";"5";"—";"273";"55989 88 96 89 2";"—";"Участвуете в конкурсе";"1339988";"—"
"186";"1";"Электронное";"273";"51782 86 100 87 1";"—";"Участвуете в конкурсе";"1820384";"—"
"187";"3";"—";"273";"48686 94 96 81 2";"2";"Участвуете в конкурсе";"1351892";"—"
"188";"3";"—";"273";"57761 90 84 89 3";"10";"Участвуете в конкурсе";"1343659";"—"
"189";"5";"Электронное";"273";"46743 88 94 81 5";"10";"Участвуете в конкурсе";"1186987";"—"
"190";"3";"Электронное";"273";"54298 88 94 81 1";"10";"Участвуете в конкурсе";"1986791";"—"
"191";"6";"—";"273";"58572 88 92 83 5";"10";"Участвуете в конкурсе";"1279866";"—"
"192";"1";"—";"273";"50616 85 84 94 1";"10";"Участвуете в конкурсе";"1484013";"—"
"193";"2";"—";"272";"49213 84 100 84 1";"4";"Участвуете в конкурсе";"1474379";"—"
"194";"6";"—";"272";"48616 92 98 72 5";"10";"Участвуете в конкурсе";"1043751";"—"
"195";"1";"—";"272";"46474 85 86 91 1";"10";"Участвуете в конкурсе";"1178731";"—"
"196";"6";"—";"272";"48407 83 82 97 5";"10";"Участвуете в конкурсе";"1360566";"—"
"197";"7";"—";"272";"53869 78 95 89 6";"10";"Участвуете в конкурсе";"2026679";"—"
"198";"4";"—";"272";"56361 73 92 97 4";"10";"Участвуете в конкурсе";"1598044";"—"
"199";"4";"Электронное";"271";"46127 96 100 75 2";"—";"Участвуете в конкурсе";"1105986";"—"
"200";"1";"Электронное";"271";"45727 94 90 87 1";"—";"Участвуете в конкурсе";"1032946";"—"
"201";"1";"—";"271";"47042 93 92 86 1";"—";"Участвуете в конкурсе";"1278639";"—"
"202";"5";"—";"271";"53331 88 92 91 5";"—";"Участвуете в конкурсе";"1309746";"—"
"203";"5";"—";"271";"57704 98 88 83 5";"2";"Участвуете в конкурсе";"1604006";"—"
"204";"6";"—";"271";"53151 85 95 89 5";"2";"Участвуете в конкурсе";"1929942";"—"
"205";"5";"—";"271";"50434 84 94 89 4";"4";"Участвуете в конкурсе";"1693868";"—"
"206";"5";"—";"271";"51950 85 90 91 5";"5";"Участвуете в конкурсе";"1616542";"—"
"207";"6";"—";"271";"47498 83 97 86 5";"5";"Участвуете в конкурсе";"1310020";"—"
"208";"2";"—";"271";"59140 92 94 75 2";"10";"Участвуете в конкурсе";"2394624";"—"
"209";"6";"—";"271";"55094 90 88 83 6";"10";"Участвуете в конкурсе";"2152487";"—"
"210";"3";"Электронное";"271";"50248 84 80 97 3";"10";"Участвуете в конкурсе";"1628601";"—"
"211";"2";"—";"271";"48994 83 92 86 1";"10";"Участвуете в конкурсе";"1531094";"—"
"212";"1";"Электронное";"271";"59431 82 88 91 1";"10";"Участвуете в конкурсе";"2225449";"—"
"213";"3";"—";"271";"53199 78 94 89 3";"10";"Участвуете в конкурсе";"1899355";"—"
"214";"6";"—";"270";"53398 95 86 89 5";"—";"Участвуете в конкурсе";"1980340";"—"
"215";"5";"—";"270";"57376 93 86 91 4";"—";"Участвуете в конкурсе";"2315024";"—"
"216";"5";"—";"270";"58097 88 88 94 5";"—";"Участвуете в конкурсе";"2269276";"—"
"217";"1";"—";"270";"51571 90 92 86 1";"2";"Участвуете в конкурсе";"1796297";"—"
"218";"4";"Электронное";"270";"47642 96 86 78 4";"10";"Участвуете в конкурсе";"1390915";"—"
"219";"1";"—";"270";"48878 93 95 72 1";"10";"Участвуете в конкурсе";"1516957";"—"
"220";"3";"—";"270";"56741 93 84 83 3";"10";"Участвуете в конкурсе";"1616622";"—"
"221";"5";"—";"270";"55845 88 94 78 4";"10";"Участвуете в конкурсе";"2209562";"—"
"222";"4";"—";"270";"49061 86 96 78 4";"10";"Участвуете в конкурсе";"1333039";"—"
"223";"2";"—";"270";"46773 82 84 94 1";"10";"Участвуете в конкурсе";"1189481";"—"
"224";"2";"Электронное";"269";"45568 98 90 81 2";"—";"Участвуете в конкурсе";"980372";"—"
"225";"4";"—";"269";"53572 92 86 91 4";"—";"Участвуете в конкурсе";"1183483";"—"
"226";"2";"Электронное";"269";"53827 98 70 99 2";"2";"Участвуете в конкурсе";"2024078";"—"
"227";"7";"—";"269";"56562 88 94 83 6";"4";"Участвуете в конкурсе";"2267574";"—"
"228";"4";"—";"269";"57342 94 84 86 1";"5";"Участвуете в конкурсе";"1472569";"—"
"229";"2";"—";"269";"53396 92 92 78 1";"7";"Участвуете в конкурсе";"1513118";"—"
"230";"3";"Электронное";"269";"50609 100 86 73 3";"10";"Участвуете в конкурсе";"1652552";"—"
"231";"3";"—";"269";"53329 90 86 83 3";"10";"Участвуете в конкурсе";"1988797";"—"
"232";"1";"Электронное";"269";"30466 88 90 81 1";"10";"Участвуете в конкурсе";"1396551";"—"
"233";"1";"Электронное";"269";"48576 86 100 73 1";"10";"Участвуете в конкурсе";"1483785";"—"
"234";"2";"—";"269";"48901 84 94 81 2";"10";"Участвуете в конкурсе";"1521427";"—"
"235";"6";"—";"269";"59553 78 90 91 5";"10";"Участвуете в конкурсе";"2134133";"—"
"236";"1";"Электронное";"268";"48543 82 100 86 1";"—";"Участвуете в конкурсе";"1480356";"—"
"237";"1";"—";"268";"49972 96 100 70 1";"2";"Участвуете в конкурсе";"1608541";"—"
"238";"5";"Электронное";"268";"56689 100 86 72 1";"10";"Участвуете в конкурсе";"1988409";"—"
"239";"2";"—";"268";"51749 96 90 72 2";"10";"Участвуете в конкурсе";"1832654";"—"
"240";"9";"—";"268";"52505 92 100 66 8";"10";"Участвуете в конкурсе";"1743456";"—"
"241";"1";"Электронное";"268";"45286 90 100 68 1";"10";"Участвуете в конкурсе";"963895";"—"
"242";"5";"—";"268";"60021 90 90 78 4";"10";"Участвуете в конкурсе";"1793571";"—"
"243";"3";"—";"268";"47968 88 97 73 2";"10";"Участвуете в конкурсе";"1364020";"—"
"244";"3";"—";"268";"59730 88 76 94 3";"10";"Участвуете в конкурсе";"1438251";"—"
"245";"9";"—";"268";"52725 85 90 83 9";"10";"Участвуете в конкурсе";"1520109";"—"
"246";"1";"—";"268";"50896 85 82 91 1";"10";"Участвуете в конкурсе";"1724859";"—"
"247";"6";"—";"267";"57323 95 86 86 5";"—";"Участвуете в конкурсе";"1717834";"—"
"248";"1";"Электронное";"267";"45437 92 90 85 1";"—";"Участвуете в конкурсе";"972550";"—"
"249";"1";"Электронное";"267";"45855 88 100 79 1";"—";"Участвуете в конкурсе";"974091";"—"
"250";"6";"—";"267";"49540 95 92 78 5";"2";"Участвуете в конкурсе";"1616213";"—"
"251";"5";"—";"267";"53270 90 86 89 5";"2";"Участвуете в конкурсе";"1981438";"—"
"252";"3";"Электронное";"267";"56506 95 82 86 2";"4";"Участвуете в конкурсе";"2001575";"—"
"253";"9";"—";"267";"52139 92 86 83 9";"6";"Участвуете в конкурсе";"1876699";"—"
"254";"4";"—";"267";"48358 93 92 72 3";"10";"Участвуете в конкурсе";"1441524";"—"
"255";"2";"—";"267";"51677 92 90 75 2";"10";"Участвуете в конкурсе";"1717053";"—"
"256";"5";"—";"267";"60165 90 86 81 5";"10";"Участвуете в конкурсе";"2413334";"—"
"257";"5";"Электронное";"267";"46183 86 90 81 5";"10";"Участвуете в конкурсе";"1002063";"—"
"258";"4";"Электронное";"267";"50522 86 80 91 3";"10";"Участвуете в конкурсе";"1672012";"—"
"259";"5";"—";"267";"59953 83 88 86 5";"10";"Участвуете в конкурсе";"2269337";"—"
"260";"6";"Электронное";"266";"50191 92 100 74 2";"—";"Участвуете в конкурсе";"972884";"—"
"261";"9";"—";"266";"48917 84 100 82 9";"—";"Участвуете в конкурсе";"1514422";"—"
"262";"3";"—";"266";"53617 94 95 75 2";"2";"Участвуете в конкурсе";"2000295";"—"
"263";"6";"—";"266";"46329 90 88 81 2";"7";"Участвуете в конкурсе";"1150591";"—"
"264";"1";"Электронное";"266";"58529 95 92 69 1";"10";"Участвуете в конкурсе";"2343231";"—"
"265";"5";"—";"266";"59909 90 94 72 5";"10";"Участвуете в конкурсе";"1833171";"—"
"266";"1";"—";"266";"57227 86 84 86 1";"10";"Участвуете в конкурсе";"2271054";"—"
"267";"7";"—";"266";"54355 85 90 81 5";"10";"Участвуете в конкурсе";"1442377";"—"
"268";"1";"Электронное";"265";"45290 92 90 83 1";"—";"Участвуете в конкурсе";"963800";"—"
"269";"2";"Электронное";"265";"52302 90 84 91 2";"—";"Участвуете в конкурсе";"1887326";"—"
"270";"8";"—";"265";"48455 88 96 81 5";"—";"Участвуете в конкурсе";"1433480";"—"
"271";"1";"Электронное";"265";"55131 76 100 89 1";"—";"Участвуете в конкурсе";"2161715";"—"
"272";"3";"—";"265";"50668 93 84 86 3";"2";"Участвуете в конкурсе";"1681145";"—"
"273";"2";"—";"265";"52115 90 82 91 1";"2";"Участвуете в конкурсе";"1513780";"—"
"274";"6";"—";"265";"59564 85 84 94 6";"2";"Участвуете в конкурсе";"1182378";"—"
"275";"3";"—";"265";"56254 83 92 83 3";"7";"Участвуете в конкурсе";"2230957";"—"
"276";"1";"—";"265";"57230 92 90 73 1";"10";"Участвуете в конкурсе";"2268964";"—"
"277";"2";"Электронное";"265";"50752 88 86 81 2";"10";"Участвуете в конкурсе";"1720388";"—"
"278";"5";"—";"265";"47790 88 78 89 5";"10";"Участвуете в конкурсе";"1362802";"—"
"279";"1";"—";"265";"50689 82 90 83 1";"10";"Участвуете в конкурсе";"1713738";"—"
"280";"3";"—";"265";"46458 82 82 91 2";"10";"Участвуете в конкурсе";"1170325";"—"
"281";"5";"—";"265";"57585 82 82 91 5";"10";"Участвуете в конкурсе";"2332066";"—"
"282";"3";"—";"265";"47919 80 84 91 2";"10";"Участвуете в конкурсе";"1364548";"—"
"283";"6";"Электронное";"265";"51682 78 86 91 6";"10";"Участвуете в конкурсе";"1824336";"—"
"284";"5";"—";"265";"46715 76 90 89 5";"10";"Участвуете в конкурсе";"1179008";"—"
"285";"3";"—";"264";"55635 95 88 81 3";"—";"Участвуете в конкурсе";"2200232";"—"
"286";"2";"—";"264";"56875 94 92 78 2";"—";"Участвуете в конкурсе";"2184073";"—"
"287";"1";"Электронное";"264";"52173 100 100 60 1";"4";"Участвуете в конкурсе";"1407130";"—"
"288";"3";"Электронное";"264";"60370 93 80 81 3";"10";"Участвуете в конкурсе";"2424816";"—"
"289";"6";"—";"264";"48387 88 94 72 5";"10";"Участвуете в конкурсе";"1445600";"—"
"290";"5";"—";"264";"60084 88 80 86 5";"10";"Участвуете в конкурсе";"2410504";"—"
"291";"3";"—";"264";"59729 86 74 94 2";"10";"Участвуете в конкурсе";"1260550";"—"
"292";"3";"—";"264";"46524 85 78 91 3";"10";"Участвуете в конкурсе";"1175408";"—"
"293";"3";"—";"264";"52143 83 80 91 3";"10";"Участвуете в конкурсе";"1606996";"—"
"294";"3";"—";"264";"49787 82 100 72 3";"10";"Участвуете в конкурсе";"1152525";"—"
"295";"6";"—";"264";"60163 79 78 97 4";"10";"Участвуете в конкурсе";"1421342";"—"
"296";"3";"Электронное";"264";"48875 75 82 97 2";"10";"Участвуете в конкурсе";"1507911";"—"
"297";"1";"—";"264";"49776 73 95 86 1";"10";"Участвуете в конкурсе";"1132937";"—"
"298";"3";"—";"263";"48683 98 84 81 2";"—";"Участвуете в конкурсе";"1481088";"—"
"299";"3";"—";"263";"50844 90 92 81 3";"—";"Участвуете в конкурсе";"1730622";"—"
"300";"4";"Электронное";"263";"52931 80 92 91 4";"—";"Участвуете в конкурсе";"1941411";"—"
"301";"8";"Электронное";"263";"50111 78 90 95 8";"—";"Участвуете в конкурсе";"1582310";"—"
"302";"3";"—";"263";"48635 98 88 75 1";"2";"Участвуете в конкурсе";"1497243";"—"
"303";"3";"—";"263";"59840 94 78 89 2";"2";"Участвуете в конкурсе";"1828697";"—"
"304";"9";"—";"263";"47512 80 92 89 7";"2";"Участвуете в конкурсе";"1308311";"—"
"305";"5";"—";"263";"50769 93 94 73 5";"3";"Участвуете в конкурсе";"1700794";"—"
"306";"7";"Электронное";"263";"47325 95 86 78 6";"4";"Участвуете в конкурсе";"1312400";"—"
"307";"5";"—";"263";"46541 94 76 83 5";"10";"Участвуете в конкурсе";"1202910";"—"
"308";"2";"—";"263";"48160 90 88 75 2";"10";"Участвуете в конкурсе";"1410903";"—"
"309";"6";"—";"263";"46161 90 82 81 5";"10";"Участвуете в конкурсе";"1043686";"—"
"310";"4";"—";"263";"53221 90 80 83 4";"10";"Участвуете в конкурсе";"1617184";"—"
"311";"4";"Электронное";"263";"49401 88 84 81 1";"10";"Участвуете в конкурсе";"1213871";"—"
"312";"5";"—";"263";"60341 88 82 83 5";"10";"Участвуете в конкурсе";"1609025";"—"
"313";"3";"—";"263";"49349 86 78 89 3";"10";"Участвуете в конкурсе";"1573533";"—"
"314";"1";"—";"263";"50873 85 90 78 1";"10";"Участвуете в конкурсе";"1412693";"—"
"315";"5";"—";"263";"53276 85 82 86 5";"10";"Участвуете в конкурсе";"1969848";"—"
"316";"6";"—";"263";"58904 80 92 81 5";"10";"Участвуете в конкурсе";"2247748";"—"
"317";"6";"—";"263";"51128 76 96 81 5";"10";"Участвуете в конкурсе";"1584182";"—"
"318";"9";"Электронное";"262";"45554 80 100 82 9";"—";"Участвуете в конкурсе";"981860";"—"
"319";"4";"—";"262";"46934 93 94 73 4";"2";"Участвуете в конкурсе";"989460";"—"
"320";"3";"—";"262";"59177 93 92 75 3";"2";"Участвуете в конкурсе";"1800777";"—"
"321";"2";"—";"262";"51768 90 84 86 1";"2";"Участвуете в конкурсе";"1833608";"—"
"322";"2";"—";"262";"54138 85 94 81 1";"2";"Участвуете в конкурсе";"2055688";"—"
"323";"5";"—";"262";"51727 93 92 72 5";"5";"Участвуете в конкурсе";"1832018";"—"
"324";"2";"—";"262";"48796 83 86 86 1";"7";"Участвуете в конкурсе";"1518772";"—"
"325";"3";"—";"262";"56267 79 90 86 2";"7";"Участвуете в конкурсе";"2246162";"—"
"326";"6";"Электронное";"262";"49807 85 86 83 5";"8";"Участвуете в конкурсе";"1562869";"—"
"327";"5";"—";"262";"57087 96 84 73 5";"9";"Участвуете в конкурсе";"2179475";"—"
"328";"4";"—";"262";"52755 100 80 72 3";"10";"Участвуете в конкурсе";"1812859";"—"
"329";"1";"—";"262";"45507 89 90 73 1";"10";"Участвуете в конкурсе";"1030453";"—"
"330";"5";"—";"262";"54274 86 80 86 5";"10";"Участвуете в конкурсе";"2064361";"—"
"331";"6";"—";"262";"53929 85 86 81 5";"10";"Участвуете в конкурсе";"2043242";"—"
"332";"5";"Электронное";"262";"59715 85 84 83 1";"10";"Участвуете в конкурсе";"2425501";"—"
"333";"1";"—";"262";"59748 85 78 89 1";"10";"Участвуете в конкурсе";"1517246";"—"
"334";"1";"—";"262";"53404 83 88 81 1";"10";"Участвуете в конкурсе";"1420859";"—"
"335";"6";"—";"262";"60164 83 86 83 5";"10";"Участвуете в конкурсе";"1434484";"—"
"336";"6";"—";"262";"50186 83 78 91 5";"10";"Участвуете в конкурсе";"1628252";"—"
"337";"1";"—";"262";"52299 80 86 86 1";"10";"Участвуете в конкурсе";"1495402";"—"
"338";"2";"—";"261";"52662 100 94 67 2";"—";"Участвуете в конкурсе";"1521478";"—"
"339";"3";"—";"261";"57159 88 84 89 3";"—";"Участвуете в конкурсе";"2275949";"—"
"340";"4";"—";"261";"54649 80 84 97 4";"—";"Участвуете в конкурсе";"2097752";"—"
"341";"1";"—";"261";"47025 88 88 83 1";"2";"Участвуете в конкурсе";"1264075";"—"
"342";"2";"—";"261";"53776 85 92 81 1";"3";"Участвуете в конкурсе";"1119775";"—"
"343";"5";"—";"261";"55010 95 84 75 5";"7";"Участвуете в конкурсе";"2143384";"—"
"344";"6";"—";"261";"46734 94 88 72 5";"7";"Участвуете в конкурсе";"1181382";"—"
"345";"4";"—";"261";"50805 83 88 83 1";"7";"Участвуете в конкурсе";"1714159";"—"
"346";"5";"—";"261";"60151 100 76 75 5";"10";"Участвуете в конкурсе";"1501881";"—"
"347";"1";"Электронное";"261";"48740 90 100 61 1";"10";"Участвуете в конкурсе";"1534454";"—"
"348";"2";"—";"261";"47538 84 78 89 1";"10";"Участвуете в конкурсе";"1265620";"—"
"349";"3";"Электронное";"261";"48026 80 82 89 2";"10";"Участвуете в конкурсе";"1409380";"—"
"350";"2";"—";"261";"47212 78 82 91 2";"10";"Участвуете в конкурсе";"1292159";"—"
"351";"4";"Электронное";"261";"48499 75 90 86 4";"10";"Участвуете в конкурсе";"1468169";"—"
"352";"2";"—";"260";"51435 96 86 78 1";"—";"Участвуете в конкурсе";"1678406";"—"
"353";"1";"Электронное";"260";"9403 85 88 87 1";"—";"Участвуете в конкурсе";"1147541";"—"
"354";"4";"—";"260";"50531 85 84 91 4";"—";"Участвуете в конкурсе";"1675438";"—"
"355";"5";"—";"260";"57226 83 94 83 5";"—";"Участвуете в конкурсе";"2267401";"—"
"356";"1";"—";"260";"59636 83 88 89 1";"—";"Участвуете в конкурсе";"2365908";"—"
"357";"3";"—";"260";"53390 90 96 72 2";"2";"Участвуете в конкурсе";"1320816";"—"
"358";"6";"—";"260";"47928 88 95 75 4";"2";"Участвуете в конкурсе";"1407270";"—"
"359";"3";"—";"260";"59836 86 86 86 2";"2";"Участвуете в конкурсе";"1828663";"—"
"360";"6";"—";"260";"56914 93 92 70 6";"5";"Участвуете в конкурсе";"2264667";"—"
"361";"4";"—";"260";"55933 100 80 72 1";"8";"Участвуете в конкурсе";"1078587";"—"
"362";"6";"—";"260";"52584 90 82 78 5";"10";"Участвуете в конкурсе";"1915918";"—"
"363";"5";"—";"260";"53805 86 78 86 4";"10";"Участвуете в конкурсе";"1984349";"—"
"364";"2";"Электронное";"260";"50653 85 95 70 1";"10";"Участвуете в конкурсе";"1680671";"—"
"365";"4";"—";"260";"60014 83 86 81 4";"10";"Участвуете в конкурсе";"2315691";"—"
"366";"4";"—";"260";"52261 83 78 89 4";"10";"Участвуете в конкурсе";"1891192";"—"
"367";"1";"Электронное";"260";"54669 82 80 88 1";"10";"Участвуете в конкурсе";"1948627";"—"
"368";"4";"—";"260";"52499 80 84 86 3";"10";"Участвуете в конкурсе";"1912087";"—"
"369";"5";"—";"260";"58840 80 84 86 5";"10";"Участвуете в конкурсе";"2370338";"—"
"370";"5";"—";"260";"51483 78 86 86 5";"10";"Участвуете в конкурсе";"1784693";"—"
"371";"6";"—";"260";"56526 78 86 86 6";"10";"Участвуете в конкурсе";"2242986";"—"
"372";"3";"—";"260";"47656 77 82 91 3";"10";"Участвуете в конкурсе";"1365866";"—"
"373";"1";"Электронное";"260";"22355 74 82 94 1";"10";"Участвуете в конкурсе";"1583578";"—"
"374";"4";"Электронное";"259";"51890 100 90 69 4";"—";"Участвуете в конкурсе";"1845459";"—"
"375";"3";"—";"259";"51391 90 80 89 3";"—";"Участвуете в конкурсе";"1779146";"—"
"376";"8";"Электронное";"259";"45641 86 90 83 7";"—";"Участвуете в конкурсе";"978032";"—"
"377";"3";"—";"259";"52219 78 90 91 3";"—";"Участвуете в конкурсе";"1895511";"—"
"378";"5";"—";"259";"52602 93 86 73 5";"7";"Участвуете в конкурсе";"1914638";"—"
"379";"7";"—";"259";"56030 77 86 89 6";"7";"Участвуете в конкурсе";"2217995";"—"
"380";"5";"Электронное";"259";"52507 94 72 83 4";"10";"Участвуете в конкурсе";"1563397";"—"
"381";"7";"—";"259";"50790 90 92 67 7";"10";"Участвуете в конкурсе";"1697239";"—"
"382";"6";"—";"259";"56393 90 86 73 5";"10";"Участвуете в конкурсе";"2247979";"—"
"383";"5";"—";"259";"51446 90 84 75 4";"10";"Участвуете в конкурсе";"1540225";"—"
"384";"1";"—";"259";"47417 88 78 83 1";"10";"Участвуете в конкурсе";"1225013";"—"
"385";"5";"—";"259";"47142 85 92 72 5";"10";"Участвуете в конкурсе";"1284125";"—"
"386";"5";"—";"259";"53219 85 78 86 5";"10";"Участвуете в конкурсе";"1980567";"—"
"387";"1";"—";"259";"46598 77 78 94 1";"10";"Участвуете в конкурсе";"1180734";"—"
"388";"3";"—";"259";"50633 70 82 97 3";"10";"Участвуете в конкурсе";"1708085";"—"
"389";"7";"Электронное";"258";"51896 94 92 72 6";"—";"Участвуете в конкурсе";"1618354";"—"
"390";"4";"—";"258";"49412 94 86 78 4";"—";"Участвуете в конкурсе";"1578835";"—"
"391";"6";"Электронное";"258";"53513 94 72 92 6";"—";"Участвуете в конкурсе";"1995879";"—"
"392";"2";"Электронное";"258";"50900 88 80 90 1";"—";"Участвуете в конкурсе";"1756587";"—"
"393";"1";"—";"258";"57297 86 90 82 1";"—";"Участвуете в конкурсе";"1849680";"—"
"394";"5";"—";"258";"59235 90 88 78 4";"2";"Участвуете в конкурсе";"2124780";"—"
"395";"6";"—";"258";"58905 88 90 78 5";"2";"Участвуете в конкурсе";"1797500";"—"
"396";"6";"—";"258";"51379 85 82 89 5";"2";"Участвуете в конкурсе";"1788923";"—"
"397";"5";"—";"258";"57064 95 84 69 5";"10";"Участвуете в конкурсе";"2267800";"—"
"398";"4";"—";"258";"53370 93 86 69 4";"10";"Участвуете в конкурсе";"1983539";"—"
"399";"5";"—";"258";"52293 90 88 70 5";"10";"Участвуете в конкурсе";"1887067";"—"
"400";"5";"Электронное";"258";"49916 85 80 83 5";"10";"Участвуете в конкурсе";"1605005";"—"
"401";"4";"—";"258";"51689 85 80 83 3";"10";"Участвуете в конкурсе";"1725009";"—"
"402";"5";"—";"258";"51633 85 80 83 5";"10";"Участвуете в конкурсе";"1799306";"—"
"403";"5";"—";"258";"57699 85 80 83 5";"10";"Участвуете в конкурсе";"2301670";"—"
"404";"4";"—";"258";"50883 85 74 89 2";"10";"Участвуете в конкурсе";"1715288";"—"
"405";"7";"—";"258";"53779 84 78 86 6";"10";"Участвуете в конкурсе";"1473113";"—"
"406";"2";"Электронное";"258";"48490 78 84 86 2";"10";"Участвуете в конкурсе";"1467952";"—"
"407";"7";"—";"257";"47900 96 100 61 7";"—";"Участвуете в конкурсе";"1393155";"—"
"408";"6";"—";"257";"57278 94 88 75 6";"—";"Участвуете в конкурсе";"2265241";"—"
"409";"2";"Электронное";"257";"49692 92 90 75 2";"—";"Участвуете в конкурсе";"1666541";"—"
"410";"6";"—";"257";"54073 86 88 83 6";"—";"Участвуете в конкурсе";"2054332";"—"
"411";"2";"Электронное";"257";"49717 84 100 73 2";"—";"Участвуете в конкурсе";"1670158";"—"
"412";"4";"—";"257";"47207 83 88 86";"—";"Участвуете в конкурсе";"1156369";"—"
"413";"6";"—";"257";"57119 80 86 91";"—";"Участвуете в конкурсе";"2269268";"—"
"414";"3";"—";"257";"54630 92 80 83 √";"2";"Участвуете в конкурсе";"2050343";"—"
"415";"2";"Электронное";"257";"46112 82 90 83 1";"2";"Участвуете в конкурсе";"1113163";"—"
"416";"2";"—";"257";"57723 90 88 75";"4";"Участвуете в конкурсе";"2336256";"—"
"417";"1";"—";"257";"57576 92 94 61";"10";"Участвуете в конкурсе";"2271992";"—"
"418";"3";"—";"257";"57759 88 84 75 √";"10";"Участвуете в конкурсе";"2183533";"—"
"419";"1";"—";"257";"57649 88 78 81";"10";"Участвуете в конкурсе";"2310328";"—"
"420";"6";"—";"257";"48376 85 76 86 √";"10";"Участвуете в конкурсе";"1441939";"—"
"421";"4";"—";"257";"54625 84 82 81 √";"10";"Участвуете в конкурсе";"1601066";"—"
"422";"5";"—";"257";"54553 83 86 78 √";"10";"Участвуете в конкурсе";"1909044";"—"
"423";"5";"—";"257";"56713 80 86 81";"10";"Участвуете в конкурсе";"2100349";"—"
"424";"4";"—";"257";"21423 77 92 78";"10";"Участвуете в конкурсе";"1311622";"—"
"425";"1";"—";"257";"58121 72 92 83 √";"10";"Участвуете в конкурсе";"2311603";"—"
"426";"5";"—";"257";"28025 72 84 91 √";"10";"Участвуете в конкурсе";"2413488";"—"
"427";"1";"Электронное";"256";"22839 90 96 70 1";"—";"Участвуете в конкурсе";"1122270";"—"
"428";"6";"—";"256";"58737 90 88 78 √";"—";"Участвуете в конкурсе";"2371080";"—"
"429";"3";"—";"256";"55228 86 97 73";"—";"Участвуете в конкурсе";"2071585";"—"
"430";"6";"Электронное";"256";"52157 85 90 81 5";"—";"Участвуете в конкурсе";"1859749";"—"
"431";"1";"Электронное";"256";"57413 85 80 91 1";"—";"Участвуете в конкурсе";"2315737";"—"
"432";"4";"—";"256";"55810 84 78 94 √";"—";"Участвуете в конкурсе";"2200677";"—"
"433";"5";"—";"256";"60324 83 95 78 √";"—";"Участвуете в конкурсе";"2224114";"—"
"434";"2";"—";"256";"46813 80 82 94";"—";"Участвуете в конкурсе";"1194614";"—"
"435";"7";"—";"256";"57897 80 82 94 √";"—";"Участвуете в конкурсе";"1957184";"—"
"436";"2";"Электронное";"256";"48471 95 76 83 1";"2";"Участвуете в конкурсе";"1478028";"—"
"437";"1";"—";"256";"50475 93 90 69";"4";"Участвуете в конкурсе";"1679215";"—"
"438";"7";"—";"256";"54049 88 80 78 √";"10";"Участвуете в конкурсе";"2053545";"—"
"439";"5";"—";"256";"58292 85 80 81 √";"10";"Участвуете в конкурсе";"2224327";"—"
"440";"2";"Электронное";"256";"50971 83 82 81 2";"10";"Участвуете в конкурсе";"1730487";"—"
"441";"8";"—";"256";"49274 79 92 75";"10";"Участвуете в конкурсе";"1563790";"—"
"442";"6";"—";"256";"49995 77 78 91";"10";"Участвуете в конкурсе";"1200216";"—"
"443";"4";"—";"256";"60298 75 82 89";"10";"Участвуете в конкурсе";"2420379";"—"
"444";"3";"—";"256";"48380 73 84 89";"10";"Участвуете в конкурсе";"1441942";"—"
"445";"3";"—";"256";"53460 73 82 91 √";"10";"Участвуете в конкурсе";"2001937";"—"
"446";"3";"—";"256";"51708 70 82 94";"10";"Участвуете в конкурсе";"1831962";"—"
"447";"1";"Электронное";"255";"57306 94 100 61 1";"—";"Участвуете в конкурсе";"1905598";"—"
"448";"1";"—";"255";"53606 88 90 77";"—";"Участвуете в конкурсе";"1484414";"—"
"449";"3";"—";"255";"58665 88 84 83";"—";"Участвуете в конкурсе";"1728228";"—"
"450";"2";"—";"255";"46353 72 90 93";"—";"Участвуете в конкурсе";"1158862";"—"
"451";"4";"—";"255";"49892 88 90 75 √";"2";"Участвуете в конкурсе";"1609170";"—"
"452";"4";"Электронное";"255";"47883 77 82 94 4";"2";"Участвуете в конкурсе";"1363112";"—"
"453";"2";"—";"255";"56637 82 80 89";"4";"Участвуете в конкурсе";"2056789";"—"
"454";"1";"Электронное";"255";"54636 80 90 81 1";"4";"Участвуете в конкурсе";"2081321";"—"
"455";"5";"—";"255";"53208 85 90 75";"5";"Участвуете в конкурсе";"1978916";"—"
"456";"1";"Электронное";"255";"49562 93 84 72 1";"6";"Участвуете в конкурсе";"1616413";"—"
"457";"2";"—";"255";"47863 96 86 63";"10";"Участвуете в конкурсе";"1362984";"—"
"458";"2";"—";"255";"57985 86 78 81 √";"10";"Участвуете в конкурсе";"1891256";"—"
"459";"5";"—";"255";"59060 85 82 78 √";"10";"Участвуете в конкурсе";"2228216";"—"
"460";"2";"—";"255";"59122 82 80 83";"10";"Участвуете в конкурсе";"2050112";"—"
"461";"1";"—";"255";"48601 80 90 75 √";"10";"Участвуете в конкурсе";"1490503";"—"
"462";"5";"—";"255";"57562 80 84 81 √";"10";"Участвуете в конкурсе";"2181811";"—"
"463";"4";"—";"255";"59075 80 82 83 √";"10";"Участвуете в конкурсе";"2038679";"—"
"464";"1";"—";"255";"58496 78 92 75 √";"10";"Участвуете в конкурсе";"2367627";"—"
"465";"2";"—";"255";"55046 78 78 89 √";"10";"Участвуете в конкурсе";"1822667";"—"
"466";"3";"Электронное";"255";"58037 78 76 91 3";"10";"Участвуете в конкурсе";"2296289";"—"
"467";"9";"—";"255";"55960 70 84 91 √";"10";"Участвуете в конкурсе";"1886108";"—"
"468";"4";"—";"255";"52627 62 86 97";"10";"Участвуете в конкурсе";"1333664";"—"
"469";"1";"Электронное";"254";"46878 90 86 78 1";"—";"Участвуете в конкурсе";"1205596";"—"
"470";"9";"—";"254";"51262 88 88 78";"—";"Участвуете в конкурсе";"1779510";"—"
"471";"1";"—";"254";"47857 85 78 91";"—";"Участвуете в конкурсе";"1361622";"—"
"472";"2";"—";"254";"11964 85 78 91";"—";"Участвуете в конкурсе";"2417338";"—"
"473";"5";"—";"254";"50926 83 82 89";"—";"Участвуете в конкурсе";"1730031";"—"
"474";"3";"—";"254";"51121 83 80 91";"—";"Участвуете в конкурсе";"1767325";"—"
"475";"1";"Электронное";"254";"55843 80 80 94 1";"—";"Участвуете в конкурсе";"2242259";"—"
"476";"6";"Электронное";"254";"58383 93 86 73 3";"2";"Участвуете в конкурсе";"1546601";"—"
"477";"4";"—";"254";"59572 72 86 94 √";"2";"Участвуете в конкурсе";"2248347";"—"
"478";"4";"—";"254";"54887 90 84 75";"5";"Участвуете в конкурсе";"2142319";"—"
"479";"6";"—";"254";"52978 85 90 69";"10";"Участвуете в конкурсе";"1182107";"—"
"480";"3";"—";"254";"50024 83 86 75";"10";"Участвуете в конкурсе";"1606626";"—"
"481";"1";"—";"254";"53889 80 86 78 √";"10";"Участвуете в конкурсе";"2027669";"—"
"482";"7";"—";"254";"47722 79 84 81";"10";"Участвуете в конкурсе";"1267270";"—"
"483";"5";"—";"254";"55946 78 88 78 √";"10";"Участвуете в конкурсе";"1524393";"—"
"484";"4";"—";"254";"50983 78 80 86 √";"10";"Участвуете в конкурсе";"1716400";"—"
"485";"1";"—";"254";"50683 75 78 91";"10";"Участвуете в конкурсе";"1347047";"—"
"486";"3";"—";"254";"60194 73 74 97";"10";"Участвуете в конкурсе";"2416626";"—"
"487";"2";"—";"253";"59907 92 94 67";"—";"Участвуете в конкурсе";"1952924";"—"
"488";"4";"—";"253";"48395 88 90 75";"—";"Участвуете в конкурсе";"1440380";"—"
"489";"1";"—";"253";"46576 80 84 89";"—";"Участвуете в конкурсе";"1177312";"—"
"490";"2";"—";"253";"54407 80 82 91";"—";"Участвуете в конкурсе";"1342660";"—"
"491";"6";"—";"253";"53009 85 88 78";"2";"Участвуете в конкурсе";"1957190";"—"
"492";"4";"—";"253";"51309 83 82 86 √";"2";"Участвуете в конкурсе";"1786791";"—"
"493";"3";"—";"253";"47886 74 86 91";"2";"Участвуете в конкурсе";"1364695";"—"
"494";"5";"—";"253";"47217 88 97 64";"4";"Участвуете в конкурсе";"1266088";"—"
"495";"3";"—";"253";"54007 83 84 81";"5";"Участвуете в конкурсе";"1715693";"—"
"496";"1";"Электронное";"253";"53289 83 82 83 1";"5";"Участвуете в конкурсе";"1994169";"—"
"497";"3";"—";"253";"47056 80 82 86 √";"5";"Участвуете в конкурсе";"1258723";"—"
"498";"1";"—";"253";"47514 88 74 81 √";"10";"Участвуете в конкурсе";"1349368";"—"
"499";"6";"—";"253";"51858 86 82 75 √";"10";"Участвуете в конкурсе";"1611998";"—"
"500";"5";"—";"253";"47327 85 86 72";"10";"Участвуете в конкурсе";"1326094";"—"
"501";"4";"—";"253";"52635 82 80 81 √";"10";"Участвуете в конкурсе";"1896243";"—"
"502";"6";"—";"253";"56540 80 80 83 √";"10";"Участвуете в конкурсе";"2088331";"—"
"503";"3";"Электронное";"253";"55949 78 84 81 3";"10";"Участвуете в конкурсе";"2217760";"—"
"504";"2";"—";"253";"58899 78 82 83";"10";"Участвуете в конкурсе";"2378477";"—"
"505";"2";"—";"253";"48753 78 74 91";"10";"Участвуете в конкурсе";"1095891";"—"
"506";"2";"Электронное";"253";"53497 76 86 81 2";"10";"Участвуете в конкурсе";"2003048";"—"
"507";"2";"—";"253";"58590 76 84 83 √";"10";"Участвуете в конкурсе";"2350147";"—"
"508";"2";"—";"253";"47239 76 80 87";"10";"Участвуете в конкурсе";"1270402";"—"
"509";"1";"—";"252";"9912 96 100 56 √";"—";"Участвуете в конкурсе";"1656204";"—"
"510";"2";"—";"252";"48688 88 94 70";"—";"Участвуете в конкурсе";"1495313";"—"
"511";"3";"—";"252";"58719 88 86 78 √";"—";"Участвуете в конкурсе";"2178278";"—"
"512";"5";"Электронное";"252";"55636 88 86 78 5";"—";"Участвуете в конкурсе";"2181950";"—"
"513";"6";"—";"252";"45530 85 84 83";"—";"Участвуете в конкурсе";"993877";"—"
"514";"1";"—";"252";"50158 80 86 86 √";"—";"Участвуете в конкурсе";"1631679";"—"
"515";"4";"—";"252";"57299 75 86 91 √";"—";"Участвуете в конкурсе";"2227313";"—"
"516";"1";"Электронное";"252";"47806 88 100 62 1";"2";"Участвуете в конкурсе";"1181935";"—"
"517";"4";"—";"252";"58728 88 90 72 √";"2";"Участвуете в конкурсе";"2170692";"—"
"518";"6";"—";"252";"52611 85 82 83 √";"2";"Участвуете в конкурсе";"1511624";"—"
"519";"7";"—";"252";"47018 77 92 81 √";"2";"Участвуете в конкурсе";"1258603";"—"
"520";"3";"—";"252";"48115 96 90 63 3";"3";"Участвуете в конкурсе";"1418271";"—"
"521";"1";"—";"252";"57933 78 84 83";"7";"Участвуете в конкурсе";"2002310";"—"
"522";"2";"—";"252";"58970 77 82 86 1";"7";"Участвуете в конкурсе";"1239066";"—"
"523";"2";"—";"252";"46226 83 80 81";"8";"Участвуете в конкурсе";"1127966";"—"
"524";"1";"—";"252";"47778 86 84 72 √";"10";"Участвуете в конкурсе";"1082545";"—"
"525";"5";"—";"252";"50357 86 78 78 4";"10";"Участвуете в конкурсе";"1557108";"—"
"526";"2";"—";"252";"49195 83 78 81 √";"10";"Участвуете в конкурсе";"1421767";"—"
"527";"6";"—";"252";"50231 80 84 78 √";"10";"Участвуете в конкурсе";"1619964";"—"
"528";"3";"—";"252";"58743 76 88 78 √";"10";"Участвуете в конкурсе";"1596895";"—"
"529";"7";"—";"252";"48223 75 84 83";"10";"Участвуете в конкурсе";"1324618";"—"
"530";"1";"—";"252";"50887 75 78 89";"10";"Участвуете в конкурсе";"1724016";"—"
"531";"6";"—";"252";"60093 73 88 81 √";"10";"Участвуете в конкурсе";"1275209";"—"
"532";"2";"Электронное";"252";"46378 71 82 89 2";"10";"Участвуете в конкурсе";"1157221";"—"
"533";"2";"Электронное";"251";"53418 98 90 63 1";"—";"Участвуете в конкурсе";"2023912";"—"
"534";"5";"—";"251";"56453 94 88 69 √";"—";"Участвуете в конкурсе";"1168798";"—"
"535";"6";"—";"251";"54373 90 86 75";"—";"Участвуете в конкурсе";"1289311";"—"
"536";"1";"Электронное";"251";"48744 90 80 81 1";"—";"Участвуете в конкурсе";"1508989";"—"
"537";"4";"—";"251";"53876 78 90 83";"—";"Участвуете в конкурсе";"1715161";"—"
"538";"2";"—";"251";"55899 90 86 73";"2";"Участвуете в конкурсе";"2168415";"—"
"539";"3";"—";"251";"49806 90 84 75";"2";"Участвуете в конкурсе";"1166565";"—"
"540";"4";"—";"251";"47688 90 84 75 √";"2";"Участвуете в конкурсе";"1338441";"—"
"541";"5";"—";"251";"57880 80 78 91 √";"2";"Участвуете в конкурсе";"2216531";"—"
"542";"2";"—";"251";"52338 78 88 81";"4";"Участвуете в конкурсе";"1313729";"—"
"543";"7";"—";"251";"56619 85 80 81 √";"5";"Участвуете в конкурсе";"2251526";"—"
"544";"4";"—";"251";"57554 72 82 92 3";"5";"Участвуете в конкурсе";"2260611";"—"
"545";"5";"—";"251";"46649 78 80 86";"7";"Участвуете в конкурсе";"1169075";"—"
"546";"1";"—";"251";"54510 85 88 69";"9";"Участвуете в конкурсе";"2098420";"—"
"547";"3";"Электронное";"251";"55991 90 82 69 2";"10";"Участвуете в конкурсе";"2220361";"—"
"548";"3";"—";"251";"42265 85 86 70";"10";"Участвуете в конкурсе";"1949579";"—"
"549";"3";"—";"251";"56229 84 84 73";"10";"Участвуете в конкурсе";"1482887";"—"
"550";"1";"—";"251";"50808 84 84 73 √";"10";"Участвуете в конкурсе";"1727276";"—"
"551";"6";"Электронное";"251";"60088 84 84 73 5";"10";"Участвуете в конкурсе";"2033921";"—"
"552";"5";"Электронное";"251";"54698 84 76 81 5";"10";"Участвуете в конкурсе";"1982384";"—"
"553";"3";"—";"251";"56064 83 86 72";"10";"Участвуете в конкурсе";"2221990";"—"
"554";"3";"—";"251";"57935 80 86 75";"10";"Участвуете в конкурсе";"2289735";"—"
"555";"6";"Электронное";"251";"46900 80 80 81 2";"10";"Участвуете в конкурсе";"1209816";"—"
"556";"4";"—";"251";"53515 80 80 81";"10";"Участвуете в конкурсе";"1597013";"—"
"557";"2";"Электронное";"251";"47737 72 88 81 1";"10";"Участвуете в конкурсе";"1359988";"—"
"558";"1";"Электронное";"251";"56786 72 80 89 1";"10";"Участвуете в конкурсе";"2263975";"—"
"559";"7";"—";"250";"57633 94 86 70";"—";"Участвуете в конкурсе";"1471865";"—"
"560";"5";"—";"250";"47690 86 86 78";"—";"Участвуете в конкурсе";"1355963";"—"
"561";"5";"Электронное";"250";"48592 85 84 81 5";"—";"Участвуете в конкурсе";"1330040";"—"
"562";"3";"—";"250";"57179 80 84 86";"—";"Участвуете в конкурсе";"2273586";"—"
"563";"5";"—";"250";"53302 100 100 48";"2";"Участвуете в конкурсе";"1988719";"—"
"564";"3";"—";"250";"51889 90 80 78";"2";"Участвуете в конкурсе";"1847634";"—"
"565";"5";"—";"250";"57877 83 84 81";"2";"Участвуете в конкурсе";"2213290";"—"
"566";"1";"Электронное";"250";"48692 80 82 86 1";"2";"Участвуете в конкурсе";"1502233";"—"
"567";"6";"—";"250";"58569 73 92 83 √";"2";"Участвуете в конкурсе";"2181096";"—"
"568";"6";"—";"250";"53557 83 80 83";"4";"Участвуете в конкурсе";"1983286";"—"
"569";"5";"—";"250";"55653 95 80 70 √";"5";"Участвуете в конкурсе";"2183176";"—"
"570";"3";"—";"250";"49452 88 88 69";"5";"Участвуете в конкурсе";"1580949";"—"
"571";"4";"Электронное";"250";"56391 80 78 86 4";"6";"Участвуете в конкурсе";"2247884";"—"
"572";"4";"—";"250";"56305 84 84 72 √";"10";"Участвуете в конкурсе";"1092864";"—"
"573";"4";"—";"250";"54791 80 88 72 √";"10";"Участвуете в конкурсе";"1449116";"—"
"574";"7";"—";"250";"49742 80 74 86 √";"10";"Участвуете в конкурсе";"1641527";"—"
"575";"1";"—";"250";"58453 78 84 78 √";"10";"Участвуете в конкурсе";"2272994";"—"
"576";"5";"—";"250";"54702 77 90 73";"10";"Участвуете в конкурсе";"2082511";"—"
"577";"6";"—";"250";"51246 77 74 89 √";"10";"Участвуете в конкурсе";"1778918";"—"
"578";"3";"Электронное";"250";"46610 67 84 89 2";"10";"Участвуете в конкурсе";"1180067";"—"
"579";"3";"—";"249";"51663 100 80 69";"—";"Участвуете в конкурсе";"1811796";"—"
"580";"6";"—";"249";"47938 90 78 81 √";"—";"Участвуете в конкурсе";"1286783";"—"
"581";"1";"—";"249";"48579 88 94 67";"—";"Участвуете в конкурсе";"1440113";"—"
"582";"2";"—";"249";"48553 88 86 75";"—";"Участвуете в конкурсе";"1480544";"—"
"583";"4";"—";"249";"57575 83 88 78 √";"—";"Участвуете в конкурсе";"2331689";"—"
"584";"2";"Электронное";"249";"54231 78 100 71 1";"—";"Участвуете в конкурсе";"2072743";"—"
"585";"6";"—";"249";"46905 90 84 73 √";"2";"Участвуете в конкурсе";"1208645";"—"
"586";"1";"—";"249";"59455 78 88 81";"2";"Участвуете в конкурсе";"1914771";"—"
"587";"3";"—";"249";"54362 78 80 89 1";"2";"Участвуете в конкурсе";"1979591";"—"
"588";"5";"—";"249";"52015 85 78 81";"5";"Участвуете в конкурсе";"1257643";"—"
"589";"9";"—";"249";"52483 94 90 55";"10";"Участвуете в конкурсе";"1002125";"—"
"590";"3";"—";"249";"47936 92 78 69";"10";"Участвуете в конкурсе";"1362005";"—"
"591";"4";"—";"249";"50969 90 74 75 √";"10";"Участвуете в конкурсе";"1396833";"—"
"592";"2";"Электронное";"249";"45269 86 80 73 2";"10";"Участвуете в конкурсе";"958787";"—"
"593";"2";"—";"249";"51701 85 82 72";"10";"Участвуете в конкурсе";"1819373";"—"
"594";"6";"—";"249";"50016 84 82 73";"10";"Участвуете в конкурсе";"1608599";"—"
"595";"3";"—";"249";"51368 83 86 70 √";"10";"Участвуете в конкурсе";"1792209";"—"
"596";"5";"—";"249";"56403 83 84 72 √";"10";"Участвуете в конкурсе";"1607972";"—"
"597";"4";"Электронное";"249";"53656 80 84 75 2";"10";"Участвуете в конкурсе";"1957727";"—"
"598";"4";"—";"249";"54827 80 84 75";"10";"Участвуете в конкурсе";"2128413";"—"
"599";"1";"Электронное";"249";"53277 80 76 83 1";"10";"Участвуете в конкурсе";"1898535";"—"
"600";"6";"—";"249";"54936 80 76 83 √";"10";"Участвуете в конкурсе";"1430627";"—"
"601";"5";"—";"249";"59563 78 78 83";"10";"Участвуете в конкурсе";"1626458";"—"
"602";"2";"—";"249";"59029 75 95 69";"10";"Участвуете в конкурсе";"2381034";"—"
"603";"5";"—";"249";"57720 74 92 73 √";"10";"Участвуете в конкурсе";"2303675";"—"
"604";"2";"—";"249";"50491 70 86 83";"10";"Участвуете в конкурсе";"1651073";"—"
"605";"5";"—";"249";"48401 70 78 91";"10";"Участвуете в конкурсе";"1440479";"—"
"606";"1";"Электронное";"248";"51174 90 88 70 4";"—";"Участвуете в конкурсе";"979710";"—"
"607";"5";"—";"248";"51040 88 90 70";"—";"Участвуете в конкурсе";"1749356";"—"
"608";"5";"Электронное";"248";"53403 88 88 72 2";"—";"Участвуете в конкурсе";"1870453";"—"
"609";"3";"—";"248";"57530 86 90 72";"—";"Участвуете в конкурсе";"2313219";"—"
"610";"5";"—";"248";"51259 85 80 83";"—";"Участвуете в конкурсе";"1781770";"—"
"611";"1";"—";"248";"53753 85 80 83 1";"—";"Участвуете в конкурсе";"2003261";"—"
"612";"10";"—";"248";"52084 83 82 83 √";"—";"Участвуете в конкурсе";"1854981";"—"
"613";"5";"—";"248";"49141 80 82 86";"—";"Участвуете в конкурсе";"1553270";"—"
"614";"5";"Электронное";"248";"48836 78 84 86 5";"—";"Участвуете в конкурсе";"1510966";"—"
"615";"1";"Электронное";"248";"53475 78 80 90 1";"—";"Участвуете в конкурсе";"2017471";"—"
"616";"4";"—";"248";"48348 94 88 64";"2";"Участвуете в конкурсе";"1444800";"—"
"617";"8";"—";"248";"55603 85 86 75";"2";"Участвуете в конкурсе";"2185361";"—"
"618";"1";"—";"248";"50569 85 80 81 1";"2";"Участвуете в конкурсе";"1678840";"—"
"619";"6";"—";"248";"57839 83 90 73 √";"2";"Участвуете в конкурсе";"2087656";"—"
"620";"2";"Электронное";"248";"48032 83 82 81 2";"2";"Участвуете в конкурсе";"1408401";"—"
"621";"3";"—";"248";"48137 93 82 69";"4";"Участвуете в конкурсе";"1357557";"—"
"622";"4";"—";"248";"56340 75 88 81";"4";"Участвуете в конкурсе";"2246860";"—"
"623";"2";"Электронное";"248";"45419 90 90 58 2";"10";"Участвуете в конкурсе";"970520";"—"
"624";"3";"Электронное";"248";"58024 90 70 78 3";"10";"Участвуете в конкурсе";"2296260";"—"
"625";"3";"—";"248";"47058 88 78 72 √";"10";"Участвуете в конкурсе";"1268237";"—"
"626";"4";"—";"248";"53355 86 86 66";"10";"Участвуете в конкурсе";"1987581";"—"
"627";"1";"Электронное";"248";"49489 80 80 78 1";"10";"Участвуете в конкурсе";"1580676";"—"
"628";"5";"—";"248";"57559 77 86 75";"10";"Участвуете в конкурсе";"1852289";"—"
"629";"4";"—";"248";"54622 75 90 73";"10";"Участвуете в конкурсе";"2045090";"—"
"630";"7";"—";"248";"58853 75 82 81 √";"10";"Участвуете в конкурсе";"2267345";"—"
"631";"5";"—";"248";"46917 75 80 83";"10";"Участвуете в конкурсе";"1209304";"—"
"632";"1";"Электронное";"247";"54151 90 90 67 1";"—";"Участвуете в конкурсе";"1114698";"—"
"633";"5";"—";"247";"57181 83 78 86";"—";"Участвуете в конкурсе";"2266398";"—"
"634";"2";"—";"247";"52801 80 76 91 √";"—";"Участвуете в конкурсе";"1948356";"—"
"635";"6";"—";"247";"58337 78 86 83";"—";"Участвуете в конкурсе";"2294219";"—"
"636";"3";"—";"247";"57302 74 100 73 √";"—";"Участвуете в конкурсе";"1607373";"—"
"637";"3";"—";"247";"51594 72 92 83";"—";"Участвуете в конкурсе";"1800977";"—"
"638";"2";"Электронное";"247";"49763 70 100 77 1";"—";"Участвуете в конкурсе";"1675976";"—"
"639";"6";"—";"247";"50206 98 78 69 √";"2";"Участвуете в конкурсе";"1409728";"—"
"640";"2";"—";"247";"51365 92 86 67 √";"2";"Участвуете в конкурсе";"1788733";"—"
"641";"5";"—";"247";"50178 90 82 73 √";"2";"Участвуете в конкурсе";"1626748";"—"
"642";"3";"—";"247";"59531 85 72 86 √";"4";"Участвуете в конкурсе";"2321755";"—"
"643";"5";"—";"247";"57560 79 88 75 √";"5";"Участвуете в конкурсе";"1600323";"—"
"644";"4";"—";"247";"57907 75 86 81";"5";"Участвуете в конкурсе";"2214075";"—"
"645";"1";"Электронное";"247";"47780 75 84 81 1";"7";"Участвуете в конкурсе";"1388307";"—"
"646";"5";"—";"247";"52034 85 80 72";"10";"Участвуете в конкурсе";"1857508";"—"
"647";"4";"—";"247";"46826 83 82 72";"10";"Участвуете в конкурсе";"1193404";"—"
"648";"6";"—";"247";"54154 83 76 78 √";"10";"Участвуете в конкурсе";"2049819";"—"
"649";"3";"—";"247";"59979 82 86 69 √";"10";"Участвуете в конкурсе";"2340811";"—"
"650";"2";"Электронное";"247";"48095 80 84 73 2";"10";"Участвуете в конкурсе";"1419238";"—"
"651";"3";"—";"247";"58109 80 76 81";"10";"Участвуете в конкурсе";"1857619";"—"
"652";"5";"—";"247";"59929 80 76 81";"10";"Участвуете в конкурсе";"2254733";"—"
"653";"5";"—";"247";"60010 80 76 81 √";"10";"Участвуете в конкурсе";"2302337";"—"
"654";"4";"—";"247";"47069 80 74 83 √";"10";"Участвуете в конкурсе";"1262153";"—"
"655";"5";"—";"247";"59144 78 76 83 √";"10";"Участвуете в конкурсе";"1115699";"—"
"656";"6";"—";"247";"59148 77 82 78 √";"10";"Участвуете в конкурсе";"2395002";"—"
"657";"2";"—";"247";"52414 72 82 83";"10";"Участвуете в конкурсе";"1645781";"—"
"658";"2";"—";"247";"51551 70 84 83";"10";"Участвуете в конкурсе";"1796056";"—"
"659";"4";"Электронное";"247";"55502 67 84 86 7";"10";"Участвуете в конкурсе";"2177210";"—"
"660";"1";"—";"246";"60145 93 92 61";"—";"Участвуете в конкурсе";"2219168";"—"
"661";"10";"—";"246";"52278 83 90 73";"—";"Участвуете в конкурсе";"1199279";"—"
"662";"1";"Электронное";"246";"58522 73 84 89 6";"—";"Участвуете в конкурсе";"2367490";"—"
"663";"1";"—";"246";"52508 88 86 70";"2";"Участвуете в конкурсе";"1907886";"—"
"664";"2";"Электронное";"246";"50234 83 86 75 1";"2";"Участвуете в конкурсе";"1646999";"—"
"665";"4";"Электронное";"246";"50780 78 94 72 3";"2";"Участвуете в конкурсе";"1718116";"—"
"666";"3";"—";"246";"47332 78 80 86 √";"2";"Участвуете в конкурсе";"1247094";"—"
"667";"1";"—";"246";"56348 73 82 89 1";"2";"Участвуете в конкурсе";"2225064";"—"
"668";"7";"Электронное";"246";"57481 83 82 78 3";"3";"Участвуете в конкурсе";"2315630";"—"
"669";"4";"—";"246";"48098 80 90 72";"4";"Участвуете в конкурсе";"1419898";"—"
"670";"1";"Электронное";"246";"48285 92 86 61 1";"7";"Участвуете в конкурсе";"1445196";"—"
"671";"1";"—";"246";"59851 85 78 73 √";"10";"Участвуете в конкурсе";"2175674";"—"
"672";"6";"—";"246";"46880 83 86 67 √";"10";"Участвуете в конкурсе";"1211294";"—"
"673";"2";"—";"246";"56047 83 78 75";"10";"Участвуете в конкурсе";"1314878";"—"
"674";"1";"—";"246";"56365 83 72 81 √";"10";"Участвуете в конкурсе";"1627096";"—"
"675";"7";"—";"246";"48770 78 86 72 √";"10";"Участвуете в конкурсе";"1518754";"—"
"676";"5";"—";"246";"52133 78 80 78";"10";"Участвуете в конкурсе";"1842139";"—"
"677";"4";"Электронное";"246";"57393 78 80 78 4";"10";"Участвуете в конкурсе";"2308182";"—"
"678";"4";"—";"246";"25493 78 80 78";"10";"Участвуете в конкурсе";"2360215";"—"
"679";"2";"—";"246";"52811 71 84 81 1";"10";"Участвуете в конкурсе";"1956318";"—"
"680";"1";"—";"246";"51691 67 80 89 √";"10";"Участвуете в конкурсе";"1821609";"—"
"681";"4";"Электронное";"245";"56367 88 84 73 3";"—";"Участвуете в конкурсе";"1446689";"—"
"682";"1";"—";"245";"43749 88 68 89";"—";"Участвуете в конкурсе";"2411540";"—"
"683";"1";"—";"245";"46568 86 86 73";"—";"Участвуете в конкурсе";"1181557";"—"
"684";"5";"—";"245";"54416 86 86 73";"—";"Участвуете в конкурсе";"1722499";"—"
"685";"5";"—";"245";"47474 85 90 70 5";"—";"Участвуете в конкурсе";"1330860";"—"
"686";"2";"Электронное";"245";"46471 82 70 93 2";"—";"Участвуете в конкурсе";"1174199";"—"
"687";"7";"—";"245";"23834 80 90 75 3";"—";"Участвуете в конкурсе";"1645058";"—"
"688";"1";"Электронное";"245";"48060 79 80 86 1";"—";"Участвуете в конкурсе";"1421997";"—"
"689";"7";"—";"245";"52300 78 86 81";"—";"Участвуете в конкурсе";"1900374";"—"
"690";"6";"—";"245";"60304 78 86 81 √";"—";"Участвуете в конкурсе";"2421624";"—"
"691";"1";"—";"245";"54103 76 94 75";"—";"Участвуете в конкурсе";"1908727";"—"
"692";"5";"—";"245";"54025 90 80 73 √";"2";"Участвуете в конкурсе";"2045213";"—"
"693";"3";"—";"245";"59905 85 80 78 √";"2";"Участвуете в конкурсе";"2139688";"—"
"694";"4";"—";"245";"47952 83 82 78 √";"2";"Участвуете в конкурсе";"1264314";"—"
"695";"6";"—";"245";"45460 90 80 71 5";"4";"Участвуете в конкурсе";"999082";"—"
"696";"5";"Электронное";"245";"52486 88 72 78 5";"7";"Участвуете в конкурсе";"1911704";"—"
"697";"1";"Электронное";"245";"52810 85 78 75 1";"7";"Участвуете в конкурсе";"1728644";"—"
"698";"2";"Электронное";"245";"46875 83 84 69 1";"9";"Участвуете в конкурсе";"1210344";"—"
"699";"1";"Электронное";"245";"52836 86 76 73 1";"10";"Участвуете в конкурсе";"1946249";"—"
"700";"5";"—";"245";"53453 84 78 73";"10";"Участвуете в конкурсе";"1522189";"—"
"701";"4";"—";"245";"55265 80 80 75";"10";"Участвуете в конкурсе";"1314837";"—"
"702";"2";"—";"245";"52916 80 74 81 √";"10";"Участвуете в конкурсе";"1687487";"—"
"703";"6";"Электронное";"245";"57392 80 74 81 5";"10";"Участвуете в конкурсе";"2327706";"—"
"704";"6";"—";"245";"48399 76 84 75";"10";"Участвуете в конкурсе";"1445650";"—"
"705";"5";"—";"245";"54661 75 90 70 √";"10";"Участвуете в конкурсе";"2092052";"—"
"706";"1";"—";"245";"47894 72 74 89";"10";"Участвуете в конкурсе";"1367179";"—"
"707";"3";"—";"245";"55371 72 72 91";"10";"Участвуете в конкурсе";"1077367";"—"
"708";"3";"—";"245";"49864 67 90 78 √";"10";"Участвуете в конкурсе";"1604821";"—"
"709";"7";"—";"244";"48921 83 78 83 √";"—";"Участвуете в конкурсе";"1338269";"—"
"710";"6";"—";"244";"56819 80 97 67";"—";"Участвуете в конкурсе";"1932669";"—"
"711";"3";"—";"244";"47051 80 86 78";"—";"Участвуете в конкурсе";"1126644";"—"
"712";"2";"Электронное";"244";"46872 80 92 70 1";"2";"Участвуете в конкурсе";"1203923";"—"
"713";"5";"—";"244";"53223 77 92 73 √";"2";"Участвуете в конкурсе";"1984166";"—"
"714";"4";"—";"244";"57627 88 78 75 √";"3";"Участвуете в конкурсе";"2328132";"—"
"715";"4";"—";"244";"53713 78 90 73";"3";"Участвуете в конкурсе";"1996980";"—"
"716";"1";"—";"244";"52962 67 82 91";"4";"Участвуете в конкурсе";"1950711";"—"
"717";"5";"—";"244";"54895 65 78 97";"4";"Участвуете в конкурсе";"2036078";"—"
"718";"4";"Электронное";"244";"52421 88 78 73 4";"5";"Участвуете в конкурсе";"1905276";"—"
"719";"1";"—";"244";"47286 78 86 75";"5";"Участвуете в конкурсе";"1181179";"—"
"720";"1";"Электронное";"244";"59088 78 80 81 1";"5";"Участвуете в конкурсе";"1341785";"—"
"721";"1";"—";"244";"47816 88 80 69 √";"7";"Участвуете в конкурсе";"1367331";"—"
"722";"1";"—";"244";"58046 88 86 60 √";"10";"Участвуете в конкурсе";"2305227";"—"
"723";"3";"Электронное";"244";"50518 82 86 66 1";"10";"Участвуете в конкурсе";"1671600";"—"
"724";"2";"Электронное";"244";"49751 80 76 78 1";"10";"Участвуете в конкурсе";"1613595";"—"
"725";"5";"—";"244";"58505 80 76 78 √";"10";"Участвуете в конкурсе";"2342721";"—"
"726";"3";"—";"244";"46621 75 84 75";"10";"Участвуете в конкурсе";"1178662";"—"
"727";"5";"—";"244";"59001 70 78 86 √";"10";"Участвуете в конкурсе";"1043460";"—"
"728";"2";"Электронное";"243";"58934 99 74 70 1";"—";"Участвуете в конкурсе";"2391464";"—"
"729";"2";"Электронное";"243";"49694 96 80 67 1";"—";"Участвуете в конкурсе";"1668089";"—"
"730";"4";"—";"243";"51803 85 80 78";"—";"Участвуете в конкурсе";"1838182";"—"
"731";"4";"—";"243";"49090 83 82 78";"—";"Участвуете в конкурсе";"1520490";"—"
"732";"5";"Электронное";"243";"47983 78 92 73 4";"—";"Участвуете в конкурсе";"1355139";"—"
"733";"2";"—";"243";"59145 78 82 83";"—";"Участвуете в конкурсе";"2389775";"—"
"734";"6";"Электронное";"243";"48427 94 70 77 6";"2";"Участвуете в конкурсе";"1439885";"—"
"735";"3";"Электронное";"243";"46239 90 84 67 1";"2";"Участвуете в конкурсе";"1042940";"—"
"736";"4";"—";"243";"59091 90 82 69";"2";"Участвуете в конкурсе";"2219877";"—"
"737";"4";"—";"243";"47342 85 84 72";"2";"Участвуете в конкурсе";"1317544";"—"
"738";"1";"—";"243";"57296 80 78 83 √";"2";"Участвуете в конкурсе";"2277172";"—"
"739";"4";"—";"243";"47897 78 88 75 √";"2";"Участвуете в конкурсе";"1367646";"—"
"740";"3";"—";"243";"59763 83 78 78";"4";"Участвуете в конкурсе";"1623934";"—"
"741";"3";"Электронное";"243";"59489 90 88 60 2";"5";"Участвуете в конкурсе";"1844887";"—"
"742";"4";"—";"243";"54116 83 82 73";"5";"Участвуете в конкурсе";"2055358";"—"
"743";"5";"Электронное";"243";"47841 82 82 72 4";"7";"Участвуете в конкурсе";"1346917";"—"
"744";"4";"—";"243";"48163 80 84 72";"7";"Участвуете в конкурсе";"1429280";"—"
"745";"3";"—";"243";"55296 100 70 63 √";"10";"Участвуете в конкурсе";"1216361";"—"
"746";"5";"—";"243";"60124 88 78 67";"10";"Участвуете в конкурсе";"2411374";"—"
"747";"1";"—";"243";"48884 85 76 72";"10";"Участвуете в конкурсе";"1517075";"—"
"748";"5";"—";"243";"49369 83 80 70";"10";"Участвуете в конкурсе";"1288860";"—"
"749";"1";"—";"243";"55594 80 80 73 √";"10";"Участвуете в конкурсе";"1599171";"—"
"750";"9";"Электронное";"243";"51864 76 84 73 9";"10";"Участвуете в конкурсе";"1832388";"—"
"751";"5";"—";"243";"58930 76 76 81 √";"10";"Участвуете в конкурсе";"2322147";"—"
"752";"3";"—";"243";"58836 76 74 83";"10";"Участвуете в конкурсе";"2368369";"—"
"753";"3";"—";"243";"57132 68 76 89 √";"10";"Участвуете в конкурсе";"2040410";"—"
"754";"1";"—";"243";"53660 67 76 90 √";"10";"Участвуете в конкурсе";"1283054";"—"
"755";"4";"—";"242";"56835 93 80 69";"—";"Участвуете в конкурсе";"2201796";"—"
"756";"2";"Электронное";"242";"54889 92 90 60 1";"—";"Участвуете в конкурсе";"2129384";"—"
"757";"5";"Электронное";"242";"49641 88 90 64 5";"—";"Участвуете в конкурсе";"1599849";"—"
"758";"6";"Электронное";"242";"56001 88 82 72 3";"—";"Участвуете в конкурсе";"2223664";"—"
"759";"1";"Электронное";"242";"55315 85 84 73 1";"—";"Участвуете в конкурсе";"2120497";"—"
"760";"4";"—";"242";"56836 85 82 75";"—";"Участвуете в конкурсе";"2245161";"—"
"761";"1";"—";"242";"58119 85 76 81 √";"—";"Участвуете в конкурсе";"1499837";"—"
"762";"3";"—";"242";"58715 83 78 81";"—";"Участвуете в конкурсе";"1514327";"—"
"763";"2";"—";"242";"50264 78 86 78 √";"—";"Участвуете в конкурсе";"1645376";"—"
"764";"3";"—";"242";"56232 75 78 89";"—";"Участвуете в конкурсе";"2229702";"—"
"765";"4";"Электронное";"242";"48807 74 100 68 3";"—";"Участвуете в конкурсе";"1563836";"—"
"766";"1";"—";"242";"50173 88 80 72";"2";"Участвуете в конкурсе";"1356299";"—"
"767";"1";"—";"242";"49346 83 90 67 √";"2";"Участвуете в конкурсе";"1573529";"—"
"768";"6";"—";"242";"57284 83 76 81 √";"2";"Участвуете в конкурсе";"2276687";"—"
"769";"6";"—";"242";"53970 83 74 83 6";"2";"Участвуете в конкурсе";"1288462";"—"
"770";"2";"—";"242";"47443 78 84 78";"2";"Участвуете в конкурсе";"1330992";"—"
"771";"4";"Электронное";"242";"49958 74 80 86 3";"2";"Участвуете в конкурсе";"1656631";"—"
"772";"1";"Электронное";"242";"53332 71 86 83 1";"2";"Участвуете в конкурсе";"1987285";"—"
"773";"1";"—";"242";"55651 88 78 72 √";"4";"Участвуете в конкурсе";"1581452";"—"
"774";"1";"Электронное";"242";"49533 77 78 83 1";"4";"Участвуете в конкурсе";"1424077";"—"
"775";"6";"—";"242";"54452 88 82 67";"5";"Участвуете в конкурсе";"2096871";"—"
"776";"4";"—";"242";"51457 85 82 70";"5";"Участвуете в конкурсе";"1722498";"—"
"777";"6";"—";"242";"58809 76 78 83";"5";"Участвуете в конкурсе";"2209628";"—"
"778";"6";"—";"242";"59069 80 82 73";"7";"Участвуете в конкурсе";"2072741";"—"
"779";"3";"—";"242";"49905 80 80 72";"10";"Участвуете в конкурсе";"1617863";"—"
"780";"5";"—";"242";"56331 75 74 83";"10";"Участвуете в конкурсе";"2252239";"—"
"781";"5";"—";"241";"51023 88 84 69 √";"—";"Участвуете в конкурсе";"1436804";"—"
"782";"2";"—";"241";"49375 88 78 75";"—";"Участвуете в конкурсе";"1575917";"—"
"783";"7";"—";"241";"49469 83 88 70";"—";"Участвуете в конкурсе";"1584681";"—"
"784";"1";"Электронное";"241";"4574 80 100 61 1";"—";"Участвуете в конкурсе";"2040898";"—"
"785";"6";"—";"241";"52880 80 88 73 6";"—";"Участвуете в конкурсе";"1932465";"—"
"786";"3";"—";"241";"37445 80 86 75";"—";"Участвуете в конкурсе";"1845291";"—"
"787";"1";"—";"241";"50745 72 78 91 √";"—";"Участвуете в конкурсе";"1717056";"—"
"788";"4";"Электронное";"241";"50554 90 86 63 4";"2";"Участвуете в конкурсе";"1677650";"—"
"789";"8";"Электронное";"241";"46513 90 74 75 6";"2";"Участвуете в конкурсе";"1174708";"—"
"790";"1";"Электронное";"241";"46585 75 78 86 1";"2";"Участвуете в конкурсе";"1180500";"—"
"791";"2";"—";"241";"54906 70 78 91 √";"2";"Участвуете в конкурсе";"2077080";"—"
"792";"5";"—";"241";"57236 83 82 73";"3";"Участвуете в конкурсе";"2273081";"—"
"793";"4";"—";"241";"55566 79 84 75 √";"3";"Участвуете в конкурсе";"2120501";"—"
"794";"1";"—";"241";"54083 90 80 67";"4";"Участвуете в конкурсе";"2049511";"—"
"795";"1";"Электронное";"241";"50122 88 76 72 1";"5";"Участвуете в конкурсе";"1624472";"—"
"796";"4";"—";"241";"49788 79 74 83";"5";"Участвуете в конкурсе";"1639878";"—"
"797";"5";"—";"241";"52708 83 82 66 √";"10";"Участвуете в конкурсе";"1929767";"—"
"798";"4";"—";"241";"58335 83 76 72 √";"10";"Участвуете в конкурсе";"2303911";"—"
"799";"3";"Электронное";"241";"46201 83 70 78 1";"10";"Участвуете в конкурсе";"1125112";"—"
"800";"4";"—";"241";"59253 82 82 67";"10";"Участвуете в конкурсе";"1989579";"—"
"801";"1";"—";"241";"47735 80 82 69";"10";"Участвуете в конкурсе";"1362402";"—"
"802";"2";"Электронное";"241";"45871 80 76 75 1";"10";"Участвуете в конкурсе";"1060586";"—"
"803";"2";"—";"241";"47536 80 76 75 √";"10";"Участвуете в конкурсе";"1336941";"—"
"804";"2";"Электронное";"241";"48588 78 80 73 1";"10";"Участвуете в конкурсе";"1488355";"—"
"805";"2";"—";"241";"54722 78 78 75 √";"10";"Участвуете в конкурсе";"1504029";"—"
"806";"1";"—";"241";"57408 78 58 95";"10";"Участвуете в конкурсе";"1846353";"—"
"807";"2";"Электронное";"241";"52682 71 82 78 2";"10";"Участвуете в конкурсе";"1900812";"—"
"808";"6";"—";"241";"50345 67 78 86";"10";"Участвуете в конкурсе";"1649669";"—"
"809";"5";"—";"241";"54263 64 78 89 √";"10";"Участвуете в конкурсе";"2065294";"—"
"810";"2";"—";"240";"57473 85 86 69";"—";"Участвуете в конкурсе";"2264643";"—"
"811";"2";"—";"240";"58294 85 82 73";"—";"Участвуете в конкурсе";"2312775";"—"
"812";"1";"—";"240";"49292 85 80 75";"—";"Участвуете в конкурсе";"1569497";"—"
"813";"1";"—";"240";"55391 80 82 78 √";"—";"Участвуете в конкурсе";"1559620";"—"
"814";"1";"Электронное";"240";"54917 78 90 72 1";"—";"Участвуете в конкурсе";"1933357";"—"
"815";"2";"Электронное";"240";"16177 78 84 78 2";"—";"Участвуете в конкурсе";"1644047";"—"
"816";"2";"—";"240";"59726 74 88 78 √";"—";"Участвуете в конкурсе";"1259193";"—"
"817";"3";"—";"240";"58399 88 84 66";"2";"Участвуете в конкурсе";"2308806";"—"
"818";"2";"—";"240";"50218 88 72 78";"2";"Участвуете в конкурсе";"1344888";"—"
"819";"2";"—";"240";"54061 79 84 75 √";"2";"Участвуете в конкурсе";"1953294";"—"
"820";"2";"—";"240";"51257 79 78 81";"2";"Участвуете в конкурсе";"1785697";"—"
"821";"2";"—";"240";"53766 75 80 83";"2";"Участвуете в конкурсе";"1584888";"—"
"822";"5";"—";"240";"49945 83 84 69 √";"4";"Участвуете в конкурсе";"1615259";"—"
"823";"3";"—";"240";"51577 80 86 70";"4";"Участвуете в конкурсе";"1798559";"—"
"824";"3";"—";"240";"53144 72 80 83";"5";"Участвуете в конкурсе";"1868360";"—"
"825";"4";"Электронное";"240";"46701 86 78 69 3";"7";"Участвуете в конкурсе";"1176254";"—"
"826";"2";"—";"240";"58151 85 88 60";"7";"Участвуете в конкурсе";"2250094";"—"
"827";"3";"—";"240";"55281 86 80 64 √";"10";"Участвуете в конкурсе";"1809630";"—"
"828";"6";"—";"240";"46962 84 74 72";"10";"Участвуете в конкурсе";"1255151";"—"
"829";"4";"—";"240";"58284 83 74 73";"10";"Участвуете в конкурсе";"1954879";"—"
"830";"2";"—";"240";"53517 80 72 78";"10";"Участвуете в конкурсе";"1996331";"—"
"831";"7";"—";"240";"57634 78 86 66 √";"10";"Участвуете в конкурсе";"2334608";"—"
"832";"3";"—";"240";"50952 77 78 75 10";"10";"Участвуете в конкурсе";"1726249";"—"
"833";"1";"—";"240";"58387 75 82 73 √";"10";"Участвуете в конкурсе";"2365080";"—"
"834";"2";"Электронное";"240";"59388 75 82 73 1";"10";"Участвуете в конкурсе";"2408771";"—"
"835";"5";"—";"240";"51266 74 70 86 √";"10";"Участвуете в конкурсе";"1759559";"—"
"836";"2";"—";"240";"52575 67 82 81";"10";"Участвуете в конкурсе";"1913951";"—"
"837";"1";"—";"240";"50109 62 82 86";"10";"Участвуете в конкурсе";"1621925";"—"
"838";"1";"—";"239";"47022 88 88 63";"—";"Участвуете в конкурсе";"1277361";"—"
"839";"2";"—";"239";"56908 88 76 75";"—";"Участвуете в конкурсе";"2247241";"—"
"840";"2";"—";"239";"57202 85 84 70 √";"—";"Участвуете в конкурсе";"2273905";"—"
"841";"3";"—";"239";"56515 83 84 72";"—";"Участвуете в конкурсе";"2213430";"—"
"842";"1";"—";"239";"58315 83 84 72";"—";"Участвуете в конкурсе";"2339782";"—"
"843";"5";"—";"239";"52775 83 78 78";"—";"Участвуете в конкурсе";"1938793";"—"
"844";"3";"—";"239";"56800 83 78 78";"—";"Участвуете в конкурсе";"2229826";"—"
"845";"3";"—";"239";"56164 80 78 81";"—";"Участвуете в конкурсе";"2229589";"—"
"846";"4";"—";"239";"46829 80 74 85";"—";"Участвуете в конкурсе";"1209301";"—"
"847";"1";"Электронное";"239";"51422 78 86 75 1";"—";"Участвуете в конкурсе";"1791041";"—"
"848";"1";"Электронное";"239";"45733 78 80 81 1";"—";"Участвуете в конкурсе";"1032388";"—"
"849";"2";"Электронное";"239";"47727 78 78 83 2";"—";"Участвуете в конкурсе";"1354308";"—"
"850";"3";"Электронное";"239";"52956 62 100 77 2";"—";"Участвуете в конкурсе";"1698246";"—"
"851";"5";"—";"239";"53055 90 86 61";"2";"Участвуете в конкурсе";"1965537";"—"
"852";"3";"—";"239";"58940 85 80 72 √";"2";"Участвуете в конкурсе";"1774234";"—"
"853";"2";"—";"239";"54122 78 78 81";"2";"Участвуете в конкурсе";"2048665";"—"
"854";"7";"—";"239";"50842 70 84 83 √";"2";"Участвуете в конкурсе";"1644795";"—"
"855";"1";"—";"239";"49407 80 86 69";"4";"Участвуете в конкурсе";"1552314";"—"
"856";"1";"Электронное";"239";"46548 85 80 67 1";"7";"Участвуете в конкурсе";"1066897";"—"
"857";"1";"Электронное";"239";"47973 83 76 70 1";"10";"Участвуете в конкурсе";"1361236";"—"
"858";"1";"—";"239";"46559 82 78 69";"10";"Участвуете в конкурсе";"1214489";"—"
"859";"4";"—";"239";"49462 80 80 69";"10";"Участвуете в конкурсе";"1578433";"—"
"860";"1";"—";"239";"57327 80 76 73";"10";"Участвуете в конкурсе";"1306607";"—"
"861";"2";"—";"239";"52556 78 76 75 √";"10";"Участвуете в конкурсе";"1391447";"—"
"862";"6";"Электронное";"239";"57546 78 76 75 5";"10";"Участвуете в конкурсе";"2318432";"—"
"863";"1";"Электронное";"239";"56275 77 80 72 2";"10";"Участвуете в конкурсе";"1611284";"—"
"864";"7";"Электронное";"239";"46243 76 78 75 6";"10";"Участвуете в конкурсе";"1133666";"—"
"865";"4";"—";"239";"53017 75 84 70";"10";"Участвуете в конкурсе";"1730215";"—"
"866";"1";"Электронное";"239";"57581 75 76 78 1";"10";"Участвуете в конкурсе";"1191496";"—"
"867";"6";"Электронное";"239";"57734 72 100 57 4";"10";"Участвуете в конкурсе";"2212521";"—"
"868";"4";"—";"239";"54686 72 84 73 √";"10";"Участвуете в конкурсе";"2100361";"—"
"869";"6";"—";"239";"60335 70 76 83 √";"10";"Участвуете в конкурсе";"1975485";"—"
"870";"3";"—";"239";"52555 65 78 86 √";"10";"Участвуете в конкурсе";"1773638";"—"
"871";"8";"—";"239";"56385 64 90 75 √";"10";"Участвуете в конкурсе";"2249990";"—"
"872";"4";"—";"238";"47121 92 80 66 4";"—";"Участвуете в конкурсе";"1283512";"—"
"873";"1";"Электронное";"238";"50159 90 84 64 1";"—";"Участвуете в конкурсе";"1631716";"—"
"874";"7";"—";"238";"55875 88 80 70";"—";"Участвуете в конкурсе";"1285620";"—"
"875";"1";"Электронное";"238";"48052 86 82 70 1";"—";"Участвуете в конкурсе";"1349212";"—"
"876";"1";"Электронное";"238";"46786 85 90 63 1";"—";"Участвуете в конкурсе";"1190553";"—"
"877";"4";"—";"238";"54490 83 72 83 √";"—";"Участвуете в конкурсе";"2098145";"—"
"878";"1";"—";"238";"28870 83 70 85";"—";"Участвуете в конкурсе";"2416869";"—"
"879";"2";"—";"238";"50493 78 82 78";"—";"Участвуете в конкурсе";"1661250";"—"
"880";"1";"—";"238";"57006 75 88 75 √";"—";"Участвуете в конкурсе";"2259100";"—"
"881";"2";"—";"238";"20709 75 80 83 √";"—";"Участвуете в конкурсе";"1155018";"—"
"882";"5";"—";"238";"56052 75 80 83";"—";"Участвуете в конкурсе";"2205728";"—"
"883";"2";"—";"238";"46994 70 82 86 √";"—";"Участвуете в конкурсе";"1253466";"—"
"884";"5";"—";"238";"54357 94 84 58";"2";"Участвуете в конкурсе";"1342513";"—"
"885";"4";"—";"238";"50420 88 76 72 √";"2";"Участвуете в конкурсе";"1647709";"—"
"886";"2";"—";"238";"51135 80 92 64";"2";"Участвуете в конкурсе";"1462626";"—"
"887";"1";"Электронное";"238";"52111 80 78 78 1";"2";"Участвуете в конкурсе";"1508335";"—"
"888";"2";"Электронное";"238";"56146 80 78 78 2";"2";"Участвуете в конкурсе";"2179847";"—"
"889";"3";"—";"238";"48388 72 78 86";"2";"Участвуете в конкурсе";"1286440";"—"
"890";"2";"—";"238";"50452 83 86 66";"3";"Участвуете в конкурсе";"1649609";"—"
"891";"2";"—";"238";"52324 78 86 69";"5";"Участвуете в конкурсе";"1890233";"—"
"892";"1";"—";"238";"50620 75 86 72";"5";"Участвуете в конкурсе";"1708435";"—"
"893";"5";"Электронное";"238";"48381 73 90 70 4";"5";"Участвуете в конкурсе";"1446374";"—"
"894";"3";"Электронное";"238";"47730 70 80 83 1";"5";"Участвуете в конкурсе";"1370823";"—"
"895";"5";"Электронное";"238";"45289 88 70 70 5";"10";"Участвуете в конкурсе";"955665";"—"
"896";"4";"—";"238";"53174 79 74 75";"10";"Участвуете в конкурсе";"1855710";"—"
"897";"1";"Электронное";"238";"48307 77 82 69 1";"10";"Участвуете в конкурсе";"1432096";"—"
"898";"4";"Электронное";"238";"51047 76 74 78 3";"10";"Участвуете в конкурсе";"1730393";"—"
"899";"1";"—";"238";"55896 74 82 72 √";"10";"Участвуете в конкурсе";"2208794";"—"
"900";"4";"—";"238";"51631 73 82 73";"10";"Участвуете в конкурсе";"1799221";"—"
"901";"2";"—";"238";"59938 72 78 78";"10";"Участвуете в конкурсе";"2096782";"—"
"902";"2";"—";"238";"56210 72 70 86 √";"10";"Участвуете в конкурсе";"2230234";"—"
"903";"4";"—";"238";"59588 70 92 66 √";"10";"Участвуете в конкурсе";"2402338";"—"
"904";"2";"Электронное";"238";"47987 70 80 78 2";"10";"Участвуете в конкурсе";"1364184";"—"
"905";"5";"—";"238";"57462 70 80 78";"10";"Участвуете в конкурсе";"2002748";"—"
"906";"6";"—";"238";"50477 62 80 86 √";"10";"Участвуете в конкурсе";"1652526";"—"
"907";"3";"Электронное";"237";"52498 88 74 75 3";"—";"Участвуете в конкурсе";"1903533";"—"
"908";"2";"—";"237";"58671 85 94 58";"—";"Участвуете в конкурсе";"2243130";"—"
"909";"6";"—";"237";"59662 85 80 72 √";"—";"Участвуете в конкурсе";"1356245";"—"
"910";"5";"Электронное";"237";"48398 80 88 69 5";"—";"Участвуете в конкурсе";"1439744";"—"
"911";"5";"—";"237";"46973 80 84 73 √";"—";"Участвуете в конкурсе";"1252389";"—"
"912";"1";"—";"237";"54768 80 82 75";"—";"Участвуете в конкурсе";"2104272";"—"
"913";"3";"—";"237";"59479 78 78 81 √";"—";"Участвуете в конкурсе";"1261585";"—"
"914";"1";"—";"237";"53220 56 90 91";"—";"Участвуете в конкурсе";"1844325";"—"
"915";"1";"—";"237";"52446 93 82 60";"2";"Участвуете в конкурсе";"1911203";"—"
"916";"5";"—";"237";"55025 86 82 67 5";"2";"Участвуете в конкурсе";"2136007";"—"
"917";"1";"Электронное";"237";"48440 80 100 55 1";"2";"Участвуете в конкурсе";"1466596";"—"
"918";"3";"—";"237";"55865 80 88 67";"2";"Участвуете в конкурсе";"1280522";"—"
"919";"2";"—";"237";"57040 80 82 73";"2";"Участвуете в конкурсе";"1345059";"—"
"920";"1";"—";"237";"55753 80 82 73";"2";"Участвуете в конкурсе";"2169707";"—"
"921";"1";"—";"237";"51635 78 82 75";"2";"Участвуете в конкурсе";"1799278";"—"
"922";"1";"Электронное";"237";"50622 77 80 78 1";"2";"Участвуете в конкурсе";"1635234";"—"
"923";"1";"—";"237";"55097 83 76 75";"3";"Участвуете в конкурсе";"1989058";"—"
"924";"4";"—";"237";"47182 85 84 64";"4";"Участвуете в конкурсе";"1287679";"—"
"925";"1";"Электронное";"237";"59072 75 72 86 1";"4";"Участвуете в конкурсе";"2391524";"—"
"926";"2";"Электронное";"237";"51570 88 72 72 1";"5";"Участвуете в конкурсе";"1797165";"—"
"927";"1";"—";"237";"51660 85 92 55";"5";"Участвуете в конкурсе";"1320702";"—"
"928";"1";"Электронное";"237";"52692 83 82 67 1";"5";"Участвуете в конкурсе";"1345574";"—"
"929";"3";"—";"237";"49380 80 82 70";"5";"Участвуете в конкурсе";"1577144";"—"
"930";"1";"—";"237";"51345 83 80 67";"7";"Участвуете в конкурсе";"1692295";"—"
"931";"4";"—";"237";"49610 73 82 73";"9";"Участвуете в конкурсе";"1582888";"—"
"932";"1";"Электронное";"237";"45298 86 80 61 1";"10";"Участвуете в конкурсе";"961890";"—"
"933";"3";"—";"237";"58352 82 72 73";"10";"Участвуете в конкурсе";"1560371";"—"
"934";"6";"—";"237";"46709 80 72 75";"10";"Участвуете в конкурсе";"1176540";"—"
"935";"5";"—";"237";"60267 80 72 75 √";"10";"Участвуете в конкурсе";"2143299";"—"
"936";"2";"—";"237";"52883 80 64 83";"10";"Участвуете в конкурсе";"1946382";"—"
"937";"7";"Электронное";"237";"52323 70 70 87 6";"10";"Участвуете в конкурсе";"1899885";"—"
"938";"9";"Электронное";"237";"49690 67 74 86 1";"10";"Участвуете в конкурсе";"1366585";"—"
"939";"4";"—";"236";"59095 90 80 66";"—";"Участвуете в конкурсе";"1654434";"—"
"940";"1";"—";"236";"59993 90 76 70 √";"—";"Участвуете в конкурсе";"1779694";"—"
"941";"1";"Электронное";"236";"52644 88 80 68 1";"—";"Участвуете в конкурсе";"1948009";"—"
"942";"6";"Электронное";"236";"50335 88 78 70 6";"—";"Участвуете в конкурсе";"1648581";"—"
"943";"1";"—";"236";"59757 86 80 70 √";"—";"Участвуете в конкурсе";"1584274";"—"
"944";"1";"—";"236";"55189 85 84 67 √";"—";"Участвуете в конкурсе";"1474951";"—"
"945";"6";"—";"236";"57496 85 78 73";"—";"Участвуете в конкурсе";"2269895";"—"
"946";"1";"—";"236";"50630 83 92 61";"—";"Участвуете в конкурсе";"1483926";"—"
"947";"3";"—";"236";"57249 83 80 73 √";"—";"Участвуете в конкурсе";"2273131";"—"
"948";"4";"—";"236";"60326 82 84 70 √";"—";"Участвуете в конкурсе";"1529700";"—"
"949";"1";"Электронное";"236";"54403 80 90 66 1";"—";"Участвуете в конкурсе";"2067918";"—"
"950";"2";"—";"236";"58977 80 78 78 √";"—";"Участвуете в конкурсе";"1367496";"—"
"951";"3";"—";"236";"58058 79 74 83";"—";"Участвуете в конкурсе";"2305403";"—"
"952";"1";"Электронное";"236";"53487 76 100 60 1";"—";"Участвуете в конкурсе";"2025175";"—"
"953";"1";"Электронное";"236";"54096 75 78 83 1";"—";"Участвуете в конкурсе";"2054966";"—"
"954";"1";"Электронное";"236";"59725 72 86 78 1";"—";"Участвуете в конкурсе";"1252663";"—"
"955";"3";"—";"236";"47809 72 86 78";"—";"Участвуете в конкурсе";"1362892";"—"
"956";"1";"Электронное";"236";"46862 67 78 91 1";"—";"Участвуете в конкурсе";"1202890";"—"
"957";"3";"—";"236";"51323 85 82 67";"2";"Участвуете в конкурсе";"1792934";"—"
"958";"4";"—";"236";"58762 82 86 66 √";"2";"Участвуете в конкурсе";"1498655";"—"
"959";"1";"—";"236";"58615 64 92 78";"2";"Участвуете в конкурсе";"2342203";"—"
"960";"7";"—";"236";"47053 78 80 75";"3";"Участвуете в конкурсе";"1187809";"—"
"961";"7";"—";"236";"55504 70 76 86";"4";"Участвуете в конкурсе";"2179182";"—"
"962";"2";"—";"236";"59515 75 84 72";"5";"Участвуете в конкурсе";"1206514";"—"
"963";"1";"—";"236";"53051 80 78 70";"8";"Участвуете в конкурсе";"1964798";"—"
"964";"4";"—";"236";"49911 88 74 64 √";"10";"Участвуете в конкурсе";"1616598";"—"
"965";"3";"—";"236";"50484 80 80 66";"10";"Участвуете в конкурсе";"1651032";"—"
"966";"5";"—";"236";"59215 80 76 70 √";"10";"Участвуете в конкурсе";"2403195";"—"
"967";"2";"Электронное";"236";"57078 78 84 64 2";"10";"Участвуете в конкурсе";"2216256";"—"
"968";"2";"—";"236";"47071 78 76 72";"10";"Участвуете в конкурсе";"1280168";"—"
"969";"1";"—";"236";"60139 78 76 72";"10";"Участвуете в конкурсе";"2314801";"—"
"970";"1";"—";"236";"50042 75 76 75";"10";"Участвуете в конкурсе";"1607941";"—"
"971";"1";"Электронное";"236";"51769 70 78 78 1";"10";"Участвуете в конкурсе";"1832163";"—"
"972";"1";"—";"236";"51114 68 80 78 √";"10";"Участвуете в конкурсе";"1759605";"—"
"973";"6";"—";"236";"54451 67 78 81 √";"10";"Участвуете в конкурсе";"2041945";"—"
"974";"1";"—";"235";"49624 90 64 81";"—";"Участвуете в конкурсе";"1611314";"—"
"975";"3";"—";"235";"52069 86 74 75 √";"—";"Участвуете в конкурсе";"1252736";"—"
"976";"2";"Электронное";"235";"48305 80 88 67 2";"—";"Участвуете в конкурсе";"1444245";"—"
"977";"1";"Электронное";"235";"55944 80 80 75 1";"—";"Участвуете в конкурсе";"1800195";"—"
"978";"3";"—";"235";"55693 80 78 77 √";"—";"Участвуете в конкурсе";"2064409";"—"
"979";"6";"—";"235";"47472 80 72 83";"—";"Участвуете в конкурсе";"1334867";"—"
"980";"5";"—";"235";"59998 74 94 67 √";"—";"Участвуете в конкурсе";"2312381";"—"
"981";"3";"—";"235";"54868 74 86 75";"—";"Участвуете в конкурсе";"2133413";"—"
"982";"2";"—";"235";"52061 68 84 83";"—";"Участвуете в конкурсе";"1857826";"—"
"983";"7";"—";"235";"47458 90 76 67";"2";"Участвуете в конкурсе";"1238237";"—"
"984";"5";"Электронное";"235";"47835 88 78 67 3";"2";"Участвуете в конкурсе";"1361263";"—"
"985";"6";"Электронное";"235";"60329 85 82 66 5";"2";"Участвуете в конкурсе";"1544486";"—"
"986";"3";"—";"235";"56372 83 84 66 √";"2";"Участвуете в конкурсе";"2182361";"—"
"987";"1";"Электронное";"235";"58403 80 78 75 1";"2";"Участвуете в конкурсе";"2343809";"—"
"988";"3";"—";"235";"57630 79 88 66 √";"2";"Участвуете в конкурсе";"2272901";"—"
"989";"3";"—";"235";"53032 78 82 73 √";"2";"Участвуете в конкурсе";"1965027";"—"
"990";"4";"—";"235";"54797 76 74 83";"2";"Участвуете в конкурсе";"2124487";"—"
"991";"3";"Электронное";"235";"55428 70 80 83 3";"2";"Участвуете в конкурсе";"2051863";"—"
"992";"2";"Электронное";"235";"60230 86 78 66 2";"5";"Участвуете в конкурсе";"2416088";"—"
"993";"5";"—";"235";"58088 84 78 63 √";"10";"Участвуете в конкурсе";"1510453";"—"
"994";"4";"—";"235";"48678 80 78 67 √";"10";"Участвуете в конкурсе";"1318021";"—"
"995";"5";"Электронное";"235";"51075 78 74 73 5";"10";"Участвуете в конкурсе";"1766187";"—"
"996";"1";"—";"235";"54953 78 72 75 √";"10";"Участвуете в конкурсе";"2131838";"—"
"997";"7";"—";"235";"54179 75 80 70";"10";"Участвуете в конкурсе";"1788919";"—"
"998";"4";"Электронное";"235";"47423 67 80 78 4";"10";"Участвуете в конкурсе";"1329948";"—"
"999";"1";"—";"235";"52839 67 64 94";"10";"Участвуете в конкурсе";"1936106";"—"
"1000";"2";"Электронное";"235";"49076 54 80 91 1";"10";"Участвуете в конкурсе";"1357147";"—"
"1001";"1";"Электронное";"234";"56759 90 78 66 1";"—";"Участвуете в конкурсе";"2264063";"—"
"1002";"3";"Электронное";"234";"51011 86 88 60 1";"—";"Участвуете в конкурсе";"1743414";"—"
"1003";"5";"—";"234";"51370 83 84 67";"—";"Участвуете в конкурсе";"1787250";"—"
"1004";"3";"—";"234";"50062 83 82 69";"—";"Участвуете в конкурсе";"1624334";"—"
"1005";"6";"—";"234";"52793 83 78 73 √";"—";"Участвуете в конкурсе";"1938352";"—"
"1006";"1";"—";"234";"57514 83 76 75 √";"—";"Участвуете в конкурсе";"2314674";"—"
"1007";"1";"Электронное";"234";"51884 82 90 62 1";"—";"Участвуете в конкурсе";"1845547";"—"
"1008";"6";"—";"234";"56905 80 84 70";"—";"Участвуете в конкурсе";"1899756";"—"
"1009";"3";"Электронное";"234";"50719 80 82 72 2";"—";"Участвуете в конкурсе";"1290798";"—"
"1010";"8";"—";"234";"51869 80 76 78 √";"—";"Участвуете в конкурсе";"1515098";"—"
"1011";"4";"Электронное";"234";"54017 78 86 70 2";"—";"Участвуете в конкурсе";"2053394";"—"
"1012";"4";"Электронное";"234";"28775 78 84 72 4";"—";"Участвуете в конкурсе";"2031547";"—"
"1013";"5";"—";"234";"58629 78 84 72";"—";"Участвуете в конкурсе";"2363674";"—"
"1014";"1";"Электронное";"234";"54684 77 84 73 5";"—";"Участвуете в конкурсе";"1730887";"—"
"1015";"2";"—";"234";"47825 77 82 75";"—";"Участвуете в конкурсе";"1283987";"—"
"1016";"1";"Электронное";"234";"55346 76 90 68 1";"—";"Участвуете в конкурсе";"2168790";"—"
"1017";"4";"—";"234";"57528 75 78 81 √";"—";"Участвуете в конкурсе";"2180833";"—"
"1018";"2";"—";"234";"60022 70 86 78 √";"—";"Участвуете в конкурсе";"2357960";"—"
"1019";"2";"—";"234";"47375 67 92 75 √";"—";"Участвуете в конкурсе";"1321391";"—"
"1020";"4";"Электронное";"234";"31698 67 86 81 2";"—";"Участвуете в конкурсе";"1268295";"—"
"1021";"5";"—";"234";"50961 90 82 60";"2";"Участвуете в конкурсе";"1730150";"—"
"1022";"8";"Электронное";"234";"52440 85 74 73 1";"2";"Участвуете в конкурсе";"1910478";"—"
"1023";"1";"Электронное";"234";"58355 83 82 67 1";"2";"Участвуете в конкурсе";"2346006";"—"
"1024";"4";"—";"234";"48626 83 80 69";"2";"Участвуете в конкурсе";"1282091";"—"
"1025";"1";"Электронное";"234";"54892 83 76 73 1";"2";"Участвуете в конкурсе";"1260305";"—"
"1026";"2";"Электронное";"234";"57986 80 82 70 1";"2";"Участвуете в конкурсе";"2298264";"—"
"1027";"1";"—";"234";"51068 77 82 73";"2";"Участвуете в конкурсе";"1612806";"—"
"1028";"6";"—";"234";"59030 72 74 86 √";"2";"Участвуете в конкурсе";"1756152";"—"
"1029";"1";"Электронное";"234";"47667 75 84 72 1";"3";"Участвуете в конкурсе";"1366251";"—"
"1030";"2";"—";"234";"51930 76 80 73 √";"5";"Участвуете в конкурсе";"1438168";"—"
"1031";"1";"Электронное";"234";"50588 64 76 89 1";"5";"Участвуете в конкурсе";"1696142";"—"
"1032";"1";"Электронное";"234";"53311 78 82 66 1";"8";"Участвуете в конкурсе";"1986870";"—"
"1033";"1";"Электронное";"234";"54876 88 82 54 1";"10";"Участвуете в конкурсе";"2129783";"—"
"1034";"1";"Электронное";"234";"45955 86 80 58 1";"10";"Участвуете в конкурсе";"1077647";"—"
"1035";"6";"—";"234";"48233 83 78 63";"10";"Участвуете в конкурсе";"1426361";"—"
"1036";"5";"—";"234";"48612 83 72 69";"10";"Участвуете в конкурсе";"1286824";"—"
"1037";"3";"Электронное";"234";"53463 78 82 64 6";"10";"Участвуете в конкурсе";"1998130";"—"
"1038";"4";"Электронное";"234";"49906 76 90 58 1";"10";"Участвуете в конкурсе";"1641931";"—"
"1039";"6";"—";"234";"57652 76 88 60 √";"10";"Участвуете в конкурсе";"2326456";"—"
"1040";"5";"—";"234";"55475 75 76 73";"10";"Участвуете в конкурсе";"1241134";"—"
"1041";"4";"—";"234";"57395 70 76 78 √";"10";"Участвуете в конкурсе";"2315550";"—"
"1042";"1";"—";"234";"51402 64 82 78";"10";"Участвуете в конкурсе";"1784645";"—"
"1043";"5";"—";"233";"50154 85 78 70 √";"—";"Участвуете в конкурсе";"1416540";"—"
"1044";"3";"—";"233";"57753 85 78 70";"—";"Участвуете в конкурсе";"2311192";"—"
"1045";"3";"—";"233";"53070 78 88 67";"—";"Участвуете в конкурсе";"1960491";"—"
"1046";"2";"—";"233";"55341 78 86 69";"—";"Участвуете в конкурсе";"2170347";"—"
"1047";"4";"—";"233";"49965 78 80 75 √";"—";"Участвуете в конкурсе";"1607902";"—"
"1048";"1";"—";"233";"56783 78 80 75";"—";"Участвуете в конкурсе";"2243105";"—"
"1049";"3";"—";"233";"49313 78 74 81";"—";"Участвуете в конкурсе";"1569801";"—"
"1050";"5";"—";"233";"52643 78 72 83 √";"—";"Участвуете в конкурсе";"1577122";"—"
"1051";"5";"—";"233";"56519 76 84 73";"—";"Участвуете в конкурсе";"2245085";"—"
"1052";"2";"Электронное";"233";"47006 70 82 81 1";"—";"Участвуете в конкурсе";"1248637";"—"
"1053";"2";"—";"233";"52748 93 80 58";"2";"Участвуете в конкурсе";"1846643";"—"
"1054";"7";"—";"233";"57918 83 78 70";"2";"Участвуете в конкурсе";"2134539";"—"
"1055";"2";"Электронное";"233";"52303 80 84 67 2";"2";"Участвуете в конкурсе";"1891690";"—"
"1056";"1";"—";"233";"53636 78 72 81";"2";"Участвуете в конкурсе";"1968991";"—"
"1057";"2";"—";"233";"51720 64 86 81";"2";"Участвуете в конкурсе";"1345139";"—"
"1058";"1";"Электронное";"233";"57976 85 82 63 1";"3";"Участвуете в конкурсе";"1134387";"—"
"1059";"6";"—";"233";"51843 78 84 67 6";"4";"Участвуете в конкурсе";"1853137";"—"
"1060";"3";"—";"233";"53791 72 76 81 √";"4";"Участвуете в конкурсе";"2022680";"—"
"1061";"5";"—";"233";"45992 61 82 86";"4";"Участвуете в конкурсе";"1077980";"—"
"1062";"5";"—";"233";"54640 71 82 73 √";"7";"Участвуете в конкурсе";"970028";"—"
"1063";"2";"—";"233";"57173 70 78 78 √";"7";"Участвуете в конкурсе";"2273469";"—"
"1064";"3";"—";"233";"50815 80 78 66";"9";"Участвуете в конкурсе";"1724765";"—"
"1065";"1";"—";"233";"56484 71 72 81";"9";"Участвуете в конкурсе";"2254921";"—"
"1066";"5";"Электронное";"233";"53029 80 80 63 4";"10";"Участвуете в конкурсе";"1963276";"—"
"1067";"6";"—";"233";"56021 79 78 66";"10";"Участвуете в конкурсе";"2221949";"—"
"1068";"6";"Электронное";"233";"48560 78 82 63 5";"10";"Участвуете в конкурсе";"1484821";"—"
"1069";"4";"—";"233";"51730 78 78 67 √";"10";"Участвуете в конкурсе";"1459621";"—"
"1070";"2";"—";"233";"49740 77 76 70";"10";"Участвуете в конкурсе";"1643660";"—"
"1071";"5";"Электронное";"233";"53075 72 78 73 5";"10";"Участвуете в конкурсе";"1960930";"—"
"1072";"1";"Электронное";"233";"58779 70 80 73 1";"10";"Участвуете в конкурсе";"2370010";"—"
"1073";"2";"—";"233";"56377 67 78 78 √";"10";"Участвуете в конкурсе";"2034141";"—"
"1074";"4";"—";"233";"51670 56 84 83 √";"10";"Участвуете в конкурсе";"1823083";"—"
"1075";"1";"Электронное";"232";"55085 88 90 54 1";"—";"Участвуете в конкурсе";"2150690";"—"
"1076";"1";"—";"232";"52122 85 78 69";"—";"Участвуете в конкурсе";"1729459";"—"
"1077";"1";"Электронное";"232";"45332 84 90 58 1";"—";"Участвуете в конкурсе";"968780";"—"
"1078";"1";"Электронное";"232";"58596 83 80 69 1";"—";"Участвуете в конкурсе";"2279403";"—"
"1079";"5";"—";"232";"52021 80 82 70";"—";"Участвуете в конкурсе";"1570796";"—"
"1080";"5";"—";"232";"49959 80 82 70";"—";"Участвуете в конкурсе";"1617917";"—"
"1081";"6";"—";"232";"49255 80 74 78 √";"—";"Участвуете в конкурсе";"1587648";"—"
"1082";"4";"—";"232";"57527 80 74 78 2";"—";"Участвуете в конкурсе";"2273899";"—"
"1083";"3";"—";"232";"56057 78 84 70 √";"—";"Участвуете в конкурсе";"2225883";"—"
"1084";"5";"Электронное";"232";"46876 78 76 78 4";"—";"Участвуете в конкурсе";"1202175";"—"
"1085";"2";"—";"232";"58311 78 76 78";"—";"Участвуете в конкурсе";"2343311";"—"
"1086";"1";"—";"232";"55440 75 88 69";"—";"Участвуете в конкурсе";"957094";"—"
"1087";"5";"—";"232";"54615 75 76 81";"—";"Участвуете в конкурсе";"2096533";"—"
"1088";"5";"—";"232";"46703 70 76 86";"—";"Участвуете в конкурсе";"1180753";"—"
"1089";"2";"Электронное";"232";"48276 67 84 81 1";"—";"Участвуете в конкурсе";"1432369";"—"
"1090";"3";"—";"232";"52595 65 84 83 √";"—";"Участвуете в конкурсе";"1914464";"—"
"1091";"3";"—";"232";"49753 80 86 64";"2";"Участвуете в конкурсе";"1509681";"—"
"1092";"1";"—";"232";"48862 80 80 70";"2";"Участвуете в конкурсе";"1346297";"—"
"1093";"4";"—";"232";"52738 80 80 70 √";"2";"Участвуете в конкурсе";"1653102";"—"
"1094";"1";"—";"232";"53679 80 78 72 √";"2";"Участвуете в конкурсе";"1287332";"—"
"1095";"1";"Электронное";"232";"56027 78 74 78 1";"2";"Участвуете в конкурсе";"1544487";"—"
"1096";"1";"—";"232";"52812 76 88 66 √";"2";"Участвуете в конкурсе";"1945700";"—"
"1097";"2";"—";"232";"55994 75 80 75";"2";"Участвуете в конкурсе";"1912935";"—"
"1098";"1";"—";"232";"9390 88 74 67";"3";"Участвуете в конкурсе";"2415887";"—"
"1099";"1";"—";"232";"57924 85 82 61 √";"4";"Участвуете в конкурсе";"1950100";"—"
"1100";"1";"—";"232";"50332 80 82 66 √";"4";"Участвуете в конкурсе";"1383893";"—"
"1101";"5";"Электронное";"232";"49284 79 80 63 3";"10";"Участвуете в конкурсе";"1569117";"—"
"1102";"2";"—";"232";"49470 78 78 66";"10";"Участвуете в конкурсе";"1584808";"—"
"1103";"3";"—";"232";"58592 75 86 61 √";"10";"Участвуете в конкурсе";"2363638";"—"
"1104";"7";"Электронное";"232";"50485 75 78 69 7";"10";"Участвуете в конкурсе";"1633463";"—"
"1105";"6";"Электронное";"232";"55591 70 80 72 5";"10";"Участвуете в конкурсе";"1985510";"—"
"1106";"4";"—";"232";"48794 68 76 78 √";"10";"Участвуете в конкурсе";"1517588";"—"
"1107";"1";"—";"232";"57272 67 82 73";"10";"Участвуете в конкурсе";"2273897";"—"
"1108";"1";"Электронное";"232";"50015 67 74 81 1";"10";"Участвуете в конкурсе";"1567115";"—"
"1109";"1";"Электронное";"232";"52828 64 88 70 1";"10";"Участвуете в конкурсе";"1907006";"—"
"1110";"1";"—";"232";"45492 64 72 86";"10";"Участвуете в конкурсе";"958511";"—"
"1111";"1";"—";"232";"56679 59 80 83";"10";"Участвуете в конкурсе";"2237544";"—"
"1112";"2";"Электронное";"231";"53464 88 70 73 1";"—";"Участвуете в конкурсе";"2025180";"—"
"1113";"1";"—";"231";"52513 80 84 67";"—";"Участвуете в конкурсе";"1907960";"—"
"1114";"6";"—";"231";"53255 80 82 69";"—";"Участвуете в конкурсе";"1899350";"—"
"1115";"2";"—";"231";"50180 80 78 73 √";"—";"Участвуете в конкурсе";"1632472";"—"
"1116";"3";"—";"231";"60138 80 76 75 √";"—";"Участвуете в конкурсе";"2411394";"—"
"1117";"1";"Электронное";"231";"3316 80 66 85 1";"—";"Участвуете в конкурсе";"951049";"—"
"1118";"2";"—";"231";"60276 79 80 72 √";"—";"Участвуете в конкурсе";"2416631";"—"
"1119";"2";"Электронное";"231";"48058 78 84 69 1";"—";"Участвуете в конкурсе";"1422106";"—"
"1120";"4";"—";"231";"48200 78 80 73";"—";"Участвуете в конкурсе";"1427027";"—"
"1121";"1";"—";"231";"54716 78 80 73 √";"—";"Участвуете в конкурсе";"1978093";"—"
"1122";"5";"—";"231";"49420 78 78 75 √";"—";"Участвуете в конкурсе";"1335278";"—"
"1123";"1";"Электронное";"231";"57709 78 70 83 1";"—";"Участвуете в конкурсе";"1983511";"—"
"1124";"4";"Электронное";"231";"59696 76 82 73 1";"—";"Участвуете в конкурсе";"1158770";"—"
"1125";"1";"—";"231";"47552 76 80 75";"—";"Участвуете в конкурсе";"1313549";"—"
"1126";"1";"—";"231";"47190 75 90 66";"—";"Участвуете в конкурсе";"1288859";"—"
"1127";"4";"—";"231";"47279 75 86 70";"—";"Участвуете в конкурсе";"1289714";"—"
"1128";"6";"Электронное";"231";"54117 75 78 78 4";"—";"Участвуете в конкурсе";"2046011";"—"
"1129";"6";"—";"231";"51537 75 70 86";"—";"Участвуете в конкурсе";"1795160";"—"
"1130";"3";"—";"231";"54761 72 70 89";"—";"Участвуете в конкурсе";"2120532";"—"
"1131";"3";"—";"231";"57058 70 86 75 √";"—";"Участвуете в конкурсе";"2140738";"—"
"1132";"5";"—";"231";"52340 70 78 83 √";"—";"Участвуете в конкурсе";"1885901";"—"
"1133";"7";"—";"231";"58098 67 78 86";"—";"Участвуете в конкурсе";"2282843";"—"
"1134";"4";"—";"231";"59556 64 76 91";"—";"Участвуете в конкурсе";"2408272";"—"
"1135";"2";"Электронное";"231";"54932 85 80 64 1";"2";"Участвуете в конкурсе";"2140754";"—"
"1136";"1";"Электронное";"231";"53024 82 80 67 1";"2";"Участвуете в конкурсе";"1951894";"—"
"1137";"1";"Электронное";"231";"54102 78 70 81 1";"2";"Участвуете в конкурсе";"1586873";"—"
"1138";"1";"Электронное";"231";"49767 78 70 81 1";"2";"Участвуете в конкурсе";"1641478";"—"
"1139";"1";"—";"231";"52718 70 78 81";"2";"Участвуете в конкурсе";"1931095";"—"
"1140";"3";"Электронное";"231";"46817 67 76 86 2";"2";"Участвуете в конкурсе";"1194283";"—"
"1141";"3";"—";"231";"54435 79 80 69";"3";"Участвуете в конкурсе";"2093917";"—"
"1142";"2";"—";"231";"48296 74 80 73";"4";"Участвуете в конкурсе";"1441438";"—"
"1143";"1";"—";"231";"50664 72 72 83";"4";"Участвуете в конкурсе";"1703218";"—"
"1144";"1";"Электронное";"231";"47990 70 86 70 1";"5";"Участвуете в конкурсе";"1401880";"—"
"1145";"2";"Электронное";"231";"47963 88 72 64 1";"7";"Участвуете в конкурсе";"1393609";"—"
"1146";"3";"—";"231";"47110 79 84 61";"7";"Участвуете в конкурсе";"1285506";"—"
"1147";"2";"Электронное";"231";"53731 83 74 64 2";"10";"Участвуете в конкурсе";"1997135";"—"
"1148";"2";"—";"231";"49167 80 78 63";"10";"Участвуете в конкурсе";"1480267";"—"
"1149";"7";"—";"231";"56118 75 82 64";"10";"Участвуете в конкурсе";"2225434";"—"
"1150";"3";"—";"231";"48384 74 80 67";"10";"Участвуете в конкурсе";"1443285";"—"
"1151";"7";"—";"231";"58434 72 86 63 1";"10";"Участвуете в конкурсе";"1024376";"—"
"1152";"6";"Электронное";"231";"50757 72 80 69 1";"10";"Участвуете в конкурсе";"1713123";"—"
"1153";"2";"—";"231";"57301 72 76 73 √";"10";"Участвуете в конкурсе";"2270649";"—"
"1154";"4";"—";"231";"54181 70 74 77 √";"10";"Участвуете в конкурсе";"2056765";"—"
"1155";"2";"Электронное";"231";"47716 67 82 72 1";"10";"Участвуете в конкурсе";"1338574";"—"
"1156";"2";"—";"231";"50436 62 76 83 √";"10";"Участвуете в конкурсе";"1646640";"—"
"1157";"1";"Электронное";"230";"54228 94 70 66 1";"—";"Участвуете в конкурсе";"2069404";"—"
"1158";"1";"Электронное";"230";"54901 84 80 66 1";"—";"Участвуете в конкурсе";"2130307";"—"
"1159";"4";"Электронное";"230";"56890 83 74 73 3";"—";"Участвуете в конкурсе";"2250068";"—"
"1160";"3";"—";"230";"47340 80 86 64";"—";"Участвуете в конкурсе";"1311849";"—"
"1161";"1";"—";"230";"55387 75 82 73";"—";"Участвуете в конкурсе";"2173077";"—"
"1162";"1";"Электронное";"230";"58702 75 82 73 1";"—";"Участвуете в конкурсе";"2254855";"—"
"1163";"1";"—";"230";"50708 88 76 64";"2";"Участвуете в конкурсе";"1653722";"—"
"1164";"1";"Электронное";"230";"54484 85 80 63 1";"2";"Участвуете в конкурсе";"2097427";"—"
"1165";"2";"—";"230";"47984 83 78 67";"2";"Участвуете в конкурсе";"1364167";"—"
"1166";"2";"—";"230";"52582 82 86 60 √";"2";"Участвуете в конкурсе";"1249358";"—"
"1167";"3";"—";"230";"60409 80 82 66 √";"2";"Участвуете в конкурсе";"1725047";"—"
"1168";"2";"—";"230";"49658 78 84 66 1";"2";"Участвуете в конкурсе";"1514477";"—"
"1169";"2";"Электронное";"230";"50177 78 80 70 2";"2";"Участвуете в конкурсе";"1651529";"—"
"1170";"1";"Электронное";"230";"59254 75 70 83 1";"2";"Участвуете в конкурсе";"2394433";"—"
"1171";"7";"—";"230";"57062 72 70 86 √";"2";"Участвуете в конкурсе";"1355771";"—"
"1172";"7";"—";"230";"57129 70 86 72";"2";"Участвуете в конкурсе";"1512543";"—"
"1173";"6";"—";"230";"47044 70 80 78 √";"2";"Участвуете в конкурсе";"1262865";"—"
"1174";"2";"—";"230";"50072 86 70 70 √";"4";"Участвуете в конкурсе";"1575132";"—"
"1175";"2";"—";"230";"50163 72 78 73 √";"7";"Участвуете в конкурсе";"1610493";"—"
"1176";"3";"—";"230";"59917 83 76 61";"10";"Участвуете в конкурсе";"2143922";"—"
"1177";"1";"—";"230";"50791 83 64 73 √";"10";"Участвуете в конкурсе";"1714205";"—"
"1178";"2";"Электронное";"230";"55833 80 76 64 2";"10";"Участвуете в конкурсе";"2205073";"—"
"1179";"5";"—";"230";"48391 78 72 70 √";"10";"Участвуете в конкурсе";"1451397";"—"
"1180";"8";"—";"230";"46403 78 72 70";"10";"Участвуете в конкурсе";"831606";"—"
"1181";"2";"—";"230";"60353 78 64 78 √";"10";"Участвуете в конкурсе";"1645405";"—"
"1182";"1";"—";"230";"49089 77 70 73";"10";"Участвуете в конкурсе";"1502657";"—"
"1183";"1";"Электронное";"230";"1334 76 90 54 1";"10";"Участвуете в конкурсе";"961035";"—"
"1184";"5";"—";"230";"38602 72 78 70";"10";"Участвуете в конкурсе";"1041073";"—"
"1185";"5";"—";"230";"51713 72 76 72 √";"10";"Участвуете в конкурсе";"1437496";"—"
"1186";"1";"—";"230";"50471 70 84 66 √";"10";"Участвуете в конкурсе";"1687247";"—"
"1187";"5";"—";"230";"58499 59 80 81";"10";"Участвуете в конкурсе";"2342650";"—"
"1188";"6";"—";"229";"53342 85 80 64";"—";"Участвуете в конкурсе";"1381948";"—"
"1189";"3";"—";"229";"56910 84 84 61 √";"—";"Участвуете в конкурсе";"2180114";"—"
"1190";"2";"—";"229";"54360 80 86 63 √";"—";"Участвуете в конкурсе";"2077022";"—"
"1191";"2";"—";"229";"49264 80 74 75 √";"—";"Участвуете в конкурсе";"1566986";"—"
"1192";"1";"—";"229";"52294 80 74 75 √";"—";"Участвуете в конкурсе";"1882783";"—"
"1193";"3";"—";"229";"58217 78 82 69";"—";"Участвуете в конкурсе";"1895598";"—"
"1194";"3";"—";"229";"54311 78 78 73";"—";"Участвуете в конкурсе";"1636382";"—"
"1195";"1";"Электронное";"229";"55764 78 76 75 1";"—";"Участвуете в конкурсе";"2197529";"—"
"1196";"4";"—";"229";"54107 78 70 81";"—";"Участвуете в конкурсе";"2052301";"—"
"1197";"1";"Электронное";"229";"55442 76 90 63 1";"—";"Участвуете в конкурсе";"2165291";"—"
"1198";"3";"—";"229";"51267 75 76 78 √";"—";"Участвуете в конкурсе";"1779685";"—"
"1199";"4";"—";"229";"45454 72 76 81";"—";"Участвуете в конкурсе";"946439";"—"
"1200";"2";"Электронное";"229";"52997 70 90 69 1";"—";"Участвуете в конкурсе";"1622453";"—"
"1201";"1";"—";"229";"50227 70 86 73";"—";"Участвуете в конкурсе";"965161";"—"
"1202";"2";"—";"229";"56536 70 76 83 √";"—";"Участвуете в конкурсе";"2264636";"—"
"1203";"2";"—";"229";"50973 85 82 60";"2";"Участвуете в конкурсе";"1720035";"—"
"1204";"3";"—";"229";"56446 85 82 60";"2";"Участвуете в конкурсе";"2227879";"—"
"1205";"2";"Электронное";"229";"56756 85 78 64 1";"2";"Участвуете в конкурсе";"2260884";"—"
"1206";"3";"Электронное";"229";"47954 80 78 69 1";"2";"Участвуете в конкурсе";"1355045";"—"
"1207";"1";"—";"229";"48169 80 74 73";"2";"Участвуете в конкурсе";"1216063";"—"
"1208";"4";"—";"229";"59442 80 72 75";"2";"Участвуете в конкурсе";"2247164";"—"
"1209";"5";"—";"229";"48139 78 82 67";"2";"Участвуете в конкурсе";"1421183";"—"
"1210";"6";"—";"229";"51825 70 76 81";"2";"Участвуете в конкурсе";"1840784";"—"
"1211";"6";"—";"229";"59225 83 76 60 √";"10";"Участвуете в конкурсе";"1942868";"—"
"1212";"4";"—";"229";"60313 78 74 67";"10";"Участвуете в конкурсе";"1321471";"—"
"1213";"1";"Электронное";"229";"48548 76 100 43 1";"10";"Участвуете в конкурсе";"948818";"—"
"1214";"1";"—";"229";"58450 75 80 64";"10";"Участвуете в конкурсе";"1944819";"—"
"1215";"1";"—";"229";"54646 75 78 66 √";"10";"Участвуете в конкурсе";"2091464";"—"
"1216";"5";"—";"229";"60412 75 74 70";"10";"Участвуете в конкурсе";"1721704";"—"
"1217";"4";"—";"229";"53441 74 72 73";"10";"Участвуете в конкурсе";"1988553";"—"
"1218";"1";"—";"229";"45681 72 90 57";"10";"Участвуете в конкурсе";"1016998";"—"
"1219";"2";"—";"229";"8897 72 70 77";"10";"Участвуете в конкурсе";"1445897";"—"
"1220";"2";"—";"229";"52631 70 76 73 √";"10";"Участвуете в конкурсе";"1896140";"—"
"1221";"6";"—";"229";"54589 67 82 70";"10";"Участвуете в конкурсе";"1782967";"—"
"1222";"1";"Электронное";"229";"48654 67 74 78 1";"10";"Участвуете в конкурсе";"1497905";"—"
"1223";"1";"Электронное";"229";"58034 64 58 97 1";"10";"Участвуете в конкурсе";"2297318";"—"
"1224";"2";"—";"229";"51580 59 74 86 √";"10";"Участвуете в конкурсе";"1797771";"—"
"1225";"5";"—";"228";"50730 88 76 64";"—";"Участвуете в конкурсе";"1701900";"—"
"1226";"7";"—";"228";"59795 85 82 61";"—";"Участвуете в конкурсе";"1725302";"—"
"1227";"7";"—";"228";"42397 85 74 69";"—";"Участвуете в конкурсе";"981973";"—"
"1228";"3";"—";"228";"58906 83 90 55";"—";"Участвуете в конкурсе";"1298299";"—"
"1229";"4";"—";"228";"51150 83 70 75";"—";"Участвуете в конкурсе";"1758552";"—"
"1230";"4";"Электронное";"228";"47699 80 82 66 4";"—";"Участвуете в конкурсе";"1353474";"—"
"1231";"7";"—";"228";"54975 80 76 72 √";"—";"Участвуете в конкурсе";"2141249";"—"
"1232";"1";"—";"228";"58233 80 76 72 √";"—";"Участвуете в конкурсе";"2343724";"—"
"1233";"1";"Электронное";"228";"47812 79 86 63 1";"—";"Участвуете в конкурсе";"1389907";"—"
"1234";"3";"—";"228";"60372 78 92 58";"—";"Участвуете в конкурсе";"2360385";"—"
"1235";"6";"—";"228";"48370 78 86 64";"—";"Участвуете в конкурсе";"1431631";"—"
"1236";"1";"Электронное";"228";"51651 78 84 66 1";"—";"Участвуете в конкурсе";"1829806";"—"
"1237";"5";"Электронное";"228";"34343 78 78 72 4";"—";"Участвуете в конкурсе";"2410797";"—"
"1238";"1";"Электронное";"228";"49488 78 72 78 1";"—";"Участвуете в конкурсе";"1582148";"—"
"1239";"1";"Электронное";"228";"52137 75 80 73 1";"—";"Участвуете в конкурсе";"1333549";"—"
"1240";"2";"—";"228";"59727 75 70 83";"—";"Участвуете в конкурсе";"1437171";"—"
"1241";"1";"—";"228";"50195 74 82 72 √";"—";"Участвуете в конкурсе";"1628289";"—"
"1242";"5";"—";"228";"48687 72 86 70 √";"—";"Участвуете в конкурсе";"1498759";"—"
"1243";"2";"—";"228";"55426 72 86 70";"—";"Участвуете в конкурсе";"1979160";"—"
"1244";"5";"—";"228";"47958 72 84 72";"—";"Участвуете в конкурсе";"1386807";"—"
"1245";"1";"—";"228";"60419 72 78 78";"—";"Участвуете в конкурсе";"2307470";"—"
"1246";"3";"—";"228";"50386 70 86 72";"—";"Участвуете в конкурсе";"1689915";"—"
"1247";"3";"—";"228";"52917 70 80 78";"—";"Участвуете в конкурсе";"1955535";"—"
"1248";"5";"—";"228";"53512 85 86 55";"2";"Участвуете в конкурсе";"2003792";"—"
"1249";"4";"—";"228";"55232 80 76 70";"2";"Участвуете в конкурсе";"1317250";"—"
"1250";"1";"—";"228";"50225 78 84 64";"2";"Участвуете в конкурсе";"1625321";"—"
"1251";"5";"—";"228";"37156 78 70 78 2";"2";"Участвуете в конкурсе";"1850452";"—"
"1252";"2";"Электронное";"228";"48540 75 76 75 1";"2";"Участвуете в конкурсе";"1483980";"—"
"1253";"4";"—";"228";"49882 74 74 78 √";"2";"Участвуете в конкурсе";"1383909";"—"
"1254";"3";"—";"228";"56761 71 80 75";"2";"Участвуете в конкурсе";"1782544";"—"
"1255";"1";"—";"228";"47248 68 74 83";"3";"Участвуете в конкурсе";"1287795";"—"
"1256";"2";"—";"228";"48848 83 80 61";"4";"Участвуете в конкурсе";"1411976";"—"
"1257";"7";"Электронное";"228";"2091 78 66 79 6";"5";"Участвуете в конкурсе";"2099667";"—"
"1258";"7";"—";"228";"59426 71 80 72 √";"5";"Участвуете в конкурсе";"2389350";"—"
"1259";"2";"Электронное";"228";"49472 76 80 66 2";"6";"Участвуете в конкурсе";"1581515";"—"
"1260";"4";"—";"228";"59852 98 74 49";"7";"Участвуете в конкурсе";"2218390";"—"
"1261";"5";"—";"228";"58910 82 72 64 √";"10";"Участвуете в конкурсе";"2299289";"—"
"1262";"1";"Электронное";"228";"52072 76 82 60 1";"10";"Участвуете в конкурсе";"1856606";"—"
"1263";"2";"Электронное";"228";"51893 75 76 67 1";"10";"Участвуете в конкурсе";"1847683";"—"
"1264";"2";"—";"228";"57939 74 78 66";"10";"Участвуете в конкурсе";"2180003";"—"
"1265";"2";"—";"228";"51287 74 74 70 √";"10";"Участвуете в конкурсе";"1784272";"—"
"1266";"5";"—";"228";"55735 71 74 73 √";"10";"Участвуете в конкурсе";"1481205";"—"
"1267";"8";"—";"228";"58392 71 72 75";"10";"Участвуете в конкурсе";"2365117";"—"
"1268";"1";"Электронное";"228";"46983 70 78 70 1";"10";"Участвуете в конкурсе";"1255205";"—"
"1269";"6";"—";"228";"48277 67 82 69";"10";"Участвуете в конкурсе";"1437382";"—"
"1270";"3";"—";"228";"55535 67 78 73 √";"10";"Участвуете в конкурсе";"2092164";"—"
"1271";"1";"Электронное";"227";"52316 88 80 59 1";"—";"Участвуете в конкурсе";"1932615";"—"
"1272";"3";"—";"227";"48835 83 78 66";"—";"Участвуете в конкурсе";"1316391";"—"
"1273";"1";"Электронное";"227";"56119 83 78 66 1";"—";"Участвуете в конкурсе";"2225413";"—"
"1274";"4";"—";"227";"60554 83 74 70 √";"—";"Участвуете в конкурсе";"1539208";"—"
"1275";"1";"Электронное";"227";"49170 82 84 61 1";"—";"Участвуете в конкурсе";"1305529";"—"
"1276";"4";"—";"227";"58313 82 78 67";"—";"Участвуете в конкурсе";"2137743";"—"
"1277";"2";"Электронное";"227";"55087 82 70 75 1";"—";"Участвуете в конкурсе";"2151615";"—"
"1278";"3";"Электронное";"227";"47323 80 86 61 2";"—";"Участвуете в конкурсе";"1312598";"—"
"1279";"4";"—";"227";"50611 80 78 69";"—";"Участвуете в конкурсе";"1678333";"—"
"1280";"1";"—";"227";"52840 80 74 73 √";"—";"Участвуете в конкурсе";"1291031";"—"
"1281";"1";"Электронное";"227";"50855 80 74 73 1";"—";"Участвуете в конкурсе";"1722403";"—"
"1282";"5";"Электронное";"227";"54611 80 72 75 4";"—";"Участвуете в конкурсе";"2097762";"—"
"1283";"1";"—";"227";"56512 78 86 63 √";"—";"Участвуете в конкурсе";"1689505";"—"
"1284";"1";"—";"227";"59885 78 82 67";"—";"Участвуете в конкурсе";"2392176";"—"
"1285";"5";"—";"227";"53485 78 80 69";"—";"Участвуете в конкурсе";"1573576";"—"
"1286";"2";"Электронное";"227";"57790 77 80 70 2";"—";"Участвуете в конкурсе";"2003129";"—"
"1287";"5";"—";"227";"54011 76 82 69";"—";"Участвуете в конкурсе";"1367491";"—"
"1288";"5";"Электронное";"227";"51626 75 82 70 4";"—";"Участвуете в конкурсе";"1799361";"—"
"1289";"2";"—";"227";"53528 75 74 78";"—";"Участвуете в конкурсе";"2004145";"—"
"1290";"1";"—";"227";"53583 75 74 78 √";"—";"Участвуете в конкурсе";"2004830";"—"
"1291";"4";"—";"227";"59988 74 80 73 √";"—";"Участвуете в конкурсе";"2395254";"—"
"1292";"5";"—";"227";"55182 72 86 69";"—";"Участвуете в конкурсе";"2160321";"—"
"1293";"6";"—";"227";"53680 72 74 81";"—";"Участвуете в конкурсе";"1962604";"—"
"1294";"5";"—";"227";"51986 71 84 72";"—";"Участвуете в конкурсе";"1041835";"—"
"1295";"1";"—";"227";"12026 70 72 85";"—";"Участвуете в конкурсе";"1574860";"—"
"1296";"5";"—";"227";"50771 64 80 83 √";"—";"Участвуете в конкурсе";"1715236";"—"
"1297";"6";"—";"227";"50802 88 80 57 √";"2";"Участвуете в конкурсе";"1507713";"—"
"1298";"7";"Электронное";"227";"48201 83 78 64 6";"2";"Участвуете в конкурсе";"1430642";"—"
"1299";"7";"—";"227";"53694 80 94 51";"2";"Участвуете в конкурсе";"1996651";"—"
"1300";"1";"—";"227";"47059 78 74 73";"2";"Участвуете в конкурсе";"1284348";"—"
"1301";"2";"Электронное";"227";"49924 78 74 73 1";"2";"Участвуете в конкурсе";"1607574";"—"
"1302";"1";"Электронное";"227";"51196 75 72 78 1";"2";"Участвуете в конкурсе";"1663933";"—"
"1303";"6";"Электронное";"227";"47922 72 78 75 5";"2";"Участвуете в конкурсе";"1394422";"—"
"1304";"5";"Электронное";"227";"53849 70 88 67 4";"2";"Участвуете в конкурсе";"2023799";"—"
"1305";"5";"—";"227";"59867 67 80 78";"2";"Участвуете в конкурсе";"2207579";"—"
"1306";"2";"—";"227";"55449 85 72 67";"3";"Участвуете в конкурсе";"2176622";"—"
"1307";"5";"Электронное";"227";"51505 62 70 91 5";"4";"Участвуете в конкурсе";"1628547";"—"
"1308";"4";"Электронное";"227";"47969 79 80 63 2";"5";"Участвуете в конкурсе";"1405502";"—"
"1309";"2";"—";"227";"57360 67 74 81";"5";"Участвуете в конкурсе";"2314974";"—"
"1310";"3";"—";"227";"52234 75 80 63 √";"9";"Участвуете в конкурсе";"1860412";"—"
"1311";"1";"Электронное";"227";"59829 75 82 60 1";"10";"Участвуете в конкурсе";"1923432";"—"
"1312";"2";"—";"227";"55774 75 76 66";"10";"Участвуете в конкурсе";"1363598";"—"
"1313";"2";"Электронное";"227";"53437 72 72 73 1";"10";"Участвуете в конкурсе";"938228";"—"
"1314";"2";"—";"227";"57328 72 64 81";"10";"Участвуете в конкурсе";"2272853";"—"
"1315";"5";"—";"227";"59077 70 78 69";"10";"Участвуете в конкурсе";"2387974";"—"
"1316";"2";"Электронное";"227";"51700 67 80 70 1";"10";"Участвуете в конкурсе";"1829411";"—"
"1317";"1";"Электронное";"227";"57792 67 80 70 1";"10";"Участвуете в конкурсе";"2216462";"—"
"1318";"3";"—";"227";"48047 65 74 78";"10";"Участвуете в конкурсе";"1209622";"—"
"1319";"4";"Электронное";"227";"51500 64 78 75 4";"10";"Участвуете в конкурсе";"1796900";"—"
"1320";"2";"Электронное";"227";"58781 64 64 89 1";"10";"Участвуете в конкурсе";"1998475";"—"
"1321";"2";"—";"227";"55288 54 82 81 √";"10";"Участвуете в конкурсе";"1647681";"—"
"1322";"3";"—";"226";"51887 92 74 60";"—";"Участвуете в конкурсе";"1845496";"—"
"1323";"4";"Электронное";"226";"48511 85 78 63 3";"—";"Участвуете в конкурсе";"1434510";"—"
"1324";"2";"—";"226";"48824 85 74 67";"—";"Участвуете в конкурсе";"1515081";"—"
"1325";"1";"Электронное";"226";"59781 83 80 63 1";"—";"Участвуете в конкурсе";"1901438";"—"
"1326";"1";"—";"226";"52688 83 80 63 √";"—";"Участвуете в конкурсе";"1928301";"—"
"1327";"1";"Электронное";"226";"58333 83 74 69 1";"—";"Участвуете в конкурсе";"2312963";"—"
"1328";"5";"—";"226";"53724 82 74 70";"—";"Участвуете в конкурсе";"2000704";"—"
"1329";"1";"—";"226";"53282 80 76 70 √";"—";"Участвуете в конкурсе";"1040302";"—"
"1330";"1";"Электронное";"226";"57961 80 76 70 1";"—";"Участвуете в конкурсе";"2155193";"—"
"1331";"6";"—";"226";"52587 80 74 72 √";"—";"Участвуете в конкурсе";"1911061";"—"
"1332";"1";"—";"226";"52586 78 82 66";"—";"Участвуете в конкурсе";"1445707";"—"
"1333";"6";"—";"226";"55511 78 82 66";"—";"Участвуете в конкурсе";"2180652";"—"
"1334";"4";"—";"226";"53005 78 76 72";"—";"Участвуете в конкурсе";"1961694";"—"
"1335";"1";"Электронное";"226";"52533 76 80 70 1";"—";"Участвуете в конкурсе";"1945740";"—"
"1336";"2";"—";"226";"43454 75 80 71";"—";"Участвуете в конкурсе";"2199578";"—"
"1337";"1";"Электронное";"226";"55570 75 78 73 1";"—";"Участвуете в конкурсе";"2181505";"—"
"1338";"3";"—";"226";"53299 74 82 70";"—";"Участвуете в конкурсе";"1973801";"—"
"1339";"2";"—";"226";"55710 62 92 72";"—";"Участвуете в конкурсе";"1905537";"—"
"1340";"3";"Электронное";"226";"55814 62 78 86 3";"—";"Участвуете в конкурсе";"2175711";"—"
"1341";"4";"Электронное";"226";"52876 80 84 60 4";"2";"Участвуете в конкурсе";"1949904";"—"
"1342";"4";"—";"226";"47524 80 78 66 √";"2";"Участвуете в конкурсе";"1343846";"—"
"1343";"1";"—";"226";"51798 79 78 67 √";"2";"Участвуете в конкурсе";"1202913";"—"
"1344";"4";"—";"226";"51440 78 82 64";"2";"Участвуете в конкурсе";"1791288";"—"
"1345";"1";"—";"226";"55958 78 80 66 √";"2";"Участвуете в конкурсе";"1263530";"—"
"1346";"1";"—";"226";"49190 76 84 64";"2";"Участвуете в конкурсе";"1558865";"—"
"1347";"5";"—";"226";"48360 72 74 78 √";"2";"Участвуете в конкурсе";"1436275";"—"
"1348";"2";"—";"226";"57705 67 84 73 √";"2";"Участвуете в конкурсе";"2325600";"—"
"1349";"3";"—";"226";"49952 65 78 81";"2";"Участвуете в конкурсе";"948442";"—"
"1350";"4";"Электронное";"226";"56287 70 84 69 1";"3";"Участвуете в конкурсе";"2240545";"—"
"1351";"2";"Электронное";"226";"47251 70 76 75 1";"5";"Участвуете в конкурсе";"1195645";"—"
"1352";"3";"—";"226";"58902 73 70 73 √";"10";"Участвуете в конкурсе";"2164183";"—"
"1353";"1";"—";"226";"47719 72 80 64";"10";"Участвуете в конкурсе";"1358908";"—"
"1354";"3";"Электронное";"226";"52237 70 76 70 1";"10";"Участвуете в конкурсе";"1879308";"—"
"1355";"2";"Электронное";"226";"57156 70 74 72 2";"10";"Участвуете в конкурсе";"2266137";"—"
"1356";"6";"—";"226";"59071 67 80 69 5";"10";"Участвуете в конкурсе";"2123716";"—"
"1357";"1";"—";"226";"58551 67 74 75 √";"10";"Участвуете в конкурсе";"2270470";"—"
"1358";"1";"—";"226";"58995 59 82 75 √";"10";"Участвуете в конкурсе";"2158148";"—"
"1359";"5";"—";"225";"52380 90 74 61";"—";"Участвуете в конкурсе";"1897444";"—"
"1360";"4";"—";"225";"46787 85 80 60";"—";"Участвуете в конкурсе";"1195677";"—"
"1361";"1";"Электронное";"225";"55263 83 82 60 1";"—";"Участвуете в конкурсе";"1808020";"—"
"1362";"1";"—";"225";"51642 83 76 66";"—";"Участвуете в конкурсе";"1809090";"—"
"1363";"1";"—";"225";"51719 83 72 70 √";"—";"Участвуете в конкурсе";"1509866";"—"
"1364";"3";"—";"225";"9485 83 64 78 √";"—";"Участвуете в конкурсе";"1709777";"—"
"1365";"1";"Электронное";"225";"53816 80 78 67 1";"—";"Участвуете в конкурсе";"2025836";"—"
"1366";"1";"—";"225";"45771 78 80 67";"—";"Участвуете в конкурсе";"1000195";"—"
"1367";"1";"—";"225";"59680 78 80 67 √";"—";"Участвуете в конкурсе";"1605563";"—"
"1368";"2";"—";"225";"53995 78 72 75 √";"—";"Участвуете в конкурсе";"2045281";"—"
"1369";"3";"—";"225";"58205 78 72 75 √";"—";"Участвуете в конкурсе";"2340713";"—"
"1370";"6";"—";"225";"59824 77 82 66";"—";"Участвуете в конкурсе";"2370504";"—"
"1371";"1";"—";"225";"58486 75 80 70";"—";"Участвуете в конкурсе";"1646931";"—"
"1372";"1";"—";"225";"54021 75 78 72 √";"—";"Участвуете в конкурсе";"2048765";"—"
"1373";"2";"Электронное";"225";"52693 74 90 61 1";"—";"Участвуете в конкурсе";"1901415";"—"
"1374";"2";"—";"225";"50567 73 92 60";"—";"Участвуете в конкурсе";"1645855";"—"
"1375";"6";"—";"225";"55997 73 74 78";"—";"Участвуете в конкурсе";"2225939";"—"
"1376";"1";"Электронное";"225";"53530 72 80 73 1";"—";"Участвуете в конкурсе";"1999134";"—"
"1377";"4";"—";"225";"48286 72 78 75";"—";"Участвуете в конкурсе";"1286439";"—"
"1378";"4";"—";"225";"58089 70 82 73";"—";"Участвуете в конкурсе";"1323601";"—"
"1379";"2";"Электронное";"225";"57543 70 72 83 2";"—";"Участвуете в конкурсе";"2307981";"—"
"1380";"3";"—";"225";"52231 67 88 70";"—";"Участвуете в конкурсе";"1574730";"—"
"1381";"4";"—";"225";"57740 67 86 72";"—";"Участвуете в конкурсе";"2295092";"—"
"1382";"1";"—";"225";"59897 67 72 86 √";"—";"Участвуете в конкурсе";"2230065";"—"
"1383";"5";"—";"225";"55498 64 80 81";"—";"Участвуете в конкурсе";"2179004";"—"
"1384";"2";"Электронное";"225";"45483 64 72 89 1";"—";"Участвуете в конкурсе";"968729";"—"
"1385";"4";"Электронное";"225";"46887 85 78 60 1";"2";"Участвуете в конкурсе";"1205166";"—"
"1386";"2";"Электронное";"225";"48853 83 80 60 1";"2";"Участвуете в конкурсе";"1515731";"—"
"1387";"2";"Электронное";"225";"51628 83 74 66 1";"2";"Участвуете в конкурсе";"1530676";"—"
"1388";"4";"—";"225";"55403 80 76 67 √";"2";"Участвуете в конкурсе";"1721878";"—"
"1389";"3";"—";"225";"53127 77 76 70 √";"2";"Участвуете в конкурсе";"1995148";"—"
"1390";"1";"Электронное";"225";"59118 75 82 66 1";"2";"Участвуете в конкурсе";"2390990";"—"
"1391";"1";"—";"225";"57034 73 78 72";"2";"Участвуете в конкурсе";"1978359";"—"
"1392";"3";"—";"225";"47906 72 76 75";"2";"Участвуете в конкурсе";"1361767";"—"
"1393";"1";"—";"225";"50628 70 78 75";"2";"Участвуете в конкурсе";"1481464";"—"
"1394";"2";"Электронное";"225";"57894 70 72 81 1";"2";"Участвуете в конкурсе";"2264403";"—"
"1395";"2";"Электронное";"225";"58379 67 86 70 1";"2";"Участвуете в конкурсе";"2327567";"—"
"1396";"4";"—";"225";"48544 67 78 78";"2";"Участвуете в конкурсе";"1479845";"—"
"1397";"1";"—";"225";"49434 67 70 86 √";"2";"Участвуете в конкурсе";"1580826";"—"
"1398";"3";"Электронное";"225";"49762 83 78 60 2";"4";"Участвуете в конкурсе";"1643068";"—"
"1399";"3";"Электронное";"225";"49769 77 80 64 2";"4";"Участвуете в конкурсе";"1613863";"—"
"1400";"1";"—";"225";"57158 75 86 60";"4";"Участвуете в конкурсе";"2273305";"—"
"1401";"4";"—";"225";"50193 54 86 81 √";"4";"Участвуете в конкурсе";"1128408";"—"
"1402";"1";"Электронное";"225";"46571 75 78 67 2";"5";"Участвуете в конкурсе";"1180252";"—"
"1403";"6";"Электронное";"225";"52995 78 86 51 5";"10";"Участвуете в конкурсе";"1956372";"—"
"1404";"2";"—";"225";"48933 77 78 60 √";"10";"Участвуете в конкурсе";"1517810";"—"
"1405";"4";"—";"225";"49249 70 76 69";"10";"Участвуете в конкурсе";"1566649";"—"
"1406";"1";"—";"224";"59926 85 76 63 √";"—";"Участвуете в конкурсе";"1958724";"—"
"1407";"4";"Электронное";"224";"60320 82 76 66 5";"—";"Участвуете в конкурсе";"2422588";"—"
"1408";"2";"Электронное";"224";"55438 82 70 72 1";"—";"Участвуете в конкурсе";"2208888";"—"
"1409";"5";"—";"224";"34990 80 80 64";"—";"Участвуете в конкурсе";"1813701";"—"
"1410";"1";"—";"224";"46693 80 72 72 1";"—";"Участвуете в конкурсе";"1212881";"—"
"1411";"2";"—";"224";"59123 78 74 72 √";"—";"Участвуете в конкурсе";"2392162";"—"
"1412";"1";"Электронное";"224";"45397 76 60 88";"—";"Участвуете в конкурсе";"964305";"—"
"1413";"3";"—";"224";"58514 75 82 67";"—";"Участвуете в конкурсе";"2310216";"—"
"1414";"2";"Электронное";"224";"53018 75 76 73 4";"—";"Участвуете в конкурсе";"1958351";"—"
"1415";"5";"—";"224";"56183 75 76 73 √";"—";"Участвуете в конкурсе";"2231885";"—"
"1416";"1";"Электронное";"224";"58605 75 74 75 2";"—";"Участвуете в конкурсе";"1722149";"—"
"1417";"1";"—";"224";"59766 73 78 73";"—";"Участвуете в конкурсе";"2357481";"—"
"1418";"1";"Электронное";"224";"55499 72 80 72 2";"—";"Участвуете в конкурсе";"2150571";"—"
"1419";"4";"—";"224";"53810 72 74 78 4";"—";"Участвуете в конкурсе";"1575972";"—"
"1420";"5";"—";"224";"58644 71 86 67";"—";"Участвуете в конкурсе";"2123751";"—"
"1421";"3";"—";"224";"56846 70 82 72";"—";"Участвуете в конкурсе";"1537349";"—"
"1422";"5";"—";"224";"50959 70 82 72";"—";"Участвуете в конкурсе";"1714526";"—"
"1423";"2";"—";"224";"57325 70 82 72";"—";"Участвуете в конкурсе";"2267642";"—"
"1424";"5";"—";"224";"59786 70 76 78 √";"—";"Участвуете в конкурсе";"1797966";"—"
"1425";"6";"—";"224";"46831 67 88 69 √";"—";"Участвуете в конкурсе";"1200038";"—"
"1426";"3";"—";"224";"60178 67 84 73 √";"—";"Участвуете в конкурсе";"2293122";"—"
"1427";"3";"—";"224";"59169 85 74 63";"2";"Участвуете в конкурсе";"2394876";"—"
"1428";"1";"Электронное";"224";"55433 80 76 66 7";"2";"Участвуете в конкурсе";"1088690";"—"
"1429";"2";"—";"224";"59142 75 78 69";"2";"Участвуете в конкурсе";"2394955";"—"
"1430";"3";"—";"224";"54727 75 74 73";"2";"Участвуете в конкурсе";"2106635";"—"
"1431";"1";"—";"224";"53291 74 88 60";"2";"Участвуете в конкурсе";"1986842";"—"
"1432";"1";"Электронное";"224";"51952 72 84 66 2";"2";"Участвуете в конкурсе";"1839179";"—"
"1433";"5";"—";"224";"51268 72 80 70 √";"2";"Участвуете в конкурсе";"1778003";"—"
"1434";"7";"—";"224";"54890 67 72 83 √";"2";"Участвуете в конкурсе";"2134014";"—"
"1435";"6";"—";"224";"58079 64 80 78 √";"2";"Участвуете в конкурсе";"2307816";"—"
"1436";"4";"—";"224";"56339 75 76 70";"3";"Участвуете в конкурсе";"1948830";"—"
"1437";"1";"—";"224";"56456 67 76 78 √";"3";"Участвуете в конкурсе";"2253973";"—"
"1438";"5";"—";"224";"58264 85 78 57";"4";"Участвуете в конкурсе";"2345307";"—"
"1439";"2";"—";"224";"55126 76 74 70 √";"4";"Участвуете в конкурсе";"2113531";"—"
"1440";"2";"—";"224";"48236 71 80 69";"4";"Участвуете в конкурсе";"1415522";"—"
"1441";"1";"Электронное";"224";"47427 64 86 70 2";"4";"Участвуете в конкурсе";"1339247";"—"
"1442";"1";"Электронное";"224";"50446 70 74 75 2";"5";"Участвуете в конкурсе";"1692124";"—"
"1443";"1";"—";"224";"56370 78 76 63";"7";"Участвуете в конкурсе";"2251102";"—"
"1444";"1";"Электронное";"224";"53661 78 76 60 2";"10";"Участвуете в конкурсе";"2005238";"—"
"1445";"6";"—";"224";"47064 78 64 72";"10";"Участвуете в конкурсе";"1258889";"—"
"1446";"1";"—";"224";"48582 72 78 64 √";"10";"Участвуете в конкурсе";"1438591";"—"
"1447";"1";"Электронное";"224";"57743 72 72 70 2";"10";"Участвуете в конкурсе";"2337551";"—"
"1448";"4";"—";"224";"59701 70 78 66 1";"10";"Участвуете в конкурсе";"1891692";"—"
"1449";"1";"—";"224";"46727 70 78 66 √";"10";"Участвуете в конкурсе";"1186156";"—"
"1450";"1";"—";"224";"54900 70 74 70 1";"10";"Участвуете в конкурсе";"1175911";"—"
"1451";"6";"—";"224";"54064 70 74 70 √";"10";"Участвуете в конкурсе";"2053551";"—"
"1452";"3";"Электронное";"224";"50463 64 80 70 2";"10";"Участвуете в конкурсе";"1694774";"—"
"1453";"1";"Электронное";"224";"58327 53 78 83 2";"10";"Участвуете в конкурсе";"1317288";"—"
"1454";"1";"—";"223";"56538 90 72 61 √";"—";"Участвуете в конкурсе";"2127824";"—"
"1455";"1";"Электронное";"223";"55430 88 78 57 2";"—";"Участвуете в конкурсе";"2177799";"—"
"1456";"5";"—";"223";"52022 85 78 60";"—";"Участвуете в конкурсе";"1254998";"—"
"1457";"6";"—";"223";"51241 85 78 60 √";"—";"Участвуете в конкурсе";"1608697";"—"
"1458";"2";"—";"223";"47078 85 74 64";"—";"Участвуете в конкурсе";"1284748";"—"
"1459";"2";"Электронное";"223";"53401 84 80 59 1";"—";"Участвуете в конкурсе";"2020270";"—"
"1460";"3";"—";"223";"53608 82 78 63";"—";"Участвуете в конкурсе";"1963604";"—"
"1461";"4";"—";"223";"57921 80 86 57 √";"—";"Участвуете в конкурсе";"2215280";"—"
"1462";"6";"—";"223";"26495 80 76 67";"—";"Участвуете в конкурсе";"2416064";"—"
"1463";"2";"—";"223";"56837 78 88 57";"—";"Участвуете в конкурсе";"1504863";"—"
"1464";"2";"Электронное";"223";"49446 78 84 61";"—";"Участвуете в конкурсе";"1583970";"—"
"1465";"2";"—";"223";"47008 78 76 69";"—";"Участвуете в конкурсе";"1248662";"—"
"1466";"4";"—";"223";"59018 78 70 75 √";"—";"Участвуете в конкурсе";"1436096";"—"
"1467";"3";"—";"223";"48756 76 80 67 √";"—";"Участвуете в конкурсе";"1513980";"—"
"1468";"1";"Электронное";"223";"57038 74 88 61 2";"—";"Участвуете в конкурсе";"1133560";"—"
"1469";"2";"Электронное";"223";"49150 74 80 69 4";"—";"Участвуете в конкурсе";"1565564";"—"
"1470";"2";"—";"223";"51931 73 80 70";"—";"Участвуете в конкурсе";"1847253";"—"
"1471";"3";"—";"223";"56033 72 78 73";"—";"Участвуете в конкурсе";"1246818";"—"
"1472";"6";"—";"223";"57805 72 76 75";"—";"Участвуете в конкурсе";"2304796";"—"
"1473";"2";"—";"223";"10588 72 74 77 √";"—";"Участвуете в конкурсе";"2424702";"—"
"1474";"1";"—";"223";"59756 72 70 81 √";"—";"Участвуете в конкурсе";"1583058";"—"
"1475";"3";"—";"223";"47040 71 80 72";"—";"Участвуете в конкурсе";"1281196";"—"
"1476";"6";"Электронное";"223";"55153 70 90 63 4";"—";"Участвуете в конкурсе";"1417367";"—"
"1477";"1";"Электронное";"223";"51330 70 78 75";"—";"Участвуете в конкурсе";"1788627";"—"
"1478";"10";"—";"223";"52967 70 72 81";"—";"Участвуете в конкурсе";"1956959";"—"
"1479";"6";"—";"223";"57884 70 72 81";"—";"Участвуете в конкурсе";"2254297";"—"
"1480";"6";"—";"223";"53446 67 84 72";"—";"Участвуете в конкурсе";"1988615";"—"
"1481";"5";"—";"223";"54561 67 78 78 √";"—";"Участвуете в конкурсе";"2086655";"—"
"1482";"7";"—";"223";"47877 66 60 97";"—";"Участвуете в конкурсе";"1361716";"—"
"1483";"7";"—";"223";"58976 59 86 78 √";"—";"Участвуете в конкурсе";"1574533";"—"
"1484";"1";"Электронное";"223";"16070 56 78 89 2";"—";"Участвуете в конкурсе";"1009489";"—"
"1485";"4";"—";"223";"56351 86 80 55 √";"2";"Участвуете в конкурсе";"2246931";"—"
"1486";"1";"Электронное";"223";"48183 82 58 81 √";"2";"Участвуете в конкурсе";"1429655";"—"
"1487";"1";"Электронное";"223";"57651 78 82 61 2";"2";"Участвуете в конкурсе";"2325139";"—"
"1488";"1";"—";"223";"52081 76 76 69";"2";"Участвуете в конкурсе";"1729172";"—"
"1489";"3";"Электронное";"223";"59990 75 86 60 4";"2";"Участвуете в конкурсе";"2344163";"—"
"1490";"2";"—";"223";"57046 74 78 69 √";"2";"Участвуете в конкурсе";"1289427";"—"
"1491";"1";"—";"223";"54036 73 78 70";"2";"Участвуете в конкурсе";"2054013";"—"
"1492";"2";"—";"223";"50871 72 76 73";"2";"Участвуете в конкурсе";"1728787";"—"
"1493";"2";"—";"223";"55739 72 76 73";"2";"Участвуете в конкурсе";"2169254";"—"
"1494";"3";"—";"223";"49637 67 82 72 √";"2";"Участвуете в конкурсе";"1611361";"—"
"1495";"1";"Электронное";"223";"49870 56 82 83";"2";"Участвуете в конкурсе";"1128985";"—"
"1496";"2";"—";"223";"58186 80 72 67";"4";"Участвуете в конкурсе";"2343277";"—"
"1497";"2";"—";"223";"58444 83 80 55";"5";"Участвуете в конкурсе";"2262644";"—"
"1498";"1";"—";"223";"48475 80 72 66";"5";"Участвуете в конкурсе";"1252953";"—"
"1499";"6";"—";"223";"58627 70 78 67";"8";"Участвуете в конкурсе";"2371591";"—"
"1500";"2";"—";"223";"57690 83 58 72 √";"10";"Участвуете в конкурсе";"2338322";"—"
"1501";"3";"Электронное";"223";"56940 73 76 64 2";"10";"Участвуете в конкурсе";"2248505";"—"
"1502";"1";"—";"223";"47433 72 74 67 √";"10";"Участвуете в конкурсе";"1291617";"—"
"1503";"1";"—";"223";"52705 72 72 69";"10";"Участвуете в конкурсе";"1929269";"—"
"1504";"1";"—";"223";"47658 70 70 73";"10";"Участвуете в конкурсе";"1353722";"—"
"1505";"4";"—";"223";"55104 68 82 63 √";"10";"Участвуете в конкурсе";"2154664";"—"
"1506";"2";"—";"223";"52511 67 76 70 √";"10";"Участвуете в конкурсе";"1907926";"—"
"1507";"5";"Электронное";"223";"57388 67 74 72 1";"10";"Участвуете в конкурсе";"2313565";"—"
"1508";"1";"—";"223";"58503 65 76 72";"10";"Участвуете в конкурсе";"1364512";"—"
"1509";"5";"Электронное";"223";"55520 64 82 67 5";"10";"Участвуете в конкурсе";"2178105";"—"
"1510";"4";"Электронное";"223";"49645 62 84 67 5";"10";"Участвуете в конкурсе";"1472485";"—"
"1511";"2";"Электронное";"222";"53707 88 64 70 1";"—";"Участвуете в конкурсе";"2034833";"—"
"1512";"5";"Электронное";"222";"49889 83 76 63 4";"—";"Участвуете в конкурсе";"1618296";"—"
"1513";"2";"Электронное";"222";"55143 82 80 60 1";"—";"Участвуете в конкурсе";"2165094";"—"
"1514";"2";"Электронное";"222";"52227 82 70 70 1";"—";"Участвуете в конкурсе";"1926271";"—"
"1515";"5";"—";"222";"52275 80 76 66 √";"—";"Участвуете в конкурсе";"1312801";"—"
"1516";"1";"—";"222";"50864 79 80 63";"—";"Участвуете в конкурсе";"1730747";"—"
"1517";"2";"—";"222";"53425 79 76 67";"—";"Участвуете в конкурсе";"1998534";"—"
"1518";"4";"—";"222";"27934 78 86 58";"—";"Участвуете в конкурсе";"1729967";"—"
"1519";"7";"—";"222";"60321 78 80 64";"—";"Участвуете в конкурсе";"2221736";"—"
"1520";"1";"—";"222";"47422 78 74 70";"—";"Участвуете в конкурсе";"1329431";"—"
"1521";"1";"—";"222";"58641 75 84 63";"—";"Участвуете в конкурсе";"2367536";"—"
"1522";"1";"Электронное";"222";"46971 75 80 67 3";"—";"Участвуете в конкурсе";"1249252";"—"
"1523";"6";"Электронное";"222";"46120 75 78 69 5";"—";"Участвуете в конкурсе";"1102972";"—"
"1524";"5";"—";"222";"51270 75 78 69 √";"—";"Участвуете в конкурсе";"1761424";"—"
"1525";"2";"Электронное";"222";"53165 75 78 69 1";"—";"Участвуете в конкурсе";"1975608";"—"
"1526";"3";"—";"222";"51272 73 74 75";"—";"Участвуете в конкурсе";"1778166";"—"
"1527";"6";"—";"222";"50807 72 92 58";"—";"Участвуете в конкурсе";"1722193";"—"
"1528";"3";"Электронное";"222";"53345 72 78 72 4";"—";"Участвуете в конкурсе";"1983097";"—"
"1529";"8";"—";"222";"57953 70 82 70 √";"—";"Участвуете в конкурсе";"2262766";"—"
"1530";"1";"—";"222";"56424 67 80 75";"—";"Участвуете в конкурсе";"2248117";"—"
"1531";"1";"Электронное";"222";"57500 67 74 81 2";"—";"Участвуете в конкурсе";"2270247";"—"
"1532";"1";"—";"222";"59475 67 74 81";"—";"Участвуете в конкурсе";"2394387";"—"
"1533";"4";"—";"222";"46299 80 80 60";"2";"Участвуете в конкурсе";"989399";"—"
"1534";"1";"Электронное";"222";"49227 80 76 64 1";"2";"Участвуете в конкурсе";"1579243";"—"
"1535";"1";"Электронное";"222";"53859 78 76 66 2";"2";"Участвуете в конкурсе";"2025045";"—"
"1536";"1";"—";"222";"50874 78 70 72 √";"2";"Участвуете в конкурсе";"1362982";"—"
"1537";"7";"—";"222";"46539 75 82 63 √";"2";"Участвуете в конкурсе";"1209401";"—"
"1538";"2";"Электронное";"222";"46489 75 76 69 1";"2";"Участвуете в конкурсе";"1174962";"—"
"1539";"3";"—";"222";"47206 75 72 73";"2";"Участвуете в конкурсе";"1258030";"—"
"1540";"1";"Электронное";"222";"50047 74 80 66 √";"2";"Участвуете в конкурсе";"1608010";"—"
"1541";"6";"—";"222";"48287 72 76 72";"2";"Участвуете в конкурсе";"1276152";"—"
"1542";"5";"—";"222";"55834 67 70 83 √";"2";"Участвуете в конкурсе";"1583795";"—"
"1543";"5";"Электронное";"222";"57405 62 80 78";"2";"Участвуете в конкурсе";"2315681";"—"
"1544";"4";"—";"222";"59707 59 80 81";"2";"Участвуете в конкурсе";"1418971";"—"
"1545";"1";"Электронное";"222";"50103 56 78 86 √";"2";"Участвуете в конкурсе";"1609801";"—"
"1546";"1";"Электронное";"222";"57196 75 84 60";"3";"Участвуете в конкурсе";"1989628";"—"
"1547";"1";"—";"222";"47000 72 78 69";"3";"Участвуете в конкурсе";"1247750";"—"
"1548";"1";"Электронное";"222";"49318 72 72 75";"3";"Участвуете в конкурсе";"1181470";"—"
"1549";"4";"—";"222";"48185 71 70 78";"3";"Участвуете в конкурсе";"1438264";"—"
"1550";"1";"Электронное";"222";"58603 62 76 81";"3";"Участвуете в конкурсе";"2361926";"—"
"1551";"1";"Электронное";"222";"49286 72 76 70 1";"4";"Участвуете в конкурсе";"1603596";"—"
"1552";"2";"—";"222";"55799 80 64 73";"5";"Участвуете в конкурсе";"2200331";"—"
"1553";"2";"—";"222";"59007 75 78 64";"5";"Участвуете в конкурсе";"2387828";"—"
"1554";"4";"Электронное";"222";"58104 67 72 78";"5";"Участвуете в конкурсе";"2310338";"—"
"1555";"6";"—";"222";"51454 83 64 69";"6";"Участвуете в конкурсе";"1790844";"—"
"1556";"6";"Электронное";"222";"50059 75 74 63";"10";"Участвуете в конкурсе";"1291304";"—"
"1557";"3";"—";"222";"58553 70 78 64";"10";"Участвуете в конкурсе";"1647997";"—"
"1558";"3";"—";"222";"57769 70 72 70";"10";"Участвуете в конкурсе";"2291476";"—"
"1559";"3";"—";"222";"56008 65 78 69";"10";"Участвуете в конкурсе";"1265615";"—"
"1560";"8";"—";"222";"47033 64 84 64";"10";"Участвуете в конкурсе";"1267880";"—"
"1561";"4";"—";"222";"51586 62 72 78";"10";"Участвуете в конкурсе";"986626";"—"
"1562";"2";"—";"221";"50766 90 74 57 √";"—";"Участвуете в конкурсе";"1637818";"—"
"1563";"2";"Электронное";"221";"55253 84 90 47 √";"—";"Участвуете в конкурсе";"2170211";"—"
"1564";"4";"—";"221";"47728 83 72 66";"—";"Участвуете в конкурсе";"1238663";"—"
"1565";"3";"—";"221";"60392 80 72 69 √";"—";"Участвуете в конкурсе";"2412375";"—"
"1566";"5";"—";"221";"50992 79 84 58";"—";"Участвуете в конкурсе";"1726868";"—"
"1567";"2";"—";"221";"48181 78 82 61";"—";"Участвуете в конкурсе";"1294633";"—"
"1568";"1";"—";"221";"50355 78 74 69 √";"—";"Участвуете в конкурсе";"1649709";"—"
"1569";"3";"—";"221";"57840 76 82 63";"—";"Участвуете в конкурсе";"2229553";"—"
"1570";"1";"Электронное";"221";"46938 76 78 67";"—";"Участвуете в конкурсе";"1035872";"—"
"1571";"1";"—";"221";"50907 76 78 67 √";"—";"Участвуете в конкурсе";"1723048";"—"
"1572";"7";"—";"221";"46581 75 80 66 5";"—";"Участвуете в конкурсе";"1176243";"—"
"1573";"4";"—";"221";"56350 75 76 70 √";"—";"Участвуете в конкурсе";"1440148";"—"
"1574";"4";"—";"221";"25450 75 74 72";"—";"Участвуете в конкурсе";"2078713";"—"
"1575";"2";"Электронное";"221";"56501 72 82 67";"—";"Участвуете в конкурсе";"2254499";"—"
"1576";"5";"—";"221";"53471 72 80 69 √";"—";"Участвуете в конкурсе";"1995142";"—"
"1577";"2";"Электронное";"221";"55072 72 80 69 √";"—";"Участвуете в конкурсе";"2137951";"—"
"1578";"5";"—";"221";"52132 72 76 73";"—";"Участвуете в конкурсе";"1859051";"—"
"1579";"3";"—";"221";"51225 71 80 70 √";"—";"Участвуете в конкурсе";"1780213";"—"
"1580";"5";"—";"221";"53060 71 78 72";"—";"Участвуете в конкурсе";"1963738";"—"
"1581";"3";"—";"221";"57903 70 84 67";"—";"Участвуете в конкурсе";"1511684";"—"
"1582";"4";"—";"221";"54882 70 84 67";"—";"Участвуете в конкурсе";"2138674";"—"
"1583";"2";"—";"221";"53402 68 80 73 √";"—";"Участвуете в конкурсе";"2019134";"—"
"1584";"3";"—";"221";"54372 68 80 73 √";"—";"Участвуете в конкурсе";"2078526";"—"
"1585";"1";"—";"221";"58896 67 84 70";"—";"Участвуете в конкурсе";"1569989";"—"
"1586";"5";"—";"221";"54453 67 84 70";"—";"Участвуете в конкурсе";"2091217";"—"
"1587";"3";"—";"221";"60260 62 80 79 √";"—";"Участвуете в конкурсе";"2415208";"—"
"1588";"5";"—";"221";"55962 56 82 83";"—";"Участвуете в конкурсе";"2219298";"—"
"1589";"1";"—";"221";"55227 80 72 67 √";"2";"Участвуете в конкурсе";"2165449";"—"
"1590";"2";"—";"221";"57535 78 80 61";"2";"Участвуете в конкурсе";"1441232";"—"
"1591";"2";"—";"221";"59807 78 78 63";"2";"Участвуете в конкурсе";"1717680";"—"
"1592";"4";"—";"221";"60173 78 74 67";"2";"Участвуете в конкурсе";"1843987";"—"
"1593";"1";"—";"221";"48428 78 72 69";"2";"Участвуете в конкурсе";"1257216";"—"
"1594";"2";"—";"221";"53605 72 78 69";"2";"Участвуете в конкурсе";"2000198";"—"
"1595";"5";"—";"221";"57096 72 72 75 √";"2";"Участвуете в конкурсе";"2265600";"—"
"1596";"3";"—";"221";"49932 71 84 64";"2";"Участвуете в конкурсе";"1619013";"—"
"1597";"5";"—";"221";"59186 71 84 64";"2";"Участвуете в конкурсе";"1997982";"—"
"1598";"3";"—";"221";"56194 65 74 78 √";"4";"Участвуете в конкурсе";"2228537";"—"
"1599";"1";"—";"221";"51774 67 86 63";"5";"Участвуете в конкурсе";"1833710";"—"
"1600";"4";"—";"221";"50165 80 74 60";"7";"Участвуете в конкурсе";"1622866";"—"
"1601";"5";"—";"221";"49543 70 74 70 √";"7";"Участвуете в конкурсе";"1408843";"—"
"1602";"5";"—";"221";"54433 72 78 61";"10";"Участвуете в конкурсе";"1364303";"—"
"1603";"1";"—";"221";"53923 70 72 69 √";"10";"Участвуете в конкурсе";"1652224";"—"
"1604";"1";"Электронное";"221";"50410 67 80 64 √";"10";"Участвуете в конкурсе";"1632955";"—"
"1605";"2";"—";"221";"59731 59 74 78";"10";"Участвуете в конкурсе";"1276986";"—"
"1606";"4";"—";"220";"52695 86 70 64 √";"—";"Участвуете в конкурсе";"1898042";"—"
"1607";"1";"—";"220";"51969 83 74 63 √";"—";"Участвуете в конкурсе";"1521709";"—"
"1608";"1";"Электронное";"220";"49974 83 74 63 √";"—";"Участвуете в конкурсе";"1609483";"—"
"1609";"1";"—";"220";"47747 80 80 60 √";"—";"Участвуете в конкурсе";"1358467";"—"
"1610";"1";"—";"220";"47652 80 74 66 √";"—";"Участвуете в конкурсе";"1359286";"—"
"1611";"2";"Электронное";"220";"56355 80 74 66 √";"—";"Участвуете в конкурсе";"2249209";"—"
"1612";"7";"—";"220";"50828 79 72 69";"—";"Участвуете в конкурсе";"1635803";"—"
"1613";"2";"Электронное";"220";"46855 78 78 64";"—";"Участвуете в конкурсе";"1208190";"—"
"1614";"5";"—";"220";"48870 78 70 72";"—";"Участвуете в конкурсе";"1516907";"—"
"1615";"2";"Электронное";"220";"55854 78 70 72 √";"—";"Участвуете в конкурсе";"2210344";"—"
"1616";"2";"—";"220";"59843 77 76 67";"—";"Участвуете в конкурсе";"2004152";"—"
"1617";"1";"—";"220";"53194 77 74 69 √";"—";"Участвуете в конкурсе";"1623597";"—"
"1618";"1";"Электронное";"220";"51427 75 84 61 1";"—";"Участвуете в конкурсе";"1576660";"—"
"1619";"1";"—";"220";"49930 75 78 67 √";"—";"Участвуете в конкурсе";"1618928";"—"
"1620";"5";"—";"220";"57033 75 78 67";"—";"Участвуете в конкурсе";"2266616";"—"
"1621";"1";"Электронное";"220";"49200 73 72 75 √";"—";"Участвуете в конкурсе";"1564015";"—"
"1622";"5";"—";"220";"56823 72 78 70";"—";"Участвуете в конкурсе";"1702817";"—"
"1623";"1";"—";"220";"56897 72 78 70";"—";"Участвуете в конкурсе";"1722953";"—"
"1624";"1";"—";"220";"53630 72 76 72";"—";"Участвуете в конкурсе";"1984024";"—"
"1625";"1";"—";"220";"46667 72 70 78";"—";"Участвуете в конкурсе";"1183700";"—"
"1626";"2";"—";"220";"46840 71 74 75";"—";"Участвуете в конкурсе";"1181379";"—"
"1627";"6";"—";"220";"53207 70 84 66";"—";"Участвуете в конкурсе";"1985114";"—"
"1628";"3";"—";"220";"22138 70 72 78 √";"—";"Участвуете в конкурсе";"948848";"—"
"1629";"2";"—";"220";"47914 67 78 75";"—";"Участвуете в конкурсе";"1402212";"—"
"1630";"9";"—";"220";"54664 51 84 85";"—";"Участвуете в конкурсе";"2090079";"—"
"1631";"2";"—";"220";"48324 78 76 64";"2";"Участвуете в конкурсе";"1437387";"—"
"1632";"1";"—";"220";"46797 78 70 70";"2";"Участвуете в конкурсе";"1175410";"—"
"1633";"1";"Электронное";"220";"52381 75 80 63";"2";"Участвуете в конкурсе";"1883953";"—"
"1634";"1";"—";"220";"48533 74 78 66 1";"2";"Участвуете в конкурсе";"1463112";"—"
"1635";"3";"—";"220";"50956 73 78 67";"2";"Участвуете в конкурсе";"1257967";"—"
"1636";"4";"—";"220";"59457 72 80 66";"2";"Участвуете в конкурсе";"1608966";"—"
"1637";"2";"—";"220";"51248 72 76 70";"2";"Участвуете в конкурсе";"1781954";"—"
"1638";"3";"—";"220";"59928 67 82 69";"2";"Участвуете в конкурсе";"1765316";"—"
"1639";"1";"—";"220";"56086 75 70 72";"3";"Участвуете в конкурсе";"2215736";"—"
"1640";"4";"—";"220";"59586 75 80 61 √";"4";"Участвуете в конкурсе";"1901301";"—"
"1641";"2";"—";"220";"53677 61 82 73";"4";"Участвуете в конкурсе";"1381147";"—"
"1642";"2";"—";"220";"53054 78 76 61";"5";"Участвуете в конкурсе";"1961146";"—"
"1643";"4";"—";"220";"47135 72 70 73";"5";"Участвуете в конкурсе";"1262103";"—"
"1644";"7";"—";"220";"50576 68 72 73 √";"7";"Участвуете в конкурсе";"1698373";"—"
"1645";"1";"—";"220";"35398 71 72 67";"10";"Участвуете в конкурсе";"1854137";"—"
"1646";"6";"—";"220";"53507 67 76 67";"10";"Участвуете в конкурсе";"1587136";"—"
"1647";"4";"Электронное";"220";"7700 56 84 70";"10";"Участвуете в конкурсе";"2096879";"—"
"1648";"1";"—";"219";"58200 85 64 70";"—";"Участвуете в конкурсе";"2340430";"—"
"1649";"9";"—";"219";"53693 83 70 66 8";"—";"Участвуете в конкурсе";"1406320";"—"
"1650";"3";"—";"219";"58531 83 64 72 √";"—";"Участвуете в конкурсе";"2303753";"—"
"1651";"1";"—";"219";"55469 80 84 55 √";"—";"Участвуете в конкурсе";"1625157";"—"
"1652";"4";"—";"219";"58677 80 78 61";"—";"Участвуете в конкурсе";"1433926";"—"
"1653";"1";"—";"219";"46692 80 72 67";"—";"Участвуете в конкурсе";"1206555";"—"
"1654";"1";"—";"219";"54390 78 80 61";"—";"Участвуете в конкурсе";"1877418";"—"
"1655";"3";"—";"219";"58447 78 80 61";"—";"Участвуете в конкурсе";"2340996";"—"
"1656";"1";"Электронное";"219";"55123 75 84 60 √";"—";"Участвуете в конкурсе";"2124017";"—"
"1657";"8";"—";"219";"50712 75 74 70";"—";"Участвуете в конкурсе";"1248154";"—"
"1658";"1";"—";"219";"58595 75 74 70 √";"—";"Участвуете в конкурсе";"2363813";"—"
"1659";"4";"—";"219";"55852 72 74 73 √";"—";"Участвуете в конкурсе";"2205249";"—"
"1660";"3";"—";"219";"51198 70 82 67";"—";"Участвуете в конкурсе";"1774339";"—"
"1661";"2";"—";"219";"57591 70 80 69";"—";"Участвуете в конкурсе";"2333148";"—"
"1662";"2";"—";"219";"50128 70 76 73 √";"—";"Участвуете в конкурсе";"1433337";"—"
"1663";"1";"—";"219";"55732 70 68 81";"—";"Участвуете в конкурсе";"2090347";"—"
"1664";"5";"Электронное";"219";"52538 67 80 72 √";"—";"Участвуете в конкурсе";"1909637";"—"
"1665";"5";"—";"219";"54877 64 74 81 √";"—";"Участвуете в конкурсе";"2143282";"—"
"1666";"2";"Электронное";"219";"53408 62 80 77 √";"—";"Участвуете в конкурсе";"2017739";"—"
"1667";"5";"Электронное";"219";"55165 79 72 66 √";"2";"Участвуете в конкурсе";"1517295";"—"
"1668";"1";"—";"219";"52213 75 72 70 √";"2";"Участвуете в конкурсе";"1863647";"—"
"1669";"1";"—";"219";"55458 75 72 70 √";"2";"Участвуете в конкурсе";"2176961";"—"
"1670";"1";"—";"219";"50108 74 86 57";"2";"Участвуете в конкурсе";"1620232";"—"
"1671";"1";"—";"219";"53489 72 78 67";"2";"Участвуете в конкурсе";"2002937";"—"
"1672";"3";"—";"219";"55516 72 78 67";"2";"Участвуете в конкурсе";"2180492";"—"
"1673";"2";"—";"219";"46614 71 80 66";"2";"Участвуете в конкурсе";"1197410";"—"
"1674";"5";"—";"219";"53264 71 74 72 √";"2";"Участвуете в конкурсе";"1751256";"—"
"1675";"5";"—";"219";"46849 70 84 63";"2";"Участвуете в конкурсе";"1207908";"—"
"1676";"2";"—";"219";"53259 70 78 69";"2";"Участвуете в конкурсе";"1573192";"—"
"1677";"2";"—";"219";"46790 78 82 54";"5";"Участвуете в конкурсе";"1200839";"—"
"1678";"4";"Электронное";"219";"49665 65 76 73";"5";"Участвуете в конкурсе";"1610692";"—"
"1679";"2";"Электронное";"219";"57076 85 58 70 √";"6";"Участвуете в конкурсе";"1281570";"—"
"1680";"2";"Электронное";"219";"50797 67 76 69 √";"7";"Участвуете в конкурсе";"1701908";"—"
"1681";"1";"—";"219";"60051 85 70 54 √";"10";"Участвуете в конкурсе";"2408768";"—"
"1682";"6";"—";"219";"49604 72 64 73";"10";"Участвуете в конкурсе";"1587850";"—"
"1683";"4";"—";"219";"53284 70 72 67 √";"10";"Участвуете в конкурсе";"1471077";"—"
"1684";"2";"Электронное";"219";"53395 70 70 69 √";"10";"Участвуете в конкурсе";"1996296";"—"
"1685";"1";"—";"219";"55066 70 70 69 √";"10";"Участвуете в конкурсе";"2140200";"—"
"1686";"1";"—";"219";"48637 67 64 78 √";"10";"Участвуете в конкурсе";"1500935";"—"
"1687";"5";"—";"219";"54354 59 78 72 √";"10";"Участвуете в конкурсе";"2078788";"—"
"1688";"4";"—";"218";"47026 85 70 63";"—";"Участвуете в конкурсе";"1240011";"—"
"1689";"1";"Электронное";"218";"45961 80 80 58";"—";"Участвуете в конкурсе";"1077059";"—"
"1690";"1";"Электронное";"218";"58224 80 78 60";"—";"Участвуете в конкурсе";"2342874";"—"
"1691";"1";"—";"218";"55077 80 74 64 √";"—";"Участвуете в конкурсе";"1579592";"—"
"1692";"1";"Электронное";"218";"49969 80 74 64";"—";"Участвуете в конкурсе";"1538909";"—"
"1693";"2";"—";"218";"50649 78 80 60 √";"—";"Участвуете в конкурсе";"1707478";"—"
"1694";"1";"—";"218";"49844 75 76 67 √";"—";"Участвуете в конкурсе";"1549649";"—"
"1695";"4";"—";"218";"54635 74 72 72";"—";"Участвуете в конкурсе";"2100943";"—"
"1696";"3";"—";"218";"51283 73 76 69";"—";"Участвуете в конкурсе";"1244295";"—"
"1697";"1";"Электронное";"218";"59372 73 72 73 √";"—";"Участвуете в конкурсе";"2198485";"—"
"1698";"9";"—";"218";"55554 72 86 60";"—";"Участвуете в конкурсе";"2181500";"—"
"1699";"1";"—";"218";"52999 72 76 70";"—";"Участвуете в конкурсе";"1960301";"—"
"1700";"3";"—";"218";"57539 71 80 67";"—";"Участвуете в конкурсе";"2314294";"—"
"1701";"6";"—";"218";"49943 71 74 73 √";"—";"Участвуете в конкурсе";"1266763";"—"
"1702";"2";"—";"218";"55188 71 72 75";"—";"Участвуете в конкурсе";"1554074";"—"
"1703";"3";"—";"218";"46869 70 82 66";"—";"Участвуете в конкурсе";"1204561";"—"
"1704";"2";"—";"218";"51980 70 76 72";"—";"Участвуете в конкурсе";"1288555";"—"
"1705";"2";"—";"218";"51228 70 76 72";"—";"Участвуете в конкурсе";"1773760";"—"
"1706";"2";"Электронное";"218";"54420 70 76 72 √";"—";"Участвуете в конкурсе";"2024851";"—"
"1707";"3";"—";"218";"59872 70 76 72";"—";"Участвуете в конкурсе";"2225037";"—"
"1708";"2";"—";"218";"60378 70 66 82";"—";"Участвуете в конкурсе";"2425049";"—"
"1709";"1";"—";"218";"58849 68 80 70 1";"—";"Участвуете в конкурсе";"1287431";"—"
"1710";"8";"—";"218";"50102 67 78 73";"—";"Участвуете в конкурсе";"1626386";"—"
"1711";"1";"—";"218";"60338 65 84 69";"—";"Участвуете в конкурсе";"1576333";"—"
"1712";"1";"—";"218";"59582 62 78 78 √";"—";"Участвуете в конкурсе";"2008627";"—"
"1713";"2";"—";"218";"54966 59 78 81 √";"—";"Участвуете в конкурсе";"2136466";"—"
"1714";"3";"—";"218";"48024 88 76 52";"2";"Участвуете в конкурсе";"1352505";"—"
"1715";"1";"Электронное";"218";"58446 80 84 52";"2";"Участвуете в конкурсе";"2271549";"—"
"1716";"5";"—";"218";"51716 80 70 66 √";"2";"Участвуете в конкурсе";"1329189";"—"
"1717";"1";"—";"218";"51397 80 70 66";"2";"Участвуете в конкурсе";"1336437";"—"
"1718";"5";"Электронное";"218";"48659 78 84 54 √";"2";"Участвуете в конкурсе";"1504234";"—"
"1719";"1";"—";"218";"60064 78 74 64";"2";"Участвуете в конкурсе";"2409864";"—"
"1720";"2";"Электронное";"218";"47713 78 72 66";"2";"Участвуете в конкурсе";"1267289";"—"
"1721";"2";"—";"218";"55053 78 72 66";"2";"Участвуете в конкурсе";"1958577";"—"
"1722";"1";"—";"218";"55649 75 72 69 √";"2";"Участвуете в конкурсе";"2176800";"—"
"1723";"6";"—";"218";"50767 73 74 69 √";"2";"Участвуете в конкурсе";"1714538";"—"
"1724";"3";"—";"218";"58534 59 76 81 √";"2";"Участвуете в конкурсе";"2262596";"—"
"1725";"5";"Электронное";"218";"58305 83 74 58";"3";"Участвуете в конкурсе";"2303690";"—"
"1726";"4";"—";"218";"53844 78 70 67 √";"3";"Участвуете в конкурсе";"1768550";"—"
"1727";"1";"—";"218";"55058 72 74 69";"3";"Участвуете в конкурсе";"2141714";"—"
"1728";"1";"Электронное";"218";"57138 70 80 64 √";"4";"Участвуете в конкурсе";"2228472";"—"
"1729";"2";"—";"218";"58142 85 76 52";"5";"Участвуете в конкурсе";"1249481";"—"
"1730";"5";"—";"218";"55041 67 76 70";"5";"Участвуете в конкурсе";"2135607";"—"
"1731";"2";"—";"218";"60250 64 82 67";"5";"Участвуете в конкурсе";"2422534";"—"
"1732";"2";"—";"218";"47834 70 74 67";"7";"Участвуете в конкурсе";"1363404";"—"
"1733";"2";"—";"218";"52297 70 74 66";"8";"Участвуете в конкурсе";"1885010";"—"
"1734";"1";"—";"218";"57089 75 64 69";"10";"Участвуете в конкурсе";"2264144";"—"
"1735";"3";"—";"218";"54928 73 74 61";"10";"Участвуете в конкурсе";"1914054";"—"
"1736";"1";"—";"218";"48034 70 72 66 √";"10";"Участвуете в конкурсе";"1420770";"—"
"1737";"6";"Электронное";"218";"53940 64 78 66 9";"10";"Участвуете в конкурсе";"1849140";"—"
"1738";"1";"Электронное";"218";"46567 64 74 70 1";"10";"Участвуете в конкурсе";"1175216";"—"
"1739";"2";"Электронное";"218";"47645 64 74 70 √";"10";"Участвуете в конкурсе";"1366105";"—"
"1740";"1";"Электронное";"218";"54943 64 72 72";"10";"Участвуете в конкурсе";"1515079";"—"
"1741";"1";"—";"218";"59261 61 78 69 √";"10";"Участвуете в конкурсе";"1554868";"—"
"1742";"1";"Электронное";"217";"46032 88 74 55 1";"—";"Участвуете в конкурсе";"1091278";"—"
"1743";"1";"—";"217";"48652 88 72 57";"—";"Участвуете в конкурсе";"1496474";"—"
"1744";"4";"—";"217";"54269 83 80 54 √";"—";"Участвуете в конкурсе";"2058477";"—"
"1745";"9";"—";"217";"46775 83 70 64";"—";"Участвуете в конкурсе";"1190305";"—"
"1746";"4";"Электронное";"217";"53987 82 90 45";"—";"Участвуете в конкурсе";"2046373";"—"
"1747";"6";"—";"217";"53523 80 80 57 √";"—";"Участвуете в конкурсе";"2004129";"—"
"1748";"6";"—";"217";"48204 78 88 51";"—";"Участвуете в конкурсе";"1436742";"—"
"1749";"1";"—";"217";"53762 78 72 67";"—";"Участвуете в конкурсе";"1997556";"—"
"1750";"2";"—";"217";"55209 77 82 58";"—";"Участвуете в конкурсе";"2084501";"—"
"1751";"1";"—";"217";"53619 75 90 52";"—";"Участвуете в конкурсе";"2006214";"—"
"1752";"2";"—";"217";"52569 75 72 70 √";"—";"Участвуете в конкурсе";"1914901";"—"
"1753";"2";"—";"217";"58128 75 70 72";"—";"Участвуете в конкурсе";"2306673";"—"
"1754";"9";"—";"217";"55686 75 64 78";"—";"Участвуете в конкурсе";"1438536";"—"
"1755";"3";"—";"217";"60289 72 78 67 √";"—";"Участвуете в конкурсе";"1217384";"—"
"1756";"1";"—";"217";"58982 72 72 73";"—";"Участвуете в конкурсе";"2379490";"—"
"1757";"1";"—";"217";"50398 72 70 75";"—";"Участвуете в конкурсе";"1691719";"—"
"1758";"2";"—";"217";"59037 70 84 63";"—";"Участвуете в конкурсе";"1196399";"—"
"1759";"1";"—";"217";"53318 70 74 73";"—";"Участвуете в конкурсе";"1995534";"—"
"1760";"5";"—";"217";"60059 70 64 83";"—";"Участвуете в конкурсе";"2334039";"—"
"1761";"2";"Электронное";"217";"56865 67 84 66 √";"—";"Участвуете в конкурсе";"2249183";"—"
"1762";"1";"—";"217";"52544 67 80 70";"—";"Участвуете в конкурсе";"1910393";"—"
"1763";"2";"—";"217";"58147 67 78 72";"—";"Участвуете в конкурсе";"2301617";"—"
"1764";"1";"—";"217";"58303 67 78 72 √";"—";"Участвуете в конкурсе";"2312868";"—"
"1765";"3";"—";"217";"55952 67 72 78 √";"—";"Участвуете в конкурсе";"2219371";"—"
"1766";"1";"—";"217";"51432 66 78 73";"—";"Участвуете в конкурсе";"1791025";"—"
"1767";"2";"—";"217";"49510 62 80 75";"—";"Участвуете в конкурсе";"1585723";"—"
"1768";"4";"Электронное";"217";"49492 83 74 58";"2";"Участвуете в конкурсе";"1361714";"—"
"1769";"2";"—";"217";"57201 80 80 55";"2";"Участвуете в конкурсе";"2141245";"—"
"1770";"5";"Электронное";"217";"55383 78 74 63";"2";"Участвуете в конкурсе";"1176816";"—"
"1771";"4";"Электронное";"217";"52906 75 76 64";"2";"Участвуете в конкурсе";"1955071";"—"
"1772";"1";"—";"217";"58334 72 80 63 √";"2";"Участвуете в конкурсе";"2345058";"—"
"1773";"6";"Электронное";"217";"55775 72 76 67 √";"2";"Участвуете в конкурсе";"1703037";"—"
"1774";"2";"Электронное";"217";"54178 70 78 67";"2";"Участвуете в конкурсе";"2056279";"—"
"1775";"3";"—";"217";"52520 70 76 69";"2";"Участвуете в конкурсе";"1912436";"—"
"1776";"5";"—";"217";"56785 65 72 78 √";"2";"Участвуете в конкурсе";"1797026";"—"
"1777";"2";"Электронное";"217";"46894 62 78 75";"2";"Участвуете в конкурсе";"1210115";"—"
"1778";"5";"—";"217";"53895 62 72 81 √";"2";"Участвуете в конкурсе";"2031901";"—"
"1779";"5";"—";"217";"53263 62 70 83";"2";"Участвуете в конкурсе";"1979750";"—"
"1780";"1";"Электронное";"217";"52933 70 84 60 √";"3";"Участвуете в конкурсе";"1157522";"—"
"1781";"1";"—";"217";"59565 70 70 73 √";"4";"Участвуете в конкурсе";"1356876";"—"
"1782";"2";"—";"217";"55083 85 52 75";"5";"Участвуете в конкурсе";"2138625";"—"
"1783";"2";"—";"217";"56117 68 78 66 √";"5";"Участвуете в конкурсе";"2177105";"—"
"1784";"3";"—";"217";"58497 62 90 60";"5";"Участвуете в конкурсе";"2243509";"—"
"1785";"4";"—";"217";"47664 59 70 83";"5";"Участвуете в конкурсе";"1359444";"—"
"1786";"4";"—";"217";"49649 86 46 75 √";"10";"Участвуете в конкурсе";"1353610";"—"
"1787";"4";"Электронное";"217";"51428 72 74 61";"10";"Участвуете в конкурсе";"1816615";"—"
"1788";"6";"—";"217";"48366 70 76 61 √";"10";"Участвуете в конкурсе";"1443093";"—"
"1789";"6";"—";"217";"52476 67 74 66";"10";"Участвуете в конкурсе";"1286273";"—"
"1790";"6";"Электронное";"217";"48020 65 64 78";"10";"Участвуете в конкурсе";"1410119";"—"
"1791";"6";"Электронное";"217";"55936 62 70 75";"10";"Участвуете в конкурсе";"2218334";"—"
"1792";"5";"—";"217";"60379 61 76 70";"10";"Участвуете в конкурсе";"2425743";"—"
"1793";"6";"—";"217";"49569 59 76 72";"10";"Участвуете в конкурсе";"1616476";"—"
"1794";"8";"—";"216";"59251 83 72 61";"—";"Участвуете в конкурсе";"1616478";"—"
"1795";"3";"Электронное";"216";"46879 78 78 60 1";"—";"Участвуете в конкурсе";"1208413";"—"
"1796";"2";"—";"216";"57659 77 72 67";"—";"Участвуете в конкурсе";"1163780";"—"
"1797";"2";"—";"216";"55642 75 78 63";"—";"Участвуете в конкурсе";"1290487";"—"
"1798";"2";"—";"216";"55893 75 72 69";"—";"Участвуете в конкурсе";"2204493";"—"
"1799";"1";"—";"216";"54131 73 74 69";"—";"Участвуете в конкурсе";"2055630";"—"
"1800";"1";"—";"216";"52277 72 78 66";"—";"Участвуете в конкурсе";"1813274";"—"
"1801";"5";"—";"216";"58195 72 74 70";"—";"Участвуете в конкурсе";"2339785";"—"
"1802";"1";"—";"216";"55170 71 70 75";"—";"Участвуете в конкурсе";"2162783";"—"
"1803";"3";"Электронное";"216";"51396 70 82 64";"—";"Участвуете в конкурсе";"1791758";"—"
"1804";"4";"—";"216";"58488 70 74 72";"—";"Участвуете в конкурсе";"2139714";"—"
"1805";"3";"—";"216";"51276 67 86 63";"—";"Участвуете в конкурсе";"1759786";"—"
"1806";"2";"Электронное";"216";"53279 65 70 81 1";"—";"Участвуете в конкурсе";"1989534";"—"
"1807";"1";"—";"216";"53761 79 72 63";"2";"Участвуете в конкурсе";"2014934";"—"
"1808";"2";"—";"216";"58772 76 74 64 √";"2";"Участвуете в конкурсе";"2001076";"—"
"1809";"3";"Электронное";"216";"51687 75 70 69";"2";"Участвуете в конкурсе";"1840470";"—"
"1810";"4";"—";"216";"56797 72 76 66";"2";"Участвуете в конкурсе";"2251380";"—"
"1811";"2";"—";"216";"55589 70 74 70 √";"2";"Участвуете в конкурсе";"2181734";"—"
"1812";"4";"—";"216";"59256 59 80 75";"2";"Участвуете в конкурсе";"2393608";"—"
"1813";"6";"—";"216";"46915 78 70 64";"4";"Участвуете в конкурсе";"1208979";"—"
"1814";"1";"Электронное";"216";"58412 67 78 67 √";"4";"Участвуете в конкурсе";"1200618";"—"
"1815";"2";"—";"216";"54437 64 78 70 √";"4";"Участвуете в конкурсе";"1868287";"—"
"1816";"5";"Электронное";"216";"49384 78 64 69 1";"5";"Участвуете в конкурсе";"1576299";"—"
"1817";"2";"—";"216";"59154 75 64 72";"5";"Участвуете в конкурсе";"2392525";"—"
"1818";"4";"—";"216";"57990 59 80 72";"5";"Участвуете в конкурсе";"2184628";"—"
"1819";"2";"—";"216";"48704 67 76 63 √";"10";"Участвуете в конкурсе";"1496093";"—"
"1820";"5";"Электронное";"216";"54475 67 76 63";"10";"Участвуете в конкурсе";"2010989";"—"
"1821";"2";"—";"216";"53614 59 72 75";"10";"Участвуете в конкурсе";"2004962";"—"
"1822";"3";"—";"216";"42151 58 76 72";"10";"Участвуете в конкурсе";"2422000";"—"
"1823";"4";"—";"215";"49819 84 76 55";"—";"Участвуете в конкурсе";"1356000";"—"
"1824";"1";"—";"215";"55004 80 78 57 √";"—";"Участвуете в конкурсе";"2136848";"—"
"1825";"2";"—";"215";"57075 79 72 64";"—";"Участвуете в конкурсе";"1692169";"—"
"1826";"2";"Электронное";"215";"45481 78 80 57";"—";"Участвуете в конкурсе";"938473";"—"
"1827";"4";"—";"215";"51575 78 74 63";"—";"Участвуете в конкурсе";"1797440";"—"
"1828";"1";"Электронное";"215";"58649 76 72 67 √";"—";"Участвуете в конкурсе";"2367783";"—"
"1829";"3";"Электронное";"215";"55416 75 82 58 √";"—";"Участвуете в конкурсе";"2168957";"—"
"1830";"1";"Электронное";"215";"48056 75 80 60 √";"—";"Участвуете в конкурсе";"1420943";"—"
"1831";"1";"—";"215";"47525 73 84 58 √";"—";"Участвуете в конкурсе";"1273544";"—"
"1832";"3";"—";"215";"52149 72 74 69";"—";"Участвуете в конкурсе";"1871712";"—"
"1833";"2";"Электронное";"215";"48628 70 78 67";"—";"Участвуете в конкурсе";"1496792";"—"
"1834";"3";"—";"215";"11550 70 70 75 √";"—";"Участвуете в конкурсе";"2416822";"—"
"1835";"5";"—";"215";"47097 67 84 64";"—";"Участвуете в конкурсе";"1275065";"—"
"1836";"5";"—";"215";"53178 67 84 64 √";"—";"Участвуете в конкурсе";"1980886";"—"
"1837";"8";"—";"215";"56596 67 78 70 √";"—";"Участвуете в конкурсе";"2259747";"—"
"1838";"3";"—";"215";"53945 64 82 69";"—";"Участвуете в конкурсе";"1884294";"—"
"1839";"1";"—";"215";"53257 64 78 73";"—";"Участвуете в конкурсе";"1982875";"—"
"1840";"1";"—";"215";"60290 64 78 73 √";"—";"Участвуете в конкурсе";"2419608";"—"
"1841";"2";"—";"215";"60350 64 78 73 √";"—";"Участвуете в конкурсе";"2422896";"—"
"1842";"1";"—";"215";"60105 62 78 75 √";"—";"Участвуете в конкурсе";"2390452";"—"
"1843";"6";"—";"215";"57268 62 72 81 √";"—";"Участвуете в конкурсе";"2270003";"—"
"1844";"1";"—";"215";"52543 62 70 83 √";"—";"Участвуете в конкурсе";"1157386";"—"
"1845";"1";"—";"215";"47009 62 70 83 √";"—";"Участвуете в конкурсе";"1229842";"—"
"1846";"4";"—";"215";"60255 61 82 72";"—";"Участвуете в конкурсе";"2414681";"—"
"1847";"4";"—";"215";"54340 56 78 81";"—";"Участвуете в конкурсе";"2072770";"—"
"1848";"2";"Электронное";"215";"47181 83 64 66";"2";"Участвуете в конкурсе";"1243750";"—"
"1849";"1";"—";"215";"56529 80 58 75";"2";"Участвуете в конкурсе";"2140286";"—"
"1850";"4";"—";"215";"47873 78 74 61";"2";"Участвуете в конкурсе";"1367471";"—"
"1851";"2";"—";"215";"58476 75 86 52";"2";"Участвуете в конкурсе";"2343373";"—"
"1852";"2";"—";"215";"50684 75 80 58 √";"2";"Участвуете в конкурсе";"1598934";"—"
"1853";"3";"—";"215";"52927 75 78 60";"2";"Участвуете в конкурсе";"1955928";"—"
"1854";"1";"—";"215";"47739 75 72 66";"2";"Участвуете в конкурсе";"1356955";"—"
"1855";"1";"—";"215";"56081 73 76 64 √";"2";"Участвуете в конкурсе";"2224271";"—"
"1856";"2";"—";"215";"50073 70 82 61";"2";"Участвуете в конкурсе";"1621020";"—"
"1857";"2";"Электронное";"215";"55154 70 74 69";"2";"Участвуете в конкурсе";"2128235";"—"
"1858";"2";"—";"215";"47439 76 70 66";"3";"Участвуете в конкурсе";"1342732";"—"
"1859";"3";"—";"215";"58190 75 64 73";"3";"Участвуете в конкурсе";"2250913";"—"
"1860";"5";"—";"215";"51627 67 76 69 √";"3";"Участвуете в конкурсе";"1469487";"—"
"1861";"1";"—";"215";"55959 64 78 70";"3";"Участвуете в конкурсе";"2182757";"—"
"1862";"3";"—";"215";"45625 78 70 63";"4";"Участвуете в конкурсе";"998309";"—"
"1863";"1";"—";"215";"46886 80 72 58";"5";"Участвуете в конкурсе";"1104166";"—"
"1864";"2";"—";"215";"50053 75 64 66 √";"10";"Участвуете в конкурсе";"1624216";"—"
"1865";"7";"—";"215";"51431 64 74 67 √";"10";"Участвуете в конкурсе";"1318241";"—"
"1866";"6";"Электронное";"215";"60365 64 72 69 4";"10";"Участвуете в конкурсе";"1903776";"—"
"1867";"4";"—";"215";"48304 62 76 67";"10";"Участвуете в конкурсе";"1454437";"—"
"1868";"1";"—";"215";"55780 61 74 70 √";"10";"Участвуете в конкурсе";"2203345";"—"
"1869";"1";"—";"215";"57501 58 80 67 √";"10";"Участвуете в конкурсе";"1414698";"—"
"1870";"2";"—";"214";"51226 78 78 58 √";"—";"Участвуете в конкурсе";"1780365";"—"
"1871";"1";"Электронное";"214";"52492 78 78 58 √";"—";"Участвуете в конкурсе";"1907034";"—"
"1872";"1";"—";"214";"56225 78 78 58 √";"—";"Участвуете в конкурсе";"2229654";"—"
"1873";"2";"Электронное";"214";"50075 77 74 63";"—";"Участвуете в конкурсе";"1625937";"—"
"1874";"1";"—";"214";"49778 77 64 73 √";"—";"Участвуете в конкурсе";"1642648";"—"
"1875";"2";"—";"214";"46988 76 74 64 √";"—";"Участвуете в конкурсе";"1247446";"—"
"1876";"1";"Электронное";"214";"45329 75 72 67";"—";"Участвуете в конкурсе";"970096";"—"
"1877";"5";"—";"214";"51230 75 70 69 √";"—";"Участвуете в конкурсе";"1754413";"—"
"1878";"1";"—";"214";"47354 73 78 63";"—";"Участвуете в конкурсе";"1087573";"—"
"1879";"6";"—";"214";"53865 72 82 60 √";"—";"Участвуете в конкурсе";"2037114";"—"
"1880";"2";"—";"214";"49874 72 72 70 √";"—";"Участвуете в конкурсе";"1598343";"—"
"1881";"3";"—";"214";"50076 72 72 70";"—";"Участвуете в конкурсе";"1621624";"—"
"1882";"2";"—";"214";"57857 72 72 70 √";"—";"Участвуете в конкурсе";"1976524";"—"
"1883";"1";"—";"214";"37966 72 72 70";"—";"Участвуете в конкурсе";"2326682";"—"
"1884";"3";"—";"214";"49410 70 80 64 √";"—";"Участвуете в конкурсе";"1569988";"—"
"1885";"6";"—";"214";"58350 70 74 70 √";"—";"Участвуете в конкурсе";"1987494";"—"
"1886";"6";"—";"214";"57422 67 80 67 √";"—";"Участвуете в конкурсе";"2274644";"—"
"1887";"7";"—";"214";"45939 67 76 71 √";"—";"Участвуете в конкурсе";"1072874";"—"
"1888";"1";"—";"214";"49761 67 74 73";"—";"Участвуете в конкурсе";"1607325";"—"
"1889";"4";"—";"214";"52488 67 74 73";"—";"Участвуете в конкурсе";"1911969";"—"
"1890";"6";"—";"214";"54272 67 72 75 √";"—";"Участвуете в конкурсе";"2072692";"—"
"1891";"2";"—";"214";"27410 67 66 81";"—";"Участвуете в конкурсе";"1692181";"—"
"1892";"2";"—";"214";"57338 65 82 67";"—";"Участвуете в конкурсе";"2314853";"—"
"1893";"1";"Электронное";"214";"58562 64 80 70";"—";"Участвуете в конкурсе";"2362250";"—"
"1894";"6";"—";"214";"52472 64 78 72";"—";"Участвуете в конкурсе";"1587273";"—"
"1895";"1";"—";"214";"52981 64 72 78";"—";"Участвуете в конкурсе";"1962568";"—"
"1896";"2";"—";"214";"55042 85 70 57";"2";"Участвуете в конкурсе";"2017533";"—"
"1897";"1";"Электронное";"214";"55309 76 82 54";"2";"Участвуете в конкурсе";"2169833";"—"
"1898";"3";"—";"214";"54972 76 72 64";"2";"Участвуете в конкурсе";"2141229";"—"
"1899";"8";"—";"214";"49248 75 74 63 √";"2";"Участвуете в конкурсе";"1256200";"—"
"1900";"1";"—";"214";"50785 75 70 67";"2";"Участвуете в конкурсе";"1757637";"—"
"1901";"1";"Электронное";"214";"48595 74 78 60";"2";"Участвуете в конкурсе";"1490291";"—"
"1902";"4";"—";"214";"60141 72 74 66 √";"2";"Участвуете в конкурсе";"2411478";"—"
"1903";"5";"—";"214";"52800 70 78 64";"2";"Участвуете в конкурсе";"1242273";"—"
"1904";"1";"—";"214";"54039 65 80 67";"2";"Участвуете в конкурсе";"2003929";"—"
"1905";"3";"—";"214";"48210 78 72 61 √";"3";"Участвуете в конкурсе";"1430059";"—"
"1906";"6";"—";"214";"59834 83 58 69";"4";"Участвуете в конкурсе";"1998828";"—"
"1907";"5";"—";"214";"55778 72 76 61";"5";"Участвуете в конкурсе";"2199072";"—"
"1908";"1";"—";"214";"51639 56 70 83";"5";"Участвуете в конкурсе";"1215938";"—"
"1909";"2";"Электронное";"214";"53188 64 72 69 √";"9";"Участвуете в конкурсе";"1198819";"—"
"1910";"1";"—";"214";"56353 76 76 52";"10";"Участвуете в конкурсе";"2247049";"—"
"1911";"2";"—";"214";"57762 59 72 73";"10";"Участвуете в конкурсе";"1234891";"—"
"1912";"1";"—";"214";"50265 54 72 78";"10";"Участвуете в конкурсе";"1690603";"—"
"1913";"2";"Электронное";"213";"45595 88 60 65 √";"—";"Участвуете в конкурсе";"986569";"—"
"1914";"3";"—";"213";"47840 75 72 66";"—";"Участвуете в конкурсе";"1364233";"—"
"1915";"2";"—";"213";"52355 74 72 67 √";"—";"Участвуете в конкурсе";"1894892";"—"
"1916";"2";"—";"213";"50997 72 58 83";"—";"Участвуете в конкурсе";"1723486";"—"
"1917";"3";"—";"213";"57045 70 80 63";"—";"Участвуете в конкурсе";"2244779";"—"
"1918";"4";"Электронное";"213";"47970 70 74 69 √";"—";"Участвуете в конкурсе";"1336693";"—"
"1919";"1";"—";"213";"51108 68 78 67";"—";"Участвуете в конкурсе";"1762306";"—"
"1920";"1";"—";"213";"57222 67 76 70";"—";"Участвуете в конкурсе";"2270943";"—"
"1921";"1";"—";"213";"57269 67 74 72";"—";"Участвуете в конкурсе";"1826620";"—"
"1922";"4";"—";"213";"56286 64 82 67 √";"—";"Участвуете в конкурсе";"2241234";"—"
"1923";"5";"—";"213";"59754 64 80 69 √";"—";"Участвуете в конкурсе";"1572326";"—"
"1924";"1";"—";"213";"48333 64 74 75";"—";"Участвуете в конкурсе";"1359897";"—"
"1925";"2";"—";"213";"52837 62 70 81";"—";"Участвуете в конкурсе";"1950894";"—"
"1926";"6";"—";"213";"59473 56 90 67";"—";"Участвуете в конкурсе";"2401832";"—"
"1927";"4";"Электронное";"213";"54476 48 76 89";"—";"Участвуете в конкурсе";"2095315";"—"
"1928";"3";"Электронное";"213";"47352 80 70 61 2";"2";"Участвуете в конкурсе";"1248245";"—"
"1929";"2";"—";"213";"50413 78 64 69";"2";"Участвуете в конкурсе";"1649457";"—"
"1930";"6";"—";"213";"58342 75 82 54 √";"2";"Участвуете в конкурсе";"2275342";"—"
"1931";"1";"Электронное";"213";"46379 72 72 67";"2";"Участвуете в конкурсе";"1156996";"—"
"1932";"1";"Электронное";"213";"48101 70 74 67";"2";"Участвуете в конкурсе";"1415443";"—"
"1933";"1";"Электронное";"213";"53212 70 72 69 √";"2";"Участвуете в конкурсе";"1979694";"—"
"1934";"1";"Электронное";"213";"53469 67 84 60";"2";"Участвуете в конкурсе";"1876305";"—"
"1935";"1";"Электронное";"213";"55450 67 80 64";"2";"Участвуете в конкурсе";"1509601";"—"
"1936";"1";"—";"213";"51625 67 80 64 √";"2";"Участвуете в конкурсе";"1799365";"—"
"1937";"5";"—";"213";"57531 67 74 70 √";"2";"Участвуете в конкурсе";"2055304";"—"
"1938";"4";"—";"213";"60209 67 74 70 √";"2";"Участвуете в конкурсе";"2299429";"—"
"1939";"1";"—";"213";"49529 65 74 72";"2";"Участвуете в конкурсе";"1586081";"—"
"1940";"5";"—";"213";"58323 64 86 61";"2";"Участвуете в конкурсе";"1276069";"—"
"1941";"3";"—";"213";"48779 64 72 75 √";"2";"Участвуете в конкурсе";"1130308";"—"
"1942";"1";"—";"213";"48833 78 74 57 1";"4";"Участвуете в конкурсе";"1521091";"—"
"1943";"5";"—";"213";"56888 65 84 60";"4";"Участвуете в конкурсе";"1280683";"—"
"1944";"1";"—";"213";"49973 67 72 64";"10";"Участвуете в конкурсе";"1595836";"—"
"1945";"1";"—";"213";"51356 64 70 69 √";"10";"Участвуете в конкурсе";"1792538";"—"
"1946";"2";"Электронное";"212";"54065 80 78 54";"—";"Участвуете в конкурсе";"1779107";"—"
"1947";"6";"—";"212";"46700 78 82 52";"—";"Участвуете в конкурсе";"1207176";"—"
"1948";"2";"—";"212";"55325 75 74 63";"—";"Участвуете в конкурсе";"2175256";"—"
"1949";"1";"—";"212";"58347 75 70 67 √";"—";"Участвуете в конкурсе";"2235231";"—"
"1950";"1";"Электронное";"212";"46402 73 72 67";"—";"Участвуете в конкурсе";"1062393";"—"
"1951";"1";"—";"212";"50343 73 72 67 √";"—";"Участвуете в конкурсе";"1647470";"—"
"1952";"3";"—";"212";"52449 72 80 60 √";"—";"Участвуете в конкурсе";"1909056";"—"
"1953";"2";"—";"212";"50799 72 80 60 √";"—";"Участвуете в конкурсе";"1720654";"—"
"1954";"5";"—";"212";"47844 72 74 66 √";"—";"Участвуете в конкурсе";"1399974";"—"
"1955";"3";"—";"212";"50184 72 70 70";"—";"Участвуете в конкурсе";"1645130";"—"
"1956";"3";"—";"212";"51732 71 92 49";"—";"Участвуете в конкурсе";"1795519";"—"
"1957";"2";"—";"212";"47972 70 82 60";"—";"Участвуете в конкурсе";"1364069";"—"
"1958";"2";"—";"212";"46891 70 78 64";"—";"Участвуете в конкурсе";"1210269";"—"
"1959";"1";"Электронное";"212";"55992 70 78 64 √";"—";"Участвуете в конкурсе";"2220612";"—"
"1960";"3";"—";"212";"50419 68 72 72 √";"—";"Участвуете в конкурсе";"1437247";"—"
"1961";"1";"—";"212";"54843 67 76 69";"—";"Участвуете в конкурсе";"2130210";"—"
"1962";"2";"—";"212";"57197 67 76 69";"—";"Участвуете в конкурсе";"2255119";"—"
"1963";"6";"—";"212";"57597 67 76 69";"—";"Участвуете в конкурсе";"2271286";"—"
"1964";"3";"—";"212";"58725 67 76 69 √";"—";"Участвуете в конкурсе";"2371243";"—"
"1965";"7";"—";"212";"60360 65 80 67";"—";"Участвуете в конкурсе";"2424152";"—"
"1966";"2";"—";"212";"37735 64 70 78";"—";"Участвуете в конкурсе";"1985231";"—"
"1967";"5";"—";"212";"48967 62 78 72";"—";"Участвуете в конкурсе";"1388529";"—"
"1968";"2";"—";"212";"49768 62 72 78 √";"—";"Участвуете в конкурсе";"1445404";"—"
"1969";"1";"—";"212";"60279 62 72 78";"—";"Участвуете в конкурсе";"2417146";"—"
"1970";"1";"—";"212";"57603 61 82 69";"—";"Участвуете в конкурсе";"2333415";"—"
"1971";"1";"—";"212";"49894 59 72 81";"—";"Участвуете в конкурсе";"1613557";"—"
"1972";"3";"—";"212";"49862 59 64 89 √";"—";"Участвуете в конкурсе";"1642555";"—"
"1973";"1";"—";"212";"54023 80 72 58";"2";"Участвуете в конкурсе";"2053459";"—"
"1974";"1";"—";"212";"50848 70 74 66 √";"2";"Участвуете в конкурсе";"1459739";"—"
"1975";"1";"—";"212";"55938 68 72 70";"2";"Участвуете в конкурсе";"2223414";"—"
"1976";"5";"—";"212";"58813 67 74 69 √";"2";"Участвуете в конкурсе";"1833165";"—"
"1977";"2";"—";"212";"56253 64 80 66";"2";"Участвуете в конкурсе";"2243277";"—"
"1978";"5";"—";"212";"57934 59 76 75 √";"2";"Участвуете в конкурсе";"2214986";"—"
"1979";"2";"Электронное";"212";"54911 56 76 78";"2";"Участвуете в конкурсе";"1205188";"—"
"1980";"1";"Электронное";"212";"54852 54 84 72 √";"2";"Участвуете в конкурсе";"1367021";"—"
"1981";"2";"—";"212";"56006 65 78 64";"5";"Участвуете в конкурсе";"2225485";"—"
"1982";"2";"—";"212";"53417 64 74 69";"5";"Участвуете в конкурсе";"1980444";"—"
"1983";"1";"—";"212";"58784 62 76 69";"5";"Участвуете в конкурсе";"2076810";"—"
"1984";"4";"—";"212";"48587 62 70 75 √";"5";"Участвуете в конкурсе";"1487265";"—"
"1985";"2";"—";"212";"57957 51 78 78 √";"5";"Участвуете в конкурсе";"979068";"—"
"1986";"2";"—";"212";"58752 64 52 86 √";"10";"Участвуете в конкурсе";"2254684";"—"
"1987";"7";"Электронное";"212";"51406 51 78 73";"10";"Участвуете в конкурсе";"1787647";"—"
"1988";"2";"—";"211";"48349 83 74 54";"—";"Участвуете в конкурсе";"1405098";"—"
"1989";"2";"Электронное";"211";"50145 82 78 51";"—";"Участвуете в конкурсе";"1620377";"—"
"1990";"5";"—";"211";"50437 78 78 55 √";"—";"Участвуете в конкурсе";"1650848";"—"
"1991";"5";"—";"211";"51838 78 76 57 √";"—";"Участвуете в конкурсе";"1836169";"—"
"1992";"5";"—";"211";"56916 75 78 58";"—";"Участвуете в конкурсе";"1407207";"—"
"1993";"3";"—";"211";"57414 75 78 58 √";"—";"Участвуете в конкурсе";"2315347";"—"
"1994";"4";"Электронное";"211";"48962 75 70 66";"—";"Участвуете в конкурсе";"1506781";"—"
"1995";"1";"—";"211";"50699 75 70 66";"—";"Участвуете в конкурсе";"1652656";"—"
"1996";"2";"—";"211";"52318 75 70 66 √";"—";"Участвуете в конкурсе";"1893755";"—"
"1997";"5";"—";"211";"60211 75 70 66 √";"—";"Участвуете в конкурсе";"1898314";"—"
"1998";"7";"—";"211";"56145 72 70 69";"—";"Участвуете в конкурсе";"2228149";"—"
"1999";"2";"—";"211";"49324 72 58 81";"—";"Участвуете в конкурсе";"1495377";"—"
"2000";"1";"—";"211";"51572 70 78 63";"—";"Участвуете в конкурсе";"1330807";"—"
"2001";"1";"—";"211";"48123 68 80 63 √";"—";"Участвуете в конкурсе";"1308895";"—"
"2002";"2";"—";"211";"57826 67 80 64";"—";"Участвуете в конкурсе";"2211257";"—"
"2003";"1";"Электронное";"211";"47753 67 72 72 √";"—";"Участвуете в конкурсе";"1362428";"—"
"2004";"1";"—";"211";"53416 65 74 72 √";"—";"Участвуете в конкурсе";"1444005";"—"
"2005";"1";"—";"211";"50110 64 78 69 √";"—";"Участвуете в конкурсе";"1609986";"—"
"2006";"2";"—";"211";"9781 64 72 75 √";"—";"Участвуете в конкурсе";"1729327";"—"
"2007";"1";"—";"211";"55116 59 80 72";"—";"Участвуете в конкурсе";"1644946";"—"
"2008";"4";"—";"211";"51321 59 74 78";"—";"Участвуете в конкурсе";"1213933";"—"
"2009";"2";"—";"211";"59973 56 88 67";"—";"Участвуете в конкурсе";"2338985";"—"
"2010";"1";"—";"211";"53424 56 72 83";"—";"Участвуете в конкурсе";"1988342";"—"
"2011";"5";"—";"211";"46237 56 68 87";"—";"Участвуете в конкурсе";"1130766";"—"
"2012";"1";"Электронное";"211";"47675 78 76 55 √";"2";"Участвуете в конкурсе";"1250908";"—"
"2013";"1";"—";"211";"53431 78 58 73 √";"2";"Участвуете в конкурсе";"1988412";"—"
"2014";"2";"Электронное";"211";"52502 70 76 63 1";"2";"Участвуете в конкурсе";"1904100";"—"
"2015";"6";"—";"211";"56020 70 72 67";"2";"Участвуете в конкурсе";"2220833";"—"
"2016";"6";"—";"211";"57300 68 78 63";"2";"Участвуете в конкурсе";"2277558";"—"
"2017";"1";"Электронное";"211";"51712 68 74 67";"2";"Участвуете в конкурсе";"1831472";"—"
"2018";"2";"—";"211";"60095 62 80 67";"2";"Участвуете в конкурсе";"2047010";"—"
"2019";"6";"Электронное";"211";"53001 73 64 70 5";"4";"Участвуете в конкурсе";"1841532";"—"
"2020";"4";"—";"211";"59974 54 84 69 √";"4";"Участвуете в конкурсе";"1416600";"—"
"2021";"2";"—";"211";"48603 72 74 60";"5";"Участвуете в конкурсе";"1485159";"—"
"2022";"1";"—";"211";"50854 64 70 72";"5";"Участвуете в конкурсе";"1711696";"—"
"2023";"4";"—";"211";"60132 64 72 66";"9";"Участвуете в конкурсе";"1180277";"—"
"2024";"3";"Электронное";"211";"53942 72 70 59 3";"10";"Участвуете в конкурсе";"1114622";"—"
"2025";"1";"Электронное";"211";"60327 70 74 57 √";"10";"Участвуете в конкурсе";"2225090";"—"
"2026";"6";"—";"211";"48003 64 74 63 √";"10";"Участвуете в конкурсе";"1409158";"—"
"2027";"6";"—";"211";"54828 62 72 67";"10";"Участвуете в конкурсе";"2128858";"—"
"2028";"1";"—";"211";"55669 56 72 73 √";"10";"Участвуете в конкурсе";"1445596";"—"
"2029";"1";"—";"210";"56644 75 74 61 √";"—";"Участвуете в конкурсе";"2252235";"—"
"2030";"2";"—";"210";"58955 75 72 63 √";"—";"Участвуете в конкурсе";"2379176";"—"
"2031";"4";"—";"210";"60268 75 66 69";"—";"Участвуете в конкурсе";"2415891";"—"
"2032";"1";"Электронное";"210";"54351 74 64 72";"—";"Участвуете в конкурсе";"1852720";"—"
"2033";"4";"—";"210";"57056 72 80 58";"—";"Участвуете в конкурсе";"2271945";"—"
"2034";"2";"—";"210";"50461 70 74 66 √";"—";"Участвуете в конкурсе";"1665038";"—"
"2035";"2";"Электронное";"210";"52252 70 74 66";"—";"Участвуете в конкурсе";"1879922";"—"
"2036";"1";"—";"210";"46907 70 70 70 √";"—";"Участвуете в конкурсе";"1200582";"—"
"2037";"1";"—";"210";"60213 68 70 72 √";"—";"Участвуете в конкурсе";"2309781";"—"
"2038";"1";"—";"210";"46929 67 74 69";"—";"Участвуете в конкурсе";"1177379";"—"
"2039";"2";"—";"210";"55824 67 74 69";"—";"Участвуете в конкурсе";"2203973";"—"
"2040";"6";"—";"210";"55715 64 82 64 √";"—";"Участвуете в конкурсе";"2193997";"—"
"2041";"5";"—";"210";"58877 59 76 75 √";"—";"Участвуете в конкурсе";"1899304";"—"
"2042";"2";"—";"210";"42678 59 70 81 √";"—";"Участвуете в конкурсе";"1721343";"—"
"2043";"5";"—";"210";"51904 53 66 91";"—";"Участвуете в конкурсе";"1847797";"—"
"2044";"1";"Электронное";"210";"45210 94 70 44";"2";"Участвуете в конкурсе";"938640";"—"
"2045";"1";"—";"210";"47647 76 72 60";"2";"Участвуете в конкурсе";"1353547";"—"
"2046";"1";"—";"210";"57748 75 76 57";"2";"Участвуете в конкурсе";"2337605";"—"
"2047";"3";"—";"210";"51147 73 74 61";"2";"Участвуете в конкурсе";"1761641";"—"
"2048";"1";"—";"210";"51901 72 72 64";"2";"Участвуете в конкурсе";"1847737";"—"
"2049";"5";"—";"210";"56425 72 70 66 √";"2";"Участвуете в конкурсе";"2253360";"—"
"2050";"3";"—";"210";"47276 67 74 67";"2";"Участвуете в конкурсе";"1302022";"—"
"2051";"6";"Электронное";"210";"54680 65 74 69 √";"2";"Участвуете в конкурсе";"2125236";"—"
"2052";"1";"Электронное";"210";"46803 64 72 72";"2";"Участвуете в конкурсе";"1207561";"—"
"2053";"4";"—";"210";"55963 62 74 72 √";"2";"Участвуете в конкурсе";"2229672";"—"
"2054";"1";"—";"210";"51163 59 74 75";"2";"Участвуете в конкурсе";"1562326";"—"
"2055";"1";"—";"210";"52774 72 72 63 √";"3";"Участвуете в конкурсе";"1936400";"—"
"2056";"6";"—";"210";"60077 72 70 64";"4";"Участвуете в конкурсе";"2371017";"—"
"2057";"4";"Электронное";"210";"46976 71 72 63";"4";"Участвуете в конкурсе";"1246701";"—"
"2058";"4";"—";"210";"57149 64 72 70 √";"4";"Участвуете в конкурсе";"2269524";"—"
"2059";"1";"—";"210";"58602 54 74 78 √";"4";"Участвуете в конкурсе";"1603258";"—"
"2060";"2";"—";"210";"56171 67 78 60";"5";"Участвуете в конкурсе";"2229590";"—"
"2061";"4";"Электронное";"210";"51634 70 76 54";"10";"Участвуете в конкурсе";"1799202";"—"
"2062";"4";"—";"210";"56664 68 46 86 √";"10";"Участвуете в конкурсе";"2254133";"—"
"2063";"3";"—";"209";"58400 78 80 51";"—";"Участвуете в конкурсе";"2253729";"—"
"2064";"2";"—";"209";"57432 75 74 60";"—";"Участвуете в конкурсе";"2268594";"—"
"2065";"5";"—";"209";"55811 75 70 64 √";"—";"Участвуете в конкурсе";"2200739";"—"
"2066";"1";"—";"209";"56841 75 64 70 √";"—";"Участвуете в конкурсе";"2255357";"—"
"2067";"1";"—";"209";"46483 72 76 61";"—";"Участвуете в конкурсе";"1174915";"—"
"2068";"5";"—";"209";"47408 72 76 61";"—";"Участвуете в конкурсе";"1329037";"—"
"2069";"7";"—";"209";"54760 72 74 63";"—";"Участвуете в конкурсе";"1964662";"—"
"2070";"7";"—";"209";"46631 72 70 67 4";"—";"Участвуете в конкурсе";"1197919";"—"
"2071";"4";"—";"209";"49727 71 78 60";"—";"Участвуете в конкурсе";"1255835";"—"
"2072";"3";"—";"209";"52125 70 78 61 √";"—";"Участвуете в конкурсе";"1247883";"—"
"2073";"1";"—";"209";"47062 70 72 67 √";"—";"Участвуете в конкурсе";"1262372";"—"
"2074";"2";"—";"209";"60557 70 72 67";"—";"Участвуете в конкурсе";"1796396";"—"
"2075";"6";"—";"209";"48788 70 64 75 √";"—";"Участвуете в конкурсе";"1179158";"—"
"2076";"2";"—";"209";"60039 70 64 75 1";"—";"Участвуете в конкурсе";"1846326";"—"
"2077";"2";"—";"209";"48801 67 78 64 √";"—";"Участвуете в конкурсе";"1306200";"—"
"2078";"1";"—";"209";"51028 67 70 72 √";"—";"Участвуете в конкурсе";"1715992";"—"
"2079";"5";"—";"209";"53362 65 78 66 √";"—";"Участвуете в конкурсе";"1989040";"—"
"2080";"4";"—";"209";"52525 65 74 70";"—";"Участвуете в конкурсе";"1912480";"—"
"2081";"5";"—";"209";"58706 64 76 69";"—";"Участвуете в конкурсе";"2301357";"—"
"2082";"2";"—";"209";"55951 64 72 73";"—";"Участвуете в конкурсе";"1894749";"—"
"2083";"6";"—";"209";"57800 64 72 73";"—";"Участвуете в конкурсе";"2338415";"—"
"2084";"2";"—";"209";"47117 64 70 75";"—";"Участвуете в конкурсе";"1243172";"—"
"2085";"6";"—";"209";"49443 64 70 75 √";"—";"Участвуете в конкурсе";"1583139";"—"
"2086";"3";"—";"209";"45226 62 74 73";"—";"Участвуете в конкурсе";"960319";"—"
"2087";"2";"—";"209";"56336 62 72 75";"—";"Участвуете в конкурсе";"2247838";"—"
"2088";"1";"—";"209";"46401 62 72 75 √";"—";"Участвуете в конкурсе";"983198";"—"
"2089";"1";"—";"209";"55034 60 68 81";"—";"Участвуете в конкурсе";"2131826";"—"
"2090";"3";"—";"209";"54022 56 72 81";"—";"Участвуете в конкурсе";"1278329";"—"
"2091";"1";"—";"209";"43177 56 66 87";"—";"Участвуете в конкурсе";"2268930";"—"
"2092";"2";"Электронное";"209";"45584 82 80 45 √";"2";"Участвуете в конкурсе";"996210";"—"
"2093";"1";"—";"209";"55881 78 78 51";"2";"Участвуете в конкурсе";"2207625";"—"
"2094";"3";"—";"209";"46707 75 74 58";"2";"Участвуете в конкурсе";"1207237";"—"
"2095";"1";"—";"209";"57544 75 72 60 √";"2";"Участвуете в конкурсе";"1727572";"—"
"2096";"1";"—";"209";"54742 72 72 63";"2";"Участвуете в конкурсе";"2084433";"—"
"2097";"1";"—";"209";"50267 71 64 72";"2";"Участвуете в конкурсе";"1174799";"—"
"2098";"2";"—";"209";"46823 70 64 73";"2";"Участвуете в конкурсе";"1201855";"—"
"2099";"1";"—";"209";"58508 67 80 60";"2";"Участвуете в конкурсе";"2343553";"—"
"2100";"3";"—";"209";"50949 62 58 86";"3";"Участвуете в конкурсе";"1584459";"—"
"2101";"3";"—";"209";"48973 59 64 83 √";"3";"Участвуете в конкурсе";"1292194";"—"
"2102";"1";"Электронное";"209";"52364 80 70 55";"4";"Участвуете в конкурсе";"1883864";"—"
"2103";"2";"Электронное";"209";"47488 70 74 61";"4";"Участвуете в конкурсе";"1053667";"—"
"2104";"1";"Электронное";"209";"49586 62 82 61";"4";"Участвуете в конкурсе";"1590188";"—"
"2105";"3";"—";"209";"45215 71 72 61";"5";"Участвуете в конкурсе";"852640";"—"
"2106";"2";"—";"208";"46033 88 78 42";"—";"Участвуете в конкурсе";"1056510";"—"
"2107";"6";"—";"208";"57471 83 74 51 √";"—";"Участвуете в конкурсе";"2215625";"—"
"2108";"2";"—";"208";"58636 80 70 58 √";"—";"Участвуете в конкурсе";"2367489";"—"
"2109";"3";"Электронное";"208";"46511 78 72 58";"—";"Участвуете в конкурсе";"1179211";"—"
"2110";"1";"—";"208";"56802 78 72 58";"—";"Участвуете в конкурсе";"2246276";"—"
"2111";"2";"—";"208";"47348 78 70 60";"—";"Участвуете в конкурсе";"1206333";"—"
"2112";"6";"—";"208";"54894 75 70 63 √";"—";"Участвуете в конкурсе";"2100919";"—"
"2113";"3";"—";"208";"59371 75 70 63";"—";"Участвуете в конкурсе";"2139098";"—"
"2114";"2";"Электронное";"208";"48892 74 80 54";"—";"Участвуете в конкурсе";"1521886";"—"
"2115";"3";"—";"208";"60442 73 90 45 √";"—";"Участвуете в конкурсе";"2392270";"—"
"2116";"5";"—";"208";"50412 72 78 58";"—";"Участвуете в конкурсе";"1622371";"—"
"2117";"6";"—";"208";"49790 72 64 72 √";"—";"Участвуете в конкурсе";"1595280";"—"
"2118";"2";"Электронное";"208";"53202 72 64 72";"—";"Участвуете в конкурсе";"1841157";"—"
"2119";"5";"—";"208";"51120 71 76 61 √";"—";"Участвуете в конкурсе";"1753527";"—"
"2120";"5";"—";"208";"58394 70 78 60";"—";"Участвуете в конкурсе";"2340933";"—"
"2121";"3";"—";"208";"60185 70 72 66";"—";"Участвуете в конкурсе";"2246023";"—"
"2122";"1";"—";"208";"59940 59 80 69 √";"—";"Участвуете в конкурсе";"2097051";"—"
"2123";"1";"—";"208";"47779 80 74 52";"2";"Участвуете в конкурсе";"1360406";"—"
"2124";"2";"—";"208";"47636 78 74 54 √";"2";"Участвуете в конкурсе";"1215684";"—"
"2125";"4";"—";"208";"48253 75 70 61 √";"2";"Участвуете в конкурсе";"1458556";"—"
"2126";"2";"—";"208";"48444 70 70 66";"2";"Участвуете в конкурсе";"1251628";"—"
"2127";"4";"—";"208";"56342 62 74 70 √";"2";"Участвуете в конкурсе";"2101569";"—"
"2128";"2";"—";"208";"51109 59 78 69 √";"2";"Участвуете в конкурсе";"1752970";"—"
"2129";"1";"—";"208";"56003 59 78 69 √";"2";"Участвуете в конкурсе";"2225947";"—"
"2130";"5";"Электронное";"208";"46381 72 74 58";"4";"Участвуете в конкурсе";"1155893";"—"
"2131";"2";"—";"208";"57317 70 70 64";"4";"Участвуете в конкурсе";"2272332";"—"
"2132";"7";"—";"208";"50131 72 74 55 √";"7";"Участвуете в конкурсе";"1623624";"—"
"2133";"1";"—";"208";"55049 70 64 67";"7";"Участвуете в конкурсе";"2006113";"—"
"2134";"2";"—";"208";"49730 65 64 69";"10";"Участвуете в конкурсе";"1610081";"—"
"2135";"1";"—";"208";"53379 54 72 72 √";"10";"Участвуете в конкурсе";"1978013";"—"
"2136";"3";"Электронное";"207";"59752 80 64 63";"—";"Участвуете в конкурсе";"1550121";"—"
"2137";"6";"—";"207";"58873 78 72 57";"—";"Участвуете в конкурсе";"2272758";"—"
"2138";"5";"—";"207";"46482 74 76 57";"—";"Участвуете в конкурсе";"1179045";"—"
"2139";"4";"—";"207";"56901 72 72 63";"—";"Участвуете в конкурсе";"1359316";"—"
"2140";"5";"—";"207";"59945 72 72 63";"—";"Участвуете в конкурсе";"2394502";"—"
"2141";"1";"—";"207";"49556 70 74 63";"—";"Участвуете в конкурсе";"1211135";"—"
"2142";"1";"Электронное";"207";"48092 70 74 63";"—";"Участвуете в конкурсе";"1419509";"—"
"2143";"2";"Электронное";"207";"56838 70 74 63";"—";"Участвуете в конкурсе";"2251681";"—"
"2144";"2";"Электронное";"207";"56435 70 74 63";"—";"Участвуете в конкурсе";"2253474";"—"
"2145";"5";"—";"207";"51961 67 80 60 √";"—";"Участвуете в конкурсе";"1694342";"—"
"2146";"5";"—";"207";"53768 65 76 66 √";"—";"Участвуете в конкурсе";"2001038";"—"
"2147";"1";"Электронное";"207";"53382 64 76 67";"—";"Участвуете в конкурсе";"1789755";"—"
"2148";"9";"—";"207";"58021 64 70 73 √";"—";"Участвуете в конкурсе";"2307107";"—"
"2149";"8";"—";"207";"50003 61 82 64 √";"—";"Участвуете в конкурсе";"1139138";"—"
"2150";"1";"—";"207";"51988 56 76 75";"—";"Участвуете в конкурсе";"1285998";"—"
"2151";"1";"Электронное";"207";"47350 80 74 51";"2";"Участвуете в конкурсе";"1324707";"—"
"2152";"7";"—";"207";"57900 78 76 51 √";"2";"Участвуете в конкурсе";"2283899";"—"
"2153";"4";"—";"207";"51951 75 70 60";"2";"Участвуете в конкурсе";"1849439";"—"
"2154";"1";"Электронное";"207";"59420 70 74 61 1";"2";"Участвуете в конкурсе";"2407039";"—"
"2155";"1";"—";"207";"52033 70 74 61";"2";"Участвуете в конкурсе";"1855087";"—"
"2156";"5";"—";"207";"59170 64 74 67";"2";"Участвуете в конкурсе";"2400267";"—"
"2157";"5";"—";"207";"51003 59 70 75";"3";"Участвуете в конкурсе";"1732794";"—"
"2158";"1";"—";"207";"54331 70 78 55";"4";"Участвуете в конкурсе";"2078030";"—"
"2159";"4";"—";"207";"47087 70 76 57";"4";"Участвуете в конкурсе";"1258930";"—"
"2160";"1";"Электронное";"207";"53450 78 52 70";"7";"Участвуете в конкурсе";"1997974";"—"
"2161";"1";"Электронное";"207";"49783 72 70 58 √";"7";"Участвуете в конкурсе";"1279663";"—"
"2162";"1";"Электронное";"207";"55515 54 76 67";"10";"Участвуете в конкурсе";"1912280";"—"
"2163";"4";"—";"206";"52387 77 86 43";"—";"Участвуете в конкурсе";"1707289";"—"
"2164";"6";"—";"206";"59999 75 76 55";"—";"Участвуете в конкурсе";"2395721";"—"
"2165";"1";"—";"206";"49356 75 64 67";"—";"Участвуете в конкурсе";"1212137";"—"
"2166";"2";"—";"206";"53914 72 76 58 √";"—";"Участвуете в конкурсе";"2041493";"—"
"2167";"1";"—";"206";"52110 70 76 60";"—";"Участвуете в конкурсе";"1858300";"—"
"2168";"1";"—";"206";"58979 70 72 64";"—";"Участвуете в конкурсе";"2321946";"—"
"2169";"1";"—";"206";"56031 70 70 66";"—";"Участвуете в конкурсе";"1320899";"—"
"2170";"4";"Электронное";"206";"45834 68 74 64";"—";"Участвуете в конкурсе";"1042182";"—"
"2171";"1";"—";"206";"57013 67 78 61";"—";"Участвуете в конкурсе";"2261590";"—"
"2172";"6";"Электронное";"206";"58717 64 70 72";"—";"Участвуете в конкурсе";"2371141";"—"
"2173";"1";"—";"206";"52161 62 78 66";"—";"Участвуете в конкурсе";"1754247";"—"
"2174";"1";"—";"206";"47610 61 72 73 √";"—";"Участвуете в конкурсе";"1366211";"—"
"2175";"2";"—";"206";"50943 59 64 83";"—";"Участвуете в конкурсе";"1737940";"—"
"2176";"4";"Электронное";"206";"6323 56 100 50";"—";"Участвуете в конкурсе";"1484792";"—"
"2177";"1";"Электронное";"206";"56454 72 86 46 √";"2";"Участвуете в конкурсе";"2248746";"—"
"2178";"5";"—";"206";"46395 71 70 63";"2";"Участвуете в конкурсе";"970893";"—"
"2179";"4";"—";"206";"57318 67 74 63";"2";"Участвуете в конкурсе";"2271262";"—"
"2180";"1";"—";"206";"45805 65 76 63 1";"2";"Участвуете в конкурсе";"1043435";"—"
"2181";"3";"Электронное";"206";"49955 64 70 70";"2";"Участвуете в конкурсе";"1608517";"—"
"2182";"6";"—";"206";"58554 62 72 70 √";"2";"Участвуете в конкурсе";"1574793";"—"
"2183";"5";"—";"206";"58157 59 72 73";"2";"Участвуете в конкурсе";"1585459";"—"
"2184";"2";"—";"206";"53548 59 70 75 √";"2";"Участвуете в конкурсе";"1773970";"—"
"2185";"5";"—";"206";"58161 51 70 83 √";"2";"Участвуете в конкурсе";"2049502";"—"
"2186";"2";"—";"206";"51762 67 74 61";"4";"Участвуете в конкурсе";"1196203";"—"
"2187";"2";"Электронное";"206";"51090 71 74 54";"7";"Участвуете в конкурсе";"1752286";"—"
"2188";"3";"Электронное";"206";"54171 62 70 67 √";"7";"Участвуете в конкурсе";"1108934";"—"
"2189";"5";"—";"206";"53292 54 64 78";"10";"Участвуете в конкурсе";"1984333";"—"
"2190";"1";"—";"205";"58254 83 52 70";"—";"Участвуете в конкурсе";"2344887";"—"
"2191";"1";"—";"205";"50278 78 64 63";"—";"Участвуете в конкурсе";"1624810";"—"
"2192";"1";"—";"205";"54655 75 70 60";"—";"Участвуете в конкурсе";"2041784";"—"
"2193";"1";"—";"205";"60328 72 76 57";"—";"Участвуете в конкурсе";"2226048";"—"
"2194";"1";"—";"205";"50813 72 70 63";"—";"Участвуете в конкурсе";"1684887";"—"
"2195";"1";"—";"205";"48463 70 72 63";"—";"Участвуете в конкурсе";"1228323";"—"
"2196";"5";"—";"205";"50124 70 72 63";"—";"Участвуете в конкурсе";"1639478";"—"
"2197";"1";"—";"205";"56406 67 80 58";"—";"Участвуете в конкурсе";"2212499";"—"
"2198";"7";"—";"205";"58637 67 74 64";"—";"Участвуете в конкурсе";"1213874";"—"
"2199";"5";"—";"205";"59808 67 74 64 √";"—";"Участвуете в конкурсе";"2385128";"—"
"2200";"9";"—";"205";"47997 67 72 66";"—";"Участвуете в конкурсе";"1407446";"—"
"2201";"6";"—";"205";"55166 67 72 66 √";"—";"Участвуете в конкурсе";"1858709";"—"
"2202";"2";"—";"205";"58112 67 72 66";"—";"Участвуете в конкурсе";"2310577";"—"
"2203";"6";"—";"205";"47979 65 76 64";"—";"Участвуете в конкурсе";"1403929";"—"
"2204";"3";"—";"205";"48243 65 70 70 √";"—";"Участвуете в конкурсе";"1458454";"—"
"2205";"2";"—";"205";"50411 64 80 61";"—";"Участвуете в конкурсе";"1643104";"—"
"2206";"6";"—";"205";"58878 64 80 61";"—";"Участвуете в конкурсе";"2171240";"—"
"2207";"5";"—";"205";"55363 64 78 63 √";"—";"Участвуете в конкурсе";"2174812";"—"
"2208";"4";"—";"205";"53164 62 80 63";"—";"Участвуете в конкурсе";"1979578";"—"
"2209";"6";"Электронное";"205";"48943 62 70 73 √";"—";"Участвуете в конкурсе";"1522556";"—"
"2210";"2";"—";"205";"45626 62 70 73";"—";"Участвуете в конкурсе";"983184";"—"
"2211";"4";"—";"205";"51694 59 82 64 √";"—";"Участвуете в конкурсе";"1849632";"—"
"2212";"1";"—";"205";"56945 56 76 73 √";"—";"Участвуете в конкурсе";"2264470";"—"
"2213";"1";"Электронное";"205";"45951 46 76 83 3";"—";"Участвуете в конкурсе";"1074657";"—"
"2214";"2";"—";"205";"60346 75 70 58";"2";"Участвуете в конкурсе";"2251121";"—"
"2215";"6";"Электронное";"205";"47070 72 70 61";"2";"Участвуете в конкурсе";"1240770";"—"
"2216";"8";"—";"205";"48857 67 70 66 √";"2";"Участвуете в конкурсе";"1511223";"—"
"2217";"1";"—";"205";"48546 67 58 78 √";"2";"Участвуете в конкурсе";"1483461";"—"
"2218";"4";"—";"205";"49290 64 72 67 √";"2";"Участвуете в конкурсе";"1519882";"—"
"2219";"3";"—";"205";"52058 64 70 69 √";"2";"Участвуете в конкурсе";"1852709";"—"
"2220";"1";"—";"205";"57442 56 72 75 √";"2";"Участвуете в конкурсе";"2212201";"—"
"2221";"7";"—";"205";"49584 67 72 63";"3";"Участвуете в конкурсе";"1614866";"—"
"2222";"1";"—";"205";"55983 56 72 73";"4";"Участвуете в конкурсе";"2202035";"—"
"2223";"4";"—";"205";"57444 54 70 75 √";"6";"Участвуете в конкурсе";"1017316";"—"
"2224";"5";"Электронное";"205";"50777 59 64 72 √";"10";"Участвуете в конкурсе";"1337235";"—"
"2225";"1";"—";"205";"59934 58 70 67";"10";"Участвуете в конкурсе";"1860562";"—"
"2226";"2";"—";"205";"59570 43 74 78";"10";"Участвуете в конкурсе";"2175337";"—"
"2227";"2";"—";"204";"50621 80 70 54 √";"—";"Участвуете в конкурсе";"1709369";"—"
"2228";"4";"—";"204";"48220 73 74 57 √";"—";"Участвуете в конкурсе";"1436841";"—"
"2229";"6";"—";"204";"54275 73 70 61";"—";"Участвуете в конкурсе";"2069695";"—"
"2230";"7";"—";"204";"57834 73 58 73 √";"—";"Участвуете в конкурсе";"1614687";"—"
"2231";"2";"—";"204";"42564 70 64 70";"—";"Участвуете в конкурсе";"2332501";"—"
"2232";"2";"—";"204";"48826 67 76 61";"—";"Участвуете в конкурсе";"1519013";"—"
"2233";"1";"Электронное";"204";"56420 67 76 61 √";"—";"Участвуете в конкурсе";"2250369";"—"
"2234";"6";"—";"204";"60079 67 76 61";"—";"Участвуете в конкурсе";"2388908";"—"
"2235";"2";"—";"204";"59779 67 74 63 √";"—";"Участвуете в конкурсе";"2225885";"—"
"2236";"2";"—";"204";"58016 64 76 64 √";"—";"Участвуете в конкурсе";"2296213";"—"
"2237";"2";"—";"204";"57467 64 70 70 √";"—";"Участвуете в конкурсе";"1637157";"—"
"2238";"2";"—";"204";"56662 62 76 66";"—";"Участвуете в конкурсе";"2241725";"—"
"2239";"1";"—";"204";"58652 62 70 72";"—";"Участвуете в конкурсе";"1627902";"—"
"2240";"3";"—";"204";"54045 59 70 75 √";"—";"Участвуете в конкурсе";"2001632";"—"
"2241";"7";"—";"204";"6012 59 66 79";"—";"Участвуете в конкурсе";"2009292";"—"
"2242";"1";"—";"204";"58669 56 70 78";"—";"Участвуете в конкурсе";"2368893";"—"
"2243";"2";"—";"204";"40584 56 66 82 √";"—";"Участвуете в конкурсе";"1999860";"—"
"2244";"2";"—";"204";"58341 55 66 83 √";"—";"Участвуете в конкурсе";"2259288";"—"
"2245";"6";"—";"204";"45863 54 80 70";"—";"Участвуете в конкурсе";"1059304";"—"
"2246";"4";"—";"204";"53861 51 70 83";"—";"Участвуете в конкурсе";"1397722";"—"
"2247";"1";"—";"204";"52093 78 58 66 √";"2";"Участвуете в конкурсе";"1853849";"—"
"2248";"1";"—";"204";"50364 67 80 55";"2";"Участвуете в конкурсе";"1632786";"—"
"2249";"2";"—";"204";"56767 65 76 61";"2";"Участвуете в конкурсе";"2260917";"—"
"2250";"1";"—";"204";"46608 62 74 66";"2";"Участвуете в конкурсе";"1217184";"—"
"2251";"4";"—";"204";"47049 61 72 69";"2";"Участвуете в конкурсе";"1268225";"—"
"2252";"8";"—";"204";"47243 59 74 69";"2";"Участвуете в конкурсе";"1282232";"—"
"2253";"7";"Электронное";"204";"49642 67 70 63";"4";"Участвуете в конкурсе";"1583188";"—"
"2254";"1";"Электронное";"204";"46960 61 70 69 √";"4";"Участвуете в конкурсе";"1250456";"—"
"2255";"3";"—";"204";"47960 68 52 75 √";"9";"Участвуете в конкурсе";"1363972";"—"
"2256";"2";"—";"204";"46673 64 70 61";"9";"Участвуете в конкурсе";"1197526";"—"
"2257";"2";"—";"204";"56028 58 76 60";"10";"Участвуете в конкурсе";"2211364";"—"
"2258";"1";"—";"203";"47091 73 70 60";"—";"Участвуете в конкурсе";"1144801";"—"
"2259";"1";"—";"203";"59961 71 72 60 √";"—";"Участвуете в конкурсе";"1977231";"—"
"2260";"1";"—";"203";"52953 70 72 61";"—";"Участвуете в конкурсе";"1942047";"—"
"2261";"6";"—";"203";"49467 67 78 58 √";"—";"Участвуете в конкурсе";"1193542";"—"
"2262";"1";"Электронное";"203";"48085 67 72 64";"—";"Участвуете в конкурсе";"1417067";"—"
"2263";"1";"—";"203";"58065 67 70 66";"—";"Участвуете в конкурсе";"2307530";"—"
"2264";"2";"—";"203";"49757 64 84 55";"—";"Участвуете в конкурсе";"1641607";"—"
"2265";"5";"—";"203";"51038 62 78 63";"—";"Участвуете в конкурсе";"1724245";"—"
"2266";"2";"—";"203";"55920 62 58 83";"—";"Участвуете в конкурсе";"2218318";"—"
"2267";"3";"—";"203";"59684 61 76 66";"—";"Участвуете в конкурсе";"1596881";"—"
"2268";"1";"—";"203";"49736 59 74 70";"—";"Участвуете в конкурсе";"1641914";"—"
"2269";"7";"—";"203";"49140 56 78 69";"—";"Участвуете в конкурсе";"1550795";"—"
"2270";"10";"—";"203";"59997 56 72 75";"—";"Участвуете в конкурсе";"2395681";"—"
"2271";"2";"Электронное";"203";"46242 64 74 63";"2";"Участвуете в конкурсе";"1133656";"—"
"2272";"1";"—";"203";"48874 59 64 78";"2";"Участвуете в конкурсе";"1506978";"—"
"2273";"7";"—";"203";"52729 72 70 58";"3";"Участвуете в конкурсе";"1942758";"—"
"2274";"7";"—";"203";"58410 67 78 54";"4";"Участвуете в конкурсе";"2365923";"—"
"2275";"2";"—";"203";"57624 59 70 70";"4";"Участвуете в конкурсе";"2296156";"—"
"2276";"7";"Электронное";"203";"53420 64 78 55";"6";"Участвуете в конкурсе";"2018026";"—"
"2277";"5";"Электронное";"203";"46777 56 72 69 √";"6";"Участвуете в конкурсе";"1196378";"—"
"2278";"1";"—";"203";"60399 74 58 61";"10";"Участвуете в конкурсе";"2329515";"—"
"2279";"4";"—";"203";"49303 59 70 64 √";"10";"Участвуете в конкурсе";"1568689";"—"
"2280";"1";"Электронное";"202";"50636 82 80 40 √";"—";"Участвуете в конкурсе";"1688816";"—"
"2281";"1";"—";"202";"53000 75 64 63";"—";"Участвуете в конкурсе";"1341364";"—"
"2282";"4";"—";"202";"59307 72 70 60 √";"—";"Участвуете в конкурсе";"2131773";"—"
"2283";"1";"—";"202";"55359 71 64 67";"—";"Участвуете в конкурсе";"2174678";"—"
"2284";"4";"—";"202";"49887 70 72 60";"—";"Участвуете в конкурсе";"1617702";"—"
"2285";"2";"—";"202";"60398 65 74 63";"—";"Участвуете в конкурсе";"2413235";"—"
"2286";"5";"Электронное";"202";"47333 64 74 64";"—";"Участвуете в конкурсе";"1325201";"—"
"2287";"3";"Электронное";"202";"54004 64 74 64 √";"—";"Участвуете в конкурсе";"2044856";"—"
"2288";"2";"Электронное";"202";"53171 64 72 66";"—";"Участвуете в конкурсе";"1974087";"—"
"2289";"1";"—";"202";"54374 64 72 66 √";"—";"Участвуете в конкурсе";"2079385";"—"
"2290";"4";"—";"202";"59861 62 70 70";"—";"Участвуете в конкурсе";"2204231";"—"
"2291";"2";"—";"202";"54677 53 74 75 √";"—";"Участвуете в конкурсе";"1494494";"—"
"2292";"1";"—";"202";"50056 64 58 78";"2";"Участвуете в конкурсе";"1174260";"—"
"2293";"2";"—";"202";"58367 58 70 72 √";"2";"Участвуете в конкурсе";"2308402";"—"
"2294";"1";"—";"202";"55490 54 78 67 √";"3";"Участвуете в конкурсе";"2180187";"—"
"2295";"6";"—";"202";"56366 65 72 60";"5";"Участвуете в конкурсе";"2249068";"—"
"2296";"2";"—";"202";"50726 56 72 64 √";"10";"Участвуете в конкурсе";"1704608";"—"
"2297";"4";"—";"202";"50979 48 74 70";"10";"Участвуете в конкурсе";"1474255";"—"
"2298";"1";"Электронное";"201";"51073 80 64 57";"—";"Участвуете в конкурсе";"1245718";"—"
"2299";"1";"Электронное";"201";"51706 80 40 81";"—";"Участвуете в конкурсе";"1873628";"—"
"2300";"4";"—";"201";"58705 70 74 57 √";"—";"Участвуете в конкурсе";"1292552";"—"
"2301";"1";"—";"201";"56598 70 74 57";"—";"Участвуете в конкурсе";"2259768";"—"
"2302";"4";"Электронное";"201";"45983 70 58 73 √";"—";"Участвуете в конкурсе";"1075748";"—"
"2303";"2";"—";"201";"55925 67 82 52 √";"—";"Участвуете в конкурсе";"2206219";"—"
"2304";"1";"—";"201";"49153 67 70 64 √";"—";"Участвуете в конкурсе";"1557609";"—"
"2305";"2";"—";"201";"55079 65 72 64";"—";"Участвуете в конкурсе";"2151739";"—"
"2306";"5";"—";"201";"49964 64 76 61";"—";"Участвуете в конкурсе";"1619497";"—"
"2307";"1";"—";"201";"47324 62 70 69 √";"—";"Участвуете в конкурсе";"1288969";"—"
"2308";"1";"Электронное";"201";"56617 58 64 79 √";"—";"Участвуете в конкурсе";"2241171";"—"
"2309";"5";"—";"201";"56609 54 80 67 √";"—";"Участвуете в конкурсе";"2240783";"—"
"2310";"6";"—";"201";"48357 72 78 49 √";"2";"Участвуете в конкурсе";"1428088";"—"
"2311";"2";"—";"201";"52842 67 72 60 √";"2";"Участвуете в конкурсе";"1519920";"—"
"2312";"6";"—";"201";"59552 67 70 61";"3";"Участвуете в конкурсе";"1586053";"—"
"2313";"5";"—";"201";"47236 40 70 81 √";"10";"Участвуете в конкурсе";"1289440";"—"
"2314";"1";"—";"200";"49158 70 78 52";"—";"Участвуете в конкурсе";"1609315";"—"
"2315";"1";"—";"200";"51949 70 72 58 1";"—";"Участвуете в конкурсе";"1768840";"—"
"2316";"5";"Электронное";"200";"59764 70 70 60 √";"—";"Участвуете в конкурсе";"2355234";"—"
"2317";"6";"—";"200";"47672 67 72 61 √";"—";"Участвуете в конкурсе";"1356805";"—"
"2318";"3";"—";"200";"53107 67 70 63";"—";"Участвуете в конкурсе";"1986214";"—"
"2319";"2";"Электронное";"200";"54725 67 64 69 3";"—";"Участвуете в конкурсе";"2123349";"—"
"2320";"1";"—";"200";"60363 67 64 69";"—";"Участвуете в конкурсе";"2424596";"—"
"2321";"2";"—";"200";"47380 65 78 57 √";"—";"Участвуете в конкурсе";"1261133";"—"
"2322";"1";"Электронное";"200";"54842 64 78 58 √";"—";"Участвуете в конкурсе";"2130153";"—"
"2323";"1";"—";"200";"47692 64 72 64 √";"—";"Участвуете в конкурсе";"1318657";"—"
"2324";"1";"—";"200";"58033 54 76 70";"—";"Участвуете в конкурсе";"1953667";"—"
"2325";"5";"—";"200";"50763 70 58 70";"2";"Участвуете в конкурсе";"1757898";"—"
"2326";"1";"—";"200";"60256 62 72 64 √";"2";"Участвуете в конкурсе";"2414773";"—"
"2327";"5";"—";"200";"55247 62 70 66 √";"2";"Участвуете в конкурсе";"1482803";"—"
"2328";"3";"—";"200";"58769 62 70 66";"2";"Участвуете в конкурсе";"1637823";"—"
"2329";"5";"—";"200";"54294 61 74 63";"2";"Участвуете в конкурсе";"1937316";"—"
"2330";"2";"—";"200";"49601 61 70 67";"2";"Участвуете в конкурсе";"1586368";"—"
"2331";"5";"—";"200";"37256 59 76 63 √";"2";"Участвуете в конкурсе";"1101814";"—"
"2332";"2";"—";"200";"54208 56 72 70 √";"2";"Участвуете в конкурсе";"2056992";"—"
"2333";"2";"—";"200";"55075 65 74 51 √";"10";"Участвуете в конкурсе";"2142028";"—"
"2334";"6";"Электронное";"200";"49535 59 64 67 √";"10";"Участвуете в конкурсе";"1352836";"—"
"2335";"3";"—";"200";"57110 59 64 67";"10";"Участвуете в конкурсе";"1561711";"—"
"2336";"1";"—";"199";"48242 80 46 73 √";"—";"Участвуете в конкурсе";"1440748";"—"
"2337";"1";"—";"199";"58071 78 58 63";"—";"Участвуете в конкурсе";"2310864";"—"
"2338";"5";"—";"199";"52060 75 70 54";"—";"Участвуете в конкурсе";"1314561";"—"
"2339";"2";"—";"199";"53856 70 80 49 √";"—";"Участвуете в конкурсе";"952961";"—"
"2340";"1";"Электронное";"199";"50429 67 72 60";"—";"Участвуете в конкурсе";"1647885";"—"
"2341";"1";"—";"199";"56242 67 72 60 √";"—";"Участвуете в конкурсе";"2229790";"—"
"2342";"5";"—";"199";"46717 64 74 61 1";"—";"Участвуете в конкурсе";"1205117";"—"
"2343";"1";"—";"199";"58007 64 72 63";"—";"Участвуете в конкурсе";"1790812";"—"
"2344";"4";"—";"199";"57783 64 72 63";"—";"Участвуете в конкурсе";"2336444";"—"
"2345";"2";"Электронное";"199";"55446 62 64 73";"—";"Участвуете в конкурсе";"1575078";"—"
"2346";"2";"—";"199";"55174 59 74 66 √";"—";"Участвуете в конкурсе";"2025038";"—"
"2347";"1";"—";"199";"58611 59 74 66";"—";"Участвуете в конкурсе";"2108485";"—"
"2348";"4";"—";"199";"47113 59 70 70 √";"—";"Участвуете в конкурсе";"1111251";"—"
"2349";"2";"Электронное";"199";"57781 59 70 70";"—";"Участвуете в конкурсе";"2139803";"—"
"2350";"2";"—";"199";"56826 56 76 67";"—";"Участвуете в конкурсе";"2244371";"—"
"2351";"2";"—";"199";"59966 56 76 67 √";"—";"Участвуете в конкурсе";"2304741";"—"
"2352";"1";"—";"199";"55891 54 76 69 √";"—";"Участвуете в конкурсе";"2204283";"—"
"2353";"4";"—";"199";"52054 73 84 40";"2";"Участвуете в конкурсе";"1857706";"—"
"2354";"1";"—";"199";"51600 72 70 55";"2";"Участвуете в конкурсе";"1761520";"—"
"2355";"2";"—";"199";"49948 72 64 61 √";"2";"Участвуете в конкурсе";"1614251";"—"
"2356";"4";"—";"199";"59822 67 64 66";"2";"Участвуете в конкурсе";"1996092";"—"
"2357";"1";"Электронное";"199";"55748 62 80 55 √";"2";"Участвуете в конкурсе";"2195948";"—"
"2358";"2";"—";"199";"59032 62 72 63 √";"2";"Участвуете в конкурсе";"2202981";"—"
"2359";"1";"Электронное";"199";"56416 61 72 64";"2";"Участвуете в конкурсе";"2250366";"—"
"2360";"1";"—";"199";"58946 56 74 67";"2";"Участвуете в конкурсе";"1148088";"—"
"2361";"1";"—";"199";"60312 67 64 64";"4";"Участвуете в конкурсе";"1290367";"—"
"2362";"2";"—";"199";"59605 59 70 63 √";"7";"Участвуете в конкурсе";"2356095";"—"
"2363";"5";"—";"199";"49025 48 74 67";"10";"Участвуете в конкурсе";"1203345";"—"
"2364";"1";"Электронное";"198";"54378 72 74 52";"—";"Участвуете в конкурсе";"2080768";"—"
"2365";"4";"Электронное";"198";"51583 62 76 60 3";"—";"Участвуете в конкурсе";"1724610";"—"
"2366";"2";"—";"198";"48602 59 70 69 √";"—";"Участвуете в конкурсе";"1390561";"—"
"2367";"7";"—";"198";"58360 59 64 75";"—";"Участвуете в конкурсе";"2324595";"—"
"2368";"5";"—";"198";"53637 56 72 70 √";"—";"Участвуете в конкурсе";"2005070";"—"
"2369";"4";"—";"198";"50728 72 64 60";"2";"Участвуете в конкурсе";"1682292";"—"
"2370";"2";"Электронное";"198";"48930 64 80 52";"2";"Участвуете в конкурсе";"1507773";"—"
"2371";"1";"—";"198";"60416 64 78 54 √";"2";"Участвуете в конкурсе";"2302106";"—"
"2372";"2";"Электронное";"198";"58386 64 74 58 √";"2";"Участвуете в конкурсе";"2340895";"—"
"2373";"3";"—";"198";"59936 59 76 61";"2";"Участвуете в конкурсе";"2258108";"—"
"2374";"2";"Электронное";"198";"56343 48 70 78 √";"2";"Участвуете в конкурсе";"2242857";"—"
"2375";"3";"—";"198";"53621 70 72 51";"5";"Участвуете в конкурсе";"1616209";"—"
"2376";"1";"—";"198";"49204 59 74 58";"7";"Участвуете в конкурсе";"1480571";"—"
"2377";"3";"—";"197";"58609 78 64 55 2";"—";"Участвуете в конкурсе";"1896953";"—"
"2378";"6";"—";"197";"50369 75 74 48";"—";"Участвуете в конкурсе";"1648866";"—"
"2379";"4";"—";"197";"53316 75 58 64";"—";"Участвуете в конкурсе";"1987124";"—"
"2380";"4";"Электронное";"197";"48359 70 64 63";"—";"Участвуете в конкурсе";"1443031";"—"
"2381";"6";"—";"197";"53505 70 64 63";"—";"Участвуете в конкурсе";"2003522";"—"
"2382";"2";"—";"197";"58734 70 64 63";"—";"Участвуете в конкурсе";"2345194";"—"
"2383";"3";"—";"197";"49454 67 72 58 √";"—";"Участвуете в конкурсе";"1364956";"—"
"2384";"1";"—";"197";"46485 64 70 63";"—";"Участвуете в конкурсе";"1175572";"—"
"2385";"7";"Электронное";"197";"50716 64 58 75 √";"—";"Участвуете в конкурсе";"1616750";"—"
"2386";"1";"—";"197";"60009 62 80 55";"—";"Участвуете в конкурсе";"1792787";"—"
"2387";"5";"—";"197";"53233 61 70 66";"—";"Участвуете в конкурсе";"1969834";"—"
"2388";"1";"—";"197";"53261 59 80 58";"—";"Участвуете в конкурсе";"1986365";"—"
"2389";"5";"—";"197";"54543 59 64 74";"—";"Участвуете в конкурсе";"2054790";"—"
"2390";"3";"—";"197";"47704 72 74 49 √";"2";"Участвуете в конкурсе";"1358195";"—"
"2391";"5";"—";"197";"49996 70 70 55";"2";"Участвуете в конкурсе";"1318634";"—"
"2392";"1";"Электронное";"197";"48566 67 70 58";"2";"Участвуете в конкурсе";"1439995";"—"
"2393";"1";"Электронное";"197";"53482 65 64 66";"2";"Участвуете в конкурсе";"2002897";"—"
"2394";"7";"—";"197";"58608 62 82 51";"2";"Участвуете в конкурсе";"1983461";"—"
"2395";"2";"—";"197";"50284 62 58 75";"2";"Участвуете в конкурсе";"1377399";"—"
"2396";"5";"—";"197";"48108 67 58 67 √";"5";"Участвуете в конкурсе";"1419234";"—"
"2397";"8";"—";"197";"59134 77 58 55";"7";"Участвуете в конкурсе";"1957401";"—"
"2398";"8";"—";"197";"46857 68 58 61";"10";"Участвуете в конкурсе";"1205312";"—"
"2399";"5";"—";"196";"49075 70 72 54";"—";"Участвуете в конкурсе";"1249499";"—"
"2400";"4";"—";"196";"56329 64 72 60 √";"—";"Участвуете в конкурсе";"2242749";"—"
"2401";"5";"—";"196";"48019 59 74 63 √";"—";"Участвуете в конкурсе";"1284722";"—"
"2402";"5";"—";"196";"40314 59 70 67 5";"—";"Участвуете в конкурсе";"2055928";"—"
"2403";"4";"—";"196";"59241 56 74 66 √";"—";"Участвуете в конкурсе";"2377436";"—"
"2404";"5";"—";"196";"49417 54 78 64";"—";"Участвуете в конкурсе";"1579214";"—"
"2405";"3";"—";"196";"57265 54 78 64";"—";"Участвуете в конкурсе";"2274584";"—"
"2406";"1";"Электронное";"196";"51013 59 74 61 7";"2";"Участвуете в конкурсе";"1329611";"—"
"2407";"2";"Электронное";"196";"51698 48 76 70";"2";"Участвуете в конкурсе";"1795031";"—"
"2408";"1";"—";"196";"47896 62 70 61";"3";"Участвуете в конкурсе";"1363356";"—"
"2409";"2";"Электронное";"196";"57766 70 58 64";"4";"Участвуете в конкурсе";"2271355";"—"
"2410";"1";"—";"196";"46484 68 64 58";"6";"Участвуете в конкурсе";"1178181";"—"
"2411";"9";"—";"195";"35048 70 64 61 8";"—";"Участвуете в конкурсе";"2012378";"—"
"2412";"2";"—";"195";"48203 68 78 49";"—";"Участвуете в конкурсе";"1438364";"—"
"2413";"7";"—";"195";"57810 67 74 54";"—";"Участвуете в конкурсе";"2269787";"—"
"2414";"1";"—";"195";"46630 67 64 64";"—";"Участвуете в конкурсе";"1182421";"—"
"2415";"5";"—";"195";"56426 62 72 61 √";"—";"Участвуете в конкурсе";"2259940";"—"
"2416";"3";"—";"195";"56520 62 70 63";"—";"Участвуете в конкурсе";"2235624";"—"
"2417";"1";"Электронное";"195";"52512 54 70 71";"—";"Участвуете в конкурсе";"1904041";"—"
"2418";"2";"—";"195";"59932 49 74 72 √";"—";"Участвуете в конкурсе";"2255375";"—"
"2419";"2";"—";"195";"53988 72 64 57";"2";"Участвуете в конкурсе";"1602974";"—"
"2420";"1";"—";"195";"53524 54 78 61";"2";"Участвуете в конкурсе";"1262087";"—"
"2421";"1";"—";"195";"58393 54 76 63 √";"2";"Участвуете в конкурсе";"2308799";"—"
"2422";"3";"—";"195";"58343 76 58 58";"3";"Участвуете в конкурсе";"2340463";"—"
"2423";"2";"—";"195";"57697 59 72 61 √";"3";"Участвуете в конкурсе";"2294294";"—"
"2424";"1";"—";"195";"47442 64 70 57";"4";"Участвуете в конкурсе";"1109421";"—"
"2425";"4";"—";"195";"57842 51 70 69 √";"5";"Участвуете в конкурсе";"2298374";"—"
"2426";"4";"—";"194";"60004 72 58 64";"—";"Участвуете в конкурсе";"1422392";"—"
"2427";"4";"—";"194";"57937 70 64 60";"—";"Участвуете в конкурсе";"2164983";"—"
"2428";"4";"—";"194";"58855 70 58 66 √";"—";"Участвуете в конкурсе";"2368280";"—"
"2429";"5";"—";"194";"59987 67 72 55";"—";"Участвуете в конкурсе";"2395159";"—"
"2430";"1";"—";"194";"57782 64 78 52";"—";"Участвуете в конкурсе";"1784262";"—"
"2431";"2";"—";"194";"51199 62 74 58 √";"—";"Участвуете в конкурсе";"1758091";"—"
"2432";"6";"—";"194";"46152 61 64 69";"—";"Участвуете в конкурсе";"961764";"—"
"2433";"7";"—";"194";"42263 59 74 61 √";"—";"Участвуете в конкурсе";"2257177";"—"
"2434";"2";"Электронное";"194";"57012 59 74 61 √";"—";"Участвуете в конкурсе";"2261519";"—"
"2435";"2";"Электронное";"194";"45384 58 70 66";"—";"Участвуете в конкурсе";"968647";"—"
"2436";"4";"—";"194";"51510 54 74 66 √";"—";"Участвуете в конкурсе";"1588235";"—"
"2437";"8";"Электронное";"194";"50590 72 72 48";"2";"Участвуете в конкурсе";"1675763";"—"
"2438";"6";"—";"194";"51756 68 70 54 5";"2";"Участвуете в конкурсе";"1850083";"—"
"2439";"2";"—";"194";"49518 56 72 64";"2";"Участвуете в конкурсе";"1617311";"—"
"2440";"2";"Электронное";"194";"48389 51 74 67 1";"2";"Участвуете в конкурсе";"1484408";"—"
"2441";"4";"Электронное";"194";"55476 64 64 61 √";"5";"Участвуете в конкурсе";"2176772";"—"
"2442";"1";"—";"194";"51100 53 64 72";"5";"Участвуете в конкурсе";"1386202";"—"
"2443";"2";"Электронное";"194";"56243 51 64 69 1";"10";"Участвуете в конкурсе";"1975657";"—"
"2444";"2";"Электронное";"194";"52656 48 72 64";"10";"Участвуете в конкурсе";"1722647";"—"
"2445";"9";"—";"193";"60018 78 52 63";"—";"Участвуете в конкурсе";"1624889";"—"
"2446";"1";"—";"193";"49414 74 74 45";"—";"Участвуете в конкурсе";"1580787";"—"
"2447";"4";"—";"193";"53894 72 70 51";"—";"Участвуете в конкурсе";"1727509";"—"
"2448";"2";"—";"193";"59920 72 58 63";"—";"Участвуете в конкурсе";"2263357";"—"
"2449";"7";"—";"193";"56810 67 72 54";"—";"Участвуете в конкурсе";"2230224";"—"
"2450";"2";"—";"193";"57071 64 74 55 √";"—";"Участвуете в конкурсе";"2273261";"—"
"2451";"1";"—";"193";"55507 58 74 61";"—";"Участвуете в конкурсе";"1728971";"—"
"2452";"4";"—";"193";"60166 54 58 81 √";"—";"Участвуете в конкурсе";"1603546";"—"
"2453";"3";"—";"193";"55106 78 52 61";"2";"Участвуете в конкурсе";"2143370";"—"
"2454";"6";"—";"193";"59718 70 72 49";"2";"Участвуете в конкурсе";"1213893";"—"
"2455";"2";"Электронное";"193";"57521 67 72 52 9";"2";"Участвуете в конкурсе";"2309597";"—"
"2456";"3";"—";"193";"50714 64 60 67 1";"2";"Участвуете в конкурсе";"1331788";"—"
"2457";"2";"—";"193";"59125 59 78 54";"2";"Участвуете в конкурсе";"2280589";"—"
"2458";"7";"—";"192";"58944 67 74 51";"—";"Участвуете в конкурсе";"2350033";"—"
"2459";"1";"—";"192";"53134 64 76 52";"—";"Участвуете в конкурсе";"1976247";"—"
"2460";"2";"Электронное";"192";"58670 59 52 81 √";"—";"Участвуете в конкурсе";"2271829";"—"
"2461";"1";"—";"192";"48289 56 72 64";"—";"Участвуете в конкурсе";"1445413";"—"
"2462";"1";"—";"192";"45550 54 74 64";"—";"Участвуете в конкурсе";"975808";"—"
"2463";"4";"—";"192";"53877 72 64 54";"2";"Участвуете в конкурсе";"2006948";"—"
"2464";"3";"—";"192";"47546 65 74 51 √";"2";"Участвуете в конкурсе";"1366413";"—"
"2465";"1";"—";"192";"57730 62 70 58";"2";"Участвуете в конкурсе";"1308919";"—"
"2466";"1";"Электронное";"192";"47950 62 64 64 √";"2";"Участвуете в конкурсе";"1385690";"—"
"2467";"2";"—";"192";"53654 62 58 70";"2";"Участвуете в конкурсе";"1417396";"—"
"2468";"2";"—";"192";"60366 59 74 57";"2";"Участвуете в конкурсе";"2358760";"—"
"2469";"1";"—";"192";"58132 56 70 64";"2";"Участвуете в конкурсе";"2293833";"—"
"2470";"1";"—";"192";"52932 53 64 73 2";"2";"Участвуете в конкурсе";"1956255";"—"
"2471";"2";"—";"192";"60187 51 72 67";"2";"Участвуете в конкурсе";"2417088";"—"
"2472";"2";"—";"192";"57184 70 64 54";"4";"Участвуете в конкурсе";"2268788";"—"
"2473";"5";"—";"192";"55297 56 72 60";"4";"Участвуете в конкурсе";"2171750";"—"
"2474";"3";"—";"192";"50732 54 74 57";"7";"Участвуете в конкурсе";"1653151";"—"
"2475";"1";"—";"192";"26454 51 70 61";"10";"Участвуете в конкурсе";"1343176";"—"
"2476";"1";"—";"192";"56524 43 70 69 1";"10";"Участвуете в конкурсе";"2251306";"—"
"2477";"1";"—";"191";"57493 78 52 61 √";"—";"Участвуете в конкурсе";"2027908";"—"
"2478";"1";"—";"191";"60340 70 70 51";"—";"Участвуете в конкурсе";"2243160";"—"
"2479";"1";"Электронное";"191";"49237 70 64 57";"—";"Участвуете в конкурсе";"1343675";"—"
"2480";"3";"Электронное";"191";"48845 67 78 46 2";"—";"Участвуете в конкурсе";"1518391";"—"
"2481";"1";"—";"191";"55129 67 58 66";"—";"Участвуете в конкурсе";"1646495";"—"
"2482";"6";"—";"191";"46385 64 76 51";"—";"Участвуете в конкурсе";"1157585";"—"
"2483";"1";"—";"191";"48158 64 70 57 2";"—";"Участвуете в конкурсе";"1224990";"—"
"2484";"7";"—";"191";"57984 59 80 52";"—";"Участвуете в конкурсе";"2297710";"—"
"2485";"5";"—";"191";"59203 58 70 63 √";"—";"Участвуете в конкурсе";"2393537";"—"
"2486";"5";"—";"191";"58054 58 64 69 √";"—";"Участвуете в конкурсе";"2305365";"—"
"2487";"2";"—";"191";"52655 54 70 67";"—";"Участвуете в конкурсе";"1938088";"—"
"2488";"2";"Электронное";"191";"58297 54 64 73";"—";"Участвуете в конкурсе";"2369720";"—"
"2489";"1";"—";"191";"48270 67 64 58 √";"2";"Участвуете в конкурсе";"1423040";"—"
"2490";"1";"—";"191";"47687 65 64 60";"2";"Участвуете в конкурсе";"1357500";"—"
"2491";"5";"—";"191";"60053 64 64 61 √";"2";"Участвуете в конкурсе";"2367988";"—"
"2492";"3";"—";"191";"48549 62 58 69";"2";"Участвуете в конкурсе";"1328020";"—"
"2493";"1";"—";"191";"53584 59 70 60";"2";"Участвуете в конкурсе";"2001741";"—"
"2494";"8";"—";"191";"54753 62 70 51 √";"8";"Участвуете в конкурсе";"1558698";"—"
"2495";"1";"Электронное";"191";"46194 78 40 63";"10";"Участвуете в конкурсе";"1122735";"—"
"2496";"3";"—";"190";"48295 70 72 48";"—";"Участвуете в конкурсе";"1191511";"—"
"2497";"5";"—";"190";"56124 62 70 58 √";"—";"Участвуете в конкурсе";"1227476";"—"
"2498";"1";"—";"190";"52814 62 70 58";"—";"Участвуете в конкурсе";"1677660";"—"
"2499";"2";"Электронное";"190";"45793 58 70 62";"—";"Участвуете в конкурсе";"1041455";"—"
"2500";"2";"—";"190";"55796 54 82 54";"—";"Участвуете в конкурсе";"2200297";"—"
"2501";"5";"—";"190";"60331 54 76 60";"—";"Участвуете в конкурсе";"2236414";"—"
"2502";"3";"Электронное";"190";"57237 40 80 70 √";"—";"Участвуете в конкурсе";"2285875";"—"
"2503";"5";"—";"190";"50038 67 70 51";"2";"Участвуете в конкурсе";"1623895";"—"
"2504";"2";"—";"190";"51353 59 72 57";"2";"Участвуете в конкурсе";"1521574";"—"
"2505";"2";"Электронное";"190";"52782 56 78 54 √";"2";"Участвуете в конкурсе";"1774489";"—"
"2506";"1";"—";"190";"53421 51 70 67";"2";"Участвуете в конкурсе";"1280055";"—"
"2507";"2";"—";"190";"53564 48 76 64 √";"2";"Участвуете в конкурсе";"1178054";"—"
"2508";"4";"—";"190";"49521 56 64 67 √";"3";"Участвуете в конкурсе";"1585835";"—"
"2509";"4";"—";"190";"59120 53 64 63 √";"10";"Участвуете в конкурсе";"2223099";"—"
"2510";"8";"—";"189";"51607 70 70 49 7";"—";"Участвуете в конкурсе";"1198072";"—"
"2511";"5";"—";"189";"49245 67 70 52 √";"—";"Участвуете в конкурсе";"1560173";"—"
"2512";"4";"—";"189";"52496 64 64 61";"—";"Участвуете в конкурсе";"1563875";"—"
"2513";"2";"—";"189";"50691 64 64 61 √";"—";"Участвуете в конкурсе";"1715314";"—"
"2514";"3";"—";"189";"58232 62 70 57";"—";"Участвуете в конкурсе";"2330649";"—"
"2515";"4";"—";"189";"57380 61 76 52";"—";"Участвуете в конкурсе";"2315050";"—"
"2516";"3";"—";"189";"55235 61 70 58";"—";"Участвуете в конкурсе";"2156141";"—"
"2517";"6";"—";"189";"45248 59 70 60";"—";"Участвуете в конкурсе";"953475";"—"
"2518";"2";"—";"189";"59784 59 64 66 √";"—";"Участвуете в конкурсе";"2375200";"—"
"2519";"4";"—";"189";"45367 59 52 78";"—";"Участвуете в конкурсе";"971183";"—"
"2520";"1";"—";"189";"48406 56 64 69";"—";"Участвуете в конкурсе";"1482415";"—"
"2521";"4";"Электронное";"189";"60100 56 64 69";"—";"Участвуете в конкурсе";"2389926";"—"
"2522";"2";"—";"189";"52573 53 64 72 √";"—";"Участвуете в конкурсе";"1057780";"—"
"2523";"1";"—";"189";"59068 65 74 48";"2";"Участвуете в конкурсе";"2385890";"—"
"2524";"1";"Электронное";"189";"51020 62 74 49 √";"4";"Участвуете в конкурсе";"1775753";"—"
"2525";"6";"—";"189";"47457 72 58 52";"7";"Участвуете в конкурсе";"1291929";"—"
"2526";"1";"—";"189";"58523 56 72 52";"9";"Участвуете в конкурсе";"1320936";"—"
"2527";"1";"Электронное";"189";"49187 46 72 61";"10";"Участвуете в конкурсе";"1609731";"—"
"2528";"3";"—";"188";"35348 75 58 55";"—";"Участвуете в конкурсе";"1246729";"—"
"2529";"1";"—";"188";"49741 72 64 52";"—";"Участвуете в конкурсе";"1425155";"—"
"2530";"7";"—";"188";"52156 70 72 46";"—";"Участвуете в конкурсе";"1865744";"—"
"2531";"4";"—";"188";"55917 70 64 54";"—";"Участвуете в конкурсе";"998407";"—"
"2532";"1";"Электронное";"188";"30944 67 70 51";"—";"Участвуете в конкурсе";"2281927";"—"
"2533";"1";"—";"188";"60188 67 64 57 √";"—";"Участвуете в конкурсе";"2221544";"—"
"2534";"1";"—";"188";"58390 67 64 57";"—";"Участвуете в конкурсе";"2238380";"—"
"2535";"2";"—";"188";"51647 64 64 60";"—";"Участвуете в конкурсе";"1825324";"—"
"2536";"2";"—";"188";"41397 64 58 66";"—";"Участвуете в конкурсе";"2369179";"—"
"2537";"7";"—";"188";"51305 59 72 57";"—";"Участвуете в конкурсе";"1788095";"—"
"2538";"1";"—";"188";"58616 59 72 57";"—";"Участвуете в конкурсе";"2363362";"—"
"2539";"1";"Электронное";"188";"56368 56 74 58";"—";"Участвуете в конкурсе";"2230465";"—"
"2540";"6";"—";"188";"48385 54 74 60 √";"—";"Участвуете в конкурсе";"1104500";"—"
"2541";"1";"—";"188";"56310 77 58 51 √";"2";"Участвуете в конкурсе";"2243629";"—"
"2542";"10";"—";"188";"50333 64 52 70";"2";"Участвуете в конкурсе";"1649662";"—"
"2543";"7";"—";"188";"48053 62 64 60";"2";"Участвуете в конкурсе";"1415302";"—"
"2544";"6";"—";"188";"55736 59 70 57";"2";"Участвуете в конкурсе";"2190928";"—"
"2545";"3";"—";"188";"47012 56 64 66";"2";"Участвуете в конкурсе";"1267341";"—"
"2546";"1";"Электронное";"188";"60526 43 76 67";"2";"Участвуете в конкурсе";"2415577";"—"
"2547";"6";"—";"188";"60222 56 70 58 √";"4";"Участвуете в конкурсе";"2379661";"—"
"2548";"1";"—";"188";"58108 76 46 61";"5";"Участвуете в конкурсе";"2311795";"—"
"2549";"5";"—";"188";"55539 54 64 60 √";"10";"Участвуете в конкурсе";"1005064";"—"
"2550";"5";"—";"188";"59546 51 64 63 √";"10";"Участвуете в конкурсе";"1899952";"—"
"2551";"1";"—";"187";"49283 70 72 45";"—";"Участвуете в конкурсе";"1596777";"—"
"2552";"1";"—";"187";"47865 68 64 55";"—";"Участвуете в конкурсе";"1308356";"—"
"2553";"4";"—";"187";"54831 65 52 70";"—";"Участвуете в конкурсе";"2129395";"—"
"2554";"2";"—";"187";"58723 62 76 49";"—";"Участвуете в конкурсе";"1478578";"—"
"2555";"5";"Электронное";"187";"46294 60 58 69";"—";"Участвуете в конкурсе";"1142426";"—"
"2556";"1";"—";"187";"59848 59 74 54 √";"—";"Участвуете в конкурсе";"1680842";"—"
"2557";"1";"Электронное";"187";"52082 59 70 58 √";"—";"Участвуете в конкурсе";"1856667";"—"
"2558";"5";"—";"187";"53391 59 70 58";"—";"Участвуете в конкурсе";"1984536";"—"
"2559";"6";"—";"187";"55398 59 70 58 √";"—";"Участвуете в конкурсе";"2173671";"—"
"2560";"7";"—";"187";"58197 59 64 64 √";"—";"Участвуете в конкурсе";"2339969";"—"
"2561";"3";"—";"187";"53131 56 64 67";"—";"Участвуете в конкурсе";"1975496";"—"
"2562";"1";"—";"187";"47407 54 72 61 √";"—";"Участвуете в конкурсе";"1329015";"—"
"2563";"5";"—";"187";"58115 75 52 58";"2";"Участвуете в конкурсе";"2311842";"—"
"2564";"2";"—";"187";"46839 54 74 57";"2";"Участвуете в конкурсе";"1186537";"—"
"2565";"4";"—";"187";"48103 54 70 61";"2";"Участвуете в конкурсе";"1419936";"—"
"2566";"2";"—";"187";"59739 62 70 52";"3";"Участвуете в конкурсе";"1310738";"—"
"2567";"4";"—";"187";"57136 59 70 54";"4";"Участвуете в конкурсе";"2268635";"—"
"2568";"2";"—";"186";"50662 71 52 63 √";"—";"Участвуете в конкурсе";"1681136";"—"
"2569";"3";"—";"186";"26467 67 64 55";"—";"Участвуете в конкурсе";"2414073";"—"
"2570";"3";"Электронное";"186";"57310 64 64 58 1";"—";"Участвуете в конкурсе";"2271795";"—"
"2571";"1";"Электронное";"186";"51994 64 58 64";"—";"Участвуете в конкурсе";"1852465";"—"
"2572";"2";"—";"186";"55412 62 72 52";"—";"Участвуете в конкурсе";"2087590";"—"
"2573";"6";"—";"186";"47807 62 58 66";"—";"Участвуете в конкурсе";"1267022";"—"
"2574";"4";"—";"186";"56200 59 72 55";"—";"Участвуете в конкурсе";"2228760";"—"
"2575";"4";"—";"186";"60150 59 70 57";"—";"Участвуете в конкурсе";"2411723";"—"
"2576";"1";"—";"186";"47622 53 70 63 √";"—";"Участвуете в конкурсе";"1366260";"—"
"2577";"5";"—";"186";"54289 49 74 63 √";"—";"Участвуете в конкурсе";"1438655";"—"
"2578";"4";"—";"186";"52902 48 78 60";"—";"Участвуете в конкурсе";"1964725";"—"
"2579";"5";"—";"186";"55418 40 76 70";"—";"Участвуете в конкурсе";"1911937";"—"
"2580";"4";"—";"186";"57385 46 80 58 √";"2";"Участвуете в конкурсе";"2258295";"—"
"2581";"6";"—";"186";"57712 67 58 58";"3";"Участвуете в конкурсе";"2335987";"—"
"2582";"3";"—";"185";"45446 73 52 60";"—";"Участвуете в конкурсе";"972894";"—"
"2583";"2";"—";"185";"48593 67 72 46 √";"—";"Участвуете в конкурсе";"1488487";"—"
"2584";"7";"—";"185";"57578 64 58 63";"—";"Участвуете в конкурсе";"2331816";"—"
"2585";"6";"—";"185";"56109 54 72 57 √";"2";"Участвуете в конкурсе";"1625375";"—"
"2586";"8";"—";"184";"56289 72 64 48 √";"—";"Участвуете в конкурсе";"2242756";"—"
"2587";"6";"—";"184";"56641 68 64 52";"—";"Участвуете в конкурсе";"2241438";"—"
"2588";"5";"—";"184";"59850 65 70 49";"—";"Участвуете в конкурсе";"1685555";"—"
"2589";"2";"—";"184";"56226 62 64 58 √";"—";"Участвуете в конкурсе";"2228577";"—"
"2590";"1";"—";"184";"58736 62 58 64";"—";"Участвуете в конкурсе";"2153030";"—"
"2591";"1";"Электронное";"184";"50571 62 52 70";"—";"Участвуете в конкурсе";"1654802";"—"
"2592";"6";"—";"184";"46882 59 70 55 √";"—";"Участвуете в конкурсе";"1211228";"—"
"2593";"2";"—";"184";"57334 51 72 61 √";"—";"Участвуете в конкурсе";"2271309";"—"
"2594";"1";"—";"184";"57848 51 70 63";"—";"Участвуете в конкурсе";"1444134";"—"
"2595";"1";"Электронное";"184";"48830 48 70 66";"—";"Участвуете в конкурсе";"1289280";"—"
"2596";"2";"—";"184";"49415 70 58 54";"2";"Участвуете в конкурсе";"1355859";"—"
"2597";"7";"—";"184";"47731 64 64 54";"2";"Участвуете в конкурсе";"1269962";"—"
"2598";"2";"Электронное";"184";"51464 64 64 54";"2";"Участвуете в конкурсе";"1796017";"—"
"2599";"4";"Электронное";"184";"46807 61 64 57";"2";"Участвуете в конкурсе";"1215084";"—"
"2600";"1";"—";"184";"57592 43 70 69 √";"2";"Участвуете в конкурсе";"2100419";"—"
"2601";"1";"—";"184";"47583 43 70 69";"2";"Участвуете в конкурсе";"969494";"—"
"2602";"3";"—";"184";"47163 53 72 52";"7";"Участвуете в конкурсе";"1265732";"—"
"2603";"2";"—";"184";"59946 68 52 54";"10";"Участвуете в конкурсе";"2260445";"—"
"2604";"6";"—";"184";"53412 62 40 72 √";"10";"Участвуете в конкурсе";"1819729";"—"
"2605";"5";"—";"183";"58133 67 70 46";"—";"Участвуете в конкурсе";"2243910";"—"
"2606";"4";"—";"183";"48842 65 52 66 √";"—";"Участвуете в конкурсе";"1417445";"—"
"2607";"6";"—";"183";"46134 64 64 55";"—";"Участвуете в конкурсе";"1111501";"—"
"2608";"4";"—";"183";"59674 64 58 61";"—";"Участвуете в конкурсе";"1076437";"—"
"2609";"6";"—";"183";"50391 62 58 63";"—";"Участвуете в конкурсе";"1648756";"—"
"2610";"5";"—";"183";"54507 59 70 54 √";"—";"Участвуете в конкурсе";"1747159";"—"
"2611";"2";"—";"183";"59789 59 70 54";"—";"Участвуете в конкурсе";"2382667";"—"
"2612";"1";"—";"183";"45949 53 70 60";"—";"Участвуете в конкурсе";"1073682";"—"
"2613";"1";"—";"183";"49327 52 70 61";"—";"Участвуете в конкурсе";"1564380";"—"
"2614";"2";"—";"183";"55580 46 80 57";"—";"Участвуете в конкурсе";"2174056";"—"
"2615";"5";"—";"183";"50546 56 74 51 √";"2";"Участвуете в конкурсе";"1651980";"—"
"2616";"2";"Электронное";"183";"58113 51 72 58 5";"2";"Участвуете в конкурсе";"2344170";"—"
"2617";"1";"—";"183";"59543 51 70 60";"2";"Участвуете в конкурсе";"2351867";"—"
"2618";"5";"—";"183";"58405 56 58 64";"5";"Участвуете в конкурсе";"1953272";"—"
"2619";"1";"Электронное";"183";"47490 72 50 51 1";"10";"Участвуете в конкурсе";"1251759";"—"
"2620";"4";"—";"182";"47304 72 64 46";"—";"Участвуете в конкурсе";"1316236";"—"
"2621";"6";"Электронное";"182";"57605 64 72 46 3";"—";"Участвуете в конкурсе";"2321452";"—"
"2622";"2";"—";"182";"49151 54 64 64";"—";"Участвуете в конкурсе";"1607919";"—"
"2623";"5";"—";"182";"58887 46 76 60 √";"—";"Участвуете в конкурсе";"2370014";"—"
"2624";"1";"Электронное";"182";"48609 46 72 64";"—";"Участвуете в конкурсе";"1463504";"—"
"2625";"6";"—";"182";"56852 46 64 72 √";"—";"Участвуете в конкурсе";"2253810";"—"
"2626";"1";"—";"182";"55832 40 76 66";"—";"Участвуете в конкурсе";"2241277";"—"
"2627";"1";"—";"182";"59670 64 70 46 √";"2";"Участвуете в конкурсе";"1623305";"—"
"2628";"2";"—";"182";"52590 64 64 52";"2";"Участвуете в конкурсе";"1915088";"—"
"2629";"2";"—";"182";"60221 46 74 60";"2";"Участвуете в конкурсе";"2424581";"—"
"2630";"1";"—";"182";"56950 54 64 60";"4";"Участвуете в конкурсе";"2265180";"—"
"2631";"2";"—";"181";"60033 72 52 57 √";"—";"Участвуете в конкурсе";"2327054";"—"
"2632";"5";"Электронное";"181";"53118 56 70 55 √";"—";"Участвуете в конкурсе";"1483289";"—"
"2633";"1";"—";"181";"60134 54 58 69";"—";"Участвуете в конкурсе";"1195586";"—"
"2634";"8";"—";"181";"51491 54 58 69 √";"—";"Участвуете в конкурсе";"1798024";"—"
"2635";"2";"—";"181";"59880 54 52 75 √";"—";"Участвуете в конкурсе";"2245318";"—"
"2636";"5";"—";"181";"54123 53 74 54 √";"—";"Участвуете в конкурсе";"2054939";"—"
"2637";"1";"—";"181";"46366 53 70 58 √";"—";"Участвуете в конкурсе";"1154143";"—"
"2638";"7";"—";"181";"60125 51 70 60 √";"—";"Участвуете в конкурсе";"1893212";"—"
"2639";"2";"—";"181";"47283 49 74 58 √";"—";"Участвуете в конкурсе";"1258093";"—"
"2640";"5";"—";"181";"58325 48 70 63";"—";"Участвуете в конкурсе";"2364846";"—"
"2641";"1";"Электронное";"181";"53960 48 58 75";"—";"Участвуете в конкурсе";"2018207";"—"
"2642";"4";"—";"181";"59971 40 78 63 √";"—";"Участвуете в конкурсе";"2279108";"—"
"2643";"1";"Электронное";"181";"53773 64 70 45";"2";"Участвуете в конкурсе";"1974737";"—"
"2644";"1";"—";"181";"57586 64 64 51";"2";"Участвуете в конкурсе";"2333033";"—"
"2645";"7";"—";"181";"57635 62 74 43";"2";"Участвуете в конкурсе";"2334729";"—"
"2646";"1";"Электронное";"181";"53703 54 70 55";"2";"Участвуете в конкурсе";"2025479";"—"
"2647";"5";"—";"181";"60148 51 74 54 √";"2";"Участвуете в конкурсе";"2163739";"—"
"2648";"2";"Электронное";"181";"56277 51 70 58 √";"2";"Участвуете в конкурсе";"2221894";"—"
"2649";"1";"—";"181";"56217 51 58 70";"2";"Участвуете в конкурсе";"986429";"—"
"2650";"1";"Электронное";"181";"49677 64 64 49";"4";"Участвуете в конкурсе";"1601863";"—"
"2651";"6";"—";"181";"54343 62 72 43";"4";"Участвуете в конкурсе";"1936581";"—"
"2652";"1";"—";"181";"58183 62 52 58";"9";"Участвуете в конкурсе";"2214788";"—"
"2653";"5";"Электронное";"181";"55460 70 60 41 3";"10";"Участвуете в конкурсе";"1279063";"—"
"2654";"1";"Электронное";"180";"45323 64 58 58 √";"—";"Участвуете в конкурсе";"974536";"—"
"2655";"5";"Электронное";"180";"51282 62 52 66";"—";"Участвуете в конкурсе";"1782191";"—"
"2656";"5";"—";"180";"56777 61 58 61";"—";"Участвуете в конкурсе";"2229597";"—"
"2657";"3";"—";"180";"54903 59 52 69";"—";"Участвуете в конкурсе";"2142678";"—"
"2658";"4";"—";"180";"48383 53 58 69";"—";"Участвуете в конкурсе";"1442093";"—"
"2659";"3";"—";"180";"60297 51 74 55 √";"—";"Участвуете в конкурсе";"2197275";"—"
"2660";"6";"—";"180";"59758 46 70 64";"—";"Участвуете в конкурсе";"1584573";"—"
"2661";"5";"—";"180";"49935 46 70 64";"—";"Участвуете в конкурсе";"1619155";"—"
"2662";"5";"—";"180";"52766 75 58 45";"2";"Участвуете в конкурсе";"1335269";"—"
"2663";"2";"—";"180";"57204 72 52 54 √";"2";"Участвуете в конкурсе";"2248675";"—"
"2664";"2";"—";"180";"57077 49 72 57";"2";"Участвуете в конкурсе";"2270448";"—"
"2665";"4";"—";"180";"48786 46 64 66 √";"4";"Участвуете в конкурсе";"1514161";"—"
"2666";"1";"—";"180";"57326 46 64 60";"10";"Участвуете в конкурсе";"2210073";"—"
"2667";"2";"—";"179";"48624 76 40 63 √";"—";"Участвуете в конкурсе";"1493541";"—"
"2668";"1";"—";"179";"59812 64 64 51 √";"—";"Участвуете в конкурсе";"2100441";"—"
"2669";"1";"Электронное";"179";"54161 56 72 51";"—";"Участвуете в конкурсе";"1912813";"—"
"2670";"6";"—";"179";"59484 54 76 49";"—";"Участвуете в конкурсе";"1897210";"—"
"2671";"3";"—";"179";"57172 54 58 67";"—";"Участвуете в конкурсе";"1255434";"—"
"2672";"1";"Электронное";"179";"46924 64 58 55";"2";"Участвуете в конкурсе";"1203668";"—"
"2673";"6";"—";"179";"55942 62 64 51";"2";"Участвуете в конкурсе";"2218781";"—"
"2674";"5";"—";"179";"54864 56 58 63";"2";"Участвуете в конкурсе";"1948768";"—"
"2675";"6";"—";"179";"57864 49 58 70 √";"2";"Участвуете в конкурсе";"2213017";"—"
"2676";"5";"—";"179";"59000 41 64 70 √";"4";"Участвуете в конкурсе";"2101689";"—"
"2677";"2";"—";"179";"58791 48 72 49 √";"10";"Участвуете в конкурсе";"2371162";"—"
"2678";"1";"—";"178";"54719 59 74 45";"—";"Участвуете в конкурсе";"2117295";"—"
"2679";"3";"—";"178";"58645 59 64 55";"—";"Участвуете в конкурсе";"2364952";"—"
"2680";"7";"—";"178";"53749 59 58 61 √";"—";"Участвуете в конкурсе";"1525145";"—"
"2681";"3";"—";"178";"58612 54 52 72 √";"—";"Участвуете в конкурсе";"2350640";"—"
"2682";"3";"—";"178";"32209 48 76 54";"—";"Участвуете в конкурсе";"1361845";"—"
"2683";"6";"—";"178";"53888 48 58 72 √";"—";"Участвуете в конкурсе";"2038983";"—"
"2684";"2";"—";"178";"48422 64 70 42";"2";"Участвуете в конкурсе";"1430446";"—"
"2685";"6";"—";"178";"59105 64 40 72 √";"2";"Участвуете в конкурсе";"2251458";"—"
"2686";"5";"—";"178";"50637 54 64 58";"2";"Участвуете в конкурсе";"1707952";"—"
"2687";"4";"Электронное";"178";"53198 67 58 49";"4";"Участвуете в конкурсе";"1972619";"—"
"2688";"1";"—";"178";"50801 46 76 51";"5";"Участвуете в конкурсе";"1727264";"—"
"2689";"2";"—";"178";"47839 67 58 46";"7";"Участвуете в конкурсе";"1396531";"—"
"2690";"3";"—";"177";"57243 74 58 45";"—";"Участвуете в конкурсе";"2273931";"—"
"2691";"2";"Электронное";"177";"47088 70 52 55";"—";"Участвуете в конкурсе";"1273616";"—"
"2692";"2";"—";"177";"48580 67 58 52 √";"—";"Участвуете в конкурсе";"1488227";"—"
"2693";"4";"—";"177";"49794 67 46 64";"—";"Участвуете в конкурсе";"1642028";"—"
"2694";"4";"—";"177";"47981 62 64 51 1";"—";"Участвуете в конкурсе";"1322696";"—"
"2695";"4";"—";"177";"58229 59 64 54";"—";"Участвуете в конкурсе";"2181449";"—"
"2696";"3";"—";"177";"48760 58 70 49 √";"—";"Участвуете в конкурсе";"1152723";"—"
"2697";"2";"—";"177";"50397 56 72 49 √";"—";"Участвуете в конкурсе";"1691400";"—"
"2698";"6";"—";"177";"59811 56 70 51 √";"—";"Участвуете в конкурсе";"1812200";"—"
"2699";"5";"Электронное";"177";"45325 62 70 43";"2";"Участвуете в конкурсе";"953891";"—"
"2700";"1";"—";"177";"46589 58 64 48";"7";"Участвуете в конкурсе";"1176040";"—"
"2701";"1";"—";"177";"57464 61 52 54";"10";"Участвуете в конкурсе";"1982579";"—"
"2702";"1";"—";"177";"58249 54 52 61";"10";"Участвуете в конкурсе";"2327954";"—"
"2703";"4";"—";"176";"60192 54 70 52 √";"—";"Участвуете в конкурсе";"2229058";"—"
"2704";"2";"—";"176";"45996 54 64 58";"—";"Участвуете в конкурсе";"1086646";"—"
"2705";"3";"—";"176";"46563 54 64 58";"—";"Участвуете в конкурсе";"1204139";"—"
"2706";"2";"—";"176";"57873 54 64 58";"—";"Участвуете в конкурсе";"2169478";"—"
"2707";"6";"—";"176";"56808 51 64 61";"—";"Участвуете в конкурсе";"2255573";"—"
"2708";"6";"—";"176";"54187 43 64 69 √";"—";"Участвуете в конкурсе";"1716978";"—"
"2709";"2";"Электронное";"176";"57700 40 72 64";"—";"Участвуете в конкурсе";"2349404";"—"
"2710";"4";"Электронное";"176";"51027 62 52 60";"2";"Участвуете в конкурсе";"1728212";"—"
"2711";"2";"Электронное";"176";"51668 48 72 54";"2";"Участвуете в конкурсе";"1814939";"—"
"2712";"3";"—";"176";"48823 56 70 46";"4";"Участвуете в конкурсе";"1309084";"—"
"2713";"5";"—";"176";"60288 59 58 54";"5";"Участвуете в конкурсе";"2419132";"—"
"2714";"1";"—";"175";"55713 62 64 49 √";"—";"Участвуете в конкурсе";"2093333";"—"
"2715";"1";"—";"175";"56872 62 58 55";"—";"Участвуете в конкурсе";"2248158";"—"
"2716";"4";"—";"175";"60284 62 58 55";"—";"Участвуете в конкурсе";"2418477";"—"
"2717";"4";"—";"175";"52519 59 70 46 √";"—";"Участвуете в конкурсе";"1172918";"—"
"2718";"5";"—";"175";"50483 59 64 52";"—";"Участвуете в конкурсе";"1652760";"—"
"2719";"2";"—";"175";"55321 54 64 57";"—";"Участвуете в конкурсе";"2172045";"—"
"2720";"4";"—";"175";"51684 51 72 52";"—";"Участвуете в конкурсе";"1824435";"—"
"2721";"1";"—";"175";"51963 51 72 52";"—";"Участвуете в конкурсе";"1853155";"—"
"2722";"6";"—";"175";"59500 51 64 60 √";"—";"Участвуете в конкурсе";"2220476";"—"
"2723";"1";"—";"175";"56891 51 64 60";"—";"Участвуете в конкурсе";"2255126";"—"
"2724";"2";"—";"175";"54068 51 58 66";"—";"Участвуете в конкурсе";"2046886";"—"
"2725";"1";"—";"175";"54013 54 64 55";"2";"Участвуете в конкурсе";"2050754";"—"
"2726";"1";"—";"175";"48230 54 58 61 √";"2";"Участвуете в конкурсе";"1438507";"—"
"2727";"7";"—";"175";"58492 48 64 61";"2";"Участвуете в конкурсе";"1964035";"—"
"2728";"1";"—";"175";"54081 56 58 57";"4";"Участвуете в конкурсе";"2041281";"—"
"2729";"1";"Электронное";"174";"55771 64 58 52";"—";"Участвуете в конкурсе";"2200517";"—"
"2730";"1";"—";"174";"59868 62 64 48";"—";"Участвуете в конкурсе";"2208979";"—"
"2731";"6";"—";"174";"59826 62 64 48 √";"—";"Участвуете в конкурсе";"2369563";"—"
"2732";"4";"Электронное";"174";"46844 59 72 43";"—";"Участвуете в конкурсе";"1212657";"—"
"2733";"1";"—";"174";"47414 58 58 58";"—";"Участвуете в конкурсе";"1229373";"—"
"2734";"5";"Электронное";"174";"48196 56 64 54";"—";"Участвуете в конкурсе";"1439002";"—"
"2735";"1";"Электронное";"174";"46390 56 58 60";"—";"Участвуете в конкурсе";"1167947";"—"
"2736";"1";"—";"174";"50964 56 58 60";"—";"Участвуете в конкурсе";"1723435";"—"
"2737";"5";"—";"174";"58686 54 72 48";"—";"Участвуете в конкурсе";"2368984";"—"
"2738";"5";"—";"174";"59083 46 70 58 √";"—";"Участвуете в конкурсе";"2394223";"—"
"2739";"1";"—";"174";"48006 43 76 55";"—";"Участвуете в конкурсе";"1416161";"—"
"2740";"5";"—";"174";"52685 59 52 61";"2";"Участвуете в конкурсе";"1900829";"—"
"2741";"1";"—";"174";"47509 56 52 64";"2";"Участвуете в конкурсе";"1383305";"—"
"2742";"1";"Электронное";"174";"36049 48 70 54";"2";"Участвуете в конкурсе";"2026038";"—"
"2743";"2";"Электронное";"174";"45840 46 70 48 √";"10";"Участвуете в конкурсе";"1041907";"—"
"2744";"1";"—";"173";"46612 64 52 57";"—";"Участвуете в конкурсе";"1216022";"—"
"2745";"1";"—";"173";"51879 58 64 51";"—";"Участвуете в конкурсе";"1402565";"—"
"2746";"2";"Электронное";"173";"52648 56 60 57 1";"—";"Участвуете в конкурсе";"1931053";"—"
"2747";"1";"—";"173";"59991 54 70 49";"—";"Участвуете в конкурсе";"1982989";"—"
"2748";"6";"—";"173";"46492 54 64 55";"—";"Участвуете в конкурсе";"1178260";"—"
"2749";"6";"—";"173";"55040 54 64 55";"—";"Участвуете в конкурсе";"2059495";"—"
"2750";"3";"—";"173";"50092 46 64 63";"—";"Участвуете в конкурсе";"1624377";"—"
"2751";"3";"—";"173";"60426 43 64 66 √";"—";"Участвуете в конкурсе";"2314982";"—"
"2752";"2";"—";"173";"59161 62 52 57";"2";"Участвуете в конкурсе";"2394670";"—"
"2753";"3";"—";"173";"52822 61 58 52 √";"2";"Участвуете в конкурсе";"1341315";"—"
"2754";"1";"Электронное";"173";"57239 46 70 55";"2";"Участвуете в конкурсе";"2264456";"—"
"2755";"1";"—";"172";"52645 84 40 48";"—";"Участвуете в конкурсе";"1925958";"—"
"2756";"7";"—";"172";"59919 62 46 64 √";"—";"Участвуете в конкурсе";"1851085";"—"
"2757";"1";"—";"172";"47155 59 58 55";"—";"Участвуете в конкурсе";"1265696";"—"
"2758";"1";"—";"172";"55362 59 52 61";"—";"Участвуете в конкурсе";"1893634";"—"
"2759";"5";"—";"172";"54164 56 58 58";"—";"Участвуете в конкурсе";"2048978";"—"
"2760";"7";"—";"172";"53430 54 58 60 √";"—";"Участвуете в конкурсе";"1998563";"—"
"2761";"3";"—";"172";"51421 53 52 67 √";"—";"Участвуете в конкурсе";"1794722";"—"
"2762";"2";"—";"172";"60293 51 58 63";"—";"Участвуете в конкурсе";"2183129";"—"
"2763";"1";"Электронное";"172";"40101 48 70 54 1";"—";"Участвуете в конкурсе";"1555384";"—"
"2764";"7";"—";"172";"58510 40 72 60";"—";"Участвуете в конкурсе";"2309306";"—"
"2765";"1";"Электронное";"172";"49122 64 46 60";"2";"Участвуете в конкурсе";"1605573";"—"
"2766";"5";"—";"172";"58153 61 58 51";"2";"Участвуете в конкурсе";"2301287";"—"
"2767";"5";"—";"172";"47831 40 70 60";"2";"Участвуете в конкурсе";"1395324";"—"
"2768";"4";"—";"172";"54738 59 52 54";"7";"Участвуете в конкурсе";"2107601";"—"
"2769";"1";"—";"172";"52649 72 40 50";"10";"Участвуете в конкурсе";"1897258";"—"
"2770";"1";"—";"172";"46397 46 46 70";"10";"Участвуете в конкурсе";"1027386";"—"
"2771";"6";"—";"171";"59862 70 52 49";"—";"Участвуете в конкурсе";"2204755";"—"
"2772";"2";"—";"171";"47432 62 64 45";"—";"Участвуете в конкурсе";"1320134";"—"
"2773";"1";"—";"171";"58642 59 58 54";"—";"Участвуете в конкурсе";"2251815";"—"
"2774";"2";"—";"171";"46762 56 52 63";"—";"Участвуете в конкурсе";"1235126";"—"
"2775";"1";"Электронное";"171";"58573 53 58 60";"—";"Участвуете в конкурсе";"2363056";"—"
"2776";"2";"—";"171";"46993 46 70 55 √";"—";"Участвуете в конкурсе";"1234769";"—"
"2777";"2";"—";"171";"51606 41 64 66 √";"—";"Участвуете в конкурсе";"1799161";"—"
"2778";"1";"Электронное";"171";"49994 40 70 61";"—";"Участвуете в конкурсе";"1695878";"—"
"2779";"5";"—";"171";"47465 62 52 55";"2";"Участвуете в конкурсе";"1331105";"—"
"2780";"2";"—";"171";"48215 56 52 61";"2";"Участвуете в конкурсе";"1438431";"—"
"2781";"1";"—";"171";"56379 61 52 54";"4";"Участвуете в конкурсе";"2252605";"—"
"2782";"4";"—";"170";"55930 67 52 51";"—";"Участвуете в конкурсе";"2207510";"—"
"2783";"4";"—";"170";"46662 64 64 42";"—";"Участвуете в конкурсе";"1198596";"—"
"2784";"2";"—";"170";"60038 64 58 48";"—";"Участвуете в конкурсе";"2360963";"—"
"2785";"2";"—";"170";"40950 64 52 54 √";"—";"Участвуете в конкурсе";"2089599";"—"
"2786";"1";"Электронное";"170";"21002 51 58 61";"—";"Участвуете в конкурсе";"2378102";"—"
"2787";"6";"Электронное";"170";"55070 49 64 57 4";"—";"Участвуете в конкурсе";"1842404";"—"
"2788";"1";"—";"170";"53351 49 58 63";"—";"Участвуете в конкурсе";"1987552";"—"
"2789";"4";"—";"170";"56577 48 64 58 √";"—";"Участвуете в конкурсе";"2244702";"—"
"2790";"6";"—";"170";"57975 43 64 63 √";"—";"Участвуете в конкурсе";"2295100";"—"
"2791";"4";"Электронное";"170";"58080 40 72 58 √";"—";"Участвуете в конкурсе";"2299617";"—"
"2792";"1";"Электронное";"170";"55414 40 70 60";"—";"Участвуете в конкурсе";"2177626";"—"
"2793";"6";"—";"170";"59791 40 58 72 √";"—";"Участвуете в конкурсе";"2382885";"—"
"2794";"3";"Электронное";"170";"52013 62 64 42";"2";"Участвуете в конкурсе";"1594825";"—"
"2795";"1";"Электронное";"170";"54464 49 70 49";"2";"Участвуете в конкурсе";"2045973";"—"
"2796";"2";"—";"170";"59164 46 70 52 √";"2";"Участвуете в конкурсе";"2313693";"—"
"2797";"3";"Электронное";"169";"51444 54 58 57";"—";"Участвуете в конкурсе";"1777147";"—"
"2798";"4";"Электронное";"169";"47680 54 46 69 1";"—";"Участвуете в конкурсе";"1366277";"—"
"2799";"4";"—";"169";"57908 51 58 60";"—";"Участвуете в конкурсе";"2240871";"—"
"2800";"1";"—";"169";"56458 48 70 51 √";"—";"Участвуете в конкурсе";"2254463";"—"
"2801";"2";"Электронное";"169";"60006 48 70 51";"—";"Участвуете в конкурсе";"2397603";"—"
"2802";"5";"—";"169";"48484 48 64 57 √";"—";"Участвуете в конкурсе";"1466656";"—"
"2803";"1";"Электронное";"169";"47200 70 40 57";"2";"Участвуете в конкурсе";"1252577";"—"
"2804";"2";"—";"169";"57698 51 58 58";"2";"Участвуете в конкурсе";"2129911";"—"
"2805";"2";"—";"169";"53935 46 72 49";"2";"Участвуете в конкурсе";"2043337";"—"
"2806";"5";"—";"169";"58180 46 64 57";"2";"Участвуете в конкурсе";"2244016";"—"
"2807";"2";"Электронное";"169";"52514 40 58 69";"2";"Участвуете в конкурсе";"1340373";"—"
"2808";"2";"Электронное";"169";"50330 40 58 69";"2";"Участвуете в конкурсе";"1648532";"—"
"2809";"5";"—";"169";"57191 46 74 46";"3";"Участвуете в конкурсе";"1535574";"—"
"2810";"3";"—";"169";"54442 61 58 43";"7";"Участвуете в конкурсе";"2096777";"—"
"2811";"4";"—";"168";"46422 64 58 46";"—";"Участвуете в конкурсе";"1167736";"—"
"2812";"1";"—";"168";"46796 58 58 52";"—";"Участвуете в конкурсе";"1195439";"—"
"2813";"1";"Электронное";"168";"46271 56 58 54";"—";"Участвуете в конкурсе";"1133131";"—"
"2814";"4";"—";"168";"51433 56 52 60";"—";"Участвуете в конкурсе";"1787723";"—"
"2815";"1";"—";"168";"60177 46 70 52";"—";"Участвуете в конкурсе";"2414176";"—"
"2816";"4";"—";"168";"58587 59 58 49";"2";"Участвуете в конкурсе";"2239982";"—"
"2817";"6";"—";"168";"48423 51 70 43";"4";"Участвуете в конкурсе";"1443671";"—"
"2818";"8";"—";"167";"45696 64 46 57";"—";"Участвуете в конкурсе";"1020413";"—"
"2819";"2";"Электронное";"167";"53981 48 58 61 1";"—";"Участвуете в конкурсе";"2001239";"—"
"2820";"3";"—";"167";"58843 46 52 69";"—";"Участвуете в конкурсе";"2370364";"—"
"2821";"3";"Электронное";"167";"48211 43 70 54 1";"—";"Участвуете в конкурсе";"1438931";"—"
"2822";"4";"—";"167";"53777 43 70 54 √";"—";"Участвуете в конкурсе";"1547030";"—"
"2823";"6";"—";"167";"52162 43 64 60";"—";"Участвуете в конкурсе";"1606584";"—"
"2824";"4";"Электронное";"167";"60224 43 52 72 1";"—";"Участвуете в конкурсе";"2292162";"—"
"2825";"3";"Электронное";"167";"46791 40 58 69 √";"—";"Участвуете в конкурсе";"1195495";"—"
"2826";"1";"—";"167";"59538 40 58 69 √";"—";"Участвуете в конкурсе";"2409119";"—"
"2827";"2";"—";"167";"45981 61 46 58";"2";"Участвуете в конкурсе";"1074639";"—"
"2828";"2";"—";"167";"57115 56 40 69 √";"2";"Участвуете в конкурсе";"2241849";"—"
"2829";"1";"Электронное";"166";"47466 68 46 52";"—";"Участвуете в конкурсе";"1339383";"—"
"2830";"4";"—";"166";"46023 51 58 57 √";"—";"Участвуете в конкурсе";"1087883";"—"
"2831";"3";"—";"166";"50257 54 52 58";"2";"Участвуете в конкурсе";"1486320";"—"
"2832";"5";"—";"166";"48860 54 46 64 √";"2";"Участвуете в конкурсе";"1516093";"—"
"2833";"3";"—";"166";"54286 54 46 64 √";"2";"Участвуете в конкурсе";"2074042";"—"
"2834";"6";"—";"166";"56842 54 52 57 √";"3";"Участвуете в конкурсе";"2246710";"—"
"2835";"1";"—";"165";"60294 56 64 45";"—";"Участвуете в конкурсе";"2419905";"—"
"2836";"4";"Электронное";"165";"46677 56 58 51";"—";"Участвуете в конкурсе";"1199135";"—"
"2837";"2";"—";"165";"48353 56 58 51";"—";"Участвуете в конкурсе";"1437480";"—"
"2838";"5";"—";"165";"58883 46 58 61";"—";"Участвуете в конкурсе";"2315226";"—"
"2839";"1";"Электронное";"165";"47665 56 52 55";"2";"Участвуете в конкурсе";"1348730";"—"
"2840";"3";"—";"165";"57187 56 46 61 √";"2";"Участвуете в конкурсе";"2273706";"—"
"2841";"4";"—";"165";"46828 48 58 54";"5";"Участвуете в конкурсе";"1213587";"—"
"2842";"1";"—";"164";"57878 54 58 52";"—";"Участвуете в конкурсе";"2282222";"—"
"2843";"5";"Электронное";"164";"60417 54 58 52";"—";"Участвуете в конкурсе";"2339101";"—"
"2844";"1";"Электронное";"164";"46923 48 64 52";"—";"Участвуете в конкурсе";"1209085";"—"
"2845";"5";"Электронное";"164";"56880 46 58 60 √";"—";"Участвуете в конкурсе";"2249019";"—"
"2846";"1";"Электронное";"164";"55488 62 46 54 1";"2";"Участвуете в конкурсе";"2182092";"—"
"2847";"1";"—";"164";"57271 58 52 52";"2";"Участвуете в конкурсе";"2271831";"—"
"2848";"7";"—";"164";"47750 56 64 42";"2";"Участвуете в конкурсе";"1359423";"—"
"2849";"1";"Электронное";"164";"56883 43 64 55";"2";"Участвуете в конкурсе";"2243270";"—"
"2850";"6";"Электронное";"164";"57613 51 52 57";"4";"Участвуете в конкурсе";"1799483";"—"
"2851";"8";"—";"163";"54926 56 52 55";"—";"Участвуете в конкурсе";"2096709";"—"
"2852";"3";"—";"163";"56193 56 46 61";"—";"Участвуете в конкурсе";"2228510";"—"
"2853";"5";"—";"163";"57872 54 58 51";"—";"Участвуете в конкурсе";"2216207";"—"
"2854";"2";"—";"162";"49836 59 58 45";"—";"Участвуете в конкурсе";"1613090";"—"
"2855";"6";"—";"162";"56881 59 58 45";"—";"Участвуете в конкурсе";"2247571";"—"
"2856";"1";"—";"162";"56279 59 46 57";"—";"Участвуете в конкурсе";"2230582";"—"
"2857";"2";"—";"162";"57725 58 64 40 √";"—";"Участвуете в конкурсе";"1353184";"—"
"2858";"2";"Электронное";"162";"53967 56 58 48 2";"—";"Участвуете в конкурсе";"1878461";"—"
"2859";"2";"—";"162";"58430 59 40 61 √";"2";"Участвуете в конкурсе";"2331989";"—"
"2860";"2";"—";"161";"58094 61 46 54";"—";"Участвуете в конкурсе";"2311757";"—"
"2861";"2";"—";"161";"55060 48 70 43";"—";"Участвуете в конкурсе";"2139101";"—"
"2862";"2";"—";"161";"58518 46 64 51";"—";"Участвуете в конкурсе";"1426515";"—"
"2863";"1";"—";"161";"55179 40 70 51 √";"—";"Участвуете в конкурсе";"2160190";"—"
"2864";"6";"—";"161";"55147 59 52 48 √";"2";"Участвуете в конкурсе";"1547846";"—"
"2865";"1";"—";"161";"48078 54 52 51";"4";"Участвуете в конкурсе";"1169157";"—"
"2866";"5";"—";"160";"50402 62 52 46";"—";"Участвуете в конкурсе";"1692001";"—"
"2867";"7";"Электронное";"160";"58485 59 58 43";"—";"Участвуете в конкурсе";"1620667";"—"
"2868";"1";"—";"160";"53027 56 40 64";"—";"Участвуете в конкурсе";"1576741";"—"
"2869";"4";"—";"160";"53336 54 58 48";"—";"Участвуете в конкурсе";"1982947";"—"
"2870";"1";"—";"160";"48048 51 64 45 √";"—";"Участвуете в конкурсе";"1414430";"—"
"2871";"5";"—";"160";"53028 51 52 57 √";"—";"Участвуете в конкурсе";"1964294";"—"
"2872";"5";"Электронное";"160";"49134 64 46 48 1";"2";"Участвуете в конкурсе";"1508722";"—"
"2873";"1";"Электронное";"160";"54603 48 58 52 1";"2";"Участвуете в конкурсе";"2093831";"—"
"2874";"1";"Электронное";"160";"59300 43 58 57";"2";"Участвуете в конкурсе";"2408160";"—"
"2875";"2";"Электронное";"160";"57067 62 40 55";"3";"Участвуете в конкурсе";"2253570";"—"
"2876";"4";"Электронное";"160";"664 46 40 64 2";"10";"Участвуете в конкурсе";"1414285";"—"
"2877";"5";"—";"159";"58710 65 46 48";"—";"Участвуете в конкурсе";"2338650";"—"
"2878";"5";"—";"159";"52768 64 46 49";"—";"Участвуете в конкурсе";"1176137";"—"
"2879";"1";"Электронное";"159";"55773 59 52 48";"—";"Участвуете в конкурсе";"1211778";"—"
"2880";"4";"—";"159";"50558 53 46 60";"—";"Участвуете в конкурсе";"1678348";"—"
"2881";"8";"—";"159";"58028 46 58 55";"—";"Участвуете в конкурсе";"2307130";"—"
"2882";"3";"Электронное";"159";"48816 44 64 51 3";"—";"Участвуете в конкурсе";"1564996";"—"
"2883";"3";"—";"159";"53880 44 58 57";"—";"Участвуете в конкурсе";"2036463";"—"
"2884";"4";"Электронное";"159";"58768 43 52 64";"—";"Участвуете в конкурсе";"2369702";"—"
"2885";"2";"—";"159";"58210 43 46 70 √";"—";"Участвуете в конкурсе";"2248048";"—"
"2886";"6";"—";"159";"58231 40 64 55";"—";"Участвуете в конкурсе";"2343476";"—"
"2887";"6";"—";"159";"54517 59 52 46";"2";"Участвуете в конкурсе";"2098574";"—"
"2888";"4";"—";"159";"52124 48 40 61 √";"10";"Участвуете в конкурсе";"1775985";"—"
"2889";"1";"—";"158";"57529 54 58 46";"—";"Участвуете в конкурсе";"2290597";"—"
"2890";"4";"—";"158";"49457 54 52 52 √";"—";"Участвуете в конкурсе";"1348616";"—"
"2891";"1";"—";"158";"52266 48 52 58";"—";"Участвуете в конкурсе";"1881671";"—"
"2892";"1";"—";"158";"58530 48 40 70 √";"—";"Участвуете в конкурсе";"2347158";"—"
"2893";"4";"—";"158";"52467 46 40 72 √";"—";"Участвуете в конкурсе";"1920752";"—"
"2894";"8";"—";"158";"60147 43 64 51";"—";"Участвуете в конкурсе";"2411656";"—"
"2895";"2";"—";"158";"34740 40 58 60 √";"—";"Участвуете в конкурсе";"1005508";"—"
"2896";"6";"—";"158";"56283 61 52 43 √";"2";"Участвуете в конкурсе";"2222447";"—"
"2897";"3";"—";"158";"46728 54 60 42 √";"2";"Участвуете в конкурсе";"1204813";"—"
"2898";"1";"—";"158";"59803 53 58 45 √";"2";"Участвуете в конкурсе";"1717478";"—"
"2899";"2";"—";"157";"58214 59 52 46";"—";"Участвуете в конкурсе";"1766372";"—"
"2900";"3";"Электронное";"157";"58571 54 52 51 1";"—";"Участвуете в конкурсе";"2220984";"—"
"2901";"5";"—";"157";"60020 48 52 55";"2";"Участвуете в конкурсе";"2309290";"—"
"2902";"1";"—";"157";"55945 46 52 57";"2";"Участвуете в конкурсе";"2158469";"—"
"2903";"3";"Электронное";"156";"56010 59 52 45";"—";"Участвуете в конкурсе";"1635711";"—"
"2904";"2";"—";"156";"56722 59 46 51 √";"—";"Участвуете в конкурсе";"2239250";"—"
"2905";"1";"Электронное";"156";"58111 43 70 43";"—";"Участвуете в конкурсе";"2299909";"—"
"2906";"1";"—";"156";"56300 44 52 58 √";"2";"Участвуете в конкурсе";"2246168";"—"
"2907";"1";"Электронное";"156";"56443 54 52 43";"7";"Участвуете в конкурсе";"2253931";"—"
"2908";"1";"—";"155";"46163 64 40 51";"—";"Участвуете в конкурсе";"968961";"—"
"2909";"1";"Электронное";"155";"46486 51 60 44 1";"—";"Участвуете в конкурсе";"1172712";"—"
"2910";"2";"—";"155";"56201 51 58 46 √";"—";"Участвуете в конкурсе";"2229118";"—"
"2911";"3";"—";"155";"59220 51 58 46";"—";"Участвуете в конкурсе";"2398050";"—"
"2912";"3";"—";"155";"57435 51 52 52";"—";"Участвуете в конкурсе";"1464571";"—"
"2913";"2";"—";"155";"60277 40 58 57 √";"—";"Участвуете в конкурсе";"2417090";"—"
"2914";"7";"Электронное";"155";"51814 56 40 57";"2";"Участвуете в конкурсе";"1840739";"—"
"2915";"4";"—";"154";"47764 59 52 43";"—";"Участвуете в конкурсе";"1358857";"—"
"2916";"3";"—";"154";"52003 56 58 40";"—";"Участвуете в конкурсе";"1899383";"—"
"2917";"2";"Электронное";"154";"54538 54 46 54 √";"—";"Участвуете в конкурсе";"2098827";"—"
"2918";"2";"—";"154";"22026 48 52 54";"—";"Участвуете в конкурсе";"1549126";"—"
"2919";"1";"Электронное";"154";"58103 43 58 51 √";"2";"Участвуете в конкурсе";"2249680";"—"
"2920";"5";"Электронное";"153";"58513 64 46 43";"—";"Участвуете в конкурсе";"2251659";"—"
"2921";"2";"—";"153";"46921 56 52 45";"—";"Участвуете в конкурсе";"1205114";"—"
"2922";"4";"—";"153";"51329 46 64 43 √";"—";"Участвуете в конкурсе";"1553963";"—"
"2923";"3";"—";"153";"56078 43 58 52 √";"—";"Участвуете в конкурсе";"2161255";"—"
"2924";"5";"—";"153";"57912 43 58 52 √";"—";"Участвуете в конкурсе";"2195661";"—"
"2925";"7";"—";"153";"46888 56 52 43";"2";"Участвуете в конкурсе";"1195359";"—"
"2926";"1";"—";"153";"49041 56 40 55";"2";"Участвуете в конкурсе";"1582270";"—"
"2927";"1";"—";"153";"48969 59 46 43";"5";"Участвуете в конкурсе";"1413237";"—"
"2928";"3";"Электронное";"153";"51089 53 40 55";"5";"Участвуете в конкурсе";"1724082";"—"
"2929";"5";"—";"152";"49120 58 52 42";"—";"Участвуете в конкурсе";"1511714";"—"
"2930";"3";"—";"152";"58085 51 52 49";"—";"Участвуете в конкурсе";"2184275";"—"
"2931";"4";"—";"152";"46601 46 58 48";"—";"Участвуете в конкурсе";"1216880";"—"
"2932";"5";"—";"152";"57387 46 52 54";"—";"Участвуете в конкурсе";"1796152";"—"
"2933";"6";"Электронное";"151";"53152 48 52 51 5";"—";"Участвуете в конкурсе";"1981940";"—"
"2934";"2";"—";"151";"52289 42 60 49";"—";"Участвуете в конкурсе";"1897343";"—"
"2935";"5";"—";"151";"47655 51 52 46 √";"2";"Участвуете в конкурсе";"1310985";"—"
"2936";"2";"Электронное";"151";"54216 48 46 55";"2";"Участвуете в конкурсе";"1722480";"—"
"2937";"5";"—";"150";"55809 43 46 61";"—";"Участвуете в конкурсе";"2203546";"—"
"2938";"4";"Электронное";"150";"55929 40 58 52 √";"—";"Участвуете в конкурсе";"2206794";"—"
"2939";"4";"Электронное";"150";"49710 56 40 52";"2";"Участвуете в конкурсе";"1669901";"—"
"2940";"5";"Электронное";"150";"56473 40 52 54";"4";"Участвуете в конкурсе";"1641074";"—"
"2941";"4";"—";"149";"59751 46 52 51";"—";"Участвуете в конкурсе";"1532694";"—"
"2942";"2";"—";"149";"57629 46 46 57";"—";"Участвуете в конкурсе";"2326555";"—"
"2943";"9";"—";"149";"57180 43 46 60 √";"—";"Участвуете в конкурсе";"2266399";"—"
"2944";"5";"—";"149";"55531 40 52 57";"—";"Участвуете в конкурсе";"2180363";"—"
"2945";"2";"Электронное";"148";"56687 48 40 60";"—";"Участвуете в конкурсе";"2243654";"—"
"2946";"1";"Электронное";"147";"48282 53 52 42";"—";"Участвуете в конкурсе";"1440398";"—"
"2947";"1";"—";"147";"54483 43 52 52";"—";"Участвуете в конкурсе";"2094409";"—"
"2948";"4";"Электронное";"147";"51612 46 46 52 4";"3";"Участвуете в конкурсе";"1761346";"—"
"2949";"3";"—";"146";"51231 48 52 46";"—";"Участвуете в конкурсе";"1767570";"—"
"2950";"6";"—";"146";"57207 43 58 45 √";"—";"Участвуете в конкурсе";"1633108";"—"
"2951";"1";"Электронное";"146";"50382 43 52 51 √";"—";"Участвуете в конкурсе";"1651568";"—"
"2952";"2";"—";"146";"58070 43 52 51";"—";"Участвуете в конкурсе";"2194771";"—"
"2953";"1";"—";"146";"57876 43 46 55 √";"2";"Участвуете в конкурсе";"1622344";"—"
"2954";"2";"Электронное";"146";"52977 51 40 51 1";"4";"Участвуете в конкурсе";"1961416";"—"
"2955";"5";"Электронное";"145";"57177 54 40 51";"—";"Участвуете в конкурсе";"2157383";"—"
"2956";"4";"—";"145";"51405 51 40 54";"—";"Участвуете в конкурсе";"1794581";"—"
"2957";"1";"—";"145";"47341 48 52 45 √";"—";"Участвуете в конкурсе";"948838";"—"
"2958";"4";"—";"145";"47055 44 52 49";"—";"Участвуете в конкурсе";"1178414";"—"
"2959";"4";"—";"145";"56306 54 40 48 √";"3";"Участвуете в конкурсе";"2246498";"—"
"2960";"1";"—";"144";"45576 61 40 43";"—";"Участвуете в конкурсе";"985164";"—"
"2961";"3";"Электронное";"144";"34553 49 52 43";"—";"Участвуете в конкурсе";"1154952";"—"
"2962";"1";"Электронное";"144";"54383 46 52 46 1";"—";"Участвуете в конкурсе";"2081952";"—"
"2963";"7";"—";"144";"56843 46 46 52 √";"—";"Участвуете в конкурсе";"1378440";"—"
"2964";"7";"—";"144";"57982 46 46 52 √";"—";"Участвуете в конкурсе";"2296809";"—"
"2965";"6";"—";"144";"58626 46 40 58 √";"—";"Участвуете в конкурсе";"2288053";"—"
"2966";"2";"Электронное";"144";"55356 41 46 57";"—";"Участвуете в конкурсе";"2172210";"—"
"2967";"1";"—";"143";"45496 54 40 49";"—";"Участвуете в конкурсе";"969432";"—"
"2968";"3";"—";"143";"58203 40 40 63";"—";"Участвуете в конкурсе";"2305179";"—"
"2969";"1";"—";"143";"58363 44 46 49";"4";"Участвуете в конкурсе";"2140761";"—"
"2970";"3";"—";"142";"57382 56 46 40";"—";"Участвуете в конкурсе";"1956440";"—"
"2971";"1";"—";"142";"51039 51 40 51";"—";"Участвуете в конкурсе";"1759299";"—"
"2972";"1";"Электронное";"142";"46086 48 46 48";"—";"Участвуете в конкурсе";"1107503";"—"
"2973";"3";"—";"142";"60317 44 52 46";"—";"Участвуете в конкурсе";"1394704";"—"
"2974";"1";"—";"142";"58479 46 46 48";"2";"Участвуете в конкурсе";"2095538";"—"
"2975";"1";"Электронное";"142";"50466 40 40 58 √";"4";"Участвуете в конкурсе";"1652428";"—"
"2976";"2";"—";"142";"55826 51 46 40 √";"5";"Участвуете в конкурсе";"1934108";"—"
"2977";"1";"—";"141";"57571 58 40 43 √";"—";"Участвуете в конкурсе";"2326820";"—"
"2978";"3";"—";"141";"60111 53 40 48";"—";"Участвуете в конкурсе";"1627203";"—"
"2979";"2";"Электронное";"140";"56555 43 46 51 √";"—";"Участвуете в конкурсе";"2240372";"—"
"2980";"6";"—";"140";"51296 44 46 48";"2";"Участвуете в конкурсе";"1784294";"—"
"2981";"1";"—";"139";"55532 56 40 43";"—";"Участвуете в конкурсе";"2183006";"—"
"2982";"4";"—";"139";"47554 48 46 45";"—";"Участвуете в конкурсе";"1336327";"—"
"2983";"5";"Электронное";"138";"57340 40 58 40";"—";"Участвуете в конкурсе";"2326437";"—"
"2984";"3";"—";"138";"51371 40 40 58 √";"—";"Участвуете в конкурсе";"1791249";"—"
"2985";"5";"—";"138";"51933 40 40 55 √";"3";"Участвуете в конкурсе";"1848028";"—"
"2986";"1";"—";"137";"60291 49 40 48 √";"—";"Участвуете в конкурсе";"2419627";"—"
"2987";"2";"—";"137";"55081 46 40 51 √";"—";"Участвуете в конкурсе";"1092673";"—"
"2988";"1";"—";"137";"52500 46 40 51 √";"—";"Участвуете в конкурсе";"1912188";"—"
"2989";"1";"—";"137";"56576 43 40 54";"—";"Участвуете в конкурсе";"2257736";"—"
"2990";"1";"—";"137";"47222 40 40 57 √";"—";"Участвуете в конкурсе";"1276643";"—"
"2991";"2";"—";"135";"55726 43 46 46";"—";"Участвуете в конкурсе";"979135";"—"
"2992";"4";"—";"135";"46981 43 40 52";"—";"Участвуете в конкурсе";"1252848";"—"
"2993";"5";"—";"135";"53484 43 40 52";"—";"Участвуете в конкурсе";"2002430";"—"
"2994";"4";"—";"134";"46046 48 40 46 √";"—";"Участвуете в конкурсе";"1093636";"—"
"2995";"9";"—";"134";"52386 43 40 51";"—";"Участвуете в конкурсе";"1041535";"—"
"2996";"1";"Электронное";"134";"57022 40 40 54";"—";"Участвуете в конкурсе";"2263141";"—"
"2997";"6";"Электронное";"132";"47677 43 40 45 1";"4";"Участвуете в конкурсе";"1236229";"—"
"2998";"7";"—";"129";"52791 40 40 49 6";"—";"Участвуете в конкурсе";"1897640";"—"
"2999";"4";"—";"128";"52919 46 40 42";"—";"Участвуете в конкурсе";"1953581";"—"
"3000";"10";"Электронное";"126";"55172 44 40 42 7";"—";"Участвуете в конкурсе";"2156869";"—"
"3001";"1";"—";"126";"39453 40 46 40";"—";"Участвуете в конкурсе";"1606679";"—"
