"Порядковый номер";"Приоритет конкурса";"Подано согласие";"Сумма баллов";"Баллы за ВИ";"Баллы за ИД";"Статус";"Код поступающего";"Дата выбора конкурсной группы по Москве"
"1";"2";"Электронное";"310";"49095 100 100 100 1";"10";"Участвуете в конкурсе";"1602754";"—"
"2";"3";"Электронное";"310";"49777 100 100 100 1";"10";"Участвуете в конкурсе";"1603413";"—"
"3";"2";"Электронное";"308";"46118 100 100 98 1";"10";"Участвуете в конкурсе";"1102658";"—"
"4";"4";"—";"308";"51550 98 100 100 1";"10";"Участвуете в конкурсе";"1798242";"—"
"5";"1";"Электронное";"308";"45605 98 100 100 1";"10";"Участвуете в конкурсе";"992824";"—"
"6";"2";"—";"307";"52847 100 100 100 1";"7";"Участвуете в конкурсе";"1653569";"—"
"7";"5";"Электронное";"306";"59240 100 96 100 2";"10";"Участвуете в конкурсе";"2384191";"—"
"8";"6";"—";"306";"56170 96 100 100 1";"10";"Участвуете в конкурсе";"1746830";"—"
"9";"1";"—";"303";"49493 94 100 99 1";"10";"Участвуете в конкурсе";"1581706";"—"
"10";"2";"Электронное";"302";"46467 100 100 92 1";"10";"Участвуете в конкурсе";"1172282";"—"
"11";"5";"Электронное";"302";"45856 98 100 94 1";"10";"Участвуете в конкурсе";"1055505";"—"
"12";"2";"—";"302";"47313 98 100 94 1";"10";"Участвуете в конкурсе";"1314952";"—"
"13";"3";"—";"302";"43076 98 100 94 1";"10";"Участвуете в конкурсе";"1960655";"—"
"14";"2";"Электронное";"302";"48508 96 100 96 1";"10";"Участвуете в конкурсе";"1471709";"—"
"15";"6";"—";"301";"51007 100 100 91 1";"10";"Участвуете в конкурсе";"1723490";"—"
"16";"5";"—";"300";"53126 100 90 100 1";"10";"Участвуете в конкурсе";"1618714";"—"
"17";"6";"—";"300";"46588 98 100 92 2";"10";"Участвуете в конкурсе";"1180515";"—"
"18";"5";"—";"300";"54334 98 98 94 2";"10";"Участвуете в конкурсе";"2072544";"—"
"19";"6";"—";"299";"55181 100 92 97 4";"10";"Участвуете в конкурсе";"1046128";"—"
"20";"6";"—";"299";"53128 95 97 97 2";"10";"Участвуете в конкурсе";"1563294";"—"
"21";"6";"Электронное";"299";"45295 90 100 99 2";"10";"Участвуете в конкурсе";"954532";"—"
"22";"2";"—";"298";"53771 95 96 97 1";"10";"Участвуете в конкурсе";"2033767";"—"
"23";"7";"—";"297";"60332 98 100 89 4";"10";"Участвуете в конкурсе";"2239457";"—"
"24";"3";"Электронное";"296";"49166 98 100 98 3";"—";"Участвуете в конкурсе";"1558132";"—"
"25";"7";"Электронное";"296";"52804 96 100 100 11";"—";"Участвуете в конкурсе";"1739395";"—"
"26";"3";"—";"296";"53268 100 97 89 3";"10";"Участвуете в конкурсе";"1258073";"—"
"27";"5";"Электронное";"296";"55432 100 92 94 1";"10";"Участвуете в конкурсе";"1185233";"—"
"28";"4";"Электронное";"296";"57827 98 94 94 1";"10";"Участвуете в конкурсе";"2245428";"—"
"29";"2";"Электронное";"296";"45616 96 100 90 2";"10";"Участвуете в конкурсе";"983173";"—"
"30";"4";"Электронное";"296";"52255 88 100 98 3";"10";"Участвуете в конкурсе";"1860959";"—"
"31";"7";"Электронное";"295";"54434 100 100 85 2";"10";"Участвуете в конкурсе";"2086031";"—"
"32";"4";"—";"295";"59887 88 100 97 4";"10";"Участвуете в конкурсе";"2248403";"—"
"33";"3";"Электронное";"294";"49544 96 100 98 1";"—";"Участвуете в конкурсе";"1587217";"—"
"34";"2";"Электронное";"294";"45485 96 100 95 2";"3";"Участвуете в конкурсе";"955932";"—"
"35";"7";"—";"294";"51911 100 95 89 4";"10";"Участвуете в конкурсе";"1197121";"—"
"36";"2";"—";"294";"54129 100 95 89 2";"10";"Участвуете в конкурсе";"1945388";"—"
"37";"1";"Электронное";"294";"52779 98 100 86 1";"10";"Участвуете в конкурсе";"1947485";"—"
"38";"4";"Электронное";"294";"50721 96 100 88 1";"10";"Участвуете в конкурсе";"1608221";"—"
"39";"6";"—";"294";"57946 94 99 91 6";"10";"Участвуете в конкурсе";"2217216";"—"
"40";"5";"—";"294";"59131 93 100 91 5";"10";"Участвуете в конкурсе";"1714180";"—"
"41";"3";"—";"294";"52280 84 100 100 2";"10";"Участвуете в конкурсе";"1721857";"—"
"42";"5";"—";"293";"52470 98 94 91 5";"10";"Участвуете в конкурсе";"1289446";"—"
"43";"7";"—";"293";"50918 96 96 91 7";"10";"Участвуете в конкурсе";"1184749";"—"
"44";"4";"—";"293";"60102 95 94 94 4";"10";"Участвуете в конкурсе";"1433398";"—"
"45";"5";"—";"293";"48792 95 94 94 5";"10";"Участвуете в конкурсе";"1514243";"—"
"46";"9";"Электронное";"293";"46463 94 100 89 3";"10";"Участвуете в конкурсе";"1123141";"—"
"47";"6";"—";"293";"53348 94 95 94 5";"10";"Участвуете в конкурсе";"1988845";"—"
"48";"6";"—";"292";"52568 96 100 96 3";"—";"Участвуете в конкурсе";"1883301";"—"
"49";"6";"—";"292";"55677 95 95 100";"2";"Участвуете в конкурсе";"1375485";"—"
"50";"1";"Электронное";"292";"52363 96 100 93 3";"3";"Участвуете в конкурсе";"1898857";"—"
"51";"3";"—";"292";"52501 98 100 84 8";"10";"Участвуете в конкурсе";"1743218";"—"
"52";"1";"Электронное";"292";"45989 98 90 94 1";"10";"Участвуете в конкурсе";"1072251";"—"
"53";"2";"—";"292";"53882 96 100 86";"10";"Участвуете в конкурсе";"1611457";"—"
"54";"1";"—";"292";"51233 96 100 86";"10";"Участвуете в конкурсе";"1780850";"—"
"55";"8";"—";"292";"53025 92 96 94 √";"10";"Участвуете в конкурсе";"1323249";"—"
"56";"2";"Электронное";"292";"49852 90 100 92 2";"10";"Участвуете в конкурсе";"1604365";"—"
"57";"3";"Электронное";"292";"55860 86 100 96 1";"10";"Участвуете в конкурсе";"1742024";"—"
"58";"5";"Электронное";"291";"50314 92 100 99 2";"—";"Участвуете в конкурсе";"1687538";"—"
"59";"1";"—";"291";"50783 92 100 99";"—";"Участвуете в конкурсе";"1728141";"—"
"60";"4";"—";"291";"60154 98 100 83 3";"10";"Участвуете в конкурсе";"1509518";"—"
"61";"3";"Электронное";"291";"54262 95 100 86 1";"10";"Участвуете в конкурсе";"2046427";"—"
"62";"4";"Электронное";"291";"57685 95 95 91 1";"10";"Участвуете в конкурсе";"2273242";"—"
"63";"6";"—";"291";"51122 88 100 93 2";"10";"Участвуете в конкурсе";"1619911";"—"
"64";"3";"—";"290";"53591 100 90 100 4";"—";"Участвуете в конкурсе";"2005983";"—"
"65";"4";"Электронное";"290";"51252 98 100 92 6";"—";"Участвуете в конкурсе";"1495657";"—"
"66";"6";"—";"290";"50680 100 94 86";"10";"Участвуете в конкурсе";"1497568";"—"
"67";"5";"—";"290";"52548 95 94 91 √";"10";"Участвуете в конкурсе";"1610471";"—"
"68";"6";"—";"290";"48738 92 94 94 √";"10";"Участвуете в конкурсе";"1435636";"—"
"69";"5";"—";"290";"49735 86 100 94";"10";"Участвуете в конкурсе";"1641958";"—"
"70";"6";"—";"289";"56699 98 100 89 √";"2";"Участвуете в конкурсе";"2255558";"—"
"71";"7";"—";"289";"50697 100 98 81 √";"10";"Участвуете в конкурсе";"1653754";"—"
"72";"5";"—";"289";"52040 98 90 91 6";"10";"Участвуете в конкурсе";"1856895";"—"
"73";"5";"Электронное";"289";"45518 96 100 83 1";"10";"Участвуете в конкурсе";"975065";"—"
"74";"2";"—";"289";"58381 96 92 91 6";"10";"Участвуете в конкурсе";"2178759";"—"
"75";"7";"—";"289";"51012 94 100 85 2";"10";"Участвуете в конкурсе";"1338578";"—"
"76";"6";"—";"289";"60352 93 92 94";"10";"Участвуете в конкурсе";"2423267";"—"
"77";"8";"—";"289";"52773 92 90 97";"10";"Участвуете в конкурсе";"1832303";"—"
"78";"8";"Электронное";"289";"57370 90 100 89 1";"10";"Участвуете в конкурсе";"2285905";"—"
"79";"2";"—";"289";"56034 90 95 94 5";"10";"Участвуете в конкурсе";"2223225";"—"
"80";"1";"Электронное";"288";"45387 100 90 98 1";"—";"Участвуете в конкурсе";"969291";"—"
"81";"1";"Электронное";"288";"51451 97 100 91";"—";"Участвуете в конкурсе";"1823731";"—"
"82";"1";"Электронное";"288";"45457 96 100 92 1";"—";"Участвуете в конкурсе";"973216";"—"
"83";"2";"—";"288";"54024 94 100 94 4";"—";"Участвуете в конкурсе";"2001882";"—"
"84";"3";"—";"288";"48650 98 97 83";"10";"Участвуете в конкурсе";"1496139";"—"
"85";"3";"Электронное";"288";"56141 94 100 84 1";"10";"Участвуете в конкурсе";"2224888";"—"
"86";"7";"—";"288";"58761 93 94 91";"10";"Участвуете в конкурсе";"2370920";"—"
"87";"7";"—";"287";"55156 98 98 91";"—";"Участвуете в конкурсе";"2126655";"—"
"88";"6";"—";"287";"54832 90 96 97 √";"4";"Участвуете в конкурсе";"1903789";"—"
"89";"3";"—";"287";"60244 98 88 91";"10";"Участвуете в конкурсе";"2409550";"—"
"90";"4";"—";"287";"58048 95 86 96 √";"10";"Участвуете в конкурсе";"2307283";"—"
"91";"2";"Электронное";"287";"47627 90 100 87 3";"10";"Участвуете в конкурсе";"1207714";"—"
"92";"3";"—";"287";"60122 90 90 97";"10";"Участвуете в конкурсе";"1493775";"—"
"93";"1";"Электронное";"287";"52959 90 90 97 1";"10";"Участвуете в конкурсе";"1956386";"—"
"94";"3";"—";"287";"59117 88 95 94";"10";"Участвуете в конкурсе";"1439342";"—"
"95";"9";"—";"287";"53020 83 100 94 2";"10";"Участвуете в конкурсе";"1307030";"—"
"96";"2";"Электронное";"286";"52605 96 100 90 6";"—";"Участвуете в конкурсе";"1924409";"—"
"97";"2";"—";"286";"45363 92 100 94";"—";"Участвуете в конкурсе";"986238";"—"
"98";"5";"—";"286";"49988 95 98 91 √";"2";"Участвуете в конкурсе";"1619871";"—"
"99";"2";"—";"286";"47183 92 100 91";"3";"Участвуете в конкурсе";"1257965";"—"
"100";"1";"—";"286";"51046 90 100 86";"10";"Участвуете в конкурсе";"1759943";"—"
"101";"7";"—";"286";"49445 90 95 91 2";"10";"Участвуете в конкурсе";"1580934";"—"
"102";"2";"—";"286";"59858 90 95 91";"10";"Участвуете в конкурсе";"1832190";"—"
"103";"6";"—";"286";"60248 90 92 94 √";"10";"Участвуете в конкурсе";"2415700";"—"
"104";"5";"—";"285";"46919 100 96 89 √";"—";"Участвуете в конкурсе";"1202435";"—"
"105";"3";"—";"285";"53521 90 99 86 5";"10";"Участвуете в конкурсе";"1795014";"—"
"106";"1";"Электронное";"285";"45573 84 100 91 1";"10";"Участвуете в конкурсе";"973641";"—"
"107";"6";"—";"285";"49296 80 95 100";"10";"Участвуете в конкурсе";"1570268";"—"
"108";"2";"—";"284";"48214 98 100 86 √";"—";"Участвуете в конкурсе";"1426242";"—"
"109";"7";"Электронное";"284";"50526 88 100 96 1";"—";"Участвуете в конкурсе";"966747";"—"
"110";"4";"Электронное";"284";"46794 93 90 94 1";"7";"Участвуете в конкурсе";"1201232";"—"
"111";"4";"Электронное";"284";"51413 96 100 78 1";"10";"Участвуете в конкурсе";"1640112";"—"
"112";"2";"—";"284";"51775 96 95 83";"10";"Участвуете в конкурсе";"1755808";"—"
"113";"6";"—";"284";"56303 95 88 91";"10";"Участвуете в конкурсе";"2239274";"—"
"114";"6";"—";"284";"59963 93 95 86";"10";"Участвуете в конкурсе";"2185326";"—"
"115";"2";"—";"284";"57402 93 92 89 √";"10";"Участвуете в конкурсе";"2315605";"—"
"116";"4";"—";"284";"55478 92 90 92 √";"10";"Участвуете в конкурсе";"1622365";"—"
"117";"1";"Электронное";"284";"50672 90 100 84 1";"10";"Участвуете в конкурсе";"1696954";"—"
"118";"1";"—";"284";"45255 90 100 84";"10";"Участвуете в конкурсе";"966785";"—"
"119";"5";"—";"284";"60333 90 95 89";"10";"Участвуете в конкурсе";"1554911";"—"
"120";"5";"—";"284";"57856 88 92 94 √";"10";"Участвуете в конкурсе";"2216019";"—"
"121";"3";"—";"284";"50632 86 100 88 √";"10";"Участвуете в конкурсе";"1586301";"—"
"122";"6";"—";"284";"46742 83 94 97 7";"10";"Участвуете в конкурсе";"1197065";"—"
"123";"3";"—";"283";"56903 90 99 94";"—";"Участвуете в конкурсе";"2254540";"—"
"124";"1";"Электронное";"283";"51017 92 100 88 1";"3";"Участвуете в конкурсе";"1721740";"—"
"125";"5";"—";"283";"52142 94 90 89 √";"10";"Участвуете в конкурсе";"1854388";"—"
"126";"5";"—";"283";"58841 92 84 97 √";"10";"Участвуете в конкурсе";"1583304";"—"
"127";"3";"Электронное";"283";"51410 90 100 83 3";"10";"Участвуете в конкурсе";"1742658";"—"
"128";"4";"—";"283";"53150 90 92 91 √";"10";"Участвуете в конкурсе";"1978104";"—"
"129";"3";"—";"283";"59187 90 86 97";"10";"Участвуете в конкурсе";"1311273";"—"
"130";"6";"—";"283";"58929 85 94 94";"10";"Участвуете в конкурсе";"2377280";"—"
"131";"6";"—";"282";"58373 100 94 78";"10";"Участвуете в конкурсе";"1850188";"—"
"132";"2";"—";"282";"47572 93 96 83 √";"10";"Участвуете в конкурсе";"1345270";"—"
"133";"6";"—";"282";"48894 93 96 83";"10";"Участвуете в конкурсе";"1507265";"—"
"134";"5";"—";"282";"60403 93 82 97 √";"10";"Участвуете в конкурсе";"1927123";"—"
"135";"7";"—";"282";"49139 90 100 82 3";"10";"Участвуете в конкурсе";"1508782";"—"
"136";"2";"—";"282";"51750 84 90 98";"10";"Участвуете в конкурсе";"1743614";"—"
"137";"4";"—";"281";"49639 88 99 94 √";"—";"Участвуете в конкурсе";"1596795";"—"
"138";"6";"—";"281";"58283 98 95 86";"2";"Участвуете в конкурсе";"2312347";"—"
"139";"3";"—";"281";"60302 88 97 91";"5";"Участвуете в конкурсе";"2421144";"—"
"140";"5";"—";"281";"56138 98 92 81";"10";"Участвуете в конкурсе";"2224744";"—"
"141";"2";"—";"281";"50441 95 95 81";"10";"Участвуете в конкурсе";"1651664";"—"
"142";"4";"Электронное";"281";"53413 93 100 78 1";"10";"Участвуете в конкурсе";"1799891";"—"
"143";"5";"—";"281";"52517 88 94 89 √";"10";"Участвуете в конкурсе";"1625057";"—"
"144";"6";"—";"281";"56288 88 92 91";"10";"Участвуете в конкурсе";"1198763";"—"
"145";"3";"—";"281";"52948 82 100 89";"10";"Участвуете в конкурсе";"1956777";"—"
"146";"1";"—";"280";"45959 94 90 96";"—";"Участвуете в конкурсе";"1074162";"—"
"147";"2";"Электронное";"280";"51190 90 90 100 2";"—";"Участвуете в конкурсе";"1773880";"—"
"148";"2";"—";"280";"59166 92 95 83";"10";"Участвуете в конкурсе";"1327660";"—"
"149";"6";"Электронное";"280";"58185 92 90 88 2";"10";"Участвуете в конкурсе";"1744930";"—"
"150";"2";"Электронное";"280";"56222 86 100 84 5";"10";"Участвуете в конкурсе";"2226077";"—"
"151";"6";"—";"280";"45353 86 100 84";"10";"Участвуете в конкурсе";"968829";"—"
"152";"1";"—";"279";"55646 93 90 91";"5";"Участвуете в конкурсе";"2184978";"—"
"153";"5";"—";"279";"50774 94 100 75 √";"10";"Участвуете в конкурсе";"1697732";"—"
"154";"6";"—";"279";"46755 93 90 86";"10";"Участвуете в конкурсе";"1196912";"—"
"155";"6";"—";"279";"47759 93 90 86 √";"10";"Участвуете в конкурсе";"1388227";"—"
"156";"7";"Электронное";"279";"54473 90 90 89 2";"10";"Участвуете в конкурсе";"2097029";"—"
"157";"3";"—";"279";"54888 90 88 91 √";"10";"Участвуете в конкурсе";"1788034";"—"
"158";"8";"—";"279";"56271 90 88 91";"10";"Участвуете в конкурсе";"2138002";"—"
"159";"4";"Электронное";"279";"48121 90 80 99 4";"10";"Участвуете в конкурсе";"1419300";"—"
"160";"1";"Электронное";"278";"45487 94 90 94 7";"—";"Участвуете в конкурсе";"975069";"—"
"161";"1";"—";"278";"51394 92 90 96 √";"—";"Участвуете в конкурсе";"985167";"—"
"162";"3";"Электронное";"278";"49193 78 100 100 4";"—";"Участвуете в конкурсе";"1558890";"—"
"163";"2";"—";"278";"51907 93 86 97 5";"2";"Участвуете в конкурсе";"1845188";"—"
"164";"5";"—";"278";"58558 93 97 83 6";"5";"Участвуете в конкурсе";"2341830";"—"
"165";"3";"—";"278";"55038 90 97 86";"5";"Участвуете в конкурсе";"2130633";"—"
"166";"6";"—";"278";"53770 98 95 75";"10";"Участвуете в конкурсе";"2015800";"—"
"167";"5";"—";"278";"57885 95 100 73 √";"10";"Участвуете в конкурсе";"2216599";"—"
"168";"6";"—";"278";"56900 95 90 83";"10";"Участвуете в конкурсе";"2261900";"—"
"169";"3";"Электронное";"278";"45910 93 86 89 5";"10";"Участвуете в конкурсе";"1066910";"—"
"170";"6";"—";"278";"48222 93 86 89";"10";"Участвуете в конкурсе";"1325916";"—"
"171";"3";"Электронное";"278";"45346 90 100 78";"10";"Участвуете в конкурсе";"981771";"—"
"172";"6";"Электронное";"278";"57824 88 94 86 1";"10";"Участвуете в конкурсе";"2244089";"—"
"173";"6";"—";"278";"53678 88 86 94 4";"10";"Участвуете в конкурсе";"1438724";"—"
"174";"5";"—";"278";"57390 80 88 100";"10";"Участвуете в конкурсе";"2315448";"—"
"175";"5";"—";"277";"56700 93 98 86 √";"—";"Участвуете в конкурсе";"2242496";"—"
"176";"7";"Электронное";"277";"56121 95 97 75 4";"10";"Участвуете в конкурсе";"2225394";"—"
"177";"3";"—";"277";"59678 90 88 89 √";"10";"Участвуете в конкурсе";"1610940";"—"
"178";"7";"—";"277";"59818 90 88 89 5";"10";"Участвуете в конкурсе";"1651845";"—"
"179";"2";"Электронное";"277";"60242 83 95 89 5";"10";"Участвуете в конкурсе";"2414987";"—"
"180";"5";"—";"277";"50377 83 90 94";"10";"Участвуете в конкурсе";"1565127";"—"
"181";"1";"—";"277";"53452 82 100 85 √";"10";"Участвуете в конкурсе";"2001868";"—"
"182";"4";"—";"276";"47941 96 90 88";"2";"Участвуете в конкурсе";"1403684";"—"
"183";"6";"—";"276";"50380 90 90 94 √";"2";"Участвуете в конкурсе";"1510388";"—"
"184";"6";"Электронное";"276";"59172 100 94 72 2";"10";"Участвуете в конкурсе";"2404135";"—"
"185";"3";"Электронное";"276";"52794 96 100 70";"10";"Участвуете в конкурсе";"1947581";"—"
"186";"1";"—";"276";"47912 88 80 98";"10";"Участвуете в конкурсе";"1362869";"—"
"187";"5";"Электронное";"276";"55985 83 94 89 6";"10";"Участвуете в конкурсе";"2099258";"—"
"188";"1";"Электронное";"276";"49329 76 90 100";"10";"Участвуете в конкурсе";"1561228";"—"
"189";"2";"—";"275";"53688 99 82 94";"—";"Участвуете в конкурсе";"1979346";"—"
"190";"5";"Электронное";"275";"45551 96 90 89 3";"—";"Участвуете в конкурсе";"981713";"—"
"191";"7";"—";"275";"51652 92 90 93 5";"—";"Участвуете в конкурсе";"1784930";"—"
"192";"3";"—";"275";"48849 90 88 97 √";"—";"Участвуете в конкурсе";"1513110";"—"
"193";"4";"—";"275";"46711 93 86 94 1";"2";"Участвуете в конкурсе";"1212942";"—"
"194";"5";"—";"275";"57361 95 84 86 √";"10";"Участвуете в конкурсе";"2211278";"—"
"195";"4";"Электронное";"275";"45525 94 90 81";"10";"Участвуете в конкурсе";"956059";"—"
"196";"6";"—";"275";"56262 90 90 85";"10";"Участвуете в конкурсе";"1690151";"—"
"197";"8";"—";"275";"46641 88 86 91 4";"10";"Участвуете в конкурсе";"1175177";"—"
"198";"4";"—";"275";"53969 85 94 86 √";"10";"Участвуете в конкурсе";"1792503";"—"
"199";"5";"Электронное";"275";"50449 82 100 83 10";"10";"Участвуете в конкурсе";"1685560";"—"
"200";"2";"—";"275";"57377 82 92 91";"10";"Участвуете в конкурсе";"2214315";"—"
"201";"5";"—";"274";"48984 100 80 94 √";"—";"Участвуете в конкурсе";"1549327";"—"
"202";"5";"Электронное";"274";"56760 93 98 83 2";"—";"Участвуете в конкурсе";"2248794";"—"
"203";"4";"—";"274";"59952 90 96 86";"2";"Участвуете в конкурсе";"2184532";"—"
"204";"2";"Электронное";"274";"46000 86 100 86 5";"2";"Участвуете в конкурсе";"1039830";"—"
"205";"6";"—";"274";"56374 90 88 91 8";"5";"Участвуете в конкурсе";"1640225";"—"
"206";"4";"Электронное";"274";"50125 88 90 86 2";"10";"Участвуете в конкурсе";"1644595";"—"
"207";"2";"—";"274";"54557 86 90 88";"10";"Участвуете в конкурсе";"1741697";"—"
"208";"2";"Электронное";"274";"46300 82 100 82 1";"10";"Участвуете в конкурсе";"973635";"—"
"209";"2";"Электронное";"273";"52976 98 80 95";"—";"Участвуете в конкурсе";"1958039";"—"
"210";"1";"Электронное";"273";"45306 96 90 87";"—";"Участвуете в конкурсе";"964596";"—"
"211";"2";"—";"273";"58225 95 97 81";"—";"Участвуете в конкурсе";"1199595";"—"
"212";"4";"Электронное";"273";"49842 76 100 97";"—";"Участвуете в конкурсе";"1557828";"—"
"213";"1";"Электронное";"273";"36778 88 100 83 √";"2";"Участвуете в конкурсе";"1374596";"—"
"214";"3";"—";"273";"53547 98 97 73";"5";"Участвуете в конкурсе";"1501343";"—"
"215";"6";"—";"273";"56508 93 92 78 √";"10";"Участвуете в конкурсе";"1426053";"—"
"216";"5";"Электронное";"273";"56602 90 100 73";"10";"Участвуете в конкурсе";"2244402";"—"
"217";"6";"—";"273";"58057 90 90 83";"10";"Участвуете в конкурсе";"1989697";"—"
"218";"2";"—";"273";"58572 88 92 83 5";"10";"Участвуете в конкурсе";"1279866";"—"
"219";"5";"—";"273";"59048 83 86 94 √";"10";"Участвуете в конкурсе";"2385320";"—"
"220";"1";"Электронное";"273";"49208 74 90 99 √";"10";"Участвуете в конкурсе";"1561987";"—"
"221";"5";"—";"272";"60359 95 88 89 √";"—";"Участвуете в конкурсе";"2424028";"—"
"222";"6";"Электронное";"272";"52598 90 100 82";"—";"Участвуете в конкурсе";"1421662";"—"
"223";"1";"—";"272";"54196 86 100 86 √";"—";"Участвуете в конкурсе";"1852957";"—"
"224";"2";"Электронное";"272";"50631 84 100 88";"—";"Участвуете в конкурсе";"1701314";"—"
"225";"6";"—";"272";"50027 90 94 83";"5";"Участвуете в конкурсе";"1614792";"—"
"226";"4";"—";"272";"58011 93 96 73 √";"10";"Участвуете в конкурсе";"2341271";"—"
"227";"4";"—";"272";"49835 93 80 89 2";"10";"Участвуете в конкурсе";"1180587";"—"
"228";"8";"—";"272";"47515 90 94 78";"10";"Участвуете в конкурсе";"1340170";"—"
"229";"2";"Электронное";"272";"53885 90 90 82";"10";"Участвуете в конкурсе";"2038564";"—"
"230";"6";"—";"272";"53833 83 90 89 √";"10";"Участвуете в конкурсе";"1730464";"—"
"231";"5";"—";"272";"46414 80 100 82";"10";"Участвуете в конкурсе";"1165946";"—"
"232";"5";"—";"272";"53869 78 95 89 6";"10";"Участвуете в конкурсе";"2026679";"—"
"233";"6";"—";"272";"56361 73 92 97 4";"10";"Участвуете в конкурсе";"1598044";"—"
"234";"3";"—";"271";"52805 95 98 78";"—";"Участвуете в конкурсе";"1203910";"—"
"235";"4";"—";"271";"48905 90 95 86";"—";"Участвуете в конкурсе";"1526636";"—"
"236";"5";"—";"271";"55084 98 88 75";"10";"Участвуете в конкурсе";"1784033";"—"
"237";"2";"—";"271";"60391 95 94 72";"10";"Участвуете в конкурсе";"2423294";"—"
"238";"3";"Электронное";"271";"45541 94 100 67";"10";"Участвуете в конкурсе";"961717";"—"
"239";"6";"—";"271";"48117 93 96 72";"10";"Участвуете в конкурсе";"1413311";"—"
"240";"4";"Электронное";"270";"45523 92 100 78";"—";"Участвуете в конкурсе";"976990";"—"
"241";"2";"—";"270";"54594 83 96 91 √";"—";"Участвуете в конкурсе";"2095747";"—"
"242";"4";"—";"270";"47128 82 92 91";"5";"Участвуете в конкурсе";"1194669";"—"
"243";"6";"—";"270";"58359 96 86 78 √";"10";"Участвуете в конкурсе";"2346507";"—"
"244";"3";"Электронное";"270";"50687 94 100 66";"10";"Участвуете в конкурсе";"1715239";"—"
"245";"2";"—";"270";"57718 93 86 81";"10";"Участвуете в конкурсе";"2327291";"—"
"246";"3";"—";"270";"58438 90 88 82";"10";"Участвуете в конкурсе";"2260519";"—"
"247";"5";"—";"270";"54981 90 84 86 √";"10";"Участвуете в конкурсе";"1513821";"—"
"248";"4";"—";"270";"52415 88 94 78 1";"10";"Участвуете в конкурсе";"1909639";"—"
"249";"6";"—";"270";"50818 85 84 91";"10";"Участвуете в конкурсе";"1356295";"—"
"250";"6";"—";"270";"57410 83 88 89";"10";"Участвуете в конкурсе";"1448215";"—"
"251";"8";"Электронное";"270";"52515 78 84 98 9";"10";"Участвуете в конкурсе";"1908135";"—"
"252";"2";"—";"269";"57916 95 88 86 √";"—";"Участвуете в конкурсе";"2215384";"—"
"253";"2";"—";"269";"55009 79 96 94";"—";"Участвуете в конкурсе";"2132336";"—"
"254";"3";"Электронное";"269";"26420 88 82 94";"5";"Участвуете в конкурсе";"2313705";"—"
"255";"1";"Электронное";"269";"45238 96 90 73";"10";"Участвуете в конкурсе";"942638";"—"
"256";"5";"Электронное";"269";"38269 90 86 83";"10";"Участвуете в конкурсе";"2345295";"—"
"257";"4";"—";"269";"59206 88 86 85 √";"10";"Участвуете в конкурсе";"2403118";"—"
"258";"1";"—";"269";"50661 84 94 81";"10";"Участвуете в конкурсе";"1534602";"—"
"259";"2";"Электронное";"269";"45748 78 100 81";"10";"Участвуете в конкурсе";"1027913";"—"
"260";"2";"Электронное";"268";"50573 94 80 94 √";"—";"Участвуете в конкурсе";"1706291";"—"
"261";"5";"Электронное";"268";"52241 88 90 90";"—";"Участвуете в конкурсе";"1064706";"—"
"262";"5";"—";"268";"37052 82 90 96";"—";"Участвуете в конкурсе";"1107866";"—"
"263";"6";"—";"268";"54085 88 95 81";"4";"Участвуете в конкурсе";"2054685";"—"
"264";"3";"—";"268";"52505 92 100 66 8";"10";"Участвуете в конкурсе";"1743456";"—"
"265";"3";"Электронное";"268";"45598 86 90 82";"10";"Участвуете в конкурсе";"986804";"—"
"266";"3";"—";"268";"52725 85 90 83 9";"10";"Участвуете в конкурсе";"1520109";"—"
"267";"2";"Электронное";"268";"50551 84 80 94";"10";"Участвуете в конкурсе";"1651395";"—"
"268";"4";"—";"267";"46679 98 94 75 5";"—";"Участвуете в конкурсе";"1199216";"—"
"269";"2";"Электронное";"267";"46191 92 100 75";"—";"Участвуете в конкурсе";"1126654";"—"
"270";"7";"Электронное";"267";"45855 88 100 79 1";"—";"Участвуете в конкурсе";"974091";"—"
"271";"1";"Электронное";"267";"52912 82 100 85";"—";"Участвуете в конкурсе";"1954108";"—"
"272";"4";"Электронное";"267";"55822 82 100 85";"—";"Участвуете в конкурсе";"2173709";"—"
"273";"5";"—";"267";"52139 92 86 83 9";"6";"Участвуете в конкурсе";"1876699";"—"
"274";"2";"Электронное";"267";"49834 88 90 79";"10";"Участвуете в конкурсе";"1604022";"—"
"275";"3";"—";"267";"47491 88 80 89";"10";"Участвуете в конкурсе";"1310248";"—"
"276";"3";"Электронное";"267";"46183 86 90 81 5";"10";"Участвуете в конкурсе";"1002063";"—"
"277";"3";"Электронное";"267";"46464 84 80 93 1";"10";"Участвуете в конкурсе";"1125254";"—"
"278";"1";"Электронное";"267";"45713 76 100 81";"10";"Участвуете в конкурсе";"965091";"—"
"279";"7";"—";"266";"59899 94 97 75 √";"—";"Участвуете в конкурсе";"2393441";"—"
"280";"7";"Электронное";"266";"50191 92 100 74 2";"—";"Участвуете в конкурсе";"972884";"—"
"281";"5";"—";"266";"54689 86 94 86";"—";"Участвуете в конкурсе";"2099689";"—"
"282";"5";"—";"266";"48917 84 100 82 9";"—";"Участвуете в конкурсе";"1514422";"—"
"283";"3";"—";"266";"55551 83 82 94";"7";"Участвуете в конкурсе";"2183048";"—"
"284";"5";"—";"266";"55927 93 80 83 √";"10";"Участвуете в конкурсе";"2206388";"—"
"285";"1";"Электронное";"266";"45427 88 100 68";"10";"Участвуете в конкурсе";"967097";"—"
"286";"5";"—";"266";"48306 88 90 78 1";"10";"Участвуете в конкурсе";"1441421";"—"
"287";"1";"Электронное";"266";"49871 84 80 92 3";"10";"Участвуете в конкурсе";"1680941";"—"
"288";"3";"—";"265";"48455 88 96 81 5";"—";"Участвуете в конкурсе";"1433480";"—"
"289";"5";"—";"265";"50091 80 94 91";"—";"Участвуете в конкурсе";"1627450";"—"
"290";"6";"—";"265";"56254 83 92 83 3";"7";"Участвуете в конкурсе";"2230957";"—"
"291";"6";"—";"265";"53240 88 86 81";"10";"Участвуете в конкурсе";"1985895";"—"
"292";"7";"—";"265";"53309 88 76 91 √";"10";"Участвуете в конкурсе";"1981696";"—"
"293";"6";"—";"265";"58456 85 84 86 √";"10";"Участвуете в конкурсе";"1233719";"—"
"294";"5";"—";"265";"54673 84 90 81";"10";"Участвуете в конкурсе";"2090262";"—"
"295";"6";"—";"265";"58495 84 82 89";"10";"Участвуете в конкурсе";"2343473";"—"
"296";"3";"—";"265";"46732 78 94 83 √";"10";"Участвуете в конкурсе";"1184519";"—"
"297";"2";"Электронное";"264";"54988 89 84 91";"—";"Участвуете в конкурсе";"2132429";"—"
"298";"5";"—";"264";"53947 88 80 96";"—";"Участвуете в конкурсе";"1610954";"—"
"299";"7";"—";"264";"57807 88 78 98 √";"—";"Участвуете в конкурсе";"2338699";"—"
"300";"5";"—";"264";"57763 96 96 70 √";"2";"Участвуете в конкурсе";"2338535";"—"
"301";"7";"Электронное";"264";"52173 100 100 60 1";"4";"Участвуете в конкурсе";"1407130";"—"
"302";"1";"—";"264";"54913 96 80 78";"10";"Участвуете в конкурсе";"2142829";"—"
"303";"5";"—";"264";"54059 85 86 83 √";"10";"Участвуете в конкурсе";"1192919";"—"
"304";"8";"—";"263";"48683 98 84 81 2";"—";"Участвуете в конкурсе";"1481088";"—"
"305";"6";"—";"263";"60181 88 97 78 √";"—";"Участвуете в конкурсе";"2158023";"—"
"306";"2";"—";"263";"28418 88 92 83";"—";"Участвуете в конкурсе";"2272381";"—"
"307";"3";"—";"263";"56216 86 90 87";"—";"Участвуете в конкурсе";"2239246";"—"
"308";"2";"Электронное";"263";"50111 78 90 95 8";"—";"Участвуете в конкурсе";"1582310";"—"
"309";"6";"—";"263";"47512 80 92 89 7";"2";"Участвуете в конкурсе";"1308311";"—"
"310";"7";"—";"263";"59049 80 95 83 √";"5";"Участвуете в конкурсе";"1521988";"—"
"311";"5";"Электронное";"263";"53290 85 88 83 3";"7";"Участвуете в конкурсе";"1979197";"—"
"312";"2";"—";"263";"48260 96 100 57";"10";"Участвуете в конкурсе";"1432657";"—"
"313";"2";"—";"263";"28747 85 86 82 √";"10";"Участвуете в конкурсе";"2419711";"—"
"314";"6";"—";"262";"43342 95 78 89";"—";"Участвуете в конкурсе";"1892199";"—"
"315";"3";"—";"262";"48104 90 80 92 √";"—";"Участвуете в конкурсе";"1415184";"—"
"316";"6";"—";"262";"46455 78 90 94";"—";"Участвуете в конкурсе";"1173080";"—"
"317";"4";"—";"262";"53613 93 86 81";"2";"Участвуете в конкурсе";"1578097";"—"
"318";"4";"—";"262";"60431 93 86 78";"5";"Участвуете в конкурсе";"2327968";"—"
"319";"2";"—";"262";"47295 95 84 73 6";"10";"Участвуете в конкурсе";"1289868";"—"
"320";"6";"—";"262";"60406 94 86 72 √";"10";"Участвуете в конкурсе";"1730142";"—"
"321";"7";"—";"262";"55114 90 84 78";"10";"Участвуете в конкурсе";"2157087";"—"
"322";"4";"—";"262";"54755 85 84 83 √";"10";"Участвуете в конкурсе";"2108905";"—"
"323";"5";"Электронное";"262";"46814 84 90 78";"10";"Участвуете в конкурсе";"1191860";"—"
"324";"5";"—";"262";"58941 83 78 91 √";"10";"Участвуете в конкурсе";"1507271";"—"
"325";"6";"—";"262";"52299 80 86 86 1";"10";"Участвуете в конкурсе";"1495402";"—"
"326";"1";"—";"262";"60193 78 92 82 √";"10";"Участвуете в конкурсе";"2415618";"—"
"327";"7";"—";"262";"58511 78 88 86";"10";"Участвуете в конкурсе";"2342949";"—"
"328";"3";"Электронное";"261";"50754 86 90 85";"—";"Участвуете в конкурсе";"1646507";"—"
"329";"5";"—";"261";"59672 85 95 81";"—";"Участвуете в конкурсе";"1619057";"—"
"330";"5";"—";"261";"51970 78 92 89 √";"2";"Участвуете в конкурсе";"1856516";"—"
"331";"6";"—";"261";"54149 88 82 81 √";"10";"Участвуете в конкурсе";"1985095";"—"
"332";"4";"—";"261";"59912 88 80 83 √";"10";"Участвуете в конкурсе";"1836668";"—"
"333";"1";"—";"261";"59151 83 72 96";"10";"Участвуете в конкурсе";"2395021";"—"
"334";"4";"Электронное";"261";"52845 72 90 89";"10";"Участвуете в конкурсе";"1951770";"—"
"335";"7";"—";"260";"56780 96 94 70 √";"—";"Участвуете в конкурсе";"1202800";"—"
"336";"3";"—";"260";"58931 85 92 83";"—";"Участвуете в конкурсе";"1670831";"—"
"337";"5";"—";"260";"45947 80 100 80";"—";"Участвуете в конкурсе";"1078257";"—"
"338";"4";"—";"260";"50018 83 82 91";"4";"Участвуете в конкурсе";"1621523";"—"
"339";"5";"—";"260";"54805 88 86 81";"5";"Участвуете в конкурсе";"1439161";"—"
"340";"5";"—";"260";"58948 86 86 78 √";"10";"Участвуете в конкурсе";"1722506";"—"
"341";"2";"—";"260";"50743 86 78 86";"10";"Участвуете в конкурсе";"1325766";"—"
"342";"3";"Электронное";"260";"54669 82 80 88 1";"10";"Участвуете в конкурсе";"1948627";"—"
"343";"8";"—";"260";"51483 78 86 86 5";"10";"Участвуете в конкурсе";"1784693";"—"
"344";"2";"—";"260";"47656 77 82 91 3";"10";"Участвуете в конкурсе";"1365866";"—"
"345";"3";"—";"260";"60092 72 84 94";"10";"Участвуете в конкурсе";"1818867";"—"
"346";"5";"—";"259";"55215 92 86 81 √";"—";"Участвуете в конкурсе";"2164760";"—"
"347";"2";"Электронное";"259";"52217 90 80 89";"—";"Участвуете в конкурсе";"1720673";"—"
"348";"5";"—";"259";"58535 85 88 86";"—";"Участвуете в конкурсе";"1597241";"—"
"349";"5";"Электронное";"259";"45630 74 100 85 3";"—";"Участвуете в конкурсе";"967828";"—"
"350";"4";"—";"259";"49409 90 86 81";"2";"Участвуете в конкурсе";"1576500";"—"
"351";"5";"—";"259";"52697 88 92 75 √";"4";"Участвуете в конкурсе";"1583075";"—"
"352";"6";"—";"259";"58289 88 88 73";"10";"Участвуете в конкурсе";"1627803";"—"
"353";"6";"—";"259";"48722 79 76 94 √";"10";"Участвуете в конкурсе";"1488203";"—"
"354";"1";"—";"259";"13950 78 84 87";"10";"Участвуете в конкурсе";"1852347";"—"
"355";"1";"—";"259";"55301 78 80 91";"10";"Участвуете в конкурсе";"2169823";"—"
"356";"3";"—";"258";"59986 95 88 75";"—";"Участвуете в конкурсе";"2298510";"—"
"357";"1";"—";"258";"45283 88 90 80";"—";"Участвуете в конкурсе";"938263";"—"
"358";"6";"—";"258";"47784 85 92 81 √";"—";"Участвуете в конкурсе";"1115084";"—"
"359";"4";"—";"258";"52220 85 84 89 √";"—";"Участвуете в конкурсе";"1387481";"—"
"360";"4";"—";"258";"57574 85 88 83 √";"2";"Участвуете в конкурсе";"2333013";"—"
"361";"1";"—";"258";"40034 90 90 68";"10";"Участвуете в конкурсе";"995705";"—"
"362";"7";"—";"258";"47804 90 80 78";"10";"Участвуете в конкурсе";"1357846";"—"
"363";"1";"—";"258";"53344 88 78 82";"10";"Участвуете в конкурсе";"1988895";"—"
"364";"6";"—";"258";"47980 85 74 89";"10";"Участвуете в конкурсе";"1400250";"—"
"365";"8";"—";"258";"53779 84 78 86 6";"10";"Участвуете в конкурсе";"1473113";"—"
"366";"3";"—";"258";"50170 83 82 83 √";"10";"Участвуете в конкурсе";"1634407";"—"
"367";"3";"—";"258";"59706 82 88 78 √";"10";"Участвуете в конкурсе";"1186855";"—"
"368";"1";"—";"258";"55213 78 76 94";"10";"Участвуете в конкурсе";"2082842";"—"
"369";"6";"—";"257";"47120 95 95 67 √";"—";"Участвуете в конкурсе";"1192837";"—"
"370";"2";"—";"257";"60435 80 86 91 √";"—";"Участвуете в конкурсе";"1937923";"—"
"371";"4";"—";"257";"51373 86 94 75";"2";"Участвуете в конкурсе";"1788809";"—"
"372";"5";"—";"257";"59130 80 84 89";"4";"Участвуете в конкурсе";"2041066";"—"
"373";"3";"—";"257";"45604 85 76 91";"5";"Участвуете в конкурсе";"999165";"—"
"374";"3";"—";"257";"58146 78 90 81";"8";"Участвуете в конкурсе";"2177651";"—"
"375";"2";"—";"257";"45896 85 76 86";"10";"Участвуете в конкурсе";"1062638";"—"
"376";"5";"—";"257";"58570 83 97 67";"10";"Участвуете в конкурсе";"1291340";"—"
"377";"2";"Электронное";"257";"45500 82 80 85";"10";"Участвуете в конкурсе";"979290";"—"
"378";"6";"—";"257";"28025 72 84 91 √";"10";"Участвуете в конкурсе";"2413488";"—"
"379";"7";"—";"256";"46813 80 82 94";"—";"Участвуете в конкурсе";"1194614";"—"
"380";"5";"Электронное";"256";"45776 76 100 80 2";"—";"Участвуете в конкурсе";"1040711";"—"
"381";"6";"—";"256";"49274 79 92 75";"10";"Участвуете в конкурсе";"1563790";"—"
"382";"3";"—";"256";"49257 76 100 70";"10";"Участвуете в конкурсе";"1566721";"—"
"383";"1";"Электронное";"255";"45795 88 90 77";"—";"Участвуете в конкурсе";"1044186";"—"
"384";"6";"—";"255";"53606 88 90 77";"—";"Участвуете в конкурсе";"1484414";"—"
"385";"9";"—";"255";"47790 88 78 89 5";"—";"Участвуете в конкурсе";"1362802";"—"
"386";"1";"Электронное";"255";"45858 94 80 79";"2";"Участвуете в конкурсе";"1057333";"—"
"387";"5";"—";"255";"46747 88 84 73 √";"10";"Участвуете в конкурсе";"1199363";"—"
"388";"1";"—";"255";"47892 86 90 69";"10";"Участвуете в конкурсе";"1354486";"—"
"389";"3";"—";"255";"57726 72 82 91";"10";"Участвуете в конкурсе";"2136347";"—"
"390";"7";"—";"255";"55960 70 84 91 √";"10";"Участвуете в конкурсе";"1886108";"—"
"391";"2";"—";"254";"49573 100 58 96 √";"—";"Участвуете в конкурсе";"1582883";"—"
"392";"3";"—";"254";"57841 95 84 75";"—";"Участвуете в конкурсе";"2211996";"—"
"393";"2";"—";"254";"45964 85 84 85";"—";"Участвуете в конкурсе";"1077929";"—"
"394";"5";"—";"254";"49355 83 88 83 √";"—";"Участвуете в конкурсе";"1573732";"—"
"395";"1";"Электронное";"254";"49724 80 100 74";"—";"Участвуете в конкурсе";"1611905";"—"
"396";"5";"Электронное";"254";"58383 93 86 73 3";"2";"Участвуете в конкурсе";"1546601";"—"
"397";"4";"—";"254";"56151 93 82 72";"7";"Участвуете в конкурсе";"2230873";"—"
"398";"7";"—";"254";"52552 85 84 75 √";"10";"Участвуете в конкурсе";"1364264";"—"
"399";"4";"—";"254";"53889 80 86 78 √";"10";"Участвуете в конкурсе";"2027669";"—"
"400";"2";"—";"254";"47722 79 84 81";"10";"Участвуете в конкурсе";"1267270";"—"
"401";"5";"Электронное";"254";"47184 75 86 83 5";"10";"Участвуете в конкурсе";"1256701";"—"
"402";"3";"—";"254";"50800 75 80 89 √";"10";"Участвуете в конкурсе";"1557768";"—"
"403";"3";"—";"253";"46940 80 92 81";"—";"Участвуете в конкурсе";"1223226";"—"
"404";"5";"—";"253";"46576 80 84 89";"—";"Участвуете в конкурсе";"1177312";"—"
"405";"5";"—";"253";"48661 80 97 72";"4";"Участвуете в конкурсе";"1504492";"—"
"406";"2";"—";"253";"58296 85 90 73";"5";"Участвуете в конкурсе";"2339565";"—"
"407";"4";"—";"253";"57279 90 78 75";"10";"Участвуете в конкурсе";"2270440";"—"
"408";"7";"—";"252";"51764 93 86 73 √";"—";"Участвуете в конкурсе";"1833341";"—"
"409";"1";"Электронное";"252";"54541 86 90 76";"—";"Участвуете в конкурсе";"2085049";"—"
"410";"5";"—";"252";"56046 85 84 83";"—";"Участвуете в конкурсе";"2037491";"—"
"411";"1";"—";"252";"58735 84 82 86";"—";"Участвуете в конкурсе";"1163377";"—"
"412";"5";"—";"252";"55076 83 86 83";"—";"Участвуете в конкурсе";"2138415";"—"
"413";"3";"—";"252";"54712 83 78 91";"—";"Участвуете в конкурсе";"2102771";"—"
"414";"3";"Электронное";"252";"45585 80 90 82";"—";"Участвуете в конкурсе";"983980";"—"
"415";"7";"Электронное";"252";"58223 78 88 86";"—";"Участвуете в конкурсе";"2342632";"—"
"416";"7";"—";"252";"51773 90 88 72";"2";"Участвуете в конкурсе";"1206048";"—"
"417";"1";"—";"252";"55721 85 84 81 √";"2";"Участвуете в конкурсе";"1424610";"—"
"418";"6";"—";"252";"54095 83 86 81 √";"2";"Участвуете в конкурсе";"1795521";"—"
"419";"5";"—";"252";"47018 77 92 81 √";"2";"Участвуете в конкурсе";"1258603";"—"
"420";"7";"—";"252";"50134 90 82 70 √";"10";"Участвуете в конкурсе";"1284961";"—"
"421";"2";"—";"252";"50196 84 80 78";"10";"Участвуете в конкурсе";"1624537";"—"
"422";"3";"—";"252";"48223 75 84 83";"10";"Участвуете в конкурсе";"1324618";"—"
"423";"2";"—";"252";"51145 66 90 86";"10";"Участвуете в конкурсе";"1763986";"—"
"424";"2";"—";"251";"55052 94 100 57";"—";"Участвуете в конкурсе";"2147802";"—"
"425";"1";"—";"251";"45535 94 80 77";"—";"Участвуете в конкурсе";"1031805";"—"
"426";"7";"—";"251";"54251 90 86 75 √";"—";"Участвуете в конкурсе";"1443682";"—"
"427";"1";"—";"251";"55035 85 80 86";"—";"Участвуете в конкурсе";"2136880";"—"
"428";"6";"—";"251";"47010 82 90 79";"—";"Участвуете в конкурсе";"1257336";"—"
"429";"8";"—";"251";"55899 90 86 73";"2";"Участвуете в конкурсе";"2168415";"—"
"430";"3";"—";"251";"59202 85 76 83";"7";"Участвуете в конкурсе";"2402968";"—"
"431";"7";"—";"251";"50782 80 92 72";"7";"Участвуете в конкурсе";"1635621";"—"
"432";"9";"—";"251";"56229 84 84 73";"10";"Участвуете в конкурсе";"1482887";"—"
"433";"6";"—";"251";"58589 78 88 75 √";"10";"Участвуете в конкурсе";"1495224";"—"
"434";"5";"—";"251";"51745 78 80 83 √";"10";"Участвуете в конкурсе";"1476708";"—"
"435";"5";"—";"251";"53666 72 86 83 √";"10";"Участвуете в конкурсе";"1642057";"—"
"436";"2";"—";"250";"52667 98 80 72";"—";"Участвуете в конкурсе";"1926376";"—"
"437";"6";"—";"250";"57633 94 86 70";"—";"Участвуете в конкурсе";"1471865";"—"
"438";"2";"—";"250";"46833 86 100 64";"—";"Участвуете в конкурсе";"1213571";"—"
"439";"1";"Электронное";"250";"49961 82 80 88";"—";"Участвуете в конкурсе";"1619493";"—"
"440";"3";"—";"250";"58022 80 92 78 √";"—";"Участвуете в конкурсе";"2304871";"—"
"441";"5";"Электронное";"250";"39010 75 84 91 2";"—";"Участвуете в конкурсе";"2189351";"—"
"442";"1";"Электронное";"250";"46166 60 100 90 1";"—";"Участвуете в конкурсе";"1122355";"—"
"443";"5";"—";"250";"55326 83 86 79 3";"2";"Участвуете в конкурсе";"1949366";"—"
"444";"5";"Электронное";"250";"45455 80 90 78";"2";"Участвуете в конкурсе";"952209";"—"
"445";"2";"—";"250";"55653 95 80 70 √";"5";"Участвуете в конкурсе";"2183176";"—"
"446";"2";"—";"250";"54779 85 80 75";"10";"Участвуете в конкурсе";"1774227";"—"
"447";"7";"—";"250";"56305 84 84 72 √";"10";"Участвуете в конкурсе";"1092864";"—"
"448";"1";"—";"250";"45416 83 82 75 √";"10";"Участвуете в конкурсе";"984407";"—"
"449";"1";"—";"249";"50135 88 100 61";"—";"Участвуете в конкурсе";"1607333";"—"
"450";"3";"—";"249";"52483 94 90 55";"10";"Участвуете в конкурсе";"1002125";"—"
"451";"1";"—";"249";"47105 86 84 69 √";"10";"Участвуете в конкурсе";"1259739";"—"
"452";"4";"—";"249";"51368 83 86 70 √";"10";"Участвуете в конкурсе";"1792209";"—"
"453";"2";"—";"249";"10617 80 76 83 √";"10";"Участвуете в конкурсе";"2425939";"—"
"454";"5";"—";"249";"58044 75 78 86 √";"10";"Участвуете в конкурсе";"2307226";"—"
"455";"3";"—";"249";"48929 72 86 81 √";"10";"Участвуете в конкурсе";"1510823";"—"
"456";"1";"Электронное";"249";"45342 71 82 86";"10";"Участвуете в конкурсе";"973173";"—"
"457";"4";"—";"248";"51259 85 80 83";"—";"Участвуете в конкурсе";"1781770";"—"
"458";"6";"—";"248";"54342 83 90 75 √";"—";"Участвуете в конкурсе";"1640389";"—"
"459";"4";"—";"248";"52084 83 82 83 √";"—";"Участвуете в конкурсе";"1854981";"—"
"460";"5";"—";"248";"55603 85 86 75";"2";"Участвуете в конкурсе";"2185361";"—"
"461";"6";"—";"248";"60066 84 92 70 √";"2";"Участвуете в конкурсе";"1086890";"—"
"462";"7";"Электронное";"248";"56592 78 90 78";"2";"Участвуете в конкурсе";"2259359";"—"
"463";"4";"—";"248";"31711 80 72 91";"5";"Участвуете в конкурсе";"959533";"—"
"464";"3";"—";"248";"53616 70 100 73 √";"5";"Участвуете в конкурсе";"1608946";"—"
"465";"2";"Электронное";"248";"45389 88 80 70";"10";"Участвуете в конкурсе";"968016";"—"
"466";"3";"—";"248";"59924 76 84 78";"10";"Участвуете в конкурсе";"2085854";"—"
"467";"1";"—";"248";"51411 68 100 70";"10";"Участвуете в конкурсе";"1791826";"—"
"468";"7";"—";"247";"59913 93 82 72";"—";"Участвуете в конкурсе";"2243305";"—"
"469";"3";"—";"247";"53576 80 84 83 √";"—";"Участвуете в конкурсе";"1904071";"—"
"470";"7";"—";"247";"54657 78 86 81 √";"2";"Участвуете в конкурсе";"1180625";"—"
"471";"1";"—";"247";"60436 85 82 70 √";"10";"Участвуете в конкурсе";"1703286";"—"
"472";"1";"Электронное";"247";"48562 78 80 79";"10";"Участвуете в конкурсе";"1433055";"—"
"473";"6";"—";"247";"58577 74 78 85 √";"10";"Участвуете в конкурсе";"2372320";"—"
"474";"1";"—";"247";"10213 72 84 81 √";"10";"Участвуете в конкурсе";"2005413";"—"
"475";"5";"—";"247";"54075 70 95 72 √";"10";"Участвуете в конкурсе";"2060364";"—"
"476";"7";"—";"246";"54173 88 86 72 √";"—";"Участвуете в конкурсе";"2056652";"—"
"477";"4";"—";"246";"52660 85 86 75";"—";"Участвуете в конкурсе";"1572899";"—"
"478";"6";"—";"246";"52278 83 90 73";"—";"Участвуете в конкурсе";"1199279";"—"
"479";"8";"—";"246";"60028 83 82 81 √";"—";"Участвуете в конкурсе";"2359086";"—"
"480";"4";"—";"246";"52236 83 80 83 √";"—";"Участвуете в конкурсе";"1847310";"—"
"481";"3";"—";"246";"52508 88 86 70";"2";"Участвуете в конкурсе";"1907886";"—"
"482";"2";"—";"246";"59108 88 84 72";"2";"Участвуете в конкурсе";"1925128";"—"
"483";"8";"Электронное";"246";"57481 83 82 78 3";"3";"Участвуете в конкурсе";"2315630";"—"
"484";"3";"—";"246";"53532 83 84 75 √";"4";"Участвуете в конкурсе";"2005631";"—"
"485";"3";"—";"246";"57145 83 78 81";"4";"Участвуете в конкурсе";"1793112";"—"
"486";"5";"—";"246";"56365 83 72 81 √";"10";"Участвуете в конкурсе";"1627096";"—"
"487";"8";"—";"245";"54870 94 90 61 √";"—";"Участвуете в конкурсе";"1802613";"—"
"488";"3";"—";"245";"53241 88 84 73";"—";"Участвуете в конкурсе";"1028167";"—"
"489";"6";"—";"245";"54416 86 86 73";"—";"Участвуете в конкурсе";"1722499";"—"
"490";"2";"—";"245";"52300 78 86 81";"—";"Участвуете в конкурсе";"1900374";"—"
"491";"4";"—";"245";"56649 85 80 70";"10";"Участвуете в конкурсе";"2245282";"—"
"492";"2";"Электронное";"245";"45373 70 90 75";"10";"Участвуете в конкурсе";"910181";"—"
"493";"5";"—";"244";"60342 90 82 72";"—";"Участвуете в конкурсе";"2250399";"—"
"494";"6";"—";"244";"59804 90 82 72";"—";"Участвуете в конкурсе";"2363438";"—"
"495";"3";"Электронное";"244";"50001 72 80 92";"—";"Участвуете в конкурсе";"1608582";"—"
"496";"3";"Электронное";"244";"45489 86 100 55";"3";"Участвуете в конкурсе";"971089";"—"
"497";"4";"—";"244";"48889 85 74 75 √";"10";"Участвуете в конкурсе";"1507125";"—"
"498";"7";"—";"244";"60375 80 76 78";"10";"Участвуете в конкурсе";"2425016";"—"
"499";"3";"—";"243";"59989 85 86 72";"—";"Участвуете в конкурсе";"1779486";"—"
"500";"7";"—";"243";"48847 80 82 81 √";"—";"Участвуете в конкурсе";"1520964";"—"
"501";"5";"—";"243";"59091 90 82 69";"2";"Участвуете в конкурсе";"2219877";"—"
"502";"5";"—";"243";"58567 85 84 72";"2";"Участвуете в конкурсе";"1518122";"—"
"503";"2";"Электронное";"243";"45645 82 70 88";"3";"Участвуете в конкурсе";"986170";"—"
"504";"3";"—";"243";"51834 76 100 57";"10";"Участвуете в конкурсе";"1585096";"—"
"505";"7";"Электронное";"243";"51864 76 84 73 9";"10";"Участвуете в конкурсе";"1832388";"—"
"506";"2";"—";"243";"46365 76 70 87";"10";"Участвуете в конкурсе";"1084641";"—"
"507";"4";"—";"243";"46764 75 80 78 √";"10";"Участвуете в конкурсе";"1188572";"—"
"508";"5";"—";"243";"58858 75 80 78";"10";"Участвуете в конкурсе";"2254549";"—"
"509";"6";"—";"242";"54974 85 82 75";"—";"Участвуете в конкурсе";"2136696";"—"
"510";"3";"—";"242";"58579 85 82 75";"—";"Участвуете в конкурсе";"2349227";"—"
"511";"9";"—";"242";"58119 85 76 81 √";"—";"Участвуете в конкурсе";"1499837";"—"
"512";"4";"—";"242";"60159 85 74 83 √";"—";"Участвуете в конкурсе";"1283537";"—"
"513";"5";"—";"242";"58585 83 78 81";"—";"Участвуете в конкурсе";"2374127";"—"
"514";"6";"—";"242";"59888 83 78 81";"—";"Участвуете в конкурсе";"2392377";"—"
"515";"7";"—";"242";"49346 83 90 67 √";"2";"Участвуете в конкурсе";"1573529";"—"
"516";"6";"—";"242";"47443 78 84 78";"2";"Участвуете в конкурсе";"1330992";"—"
"517";"7";"—";"242";"55417 83 80 75 √";"4";"Участвуете в конкурсе";"2176110";"—"
"518";"7";"—";"242";"60135 78 82 78";"4";"Участвуете в конкурсе";"2315757";"—"
"519";"1";"—";"242";"51457 85 82 70";"5";"Участвуете в конкурсе";"1722498";"—"
"520";"5";"—";"242";"53242 65 86 86 √";"5";"Участвуете в конкурсе";"1935378";"—"
"521";"2";"—";"242";"59069 80 82 73";"7";"Участвуете в конкурсе";"2072741";"—"
"522";"3";"—";"241";"58326 83 80 78";"—";"Участвуете в конкурсе";"1410765";"—"
"523";"4";"—";"241";"52459 80 78 83 √";"—";"Участвуете в конкурсе";"1911263";"—"
"524";"9";"Электронное";"241";"46513 90 74 75 6";"2";"Участвуете в конкурсе";"1174708";"—"
"525";"4";"—";"241";"52439 100 74 64 √";"3";"Участвуете в конкурсе";"1579316";"—"
"526";"9";"—";"241";"54083 90 80 67";"4";"Участвуете в конкурсе";"2049511";"—"
"527";"5";"Электронное";"241";"46201 83 70 78 1";"10";"Участвуете в конкурсе";"1125112";"—"
"528";"6";"—";"241";"49824 78 72 81 √";"10";"Участвуете в конкурсе";"1640967";"—"
"529";"3";"Электронное";"241";"48039 76 82 73";"10";"Участвуете в конкурсе";"1413711";"—"
"530";"1";"—";"240";"48247 92 80 68";"—";"Участвуете в конкурсе";"1416024";"—"
"531";"5";"—";"240";"47678 82 80 78";"—";"Участвуете в конкурсе";"1155627";"—"
"532";"1";"Электронное";"240";"45637 72 100 68";"—";"Участвуете в конкурсе";"1035586";"—"
"533";"1";"Электронное";"240";"31177 68 90 82";"—";"Участвуете в конкурсе";"1561020";"—"
"534";"4";"—";"240";"57915 72 88 78 √";"2";"Участвуете в конкурсе";"2094799";"—"
"535";"4";"—";"240";"50952 77 78 75 10";"10";"Участвуете в конкурсе";"1726249";"—"
"536";"2";"—";"240";"56433 72 80 78 √";"10";"Участвуете в конкурсе";"2218339";"—"
"537";"6";"—";"240";"42522 71 78 81";"10";"Участвуете в конкурсе";"1994781";"—"
"538";"1";"Электронное";"240";"48320 67 74 89 √";"10";"Участвуете в конкурсе";"1442421";"—"
"539";"7";"—";"239";"56877 90 80 69";"—";"Участвуете в конкурсе";"2243345";"—"
"540";"4";"—";"239";"60089 86 80 73";"—";"Участвуете в конкурсе";"2410690";"—"
"541";"2";"—";"239";"45320 83 78 78";"—";"Участвуете в конкурсе";"962544";"—"
"542";"5";"—";"239";"59918 80 76 83 √";"—";"Участвуете в конкурсе";"1839278";"—"
"543";"1";"—";"239";"46829 80 74 85";"—";"Участвуете в конкурсе";"1209301";"—"
"544";"4";"—";"239";"55399 78 64 97";"—";"Участвуете в конкурсе";"2173682";"—"
"545";"3";"—";"239";"47911 72 84 83";"—";"Участвуете в конкурсе";"1393363";"—"
"546";"1";"Электронное";"239";"52956 62 100 77 2";"—";"Участвуете в конкурсе";"1698246";"—"
"547";"7";"—";"239";"53055 90 86 61";"2";"Участвуете в конкурсе";"1965537";"—"
"548";"6";"Электронное";"239";"47973 83 76 70 1";"10";"Участвуете в конкурсе";"1361236";"—"
"549";"5";"—";"239";"52542 82 90 57";"10";"Участвуете в конкурсе";"1726899";"—"
"550";"4";"—";"239";"60155 78 76 75 √";"10";"Участвуете в конкурсе";"2412559";"—"
"551";"2";"Электронное";"239";"46243 76 78 75 6";"10";"Участвуете в конкурсе";"1133666";"—"
"552";"5";"—";"239";"60335 70 76 83 √";"10";"Участвуете в конкурсе";"1975485";"—"
"553";"2";"—";"239";"56385 64 90 75 √";"10";"Участвуете в конкурсе";"2249990";"—"
"554";"3";"—";"238";"56894 95 82 61 √";"—";"Участвуете в конкурсе";"1437215";"—"
"555";"5";"—";"238";"47121 92 80 66 4";"—";"Участвуете в конкурсе";"1283512";"—"
"556";"1";"—";"238";"54613 84 84 70";"—";"Участвуете в конкурсе";"2096432";"—"
"557";"6";"—";"238";"50620 75 86 72";"5";"Участвуете в конкурсе";"1708435";"—"
"558";"6";"—";"238";"57541 82 74 72";"10";"Участвуете в конкурсе";"2211338";"—"
"559";"1";"—";"238";"48641 75 70 83";"10";"Участвуете в конкурсе";"1495112";"—"
"560";"6";"—";"238";"59938 72 78 78";"10";"Участвуете в конкурсе";"2096782";"—"
"561";"6";"—";"237";"45426 88 80 69 √";"—";"Участвуете в конкурсе";"964851";"—"
"562";"9";"—";"237";"58671 85 94 58";"—";"Участвуете в конкурсе";"2243130";"—"
"563";"1";"Электронное";"237";"50677 84 70 83";"—";"Участвуете в конкурсе";"1707055";"—"
"564";"5";"—";"237";"48434 82 80 75";"—";"Участвуете в конкурсе";"1452909";"—"
"565";"4";"—";"237";"47320 80 74 81 √";"2";"Участвуете в конкурсе";"1312669";"—"
"566";"7";"—";"237";"53870 70 76 89";"2";"Участвуете в конкурсе";"2037406";"—"
"567";"1";"Электронное";"237";"45428 84 80 70";"3";"Участвуете в конкурсе";"972113";"—"
"568";"7";"Электронное";"237";"52692 83 82 67 1";"5";"Участвуете в конкурсе";"1345574";"—"
"569";"4";"—";"237";"49380 80 82 70";"5";"Участвуете в конкурсе";"1577144";"—"
"570";"1";"Электронное";"237";"45421 88 80 59";"10";"Участвуете в конкурсе";"859539";"—"
"571";"1";"—";"237";"60267 80 72 75 √";"10";"Участвуете в конкурсе";"2143299";"—"
"572";"5";"—";"237";"53640 75 74 78";"10";"Участвуете в конкурсе";"1408262";"—"
"573";"3";"—";"237";"56417 72 74 81";"10";"Участвуете в конкурсе";"1896003";"—"
"574";"6";"—";"237";"57977 70 74 83 √";"10";"Участвуете в конкурсе";"1988237";"—"
"575";"1";"—";"236";"54389 90 70 76";"—";"Участвуете в конкурсе";"2081372";"—"
"576";"2";"Электронное";"236";"45515 88 100 48";"—";"Участвуете в конкурсе";"976930";"—"
"577";"5";"—";"236";"46443 85 70 81 √";"—";"Участвуете в конкурсе";"831373";"—"
"578";"3";"—";"236";"53884 68 70 98";"—";"Участвуете в конкурсе";"2031600";"—"
"579";"1";"—";"236";"45438 96 80 58";"2";"Участвуете в конкурсе";"998121";"—"
"580";"7";"—";"236";"58118 86 84 64 √";"2";"Участвуете в конкурсе";"2306260";"—"
"581";"2";"—";"236";"47053 78 80 75";"3";"Участвуете в конкурсе";"1187809";"—"
"582";"7";"—";"236";"57538 78 78 70 √";"10";"Участвуете в конкурсе";"2182479";"—"
"583";"1";"—";"236";"54077 72 76 78";"10";"Участвуете в конкурсе";"1946766";"—"
"584";"3";"Электронное";"235";"55944 80 80 75 1";"—";"Участвуете в конкурсе";"1800195";"—"
"585";"5";"—";"235";"55693 80 78 77 √";"—";"Участвуете в конкурсе";"2064409";"—"
"586";"2";"—";"235";"55568 78 78 79";"—";"Участвуете в конкурсе";"1988859";"—"
"587";"5";"—";"235";"60197 76 90 69 √";"—";"Участвуете в конкурсе";"1640216";"—"
"588";"1";"—";"235";"53440 72 82 81";"—";"Участвуете в конкурсе";"1643040";"—"
"589";"8";"—";"235";"42726 70 82 83";"—";"Участвуете в конкурсе";"1040810";"—"
"590";"4";"—";"235";"57764 67 82 86";"—";"Участвуете в конкурсе";"1283509";"—"
"591";"5";"—";"235";"53046 70 90 73 √";"2";"Участвуете в конкурсе";"1958876";"—"
"592";"3";"—";"235";"56460 70 80 83 √";"2";"Участвуете в конкурсе";"1240436";"—"
"593";"4";"—";"235";"53798 88 74 69 √";"4";"Участвуете в конкурсе";"2014521";"—"
"594";"8";"—";"235";"58088 84 78 63 √";"10";"Участвуете в конкурсе";"1510453";"—"
"595";"4";"—";"235";"56356 75 72 78";"10";"Участвуете в конкурсе";"2249271";"—"
"596";"1";"—";"235";"57598 72 72 81";"10";"Участвуете в конкурсе";"2331746";"—"
"597";"8";"Электронное";"234";"51884 82 90 62 1";"—";"Участвуете в конкурсе";"1845547";"—"
"598";"4";"—";"234";"60005 76 80 78";"—";"Участвуете в конкурсе";"2301457";"—"
"599";"5";"—";"234";"56831 75 84 75";"—";"Участвуете в конкурсе";"2164408";"—"
"600";"2";"Электронное";"234";"49957 72 90 72";"—";"Участвуете в конкурсе";"968797";"—"
"601";"6";"—";"234";"48575 72 84 78";"—";"Участвуете в конкурсе";"1487530";"—"
"602";"3";"Электронное";"234";"57986 80 82 70 1";"2";"Участвуете в конкурсе";"2298264";"—"
"603";"5";"Электронное";"234";"57882 80 80 72 √";"2";"Участвуете в конкурсе";"2204801";"—"
"604";"7";"—";"234";"56779 70 86 73";"5";"Участвуете в конкурсе";"1777325";"—"
"605";"7";"Электронное";"234";"54876 88 82 54 1";"10";"Участвуете в конкурсе";"2129783";"—"
"606";"7";"—";"233";"58293 83 76 72";"2";"Участвуете в конкурсе";"2359041";"—"
"607";"5";"—";"233";"51843 78 84 67 6";"4";"Участвуете в конкурсе";"1853137";"—"
"608";"7";"—";"233";"49580 90 84 54";"5";"Участвуете в конкурсе";"1587310";"—"
"609";"2";"Электронное";"233";"52165 82 74 67";"10";"Участвуете в конкурсе";"1285922";"—"
"610";"2";"—";"233";"52591 62 90 71 √";"10";"Участвуете в конкурсе";"1101346";"—"
"611";"5";"—";"233";"54258 62 80 81 √";"10";"Участвуете в конкурсе";"2057092";"—"
"612";"4";"—";"232";"38914 80 80 72 √";"—";"Участвуете в конкурсе";"2256596";"—"
"613";"5";"—";"232";"54540 76 78 78";"—";"Участвуете в конкурсе";"1731525";"—"
"614";"1";"—";"232";"45472 72 78 82";"—";"Участвуете в конкурсе";"968896";"—"
"615";"4";"—";"232";"54054 85 76 66 √";"5";"Участвуете в конкурсе";"1955084";"—"
"616";"2";"Электронное";"232";"23694 84 80 58";"10";"Участвуете в конкурсе";"993117";"—"
"617";"2";"Электронное";"232";"46269 84 50 88 2";"10";"Участвуете в конкурсе";"1132596";"—"
"618";"5";"Электронное";"232";"50485 75 78 69 7";"10";"Участвуете в конкурсе";"1633463";"—"
"619";"1";"—";"232";"45731 72 80 70";"10";"Участвуете в конкурсе";"1029011";"—"
"620";"6";"—";"232";"54808 72 78 72 √";"10";"Участвуете в конкурсе";"2124658";"—"
"621";"5";"—";"232";"58043 70 74 78";"10";"Участвуете в конкурсе";"2205774";"—"
"622";"2";"Электронное";"232";"36389 70 70 82";"10";"Участвуете в конкурсе";"1034196";"—"
"623";"3";"—";"231";"47929 83 78 70 √";"—";"Участвуете в конкурсе";"1272620";"—"
"624";"3";"—";"231";"59782 83 68 80";"—";"Участвуете в конкурсе";"2382140";"—"
"625";"3";"—";"231";"27479 80 78 73 √";"—";"Участвуете в конкурсе";"1086564";"—"
"626";"5";"—";"231";"53110 80 78 73 √";"—";"Участвуете в конкурсе";"1177102";"—"
"627";"1";"—";"231";"60138 80 76 75 √";"—";"Участвуете в конкурсе";"2411394";"—"
"628";"6";"—";"231";"60307 78 80 73 √";"—";"Участвуете в конкурсе";"2422017";"—"
"629";"5";"—";"231";"58098 67 78 86";"—";"Участвуете в конкурсе";"2282843";"—"
"630";"7";"Электронное";"231";"53024 82 80 67 1";"2";"Участвуете в конкурсе";"1951894";"—"
"631";"7";"—";"231";"53215 80 80 69";"2";"Участвуете в конкурсе";"1285346";"—"
"632";"6";"Электронное";"231";"49767 78 70 81 1";"2";"Участвуете в конкурсе";"1641478";"—"
"633";"7";"Электронное";"231";"46817 67 76 86 2";"2";"Участвуете в конкурсе";"1194283";"—"
"634";"1";"—";"231";"24344 72 80 69";"10";"Участвуете в конкурсе";"2414320";"—"
"635";"2";"—";"230";"54369 84 100 46 √";"—";"Участвуете в конкурсе";"2079147";"—"
"636";"3";"—";"230";"59745 79 88 63";"—";"Участвуете в конкурсе";"1513897";"—"
"637";"2";"—";"230";"55530 78 82 70";"—";"Участвуете в конкурсе";"2182025";"—"
"638";"1";"—";"230";"60424 75 80 75 √";"—";"Участвуете в конкурсе";"2391401";"—"
"639";"4";"—";"230";"60097 75 68 87";"—";"Участвуете в конкурсе";"2411047";"—"
"640";"1";"—";"230";"53809 72 86 72";"—";"Участвуете в конкурсе";"1961906";"—"
"641";"5";"—";"230";"49554 78 78 72 √";"2";"Участвуете в конкурсе";"1582671";"—"
"642";"5";"—";"230";"57062 72 70 86 √";"2";"Участвуете в конкурсе";"1355771";"—"
"643";"5";"—";"230";"56280 90 80 57";"3";"Участвуете в конкурсе";"2237818";"—"
"644";"4";"—";"230";"49817 78 82 60";"10";"Участвуете в конкурсе";"1554374";"—"
"645";"7";"—";"230";"46403 78 72 70";"10";"Участвуете в конкурсе";"831606";"—"
"646";"5";"—";"230";"47817 72 84 64";"10";"Участвуете в конкурсе";"1283582";"—"
"647";"8";"—";"230";"46985 70 78 72";"10";"Участвуете в конкурсе";"1247278";"—"
"648";"2";"—";"229";"55692 83 80 66 √";"—";"Участвуете в конкурсе";"1292320";"—"
"649";"6";"—";"229";"37089 78 78 73";"—";"Участвуете в конкурсе";"2417993";"—"
"650";"5";"—";"229";"52954 80 78 69";"2";"Участвуете в конкурсе";"1958178";"—"
"651";"4";"—";"229";"59225 83 76 60 √";"10";"Участвуете в конкурсе";"1942868";"—"
"652";"3";"Электронное";"229";"48654 67 74 78 1";"10";"Участвуете в конкурсе";"1497905";"—"
"653";"1";"Электронное";"229";"45352 62 90 67";"10";"Участвуете в конкурсе";"965775";"—"
"654";"2";"—";"228";"56134 88 76 64";"—";"Участвуете в конкурсе";"2214789";"—"
"655";"5";"—";"228";"12901 88 68 72 √";"—";"Участвуете в конкурсе";"2077686";"—"
"656";"3";"—";"228";"42397 85 74 69";"—";"Участвуете в конкурсе";"981973";"—"
"657";"6";"—";"228";"48498 80 78 70";"—";"Участвуете в конкурсе";"1432947";"—"
"658";"6";"—";"228";"58233 80 76 72 √";"—";"Участвуете в конкурсе";"2343724";"—"
"659";"7";"—";"228";"48687 72 86 70 √";"—";"Участвуете в конкурсе";"1498759";"—"
"660";"8";"—";"228";"55426 72 86 70";"—";"Участвуете в конкурсе";"1979160";"—"
"661";"4";"Электронное";"228";"46203 72 70 86 √";"—";"Участвуете в конкурсе";"952211";"—"
"662";"5";"—";"228";"49014 78 82 66";"2";"Участвуете в конкурсе";"1518452";"—"
"663";"4";"—";"228";"52288 78 76 72 √";"2";"Участвуете в конкурсе";"1711991";"—"
"664";"8";"—";"227";"60554 83 74 70 √";"—";"Участвуете в конкурсе";"1539208";"—"
"665";"4";"Электронное";"227";"53763 78 76 73 5";"—";"Участвуете в конкурсе";"965989";"—"
"666";"2";"—";"227";"59692 72 80 75";"—";"Участвуете в конкурсе";"1133599";"—"
"667";"3";"—";"227";"52862 72 72 83";"—";"Участвуете в конкурсе";"973542";"—"
"668";"7";"Электронное";"227";"56311 70 84 73";"—";"Участвуете в конкурсе";"2238871";"—"
"669";"6";"—";"227";"52522 88 82 55 √";"2";"Участвуете в конкурсе";"1795222";"—"
"670";"7";"—";"227";"53468 76 78 69 √";"4";"Участвуете в конкурсе";"1995069";"—"
"671";"5";"Электронное";"227";"47969 79 80 63 2";"5";"Участвуете в конкурсе";"1405502";"—"
"672";"3";"Электронное";"227";"45383 74 80 63";"10";"Участвуете в конкурсе";"968206";"—"
"673";"3";"—";"227";"53609 70 80 67";"10";"Участвуете в конкурсе";"2004922";"—"
"674";"4";"—";"226";"50543 98 40 88";"—";"Участвуете в конкурсе";"1694425";"—"
"675";"2";"—";"226";"59965 78 76 72";"—";"Участвуете в конкурсе";"2271886";"—"
"676";"6";"—";"226";"54550 70 86 70";"—";"Участвуете в конкурсе";"2099183";"—"
"677";"6";"Электронное";"226";"46821 70 84 72 4";"—";"Участвуете в конкурсе";"1192079";"—"
"678";"3";"Электронное";"226";"53920 58 90 78 √";"—";"Участвуете в конкурсе";"2025640";"—"
"679";"2";"—";"226";"47631 78 76 70 √";"2";"Участвуете в конкурсе";"1352883";"—"
"680";"3";"—";"225";"50603 86 76 63";"—";"Участвуете в конкурсе";"1208186";"—"
"681";"3";"—";"225";"59682 78 76 69";"2";"Участвуете в конкурсе";"1602092";"—"
"682";"4";"—";"225";"57643 70 84 69";"2";"Участвуете в конкурсе";"1985352";"—"
"683";"7";"—";"225";"50193 54 86 81 √";"4";"Участвуете в конкурсе";"1128408";"—"
"684";"4";"—";"225";"55759 75 70 70";"10";"Участвуете в конкурсе";"1163996";"—"
"685";"6";"—";"225";"60299 70 70 75 √";"10";"Участвуете в конкурсе";"2420414";"—"
"686";"5";"—";"225";"60144 68 72 75 √";"10";"Участвуете в конкурсе";"2415948";"—"
"687";"1";"Электронное";"224";"45366 90 90 44";"—";"Участвуете в конкурсе";"942874";"—"
"688";"5";"—";"224";"56548 83 76 65";"—";"Участвуете в конкурсе";"2239992";"—"
"689";"5";"—";"224";"46693 80 72 72 1";"—";"Участвуете в конкурсе";"1212881";"—"
"690";"5";"—";"224";"55885 78 74 72";"—";"Участвуете в конкурсе";"1275082";"—"
"691";"7";"—";"224";"59123 78 74 72 √";"—";"Участвуете в конкурсе";"2392162";"—"
"692";"7";"—";"224";"48656 72 94 58";"—";"Участвуете в конкурсе";"1498100";"—"
"693";"2";"—";"224";"46970 72 86 66 √";"—";"Участвуете в конкурсе";"1252235";"—"
"694";"2";"—";"224";"59786 70 76 78 √";"—";"Участвуете в конкурсе";"1797966";"—"
"695";"6";"—";"224";"57938 70 76 78";"—";"Участвуете в конкурсе";"1881620";"—"
"696";"1";"—";"224";"45586 70 76 78";"—";"Участвуете в конкурсе";"996365";"—"
"697";"3";"—";"224";"58193 67 84 73";"—";"Участвуете в конкурсе";"2339551";"—"
"698";"1";"—";"224";"57702 75 72 75";"2";"Участвуете в конкурсе";"2172911";"—"
"699";"4";"—";"224";"54448 67 86 69";"2";"Участвуете в конкурсе";"1193375";"—"
"700";"5";"—";"224";"59996 78 78 63";"5";"Участвуете в конкурсе";"2303691";"—"
"701";"7";"—";"224";"47310 78 64 72 √";"10";"Участвуете в конкурсе";"1315327";"—"
"702";"3";"—";"224";"32446 75 70 69";"10";"Участвуете в конкурсе";"2390818";"—"
"703";"5";"—";"224";"54176 67 84 63 √";"10";"Участвуете в конкурсе";"2050554";"—"
"704";"4";"—";"224";"55815 67 80 67 √";"10";"Участвуете в конкурсе";"2203647";"—"
"705";"1";"—";"223";"58045 83 70 70 √";"—";"Участвуете в конкурсе";"1197200";"—"
"706";"2";"—";"223";"48524 80 74 69";"—";"Участвуете в конкурсе";"1479309";"—"
"707";"6";"—";"223";"46863 72 70 81";"—";"Участвуете в конкурсе";"1205412";"—"
"708";"1";"—";"223";"48221 70 80 73";"—";"Участвуете в конкурсе";"1435598";"—"
"709";"7";"—";"223";"52967 70 72 81";"—";"Участвуете в конкурсе";"1956959";"—"
"710";"1";"—";"223";"53062 70 72 81";"—";"Участвуете в конкурсе";"1966451";"—"
"711";"4";"—";"223";"57884 70 72 81";"—";"Участвуете в конкурсе";"2254297";"—"
"712";"8";"—";"223";"47877 66 60 97";"—";"Участвуете в конкурсе";"1361716";"—"
"713";"2";"—";"223";"46298 64 70 89 √";"—";"Участвуете в конкурсе";"1146552";"—"
"714";"6";"—";"223";"49876 83 78 60";"2";"Участвуете в конкурсе";"1618235";"—"
"715";"10";"Электронное";"223";"57388 67 74 72 1";"10";"Участвуете в конкурсе";"2313565";"—"
"716";"3";"—";"222";"59173 75 80 67 √";"—";"Участвуете в конкурсе";"2034259";"—"
"717";"1";"—";"222";"57953 70 82 70 √";"—";"Участвуете в конкурсе";"2262766";"—"
"718";"6";"—";"222";"46408 70 74 78";"—";"Участвуете в конкурсе";"1133922";"—"
"719";"7";"Электронное";"222";"57500 67 74 81 2";"—";"Участвуете в конкурсе";"2270247";"—"
"720";"3";"—";"222";"48182 64 80 78";"—";"Участвуете в конкурсе";"1426715";"—"
"721";"6";"—";"222";"58634 85 72 63";"2";"Участвуете в конкурсе";"1279380";"—"
"722";"1";"—";"222";"53374 80 82 58 √";"2";"Участвуете в конкурсе";"1620962";"—"
"723";"7";"—";"222";"47575 80 76 64";"2";"Участвуете в конкурсе";"1279498";"—"
"724";"3";"—";"222";"53034 80 74 66 √";"2";"Участвуете в конкурсе";"1962006";"—"
"725";"4";"—";"222";"59129 77 70 73 √";"2";"Участвуете в конкурсе";"1540125";"—"
"726";"4";"—";"222";"47206 75 72 73";"2";"Участвуете в конкурсе";"1258030";"—"
"727";"6";"—";"222";"53458 78 70 64 √";"10";"Участвуете в конкурсе";"2001892";"—"
"728";"5";"—";"222";"47033 64 84 64";"10";"Участвуете в конкурсе";"1267880";"—"
"729";"3";"—";"222";"51586 62 72 78";"10";"Участвуете в конкурсе";"986626";"—"
"730";"1";"Электронное";"221";"45659 82 90 49";"—";"Участвуете в конкурсе";"986219";"—"
"731";"6";"—";"221";"46581 75 80 66 5";"—";"Участвуете в конкурсе";"1176243";"—"
"732";"1";"Электронное";"221";"48752 74 70 77";"—";"Участвуете в конкурсе";"960836";"—"
"733";"7";"—";"221";"53060 71 78 72";"—";"Участвуете в конкурсе";"1963738";"—"
"734";"2";"—";"221";"54882 70 84 67";"—";"Участвуете в конкурсе";"2138674";"—"
"735";"4";"—";"221";"46868 70 76 75";"—";"Участвуете в конкурсе";"1202078";"—"
"736";"1";"Электронное";"221";"52325 58 90 73";"—";"Участвуете в конкурсе";"1892341";"—"
"737";"5";"—";"221";"56669 56 80 85";"—";"Участвуете в конкурсе";"1585986";"—"
"738";"2";"—";"221";"46544 83 70 66";"2";"Участвуете в конкурсе";"1179414";"—"
"739";"4";"—";"221";"60373 70 78 70 √";"3";"Участвуете в конкурсе";"1953899";"—"
"740";"6";"—";"221";"46557 85 76 55";"5";"Участвуете в конкурсе";"1178473";"—"
"741";"4";"—";"221";"52550 64 82 70";"5";"Участвуете в конкурсе";"1869716";"—"
"742";"6";"—";"221";"57887 78 76 57 √";"10";"Участвуете в конкурсе";"1153939";"—"
"743";"3";"—";"221";"54125 73 78 60";"10";"Участвуете в конкурсе";"1640414";"—"
"744";"3";"—";"221";"59052 64 72 75 √";"10";"Участвуете в конкурсе";"2318564";"—"
"745";"7";"—";"221";"59107 62 74 75 √";"10";"Участвуете в конкурсе";"963000";"—"
"746";"6";"—";"221";"59731 59 74 78";"10";"Участвуете в конкурсе";"1276986";"—"
"747";"5";"—";"220";"52263 90 90 40 √";"—";"Участвуете в конкурсе";"1545507";"—"
"748";"3";"Электронное";"220";"1606 86 80 54";"—";"Участвуете в конкурсе";"1729382";"—"
"749";"7";"—";"220";"52695 86 70 64 √";"—";"Участвуете в конкурсе";"1898042";"—"
"750";"2";"—";"220";"59721 78 78 64 √";"—";"Участвуете в конкурсе";"1219420";"—"
"751";"2";"—";"220";"57871 75 76 69 √";"—";"Участвуете в конкурсе";"2000129";"—"
"752";"6";"—";"220";"47976 73 80 67";"—";"Участвуете в конкурсе";"1364205";"—"
"753";"3";"—";"220";"48005 72 78 70";"—";"Участвуете в конкурсе";"1174925";"—"
"754";"7";"—";"220";"53207 70 84 66";"—";"Участвуете в конкурсе";"1985114";"—"
"755";"2";"—";"220";"56154 77 80 61 √";"2";"Участвуете в конкурсе";"1102154";"—"
"756";"3";"—";"220";"53677 61 82 73";"4";"Участвуете в конкурсе";"1381147";"—"
"757";"6";"—";"220";"56068 59 76 75 √";"10";"Участвуете в конкурсе";"2222051";"—"
"758";"4";"—";"219";"53693 83 70 66 8";"—";"Участвуете в конкурсе";"1406320";"—"
"759";"5";"—";"219";"58677 80 78 61";"—";"Участвуете в конкурсе";"1433926";"—"
"760";"3";"—";"219";"50856 80 76 63";"—";"Участвуете в конкурсе";"1727818";"—"
"761";"6";"—";"219";"50712 75 74 70";"—";"Участвуете в конкурсе";"1248154";"—"
"762";"3";"—";"219";"50394 70 80 69";"—";"Участвуете в конкурсе";"1683925";"—"
"763";"2";"—";"219";"58172 70 64 85";"—";"Участвуете в конкурсе";"2201787";"—"
"764";"6";"—";"219";"55969 67 88 64 √";"—";"Участвуете в конкурсе";"2219503";"—"
"765";"5";"—";"219";"49820 62 76 81";"—";"Участвуете в конкурсе";"1642617";"—"
"766";"1";"—";"219";"58520 62 72 75";"10";"Участвуете в конкурсе";"2311473";"—"
"767";"6";"—";"218";"56593 83 74 61";"—";"Участвуете в конкурсе";"2259561";"—"
"768";"5";"Электронное";"218";"58224 80 78 60";"—";"Участвуете в конкурсе";"2342874";"—"
"769";"5";"—";"218";"51728 75 80 63 √";"—";"Участвуете в конкурсе";"1545095";"—"
"770";"1";"—";"218";"55554 72 86 60";"—";"Участвуете в конкурсе";"2181500";"—"
"771";"3";"—";"218";"49943 71 74 73 √";"—";"Участвуете в конкурсе";"1266763";"—"
"772";"4";"—";"218";"50102 67 78 73";"—";"Участвуете в конкурсе";"1626386";"—"
"773";"1";"—";"218";"51618 96 80 40";"2";"Участвуете в конкурсе";"1696259";"—"
"774";"5";"—";"218";"49340 75 80 61";"2";"Участвуете в конкурсе";"1291068";"—"
"775";"3";"—";"218";"50767 73 74 69 √";"2";"Участвуете в конкурсе";"1714538";"—"
"776";"6";"—";"218";"54718 72 78 63";"5";"Участвуете в конкурсе";"1410994";"—"
"777";"6";"—";"218";"55041 67 76 70";"5";"Участвуете в конкурсе";"2135607";"—"
"778";"3";"Электронное";"218";"53940 64 78 66 9";"10";"Участвуете в конкурсе";"1849140";"—"
"779";"4";"—";"218";"47696 62 76 70 √";"10";"Участвуете в конкурсе";"1359703";"—"
"780";"7";"Электронное";"217";"46032 88 74 55 1";"—";"Участвуете в конкурсе";"1091278";"—"
"781";"4";"—";"217";"53523 80 80 57 √";"—";"Участвуете в конкурсе";"2004129";"—"
"782";"7";"—";"217";"58277 78 78 61 √";"—";"Участвуете в конкурсе";"2142346";"—"
"783";"2";"—";"217";"59943 78 78 61";"—";"Участвуете в конкурсе";"2165257";"—"
"784";"1";"—";"217";"55209 77 82 58";"—";"Участвуете в конкурсе";"2084501";"—"
"785";"6";"—";"217";"49183 75 84 58";"—";"Участвуете в конкурсе";"1559644";"—"
"786";"1";"—";"217";"55686 75 64 78";"—";"Участвуете в конкурсе";"1438536";"—"
"787";"1";"Электронное";"217";"48462 72 64 81";"—";"Участвуете в конкурсе";"1477082";"—"
"788";"4";"—";"217";"55466 70 78 69";"—";"Участвуете в конкурсе";"2180895";"—"
"789";"1";"—";"217";"56485 67 86 64";"—";"Участвуете в конкурсе";"1044405";"—"
"790";"7";"—";"217";"55952 67 72 78 √";"—";"Участвуете в конкурсе";"2219371";"—"
"791";"3";"Электронное";"217";"55383 78 74 63";"2";"Участвуете в конкурсе";"1176816";"—"
"792";"8";"—";"217";"58308 78 74 63";"2";"Участвуете в конкурсе";"2339661";"—"
"793";"4";"—";"217";"53026 78 70 67";"2";"Участвуете в конкурсе";"1964132";"—"
"794";"6";"—";"217";"58091 78 64 73 √";"2";"Участвуете в конкурсе";"2311070";"—"
"795";"4";"—";"217";"60146 72 74 69";"2";"Участвуете в конкурсе";"1521625";"—"
"796";"7";"—";"217";"45607 54 80 73";"10";"Участвуете в конкурсе";"937948";"—"
"797";"7";"—";"216";"59251 83 72 61";"—";"Участвуете в конкурсе";"1616478";"—"
"798";"6";"—";"216";"56817 75 72 69";"—";"Участвуете в конкурсе";"2230262";"—"
"799";"4";"Электронное";"216";"51396 70 82 64";"—";"Участвуете в конкурсе";"1791758";"—"
"800";"1";"—";"216";"42628 64 74 78";"—";"Участвуете в конкурсе";"2392291";"—"
"801";"7";"—";"216";"45972 59 76 81 3";"—";"Участвуете в конкурсе";"999910";"—"
"802";"8";"—";"216";"54815 64 72 78 √";"2";"Участвуете в конкурсе";"1979919";"—"
"803";"3";"—";"216";"48067 75 70 66 √";"5";"Участвуете в конкурсе";"1421156";"—"
"804";"2";"—";"216";"59575 61 78 67";"10";"Участвуете в конкурсе";"2354240";"—"
"805";"7";"—";"216";"53614 59 72 75";"10";"Участвуете в конкурсе";"2004962";"—"
"806";"5";"—";"215";"52557 80 72 63";"—";"Участвуете в конкурсе";"1501415";"—"
"807";"1";"—";"215";"47597 79 76 60";"—";"Участвуете в конкурсе";"1360890";"—"
"808";"1";"Электронное";"215";"45481 78 80 57";"—";"Участвуете в конкурсе";"938473";"—"
"809";"5";"—";"215";"52904 72 74 69 √";"—";"Участвуете в конкурсе";"1317375";"—"
"810";"4";"—";"215";"60203 70 72 73 √";"—";"Участвуете в конкурсе";"1842411";"—"
"811";"6";"—";"215";"56596 67 78 70 √";"—";"Участвуете в конкурсе";"2259747";"—"
"812";"8";"—";"215";"47096 67 70 78";"—";"Участвуете в конкурсе";"1286398";"—"
"813";"5";"—";"215";"59977 62 78 75";"—";"Участвуете в конкурсе";"1890965";"—"
"814";"5";"—";"215";"47009 62 70 83 √";"—";"Участвуете в конкурсе";"1229842";"—"
"815";"7";"—";"215";"12319 56 70 89";"—";"Участвуете в конкурсе";"2413201";"—"
"816";"7";"—";"215";"50073 70 82 61";"2";"Участвуете в конкурсе";"1621020";"—"
"817";"1";"—";"215";"52914 70 76 67";"2";"Участвуете в конкурсе";"1954448";"—"
"818";"5";"—";"215";"46893 67 70 73";"5";"Участвуете в конкурсе";"1208517";"—"
"819";"5";"—";"214";"56225 78 78 58 √";"—";"Участвуете в конкурсе";"2229654";"—"
"820";"3";"Электронное";"214";"48739 78 72 64";"—";"Участвуете в конкурсе";"1518179";"—"
"821";"4";"—";"214";"47797 78 64 72";"—";"Участвуете в конкурсе";"1362860";"—"
"822";"6";"—";"214";"58215 75 76 63";"—";"Участвуете в конкурсе";"2342248";"—"
"823";"4";"—";"214";"53865 72 82 60 √";"—";"Участвуете в конкурсе";"2037114";"—"
"824";"4";"Электронное";"214";"2250 72 72 70";"—";"Участвуете в конкурсе";"1413956";"—"
"825";"3";"—";"214";"46799 67 80 67";"—";"Участвуете в конкурсе";"1201359";"—"
"826";"4";"—";"214";"45939 67 76 71 √";"—";"Участвуете в конкурсе";"1072874";"—"
"827";"4";"—";"214";"52800 70 78 64";"2";"Участвуете в конкурсе";"1242273";"—"
"828";"5";"—";"214";"59104 78 70 61 √";"5";"Участвуете в конкурсе";"1898641";"—"
"829";"1";"—";"213";"45221 92 70 51";"—";"Участвуете в конкурсе";"942826";"—"
"830";"1";"—";"213";"55870 79 74 60";"—";"Участвуете в конкурсе";"2197082";"—"
"831";"1";"—";"213";"45565 74 80 59";"—";"Участвуете в конкурсе";"978592";"—"
"832";"6";"—";"213";"48165 72 74 67 √";"—";"Участвуете в конкурсе";"1354885";"—"
"833";"3";"—";"213";"51108 68 78 67";"—";"Участвуете в конкурсе";"1762306";"—"
"834";"2";"Электронное";"213";"50312 56 74 83 √";"—";"Участвуете в конкурсе";"1648304";"—"
"835";"4";"—";"213";"55280 72 70 69";"2";"Участвуете в конкурсе";"1348996";"—"
"836";"4";"Электронное";"213";"53469 67 84 60";"2";"Участвуете в конкурсе";"1876305";"—"
"837";"7";"—";"213";"49529 65 74 72";"2";"Участвуете в конкурсе";"1586081";"—"
"838";"1";"—";"213";"46784 56 66 81";"10";"Участвуете в конкурсе";"1233956";"—"
"839";"5";"—";"213";"60556 54 86 63 √";"10";"Участвуете в конкурсе";"1179542";"—"
"840";"5";"—";"213";"59587 54 76 73 √";"10";"Участвуете в конкурсе";"1881904";"—"
"841";"1";"Электронное";"212";"45414 90 70 52";"—";"Участвуете в конкурсе";"971926";"—"
"842";"1";"—";"212";"60285 78 80 54";"—";"Участвуете в конкурсе";"2418784";"—"
"843";"2";"—";"212";"58672 75 70 67";"—";"Участвуете в конкурсе";"1766274";"—"
"844";"4";"—";"212";"53211 73 76 63 √";"—";"Участвуете в конкурсе";"1981869";"—"
"845";"8";"—";"212";"47844 72 74 66 √";"—";"Участвуете в конкурсе";"1399974";"—"
"846";"1";"—";"212";"60551 72 74 66";"—";"Участвуете в конкурсе";"1253032";"—"
"847";"5";"—";"212";"58984 72 74 66 √";"—";"Участвуете в конкурсе";"2269371";"—"
"848";"4";"—";"212";"47972 70 82 60";"—";"Участвуете в конкурсе";"1364069";"—"
"849";"4";"—";"212";"57470 70 82 60";"—";"Участвуете в конкурсе";"2268792";"—"
"850";"1";"—";"212";"49823 70 72 70";"—";"Участвуете в конкурсе";"1603956";"—"
"851";"2";"—";"212";"58159 70 70 72";"—";"Участвуете в конкурсе";"2129918";"—"
"852";"8";"—";"212";"48883 68 72 72";"—";"Участвуете в конкурсе";"1510622";"—"
"853";"3";"—";"212";"53989 67 70 75 √";"—";"Участвуете в конкурсе";"2045230";"—"
"854";"5";"—";"212";"60360 65 80 67";"—";"Участвуете в конкурсе";"2424152";"—"
"855";"7";"—";"212";"51921 64 84 64 √";"—";"Участвуете в конкурсе";"1855673";"—"
"856";"6";"—";"212";"48445 64 78 70";"—";"Участвуете в конкурсе";"1482474";"—"
"857";"3";"Электронное";"212";"55725 62 80 70";"—";"Участвуете в конкурсе";"1204839";"—"
"858";"9";"—";"212";"48967 62 78 72";"—";"Участвуете в конкурсе";"1388529";"—"
"859";"6";"—";"212";"49768 62 72 78 √";"—";"Участвуете в конкурсе";"1445404";"—"
"860";"2";"—";"212";"57009 70 76 64";"2";"Участвуете в конкурсе";"2226579";"—"
"861";"6";"—";"212";"57957 51 78 78 √";"5";"Участвуете в конкурсе";"979068";"—"
"862";"5";"—";"212";"49833 75 74 54";"9";"Участвуете в конкурсе";"1613936";"—"
"863";"3";"—";"212";"57865 75 72 55 √";"10";"Участвуете в конкурсе";"2161333";"—"
"864";"5";"Электронное";"212";"51406 51 78 73";"10";"Участвуете в конкурсе";"1787647";"—"
"865";"4";"—";"212";"56758 48 76 78";"10";"Участвуете в конкурсе";"1519768";"—"
"866";"9";"—";"211";"50437 78 78 55 √";"—";"Участвуете в конкурсе";"1650848";"—"
"867";"5";"Электронное";"211";"46039 68 80 63 √";"—";"Участвуете в конкурсе";"1099406";"—"
"868";"3";"—";"211";"58969 67 78 66 √";"—";"Участвуете в конкурсе";"1818850";"—"
"869";"5";"—";"211";"57124 62 80 69";"—";"Участвуете в конкурсе";"2269388";"—"
"870";"6";"—";"211";"46237 56 68 87";"—";"Участвуете в конкурсе";"1130766";"—"
"871";"4";"—";"211";"51331 70 78 61";"2";"Участвуете в конкурсе";"1785844";"—"
"872";"3";"—";"211";"50481 70 76 63";"2";"Участвуете в конкурсе";"1633455";"—"
"873";"7";"—";"211";"57300 68 78 63";"2";"Участвуете в конкурсе";"2277558";"—"
"874";"7";"Электронное";"211";"53942 72 70 59 3";"10";"Участвуете в конкурсе";"1114622";"—"
"875";"2";"—";"210";"47689 70 74 66";"—";"Участвуете в конкурсе";"1133954";"—"
"876";"5";"—";"210";"58861 70 74 66";"—";"Участвуете в конкурсе";"2359157";"—"
"877";"1";"—";"210";"50440 64 74 72";"—";"Участвуете в конкурсе";"1650265";"—"
"878";"6";"—";"210";"53217 70 78 60";"2";"Участвуете в конкурсе";"1982824";"—"
"879";"3";"—";"210";"51163 59 74 75";"2";"Участвуете в конкурсе";"1562326";"—"
"880";"1";"Электронное";"210";"48198 88 70 49";"3";"Участвуете в конкурсе";"1423691";"—"
"881";"6";"—";"209";"56628 78 74 57";"—";"Участвуете в конкурсе";"1913902";"—"
"882";"5";"—";"209";"48684 73 72 64";"—";"Участвуете в конкурсе";"1498421";"—"
"883";"3";"—";"209";"54760 72 74 63";"—";"Участвуете в конкурсе";"1964662";"—"
"884";"3";"—";"209";"49217 72 70 67 √";"—";"Участвуете в конкурсе";"1565560";"—"
"885";"6";"—";"209";"49727 71 78 60";"—";"Участвуете в конкурсе";"1255835";"—"
"886";"8";"—";"209";"47062 70 72 67 √";"—";"Участвуете в конкурсе";"1262372";"—"
"887";"3";"—";"209";"55375 70 70 69";"—";"Участвуете в конкурсе";"1886495";"—"
"888";"3";"—";"209";"53665 70 64 75";"—";"Участвуете в конкурсе";"2004056";"—"
"889";"3";"—";"209";"49746 68 74 67";"—";"Участвуете в конкурсе";"1612049";"—"
"890";"2";"—";"209";"54411 67 78 64 √";"—";"Участвуете в конкурсе";"2083393";"—"
"891";"4";"—";"209";"59711 67 76 66";"—";"Участвуете в конкурсе";"1198549";"—"
"892";"7";"—";"209";"50267 71 64 72";"2";"Участвуете в конкурсе";"1174799";"—"
"893";"2";"—";"209";"57715 62 72 73 √";"2";"Участвуете в конкурсе";"2335157";"—"
"894";"5";"—";"209";"59218 51 78 70";"10";"Участвуете в конкурсе";"2403289";"—"
"895";"8";"—";"208";"46033 88 78 42";"—";"Участвуете в конкурсе";"1056510";"—"
"896";"3";"Электронное";"208";"56244 78 58 72";"—";"Участвуете в конкурсе";"976109";"—"
"897";"4";"Электронное";"208";"48892 74 80 54";"—";"Участвуете в конкурсе";"1521886";"—"
"898";"5";"Электронное";"208";"48653 72 72 64";"—";"Участвуете в конкурсе";"1496596";"—"
"899";"3";"—";"208";"58394 70 78 60";"—";"Участвуете в конкурсе";"2340933";"—"
"900";"7";"—";"208";"56851 67 72 69 √";"—";"Участвуете в конкурсе";"2252942";"—"
"901";"4";"—";"208";"59625 62 76 70 √";"—";"Участвуете в конкурсе";"2355495";"—"
"902";"6";"—";"208";"46768 46 76 86";"—";"Участвуете в конкурсе";"1188824";"—"
"903";"7";"Электронное";"208";"53690 71 74 61 √";"2";"Участвуете в конкурсе";"1185017";"—"
"904";"2";"—";"208";"47574 64 70 72 √";"2";"Участвуете в конкурсе";"1215737";"—"
"905";"8";"—";"207";"47495 80 64 63";"—";"Участвуете в конкурсе";"1335764";"—"
"906";"9";"—";"207";"56901 72 72 63";"—";"Участвуете в конкурсе";"1359316";"—"
"907";"1";"Электронное";"207";"45887 62 74 71 √";"—";"Участвуете в конкурсе";"1065091";"—"
"908";"4";"—";"207";"50003 61 82 64 √";"—";"Участвуете в конкурсе";"1139138";"—"
"909";"1";"—";"207";"48265 56 78 73";"—";"Участвуете в конкурсе";"1436908";"—"
"910";"1";"—";"207";"10315 54 74 79";"—";"Участвуете в конкурсе";"2416903";"—"
"911";"8";"—";"207";"57900 78 76 51 √";"2";"Участвуете в конкурсе";"2283899";"—"
"912";"3";"Электронное";"207";"59420 70 74 61 1";"2";"Участвуете в конкурсе";"2407039";"—"
"913";"7";"—";"207";"47087 70 76 57";"4";"Участвуете в конкурсе";"1258930";"—"
"914";"4";"—";"206";"59999 75 76 55";"—";"Участвуете в конкурсе";"2395721";"—"
"915";"7";"—";"206";"53706 67 70 69";"—";"Участвуете в конкурсе";"2006539";"—"
"916";"7";"—";"206";"52161 62 78 66";"—";"Участвуете в конкурсе";"1754247";"—"
"917";"5";"—";"206";"59490 62 74 70";"—";"Участвуете в конкурсе";"1941058";"—"
"918";"2";"Электронное";"206";"6323 56 100 50";"—";"Участвуете в конкурсе";"1484792";"—"
"919";"9";"Электронное";"206";"56454 72 86 46 √";"2";"Участвуете в конкурсе";"2248746";"—"
"920";"4";"—";"206";"46767 70 70 64";"2";"Участвуете в конкурсе";"1182386";"—"
"921";"3";"—";"206";"55367 70 64 70";"2";"Участвуете в конкурсе";"2175470";"—"
"922";"4";"—";"206";"60207 43 70 91";"2";"Участвуете в конкурсе";"1848697";"—"
"923";"5";"—";"206";"57644 70 70 57";"9";"Участвуете в конкурсе";"2325908";"—"
"924";"3";"—";"206";"54687 51 70 75 √";"10";"Участвуете в конкурсе";"1330096";"—"
"925";"8";"—";"205";"58254 83 52 70";"—";"Участвуете в конкурсе";"2344887";"—"
"926";"1";"—";"205";"54267 72 70 63";"—";"Участвуете в конкурсе";"1606840";"—"
"927";"3";"—";"205";"56406 67 80 58";"—";"Участвуете в конкурсе";"2212499";"—"
"928";"4";"—";"205";"59112 67 78 60 √";"—";"Участвуете в конкурсе";"2390056";"—"
"929";"2";"—";"205";"46597 67 72 66 √";"—";"Участвуете в конкурсе";"1179964";"—"
"930";"1";"—";"205";"47997 67 72 66";"—";"Участвуете в конкурсе";"1407446";"—"
"931";"7";"—";"205";"47979 65 76 64";"—";"Участвуете в конкурсе";"1403929";"—"
"932";"4";"—";"205";"55363 64 78 63 √";"—";"Участвуете в конкурсе";"2174812";"—"
"933";"4";"—";"205";"60266 62 74 69";"—";"Участвуете в конкурсе";"1182190";"—"
"934";"6";"—";"205";"51694 59 82 64 √";"—";"Участвуете в конкурсе";"1849632";"—"
"935";"5";"—";"205";"49466 59 74 72";"—";"Участвуете в конкурсе";"1580276";"—"
"936";"1";"—";"205";"47695 56 80 69";"—";"Участвуете в конкурсе";"1366430";"—"
"937";"3";"—";"205";"60346 75 70 58";"2";"Участвуете в конкурсе";"2251121";"—"
"938";"7";"Электронное";"205";"47070 72 70 61";"2";"Участвуете в конкурсе";"1240770";"—"
"939";"5";"—";"205";"48857 67 70 66 √";"2";"Участвуете в конкурсе";"1511223";"—"
"940";"6";"—";"205";"57444 54 70 75 √";"6";"Участвуете в конкурсе";"1017316";"—"
"941";"1";"Электронное";"205";"48590 76 40 79";"10";"Участвуете в конкурсе";"1489798";"—"
"942";"5";"—";"205";"55335 59 70 66 √";"10";"Участвуете в конкурсе";"2168368";"—"
"943";"6";"—";"205";"59570 43 74 78";"10";"Участвуете в конкурсе";"2175337";"—"
"944";"3";"—";"204";"56299 76 74 54 √";"—";"Участвуете в конкурсе";"2182662";"—"
"945";"5";"—";"204";"49558 67 74 63 √";"—";"Участвуете в конкурсе";"1345744";"—"
"946";"1";"Электронное";"204";"53728 64 80 60 √";"—";"Участвуете в конкурсе";"2004701";"—"
"947";"1";"—";"204";"6012 59 66 79";"—";"Участвуете в конкурсе";"2009292";"—"
"948";"7";"—";"204";"53861 51 70 83";"—";"Участвуете в конкурсе";"1397722";"—"
"949";"5";"—";"204";"50525 72 70 60 √";"2";"Участвуете в конкурсе";"1210371";"—"
"950";"3";"—";"204";"47243 59 74 69";"2";"Участвуете в конкурсе";"1282232";"—"
"951";"3";"Электронное";"204";"49642 67 70 63";"4";"Участвуете в конкурсе";"1583188";"—"
"952";"2";"Электронное";"204";"51849 75 58 61 1";"10";"Участвуете в конкурсе";"1816600";"—"
"953";"4";"—";"204";"50840 72 70 52";"10";"Участвуете в конкурсе";"1729268";"—"
"954";"3";"Электронное";"204";"49250 66 70 58";"10";"Участвуете в конкурсе";"1560545";"—"
"955";"6";"—";"204";"59079 58 64 72 √";"10";"Участвуете в конкурсе";"2045465";"—"
"956";"3";"—";"204";"60131 48 76 70 √";"10";"Участвуете в конкурсе";"2423338";"—"
"957";"4";"—";"203";"53516 80 40 83";"—";"Участвуете в конкурсе";"1978483";"—"
"958";"6";"—";"203";"58661 70 72 61 √";"—";"Участвуете в конкурсе";"1958696";"—"
"959";"7";"—";"203";"57080 62 72 69";"—";"Участвуете в конкурсе";"2265587";"—"
"960";"5";"—";"203";"57617 60 76 67";"—";"Участвуете в конкурсе";"2325591";"—"
"961";"4";"—";"203";"57956 56 74 73 √";"—";"Участвуете в конкурсе";"2183564";"—"
"962";"1";"—";"203";"59997 56 72 75";"—";"Участвуете в конкурсе";"2395681";"—"
"963";"5";"—";"203";"60354 54 70 79 √";"—";"Участвуете в конкурсе";"2423673";"—"
"964";"1";"—";"203";"52152 52 90 61";"—";"Участвуете в конкурсе";"1868874";"—"
"965";"7";"—";"203";"56169 70 74 57 √";"2";"Участвуете в конкурсе";"2231015";"—"
"966";"5";"—";"203";"47993 56 72 73";"2";"Участвуете в конкурсе";"1407790";"—"
"967";"6";"—";"203";"60073 58 74 61 √";"10";"Участвуете в конкурсе";"2410473";"—"
"968";"2";"—";"202";"50718 83 58 61 √";"—";"Участвуете в конкурсе";"1728835";"—"
"969";"3";"—";"202";"59307 72 70 60 √";"—";"Участвуете в конкурсе";"2131773";"—"
"970";"7";"—";"202";"55389 72 70 60";"—";"Участвуете в конкурсе";"1116204";"—"
"971";"1";"—";"202";"56688 72 70 60";"—";"Участвуете в конкурсе";"2243516";"—"
"972";"6";"Электронное";"202";"47333 64 74 64";"—";"Участвуете в конкурсе";"1325201";"—"
"973";"4";"Электронное";"202";"53171 64 72 66";"—";"Участвуете в конкурсе";"1974087";"—"
"974";"4";"—";"202";"60555 58 74 70";"—";"Участвуете в конкурсе";"2425011";"—"
"975";"1";"—";"202";"48570 70 70 60";"2";"Участвуете в конкурсе";"1361742";"—"
"976";"2";"—";"202";"46554 75 70 52";"5";"Участвуете в конкурсе";"1175543";"—"
"977";"6";"—";"202";"52746 67 84 46";"5";"Участвуете в конкурсе";"1859837";"—"
"978";"6";"Электронное";"202";"50804 62 70 64";"6";"Участвуете в конкурсе";"1723889";"—"
"979";"5";"—";"202";"57895 64 58 70";"10";"Участвуете в конкурсе";"2216813";"—"
"980";"4";"—";"202";"52798 56 70 66 √";"10";"Участвуете в конкурсе";"1944369";"—"
"981";"6";"—";"202";"51249 46 74 72 √";"10";"Участвуете в конкурсе";"1780560";"—"
"982";"6";"—";"201";"58696 70 70 61 √";"—";"Участвуете в конкурсе";"1755423";"—"
"983";"6";"—";"201";"55313 67 64 70";"—";"Участвуете в конкурсе";"1434481";"—"
"984";"2";"—";"201";"58559 67 64 70";"—";"Участвуете в конкурсе";"2348346";"—"
"985";"1";"—";"201";"54337 64 76 61 √";"—";"Участвуете в конкурсе";"2071458";"—"
"986";"2";"—";"201";"49309 62 76 63";"—";"Участвуете в конкурсе";"1570857";"—"
"987";"11";"—";"201";"47324 62 70 69 √";"—";"Участвуете в конкурсе";"1288969";"—"
"988";"4";"—";"201";"59700 61 70 70 √";"—";"Участвуете в конкурсе";"1413430";"—"
"989";"5";"—";"201";"57994 62 74 63 √";"2";"Участвуете в конкурсе";"2295767";"—"
"990";"5";"Электронное";"201";"49797 56 74 61";"10";"Участвуете в конкурсе";"1635273";"—"
"991";"1";"Электронное";"200";"59764 70 70 60 √";"—";"Участвуете в конкурсе";"2355234";"—"
"992";"3";"—";"200";"57987 70 64 66";"—";"Участвуете в конкурсе";"2219874";"—"
"993";"3";"—";"200";"60363 67 64 69";"—";"Участвуете в конкурсе";"2424596";"—"
"994";"5";"—";"200";"59067 64 70 66";"—";"Участвуете в конкурсе";"2392516";"—"
"995";"1";"—";"200";"55247 62 70 66 √";"2";"Участвуете в конкурсе";"1482803";"—"
"996";"7";"—";"200";"50751 72 58 63";"7";"Участвуете в конкурсе";"1697750";"—"
"997";"7";"—";"200";"57110 59 64 67";"10";"Участвуете в конкурсе";"1561711";"—"
"998";"3";"—";"199";"56826 56 76 67";"—";"Участвуете в конкурсе";"2244371";"—"
"999";"4";"—";"199";"55891 54 76 69 √";"—";"Участвуете в конкурсе";"2204283";"—"
"1000";"5";"—";"199";"57728 48 68 83 √";"—";"Участвуете в конкурсе";"1515050";"—"
"1001";"2";"—";"199";"53570 71 72 54 √";"2";"Участвуете в конкурсе";"2001618";"—"
"1002";"5";"—";"199";"53984 64 76 57 √";"2";"Участвуете в конкурсе";"2053796";"—"
"1003";"2";"—";"199";"59551 62 58 69";"10";"Участвуете в конкурсе";"2407755";"—"
"1004";"5";"—";"198";"58314 80 46 72 √";"—";"Участвуете в конкурсе";"2312922";"—"
"1005";"4";"—";"198";"56444 74 52 72";"—";"Участвуете в конкурсе";"2250757";"—"
"1006";"3";"—";"198";"59825 70 76 52";"—";"Участвуете в конкурсе";"2377873";"—"
"1007";"4";"—";"198";"59571 67 70 61";"—";"Участвуете в конкурсе";"2354399";"—"
"1008";"1";"—";"198";"35558 54 74 70";"—";"Участвуете в конкурсе";"2364831";"—"
"1009";"7";"—";"198";"55500 78 70 47";"3";"Участвуете в конкурсе";"1955990";"—"
"1010";"8";"Электронное";"198";"55674 40 70 78";"10";"Участвуете в конкурсе";"2209133";"—"
"1011";"1";"—";"197";"53505 70 64 63";"—";"Участвуете в конкурсе";"2003522";"—"
"1012";"5";"—";"197";"55527 64 76 57 √";"—";"Участвуете в конкурсе";"2182570";"—"
"1013";"8";"—";"197";"46485 64 70 63";"—";"Участвуете в конкурсе";"1175572";"—"
"1014";"4";"—";"197";"60009 62 80 55";"—";"Участвуете в конкурсе";"1792787";"—"
"1015";"4";"—";"197";"50488 40 74 83 √";"—";"Участвуете в конкурсе";"1662610";"—"
"1016";"5";"—";"197";"59134 77 58 55";"7";"Участвуете в конкурсе";"1957401";"—"
"1017";"1";"—";"196";"45582 72 50 74";"—";"Участвуете в конкурсе";"1034869";"—"
"1018";"4";"—";"196";"55825 70 72 54";"—";"Участвуете в конкурсе";"2200811";"—"
"1019";"3";"—";"196";"59544 62 76 58 √";"—";"Участвуете в конкурсе";"2177103";"—"
"1020";"2";"—";"196";"48019 59 74 63 √";"—";"Участвуете в конкурсе";"1284722";"—"
"1021";"6";"—";"196";"40359 54 78 64";"—";"Участвуете в конкурсе";"1005342";"—"
"1022";"3";"—";"196";"56855 51 72 73";"—";"Участвуете в конкурсе";"2244318";"—"
"1023";"7";"—";"196";"57970 43 70 83 √";"—";"Участвуете в конкурсе";"2153172";"—"
"1024";"1";"—";"196";"47390 67 64 63";"2";"Участвуете в конкурсе";"1327424";"—"
"1025";"4";"—";"196";"52796 51 76 67";"2";"Участвуете в конкурсе";"1046112";"—"
"1026";"4";"—";"196";"56035 70 64 58";"4";"Участвуете в конкурсе";"2221218";"—"
"1027";"3";"—";"196";"52070 56 74 61";"5";"Участвуете в конкурсе";"1855372";"—"
"1028";"1";"Электронное";"195";"50359 78 70 47";"—";"Участвуете в конкурсе";"1088611";"—"
"1029";"3";"—";"195";"35048 70 64 61 8";"—";"Участвуете в конкурсе";"2012378";"—"
"1030";"6";"—";"195";"60057 67 58 70";"—";"Участвуете в конкурсе";"2409505";"—"
"1031";"2";"—";"195";"57618 62 58 75";"—";"Участвуете в конкурсе";"1578552";"—"
"1032";"1";"—";"195";"60062 56 64 75";"—";"Участвуете в конкурсе";"2409644";"—"
"1033";"6";"—";"195";"55722 51 72 72 √";"—";"Участвуете в конкурсе";"2189392";"—"
"1034";"3";"—";"195";"53392 56 82 55";"2";"Участвуете в конкурсе";"1979392";"—"
"1035";"3";"—";"195";"59923 46 80 67";"2";"Участвуете в конкурсе";"1957318";"—"
"1036";"3";"—";"195";"56427 64 52 69";"10";"Участвуете в конкурсе";"2253366";"—"
"1037";"4";"—";"194";"52451 68 74 52 √";"—";"Участвуете в конкурсе";"1316577";"—"
"1038";"6";"—";"194";"59987 67 72 55";"—";"Участвуете в конкурсе";"2395159";"—"
"1039";"5";"—";"194";"54547 64 70 60";"—";"Участвуете в конкурсе";"2099089";"—"
"1040";"5";"—";"194";"59777 64 58 72";"—";"Участвуете в конкурсе";"1710711";"—"
"1041";"7";"—";"194";"48232 62 74 58";"—";"Участвуете в конкурсе";"1430448";"—"
"1042";"2";"—";"194";"42263 59 74 61 √";"—";"Участвуете в конкурсе";"2257177";"—"
"1043";"1";"—";"194";"49136 56 80 58";"—";"Участвуете в конкурсе";"1546239";"—"
"1044";"1";"—";"194";"47353 45 80 69";"—";"Участвуете в конкурсе";"1009679";"—"
"1045";"6";"—";"194";"60087 43 76 75";"—";"Участвуете в конкурсе";"2389366";"—"
"1046";"6";"—";"194";"60449 62 72 55 √";"5";"Участвуете в конкурсе";"978586";"—"
"1047";"7";"—";"194";"55672 43 72 69 √";"10";"Участвуете в конкурсе";"1818568";"—"
"1048";"4";"—";"193";"56810 67 72 54";"—";"Участвуете в конкурсе";"2230224";"—"
"1049";"4";"—";"193";"52585 64 78 51";"—";"Участвуете в конкурсе";"1654999";"—"
"1050";"2";"—";"193";"59960 64 74 55 √";"—";"Участвуете в конкурсе";"2271282";"—"
"1051";"2";"—";"193";"56559 56 70 67 √";"—";"Участвуете в конкурсе";"2117522";"—"
"1052";"2";"—";"193";"53626 46 64 83";"—";"Участвуете в конкурсе";"1549510";"—"
"1053";"7";"—";"193";"48806 51 74 63";"5";"Участвуете в конкурсе";"1333594";"—"
"1054";"2";"—";"192";"55681 72 72 48 √";"—";"Участвуете в конкурсе";"1757128";"—"
"1055";"4";"—";"192";"50820 67 64 61";"—";"Участвуете в конкурсе";"1718369";"—"
"1056";"4";"—";"192";"54967 67 58 67 √";"—";"Участвуете в конкурсе";"2140448";"—"
"1057";"3";"—";"192";"59741 64 70 58";"—";"Участвуете в конкурсе";"1322331";"—"
"1058";"5";"—";"192";"50851 59 72 61";"—";"Участвуете в конкурсе";"1653269";"—"
"1059";"1";"—";"192";"53427 59 72 61";"—";"Участвуете в конкурсе";"1988360";"—"
"1060";"5";"—";"192";"56094 56 72 64";"—";"Участвуете в конкурсе";"1178399";"—"
"1061";"7";"Электронное";"192";"47950 62 64 64 √";"2";"Участвуете в конкурсе";"1385690";"—"
"1062";"7";"—";"192";"53654 62 58 70";"2";"Участвуете в конкурсе";"1417396";"—"
"1063";"8";"—";"192";"58132 56 70 64";"2";"Участвуете в конкурсе";"2293833";"—"
"1064";"5";"—";"192";"52932 53 64 73 2";"2";"Участвуете в конкурсе";"1956255";"—"
"1065";"8";"—";"192";"55297 56 72 60";"4";"Участвуете в конкурсе";"2171750";"—"
"1066";"2";"Электронное";"192";"49618 60 60 62";"10";"Участвуете в конкурсе";"1598167";"—"
"1067";"4";"—";"192";"47599 54 64 64 √";"10";"Участвуете в конкурсе";"1360272";"—"
"1068";"6";"Электронное";"191";"51644 78 64 49";"—";"Участвуете в конкурсе";"1824864";"—"
"1069";"4";"—";"191";"46385 64 76 51";"—";"Участвуете в конкурсе";"1157585";"—"
"1070";"7";"—";"191";"47237 64 58 69";"—";"Участвуете в конкурсе";"1290653";"—"
"1071";"3";"—";"191";"58054 58 64 69 √";"—";"Участвуете в конкурсе";"2305365";"—"
"1072";"6";"—";"191";"49299 51 74 66 √";"—";"Участвуете в конкурсе";"1584714";"—"
"1073";"2";"—";"191";"47527 48 60 73";"10";"Участвуете в конкурсе";"1366942";"—"
"1074";"2";"—";"190";"47996 80 40 70";"—";"Участвуете в конкурсе";"1408037";"—"
"1075";"1";"—";"190";"46449 67 52 71";"—";"Участвуете в конкурсе";"1172800";"—"
"1076";"5";"Электронное";"190";"51076 58 80 52";"—";"Участвуете в конкурсе";"1750633";"—"
"1077";"1";"—";"190";"48197 51 76 63";"—";"Участвуете в конкурсе";"1098766";"—"
"1078";"4";"—";"190";"53564 48 76 64 √";"2";"Участвуете в конкурсе";"1178054";"—"
"1079";"6";"—";"189";"51607 70 70 49 7";"—";"Участвуете в конкурсе";"1198072";"—"
"1080";"1";"—";"189";"55017 70 58 61 √";"—";"Участвуете в конкурсе";"2139134";"—"
"1081";"6";"—";"189";"49245 67 70 52 √";"—";"Участвуете в конкурсе";"1560173";"—"
"1082";"1";"—";"189";"6720 64 58 67";"—";"Участвуете в конкурсе";"2393154";"—"
"1083";"4";"Электронное";"189";"25692 62 70 57";"—";"Участвуете в конкурсе";"1473888";"—"
"1084";"1";"—";"189";"58273 62 70 57";"—";"Участвуете в конкурсе";"2329798";"—"
"1085";"5";"—";"189";"55258 56 64 69";"—";"Участвуете в конкурсе";"2156888";"—"
"1086";"6";"Электронное";"189";"60100 56 64 69";"—";"Участвуете в конкурсе";"2389926";"—"
"1087";"7";"—";"189";"50833 46 74 69 √";"—";"Участвуете в конкурсе";"1491559";"—"
"1088";"1";"—";"189";"58656 59 70 58";"2";"Участвуете в конкурсе";"1348350";"—"
"1089";"3";"—";"189";"47457 72 58 52";"7";"Участвуете в конкурсе";"1291929";"—"
"1090";"7";"—";"189";"54040 43 64 72 √";"10";"Участвуете в конкурсе";"1806401";"—"
"1091";"3";"—";"188";"52156 70 72 46";"—";"Участвуете в конкурсе";"1865744";"—"
"1092";"6";"—";"188";"59523 67 64 57 √";"—";"Участвуете в конкурсе";"2254048";"—"
"1093";"4";"—";"188";"57959 61 64 63";"—";"Участвуете в конкурсе";"1869761";"—"
"1094";"2";"—";"188";"53669 58 60 70";"—";"Участвуете в конкурсе";"2004629";"—"
"1095";"1";"—";"188";"52536 54 80 54 √";"—";"Участвуете в конкурсе";"1719892";"—"
"1096";"1";"—";"188";"48385 54 74 60 √";"—";"Участвуете в конкурсе";"1104500";"—"
"1097";"1";"—";"188";"36188 54 72 62";"—";"Участвуете в конкурсе";"2293849";"—"
"1098";"1";"—";"188";"50333 64 52 70";"2";"Участвуете в конкурсе";"1649662";"—"
"1099";"2";"—";"188";"49594 59 64 60";"5";"Участвуете в конкурсе";"1588997";"—"
"1100";"2";"Электронное";"187";"46294 60 58 69";"—";"Участвуете в конкурсе";"1142426";"—"
"1101";"7";"—";"187";"55398 59 70 58 √";"—";"Участвуете в конкурсе";"2173671";"—"
"1102";"2";"—";"187";"59976 59 64 64";"—";"Участвуете в конкурсе";"2394893";"—"
"1103";"7";"—";"187";"59883 56 74 57 √";"—";"Участвуете в конкурсе";"2391941";"—"
"1104";"2";"Электронное";"187";"46537 54 64 69";"—";"Участвуете в конкурсе";"1175944";"—"
"1105";"7";"—";"187";"57321 54 74 57 √";"2";"Участвуете в конкурсе";"2262980";"—"
"1106";"2";"—";"187";"56313 48 70 67";"2";"Участвуете в конкурсе";"2230231";"—"
"1107";"2";"Электронное";"186";"48583 70 70 46 √";"—";"Участвуете в конкурсе";"1490980";"—"
"1108";"7";"—";"186";"26467 67 64 55";"—";"Участвуете в конкурсе";"2414073";"—"
"1109";"1";"—";"186";"56567 64 58 64 √";"—";"Участвуете в конкурсе";"2183534";"—"
"1110";"2";"Электронное";"186";"52429 62 64 60";"—";"Участвуете в конкурсе";"1905630";"—"
"1111";"7";"—";"186";"52988 51 74 61";"—";"Участвуете в конкурсе";"1956331";"—"
"1112";"3";"—";"186";"54289 49 74 63 √";"—";"Участвуете в конкурсе";"1438655";"—"
"1113";"7";"—";"186";"57213 75 58 51 √";"2";"Участвуете в конкурсе";"1441556";"—"
"1114";"4";"—";"186";"60086 48 72 64";"2";"Участвуете в конкурсе";"1427432";"—"
"1115";"3";"—";"186";"47231 48 70 66";"2";"Участвуете в конкурсе";"1245551";"—"
"1116";"2";"—";"186";"52466 48 64 64";"10";"Участвуете в конкурсе";"1911399";"—"
"1117";"1";"—";"185";"46094 72 60 53";"—";"Участвуете в конкурсе";"986693";"—"
"1118";"3";"—";"185";"57421 67 58 60";"—";"Участвуете в конкурсе";"2171589";"—"
"1119";"2";"Электронное";"185";"35439 59 64 62";"—";"Участвуете в конкурсе";"2042162";"—"
"1120";"5";"—";"185";"58154 48 74 63";"—";"Участвуете в конкурсе";"2302114";"—"
"1121";"8";"—";"185";"57054 46 72 67 √";"—";"Участвуете в конкурсе";"2268177";"—"
"1122";"5";"—";"185";"47004 70 46 67";"2";"Участвуете в конкурсе";"1197156";"—"
"1123";"5";"—";"185";"47626 64 64 55";"2";"Участвуете в конкурсе";"1341279";"—"
"1124";"5";"—";"185";"54959 62 72 49 √";"2";"Участвуете в конкурсе";"2143545";"—"
"1125";"5";"—";"185";"48489 62 46 75 √";"2";"Участвуете в конкурсе";"1173826";"—"
"1126";"5";"—";"185";"56109 54 72 57 √";"2";"Участвуете в конкурсе";"1625375";"—"
"1127";"2";"—";"185";"54192 51 64 60 √";"10";"Участвуете в конкурсе";"1439586";"—"
"1128";"9";"—";"184";"56289 72 64 48 √";"—";"Участвуете в конкурсе";"2242756";"—"
"1129";"5";"—";"184";"55409 62 70 52";"—";"Участвуете в конкурсе";"2176094";"—"
"1130";"3";"Электронное";"184";"50571 62 52 70";"—";"Участвуете в конкурсе";"1654802";"—"
"1131";"2";"—";"184";"22049 56 64 64";"—";"Участвуете в конкурсе";"2414046";"—"
"1132";"3";"—";"184";"53716 54 72 58";"—";"Участвуете в конкурсе";"1833980";"—"
"1133";"4";"—";"184";"46189 51 72 61";"—";"Участвуете в конкурсе";"1120958";"—"
"1134";"2";"Электронное";"184";"56677 43 52 89 √";"—";"Участвуете в конкурсе";"2254294";"—"
"1135";"5";"—";"184";"47731 64 64 54";"2";"Участвуете в конкурсе";"1269962";"—"
"1136";"7";"—";"184";"48231 59 72 51 √";"2";"Участвуете в конкурсе";"1438104";"—"
"1137";"1";"Электронное";"183";"46198 78 40 65";"—";"Участвуете в конкурсе";"1128566";"—"
"1138";"2";"—";"183";"52834 68 52 63";"—";"Участвуете в конкурсе";"1689248";"—"
"1139";"3";"—";"183";"59709 67 64 52";"—";"Участвуете в конкурсе";"1421918";"—"
"1140";"2";"—";"183";"56394 62 70 51";"—";"Участвуете в конкурсе";"2286416";"—"
"1141";"5";"—";"183";"59789 59 70 54";"—";"Участвуете в конкурсе";"2382667";"—"
"1142";"4";"—";"183";"55857 56 70 57";"—";"Участвуете в конкурсе";"1953697";"—"
"1143";"5";"—";"183";"49327 52 70 61";"—";"Участвуете в конкурсе";"1564380";"—"
"1144";"5";"—";"183";"58049 62 64 55";"2";"Участвуете в конкурсе";"2343749";"—"
"1145";"3";"—";"183";"59720 54 52 67";"10";"Участвуете в конкурсе";"1432667";"—"
"1146";"5";"—";"182";"52873 70 58 54 √";"—";"Участвуете в конкурсе";"1948930";"—"
"1147";"6";"—";"182";"52716 70 58 54";"—";"Участвуете в конкурсе";"1930042";"—"
"1148";"5";"—";"182";"59642 67 52 63 √";"—";"Участвуете в конкурсе";"2358418";"—"
"1149";"4";"—";"182";"56569 54 64 64";"—";"Участвуете в конкурсе";"2221547";"—"
"1150";"1";"—";"182";"59772 54 64 64 √";"—";"Участвуете в конкурсе";"2381127";"—"
"1151";"8";"—";"182";"59959 51 76 55";"—";"Участвуете в конкурсе";"2394597";"—"
"1152";"7";"—";"182";"55740 51 64 67 √";"—";"Участвуете в конкурсе";"2202393";"—"
"1153";"3";"—";"182";"55977 56 58 64 √";"4";"Участвуете в конкурсе";"2213642";"—"
"1154";"1";"—";"181";"50868 68 60 53";"—";"Участвуете в конкурсе";"1282139";"—"
"1155";"7";"—";"181";"53249 59 58 64";"—";"Участвуете в конкурсе";"1028532";"—"
"1156";"4";"—";"181";"46736 59 58 64";"—";"Участвуете в конкурсе";"1176357";"—"
"1157";"1";"Электронное";"181";"49784 59 52 70";"—";"Участвуете в конкурсе";"1641386";"—"
"1158";"5";"—";"181";"60134 54 58 69";"—";"Участвуете в конкурсе";"1195586";"—"
"1159";"6";"—";"181";"51491 54 58 69 √";"—";"Участвуете в конкурсе";"1798024";"—"
"1160";"2";"—";"181";"60125 51 70 60 √";"—";"Участвуете в конкурсе";"1893212";"—"
"1161";"5";"—";"181";"59794 49 72 60 √";"—";"Участвуете в конкурсе";"2383218";"—"
"1162";"4";"—";"181";"60041 48 76 57 √";"—";"Участвуете в конкурсе";"1900232";"—"
"1163";"3";"—";"181";"57635 62 74 43";"2";"Участвуете в конкурсе";"2334729";"—"
"1164";"6";"—";"181";"60148 51 74 54 √";"2";"Участвуете в конкурсе";"2163739";"—"
"1165";"6";"—";"181";"58527 56 40 75";"10";"Участвуете в конкурсе";"2176364";"—"
"1166";"5";"—";"180";"53722 64 58 58 √";"—";"Участвуете в конкурсе";"2011623";"—"
"1167";"7";"Электронное";"180";"51282 62 52 66";"—";"Участвуете в конкурсе";"1782191";"—"
"1168";"5";"—";"180";"60297 51 74 55 √";"—";"Участвуете в конкурсе";"2197275";"—"
"1169";"4";"—";"180";"57920 43 76 61 √";"—";"Участвуете в конкурсе";"2285042";"—"
"1170";"5";"—";"180";"48817 54 58 66";"2";"Участвуете в конкурсе";"1518931";"—"
"1171";"3";"—";"180";"47453 56 70 49 √";"5";"Участвуете в конкурсе";"1175148";"—"
"1172";"1";"—";"179";"54014 62 74 43";"—";"Участвуете в конкурсе";"2049854";"—"
"1173";"3";"—";"179";"57978 61 70 48";"—";"Участвуете в конкурсе";"1170323";"—"
"1174";"1";"Электронное";"179";"46038 51 64 64";"—";"Участвуете в конкурсе";"1090739";"—"
"1175";"1";"—";"179";"51024 46 70 63";"—";"Участвуете в конкурсе";"1760078";"—"
"1176";"4";"Электронное";"179";"57962 46 64 69 √";"—";"Участвуете в конкурсе";"2287745";"—"
"1177";"1";"—";"179";"59799 43 70 66";"—";"Участвуете в конкурсе";"2381224";"—"
"1178";"3";"—";"179";"52016 64 52 61";"2";"Участвуете в конкурсе";"1854854";"—"
"1179";"4";"—";"178";"53749 59 58 61 √";"—";"Участвуете в конкурсе";"1525145";"—"
"1180";"7";"—";"178";"58612 54 52 72 √";"—";"Участвуете в конкурсе";"2350640";"—"
"1181";"3";"—";"178";"60184 51 76 51 √";"—";"Участвуете в конкурсе";"1625256";"—"
"1182";"7";"—";"178";"50637 54 64 58";"2";"Участвуете в конкурсе";"1707952";"—"
"1183";"2";"—";"178";"54339 48 58 70";"2";"Участвуете в конкурсе";"1276189";"—"
"1184";"3";"—";"178";"56215 46 64 66";"2";"Участвуете в конкурсе";"2041735";"—"
"1185";"2";"—";"178";"54266 59 64 45 √";"10";"Участвуете в конкурсе";"2065343";"—"
"1186";"5";"—";"177";"57971 65 52 60";"—";"Участвуете в конкурсе";"2273348";"—"
"1187";"4";"—";"177";"59811 56 70 51 √";"—";"Участвуете в конкурсе";"1812200";"—"
"1188";"4";"—";"177";"60113 43 76 58 √";"—";"Участвуете в конкурсе";"2406745";"—"
"1189";"5";"—";"176";"60192 54 70 52 √";"—";"Участвуете в конкурсе";"2229058";"—"
"1190";"1";"—";"176";"51681 51 58 67";"—";"Участвуете в конкурсе";"1827055";"—"
"1191";"5";"—";"176";"56318 56 64 54 √";"2";"Участвуете в конкурсе";"1717134";"—"
"1192";"9";"—";"176";"60288 59 58 54";"5";"Участвуете в конкурсе";"2419132";"—"
"1193";"3";"—";"176";"52224 59 52 58";"7";"Участвуете в конкурсе";"1876712";"—"
"1194";"5";"—";"175";"59500 51 64 60 √";"—";"Участвуете в конкурсе";"2220476";"—"
"1195";"1";"—";"175";"58492 48 64 61";"2";"Участвуете в конкурсе";"1964035";"—"
"1196";"5";"—";"175";"49568 58 46 61";"10";"Участвуете в конкурсе";"1586417";"—"
"1197";"5";"—";"174";"49739 64 64 46 √";"—";"Участвуете в конкурсе";"1642251";"—"
"1198";"2";"—";"174";"56481 59 58 57";"—";"Участвуете в конкурсе";"2239935";"—"
"1199";"1";"Электронное";"174";"48196 56 64 54";"—";"Участвуете в конкурсе";"1439002";"—"
"1200";"2";"—";"174";"50964 56 58 60";"—";"Участвуете в конкурсе";"1723435";"—"
"1201";"4";"—";"174";"57154 53 58 63";"—";"Участвуете в конкурсе";"2272519";"—"
"1202";"5";"—";"174";"55984 51 74 49 √";"—";"Участвуете в конкурсе";"2219817";"—"
"1203";"7";"—";"174";"55479 46 70 58";"—";"Участвуете в конкурсе";"1585665";"—"
"1204";"4";"Электронное";"174";"57749 43 70 61 √";"—";"Участвуете в конкурсе";"2188447";"—"
"1205";"3";"—";"174";"59906 43 70 61 √";"—";"Участвуете в конкурсе";"2238312";"—"
"1206";"8";"—";"174";"58566 51 70 51";"2";"Участвуете в конкурсе";"1248596";"—"
"1207";"4";"—";"173";"55987 78 40 55";"—";"Участвуете в конкурсе";"2219912";"—"
"1208";"1";"—";"173";"60552 67 52 54";"—";"Участвуете в конкурсе";"2179966";"—"
"1209";"1";"—";"173";"55588 64 58 51 √";"—";"Участвуете в конкурсе";"2176844";"—"
"1210";"3";"—";"173";"55217 51 70 52 √";"—";"Участвуете в конкурсе";"1962901";"—"
"1211";"2";"—";"173";"59944 46 58 69";"—";"Участвуете в конкурсе";"2098525";"—"
"1212";"4";"—";"173";"56545 46 58 69";"—";"Участвуете в конкурсе";"2257789";"—"
"1213";"3";"—";"173";"58431 70 40 61 √";"2";"Участвуете в конкурсе";"2295025";"—"
"1214";"4";"—";"173";"50211 62 58 51";"2";"Участвуете в конкурсе";"1280699";"—"
"1215";"6";"—";"173";"53931 59 70 42";"2";"Участвуете в конкурсе";"2039259";"—"
"1216";"5";"Электронное";"173";"55679 40 58 73 √";"2";"Участвуете в конкурсе";"1345721";"—"
"1217";"1";"Электронное";"173";"45479 72 50 41";"10";"Участвуете в конкурсе";"968730";"—"
"1218";"6";"—";"173";"60504 56 58 49";"10";"Участвуете в конкурсе";"1014406";"—"
"1219";"4";"—";"172";"51973 62 58 52";"—";"Участвуете в конкурсе";"1851972";"—"
"1220";"10";"—";"172";"59919 62 46 64 √";"—";"Участвуете в конкурсе";"1851085";"—"
"1221";"4";"—";"172";"55749 59 70 43";"—";"Участвуете в конкурсе";"1263958";"—"
"1222";"6";"—";"172";"50975 56 64 52";"—";"Участвуете в конкурсе";"1721577";"—"
"1223";"4";"—";"172";"53430 54 58 60 √";"—";"Участвуете в конкурсе";"1998563";"—"
"1224";"2";"—";"172";"45338 44 80 48";"—";"Участвуете в конкурсе";"969562";"—"
"1225";"4";"—";"172";"58510 40 72 60";"—";"Участвуете в конкурсе";"2309306";"—"
"1226";"4";"—";"172";"56791 67 58 45 √";"2";"Участвуете в конкурсе";"2264015";"—"
"1227";"7";"—";"172";"46244 53 40 69";"10";"Участвуете в конкурсе";"1132051";"—"
"1228";"1";"—";"171";"59862 70 52 49";"—";"Участвуете в конкурсе";"2204755";"—"
"1229";"4";"Электронное";"171";"57628 67 58 46";"—";"Участвуете в конкурсе";"2322920";"—"
"1230";"6";"—";"171";"57257 51 58 62";"—";"Участвуете в конкурсе";"2274391";"—"
"1231";"7";"—";"171";"55470 49 52 70";"—";"Участвуете в конкурсе";"2178140";"—"
"1232";"1";"—";"171";"47465 62 52 55";"2";"Участвуете в конкурсе";"1331105";"—"
"1233";"6";"—";"171";"53234 54 70 45";"2";"Участвуете в конкурсе";"1982277";"—"
"1234";"2";"Электронное";"170";"45359 68 50 52";"—";"Участвуете в конкурсе";"975654";"—"
"1235";"7";"—";"170";"46662 64 64 42";"—";"Участвуете в конкурсе";"1198596";"—"
"1236";"5";"—";"170";"40950 64 52 54 √";"—";"Участвуете в конкурсе";"2089599";"—"
"1237";"3";"—";"170";"60198 54 58 58 √";"—";"Участвуете в конкурсе";"2255021";"—"
"1238";"5";"—";"170";"57570 54 58 58 √";"—";"Участвуете в конкурсе";"2329530";"—"
"1239";"2";"—";"170";"53327 51 64 55";"—";"Участвуете в конкурсе";"1478365";"—"
"1240";"3";"Электронное";"170";"55070 49 64 57 4";"—";"Участвуете в конкурсе";"1842404";"—"
"1241";"4";"—";"170";"60415 48 58 64";"—";"Участвуете в конкурсе";"2337477";"—"
"1242";"3";"—";"170";"48486 46 70 54";"—";"Участвуете в конкурсе";"1446301";"—"
"1243";"8";"—";"170";"57868 46 46 78 √";"—";"Участвуете в конкурсе";"2249199";"—"
"1244";"6";"Электронное";"170";"42508 43 72 55 √";"—";"Участвуете в конкурсе";"2219069";"—"
"1245";"2";"—";"170";"49411 43 58 69 √";"—";"Участвуете в конкурсе";"1578810";"—"
"1246";"4";"—";"170";"59164 46 70 52 √";"2";"Участвуете в конкурсе";"2313693";"—"
"1247";"7";"—";"169";"53297 75 46 48 √";"—";"Участвуете в конкурсе";"1970180";"—"
"1248";"2";"—";"169";"53639 62 64 43";"—";"Участвуете в конкурсе";"1979484";"—"
"1249";"1";"—";"169";"49408 56 58 55";"—";"Участвуете в конкурсе";"1572297";"—"
"1250";"7";"—";"169";"56462 51 64 54 √";"—";"Участвуете в конкурсе";"2143404";"—"
"1251";"7";"—";"169";"57901 48 64 57 √";"—";"Участвуете в конкурсе";"2215606";"—"
"1252";"5";"Электронное";"169";"57593 43 72 54";"—";"Участвуете в конкурсе";"2327665";"—"
"1253";"8";"—";"169";"57698 51 58 58";"2";"Участвуете в конкурсе";"2129911";"—"
"1254";"6";"—";"169";"53935 46 72 49";"2";"Участвуете в конкурсе";"2043337";"—"
"1255";"8";"—";"169";"58180 46 64 57";"2";"Участвуете в конкурсе";"2244016";"—"
"1256";"6";"Электронное";"168";"55750 56 64 48";"—";"Участвуете в конкурсе";"2202788";"—"
"1257";"1";"—";"168";"55510 53 58 57";"—";"Участвуете в конкурсе";"1822548";"—"
"1258";"5";"—";"167";"52524 64 52 51";"—";"Участвуете в конкурсе";"1903772";"—"
"1259";"5";"—";"167";"47859 51 58 58";"—";"Участвуете в конкурсе";"1347243";"—"
"1260";"4";"—";"166";"55712 62 52 52";"—";"Участвуете в конкурсе";"2192882";"—"
"1261";"4";"—";"166";"57059 54 64 48";"—";"Участвуете в конкурсе";"2004709";"—"
"1262";"6";"—";"166";"54799 53 46 67 5";"—";"Участвуете в конкурсе";"1266478";"—"
"1263";"1";"—";"166";"55751 54 52 58";"2";"Участвуете в конкурсе";"1390495";"—"
"1264";"8";"—";"166";"54286 54 46 64 √";"2";"Участвуете в конкурсе";"2074042";"—"
"1265";"4";"—";"166";"60099 48 64 52 √";"2";"Участвуете в конкурсе";"1499178";"—"
"1266";"6";"—";"166";"60214 48 64 52";"2";"Участвуете в конкурсе";"2423971";"—"
"1267";"5";"—";"166";"57122 40 58 66 √";"2";"Участвуете в конкурсе";"1305259";"—"
"1268";"8";"—";"166";"56842 54 52 57 √";"3";"Участвуете в конкурсе";"2246710";"—"
"1269";"4";"—";"166";"57706 44 64 54 √";"4";"Участвуете в конкурсе";"1690962";"—"
"1270";"4";"—";"165";"57267 49 70 46";"—";"Участвуете в конкурсе";"2273237";"—"
"1271";"2";"Электронное";"165";"52080 48 70 47";"—";"Участвуете в конкурсе";"1857399";"—"
"1272";"4";"Электронное";"165";"47665 56 52 55";"2";"Участвуете в конкурсе";"1348730";"—"
"1273";"5";"—";"164";"57768 61 58 45 √";"—";"Участвуете в конкурсе";"1888030";"—"
"1274";"2";"—";"164";"35190 51 64 49";"—";"Участвуете в конкурсе";"2307195";"—"
"1275";"1";"—";"164";"58239 51 58 55";"—";"Участвуете в конкурсе";"2344042";"—"
"1276";"1";"—";"164";"44879 49 64 51";"—";"Участвуете в конкурсе";"1943182";"—"
"1277";"6";"—";"164";"53657 46 70 48 √";"—";"Участвуете в конкурсе";"2005195";"—"
"1278";"5";"—";"164";"57271 58 52 52";"2";"Участвуете в конкурсе";"2271831";"—"
"1279";"5";"—";"163";"54926 56 52 55";"—";"Участвуете в конкурсе";"2096709";"—"
"1280";"7";"—";"163";"60152 54 58 51";"—";"Участвуете в конкурсе";"2411829";"—"
"1281";"1";"—";"163";"49276 51 46 64";"2";"Участвуете в конкурсе";"1608890";"—"
"1282";"3";"—";"163";"52666 40 64 57 √";"2";"Участвуете в конкурсе";"1599719";"—"
"1283";"5";"Электронное";"163";"54422 70 46 43";"4";"Участвуете в конкурсе";"2092061";"—"
"1284";"2";"Электронное";"163";"53376 46 46 61";"10";"Участвуете в конкурсе";"1984506";"—"
"1285";"5";"—";"162";"53272 65 40 57";"—";"Участвуете в конкурсе";"1986612";"—"
"1286";"4";"—";"162";"56881 59 58 45";"—";"Участвуете в конкурсе";"2247571";"—"
"1287";"5";"—";"162";"57725 58 64 40 √";"—";"Участвуете в конкурсе";"1353184";"—"
"1288";"5";"—";"162";"45552 46 74 42";"—";"Участвуете в конкурсе";"995503";"—"
"1289";"7";"—";"162";"55718 43 52 67 √";"—";"Участвуете в конкурсе";"2192028";"—"
"1290";"1";"—";"162";"47384 48 70 42 √";"2";"Участвуете в конкурсе";"1237338";"—"
"1291";"4";"—";"161";"48993 51 58 52";"—";"Участвуете в конкурсе";"1550193";"—"
"1292";"4";"—";"161";"58279 51 58 52";"—";"Участвуете в конкурсе";"2300823";"—"
"1293";"1";"—";"161";"53600 62 50 47";"2";"Участвуете в конкурсе";"1577953";"—"
"1294";"7";"—";"161";"55919 56 52 51";"2";"Участвуете в конкурсе";"2175561";"—"
"1295";"5";"—";"161";"60223 48 46 63 √";"4";"Участвуете в конкурсе";"2424756";"—"
"1296";"6";"—";"160";"58667 54 64 42 √";"—";"Участвуете в конкурсе";"2344356";"—"
"1297";"2";"—";"160";"53288 54 58 48 √";"—";"Участвуете в конкурсе";"1979876";"—"
"1298";"6";"—";"160";"53028 51 52 57 √";"—";"Участвуете в конкурсе";"1964294";"—"
"1299";"7";"—";"160";"59591 46 52 60";"2";"Участвуете в конкурсе";"2356065";"—"
"1300";"5";"Электронное";"160";"59150 54 46 54";"6";"Участвуете в конкурсе";"1650191";"—"
"1301";"8";"—";"159";"60258 61 58 40";"—";"Участвуете в конкурсе";"2415174";"—"
"1302";"10";"—";"159";"58028 46 58 55";"—";"Участвуете в конкурсе";"2307130";"—"
"1303";"5";"—";"159";"53880 44 58 57";"—";"Участвуете в конкурсе";"2036463";"—"
"1304";"2";"—";"159";"58732 43 52 64";"—";"Участвуете в конкурсе";"1557011";"—"
"1305";"6";"—";"159";"59921 40 64 55";"—";"Участвуете в конкурсе";"2157409";"—"
"1306";"3";"—";"159";"60286 40 58 61";"—";"Участвуете в конкурсе";"2418791";"—"
"1307";"1";"—";"159";"50140 40 52 67";"—";"Участвуете в конкурсе";"1630280";"—"
"1308";"3";"—";"158";"52951 51 52 55";"—";"Участвуете в конкурсе";"1941853";"—"
"1309";"7";"—";"158";"57285 48 70 40 √";"—";"Участвуете в конкурсе";"2196723";"—"
"1310";"5";"—";"158";"59486 46 64 48";"—";"Участвуете в конкурсе";"2405054";"—"
"1311";"3";"—";"158";"54587 43 70 45";"—";"Участвуете в конкурсе";"2092133";"—"
"1312";"6";"—";"158";"60147 43 64 51";"—";"Участвуете в конкурсе";"2411656";"—"
"1313";"6";"—";"157";"58214 59 52 46";"—";"Участвуете в конкурсе";"1766372";"—"
"1314";"5";"Электронное";"157";"58571 54 52 51 1";"—";"Участвуете в конкурсе";"2220984";"—"
"1315";"4";"—";"157";"39210 53 52 52 √";"—";"Участвуете в конкурсе";"1269871";"—"
"1316";"5";"Электронное";"157";"47850 64 46 45";"2";"Участвуете в конкурсе";"1367396";"—"
"1317";"1";"—";"156";"58894 46 52 58 √";"—";"Участвуете в конкурсе";"1766519";"—"
"1318";"4";"—";"156";"54189 44 70 42 √";"—";"Участвуете в конкурсе";"2052251";"—"
"1319";"3";"—";"156";"52140 43 52 61 √";"—";"Участвуете в конкурсе";"1859028";"—"
"1320";"7";"—";"156";"56300 44 52 58 √";"2";"Участвуете в конкурсе";"2246168";"—"
"1321";"5";"—";"156";"50581 59 52 40";"5";"Участвуете в конкурсе";"1706148";"—"
"1322";"1";"—";"156";"52346 40 40 66";"10";"Участвуете в конкурсе";"1683922";"—"
"1323";"1";"—";"155";"46705 54 58 43 √";"—";"Участвуете в конкурсе";"1221069";"—"
"1324";"2";"—";"155";"55575 54 52 49 √";"—";"Участвуете в конкурсе";"2181614";"—"
"1325";"7";"—";"155";"56201 51 58 46 √";"—";"Участвуете в конкурсе";"2229118";"—"
"1326";"7";"—";"155";"57369 46 52 57";"—";"Участвуете в конкурсе";"2314989";"—"
"1327";"5";"—";"155";"20760 43 52 60";"—";"Участвуете в конкурсе";"2367068";"—"
"1328";"5";"Электронное";"155";"55908 43 40 72 √";"—";"Участвуете в конкурсе";"2204545";"—"
"1329";"2";"Электронное";"155";"59462 40 70 45";"—";"Участвуете в конкурсе";"2403813";"—"
"1330";"6";"—";"154";"56298 54 52 48 √";"—";"Участвуете в конкурсе";"1456355";"—"
"1331";"6";"—";"153";"60282 49 58 46 √";"—";"Участвуете в конкурсе";"2417945";"—"
"1332";"1";"—";"153";"41747 46 46 61";"—";"Участвуете в конкурсе";"1427318";"—"
"1333";"2";"Электронное";"153";"47694 40 52 61";"—";"Участвуете в конкурсе";"1331808";"—"
"1334";"2";"—";"153";"49867 51 58 42 √";"2";"Участвуете в конкурсе";"1398307";"—"
"1335";"6";"Электронное";"152";"52553 48 52 52 √";"—";"Участвуете в конкурсе";"1277715";"—"
"1336";"6";"—";"151";"40431 48 46 57";"—";"Участвуете в конкурсе";"1622731";"—"
"1337";"4";"—";"151";"52289 42 60 49";"—";"Участвуете в конкурсе";"1897343";"—"
"1338";"6";"—";"151";"58176 48 52 49";"2";"Участвуете в конкурсе";"2269088";"—"
"1339";"2";"—";"150";"60369 56 46 48";"—";"Участвуете в конкурсе";"2353610";"—"
"1340";"2";"—";"150";"48288 46 52 52 √";"—";"Участвуете в конкурсе";"1238137";"—"
"1341";"1";"—";"150";"57925 43 52 55 √";"—";"Участвуете в конкурсе";"2249587";"—"
"1342";"4";"—";"150";"57507 41 46 63";"—";"Участвуете в конкурсе";"1591747";"—"
"1343";"10";"Электронное";"150";"55929 40 58 52 √";"—";"Участвуете в конкурсе";"2206794";"—"
"1344";"7";"—";"150";"57830 40 40 70 √";"—";"Участвуете в конкурсе";"1512368";"—"
"1345";"4";"—";"150";"50533 54 40 51";"5";"Участвуете в конкурсе";"1672085";"—"
"1346";"3";"—";"149";"55970 48 52 49";"—";"Участвуете в конкурсе";"2219245";"—"
"1347";"5";"—";"149";"47306 46 52 51 √";"—";"Участвуете в конкурсе";"1182598";"—"
"1348";"4";"—";"149";"57180 43 46 60 √";"—";"Участвуете в конкурсе";"2266399";"—"
"1349";"2";"—";"149";"57362 46 46 54 √";"3";"Участвуете в конкурсе";"2095909";"—"
"1350";"5";"—";"149";"55110 48 52 45";"4";"Участвуете в конкурсе";"2124069";"—"
"1351";"2";"—";"148";"47691 59 46 43";"—";"Участвуете в конкурсе";"1348625";"—"
"1352";"5";"—";"148";"47104 56 52 40";"—";"Участвуете в конкурсе";"1275353";"—"
"1353";"2";"—";"148";"53372 48 46 52";"2";"Участвуете в конкурсе";"1790038";"—"
"1354";"7";"—";"147";"57105 49 58 40";"—";"Участвуете в конкурсе";"2272295";"—"
"1355";"4";"—";"147";"59884 40 46 61";"—";"Участвуете в конкурсе";"2227316";"—"
"1356";"6";"Электронное";"147";"51612 46 46 52 4";"3";"Участвуете в конкурсе";"1761346";"—"
"1357";"1";"—";"146";"58032 54 52 40 √";"—";"Участвуете в конкурсе";"1659526";"—"
"1358";"7";"—";"146";"55120 48 46 52 √";"—";"Участвуете в конкурсе";"2153772";"—"
"1359";"3";"—";"146";"55916 40 58 48 √";"—";"Участвуете в конкурсе";"1706924";"—"
"1360";"6";"—";"146";"57876 43 46 55 √";"2";"Участвуете в конкурсе";"1622344";"—"
"1361";"9";"Электронное";"145";"57177 54 40 51";"—";"Участвуете в конкурсе";"2157383";"—"
"1362";"2";"—";"145";"59951 48 40 57 √";"—";"Участвуете в конкурсе";"1976942";"—"
"1363";"8";"—";"145";"47055 44 52 49";"—";"Участвуете в конкурсе";"1178414";"—"
"1364";"3";"—";"145";"48194 44 46 55";"—";"Участвуете в конкурсе";"1422782";"—"
"1365";"1";"—";"145";"51866 40 52 53";"—";"Участвуете в конкурсе";"1836505";"—"
"1366";"1";"—";"145";"45505 54 40 49";"2";"Участвуете в конкурсе";"976363";"—"
"1367";"4";"—";"144";"48952 49 46 49 √";"—";"Участвуете в конкурсе";"1522682";"—"
"1368";"2";"—";"143";"59806 43 46 54 √";"—";"Участвуете в конкурсе";"1665006";"—"
"1369";"4";"—";"142";"57602 62 40 40";"—";"Участвуете в конкурсе";"2308073";"—"
"1370";"1";"Электронное";"141";"43019 40 58 43";"—";"Участвуете в конкурсе";"1965522";"—"
"1371";"3";"—";"140";"57958 43 46 51";"—";"Участвуете в конкурсе";"2217910";"—"
"1372";"8";"—";"140";"57185 43 40 57";"—";"Участвуете в конкурсе";"1340134";"—"
"1373";"5";"—";"140";"58081 40 58 42 √";"—";"Участвуете в конкурсе";"1935064";"—"
"1374";"5";"—";"140";"47916 40 40 60";"—";"Участвуете в конкурсе";"1402864";"—"
"1375";"5";"—";"138";"52577 43 46 49";"—";"Участвуете в конкурсе";"1915793";"—"
"1376";"3";"—";"137";"60262 43 46 48 √";"—";"Участвуете в конкурсе";"2415477";"—"
"1377";"4";"—";"137";"60271 43 46 48";"—";"Участвуете в конкурсе";"2416161";"—"
"1378";"5";"—";"137";"47222 40 40 57 √";"—";"Участвуете в конкурсе";"1276643";"—"
"1379";"5";"—";"134";"59916 43 46 43 √";"2";"Участвуете в конкурсе";"2175895";"—"
"1380";"2";"—";"132";"58202 46 46 40";"—";"Участвуете в конкурсе";"2287261";"—"
"1381";"8";"Электронное";"126";"55172 44 40 42 7";"—";"Участвуете в конкурсе";"2156869";"—"
"1382";"2";"—";"126";"45533 40 40 46";"—";"Участвуете в конкурсе";"995242";"—"
"1383";"5";"Электронное";"122";"60269 40 40 40 √";"2";"Участвуете в конкурсе";"2149466";"—"
